"URL","Image URL","ASIN","Title","Brand","Fulfillment","Category","BSR","UPC","GTIN","EAN","ISBN","Subcategory","Subcategory BSR","Price","Price Trend (90 days) (%)","Parent Level Sales","ASIN Sales","Sales Trend (90 days) (%)","Parent Level Revenue","ASIN Revenue","Review Count","Reviews Rating","Seller","Seller Country/Region","Number of Active Sellers","Last Year Sales","Sales Year Over Year (%)","Shipping Details","Length","Width","Height","Weight","Storage Fee (Jan - Sep)","Storage Fee (Oct - Dec)","Best Sales Period","Listing Age (Months)","Number of Images","Variation Count","Sales to Reviews"
"https://amazon.com/dp/B015TKUPIC","https://m.media-amazon.com/images/I/71hJgp07X1L._SX450_.jpg","B015TKUPIC","NOCO Boost GB40: 1000A UltraSafe Jump Starter – 12V Lithium Battery Booster Pack, Portable Jump Box, Power Bank & Jumper Cables - for 6.0L Gas and 3.0L Diesel Engines","NOCO","Amazon","Automotive",18,046221150025,00046221150025,"N/A","N/A","Jump Starters",1,99.95,-29,43272,43272,-37,4325022.77,4324589.98,124766,4.6,"Amazon","N/A",2,692900,341,"Large Standard-Size",7.01,8.46,12.64,3.22,"N/A","N/A","11/30/2025",124,6,0,0.35
"https://amazon.com/dp/B0DGWW1J1J","https://m.media-amazon.com/images/I/71-c1kDnNlL._SX450_.jpg","B0DGWW1J1J","GOOLOO A3 Jump Starter with Air Compressor, 3000A Portable Car Battery Jumper Starter (9.0L Gas/6.5L Diesel) with 150PSI Auto-Shutoff Tire Inflator, 12V Supersafe Lithium Jump Box Car Booster, Yellow","GOOLOO","FBA","Automotive",126,"N/A","N/A","N/A","N/A","Jump Starters",2,109.99,-29,14599,403,-62,1316511.33,41447.86,3310,4.6,"GOOLOO","China",1,0,"N/A","Large Standard-Size",4.96,5.83,9.72,3.51,141.51,390.38,"11/30/2025",18,8,2,4.46
"https://amazon.com/dp/B0D4DLXNR1","https://m.media-amazon.com/images/I/415p96MAc+L._SX450_.jpg","B0D4DLXNR1","GOOLOO A3 Jump Starter with Air Compressor, 3000A Portable Car Battery Booster (9.0 Gas/6.5L Diesel) with 150PSI Auto-Shutoff Tire Inflator, 12V Supersafe Lithium Jump Box Car Battery Jumper Starter","GOOLOO","FBA","Automotive",136,"N/A","N/A","N/A","N/A","Jump Starters",2,109.99,-30,14052,13668,-65,1256311.81,1216883.02,3298,4.6,"GOOLOO","China",1,0,"N/A","Large Standard-Size",4.96,5.87,9.69,3.59,142.04,391.84,"11/30/2025",20,8,2,4.26
"https://amazon.com/dp/B0FNWHS4DQ","https://m.media-amazon.com/images/I/71acFZzq8iL._SX450_.jpg","B0FNWHS4DQ","WOLFBOX 2000A Jump Starter with Air Compressor, 37Wh Car Battery Jumper Starter Portable (up to 5L Gas Engine) with 150PSI Tire Inflator, 12V Jump Box with Jumper Cables, Boost, LED Light","WOLFBOX","FBA","Automotive",164,"N/A","N/A","N/A","N/A","Jump Starters",3,99.99,-24,12790,852,-36,1704534,85138.91,52,4.6,"WolfBox Direct","China",2,0,"N/A","Large Standard-Size",3.78,9.41,9.61,3.88,172,474.49,"11/30/2025",5,10,3,261.02
"https://amazon.com/dp/B0DWRYJWKG","https://m.media-amazon.com/images/I/81YcYmYxwwL._SX450_.jpg","B0DWRYJWKG","WOLFBOX 4000A Jump Starter with 160PSI Air Compressor, 12V Car Battery Booster, 88.8Wh Portable Jump Box (10.0 Gas/10.0L Diesel) with 65W Fast Charge, Tire Inflator, Jumper Cables, and LED Light","WOLFBOX","FBA","Automotive",217,"N/A","N/A",6974265781230,"N/A","Jump Starters",3,139.99,-47,12357,9013,-34,1646441.24,1261739.95,1408,4.6,"WolfBox Direct","China",3,0,"N/A","Large Standard-Size",5.2,6.65,11.69,5.6,203.52,561.44,"11/30/2025",11,9,3,8.92
"https://amazon.com/dp/B0DGSJWN8D","https://m.media-amazon.com/images/I/71rWOPdYtqL._SX450_.jpg","B0DGSJWN8D","WOLFBOX 3000A Jump Starter with Air Compressor, 59.2Wh&160PSI Portable Car Battery Jump Starter with 65W Fast Charge, 12V Battery Pack (8L Gas 6L Diesel Engine) with Boost, Light and Jumper Cables","WOLFBOX","FBA","Automotive",243,"N/A","N/A","N/A","N/A","Jump Starters",3,119.99,-42,12451,2438,-35,1660752.79,292525.98,1187,4.7,"WolfBox Direct","China",4,0,"N/A","Large Standard-Size",5.12,6.65,11.54,5.18,197.82,545.71,"11/30/2025",15,9,3,10.49
"https://amazon.com/dp/B0C42Y5TPD","https://m.media-amazon.com/images/I/415s12kBJ6L._SX450_.jpg","B0C42Y5TPD","S ZEVZO ET03 Car Jump Starter 4000A Jump Starter Battery Pack for Up to 8.0L Gas and 7.0L Diesel Engines, 74Wh Portable 12V Jump Box with USB Ports, LCD Display, Storage Case, and LED Light","S ZEVZO","FBA","Automotive",249,840164807288,"N/A",0840164807288,"N/A","Jump Starters",4,93.98,-25,10997,10997,57,841310.92,841244.71,5784,4.6,"CARFIXUP DIRECT","China",11,102072,"N/A","Large Standard-Size",4.02,4.96,8.74,2.34,87.74,242.04,"11/30/2024",32,8,0,1.91
"https://amazon.com/dp/B0D2XY2YFB","https://m.media-amazon.com/images/I/71c0AMYNf6L._SX450_.jpg","B0D2XY2YFB","WOLFBOX 3000A Jump Starter,12V Car Battery Jump Starter with 65W Quick Charger,LED Display,59.2Wh Portable Jump Starter Battery Pack(8L Gas 6L Diesel Engine) with Booster,LED Light,Jumper Cables","WOLFBOX","FBA","Automotive",258,"N/A","N/A","N/A","N/A","Batteries & Accessories",192,76.49,-14,7366,857,-56,826631.29,75417.07,604,4.7,"WolfBox Direct","China",2,151503,"N/A","Large Standard-Size",4.21,4.96,10.24,2.89,107.66,296.98,"11/30/2025",21,9,3,12.2
"https://amazon.com/dp/B0DZH9LBT6","https://m.media-amazon.com/images/I/71VGn-tfqmL._SX450_.jpg","B0DZH9LBT6","Jump Starter with Air Compressor, 5000A 160PSI Battery Jumper Starter Portable (9.0 Gas/8.0L Diesel), 12V Jump Box Car Battery Jump Starter with Smart Jumper Cables, LED Light, LCD Display","WNDFLV","FBA","Automotive",264,788046611854,"N/A",0788046611854,"N/A","Jump Starters",5,44.99,6,2044,2044,,91960.83,91960.79,1224,4.6,"WNDFLV USA Store","China",8,0,"N/A","Large Standard-Size",4.49,4.88,8.82,2.34,97.3,268.41,"02/28/2026",13,9,2,1.67
"https://amazon.com/dp/B0CRRKRJ2S","https://m.media-amazon.com/images/I/71OT6wxukVL._SX450_.jpg","B0CRRKRJ2S","WOLFBOX 4000A Jump Starter,12V Car Battery Jumper Starter Portable with 65W Quick Charger,LED Display,88.8Wh Booster Jump Box Pack (10L Gas 10L Diesel Engine) with LED Light,Jumper Cables","WOLFBOX","FBA","Automotive",271,"N/A","N/A","N/A","N/A","Jump Starters",6,107.99,-41,7366,6091,-56,826631.29,722625.48,4831,4.7,"WolfBox Direct","China",2,151503,"N/A","Large Standard-Size",4.02,5.24,10.79,3.86,114.2,315.04,"11/30/2025",25,9,3,1.52
"https://amazon.com/dp/B0DPSG2TM2","https://m.media-amazon.com/images/I/5129AAHFweL._SX450_.jpg","B0DPSG2TM2","WOLFBOX 2000A Jump Starter, 44.4Wh Battery Jumper Starter Portable with LED Display, 12V Car Battery Jump Starter Pack (7L Gas 6L Diesel Engine) with Booster, LED Light, Jumper Cables (NO Adapter)","WOLFBOX","FBA","Automotive",271,"N/A","N/A",6974265781605,"N/A","Jump Starters",6,59.49,-22,7806,432,-55,872248.89,29185.83,321,4.6,"WolfBox Direct","China",2,151774,"N/A","Large Standard-Size",2.52,7.91,9.17,2.34,92.09,254.04,"11/30/2025",13,9,3,24.32
"https://amazon.com/dp/B016UG6PWE","https://m.media-amazon.com/images/I/41l37y84S-L._SX450_.jpg","B016UG6PWE","NOCO Boost GB70: 2000A UltraSafe Jump Starter – 12V Lithium Battery Booster Pack, Portable Jump Box, Power Bank & Jumper Cables - for 8.0L Gas and 6.0L Diesel Engines","NOCO","Amazon","Automotive",317,046221150056,00046221150056,1210000615053,"N/A","Jump Starters",7,199.95,-28,10247,10247,-20,2048810.34,2048707.78,30080,4.6,"Amazon","N/A",1,0,"N/A","Large Standard-Size",5.39,7.8,10.28,5.09,"N/A","N/A","01/31/2026",124,6,0,0.34
"https://amazon.com/dp/B000JFJLP6","https://m.media-amazon.com/images/I/51sJMMtZkrL._SX450_.jpg","B000JFJLP6","Clore Automotive Jump-N-Carry JNC660 1700 Peak Amp 12 Volt Jump Starter , Blue","Clore Automotive","Amazon","Automotive",529,010271025350,00747410996812,0010271025350,"N/A","Jump Starters",8,128.59,-22,6373,6373,-11,843789.45,843766.9,19458,4.6,"Amazon","N/A",16,79014,16,"Large Standard-Size",5.19,14,16,21,"N/A","N/A","02/28/2025",146,7,1,0.33
"https://amazon.com/dp/B0BPWZKFVV","https://m.media-amazon.com/images/I/61khWLh-bqL._SX450_.jpg","B0BPWZKFVV","HPBS H50 Jump Starter - 5000A Jump Starter Battery Pack for Up to 10.0L Gas and 8.0L Diesel Engines, 12V Car Battery Jumper Starter Portable with 3.0"" LCD Display, Jump Box","HPBS","FBA","Automotive",581,726954952942,"N/A",0726954952942,"N/A","Jump Starters",9,99.99,-19,3539,2837,-91,235839.08,172129.45,4244,4.4,"First AA","China",4,77758,70,"Large Standard-Size",4.33,4.88,8.58,2.07,91.28,251.8,"11/30/2025",36,8,5,0.83
"https://amazon.com/dp/B0FQC2P6BR","https://m.media-amazon.com/images/I/41XTrqD1lBL._SX450_.jpg","B0FQC2P6BR","HPBS 6000A Jump Starter with Air Compressor, Portable Car Battery Jump Starter with 150 PSI Tire Inflator for Up to 10.0L Gas and 8.0L Diesel Engines, 12V Jump Box with LCD Display","HPBS","FBM","Automotive",581,"N/A","N/A","N/A","N/A","Batteries & Accessories",263,68.99,-8,3255,547,-94,216628.67,37748.49,4236,4.4,"First AA","China",2,77691,70,"N/A",9.8,5.9,4.7,"N/A","N/A","N/A","11/30/2025",4,8,5,0.77
"https://amazon.com/dp/B0DK3PKCM7","https://m.media-amazon.com/images/I/71IR7wRiAVL._SX450_.jpg","B0DK3PKCM7","AstroAI S8 Pro Car Battery Jump Starter, 3000A Peak Jump Starter Battery Pack for Up to 9.0L Gas & 7.0L Diesel Engines, 12V Portable Jumper Box with 3 Modes Flashlight and Jumper Cables，Orange","AstroAI","FBA","Automotive",593,"N/A","N/A","N/A","N/A","Jump Starters",9,79.99,-54,7873,244,-89,587843.63,19482.72,219,4.7,"AstroAI Direct","USA",1,212667,"N/A","Large Standard-Size",4.09,5.12,8.62,2.4,90.88,250.71,"11/30/2025",13,9,9,35.95
"https://amazon.com/dp/B0F6N88NHD","https://m.media-amazon.com/images/I/71evrx+gGzL._SX450_.jpg","B0F6N88NHD","AstroAI P10 Car Battery Jump Starter, 5000A Portable Jump Starter Battery Pack for Up to 10L Gas & 8L Diesel Engines, 12V Lithium Jump Box, Auto Booster Pack with 3-Mode LED Lights & Jumper Cable","AstroAI","FBA","Automotive",596,"N/A","N/A","N/A","N/A","Jump Starters",10,89.99,-44,7873,288,-89,587843.63,25895.05,92,4.5,"AstroAI Direct","USA",1,212667,"N/A","Large Standard-Size",3.7,3.98,7.8,1.57,57.83,159.53,"11/30/2025",7,8,9,85.58
"https://amazon.com/dp/B0DK6DN19G","https://m.media-amazon.com/images/I/514M1s3WADL._SX450_.jpg","B0DK6DN19G","AstroAI S8 Pro Car Battery Jump Starter, 3000A Peak Jump Starter Battery Pack for Up to 9.0L Gas & 7.0L Diesel Engines, 12V Portable Jumper Box with 3 Modes Flashlight and Jumper Cables, Red","AstroAI","FBA","Automotive",596,"N/A","N/A","N/A","N/A","Jump Starters",10,79.99,"N/A",7873,197,-89,587843.63,15783.69,41,4.6,"AstroAI Direct","USA",1,212667,"N/A","Large Standard-Size",6.73,10.47,12.32,2.78,437.07,1205.7,"11/30/2025",13,9,9,192.03
"https://amazon.com/dp/B0C3B27GV7","https://m.media-amazon.com/images/I/41+i9N69KsL._SX450_.jpg","B0C3B27GV7","AstroAI S8 Car Battery Jump Starter, Car Jumper Starter Battery Pack for Up to 6.0L Gas & 3.0L Diesel Engines, 12V Portable Jump Box with 3 Modes Flashlight and Jumper Cable(Yellow)","AstroAI","FBA","Automotive",597,"N/A","N/A","N/A","N/A","Jump Starters",9,59.99,-7,7696,602,-88,568768.31,36109.58,270,4.6,"AstroAI Direct","USA",1,212273,"N/A","Large Standard-Size",3.7,3.9,7.83,1.52,56.89,156.93,"11/30/2025",32,9,9,28.51
"https://amazon.com/dp/B09ZXSWTJQ","https://m.media-amazon.com/images/I/61b03ozWW4L._SX450_.jpg","B09ZXSWTJQ","Povasee Jump Starter 5000A Car Jumper Starter, Model A30 12V Jump Box for Car Battery up to 10L Gas or 8L Diesel Engine Battery Jumper Starter Portable with Power Bank/Dual Output/LED Light","Povasee","FBA","Automotive",605,"N/A","N/A","N/A","N/A","Jump Starters",8,59.99,-35,2820,2654,-69,177729.51,159189.66,5420,4.5,"OneFirst","China",5,52362,"N/A","Large Standard-Size",4.29,4.88,8.27,1.85,87.17,240.46,"11/30/2025",46,9,4,0.52
"https://amazon.com/dp/B0F6L1X2Z8","https://m.media-amazon.com/images/I/81nyNDZMyJL._SX450_.jpg","B0F6L1X2Z8","AstroAI B8 3000A Car Battery Jump Starter, 12V Jump Starter Battery Pack (up to 9.0L Gasoline and 7.0L Diesel Engine), Portable Jump Box with 3 Modes Flashlight and Jumper Cable","AstroAI","FBA","Automotive",606,"N/A","N/A","N/A","N/A","Jump Starters",9,65.99,37,7873,413,-89,587843.63,27235.21,135,4.4,"AstroAI Direct","USA",1,212667,"N/A","Large Standard-Size",3.5,3.7,7.8,1.43,50.86,140.29,"11/30/2025",6,9,9,58.32
"https://amazon.com/dp/B0C3B3BVPD","https://m.media-amazon.com/images/I/71aaLf-rSLL._SX450_.jpg","B0C3B3BVPD","AstroAI S8 Car Battery Jump Starter, Car Jumper Starter Battery Pack for Up to 6.0L Gas & 3.0L Diesel Engines, 12V Portable Jump Box with 3 Modes Flashlight and Jumper Cable (Red)","AstroAI","FBA","Automotive",606,"N/A",05906168435799,5906168435799,"N/A","Jump Starters",9,59.99,9,7696,1055,-88,568768.31,63310.08,756,4.5,"AstroAI Direct","USA",1,212273,"N/A","Large Standard-Size",3.66,3.9,7.83,1.59,56.27,155.23,"11/30/2025",33,9,9,10.18
"https://amazon.com/dp/B0F7G37ZT3","https://m.media-amazon.com/images/I/61epckdD4EL._SX450_.jpg","B0F7G37ZT3","Sharmeal Jump Starter with Air Compressor, 5000A 160PSI Car Jump Starter Battery Pack (10.0L Gas/9.0L Diesel), Battery Booster with 3 Modes Flashlight and Jumper Cable","Sharmeal","FBM","Automotive",623,739768174066,"N/A",0739768174066,"N/A","Jump Starters",11,39.99,-100,12478,2000,-41,531005.23,79996.73,21,4.3,"Sharmeal","China",1,0,"N/A","Large Standard-Size",10,6,2,1.2,"N/A","N/A","11/30/2025",3,9,10,594.18
"https://amazon.com/dp/B0FWJW4WZY","https://m.media-amazon.com/images/I/71OAR1FMuLL._SX450_.jpg","B0FWJW4WZY","Sharmeal 21-in-1 8000A Jump Starter, 20000mAh Car Booster Pack with PD 35W Super Fast Charging, 12V Jump Starter Battery Pack for All Gas and 12.0L Diesel, Portable Jump Box with LED Light","Sharmeal","FBA","Automotive",624,"N/A","N/A","N/A","N/A","Batteries & Accessories",312,89.99,"N/A",12478,95,-41,531005.23,9427.55,2,3.1,"Sharmeal","China",1,0,"N/A","Large Standard-Size",3.23,10.51,11.54,3.02,197.24,544.1,"11/30/2025",2,9,10,6238.94
"https://amazon.com/dp/B0FHQ48V1B","https://m.media-amazon.com/images/I/41CbcVlLbOL._SX450_.jpg","B0FHQ48V1B","Sharmeal Car Jump Starter 5000A, Jump Starter Battery Pack for 10.0L Gas and 9.0L Diesel, 12V Portable Jump Box with LED Light","Sharmeal","FBA","Automotive",644,"N/A","N/A","N/A","N/A","Jump Starters",10,37.97,-21,12727,6942,-35,538056.65,263604.97,1148,4.5,"Sharmeal","China",1,0,"N/A","Large Standard-Size",3.7,5.43,10.75,1.74,108.74,299.97,"11/30/2025",8,9,10,11.09
"https://amazon.com/dp/B0FN6H7FBQ","https://m.media-amazon.com/images/I/41jAPOe0RAL._SX450_.jpg","B0FN6H7FBQ","Sharmeal Car Jump Starter 5000A, Jump Starter Battery Pack for 10.0L Gas and 9.0L Diesel, 12V Portable Jump Box with LED Light","Sharmeal","FBA","Automotive",645,"N/A","N/A","N/A","N/A","Batteries & Accessories",309,38.99,"N/A",12478,1416,-41,531005.23,56717.82,44,4.4,"Sharmeal","China",1,0,"N/A","Large Standard-Size",4.05,4.72,8.43,1.69,81.13,223.82,"11/30/2025",2,9,10,283.59
"https://amazon.com/dp/B0DF2P7T7Y","https://m.media-amazon.com/images/I/71X+7fv6mtL._SX450_.jpg","B0DF2P7T7Y","Sharmeal Car Battery Jump Starter 6000A, Jump Starter Battery Pack for All Gas and 10.0L Diesel, 12V Portable Jump Box with LED Light","Sharmeal","FBA","Automotive",645,"N/A","N/A","N/A","N/A","Jump Starters",10,41.03,-32,12727,954,-35,538056.65,45048.25,262,4.5,"Sharmeal","China",1,0,"N/A","Large Standard-Size",3.7,8.86,8.9,1.92,146.89,405.22,"11/30/2025",16,9,10,48.58
"https://amazon.com/dp/B0DPC7G24W","https://m.media-amazon.com/images/I/71dJXu2ZbZL._SX450_.jpg","B0DPC7G24W","Sharmeal Car Battery Jump Starter 6000A, Jump Starter Battery Pack for All Gas and 10.0L Diesel, 12V Portable Jump Box with LED Light","Sharmeal","FBA","Automotive",648,"N/A","N/A","N/A","N/A","Jump Starters",9,40.99,-41,12727,603,-35,538056.65,27550.98,158,4.4,"Sharmeal","China",1,0,"N/A","Large Standard-Size",3.78,8.07,9.06,1.83,139.15,383.85,"11/30/2025",10,9,10,80.55
"https://amazon.com/dp/B0FL2GKHZM","https://m.media-amazon.com/images/I/51wkTz8tV8L._SX450_.jpg","B0FL2GKHZM","Sharmeal Car Jump Starter 7000A, Jump Starter Battery Pack with PD 30W Quick Charger, 12V Portable Jump Box (for All Gas and 12.0L Diesel) with 4 LED Light","Sharmeal","FBA","Automotive",663,"N/A","N/A","N/A","N/A","Jump Starters",9,59.49,-43,12478,336,-41,531005.23,23423.63,28,4.2,"Sharmeal","China",1,0,"N/A","Large Standard-Size",3.78,5.47,8.7,2.01,90.57,249.84,"11/30/2025",8,9,10,445.64
"https://amazon.com/dp/B0BZP6HCVS","https://m.media-amazon.com/images/I/71-de-Dk5SL._SX450_.jpg","B0BZP6HCVS","AstroAI S8 Car Battery Jump Starter, Car Jumper Starter Battery Pack for Up to 6.0L Gas & 3.0L Diesel Engines, 12V Portable Jump Box with 3 Modes Flashlight and Jumper Cable (Orange)","AstroAI","FBA","Automotive",698,"N/A","N/A","N/A","N/A","Jump Starters",11,59.99,-4,7696,3855,-88,568768.31,231278.08,10014,4.5,"AstroAI Direct","USA",2,212273,"N/A","Large Standard-Size",3.7,3.98,12.48,1.59,92.47,255.08,"11/30/2025",33,9,9,0.77
"https://amazon.com/dp/B0D4D3B5GR","https://m.media-amazon.com/images/I/710siyvvMQL._SX450_.jpg","B0D4D3B5GR","AstroAI S8 Ultra 4000A Car Jump Starter, Jump Box up to All Gas Engines & 12L Diesel, 12V Portable Power Bank with USB/Type-C Ports, 3 Modes LED Flashlight, Auto Battery Booster with Jumper Cable","AstroAI","FBA","Automotive",698,"N/A","N/A","N/A","N/A","Batteries & Accessories",1377,139.99,-66,7696,322,-88,568768.31,45071.58,112,4.6,"AstroAI Direct","USA",2,212273,"N/A","Large Standard-Size",3.98,5.04,9.88,2.89,99.78,275.26,"11/30/2025",19,9,9,68.72
"https://amazon.com/dp/B0CB3W9FRD","https://m.media-amazon.com/images/I/71OcbTLfSyL._SX450_.jpg","B0CB3W9FRD","AstroAI S8 Ultra 4000A Car Jump Starter, Jump Box up to All Gas Engines & 12L Diesel, 12V Portable Power Bank with USB/Type-C Ports, 3 Modes LED Flashlight, Auto Battery Booster with Jumper Cable","AstroAI","FBA","Automotive",700,"N/A","N/A","N/A","N/A","Jump Starters",11,139.99,-10,7696,776,-88,568768.31,108645.61,1166,4.7,"AstroAI Direct","USA",4,212273,"N/A","Large Standard-Size",3.94,5.12,11.42,2.89,115.83,319.53,"11/30/2025",27,9,9,6.6
"https://amazon.com/dp/B0FWJRLNDJ","https://m.media-amazon.com/images/I/71J0KX157OL._SX450_.jpg","B0FWJRLNDJ","Sharmeal 22-in-1 9000A Jump Starter, 24000mAh Car Booster Pack with 80W AC Outlet & PD 35W Super Fast Charging, 12V Jump Starter Battery Pack for All Gas and 12.0L Diesel","Sharmeal","FBA","Automotive",809,"N/A","N/A","N/A","N/A","Batteries & Accessories",400,129.99,"N/A",12478,173,-41,531005.23,25837.61,1,5,"Sharmeal","China",1,0,"N/A","Large Standard-Size",10.24,7.72,3.07,3.53,122.19,337.07,"11/30/2025",1,9,10,12477.87
"https://amazon.com/dp/B08WZFPXFM","https://m.media-amazon.com/images/I/71E677Vc2rS._SX450_.jpg","B08WZFPXFM","NOCO Boost X GBX155: 4250A UltraSafe Jump Starter – 12V Lithium Battery Booster Pack, Portable Jump Box, Power Bank & Jumper Cables - for 10.0L Gas and 8.0L Diesel Engines","NOCO","Amazon","Automotive",837,046221200096,00046221200096,1210000620095,"N/A","Jump Starters",12,369.95,-24,4467,4467,-32,1652723.66,1652723.58,6827,4.2,"Amazon","N/A",2,73196,334,"Large Standard-Size",5.39,8.66,13.86,7.52,"N/A","N/A","11/30/2025",61,7,0,0.65
"https://amazon.com/dp/B0924V8SPC","https://m.media-amazon.com/images/I/8130-0fqEAS._SX450_.jpg","B0924V8SPC","NOCO Boost X GBX45: 1250A UltraSafe Jump Starter – 12V Lithium Battery Booster Pack, Portable Jump Box, Power Bank & Jumper Cables - for 6.5L Gas and 4.0L Diesel Engines","NOCO","Amazon","Automotive",853,046221200065,00046221200065,0046221200065,"N/A","Jump Starters",13,124.95,-34,4836,4836,-31,601891.69,601843.69,14471,4.6,"Amazon","N/A",1,83778,288,"Large Standard-Size",4.09,5.28,8.66,2.89,"N/A","N/A","11/30/2025",59,7,0,0.33
"https://amazon.com/dp/B0FHP4BLGZ","https://m.media-amazon.com/images/I/913iC27lVZL._SX450_.jpg","B0FHP4BLGZ","OXILAM 24000mAh Jump Starter for All Gas & Diesel Engines, 10000A Battery Jumper Starter Portable, 12V Jump Box with Quick Charger, Extended Jumper Cable, LED Display, USB, DC, Type C Port & LED Light","OXILAM","FBA","Automotive",902,"N/A","N/A","N/A","N/A","Batteries & Accessories",21,149.99,-78,82,163,,11240.22,24249.92,2446,4.5,"OXILAM LIGHTING","China",1,0,"N/A","Large Standard-Size",4.37,5.28,9.61,3.13,111.64,307.97,"03/31/2026",6,8,6,0.03
"https://amazon.com/dp/B0FHPGQP3L","https://m.media-amazon.com/images/I/913iC27lVZL._SX450_.jpg","B0FHPGQP3L","OXILAM 20000mAh Jump Starter for All Gas & Diesel Engines, 9000A Battery Jumper Starter Portable, 12V Jump Box with Quick Charger, Extended Jumper Cable, LED Display, USB, DC, Type C Port & LED Light","OXILAM","FBA","Automotive",902,"N/A","N/A","N/A","N/A","Batteries & Accessories",21,129.99,-75,82,50,,11240.22,6274.19,2446,4.5,"OXILAM LIGHTING","China",1,0,"N/A","Large Standard-Size",4.37,5.24,9.61,2.89,110.79,305.64,"03/31/2026",6,8,0,0.03
"https://amazon.com/dp/B0FMD8Z8K2","https://m.media-amazon.com/images/I/718AM2Oh-FL._SX450_.jpg","B0FMD8Z8K2","JOLTEKON Car Battery Jump Starter with Air Compressor 4500A 150PSI, Car Jumper Starter Portable (9L Gas/8L Diesel), Jump Box Car Battery with Auto-Shutoff Tire Inflator, Jumper Cables and Light","Joltekon","FBA","Automotive",925,"N/A","N/A",6942078422954,"N/A","Batteries & Accessories",21,99.99,-8,4147,4147,75,414700.4,414658.8,378,4.7,"ANDAmta","China",2,0,"N/A","Large Standard-Size",4.21,5,8.98,2.76,95.17,262.54,"11/30/2025",5,6,0,11.49
"https://amazon.com/dp/B0DK1V9WT5","https://m.media-amazon.com/images/I/71CB3vfm1NL._SX450_.jpg","B0DK1V9WT5","OXILAM 8000A Jump Starter - Car Jumper Starter Portable for All Gas & Diesel Engines, 12V Jump Box for Car Battery with Extended Jumper Cables, USB, DC, Type C Port & LED Light","OXILAM","FBA","Automotive",958,"N/A","N/A","N/A","N/A","Batteries & Accessories",22,119.99,-57,82,95,,11240.22,10232.25,2446,4.5,"OXILAM LIGHTING","China",1,0,"N/A","Large Standard-Size",3.9,5.63,9.21,2.54,101.81,280.87,"03/31/2026",16,9,6,0.03
"https://amazon.com/dp/B0D4JDNSCF","https://m.media-amazon.com/images/I/71M4V0rNvHL._SX450_.jpg","B0D4JDNSCF","OXILAM Jump Starter 6000A for All Gas/12L Diesel, Car Battery Jumper Starter Portable, 12V Lithium Jump Box with Jumper Cables, LED Display, LED Light, Power Bank with USB, Type C Port","OXILAM","FBA","Automotive",958,"N/A","N/A","N/A","N/A","Batteries & Accessories",22,89.99,-13,82,557,,11240.22,42706.94,2445,4.5,"OXILAM LIGHTING","China",4,0,"N/A","Large Standard-Size",3.82,4.92,8.82,2.16,83.46,230.23,"03/31/2026",21,9,6,0.03
"https://amazon.com/dp/B0CH9LXQ8P","https://m.media-amazon.com/images/I/61urivkuMeL._SX450_.jpg","B0CH9LXQ8P","HPBS Car Jump Starter - 5000A Peak Jump Starter Battery Pack with DC for Up to All Gas and 10.0 L Diesel Engines, 12V Portable Battery Jump Starter with 3.0"" LCD Display","HPBS","FBA","Automotive",1065,711523449060,"N/A",0711523449060,"N/A","Batteries & Accessories",289,79.99,-100,632,110,,48631.24,8824.6,4268,4.4,"First AA","China",2,0,"N/A","Large Standard-Size",4.21,5.87,9.92,2.47,123.43,340.49,"03/31/2026",28,8,5,0.15
"https://amazon.com/dp/B0FMY8ZQK5","https://m.media-amazon.com/images/I/41tM5BK0vsL._SX450_.jpg","B0FMY8ZQK5","Jump Starter with Air Compressor, 5000A Battery Jumper Starter Portable (9L Gas/8L Diesel) with 160PSI Auto-Shutoff Tire Inflator, 12V Jump Box Car Battery Jump Starter with Jumper Cables, LED Light","PIRAIL","FBA","Automotive",1093,743352927792,"N/A",0743352927792,"N/A","Batteries & Accessories",24,41.99,-62,951,951,,45232.89,45232.84,659,4.4,"PIRAIL Store","China",5,0,"N/A","Large Standard-Size",2.64,7.56,8.7,2.49,87.42,241.16,"02/28/2026",5,9,2,1.48
"https://amazon.com/dp/B0D2HH3BDN","https://m.media-amazon.com/images/I/41SVONX-B5L._SX450_.jpg","B0D2HH3BDN","GOOLOO GP4000 4000A Peak Car Battery Jump Starter, Portable Battery Booster for Up to All Gas or 10L Diesel Engine, SuperSafe 12V Lithium Jump Box Power Pack with Jumper Cable,Red","GOOLOO","FBA","Automotive",1113,"N/A","N/A","N/A","N/A","Jump Starters",17,149.99,-35,3173,214,-55,378039.1,29490.9,8545,4.6,"GOOLOO","China",1,0,"N/A","Large Standard-Size",3.9,5.04,10.55,3.59,104.41,288.02,"11/30/2025",22,7,3,0.37
"https://amazon.com/dp/B09HJH1S41","https://m.media-amazon.com/images/I/61uFU68ajFL._SX450_.jpg","B09HJH1S41","GOOLOO GP4000 Jump Starter 4000A Peak Car Starter (All Gas,up to 10.0L Diesel Engine) SuperSafe 12V Lithium Jump Box,Auto Battery Booster Pack,Portable Power Bank with USB Quick Charge and Type C Port","GOOLOO","FBA","Automotive",1114,"N/A","N/A","N/A","N/A","Jump Starters",17,79.98,2,3306,3003,-57,388308.63,347750.71,8545,4.6,"GOOLOO","China",1,0,"N/A","Large Standard-Size",4.21,5.47,11.02,3.95,127.77,352.47,"11/30/2025",53,7,3,0.39
"https://amazon.com/dp/B084YQSVZ6","https://m.media-amazon.com/images/I/61kpMfg-EYL._SX450_.jpg","B084YQSVZ6","GOOLOO 4000A Peak Car Jump Starter 12V Auto Battery Booster SuperSafe Lithium Jump Box for All Gas, Up to 10.0L Diesel Engine, Portable Power Pack with USB Quick Charge and Type C Port, Orange","GOOLOO","FBA","Automotive",1164,"N/A","N/A","N/A","N/A","Jump Starters",18,99.99,-35,3173,90,-55,378039.1,11447.81,8545,4.6,"GOOLOO","China",1,0,"N/A","Large Standard-Size",4.02,5.04,10.55,3.42,107.62,296.88,"11/30/2025",70,7,3,0.37
"https://amazon.com/dp/B015TKSSB8","https://m.media-amazon.com/images/I/71BK9TytPEL._SX450_.jpg","B015TKSSB8","NOCO Boost GB150: 3000A UltraSafe Jump Starter – 12V Lithium Battery Booster Pack, Portable Jump Box, Power Bank & Jumper Cables - for 9.0L Gas and 7.0L Diesel Engines","NOCO","Amazon","Automotive",1217,046221150063,01210000615060,1210000615060,"N/A","Jump Starters",19,299.95,-27,3244,3244,-35,973002.31,973002.19,12700,4.5,"Amazon","N/A",1,57114,338,"Large Standard-Size",5.12,8.54,13.7,7.39,"N/A","N/A","11/30/2025",124,6,0,0.26
"https://amazon.com/dp/B0FCRBYF5H","https://m.media-amazon.com/images/I/71XPqDavA5L._SX450_.jpg","B0FCRBYF5H","Sharmeal Jump Starter 6000A,12V Car Battery Jump Starter with Air Compressor (Up to All Gas or 10.0L Diesel Engine), Battery Booster with 3 Modes Flashlight and Jumper Cable","Sharmeal","FBA","Automotive",1217,"N/A","N/A","N/A","N/A","Jump Starters",19,44.99,-24,51,137,,2522.9,6465.76,24,4.3,"S-XM","China",1,0,"N/A","Large Standard-Size",2.6,8.82,10,2.51,115.46,318.5,"02/28/2026",6,7,8,2.11
"https://amazon.com/dp/B0F1FGCBJM","https://m.media-amazon.com/images/I/416Y4t3YYqL._SX450_.jpg","B0F1FGCBJM","Jump Starter 5000A, 12V Car Battery Jump Starter with USB Quick Charge (Up to 10.0L Gas or 9.0L Diesel Engine), Battery Booster with 3 Modes Flashlight and Jumper Cable","Sharmeal","FBA","Automotive",1217,"N/A","N/A","N/A","N/A","Jump Starters",19,32.39,-25,1438,1397,,54711.11,49044.99,900,4.4,"S-XM","China",1,0,"N/A","Large Standard-Size",3.74,5.35,11.5,1.59,115.85,319.59,"01/31/2026",10,9,8,1.6
"https://amazon.com/dp/B0FNMQGVGP","https://m.media-amazon.com/images/I/41WsQXJAabL._SX450_.jpg","B0FNMQGVGP","Jump Starter 6000A, 12V Car Battery Jump Starter with USB Quick Charge (Up to All Gas or 10.0L Diesel Engine), Battery Booster with 3 Modes Flashlight and Jumper Cable","Sharmeal","FBA","Automotive",1266,"N/A","N/A","N/A","N/A","Batteries & Accessories",325,45.99,-38,1438,178,,54711.11,7644.74,26,4.6,"S-XM","China",1,0,"N/A","Large Standard-Size",3.62,5,8.9,1.74,81.1,223.74,"01/31/2026",5,9,8,55.29
"https://amazon.com/dp/B015TKPT1A","https://m.media-amazon.com/images/I/41Q0na4cD9L._SX450_.jpg","B015TKPT1A","NOCO Boost GB20: 500A UltraSafe Jump Starter – 12V Lithium Battery Booster Pack, Portable Jump Box, Power Bank & Jumper Cables - for 4.0L Gas Engines","NOCO","Amazon","Automotive",1281,046221150018,00046221150018,0046221150018,"N/A","Jump Starters",21,79.95,-20,3694,3694,-47,295354.41,295317.33,12566,4.6,"Amazon","N/A",1,57308,591,"Large Standard-Size",3.98,5,8.7,2.49,"N/A","N/A","11/30/2025",124,6,0,0.29
"https://amazon.com/dp/B0FXB1T7F8","https://m.media-amazon.com/images/I/91w3klXEXwL._SX450_.jpg","B0FXB1T7F8","TREKURE Car Battery Jump Starter 8000A 26800mAh, Portable Car Jump Starter for All Gas and 12L Diesel Engines, Power Bank & Battery Jumper, Portable Jump Box Car Battery with Fast Charge, LED Light","TREKURE","FBA","Automotive",1285,"N/A","N/A",6942078424101,"N/A","Jump Starters",20,109.99,-39,2239,2239,,222110.97,222092.9,224,4.6,"KAClCAL","China",3,0,"N/A","Large Standard-Size",3.58,5.79,9.13,2.45,95.35,263.03,"02/28/2026",1,6,0,10
"https://amazon.com/dp/B0D4V8ZC5P","https://m.media-amazon.com/images/I/41c73vBNScL._SX450_.jpg","B0D4V8ZC5P","CZKBG 10-in-1 Portable Car Battery Jump Starter with Air Compressor, 6000A 160PSI Portable Car Jumper Starter (All Gas 12L Diesel), 12V Jump Box Car Battery Jump Starter with Jumper Cables, Lights","CZKBG","FBA","Automotive",1359,762736583126,"N/A",0762736583126,"N/A","Jump Starters",21,62.99,-34,3922,3922,-31,232539.19,232517.4,2094,4.6,"CZKBG CRC","China",3,21915,"N/A","Large Standard-Size",4.45,5.28,9.37,2.56,110.84,305.77,"11/30/2025",21,8,0,1.87
"https://amazon.com/dp/B0DRN21Y5T","https://m.media-amazon.com/images/I/41TLkFlGOnL._SX450_.jpg","B0DRN21Y5T","Povasee Car Battery Jump Starter 5000A Jump Box (All Gas/10L Diesel) Portable Car Jump Starter Battery Pack, 12V Jumper Starter Portable 3"" LCD Display/Power Bank/Dual Output/LED Light DC","Povasee","FBA","Automotive",1440,"N/A","N/A","N/A","N/A","Batteries & Accessories",1125,99.98,-23,2790,164,-73,175835.65,18300.32,75,4.6,"OneFirst","China",1,52349,"N/A","Large Standard-Size",4.09,5.51,9.96,2.65,113.01,311.75,"11/30/2025",14,8,4,37.21
"https://amazon.com/dp/B0DNHLG46T","https://m.media-amazon.com/images/I/512680WAlnL._SX450_.jpg","B0DNHLG46T","Jump Starter with Air Compressor, 5000A Peak Car Battery Jump Starter(9.0 Gas/8.0L Diesel), 160PSI 12V Jump Box Car Battery Jumper Starter Portable with Smart Jumper Cables, LED Lights, LCD Display","DECHANIE","FBA","Automotive",1443,788046611434,"N/A",0788046611434,"N/A","Batteries & Accessories",31,42.28,"N/A",833,1354,,41637.84,65138.38,1181,4.6,"DECHANIE US Shop","China",7,0,"N/A","Large Standard-Size",4.49,4.88,8.86,2.47,97.78,269.73,"02/28/2026",9,9,2,0.71
"https://amazon.com/dp/B0DRD28TPH","https://m.media-amazon.com/images/I/71MtQtUarJL._SX450_.jpg","B0DRD28TPH","YaberAuto 10-in-1 Jump Starter with Air Compressor 6000A 150PSI Car Battery Jump Starter (All Gas/10L Diesel) 12V Jump Box Car Battery Jumper Starter Portable Jumper Cables, 150W DC, Gloves, Lights","YaberAuto","FBA","Automotive",1458,"N/A","N/A",6977703632385,"N/A","Batteries & Accessories",169,69.99,-41,2225,189,,402378.75,16557.55,1444,4.4,"Jayi Home","China",4,0,"N/A","Large Standard-Size",4.96,6.38,9.65,3.79,153.65,423.86,"02/28/2026",12,8,2,1.54
"https://amazon.com/dp/B0D41NT5KL","https://m.media-amazon.com/images/I/41ZcKID0OIL._SX450_.jpg","B0D41NT5KL","YaberAuto 12-in-1 Jump Starter with Air Compressor 8000A 160PSI 65W Charging, Portable Car Battery Jump Starter (All Gas/14L Diesel) Jump Box Car Battery Jumper Starter Portable Jumper Cables, 160W DC","YaberAuto","FBA","Automotive",1479,"N/A","N/A",6975710739127,"N/A","Jump Starters",24,189.99,-42,2225,2108,,402378.75,400491.62,1868,4.6,"JessiBest","China",4,0,"N/A","Large Standard-Size",5.04,6.93,10.79,4.94,189.74,523.42,"02/28/2026",19,7,2,1.2
"https://amazon.com/dp/B0FWJWHXFP","https://m.media-amazon.com/images/I/71yMFf08GzL._SX450_.jpg","B0FWJWHXFP","Sharmeal 7000A Car Battery Jump Starter, 12000mAh Car Jumper Starter Battery Pack for Up to All Gas & 12.0L Diesel Engines, 12V Portable Jump Box with 3 Modes Flashlight and Jumper Cable","Sharmeal","FBA","Automotive",1508,"N/A","N/A","N/A","N/A","Batteries & Accessories",334,59.99,-24,1398,60,,54900.3,3837.6,15,4.8,"S-XM","China",1,0,"N/A","Large Standard-Size",3.7,5.08,9.25,2.05,87.54,241.48,"02/28/2026",2,9,8,93.22
"https://amazon.com/dp/B0GC74NNTH","https://m.media-amazon.com/images/I/71ip9BeXxIL._SX450_.jpg","B0GC74NNTH","Scatach 6000A Car Battery Jump Starter,12V Car Jumper Starter Battery Pack Portable (up to 10.0L Gasoline and 8.0L Diesel Engine), Jump Box with LED Display, Flashlight and Jumper Cables","Scatach","FBA","Automotive",1534,"N/A","N/A","N/A","N/A","Batteries & Accessories",36,69.99,"N/A",141,0,,8180.29,"-",1087,4.4,"manhuipower","China",1,0,"N/A","Large Standard-Size",4.09,4.76,8.94,1.94,87.63,241.73,"03/31/2026",0,7,0,0.13
"https://amazon.com/dp/B0G8YY6MZV","https://m.media-amazon.com/images/I/71WpiCLP9QL._SX450_.jpg","B0G8YY6MZV","Scatach 5000A Jump Starter, 12V Jump Starter Battery Pack Portable (up to 9.0L Gasoline and 7.0L Diesel Engine), Car Battery Jump Starter Jump Box with LED Light and Jumper Cables","Scatach","FBA","Automotive",1570,"N/A","N/A","N/A","N/A","Batteries & Accessories",34,57.99,"N/A",141,14,,8180.29,791.73,1063,4.4,"manhuipower","China",1,0,"N/A","Large Standard-Size",4.02,4.72,8.74,1.87,83.49,230.33,"03/31/2026",2,6,8,0.13
"https://amazon.com/dp/B0FNMLG15N","https://m.media-amazon.com/images/I/71pXQsE7KIL._SX450_.jpg","B0FNMLG15N","GOOLOO A5 Jump Starter with Air Compressor, 4000A Car Battery Jump Starter (All Gas/10.0L Diesel) with 160PSI Tire Inflator Auto-Off, 45W PD Fast Charging, 12V Jump Box Car Jumper Starter Portable","GOOLOO","FBA","Automotive",1607,"N/A","N/A","N/A","N/A","Batteries & Accessories",38,99.98,-31,3230,3085,60,443186.94,420467.14,354,4.7,"GOOLOO","China",1,0,"N/A","Large Standard-Size",4.96,6.06,10.51,4.83,159.05,438.76,"01/31/2026",5,9,2,9.12
"https://amazon.com/dp/B0G8YNYSLS","https://m.media-amazon.com/images/I/71pGxw3-uaL._SX450_.jpg","B0G8YNYSLS","Scatach 6000A Car Battery Jump Starter,12V Portable Jump Starter Battery Pack (up to 9.0L Gasoline and 7.0L Diesel Engine), Jump Box with 3 Modes Flashlights, Jumper Cables, LED Display","Scatach","FBA","Automotive",1610,"N/A","N/A","N/A","N/A","Batteries & Accessories",36,62.9,"N/A",141,79,,8180.29,4968.05,1063,4.4,"manhuipower","China",1,0,"N/A","Large Standard-Size",4.06,4.8,8.86,1.92,86.93,239.81,"03/31/2026",2,6,0,0.13
"https://amazon.com/dp/B0G8ZNZPJK","https://m.media-amazon.com/images/I/71WpiCLP9QL._SX450_.jpg","B0G8ZNZPJK","Scatach 3000A Car Battery Jump Starter,12V Jump Starter Battery Pack Portable (up to 9.0L Gasoline and 7.0L Diesel Engine), Jump Box with 3 Modes Flashlight and Jumper Cables","Scatach","FBA","Automotive",1615,"N/A","N/A","N/A","N/A","Batteries & Accessories",39,49.99,"N/A",141,48,,8180.29,2420.49,1063,4.4,"manhuipower","China",1,0,"N/A","Large Standard-Size",3.9,4.72,8.86,1.85,82.11,226.52,"03/31/2026",2,7,0,0.13
"https://amazon.com/dp/B0FNMFK9MH","https://m.media-amazon.com/images/I/41rztVY93qL._SX450_.jpg","B0FNMFK9MH","GOOLOO A5 Car Jump Starter with Air Compressor, 4000A Portable Car Jump Starter (All Gas/10.0L Diesel) with 160PSI Auto-Off Tire Inflator, 45W Output Power Bank,12V Battery Jumper Starter Portable","GOOLOO","FBA","Automotive",1745,"N/A","N/A","N/A","N/A","Batteries & Accessories",42,169.99,-37,3187,147,53,436569.64,23287.28,350,4.6,"GOOLOO","China",1,0,"N/A","Large Standard-Size",4.96,6.1,10.63,4.87,162.01,446.92,"01/31/2026",3,9,2,9.1
"https://amazon.com/dp/B08KJNKC6V","https://m.media-amazon.com/images/I/71-1JMF60NL._SX450_.jpg","B08KJNKC6V","HALO Bolt Air 58830 Portable Car Battery Jump Starter | 100 PSI Air Compressor, 58.8Wh USB Power Bank, Emergency Floodlight & Charger, Jump Cars SUVs & Trucks, Inflate Tires, TSA Approved — Rose Gold","HALO","Amazon","Automotive",1925,840056122789,"N/A",0840056122789,"N/A","Jump Starters",32,129.99,-42,2949,731,-57,383331.23,94988.94,6315,4.7,"Amazon","N/A",1,0,"N/A","Large Standard-Size",4.41,6.26,11.22,4.1,"N/A","N/A","11/30/2025",64,8,5,0.47
"https://amazon.com/dp/B07MVY7K43","https://m.media-amazon.com/images/I/71aYJKAOhbL._SX450_.jpg","B07MVY7K43","NOCO Boost GB50: 1500A UltraSafe Jump Starter – 12V Lithium Battery Booster Pack, Portable Jump Box, Power Bank & Jumper Cables - for 7.0L Gas and 4.5L Diesel Engines","NOCO","Amazon","Automotive",1937,046221180176,00046221180176,1210000618177,"N/A","Jump Starters",30,149.95,-49,3284,3284,-46,492480.24,492447.31,16414,4.6,"Amazon","N/A",1,53785,470,"Large Standard-Size",4.21,5.24,9.53,3.17,"N/A","N/A","11/30/2025",86,6,0,0.2
"https://amazon.com/dp/B0G7YQGM2L","https://m.media-amazon.com/images/I/71oov8YbFAL._SX450_.jpg","B0G7YQGM2L","HPBS 5000A Jump Starter with Air Compressor, Portable Car Battery Jump Starter with 150 PSI Tire Inflator for Up to 10.0L Gas and 8.0L Diesel Engines, 12V Jump Box Battery Charger Booster(Red)","HPBS","FBA","Automotive",1940,"N/A","N/A","N/A","N/A","Batteries & Accessories",47,69.98,-10,1510,1238,,106224,87153.73,42,4.7,"First AA","China",2,0,"N/A","Large Standard-Size",4.72,5.71,8.74,2.71,118.59,327.16,"02/28/2026",1,9,2,35.95
"https://amazon.com/dp/B0C1RVGN84","https://m.media-amazon.com/images/I/61wjKobk9NL._SX450_.jpg","B0C1RVGN84","AstroAI 2500A Portable Car Battery Jump Starter with 150PSI Air Compressor 30W Quick Charger, 14800mAh Jump Box (7.5L Gas & 5.0L Diesel) 12V Jump Box with Booster, LED Light, Jumper Cables","AstroAI","FBA","Automotive",1968,"N/A","N/A","N/A","N/A","Jump Starters",32,85.99,-31,4601,181,-56,349634.63,14535.93,99,4.2,"AstroAI Direct","USA",1,60414,"N/A","Large Standard-Size",5.39,7.01,9.72,4.17,184.9,510.08,"11/30/2025",31,8,13,46.48
"https://amazon.com/dp/B0DRNDL7QQ","https://m.media-amazon.com/images/I/71aqOehvVjL._SX450_.jpg","B0DRNDL7QQ","AstroAI Portable Car Jump Starter with Air Compressor, 150PSI 1750A Car Jumper Starter Battery Pack with Cordless Tire Inflator (7.5 Gas/5.0L Diesel), 12V Jump Box, Large LCD Display, Lights","AstroAI","FBA","Automotive",1969,"N/A","N/A","N/A","N/A","Batteries & Accessories",53,59.99,-44,4532,904,-44,343219.7,54207.28,12,4.5,"AstroAI Direct","USA",1,60478,"N/A","Large Standard-Size",4.09,7.44,8.74,3.28,133.9,369.38,"11/30/2025",9,7,13,377.69
"https://amazon.com/dp/B0FJDJB8W1","https://m.media-amazon.com/images/I/81wQX2hZEjL._SX450_.jpg","B0FJDJB8W1","AstroAI Beta822 3000A Jump Starter with Air Compressor, 150PSI Portable Tire Inflator with Auto-Shutoff, 12V Car Battery Booster (9.0 Gas/7.0L Diesel) with LED Light and Jumper Cables, Black","AstroAI","FBA","Automotive",1969,"N/A","N/A","N/A","N/A","Batteries & Accessories",53,79.99,-19,4532,634,-44,343219.7,44087.91,29,4.4,"AstroAI Direct","USA",1,60478,"N/A","Large Standard-Size",3.82,5.08,6.85,2.27,66.93,184.62,"11/30/2025",5,9,13,156.29
"https://amazon.com/dp/B0DZXG4LZ4","https://m.media-amazon.com/images/I/81Wi7JZcbLL._SX450_.jpg","B0DZXG4LZ4","AstroAl A30 Jump Starter with Air Compressor, 4000A &150PSI Portable Car Battery Jump Starter (10.0 Gas/8.0LDiesel) with Tire Inflator, 12V Battery Charger, 18W Quick Charge, Jumper Cables, Lights","AstroAI","FBA","Automotive",1969,"N/A","N/A","N/A","N/A","Jump Starters",32,109.99,65,4532,481,-44,343219.7,47831.17,49,4.7,"AstroAI Direct","USA",1,60478,"N/A","Large Standard-Size",4.41,6.1,10.12,3.22,137.06,378.11,"11/30/2025",12,9,13,92.5
"https://amazon.com/dp/B0G81KJ5CV","https://m.media-amazon.com/images/I/71yRYDBKeDL._SX450_.jpg","B0G81KJ5CV","HPBS 5000A Jump Starter with Air Compressor, Portable Car Battery Jump Starter with 150 PSI Tire Inflator for Up to 10.0L Gas and 8.0L Diesel Engines, 12V Jump Box Battery Charger Booster(Orange)","HPBS","FBA","Automotive",1972,"N/A","N/A","N/A","N/A","Batteries & Accessories",49,69.98,"N/A",1416,270,,99653.72,18994.87,43,4.7,"First AA","China",2,0,"N/A","Large Standard-Size",4.72,5.75,8.86,2.71,121.07,333.97,"02/28/2026",1,9,2,32.93
"https://amazon.com/dp/B08KJTKMCZ","https://m.media-amazon.com/images/I/71cV2COioDL._SX450_.jpg","B08KJTKMCZ","HALO Bolt Air 58830 Portable Car Battery Jump Starter | 100 PSI Air Compressor, 58.8Wh USB Power Bank, Emergency Floodlight & Charger, Jumps Cars SUVs & Trucks, Inflates Tires, TSA Approved — Camo","HALO","Amazon","Automotive",1973,840056123571,"N/A",0840056123571,"N/A","Jump Starters",30,129.99,-8,2949,146,-57,383331.23,19005.9,6318,4.7,"Amazon","N/A",1,0,"N/A","Large Standard-Size",4.49,6.26,11.26,4.12,"N/A","N/A","11/30/2025",65,8,5,0.47
"https://amazon.com/dp/B08KKY599B","https://m.media-amazon.com/images/I/71zn0pAkePL._SX450_.jpg","B08KKY599B","HALO Bolt Air 58830 Portable Car Battery Jump Starter | 100 PSI Air Compressor, 58.8Wh USB Power Bank, Emergency Floodlight & Charger, Jumps Cars SUVs & Trucks, Inflates Tires, TSA Approved — Gray","HALO","Amazon","Automotive",2055,840056122796,"N/A",0840056122796,"N/A","Jump Starters",33,129.99,-14,2949,715,-57,383331.23,92946.53,6318,4.7,"Amazon","N/A",1,0,"N/A","Large Standard-Size",4.41,6.34,11.18,4.14,"N/A","N/A","11/30/2025",65,8,5,0.47
"https://amazon.com/dp/B0DTDVBY2T","https://m.media-amazon.com/images/I/71QOGlOhSPL._SX450_.jpg","B0DTDVBY2T","Jump Starter 5500A, 12V Car Battery Jump Starter with USB Quick Charge (Up to 10.0L Gas or 9.0L Diesel Engine), Battery Booster with 3 Modes Flashlight and Jumper Cable","Sharmeal","FBA","Automotive",2109,"N/A","N/A","N/A","N/A","Batteries & Accessories",287,35.99,-29,1438,343,,54711.11,12740.11,62,4.5,"S-XM","China",1,0,"N/A","Large Standard-Size",3.66,5.39,10.75,1.74,106.77,294.54,"01/31/2026",8,9,8,23.19
"https://amazon.com/dp/B09W5SFK6L","https://m.media-amazon.com/images/I/71adCycWoAL._SX450_.jpg","B09W5SFK6L","Powrun P-ONE Jump Starter, 2000A Portable Jump Box - Car Jump Starter Battery Pack for up to 8.0L Gas and 6.5L Diesel Engines, 12V Battery Jump Starter with Carry Case (Orange)","Powrun","FBA","Automotive",2123,610840132092,"N/A",0610840132092,"N/A","Jump Starters",31,59.99,-39,2296,3826,,138200.12,235019.36,6011,4.6,"Powrun","China",2,0,"N/A","Large Standard-Size",4.03,7.13,8.82,3.44,127.48,351.67,"02/28/2026",47,7,2,0.38
"https://amazon.com/dp/B0FMRV8DK7","https://m.media-amazon.com/images/I/51yXeaKJNOL._SX450_.jpg","B0FMRV8DK7","8000A 160PSI Jump Starter with Air Compressor, 12V Car Battery Jump Starter Power Bank(All Gas/12L Diesel), Car Starter with LED Flashlight, Force Start, Jump Pack with Jump Leads","AIMAPOW","FBA","Automotive",2156,607609064442,"N/A",0607609064442,"N/A","Batteries & Accessories",54,89.99,-12,1180,985,8,93373.31,83954.45,632,4.7,"BIUBLE.US.STORE","China",2,0,"N/A","Large Standard-Size",4.84,6.1,9.8,3.22,145.85,402.35,"01/31/2026",3,7,2,1.87
"https://amazon.com/dp/B08KJNJJL2","https://m.media-amazon.com/images/I/71kVFmMwVnL._SX450_.jpg","B08KJNJJL2","HALO Bolt Air 58830 Portable Car Battery Jump Starter | 100 PSI Air Compressor, 58.8Wh USB Power Bank, Emergency Floodlight & Charger, Jumps Cars SUVs & Trucks, Inflates Tires, TSA Approved — Black","HALO","Amazon","Automotive",2200,840056122765,"N/A",0840056122765,"N/A","Jump Starters",35,129.99,-15,2949,1357,-57,383331.23,176389.36,6315,4.7,"Amazon","N/A",1,0,"N/A","Large Standard-Size",4.41,6.26,11.22,4.08,"N/A","N/A","11/30/2025",65,8,5,0.47
"https://amazon.com/dp/B0FBRV118J","https://m.media-amazon.com/images/I/81vG5pGrK6L._SX450_.jpg","B0FBRV118J","AUTOONE 10000A Car Jump Starter 24000mAh Car Battery Jumper Starter Portable 12V (All Gas/All Diesel) 168W DC Jump Box for Car Battery with Built-in Booster, Type-C Fast Charge Jump Pack","AUTOONE","FBA","Automotive",2221,"N/A","N/A","N/A","N/A","Batteries & Accessories",376,119.98,-52,175,972,,16547.54,151890.91,2811,4.6,"AUTO_DIRECT_STORE","China",1,0,"N/A","Large Standard-Size",4.21,5.59,9.57,3.09,113.39,312.8,"03/31/2026",7,9,0,0.06
"https://amazon.com/dp/B0FB7VKGSM","https://m.media-amazon.com/images/I/71CMsOLEa0L._SX450_.jpg","B0FB7VKGSM","AUTOONE M4 Jump Starter 8000A Car Battery Jumper Starter Portable, 12V Jump Pack (All Gas/12L Diesel) Jump Box for Car Battery with Built-in Booster, Storage Case, LED Light, Jumper Cables","AUTOONE","FBA","Automotive",2221,"N/A","N/A","N/A","N/A","Batteries & Accessories",376,69.97,23,175,170,,16547.54,14923.18,2714,4.6,"AUTO_DIRECT_STORE","China",1,0,"N/A","Large Standard-Size",4.13,4.96,8.62,2.38,88.9,245.25,"03/31/2026",8,9,0,0.06
"https://amazon.com/dp/B0DQ54YKH9","https://m.media-amazon.com/images/I/71UHjBb++hL._SX450_.jpg","B0DQ54YKH9","TREKURE Portable Car Battery Jump Starter 4000A 16800mAh Jump Box, Car Battery Jumper Starter Portable Jumper Cables for car(8.0L Gas/6.5L Diesel), Fast Charge, Lights, Compact","TREKURE","FBA","Automotive",2264,"N/A","N/A",6942078420066,"N/A","Jump Starters",37,46.76,-24,2422,2295,,117298.43,107288.55,3397,4.6,"Sherlick","N/A",3,0,"N/A","Large Standard-Size",3.39,5.75,8.54,1.59,83.71,230.93,"02/28/2026",12,6,2,0.71
"https://amazon.com/dp/B09F9CR89W","https://m.media-amazon.com/images/I/71fAPcPJYgL._SX450_.jpg","B09F9CR89W","NEXPOW Car Jump Starter 2026 Upgraded Car Battery Jump Starter Pack 3000A Peak for Up to 9.0L Gas and 7.0L Diesel Engine 12V Auto Battery starter Jumper Cables Portable Lithium Jump Box with USB QC3.0","NEXPOW","FBA","Automotive",2292,681013250318,"N/A",0681013250318,"N/A","Jump Starters",34,49.99,-27,1553,1553,-49,75963.32,75955.11,9556,4.5,"NEXPOW Direct","China",2,41814,-57,"Large Standard-Size",3.82,5.31,8.74,2.03,89.26,246.23,"12/31/2024",54,7,0,0.16
"https://amazon.com/dp/B0CTCPS76G","https://m.media-amazon.com/images/I/71HbNNyEEoL._SX450_.jpg","B0CTCPS76G","Acmount W160 Jump Starter with Air Compressor, 5000A Portable Car Jump Starter 150PSI Tire Inflator/Air Pump, 12V Battery(Up to 9L Gas/8L Diesel Engine) Jump Pack, Car Emergency Kit, Idea Gift for Man","Acmount","FBA","Automotive",2303,"N/A","N/A","N/A","N/A","Jump Starters",38,99.99,-27,1410,708,,93582.29,52863.69,844,4.6,"Acmount Direct","China",2,0,"N/A","Large Standard-Size",4.29,5.39,10.04,3.09,116.88,322.44,"02/28/2026",24,9,5,1.67
"https://amazon.com/dp/B0D2HDJ2TM","https://m.media-amazon.com/images/I/51xLIYXh2PL._SX450_.jpg","B0D2HDJ2TM","AstroAI S8 Air Jump Starter with Air Compressor, 3000A Peak Car Battery Jump Starter Portable (9.0 Gas/6.5L Diesel) with 150PSI Cordless Auto-Shutoff Tire Inflator, 12V Battery Charger Booster(Orange)","AstroAI","FBA","Automotive",2331,"N/A","N/A","N/A","N/A","Batteries & Accessories",63,89.99,-38,4651,2065,-51,354529.59,162326.22,1727,4.6,"AstroAI Direct","USA",2,60416,"N/A","Large Standard-Size",4.61,5.63,9.06,3.24,118.23,326.15,"11/30/2025",17,9,13,2.69
"https://amazon.com/dp/B0D4797GH9","https://m.media-amazon.com/images/I/71Gfw+XrbnL._SX450_.jpg","B0D4797GH9","AstroAI S8 Air Jump Starter with Air Compressor,3000A Peak Car Battery Jump Starter Portable (9.0 Gas/6.5L Diesel) with 150PSI Cordless Auto-Shutoff Tire Inflator, 12V Battery Charger Booster(Yellow)","AstroAI","FBA","Automotive",2331,"N/A","N/A","N/A","N/A","Batteries & Accessories",63,89.99,-29,4532,260,-44,343219.7,19308.69,63,4.3,"AstroAI Direct","USA",1,60478,"N/A","Large Standard-Size",4.57,5.59,9.13,3.24,117.43,323.94,"11/30/2025",11,9,13,71.94
"https://amazon.com/dp/B0FC1YDCND","https://m.media-amazon.com/images/I/81YsHlRIgaL._SX450_.jpg","B0FC1YDCND","AUTOONE M5 9000A Car Jump Starter 12V Battery Jumper Starter Portable (All Gas/All Diesel) 168W DC Jump Box for Car Battery with Built-in Booster, Type-C Fast Charge & Jumper Cables Jump Pack","AUTOONE","FBA","Automotive",2347,"N/A","N/A","N/A","N/A","Batteries & Accessories",384,99.99,-53,175,256,,16547.54,26775.74,2792,4.6,"AUTO_DIRECT_STORE","China",1,0,"N/A","Large Standard-Size",4.29,5.51,9.53,2.78,113.42,312.87,"03/31/2026",7,9,7,0.06
"https://amazon.com/dp/B0D53KBF1J","https://m.media-amazon.com/images/I/71R+bA3CJyL._SX450_.jpg","B0D53KBF1J","AUTOONE 6000A Car Battery Jump Starter Up to All Gas & 12L Diesel Engine, Car Battery Jumper Starter Portable 12V Jump Box with USB Output, Storage Case, LED Flashlight","AUTOONE","FBA","Automotive",2347,724087749668,00724087749668,0724087749668,"N/A","Jump Starters",36,69.99,-17,175,2607,,16547.54,163422.45,2811,4.6,"AUTO_DIRECT_STORE","China",3,0,"N/A","Large Standard-Size",4.21,5.28,9.61,2.25,107.55,296.69,"03/31/2026",21,9,7,0.06
"https://amazon.com/dp/B0G44SFS1Q","https://m.media-amazon.com/images/I/41ExFF+cAuL._SX450_.jpg","B0G44SFS1Q","GOOLOO A5 Jump Starter with Air Compressor","GOOLOO","FBA","Automotive",2393,"N/A","N/A","N/A","N/A","Batteries & Accessories",61,99.98,"N/A",3187,0,53,436569.64,"-",354,4.7,"GOOLOO","China",0,0,"N/A","N/A","N/A","N/A","N/A","N/A","N/A","N/A","01/31/2026",4,9,2,9.4
"https://amazon.com/dp/B0FWR22FR7","https://m.media-amazon.com/images/I/81iKypo7ncL._SX450_.jpg","B0FWR22FR7","AIMAPOW Portable Car Battery Jump Starter 8000A 20000mAh Jump Box, Car Jumper Starter Portable Jumper Cables for car(AllL Gas/10L Diesel), Fast Charge, Lights, Compact","AIMAPOW","FBA","Automotive",2445,684514187169,"N/A",0684514187169,"N/A","Batteries & Accessories",60,49.99,-25,1224,200,13,95531.65,9642.5,632,4.7,"BIUBLE.US.STORE","China",2,0,"N/A","Large Standard-Size",3.9,5.43,8.9,1.96,94.86,261.69,"01/31/2026",4,7,2,1.94
"https://amazon.com/dp/B0CNXV4DNR","https://m.media-amazon.com/images/I/71RKyBmL8FL._SX450_.jpg","B0CNXV4DNR","Jump Starter with Air Compressor, AUXITO 6000A Portable Car Jumper, 150PSI Digital Tire Inflator, 12V Jump Box for All Gas/8L Diesel Engine, Power Bank with Type-C Quick Charger, 400LM Emergency Light","AUXITO","FBA","Automotive",2455,198715868517,"N/A",0198715868517,"N/A","Jump Starters",39,99.99,-29,163,538,,15509.64,47565.97,1132,4.6,"AUXITO PARTS","China",3,0,"N/A","Large Standard-Size",4.76,5.35,9.84,3.24,126.16,348.04,"03/31/2026",25,9,0,0.14
"https://amazon.com/dp/B0D9VC6L8N","https://m.media-amazon.com/images/I/71wavuQffhL._SX450_.jpg","B0D9VC6L8N","TREKURE 8-in-1 Car Battery Jump Starter 8000A Peak 65W Fast Charging Portable Car Battery Jumper Starter Portable (All Gas/10L Diesel) Jump Box with Extended Jumper Cables","TREKURE","FBA","Automotive",2495,"N/A","N/A",6942129816794,"N/A","Batteries & Accessories",1301,99.99,55,2422,127,,117298.43,9985.52,434,4.7,"gerrit","China",2,0,"N/A","Large Standard-Size",4.69,8.19,10.71,3.84,207.12,571.37,"02/28/2026",7,7,2,5.58
"https://amazon.com/dp/B07C2VZGJY","https://m.media-amazon.com/images/I/71ujWPa5eEL._SX450_.jpg","B07C2VZGJY","NOCO GBC013 Boost Sport and Plus EVA Protection Case for GB20 and GB40 UltraSafe Lithium Jump Starters","NOCO","Amazon","Automotive",2505,727027014628,00046221170276,0727027014628,"N/A","Jump Starters",40,19.95,73,1576,1576,52,31446.39,31446.25,20295,4.8,"Amazon","N/A",1,0,"N/A","Large Standard-Size",4.02,6.32,10.51,0.88,"N/A","N/A","06/30/2025",95,9,2,0.08
"https://amazon.com/dp/B0FK5FL3BH","https://m.media-amazon.com/images/I/71xPf700q7L._SX450_.jpg","B0FK5FL3BH","AUXITO Jump Starter 8000A Portable Car Battery Jump Starter with Large LCD Display Jump Cable with Smart Clamps Power Bank Emergency Flashlight for Cars Heavy Duty Jumper Box for Car Battery","AUXITO","FBA","Automotive",2521,"N/A","N/A","N/A","N/A","Batteries & Accessories",609,99.99,-8,163,527,,15509.64,52714.92,1133,4.6,"AUXITO PARTS","China",2,0,"N/A","Large Standard-Size",4.37,10.16,10.79,2.95,241.2,665.37,"03/31/2026",5,8,5,0.14
"https://amazon.com/dp/B0CX8RWYDV","https://m.media-amazon.com/images/I/71kDqTw9+XL._SX450_.jpg","B0CX8RWYDV","LOKITHOR J400 2000A Jump Starter with ConnectMax Tech,12V Battery Portable Jumper Cable, Lithium Jump Box and Jump Pack for Up to 8.0L Gas and 6.0L Diesel Engines, Power Bank & Smart Digital Screen","LOKITHOR","FBA","Automotive",2569,198168761915,"N/A",0198168761915,"N/A","Jump Starters",38,59.97,-37,1105,53,-18,61237.05,3274.93,843,4.6,"LOKITHOR STORE","China",1,17839,"N/A","Large Standard-Size",4.21,4.49,8.43,1.94,80.23,221.32,"11/30/2025",19,9,5,1.31
"https://amazon.com/dp/B0G1YMWS58","https://m.media-amazon.com/images/I/81QpsD1eizL._SX450_.jpg","B0G1YMWS58","Jump Starter with Air Compressor, 8000A Car Battery Jump Starter (9.0 Gas/8.0L Diesel), 180PSI Car Battery Jumper Starter Portable 12V Jump Box with Jumper Cables, LED Light, Power Bank, LCD Display","Unleivpe","FBA","Automotive",2642,743352441625,"N/A",0743352441625,"N/A","Jump Starters",42,49.98,-2,2913,2913,,179405.04,179383.02,231,4.4,"Woot","USA",2,0,"N/A","Large Standard-Size",5.12,5.67,9.49,2.89,138.71,382.64,"02/28/2026",2,9,3,12.61
"https://amazon.com/dp/B0G2QWJ1WJ","https://m.media-amazon.com/images/I/61V1jpujkKL._SX450_.jpg","B0G2QWJ1WJ","5000A Jump Starter | Povasee A40 Car Battery Jump Starter, 12V Portable Power Pack for All Gas & 10L Diesel Engines, with 3"" LCD Display, Dual USB Output & Multi-Mode LED Light","Povasee","FBM","Automotive",2695,"N/A","N/A","N/A","N/A","Jump Starters",42,89.99,-20,1410,202,-59,114389.71,18147.32,686,4.4,"OneFirst","China",2,0,"N/A","Large Standard-Size",3.8,9,1.5,1.5,"N/A","N/A","11/30/2025",3,6,2,2.05
"https://amazon.com/dp/B0DBLNV4K4","https://m.media-amazon.com/images/I/41PVus8RjBL._SX450_.jpg","B0DBLNV4K4","[2026NEW Model] 5000A Jump Starter with Air Compressor,Car Jumper Starter Portable with 150PSI Tire Inflator 12V Jump Box with LCD Display,Flashlight,Storage Case (Up 9L Gas/8L Diesel Engine","Povasee","FBA","Automotive",2698,"N/A","N/A","N/A","N/A","Jump Starters",39,69.99,-23,1475,1286,-28,116153.25,99119.02,719,4.5,"OneFirst","China",4,0,"N/A","Large Standard-Size",4.13,5.35,9.09,2.8,101.12,278.96,"11/30/2025",18,7,2,2.05
"https://amazon.com/dp/B0FPFQRYG9","https://m.media-amazon.com/images/I/81PxCB5kv2L._SX450_.jpg","B0FPFQRYG9","Car Battery Jump Starter with Air Compressor, 4500A Powerful Battery Jumper Starter Portable with 150PSI Auto-Pause Pump, 12V Jump Box for Car Battery with 10-Safety Protection(9L Gas/8L Diesel)","Joltekon","FBA","Automotive",2706,"N/A","N/A",6942078423180,"N/A","Batteries & Accessories",67,55.99,-42,647,647,-57,50011.06,50007.15,108,4.8,"Aleprt","N/A",3,0,"N/A","Large Standard-Size",4.25,4.96,8.86,2.72,94.07,259.5,"11/30/2025",5,6,0,5.99
"https://amazon.com/dp/B0DP62YQJ5","https://m.media-amazon.com/images/I/81A1l31ILNL._SX450_.jpg","B0DP62YQJ5","Portable 10-in-1 Car Battery Jump Starter with Air Compressor 8000A 160PSI 45W Charger, Jump Starter Jump Box (All Gas 14L Diesel), Car Battery Jumper Starter Portable Jumper Cables, Gloves, Lights","BuTure VAC","FBA","Automotive",2823,"N/A","N/A",6975710726547,"N/A","Batteries & Accessories",71,169.99,2,4409,4409,,576919.42,576894.79,297,4.6,"TaTaNeat","China",3,0,"N/A","Large Standard-Size",5.08,6.54,11.46,4.78,191.69,528.8,"02/28/2026",3,6,0,14.85
"https://amazon.com/dp/B0C5M79JJC","https://m.media-amazon.com/images/I/61XdMs51l+L._SX450_.jpg","B0C5M79JJC","GOOLOO GT4000S Jump Starter 4000A Car Jumper Starter (Up to 10L Diesel All Gas Engines), 100W Fast-Charging Lithium Jump Box, SuperSafe Portable Car Battery Charger Power Bank for 12V Vehicles, Yellow","GOOLOO","FBA","Automotive",2858,"N/A","N/A","N/A","N/A","Jump Starters",42,149.99,-32,1717,161,-53,231125.11,22171.62,2558,4.6,"GOOLOO","China",1,0,"N/A","Large Standard-Size",4.8,4.96,10.04,4.03,120.43,332.23,"11/30/2025",32,8,2,0.67
"https://amazon.com/dp/B09M9HQG73","https://m.media-amazon.com/images/I/612JAVJbmhL._SX450_.jpg","B09M9HQG73","GOOLOO GT4000S Jump Starter 4000 Amp Car Starter 100W Two-Way Fast-Charging Portable Car Battery Charger Booster Pack for 10L Diesel and All Gas Engines, SuperSafe Lithium Jump Box for 12V Vehicles","GOOLOO","FBA","Automotive",2858,"N/A",33487794897135,"N/A","N/A","Jump Starters",42,149.99,-2,1742,1586,-55,234895.96,213508.84,2558,4.6,"GOOLOO","China",2,0,"N/A","Large Standard-Size",4.84,4.88,9.92,4.41,117.96,325.42,"11/30/2025",52,7,2,0.68
"https://amazon.com/dp/B0B55RFM1Z","https://m.media-amazon.com/images/I/61MCQPwo4cL._SX450_.jpg","B0B55RFM1Z","Acmount P100 Car Jump Starter, 5000A Peak Lithium Jump Starter Battery Pack for Up to 10.0L Gas or 8.0L Diesel Engine, Safe 12V Portable Battery Starter Power Pack with LED Screen & LED Light","Acmount","FBA","Automotive",2897,"N/A","N/A","N/A","N/A","Jump Starters",43,69.99,27,1410,542,,93582.29,32908.21,3578,4.5,"Grizzlies CN","China",2,0,"N/A","Large Standard-Size",4.06,5.08,9.13,2.16,94.81,261.53,"02/28/2026",43,7,5,0.39
"https://amazon.com/dp/B0D66BGKLS","https://m.media-amazon.com/images/I/71aczglaKbL._SX450_.jpg","B0D66BGKLS","Jump Starter with Air Compressor, Acmount 5000A Car Battery Jump Starter with 150PSI Tire Inflator for Up to 9.0 Gas/8.0L Diesel, 12V Portable Jump Starter Box with LCD Display, Light (Orange&Black)","Acmount","FBA","Automotive",2897,"N/A","N/A","N/A","N/A","Batteries & Accessories",1193,99.99,-34,1410,55,,93582.29,4706.72,47,4.5,"Acmount Direct","China",1,0,"N/A","Large Standard-Size",4.25,5.35,10,3.15,114.48,315.8,"02/28/2026",19,6,5,29.99
"https://amazon.com/dp/B0B681QJ9Z","https://m.media-amazon.com/images/I/61jSSFrbYSL._SX450_.jpg","B0B681QJ9Z","Acmount P110 Car Jump Starter, 6000A Peak Lithium Jump Starter Battery Pack for Up to 10.0L Gas or 8.0L Diesel Engine, Safe 12V Portable Battery Starter Power Pack with LED Screen & LED Light - Orange","Acmount","FBA","Automotive",2899,"N/A","N/A","N/A","N/A","Batteries & Accessories",1193,59.99,-10,1410,229,,93582.29,12977.62,4,5,"Grizzlies CN","China",1,0,"N/A","Large Standard-Size",4.06,5.2,9.06,2.23,96.3,265.66,"02/28/2026",5,8,5,352.39
"https://amazon.com/dp/B0FK5FGQN1","https://m.media-amazon.com/images/I/81hq-zvm+wL._SX450_.jpg","B0FK5FGQN1","AUXITO 6000A Jump Starter, 12V Car Battery Jump Starter, Up to All Gas & 12L Diesel Engine with LED Display, Portable Jump Box with 3 Modes Flashlight and Jumper Cable, Storage Case","AUXITO","FBA","Automotive",2950,"N/A","N/A","N/A","N/A","Jump Starters",44,79.99,-11,163,1407,,15509.64,96502.66,1133,4.6,"AUXITO PARTS","China",3,0,"N/A","Large Standard-Size",4.49,5.47,9.84,2.78,121.68,335.66,"03/31/2026",5,9,5,0.14
"https://amazon.com/dp/B0DGLSYPQC","https://m.media-amazon.com/images/I/715X-mODCSL._SX450_.jpg","B0DGLSYPQC","Jump Starter: 7000A Portable Car Battery-Jumper for All Gas or up to 12L Diesel, 3 in 1 Multi-Function 12V Auto Battery Booster Jump Box with 4000LM Camping Light and 16000mAh Power Bank","AUXITO","FBA","Automotive",2950,"N/A","N/A","N/A","N/A","Batteries & Accessories",701,69.99,-41,163,340,,15509.64,18572.13,1110,4.6,"AUXITO PARTS","China",1,0,"N/A","Large Standard-Size",4.88,5.2,9.72,3.04,124.18,342.58,"03/31/2026",16,8,5,0.15
"https://amazon.com/dp/B08M41FX48","https://m.media-amazon.com/images/I/412TiAH208L._SX450_.jpg","B08M41FX48","Hulkman Alpha85,Space Gray,2000A 74Wh Smart Jump Starter,12V Portable Car Battery Booster with 3.3"" Display,USB-C Power Pack,5-Mode Flashlight,Jumper Cables for up to 8.5L Gas/6.0L Diesel","Hulkman","FBA","Automotive",3022,761062119573,"N/A",0761062119573,"N/A","Jump Starters",46,199.99,-53,2014,1376,,350469.38,242979.76,13232,4.7,"HULKMAN Direct","China",2,0,"N/A","Large Standard-Size",4.41,5.67,10.71,4.23,134.83,371.94,"02/28/2026",65,9,4,0.15
"https://amazon.com/dp/B095KG64PR","https://m.media-amazon.com/images/I/719wDlmKCML._SX450_.jpg","B095KG64PR","Hulkman Alpha85,Cobalt Blue,2000A 74Wh Smart Jump Starter, 12V Portable Car Battery Booster with 3.3"" Display, USB-C Power Pack, 5-Mode Flashlight, Jumper Cables for up to 8.5L Gas/6.0L Diesel","Hulkman","FBA","Automotive",3022,761062119559,"N/A",0761062119559,"N/A","Batteries & Accessories",270,109.99,-25,2014,666,,350469.38,113133.17,218,4.8,"HULKMAN Direct","China",1,0,"N/A","Large Standard-Size",4.33,5.67,10.79,4.21,133.37,367.93,"02/28/2026",55,9,4,0.15
"https://amazon.com/dp/B0DG5RZFPJ","https://m.media-amazon.com/images/I/71x2QvITw+L._SX450_.jpg","B0DG5RZFPJ","Hulkman Alpha Pro 1500A Jump Starter, 44.4Wh High-Capacity Car Battery Jump Starter, PD65W Fast Charging in & Out, 3.3"" Smart Display Jump Box, 12V Jump Pack for 7.5L Gas/4.5L Diesel, Solid Black","Hulkman","FBA","Automotive",3022,"N/A","N/A","N/A","N/A","Batteries & Accessories",270,99.99,-27,2014,15,,350469.38,1442.95,45,4.5,"HULKMAN Direct","China",1,0,"N/A","Large Standard-Size",4.37,5.59,10.83,3.86,133.2,367.44,"02/28/2026",16,10,4,43.78
"https://amazon.com/dp/B0CL8RYBKX","https://m.media-amazon.com/images/I/51BA1KzsRpL._SX450_.jpg","B0CL8RYBKX","DEWALT DXAEPS14 2000 Peak Battery Amp 12V Automotive Battery Booster Jump Starter/Power Station with 120 PSI Compressor, 500W AC Power Inverter, and 15W USBa & 25W USB Ports","DEWALT","Amazon","Automotive",3256,814632015505,"N/A",0814632015505,"N/A","Jump Starters",46,209,-13,1425,1425,363,297624.59,297624.47,714,4.4,"Amazon","N/A",5,9383,"N/A","Large bulky",8.25,14.25,14.75,22.65,"N/A","N/A","01/31/2026",28,7,0,2.01
"https://amazon.com/dp/B0G8Z1CH26","https://m.media-amazon.com/images/I/41nL6xAwFzL._SX450_.jpg","B0G8Z1CH26","6000A Jump Starter with Air Compressor, Car Battery Jump Starter Portable (10.0 Gas/10.0L Diesel), 150 PSI 12V Car Battery Jump Box with Tire Inflator, Jumper Cables, LED Light, LED Display","Scatach","FBA","Automotive",3258,"N/A","N/A","N/A","N/A","Batteries & Accessories",80,46.89,-11,1159,1159,,86138.81,86137.51,68,4.6,"manhuipower","China",1,0,"N/A","Large Standard-Size",4.69,5.16,9.37,2.84,114.17,314.94,"02/28/2026",2,7,3,17.04
"https://amazon.com/dp/B0FN85L5GW","https://m.media-amazon.com/images/I/71A8fuEn4-L._SX450_.jpg","B0FN85L5GW","NACKEO Car Jump Starter 7000A Car Battery Jump Starter Portable Pack for Up to All Gas and 10.0L Diesel Engine 12V Jump Box, Jump Pack, Battery Booster with Jumper Cable, Lights,Storage Case, Compact","NACKEO","FBA","Automotive",3300,684514184526,"N/A",0684514184526,"N/A","Batteries & Accessories",83,37.99,-45,843,642,,29299.17,24349,346,4.5,"NACKEO AUTO","China",3,0,"N/A","Large Standard-Size",2.24,7.87,9.57,1.9,85.11,234.79,"02/28/2026",3,7,2,2.44
"https://amazon.com/dp/B0FM3KXVCH","https://m.media-amazon.com/images/I/71K-jKsC5SL._SX450_.jpg","B0FM3KXVCH","Car Battery Jump Starter with OBD2 Scanner 5000A, Car Battery Jumper Starter Portable (All Gas/10L Diesel), 12V Jump Box Jumper Cables, Code Reader for Check Engine Light, Diagnostic Tool","TREKURE","FBA","Automotive",3546,"N/A","N/A",6942078422985,"N/A","Batteries & Accessories",92,109.99,-23,959,1320,2238,92750.23,132443.63,531,4.7,"KAClCAL","China",3,0,"N/A","Large Standard-Size",4.17,5.59,10,2.65,117.46,324.04,"01/31/2026",4,6,0,1.81
"https://amazon.com/dp/B01GQDBNWS","https://m.media-amazon.com/images/I/617fWdbZUcL._SX450_.jpg","B01GQDBNWS","Clore Automotive Jump-N-Carry JNC770R 1700 Peak Amp Premium 12 Volt Jump Starter - Red","Clore Automotive","Amazon","Automotive",3564,010271025169,00010271025169,0010271025169,"N/A","Jump Starters",49,157.6,-25,1451,1451,-2,230895.5,230894.47,5315,4.5,"Amazon","N/A",24,17821,6,"Large Standard-Size",6,14,16,25.6,"N/A","N/A","11/30/2024",115,5,0,0.27
"https://amazon.com/dp/B0CX8RWVZ9","https://m.media-amazon.com/images/I/71CTDdJvQvL._SX450_.jpg","B0CX8RWVZ9","LOKITHOR J400 Jump Starter with ConnectMax Tech, 2000A 12V Battery Jumper Starter Portable, Lithium Jump Box and Jump Pack for Up to 8.0-Liter Gas and 6.0-Liter Diesel Engines, Smart Digital Screen","LOKITHOR","FBA","Automotive",3685,198168483763,"N/A",0198168483763,"N/A","Jump Starters",51,59.97,-55,1105,78,-18,61237.05,4796.69,15,4,"LOKITHOR STORE","China",1,17839,"N/A","Large Standard-Size",4.29,4.53,8.35,1.92,81.7,225.38,"11/30/2025",13,9,5,73.67
"https://amazon.com/dp/B0CX8ZWKWB","https://m.media-amazon.com/images/I/41wRj34-6ML._SX450_.jpg","B0CX8ZWKWB","LOKITHOR J400 2000A 12V Portable Lithium Jump Starter, Car Battery Booster Pack, USB-C Powerbank Charger, and Jumper Cables for Upto 8.0-Liter Gas and 6.0-Liter Diesel Engines","LOKITHOR","FBA","Automotive",3685,198168827932,"N/A",0198168827932,"N/A","Jump Starters",51,59.97,-63,1105,127,-18,61237.05,7256.39,843,4.6,"LOKITHOR STORE","China",1,17839,"N/A","Large Standard-Size",4.21,4.61,8.31,1.9,81.2,224,"11/30/2025",20,9,5,1.31
"https://amazon.com/dp/B08NPGCFSG","https://m.media-amazon.com/images/I/71FMJsMh6bL._SX450_.jpg","B08NPGCFSG","AVAPOW 6000A Car Battery Jump Starter(for All Gas or up to 12L Diesel) Powerful Car Jump Starter with Dual USB Quick Charge and DC Output,12V Jump Pack with Built-in LED Bright Light","AVAPOW","FBA","Automotive",3694,704219007262,"N/A",0704219007262,"N/A","Jump Starters",50,169.99,-30,1479,1479,-45,244661.93,244659.59,8750,4.4,"AVAPOW Direct","China",9,30848,-61,"Large Standard-Size",5.67,6.02,11.1,4.92,190.76,526.22,"11/30/2024",62,8,0,0.17
"https://amazon.com/dp/B0CGJ5GZWM","https://m.media-amazon.com/images/I/41TOeyOksQL._SX450_.jpg","B0CGJ5GZWM","YaberAuto 9-in-1 Jump Starter with Air Compressor 5500A 150PSI Portable Car Battery Jump Starter (All Gas/10L Diesel), 12V Jump Box Car Battery Jumper Starter Portable with Jumper Cables, 160W DC Out","YaberAuto","FBA","Automotive",3810,"N/A","N/A",6975710735365,"N/A","Batteries & Accessories",92,69.99,-54,951,951,-47,71176.98,71167.88,2733,4.4,"JessiBest","China",4,12420,-78,"Large Standard-Size",4.29,5.43,9.97,3.23,116.98,322.69,"11/30/2024",29,6,0,0.35
"https://amazon.com/dp/B08WYKD6TY","https://m.media-amazon.com/images/I/41Mrd-9hCrS._SX450_.jpg","B08WYKD6TY","NOCO Boost X GBX75: 2500A UltraSafe Jump Starter – 12V Lithium Battery Booster Pack, Portable Jump Box, Power Bank & Jumper Cables - for 8.5L Gas and 6.5L Diesel Engines","NOCO","Amazon","Automotive",3956,046221200089,00046221200089,0046221200089,"N/A","Jump Starters",53,249.95,-17,1546,1546,44,364173.81,364158.28,5448,4.2,"Amazon","N/A",1,21177,256,"Large Standard-Size",4.88,7.52,9.96,4.96,"N/A","N/A","11/30/2025",61,7,0,0.28
"https://amazon.com/dp/B09VSYLWXM","https://m.media-amazon.com/images/I/81EBQAW+C2L._SX450_.jpg","B09VSYLWXM","BOOKOO Car Battery Jump Starter 4000A,16000mAh Portable Battery Jumper Cables for Car 8L Gas 7L Diesel Engines,Jump Box with USB QC 3.0 PD 18W Fast Charging,3 LED Modes with SOS for Emergency Use","BooKoo","FBA","Automotive",4052,645716648681,"N/A",0645716648681,"N/A","Jump Starters",54,49.99,-17,769,496,19,31419,19979.33,2832,4.5,"BOOKOO","China",2,0,"N/A","Large Standard-Size",4.29,7.68,9.72,1.72,161.24,444.79,"02/28/2026",47,9,3,0.27
"https://amazon.com/dp/B0CQJYXQL8","https://m.media-amazon.com/images/I/41DAFbAv7-L._SX450_.jpg","B0CQJYXQL8","Portable Car Jump Starter with Air Compressor, ACEZUK 150PSI 8000A Jump Starter (All Gas/10.0L Diesel), 12V Battery Jump Box Car Battery Jumper Starter with 3.4"" LCD Display, 2 Lights","ACEZUK","FBA","Automotive",4084,"N/A","N/A","N/A","N/A","Jump Starters",56,59.99,-37,1551,2128,17,148422.22,194518.22,1088,4.6,"SoxiSwce YS","China",6,0,"N/A","Large Standard-Size",5.08,5.79,10,3.35,148.09,408.52,"11/30/2025",25,8,5,1.43
"https://amazon.com/dp/B01D42TYFC","https://m.media-amazon.com/images/I/71bHrGfPSiL._SX450_.jpg","B01D42TYFC","DBPOWER Peak 3000A 18000mAh Portable Car Jump Starter (up to 8.0L Gas, 6.0L Diesel Engine) Battery Booster with Smart Charging Port, Compass, LCD Screen and LED Light (Black/Red)","DBPOWER","FBA","Automotive",4233,"N/A",06955097882111,6955097882111,"N/A","Jump Starters",57,49.99,-25,1650,1650,-62,71514.95,71514.39,18501,4.4,"Petlucky official","China",7,0,"N/A","Large Standard-Size",4.02,4.61,8.54,2.09,79.68,219.81,"11/30/2025",119,8,1,0.09
"https://amazon.com/dp/B09VXJBFKY","https://m.media-amazon.com/images/I/714-WjIjODL._SX450_.jpg","B09VXJBFKY","BOOKOO A9 Jump Starter 4000A for Car,Boat,Lawnmower 12L Gas&10L Diesel Engines Portable 12V Car Battery Jump Starter with Jumper Cables,Quick Charging USB Ports and USB C,3 LED Modes and Storage Box","BooKoo","FBA","Automotive",4412,645716648698,"N/A",0645716648698,"N/A","Jump Starters",56,37.99,-28,769,178,19,31419,8106.39,2832,4.5,"BOOKOO","China",1,0,"N/A","Large Standard-Size",3.74,7.52,9.13,2.03,129.28,356.64,"02/28/2026",48,9,3,0.27
"https://amazon.com/dp/B0DMWCLG2C","https://m.media-amazon.com/images/I/71xCbrRVTmL._SX450_.jpg","B0DMWCLG2C","Jump Starter with Air Compressor, 8000A 150PSI Portable Car Jump Starter, 12V Jump Start Pack (All Gas/12L Diesel),Portable Car Jump Starter with Smart Jump Cables, LED Lights","ACEZUK","FBA","Automotive",4490,"N/A","N/A","N/A","N/A","Batteries & Accessories",1861,52.99,-43,1551,316,17,148422.22,18152.67,70,4.5,"SoxiSwce YS","China",3,0,"N/A","Large Standard-Size",5.79,6.89,8.74,3.42,175.54,484.26,"11/30/2025",13,7,5,22.16
"https://amazon.com/dp/B0F13M2HCG","https://m.media-amazon.com/images/I/71ejPxFJuYL._SX450_.jpg","B0F13M2HCG","Car Jump Starter with Air Compressor, 9000A 160PSI Jump Starter Pack (All Gas/10.0L Diesel), 12V Battery Jump Starter with Display, Smart Jumper Cables, 2 LED Light","YUSMAN","FBA","Automotive",4613,607609064091,"N/A",0607609064091,"N/A","Batteries & Accessories",121,79.99,-45,947,285,13,75910.46,21601.76,1283,4.7,"YUSMAN US","China",5,0,"N/A","Large Standard-Size",4.88,6.57,10.51,3.15,169.65,468.01,"11/30/2025",7,7,3,0.74
"https://amazon.com/dp/B0G6D3TC3W","https://m.media-amazon.com/images/I/41cC2uzRrtL._SX450_.jpg","B0G6D3TC3W","5000A Car Battery Jump Starter with Air Compressor 160PSI, Jumper Starter Portable for 7.0L Gas/6.0L Diesel, Jump Box for Car Battery with Tire Inflator & Power Bank& Jumper Cables, Emergency Kit","Soramir","FBA","Automotive",4676,717496012645,"N/A",0717496012645,"N/A","Batteries & Accessories",122,71.49,-54,1803,1803,,143580.16,143562.06,123,4.7,"StarST","N/A",1,0,"N/A","Large Standard-Size",4.65,5.59,10.83,2.84,141.73,390.99,"02/28/2026",2,9,2,14.66
"https://amazon.com/dp/B0DT5YNC5Z","https://m.media-amazon.com/images/I/41DtLZvfwIL._SX450_.jpg","B0DT5YNC5Z","GOOLOO 6000A Jump Starter GT6000 Car Starter with 100W Bi-Directional Fast Charge, Powerful 12V Auto Battery Booster(All Gas & up to 12L Diesel Engine), Supersafe Portable Jump Box for Emergency Use","GOOLOO","FBA","Automotive",4783,"N/A","N/A","N/A","N/A","Batteries & Accessories",119,169.99,-24,1307,1307,-26,210170.22,210166.77,326,4.5,"GOOLOO","China",1,13334,"N/A","Large Standard-Size",4.88,4.92,9.96,4.37,120.4,332.13,"01/31/2026",12,9,0,4.01
"https://amazon.com/dp/B0D2VRQH4H","https://m.media-amazon.com/images/I/71wa-HYNFLL._SX450_.jpg","B0D2VRQH4H","Jump Starter with Air Compressor, Acmount 5000A Car Battery Jump Starter with 150PSI Tire Inflator for Up to 9.0 Gas/8.0L Diesel, 12V Portable Jump Starter Box with LCD Display, Light (Blue)","Acmount","FBA","Automotive",4806,"N/A","N/A","N/A","N/A","Batteries & Accessories",1181,99.99,-47,1410,69,,93582.29,6172.52,58,4.5,"Acmount Direct","China",1,0,"N/A","Large Standard-Size",4.29,5.47,9.92,3.15,117.2,323.31,"02/28/2026",20,6,5,24.3
"https://amazon.com/dp/B0FH28XVCH","https://m.media-amazon.com/images/I/51UOG61nPZL._SX450_.jpg","B0FH28XVCH","Gehopow 12v Jump Starter for 10.0L Gas/8.0L Diesel, 6000A Peak Car Battery Jumper Starter Portable, IP66 Waterproof Jump Box with Emergency Light and Storage Case","GEHOPOW","FBA","Automotive",4853,702909872688,"N/A",0702909872688,"N/A","Batteries & Accessories",123,31.98,-20,1415,1415,203,43057.14,43042.88,139,4.4,"elecwizards","China",1,4459,588,"Large Standard-Size",4.13,5.12,8.54,1.65,90.92,250.81,"02/28/2026",7,6,2,10.64
"https://amazon.com/dp/B0FM3HJZY2","https://m.media-amazon.com/images/I/71+7EcLoyIL._SX450_.jpg","B0FM3HJZY2","Car Battery Jump Starter, 4000A Battery Jumper Starter Portable (for 9.0L Gas or 7.0L Diesel Engine), Jump Box, Jump Starter Battery Pack with Jumper Cable, LED Light, USB QC3.0 (Red)","SUCFOCUS","FBA","Automotive",4886,721545056252,"N/A",0721545056252,"N/A","Batteries & Accessories",132,49.99,-12,783,783,-26,34431.62,34431.5,653,4.6,"Szx direct","China",1,0,"N/A","Large Standard-Size",3.62,4.13,8.19,1.41,61.65,170.06,"11/30/2025",6,8,4,1.21
"https://amazon.com/dp/B0DFGDF6LK","https://m.media-amazon.com/images/I/71o5h+uGO5L._SX450_.jpg","B0DFGDF6LK","Jump Starter with Air Compressor, 8000A 160PSI Jump Starter Pack (10.0 Gas/7.0L Diesel), 12V Car Jump Starter, Battery Jump Starter with Display, Smart Jumper Cables, 2 LED Light","YUSMAN","FBA","Automotive",4938,"N/A","N/A","N/A","N/A","Batteries & Accessories",128,79.99,-35,947,1333,13,75910.46,100060.7,1268,4.6,"YUSMAN US","China",7,0,"N/A","Large Standard-Size",4.84,6.57,10.08,2.95,161.56,445.68,"11/30/2025",11,7,3,0.75
"https://amazon.com/dp/B0FDG2S4MH","https://m.media-amazon.com/images/I/61e9gyIMHmL._SX450_.jpg","B0FDG2S4MH","Jump Starter with Air Compressor, 4000A Car Battery Jump Starter(ALL Gas/8.0L Diesel) with 150PSI Tire Inflator 12V Car Battery Jump Power, 15000mAh PowerBank With LED Light, with Type-C Quick Charge.","Capapro","FBA","Automotive",5121,"N/A","N/A","N/A","N/A","Jump Starters",61,47.59,71,848,848,146,46590.22,46585.88,279,4.6,"vihihotbom","China",2,0,"N/A","Large Standard-Size",4.41,9.49,9.84,2.58,207.34,571.96,"11/30/2025",8,9,0,3.04
"https://amazon.com/dp/B0002SQTZ0","https://m.media-amazon.com/images/I/51kfn-S07aL._SX450_.jpg","B0002SQTZ0","Clore Automotive Truck PAC ES1224 3000/1500 Peak Amp 12/24V Jump Starter","Clore Automotive","Amazon","Automotive",5175,010271012824,00010271012824,0010271012824,"N/A","Jump Starters",62,358.47,-41,1331,138,-1,226653.68,49564.4,389,3.9,"Amazon","N/A",15,16634,5,"Large bulky",10,17.22,19,44.3,"N/A","N/A","11/30/2024",180,3,5,3.43
"https://amazon.com/dp/B0002SQTYG","https://m.media-amazon.com/images/I/61hqncEJUPL._SX450_.jpg","B0002SQTYG","Clore Automotive Booster PAC ES2500 1100 Peak Amp 12V Jump Starter, 900 Amps","Clore Automotive","FBM","Automotive",5217,777986025012,00010271025329,0777986025012,"N/A","Jump Starters",63,108.62,-16,1331,204,-1,226653.68,22116.91,440,4.2,"Homestead Supply & More ✅","USA",20,16634,5,"Large bulky",4.76,12.19,18.05,18.14,"N/A","N/A","11/30/2024",180,3,5,3.03
"https://amazon.com/dp/B0D45XZL14","https://m.media-amazon.com/images/I/71YWyn8TwaL._SX450_.jpg","B0D45XZL14","HALO Bolt Air+ 1750 Portable Car Battery Jump Starter | 130 PSI Air Compressor, 59.9Wh USB Power Bank, Large Display, Emergency Floodlight & Charger, Jumps Cars SUVs & Trucks, Inflates Tires — Purple","HALO","Amazon","Automotive",5229,645397942733,"N/A",0645397942733,"N/A","Jump Starters",63,186.89,-55,1053,124,-43,159625.92,23380.28,589,4.7,"Amazon","N/A",1,0,"N/A","Large Standard-Size",4.61,6.54,11.61,4.28,"N/A","N/A","11/30/2025",21,8,7,1.79
"https://amazon.com/dp/B0GJCW8WNF","https://m.media-amazon.com/images/I/41WwBzJt0XL._SX450_.jpg","B0GJCW8WNF","Jump Starter with Air Compressor,Car Battery Jump Starter (9.0 Gasoline/6.5L Diesel) with 150PSI Digital tire inflator Portable,12V Power Pack Car Jump Box Charger with LCD Display, Lights","Tinyoak","FBA","Automotive",5237,803173647467,"N/A",0803173647467,"N/A","Batteries & Accessories",141,54.98,-150,25,25,,1354.56,1354.55,226,4.6,"qingxuling","China",1,0,"N/A","Large Standard-Size",2.83,6.85,7.32,2.23,71.44,197.09,"03/31/2026",2,7,2,0.11
"https://amazon.com/dp/B0BMTRD9GL","https://m.media-amazon.com/images/I/612NE1pk2EL._SX450_.jpg","B0BMTRD9GL","VTOMAN X1 Jump Starter with Air Compressor, Car Battery Jumper Starter (Up to 8.5L Gas/6L Diesel Engine) with 150PSI Auto Tire Inflator, 12V Portable Booster Pack, Lithium Jump Box Charger-Black","VTOMAN","FBA","Automotive",5271,"N/A","N/A","N/A","N/A","Jump Starters",66,89.99,-23,1012,932,-42,81228.45,74786.7,3106,4.6,"VTOMAN","China",1,16550,"N/A","Large Standard-Size",4.72,5,8.78,3.35,104.32,287.79,"11/30/2025",33,9,3,0.33
"https://amazon.com/dp/B000JFHNQA","https://m.media-amazon.com/images/I/41PftiKXHML._SX450_.jpg","B000JFHNQA","Clore Automotive Booster PAC ES5000 1500 Peak Amp 12V Jump Starter","Clore Automotive","Amazon","Automotive",5368,814227018133,10010271012838,8565169107882,"N/A","Jump Starters",64,135.99,-21,1339,831,-8,231126.84,112974.33,3954,4.6,"Amazon","N/A",13,16546,5,"Large bulky",4.87,12.1,18.1,20.75,"N/A","N/A","11/30/2024",144,5,5,0.34
"https://amazon.com/dp/B000JFNAJY","https://m.media-amazon.com/images/I/41YiF13krzL._SX450_.jpg","B000JFNAJY","Clore Automotive Truck PAC ES6000 3000 Peak Amp 12V Jump Starter","Clore Automotive","Amazon","Automotive",5372,777986060037,00777986060037,0777986060037,"N/A","Jump Starters",64,267.82,-40,1331,155,-1,226653.68,41481.17,602,4.2,"Amazon","N/A",15,16634,5,"Large bulky",10,17.15,18.9,41.45,"N/A","N/A","11/30/2024",180,3,5,2.21
"https://amazon.com/dp/B0CX8SGJX4","https://m.media-amazon.com/images/I/71d6Umbib5L._SX450_.jpg","B0CX8SGJX4","LOKITHOR J400 2000A 12V Portable Lithium Jump Starter, Car Battery Booster Pack, USB-C Powerbank Charger, and Jumper Cables for Upto 8.0-Liter Gas and 6.0-Liter Diesel Engines","LOKITHOR","FBA","Automotive",5515,198168214701,"N/A",0198168214701,"N/A","Jump Starters",64,59.97,-51,1105,168,-18,61237.05,9912.46,843,4.6,"LOKITHOR STORE","China",1,17839,"N/A","Large Standard-Size",4.25,4.53,8.39,1.9,81.33,224.35,"11/30/2025",20,9,5,1.31
"https://amazon.com/dp/B07QS5NFMY","https://m.media-amazon.com/images/I/81MU1dtT-iL._SX450_.jpg","B07QS5NFMY","Stanley J5C09D 1200 Peak Amp Automotive Jump Starter, Portable Power – 2.1A/10W USB Port, 120 PSI Air Compressor","STANLEY","Amazon","Automotive",5681,814632013846,00814632013846,0814632013846,"N/A","Jump Starters",67,109,-37,1342,357,,122666.34,41399.86,2009,4.2,"Amazon","N/A",1,0,"N/A","Large bulky",8.9,11.6,14.2,16.4,"N/A","N/A","02/28/2026",83,10,4,0.67
"https://amazon.com/dp/B07QR1CVRF","https://m.media-amazon.com/images/I/71wKfc6cbXL._SX450_.jpg","B07QR1CVRF","Stanley J7C09D 1400 Peak Amp Automotive Jump Starter, Portable Power – Triple 15W USB Ports, 120 PSI Air Compressor for Tires & Sports Equipment","STANLEY","Amazon","Automotive",5682,814632013839,00814632013839,0814632013839,"N/A","Jump Starters",67,145.65,-25,1342,150,,122666.34,23626.03,1469,4.1,"Amazon","N/A",2,0,"N/A","Large bulky",9,11.59,14,17.45,"N/A","N/A","02/28/2026",83,12,4,0.91
"https://amazon.com/dp/B002X6VXL4","https://m.media-amazon.com/images/I/81BSeorduJL._SX450_.jpg","B002X6VXL4","STANLEY J5C09 1000 Peak Amp Automotive Jump Starter, Portable Power – 2.1A/10W USB Port, 12V Outlet, 120 PSI Air Compressor for Tires, Bikes & Sports Equipment","STANLEY","Amazon","Automotive",5682,897450002476,00897450002476,0897450002476,"N/A","Jump Starters",67,72.72,-29,1342,557,,122666.34,38898.89,16657,4.2,"Amazon","N/A",6,0,"N/A","Large bulky",9,11.8,14,17.71,"N/A","N/A","02/28/2026",143,10,4,0.08
"https://amazon.com/dp/B00RZXVQSU","https://m.media-amazon.com/images/I/91lFEH+9rLL._SX450_.jpg","B00RZXVQSU","Stanley J7CS 700 Peak Amp Automotive Jump Starter, Portable Power – Triple 15W USB Ports, 120 PSI Air Compressor","STANLEY","Amazon","Automotive",5682,814632011972,00814632011972,0814632011972,"N/A","Jump Starters",67,79.99,-31,1342,278,,122666.34,18733.25,10171,3.9,"Amazon","N/A",3,0,"N/A","Large bulky",8.4,11.5,12,10.74,"N/A","N/A","02/28/2026",134,10,4,0.13
"https://amazon.com/dp/B09HYVM6ZT","https://m.media-amazon.com/images/I/61WrFboPFkL._SX450_.jpg","B09HYVM6ZT","GOOLOO Upgraded GP3000 Jump Starter 3000A Peak Car Starter (Up to 9L Gas or 7L Diesel Engine) 12V Jump Box Auto Lithium Battery Booster SuperSafe Portable Power Pack with USB Quick Charge, Type-C Port","GOOLOO","FBA","Automotive",5768,"N/A","N/A","N/A","N/A","Jump Starters",68,84.99,2,1313,1197,-25,101881.62,90855.66,4154,4.7,"GOOLOO","China",1,20619,"N/A","Large Standard-Size",4.17,5.04,10.08,2.65,106.66,294.24,"11/30/2025",53,7,2,0.32
"https://amazon.com/dp/B0FLDCQJ9J","https://m.media-amazon.com/images/I/71L2MuJdm3L._SX450_.jpg","B0FLDCQJ9J","9 in 1 Jump Starter, 12V Jump Box Car Battery Jumper Starter Portable with 14 in 1 Protection Jumper Cables, LED Lights, LCD Display, Insulated Gloves","Soulor","FBA","Automotive",5901,"N/A","N/A","N/A","N/A","Jump Starters",65,45.99,-79,1262,56,-66,41681.44,2302.36,466,4.4,"HiTop Jump Starter","China",1,0,"N/A","Large Standard-Size",4.06,5.04,9.02,2.01,92.93,256.35,"12/31/2025",6,8,4,2.71
"https://amazon.com/dp/B0CK18HMTL","https://m.media-amazon.com/images/I/81Ouw3Y21WL._SX450_.jpg","B0CK18HMTL","TOPDON Jump Starter…","TOPDON","FBA","Automotive",5968,"N/A","N/A","N/A","N/A","Batteries & Accessories",2077,84.99,"N/A",1257,0,-21,145300.03,"-",2310,4.6,"Topdononline","China",0,16025,14,"N/A","N/A","N/A","N/A","N/A","N/A","N/A","11/30/2025",29,8,5,0.54
"https://amazon.com/dp/B0FHWCLTH8","https://m.media-amazon.com/images/I/51R+6X-EDNL._SX450_.jpg","B0FHWCLTH8","Joltekon Jump Starter with Air Compressor, 5000A Portable Car Battery Jumper Starter(All Gas/10L Diesel) with 150PSI Auto-Shutoff Tire Inflator, 12V Lithium Jump Box for Car Battery Portable","Joltekon","FBA","Automotive",5999,"N/A","N/A",6942078422367,"N/A","Batteries & Accessories",163,64.99,93,881,881,-55,75502.6,75493.86,749,4.7,"ANDAmta","China",2,0,"N/A","Large Standard-Size",4.72,5.28,10.04,3.59,125.98,347.52,"11/30/2025",6,6,0,1.2
"https://amazon.com/dp/B0F62NSFXH","https://m.media-amazon.com/images/I/61+GmfynHeL._SX450_.jpg","B0F62NSFXH","S ZEVZO ET05 Jump Starter 3000A Portable Car Jump Starter Battery Pack (7.2L Gas/ 5.5L Diesel), 51.8Wh 12V Jump Box with USB Ports, LCD Display and 3 Modes Flashlight","S ZEVZO","FBA","Automotive",6016,"N/A","N/A","N/A","N/A","Batteries & Accessories",166,49.99,-16,973,737,,41558.46,32091.65,1330,4.6,"Cocohop","China",4,0,"N/A","Large Standard-Size",3.82,5.28,8.19,1.54,83.17,229.43,"02/28/2026",7,9,2,0.73
"https://amazon.com/dp/B0FN7P37KX","https://m.media-amazon.com/images/I/71goRgvAGvL._SX450_.jpg","B0FN7P37KX","NACKEO Portable Car Battery Jump Starter 5000A Car Jump Starter Battery Pack (9.0L Gas/8.5L Diesel), 12V Jump Box Car Battery Jumper Starter Portable Jumper Cables, Fast Charge, Lights, Compact","NACKEO","FBA","Automotive",6032,684514184519,"N/A",0684514184519,"N/A","Batteries & Accessories",154,27.82,-45,843,810,,29299.17,26097.07,349,4.4,"NACKEO AUTO","China",1,0,"N/A","Large Standard-Size",1.93,8.19,10.63,1.46,84.55,233.23,"02/28/2026",3,7,2,2.41
"https://amazon.com/dp/B0F42WC89K","https://m.media-amazon.com/images/I/51d724BSWLL._SX450_.jpg","B0F42WC89K","DBPOWER 5000A Jump Starter, 74Wh Car Battery Jump Starter for Up to 10.0L Gas and 8.0L Diesel Engine, 12V Portable Jump Box Battery Pack with Display, LED Light, Jumper Cables, and Storage Case","DBPOWER","FBA","Automotive",6135,840164834819,"N/A",0840164834819,"N/A","Jump Starters",71,89.99,-16,1345,1463,,103828.47,114424.46,599,4.5,"Petlucky official","China",4,0,"N/A","Large Standard-Size",4.21,5.31,8.66,2.38,97.47,268.88,"01/31/2026",9,8,0,2.25
"https://amazon.com/dp/B0FN3WM66N","https://m.media-amazon.com/images/I/711ntT-umvL._SX450_.jpg","B0FN3WM66N","Jump Starter Battery Jumper Starter Portable Car Battery Jump Starter for Up tp All Gas & 12L Diesel, 12V 5000A Portable Jump Box with 3 Modes Flashlight and Jumper Cable","Soulor","FBA","Automotive",6188,"N/A","N/A","N/A","N/A","Batteries & Accessories",822,32.29,39,1270,133,-79,41925.18,4684.46,457,4.4,"HiTop Jump Starter","China",1,0,"N/A","Large Standard-Size",3.98,5.04,8.94,1.79,90.16,248.73,"12/31/2025",2,8,4,2.78
"https://amazon.com/dp/B0D45X6YMJ","https://m.media-amazon.com/images/I/71j8-shO5YL._SX450_.jpg","B0D45X6YMJ","HALO Bolt Air+ 1750 Portable Car Battery Jump Starter | 130 PSI Air Compressor, 59.9Wh USB Power Bank, Large Display, Emergency Floodlight & Charger, Jumps Cars SUVs & Trucks, Inflates Tires — Silver","HALO","Amazon","Automotive",6263,645397942719,"N/A",0645397942719,"N/A","Jump Starters",70,149.99,-20,1053,104,-43,159625.92,15025.1,589,4.7,"Amazon","N/A",1,0,"N/A","Large Standard-Size",4.49,6.54,11.54,4.21,"N/A","N/A","11/30/2025",20,8,7,1.79
"https://amazon.com/dp/B0D45XC1MT","https://m.media-amazon.com/images/I/717oWvznYeL._SX450_.jpg","B0D45XC1MT","HALO Bolt Air+ 1750 Portable Car Battery Jump Starter | 130 PSI Air Compressor, 59.9Wh USB Power Bank, Large Display, Emergency Floodlight & Charger, Jumps Cars SUVs & Trucks, Inflates Tires — Blue","HALO","Amazon","Automotive",6263,645397942726,"N/A",0645397942726,"N/A","Jump Starters",70,149.99,-42,1053,236,-43,159625.92,34018.66,589,4.7,"Amazon","N/A",1,0,"N/A","Large Standard-Size",4.41,6.26,11.18,3.97,"N/A","N/A","11/30/2025",21,8,7,1.79
"https://amazon.com/dp/B0D45XSQT2","https://m.media-amazon.com/images/I/71Yq5sV85uL._SX450_.jpg","B0D45XSQT2","HALO Bolt Air+ 1750 Portable Car Battery Jump Starter | 130 PSI Air Compressor, 59.9Wh USB Power Bank, Large Display, Emergency Floodlight & Charger, Jumps Cars SUVs & Trucks, Inflates Tires — Teal","HALO","Amazon","Automotive",6264,645397942702,"N/A",0645397942702,"N/A","Jump Starters",70,149.99,32,1053,215,-43,159625.92,31043.38,589,4.7,"Amazon","N/A",1,0,"N/A","Large Standard-Size",4.57,6.61,11.61,4.32,"N/A","N/A","11/30/2025",21,8,7,1.79
"https://amazon.com/dp/B0D45Z54WL","https://m.media-amazon.com/images/I/61B3ye+NJ1L._SX450_.jpg","B0D45Z54WL","HALO Bolt Air+ 1750 Portable Car Battery Jump Starter | 130 PSI Air Compressor, 59.9Wh USB Power Bank, Large Display, Emergency Floodlight & Charger, Jumps Cars SUVs & Trucks, Inflates Tires — Black","HALO","Amazon","Automotive",6264,645397942689,"N/A",0645397942689,"N/A","Jump Starters",70,149.99,-43,1053,375,-43,159625.92,56156.69,589,4.7,"Amazon","N/A",1,0,"N/A","Large Standard-Size",4.49,6.54,11.57,4.28,"N/A","N/A","11/30/2025",22,9,7,1.79
"https://amazon.com/dp/B0DM5J89Z6","https://m.media-amazon.com/images/I/71N215wS1dL._SX450_.jpg","B0DM5J89Z6","Geeneu Portable Jump Starter with Air Compressor 5500A, 12V Car Charger Jump Starter Power Pack,150 PSI Tire Inflator and Jumper Box for 9.5L Gas/8.0L Diesel","Geeneu","FBA","Automotive",6349,"N/A","N/A","N/A","N/A","Batteries & Accessories",171,89.99,10,1084,94,-49,79993.9,8454.91,741,4.5,"Geeneu-USA","USA",1,13144,"N/A","Large Standard-Size",4.13,5.24,9.09,2.89,99.04,273.22,"11/30/2025",13,6,4,1.46
"https://amazon.com/dp/B0D7V8L9XB","https://m.media-amazon.com/images/I/71qf7XdfGHL._SX450_.jpg","B0D7V8L9XB","Portable Jump Starter with Air Compressor 4500A Peak with 150PSI Tire Inflator, Jump Box for 12V Car Battery Power Booster Pack (Up 8.5L Gas/7.0L Diesel Engine)","Geeneu","FBA","Automotive",6355,"N/A","N/A","N/A","N/A","Batteries & Accessories",171,56.97,-29,1084,154,-49,79993.9,11404.1,742,4.5,"Geeneu","China",2,13144,"N/A","Large Standard-Size",4.29,5.51,8.62,2.67,102.59,283,"11/30/2025",19,7,4,1.46
"https://amazon.com/dp/B0BRRLQ54Z","https://m.media-amazon.com/images/I/61xeIL8Ms8L._SX450_.jpg","B0BRRLQ54Z","GOOLOO GP3000 3000A Jump Starter,12V Car Battery Jump Starter for up to 9.0L Gas Engines & 7.0L Diesel, Supersafe Lithium Jump Box Battery Booster Pack, Auto Battery Starter with USB Quick Charge","GOOLOO","FBA","Automotive",6378,"N/A","N/A","N/A","N/A","Jump Starters",72,99.99,-26,1316,112,-25,102117.27,10660.41,4154,4.7,"GOOLOO","China",1,20630,"N/A","Large Standard-Size",4.21,5.04,10.12,2.89,108.11,298.24,"11/30/2025",38,7,2,0.32
"https://amazon.com/dp/B0C6G9H6RL","https://m.media-amazon.com/images/I/51CX5+oCYuL._SX450_.jpg","B0C6G9H6RL","YESPER Jump Starter Portable,1500A Peak Motorcycle Jump Starter, Jump Box for Car Jumper Starter Portable, 12V Auto Booster Pack(Up to 7L Gas and 5.5L Diesel Engine) with Smart Safety Jumper Cable","YESPER","FBA","Automotive",6532,"N/A","N/A","N/A","N/A","Batteries & Accessories",172,39.99,-38,797,589,1,35151.74,24399.41,598,4.5,"YESPER DIRECT","China",1,0,"N/A","Large Standard-Size",3.39,4.61,7.64,1.46,60.11,165.83,"11/30/2025",32,8,3,1.35
"https://amazon.com/dp/B0FKYQNW1R","https://m.media-amazon.com/images/I/51J+dqQS3OL._SX450_.jpg","B0FKYQNW1R","YESPER Jump Starter Portable,1500A Peak Motorcycle Jump Starter, Jump Box for Car Jumper Starter Portable, 12V Booster Pack(Up to 7L Gas and 5.5L Diesel Engine) with Smart Safety Jumper Cable(Orange)","YESPER","FBA","Automotive",6533,"N/A","N/A","N/A","N/A","Batteries & Accessories",172,39.99,-53,797,149,1,35151.74,6923.72,598,4.5,"YESPER DIRECT","China",1,0,"N/A","Large Standard-Size",3.35,4.57,7.68,1.46,59.07,162.96,"11/30/2025",4,8,3,1.34
"https://amazon.com/dp/B0CL84PC2S","https://m.media-amazon.com/images/I/71ucZUYrCQL._SX450_.jpg","B0CL84PC2S","DEWALT DXAEJ14 Digital Portable Power Station Jump Starter - 1600 Peak Amps with 120 PSI Compressor for Tires, Sports Equipment & Bikes, 15W USB-A and 25W USB-C Power","DEWALT","Amazon","Automotive",6537,814632015680,"N/A",0814632015680,"N/A","Jump Starters",73,169,-12,835,835,-96,140906.73,140906.61,458,4.5,"Amazon","N/A",1,0,"N/A","Large Standard-Size",7.09,12.68,13.62,19.71,"N/A","N/A","11/30/2025",24,7,1,1.82
"https://amazon.com/dp/B0FLD5G3YN","https://m.media-amazon.com/images/I/61OjTJB5FsL._SX450_.jpg","B0FLD5G3YN","5000A Jump Starter Car Battery Jumper Starter Portable with Jumper Cable, Quick Charge Power Bank, 3 Modes Flashlight, Compass","Soulor","FBA","Automotive",6700,"N/A","N/A","N/A","N/A","Jump Starters",76,35.59,-27,1262,428,-66,41681.44,12998.09,466,4.4,"HiTop Jump Starter","China",1,0,"N/A","Large Standard-Size",3.62,4.65,9.53,1.57,80.77,222.8,"12/31/2025",6,9,4,2.71
"https://amazon.com/dp/B09GLPBKXR","https://m.media-amazon.com/images/I/81Ouw3Y21WL._SX450_.jpg","B09GLPBKXR","Car Battery Jump Starter, TOPDON 2000A Peak Jump Starter for Up to 8L Gas/6L Diesel Engines, 12V Portable Battery Booster Jump Starter Pack with Jumper Cables and EVA Protection Case","TOPDON","FBA","Automotive",6710,632111335827,"N/A",0632111335827,"N/A","Jump Starters",74,84.99,-35,1257,454,-21,145300.03,38612.5,2310,4.6,"Topdononline","China",2,16025,14,"Large Standard-Size",4.53,8.23,12.09,3.31,226.93,626.03,"11/30/2025",54,8,5,0.54
"https://amazon.com/dp/B0FLDDT1M2","https://m.media-amazon.com/images/I/41pCyZ1USKL._SX450_.jpg","B0FLDDT1M2","Jump Starter, Battery Jumper Starter Portable, Car Battery Jump Starter with 3 Modes Flashlight, Compass, Power Bank and Jumper Cable","Soulor","FBA","Automotive",6974,"N/A","N/A","N/A","N/A","Jump Starters",76,30.99,-17,1262,643,-66,41681.44,21661.94,466,4.4,"HiTop Jump Starter","China",1,0,"N/A","Large Standard-Size",3.9,5.24,8.9,1.87,91.57,252.61,"12/31/2025",6,9,4,2.71
"https://amazon.com/dp/B09XB8FFX5","https://m.media-amazon.com/images/I/71V7nDemfkL._SX450_.jpg","B09XB8FFX5","JS3000 12V 3000A Battery Booster Jump Starter Pack for Up to 9L Gas/ 7L Diesel Engines, Portable Car Battery Charger with Handle Jumper Cable and EVA Protection Case","TOPDON","FBA","Automotive",7019,850028162613,00850028162613,0850028162613,"N/A","Jump Starters",76,139.99,-41,1257,734,-21,145300.03,98432.28,2331,4.5,"Topdononline","China",2,16025,14,"Large Standard-Size",4.92,5.94,11.38,4.87,167.44,461.91,"11/30/2025",48,8,5,0.54
"https://amazon.com/dp/B079DP5ZC9","https://m.media-amazon.com/images/I/716r9-wQ2nL._SX450_.jpg","B079DP5ZC9","Car Battery Jump Starter and Battery Tester TOPDON 2-in-1 2200A Peak Jump Starter for Up to 8L Gas/6L Diesel Engines 12V Portable Booster and Tester","TOPDON","FBA","Automotive",7286,"N/A","N/A","N/A","N/A","Batteries & Accessories",1918,119.99,-19,1257,69,-21,145300.03,8248.37,149,4.3,"Topdononline","China",1,16025,14,"Large Standard-Size",4.17,6.3,10.59,3.22,140.07,386.4,"11/30/2025",23,7,5,8.44
"https://amazon.com/dp/B07C2VH2MV","https://m.media-amazon.com/images/I/71CLLH+oRfL._SX450_.jpg","B07C2VH2MV","NOCO GBC014 Boost HD EVA Protection Case for GB70 UltraSafe Lithium Jump Starters","NOCO","Amazon","Automotive",7329,046221170283,00046221170283,1210000617286,"N/A","Jump Starters",79,29.95,267,1029,1029,710,30832.02,30831.83,9753,4.8,"Amazon","N/A",1,0,"N/A","Large Standard-Size",5.35,7.99,12.48,1.56,"N/A","N/A","06/30/2025",95,7,2,0.11
"https://amazon.com/dp/B0FG6W8P2K","https://m.media-amazon.com/images/I/51-4hlh-UHL._SX450_.jpg","B0FG6W8P2K","S ZEVZO A11 Jump Starter, Upgraded 5000A Car Battery Jumper Starter Portable (10.0L Gas & 7.0L Diesel Engines) with Booster 12V Lithium Jump Box with USB Charger, LCD Display, Flashlight, and Case","S ZEVZO","FBA","Automotive",7393,"N/A","N/A","N/A","N/A","Batteries & Accessories",195,99.99,-10,1006,1006,146,89084.07,89076.33,117,4.6,"Cocohop","China",3,0,"N/A","Large Standard-Size",4.02,5.04,8.74,2.49,89.15,245.94,"02/28/2026",4,8,0,8.6
"https://amazon.com/dp/B09G5WC4TD","https://m.media-amazon.com/images/I/71Egy6y703L._SX450_.jpg","B09G5WC4TD","VTOMAN X1 Jump Starter with Air Compressor, Car Battery Jumper Starter (2500A, Up to 8.5L Gas/6L Diesel Engine) with 150PSI Auto Tire Inflator, 12V Portable Booster Pack, Lithium Jump Box Charger-Gray","VTOMAN","FBA","Automotive",7415,"N/A","N/A","N/A","N/A","Jump Starters",83,89.99,-16,1012,80,-42,81228.45,6434.22,3106,4.6,"VTOMAN","China",1,16550,"N/A","Large Standard-Size",4.72,5.08,8.66,3.8,104.54,288.4,"11/30/2025",52,8,3,0.33
"https://amazon.com/dp/B0C6JV981H","https://m.media-amazon.com/images/I/613xmKuSGmL._SX450_.jpg","B0C6JV981H","GOOLOO New GP2000 Jump Starter, 12V 2000A Car Jumper Starter(Up to 8.0L Gas, 6.0L Diesel Engines), SuperSafe Portable Battery Charger, Auto Lithium Box Booster Pack with USB Quick Charge, red","GOOLOO","FBA","Automotive",7495,"N/A","N/A","N/A","N/A","Jump Starters",80,79.99,-6,851,660,-43,62411.25,48305.02,1401,4.7,"GOOLOO","China",1,0,"N/A","Large Standard-Size",4.69,5.2,8.78,2.12,107.81,297.4,"11/30/2025",33,8,2,0.61
"https://amazon.com/dp/B0C5M36W2G","https://m.media-amazon.com/images/I/61kP9tsSaGL._SX450_.jpg","B0C5M36W2G","GOOLOO New GP2000 Jump Starter 2000A Car Starter Battery Pack (Up to 8.0L Gas, 6.0L Diesel Engine),12V Car Battery Charger Jumper Starter, Supersafe Portable Lithium Jump Box with USB Quick Charge","GOOLOO","FBA","Automotive",7495,"N/A","N/A","N/A","N/A","Jump Starters",80,79.99,-27,851,190,-43,62411.25,14097.58,1401,4.7,"GOOLOO","China",1,0,"N/A","Large Standard-Size",4.69,5.12,8.74,2.07,105.66,291.49,"11/30/2025",32,8,2,0.61
"https://amazon.com/dp/B0CR1B6KX3","https://m.media-amazon.com/images/I/71QB7srDIzL._SX450_.jpg","B0CR1B6KX3","LOKITHOR J400 2000A Portable Jump Starter, 12V Lithium Battery Booster with ConnectMax Tech, Smart Digital Display, Car Jumper Box for Up to 8.0L Gas & 6.0L Diesel Engines","LOKITHOR","FBA","Automotive",7634,198168735701,"N/A",0198168735701,"N/A","Jump Starters",82,59.97,-55,1105,680,-18,61237.05,35992.07,843,4.6,"LOKITHOR STORE","China",1,17839,"N/A","Large Standard-Size",4.25,4.49,8.35,1.9,80.22,221.3,"11/30/2025",22,11,5,1.31
"https://amazon.com/dp/B08V88B82M","https://m.media-amazon.com/images/I/71+47HZ5NVL._SX450_.jpg","B08V88B82M","Weego 44s: 2100A Self-Use 12V Lithium Car Battery Jump Starter – USA-Engineered Safe Replacement for Jumper Cables - Car Jumper Starter Portable for 7L Gas and 3.5L Diesel Engines (N44s)","Weego","FBA","Automotive",7650,090146100443,"N/A",0090146100443,"N/A","Jump Starters",81,75.99,-49,895,755,-16,79499.96,60386.06,1036,4.5,"ESB Electronic Warehouse","USA",3,11104,-21,"Large Standard-Size",4.29,4.84,7.87,2.07,82.27,226.96,"11/30/2024",62,6,3,0.86
"https://amazon.com/dp/B0D7V7QFGK","https://m.media-amazon.com/images/I/71L0yWJVXvL._SX450_.jpg","B0D7V7QFGK","Car Battery Charger Jump Starter with Air Compressor, 4500A Jumper Box for Car Battery Portable Booster Jump Pack, 12V Jumpstart Combo 150PSI Tire Inflator Air Pump(Up to 8.5L Gas/7.0L Diesel)","Geeneu","FBA","Automotive",8219,"N/A","N/A","N/A","N/A","Batteries & Accessories",209,52.15,-12,1084,836,-49,79993.9,60125.04,742,4.5,"Geeneu","China",1,13144,"N/A","Large Standard-Size",4.09,5.39,8.7,2.65,96.56,266.38,"11/30/2025",19,7,4,1.46
"https://amazon.com/dp/B09LJ1T1GN","https://m.media-amazon.com/images/I/710ZpL8doSL._SX450_.jpg","B09LJ1T1GN","Weego 70: 2500A Self-Use 12V Lithium Car Battery Jump Starter - USA-Engineered Safe Replacement for Jumper Cables - Boat & Car Jumper Starter Portable for All Gas and 5L Diesel Engines (N70)","Weego","FBA","Automotive",8285,090146000705,"N/A",0090146000705,"N/A","Jump Starters",84,154.99,-33,919,144,-20,80610.02,19776.32,1037,4.5,"ESB Electronic Warehouse","USA",2,11081,-21,"Large Standard-Size",4.65,5.98,11.89,3.9,166.46,459.2,"11/30/2024",52,8,3,0.89
"https://amazon.com/dp/B0GKHC62RL","https://m.media-amazon.com/images/I/81vyzd1t8rL._SX450_.jpg","B0GKHC62RL","NACKEO Car Battery Jump Starter with Air Compressor 8000A 160PSI, Car Jumper Starter Portable (All Gas/10L Diesel), Jump Starter Jump Box with Jumper Cables, LED Light, Large LCD Display, Power Bank","NACKEO","FBA","Automotive",8324,684514187541,"N/A",0684514187541,"N/A","Batteries & Accessories",214,59.99,-45,667,667,,40040.17,40040.04,35,4.8,"NACKEO AUTO","China",3,0,"N/A","Large Standard-Size",4.61,6.06,11.26,3.26,158.38,436.9,"02/28/2026",2,6,0,19.07
"https://amazon.com/dp/B0FN3WSTWY","https://m.media-amazon.com/images/I/71K-bmOE9fL._SX450_.jpg","B0FN3WSTWY","Jump Starter with Air Compressor, 6000A Battery Jumper Starter Portable, 12V Jump Box Car Jump Starter Portable with 150PSI Tire Inflator, LED Light, Gloves and Jumper Cables (14L Diesel All Cars)","Soulor","FBA","Automotive",8557,"N/A","N/A","N/A","N/A","Batteries & Accessories",213,49.99,-40,402,402,,26074,26070.95,113,4.6,"HiTop Jump Starter","China",1,0,"N/A","Large Standard-Size",4.41,5.91,9.53,2.93,125.05,344.97,"02/28/2026",4,9,1,3.56
"https://amazon.com/dp/B08WZKRHZZ","https://m.media-amazon.com/images/I/81vl6BlbycS._SX450_.jpg","B08WZKRHZZ","NOCO Boost X GBX55: 1750A UltraSafe Jump Starter – 12V Lithium Battery Booster Pack, Portable Jump Box, Power Bank & Jumper Cables - for 7.5L Gas and 5.0L Diesel Engines","NOCO","Amazon","Automotive",8710,046221200072,00046221200072,1210000620071,"N/A","Jump Starters",86,189.95,-20,1005,1005,-29,175814.13,175803.95,4138,4.5,"Amazon","N/A",1,15233,276,"Large Standard-Size",4.41,6.73,9.41,3.48,"N/A","N/A","11/30/2025",61,7,0,0.24
"https://amazon.com/dp/B09YHNFN7K","https://m.media-amazon.com/images/I/71dYI0WM+LL._SX450_.jpg","B09YHNFN7K","IDEAPLAY Jump Starter, 1500A Car Battery Jump Starter Portable for Up to 7.0L Gas and 5.5L Diesel Engine,Type C Fast Charging Battery Jumper with LED Flashlight","IDEAPLAY","FBA","Automotive",8733,810052541259,"N/A",0810052541259,"N/A","Jump Starters",86,17.99,-49,440,315,130,10746.66,5947.9,357,4.6,"CORALINK","USA",1,2154,"N/A","Large Standard-Size",3.27,5.59,8.31,1.74,76.48,210.97,"01/31/2025",36,6,5,1.23
"https://amazon.com/dp/B0GFDFSWJM","https://m.media-amazon.com/images/I/810O5RxkNkL._SX450_.jpg","B0GFDFSWJM","Doorii Jump Starter with Air Compressor, Car Jumper Starter Portable 6000A, 150PSI Tire Inflator/Air Pump, LED Flashlight for Up to 10.0L Gas / 8.0L Diesel Engines","Doorii","FBA","Automotive",8755,"N/A","N/A","N/A","N/A","Batteries & Accessories",225,47.99,-150,20,20,,944.47,944.37,4,5,"liulicuipower","N/A",1,0,"N/A","Large Standard-Size",5,5.08,9.1,2.53,116.37,321.03,"03/31/2026",0,7,2,4.9
"https://amazon.com/dp/B08GYFP5JK","https://m.media-amazon.com/images/I/611rEqRJR4L._SX450_.jpg","B08GYFP5JK","BIUBLE Jump Starter Car Jump Starter Auto Battery Booster Pack 5000A Peak 12V with USB-C Quick Charge,Lithium Jump Box with LED Light(Up to 7.0L Gas or 5.5L Diesel Engine)","BIUBLE","FBA","Automotive",8767,718893714811,"N/A",0718893714811,"N/A","Jump Starters",85,39.99,-41,1344,1344,-6,53760.88,53760.8,9418,4.4,"BIUBLE.US.STORE","China",4,16264,7682,"Large Standard-Size",3.7,4.21,7.99,1.76,62.66,172.86,"01/31/2026",65,7,7,0.14
"https://amazon.com/dp/B0FHK13XWS","https://m.media-amazon.com/images/I/71tiPPIYLeL._SX450_.jpg","B0FHK13XWS","Car Battery Jump Starter Portable, 2000A Peak Jump Box- 12V Car Jump Starter for up to 8.0L Gas and 6.5L Diesel Engines, USB-C Portable Battery Jumper with Jumper Cable, Power Bank, LED Light","ETENWOLF","FBA","Automotive",8790,"N/A","N/A","N/A","N/A","Batteries & Accessories",231,79.99,-5,1261,1261,13,93306.57,93296.37,235,4.5,"Uncle Smith's Garage","China",1,0,"N/A","Large Standard-Size",3.54,4.13,9.02,2.67,66.39,183.16,"02/28/2026",7,8,0,5.37
"https://amazon.com/dp/B0GFCC93BZ","https://m.media-amazon.com/images/I/71FGc0kFXBL._SX450_.jpg","B0GFCC93BZ","Jump Starter, 5000A Car Battery Jumper Starter Portable, Jump Box Battery Booster with 3 Modes Flashlight, Jumper Cables with Gloves","Soulor","FBA","Automotive",8874,"N/A","N/A","N/A","N/A","Batteries & Accessories",224,59.99,"N/A",93,383,,5506.4,19093.93,52,4.3,"NLHK-Direct","N/A",1,0,"N/A","Large Standard-Size",4.02,5.12,8.94,1.9,92.64,255.56,"03/31/2026",1,9,2,2.64
"https://amazon.com/dp/B0DJVZXS62","https://m.media-amazon.com/images/I/716veMRTH8L._SX450_.jpg","B0DJVZXS62","Tstiti 4000A Car Battery Jump Starter, Portable Car Jump Starter for Up to 10L Gas and 8L Diesel Engines, 12V Jump Box with 3 Modes Flashlight and Jumper Cable","Tstiti","FBA","Automotive",8956,"N/A","N/A","N/A","N/A","Jump Starters",89,36.99,-3,1150,1150,-105,45878.77,45878.5,1004,4.6,"JIA-A","China",2,33386,"N/A","Large Standard-Size",4.21,4.84,8.35,1.79,85.66,236.31,"12/31/2025",15,7,1,1.16
"https://amazon.com/dp/B0CNXDKMN2","https://m.media-amazon.com/images/I/314SyfgCZIL._SX450_.jpg","B0CNXDKMN2","Gleegi EVA Protection Case Compatible with NOCO Jump Starters - Boost X GBX45 1250A 12V UltraSafe Lithium Jump Starter (CASE ONLY)","Gleegi","FBA","Automotive",9046,797613542897,"N/A",0797613542897,"N/A","Batteries & Accessories",1753,18.99,-17,636,87,27,15993.33,1646.5,1077,4.6,"Gleegi","Hong Kong",2,0,"N/A","Large Standard-Size",3.74,6.22,10.87,0.6,127.31,351.2,"01/31/2026",28,7,4,0.59
"https://amazon.com/dp/B0DCK2PMSJ","https://m.media-amazon.com/images/I/71M8qdJAs6L._SX450_.jpg","B0DCK2PMSJ","Gleegi EVA Protection Case Compatible with NOCO Jump Starters - Boost GB150: 3000A/Boost X GBX155: 4250A UltraSafe Jump Starter(CASE ONLY)","Gleegi","FBA","Automotive",9069,025128083889,"N/A",0025128083889,"N/A","Jump Starters",89,33.99,-28,636,112,27,15993.33,3796.47,1079,4.6,"Gleegi","Hong Kong",2,0,"N/A","Large Standard-Size",4.96,9.06,13.3,1.23,300.91,830.1,"01/31/2026",19,7,4,0.59
"https://amazon.com/dp/B0FRMR2PLC","https://m.media-amazon.com/images/I/71hfD-yr3rL._SX450_.jpg","B0FRMR2PLC","Hieha Portable Jump Starter with Air Compressor, 4000A 12V Portable Car Battery Charger (All Gas 8L Diesel), 150PSI Tire Inflator, 15000mAh Power Bank, Flashlight Emergency Kit for Car/Truck","Hieha","FBA","Automotive",9200,"N/A","N/A","N/A","N/A","Batteries & Accessories",239,55.99,-43,1155,1155,-13,62868.3,62868.2,243,4.4,"HMGJ","China",2,0,"N/A","Large Standard-Size",5,9.17,10.39,2.67,239.84,661.64,"11/30/2025",5,9,0,4.75
"https://amazon.com/dp/B0742RQ5HW","https://m.media-amazon.com/images/I/61T1bgXJ-ML._SX450_.jpg","B0742RQ5HW","Jump-N-Carry JNC350 Charging Cord (for JNC660, JNCAIR, JNC770 Jump Starters)","Clore Automotive","FBA","Automotive",9241,010271025022,00010271025022,0010271025022,"N/A","Jump Starters",92,10.05,-13,724,724,-19,7273.49,7271.92,2648,4.8,"eeTao","Hong Kong",4,9009,-7,"Large Standard-Size",1.3,3.58,4.92,0.18,11.53,31.8,"12/31/2024",104,3,0,0.27
"https://amazon.com/dp/B0F7XCJV9R","https://m.media-amazon.com/images/I/61wxrRJmJQL._SX450_.jpg","B0F7XCJV9R","HPBS Car Battery Jump Starter, 5500A Peak Jump Starter Battery Pack for Up to All Gas and 10L Diesel Engines, 12V Portable Jump Starter Box with 3.0"" LCD Display(Red)","HPBS","FBA","Automotive",9778,"N/A","N/A","N/A","N/A","Jump Starters",93,59.98,-28,252,403,-69,15217.66,25092.51,758,4.5,"First AA","China",1,6137,-65,"Large Standard-Size",4.37,5.43,9.57,2.2,114.33,315.4,"11/30/2024",4,7,5,0.33
"https://amazon.com/dp/B09P9JX6LY","https://m.media-amazon.com/images/I/81ChdPI510L._SX450_.jpg","B09P9JX6LY","NOCO GBC101 Boost X EVA Protection Case for GBX45 UltraSafe Lithium Jump Starters","NOCO","Amazon","Automotive",9779,046221210040,00046221210040,1210000621047,"N/A","Jump Starters",94,24.95,"N/A",657,657,8183,16397,16396.86,1910,4.9,"Amazon","N/A",1,0,"N/A","Large Standard-Size",4.63,5.74,10.75,0.93,"N/A","N/A","11/30/2025",51,7,2,0.35
"https://amazon.com/dp/B0D811M628","https://m.media-amazon.com/images/I/71E31-8QbXL._SX450_.jpg","B0D811M628","IDEAPLAY Jump Starter, 1500A Car Battery Jump Starter Portable for Up to 7.0L Gas and 5.5L Diesel Engine,Type C Fast Charging Battery Jumper with LED Flashlight","IDEAPLAY","FBA","Automotive",9856,810052543376,"N/A",0810052543376,"N/A","Batteries & Accessories",5693,59.99,4,460,135,163,11866.81,5788.77,357,4.6,"CORALINK","USA",1,2195,"N/A","Large Standard-Size",3.27,5.47,8.23,1.72,74.12,204.46,"01/31/2025",14,6,5,1.3
"https://amazon.com/dp/B0F716GMND","https://m.media-amazon.com/images/I/817f6QUxUtL._SX450_.jpg","B0F716GMND","HALO Bolt Ultimate 3 Portable Car Battery Jump Starter | 130 PSI Air Compressor, 55.5Wh USB Power Bank, Large Display, Emergency Floodlight & Charger, Jumps Cars SUVs & Trucks, Inflates Tires — Silver","HALO","Amazon","Automotive",9903,044435922018,"N/A",0044435922018,"N/A","Jump Starters",94,186.54,-27,453,10,-78,79104.06,1969.19,103,4.6,"Amazon","N/A",1,0,"N/A","Large Standard-Size",4.61,7.05,11.89,4.54,"N/A","N/A","11/30/2025",9,8,17,4.4
"https://amazon.com/dp/B0F49DYQQL","https://m.media-amazon.com/images/I/41JRyOf5AjL._SX450_.jpg","B0F49DYQQL","HALO Bolt Ultimate 3 Portable Car Battery Jump Starter | 130 PSI Air Compressor, 55.5Wh USB Power Bank, Large Display, Emergency Floodlight & Charger, Jumps Cars SUVs & Trucks, Inflates Tires — Yellow","HALO","Amazon","Automotive",9903,044435919841,"N/A",0044435919841,"N/A","Batteries & Accessories",1236,209.99,"N/A",3,0,,684.93,"-",103,4.6,"Amazon","N/A",1,0,"N/A","Large Standard-Size",4.69,6.93,11.93,4.52,"N/A","N/A","03/31/2026",10,7,17,0.03
"https://amazon.com/dp/B0DW6CNNJJ","https://m.media-amazon.com/images/I/41wt2Qn1M8L._SX450_.jpg","B0DW6CNNJJ","NOCO Boost+Air AX65: 2000A Jump Starter with Air Compressor Tire Inflator – Starts 8.0L Gas & 6.0L Diesel – 67 SLPM Airflow Inflates 0–40 PSI in 2 Minutes","NOCO","Amazon","Automotive",10143,046221240252,00046221240252,0046221240252,"N/A","Jump Starters",95,299.95,-32,698,698,-41,206794.34,206794.25,560,4.1,"Amazon","N/A",1,15128,"N/A","Large Standard-Size",5.08,7.8,11.1,10.27,"N/A","N/A","11/30/2025",14,7,0,1.25
"https://amazon.com/dp/B0BV6Q17TZ","https://m.media-amazon.com/images/I/71w5SIxqX6L._SX450_.jpg","B0BV6Q17TZ","Gleegi EVA Protection Case Compatible with NOCO Jump Starters - Boost Plus GB40/Boost Sport GB20 UltraSafe Lithium Jump Starter (CASE ONLY)","Gleegi","FBA","Automotive",10181,751326458340,"N/A",0751326458340,"N/A","Jump Starters",97,19.99,-20,636,226,27,15993.33,4517.65,1079,4.6,"Gleegi","Hong Kong",3,0,"N/A","Large Standard-Size",4.02,5.79,10.55,0.73,123.46,340.58,"01/31/2026",37,8,4,0.59
"https://amazon.com/dp/B0CNYKB1HB","https://m.media-amazon.com/images/I/819Uz8jsR1L._SX450_.jpg","B0CNYKB1HB","Gleegi EVA Protection Case Compatible with NOCO Jump Starters - Boost HD GB70/Boost X GBX75 UltraSafe Lithium Jump Starter(CASE ONLY)","Gleegi","FBA","Automotive",10182,796823145270,"N/A",0796823145270,"N/A","Jump Starters",97,27.99,-55,636,223,27,15993.33,6238.32,1079,4.6,"Gleegi","Hong Kong",4,0,"N/A","Large Standard-Size",5.31,7.91,11.97,0.97,253.44,699.15,"01/31/2026",28,7,4,0.59
"https://amazon.com/dp/B0GJRPKG8B","https://m.media-amazon.com/images/I/71RNRodsebL._SX450_.jpg","B0GJRPKG8B","001B 3000A Car Jump Starter Battery Pack (Up to 9.0L Gas and 7.0L Diesel Engine), 12V Car Charger Jump Starter Portable Battery Jump Starter with Power Bank","Gillaway","FBA","Automotive",10286,"N/A","N/A","N/A","N/A","Batteries & Accessories",258,55.99,-31,442,442,,18486.4,18483.77,32,4.8,"heancepower","N/A",1,0,"N/A","Large Standard-Size",3.9,4.65,8.74,1.83,79.8,220.14,"02/28/2026",1,7,2,13.8
"https://amazon.com/dp/B0DPT7MNXS","https://m.media-amazon.com/images/I/71BgpgZdBlL._SX450_.jpg","B0DPT7MNXS","Nicholaus 12 V Car 8000 mAh Battery Jump Starter 2800A with 150psI Air Compressor, Compact and Practical Edition QB08L Safe Smart, Portable Jump Box and Charger for 6.0L Gas and 3.0L Diesel Engines.","Nicholaus","FBA","Automotive",10302,"N/A","N/A","N/A","N/A","Batteries & Accessories",259,37.98,-20,1137,1137,126,40572.41,40562.65,215,4.4,"Nicholaus Direct","China",1,0,"N/A","Large Standard-Size",3.9,4.72,9.41,2.29,87.21,240.58,"02/28/2026",10,8,0,5.29
"https://amazon.com/dp/B0DCSGK7ZZ","https://m.media-amazon.com/images/I/717tCj8mWwL._SX450_.jpg","B0DCSGK7ZZ","Car Jump Starter 6000A Car Battery Jump Starter Portable,12V Battery Jumper Starter Portable(10.0L Gas/8.0L Diesel),LCD Display Jump Box Jump Starter Battery Pack with Jumper Cable&Flashlight-Orange","GKUTW","FBA","Automotive",10354,"N/A","N/A","N/A","N/A","Batteries & Accessories",269,62.95,-27,344,31,-22,20734.93,1943.67,386,4.4,"HUIXINXINUS","China",1,5708,"N/A","Large Standard-Size",4.21,5.94,9.88,2.58,124.39,343.16,"12/31/2024",16,7,3,0.9
"https://amazon.com/dp/B0DCSGXS2C","https://m.media-amazon.com/images/I/71axK-IuF0L._SX450_.jpg","B0DCSGXS2C","Car Jump Starter 6000A Car Battery Jump Starter Portable,12V Battery Jumper Starter Portable(10.0L Gas/8.0L Diesel),LCD Display Jump Box Jump Starter Battery Pack with Jumper Cables & Flashlight-Red","GKUTW","FBA","Automotive",10354,726597277990,"N/A",0726597277990,"N/A","Batteries & Accessories",269,59.95,-38,344,313,-22,20734.93,18791.05,386,4.4,"HUIXINXINUS","China",1,5708,"N/A","Large Standard-Size",4.25,5.91,9.92,2.65,125.45,346.06,"12/31/2024",16,7,3,0.9