"URL","Image URL","ASIN","Title","Brand","Fulfillment","Category","BSR","UPC","GTIN","EAN","ISBN","Subcategory","Subcategory BSR","Price","Price Trend (90 days) (%)","Parent Level Sales","ASIN Sales","Sales Trend (90 days) (%)","Parent Level Revenue","ASIN Revenue","Review Count","Reviews Rating","Seller","Seller Country/Region","Number of Active Sellers","Last Year Sales","Sales Year Over Year (%)","Shipping Details","Length","Width","Height","Weight","Storage Fee (Jan - Sep)","Storage Fee (Oct - Dec)","Best Sales Period","Listing Age (Months)","Number of Images","Variation Count","Sales to Reviews"
"https://amazon.com/dp/B0DMTNLHWC","https://m.media-amazon.com/images/I/81oM1ZMUIEL._SX450_.jpg","B0DMTNLHWC","NEBO Assist 1500XP Portable Car Battery Jump Starter | 44.4Wh Power Supply Jump Box Restarts 12V Cars & ATVs, 35 Battery Boosts from 1 Charge, Integrated Emergency Floodlight, USB Ports, TSA Approved","NEBO","FBA","Automotive",787273,645397943839,"N/A",0645397943839,"N/A","Batteries & Accessories",7604,79.99,-20,3,3,-78,338.19,338.05,1,5,"NEBO","USA",5,0,"N/A","Large Standard-Size",4.5,4.5,6.7,3.5,68.31,188.44,"11/30/2025",16,7,0,2.96
"https://amazon.com/dp/B0D5H76V5N","https://m.media-amazon.com/images/I/71rq5oju2oL._SX450_.jpg","B0D5H76V5N","2000A 12V Solar Car Battery Jump Starter-20000 mAh Portable Power Station with 100 PSI Faster Air Compressor, 400W Inverter AC/DC/USB Ports and LED Lights, for Up to 10L Gas and 8.5L Diesel Engine","acetek","FBA","Automotive",791204,797725283282,"N/A",0797725283282,"N/A","Batteries & Accessories",7636,179.99,-5,7,7,-74,1318.45,1318.33,37,4,"Acetek","China",1,330,"N/A","Large bulky",8.5,12.8,16.7,21,588.83,1472.07,"04/30/2025",13,8,0,0.2
"https://amazon.com/dp/B07TSNW3SW","https://m.media-amazon.com/images/I/71YLu0bygnL._SX450_.jpg","B07TSNW3SW","SLLEA AC in Power Charging Charger Cord for Quick Cable 12 Volt 1500 950 1000 4000 4400 Peak Amp Starting Power Commercial Rescue 3000 604055 12V Battery Jump Starter Booster Pack 1700 1800 4050","SLLEA","FBM","Automotive",793292,760207354770,"N/A",0760207354770,"N/A","Batteries & Accessories",7539,10.99,-32,0,0,,"-","-",2,4.3,"SLLEA","China",1,8,"N/A","N/A","N/A","N/A","N/A","N/A","N/A","N/A","12/31/2024",81,5,0,0.12
"https://amazon.com/dp/B0FDG9KFTQ","https://m.media-amazon.com/images/I/718mFty3mEL._SX450_.jpg","B0FDG9KFTQ","Car Jump Starters with Air Compressor, 5000A Portable Car Battery Booster, Clean Vacuum Cleaner, 12V Lithium Ion Battery Charger, 150PSI Tire Inflator for 8.0L Gasoline and 6.0L Diesel Engines","HAONINYUE","FBA","Automotive",807609,"N/A","N/A","N/A","N/A","Batteries & Accessories",7761,79.98,-15,13,13,35,1025.91,1025.81,11,4,"Haoningyuedianzikeji","China",1,0,"N/A","Large Standard-Size",6.18,7.56,9.96,3.81,234.29,646.3,"01/31/2026",6,8,0,1.17
"https://amazon.com/dp/B0G2RQ9K9W","https://m.media-amazon.com/images/I/61DYGBpXAAL._SX450_.jpg","B0G2RQ9K9W","4000A Jump Starter with Air Compressor, 150PSI 12V Smart Portable Car Jump Starter(All Gas/8.0L Diesel), 15000mAh Power Bank & Jumper Cables, LED Light,Type-C Quick Charge","BGNFK","FBA","Automotive",808625,741050465066,"N/A",0741050465066,"N/A","Batteries & Accessories",7586,55.55,-38,30,30,-56,1644.43,1644.03,35,4,"Honeyear Place","N/A",2,0,"N/A","Large Standard-Size",7.13,8.39,8.74,2.69,263.23,726.16,"12/31/2025",3,9,0,0.85
"https://amazon.com/dp/B08KGFHPFD","https://m.media-amazon.com/images/I/619PARs0KsL._SX450_.jpg","B08KGFHPFD","PKPOWER 15V AC DC Adapter for GP37 Plus GOOLOO 800A Peak Car Jump Starter Power Charger","PKPOWER","FBM","Automotive",809406,"N/A","N/A","N/A","N/A","Batteries & Accessories",7613,17.48,-5,0,0,,"-","-",1,5,"PK-Power","China",1,0,"N/A","N/A","N/A","N/A","N/A","N/A","N/A","N/A","02/28/2025",66,2,0,0
"https://amazon.com/dp/B0F52X6J3B","https://m.media-amazon.com/images/I/81bjUpf6HrL._SX450_.jpg","B0F52X6J3B","Mchoi Hard Case Suitable for AstroAI S8 Car Jump Starter 1500A Portable Car Battery Charger, Case Only (Yellow)","Mchoi","FBA","Automotive",814903,"N/A","N/A","N/A","N/A","Batteries & Accessories",7807,14.99,-35,10,4,-22,151.32,53.83,16,4.4,"Mchoi Direct","China",1,0,"N/A","Large Standard-Size",8.4,4.8,3.5,0.58,71.05,196,"11/30/2025",10,9,3,0.63
"https://amazon.com/dp/B0FWBPCRKR","https://m.media-amazon.com/images/I/717SzL912RL._SX450_.jpg","B0FWBPCRKR","Roar Pedal Super Capacitor Jump Starter, No Need Pre-Charge No Battery 12V Portable Car Jump Starter for All 12V Gas and Diesel Car, Portable Jump Box with Display","Roar Pedal","FBA","Automotive",818319,"N/A","N/A","N/A","N/A","Batteries & Accessories",7823,139.99,-39,3,3,-100,487.3,487.18,11,4.4,"Roar Pedal Direct","China",1,0,"N/A","Large Standard-Size",12,12,3.54,3.57,256.65,708,"12/31/2025",3,7,0,0.31
"https://amazon.com/dp/B0CM5T2PFJ","https://m.media-amazon.com/images/I/71Lv5BNXEgL._SX450_.jpg","B0CM5T2PFJ","Type S Dynamic Flex DF10 12V Jump Starter with Air Compressor - Portable Car Jump Starter Tire Inflator, Up to 6.0L Gas 3.0L Diesel, Intelli-Step LCD, and LED Floodlight","TYPE S TOURING ITEMS","FBA","Automotive",818796,840005331507,00840005331507,0840005331507,"N/A","Batteries & Accessories",9062,89.99,-8,5,3,950,562.65,291.66,36,4.1,"TYPE S","USA",2,46,"N/A","Large Standard-Size",6.38,7.05,10.16,3.7,230.08,634.7,"06/30/2024",29,9,2,0.15
"https://amazon.com/dp/B0C9GP2NG3","https://m.media-amazon.com/images/I/61MsJhjQ4QL._SX450_.jpg","B0C9GP2NG3","Type S Dynamic Flex DF20 500A Jump Starter & Work Lantern - Portable Car Battery Jump Starter & Charger with Intelli-Step LED Jump Guide, 360° Work Lantern & Flashlight, Power Bank, Dual-Color LED","TYPE S TOURING ITEMS","FBA","Automotive",818816,840005334195,00840005334195,0840005334195,"N/A","Jump Starters",960,87.99,-56,5,3,950,562.65,270.79,32,4.5,"TYPE S","USA",1,46,"N/A","Large Standard-Size",5.79,6.26,10.28,3.34,187.43,517.04,"06/30/2024",29,7,2,0.17
"https://amazon.com/dp/B0D8BDLX8P","https://m.media-amazon.com/images/I/61so-hRPxrL._SX450_.jpg","B0D8BDLX8P","56W 14V AC Charger for NOCO GB70 GB150 GB250+ GB251+ GB500 GB500+ Genius Boost Ultra Safe Lithium Jump Starter Battery XGC4 XGC Output Adapter Power Supply Cord 8.5Ft","PUIMIT","FBA","Automotive",819202,"N/A","N/A","N/A","N/A","Batteries & Accessories",7650,17.99,-1,17,17,-13,270.42,270.12,26,4.8,"PUIMIT","China",1,197,"N/A","Large Standard-Size",2.13,4.45,6.3,0.77,30.06,82.94,"11/30/2024",21,5,0,0.64
"https://amazon.com/dp/B0FH4TSLWV","https://m.media-amazon.com/images/I/71B0lqnJj9L._SX450_.jpg","B0FH4TSLWV","Car Battery Jump Starter,Jump Box 10000mAh Jumper Starter Battery Pack for 12V Vehicle,Battery Booster with 3 Modes Flashlight and Smart Jumper Cable,Type C Charge,Travel Emergency kit","Povix","FBA","Automotive",821433,"N/A","N/A","N/A","N/A","Batteries & Accessories",7852,69.99,54,22,6,-31,1448.62,403.44,6,4.6,"Povix Direct","China",1,0,"N/A","Large Standard-Size",1.93,7.32,7.99,1.57,56.83,156.78,"12/31/2025",6,8,2,3.6
"https://amazon.com/dp/B0FQBN4RF7","https://m.media-amazon.com/images/I/71YswdAfdjL._SX450_.jpg","B0FQBN4RF7","4000A Car Jump Starter Portable Jump Box Battery Booster Pack with Jumper Cables and LED Light Upto 8L Gas and 7L Diesel Engines","ELTPOWER","FBA","Automotive",822912,"N/A","N/A","N/A","N/A","Batteries & Accessories",7680,53.99,-27,20,20,-87,1028.81,1028.7,19,4.4,"ELTPOWER","N/A",1,0,"N/A","Large Standard-Size",3.9,5.16,9.25,2.31,93.72,258.54,"12/31/2025",6,6,0,1.04
"https://amazon.com/dp/B0D1Y65FVZ","https://m.media-amazon.com/images/I/717ZFAdSZXL._SX450_.jpg","B0D1Y65FVZ","Giatero COCY001 4000A Car Jump Starter - High Capacity Portable Battery Jumper - Jump Box with Flashlight and Quick Charge Ports","giatero","FBA","Automotive",825814,"N/A","N/A","N/A","N/A","Batteries & Accessories",7706,36.99,-14,12,12,253,427.97,427.89,25,4.5,"chaohuipower","China",1,47,"N/A","Large Standard-Size",4.29,7.05,10.94,1.68,166.59,459.55,"01/31/2025",14,1,0,0.46
"https://amazon.com/dp/B01DUCUOCI","https://m.media-amazon.com/images/I/61AVUYOJ7sL._SX450_.jpg","B01DUCUOCI","Associated Equipment 6296 12/24V 44/22 Ah ATEC Kwikstart (720/360Cca)","Associated","FBM","Automotive",826478,099684006002,00099684006002,0099684006002,"N/A","Batteries & Accessories",7893,650.77,12,3,3,267,2187,2186.94,2,3.7,"JBTools","USA",6,26,100,"Large bulky",10.3,15,15.5,35.55,"N/A","N/A","11/30/2025",120,1,0,1.73
"https://amazon.com/dp/B0F1CZMXMK","https://m.media-amazon.com/images/I/612NE1pk2EL._SX450_.jpg","B0F1CZMXMK","VTOMAN X1 Jump Starter with Air Compressor, Car Battery Jumper Starter (Up to 8.5L Gas/6L Diesel Engine) with 150PSI Auto Tire Inflator, 12V Portable Booster Pack, Lithium Jump Box Charger-Black","VTOMAN","FBA","Automotive",827242,"N/A","N/A","N/A","N/A","Jump Starters",970,69.98,"N/A",3,3,,176.02,175.96,81,4.6,"VTOMAN","China",1,0,"N/A","Large Standard-Size",4.76,5,8.66,3.17,103.77,286.26,"01/31/2026",11,9,0,0.04
"https://amazon.com/dp/B0FCSG88DY","https://m.media-amazon.com/images/I/71piwrVAJAL._SX450_.jpg","B0FCSG88DY","Emergency Car Jump Starter, 2500 Peak 6000mAh Capacity for 4.0L Gas / 3.0L Diesel Engine, Type-C Input Fast Charging Power Bank, Compact Auto Car Booster","Thmomex","FBA","Automotive",828129,652726712547,"N/A",0652726712547,"N/A","Jump Starters",1843,45.99,"N/A",10,8,-63,552.45,372.37,111,4.4,"Thmomex Direct","China",1,0,"N/A","Large Standard-Size",3.62,5.67,8.31,1.39,85.88,236.9,"08/31/2025",8,8,4,0.09
"https://amazon.com/dp/B0FQJBBCWM","https://m.media-amazon.com/images/I/71B5ud86XJL._SX450_.jpg","B0FQJBBCWM","Persevere 6000A Jump Starter with 150PSI Air Compressor, 12V Portable Car Battery Booster for 9.5L Gas/6.5L Diesel, 39800mAh Power Bank with LED Light & Jumper Cables, Storage Case","Persevere","FBA","Automotive",828586,"N/A","N/A","N/A","N/A","Batteries & Accessories",7906,90.99,-61,7,7,-71,628.02,627.89,2,5,"パーシビアpersevere","Japan",1,0,"N/A","Large Standard-Size",7.8,4.7,3,2,55.37,152.75,"12/31/2025",5,9,0,3.26
"https://amazon.com/dp/B09T76KJXL","https://m.media-amazon.com/images/I/51zwt7Fkn+L._SX450_.jpg","B09T76KJXL","12V AC/DC Adapter Compatible with Power On Board Vector 400 450 Amp 400A 450A 450AMP Jump Start 1200A 1200 Peak VEC012APM VECO12POB VECO21STC VEC12APCL Jumper Starter Air Compressor Charger","saschedross","FBA","Automotive",829203,"N/A","N/A",6087932130498,"N/A","Batteries & Accessories",7679,16.89,1,19,19,45,316.7,316.39,9,4.6,"TATMALL","China",2,190,67,"Large Standard-Size",1.5,3,4,0.25,9.06,25,"08/31/2025",49,4,0,2.09
"https://amazon.com/dp/B0F8ZP788K","https://m.media-amazon.com/images/I/61iWTnK9COL._SX450_.jpg","B0F8ZP788K","Hermitshell Hard Travel Case for AstroAI S8 Car Battery/S ZEVZO ET03 Car Jump Starter (Case Only)","Hermitshell","FBA","Automotive",829563,"N/A","N/A","N/A","N/A","Batteries & Accessories",7906,15.99,-27,0,0,-115,"-","-","N/A","N/A","HermitShell Case","China",1,0,"N/A","Large Standard-Size",7.5,3.6,3,0.05,40.78,112.5,"06/30/2025",10,7,0,"N/A"
"https://amazon.com/dp/B0D62W141K","https://m.media-amazon.com/images/I/71aJmoajPBL._SX450_.jpg","B0D62W141K","LOKITHOR J3250 PRO Jump Starter with ConnectMax, 3250A LiFePO4 Car Starter Battery for 9.5L Gas and 7.5L Diesel Engines, Jump Pack with 100W Two-Way Fast Charging, Super-Safe and 2000 Cycle Life","LOKITHOR","FBA","Automotive",830444,"N/A","N/A","N/A","N/A","Batteries & Accessories",8066,219.95,-16,5,5,-71,1178.71,1178.54,80,4.2,"LOKITHOR Online","China",2,0,"N/A","Large Standard-Size",4.5,9.75,12.5,6.4,276.12,761.72,"11/30/2025",10,9,2,0.07
"https://amazon.com/dp/B0FXDJQHLG","https://m.media-amazon.com/images/I/711z68QXqoL._SX450_.jpg","B0FXDJQHLG","TIWINTUL Portable Car Jump Starter with Air Compressor, 14.8V 2000 * 4mAh Battery Booster, 150PSI Tire Inflator, Power Bank & LED Flashlight for Roadside Emergencies & Travel","TIWINTUL","FBA","Automotive",832999,"N/A","N/A","N/A","N/A","Batteries & Accessories",7905,35.55,-49,23,23,177,941.73,941.59,20,3.9,"Tifeng","China",1,0,"N/A","Large Standard-Size",3.9,6.93,6.93,2.38,94.3,260.13,"02/28/2026",4,7,0,1.16
"https://amazon.com/dp/B0BXQFYBG1","https://m.media-amazon.com/images/I/411-JGIa9XL._SX450_.jpg","B0BXQFYBG1","PowerMax 2000 Amp Lithium Jump Starter","PowerMax","FBA","Automotive",833825,850040355635,"N/A",0850040355635,"N/A","Batteries & Accessories",7770,102.5,-22,3,3,,346.98,346.88,3,4.4,"Oceanside RV Supply","USA",5,49,"N/A","Large Standard-Size",4.29,8.07,13.62,4.28,237.4,654.9,"11/30/2025",36,7,0,1.13
"https://amazon.com/dp/B0DT2L6C3K","https://m.media-amazon.com/images/I/51i-5qVGEuL._SX450_.jpg","B0DT2L6C3K","JTC4250 7000mAh Jump Starter, Battery Charger, 89.6Wh Type-C PD60W Two-Way Fast Charging Power Bank, 12V Battery Tester with 300 Lumens 3 Models LED for Up to 10.0L Gas and 8.0L Diesel Engines","Takao","FBM","Automotive",838096,808228752387,"N/A",0808228752387,"N/A","Jump Starters",979,219.99,20,5,5,25,1129.08,1128.96,"N/A","N/A","BoostProjects","USA",1,0,"N/A","N/A",7,5,12,"N/A","N/A","N/A","10/31/2025",10,8,0,"N/A"
"https://amazon.com/dp/B0BFQYL8RS","https://m.media-amazon.com/images/I/61+DNy69IFL._SX450_.jpg","B0BFQYL8RS","FITE ON 5V Type C Power Charger Compatible with NEXPOW Car Jump Starter 1500A 2000A Peak Battery Starter; GOOLOO GP2000 GT3000 Portable Car Jump Starter Adapter","FITE ON","FBA","Automotive",839607,"N/A","N/A","N/A","N/A","Jump Starters",1030,13.05,-44,12,12,-90,154.12,154.06,46,4.5,"FITE ON","China",2,177,-58,"Large Standard-Size",2.01,3.07,4.57,0.18,14.2,39.17,"12/31/2024",41,7,0,0.26
"https://amazon.com/dp/B0FRLJFNL1","https://m.media-amazon.com/images/I/61JlKiCdcXL._SX450_.jpg","B0FRLJFNL1","600A Jump Starter -12V Lithium Battery Booster Pack, Portable Jump Box, 12000mAh Power Bank & Jumper Cables - for 4.0L Gas and 2.0L Diesel Engines. Suitable for Car/SUV, Motorcycles, Trucks, Yacht","CamelParty","FBA","Automotive",843534,"N/A","N/A","N/A","N/A","Batteries & Accessories",7802,49.99,-42,131,109,401,3441.45,2859.46,12,4.7,"jurishiyeyou","China",1,0,"N/A","Large Standard-Size",4.37,9.84,10,1.83,216.5,597.23,"02/28/2026",4,8,2,10.94
"https://amazon.com/dp/B0FRFZ56Q6","https://m.media-amazon.com/images/I/71EgKs-38tL._SX450_.jpg","B0FRFZ56Q6","Protection Storage Case Compatible with NOCO Boost GB40 / GB20 / X GBX45 UltraSafe Jump Starter Lithium Battery Booster Pack and Accessories（Black Case + Red Zipper）-Flaxune","Flaxune","FBA","Automotive",849225,"N/A","N/A","N/A","N/A","Batteries & Accessories",7886,22.99,-61,6,2,-127,131,39.19,5,5,"FlaxuneStore","China",1,0,"N/A","Large Standard-Size",3.5,9.33,9.8,0.73,161.12,444.47,"11/30/2025",6,9,3,1.15
"https://amazon.com/dp/B0B5QSXWS4","https://m.media-amazon.com/images/I/51a-EN82ImL._SX450_.jpg","B0B5QSXWS4","Fast DC 12V Wall Charger AC Adapter Replacement for Booster PAC ES2500 ES2500KE Jump Starter","onerbl","FBM","Automotive",851424,"N/A","N/A",4741640571098,"N/A","Batteries & Accessories",7901,19.45,-17,8,8,,149.35,149.24,5,4.2,"GreatComputerParts","China",2,30,"N/A","Large Standard-Size",2,4,6,0.5,"N/A","N/A","11/30/2024",45,1,0,1.54
"https://amazon.com/dp/B0FYDXYSF5","https://m.media-amazon.com/images/I/71hJgp07X1L._SX450_.jpg","B0FYDXYSF5","NOCO Boost GB40: 1000A UltraSafe Jump Starter – 12V Lithium Battery Booster Pack, Portable Jump Box, Power Bank & Jumper Cables - for 6.0L Gas and 3.0L Diesel Engines (Renewed)","NOCO","FBM","Automotive",852553,728434039914,"N/A",0728434039914,"N/A","Batteries & Accessories",7887,95.02,138,12,12,-47,1184.84,1184.62,1,1,"Hitex Store","USA",4,0,"N/A","N/A","N/A","N/A","N/A","N/A","N/A","N/A","12/31/2025",4,6,0,12.46
"https://amazon.com/dp/B08MZHX78M","https://m.media-amazon.com/images/I/717mhp9vgYL._SX450_.jpg","B08MZHX78M","AC Adapter for Chicago Electric Power System Jump Starter 96157 car auto Battery Jump Start DC Power Supply Charger Cord Cable, 5 Feet, with LED Indicator, Compatible Replacement","GUY-TECH","FBM","Automotive",853356,757926760043,"N/A",0757926760043,"N/A","Batteries & Accessories",7911,8.99,-10,1,1,-107,10.81,10.79,1,5,"GuyPower","China",2,18,"N/A","N/A","N/A","N/A","N/A","N/A","N/A","N/A","09/30/2025",80,2,0,1.32
"https://amazon.com/dp/B0FVFSBXZM","https://m.media-amazon.com/images/I/71ud-stOrdL._SX450_.jpg","B0FVFSBXZM","Jump Starters with Air Compressor | 250PSI Tire Inflator Portable Car Battery Booster with, 12V Supersafe Lithium Jump Box Car Battery Jumper Starter (10.0 Gas/6.5L Diesel)","POSIKO","FBA","Automotive",853538,"N/A","N/A","N/A","N/A","Batteries & Accessories",7895,49.99,-62,17,17,-52,888.09,887.92,6,3.7,"POSIKO","China",1,0,"N/A","Large Standard-Size",4.96,5.35,8.9,2.33,118.91,328.01,"11/30/2025",4,6,0,2.9
"https://amazon.com/dp/B0FHQ1Z3SJ","https://m.media-amazon.com/images/I/61Wpdoc+CGL._SX450_.jpg","B0FHQ1Z3SJ","Portable Car Jump Starter Compatible with Makita 18V- 11AWG Heavy Duty Jump Starter Cable (1.2FT) for Car Battery Emergency Jump Start, Using Tool Batteries (Battery Sold Separately)","Lambrix","FBA","Automotive",857015,"N/A","N/A","N/A","N/A","Batteries & Accessories",7941,32.99,-18,14,14,-26,465.53,465.4,7,3.9,"liwen shop","China",1,0,"N/A","Large Standard-Size",3.78,4.21,4.65,0.88,37.26,102.78,"11/30/2025",6,7,0,1.98
"https://amazon.com/dp/B0F8VMYHJ3","https://m.media-amazon.com/images/I/81JvmDsuXYL._SX450_.jpg","B0F8VMYHJ3","Grupeer GR7 7000Amp Jump Starter Powered by 6 * 3000F Super Capacitors, Batteryless Portable Jump Box, SuperSafe 12V Car Battery Booster Pack, Portable Charger and Jumper Cables for All 12V Car","grupeer","FBA","Automotive",857555,712490715455,"N/A",0712490715455,"N/A","Jump Starters",996,289.99,-40,4,4,-91,1208.34,1208.22,23,4.2,"litu electronics","China",1,0,"N/A","Large Standard-Size",11,10.8,7.7,10.8,460.56,1270.5,"11/30/2025",7,8,0,0.46
"https://amazon.com/dp/B00C70Z510","https://m.media-amazon.com/images/I/21ewSG50C9L._SX450_.jpg","B00C70Z510","Phoenix Jump Start Kit, 1250 Max Amps, 30Ft","Phoenix","FBM","Automotive",859352,"N/A","N/A",7430988682968,"N/A","Batteries & Accessories",8055,206.11,-50,0,0,,"-","-",0,"N/A","Advance Cycle Parts","USA",4,6,"N/A","Large bulky",18,18,21,5.35,"N/A","N/A","09/30/2025",107,1,0,"N/A"
"https://amazon.com/dp/B0B9319DDM","https://m.media-amazon.com/images/I/71Gv72xBjyL._SX450_.jpg","B0B9319DDM","MANUSAGE Jump Starter (for 5.5L Gas or to 4.0L Diesel) Powerful Car Jump Starter with Dual USB Quick Charge and DC Output,12V/19V Jump Pack with Car Tire Air Pump & LED Flashlight","MANUSAGE","Amazon","Automotive",860098,673324912832,"N/A",0673324912832,"N/A","Jump Starters",1041,114.65,1,10,10,,798.67,798.51,59,4.4,"Amazon","N/A",1,106,-46,"Large Standard-Size",5.16,8.39,11.06,4.92,"N/A","N/A","11/30/2024",43,7,0,0.16
"https://amazon.com/dp/B0FP5F94C4","https://m.media-amazon.com/images/I/71bgM0n1APL._SX450_.jpg","B0FP5F94C4","Jump Starter with Air Compressor,4000A Portable Car Battery Jump Starter (10L Gas/8.5L Diesel), 12V Battery Charger Booster,150PSI Auto-Shutoff Tire Inflator,Portable Jumper Cables, LED Light - Black","Cemobene","FBA","Automotive",860241,607604337732,"N/A",0607604337732,"N/A","Batteries & Accessories",7965,150,-100,5,5,,479.34,479.2,48,4.6,"Woot","USA",1,0,"N/A","Large Standard-Size",3.07,8.94,10.67,2.91,147.44,406.73,"12/31/2025",5,7,0,0.11
"https://amazon.com/dp/B0F5MRT7ST","https://m.media-amazon.com/images/I/81XYFmpO3SL._SX450_.jpg","B0F5MRT7ST","FBLFOBELI Hard Carrying Case for DeWalt DXAELJ16 1600 Peak Amp Jump Starter Battery Booster with USB Power Station (Case Only)","FBLFOBELI","FBA","Automotive",860937,"N/A","N/A","N/A","N/A","Batteries & Accessories",7970,15.99,-14,5,5,-94,79.92,79.74,8,4.8,"FBL Fobeli","China",1,0,"N/A","Large Standard-Size",8.7,5.1,3.7,0.61,82.65,228.01,"12/31/2025",11,7,0,0.62
"https://amazon.com/dp/B0D2W6LKDD","https://m.media-amazon.com/images/I/617AS9qvEML._SX450_.jpg","B0D2W6LKDD","Car Jump Starters Adapter for Craftsman 20V V20 Batteries,11 Gauge Car Battery Jump Starter, Engine12V Auto Booster Cables for Jump Starting Dead or Weak Batteries,Use Under 3.5 Liters","DEWDYS","FBA","Automotive",862501,"N/A","N/A","N/A","N/A","Batteries & Accessories",7981,31.99,"N/A",8,2,-61,248.49,57.53,101,3.4,"TPLS","China",1,425,"N/A","Large Standard-Size",3.62,3.62,5.31,0.77,35.03,96.64,"11/30/2024",20,8,4,0.08
"https://amazon.com/dp/B0D2W6VCBY","https://m.media-amazon.com/images/I/61+PyRTGeCL._SX450_.jpg","B0D2W6VCBY","Car Jumper Start Adapter Jumper Cables for Milwaukee M18 18V,with 11AWG Cable,Jump Starting Adapter Auto Booster Cable for Jump Starting Car Using Tool Battery,Engine Under 3.5 Liters","DEWDYS","FBA","Automotive",862919,"N/A","N/A","N/A","N/A","Batteries & Accessories",7983,31.99,-22,8,3,-61,248.49,101.56,101,3.4,"TPLS","China",1,425,"N/A","Large Standard-Size",3.54,3.58,5.28,0.77,33.69,92.94,"11/30/2024",21,9,4,0.08
"https://amazon.com/dp/B0DP63KHH6","https://m.media-amazon.com/images/I/71VKN5c9CJL._SX450_.jpg","B0DP63KHH6","NOVSIGHT Car Battery Jump Starter - 5000A Portable Battery Jumper (12.0L Gas/10.0L Diesel) 12V Car Starter Jump Box with USB Type-C Quick Charge, Bulit-in Charge 3 Modes, Dual Color Lights(Orange)","NOVSIGHT","FBA","Automotive",863645,791533134422,"N/A",0791533134422,"N/A","Batteries & Accessories",7991,129.99,-6,24,8,-78,3085.58,1039.49,6,5,"Greenlights-us","China",1,0,"N/A","Large Standard-Size",4.57,5.75,11.02,3.17,145.79,402.19,"11/30/2025",12,8,10,3.95
"https://amazon.com/dp/B0DQPX46JB","https://m.media-amazon.com/images/I/71MwGREDfCL._SX450_.jpg","B0DQPX46JB","NOVSIGHT Jump Starter With Air Compressor - 6000A 13-in-1 Portable Jump Box for Car Battery, 12V Jump Starter Power Pack(ALL Gas/10L Diesel) 150PSI Auto-Shut Tire Inflator & Air Inflator/Deflator Pump","NOVSIGHT","FBA","Automotive",863649,"N/A","N/A","N/A","N/A","Batteries & Accessories",7990,129.99,-43,24,8,-78,3085.58,1003.33,23,4.7,"Docean Light","China",1,0,"N/A","Large Standard-Size",2.99,9.65,10.79,3.73,156.75,432.4,"11/30/2025",15,6,10,1.03
"https://amazon.com/dp/B0FH45G75P","https://m.media-amazon.com/images/I/71jtvv+W88L._SX450_.jpg","B0FH45G75P","NWISE 6000A Jump Starter with Air Compressor, 160PSI Jump Box Battery Pack with Digital Tire Inflator,12V Booster Pack with Large LCD Display, Emergency Light","NWISE","FBA","Automotive",866141,768825720335,"N/A",0768825720335,"N/A","Batteries & Accessories",8012,59.99,"N/A",10,0,-126,599.9,"-",41,3.6,"Trosime","China",1,0,"N/A","Large Standard-Size",5,8.23,11.89,3.15,246.34,679.55,"11/30/2025",7,8,5,0.24
"https://amazon.com/dp/B09WJFBYTN","https://m.media-amazon.com/images/I/51zwt7Fkn+L._SX450_.jpg","B09WJFBYTN","New AC/DC Adapter for Mac Tools MT5145 MT5120 MacTools MT 5145 MT 5120 12 Volt Jumpstarter Portable Power 1700 12VDC Jump Starter 12V - 13.5V Class 2 Power Supply Cord Battery Charger PSU","saschedross","FBM","Automotive",866286,"N/A","N/A",6087932169658,"N/A","Batteries & Accessories",8009,9.38,14,10,10,45,162.96,162.75,1,5,"TATMALL","China",1,55,"N/A","Large Standard-Size",1.5,3,4,0.25,"N/A","N/A","10/31/2025",48,4,0,9.6
"https://amazon.com/dp/B0DXZW7KXM","https://m.media-amazon.com/images/I/81DS6LuMdQL._SX450_.jpg","B0DXZW7KXM","Car Battery Jump Starter Portable, 2000A Jump Starter Battery Pack for 8.0L Gasoline and 6.0L Diesel Engines, 12V Jump Box for Car Battery with EC8 Jumper Cables, Black","COOGEO","FBA","Automotive",866638,"N/A","N/A","N/A","N/A","Batteries & Accessories",8014,69.99,-46,25,25,,1752.81,1752.5,27,4.6,"COOGEO","China",1,0,"N/A","Large Standard-Size",3.9,5.43,8.66,2.38,92.33,254.71,"02/28/2026",10,8,0,0.93
"https://amazon.com/dp/B0C4XXPXW2","https://m.media-amazon.com/images/I/81KxGdYnyjL._SX450_.jpg","B0C4XXPXW2","ANKHOH Hard Case Compatible with Halo Bolt Air 58830 mWh/Bolt 58830/57720 / ACDC Max 55500, Portable Car Jump Starter and Air Compressor Storage Bag, Charger Holder for Emergency Power Kit, Black","ANKHOH","FBA","Automotive",867475,"N/A","N/A","N/A","N/A","Jump Starters",1043,21.99,24,10,10,-105,215.37,215.13,112,4.4,"ankhoh","China",1,353,-53,"Large Standard-Size",4.41,6.73,10.87,0.77,162.43,448.07,"11/30/2024",34,8,0,0.09
"https://amazon.com/dp/B0CWNXMYPW","https://m.media-amazon.com/images/I/71EoB4uQDAL._SX450_.jpg","B0CWNXMYPW","Charger for Gooloo GP2000 GP3000 GP4000 Portable Car Jump Starter AC/DC Adapter Replacement for Gooloo 1000mA 2000mA 3000mA Peak Car Starter Power Supply Cord Type-C","DONYOIE","FBA","Automotive",868602,"N/A","N/A","N/A","N/A","Batteries & Accessories",8026,9.51,-48,12,12,-97,115.24,115.16,28,4.5,"DONYOIE","China",1,255,-46,"Large Standard-Size",1.85,2.76,3.86,0.24,9.92,27.37,"12/31/2024",24,8,0,0.43
"https://amazon.com/dp/B0DBVPJXXG","https://m.media-amazon.com/images/I/61PhF6rpkRL._SX450_.jpg","B0DBVPJXXG","YNDZ Jump Starter Adapter for Craftsman 20V V20 Battery, 11AWG 30A Auto Booster Cables, Portable Car Jump Starter for Up to 3.5L Engine, 12V Emergency Jump Box Using Power Tool Battery","YNDZ","FBA","Automotive",874475,"N/A","N/A","N/A","N/A","Batteries & Accessories",8074,35.14,-27,12,6,32,423.48,204.69,37,3.9,"yunendianzi","China",1,211,"N/A","Large Standard-Size",3.5,3.58,5.28,0.77,33.31,91.89,"12/31/2024",20,9,3,0.31
"https://amazon.com/dp/B0DBVPB6F9","https://m.media-amazon.com/images/I/61jGPOs3h6L._SX450_.jpg","B0DBVPB6F9","YNDZ Jumper Starter Adapter for Milwaukee M18 18V Battery, 11AWG Pure Copper Cable, 30A Output, Up to 3.5L Engine, 12V Car Emergency Jump Kit","YNDZ","FBA","Automotive",874475,"N/A","N/A","N/A","N/A","Batteries & Accessories",8074,36.99,-35,12,6,32,423.48,218.53,38,4,"yunendianzi","China",1,211,"N/A","Large Standard-Size",3.62,3.7,5.31,0.77,35.81,98.78,"12/31/2024",17,9,3,0.3
"https://amazon.com/dp/B08CRYTLB5","https://m.media-amazon.com/images/I/21bS09Z9VtL._SX450_.jpg","B08CRYTLB5","SOLAR HT1224AGM Heavy Truck Jump Starter 12/24V (w/AGM Batteries)","Solar","FBM","Automotive",883228,010271025077,"N/A",0010271025077,"N/A","Batteries & Accessories",8220,2074.07,-21,9,9,-36,19293.85,19293.67,2,5,"National Tool Warehouse","USA",7,77,18,"N/A","N/A","N/A","N/A","N/A","N/A","N/A","01/31/2025",68,1,0,4.65
"https://amazon.com/dp/B0FCS1GH19","https://m.media-amazon.com/images/I/71JANZzo6pL._SX450_.jpg","B0FCS1GH19","Car Jump Starter Portable 6000A Peak Battery Booster for up to 10.0L Gas/10L Diesel Engine,12V Lithium SuperSafe Jump Box, Jumper Starter Pack Charger Cable USB Quick Charge QC3.0 and Type-C Port","QQZJ","FBA","Automotive",885881,732249461228,"N/A",0732249461228,"N/A","Batteries & Accessories",8155,49.99,-69,2,2,-23,132.02,131.93,4,4.3,"qianji","China",1,0,"N/A","Large Standard-Size",7.48,3.35,2,2.2,25.23,69.61,"06/30/2025",9,7,1,0.55
"https://amazon.com/dp/B0F4RD3F73","https://m.media-amazon.com/images/I/71XpjnuBRKL._SX450_.jpg","B0F4RD3F73","4000A Car Jump Starter with Air Compressor, 150PSI Tire Inflator with Auto Shut-Off, 20000mAh Portable Power Bank, 12V Gas & Diesel Engines, Multi-Protection Safety Design","Ordriv","FBA","Automotive",887122,"N/A","N/A","N/A","N/A","Batteries & Accessories",8161,99.99,-68,8,8,127,483.73,483.69,5,4.7,"Ordriv","China",1,0,"N/A","Large Standard-Size",9.57,5.28,4.96,3.55,126.18,348.09,"06/30/2025",9,8,0,1.62
"https://amazon.com/dp/B09647FJYY","https://m.media-amazon.com/images/I/51BmLzcW+1L._SX450_.jpg","B09647FJYY","Bright Way Replacement Battery for Solar Booster Pac ES5000 12V 18Ah NB Jump Starter Battery","Bright Way Group","FBM","Automotive",888064,"N/A","N/A","N/A","N/A","Batteries & Accessories",8164,38.99,-46,5,5,-24,178.76,178.64,3,3.7,"Batterysharks","USA",1,40,"N/A","N/A","N/A","N/A","N/A","N/A","N/A","N/A","10/31/2025",58,1,0,1.53
"https://amazon.com/dp/B0BFR19GJX","https://m.media-amazon.com/images/I/619ABwv3AZL._SX450_.jpg","B0BFR19GJX","Portable Car Battery Jump Starter with Air Compressor,Wireless Tire Inflator Digital Screen Pressure Gauge 12V Booster","Explore Warriors","FBA","Automotive",888227,744252392840,"N/A",0744252392840,"N/A","Jump Starters",1062,39.99,-5,7,7,-82,262.3,262.19,189,4.6,"ZHIHAI WIRELESS","China",1,295,-58,"Large Standard-Size",3.43,6.81,8.54,2.78,100.35,276.82,"11/30/2024",42,6,0,0.03
"https://amazon.com/dp/B0B36WPK48","https://m.media-amazon.com/images/I/7144bP8x+LL._SX450_.jpg","B0B36WPK48","Goldfire Battery Jump Post Kit Remote Battery Jumper Terminals Charging Tool W/Cable & Mounting Bracket Heavy Duty Waterproof for Car Can-Am X3 UTV ATV","Goldfire","FBA","Automotive",888751,"N/A","N/A","N/A","N/A","Jump Starters",1063,34.99,-7,14,14,,506.38,506.28,18,4,"Goldfire MOTO","China",1,52,-21,"Large Standard-Size",2.52,3.98,9.53,1.65,48.12,132.75,"02/28/2026",44,8,0,0.8
"https://amazon.com/dp/B01LWJSEER","https://m.media-amazon.com/images/I/81UxARno7CL._SX450_.jpg","B01LWJSEER","Wagan EL7552 Jumpboost V10 Air 1000 Peak Amps 12V Jump Starter with 260 PSI Powerful Air Compressor Tire Inflator, 1 Built-in DC Socket and 2A USB Port, Work Light","Wagan","FBM","Automotive",889086,084367075529,00084367075529,0084367075529,"N/A","Jump Starters",1064,124.53,-12,5,5,-50,669.4,669.23,374,4.1,"Wagan","USA",12,69,-43,"Large bulky",8.3,12.5,12.7,12.9,"N/A","N/A","11/30/2024",114,8,0,0.01
"https://amazon.com/dp/B0CXF34G7W","https://m.media-amazon.com/images/I/61GckQ8GvLL._SX450_.jpg","B0CXF34G7W","GB70 Charger fit for NOCO Battery GB40 GB30 GB20 Boost Jump Starter Micro USB Charging Cable Wall Charger Power Adapter","NSGWKZD","FBA","Automotive",891691,"N/A","N/A","N/A","N/A","Batteries & Accessories",8192,13.99,-12,5,5,-59,71.31,71.17,28,4.4,"NSGWKZD","China",1,196,"N/A","Large Standard-Size",1.02,4.33,5.52,0.46,12.27,33.86,"11/30/2024",22,7,0,0.19
"https://amazon.com/dp/B0C147THV5","https://m.media-amazon.com/images/I/71x4xS6CenL._SX450_.jpg","B0C147THV5","YESPER Boost Jump Starter Battery Pack 4120A 27000mAh Car Battery Charger Jumper Starter (All Gas/up to 10L Diesel) 100W Quick Charge 12V Portable Jump Box for Totally Dead Vehicle with DSLI Safe Tech","YESPER","FBA","Automotive",897101,"N/A","N/A","N/A","N/A","Batteries & Accessories",8318,179.99,-33,13,13,-96,2282.91,2282.83,67,4.7,"YESPER DIRECT","China",1,0,"N/A","Large Standard-Size",4.61,4.84,10.67,3.7,119.86,330.66,"12/31/2025",32,8,0,0.19
"https://amazon.com/dp/B0GJJC7MQ6","https://m.media-amazon.com/images/I/71G7bIallWL._SX450_.jpg","B0GJJC7MQ6","VEVOR Jump Starter, 1000A Peak, Car Jumper Starter Battery Pack, 12V Portable Lithium Battery Booster, Jump Box Power Bank with 3 Modes Flashlight and Jumper Cable, for Up to 5L Gas & 3L Diesel Engine","VEVOR","Amazon","Automotive",898537,197988361565,"N/A",0197988361565,"N/A","Batteries & Accessories",8232,44.9,-132,31,31,,1400.27,1400.19,"N/A","N/A","Amazon","N/A",1,0,"N/A","Large Standard-Size",7.48,5.12,3.35,1.59,"N/A","N/A","02/28/2026",0,9,0,"N/A"
"https://amazon.com/dp/B004F7J8YS","https://m.media-amazon.com/images/I/41b3bBQ4zRL._SX450_.jpg","B004F7J8YS","Jump Start™ Starting Fluids With Lubricity - 11 oz jump start starting fluid (Pack of 1)","CRC","FBM","Automotive",898759,078254056715,"N/A",0078254056715,"N/A","Jump Starters",1073,14.85,-27,2,2,-38,27.42,27.36,12,4.3,"Z Logo","USA",12,47,-36,"Large Standard-Size",2.4,2.4,7.83,0.88,"N/A","N/A","04/30/2024",184,1,0,0.16
"https://amazon.com/dp/B0DP2QTS8V","https://m.media-amazon.com/images/I/710QIuFCjfL._SX450_.jpg","B0DP2QTS8V","NEVERLAND Car Battery Jump Starter - 6000A Peak Portable Jump Starter Power Pack(for 8.5L Gas/8L Diesel), 4 Modes LED Lights Safe Jump Box for Car Battery with 2 USB Ports Power Bank, Compass, Red","NEVERLAND","FBA","Automotive",899108,"N/A","N/A","N/A","N/A","Batteries & Accessories",8243,89.99,2,2,2,-105,136.51,136.49,58,4.5,"Docean Light","China",2,1011,"N/A","Large Standard-Size",3.82,7.99,9.41,1.83,144.6,398.9,"03/31/2025",13,6,5,0.04
"https://amazon.com/dp/B000XQ9MGE","https://m.media-amazon.com/images/I/71gzXXYnLVL._SX450_.jpg","B000XQ9MGE","Clore Automotive Jump-N-Carry JNC300XL 900 Peak Amp Jump Starter","Clore Automotive","Amazon","Automotive",900277,747410900345,00747410900345,0747410900345,"N/A","Jump Starters",1073,98.38,-4,10,10,-9,954.24,954.05,1943,3.9,"Amazon","N/A",12,138,-30,"Large Standard-Size",7.91,8.62,12.91,10.03,"N/A","N/A","11/30/2024",134,5,0,0.01
"https://amazon.com/dp/B01MXM07WR","https://m.media-amazon.com/images/I/41N-kkBluBL._SX450_.jpg","B01MXM07WR","Accessory USA AC DC Power Adapter for Husky Black & Decker Jump-Starter VEC012CBD VEC270 VEC138Y VEC118BBattery Charger","Accessory USA","FBM","Automotive",905326,710847842724,"N/A",0710847842724,"N/A","Batteries & Accessories",8286,8.99,-27,2,2,-37,16.62,16.56,22,4,"Accessory USA","China",1,13,-24,"N/A","N/A","N/A","N/A","N/A","N/A","N/A","06/30/2024",112,1,0,0.08
"https://amazon.com/dp/B0F52RZWRF","https://m.media-amazon.com/images/I/71TxO4c7TwL._SX450_.jpg","B0F52RZWRF","Mchoi Hard Case Suitable for AstroAI S8 Car Jump Starter 1500A Portable Car Battery Charger, Case Only, Red","Mchoi","FBA","Automotive",905346,"N/A","N/A","N/A","N/A","Batteries & Accessories",8289,14.99,-9,10,5,-22,151.32,77.38,16,4.4,"Mchoi Direct","China",1,0,"N/A","Large Standard-Size",4,5,9,0.65,90.63,250,"11/30/2025",10,9,3,0.63
"https://amazon.com/dp/B0D61QQC3Y","https://m.media-amazon.com/images/I/81isEkBX+DL._SX450_.jpg","B0D61QQC3Y","Mchoi Hard Case Suitable for AstroAI S8 Car Jump Starter 1500A Portable Car Battery Charger, Case Only","Mchoi","FBA","Automotive",905766,"N/A","N/A","N/A","N/A","Batteries & Accessories",8291,15.73,-16,10,1,-22,151.32,19.64,16,4.4,"Mchoi Direct","China",1,0,"N/A","Large Standard-Size",8.4,4.8,3.5,0.58,71.05,196,"11/30/2025",22,9,3,0.63
"https://amazon.com/dp/B0CBTMBNSV","https://m.media-amazon.com/images/I/81trSRXE-gL._SX450_.jpg","B0CBTMBNSV","AstroAI T8 Car Battery Jump Starter, 2500A 8-in-1 Jump Box for Car Battery, Up to 8.0L Gas & 5.0L Diesel Engine, 15200mAh QC 3.0 Power Bank, Informative LED Screen with Cigarette Adapter, Jumper Cable","AstroAI","FBA","Automotive",906230,"N/A","N/A","N/A","N/A","Jump Starters",1037,89.99,"N/A",4,4,,384.89,384.83,136,4.6,"AstroAI Direct","USA",1,6,"N/A","Large Standard-Size",3.9,5.04,7.95,2.27,78.68,217.04,"02/28/2026",28,7,0,0.03
"https://amazon.com/dp/B0F3P82SHZ","https://m.media-amazon.com/images/I/61V2IbG0ATL._SX450_.jpg","B0F3P82SHZ","Car Battery Booster Jumper Starter 1000A with Air Compressor Tire Inflator 150PSI Car Battery Jump Leads Starter Car Tire Pump, (10L Gas/8L Diesel), Cell Power Bank Back Charger Emergency Light Torch","SAMTEK","FBA","Automotive",909500,"N/A","N/A",5056716211525,"N/A","Jump Starters",1077,34.99,-66,3,3,-91,113.43,113.38,4,4.6,"eBuyerHub","USA",1,0,"N/A","Large Standard-Size",4.72,4.84,9.25,2.62,106.39,293.49,"12/31/2025",8,10,0,0.81
"https://amazon.com/dp/B09SLG79VW","https://m.media-amazon.com/images/I/51zwt7Fkn+L._SX450_.jpg","B09SLG79VW","AC Adapter Replacement for EverStart HP300-2 HP250 400 300 Amp Jump Starter Battery Charger","saschedross","FBM","Automotive",911467,"N/A","N/A",6087932106424,"N/A","Batteries & Accessories",8330,7.98,-32,1,1,100,7.98,7.95,1,5,"TATMALL","China",1,7,"N/A","N/A","N/A","N/A","N/A","N/A","N/A","N/A","01/31/2025",49,4,0,1
"https://amazon.com/dp/B09TRRZRWD","https://m.media-amazon.com/images/I/516FFzBMcEL._SX450_.jpg","B09TRRZRWD","AC Charging Cord Charger Cable Compatible with Duralast Gold BP-DLG1200PS BP-DL1200PS DLG1000PS DL-1000 750 1000 1200 Peak Amps Power Station LCA Jump Starter BP-DLG-1200PS 1000A 1200A 12V PS","saschedross","FBM","Automotive",912150,"N/A","N/A",6087932152254,"N/A","Batteries & Accessories",8337,10.38,-34,8,8,25,82.8,82.73,3,5,"TATMALL","China",1,116,"N/A","N/A","N/A","N/A","N/A","N/A","N/A","N/A","05/31/2025",49,2,0,2.66
"https://amazon.com/dp/B0CF9G1354","https://m.media-amazon.com/images/I/71MU5xMBdCL._SX450_.jpg","B0CF9G1354","Jump Starter with Air Compressor, 2500A Portable Car Battery Pack(8.5 Gas/8.0L Diesel) 160PSI 20000mAh Car Tire Inflator, Jumper Starter Battery Box with Touch Screen, LED Light, Power Bank","IILUEE","FBM","Automotive",918087,747607911710,"N/A",0747607911710,"N/A","Jump Starters",1055,63.66,78,5,5,-50,304.14,303.99,467,4.3,"biepanje73338","N/A",1,116,"N/A","Large Standard-Size",4.29,5.94,7.28,2.54,"N/A","N/A","03/31/2024",31,8,0,0.01
"https://amazon.com/dp/B0DTKBKDNN","https://m.media-amazon.com/images/I/610gQSb+4hL._SX450_.jpg","B0DTKBKDNN","Maxwell 18V 567F Super Capacitor 12V Jump Starter 6000A Car Starter No Traditional Battery, Powerful Jump Box for All 12V Cars, 6pcs 3.0V 3400F Works in -45°F, 1 Mins Fast Charging for Instant Usage","SHUNBPWR","FBM","Automotive",918592,"N/A","N/A","N/A","N/A","Batteries & Accessories",8501,290,-17,5,2,-20,1630.96,624.58,9,5,"SHUN BIN","China",1,0,"N/A","N/A","N/A","N/A","N/A","N/A","N/A","N/A","03/31/2025",11,5,6,0.59
"https://amazon.com/dp/B0BHDFTJVZ","https://m.media-amazon.com/images/I/61qDUOdwOxL._SX450_.jpg","B0BHDFTJVZ","18V DC Power Cord Charger Adapter Charger for Schumacher Instant XP2260 XP2260W;Booster PAC ESA22 ES2500KE ES2500 ESA217 ES5000 ESP5500 ES6000 ES2500KE ES2500 J850 Car Starter Auto Truck Jump Starter","ycwwzzh","FBA","Automotive",925570,768461975915,"N/A",0768461975915,"N/A","Jump Starters",1059,9.98,-38,17,17,-55,174.12,173.82,36,3.8,"ycwwzzh","China",1,238,"N/A","Large Standard-Size",2.01,2.52,3.94,0.26,10.05,27.72,"10/31/2024",42,7,0,0.48
"https://amazon.com/dp/B0D2PHLS58","https://m.media-amazon.com/images/I/716P7sRIfLL._SX450_.jpg","B0D2PHLS58","Schumacher Electric Jump Starter and Portable Power Station, 5-in-1 with Inverter, Air Compressor, and Work Light, SPR1631-1200 Peak Amps, 12 Volt, for Cars, Trucks, RV's and Marine Batteries","Schumacher Electric","FBM","Automotive",927845,026666816311,"N/A",0026666816311,"N/A","Jump Starters",1062,154.34,-24,7,7,38,1088.34,1088.14,81,3.6,"iGoods LLC","USA",1,451,"N/A","Large bulky",13.25,16.51,24.15,22.51,"N/A","N/A","11/30/2024",22,7,0,0.09
"https://amazon.com/dp/B09T7669LY","https://m.media-amazon.com/images/I/51zwt7Fkn+L._SX450_.jpg","B09T7669LY","15V AC/DC Adapter Compatible with Tyrell Chenergy HH880 HH-607 HH-715 HH745 HH-399 HH582 450 750 900 1200 1400 1700 Peak Amps 900A 1400A 1700A Jump Starter 12V Power Station Battery Charger","saschedross","FBM","Automotive",928288,"N/A","N/A",6087932129836,"N/A","Batteries & Accessories",8570,12.85,-23,4,4,-75,50.19,50.15,4,3.6,"TATMALL","China",1,109,70,"N/A","N/A","N/A","N/A","N/A","N/A","N/A","06/30/2025",49,4,0,0.98
"https://amazon.com/dp/B0F1D17P19","https://m.media-amazon.com/images/I/71g1YaS6BWL._SX450_.jpg","B0F1D17P19","VTOMAN X1 Jump Starter with Air Compressor, Portable Car Battery Jumper Starter (2500A, Up to 8.5L Gas/6L Diesel Engine) with 150PSI Tire Inflator, 12V Lithium Jump Box, Booster Pack","VTOMAN","FBA","Automotive",933323,"N/A","N/A","N/A","N/A","Jump Starters",1109,99.99,"N/A",4,4,,383.19,383.06,26,4.4,"VTOMAN","China",1,0,"N/A","Large Standard-Size",4.72,5.08,8.78,3.22,105.99,292.39,"02/28/2026",11,9,0,0.15
"https://amazon.com/dp/B0F43V36HC","https://m.media-amazon.com/images/I/61yAyQ6mkgL._SX450_.jpg","B0F43V36HC","Jump Starter 4000A Peak Car Jump Starter with Air Compressor 12V Jump Box (up to 9L Gas,7.0L Diesel Engine) Auto Battery Booster,Power Bank with USB Quick Charge and Type C Port,LED Light","RSH","FBA","Automotive",933794,"N/A","N/A","N/A","N/A","Jump Starters",1091,69.99,"N/A",6,6,,423.66,423.48,21,4.6,"Miweilianyu","N/A",1,0,"N/A","Large Standard-Size",10,6,8,2,241.67,666.67,"01/31/2026",2,6,0,0.29
"https://amazon.com/dp/B09DPM7H53","https://m.media-amazon.com/images/I/71w2bq13ucL._SX450_.jpg","B09DPM7H53","Omilik 6FT 18V AC DC Adapter Charger Replacement for Schumacher XP2260 XP2260W 1200 Peak Amp Instant Power Electric 6-in-1 Car Starter Jumper ((Old Version)) Power Supply Cord PSU","Omilik","FBA","Automotive",937148,"N/A","N/A","N/A","N/A","Batteries & Accessories",8472,12.99,-9,0,0,-100,"-","-",2,5,"CJP-Geek","USA",1,11,-27,"Large Standard-Size",1.65,3.78,4.96,0.33,15.58,42.97,"09/30/2024",55,8,0,0.08
"https://amazon.com/dp/B076KNKCMY","https://m.media-amazon.com/images/I/610wlLqT3iL._SX450_.jpg","B076KNKCMY","UpBright Male Car AC/DC Adapter Compatible with Schumacher DSR114 DSR115 DSR 114 PSJ 1812 2212 3612 4424 ProSeries Jump Starter 12V Power Supply PSJ1812 PSJ2212 PSJ3612 PSJ4424 SAC-109 Battery Charger","UPBRIGHT","FBM","Automotive",937507,666230497739,"N/A",0666230497739,"N/A","Jump Starters",1067,10.99,-66,5,5,-61,59.54,59.42,34,4.5,"PowerHOOD","USA",1,47,-88,"Large Standard-Size",1.85,4.41,5.2,0.29,"N/A","N/A","12/31/2024",101,5,0,0.16
"https://amazon.com/dp/B0BD9YR9D5","https://m.media-amazon.com/images/I/61F4hdBh01L._SX450_.jpg","B0BD9YR9D5","Battery Tender 2000 AMP Lithium Jump Starter -16000mAh Portable Power Station with 100 Watt Inverter - 3 Fast USB Charging Ports - 030-2040-WH","Battery Tender","Amazon","Automotive",938672,734357320411,"N/A",0734357320411,"N/A","Jump Starters",1103,119.97,-79,11,11,-78,1388.97,1388.92,84,4.1,"Amazon","N/A",1,324,2,"Large Standard-Size",7.76,10.1,11,4.2,"N/A","N/A","10/31/2025",40,7,0,0.14
"https://amazon.com/dp/B0G2TJHWWW","https://m.media-amazon.com/images/I/41RzjDcGZFL._SX450_.jpg","B0G2TJHWWW","for Milwaukee.d M18 Hotshot Jump Starter","Generic","FBM","Automotive",942372,"N/A","N/A","N/A","N/A","Batteries & Accessories",8512,598.99,-23,1,1,,613.57,613.54,"N/A","N/A","shopinstrumentstd","USA",1,0,"N/A","N/A","N/A","N/A","N/A","N/A","N/A","N/A","11/30/2025",3,5,0,"N/A"
"https://amazon.com/dp/B077H7CX5C","https://m.media-amazon.com/images/I/51it6sGgPuL._SX450_.jpg","B077H7CX5C","Jump-N-Carry JNC214 Replacement Charger for JNC300XL Jump Starter","Clore Automotive","Amazon","Automotive",942406,010271024285,00010271024285,0010271024285,"N/A","Batteries & Accessories",8684,27.9,-22,10,10,-50,287.82,287.63,65,4,"Amazon","N/A",8,130,-2,"Large Standard-Size",2.5,2.5,3.75,0.25,"N/A","N/A","11/30/2024",100,1,0,0.16
"https://amazon.com/dp/B0FFGGFT66","https://m.media-amazon.com/images/I/61r87w1qWmL._SX450_.jpg","B0FFGGFT66","Car Battery Charger Jump Starter, 5000A Jump Starter Battery Booster Pack for Up to 9.0L Gas and 8.0L Diesel, 12V Portable Jump Box with Jumper Cables, LED Light, USB Ports","Featou","FBA","Automotive",943090,762849132976,"N/A",0762849132976,"N/A","Batteries & Accessories",8739,59.99,-41,5,5,320,302.41,302.31,25,4.6,"Oreetga-US","China",1,0,"N/A","Large Standard-Size",4.49,5.47,8.7,2.07,107.58,296.77,"11/30/2025",7,7,2,0.2
"https://amazon.com/dp/B0CR6D83D1","https://m.media-amazon.com/images/I/61-1lSd9VuL._SX450_.jpg","B0CR6D83D1","Generic AC DC Adapter Charger for Stanley SS4LS (fit This Model ONLY) Simple Start 8000 mAh POWERTOGO Jump Starter Car Battery Jump Start Compatible Replacement Power Supply Charging Cord Cable Wire","Generic","FBM","Automotive",943654,"N/A","N/A","N/A","N/A","Batteries & Accessories",8492,11.99,-11,0,0,,"-","-","N/A","N/A","GuyPower","China",1,1,"N/A","N/A","N/A","N/A","N/A","N/A","N/A","N/A","08/31/2024",40,4,0,"N/A"
"https://amazon.com/dp/B07W67R79R","https://m.media-amazon.com/images/I/4154hC32-kL._SX450_.jpg","B07W67R79R","Adapter Charger for Peak 300 Amp Jump Starter Portable Power Station AC Mains","MPKKE","FBA","Automotive",946790,"N/A","N/A",5311601411566,"N/A","Batteries & Accessories",8729,8.99,-42,9,9,90,91.78,91.55,29,4.1,"Zxcjzuang","China",2,126,8,"Large Standard-Size",1.22,3.7,4.45,0.13,10.11,27.9,"05/31/2025",80,3,0,0.31
"https://amazon.com/dp/B00P6SPTZ2","https://m.media-amazon.com/images/I/41umVLu7A1L._SX450_.jpg","B00P6SPTZ2","Valterra Diamond Group DG61030VP Decor USB Charging Station - Black","Valterra","Amazon","Automotive",946836,785175610307,00785175610307,0785175610307,"N/A","Jump Starters",1122,34.6,-31,5,5,46,167.7,167.59,125,4.5,"Amazon","N/A",36,77,-43,"Large Standard-Size",1.9,4.3,7.2,0.15,"N/A","N/A","04/30/2024",137,3,0,0.04
"https://amazon.com/dp/B0B1TNVW68","https://m.media-amazon.com/images/I/71DkRwj4AxL._SX450_.jpg","B0B1TNVW68","LOKITHOR J403HD 10000A Jump Starter, 12V Car Battery Jumper Starter Portable (16L Gas/All Diesel Engines) Powerful Jump Pack with 100W Quick Charger, 400 Lumen LED Light, 64000mAh Power Bank","LOKITHOR","FBA","Automotive",956597,889551123891,"N/A",0889551123891,"N/A","Batteries & Accessories",8798,599.95,"N/A",1,1,,665.82,665.8,"N/A","N/A","LOKITHOR Direct","China",1,0,"N/A","Large Standard-Size",13.58,10.43,4.72,10.12,336.59,928.52,"12/31/2025",2,8,0,"N/A"
"https://amazon.com/dp/B0FHHBXQ1T","https://m.media-amazon.com/images/I/71iJqTb6W7L._SX450_.jpg","B0FHHBXQ1T","10000A Car Battery Jump Starter(for All Gas or up to 12L Diesel) Powerful Car Jump Starter with Dual USB Quick Charge and DC Output,14.8 Jump Pack with Built-in LED Bright Light","Generic","FBA","Automotive",960211,"N/A","N/A","N/A","N/A","Batteries & Accessories",8801,108,-42,8,8,18,889.24,889.19,2,5,"aotemandiaopu","China",1,0,"N/A","Large Standard-Size",2,2,3,0.22,6.04,16.67,"11/30/2025",4,9,0,4.12
"https://amazon.com/dp/B0FD3MX4FC","https://m.media-amazon.com/images/I/410E46kP44L._SX450_.jpg","B0FD3MX4FC","DR.HILL 3000A Jump Starter with Air Compressor, 150PSI Portable Tire Inflator for Car Emergency, 21800mAh 12V Battery Booster Pack (10.0L Gas/8.0L Diesel), PD 60W Fast Charger with Smart LCD Display","DR.HILL","FBA","Automotive",962081,"N/A","N/A","N/A","N/A","Batteries & Accessories",8589,89,78,5,5,-99,406.44,406.32,13,4.5,"covvll-jp","China",2,0,"N/A","Large Standard-Size",4.25,5.71,9.92,3.02,121.2,334.35,"10/31/2025",9,9,0,0.36
"https://amazon.com/dp/B0G34BPGTN","https://m.media-amazon.com/images/I/71a-h2TD12L._SX450_.jpg","B0G34BPGTN","Jump Starter with Air Compressor, 5000A Battery Jumper Starter Portable (All Gas and 10L Diesel) with 150PSI Auto-Shutoff Tire Inflator 12V Car Battery Charger with Jumper Cable LED Light","BUVAYE","-","Automotive",976765,"N/A","N/A","N/A","N/A","Batteries & Accessories",8697,79.99,"N/A",0,0,,"-","-","N/A","N/A",,"N/A",1,0,"N/A","Large Standard-Size",4.45,5.2,8.5,2.95,"N/A","N/A","-",0,"N/A",0,"N/A"
"https://amazon.com/dp/B0C1D83HJ6","https://m.media-amazon.com/images/I/61+gSN1j9YL._SX450_.jpg","B0C1D83HJ6","Guy-Tech AC/DC Adapter Compatible with Duralast Gold 1200 600 300 750 900 Amps Peak Amp 200 6 in 1 Jump Starter Power Station BP-DL600 BP-DL900 BP-DLG BP-DLG1200PS ACD032 Powertek Power Supply","GUY-TECH","FBM","Automotive",980599,"N/A","N/A","N/A","N/A","Batteries & Accessories",8941,11,-1,1,1,33,13.57,13.51,4,3.4,"EXT Store","China",1,13,"N/A","N/A","N/A","N/A","N/A","N/A","N/A","N/A","01/31/2025",36,5,0,0.3
"https://amazon.com/dp/B0F5BDQRHS","https://m.media-amazon.com/images/I/71vGD-OpmiL._SX450_.jpg","B0F5BDQRHS","Industry's First Sodium 27500mAh 6000A Car Battery Jump Starter with PD 60W, 12V Portable Car Jump Starter for All Gas/12L Diesel Engine, 10-Year Standby Car Accessories with LED Display, 1500LM Light","AOOYSORA","FBM","Automotive",982490,"N/A","N/A","N/A","N/A","Jump Starters",1103,99.99,-52,19,21,-5,2038.26,2236.29,3,3.4,"RuiSi Elctric","China",1,0,"N/A","Large Standard-Size",4.49,8.5,9.76,5.07,"N/A","N/A","10/31/2025",8,8,0,6.21
"https://amazon.com/dp/B0D66JSB98","https://m.media-amazon.com/images/I/71jgcOnxZJL._SX450_.jpg","B0D66JSB98","AVAPOW 6000A Portable Jump Starter (for All Gas & 12.0L Diesel Engines) with Dual USB Quick Charge and DC Output, Force Start Battery Jumper Portable, 12V Jump Pack with 3 Modes LED Bright Light","AVAPOW","FBA","Automotive",982550,"N/A","N/A","N/A","N/A","Batteries & Accessories",8759,209.99,29,1,1,-100,110.16,110.14,6,4.8,"AVAPOW Direct","China",1,167,"N/A","Large Standard-Size",5.47,5.98,11.26,4.7,185.44,511.56,"12/31/2024",16,8,0,0.09
"https://amazon.com/dp/B08Z3CKZZJ","https://m.media-amazon.com/images/I/813W7n6+fML._SX450_.jpg","B08Z3CKZZJ","Aproca Case Compatible with HALO Bolt 58830/57720 Portable Emergency Power Kit, Portable Storage Bag for Accessories- Black (Case Only)","Aproca","FBA","Automotive",983872,"N/A","N/A","N/A","N/A","Jump Starters",1093,17.99,9,24,8,-37,430.13,134.56,101,4.6,"Aproca Direct","China",1,0,"N/A","Large Standard-Size",3.98,6.34,9.21,0.53,117.01,322.77,"12/31/2025",60,8,3,0.24
"https://amazon.com/dp/B0G48RS9X4","https://m.media-amazon.com/images/I/51stKg5Wx3L._SX450_.jpg","B0G48RS9X4","Jump Starter with Air Compressor 3000A, Portable Car Battery Jump Starter for 8L Gas / 6L Diesel Engines, 150 PSI Tire Inflator, 20000mAh Jump Box with LED Light, Jumper Cables, 10 Safety Protections","Alltrip","FBA","Automotive",987707,607605422970,"N/A",0607605422970,"N/A","Batteries & Accessories",8986,69.99,-17,23,23,,1507.51,1507.25,7,4.8,"ALLTRIP","China",1,0,"N/A","Large Standard-Size",5.2,7.01,9.41,3.24,172.7,476.41,"01/31/2026",4,9,0,3.27
"https://amazon.com/dp/B097NDPHFF","https://m.media-amazon.com/images/I/61vKAtJgBTL._SX450_.jpg","B097NDPHFF","Bright Way Group Solar Booster Pac ES2500 Jump Starter Compatible Battery, 12V 18Ah NB BW12180-NB","Bright Way Group","FBM","Automotive",992588,"N/A","N/A","N/A","N/A","Batteries & Accessories",8857,38.99,-11,2,2,-35,75.83,75.77,3,4.7,"Batterysharks","USA",1,61,"N/A","N/A","N/A","N/A","N/A","N/A","N/A","N/A","04/30/2025",57,6,0,0.66
"https://amazon.com/dp/B0B93LZF8F","https://m.media-amazon.com/images/I/617K9hnivaL._SX450_.jpg","B0B93LZF8F","Spanarci ZETA2000 Portable Jump Box, 2000A Battery Booster for 12V Batteries, Up to 8.0L Gas and 6.5L Diesel Engines, Lithium Jump Starter with LCD Display (Blue)","SPANARCI","FBA","Automotive",993587,610840129092,"N/A",0610840129092,"N/A","Jump Starters",1123,129.99,14,2,2,-72,208.2,208.14,370,4.4,"SPANARCI","China",1,43,-97,"Large Standard-Size",3.43,4.61,9.61,2.62,76.51,211.05,"12/31/2024",41,9,1,0
"https://amazon.com/dp/B0G5Q6M4M1","https://m.media-amazon.com/images/I/71t6Qk6G3kL._SX450_.jpg","B0G5Q6M4M1","DeWalt DXAELJ16 1600 Peak Amp Jump Starter Battery Booster with USB Power Station (Renewed)","DEWALT","-","Automotive",999380,728434096306,"N/A",0728434096306,"N/A","Batteries & Accessories",9110,94.95,"N/A",0,0,,"-","-",1,5,,"N/A",1,0,"N/A","N/A","N/A","N/A","N/A","N/A","N/A","N/A","01/31/2026",1,4,2,0
"https://amazon.com/dp/B0DTK72PWZ","https://m.media-amazon.com/images/I/71k7d5EglhL._SX450_.jpg","B0DTK72PWZ","Maxwell 16V 500F Super Capacitor 12V Jump Starter 6000A Car Starter Battery Pack(Up to 8.0L Gas, 6.0L Diesel Engine), Starter 6pcs 3000Farads 16Volts car Audio Amplifier Portable Jump Starter","SHUNBPWR","FBM","Automotive",1004050,"N/A","N/A","N/A","N/A","Batteries & Accessories",8942,299,-3,5,1,-20,1630.96,213.64,9,5,"SHUN BIN","China",1,0,"N/A","N/A","N/A","N/A","N/A","N/A","N/A","N/A","03/31/2025",9,7,6,0.59
"https://amazon.com/dp/B0DTK886X3","https://m.media-amazon.com/images/I/61ljhvb2iPL._SX450_.jpg","B0DTK886X3","Maxwell 16V 500F Super Capacitor 12V Jump Starter 6000A Car Starter No Traditional Battery, Powerful Jump Box for All 12V Cars, 6pcs 2.7V 3000F Works in -45°F, 1 Mins Fast Charging for Instant Usage","SHUNBPWR","FBM","Automotive",1004116,"N/A","N/A","N/A","N/A","Batteries & Accessories",8944,290,-7,5,2,-20,1630.96,609.26,9,5,"SHUN BIN","China",1,0,"N/A","N/A","N/A","N/A","N/A","N/A","N/A","N/A","03/31/2025",8,7,6,0.59
"https://amazon.com/dp/B0DTKBG7FN","https://m.media-amazon.com/images/I/61UnUcC-LEL._SX450_.jpg","B0DTKBG7FN","Maxwell 16V 1000F Super Capacitor 12V Jump Starter 6000A Car Starter No Traditional Battery, Powerful Jump Box for All 12V Cars, 12pcs 2.7V 3000F Works in -45°F, 1 Mins Fast Charging for Instant Usage","SHUNBPWR","FBM","Automotive",1004116,"N/A","N/A","N/A","N/A","Batteries & Accessories",8944,490,-26,5,0,-20,1630.96,"-",9,5,"SHUN BIN","China",1,0,"N/A","N/A","N/A","N/A","N/A","N/A","N/A","N/A","03/31/2025",14,7,6,0.59
"https://amazon.com/dp/B0G1YN5KC1","https://m.media-amazon.com/images/I/41wW4rJCSHL._SX450_.jpg","B0G1YN5KC1","ROGATION Jump Starter with 150PSI Air Compressor, 2000A Peak 12V Booster, 10000mAh Portable Car Battery Jump Starter, Up to 10L Gas/8L Diesel Engines, 33W Bidirectional fast Charging Power Bank-Orange","ROGATION","-","Automotive",1007760,"N/A","N/A","N/A","N/A","Batteries & Accessories",8977,86.99,"N/A",4,0,,329.22,"-","N/A","N/A",,"N/A",1,0,"N/A","Large Standard-Size",3.78,8.19,12.09,2.91,"N/A","N/A","02/28/2026","-","N/A",3,"N/A"
"https://amazon.com/dp/B0G1YL7TYF","https://m.media-amazon.com/images/I/41YGFb-hdRL._SX450_.jpg","B0G1YL7TYF","ROGATION Jump Starter with 150PSI Air Compressor, 2000A Peak 12V Booster, 10000mAh Portable Car Battery Jump Starter, Up to 10L Gas/8L Diesel Engines, 33W Bidirectional Fast Charging Power Bank-Black","ROGATION","FBA","Automotive",1008329,"N/A","N/A","N/A","N/A","Batteries & Accessories",8979,81.99,21,4,4,,329.22,329.12,7,4.7,"RO-QI","N/A",1,0,"N/A","Large Standard-Size",4.21,8.66,11.57,2.76,212.38,585.87,"02/28/2026",1,9,3,0.56
"https://amazon.com/dp/B0FNZW54YD","https://m.media-amazon.com/images/I/61cSGYiNCCL._SX450_.jpg","B0FNZW54YD","Puranex Car Jump Starter Portable with Air Compressor, 150PSI Portable Tire Inflator with Car 3000A Battery Booster (9.0 Gas/6.5L Diesel), 12V Jump Starter with Smart Jumper Cables","Puranex","FBA","Automotive",1013537,645567358500,"N/A",0645567358500,"N/A","Batteries & Accessories",9182,99.99,37,0,0,,"-","-",8,4.4,"NexGen—ONE","N/A",2,0,"N/A","Large Standard-Size",4.41,6.1,9.45,3.46,127.99,353.08,"12/31/2025",3,7,0,0
"https://amazon.com/dp/B0CWGLMKBK","https://m.media-amazon.com/images/I/61ccRUE+O6L._SX450_.jpg","B0CWGLMKBK","Jump Starter - 3 in 1 Car Battery Jump Starter - 2500A 12V 21000mAh Portable Charger, Jump Box, Battery Booster Pack with LCD Display (for 8L Gas/6.5L Diesel), Camping Gifts for Men","BIZEWO","FBA","Automotive",1014357,"N/A","N/A","N/A","N/A","Batteries & Accessories",9189,91.98,"N/A",1,1,,100.67,100.65,6,5,"rq store","China",1,0,"N/A","Large Standard-Size",4.09,5.28,9.69,2.58,105.36,290.64,"03/31/2024",23,5,0,0.18
"https://amazon.com/dp/B0DSWTKCTT","https://m.media-amazon.com/images/I/61ofY3UgPuL._SX450_.jpg","B0DSWTKCTT","JA302 4in1 Jump Starter with Air Compressor - 2500 Amp Jump Starter, 150 PSI Air Inflator, 76Wh Power Bank QC3.0 18W, 300 Lumen Led Flashlight for Up to 8.5L Gas and 6.5L Diesel Engines","Takao","FBM","Automotive",1015324,808228568919,"N/A",0808228568919,"N/A","Jump Starters",1142,189.99,-52,1,1,-67,275.6,275.55,6,3.8,"BoostProjects","USA",1,0,"N/A","N/A",6,5,11,"N/A","N/A","N/A","07/31/2025",14,4,0,0.24
"https://amazon.com/dp/B0G521R19R","https://m.media-amazon.com/images/I/71OROYqZHJL._SX450_.jpg","B0G521R19R","TEMOLA Jump Starter with Air Compressor 14.8V 6000mAh Car Battery Jumper Starter Portable Jump Box and 7A 150PSI Tire Inflator for Cars Trucks SUV with LED Light","TEMOLA","FBM","Automotive",1018808,739630925444,"N/A",0739630925444,"N/A","Batteries & Accessories",9180,29.99,"N/A",10,10,,290.66,290.54,"N/A","N/A","Manso US","China",1,0,"N/A","Large Standard-Size",8.07,14,7.5,1.62,"N/A","N/A","12/31/2025",2,7,0,"N/A"
"https://amazon.com/dp/B0DF5QJN3J","https://m.media-amazon.com/images/I/61chidgfo3L._SX450_.jpg","B0DF5QJN3J","Maxwell 18V 500F Super Capacitor Jump Starter, 6000A Peak Current, Instant Charging, Battery-Free Design for All 12V Vehicles, Power Bank for Subwoofers & Tools, 10+ Year Lifespan","SHHIYU","FBM","Automotive",1019275,804507244055,"N/A",0804507244055,"N/A","Batteries & Accessories",9067,280,-55,5,5,,1354.12,1354.09,"N/A","N/A","SHPOWER","China",1,11,"N/A","Large Standard-Size",8,6,8,7.72,"N/A","N/A","02/28/2026",19,6,0,"N/A"
"https://amazon.com/dp/B07DZ6Y9DG","https://m.media-amazon.com/images/I/61lKa1jEGmL._SX450_.jpg","B07DZ6Y9DG","TUDIA EVA Travel Hard Shock Absorption Carrying Storage Case for 4000 Amp 12V Lithium Jump Starter Compatible with NOCO GENIUS1 1A，GOOLOO, WOLFBOX, NEXPEAK NC201 10-Amp，NC202 10-Amp，bc02-1a and NEXPOW","TUDIA","FBA","Automotive",1030848,819286023340,00819286023340,0819286023340,"N/A","Jump Starters",1161,22.9,-20,5,5,-74,102.87,102.81,65,4.2,"W2 Corporation","USA",1,111,327,"Large Standard-Size",3.5,8.5,12.75,0.75,190.97,526.82,"12/31/2025",94,4,0,0.07
"https://amazon.com/dp/B082583F2L","https://m.media-amazon.com/images/I/61PjNdMgaOL._SX450_.jpg","B082583F2L","DKKPIA) AC/DC Adapter Charger for Antigravity Batteries Micro Start XP-10 Jump Starter Power Supply Cord Cable","DKKPIA","FBA","Automotive",1034239,"N/A","N/A",6951081834487,"N/A","Batteries & Accessories",9177,11.99,-15,9,9,180,112.91,112.74,14,4.6,"Zxcjzuang","China",2,74,-15,"Large Standard-Size",1.14,3.98,4.8,0.13,10.96,30.25,"11/30/2024",76,3,0,0.67
"https://amazon.com/dp/B0G386QFGS","https://m.media-amazon.com/images/I/717O-wcPnLL._SX450_.jpg","B0G386QFGS","JFEGWO 8250A Jump Starter with Air Compressor, 32000mAh Car Battery Booster Pack (Up to All Gas/12.0L Diesel), 150 PSI Tire Inflator, 65W Fast Charging Portable Jump Box for 12V Trucks, SUVs, RVs","ATGFOX","-","Automotive",1043498,"N/A","N/A","N/A","N/A","Jump Starters",1138,549.99,"N/A",0,0,,"-","-","N/A","N/A",,"N/A",1,0,"N/A","Large Standard-Size",5.16,8.74,11.54,7.5,"N/A","N/A","02/28/2026","-","N/A",2,"N/A"
"https://amazon.com/dp/B07895PH6R","https://m.media-amazon.com/images/I/81Y1rKfSQ7L._SX450_.jpg","B07895PH6R","Schumacher Electric Farm & Ranch 1200A Car Battery Jump Starter and Portable Power Station, 5-in-1 Solution for 12V Batteries, 100-PSI Air Compressor, 200 Continuous/400 Peak Watt Inverter, FR01337","Schumacher Electric","Amazon","Automotive",1050118,026666813372,00026666813372,0026666813372,"N/A","Jump Starters",1169,238.54,-8,6,6,-33,1479.02,1478.85,301,3.9,"Amazon","N/A",1,186,-46,"Large bulky",12.75,13.35,13.91,19.55,"N/A","N/A","03/31/2024",98,7,0,0.02
"https://amazon.com/dp/B0GK1GSB1G","https://m.media-amazon.com/images/I/81p9zkiP0oL._SX450_.jpg","B0GK1GSB1G","Gleegi EVA Protection Case Compatible with NOCO Jump Starters Boost Plus GB40/Boost Sport GB20/Boost X GBX45 1250A 12V UltraSafe Lithium Jump Starters(CASE ONLY)","Gleegi","FBA","Automotive",1052089,798712317836,"N/A",0798712317836,"N/A","Batteries & Accessories",9426,21.99,79,1,1,,26.19,26.15,"N/A","N/A","Gleegi","Hong Kong",1,0,"N/A","Large Standard-Size",4.02,7.01,10.31,0.68,146.28,403.52,"02/28/2026",0,7,2,"N/A"
"https://amazon.com/dp/B0G6DK7GHX","https://m.media-amazon.com/images/I/71-edZ6eNAL._SX450_.jpg","B0G6DK7GHX","ToolPumde Car Jump Starter 9000A 100W Fast-Charging 12V Super Safe Portable Battery Booster Pack, Auto Jump Box Jumper Cables for All 12V Cars","TOOLPUMDE","-","Automotive",1057181,786354686878,"N/A",0786354686878,"N/A","Batteries & Accessories",9465,279,"N/A",5,5,,1395,1395,"N/A","N/A",,"N/A",1,0,"N/A","Large Standard-Size",7.95,11.54,11.69,8.27,"N/A","N/A","-",0,"N/A",0,"N/A"
"https://amazon.com/dp/B0DRCX3VRD","https://m.media-amazon.com/images/I/71tP9Lzt5KL._SX450_.jpg","B0DRCX3VRD","Car Jump Starter Adapter for DeWalt 20V 60V Li-ion Batteries Pack with Jumper Cables 12v Clamps,Portable Car Battery Charger Jump Starter(Battery Not Included)","ZWDXRB","FBA","Automotive",1059224,"N/A","N/A","N/A","N/A","Batteries & Accessories",9330,31.99,-7,8,8,-71,245.84,245.62,16,4,"ZFD Store","China",1,281,"N/A","Large Standard-Size",3.62,3.82,5.2,0.77,36.2,99.87,"11/30/2025",13,9,0,0.48
"https://amazon.com/dp/B0CPT3H6S8","https://m.media-amazon.com/images/I/511Yr2ZDjsL._SX450_.jpg","B0CPT3H6S8","5V Charger Replacement Fit for Noco Boost Sport GB20 GB30 GB40 GBX45 GBX55 GB70 GBX75 GB150 GBX155 Battery Jump Starter AC Adapter with 3.3Ft Charging Cable Power Cord","OGMWIN","FBA","Automotive",1059774,"N/A","N/A","N/A","N/A","Batteries & Accessories",9333,12.99,-34,6,6,-65,83.05,82.92,20,4.4,"mingkemaoyi","China",1,240,-40,"Large Standard-Size",2.01,2.09,5.24,0.15,11.08,30.57,"12/31/2024",47,5,0,0.32
"https://amazon.com/dp/B0C9SVPH16","https://m.media-amazon.com/images/I/71OKtd92laL._SX450_.jpg","B0C9SVPH16","Hulkman Alpha Booster Clamps Exclusively Designed for Alpha 100/ Alpha Max Jump Starter","Hulkman","FBA","Automotive",1063156,"N/A","N/A","N/A","N/A","Batteries & Accessories",9498,29.99,-71,7,7,-80,216.59,216.48,6,4.1,"HULKMAN Direct","China",1,148,33,"Large Standard-Size",2.32,3.74,7.24,1.39,31.63,87.25,"08/31/2024",29,2,0,1.21
"https://amazon.com/dp/B083NLX7TR","https://m.media-amazon.com/images/I/61Vhcdqp1kL._SX450_.jpg","B083NLX7TR","Car Jump Starter, POVWAY 700A Peak 8000mAh 12V Lithium Car Battery Booster (Up to 4.0L Gas or 2.0L Diesel Engine), Auto Portable Power Pack with USB Quick Charge, Built-in LED Light","POVWAY","FBA","Automotive",1065145,"N/A","N/A","N/A","N/A","Jump Starters",1189,37.99,-22,10,10,,307.77,307.65,215,4.4,"POVWAY-US","China",1,0,"N/A","Large Standard-Size",2.2,8.1,8.9,1.65,79.85,220.28,"02/28/2026",73,6,1,0.05
"https://amazon.com/dp/B07X8JCT3S","https://m.media-amazon.com/images/I/615ZBtKxy3L._SX450_.jpg","B07X8JCT3S","SupplySource AC/DC Adapter Replacement for Schumacher SL65 SL 65 SL165 SL1 Red Fuel RedFuel Lithium Ion Portable Jump Starter Start Mobile JumpStarter Power Supply Cord Cable Battery Charger","SupplySource","FBM","Automotive",1065320,760207898472,"N/A",0760207898472,"N/A","Batteries & Accessories",9517,14.65,-14,4,4,20,61.56,61.43,16,4.5,"Power Supply Source","China",1,29,-19,"N/A","N/A","N/A","N/A","N/A","N/A","N/A","02/28/2025",79,4,0,0.26
"https://amazon.com/dp/B0FSPHMJ23","https://m.media-amazon.com/images/I/41MAgA8+c3L._SX450_.jpg","B0FSPHMJ23","Jump Starter Power Pack, 7000A Car Battery Booster Jump Starter and Jump Pack for 12V Vehicles, OGORI NEW Battery Booster with LCD Screen and Flashlight (10L Gas/8L Diesel)","OGORI NEW","FBA","Automotive",1068831,792580277940,"N/A",0792580277940,"N/A","Batteries & Accessories",9454,49.99,"N/A",0,19,,"-",1001.73,7,4.8,"bajiang","China",2,0,"N/A","Large Standard-Size",1.89,8.82,10.63,1.81,89.19,246.05,"03/31/2026",1,8,0,0.02
"https://amazon.com/dp/B0F6LY4RDV","https://m.media-amazon.com/images/I/81MuvSewROL._SX450_.jpg","B0F6LY4RDV","4000A Jump Starter 150 PSI Air Compressor Tire Inflator Cordless Air Pump, 12V Portable Car Battery Booster, LED Display, 12000mAh Power Bank, PD 18W Fast Charging, Flashlight – 10L Gas/8L Diesel","Infinity Light","FBA","Automotive",1068841,"N/A","N/A","N/A","N/A","Batteries & Accessories",9534,64.95,-15,10,10,-60,626.7,626.47,16,4.9,"Infinity Light","Israel",1,0,"N/A","Large Standard-Size",5,5.39,9.8,3.51,132.97,366.82,"12/31/2025",6,8,0,0.6
"https://amazon.com/dp/B0BRSPPKFM","https://m.media-amazon.com/images/I/512VoBCI6GL._SX450_.jpg","B0BRSPPKFM","UPBRIGHT USB Charging Cable Power Charger Cord Compatible with Schumacher SL1582 SL1517 1200A 1200-Amp Peak Amps Jump Starter SL-1582 SL-1517 JumpStarter PowerPack Lithium Ion Tfechnology V8 V12","UPBRIGHT","FBM","Automotive",1072742,"N/A","N/A","N/A","N/A","Batteries & Accessories",9448,8.99,-49,0,0,-91,"-","-",3,5,"Metasources","USA",1,7,"N/A","Large Standard-Size",5,3,1,0.13,"N/A","N/A","12/31/2024",39,4,0,0
"https://amazon.com/dp/B0C62DN8V7","https://m.media-amazon.com/images/I/61+gSN1j9YL._SX450_.jpg","B0C62DN8V7","Guy-Tech AC Adapter Compatible with Rally 7471 Portable 8 in 1 Power Source Jump Starter DC Charger","GUY-TECH","FBM","Automotive",1077206,"N/A","N/A","N/A","N/A","Batteries & Accessories",9446,11,9,0,0,,"-","-",3,4.7,"EXT Store","China",1,6,"N/A","N/A","N/A","N/A","N/A","N/A","N/A","N/A","02/28/2025",34,5,0,0
"https://amazon.com/dp/B0D3TGR7N8","https://m.media-amazon.com/images/I/71PCulkL6lL._SX450_.jpg","B0D3TGR7N8","Jump Starter 150PSI Auto Tire Inflator,10400mAh Portable Battery Booster Car Battery Charger Jump Box Pack","flisible","FBA","Automotive",1084031,"N/A","N/A","N/A","N/A","Batteries & Accessories",9479,79.99,67,0,0,100,"-","-","N/A","N/A","New HONGYI","China",1,0,"N/A","Large Standard-Size",5.91,1.18,3.15,1.5,11.06,30.51,"11/30/2025",13,1,0,"N/A"
"https://amazon.com/dp/B0D96FDCCD","https://m.media-amazon.com/images/I/51tmAliHntL._SX450_.jpg","B0D96FDCCD","12/24V Manual Timer-Controlled Wheeled Battery Charger and Jump Starter, Professional Grade Engine Starter for Cars, SUVs, Trucks, and Boats, 12v + 24v Battery Charger - 30 to 450 Amp","AMZOSS","FBM","Automotive",1086558,"N/A","N/A",1091724283519,"N/A","Jump Starters",1178,219.99,-44,0,0,-33,"-","-","N/A","N/A","Life-AMZOSS","China",1,0,"N/A","N/A","N/A","N/A","N/A","N/A","N/A","N/A","11/30/2025",20,7,0,"N/A"
"https://amazon.com/dp/B0DSTN6MMS","https://m.media-amazon.com/images/I/71E4uj69S1L._SX450_.jpg","B0DSTN6MMS","Car Jumper Starter Portable 24000mAh 12V Peak 4000A Jump Box for Car Battery Cargador De Bateria De Carro Portatil Waterproof IP67 Magnetic Hook Fast Charge 100W Led Lights Camping","Aligoo","FBA","Automotive",1086734,"N/A","N/A","N/A","N/A","Jump Starters",1209,149,-2,4,1,-45,451.23,92.63,37,4.2,"Aligoo Direct","China",1,0,"N/A","Large Standard-Size",4.21,5.55,11.61,3.55,136.58,376.77,"12/31/2025",12,7,3,0.11
"https://amazon.com/dp/B0FCSRN9XG","https://m.media-amazon.com/images/I/81WbEv9Md1L._SX450_.jpg","B0FCSRN9XG","Jump Starter 12V 2000A with USB C 100W Fast Charge IP67 Battery Jumper Starter Portable for Car Dead Battery Emergency Magnetic Hook Led Lights Outdoor Camping Traveler Boat SUV Truck","Aligoo","FBA","Automotive",1087618,"N/A","N/A","N/A","N/A","Batteries & Accessories",10100,95.99,-8,4,2,-45,451.23,223.95,37,4.2,"Aligoo Direct","China",1,0,"N/A","Large Standard-Size",3.23,6.02,9.53,2.31,93.3,257.37,"12/31/2025",6,9,3,0.11
"https://amazon.com/dp/B09SLJBWJ1","https://m.media-amazon.com/images/I/51zwt7Fkn+L._SX450_.jpg","B09SLJBWJ1","AC Adapter Replacement for POTEK Car Jump Starter with 150 PSI Air Compressor 1000 Charger","saschedross","FBA","Automotive",1090792,"N/A","N/A",6087932115440,"N/A","Batteries & Accessories",9696,19.99,-18,6,6,-35,111.18,111.03,2,3.6,"TATMALL","China",2,51,31,"Large Standard-Size",1.5,3,4,0.25,9.06,25,"11/30/2024",49,4,0,2.8
"https://amazon.com/dp/B0D91W7RTS","https://m.media-amazon.com/images/I/61EoraKIngL._SX450_.jpg","B0D91W7RTS","CASIMY 65W USB C Adapter for Boost X GBX45 GBX55 GBX75 GBX75 GBX155 Portable Jump Starter U65 GBC011, Nimo N151 N151S N152 N153 N154 NIMO 15.6 IPS Laptop N171, Nintendo Switch 2 Type-C Charger","CASIMY","FBA","Automotive",1093582,"N/A","N/A","N/A","N/A","Batteries & Accessories",9728,23.99,-11,6,6,-67,151.4,151.18,1,5,"Casimy Power Adapter","China",1,64,"N/A","Large Standard-Size",1.89,4.96,7.56,0.73,35.68,98.42,"03/31/2025",31,6,0,6.3
"https://amazon.com/dp/B0F8TMZBM7","https://m.media-amazon.com/images/I/61Lomk37fcL._SX450_.jpg","B0F8TMZBM7","TekGlom Jump Starter 3000A Peak Car Battery Jumper Starter Portable 12V Jump Box Battery Booster Charger Pack Up to 10L Gas or 8L Diesel Engine with Power Bank Jumper Cable Type C Port USB LED Light","TekGlom","FBA","Automotive",1096191,"N/A","N/A","N/A","N/A","Batteries & Accessories",9530,28.49,-70,21,21,,599.94,599.64,4,3.4,"Tech-Glob","China",1,0,"N/A","Large Standard-Size",2.32,8.94,9.76,1.5,101.92,281.15,"02/28/2026",7,8,0,5.27
"https://amazon.com/dp/B0CM45FPLC","https://m.media-amazon.com/images/I/4123SdPLpiL._SX450_.jpg","B0CM45FPLC","Xzrucst AC Adapter for Black & Decker Jump Starter VECO12CBD Power Supply Charger","Xzrucst","FBM","Automotive",1101792,"N/A","N/A","N/A","N/A","Batteries & Accessories",9550,20.59,"N/A",0,0,,"-","-","N/A","N/A","Xzrucst","China",1,0,"N/A","N/A","N/A","N/A","N/A","N/A","N/A","N/A","-",29,5,0,"N/A"
"https://amazon.com/dp/B09TRRFTH7","https://m.media-amazon.com/images/I/516FFzBMcEL._SX450_.jpg","B09TRRFTH7","AC in Power Charging Charger Cord for Quick Cable 12 Volt 1500 950 1000 4000 4400 Peak Amp Starting Power Commercial Rescue 3000 604055 12V Battery Jump Starter Booster Pack 1700 1800 4050","saschedross","FBM","Automotive",1102250,"N/A","N/A",6087932152346,"N/A","Batteries & Accessories",9772,10.38,9,1,1,-60,11.7,11.65,"N/A","N/A","TATMALL","China",1,13,86,"N/A","N/A","N/A","N/A","N/A","N/A","N/A","12/31/2025",49,2,0,"N/A"
"https://amazon.com/dp/B013ESYQC2","https://m.media-amazon.com/images/I/41BqqEK306L._SX450_.jpg","B013ESYQC2","Longacre 52-43530 SMI Fuel Pressure Sensor Replacement Wire","Longacre","Amazon","Automotive",1103527,"N/A","N/A","N/A","N/A","Batteries & Accessories",9784,20.36,-29,5,5,1400,96.76,96.67,5,4.8,"Amazon","N/A",6,23,-4,"Small Standard-Size",5,1,0.5,1,"N/A","N/A","02/28/2026",128,1,0,0.94
"https://amazon.com/dp/B0CW1MKSJY","https://m.media-amazon.com/images/I/61ev9UI9c5L._SX450_.jpg","B0CW1MKSJY","CASIMY 56W 14V GB150 Charger Jump Starter Battery Car Adapter Compatible with GB70 GB150 GB250+ GB251+ GB500 GB500+ Genius Boost UltraSafe Portable JumpStarter XGC4 XGC Charging Cord DC Charger","CASIMY","FBA","Automotive",1105227,"N/A","N/A","N/A","N/A","Batteries & Accessories",9587,30.99,-35,10,10,-5,321.32,321.15,8,5,"Casimy Power Adapter","China",1,181,"N/A","Large Standard-Size",1.85,5.16,7.56,0.86,36.32,100.19,"10/31/2024",31,9,0,1.3
"https://amazon.com/dp/B08MV2C8J3","https://m.media-amazon.com/images/I/713AKrwf0OL._SX450_.jpg","B08MV2C8J3","AC Adapter for Peak Stanley FATMAX 700 Peak 350 AMP J7CS Jump Starter car auto Battery Jump Start DC Power Supply Charger Cord Cable, 5 Feet, with LED Indicator, Compatible Replacement","GUY-TECH","FBM","Automotive",1106119,757926773951,"N/A",0757926773951,"N/A","Batteries & Accessories",9798,8.99,-26,2,2,-44,14.35,14.29,4,4.7,"GreatPowerDirect","China",2,11,120,"N/A","N/A","N/A","N/A","N/A","N/A","N/A","12/31/2025",80,2,0,0.47
"https://amazon.com/dp/B0DQ79HJTR","https://m.media-amazon.com/images/I/510bmXTSflL._SX450_.jpg","B0DQ79HJTR","KOPUO Portable Car Battery Jump Starter 5000A Jump (2.25gal Gas/1.85gal Diesel) 12V Car Jump Starter Battery Pack, Fast Charge, 160W DC, 3-Mode Lights, Comes with A Storage Case for Easy Storage.","KOPUO","FBM","Automotive",1106127,"N/A","N/A","N/A","N/A","Batteries & Accessories",9592,39.99,-18,4,4,,176.86,176.75,43,4.6,"CEENDA","China",1,437,"N/A","Large Standard-Size",3.94,5.47,8.98,1.85,"N/A","N/A","03/31/2025",12,9,0,0.1
"https://amazon.com/dp/B0BYXP3FKJ","https://m.media-amazon.com/images/I/91ttmtp3MZL._SX450_.jpg","B0BYXP3FKJ","Aenllosi Hard Carrying Case Compatible with AstroAI 118/T8 Car Jump Starter,Mesh Pocke for Battery Starter Clips & Cable(Case Only)","Aenllosi","FBA","Automotive",1106842,"N/A","N/A","N/A","N/A","Jump Starters",1190,16.99,43,7,7,-119,122.89,122.67,50,4.8,"Aenllosi","China",1,284,8,"Large Standard-Size",3.7,5.63,9.06,0.57,95.02,262.12,"11/30/2025",36,7,0,0.14
"https://amazon.com/dp/B0DK3K3CD9","https://m.media-amazon.com/images/I/81JXC3L2fvL._SX450_.jpg","B0DK3K3CD9","Aproca Case Compatible with AstroAI S8 Car Jump Starter, Portable Storage Bag for Accessories (Case Only)","Aproca","FBA","Automotive",1107777,"N/A","N/A","N/A","N/A","Batteries & Accessories",9619,15.99,-24,9,9,-84,147.29,147.07,13,4,"Aproca Direct","China",1,144,"N/A","Large Standard-Size",4.13,5.71,8.98,0.55,106.62,294.12,"12/31/2025",17,9,0,0.71
"https://amazon.com/dp/B0FM7XSJ76","https://m.media-amazon.com/images/I/71C2UfCZ9GL._SX450_.jpg","B0FM7XSJ76","3000A Jump Starter with Air Compressor,Portable Car Battery Jump Starter,12V Jump Box Car Battery Jump Starter，with 150PSI Tire Inflator,with Jumper Cables, Lights(10L Diesel All Cars)","Floranest","FBA","Automotive",1108686,725187805223,"N/A",0725187805223,"N/A","Batteries & Accessories",9627,54.89,-53,5,5,-27,276.35,276.23,33,4.5,"yinjiamaoyi-us","China",1,0,"N/A","Large Standard-Size",4.41,5.24,9.33,2.89,108.55,299.45,"10/31/2025",5,9,2,0.15
"https://amazon.com/dp/B08N147D36","https://m.media-amazon.com/images/I/717mhp9vgYL._SX450_.jpg","B08N147D36","AC Adapter for Schumacher SL161 RED Fuel Jump Starter REDFUEL car auto Battery Jump Start Jumper DC Power Supply Charger Cord Cable, 5 Feet, with LED Indicator, Compatible Replacement","GUY-TECH","FBM","Automotive",1111977,757926767912,"N/A",0757926767912,"N/A","Batteries & Accessories",9832,11.99,-20,0,0,-114,"-","-",39,4.5,"GreatPowerDirect","China",1,15,-87,"Large Standard-Size",1.22,4.65,4.84,0.18,"N/A","N/A","04/30/2024",80,2,0,0.01
"https://amazon.com/dp/B07BGXX99T","https://m.media-amazon.com/images/I/51vJSqkXyvL._SX450_.jpg","B07BGXX99T","UpBright Car DC Adapter Compatible with Halo Bolt 57720 ACDC 58830 44400 1201 HALO1201 Jump Starter Power Bank CEN TECH 3 in 1 Portable Battery Pack 69401 60657 56349 64083 PKC0AS PKC0AQ Auto Charger","UPBRIGHT","FBM","Automotive",1112262,"N/A","N/A","N/A","N/A","Jump Starters",1237,4.99,-11,6,6,-50,28.12,27.95,149,4.6,"PowerHOOD","USA",1,40,-89,"Large Standard-Size",0.83,3.74,4.72,0.09,"N/A","N/A","09/30/2024",96,4,0,0.04
"https://amazon.com/dp/B08MQ3SWCG","https://m.media-amazon.com/images/I/717mhp9vgYL._SX450_.jpg","B08MQ3SWCG","Wall Charger AC Adapter for Antigravity Micro Start XP-10 Jump Starter car auto Battery Jump Start DC Power Supply Charger Cord Cable, 5 Feet, with LED Indicator, Compatible Replacement","GUY-TECH","FBM","Automotive",1112857,757926754974,"N/A",0757926754974,"N/A","Jump Starters",1240,8.99,-6,4,4,-65,32.09,31.98,53,4.4,"GreatPowerDirect","China",2,130,-53,"Large Standard-Size",1.5,4.29,6.14,0.18,"N/A","N/A","04/30/2024",80,2,0,0.07
"https://amazon.com/dp/B0D3XGJFGW","https://m.media-amazon.com/images/I/71seKAAskwL._SX450_.jpg","B0D3XGJFGW","Cordless Tire Inflator - Portable Air Compressor 150 PSI, Fast 9000 mAh Pump for Car, Bike, Motorcycle & Bicycle Tires","flisible","FBA","Automotive",1114401,"N/A","N/A","N/A","N/A","Batteries & Accessories",9709,32.99,-46,2,2,-73,63.82,63.74,40,4.1,"New HONGYI","China",1,294,"N/A","Large Standard-Size",1.93,4.61,6.89,1.48,30.86,85.14,"12/31/2024",22,7,0,0.06
"https://amazon.com/dp/B0DT9RP83D","https://m.media-amazon.com/images/I/61kEn3czGKL._SX450_.jpg","B0DT9RP83D","3000A Jump Starter with Built-in Cable,Car Battery Jumper Starter Portable,with 150PSI Tire Inflator Air Pump Auto-Off,(All Gas/10.0L Diesel),12V Battery Booster Pack Up, with LCD Display, Lights","Leafora","FBA","Automotive",1120704,760754459195,"N/A",0760754459195,"N/A","Batteries & Accessories",9724,59.99,-6,2,2,-61,135.21,135.14,40,4.6,"baolemaoyi-us","China",1,0,"N/A","Large Standard-Size",4.53,5.2,9.49,2.93,112.55,310.48,"08/31/2025",14,9,0,0.06
"https://amazon.com/dp/B0CS695Z2M","https://m.media-amazon.com/images/I/61SHNM5AfwL._SX450_.jpg","B0CS695Z2M","Onerbl USB Type C AC/DC Adapter Compatible with Schumacher SL1396 Rev P-S4 800 Peak Amp 800 Amp Lithium-Ion Li-Ion Portable Jump Starter 800A P24005326 5V DC Power Supply Cord Battery Charger","onerbl","FBM","Automotive",1121694,"N/A","N/A",4741640847018,"N/A","Batteries & Accessories",9897,9.98,-6,0,0,-44,"-","-",3,4.7,"GreatComputerParts","China",1,19,-41,"N/A","N/A","N/A","N/A","N/A","N/A","N/A","06/30/2024",26,1,0,0.08
"https://amazon.com/dp/B0GK168J61","https://m.media-amazon.com/images/I/51+GmpztKDL._SX450_.jpg","B0GK168J61","Gleegi EVA Protection Case Compatible with NOCO Jump Starters Boost GB50: 1500A /Boost X GBX55: 1750A/Boost HD GB70/Boost X GBX75UltraSafe Jump Starter, Booster Pack Storage Box(CASE ONLY)","Gleegi","-","Automotive",1123324,798712317829,"N/A",0798712317829,"N/A","Batteries & Accessories",9783,26.99,"N/A",1,0,,26.19,"-","N/A","N/A",,"N/A",1,0,"N/A","Large Standard-Size",4.65,8.19,12.32,0.99,"N/A","N/A","02/28/2026",0,"N/A",2,"N/A"
"https://amazon.com/dp/B0D267SBSK","https://m.media-amazon.com/images/I/71zsYtnQeCL._SX450_.jpg","B0D267SBSK","ADINC Car Jump Starter with Air Compressor, 160PSI 4000A Portable Car Battery Jump Starter, 12V Jump Box Battery Jumper Starter with Large LCD Display, Lights","ADINC","FBA","Automotive",1124358,"N/A","N/A",6975282120873,"N/A","Batteries & Accessories",9759,69.99,-46,2,0,-81,107.26,"-",33,4,"ADINC","USA",1,156,"N/A","Large Standard-Size",5.08,5.39,9.88,3.42,136.2,375.73,"07/31/2024",21,6,3,0.06
"https://amazon.com/dp/B0D18136WY","https://m.media-amazon.com/images/I/71OJQw39WUL._SX450_.jpg","B0D18136WY","ADINC Jump Starter, Car Battery Jumper Starter 3000A, 12V Battery Pack for Up 8.0L Gas & 7.0L Diesel Engines, Portable Jump Box with LCD Display 3 Modes Flashlight Smart Jumper Cable","ADINC","FBA","Automotive",1124380,"N/A","N/A",6975282120941,"N/A","Batteries & Accessories",9759,49.99,-46,2,2,-81,107.26,80.73,51,4.1,"ADINC","USA",1,156,"N/A","Large Standard-Size",4.06,5.59,9.06,2.05,103.35,285.11,"07/31/2024",22,7,3,0.04
"https://amazon.com/dp/B09MYXW46V","https://m.media-amazon.com/images/I/71808ZyoXkL._SX450_.jpg","B09MYXW46V","BOVKE Travel Case for Halo Bolt Air 58830mWh/Air+ 55500 mWh Portable Emergency Power Kit Car Jump Starter with Tire Pump, Car Charger Phone Laptop Battery Holder, Mesh Pocket fit Jumper Cables, Black","BOVKE","FBA","Automotive",1124436,"N/A","N/A","N/A","N/A","Jump Starters",1246,21.99,-33,2,2,-37,41.98,41.9,86,4.5,"BOVKE","Hong Kong",2,82,-66,"Large Standard-Size",4.45,7.05,8.35,0.57,131.75,363.44,"04/30/2024",52,7,6,0.02
"https://amazon.com/dp/B0051SO7JQ","https://m.media-amazon.com/images/I/610oB8ilBNL._SX450_.jpg","B0051SO7JQ","STANLEY PPRH5 Professional Power Station Jump Starter: 1000 Peak/500 Instant Amps, 500W Inverter, 120 PSI Air Compressor, Battery Clamps","STANLEY","FBM","Automotive",1124851,814632011071,00814632010036,0814632011071,"N/A","Batteries & Accessories",9918,139.99,"N/A",0,0,,"-","-",398,4.1,"bexpress","USA",1,0,"N/A","Large Standard-Size",6.5,14,16,20.15,"N/A","N/A","-",134,7,0,0
"https://amazon.com/dp/B0CVW24TBK","https://m.media-amazon.com/images/I/51RJRStkF5L._SX450_.jpg","B0CVW24TBK","AC Adapter for Duralast 1200 Peak Amps Jump Starter Power Charger BP-DLG1200PS","Syofeetked","FBM","Automotive",1125998,"N/A","N/A",6942642092965,"N/A","Batteries & Accessories",9928,6.99,-17,3,3,500,19.2,19.1,1,5,"shenzhenshishenyangkejiyouxiangongsi","China",1,5,"N/A","N/A","N/A","N/A","N/A","N/A","N/A","N/A","02/28/2026",25,5,0,2.73
"https://amazon.com/dp/B0BFF5RXGZ","https://m.media-amazon.com/images/I/71bvOA-GwzL._SX450_.jpg","B0BFF5RXGZ","15V 1A Car Jump Starter Charger for Peak 450A 500A 600A 800A 1000A Power Supply for Booster for Schumacher for TACKLIFE T6 for DBPOWER DJS50 for GOOLOO Portable Jump Starter Power Adapter","DONYOIE","FBA","Automotive",1128621,"N/A","N/A","N/A","N/A","Jump Starters",1208,9.99,-25,4,4,-63,35.13,35.03,48,4.4,"DONYOIE","China",1,95,-85,"Large Standard-Size",1.77,2.72,3.98,0.26,9.65,26.61,"09/30/2024",42,8,0,0.07
"https://amazon.com/dp/B0DS4LRF6W","https://m.media-amazon.com/images/I/71Vali89x2L._SX450_.jpg","B0DS4LRF6W","2000 Amp Jump Starter with Air Compressor, acetek Solar Car Battery Jump Starter 260 PSI Tire Inflator, 22000 mAh 12V Auto Lead-Acid Battery Booster with LED Light & USB Output","acetek","FBA","Automotive",1129241,791684898815,"N/A",0791684898815,"N/A","Batteries & Accessories",9942,159.99,1,3,3,-60,551.08,551.02,29,3.6,"Acetek","China",1,0,"N/A","Large bulky",8.78,12.91,16.85,21.52,618.96,1547.41,"11/30/2025",12,7,0,0.12
"https://amazon.com/dp/B09TRQT2B2","https://m.media-amazon.com/images/I/516FFzBMcEL._SX450_.jpg","B09TRQT2B2","AC in Power Charging Cord Charger Cable Plug Lead Compatible with Super Start 55002 55001 44003 44002 44001 Jump Starter 1000 600 500 Peak Amp Power Pack Station Air Compressor SuperStart","saschedross","FBA","Automotive",1129653,"N/A","N/A",6087932152315,"N/A","Batteries & Accessories",9802,10.49,-27,8,8,41,82.66,82.46,7,4.2,"TATMALL","China",2,75,"N/A","Large Standard-Size",1,3,7,0.4,10.57,29.17,"05/31/2025",49,2,0,1.13
"https://amazon.com/dp/B0CSNCNFHD","https://m.media-amazon.com/images/I/61aD-hLYitL._SX450_.jpg","B0CSNCNFHD","Portable Car Jump Starter with Air Compressor, Capapro 150PSI 4000A Fast Battery Jump Starter Charger with Digital Tire Inflator, Pack with Type-C Quick Charge","Capapro","FBM","Automotive",1130290,791137582308,"N/A",0791137582308,"N/A","Jump Starters",1256,118.68,"N/A",3,3,,411.27,411.16,54,4,"OsirisTopTeam","USA",1,7,"N/A","Large Standard-Size",3.11,8.7,10.51,3.44,"N/A","N/A","11/30/2024",25,8,0,0.06
"https://amazon.com/dp/B0FLXS2B8V","https://m.media-amazon.com/images/I/714vEGzxxwL._SX450_.jpg","B0FLXS2B8V","Ehowdin Car Jump Starter Portable 3000A 12V Car Engine Starter 6L Gas 3L Diesel, Supersafe Lithium Jump Box with USB Quick Charge, Jump Starter with Compass,Flashlight,LED Screen,Storage Box","Ehowdin","FBA","Automotive",1130851,"N/A","N/A","N/A","N/A","Batteries & Accessories",9970,29.99,-30,8,8,550,226.84,226.65,9,4.8,"SandKing","China",1,0,"N/A","Large Standard-Size",2.76,8.66,9.61,2.18,115.64,319.02,"02/28/2026",6,8,0,0.84
"https://amazon.com/dp/B0DRYYLNL3","https://m.media-amazon.com/images/I/71vXmxycu1L._SX450_.jpg","B0DRYYLNL3","Yoocixu 3000A Jump Starter with Air Compressor, 12V Battery Booster, 150PSI Tire Inflator Auto-Stop, Type-C Input/Output, LED SOS Light for Emergency Use","Yoocixu","FBM","Automotive",1131813,"N/A","N/A","N/A","N/A","Jump Starters",1213,56.95,34,8,8,-78,399.44,399.31,13,4.2,"Yuchangxuan","China",1,199,"N/A","Large Standard-Size",5,5.08,8.19,2.51,"N/A","N/A","12/31/2025",13,9,0,0.63
"https://amazon.com/dp/B0BN8CB2HG","https://m.media-amazon.com/images/I/71MdT7MHmoL._SX450_.jpg","B0BN8CB2HG","FEIKFEIZ Car Jump Starter, 3500A Peak 26800mAh 12V Car Battery Starter(Up to All Gas, 10.0L Diesel Engine), with USB Quick Charge 3.0,LED Light.","FEIKFEIZ","FBA","Automotive",1131838,765429410563,"N/A",0765429410563,"N/A","Jump Starters",1214,45.99,"N/A",0,0,,"-","-",1469,4.4,"FEIKFEIZ-US","China",1,101,-85,"Large Standard-Size",2.17,8.07,11.42,1.76,100.46,277.13,"11/30/2024",37,7,4,0
"https://amazon.com/dp/B0CQYKXVW8","https://m.media-amazon.com/images/I/61LjnGnjKIL._SX450_.jpg","B0CQYKXVW8","Onerbl 12V AC DC Adapter Compatible with EverStart Maxx MJ16CE 1600 Peak Amp 3 in 1 Solution Jump Starter Air Compressor Lithium Battery JumpStarter Power Station Supply Cord Cable Battery Charger","onerbl","FBM","Automotive",1135215,"N/A","N/A",4741640846073,"N/A","Batteries & Accessories",9839,17.89,-11,3,3,40,46.92,46.78,2,5,"GreatComputerParts","China",1,35,"N/A","N/A","N/A","N/A","N/A","N/A","N/A","N/A","10/31/2024",27,4,0,1.31
"https://amazon.com/dp/B0F6BNR25Q","https://m.media-amazon.com/images/I/71MdRRNF9sL._SX450_.jpg","B0F6BNR25Q","Jump Starter with Air Compressor, 1000 Amp Car Battery Jump Starter 260 PSI Tire Inflator, 10000 mAh 12V Lead-Acid Battery Booster (Up to 5L Gas or 5L Diesel)","Conbby","FBA","Automotive",1137286,736726753202,"N/A",0736726753202,"N/A","Batteries & Accessories",9863,55.99,-64,3,5,,182.26,281.37,6,3.6,"Conbby","China",1,0,"N/A","Large Standard-Size",7.13,9.69,10.59,10.32,368.37,1016.19,"02/28/2026",9,8,0,0.54
"https://amazon.com/dp/B0DPMFW3VY","https://m.media-amazon.com/images/I/61ZJ7lVWSmL._SX450_.jpg","B0DPMFW3VY","CASIMY 65W USB C GBX155 GBC011 Jump Starter Adapter for Boost X GBX155 4250A 12V UltraSafe Portable Lithium Jump Starter GBX45 GBX55 GBX75 USB-C Battery Charger Power Supply","CASIMY","FBA","Automotive",1141539,"N/A","N/A","N/A","N/A","Batteries & Accessories",10046,24.99,-12,8,8,-29,191.98,191.82,9,3.5,"Casimy Power Adapter","China",1,196,"N/A","Large Standard-Size",1.85,5,7.48,0.75,34.84,96.1,"06/30/2025",36,4,0,0.85
"https://amazon.com/dp/B0F672RTPW","https://m.media-amazon.com/images/I/51VsjYYUDZL._SX450_.jpg","B0F672RTPW","Jump Starter with Air Compressor,2000A 150PSI Car Jump Starter,21800mAh Battery Jump Starter Portable,12V Jump Box with Smart Jumper Cable LCD Display,Lights(Up All Gas/12.0L Diesel)","VLAIAN","FBA","Automotive",1141772,"N/A","N/A","N/A","N/A","Jump Starters",1225,46.99,-6,10,10,-28,542.45,542.28,37,4.3,"shenzhenshihaomingshunsujiaomujuyouxiangongsi","China",1,0,"N/A","Large Standard-Size",4.45,6.18,9.72,3.4,134.58,371.26,"11/30/2025",8,9,0,0.28
"https://amazon.com/dp/B0CBR8TCYJ","https://m.media-amazon.com/images/I/61l+CSknDiL._SX450_.jpg","B0CBR8TCYJ","SLLEA AC Adapter Replacement for Clore JNC300XL Jump-N-Carry 900 Peak Amp Jump Starter Power Mains","SLLEA","FBA","Automotive",1145633,"N/A","N/A","N/A","N/A","Batteries & Accessories",9925,10.89,37,6,6,-14,69.37,69.31,"N/A","N/A","FXOAWENQIC","China",2,34,209,"Large Standard-Size",2,3,4,0.19,12.08,33.33,"11/30/2025",32,5,0,"N/A"
"https://amazon.com/dp/B07G97FQC2","https://m.media-amazon.com/images/I/51zu3zNGAiL._SX450_.jpg","B07G97FQC2","Omilik 6FT UL Listed AC Adapter Charger for Peak Stanley FATMAX 700 Peak 350 AMP J7CSR J7CS Jump Starter, Peak 300 450 600 700 Amp Jump Starter Portable Power Station,Stanley LI1000 J45TK Jump Starter","Omilik","FBA","Automotive",1146710,715537879660,00715537879660,0715537879660,"N/A","Batteries & Accessories",10081,14.99,-40,5,5,-36,77.32,77.21,710,4.2,"CJP-Geek","USA",1,54,-56,"Large Standard-Size",1.69,3.82,4.96,0.22,16.12,44.47,"04/30/2024",91,7,0,0.01
"https://amazon.com/dp/B0859LN9KG","https://m.media-amazon.com/images/I/51-NWwwVywL._SX450_.jpg","B0859LN9KG","Auto Meter EP-800 Jump Starter 12V Emergency Battery Pack 800A Peak/2220 MAH","AUTO METER","Amazon","Automotive",1151678,046074172144,00046074172144,0046074172144,"N/A","Batteries & Accessories",10108,76.92,-6,1,1,-50,40.32,40.28,3,3.6,"Amazon","N/A",31,23,-30,"Large Standard-Size",4.29,5.35,9.84,1.81,"N/A","N/A","03/31/2025",69,5,0,0.19
"https://amazon.com/dp/B087CVCNLG","https://m.media-amazon.com/images/I/71M6ade-IHL._SX450_.jpg","B087CVCNLG","SupplySource Charger AC Adapter for Schumacher SL1316 1000 Peak Amp Lithium Ion Jump Starter Power","SupplySource","FBM","Automotive",1152678,794155571286,"N/A",0794155571286,"N/A","Batteries & Accessories",10113,12.95,-30,5,5,,67.58,67.46,17,4.3,"Power Supply Source","China",1,77,7,"N/A","N/A","N/A","N/A","N/A","N/A","N/A","06/30/2025",71,3,0,0.31
"https://amazon.com/dp/B0FMF96WKN","https://m.media-amazon.com/images/I/61veSprdHyL._SX450_.jpg","B0FMF96WKN","6000A Jump Starter with Air Compressor, 150PSI Battery Jumper Starter Portable for 6.0L Gas and 3.0L Diesel, 12V Car Jump Starter with Jumper Cable 3 Modes Flashlight and EVA Bag","QINK ROLMIL","FBA","Automotive",1152738,"N/A","N/A","N/A","N/A","Batteries & Accessories",9974,39.99,-58,8,8,-68,329.54,329.48,3,4.6,"YIdingxing Co. Ltd.","China",1,0,"N/A","Large Standard-Size",3.5,8.35,11.02,2.58,162.15,447.3,"11/30/2025",6,8,0,4.12
"https://amazon.com/dp/B0DJ6NWGM4","https://m.media-amazon.com/images/I/51GpIfDt-hL._SX450_.jpg","B0DJ6NWGM4","5000A Jump Starter,99Wh Car Battery Jump Starter(Up to All Gas or 8.0L Diesel Engine),12V Auto Battery Booster,Portable Lithium Jump Box with LED Light/USB QC3.0","BSMOOM","FBA","Automotive",1154083,761814058532,"N/A",0761814058532,"N/A","Batteries & Accessories",9987,39.99,-32,0,0,-100,"-","-",59,4.4,"ManChiGu US Inc","China",1,157,"N/A","Large Standard-Size",4.61,6.02,9.09,2.12,127.01,350.37,"12/31/2024",17,7,3,0.01
"https://amazon.com/dp/B0F38RH6GX","https://m.media-amazon.com/images/I/41iolAG8lQL._SX450_.jpg","B0F38RH6GX","P7101A Fits For RYOBI 18V Cordless 1600A Jump Starter with LED Work Light (Tool Only)","CUSHYBITE","FBM","Automotive",1155572,670329338162,"N/A",0670329338162,"N/A","Batteries & Accessories",9994,177.39,-45,20,20,,3025.06,3024.92,1,5,"SmyrnaStore35","USA",3,0,"N/A","N/A","N/A","N/A","N/A","N/A","N/A","N/A","02/28/2026",14,5,0,20.1
"https://amazon.com/dp/B0DTDL2C47","https://m.media-amazon.com/images/I/81+H6FNn3+L._SX450_.jpg","B0DTDL2C47","Aligoo 2000A Car Jump Starter PD100W Fast Charging Portable Power Bank IP67 Waterproof Jump Box,Exclusive Magnetic Hook, 4 Mode LED Flashlight,12V Portable Battery Booster for Cars Trucks SUV","Aligoo","FBA","Automotive",1156766,"N/A","N/A","N/A","N/A","Batteries & Accessories",10399,120,-25,4,1,-45,451.23,134.32,37,4.2,"Aligoo Direct","China",1,0,"N/A","Large Standard-Size",4.41,5.55,9.69,2.78,119.41,329.4,"12/31/2025",12,9,3,0.11
"https://amazon.com/dp/B07MQ8SVCW","https://m.media-amazon.com/images/I/61hQNS6zOTL._SX450_.jpg","B07MQ8SVCW","AC Adapter for Cobra CPP 7500 CPP7500 JumPack Jump Starter Auto Car Battery Jump Start Wall DC Charger Power Supply Cord Cable, Guy-Tech Compatible Replacement 5 Feet, with LED Indicator","GUY-TECH","FBM","Automotive",1162147,757926591555,"N/A",0757926591555,"N/A","Batteries & Accessories",10067,8.99,-62,3,3,86,28.19,28.1,23,4.1,"Feumotu","N/A",3,15,-56,"N/A","N/A","N/A","N/A","N/A","N/A","N/A","04/30/2024",86,2,0,0.14
"https://amazon.com/dp/B0FSLCWCJ2","https://m.media-amazon.com/images/I/71-O6beuyjL._SX450_.jpg","B0FSLCWCJ2","1000 Amp Peak Car Battery Jump Starter with Air Compressor, 12V Lead Acid Battey Jump Box with 260PSI Tire Inflator, 12000 MAh Power Station Jump Starter, DC Outlet USB Port, LED Light (Blue)","Amcelooy","FBA","Automotive",1168924,"N/A","N/A","N/A","N/A","Batteries & Accessories",10116,75.99,-115,14,14,,1206.53,1206.4,7,4.5,"Amcelooy","China",1,0,"N/A","Large Standard-Size",6.65,11.22,13.15,9.9,493.99,1362.72,"02/28/2026",0,5,0,2
"https://amazon.com/dp/B0D4DXNMJS","https://m.media-amazon.com/images/I/61KaLByQtyL._SX450_.jpg","B0D4DXNMJS","UGREEN Jump Starter Power Pack 1000A Car Battery Booster for 6.0L Gasoline and 3.5L Diesel Engines 12000mAh Car Jump Starter Power Bank with Digital Screen and LED Light for Emergency","UGREEN","FBA","Automotive",1173097,"N/A","N/A",6941876239771,"N/A","Batteries & Accessories",10112,79.99,3,10,10,6,726.26,726.05,180,4.6,"UGREEN GROUP LIMITED","USA",1,0,"N/A","Large Standard-Size",3.58,5.08,8.39,2.05,76.82,211.92,"12/31/2025",12,9,0,0.06
"https://amazon.com/dp/B00PUUPM9E","https://m.media-amazon.com/images/I/618lbHdLKiL._SX450_.jpg","B00PUUPM9E","Renogy 5Ft 4AWG Cables for 3/8 in Lugs, 5Ft 4AWG, Connect Battery and Inverter","Renogy","Amazon","Automotive",1180234,816360021926,00816360021926,0816360021926,"N/A","Battery Jumper Cables",538,39.99,26,5,3,-56,356.62,104.72,159,4.3,"Amazon","N/A",1,134,-24,"Large Standard-Size",5.35,7.68,9.17,2.03,"N/A","N/A","09/30/2024",147,1,3,0.03
"https://amazon.com/dp/B0F8QGFDD3","https://m.media-amazon.com/images/I/71QgZhTt8HL._SX450_.jpg","B0F8QGFDD3","ISAMUTO Jump Starter with Air Compressor, Real 1500A 150PSI Portable Car Battery Jump Starter (8L Gas 6L Diesel Engine) with 12000mAh 12V Jump Box Car Battery with Jumper Cables,Emergency LED Light","ISAMUTO","FBA","Automotive",1182006,"N/A","N/A","N/A","N/A","Jump Starters",1263,48.59,-35,8,8,38,372.33,372.22,4,4.8,"F-DIESEL","China",3,0,"N/A","Large Standard-Size",4.8,5.55,9.02,3.13,120.98,333.74,"11/30/2025",8,9,0,1.98
"https://amazon.com/dp/B0BGK6N7ZK","https://m.media-amazon.com/images/I/6147Px3CjAL._SX450_.jpg","B0BGK6N7ZK","J-ZMQER AC Adapter Compatible with Everstart Maxx K05 (NOT fit Other Models) Jump Starter Protector 600 Amps car auto Battery Jump Start DC Power Supply Charger Cord Cable","J-ZMQER","FBM","Automotive",1183976,"N/A","N/A","N/A","N/A","Batteries & Accessories",10217,10.99,-6,0,0,-121,"-","-",3,4.5,"J-ZMQER","China",1,37,"N/A","N/A","N/A","N/A","N/A","N/A","N/A","N/A","05/31/2025",42,5,0,0.1
"https://amazon.com/dp/B09TRRFVNS","https://m.media-amazon.com/images/I/51bXR1PdB-L._SX450_.jpg","B09TRRFVNS","Car 12V DC Adapter Compatible with Super Start 55003 55002 55001 44003 44002 44001 Jump Starter 1000 600 500 Peak Amp 1000A 600A 500A Power Pack Station SuperStart Air Compressor Charger Cord","saschedross","FBM","Automotive",1185898,"N/A","N/A",6087932135110,"N/A","Batteries & Accessories",10202,7.39,-12,2,2,25,12.48,12.4,2,5,"TATMALL","China",2,24,-20,"N/A","N/A","N/A","N/A","N/A","N/A","N/A","11/30/2024",49,2,0,0.84
"https://amazon.com/dp/B0BHC77XVX","https://m.media-amazon.com/images/I/71h1QWtIobL._SX450_.jpg","B0BHC77XVX","AJC Battery Compatible with JUMP N CARRY JNC7701700 Peak Amp Premium 12 Volt 12V 18Ah Jump Starter Battery","AJC","FBM","Automotive",1189584,688624468002,"N/A",0688624468002,"N/A","Batteries & Accessories",10233,64.39,-42,9,9,43,608.05,607.86,6,4.3,"BuyClerk","USA",1,76,"N/A","Large Standard-Size",7.09,3.03,6.57,12.1,"N/A","N/A","09/30/2025",42,5,0,1.58
"https://amazon.com/dp/B0GJL94M2C","https://m.media-amazon.com/images/I/81++zZ3d+DL._SX450_.jpg","B0GJL94M2C","YaberAuto Jump Starter with Air Compressor 4500A 150PSI Battery Jumper Starter Portable (9L Gas/8L Diesel) 12V Jump Box Car Battery Jump Starter Auto-Off Tire Inflator, Jumper Cables, Gloves, LED","YaberAuto","FBA","Automotive",1190793,"N/A","N/A",8711727482292,"N/A","Batteries & Accessories",10369,79.99,14,9,9,,713.39,713.25,1,3,"weiming Z","N/A",1,0,"N/A","Large Standard-Size",4.76,6.38,9.69,3.42,148.15,408.7,"01/31/2026",1,7,0,"N/A"
"https://amazon.com/dp/B08M3K2TSY","https://m.media-amazon.com/images/I/61Fj4sysSEL._SX450_.jpg","B08M3K2TSY","AC in Power Charging Cord Charger Charge Cable for CenTech 4-in-1 Jump Starter Air Compressor Item 62453 62374 Portable Power Pack 348985 JumpStarter Cen-Tech 12V 17Ah Lead-Acid Car Auto Battery","GUY-TECH","FBM","Automotive",1205145,757926854223,"N/A",0757926854223,"N/A","Jump Starters",1285,10.99,12,6,6,6,53.75,53.56,131,4.5,"Feumotu","N/A",2,32,-93,"Large Standard-Size",1.22,4.37,5.51,0.15,"N/A","N/A","05/31/2024",80,2,0,0.04
"https://amazon.com/dp/B08V98ZCB1","https://m.media-amazon.com/images/I/61Krqg6XLKL._SX450_.jpg","B08V98ZCB1","JEGS Battery Charger Automotive & Engine Jump Starter - 200 Amps, 12 Volt - Works with Standard, AGM, Gel, & Deep Cycle - Heavy Duty - 6ft Long Cables","JEGS","FBM","Automotive",1206144,889944148111,"N/A",0889944148111,"N/A","Jump Starters",1287,205.99,-24,8,8,31,1587.72,1587.59,56,4,"JEGS","USA",1,54,50,"Large bulky",12.5,12.2,29.9,34,"N/A","N/A","01/31/2026",62,6,0,0.14
"https://amazon.com/dp/B08W4XY2GP","https://m.media-amazon.com/images/I/71M6ade-IHL._SX450_.jpg","B08W4XY2GP","SapplySource AC DC Adapter for Rockford RFD8008 Pocket Power 2.0 XD Car Jump Starter Charger","SapplySource","FBM","Automotive",1208133,"N/A","N/A",3238336322924,"N/A","Batteries & Accessories",10450,14.45,-34,6,6,,85.07,84.94,5,5,"Power Supply Source","China",1,16,33,"N/A","N/A","N/A","N/A","N/A","N/A","N/A","02/28/2026",61,3,0,1.18
"https://amazon.com/dp/B08NTDCWW8","https://m.media-amazon.com/images/I/717mhp9vgYL._SX450_.jpg","B08NTDCWW8","AC Adapter for Viking 62749 Compact Power Pack Jump Starter car Jump Start DC Power Supply Charger Cord Cable, 5 Feet, with LED Indicator, Compatible Replacement","GUY-TECH","FBM","Automotive",1208154,757926763464,"N/A",0757926763464,"N/A","Jump Starters",1283,9.49,-39,2,2,-75,19.63,19.57,55,4.2,"GreatPowerDirect","China",1,13,-85,"Large Standard-Size",2.28,3.82,5.47,0.22,"N/A","N/A","06/30/2024",80,2,0,0.04
"https://amazon.com/dp/B0C9HFZBHQ","https://m.media-amazon.com/images/I/31wqHRiaQdL._SX450_.jpg","B0C9HFZBHQ","Onerbl New Global AC/DC Adapter Replacement for AVAPOW A28 A08 A18 A58 A 28 A 08 A 18 A 58 Car Jump Starter 12V Lithium Ion Li-Ion Battery Booster Switching Power Supply Cord Cable Home Charger PSU","onerbl","FBM","Automotive",1214905,"N/A","N/A",4741640725330,"N/A","Batteries & Accessories",10409,13.89,-50,1,1,,13.89,13.88,3,3.6,"GreatComputerParts","China",1,4,-86,"Large Standard-Size",1.5,3,4,0.25,"N/A","N/A","09/30/2024",33,1,0,0.33
"https://amazon.com/dp/B0B6B1F6S3","https://m.media-amazon.com/images/I/71M6ade-IHL._SX450_.jpg","B0B6B1F6S3","SupplySource Wall Battery Charger Power Replacement for Booster Pac Es580 750 Amp Lithium Jump Starter","SupplySource","FBM","Automotive",1215286,"N/A","N/A","N/A","N/A","Batteries & Accessories",10500,9.99,-42,3,3,-23,31.22,31.15,1,4,"Power Supply Source","China",1,24,60,"N/A","N/A","N/A","N/A","N/A","N/A","N/A","11/30/2025",45,4,0,3.12
"https://amazon.com/dp/B0DNMWKZDG","https://m.media-amazon.com/images/I/71HI+6Mtl7L._SX450_.jpg","B0DNMWKZDG","4500A Car Jump Starter with Air Compressor, 150PSI Car Battery Jump Starter (All Gas), 12V Portable Battery Booster, Tire Inflator, Portable Charger with Jumper Cables, Lights in EVA Bag","BUVAYE","FBA","Automotive",1215869,"N/A","N/A","N/A","N/A","Batteries & Accessories",10502,39.99,-17,3,3,,123.74,108.66,15,4.1,"Jiemai US","China",1,166,"N/A","Large Standard-Size",4.02,6.34,9.41,3.13,120.75,333.1,"07/31/2025",12,8,2,0.19
"https://amazon.com/dp/B0GDGPCKHK","https://m.media-amazon.com/images/I/611F0yDJanL._SX450_.jpg","B0GDGPCKHK","BRITDAG Portable Car Jump Starter with 150PSI Air Compressor - 2000A Peak, 12V Lithium Battery Booster, PD45W Power Bank, Emergency Tire Inflator for Cars, Trucks, RVs & Outdoor Gear","BRITDAG","-","Automotive",1218144,760314325342,"N/A",0760314325342,"N/A","Batteries & Accessories",10560,169.99,"N/A",0,0,,"-","-","N/A","N/A",,"N/A",1,0,"N/A","Large Standard-Size",8.86,3.94,7.28,3.79,"N/A","N/A","-",0,"N/A",0,"N/A"
"https://amazon.com/dp/B0BN3XH6WC","https://m.media-amazon.com/images/I/41SEKEF6CJL._SX450_.jpg","B0BN3XH6WC","Connector Cable for Jump Start Power Bank to Ring Terminals","GloDea","FBM","Automotive",1226341,638845696142,"N/A",0638845696142,"N/A","Batteries & Accessories",10490,21.21,-46,0,0,-100,"-","-","N/A","N/A","Advance Cycle Parts","USA",6,0,"N/A","N/A","N/A","N/A","N/A","N/A","N/A","N/A","11/30/2025",37,1,0,"N/A"
"https://amazon.com/dp/B0D8S7TCDN","https://m.media-amazon.com/images/I/71yf6UhzJdL._SX450_.jpg","B0D8S7TCDN","Car Jump Starter with Air Compressor(8L Gas/8L Diesel), 3000A Peak 12v Auto Battery Jump Pack, Power Bank USB QC3.0 Outputs Portable Battery Booster Pack Jumper Box Tire inflator 150PSI, Gray","MyAnts","FBA","Automotive",1228739,644134746450,"N/A",0644134746450,"N/A","Batteries & Accessories",10499,69.98,6,0,0,,"-","-","N/A","N/A","MyAnts US","China",1,0,"N/A","Large Standard-Size",4.88,6.1,9.53,3.62,142.83,394.01,"01/31/2026",5,7,0,"N/A"
"https://amazon.com/dp/B0DT6FX8ND","https://m.media-amazon.com/images/I/71E4P2Qb-FL._SX450_.jpg","B0DT6FX8ND","Dopollo Multi Starter, Compatible with Milwaukee 18V M18 Lithium Battery，Jump Start Adapter DJS18-MIW, Battery Repair/Activation/Boost, Cables for 6.0L Gasoline Engines, USB Cordless Power Source","DOPOLLO","FBA","Automotive",1230573,784300587385,"N/A",0784300587385,"N/A","Batteries & Accessories",10514,65.9,-36,4,4,-86,275.92,275.81,9,4.7,"DOPOLLO","USA",1,135,"N/A","Large Standard-Size",2.64,4.88,7.4,0.97,48,132.41,"11/30/2025",14,9,0,0.46
"https://amazon.com/dp/B0C9GMV6LN","https://m.media-amazon.com/images/I/31wqHRiaQdL._SX450_.jpg","B0C9GMV6LN","Onerbl 5V 3A USB-C AC Adapter Replacement for DBPOWER DJS90 DJS 90 APJS0002A1 1600A 18000mAh 63.64Wh G16 AP3124_B 2000A 20800mah 76.96Wh 12V Portable Car Jump Starter Lithium Battery Booster Charger","onerbl","FBM","Automotive",1231703,"N/A","N/A",4741640724753,"N/A","Batteries & Accessories",10519,17.89,-37,1,1,,21.81,21.77,"N/A","N/A","GreatComputerParts","China",1,3,"N/A","N/A","N/A","N/A","N/A","N/A","N/A","N/A","07/31/2024",33,1,0,"N/A"
"https://amazon.com/dp/B08NSZ45LW","https://m.media-amazon.com/images/I/717mhp9vgYL._SX450_.jpg","B08NSZ45LW","AC Adapter for Cobra JumPack XL CPP 12000 CPP12000 Jump Starter PowerPack car Jump Start DC Power Supply Charger Cord Cable, 5 Feet, with LED Indicator, Compatible Replacement","GUY-TECH","FBM","Automotive",1233491,757926763754,"N/A",0757926763754,"N/A","Batteries & Accessories",10635,8.99,74,2,2,-23,16.42,16.34,25,4.4,"GreatPowerDirect","China",2,95,-29,"Large Standard-Size",2.28,4.65,6.14,0.22,"N/A","N/A","09/30/2024",80,2,0,0.07
"https://amazon.com/dp/B0F9XS965P","https://m.media-amazon.com/images/I/71SNEiIDkcL._SX450_.jpg","B0F9XS965P","Huhomco 7-in-1 Car Jump Starter with Air Compressor, 3000A Portable 12V Power Pack, 150PSI Digital Tire Inflator for 9L Gas/7L Diesel, Multifunctional Jump Box with LED Light and Jumper Cables","Huhomco","FBA","Automotive",1233509,"N/A","N/A","N/A","N/A","Batteries & Accessories",10639,59.99,-15,6,6,-38,358.12,357.98,16,4.2,"Huhomco","China",1,0,"N/A","Large Standard-Size",3.86,4.88,8.94,1.94,84.79,233.89,"08/31/2025",8,7,0,0.37
"https://amazon.com/dp/B08T9H9XSV","https://m.media-amazon.com/images/I/717mhp9vgYL._SX450_.jpg","B08T9H9XSV","AC Adapter for Weego 44 N44 (NOT fit Other Models) Jump Starter Car Auto Battery Jump Start DC Power Supply Charger Cord Cable, 5 Feet, with LED Indicator, Compatible Replacement","GUY-TECH","FBM","Automotive",1248696,709081149089,"N/A",0709081149089,"N/A","Batteries & Accessories",10738,8.99,-8,4,4,-65,39.02,38.96,8,4.7,"GreatPowerDirect","China",2,40,-26,"N/A","N/A","N/A","N/A","N/A","N/A","N/A","06/30/2024",80,2,0,0.54
"https://amazon.com/dp/B08XYN8H4B","https://m.media-amazon.com/images/I/61gQBWtTUAL._SX450_.jpg","B08XYN8H4B","UpBright 13.5V AC/DC Adapter Compatible with POTEK JS86 JS86-UL JS87 JS87-UL JS87-VDE JS88 JS88-UL 900 1000 1500 Peak Amps 900A 1000A 1500A Jump Starter 12V 12 Volts Car Power Station Battery Charger","UPBRIGHT","FBM","Automotive",1258977,"N/A","N/A","N/A","N/A","Batteries & Accessories",10797,10.99,"N/A",3,3,133,36.15,36.05,56,4.2,"PowerHOOD","USA",1,15,-94,"Large Standard-Size",1.26,3.54,4.61,0.18,"N/A","N/A","05/31/2024",61,6,0,0.06
"https://amazon.com/dp/B0CMTM5F7C","https://m.media-amazon.com/images/I/715qlmVrTAL._SX450_.jpg","B0CMTM5F7C","YULU CAT-797 Ultra-Powerful Jump Starter - 30000A 12V/24V Battery Booster Pack with Commercial Jumper Cables Outdoor Lighting DC/USB Power for Diesel Engines up to 50-Liters Home Backup, Emergency","PVG","FBA","Automotive",1264619,"N/A","N/A","N/A","N/A","Batteries & Accessories",10716,1049,"N/A",4,4,-81,4040.44,4040.41,8,3.6,"YUNRUI Direct","China",1,138,35,"Large bulky",15.13,16,17.41,16,1365.85,3414.62,"12/31/2025",27,8,0,0.48
"https://amazon.com/dp/B08MX6KBDP","https://m.media-amazon.com/images/I/717mhp9vgYL._SX450_.jpg","B08MX6KBDP","AC Adapter for Everstart Maxx K05 (NOT fit Other Models) Jump Starter Protector 600 Amps car auto Battery Jump Start DC Power Supply Charger Cord Cable, 5 Feet, Compatible Replacement","GUY-TECH","FBM","Automotive",1268052,757926758804,"N/A",0757926758804,"N/A","Batteries & Accessories",10853,8.99,-33,2,2,-100,19.03,18.94,40,4.3,"GreatPowerDirect","China",2,69,-43,"Large Standard-Size",1.42,3.94,6.26,0.18,"N/A","N/A","08/31/2024",80,2,0,0.05
"https://amazon.com/dp/B0DHXKTLMR","https://m.media-amazon.com/images/I/61eFdrbCUQL._SX450_.jpg","B0DHXKTLMR","Car Jump Starters Adapter for Milwauke M-18 18V Battery,11 Gauge Car Battery Jump Starter, Heavy Duty Automotive Booster Cables for Jump Starting Dead or Weak Batteries,Engine up to 3.5 Liters","NUOGEDZ","FBA","Automotive",1270781,"N/A","N/A","N/A","N/A","Batteries & Accessories",10751,31.99,-28,6,6,17,205.15,205.03,20,3.6,"nuogedianzikeji","China",1,71,"N/A","Large Standard-Size",1.97,3.15,4.72,0.88,14.75,40.68,"12/31/2024",15,9,0,0.32
"https://amazon.com/dp/B00J63NHSO","https://m.media-amazon.com/images/I/51E1LrpjWKL._SX450_.jpg","B00J63NHSO","T-Power Quick Charger for Povasee GooLoo Yesper Autogen YJS40 4120A 2160A MJS-P111B 4500A & Topdon JS1200 JS2000 JS3000 Jump Starter Ac Dc Adapter Power Supply Cord","T POWER","FBM","Automotive",1271156,799418646367,00799418646367,0799418646367,"N/A","Batteries & Accessories",10755,10.99,-24,4,4,91,39.7,39.6,4,4.5,"T-Power USA","USA",1,58,"N/A","N/A","N/A","N/A","N/A","N/A","N/A","N/A","10/31/2024",144,9,0,0.9
"https://amazon.com/dp/B07BYMHC39","https://m.media-amazon.com/images/I/410lc68UUWL._SX450_.jpg","B07BYMHC39","CAR Charger Adapter for DXAEJ14 DEWALT 1400 Peak Amp Jump Starter","YUSTDA","FBA","Automotive",1271919,"N/A","N/A","N/A","N/A","Battery Jumper Cables",569,8.98,-51,4,4,-79,37.79,37.68,95,4.6,"EPtech","USA",2,49,-79,"Large Standard-Size",1.26,3.35,3.98,0.11,8.46,23.33,"11/30/2024",91,1,0,0.04
"https://amazon.com/dp/B09Q392K2G","https://m.media-amazon.com/images/I/71fldu0jOtL._SX450_.jpg","B09Q392K2G","Canboc Hard Carrying Case for Alpha85 Jump Starter - 2000 Amp 20000mAh Car Starter, Mesh Bag for Jumper Cable, AC Wall Charger, Black","Canboc","FBA","Automotive",1273662,"N/A","N/A","N/A","N/A","Batteries & Accessories",10785,19.99,-7,3,3,-50,68.05,67.93,46,4.6,"Canboc","Hong Kong",1,73,-49,"Large Standard-Size",4.25,6.97,11.54,0.68,172.11,474.78,"09/30/2024",50,7,2,0.07
"https://amazon.com/dp/B0G3GPYBZP","https://m.media-amazon.com/images/I/61ko-3w0gJL._SX450_.jpg","B0G3GPYBZP","5-in-1 Jump Starter with Air Duster, Portable Vacuum, 2000A Car Battery Booster, Air Inflator/Deflator, 8000mAh Power Bank - 130000RPM Blower Fan Multi-Function Emergency Tool for Car & Outdoor Use","Pursuit","FBM","Automotive",1273712,698746022501,"N/A",0698746022501,"N/A","Batteries & Accessories",10922,159.99,-21,5,5,44,763.61,763.51,8,5,"Woot","USA",2,0,"N/A","Large Standard-Size",8.86,5.35,3.94,2.12,"N/A","N/A","02/28/2026",4,9,0,0.65