"URL","Image URL","ASIN","Title","Brand","Fulfillment","Category","BSR","UPC","GTIN","EAN","ISBN","Subcategory","Subcategory BSR","Price","Price Trend (90 days) (%)","Parent Level Sales","ASIN Sales","Sales Trend (90 days) (%)","Parent Level Revenue","ASIN Revenue","Review Count","Reviews Rating","Seller","Seller Country/Region","Number of Active Sellers","Last Year Sales","Sales Year Over Year (%)","Shipping Details","Length","Width","Height","Weight","Storage Fee (Jan - Sep)","Storage Fee (Oct - Dec)","Best Sales Period","Listing Age (Months)","Number of Images","Variation Count","Sales to Reviews"
"https://amazon.com/dp/B0DCSGK7ZZ","https://m.media-amazon.com/images/I/717tCj8mWwL._SX450_.jpg","B0DCSGK7ZZ","Car Jump Starter 6000A Car Battery Jump Starter Portable,12V Battery Jumper Starter Portable(10.0L Gas/8.0L Diesel),LCD Display Jump Box Jump Starter Battery Pack with Jumper Cable&Flashlight-Orange","GKUTW","FBA","Automotive",10354,"N/A","N/A","N/A","N/A","Batteries & Accessories",269,62.95,-27,344,31,-22,20734.93,1943.67,386,4.4,"HUIXINXINUS","China",1,5708,"N/A","Large Standard-Size",4.21,5.94,9.88,2.58,124.39,343.16,"12/31/2024",16,7,3,0.9
"https://amazon.com/dp/B0DCSGXS2C","https://m.media-amazon.com/images/I/71axK-IuF0L._SX450_.jpg","B0DCSGXS2C","Car Jump Starter 6000A Car Battery Jump Starter Portable,12V Battery Jumper Starter Portable(10.0L Gas/8.0L Diesel),LCD Display Jump Box Jump Starter Battery Pack with Jumper Cables & Flashlight-Red","GKUTW","FBA","Automotive",10354,726597277990,"N/A",0726597277990,"N/A","Batteries & Accessories",269,59.95,-38,344,313,-22,20734.93,18791.05,386,4.4,"HUIXINXINUS","China",1,5708,"N/A","Large Standard-Size",4.25,5.91,9.92,2.65,125.45,346.06,"12/31/2024",16,7,3,0.9
"https://amazon.com/dp/B0F5Q2G9TK","https://m.media-amazon.com/images/I/71sEWHZzjpL._SX450_.jpg","B0F5Q2G9TK","AVAPOW 8000A Battery Jumper Starter Portable with 4″ HD Display PD 30W Dual-Way Fast Charging, 12V Car Starter Jump Box & Battery Booster for All Gas & Up to All Diesel Engines","AVAPOW","FBA","Automotive",10545,"N/A","N/A","N/A","N/A","Batteries & Accessories",260,180.48,-16,959,769,43,211097.82,178798.8,315,4.5,"AVAPOW Direct","China",2,0,"N/A","Large Standard-Size",5.35,6.1,10.39,4.3,170.72,470.94,"11/30/2025",7,9,4,3.04
"https://amazon.com/dp/B000KPSA0W","https://m.media-amazon.com/images/I/616ap0a10eL._SX450_.jpg","B000KPSA0W","Clore Automotive Jump-N-Carry JNC950 2000 Peak Amp 12V Jump Starter","Clore Automotive","FBM","Automotive",10583,999993821856,00747410001462,0999993821856,"N/A","Jump Starters",97,254.99,-31,449,108,-31,154948.69,27415.37,416,4.1,"National Tool Warehouse","USA",15,6278,"N/A","Large bulky",8.5,14.6,16,34.5,"N/A","N/A","01/31/2026",180,4,2,1.08
"https://amazon.com/dp/B0F9FFM9W4","https://m.media-amazon.com/images/I/71y7v+cADPL._SX450_.jpg","B0F9FFM9W4","Car Jump Starter, VACASSO 5000A Car Battery Jump Starter for Up to 10L Gas and 8L Diesel Engines, 12V Portable Jumper Starter Power Pack with Booster Car Starter Jump Box, LED Light, Jumper Cable","VACASSO","FBA","Automotive",10740,"N/A","N/A","N/A","N/A","Jump Starters",100,69.99,-8,528,528,-3,36524.25,36518.97,192,4.6,"Cozybed store","China",4,0,"N/A","Large Standard-Size",4.17,5.2,8.94,2.29,97.6,269.24,"10/31/2025",8,9,2,2.75
"https://amazon.com/dp/B0GF24LP8L","https://m.media-amazon.com/images/I/81nLetONqqL._SX450_.jpg","B0GF24LP8L","Doorii 10000A Jump Starter, 24V 155WH Car Jump Starter Battery Pack for All Gas & All Diesel Engine, Portable Truck Jump Starter, Power Station for Camping Essentials (V10-1)","Doorii","-","Automotive",10782,"N/A","N/A","N/A","N/A","Batteries & Accessories",270,189.97,"N/A",10,0,,465.41,"-","N/A","N/A",,"N/A",2,0,"N/A","Large bulky",9.1,11.5,13.1,10,"N/A","N/A","03/31/2026",0,"N/A",2,"N/A"
"https://amazon.com/dp/B0DRN9X1RD","https://m.media-amazon.com/images/I/71uFm-S3drL._SX450_.jpg","B0DRN9X1RD","LIFMOCER 5000A Car Jump Starter-GS500 Car Battery Jump Starter for Up to ALL Gas and 10.0L Diesel Engines, 12V Portable Jump Box with Storage Case USB Quick Charge,LCD Display,for Car,Motorcycle,Truck","LIFMOCER","FBA","Automotive",11137,"N/A","N/A","N/A","N/A","Batteries & Accessories",275,119.99,-12,39,174,,4088.39,20262.37,590,4.7,"LIFMOCER-US","China",1,0,"N/A","Large Standard-Size",4.65,5.83,10,3.59,136.49,376.52,"03/31/2026",9,8,3,0.07
"https://amazon.com/dp/B0DK6Y5SKH","https://m.media-amazon.com/images/I/51GYzUdIQOL._SX450_.jpg","B0DK6Y5SKH","AUTOONE 6000A Jump Starter with Air Compressor (All Gas/10L Diesel), 150PSI Car Jumper Starter Portable, Jump Box Tire Inflator with LED Flashlight, LCD Display, Storage Case","AUTOONE","FBA","Automotive",11446,"N/A","N/A","N/A","N/A","Jump Starters",102,79.99,"N/A",19,4,,1803.16,357.88,852,4.6,"AUTO_DIRECT_STORE","China",1,0,"N/A","Large Standard-Size",5,5.47,9.84,3.06,135.5,373.78,"03/31/2026",16,8,3,0.02
"https://amazon.com/dp/B09NCWV576","https://m.media-amazon.com/images/I/715F7r4cyFL._SX450_.jpg","B09NCWV576","Car Jump Starter with Air Compressor, 9000A Peak 26800mah (Up to All Gas or 12.0L Diesel Engine, 50 Times) Portable160PSI Jump Starter 12V Auto Battery Jump Pack Quick Charge","BRPOM","FBA","Automotive",11640,725892840984,"N/A",0725892840984,"N/A","Batteries & Accessories",301,99.99,-38,597,597,-39,53503.17,53498.64,1679,4.4,"BRPOM AUTO","China",2,8216,"N/A","Large Standard-Size",5.51,7.09,8.58,3.7,168.76,465.54,"11/30/2024",48,7,0,0.36
"https://amazon.com/dp/B0CZHTV5TZ","https://m.media-amazon.com/images/I/61RJhH-9jUL._SX450_.jpg","B0CZHTV5TZ","Car Battery Jump Starter, 12V Jump Starter Battery Pack (up to 10.0L Gasoline and 8.0L Diesel Engine), Portable Jump Box with Jumper Cable, Display, LED Light","Scatach","FBA","Automotive",11669,727636495535,"N/A",0727636495535,"N/A","Batteries & Accessories",310,36.89,"N/A",1096,0,,51443.8,"-",98,4.5,"manhuipower","China",0,0,"N/A","Large Standard-Size",5.08,6.26,9.57,3.59,153.22,422.69,"02/28/2026",11,7,4,11.19
"https://amazon.com/dp/B0DN1PZDXT","https://m.media-amazon.com/images/I/619WM1p3xWL._SX450_.jpg","B0DN1PZDXT","AUTOONE Car Jump Starter 6000A Battery Booster, Portable Battery Pack for All Gas 10L Diesel, 12V Jump Box with Smart Jumper Cable for Car Battery, Vehicle Lithium Starter, LCD Display, w/LED Light","AUTOONE","FBA","Automotive",11920,"N/A","N/A","N/A","N/A","Batteries & Accessories",1231,58.99,"N/A",0,8,,"-",463.04,856,4.6,"AUTO_DIRECT_STORE","China",1,0,"N/A","Large Standard-Size",3.62,5.63,10.12,2.03,103.84,286.46,"-",13,8,3,0
"https://amazon.com/dp/B0FX9MT7BB","https://m.media-amazon.com/images/I/71ex3BnE5BL._SX450_.jpg","B0FX9MT7BB","M1 Car Battery Jump Starter with Air Compressor 4500A 150PSI (9.0 L Gas/8.0L Diesel), Portable Car Jump Starter Power Pack, Battery Charger 12V Jump Box with LED Light, Large LED Display, Power Bank","VANXIPOW","FBA","Automotive",12777,"N/A","N/A","N/A","N/A","Batteries & Accessories",316,39.59,-45,1144,1144,,49796.2,49796.01,120,4.6,"QingChi Direct","N/A",1,0,"N/A","Large Standard-Size",4.02,5.51,7.91,2.01,88.21,243.34,"01/31/2026",4,7,0,9.53
"https://amazon.com/dp/B000JFHMVG","https://m.media-amazon.com/images/I/518RWfYKyfL._SX450_.jpg","B000JFHMVG","Clore Automotive Jump-N-Carry JNC1224 3400/1700 Peak Amp 12/24V Jump Starter","Clore Automotive","Amazon","Automotive",12786,999994035719,00747410990582,0999994035719,"N/A","Jump Starters",105,373.73,-37,449,341,-31,154948.69,127533.11,717,4.4,"Amazon","N/A",25,6278,"N/A","Large bulky",9,15,17,40.8,"N/A","N/A","01/31/2026",180,3,2,0.63
"https://amazon.com/dp/B0F43ZVRGQ","https://m.media-amazon.com/images/I/710bT8U1X-L._SX450_.jpg","B0F43ZVRGQ","Car Jump Starter with Air Compressor 4000A Peak Battery Jump Starter 14.8V 150PSI Inflator Auto Booster 15000MA Jump Box (up to 9L Gas,7L Diesel Engine),LED Light with USB Quick Charger and Type C","RSH","FBA","Automotive",13151,"N/A","N/A","N/A","N/A","Jump Starters",107,50.39,-23,795,795,,45307.6,45306.31,149,4.6,"RSH USA","China",1,0,"N/A","Large Standard-Size",4.49,6.1,9.13,3.19,125.95,347.45,"01/31/2026",5,9,0,5.45
"https://amazon.com/dp/B0756QKZPK","https://m.media-amazon.com/images/I/71ebwAoAdaL._SX450_.jpg","B0756QKZPK","Schumacher Electric DSR ProSeries Car Battery Jump Starter - 2200 Peak Amp 12V Car Starter, Jump Box & Portable Power Station - Digital Display, Heavy-Duty Clamps - DSR165","Schumacher Electric","FBM","Automotive",13156,026666420839,00026666420839,0026666420839,"N/A","Jump Starters",107,199.99,-36,595,354,-7,153632.28,64811.78,1215,4.3,"Trusted Supply Source","USA",1,8445,25,"Large bulky",6.2,14.3,17,25.4,"N/A","N/A","01/31/2025",101,8,2,0.49
"https://amazon.com/dp/B09P9XZC6D","https://m.media-amazon.com/images/I/71do61w0d1L._SX450_.jpg","B09P9XZC6D","NOCO GBC011 Boost X 65W 12V Car Charger for GBX45, GBX55, GBX75 and GBX155 UltraSafe Lithium Jump Starters","NOCO","Amazon","Automotive",13290,046221200041,00046221200041,1210000620040,"N/A","Jump Starters",113,12.95,-9,501,501,-27,6488.07,6482.94,1648,4.8,"Amazon","N/A",1,0,"N/A","Large Standard-Size",1.93,3.7,5.47,0.26,"N/A","N/A","11/30/2025",51,8,2,0.3
"https://amazon.com/dp/B0G8Z717HJ","https://m.media-amazon.com/images/I/61RJhH-9jUL._SX450_.jpg","B0G8Z717HJ","Scatach 4000A Car Battery Jump Starter, 12V Jump Starter Battery Pack (up to 10.0L Gasoline and 8.0L Diesel Engine), Portable Jump Box with Jumper Cable, LED Display, LED Light","Scatach","FBA","Automotive",13474,"N/A","N/A","N/A","N/A","Batteries & Accessories",331,59.99,148,1194,1043,,57455.46,47902.02,98,4.5,"manhuipower","China",1,0,"N/A","Large Standard-Size",4.02,4.8,8.86,1.81,86.07,237.45,"02/28/2026",2,7,4,12.18
"https://amazon.com/dp/B0DXFF1584","https://m.media-amazon.com/images/I/71RXq4EB6zL._SX450_.jpg","B0DXFF1584","AUTOONE 8000A Jump Starter with Air Compressor (All Gas/12L Diesel), 150PSI Car Jumper Starter Portable, Jump Box Tire Inflator with LED Flashlight, LCD Display, Storage Case","AUTOONE","FBA","Automotive",13505,"N/A","N/A","N/A","N/A","Jump Starters",109,89.99,-100,19,24,,1803.16,3151.7,981,4.6,"AUTO_DIRECT_STORE","China",2,0,"N/A","Large Standard-Size",4.69,5.47,9.65,3.31,124.64,343.84,"03/31/2026",13,9,0,0.02
"https://amazon.com/dp/B0DZNDRS77","https://m.media-amazon.com/images/I/713A3NZj1HL._SX450_.jpg","B0DZNDRS77","Portable 10-in-1 Car Battery Jump Starter with Air Compressor 6000A 160PSI Portable Car Jumper Starter (All Gas 12L Diesel), 12V Jump Box Car Battery Jump Starter Portable Jumper Cables, Lights","TONTONJIA","FBA","Automotive",13521,762949857052,"N/A",0762949857052,"N/A","Batteries & Accessories",334,59.83,-18,228,583,-60,15066.4,36861.25,310,4.6,"Woot","USA",2,0,"N/A","Large Standard-Size",4.49,5.43,9.45,2.71,116,320,"06/30/2025",10,9,0,0.74
"https://amazon.com/dp/B0FMY62LL5","https://m.media-amazon.com/images/I/71VMK1b-42L._SX450_.jpg","B0FMY62LL5","Acmount D18 Jump Starter with Air Compressor, 6000A Car Battery Jumper Starter Portable(All Gas/10.0L Diesel), 150PSI Tire Inflator Air Pump, 12V Jump Pack, Car Emergency Kit, Car Gift for Man","Acmount","FBA","Automotive",13616,"N/A","N/A","N/A","N/A","Jump Starters",109,99.98,-19,720,807,,59646.27,67831.76,840,4.5,"Acmount Direct","China",1,0,"N/A","Large Standard-Size",5,6.85,9.84,3.53,169.73,468.23,"02/28/2026",7,8,3,0.86
"https://amazon.com/dp/B0DDXJG1VC","https://m.media-amazon.com/images/I/71yKhxQO+ZL._SX450_.jpg","B0DDXJG1VC","TREKURE 10-in-1 Car Battery Jump Starter Box with Jump Cables & Gloves for All Gas & 12L Diesel, 8000A Portable Battery Charger with Air Compressor, 160PSI, PD45W Charging","TREKURE","FBA","Automotive",13839,"N/A","N/A",6942078414799,"N/A","Batteries & Accessories",345,88.99,-7,508,637,-48,45207.35,56684.43,117,4.5,"gerrit","China",2,0,"N/A","Large Standard-Size",5.2,6.5,11.46,4.72,195.02,537.98,"11/30/2025",8,6,0,4.34
"https://amazon.com/dp/B0D3V96VKC","https://m.media-amazon.com/images/I/71oQ3jU0i3L._SX450_.jpg","B0D3V96VKC","LOKITHOR JP400 Jump Starter with Air Compressor, 2500A 12V Portable Car Battery Booster Pack (8.5L Gas/6.5L Diesel) with ConnectMax Tech, 150PSI Tire Inflator, Auto-Shutoff & Dynamic Dwell (Orange)","LOKITHOR","FBA","Automotive",13955,889551123716,"N/A",0889551123716,"N/A","Batteries & Accessories",346,99.95,122,420,18,38,26662.72,1605.35,210,4.7,"LOKITHOR Direct","China",1,0,"N/A","Large Standard-Size",4.21,4.49,9.25,2.78,88.03,242.85,"02/28/2026",16,9,5,2.01
"https://amazon.com/dp/B0D3V88P54","https://m.media-amazon.com/images/I/71cRvCs6a-L._SX450_.jpg","B0D3V88P54","LOKITHOR JP400 Jump Starter with Air Compressor, 2500A 12V Portable Car Battery Booster Pack (8.5L Gas/6.5L Diesel) with ConnectMax Tech, 150PSI Tire Inflator, Auto-Shutoff & Dynamic Dwell (Yellow)","LOKITHOR","FBA","Automotive",13956,"N/A","N/A","N/A","N/A","Batteries & Accessories",346,89.95,-40,420,74,38,26662.72,5964.85,210,4.7,"LOKITHOR Direct","China",1,0,"N/A","Large Standard-Size",4.13,4.49,9.17,2.8,85.61,236.17,"02/28/2026",15,9,5,2.01
"https://amazon.com/dp/B0DPMHY3Q3","https://m.media-amazon.com/images/I/71CxyUa8r5L._SX450_.jpg","B0DPMHY3Q3","Charger Cable for NOCO Jump Starter Compatible with NOCO GB70 GB150 GB250+ GB251+ GB500 GB500+ Genius Boost Ultra Safe Lithium Jump Starter Battery 14V 56W Power Adapter Cord","SYFLYH","FBA","Automotive",14055,"N/A","N/A","N/A","N/A","Jump Starters",142,26.99,-37,446,200,-3,9930,5401.73,112,4.6,"Power adapter +","China",1,6052,"N/A","Large Standard-Size",1.73,5.12,7.28,0.99,32.47,89.56,"11/30/2025",16,8,4,3.98
"https://amazon.com/dp/B0DQD5F5WC","https://m.media-amazon.com/images/I/71bbvrjT67L._SX450_.jpg","B0DQD5F5WC","65W USB-C Charger Cable for NOCO UltraSafe Portable Jump Starter Compatible with NOCO Boost X GBX45 GBX55 GBX75 GBX155 Power Adapter Cord","SYFLYH","FBA","Automotive",14061,"N/A","N/A","N/A","N/A","Jump Starters",142,19.99,-38,446,94,-3,9930,1931.83,54,4.7,"Power adapter +","China",1,6052,"N/A","Large Standard-Size",1.81,5.28,7.36,0.73,35.41,97.69,"11/30/2025",15,7,4,8.25
"https://amazon.com/dp/B0GS4TDV41","https://m.media-amazon.com/images/I/61RJhH-9jUL._SX450_.jpg","B0GS4TDV41","Scatach 4000A Car Battery Jump Starter, 12V Jump Starter Battery Pack (up to 10.0L Gas and 8.0L Diesel Engine), Portable Jump Box with Jumper Cable, LED Display, LED Light","Scatach","FBA","Automotive",14083,"N/A","N/A","N/A","N/A","Batteries & Accessories",361,36.89,"N/A",1194,0,,57455.46,"-",101,4.5,"manhuipower","China",0,0,"N/A","N/A","N/A","N/A","N/A","N/A","N/A","N/A","02/28/2026",0,7,4,12.31
"https://amazon.com/dp/B0D3V7QKND","https://m.media-amazon.com/images/I/71GVOhmSxNL._SX450_.jpg","B0D3V7QKND","LOKITHOR JP400 Jump Starter with Air Compressor, 2500A 12V Portable Car Battery Booster Pack (8.5L Gas/6.5L Diesel) with ConnectMax Tech, 150PSI Tire Inflator, Auto-Shutoff & Dynamic Dwell (White)","LOKITHOR","FBA","Automotive",14095,"N/A","N/A","N/A","N/A","Batteries & Accessories",351,99.95,-38,420,19,38,26662.72,1727.58,210,4.7,"LOKITHOR Direct","China",1,0,"N/A","Large Standard-Size",4.09,4.57,9.17,2.76,86.29,238.05,"02/28/2026",16,9,5,2.01
"https://amazon.com/dp/B0756PV96Q","https://m.media-amazon.com/images/I/71WLzFuCCwL._SX450_.jpg","B0756PV96Q","Schumacher Electric DSR ProSeries Car Battery Jump Starter - 4400 Peak Amp 12V/24V Car Starter, Jump Box & Portable Power Station - Digital Display, Heavy-Duty Booster Cables - DSR166","Schumacher Electric","FBA","Automotive",14182,026666420846,00026666420846,0026666420846,"N/A","Jump Starters",112,376.79,-30,595,241,-7,153632.28,88818.57,1215,4.3,"FRONT ROW","USA",4,8445,25,"Large bulky",8.6,14.3,17.8,44.5,709.41,1773.53,"01/31/2025",99,6,2,0.49
"https://amazon.com/dp/B0G8Z63HRF","https://m.media-amazon.com/images/I/61RJhH-9jUL._SX450_.jpg","B0G8Z63HRF","Scatach Jump Starter 5000A, 12V Car Battery Jump Starter Battery Pack (up to 10.0L Gasoline and 8.0L Diesel Engine), Portable Jump Box with Jumper Cable, LED Display, Flashlight","Scatach","FBA","Automotive",14201,"N/A","N/A","N/A","N/A","Batteries & Accessories",352,69.99,112,1194,278,,57455.46,14739.08,98,4.5,"manhuipower","China",1,0,"N/A","Large Standard-Size",2.05,8.23,9.57,1.81,81.29,224.25,"02/28/2026",2,7,4,12.18
"https://amazon.com/dp/B0D2H3HTCB","https://m.media-amazon.com/images/I/61vzVOZLq2L._SX450_.jpg","B0D2H3HTCB","UTRAI Jump Starter with Air Compressor, 4000A Battery Jumper Starter Portable with 150PSI Tire Inflator, 18W Fast Charge, Emergency Light, 12V Jump Box for 8.5L Gas & 6.5L Diesel Engines, Storage Case","UTRAI","FBA","Automotive",14450,"N/A","N/A","N/A","N/A","Batteries & Accessories",360,49.99,-47,469,469,2,27775.1,27773.67,961,4.6,"UTRAI Shop","China",2,8420,"N/A","Large Standard-Size",4.21,5.39,10,2.95,114.25,315.17,"11/30/2025",21,7,0,0.49
"https://amazon.com/dp/B0FWK37G5D","https://m.media-amazon.com/images/I/71LtCq9rYTL._SX450_.jpg","B0FWK37G5D","6000A Jump Starter with Air Compressor Battery Jumper Starter Portable 10-in-1 Car Jump Starter Portable 12V Jump Box with 160PSI Tire Inflator LED Light and Jumper Cables (10L Diesel All Cars)","Soulor","FBA","Automotive",14495,"N/A","N/A","N/A","N/A","Batteries & Accessories",362,49.98,109,320,334,,21155.74,22004.49,64,4.2,"HiTop Jump Starter","China",1,0,"N/A","Large Standard-Size",3.86,6.18,8.15,2.27,97.88,270.02,"02/28/2026",3,9,0,5.52
"https://amazon.com/dp/B0GFH1W99D","https://m.media-amazon.com/images/I/61Ie08ahUPL._SX450_.jpg","B0GFH1W99D","5000A Jump Starter Car Jumper Starter Portable Battery Booster Pack Jump Box with LED Display, LED Light and Jumper Cables(10.0L Gas and 10.0L Diesel)","Soulor","FBA","Automotive",14855,"N/A","N/A","N/A","N/A","Batteries & Accessories",376,58.99,-100,93,43,,5506.4,2531.8,65,4.5,"NLHK-Direct","N/A",2,0,"N/A","Large Standard-Size",3.66,4.57,9.33,1.57,78.57,216.74,"03/31/2026",1,9,2,1.42
"https://amazon.com/dp/B0FMF7NPBJ","https://m.media-amazon.com/images/I/71E3gj9ZwZL._SX450_.jpg","B0FMF7NPBJ","5000A Jump Starter with Air Compressor - Portable 12V Jump Box Battery Pack for 9.0L Gas/8.0L Diesel Engines, Car Jumper Starter Portable with 150PSI Tire Inflator, LED Screen, Fold-Up LED Flashlight","Macson","FBA","Automotive",14857,"N/A","N/A","N/A","N/A","Batteries & Accessories",371,109.99,-21,393,393,,26926.82,26923.98,277,4.6,"Macson Power","China",1,0,"N/A","Large Standard-Size",6.26,6.3,9.69,3.77,192.4,530.77,"02/28/2026",6,9,4,1.42
"https://amazon.com/dp/B0F6TWPWYN","https://m.media-amazon.com/images/I/81baMTw8SXL._SX450_.jpg","B0F6TWPWYN","Jump Starter with Air Compressor, BRPOM 8000A Portable Car Jump Starter (All Petrol/12L Diesel), 160PSI 12V Battery Jump Starter Power Pack with Jump Clamps, LCD Screen, 600 Lumens Emergency Light","BRPOM","FBA","Automotive",15189,684514185172,"N/A",0684514185172,"N/A","Jump Starters",111,65.99,-88,186,186,,10516.93,10516.26,2225,4.6,"BRPOM AUTO","China",2,0,"N/A","Large Standard-Size",4.8,6.18,11.38,3.24,169.96,468.86,"02/28/2026",5,8,3,0.08
"https://amazon.com/dp/B09P9QGMSV","https://m.media-amazon.com/images/I/71WpOItt5zL._SX450_.jpg","B09P9QGMSV","NOCO GBC104 Boost X EVA Protection Case for GBX155 UltraSafe Lithium Jump Starters","NOCO","Amazon","Automotive",15273,046221210071,00046221210071,1210000621078,"N/A","Jump Starters",118,39.95,"N/A",473,473,,19031.99,19031.88,1337,4.7,"Amazon","N/A",1,0,"N/A","Large Standard-Size",5.43,9.92,14.75,2.25,"N/A","N/A","10/31/2025",10,7,2,0.35
"https://amazon.com/dp/B07C2TZPLG","https://m.media-amazon.com/images/I/31MQ8H9pAcL._SX450_.jpg","B07C2TZPLG","NOCO GBC015 Boost Pro EVA Protection Case for GB150 UltraSafe Lithium Jump Starters","NOCO","Amazon","Automotive",15347,046221170290,00046221170290,1210000617293,"N/A","Jump Starters",119,34.95,996,567,567,1657,19880.46,19880.25,5355,4.8,"Amazon","N/A",1,0,"N/A","Large Standard-Size",5.67,9.84,14.25,1.85,"N/A","N/A","06/30/2025",95,8,2,0.11
"https://amazon.com/dp/B0FKH2BKP5","https://m.media-amazon.com/images/I/71WMF1jZ83L._SX450_.jpg","B0FKH2BKP5","Jump Starter 4000A, VACASSO A9 Battery Jumper Starter Portable (7L Gas/4L Diesel), 12V Car Battery Booster Jump Starters Pack, Jumpstart with USB Ports, Jumper Cables, LED Light, Storage Case","VACASSO","FBA","Automotive",15399,"N/A","N/A","N/A","N/A","Batteries & Accessories",380,75.99,-17,508,427,-65,33481.35,28362.65,212,4.7,"Mokee Store","China",2,0,"N/A","Large Standard-Size",3.62,4.8,8.27,1.92,72.35,199.58,"11/30/2025",4,9,2,2.4
"https://amazon.com/dp/B0FRSDJS2N","https://m.media-amazon.com/images/I/71dUkHLtNTL._SX450_.jpg","B0FRSDJS2N","Jump Starter with Air Compressor, 8000A 180PSI, Portable Car Battery Jump Starter (All Gas/12L Diesel) 12V Automobile Jump Box Pack Chargers with Jumper Cables, 4-Mode LED Lights","fmooostore","FBA","Automotive",15651,664933270123,"N/A",0664933270123,"N/A","Batteries & Accessories",383,54.99,-27,346,249,-14,22925.26,16385.41,149,4.3,"Pusiou","China",1,0,"N/A","Large Standard-Size",4.02,6.22,7.72,2.12,97.19,268.1,"01/31/2026",4,7,4,2.33
"https://amazon.com/dp/B0FRSFP63G","https://m.media-amazon.com/images/I/71RO3LTP6IL._SX450_.jpg","B0FRSFP63G","Jump Starter with Air Compressor, 8000A 180PSI, Portable Car Battery Jump Starter (All Gas/12L Diesel) 12V Automobile Jump Box Pack Chargers with Jumper Cables, 4-Mode LED Lights","fmooostore","FBA","Automotive",15651,664933270147,"N/A",0664933270147,"N/A","Batteries & Accessories",383,54.99,-12,344,36,-7,22838.21,2464,149,4.3,"Pusiou","China",1,0,"N/A","Large Standard-Size",4.13,4.25,7.52,2.14,66.46,183.33,"01/31/2026",4,7,4,2.31
"https://amazon.com/dp/B0FRSJ7BCP","https://m.media-amazon.com/images/I/71qtuQqbSZL._SX450_.jpg","B0FRSJ7BCP","Jump Starter with Air Compressor, 8000A 180PSI, Portable Car Battery Jump Starter (All Gas/12L Diesel) 12V Automobile Jump Box Pack Chargers with Jumper Cables, 4-Mode LED Lights","fmooostore","FBA","Automotive",15652,664933270161,"N/A",0664933270161,"N/A","Batteries & Accessories",383,54.99,-8,344,33,-7,22838.21,2144.88,149,4.3,"Pusiou","China",1,0,"N/A","Large Standard-Size",4.09,4.72,7.64,2.14,74.26,204.85,"01/31/2026",4,7,4,2.31
"https://amazon.com/dp/B0D9NXD7KX","https://m.media-amazon.com/images/I/71OAmqz9jZL._SX450_.jpg","B0D9NXD7KX","Jump Starter with Air Compressor, 4000A 180PSI, Portable Car Battery Jump Starter (All Gas/12L Diesel) 12V Automobile Jump Box Pack Chargers with Jumper Cables, 4-Mode LED Lights","fmooostore","FBA","Automotive",16010,689386180263,"N/A",0689386180263,"N/A","Batteries & Accessories",389,56.5,-6,344,25,-7,22838.21,1751.83,151,4.3,"Pusiou","China",1,0,"N/A","Large Standard-Size",4.37,5.63,8.82,2.89,109.25,301.39,"01/31/2026",16,8,4,2.31
"https://amazon.com/dp/B0D3V6WNR3","https://m.media-amazon.com/images/I/81nhihGoKuL._SX450_.jpg","B0D3V6WNR3","LOKITHOR JP400 Jump Starter with Air Compressor, 2500A 12V Car Battery Jumper Starter Portable (8.5L Gas/6.5L Diesel) with ConnectMax Tech, 150PSI Tire Inflator, Auto-Shutoff & Dynamic Dwell","LOKITHOR","FBA","Automotive",16061,889551123846,"N/A",0889551123846,"N/A","Batteries & Accessories",397,69.95,-66,420,289,38,26662.72,15608.68,210,4.7,"LOKITHOR Direct","China",1,0,"N/A","Large Standard-Size",2.13,4.13,9.33,2.87,41.32,113.99,"02/28/2026",17,9,5,2.01
"https://amazon.com/dp/B0D3V6HDHM","https://m.media-amazon.com/images/I/71lEx+a2gQL._SX450_.jpg","B0D3V6HDHM","LOKITHOR JP400 Jump Starter with Air Compressor, 2500A 12V Portable Car Battery Booster Pack (8.5L Gas/6.5L Diesel) with ConnectMax Tech, 150PSI Tire Inflator, Auto-Shutoff & Dynamic Dwell (Red)","LOKITHOR","FBA","Automotive",16063,"N/A","N/A","N/A","N/A","Batteries & Accessories",397,99.95,-49,420,19,38,26662.72,1754.06,210,4.7,"LOKITHOR Direct","China",1,0,"N/A","Large Standard-Size",4.18,4.41,9.22,2.78,85.57,236.06,"02/28/2026",9,9,5,2.01
"https://amazon.com/dp/B0DRNGVQVC","https://m.media-amazon.com/images/I/71fBgDVmEhL._SX450_.jpg","B0DRNGVQVC","GS300 Car Jump Starter,3000A Portable Battery Jumper Starter for Up to 10.0L Gas & 8.0L Diesel Engines,59.2WH 12V Jump Box with Storage Case,USB Quick Charge,LCD Display,for Cars,Motorcycles,Trucks","LIFMOCER","FBA","Automotive",16098,"N/A","N/A","N/A","N/A","Batteries & Accessories",396,99.99,-32,39,601,,4088.39,40760.11,590,4.7,"LIFMOCER-US","China",1,0,"N/A","Large Standard-Size",4.53,5.91,9.92,3.13,133.71,368.86,"03/31/2026",10,8,3,0.07
"https://amazon.com/dp/B0DRNBWBDK","https://m.media-amazon.com/images/I/71U8qKzq2QL._SX450_.jpg","B0DRNBWBDK","LIFMOCER GS400 Jump Starter - 4000A Car Battery Jump Starter for Up to 12.0L Gas and 10.0L Diesel Engines, 12V Portable Jump Box with Storage Case USB Quick Charge, and LCD Display","LIFMOCER","FBA","Automotive",16098,"N/A","N/A","N/A","N/A","Batteries & Accessories",396,109.99,-24,39,67,,4088.39,7093.81,590,4.7,"LIFMOCER-US","China",1,0,"N/A","Large Standard-Size",4.45,5.98,9.96,3.48,133.44,368.12,"03/31/2026",10,8,3,0.07
"https://amazon.com/dp/B0G5QQ1RZN","https://m.media-amazon.com/images/I/715OO-CyV8L._SX450_.jpg","B0G5QQ1RZN","LOKITHOR JT400 12V Jump Starter and Battery Tester 2-in-1, 2500A Battery Jumper Starter Portable for Up to 8.5L Gas & 6.5L Diesel Engines, 100-2000 CCA Load Capacity Automotive Load Tester (Orange)","LOKITHOR","FBA","Automotive",16538,889551124331,"N/A",0889551124331,"N/A","Batteries & Accessories",399,99.95,396,134,5,,11093.03,504.58,90,4.6,"LOKITHOR Online","China",1,0,"N/A","Large Standard-Size",4,4,8,2.1,64.44,177.78,"02/28/2026",0,9,3,1.49
"https://amazon.com/dp/B08GFWSZV3","https://m.media-amazon.com/images/I/712Wuy9s+uL._SX450_.jpg","B08GFWSZV3","VIFOCUFY Power Cord 19V Charger for Booster PAC ES5000 ES2500 ESP5500 J1000 J850 AC Power Supply Adapter for Booster Auto Truck/Motor Jump Starter Charger Replacement with UL Listed","VIFOCUFY","FBA","Automotive",16606,738635320391,"N/A",0738635320391,"N/A","Jump Starters",125,13.99,-17,534,534,12,7466.84,7461.39,756,4.5,"VIFOCUFY","China",1,7408,11,"Large Standard-Size",1.93,2.76,3.9,0.26,10.46,28.85,"10/31/2025",67,8,0,0.71
"https://amazon.com/dp/B0DWSWBZWM","https://m.media-amazon.com/images/I/41nu+i08c6L._SX450_.jpg","B0DWSWBZWM","UTRAI 5000A 150PSI Jump Starter with Air Compressor, 12V Portable Jump Box (All Gas/10L Diesel), Jump Pack with LED Light, Car Jumper with Jumper Cables, Storage Case Included","UTRAI","FBA","Automotive",17326,"N/A","N/A","N/A","N/A","Batteries & Accessories",412,69.99,-70,507,507,76,32128.07,32124.36,452,4.6,"alinstore","China",2,0,"N/A","Large Standard-Size",4.69,5.51,9.53,3.35,123.99,342.05,"11/30/2025",11,6,0,1.12
"https://amazon.com/dp/B0CB7N8JTJ","https://m.media-amazon.com/images/I/61dXnqvUcuL._SX450_.jpg","B0CB7N8JTJ","YETOR Battery Alligator Clips,10AWG Female EC5 Jump Starter Cable with Battery Clamps,Alligator Clip Clamp to EC5 Connector Extension Charging Cable for Emergency Car Jump Starter Booster.(60CM)","YETOR","FBA","Automotive",17369,"N/A","N/A","N/A","N/A","Batteries & Accessories",416,12.96,-20,382,50,14,5283.07,651.92,75,3.8,"YETOR.","China",1,4867,31,"Large Standard-Size",2.01,4.96,6.54,0.46,32.83,90.56,"05/31/2025",77,6,4,0.73
"https://amazon.com/dp/B0CL74RZYG","https://m.media-amazon.com/images/I/71Z-Fa4u8YL._SX450_.jpg","B0CL74RZYG","DONYOIE Charger for Booster PAC ES2500 AC/DC Adapter for ES5000 ES5500 ES2500C ES6000 ESA217 J900 ESA22 J900 Jump Starter Power Supply Cord Replacement Charger","DONYOIE","FBA","Automotive",17512,"N/A","N/A","N/A","N/A","Batteries & Accessories",420,9.99,-16,235,235,-38,2349.77,2347.31,115,4.4,"DONYOIE","China",1,3485,"N/A","Large Standard-Size",1.93,2.72,3.94,0.26,10.41,28.73,"12/31/2025",29,7,0,2.05
"https://amazon.com/dp/B09CTJ158S","https://m.media-amazon.com/images/I/718JiMARmcL._SX450_.jpg","B09CTJ158S","GOOLOO Eva Protection Case for GT4000 GT4000S GT6000 12V Jump Starters,Portable Hard Storage Case Car Tool Gadgets Carry Bag","GOOLOO","FBA","Automotive",18010,"N/A","N/A","N/A","N/A","Jump Starters",125,24.99,-37,632,632,-33,15784.16,15777.75,1392,4.8,"GOOLOO","China",1,7648,-5,"Large Standard-Size",4.92,6.46,10.91,0.88,174.58,481.6,"11/30/2025",53,7,0,0.45
"https://amazon.com/dp/B0DQTTH38Z","https://m.media-amazon.com/images/I/81gtUDegYiL._SX450_.jpg","B0DQTTH38Z","Lebakort Storage Case Compatible with Boost Plus GB40 / Boost X GBX45 / Boost XL GB50 / Boost Sport GB20 UltraSafe Lithium Jump Starter Box","Lebakort","FBA","Automotive",18067,"N/A","N/A","N/A","N/A","Batteries & Accessories",437,25.99,8,395,255,-60,11671.33,6624.69,401,4.6,"Lebakort shop","China",1,7242,"N/A","Large Standard-Size",4.09,5.67,10.12,0.51,118.16,325.95,"11/30/2025",15,9,7,0.98
"https://amazon.com/dp/B0F7X31D66","https://m.media-amazon.com/images/I/715ZmZNw1DL._SX450_.jpg","B0F7X31D66","Lebakort Storage Case Compatible with Boost X GBX75 Jump Starter","Lebakort","FBA","Automotive",18067,"N/A","N/A","N/A","N/A","Batteries & Accessories",437,30.99,-13,395,7,-60,11671.33,213.65,407,4.6,"Lebakort shop","China",1,7242,"N/A","Large Standard-Size",4.13,9.76,10.16,0.79,206.41,569.41,"11/30/2025",9,9,7,0.98
"https://amazon.com/dp/B0DYGF9YWZ","https://m.media-amazon.com/images/I/81qtWT9FfJL._SX450_.jpg","B0DYGF9YWZ","Lebakort Storage Case Compatible with Boost X GBX55 1750A 12V UltraSafe Portable Lithium Jump Starter","Lebakort","FBA","Automotive",18067,"N/A","N/A","N/A","N/A","Batteries & Accessories",437,27.99,-23,395,29,-60,11671.33,824.06,403,4.6,"Lebakort shop","China",1,7242,"N/A","Large Standard-Size",1.65,7.2,9.53,0.49,57,157.25,"11/30/2025",11,9,7,0.98
"https://amazon.com/dp/B0DYDXSPVV","https://m.media-amazon.com/images/I/81OacwK50AL._SX450_.jpg","B0DYDXSPVV","Lebakort Storage Case Compatible with Boost X GBX45 1250A 12V UltraSafe Portable Lithium Jump Starter Car Battery Booster Pack","Lebakort","FBA","Automotive",18067,"N/A","N/A","N/A","N/A","Batteries & Accessories",437,27.99,-19,385,18,-59,11376.27,505.35,403,4.6,"Lebakort shop","China",1,7243,"N/A","Large Standard-Size",4.13,6.1,10.12,0.51,128.36,354.1,"11/30/2025",13,9,7,0.95
"https://amazon.com/dp/B0CQG26YMT","https://m.media-amazon.com/images/I/51hYpgY33lL._SX450_.jpg","B0CQG26YMT","Osilly Car Jump Starter Clamps, 12V Automotive Portable Emergency Booster Jumper Starter Booster Clamp Cables, EC5 Connector Replacement Alligator Clip, Universal for Vehicle, SUV, Truck, RV","Osilly","FBA","Automotive",18070,"N/A","N/A","N/A","N/A","Batteries & Accessories",427,12.99,-12,495,495,69,6427.81,6422.74,134,4.3,"honglingzs","China",1,2646,"N/A","Large Standard-Size",2.24,6.14,8.46,0.42,58.58,161.6,"02/28/2026",23,6,0,3.69
"https://amazon.com/dp/B0DYGYWKH7","https://m.media-amazon.com/images/I/816hk+qWkuL._SX450_.jpg","B0DYGYWKH7","Lebakort Storage Case Compatible with Boost X GBX155 / Boost Pro GB150 UltraSafe Portable Lithium Jump Starter","Lebakort","FBA","Automotive",18176,"N/A","N/A","N/A","N/A","Batteries & Accessories",442,42.99,-26,395,66,-60,11671.33,2855.4,403,4.6,"Lebakort shop","China",1,7242,"N/A","Large Standard-Size",4.65,9.13,13.98,1.1,298.82,824.32,"11/30/2025",13,9,7,0.98
"https://amazon.com/dp/B0DX65XHFW","https://m.media-amazon.com/images/I/41Mi0qRdbsL._SX450_.jpg","B0DX65XHFW","VTOMAN X7 Jump Starter with Air Compressor, 4250A&160PSI Pickup Trucks & Suvs Battery Car Jumper Starter Portable(10L Gas/10L Diesel) with Auto-Shutoff Tire Inflator, 12V Lithium Booster Box, QC3.0","VTOMAN","FBA","Automotive",18569,"N/A","N/A","N/A","N/A","Batteries & Accessories",451,109.99,-19,429,429,,45724.11,45720.89,59,4.4,"VTOMAN","China",1,0,"N/A","Large Standard-Size",4.88,5.51,10.31,4.89,139.57,385.03,"01/31/2026",11,9,1,7.27
"https://amazon.com/dp/B0928VN98C","https://m.media-amazon.com/images/I/610YBGlnPLL._SX450_.jpg","B0928VN98C","AVAPOW Car Jump Starter, 4000A Peak Battery (for All Gas or Up to 10L Diesel), Portable Booster Power Pack, 12V Auto Jump Box with LED Light, USB Quick Charge 3.0","AVAPOW","FBA","Automotive",18664,704219007866,"N/A",0704219007866,"N/A","Jump Starters",129,69.98,-37,469,469,-29,32829.23,32829.01,3490,4.5,"AVAPOW Direct","China",3,11660,-31,"Large Standard-Size",4.69,6.1,10.35,3.92,149.08,411.25,"11/30/2024",56,6,0,0.13
"https://amazon.com/dp/B0FHH7PX9W","https://m.media-amazon.com/images/I/51dNWPIHmDL._SX450_.jpg","B0FHH7PX9W","Milwaukee Electric - M18TRADE HOTSHOTTRADE JUMP STARTER","Milwaukee","FBA","Automotive",19202,045242884452,"N/A",0045242884452,"N/A","Jump Starters",133,280,-13,438,438,-38,124251.71,124248.65,66,4.5,"S&B Wholesale","USA",17,0,"N/A","Large Standard-Size",4.37,8.74,12.17,7.5,234.02,645.58,"11/30/2025",7,3,0,6.64
"https://amazon.com/dp/B0CQNT9S2Z","https://m.media-amazon.com/images/I/71BRjWgndIL._SX450_.jpg","B0CQNT9S2Z","Acmount P120 Car Battery Jump Starter Portable, 7000A 12V Car Jumper Starter with Jump Box (All Gas/10.0L Diesel), LCD Display, USB Quick Charge & LED Light, Ultimate Durable Battery Jump Pack","Acmount","FBA","Automotive",19245,"N/A","N/A","N/A","N/A","Batteries & Accessories",2295,69.99,-6,720,202,,59646.27,14118.26,839,4.5,"Grizzlies CN","China",1,0,"N/A","Large Standard-Size",4.29,5.35,9.88,2.49,114.17,314.95,"02/28/2026",25,8,3,0.86
"https://amazon.com/dp/B0FR7C81S7","https://m.media-amazon.com/images/I/51VzZw8t4eL._SX450_.jpg","B0FR7C81S7","YaberAuto 9-in-1 Car Jump Starter with Air Compressor 4500A 150PSI, Battery Jumper Starter Portable for 9L Gas/8L Diesel, Jump Box with Auto-Shutoff Tire Inflator, Safety Jumper Cables, Gloves, Lights","YaberAuto","FBA","Automotive",19389,"N/A","N/A",6977703634419,"N/A","Batteries & Accessories",454,49.99,-50,502,502,-73,30609.13,30607.97,416,4.7,"Jayi Home","China",4,0,"N/A","Large Standard-Size",4.96,6.38,9.57,3.33,152.47,420.61,"11/30/2025",5,7,0,1.21
"https://amazon.com/dp/B0CNLRGQ38","https://m.media-amazon.com/images/I/71Iwu4BgNiL._SX450_.jpg","B0CNLRGQ38","Car Jump Starter, 8000A Peak 26800mAh (Up to All Gas or 10.0L Diesel Engine, 50 Times) 12V Auto Booster Battery Charger Jump Box with Quick Charger Smart Jump Cables with LED Screen","BRPOM","FBA","Automotive",19758,"N/A","N/A","N/A","N/A","Jump Starters",136,59.99,-33,240,403,,13705.12,21599.54,549,4.5,"BRPOM AUTO","China",1,0,"N/A","Large Standard-Size",4.29,5.67,10.12,2.23,123.94,341.89,"01/31/2026",25,7,3,0.44
"https://amazon.com/dp/B0FNVPXPKB","https://m.media-amazon.com/images/I/41uWJumG37L._SX450_.jpg","B0FNVPXPKB","Fanttik Potent T10 1800A Portable Jump Starter, 12000mAh Power Bank, 12V Safe Lithium Jump Box with Smart SenseClamp, Retractable Charging Cable, Battery Booster for 7.0L Gas and 5.0L Diesel Engines","Fanttik","FBA","Automotive",19839,850077828041,"N/A",0850077828041,"N/A","Batteries & Accessories",465,99.99,-21,532,532,90,51487.01,51481.58,64,4.7,"Fanttik Innovation Direct","China",1,0,"N/A","Large Standard-Size",4.09,4.76,9.29,3,91.06,251.2,"01/31/2026",3,9,0,8.31
"https://amazon.com/dp/B0785S2439","https://m.media-amazon.com/images/I/519f5HZfxVL._SX450_.jpg","B0785S2439","HALO Bolt Mini Jumper Cables | Spark Proof Clamps, Easy-to-Use Replacement Cables for All HALO Portable Jump Starters, Compact Size, Easily Fits In Emergency Kits with Other Car Accessories","HALO","Amazon","Automotive",20312,811279030359,"N/A",0811279030359,"N/A","Jump Starters",139,22.99,-29,430,430,-22,9855.77,9851.41,2145,4.8,"Amazon","N/A",1,5651,9,"Large Standard-Size",4.29,4.8,6.42,0.49,"N/A","N/A","11/30/2024",100,4,0,0.2
"https://amazon.com/dp/B0872HHZQH","https://m.media-amazon.com/images/I/41H3geTb6BL._SX450_.jpg","B0872HHZQH","Clore Automotive JNC325 Jump-N-Carry 2000A 12 Volt Jump Starter for up to 8.0L Gasoline and 6.0L Diesel Engines","Clore Automotive","Amazon","Automotive",20977,010271027125,00010271027125,0010271027125,"N/A","Jump Starters",140,169.16,-26,116,459,,17704.44,69683.22,435,4.6,"Amazon","N/A",17,116,-97,"Large Standard-Size",4.8,5.47,10.94,3.7,"N/A","N/A","03/31/2024",66,6,0,0.27
"https://amazon.com/dp/B0FNCXKC43","https://m.media-amazon.com/images/I/71uD1FG6fAL._SX450_.jpg","B0FNCXKC43","YaberAuto Car Battery Jump Starter 5500A Portable Car Jump Starter Battery Pack (10.0L Gas/9.0L Diesel), 12V Car Battery Jumper Starter Portable, Jump Box with Jumper Cables, 160W DC, 4-Modes-Lights","YaberAuto","FBA","Automotive",21106,"N/A","N/A",6977703633689,"N/A","Batteries & Accessories",498,89.99,2,197,227,,17697.94,20415.81,77,4.7,"karentop","China",2,0,"N/A","Large Standard-Size",3.9,5.28,9.13,2.67,94.66,261.12,"02/28/2026",5,7,2,2.55
"https://amazon.com/dp/B0FLDV9RYC","https://m.media-amazon.com/images/I/71z4KzBnvUL._SX450_.jpg","B0FLDV9RYC","Jump Starter 4000A, VACASSO A9 Battery Jumper Starter Portable (7L Gas/4L Diesel), 12V Car Battery Booster Jump Starters Pack, Jumpstart with USB Ports, Jumper Cables, LED Light, Storage Case","VACASSO","FBA","Automotive",21228,"N/A","N/A","N/A","N/A","Batteries & Accessories",500,75.99,60,502,81,-65,33982.97,5137.11,217,4.7,"Mokee Store","China",2,0,"N/A","Large Standard-Size",3.62,4.72,8.11,1.9,69.77,192.46,"11/30/2025",5,9,2,2.31
"https://amazon.com/dp/B0FYMJZQWS","https://m.media-amazon.com/images/I/71igLoaF7KL._SX450_.jpg","B0FYMJZQWS","S ZEVZO Car Jump Starter with Air Compressor, 4000A 150PSI Jump Box Battery Pack(6.0 Gas/4.0L Diesel), Portable 12V Jump Box with Auto-Shutoff Tire Inflator, USB Ports, LCD Display & LED Light","S ZEVZO","FBA","Automotive",21389,"N/A","N/A","N/A","N/A","Batteries & Accessories",502,55.99,-39,577,577,,30196.11,30195.96,36,4.7,"CARFIXUP DIRECT","China",2,0,"N/A","Large Standard-Size",3.94,4.76,10.2,2.51,96.31,265.69,"02/28/2026",2,9,0,16.04
"https://amazon.com/dp/B0DGKN1MC5","https://m.media-amazon.com/images/I/71BiuZm8X8L._SX450_.jpg","B0DGKN1MC5","LOKITHOR JT400 2500A Portable Jump Starter with Battery Tester, 12V Car Battery Jump Starter for Up to 8.5L Gas or 6.5L Diesel Engines, 100–2000 CCA Automotive Battery Load Tester","LOKITHOR","FBA","Automotive",21400,"N/A","N/A","N/A","N/A","Batteries & Accessories",507,99.95,-41,134,129,,11093.03,10587.59,93,4.6,"LOKITHOR Online","China",2,0,"N/A","Large Standard-Size",4.37,4.49,8.39,2.07,82.88,228.64,"02/28/2026",8,9,3,1.56
"https://amazon.com/dp/B0DH3XJSQH","https://m.media-amazon.com/images/I/71CtMaT8yIL._SX450_.jpg","B0DH3XJSQH","SAFEMATE PJS06 3000A Car Battery Jump Starter, Portable 12v Battery Booster, Jump Box and Charger, with Voltage Detection, Built-in Protection and LED Warning Light for 10l Gas and 8l Diesel","SAFEMATE","FBA","Automotive",21762,723884697486,"N/A",0723884697486,"N/A","Batteries & Accessories",649,24.98,-71,205,80,,7030.52,2374.31,84,4.5,"SAFEMATE","China",1,0,"N/A","Large Standard-Size",3.46,4.92,8.54,2.34,73.19,201.91,"02/28/2026",16,9,4,2.44
"https://amazon.com/dp/B0DN1BMN7R","https://m.media-amazon.com/images/I/61urivkuMeL._SX450_.jpg","B0DN1BMN7R","HPBS Car Jump Starter - 5000A Peak Jump Starter Battery Pack with DC for Up to All Gas and 10.0 L Diesel Engines, 12V Portable Battery Jump Starter with 3.0"" LCD Display","HPBS","FBM","Automotive",21936,"N/A","N/A","N/A","N/A","Batteries & Accessories",3314,69.98,-22,189,31,,12265.99,2653.78,749,4.5,"First AA","China",1,0,"N/A","Large Standard-Size",9.64,5.27,4.33,2.7,"N/A","N/A","02/28/2026",3,8,5,0.25
"https://amazon.com/dp/B0GFH9SFGS","https://m.media-amazon.com/images/I/81YANt6-BIL._SX450_.jpg","B0GFH9SFGS","casmilee Case for Halo Bolt 58830/57720/ Air 58830/ ACDC Max 55500/ PaL 1000/ Air+ 1750/ Ultimate 2 Portable Emergency Power Kit, Holder for Car Jump Starter and Extra Accessory- Blue (Box Only)","casmilee","FBA","Automotive",22146,"N/A","N/A","N/A","N/A","Batteries & Accessories",3897,24.99,"N/A",353,52,,8829.97,1307.53,594,4.6,"Casmilee","China",1,0,"N/A","Large Standard-Size",3.62,7.05,12.4,0.66,159.33,439.53,"01/31/2026",2,7,7,0.59
"https://amazon.com/dp/B0FKH3RSJK","https://m.media-amazon.com/images/I/41cx82OJe1L._SX450_.jpg","B0FKH3RSJK","GOOLOO A7 Jump Starter with Air Compressor, 6000A &160PSI 12V Car Battery Jumper Starter Portable Booster Pack, 12-in-1 Jump Box (All Gas & 10L Disel) with Tire Inflator & Air Pump(Inflate& Deflate)","GOOLOO","FBA","Automotive",22209,"N/A","N/A","N/A","N/A","Batteries & Accessories",518,199.99,-38,442,442,-71,82702.45,82702.33,95,4.4,"GOOLOO","China",1,0,"N/A","Large Standard-Size",5.08,7.76,10.04,6.17,199.1,549.24,"11/30/2025",5,9,0,4.76
"https://amazon.com/dp/B08XTT6DQ3","https://m.media-amazon.com/images/I/616Dy3ar6+L._SX450_.jpg","B08XTT6DQ3","Hulkman Alpha Bag Max EVA Protection Case for Alpha100, Alpha Max Jump Starter","Hulkman","FBA","Automotive",22328,761062119528,"N/A",0761062119528,"N/A","Jump Starters",315,39.99,-25,398,19,-50,13623.2,762.12,3747,4.8,"HULKMAN Direct","China",1,6461,-18,"Large Standard-Size",5.67,7.52,13.07,1.93,280.55,773.93,"11/30/2024",61,6,3,0.11
"https://amazon.com/dp/B09WHLNRX8","https://m.media-amazon.com/images/I/61KaoYl+1dL._SX450_.jpg","B09WHLNRX8","Hulkman Alpha Bagx Jump Starter Case, Hard EVA Protective Carrying Bag Compatible with Alpha 1000A/1250A Car Battery Jump Starters, Shockproof Water-Resistant Storage Organizer for Booster Cables","Hulkman","FBA","Automotive",22331,761062119764,"N/A",0761062119764,"N/A","Jump Starters",315,29.99,-18,398,77,-50,13623.2,2317.38,3747,4.8,"HULKMAN Direct","China",1,6461,-18,"Large Standard-Size",5.28,6.85,11.54,1.46,210.14,579.69,"11/30/2024",48,6,3,0.11
"https://amazon.com/dp/B0C4Y9NTQT","https://m.media-amazon.com/images/I/8167tyT1DyL._SX450_.jpg","B0C4Y9NTQT","YaberAuto Jump Starter 8000A 65W Fast Charging (All Gas/12.0L Diesel) Portable Car Battery Jump Starter Pack, Jump Box Car Battery Jumper Starter Portable Jumper Cables, 150W DC, 600LM Lights","YaberAuto","FBA","Automotive",22343,"N/A","N/A",6975710733316,"N/A","Batteries & Accessories",521,74.99,3,409,409,-78,59823.98,59823.59,2504,4.4,"Jayi Home","China",5,9494,-46,"Large Standard-Size",5.08,11.5,14.37,3.88,422.66,1165.97,"11/30/2024",32,6,0,0.16
"https://amazon.com/dp/B0CNSHZZ6B","https://m.media-amazon.com/images/I/81Jv2xbPmFL._SX450_.jpg","B0CNSHZZ6B","Case for Halo Bolt 58830/57720/ Air 58830/ ACDC Max 55500 mWh/Air + Portable Emergency Power Kit, Storage Holder for Air Nozzles, Extra Accessory, Car Jump Starter, and Charger- Blue (Box Only)","casmilee","FBA","Automotive",22461,"N/A","N/A","N/A","N/A","Jump Starters",448,24.99,-22,353,124,,8829.97,3089.18,595,4.6,"Casmilee","China",1,0,"N/A","Large Standard-Size",4.57,6.73,10.35,0.72,160.28,442.16,"01/31/2026",28,7,7,0.59
"https://amazon.com/dp/B09XSD8LGC","https://m.media-amazon.com/images/I/718I9qjVPbL._SX450_.jpg","B09XSD8LGC","Schumacher Electric 800 Peak Amp 12V Portable Lithium Car Battery Jump Starter & Power Pack - Lithium Ion Jump Box - with USB Charging & LED Emergency Light - SL1638","Schumacher Electric","FBA","Automotive",22502,026666816380,"N/A",0026666816380,"N/A","Jump Starters",139,72.99,-20,423,36,-29,23183.16,2673.85,417,4.4,"Mountain Peaks","USA",2,6942,"N/A","Large Standard-Size",3.74,5.24,8.46,1.81,83.47,230.27,"11/30/2024",47,9,3,1.02
"https://amazon.com/dp/B0CR4HQVDS","https://m.media-amazon.com/images/I/71e70itLtUL._SX450_.jpg","B0CR4HQVDS","HALO Bolt Ultimate 2 Portable Car Battery Jump Starter | 130 PSI Air Compressor, 55.5Wh USB Power Bank with AC Outlet, Emergency Floodlight & Charger, Jumps Cars SUVs & Trucks, Inflates Tires — Gray","HALO","Amazon","Automotive",22582,645397941316,"N/A",0645397941316,"N/A","Jump Starters",147,159.99,-33,437,86,-72,76078.35,13760.28,648,4.7,"Amazon","N/A",1,0,"N/A","Large Standard-Size",4.57,7.01,12.01,4.41,"N/A","N/A","11/30/2025",26,6,5,0.67
"https://amazon.com/dp/B0FQNPH5B7","https://m.media-amazon.com/images/I/41PkNF2DPlL._SX450_.jpg","B0FQNPH5B7","Battery Jumper Starter Portable, Jump Starter with Air Compressor-4000A 12V (7.0L Gas/ 6.0L Diesel) with 160PSI Tire Inflator, 10000mAh Jump Box Car Battery Jump Starter, Jumper Cables, LED Light","okrinec","FBA","Automotive",22631,762849986906,"N/A",0762849986906,"N/A","Batteries & Accessories",528,71.99,"N/A",242,242,-123,17449.7,17447.25,83,4.2,"JXTONG","China",1,0,"N/A","Large Standard-Size",4.69,5.63,10.87,2.84,144.51,398.64,"11/30/2025",5,9,0,2.96
"https://amazon.com/dp/B0F8QL5L1H","https://m.media-amazon.com/images/I/71BDPUewLoL._SX450_.jpg","B0F8QL5L1H","2500A Car Jump Starter with Air Compressor - 120PSI Tire Inflator, 40W Fast Charging, 48.84Wh Portable Power Bank, Voltage Tester for 8L Gas/6L Diesel Engines","SAFEMATE","FBA","Automotive",22718,782765688678,"N/A",0782765688678,"N/A","Batteries & Accessories",725,39.98,-70,229,62,,7712.95,2851.44,42,4,"SAFEMATE","China",1,0,"N/A","Large Standard-Size",3.11,12.28,13.19,4.83,253.62,699.63,"02/28/2026",8,9,4,5.46
"https://amazon.com/dp/B0F8HBCWSK","https://m.media-amazon.com/images/I/71Fq1p08mFL._SX450_.jpg","B0F8HBCWSK","PJS06 Pro 4000A Car Jump Starter - Portable Power Bank with 40W Fast Charge, 10L Gas/9L Diesel Engine Starter, 3S Quick Start, Voltage Detector, LED Light, 10 Protections","SAFEMATE","FBA","Automotive",22718,723884697950,"N/A",0723884697950,"N/A","Jump Starters",141,28.98,-66,229,75,,7712.95,2227.63,8,4.2,"SAFEMATE","China",1,0,"N/A","Large Standard-Size",3.7,5.71,10.2,3.28,108.5,299.3,"02/28/2026",8,9,4,28.65
"https://amazon.com/dp/B0FHBCY9XH","https://m.media-amazon.com/images/I/71PY5MzCcXL._SX450_.jpg","B0FHBCY9XH","Jump Starter with Air Compressor 4000A Portable Battery Pack 10000mAh Power Bank Emergency SOS LED Light 22-Cylinder 150PSI Cordless AutoShutoff Tire Inflator Window Breaker","Novyllis","FBA","Automotive",23320,"N/A","N/A","N/A","N/A","Batteries & Accessories",544,116.99,-20,292,292,243,27988.79,27985.74,39,4.8,"Novyllis","China",2,0,"N/A","Large Standard-Size",4.41,6.1,9.49,3.48,128.53,354.57,"02/28/2026",7,8,0,7.68
"https://amazon.com/dp/B0FQP4TRS4","https://m.media-amazon.com/images/I/71mh3HEKOpL._SX450_.jpg","B0FQP4TRS4","6250A Jump Starter Battery Jump Starter Battery Pack (for All Gas or 9.0+L Diesel), 2 USB Port, 12V Potable Car Jump Start with 3.2″ HD Display 48-Months Stand-by Time","QUOESD","FBA","Automotive",23577,726323976722,"N/A",0726323976722,"N/A","Batteries & Accessories",554,49.99,-88,19,52,,1017.7,2500.29,25,4.4,"QUOESD Direct","China",2,0,"N/A","Large Standard-Size",4.21,5.08,8.9,2.25,95.83,264.36,"03/31/2026",4,9,5,0.7
"https://amazon.com/dp/B0GFHV7TY7","https://m.media-amazon.com/images/I/81NN6H3JQ2L._SX450_.jpg","B0GFHV7TY7","casmilee Case for Halo Bolt 58830/57720/ Air 58830/ ACDC Max 55500/ PaL 1000/ Air+ 1750/ Ultimate 2 Portable Emergency Power Kit, Holder for Car Jump Starter and Extra Accessory- Black (Box Only)","casmilee","FBA","Automotive",23618,"N/A","N/A","N/A","N/A","Batteries & Accessories",5344,24.99,"N/A",353,45,,8829.97,1127.07,594,4.6,"Casmilee","China",1,0,"N/A","Large Standard-Size",3.31,7.36,12.48,0.66,153.07,422.27,"01/31/2026",2,5,7,0.59
"https://amazon.com/dp/B09Z3W6DZV","https://m.media-amazon.com/images/I/41YORgyV3GL._SX450_.jpg","B09Z3W6DZV","Schumacher Electric 1000 Peak Amp 12V Portable Lithium Car Battery Jump Starter & Power Pack - Lithium Ion Jump Box - with USB Charging & LED Emergency Light - SL1639","Schumacher Electric","FBA","Automotive",23927,026666816397,"N/A",0026666816397,"N/A","Jump Starters",151,52.99,-7,423,387,-29,23183.16,20508.72,1104,4.5,"JBTools","USA",3,6942,"N/A","Large Standard-Size",3.98,4.65,9.84,2.12,91.69,252.93,"11/30/2024",45,9,3,0.38
"https://amazon.com/dp/B0FX3TB563","https://m.media-amazon.com/images/I/811+WFNwYDL._SX450_.jpg","B0FX3TB563","UTRAI Jump Starter with Air Compressor, 6000A Peak Battery Jumper Starter Portable (All Gas & 10.0L Diesel) with 150PSI Tire Inflator & Air Blower, PD 30W Fast Charge, 12V Jump Box Jump Pack","UTRAI","FBA","Automotive",24090,"N/A","N/A","N/A","N/A","Batteries & Accessories",547,69.99,-62,442,442,,33449.61,33445.05,110,4.7,"UTRAI Shop","China",2,0,"N/A","Large Standard-Size",4.8,5.75,10.63,3.92,147.76,407.61,"01/31/2026",2,6,0,4.13
"https://amazon.com/dp/B0DFPM35GZ","https://m.media-amazon.com/images/I/31XLY0uX+2L._SX450_.jpg","B0DFPM35GZ","8250A Jump Starter Battery Jump Starter Battery Pack (for All Gas or 10.0+L Diesel), 12V Potable Heavy Duty Car Jump Start with 60W Power Bank 24-Months Stand-by Time","QUOESD","FBA","Automotive",24097,743636830152,"N/A",0743636830152,"N/A","Batteries & Accessories",571,69.99,-97,19,9,,1017.7,666.31,238,4.6,"QUOESD Direct","China",3,0,"N/A","Large Standard-Size",4.25,5.28,9.57,2.62,108.12,298.26,"03/31/2026",15,9,5,0.08
"https://amazon.com/dp/B086L29DL9","https://m.media-amazon.com/images/I/81fvxaqDsPL._SX450_.jpg","B086L29DL9","Autowit Super Capacitor Jump Starter, 12V Batteryless Portable Jump Box, Jumper Cables for 8.0 Gas&4.0 Diesel Car, Portable Jump Starter for Car Battery, Bulit-in Supercapacitor, No Need Pre-Charge","autowit","FBA","Automotive",24494,"N/A","N/A","N/A","N/A","Jump Starters",154,103.49,-28,392,392,-29,43260.95,43258.05,2676,4.4,"rocky-genhigh","China",1,6132,-24,"Large Standard-Size",3.86,6.46,12.48,3.77,156.68,432.22,"11/30/2024",72,9,2,0.15
"https://amazon.com/dp/B07X7YZYFV","https://m.media-amazon.com/images/I/61f3EVdhjKL._SX450_.jpg","B07X7YZYFV","NEXPOW Battery Jumper Starter Portable,12V Car Battery Jump Starter Power Pack with USB Quick Charge (Up to 7L Gas or 5.5L Diesel Engine) Jump Box with Built-in LED Light","NEXPOW","FBA","Automotive",24622,681013250448,"N/A",0681013250448,"N/A","Jump Starters",150,69.99,-15,609,609,-68,37364.59,37360.15,8088,4.4,"HUANGCHUAN","China",1,26448,-49,"Large Standard-Size",3.11,4.41,7.91,1.65,54.62,150.68,"11/30/2024",78,7,0,0.08
"https://amazon.com/dp/B0CR6VL6GN","https://m.media-amazon.com/images/I/71uvhdZ99oL._SX450_.jpg","B0CR6VL6GN","HALO Bolt Ultimate 2 Portable Car Battery Jump Starter | 130 PSI Air Compressor, 55.5Wh USB Power Bank with AC Outlet, Emergency Floodlight & Charger, Jumps Cars SUVs & Trucks, Inflates Tires — Navy","HALO","Amazon","Automotive",24635,645397941309,"N/A",0645397941309,"N/A","Jump Starters",151,159.99,-31,437,122,-72,76078.35,19479.13,648,4.7,"Amazon","N/A",1,0,"N/A","Large Standard-Size",4.45,6.77,11.54,4.21,"N/A","N/A","11/30/2025",26,6,5,0.67
"https://amazon.com/dp/B0CXDR86NH","https://m.media-amazon.com/images/I/7161P0N+FcL._SX450_.jpg","B0CXDR86NH","acetek 1800 Amp Car Jump Starter Portable Battery Charger, 20000 mAh Emergency Supply Power Pack (Up to 6 L Gas or 6 L Diesel Engine), 12V Auto Lead-Acid Battery Booster with LED Light & USB Ports","acetek","FBA","Automotive",25517,797725282643,"N/A",0797725282643,"N/A","Jump Starters",159,119.99,-19,154,82,,18456.14,9529.42,36,4.3,"Acetek","China",3,0,"N/A","Large Standard-Size",6.22,11.22,13.03,16.01,457.83,1262.98,"02/28/2026",8,7,2,4.28
"https://amazon.com/dp/B0FNWJYJBV","https://m.media-amazon.com/images/I/71mfYxyi2xL._SX450_.jpg","B0FNWJYJBV","AVAPOW TJ68 10000A Battery Jump Starter Portable with 4"" HD Display PD 65W Dual-Way Fast Charging,12V Jump Box, Car Battery Jump Starter for All Gas & Up to All Diesel Engines","AVAPOW","FBA","Automotive",26209,"N/A","N/A","N/A","N/A","Batteries & Accessories",602,329.99,-1,493,414,5,133872.52,120624.25,180,4.5,"AVAPOW Direct","China",2,0,"N/A","Large Standard-Size",4.84,6.38,10.71,4.74,166.51,459.33,"11/30/2025",4,9,2,2.74
"https://amazon.com/dp/B07DQD19Y1","https://m.media-amazon.com/images/I/71ytAQ0sQSL._SX450_.jpg","B07DQD19Y1","JDMCAR Compatible with Center Console Tray Chevy Colorado/GMC Canyon Accessories 2015-2020 2021 2022","JDMCAR","FBA","Automotive",26209,645638619240,"N/A",0645638619240,"N/A","Center & Floor Consoles",158,19.99,-4,370,186,-6,7279.72,3717.64,7880,4.8,"JDMCAR","China",1,5402,-14,"Large Standard-Size",2.87,6.61,9.69,0.62,92.55,255.31,"11/30/2024",93,7,3,0.05
"https://amazon.com/dp/B0CR4HFGLQ","https://m.media-amazon.com/images/I/712iuv2xHeL._SX450_.jpg","B0CR4HFGLQ","HALO Bolt Ultimate 2 Portable Car Battery Jump Starter | 130 PSI Air Compressor, 55.5Wh USB Power Bank with AC Outlet, Emergency Floodlight & Charger, Jumps Cars SUVs & Trucks, Inflates Tires — Rose","HALO","Amazon","Automotive",26935,645397941330,"N/A",0645397941330,"N/A","Jump Starters",151,159.99,-24,437,81,-72,76078.35,12906.77,648,4.7,"Amazon","N/A",1,0,"N/A","Large Standard-Size",4.41,6.65,11.54,4.21,"N/A","N/A","11/30/2025",26,6,5,0.67
"https://amazon.com/dp/B09B73SX6S","https://m.media-amazon.com/images/I/61NzhRbF4CL._SX450_.jpg","B09B73SX6S","LOKITHOR JA300 Jump Starter with Air Compressor, 1500Amp 12V Portable Car Battery Booster Pack for Upto 7.0L Gas or 4.5L Diesel, 150 PSI Tire Inflator with Digital Screen, 24 Months Ultra-Long Standby","LOKITHOR","FBA","Automotive",27075,889551112697,"N/A",0889551112697,"N/A","Jump Starters",152,99.97,-40,349,349,-39,30460.14,30458.42,1636,4.5,"LOKITHOR STORE","China",1,5961,-36,"Large Standard-Size",6.3,6.65,6.77,4.54,142.8,393.93,"11/30/2024",52,9,0,0.21
"https://amazon.com/dp/B07NRCDG31","https://m.media-amazon.com/images/I/71ujWPa5eEL._SX450_.jpg","B07NRCDG31","NOCO GBC017 Boost XL EVA Protection Case for GB50 UltraSafe Lithium Jump Starters","NOCO","Amazon","Automotive",27097,046221180169,00046221180169,1210000618160,"N/A","Jump Starters",161,24.95,282,337,337,318,8399.02,8398.92,4230,4.8,"Amazon","N/A",1,0,"N/A","Large Standard-Size",5.08,6.42,10.35,0.77,"N/A","N/A","06/30/2025",85,7,2,0.08
"https://amazon.com/dp/B09CPXRKLT","https://m.media-amazon.com/images/I/419UCoTeeBL._SX450_.jpg","B09CPXRKLT","GOOLOO GT4000 Arctic Jump Starter with -40℉ Pre-Heating Tech for Cold-Start,4000A 100W Two-Way Fast-Charging 12V SuperSafe Portable Battery Booster Pack,Jump Box for 10L Diesel and 12L Gas Engine","GOOLOO","FBA","Automotive",27542,"N/A","N/A","N/A","N/A","Jump Starters",154,109.98,-8,342,342,-66,54762.9,54762.77,589,4.5,"GOOLOO","China",1,5542,"N/A","Large Standard-Size",4.76,5,10,4.08,119.83,330.56,"11/30/2025",53,7,0,0.58
"https://amazon.com/dp/B0CR1YLKSZ","https://m.media-amazon.com/images/I/71KLESztGGL._SX450_.jpg","B0CR1YLKSZ","HALO Bolt Ultimate 2 Portable Car Battery Jump Starter | 130 PSI Air Compressor, 55.5Wh USB Power Bank with AC Outlet, Emergency Floodlight & Charger, Jumps Cars SUVs & Trucks, Inflates Tires — Black","HALO","Amazon","Automotive",27734,645397941293,"N/A",0645397941293,"N/A","Jump Starters",158,195.49,-29,437,41,-72,76078.35,8193.57,648,4.7,"Amazon","N/A",1,0,"N/A","Large Standard-Size",4.49,7.01,11.89,4.41,"N/A","N/A","11/30/2025",26,6,5,0.67
"https://amazon.com/dp/B0DJ3FSVFN","https://m.media-amazon.com/images/I/71WCnl+j4EL._SX450_.jpg","B0DJ3FSVFN","Bccxzm 15V 1A~1.5A Adapter Charger Charging Cable Cord for Peak 450A 500A 600A 800A 1000A Auto Battery Booster Jump Starter, Compatible Beatit,Tacklife,Gooloo & More Portable Car Jump Starter","Bccxzm","FBA","Automotive",27928,"N/A","N/A","N/A","N/A","Batteries & Accessories",643,8.59,-20,274,274,-48,2352.56,2352.43,113,4.5,"Bccxzm","China",1,3254,"N/A","Large Standard-Size",1.5,3.82,4.84,0.24,13.96,38.52,"12/31/2025",18,7,0,2.47
"https://amazon.com/dp/B0F6T4BHPB","https://m.media-amazon.com/images/I/719eaN9pvbL._SX450_.jpg","B0F6T4BHPB","ANFLAG 10-in-1 Car Jump Starter with Air Compressor, 8000A 160PSI Jump Starter Jump Box(All Gas/14L Diesel), PD65W Charging Battery Jumper Starter Portable Jumper Cable with 160W DC, Gloves, Lights","ANFLAG","FBA","Automotive",28072,"N/A","N/A","N/A","N/A","Jump Starters",157,99.99,55,670,670,-51,90176.46,90176.34,909,4.6,"Anflag Direct","China",3,0,"N/A","Large Standard-Size",6.46,9.92,10.98,4.63,354.26,977.27,"10/31/2025",7,6,0,0.75
"https://amazon.com/dp/B0CJ9GLLPQ","https://m.media-amazon.com/images/I/61VNy7B-XSL._SX450_.jpg","B0CJ9GLLPQ","Car Jumper Starter 4000A Battery Jump Starter Portable (Engine Up to 7.0L Gas / 5.5L Diesel) 12V, Car Battery Charger, LED Flashlight with USB Port (D01S, 4000A)","VoltSurge","FBA","Automotive",28565,"N/A","N/A","N/A","N/A","Batteries & Accessories",708,29.99,-7,185,123,,6004.22,3617.45,724,4.5,"VoltSurge","Hong Kong",1,0,"N/A","Large Standard-Size",1.93,8.15,10.67,1.54,84.45,232.97,"02/28/2026",9,7,2,0.26
"https://amazon.com/dp/B0GBWN9Y4F","https://m.media-amazon.com/images/I/71fGCwCcTTL._SX450_.jpg","B0GBWN9Y4F","Jump Starter with Air Compressor, 4000A Peak Portable Car Battery Jumper Starter with 150PSI Auto-Shutoff Tire Inflator, 12V Car Jump Box with LED Light&LED Display All Gas /10L Diesel,Motorcycle","Carropecas","FBA","Automotive",28604,"N/A","N/A","N/A","N/A","Batteries & Accessories",643,89.99,-19,123,123,,10043.36,10042.17,22,4.4,"YiwangSky","China",1,0,"N/A","Large Standard-Size",4.25,4.5,7.5,2.2,72.22,199.22,"02/28/2026",1,11,0,6.14
"https://amazon.com/dp/B07DWSYYZR","https://m.media-amazon.com/images/I/714QvQBL0+L._SX450_.jpg","B07DWSYYZR","DBPOWER 5000A/80.66Wh Portable Car Jump Starter (UP to 8.0L Gas/6.5L Diesel Engines) 12V Auto Lithium-Ion Battery Booster with Smart Clamp Cables, Quick Charge, and LED, Storage Bag","DBPOWER","FBA","Automotive",28791,"N/A","N/A","N/A","N/A","Jump Starters",158,69.99,"N/A",374,374,,22109.55,22105.76,11490,4.5,"Cocohop","China",5,0,"N/A","Large Standard-Size",3.7,4.8,9.21,2.06,82.35,227.18,"02/28/2026",87,7,2,0.03
"https://amazon.com/dp/B0FL7MNDGF","https://m.media-amazon.com/images/I/81frqD3SDpL._SX450_.jpg","B0FL7MNDGF","8000A Car Battery Jump Starter for All Gas/Diesel,12V/24V Intelligent Car Jumper Starter Battery Pack, Heavy Duty Portable Jump Box Power Pack with LED Light","FlyAuto","FBA","Automotive",28821,641837576285,"N/A",0641837576285,"N/A","Batteries & Accessories",645,239.99,-19,186,186,,44285.14,44284.54,313,4.3,"FlyAutoElectric","China",1,0,"N/A","Large bulky",8.37,11.31,11.37,7.7,348.81,872.03,"02/28/2026",7,7,3,0.59
"https://amazon.com/dp/B0GRDCZW34","https://m.media-amazon.com/images/I/718d50UqgJL._SX450_.jpg","B0GRDCZW34","F6 Jump Starter with Air Compressor, Battery Jumper Starter Portable for Car","FUNLAUD","FBA","Automotive",28896,"N/A","N/A","N/A","N/A","Batteries & Accessories",642,59.98,"N/A",187,0,,17173.03,"-",62,4.8,"FUNLAUD-US","China",0,0,"N/A","N/A","N/A","N/A","N/A","N/A","N/A","N/A","02/28/2026",0,7,2,3.17
"https://amazon.com/dp/B0DNMXF35J","https://m.media-amazon.com/images/I/71x60r0RxkL._SX450_.jpg","B0DNMXF35J","osaiv Jump Starter with Air Compressor, 3000A Car Battery Jump Box for 8.5 Gas/6.5L Diesel Vehicles, 150PSI Tire Inflator Auto-Shutoff, 10 Safety Modes, 3-Mode Emergency Light","osaiv","FBA","Automotive",28908,"N/A","N/A","N/A","N/A","Batteries & Accessories",648,57.99,-35,177,177,-37,9663.54,9663.37,223,4.4,"OSAIVDirect","China",2,4267,"N/A","Large Standard-Size",4.37,6.61,8.82,2.76,128.27,353.85,"07/31/2025",14,8,2,0.79
"https://amazon.com/dp/B0DPRZ8KKP","https://m.media-amazon.com/images/I/61chg6YqaNL._SX450_.jpg","B0DPRZ8KKP","for NOCO Boost Jump Starter Battery Charger Compatible with NOCO GB70 GB150 GB250+ GB251+ GB500 GB500+ Genius 56W 14V Power Cord Adapter","XZGm","FBA","Automotive",29040,"N/A","N/A","N/A","N/A","Batteries & Accessories",661,16.99,-22,228,176,41,3808.74,2984.86,24,4.2,"XZGM","China",1,0,"N/A","Large Standard-Size",1.73,4.8,6.38,0.73,26.67,73.58,"02/28/2026",15,7,3,9.5
"https://amazon.com/dp/B0F58C6XWF","https://m.media-amazon.com/images/I/61thzd2+FjL._SX450_.jpg","B0F58C6XWF","6000A Car Jump Starter, Battery Jumper Starter Portable 12V Jump Box for Up to 7.0L Gas & 5.5L Diesel Engines, Car Battery Charger with LCD Display, LED Flashlight & Battery Booster Cable","VoltSurge","FBA","Automotive",29456,"N/A","N/A","N/A","N/A","Jump Starters",166,39.99,-30,185,62,,6004.22,2385.22,725,4.5,"VoltSurge","Hong Kong",4,0,"N/A","Large Standard-Size",1.93,8.15,10.71,1.52,84.82,233.98,"02/28/2026",9,6,2,0.26
"https://amazon.com/dp/B0D7ZV2PD7","https://m.media-amazon.com/images/I/71h0YXzWbiL._SX450_.jpg","B0D7ZV2PD7","4500A Car Jump Starter with Air Compressor, Portable Battery Charger Jumpstart 12V Vehicle, Power Pack with 150PSI Tire Inflator for 9.0L Gas/7.5L Diesel Engines Jump Box with Light and Jumper Cable","Pabulumㅤ","FBA","Automotive",29583,"N/A","N/A","N/A","N/A","Batteries & Accessories",671,79.99,-31,411,411,-39,29969.12,29966.19,305,4.7,"HMDZ1","China",1,5557,"N/A","Large Standard-Size",6.61,8.35,10.16,3,282.33,778.84,"11/30/2025",20,6,2,1.35
"https://amazon.com/dp/B0F7QJQYBS","https://m.media-amazon.com/images/I/61EwBk8DqSL._SX450_.jpg","B0F7QJQYBS","Smart Jump Starter Clamps,EC5 Heavy Duty Jump Starter Automotive Booster Clamp Cables Replacement Alligator Clamps with Intelligent","DY Power Sun","FBA","Automotive",29769,761946095450,"N/A",0761946095450,"N/A","Batteries & Accessories",677,13.88,-7,218,22,-58,3673.03,292.73,8,4.6,"D&Y Lumosun","China",1,0,"N/A","Large Standard-Size",5.51,3.94,1.77,0.5,19.35,53.37,"12/31/2025",9,8,3,27.22
"https://amazon.com/dp/B0D3X1FR59","https://m.media-amazon.com/images/I/81VSiEK9hNL._SX450_.jpg","B0D3X1FR59","TREKURE 8-in-1 Jump Starter with Air Compressor 6000A 150PSI Portable Car Battery Jump Starter (All Gas/10L Diesel), 12V Jump Box Car Battery Jumper Starter Portable with Jumper Cables, Lights","TREKURE","FBA","Automotive",30128,"N/A","N/A",6942129813878,"N/A","Jump Starters",161,81.89,-20,362,362,-55,28154.92,28151.28,979,4.7,"Sherlick","N/A",3,8064,"N/A","Large Standard-Size",4.84,6.42,9.37,3.51,146.59,404.38,"12/31/2024",20,6,0,0.37
"https://amazon.com/dp/B09P9NYK7M","https://m.media-amazon.com/images/I/41x7eOtoljL._SX450_.jpg","B09P9NYK7M","NOCO GBC103 Boost X EVA Protection Case for GBX75 UltraSafe Lithium Jump Starters","NOCO","Amazon","Automotive",30640,046221210064,00046221210064,1210000621061,"N/A","Jump Starters",170,34.95,41,322,322,552,11780.82,11780.36,837,4.8,"Amazon","N/A",1,0,"N/A","Large Standard-Size",5.47,8.98,12.64,1.41,"N/A","N/A","06/30/2025",51,7,2,0.39
"https://amazon.com/dp/B0DFHB3GBS","https://m.media-amazon.com/images/I/51TE1cUalCL._SX450_.jpg","B0DFHB3GBS","Car Jump Starter with Air Compressor, VoltSurge 6000A Peak 12V Battery Jumper Starter Portable Booster Pack, 150PSI Safe Jump Box with LED Light(Up to 10L Gas/8L Diesel Engine)","VoltSurge","FBA","Automotive",30677,"N/A","N/A","N/A","N/A","Batteries & Accessories",693,59.99,-20,149,33,-60,5745.9,2092.84,502,4.6,"OneChian","China",3,1399,"N/A","Large Standard-Size",4.96,6.73,9.96,3.59,167.39,461.77,"06/30/2024",17,7,8,0.3
"https://amazon.com/dp/B0CJ9GGW92","https://m.media-amazon.com/images/I/61HVSpPRVzL._SX450_.jpg","B0CJ9GGW92","4000A Portable Jump Starter for Car, 12V Jump Box for Engine Max 7.0L Gas/5.5L Diese, Jumper Starter Battery Charger Pack with LED Flashlight & USB Port","VoltSurge","FBA","Automotive",30677,"N/A","N/A","N/A","N/A","Batteries & Accessories",693,27.99,-9,149,116,-60,5745.9,3652.08,501,4.6,"VoltSurge","Hong Kong",2,1399,"N/A","Large Standard-Size",2.01,8.15,10.79,1.59,88.99,245.49,"06/30/2024",14,7,8,0.3
"https://amazon.com/dp/B0756QSKDN","https://m.media-amazon.com/images/I/71iY-wDE9gL._SX450_.jpg","B0756QSKDN","Schumacher Electric DSR Pro 1800A Heavy-Duty Car Battery Jump Starter and Portable Power Station, Professional Grade, 12V DC Charging, for 12V Automotive and Marine Batteries, DSR119","Schumacher Electric","Amazon","Automotive",30993,026666420860,00026666420860,0026666420860,"N/A","Jump Starters",174,109.99,-14,214,214,-9,23750.34,23748.1,934,4.5,"Amazon","N/A",2,2927,7,"Large bulky",8.8,12.5,12.6,19.49,"N/A","N/A","06/30/2024",103,8,1,0.23
"https://amazon.com/dp/B0DTHJ4QQN","https://m.media-amazon.com/images/I/51qGIsArN0L._SX450_.jpg","B0DTHJ4QQN","TREKURE 16-in-1 Car Jump Starter with Air Compressor 160PSI, 8000A Jump Starter Jump Box (All Gas 12L Diesel), Jumper Cables Jumper Starter Portable with Car Roadside Emergency Kit, Gloves, Lights","TREKURE","FBA","Automotive",31886,"N/A","N/A",6942078420721,"N/A","Jump Starters",166,96.32,-10,961,961,-39,131704.2,131702.53,927,4.6,"KAClCAL","China",1,0,"N/A","Large Standard-Size",4.09,9.69,12.48,5.58,249.02,686.96,"11/30/2025",9,6,0,1.04
"https://amazon.com/dp/B083JQQTSQ","https://m.media-amazon.com/images/I/71R8Y4wsBaL._SX450_.jpg","B083JQQTSQ","1800 Amp Jump Starter with Air Compressor, acetek Car Battery Jump Starter 260 PSI Tire Inflator, 20000mAh 12V Auto Lead-Acid Battery Booster (Up to 6L Gas or 6L Diesel Engine) with LED Light & USB","acetek","FBA","Automotive",31983,199874588599,00199874588599,6430745728749,"N/A","Jump Starters",175,129.99,-81,154,72,,18456.14,8925.99,752,4.3,"Acetek","China",3,0,"N/A","Large Standard-Size",7.6,10.75,11.81,17.13,485.79,1340.11,"02/28/2026",74,6,2,0.21
"https://amazon.com/dp/B0FGX9HH8K","https://m.media-amazon.com/images/I/61YJMBL4JuL._SX450_.jpg","B0FGX9HH8K","VTOMAN X3 Jump Starter with Air Compressor, 3500A Portable Car Battery Jumper Starter (9L Gas/8.5L Diesel Engines) with 160PSI Auto-Shutoff Tire Inflator, 12V Lithium Battery Booster Pack, Jump Box","VTOMAN","FBA","Automotive",32006,"N/A","N/A","N/A","N/A","Batteries & Accessories",712,69.99,-39,427,350,,36281.28,29986.76,119,4.6,"VTOMAN","China",1,0,"N/A","Large Standard-Size",5.08,7.87,8.74,3.31,175.92,485.31,"01/31/2026",6,9,2,3.71
"https://amazon.com/dp/B0FGXM2JVB","https://m.media-amazon.com/images/I/71f7C5uiJUL._SX450_.jpg","B0FGXM2JVB","VTOMAN X3 Jump Starter with Air Compressor, 3500A Portable Car Battery Jumper Starter (9L Gas/8.5L Diesel Engines) with 160PSI Auto-Shutoff Tire Inflator, 12V Lithium Battery Booster Pack, Jump Box","VTOMAN","FBA","Automotive",32006,"N/A","N/A","N/A","N/A","Batteries & Accessories",712,69.99,-39,427,77,,36281.28,6290.56,119,4.6,"VTOMAN","China",1,0,"N/A","Large Standard-Size",4.76,5.08,8.7,3.33,105.92,292.18,"01/31/2026",6,9,2,3.71
"https://amazon.com/dp/B0DQTT9WW7","https://m.media-amazon.com/images/I/713NR5b0Q4L._SX450_.jpg","B0DQTT9WW7","Jump Starter with Air Compressor, 5500A Car Battery Charger Power Jump Box Start 12V Vehicles(Up to 9.0L Gas&7.5L Diesel Engines) Portable Car Booster Jumper Pack Combo150 PSI Tire Inflator","Featou","FBA","Automotive",32106,"N/A","N/A","N/A","N/A","Batteries & Accessories",703,89.99,-16,375,375,-27,31188.74,31185.96,216,4.6,"Topcar1","China",1,0,"N/A","Large Standard-Size",4.25,5.28,8.98,2.84,101.46,279.88,"11/30/2025",11,7,2,1.74
"https://amazon.com/dp/B0DNZCMS1G","https://m.media-amazon.com/images/I/71fP85G3wXL._SX450_.jpg","B0DNZCMS1G","Jump Starter with Air Compressor, 5 in 1 Functional Jump Box 5500A Peak Power Pack with 150PSI Digital Tire Inflator, Portable Car Charger Jumper for 9.0L Gas or 7.5L Diesel","Featou","FBA","Automotive",32581,"N/A","N/A","N/A","N/A","Jump Starters",179,89.99,-8,383,63,-64,30681.73,5135.68,850,4.4,"Topcar1","China",1,0,"N/A","Large Standard-Size",4.41,5.95,9.42,3,124.45,343.3,"11/30/2025",3,7,3,0.45
"https://amazon.com/dp/B0FCYDRBD1","https://m.media-amazon.com/images/I/7156RwPBRFL._SX450_.jpg","B0FCYDRBD1","BOOKOO Portable Car Jump Starter, 4500A Car Battery Jump Starter for Upto 10L Gas and 8L Diesel Engines,12V Jump Box with Jumper Cables,USB QC3.0,LED Light","BooKoo","FBA","Automotive",32805,717121884340,"N/A",0717121884340,"N/A","Jump Starters",178,49.99,"N/A",0,0,,"-","-",1084,4.5,"BOOKOO","China",1,0,"N/A","Large Standard-Size",4.09,8.82,9.13,1.9,166.05,458.07,"-",2,7,5,0
"https://amazon.com/dp/B0FD8K759K","https://m.media-amazon.com/images/I/51iBhtfbjUL._SX450_.jpg","B0FD8K759K","AVAPOW TJ18 5000A Battery Jump Starter Portable with 4"" HD Display PD 18W Fast Charging,12V Jump Box, Car Battery Jump Starter for 8.0L Gas & Diesel Engines","AVAPOW","FBA","Automotive",32849,"N/A","N/A","N/A","N/A","Jump Starters",174,179.99,-20,502,80,21,137862.18,13536.04,189,4.7,"AVAPOW Direct","China",1,0,"N/A","Large Standard-Size",4.76,6.22,9.92,3.11,147.87,407.92,"11/30/2025",6,9,2,2.65
"https://amazon.com/dp/B0FNMQW7XT","https://m.media-amazon.com/images/I/51Um6Wwe2fL._SX450_.jpg","B0FNMQW7XT","Jump Starter with Air Compressor, 8000A 150PSI Battery Jumper Starter Portable Tire Inflator Pump, 12V Jump Box Car Battery Jump Starter with Smart Jumper Cables, LED Light, LCD Display","EDOMOL","FBA","Automotive",32860,724990851069,"N/A",0724990851069,"N/A","Batteries & Accessories",731,45.99,-30,440,440,152,15325.9,15325.64,65,4.2,"Sanjiaoyu","China",1,0,"N/A","Large Standard-Size",4.57,5,9.25,2.67,106.42,293.56,"02/28/2026",6,6,0,7.45
"https://amazon.com/dp/B0DNRJB6HF","https://m.media-amazon.com/images/I/81Wr2N2RdyL._SX450_.jpg","B0DNRJB6HF","Armor All Car Jump Starter Emergency Power Bank Kit, 800 Amp Peak, 2.4 Amp Phone Charge USB Port, LED Light, Strobe, SOS, Overcharge & Discharge Protection, 7200mAh, For Cars Trucks Motorcycles & More","Armor All","FBM","Automotive",32902,805106801922,"N/A",0805106801922,"N/A","Batteries & Accessories",723,41.99,"N/A",0,0,,"-","-","N/A","N/A","AllTech 365","USA",2,0,"N/A","Large Standard-Size",5.5,8.9,3.75,1.8,"N/A","N/A","12/31/2024",16,9,0,"N/A"
"https://amazon.com/dp/B0FG7X2SKT","https://m.media-amazon.com/images/I/71lc35+wipL._SX450_.jpg","B0FG7X2SKT","Jump Starter with Air Compressor 150PSI, Upgraded 2200A Peak 6 in 1 Portable Car Battery Booster, 12V Jump Box with 400W Inverter & AC/DC/USB Ports, for Up to 8.5L Gas/8.0L Diesel Engine","FlyAuto","FBA","Automotive",33320,641837576230,"N/A",0641837576230,"N/A","Batteries & Accessories",1160,179.99,-4,107,105,-77,17936.99,18460.29,19,4.5,"FlyAutoElectric","China",1,3100,"N/A","Large bulky",9.7,12.7,13,20.3,518.99,1297.49,"11/30/2025",5,7,3,5.65
"https://amazon.com/dp/B09P9ZM86Q","https://m.media-amazon.com/images/I/81tLCbvaSPL._SX450_.jpg","B09P9ZM86Q","NOCO GBC102 Boost X EVA Protection Case for GBX55 UltraSafe Lithium Jump Starters","NOCO","Amazon","Automotive",33423,046221210057,00046221210057,1210000621054,"N/A","Jump Starters",179,29.95,-27,262,262,-46,7852.74,7852.62,706,4.8,"Amazon","N/A",1,0,"N/A","Large Standard-Size",5.2,8.86,12.32,1.15,"N/A","N/A","11/30/2025",51,7,2,0.37
"https://amazon.com/dp/B0DXDYN6RT","https://m.media-amazon.com/images/I/81BE3oAfypL._SX450_.jpg","B0DXDYN6RT","Aenllosi for HULKMAN Alpha85/Alpha85S/Alpha Pro Jump Starter Hard Carrying Case, Black+Blue (Case Only)","Aenllosi","FBA","Automotive",33612,"N/A","N/A","N/A","N/A","Batteries & Accessories",1911,20.99,-9,209,8,-49,4044.51,167.66,703,4.6,"Aenllosi","China",1,3450,7,"Large Standard-Size",10.2,4.72,4.33,0.22,104.96,289.53,"12/31/2024",13,9,6,0.3
"https://amazon.com/dp/B0DXDXHRWV","https://m.media-amazon.com/images/I/81aixkb1xML._SX450_.jpg","B0DXDXHRWV","Aenllosi for HULKMAN Alpha85/Alpha85S/Alpha Pro Jump Starter Hard Carrying Case, Black+Green (Case Only)","Aenllosi","FBA","Automotive",33618,"N/A","N/A","N/A","N/A","Batteries & Accessories",1911,19.99,-6,209,16,-49,4044.51,318.53,703,4.6,"Aenllosi","China",1,3450,7,"Large Standard-Size",5.83,5.98,10.91,0.68,191.5,528.28,"12/31/2024",13,9,6,0.3
"https://amazon.com/dp/B0GG8J9ZT2","https://m.media-amazon.com/images/I/71vcanBQdrL._SX450_.jpg","B0GG8J9ZT2","ANCEL BS200 Super Starter - Permanent Connected Starting System with Super Capacitor, Ultra-Safe Car Battery Jump Starter & Health Monitor, -40℉~176℉ Proactive Jump Box for 3.0L Vehicles","ANCEL","FBA","Automotive",34215,"N/A","N/A","N/A","N/A","Batteries & Accessories",740,199.99,-19,607,607,,112138.18,112136.34,132,4.6,"Lemoge","China",1,0,"N/A","Large Standard-Size",2.64,8.66,10.94,0.04,125.93,347.38,"02/28/2026",2,9,0,4.6
"https://amazon.com/dp/B09Y78659L","https://m.media-amazon.com/images/I/41Fa7h4jpRL._SX450_.jpg","B09Y78659L","DeWalt DXAELJ16 1600 Peak Amp Jump Starter Battery Booster with USB Power Station","DEWALT","Amazon","Automotive",34533,814632015116,00814632015116,0814632015116,"N/A","Batteries & Accessories",759,107.66,4,236,185,-87,30383.93,20355.73,797,4.3,"Amazon","N/A",3,0,"N/A","Large Standard-Size",4.41,6.18,11.02,2.4,"N/A","N/A","11/30/2025",32,6,2,0.3
"https://amazon.com/dp/B0F1TNX9VR","https://m.media-amazon.com/images/I/71BDPUewLoL._SX450_.jpg","B0F1TNX9VR","PJS06 3000A Car Jump Starter, Portable 12V Battery Booster with Voltage Detection, Built-in Protection, and LED Warning Light for 10L Gas and 8L Diesel Engines","SAFEMATE","FBA","Automotive",34591,723884697851,"N/A",0723884697851,"N/A","Jump Starters",198,39.97,"N/A",205,0,,7030.52,"-",42,4,"SAFEMATE","China",0,0,"N/A","Large Standard-Size",1,1,1,1.34,0.5,1.39,"02/28/2026",9,9,4,4.87
"https://amazon.com/dp/B08V6MJ2NR","https://m.media-amazon.com/images/I/410moLw+2KS._SX450_.jpg","B08V6MJ2NR","NOCO Boost Max GB250: 5250A UltraSafe Jump Starter – 12V Lithium Battery Booster Pack, Portable Jump Box, Power Bank & Jumper Cables - for 16L Gas and Diesel Engines","NOCO","Amazon","Automotive",34599,046221190403,00046221190403,1210000619402,"N/A","Jump Starters",183,1199.95,-14,188,188,-59,215717.01,215715,208,4.7,"Amazon","N/A",1,3152,431,"Large bulky",10,14,19.5,21.3,"N/A","N/A","11/30/2025",62,8,0,0.9
"https://amazon.com/dp/B0F59885QX","https://m.media-amazon.com/images/I/71yp-nxkfxL._SX450_.jpg","B0F59885QX","Car Battery Jump Starter with Air Compressor - 4500A 150PSI Portable Car Jump Starters (All Gas/10L Diesel) with Tire Inflator, 12V Car Battery Jump Box with Jumper Cables, LCD Display, LED Light","KOLTGOO","FBA","Automotive",34634,654403010793,"N/A",0654403010793,"N/A","Jump Starters",183,59.96,-19,284,284,-95,22105.01,22102.07,219,4.4,"aosuntech","China",1,0,"N/A","Large Standard-Size",3.7,6.85,8.11,2.45,103.49,285.48,"11/30/2025",9,8,3,1.3
"https://amazon.com/dp/B0FS8NND9F","https://m.media-amazon.com/images/I/51bF6rXttcL._SX450_.jpg","B0FS8NND9F","Car Battery Jump Starter with Air Compressor - 4500A Battery Jumper Starter Portable (9.0 Gas/8.0L Diesel) with 150PSI Tire Inflator, 12V Car Jump Box with Jumper Cables, LED Light, LCD Display","KOLTGOO","-","Automotive",34779,654403011929,"N/A",0654403011929,"N/A","Batteries & Accessories",2511,53.97,"N/A",295,0,-99,23460.39,"-","N/A","N/A",,"N/A",1,0,"N/A","Large Standard-Size",3.7,6.97,8.15,2.34,"N/A","N/A","11/30/2025","-","N/A",3,"N/A"
"https://amazon.com/dp/B0GF265QJX","https://m.media-amazon.com/images/I/71GLc5UEVTL._SX450_.jpg","B0GF265QJX","6000A Car Battery Jump Starter with 160 PSI Air Compressor, Battery Jumper Starter Tire Inflator Portable, Battery Charger, LED Display for 10L Diesel All Cars Engines, Jumper Cables and Light","Soulor","FBA","Automotive",35197,"N/A","N/A","N/A","N/A","Batteries & Accessories",769,99.99,-147,56,56,,4956.88,4956.3,24,4.6,"NLHK-Direct","N/A",1,0,"N/A","Large Standard-Size",3.82,6.14,8.35,2.31,98.56,271.89,"02/28/2026",0,9,0,3.73
"https://amazon.com/dp/B0C1SBXT8V","https://m.media-amazon.com/images/I/71D5ZZkm5bL._SX450_.jpg","B0C1SBXT8V","ASPERX Car Jump Starter, 2000A Peak Battery Jump Starter for Up to 7.0L Gas or 5.5L Diesel Engine, 12V Portable Battery Starter Power Pack with 1.4 INCH LCD Display","AsperX","FBA","Automotive",35382,"N/A","N/A","N/A","N/A","Jump Starters",182,49.99,-9,464,174,-46,21851.01,8683.38,1551,4.4,"JIAHONGJING","China",3,8688,"N/A","Large Standard-Size",3.7,4.8,7.76,1.7,69.39,191.41,"11/30/2025",35,7,5,0.3
"https://amazon.com/dp/B0D9VZ5JXV","https://m.media-amazon.com/images/I/71YV-Be9MVL._SX450_.jpg","B0D9VZ5JXV","ASPERX Car Jump Starter, 4000A Peak Battery Starter for All Gas or 10.0L Diesel Engines, 12V Battery Starter, Jump Box with USBA, Lithium Battery Booster with Built-in LED Light","AsperX","FBA","Automotive",35399,"N/A","N/A","N/A","N/A","Batteries & Accessories",1128,49.99,-25,434,247,-52,20391.88,10626.32,79,4.6,"JIAHONGJING","China",2,8668,421,"Large Standard-Size",4.29,5,9.92,2.38,107.13,295.53,"11/30/2025",17,8,5,5.49
"https://amazon.com/dp/B0D7C6JTJ1","https://m.media-amazon.com/images/I/71NGOXoyW5L._SX450_.jpg","B0D7C6JTJ1","12V DC Power Cord for EverStart Maxx Jump Starter Battery Charger Compatible with Ever Start Max J7CCE J7CE 800A 800 Peak Amps Battery Car Jump Starter 120 PSI Air Compressor 3.1A USB Power LED Camo","XHUCHINMAL","FBA","Automotive",35454,"N/A","N/A","N/A","N/A","Batteries & Accessories",781,10.96,-33,224,224,-49,2572.57,2570.25,96,4.6,"MTYKJ","China",1,2871,"N/A","Large Standard-Size",1.85,2.76,3.86,0.18,9.92,27.37,"12/31/2025",19,7,0,2.38
"https://amazon.com/dp/B0FBWLKVFC","https://m.media-amazon.com/images/I/71zFTzmHlsL._SX450_.jpg","B0FBWLKVFC","Battery Jumper Starter Portable, 2500A (12V) - Portable Booster Pack with Voltage Detection & Protection for Gas/Diesel (Up to 8.0L/6.5L)","SAFEMATE","FBA","Automotive",35953,782765688739,"N/A",0782765688739,"N/A","Batteries & Accessories",793,49.98,-2,700,651,,32946.72,31398.58,103,4.7,"SAFEMATE","China",1,0,"N/A","Large Standard-Size",3.43,5.04,8.54,2.2,74.33,205.05,"02/28/2026",8,9,2,6.8
"https://amazon.com/dp/B0F8HLJM6Q","https://m.media-amazon.com/images/I/71fnQdcCo9L._SX450_.jpg","B0F8HLJM6Q","Battery Jumper Starter Portable, 6000A (12V) - Portable Booster Pack with Voltage Detection & Protection for Gas/Diesel (Up to All / 12L)","SAFEMATE","FBA","Automotive",35953,723884697967,"N/A",0723884697967,"N/A","Batteries & Accessories",793,36.98,-69,700,106,,32946.72,4527.65,14,3.9,"SAFEMATE","China",1,0,"N/A","Large Standard-Size",3.78,8.11,10.2,3.55,157.43,434.29,"02/28/2026",9,9,2,49.99
"https://amazon.com/dp/B0FFN4XSZR","https://m.media-amazon.com/images/I/71nKEy9CP0L._SX450_.jpg","B0FFN4XSZR","YESPER Jump Starter with Air Compressor 2000A 150PSI Battery Jumper Starter Portable(8L Gas/6L Diesel), 12V Car Jump Pack Battery Charger Jump Box with Jumper Cables, LCD Display, Lights(Grey)","YESPER","FBA","Automotive",36239,"N/A","N/A","N/A","N/A","Batteries & Accessories",775,59.99,-48,527,69,-33,30841.97,4011.2,325,4.3,"YESPER DIRECT","China",1,0,"N/A","Large Standard-Size",2.44,8.47,9.92,2.41,103.22,284.74,"11/30/2025",5,9,3,1.62
"https://amazon.com/dp/B0FKTDNZHK","https://m.media-amazon.com/images/I/71Bujogk7vL._SX450_.jpg","B0FKTDNZHK","Jump Starter with Air Compressor, 4000A Portable Car Battery Charger Jump Box, 150PSI Tire Inflator and Battery Jumper Pack for 12V Vehicle, Jumper Starter Power Booster, Roadside Emergency Kit","RICWIT","FBA","Automotive",36266,"N/A","N/A","N/A","N/A","Batteries & Accessories",795,74.99,"N/A",7,7,,510.33,510.25,70,4.5,"HK-PBL","Hong Kong",1,0,"N/A","Large Standard-Size",4.45,5.63,8.94,2.69,112.77,311.08,"03/31/2026",6,7,2,0.1
"https://amazon.com/dp/B0F71LVTM4","https://m.media-amazon.com/images/I/711JZ5y0CIL._SX450_.jpg","B0F71LVTM4","HALO Bolt Ultimate 3 Portable Car Battery Jump Starter | 130 PSI Air Compressor, 55.5Wh USB Power Bank, Large Display, Emergency Floodlight & Charger, Jumps Cars SUVs & Trucks, Inflates Tires — Specks","HALO","Amazon","Automotive",36343,044435921943,"N/A",0044435921943,"N/A","Jump Starters",188,189.52,-300,3,0,,684.93,"-",103,4.6,"Amazon","N/A",1,0,"N/A","Large Standard-Size",4.41,6.81,11.5,4.3,"N/A","N/A","03/31/2026",9,8,12,0.03
"https://amazon.com/dp/B0F49VVFTT","https://m.media-amazon.com/images/I/71mVIfVNN9L._SX450_.jpg","B0F49VVFTT","Halo Bolt Ultimate 3 Portable Car Battery Jump Starter | 130 PSI Air Compressor, 55.5Wh USB Power Bank, Large Display, Emergency Floodlight & Charger, Jumps Cars SUVs & Trucks, Inflates Tires — Black","HALO","Amazon","Automotive",36343,044435919773,"N/A",0044435919773,"N/A","Batteries & Accessories",1205,209.99,-150,3,2,,684.93,452.1,103,4.6,"Amazon","N/A",1,0,"N/A","Large Standard-Size",4.88,6.97,11.89,4.56,"N/A","N/A","03/31/2026",11,6,12,0.03
"https://amazon.com/dp/B0F4B1SZ5D","https://m.media-amazon.com/images/I/41KZKfXBYbL._SX450_.jpg","B0F4B1SZ5D","Halo Bolt Ultimate 3 Portable Car Battery Jump Starter | 130 PSI Air Compressor, 55.5Wh USB Power Bank, Large Display, Emergency Floodlight & Charger, Jumps Cars SUVs & Trucks, Inflates Tires — Pink","HALO","Amazon","Automotive",36360,044435919834,"N/A",0044435919834,"N/A","Batteries & Accessories",1205,209.99,-150,3,1,,684.93,110.43,103,4.6,"Amazon","N/A",1,0,"N/A","Large Standard-Size",4.29,7.4,11.81,4.32,"N/A","N/A","03/31/2026",10,7,12,0.03
"https://amazon.com/dp/B0F49GZM14","https://m.media-amazon.com/images/I/71NXdR+X5+L._SX450_.jpg","B0F49GZM14","HALO Bolt Ultimate 3 Portable Car Battery Jump Starter | 130 PSI Air Compressor, 55.5Wh USB Power Bank, Large Display, Emergency Floodlight & Charger, Jumps Cars SUVs & Trucks, Inflates Tires — Purple","HALO","Amazon","Automotive",36360,044435919827,"N/A",0044435919827,"N/A","Batteries & Accessories",1205,209.99,"N/A",3,0,,684.93,"-",103,4.6,"Amazon","N/A",1,0,"N/A","Large Standard-Size",4.61,6.97,11.93,4.54,"N/A","N/A","03/31/2026",10,7,12,0.03
"https://amazon.com/dp/B0DHZW3DY6","https://m.media-amazon.com/images/I/71A3HcyS7TL._SX450_.jpg","B0DHZW3DY6","Jump Starter with Air Compressor, 7000A 26800mAh 150PSI Portable Car Battery Jump Starter (All Gas/10.0L Diesel), Jump Box Portable Jumper Cables with 3.4"" LCD Display, 2 Lights","BSMOOM","FBA","Automotive",36501,764965115406,"N/A",0764965115406,"N/A","Batteries & Accessories",806,60.79,-34,182,145,,10674.54,9211.03,177,4.5,"ManChiGu US Inc","China",2,0,"N/A","Large Standard-Size",4.88,6.54,10.28,3.17,165.18,455.68,"02/28/2026",17,7,2,1.03
"https://amazon.com/dp/B0F49GZM11","https://m.media-amazon.com/images/I/41p0e1ymuCL._SX450_.jpg","B0F49GZM11","Halo Bolt Ultimate 3 Portable Car Battery Jump Starter | 130 PSI Air Compressor, 55.5Wh USB Power Bank, Large Display, Emergency Floodlight & Charger, Jumps Cars SUVs & Trucks, Inflates Tires — Green","HALO","Amazon","Automotive",36538,044435919803,"N/A",0044435919803,"N/A","Batteries & Accessories",1248,209.99,-150,3,1,,684.93,105.43,103,4.6,"Amazon","N/A",1,0,"N/A","Large Standard-Size",4.65,6.89,12.01,4.57,"N/A","N/A","03/31/2026",10,7,12,0.03
"https://amazon.com/dp/B0F49HC2Y9","https://m.media-amazon.com/images/I/81tXESUqsWL._SX450_.jpg","B0F49HC2Y9","HALO Bolt Ultimate 3 Portable Car Battery Jump Starter | 130 PSI Air Compressor, 55.5Wh USB Power Bank, Large Display, Emergency Floodlight & Charger, Jumps Cars SUVs & Trucks, Inflates Tires — Cobalt","HALO","Amazon","Automotive",36686,044435919780,"N/A",0044435919780,"N/A","Batteries & Accessories",1248,199.49,-150,3,0,,684.93,"-",103,4.6,"Amazon","N/A",2,0,"N/A","Large Standard-Size",4.69,9.29,11.85,4.45,"N/A","N/A","03/31/2026",9,7,12,0.03
"https://amazon.com/dp/B0F49FY5RV","https://m.media-amazon.com/images/I/81T4vBwNLXL._SX450_.jpg","B0F49FY5RV","Halo Bolt Ultimate 3 Portable Car Battery Jump Starter | 130 PSI Air Compressor, 55.5Wh USB Power Bank, Large Display, Emergency Floodlight & Charger, Jumps Cars SUVs & Trucks, Inflates Tires — Grey","HALO","Amazon","Automotive",36690,044435919797,"N/A",0044435919797,"N/A","Jump Starters",191,209.99,"N/A",3,0,,684.93,"-",103,4.6,"Amazon","N/A",1,0,"N/A","Large Standard-Size",4.53,6.97,11.93,4.59,"N/A","N/A","03/31/2026",10,7,12,0.03
"https://amazon.com/dp/B0FR8DFN67","https://m.media-amazon.com/images/I/81l2Rqmm3mL._SX450_.jpg","B0FR8DFN67","ANFLAG Car Jump Starter with Air Compressor 160PSI, 7000A Car Battery Jumper Starter Portable 12V Jump Box(All Gas/12L Diesel), Cordless Tire Inlfator, 26800mAh Powerbank, Led Lights, Safety Hammer","ANFLAG","FBA","Automotive",36813,"N/A","N/A","N/A","N/A","Jump Starters",191,89.99,2,314,777,1,34453.62,99483.92,407,4.7,"Anflag Direct","China",3,0,"N/A","Large Standard-Size",5.2,5.67,9.72,3.75,144.25,397.92,"12/31/2025",4,6,0,0.77
"https://amazon.com/dp/B0CS672V6B","https://m.media-amazon.com/images/I/81VG5p931zL._SX450_.jpg","B0CS672V6B","PAIYULE Case for NEXPOW T11F, Case with Detachable Foam for NEXPOW Q10S for AstroAI S8 for BIUBLE for BUTURE Car Jump Starter, Portable Holder for Jump Start Battery Power Pack(Box ONLY)","PAIYULE","FBA","Automotive",37188,"N/A","N/A","N/A","N/A","Batteries & Accessories",822,14.99,-18,146,146,-20,2185.57,2183.97,205,4.6,"PAIYULE","China",1,1576,-14,"Large Standard-Size",3.9,5.63,8.9,0.46,98.39,271.41,"12/31/2024",26,7,1,0.71
"https://amazon.com/dp/B0G12X75P7","https://m.media-amazon.com/images/I/71qy2kZwNkL._SX450_.jpg","B0G12X75P7","Dyeetic 7000A Jump Starter, 12V Car Battery Booster Pack(All Gas/12.0L Diesel)，Car Starter Smart Jumper Cables, Battery Jumper 26800mAh Portable Power Bank，Flashlight","Dyeetic","FBA","Automotive",37504,"N/A","N/A","N/A","N/A","Batteries & Accessories",814,69.99,"N/A",472,56,,35181.83,5241.28,59,4.4,"Dyeetic-US","China",1,0,"N/A","Large Standard-Size",4.02,5.24,9.09,2.45,96.4,265.94,"02/28/2026",2,8,3,13.89
"https://amazon.com/dp/B07JWCDV7R","https://m.media-amazon.com/images/I/61++2shZHvL._SX450_.jpg","B07JWCDV7R","T POWER Charger Cable for NOCO Boost X GBX45 GBX55 GBX75 GBX155 Genius Boost Plus Sport GB20 GB30 GB40 GB50 GB70 1000A Battery Jump Starter Auto Cord Power Supply Micro_USB + Home Charger","T POWER","FBA","Automotive",37719,843788101565,"N/A",0843788101565,"N/A","Jump Starters",242,11.99,-27,249,192,-43,3041.86,2305.53,535,4.5,"T-Power USA","USA",2,3201,"N/A","Large Standard-Size",1.38,3.86,5.79,0.15,15.53,42.84,"11/30/2025",89,7,2,0.47
"https://amazon.com/dp/B0FDQM6R31","https://m.media-amazon.com/images/I/71jE4YSu0QL._SX450_.jpg","B0FDQM6R31","Pelsee 3500A Jump Starter with Air Compressor, 20000mAh Portable Car Battery Jump Starter, 45W Fast Charge, 12V Battery Pack(10L Gas 8L Diesel Engine)with Tire Pressure Monitor, Light,Jumper Cables,E1","pelsee","FBA","Automotive",37729,"N/A",00850052299637,"N/A","N/A","Batteries & Accessories",816,109.99,-12,312,312,,34453.72,34450.47,479,4.8,"Pelsee US","USA",1,0,"N/A","Large Standard-Size",4.06,6.06,9.49,3.35,117.55,324.29,"01/31/2026",8,8,0,0.65
"https://amazon.com/dp/B09YM4XMC7","https://m.media-amazon.com/images/I/719bvLJQsiL._SX450_.jpg","B09YM4XMC7","DC 15V 1A Adapter Charger Charging Cable Cord for Peak 450A 500A 600A 800A 1000A Auto Battery Booster Jump Starter, Compatible Beatit,Tacklife,Gooloo & More Portable Car Jump Starter","ycwwzzh","FBA","Automotive",38094,768477240250,"N/A",0768477240250,"N/A","Jump Starters",193,12.99,12,292,292,-39,3787.04,3783.98,414,4.4,"ycwwzzh","China",1,4366,-18,"Large Standard-Size",2.28,2.83,3.82,0.26,12.41,34.23,"11/30/2024",48,7,0,0.71
"https://amazon.com/dp/B0DGLKKPYF","https://m.media-amazon.com/images/I/71A3HcyS7TL._SX450_.jpg","B0DGLKKPYF","Jump Starter with Air Compressor, 6000A Jump Starter Battery Pack (All Gas/10L Diesel), 150PSI 12V Jump Box Car Battery Jumper Starter Portable with Type-C Quick Charge and LED Lights","BSMOOM","FBA","Automotive",38174,764965115345,"N/A",0764965115345,"N/A","Batteries & Accessories",837,69.99,-19,182,80,,10674.54,4299.43,122,4.5,"Woot","USA",2,0,"N/A","Large Standard-Size",4.8,6.54,10.04,3.02,158.68,437.74,"02/28/2026",17,7,2,1.49
"https://amazon.com/dp/B0FT86WLZ5","https://m.media-amazon.com/images/I/718d50UqgJL._SX450_.jpg","B0FT86WLZ5","Car Battery Jump Starter with Air Compressor Portable, 150PSI 4000A Jump Starter Jumper Box for Car Battery Portable Jumper Cables(9.0 Gas/8.0L Diesel), Power Pack with Light, Compact Emergency Kit","FUNLAUD","FBA","Automotive",38264,"N/A","N/A","N/A","N/A","Batteries & Accessories",831,69.99,-48,187,204,,17173.03,18854.01,62,4.8,"FUNLAUD-US","China",2,0,"N/A","Large Standard-Size",4.29,5.31,9.17,2.67,105.17,290.13,"02/28/2026",4,7,2,3.01
"https://amazon.com/dp/B0D4QRXNMB","https://m.media-amazon.com/images/I/71digVYje6L._SX450_.jpg","B0D4QRXNMB","Upgraded 9000A Car Jump Starter with Air Inflator/Deflator Compressor, 9 in 1 Portable Jumper Box Power Pack Charger (All Gas/14L Diesel) Combo Cordless Air Pump for Tire Inflator & Large LCD Screen","Oreetga","FBA","Automotive",38326,"N/A","N/A","N/A","N/A","Batteries & Accessories",840,135.99,-16,224,224,-59,28263.19,28262.98,253,4.5,"Oreetga-US","China",2,0,"N/A","Large Standard-Size",4.84,6.26,10.55,3.97,160.93,443.96,"11/30/2025",19,7,2,0.85
"https://amazon.com/dp/B0B4B61KHG","https://m.media-amazon.com/images/I/414qHKLDJ8L._SX450_.jpg","B0B4B61KHG","LOKITHOR J-Series Storage Bag EVA Protection Case for J400/J401/J401X/J402/JP400/JT400/JC400 LOKITHOR Battery Jump Starters","LOKITHOR","FBA","Automotive",38491,889551119337,00889551119337,0889551119337,"N/A","Jump Starters",195,23.95,12,394,394,91,9434.87,9434.71,322,4.7,"LOKITHOR STORE","China",3,3292,51,"Large Standard-Size",5.16,6.85,11.22,1.1,199.59,550.59,"11/30/2025",45,8,0,1.23
"https://amazon.com/dp/B0DG5QBBD1","https://m.media-amazon.com/images/I/71sd8uRjkkL._SX450_.jpg","B0DG5QBBD1","LERTIN 10-in-1 Jump Starter with Air Compressor, 3500A 150PSI Portable 12V Jump Box Car Battery (9 Gas/8 L Diesel), with Auto-Shutoff Tire Inflator, Power Bank, LED Lights, Large LCD Display","LERTIN","FBA","Automotive",39027,"N/A","N/A","N/A","N/A","Batteries & Accessories",851,79.99,-46,125,125,-30,8423.28,8422.5,321,4.8,"Dafung","China",2,1674,"N/A","Large Standard-Size",4.65,5.59,9.76,3,127.73,352.36,"11/30/2024",16,8,0,0.39
"https://amazon.com/dp/B0F9D1HYCJ","https://m.media-amazon.com/images/I/91ygfYdS1mL._SX450_.jpg","B0F9D1HYCJ","Jump Starter with Air Compressor, 12V 8000A Car Automotive Battery Jump Starter (6.0L Gas and 3.0L Diesel), 150PSI Tire Inflator Pump for Car, Motorcycle and Bicycle","QINK ROLMIL","FBA","Automotive",39503,"N/A","N/A","N/A","N/A","Batteries & Accessories",855,35.99,-54,52,42,,1881.71,1495.26,168,4.2,"YIdingxing Co. Ltd.","China",1,0,"N/A","Large Standard-Size",4.61,5.04,9.21,2.65,107.74,297.21,"02/28/2026",8,6,2,0.31
"https://amazon.com/dp/B0DDQ2TV7D","https://m.media-amazon.com/images/I/71vLUnzJ4+L._SX450_.jpg","B0DDQ2TV7D","AsperX 6000A Car Jump Starter, Battery Jumper Starter Portable for 12V Vehicles (for All Gas or up to 12L Diesel) - Car Battery Charger with LED Flashlight and Jumper Cables","AsperX","FBA","Automotive",40020,"N/A","N/A","N/A","N/A","Batteries & Accessories",1650,89.99,-25,434,19,-52,20391.88,1325.9,30,4.5,"JIAHONGJING","China",1,8668,421,"Large Standard-Size",4.41,9.57,12.2,4.17,259.23,715.12,"11/30/2025",10,7,5,14.47
"https://amazon.com/dp/B0DMDG3W1P","https://m.media-amazon.com/images/I/71jfS+eTaHL._SX450_.jpg","B0DMDG3W1P","Car Jump Starter with Air Compressor,7000A Jump Starter Battery Pack (All Gas/12.0L Diesel) 12V 160PSI Auto Battery Booster,Jumper Cables with LED,Portable Lithium Jump Box with QC3.0","AIPOWAY","FBA","Automotive",40572,792864845124,"N/A",0792864845124,"N/A","Batteries & Accessories",882,44.98,-89,9,10,,425.45,485.82,281,4.4,"shengjiexinshizhihao8v","China",2,0,"N/A","Large Standard-Size",4.45,5.51,11.26,3.46,139,383.46,"03/31/2026",15,7,2,0.03
"https://amazon.com/dp/B09Y17ZKNB","https://m.media-amazon.com/images/I/716-4Oagw9L._SX450_.jpg","B09Y17ZKNB","Schumacher Electric 1250A Rugged Lithium Car Battery Jump Starter and Portable Power Pack/Jump Box, 3-in-1 Solution, 2.4A USB Charging, for 12V Power Sport, Automotive, and Marine Batteries, SL1648","Schumacher Electric","FBM","Automotive",40740,026666816489,"N/A",0026666816489,"N/A","Jump Starters",195,85.99,-21,174,160,-35,17687.65,13719.31,264,4.6,"The GENERAL Store","USA",2,2786,"N/A","Large Standard-Size",4.88,5.24,9.76,3.09,"N/A","N/A","11/30/2025",45,7,2,0.66
"https://amazon.com/dp/B0G19TQYYB","https://m.media-amazon.com/images/I/71qy2kZwNkL._SX450_.jpg","B0G19TQYYB","Car Jump Starter 5000A, Jump Starter Portable Battery Pack for 10.0L Gas and 8.0L Diesel Engines, 12V Lithium Jumper Box, Car Starter Booster with Power Bank, LED Light, Jumper Cable","Dyeetic","FBA","Automotive",40806,"N/A","N/A","N/A","N/A","Batteries & Accessories",881,59.98,54,472,448,,35181.83,32113.27,53,4.4,"Dyeetic-US","China",1,0,"N/A","Large Standard-Size",4.06,5.28,9.06,2.2,97.78,269.75,"02/28/2026",2,7,3,8.91
"https://amazon.com/dp/B0FN439P1P","https://m.media-amazon.com/images/I/614Hc39rBvL._SX450_.jpg","B0FN439P1P","Naisiang Jump Starter 4000A 12V Car Battery Booster Pack (Up to 7.0L Gas, 5.5L Diesel), Portable Power Bank with Air Compressor, 400LM LED Flashlight, SOS for Truck, SUV, Vehicles","NAISIANG","FBA","Automotive",40831,724990874259,"N/A",0724990874259,"N/A","Batteries & Accessories",889,39.9,-47,34,34,-15,1131.3,1130.94,9,3.4,"NAISIANG","China",1,0,"N/A","Large Standard-Size",4.41,5.98,9.57,2.49,127.07,350.53,"11/30/2025",5,6,0,3.43
"https://amazon.com/dp/B0D5LMTVJT","https://m.media-amazon.com/images/I/71PdKMnbmZL._SX450_.jpg","B0D5LMTVJT","4000A Portable Car Jump Starter, Battery Jump Starter for 8L Gas & 6L Diesel Engines, 10 Safety Protections, 12V Jump Box with Jumper Cable, LED Light, 2.0"" LCD Display for Trucks SUV RVs Boats","HDJFLU","FBA","Automotive",41211,"N/A","N/A","N/A","N/A","Jump Starters",206,59.99,20,121,39,,13802.05,2084.79,210,4.5,"YUXUANSDJT","China",1,0,"N/A","Large Standard-Size",2.36,8.78,10.59,1.87,110.48,304.77,"02/28/2026",18,6,3,0.58
"https://amazon.com/dp/B0FLJ9SH87","https://m.media-amazon.com/images/I/81nnaYAlrZL._SX450_.jpg","B0FLJ9SH87","7500A Jump Starter with 180PSI Air Compressor, 24000mAh Car Battery Jump Starter(All Gas/10.0L Diesel), 65W Fast Charge, 10-in-1 Portable Auto Tire Inflator, Cigarette Lighter, Jumper Cable, LED Light","HDJFLU","FBA","Automotive",41228,"N/A","N/A","N/A","N/A","Batteries & Accessories",986,159.99,-31,121,122,,13802.05,17096.74,212,4.5,"YUXUANSDJT","China",1,0,"N/A","Large Standard-Size",4.57,6.02,9.13,3.51,126.46,348.86,"02/28/2026",6,8,3,0.57
"https://amazon.com/dp/B0CHR6ZHYH","https://m.media-amazon.com/images/I/41DEEejIcHL._SX450_.jpg","B0CHR6ZHYH","MEGAWISE Smart Jump Starter Cable | Heavy-Duty Battery Booster Clamp with Safety Protection & LED Indicator | Compatible with MEGAWISE and other brand Jump Starter Unit","MEGAWISE","Amazon","Automotive",41689,734257030175,"N/A",0734257030175,"N/A","Batteries & Accessories",912,11.09,-3,287,287,28,5130.54,5127.96,124,4.6,"Amazon","N/A",2,2526,"N/A","Large Standard-Size",1.57,7.56,9.65,0.53,"N/A","N/A","01/31/2026",28,8,0,2.31
"https://amazon.com/dp/B0CX8MPTQ4","https://m.media-amazon.com/images/I/61spJCpXuqL._SX450_.jpg","B0CX8MPTQ4","5000A Jump Starter Povasee A40 Car BatteryJump Starter, 12V Jump Box for Car Up to All Gas or 10L Diesel Engine Battery Jumper Starter Portable with 3"" LCD Display Power Bank/Dual Output/LED Light","Povasee","FBA","Automotive",42347,"N/A","N/A","N/A","N/A","Batteries & Accessories",930,109.99,38,811,637,-5,87458.32,70050.98,481,4.4,"OneFirst","China",2,8674,-3,"Large Standard-Size",4.41,5.47,9.65,2.38,117.2,323.31,"11/30/2024",23,8,4,1.69
"https://amazon.com/dp/B0DM1YL5WM","https://m.media-amazon.com/images/I/81SwStcMU+L._SX450_.jpg","B0DM1YL5WM","Povasee Jump Starter with Air Compressor 5000A Portable Jump Box up to 9L gas/8L Diesel,inflates Tires to 150PSI 12V Car Battery Jumper Starter","Povasee","FBM","Automotive",42364,"N/A","N/A","N/A","N/A","Batteries & Accessories",930,99.99,-24,811,174,-5,87458.32,17398.98,1,5,"OneFirst","China",1,8674,-3,"Large Standard-Size",1.9,4.2,7.7,1.5,"N/A","N/A","11/30/2024",16,6,4,810.97
"https://amazon.com/dp/B0FMFB67KQ","https://m.media-amazon.com/images/I/61mBuwTQeVL._SX450_.jpg","B0FMFB67KQ","Portable Car Battery Jump Starter with Air Compressor, 8000A Peak 150PSI Jump Box for up to 6.0L Gas/3.0L Diesel, Power Bank with LED Light, Tire Inflator and Car Battery Charger","QINK ROLMIL","FBA","Automotive",42481,"N/A","N/A","N/A","N/A","Batteries & Accessories",908,35.99,"N/A",52,11,,1881.71,386.34,172,4.2,"YIdingxing Co. Ltd.","China",1,0,"N/A","Large Standard-Size",4.69,5.08,9.21,2.73,110.48,304.76,"02/28/2026",6,6,2,0.31
"https://amazon.com/dp/B0D7VL4B39","https://m.media-amazon.com/images/I/41X2GzgYDWL._SX450_.jpg","B0D7VL4B39","S ZEVZO H021 Car Jump Starter, Peak 5000A Jump Starter Battery Pack for Up to 10.0L Gas and 8.0L Diesel Engines, 12V Portable Jump Box with LCD Display, 3 Modes Flashlight and Protective Carrying Case","S ZEVZO","FBA","Automotive",42527,"N/A","N/A","N/A","N/A","Batteries & Accessories",933,59.98,"N/A",157,157,-64,10834.31,10832.73,491,4.6,"SOTORISER DIRECT","China",3,5376,"N/A","Large Standard-Size",4.29,6.26,11.34,3.22,153.33,422.97,"11/30/2024",19,8,0,0.32
"https://amazon.com/dp/B0F1CWF8ZY","https://m.media-amazon.com/images/I/41ztVgSZbaL._SX450_.jpg","B0F1CWF8ZY","Car Battery Jump Starter,12000mAh Battery Jump Box,44.4Wh Vehicle Jump Booster with Smart Jumper Cables,LED Light Emergency Car Kits for Vehicles,Arrancador Ae Batería","EBOSSOM","FBA","Automotive",42644,"N/A","N/A","N/A","N/A","Jump Starters",211,55.99,-33,173,63,-1,8536.13,3198.61,786,4.6,"EBOSSOM Direct","Singapore",1,0,"N/A","Large Standard-Size",3.62,4.45,7.56,1.79,61.31,169.14,"07/31/2025",9,7,4,0.22
"https://amazon.com/dp/B0F23JM8FM","https://m.media-amazon.com/images/I/81BDJ4eqD+L._SX450_.jpg","B0F23JM8FM","Jump Starter with Air Compressor, VCANENERGY Roadside Emergency Car Kit with 12V Portable Battery Jump Starter & Tire Inflator for Cars, Trucks, SUVs-Car Emergency Kit for Women, Men, Teen","VCANENERGY","FBA","Automotive",43242,"N/A","N/A","N/A","N/A","Jump Starters",208,119.99,-18,285,285,-51,28156.83,28153.91,74,4.6,"VCANENERGY","China",1,0,"N/A","Large Standard-Size",5.71,10.04,14.09,7.23,406.68,1121.88,"11/30/2025",8,9,0,3.86
"https://amazon.com/dp/B0D3RJLX6L","https://m.media-amazon.com/images/I/715f68bFFfL._SX450_.jpg","B0D3RJLX6L","DEWALT DXAELJ25 2500 Peak Amp Portable Lithium Jump Starter with 25W Type C, 15W Type A, 60W Type C in/Out","DEWALT","Amazon","Automotive",43564,814632015123,"N/A",0814632015123,"N/A","Batteries & Accessories",931,184.79,10,236,51,-87,30383.93,10026.93,797,4.3,"Amazon","N/A",1,0,"N/A","Large Standard-Size",5.04,7.4,10.47,3.64,"N/A","N/A","11/30/2025",20,5,2,0.3
"https://amazon.com/dp/B0FPCDD1ZK","https://m.media-amazon.com/images/I/71EeJi3PKaL._SX450_.jpg","B0FPCDD1ZK","UTRAI Jump Starter with Air Compressor 150PSI, 7000A Peak 12V Jump Box for Car Battery (All Gas/12.0L Diesel), 160W DC Output Car Jumper Starter Portable, Jump Pack with OBD II Scanner, LED Light","UTRAI","FBA","Automotive",43987,"N/A","N/A","N/A","N/A","Batteries & Accessories",964,79.99,-24,186,186,-21,16562.08,16560.12,95,4.8,"alinstore","China",2,0,"N/A","Large Standard-Size",5.28,7.01,10.28,4.87,191.57,528.46,"11/30/2025",5,8,0,1.96
"https://amazon.com/dp/B0D3V9W3JH","https://m.media-amazon.com/images/I/81jlz1pEAAL._SX450_.jpg","B0D3V9W3JH","TREKURE Portable Car Jump Starter with Air Compressor, 150PSI 5000A Car Battery Jump Starter Battery Pack (9L Gas/8L Diesel), Safe Jumper Starter Portable Jump Box with Display, Emergency Light","TREKURE","FBA","Automotive",44679,"N/A","N/A",6942129813847,"N/A","Jump Starters",218,59.99,-11,222,222,-49,13321,13320.87,819,4.5,"gerrit","China",1,5030,"N/A","Large Standard-Size",4.29,5.08,10.83,3.24,118.83,327.81,"11/30/2024",20,6,0,0.27
"https://amazon.com/dp/B0FDH3MWQB","https://m.media-amazon.com/images/I/71124vSgvZL._SX450_.jpg","B0FDH3MWQB","DeWalt DXAELJ25C 2500 Peak Amp Lithium Jump Starter with USB Power Bank and Carrying Case","DEWALT","Amazon","Automotive",44689,814632015970,"N/A",0814632015970,"N/A","Jump Starters",215,189.98,-20,162,162,,31353.52,31352.75,16,4.2,"Amazon","N/A",2,0,"N/A","Large Standard-Size",4.76,7.32,10.51,3.94,"N/A","N/A","02/28/2026",8,10,0,10.1
"https://amazon.com/dp/B0CF8B6LNH","https://m.media-amazon.com/images/I/71T8IyqgE5L._SX450_.jpg","B0CF8B6LNH","BOOKOO Car Battery Jump Starter 4500A,Portable Car Jump Starter for Upto 10L Gas and 8L Diesel Engines,12V Jump Box with Jumper Cables,USB QC3.0,128W DC,LED Light","BooKoo","FBA","Automotive",45355,762765727478,"N/A",0762765727478,"N/A","Batteries & Accessories",1044,49.99,-112,47,46,,2327.52,2059.38,1062,4.5,"BOOKOO","China",1,0,"N/A","Large Standard-Size",3.9,10.39,10.87,2.16,221.76,611.75,"03/31/2026",29,7,5,0.04
"https://amazon.com/dp/B0FB3JKSXS","https://m.media-amazon.com/images/I/71sPP69qGqL._SX450_.jpg","B0FB3JKSXS","BOOKOO Portable Car Jump Starter, 4500A Car Battery Jump Starter for Upto 10L Gas and 8L Diesel Engines,12V Jump Box with Jumper Cables,USB QC3.0,LED Light","BooKoo","FBA","Automotive",45355,717121884203,"N/A",0717121884203,"N/A","Batteries & Accessories",1044,49.99,-60,47,21,,2327.52,1098.73,1061,4.5,"BOOKOO","China",1,0,"N/A","Large Standard-Size",3.62,9.13,9.88,2.03,164.4,453.53,"03/31/2026",6,7,5,0.04
"https://amazon.com/dp/B0BRNY98VG","https://m.media-amazon.com/images/I/716bKbPNkNL._SX450_.jpg","B0BRNY98VG","Schumacher Electric 2250A Rugged Lithium Car Battery Jump Starter and Portable Power Pack/Jump Box, 3-in-1 Solution, 2.4A USB Charging, for 12V Power Sport, Automotive, and Marine Batteries, SL1654","Schumacher Electric","FBM","Automotive",45586,026666826549,"N/A",0026666826549,"N/A","Jump Starters",217,269.63,-24,174,15,-35,17687.65,3966.48,71,4.4,"Eagle Point [S/N Recorded]","USA",2,2786,"N/A","Large Standard-Size",4.61,5.59,10.75,3.46,"N/A","N/A","11/30/2025",38,7,2,2.45
"https://amazon.com/dp/B0F216Z9KC","https://m.media-amazon.com/images/I/61ZbOpDHT7L._SX450_.jpg","B0F216Z9KC","for NOCO GBX45 Jump Starters Boost Sport and Plus EVA Protection for UltraSafe Lithium(Case only)","MAILADA","FBA","Automotive",45819,758106997884,"N/A",0758106997884,"N/A","Batteries & Accessories",957,16.99,"N/A",181,22,-76,3128.83,363.22,36,4.8,"3-eyes","China",1,0,"N/A","Large Standard-Size",4.13,7.64,10.63,0.6,168.87,465.85,"11/30/2025",12,6,3,5.02
"https://amazon.com/dp/B0DTHT2TL3","https://m.media-amazon.com/images/I/61hZMFMshxL._SX450_.jpg","B0DTHT2TL3","for NOCO Boost HD GB70 and GBX75 Jump Starters Boost Sport and Plus HD EVA Protection for UltraSafe Lithium(Case only)","MAILADA","FBA","Automotive",46252,769131493180,"N/A",0769131493180,"N/A","Batteries & Accessories",966,29.99,2,181,8,-76,3128.83,244.96,34,4.6,"3-eyes","China",1,0,"N/A","Large Standard-Size",5.39,9.09,13.78,1.04,339.92,937.71,"11/30/2025",14,6,3,5.31
"https://amazon.com/dp/B0FMRHL94P","https://m.media-amazon.com/images/I/71F5CMycMdL._SX450_.jpg","B0FMRHL94P","GOOLOO G7 3000A Jump Starter with Built-in Cable,Portable Power Bank for 45W Fast Charging,12V SuperSafe Lithium Jump Box, Battery Booster Pack Up to 8.5L Gas or 6.0L Diesel Engine","GOOLOO","FBA","Automotive",46507,"N/A","N/A","N/A","N/A","Batteries & Accessories",980,99.99,-3,201,33,-63,17621.08,2917.08,72,4.4,"GOOLOO","China",1,0,"N/A","Large Standard-Size",4.21,5.08,8.7,2.16,93.68,258.42,"11/30/2025",5,8,2,2.79
"https://amazon.com/dp/B0FNCS2FZ2","https://m.media-amazon.com/images/I/81VEiFdGkRL._SX450_.jpg","B0FNCS2FZ2","YaberAuto 16-in-1 Jump Starter with Air Compressor 8000A 160PSI Car Battery Jump Starter (All Gas/14L Diesel) 12V Jump Box Car Battery Jumper Starter Portable Jumper Cables, Emergency Tool Kit, Gloves","YaberAuto","FBA","Automotive",46555,"N/A","N/A",6977703633788,"N/A","Batteries & Accessories",969,149.99,20,775,775,-92,116236.16,116235.55,373,4.6,"JessiBest","China",3,0,"N/A","Large Standard-Size",4.13,9.72,11.42,5.53,231.08,637.46,"11/30/2025",5,6,0,2.08
"https://amazon.com/dp/B0DB84RPJJ","https://m.media-amazon.com/images/I/71ZdgWMdcdL._SX450_.jpg","B0DB84RPJJ","7000A Car Jump Starter with Air Compressor, 35000mAh Portable Car Battery Charger, Jump Starter Battery Pack (All Gas/10.0L Diesel), 150PSI Tire Inflator, 70 Starts 12V Auto Battery Booster","AIPOWAY","FBA","Automotive",46806,722898069586,"N/A",0722898069586,"N/A","Batteries & Accessories",986,47.99,-134,9,8,,425.45,373.54,30,4.2,"shengjiexinshizhihao8v","China",2,0,"N/A","Large Standard-Size",5.04,6.14,9.57,3.62,149.1,411.32,"03/31/2026",18,7,2,0.3
"https://amazon.com/dp/B0DYH73ZT3","https://m.media-amazon.com/images/I/81BOlmvfwCL._SX450_.jpg","B0DYH73ZT3","Lebakort Storage Case Compatible with Boost HD GB70 UltraSafe Car Battery Jump Starter","Lebakort","FBA","Automotive",46925,"N/A","N/A","N/A","N/A","Batteries & Accessories",990,33.99,-20,395,18,-60,11671.33,628.25,403,4.6,"Lebakort shop","China",1,7242,"N/A","Large Standard-Size",4.61,7.36,11.46,0.71,195.77,540.05,"11/30/2025",12,9,7,0.98
"https://amazon.com/dp/B0FN3WK1ST","https://m.media-amazon.com/images/I/71x6G-JcpJL._SX450_.jpg","B0FN3WK1ST","Jump Starter, 5000A Battery Jumper Starter Portable, Car Battery Jump Starter, Power Booster Pack 12V Lithium Jump Box with Jumper Cable and LED Lights (All Gas / 12L Diesel Engines)","Soulor","FBA","Automotive",47077,"N/A","N/A","N/A","N/A","Batteries & Accessories",993,37.99,3,309,309,,11741.93,11741.79,67,4.4,"HiTop Jump Starter","China",1,0,"N/A","Large Standard-Size",3.98,5.16,8.86,1.7,91.61,252.72,"01/31/2026",2,8,0,4.61
"https://amazon.com/dp/B0FGCR9WB5","https://m.media-amazon.com/images/I/71f26yfSkdL._SX450_.jpg","B0FGCR9WB5","Jump Starter with Air Compressor, 5000A 150PSI Car Battery Jump Starter (All Gas/9.0L Diesel), 12V Jump Box Car Battery Jumper Starter Portable with Smart Jumper Cables, Tire Inflator, LED Light","Tzuoen","FBA","Automotive",47206,"N/A","N/A","N/A","N/A","Batteries & Accessories",1013,25.99,-38,85,85,6650,2124.14,2123.18,17,4,"TZUOEN","China",1,0,"N/A","Large Standard-Size",4.17,7.64,9.84,2.71,157.83,435.4,"02/28/2026",7,7,0,4.98
"https://amazon.com/dp/B0CSJZVK11","https://m.media-amazon.com/images/I/81hjx3xTrHL._SX450_.jpg","B0CSJZVK11","1800A Car Jump Starter with Air Compressor 150PSI,12V Portable Heavy Duty Battery Jump Box (8.0L Gas/6L Diesel), Battery Booster with 400W Power Station AC/DC/USB","FlyAuto","FBA","Automotive",47213,699838105812,"N/A",0699838105812,"N/A","Jump Starters",222,159.99,-40,129,194,-74,21445.07,30646.88,192,4.3,"FlyAutoElectric","China",1,3110,"N/A","Large bulky",10,12.75,13.12,20,542.11,1355.28,"11/30/2025",24,7,3,0.67
"https://amazon.com/dp/B0FGTRPD51","https://m.media-amazon.com/images/I/71WCnl+j4EL._SX450_.jpg","B0FGTRPD51","DC 15V 1A Charger for Car Jump Starter Power Supply for Peak 450A 500A 600A 800A 1000A Battery Booster Jump Starter,Compatible Tacklife,Beatit,Gooloo & More Portable Car Jump Starter","Moroxi","FBA","Automotive",47583,"N/A","N/A","N/A","N/A","Batteries & Accessories",1022,8.59,-35,214,214,-23,1834.57,1834.46,24,4.4,"Tatkki","China",1,0,"N/A","Large Standard-Size",1.85,4.17,4.53,0.2,17.59,48.54,"12/31/2025",9,7,0,9.71
"https://amazon.com/dp/B0DPSM1NY7","https://m.media-amazon.com/images/I/618n8YP1q2L._SX450_.jpg","B0DPSM1NY7","LUCKFIRE M7 SmartIgnition Jump Starter with Air Compressor, TÜV Certified 12V Car Battery Booster Pack, Portable Tire Inflator, Jump Box, 60Wh Power Bank, for 10L Gas and 8.5L Diesel","Luckfire","FBA","Automotive",47600,785366262384,"N/A",0785366262384,"N/A","Batteries & Accessories",1025,179.99,-33,86,86,,20607.92,20607.78,360,4.8,"Luckfire","China",1,1520,"N/A","Large Standard-Size",4.49,5.71,9.69,3.51,124.93,344.65,"05/31/2025",14,9,0,0.24
"https://amazon.com/dp/B0D9MSBYN2","https://m.media-amazon.com/images/I/71-wUj5b7GL._SX450_.jpg","B0D9MSBYN2","Schumacher Electric 12V Lithium Jump Starter & Power Pack - Portable 1500A Battery Jumper with 10W Wireless Charging, USBA/USBC Fast Charging & Multi-Mode LED Flashlight - 4-in-1 SL1674","Schumacher Electric","Amazon","Automotive",47703,026666816748,"N/A",0026666816748,"N/A","Batteries & Accessories",984,128.11,"N/A",159,104,-51,17593,13244.84,55,4.4,"Amazon","N/A",4,0,"N/A","Large Standard-Size",4.52,6,9.2,2.25,"N/A","N/A","11/30/2025",17,8,2,2.89
"https://amazon.com/dp/B0D9MV3Y5S","https://m.media-amazon.com/images/I/417z1PC34XL._SX450_.jpg","B0D9MV3Y5S","Schumacher Electric 12V Lithium Jump Starter & Power Pack - Portable 1000A Battery Jumper with 10W Wireless Charging, USBA/USBC Fast Charging & Multi-Mode LED Flashlight - 4-in-1 SL1672","Schumacher Electric","FBA","Automotive",48010,026666816724,"N/A",0026666816724,"N/A","Batteries & Accessories",984,76.43,-16,159,55,-51,17593,4347.15,60,4.6,"SellQor","USA",11,0,"N/A","Large Standard-Size",3.62,5.39,8.74,1.94,85.86,236.85,"11/30/2025",17,7,2,2.65
"https://amazon.com/dp/B0GQ91JM44","https://m.media-amazon.com/images/I/71jLvwxBIjL._SX450_.jpg","B0GQ91JM44","Jump Starter with Air Compressor, Battery Jumper Starter Portable,12V Jump Box with 160PSI Tire Inflator for Car Battery, LED Display for All Gas & 12L Diesel Engines, LED Light, Jumper Cables","Carzip","-","Automotive",48015,"N/A","N/A","N/A","N/A","Batteries & Accessories",1009,59.99,"N/A",0,0,,"-","-","N/A","N/A",,"N/A",1,0,"N/A","Large Standard-Size",4.41,5.87,9.53,2.84,"N/A","N/A","-",0,"N/A",2,"N/A"