"URL","Image URL","ASIN","Title","Brand","Fulfillment","Category","BSR","UPC","GTIN","EAN","ISBN","Subcategory","Subcategory BSR","Price","Price Trend (90 days) (%)","Parent Level Sales","ASIN Sales","Sales Trend (90 days) (%)","Parent Level Revenue","ASIN Revenue","Review Count","Reviews Rating","Seller","Seller Country/Region","Number of Active Sellers","Last Year Sales","Sales Year Over Year (%)","Shipping Details","Length","Width","Height","Weight","Storage Fee (Jan - Sep)","Storage Fee (Oct - Dec)","Best Sales Period","Listing Age (Months)","Number of Images","Variation Count","Sales to Reviews"
"https://amazon.com/dp/B0F21TYZLY","https://m.media-amazon.com/images/I/71zuOCM3MUL._SX450_.jpg","B0F21TYZLY","ADORETRIP Portable Car Jump Starter 8000A, 960 Cold Cranking Amp 12V Auto Battery Booster with Smart Display, Force Start, for 12L Gas & 10L Diesel Engines, 48-Month Standby","ADORETRIP","FBA","Automotive",426269,"N/A","N/A","N/A","N/A","Jump Starters",683,99.99,-7,5,5,,522.02,521.87,39,4.2,"adoretrip","China",1,0,"N/A","Large Standard-Size",4.09,4.61,8.66,2.25,82.21,226.78,"01/31/2026",10,9,5,0.13
"https://amazon.com/dp/B09TLBYF4D","https://m.media-amazon.com/images/I/51zwt7Fkn+L._SX450_.jpg","B09TLBYF4D","AC Adapter Compatible with Kinverch JS86-K JS87-K JS88-K Jump Starter Air Compressor 9Ah 12Ah 18Ah Lead-Acid Battery 900 1000 1500 Peak Amp 900A 1000A 1500A 12Volt 12V DC Power Supply Charger","saschedross","FBM","Automotive",427289,"N/A","N/A",6087932138661,"N/A","Batteries & Accessories",5071,13.38,-28,5,5,157,72.21,72.13,6,5,"TATMALL","China",1,64,39,"N/A","N/A","N/A","N/A","N/A","N/A","N/A","02/28/2025",49,4,0,0.9
"https://amazon.com/dp/B0FX9RDCPJ","https://m.media-amazon.com/images/I/71KLGaO+wIL._SX450_.jpg","B0FX9RDCPJ","Car Jump Starter with Air Compressor & 950LM LED Light, 6000A 150PSI Peak Portable Jumper Pack, 12V Jump Box Combo with Jumper Cables, Auto-Shutoff Tire Inflator (Up to 9L Gas/7.5L Diesel)","RICWIT","FBA","Automotive",428002,"N/A","N/A","N/A","N/A","Batteries & Accessories",5135,119.99,"N/A",0,0,,"-","-",23,4.7,"HK-PBL","Hong Kong",1,0,"N/A","Large Standard-Size",6.18,7.13,10.75,4.32,238.49,657.89,"03/31/2026",1,8,2,0.02
"https://amazon.com/dp/B07WW9VQQ1","https://m.media-amazon.com/images/I/611W3zStawL._SX450_.jpg","B07WW9VQQ1","AAOTOKK Cigarette Lighter Socket 12V Car Emergency Start Power EC5 Plug to Female Cigarette Lighter Port Adapter Cables Car Battery Booster Mini Portable Power Pack car jump starter (20cm/7.8inch)","AAOTOKK","FBA","Automotive",429261,682559179439,"N/A",0682559179439,"N/A","Jump Starters",711,6.99,-13,4,4,-50,28.58,28.45,48,4.1,"AAOTOKK","China",1,77,7,"Small Standard-Size",0.75,3.98,5.75,0.11,8.61,23.75,"10/31/2025",79,7,0,0.08
"https://amazon.com/dp/B0FSL41PF7","https://m.media-amazon.com/images/I/61JJ2pg+NpL._SX450_.jpg","B0FSL41PF7","Povasee Jump Clamp EC-5 Portable Jump Starter Clip- Replacement for A30 A40 A20 Jump Starter with Emergency Jump clamp","Povasee","FBA","Automotive",436757,"N/A","N/A","N/A","N/A","Batteries & Accessories",5188,19.99,-16,13,13,,260.9,260.68,1,5,"OneFirst","China",1,0,"N/A","Large Standard-Size",2.64,2.99,7.95,0.51,31.59,87.16,"12/31/2025",3,1,0,13.06
"https://amazon.com/dp/B08BZ6VKDL","https://m.media-amazon.com/images/I/61aUrxDPNSL._SX450_.jpg","B08BZ6VKDL","UL Listed Power Cord for Booster PAC ES2500 ES5000 ES2500C Charger AC DC Adapter for J900 Jump Starter Replacement Power Supply for ES6000 ESA217","PERFEIDY","FBA","Automotive",437333,738631812159,"N/A",0738631812159,"N/A","Batteries & Accessories",5172,12.49,-22,20,20,25,253.93,253.65,747,4.5,"PERFEIDY","China",1,277,-53,"Large Standard-Size",2.13,3.07,5.43,0.33,17.88,49.32,"03/31/2024",69,9,0,0.03
"https://amazon.com/dp/B09Z6Y563X","https://m.media-amazon.com/images/I/61meMjuJC6L._SX450_.jpg","B09Z6Y563X","CRAFTSMAN 1000A Car Battery Jump Starter and Portable Power Station, 3-in-1 Solution, 12V DC and 2.4A USB Charging, for 12V Automotive, Marine, and Power Sport Batteries, CMXCESM281","CRAFTSMAN","Amazon","Automotive",437692,026666302814,"N/A",0026666302814,"N/A","Jump Starters",719,134.89,-21,14,14,-59,1872.55,1872.37,182,4.1,"Amazon","N/A",1,444,-60,"Large Standard-Size",8,13.3,15.8,12.65,"N/A","N/A","06/30/2024",47,11,0,0.07
"https://amazon.com/dp/B0D9MFDMZF","https://m.media-amazon.com/images/I/61ZcA-FRGDL._SX450_.jpg","B0D9MFDMZF","Khazixer ET02 Car Battery Jump Starter 3000A Peak, 12V Lithium Portable Jumper Starter for up to 9.0L Gas and 7.0L Diesel Engines, 12V Battery Jump Starter with Jumper Cable","Khazixer","FBA","Automotive",441362,"N/A","N/A","N/A","N/A","Batteries & Accessories",5210,59.99,514,12,12,-103,742.71,742.58,482,4.4,"Khazixer Direct","China",1,2866,"N/A","Large Standard-Size",3.62,5.04,9.06,1.5,83.21,229.56,"09/30/2025",18,7,3,0.03
"https://amazon.com/dp/B0DC3J7L14","https://m.media-amazon.com/images/I/71kteffboML._SX450_.jpg","B0DC3J7L14","630 Peak Amp Portable Car Battery Jump Starter and Power Pack Compatible with CEN-TECH","Generic","FBM","Automotive",450824,"N/A","N/A","N/A","N/A","Batteries & Accessories",5277,136.98,5,6,6,-63,769.22,769.03,9,3,"WT Zone","USA",1,83,"N/A","N/A","N/A","N/A","N/A","N/A","N/A","N/A","10/31/2024",20,1,0,0.61
"https://amazon.com/dp/B09T78FK3S","https://m.media-amazon.com/images/I/51zwt7Fkn+L._SX450_.jpg","B09T78FK3S","12V AC/DC Adapter Compatible with Harbor Freight Tools Chicago Electric Power Pack System Item 96157 CEN TECH 60703 5 in 1 CENTECH 38391 56349 60657 60666 64083 69401 Car Jump Starter Charger","saschedross","FBM","Automotive",450847,"N/A","N/A",6087932130825,"N/A","Batteries & Accessories",5190,10.99,-50,3,3,,33.64,33.61,1,5,"TATMALL","China",1,16,"N/A","N/A","N/A","N/A","N/A","N/A","N/A","N/A","09/30/2024",49,4,0,3.07
"https://amazon.com/dp/B0G39F83H3","https://m.media-amazon.com/images/I/714y1MutIkL._SX450_.jpg","B0G39F83H3","JOMGAND K40 Portable Jump Starter, 5000A 12V Car Battery Booster Pack for Upto 10.0L Gas or 9.0L Diesel Engines, Jump Box with Jumper Cable, USB/DC Charge, and 3 Mode Flashlight","Jomgand","FBA","Automotive",451283,"N/A","N/A","N/A","N/A","Batteries & Accessories",5134,124.95,-141,12,12,,1559.4,1559.24,12,4.4,"JOMGAND Direct","China",1,0,"N/A","Large Standard-Size",4.5,6,10,0.9,135.94,375,"02/28/2026",1,8,0,"N/A"
"https://amazon.com/dp/B0BHQKGMJ4","https://m.media-amazon.com/images/I/71lyNFzAycL._SX450_.jpg","B0BHQKGMJ4","MOSTOOL M6 Car Jump Starter 3000A, 12V Portable Battery Booster with LED Display, Fits Up to 10.0L Gas and 8.0L Diesel Engines","MOSTOOL","FBA","Automotive",451862,"N/A","N/A","N/A","N/A","Jump Starters",726,89.99,102,14,14,-37,1217.21,1217.01,705,4.5,"NCYJC","China",1,509,-86,"Large Standard-Size",4.61,5.83,10.91,3.57,147.63,407.25,"05/31/2024",40,1,0,0.02
"https://amazon.com/dp/B09TRS7428","https://m.media-amazon.com/images/I/516FFzBMcEL._SX450_.jpg","B09TRS7428","AC Power Charging Cord Charger Cable Compatible with Jump-N-Carry 12V 12Volt Jump Starter 1700 A JNC350 JNC550A JNC660 JNCAIR JNC770 JNC770B JNC770R JNC770G JNCXF JNC 350 600C AIR 770 KKC 660","saschedross","FBM","Automotive",457161,"N/A","N/A",6087932152209,"N/A","Batteries & Accessories",5216,10.49,-3,0,0,-87,"-","-",1,5,"TATMALL","China",1,21,24,"N/A","N/A","N/A","N/A","N/A","N/A","N/A","12/31/2025",49,2,0,0
"https://amazon.com/dp/B0C1D7WZ1P","https://m.media-amazon.com/images/I/61+gSN1j9YL._SX450_.jpg","B0C1D7WZ1P","Guy-Tech Adapter Charger Compatible with Peak 300 Amp Jump Starter Portable Power Station Peak Mains","GUY-TECH","FBM","Automotive",457306,"N/A","N/A","N/A","N/A","Batteries & Accessories",5218,11,1,1,1,-83,11.75,11.73,"N/A","N/A","EXT Store","China",1,4,"N/A","N/A","N/A","N/A","N/A","N/A","N/A","N/A","12/31/2025",36,5,0,"N/A"
"https://amazon.com/dp/B07QYR1WZC","https://m.media-amazon.com/images/I/61l--3AfAiL._SX450_.jpg","B07QYR1WZC","FITE ON AC/DC Adapter Compatible with Stanley J5C09 J45TK DPS109 Jump Starter Power Adapter Charger UL Listed","FITE ON","FBM","Automotive",462271,751332661178,"N/A",0751332661178,"N/A","Batteries & Accessories",5339,15.98,-37,22,1,-52,210.28,13.99,386,4.4,"FITE ON","China",3,367,-21,"Large Standard-Size",1.4,3.1,4,0.3,"N/A","N/A","09/30/2024",83,6,8,0.06
"https://amazon.com/dp/B0FDFF249B","https://m.media-amazon.com/images/I/61fJNluK6yL._SX450_.jpg","B0FDFF249B","Pursuit 800A Car Jump Starter, 12V Battery Booster Pack, Portable Power Bank with LED Flashlight, Suitable for 5.0L Gas 2.0L Diesel","Pursuit","FBM","Automotive",462679,"N/A","N/A","N/A","N/A","Jump Starters",728,69.99,-1,2,2,550,174.38,174.27,3,4.6,"Green Pursuit","USA",1,0,"N/A","N/A","N/A","N/A","N/A","N/A","N/A","N/A","02/28/2026",9,7,0,0.82
"https://amazon.com/dp/B07R215F4P","https://m.media-amazon.com/images/I/61l--3AfAiL._SX450_.jpg","B07R215F4P","FITE ON 13.5V AC/DC Adapter Compatible with CEN TECH 5 in 1 Portable Power Pack Item 60703 Battery Power Adapter Charger UL Listed","FITE ON","FBA","Automotive",464938,751332661123,"N/A",0751332661123,"N/A","Batteries & Accessories",5347,13.98,-16,22,2,-52,210.28,20.83,388,4.4,"FITE ON","China",3,367,-21,"Large Standard-Size",1.61,3.86,4.29,0.18,13.42,37.03,"09/30/2024",83,6,8,0.06
"https://amazon.com/dp/B07QZV7TC3","https://m.media-amazon.com/images/I/61l--3AfAiL._SX450_.jpg","B07QZV7TC3","FITE ON AC/DC Adapter Compatible with Wagan 2544 2354 2509 2355 2464 2595 Power Dome 400A Jump Starter Power Adapter Charger UL Listed","FITE ON","FBM","Automotive",465103,751332661185,"N/A",0751332661185,"N/A","Batteries & Accessories",5353,12.09,-24,22,2,-52,210.28,22.45,388,4.4,"SLLEA","China",1,367,-21,"Large Standard-Size",1.5,4.5,4.5,0.2,"N/A","N/A","09/30/2024",83,6,8,0.06
"https://amazon.com/dp/B07QZVJ7PM","https://m.media-amazon.com/images/I/61l--3AfAiL._SX450_.jpg","B07QZVJ7PM","FITE ON AC/DC Adapter Compatible with Xantrex 200 300 300i 400 Plus XPower Powerpack Jump Starter Power Adapter Charger UL Listed","FITE ON","FBM","Automotive",465174,751332661192,"N/A",0751332661192,"N/A","Batteries & Accessories",5357,9.99,-21,22,3,-52,210.28,31.74,388,4.4,"SLLEA","China",1,367,-21,"Large Standard-Size",1.5,3.5,4,0.1,"N/A","N/A","09/30/2024",83,8,8,0.06
"https://amazon.com/dp/B07R336JZ7","https://m.media-amazon.com/images/I/61l--3AfAiL._SX450_.jpg","B07R336JZ7","FITE ON AC/DC Adapter Compatible with Jump-N-Carry JNC300XL 900 Peak Amp; Solar CS1000 Jump Starter Power Adapter Charger UL Listed","FITE ON","FBM","Automotive",465188,751332661130,"N/A",0751332661130,"N/A","Batteries & Accessories",5357,13.99,-8,22,1,-52,210.28,18.53,388,4.4,"SLLEA","China",2,367,-21,"Large Standard-Size",1.5,2.5,3.2,0.1,"N/A","N/A","09/30/2024",83,6,8,0.06
"https://amazon.com/dp/B07QXNH84D","https://m.media-amazon.com/images/I/61l--3AfAiL._SX450_.jpg","B07QXNH84D","FITE ON AC/DC Adapter Compatible with Solar Jump-N-Carry 660 KKC-660 JNC660 SOLJNC660-BF Jump Starter Power Adapter Charger UL Listed","FITE ON","FBM","Automotive",465188,751332661161,"N/A",0751332661161,"N/A","Batteries & Accessories",5357,5.99,-29,22,5,-52,210.28,32.65,388,4.4,"SLLEA","China",3,367,-21,"Large Standard-Size",1.34,1.65,2.36,0.31,"N/A","N/A","09/30/2024",83,6,8,0.06
"https://amazon.com/dp/B0B7SJB97V","https://m.media-amazon.com/images/I/61DVDa5T2YL._SX450_.jpg","B0B7SJB97V","BestCH AC/DC Adapter for Mac Tools MT5145 MT5120 MacTools MT 5145 MT 5120 12 Volt Jumpstarter Portable Power 1700 12VDC Jump Starter 12V - 13.5V Class 2 Power Supply Cord Battery Charger PSU","BestCH","FBM","Automotive",468900,"N/A","N/A",8344038649100,"N/A","Batteries & Accessories",5265,5.83,-26,0,0,,"-","-","N/A","N/A","Best Charger","China",1,5,"N/A","N/A","N/A","N/A","N/A","N/A","N/A","N/A","09/30/2025",44,7,0,"N/A"
"https://amazon.com/dp/B0B152M88R","https://m.media-amazon.com/images/I/61LjnGnjKIL._SX450_.jpg","B0B152M88R","Wall Charger Adapter Cable Cord for Laser 6001 Epower 360 600A Peak Flashlight Jump Starter","onerbl","FBM","Automotive",476299,"N/A","N/A",4741640281720,"N/A","Batteries & Accessories",5434,13.89,11,1,1,,7.62,7.61,1,4,"GreatComputerParts","China",1,0,"N/A","N/A","N/A","N/A","N/A","N/A","N/A","N/A","01/31/2026",46,4,0,0.54
"https://amazon.com/dp/B0F5QS4MH1","https://m.media-amazon.com/images/I/711ywvTTR8L._SX450_.jpg","B0F5QS4MH1","Halo Bolt PaL 1000 Portable Car Jump Starter | USB-A & USB-C Charger Ports, Digital Display, Powers Multiple Devices, Detachable Power Bank & Emergency Flashlight, Jumps Cars SUVs & Trucks — Cobalt","HALO","Amazon","Automotive",482165,044435926009,"N/A",0044435926009,"N/A","Jump Starters",711,158.75,-1,24,2,-79,3535.61,355.39,45,4.6,"Amazon","N/A",1,0,"N/A","Large Standard-Size",4.06,6.18,9.17,2.54,"N/A","N/A","11/30/2025",10,7,7,0.52
"https://amazon.com/dp/B0F5QW29HT","https://m.media-amazon.com/images/I/81rzgiPgxaL._SX450_.jpg","B0F5QW29HT","Halo Bolt PaL 1000 Portable Car Jump Starter | USB-A & USB-C Charger Ports, Digital Display, Powers Multiple Devices, Detachable Power Bank & Emergency Flashlight, Jumps Cars SUVs & Trucks — Purple","HALO","Amazon","Automotive",482165,044435926023,"N/A",0044435926023,"N/A","Jump Starters",711,159.51,-14,24,2,-79,3535.61,362.52,46,4.4,"Amazon","N/A",1,0,"N/A","Large Standard-Size",4.02,6.14,9.25,2.54,"N/A","N/A","11/30/2025",9,7,7,0.51
"https://amazon.com/dp/B0F5QX2Y8Z","https://m.media-amazon.com/images/I/719xqovzpLL._SX450_.jpg","B0F5QX2Y8Z","Halo Bolt PaL 1000 Portable Car Jump Starter | USB-A & USB-C Charger Ports, Digital Display, Powers Multiple Devices, Detachable Power Bank & Emergency Flashlight, Jumps Cars SUVs & Trucks — Orange","HALO","Amazon","Automotive",482173,044435926030,"N/A",0044435926030,"N/A","Jump Starters",711,149.99,-22,24,4,-79,3535.61,597.96,45,4.6,"Amazon","N/A",1,0,"N/A","Large Standard-Size",3.78,5.94,8.98,2.36,"N/A","N/A","11/30/2025",10,7,7,0.52
"https://amazon.com/dp/B0D635JP4B","https://m.media-amazon.com/images/I/71n8GpBw6tL._SX450_.jpg","B0D635JP4B","LOKITHOR J5000 PRO Jump Starter with ConnectMax, 5000A LiFePO4 Car Starter Battery for 12L Gas and 10.0L Diesel Engines, Jump Pack with 100W Two-Way Fast Charging, Super-Safe and 2000 Cycle Life","LOKITHOR","FBA","Automotive",485913,"N/A","N/A","N/A","N/A","Batteries & Accessories",5478,234.08,-31,33,33,56,9407.64,9407.5,5,5,"LOKITHOR Online","China",2,0,"N/A","Large Standard-Size",4.53,9.88,12.6,6.9,283.92,783.24,"02/28/2026",9,9,0,6.51
"https://amazon.com/dp/B0F5Q5TJD9","https://m.media-amazon.com/images/I/81UgDa+HLDL._SX450_.jpg","B0F5Q5TJD9","Woowind Jump Starter with Air Compressor 3-in-1 Car Battery Booster, 65W Power Bank, 150 PSI Portable Tire Inflator for 6.0L Gas, 3.0L Diesel Engines, 16000mAh Battery Booster with LED Light","Woowind","FBA","Automotive",486298,"N/A","N/A","N/A","N/A","Batteries & Accessories",5476,119.99,-10,17,13,-35,1935.28,1415.59,107,4.7,"Woowind Direct","China",2,0,"N/A","Large Standard-Size",4.69,4.88,8.43,3.24,97.02,267.64,"11/30/2025",11,10,2,0.16
"https://amazon.com/dp/B0FMYDFFPZ","https://m.media-amazon.com/images/I/719kdHKR-yL._SX450_.jpg","B0FMYDFFPZ","6000A Heavy Duty Jumper Starter with Sturdy Case","TEVOLE","FBA","Automotive",489361,"N/A","N/A",6974191782202,"N/A","Batteries & Accessories",5408,89.59,-28,28,28,224,3032.94,3032.62,24,4.7,"TUNNU DIRECT","USA",1,0,"N/A","Large Standard-Size",2.64,10.83,11.69,5.36,168.28,464.21,"02/28/2026",6,9,2,1.16
"https://amazon.com/dp/B095KH9S3S","https://m.media-amazon.com/images/I/715M8hTFHXL._SX450_.jpg","B095KH9S3S","Hulkman Alpha85,Carmine Red,2000A 74Wh Car Jump Starter, Includes 65W Quick Charger,12V Portable Car Battery Jump Starter,Backup Power Bank,LED Display,Jumper Cables for up to 8.5L Gas/6.0L Diesel","Hulkman","FBA","Automotive",489885,761062119542,"N/A",0761062119542,"N/A","Batteries & Accessories",5410,199.99,20,18,18,643,3635.8,3635.74,238,4.7,"HULKMAN Direct","China",1,2204,207,"Large Standard-Size",4.29,5.71,10.79,4.52,133.07,367.1,"10/31/2025",55,9,0,0.08
"https://amazon.com/dp/B0FPQPXNBP","https://m.media-amazon.com/images/I/81nWNjtkSNL._SX450_.jpg","B0FPQPXNBP","FOWAWU 22800 mAh 6000 A Peak Jump Starter for 12 V Vehicles (10 L Petrol / 8 L Diesel) and Moto, Car Battery Jump Starter Power Pack with Smart Jumper, 5 * 3.5 CM Large Screen and LED Torch","FOWAWU","-","Automotive",491424,723609815089,"N/A",0723609815089,"N/A","Batteries & Accessories",5676,39.99,"N/A",55,28,,2275.01,1122.76,"N/A","N/A",,"N/A",1,0,"N/A","Large Standard-Size",2.05,8.23,10.71,1.57,"N/A","N/A","02/28/2026",0,"N/A",7,"N/A"
"https://amazon.com/dp/B0DMCK6R7K","https://m.media-amazon.com/images/I/81s9+v47SgL._SX450_.jpg","B0DMCK6R7K","AMPBANK 4000A Portable Car Battery Jump Starter, 12V Jump Starter for Up to 10L Gas/8L Diesel Engines, Jump Pack with Jumper Cables & EVA Case (AB4000)","AMPBANK","FBA","Automotive",497701,"N/A","N/A","N/A","N/A","Batteries & Accessories",5537,69.99,"N/A",0,0,,"-","-",4,4.1,"AMPBANK Direct","China",1,0,"N/A","Large Standard-Size",4.21,6.26,10.63,2.95,141.05,389.1,"05/31/2025",13,7,0,0
"https://amazon.com/dp/B0B5ZVSJN7","https://m.media-amazon.com/images/I/71CjmvWisHL._SX450_.jpg","B0B5ZVSJN7","PKPOWER AC DC Adapter Replacement for 560 MAX Allstar All Star Boost Portable Jump Starter Charger","PKPOWER","FBM","Automotive",499807,"N/A","N/A","N/A","N/A","Batteries & Accessories",5548,12.98,3,0,0,-67,"-","-",1,1,"PK-Power","China",1,5,"N/A","Small Standard-Size",4,2,0.5,0.25,"N/A","N/A","09/30/2025",44,5,0,0
"https://amazon.com/dp/B0GKL8F7JM","https://m.media-amazon.com/images/I/81Zf4ZhcMyL._SX450_.jpg","B0GKL8F7JM","Car Battery Jump Starter with Air Compressor, 6000mAh Tire Inflator, 16.8V Portable Jump Box with LED Light/Flashlight for 6.0L Gas/3.0L Diesel, Car Battery Jumper Starter Portable, Jumper Cables","Denaztl","FBA","Automotive",502279,"N/A","N/A","N/A","N/A","Batteries & Accessories",5452,69.99,-75,19,19,,1300.55,1300.34,10,5,"Umali US","China",1,0,"N/A","Large Standard-Size",2.52,10.2,11.61,2.56,150.25,414.48,"02/28/2026",0,7,0,3.72
"https://amazon.com/dp/B0D62X9FXJ","https://m.media-amazon.com/images/I/71f5Zgb-3JL._SX450_.jpg","B0D62X9FXJ","LOKITHOR J2250 PRO Jump Starter with ConnectMax, 2250A LiFePO4 Car Starter Battery for 8.0L Gas and 6.0L Diesel Engines, Jump Pack with 60W Two-Way Fast Charging, Super-Safe and 2000 Cycle Life","LOKITHOR","FBM","Automotive",502282,"N/A","N/A","N/A","N/A","Batteries & Accessories",5644,117.98,-37,29,29,25,4186.24,4185.88,90,4.3,"TorqueLine Depot","USA",2,252,"N/A","Large Standard-Size",4.76,5.59,10.28,4.1,"N/A","N/A","11/30/2025",13,9,2,0.32
"https://amazon.com/dp/B01MSMSJMD","https://m.media-amazon.com/images/I/41N-kkBluBL._SX450_.jpg","B01MSMSJMD","Accessory USA AC DC Power Adapter for Husky Black & Decker Jump-Starter VEC013DB VEC270SB VEC139BW VEC1197 Battery Charger","Accessory USA","FBM","Automotive",503708,710847842991,"N/A",0710847842991,"N/A","Batteries & Accessories",5567,8.98,-63,1,1,-200,8.98,8.94,5,2.3,"Accessory USA","China",1,6,-40,"N/A","N/A","N/A","N/A","N/A","N/A","N/A","11/30/2025",112,1,0,0.2
"https://amazon.com/dp/B0F8NB4KT6","https://m.media-amazon.com/images/I/716JYo4w2pL._SX450_.jpg","B0F8NB4KT6","ZKpilse Car Jump Starter with Air Compressor, 4000A 12V Portable Jump Starter (All Gas/9L Diesel), Car Battery Jump Box with 150 PSI Tire Inflator, 3 Modes Flashlight, Storage Case, Jumper Cables","ZKpilse","FBA","Automotive",504621,737745280298,"N/A",0737745280298,"N/A","Jump Starters",729,39.99,-68,48,48,158,2006.76,2006.67,188,4.6,"luoyangyuhuawangluokejiyouxiangongsi","China",1,0,"N/A","Large Standard-Size",4.17,7.05,9.25,2.98,136.91,377.69,"07/31/2025",10,7,3,0.25
"https://amazon.com/dp/B0BGXFTQ4F","https://m.media-amazon.com/images/I/51HInEnUbIL._SX450_.jpg","B0BGXFTQ4F","1500A Peak 18000mAh Portable Jump Starter Pack(Up to 7.0L Gas and 5.5L Diesel Engine), 12V Auto Booster Battery Charger Lithium Car Jump Starter Box with LED Screen & Light","pericat","FBA","Automotive",505795,749649855144,"N/A",0749649855144,"N/A","Jump Starters",753,29.99,"N/A",0,0,,"-","-",92,3.9,"Windor Store","China",1,0,"N/A","Large Standard-Size",3.46,5.55,9.57,1.68,92.52,255.24,"03/31/2024",41,7,2,0
"https://amazon.com/dp/B0FH8NDPC6","https://m.media-amazon.com/images/I/71BRGkursTL._SX450_.jpg","B0FH8NDPC6","Wagan EL7601 iOnBoost V8 Slim Jump Starter 1200A Peak 12V Portable Lithium Car Battery Booster for Up to 4.0L V8 Gas or 2.0L Diesel 12V Jump Pack with USB Power Bank and LED Light","Wagan","FBA","Automotive",506109,084367076014,"N/A",0084367076014,"N/A","Batteries & Accessories",9245,84.95,-16,22,16,-13,1898.14,1173.59,105,4.4,"Wagan","USA",3,261,-20,"Large Standard-Size",3.31,4.45,7.76,1.52,57.55,158.75,"05/31/2024",8,9,4,0.21
"https://amazon.com/dp/B097NCHPRV","https://m.media-amazon.com/images/I/51dYIuGnBlS._SX450_.jpg","B097NCHPRV","Bright Way Replacement Battery for Stanley STA-J45C09 12V 18Ah NB Jump Starter","Bright Way Group","FBM","Automotive",507184,"N/A","N/A","N/A","N/A","Batteries & Accessories",5606,38.99,-36,0,0,,"-","-",2,5,"Batterysharks","USA",1,0,"N/A","N/A","N/A","N/A","N/A","N/A","N/A","N/A","12/31/2025",57,1,0,0
"https://amazon.com/dp/B0DRY8K5FB","https://m.media-amazon.com/images/I/519p74wc43L._SX450_.jpg","B0DRY8K5FB","Wall Charger for Gooloo GP4000 GP2000 GP3000 Jump Starter Power Cord AC Adapter for Gooloo Portable Car Jumpstarter Replacement, 2M/6.56Ft Black","OatXtorpor","FBA","Automotive",507798,738065889314,"N/A",0738065889314,"N/A","Batteries & Accessories",5553,9.99,-53,21,21,-32,209.61,209.32,9,4.7,"DITUO","China",1,251,"N/A","Large Standard-Size",1.69,2.72,3.66,0.2,8.47,23.37,"11/30/2025",15,7,0,2.33
"https://amazon.com/dp/B0D8KMG9X8","https://m.media-amazon.com/images/I/61fSg0SVwYL._SX450_.jpg","B0D8KMG9X8","2Pcs Jump Starter Cable Replacement Emergency Car Portable Battery Jump Starter Cable Clamp Car Booster Cable Alligator for 12v Mobile Charger Automotive Universal Vehicles Starter","Shutao","FBA","Automotive",513947,687117746368,"N/A",0687117746368,"N/A","Batteries & Accessories",5605,9.99,-28,11,7,-40,98.44,74,24,4,"Shutao","China",1,100,"N/A","Large Standard-Size",2.2,5.87,8.62,0.52,56.14,154.88,"02/28/2025",21,6,2,0.46
"https://amazon.com/dp/B0FTVG2W8R","https://m.media-amazon.com/images/I/719TZDblDZL._SX450_.jpg","B0FTVG2W8R","Car Jump Starter Adapter for Dewalt 20V/60V Li-ion Battery,Automotive Battery Booster with 12V Jumper Cable Clamps,Emergency Car Jumper Starter(Battery Not Included)","JREDK","FBA","Automotive",515949,759549687011,"N/A",0759549687011,"N/A","Batteries & Accessories",5578,29.99,61,38,38,25,1138.74,1138.22,4,3.5,"REDKAI","N/A",1,0,"N/A","Large Standard-Size",3.62,3.62,5.24,0.79,34.57,95.37,"01/31/2026",4,8,0,9.57
"https://amazon.com/dp/B0B1535ZQY","https://m.media-amazon.com/images/I/61LjnGnjKIL._SX450_.jpg","B0B1535ZQY","Onerbl AC/DC Adapter Replacement for Wagan Tech Jumpboost V6 V8 V10 Air 7552 7550 7556 Jump Boost Starter iOnBoost V 6 8 V 10 7501 7503 7502 7506 i On iOn Boost Lithium Jumpstarter Battery Charger","onerbl","FBA","Automotive",519842,"N/A","N/A",4741640311182,"N/A","Batteries & Accessories",5655,16.29,-35,15,15,23,243.84,243.74,9,4.2,"GreatComputerParts","China",3,185,54,"Large Standard-Size",1.5,3,4,0.25,9.06,25,"03/31/2025",46,4,0,1.66
"https://amazon.com/dp/B09V9X7M48","https://m.media-amazon.com/images/I/61l+CSknDiL._SX450_.jpg","B09V9X7M48","SLLEA DC 12V Wall Charger AC Adapter Replacement for Booster PAC ES6000 ES5000 Jump Starter","SLLEA","FBM","Automotive",522425,"N/A","N/A","N/A","N/A","Batteries & Accessories",5673,12.99,-10,3,3,-50,42.29,42.16,1,5,"FXOAWENQIC","China",1,10,"N/A","N/A","N/A","N/A","N/A","N/A","N/A","N/A","12/31/2025",48,4,0,3.25
"https://amazon.com/dp/B0CW1R51JJ","https://m.media-amazon.com/images/I/617T25ephyL._SX450_.jpg","B0CW1R51JJ","CASIMY GB150 Charger Jump Starter Battery XGC4 56-Watt Adapter Compatible with GB70 GB250+ GB251+ GB500 GB500+ Genius Boost UltraSafe Portable Lithium JumpStarter XGC4 Charging Cord Jumper Cables","CASIMY","FBA","Automotive",522464,"N/A","N/A","N/A","N/A","Batteries & Accessories",5663,10.49,-55,23,23,,282.84,282.53,9,4.6,"Casimy Power Adapter","China",1,86,"N/A","Large Standard-Size",1.85,4.65,5.55,0.09,24.03,66.28,"10/31/2024",31,6,0,2.56
"https://amazon.com/dp/B0FNR73L6G","https://m.media-amazon.com/images/I/71-tst8zp0L._SX450_.jpg","B0FNR73L6G","6000A Car Battery Jump Starter, 20000mAh Battery Jumper Starter Portable (10L Gas/8L Diesel), 12V Car Jumper Starter Portable, Jump Box Jump Pack with 3 Modes Flashlight","PHSDOR","FBA","Automotive",522518,792580278091,"N/A",0792580278091,"N/A","Batteries & Accessories",5679,39.99,-25,18,18,-127,723.78,723.66,88,4.6,"OGORI-US","China",2,0,"N/A","Large Standard-Size",4.49,4.88,9.53,1.65,105.1,289.94,"11/30/2025",4,7,0,0.21
"https://amazon.com/dp/B0CFXZ9BVW","https://m.media-amazon.com/images/I/81M-+05uKfL._SX450_.jpg","B0CFXZ9BVW","EcoNour Car Jump Starter | 1600A Peak | Portable Jump Starter | 12V Lithium Jump Box for 7L Gas and 5.5L Diesel Engines | Battery Jump Starter - LCD Display, Emergency Flashlight and Jumper Cables","EcoNour","FBA","Automotive",524370,"N/A","N/A","N/A","N/A","Jump Starters",749,44.99,-171,2,1,,106.9,52.4,37,4.3,"EcoNour","USA",1,0,"N/A","Large Standard-Size",3.31,5.12,9.17,1.76,78.24,215.84,"03/31/2026",28,7,3,0.06
"https://amazon.com/dp/B0F3W9WXW7","https://m.media-amazon.com/images/I/613Tdh4MHxL._SX450_.jpg","B0F3W9WXW7","Jump Starter 4000A Peak, Portable Car Battery Jump Starter for 9L Gas 8L Diesel Engines, Power Pack with LED Flashlight, USB Quick Charge, Auto Battery Charger for Cars, Trucks, SUV, Gifts for Men","Hererod","FBA","Automotive",524788,632125712362,"N/A",0632125712362,"N/A","Jump Starters",751,129.99,132,42,42,-89,5431.08,5430.96,1,5,"Qianjiang Simiaole Network Technology Co., Ltd.","China",1,0,"N/A","Large Standard-Size",3.39,3.98,6.93,1.46,47.08,129.86,"11/30/2025",6,6,0,41.75
"https://amazon.com/dp/B0FDH1JWW5","https://m.media-amazon.com/images/I/71VtF9t56KL._SX450_.jpg","B0FDH1JWW5","DeWalt DXAELJ18C 1800 Peak Amp Li-Ion Jump Starter with USB Power, Carrying Case","DEWALT","Amazon","Automotive",529818,814632015987,"N/A",0814632015987,"N/A","Jump Starters",761,149.95,-25,42,42,,7032.21,7032.04,2,4,"Amazon","N/A",4,0,"N/A","Large Standard-Size",4.49,6.1,10.59,3.1,"N/A","N/A","02/28/2026",2,8,0,21.11
"https://amazon.com/dp/B0B1ZXN5XS","https://m.media-amazon.com/images/I/71yCVjarFKL._SX450_.jpg","B0B1ZXN5XS","FBLFOBELI Hard Travel Carrying Case Compatible with Halo Bolt 58830/57720 mWh Portable Phone Laptop Charger Car Jump Starter (Not fit Halo Bolt Air 58830, Case Only)","FBLFOBELI","FBA","Automotive",532217,649615056462,"N/A",0649615056462,"N/A","Jump Starters",767,15.99,-23,5,5,-87,83.92,83.74,49,4.4,"FBL Fobeli","China",1,109,-25,"Large Standard-Size",3.86,5.71,8.5,0.49,94.32,260.2,"11/30/2024",46,7,0,0.11
"https://amazon.com/dp/B0F8N6PS9L","https://m.media-amazon.com/images/I/71BPtxbhEnL._SX450_.jpg","B0F8N6PS9L","Jump Starter with Air Compressor,26800mAh Battery Booster Pack & 150PSI Tire Inflator,4000A Peak 12V with Boost for All Gas/12L Diesel,Cars,SUV,Truck, 65W Portable Air,LED Light, Smart Jumper Cables","KZBUFCXZ","FBA","Automotive",533797,"N/A","N/A","N/A","N/A","Jump Starters",753,45.99,-24,22,22,-50,1003.63,1003.52,23,4.4,"yibeierkeji","China",1,0,"N/A","Large Standard-Size",3.43,4.88,8.7,2.26,73.25,202.07,"11/30/2025",8,7,0,0.95
"https://amazon.com/dp/B0G62Z1959","https://m.media-amazon.com/images/I/71FCa7b+hbL._SX450_.jpg","B0G62Z1959","Battery Jump Starter Adapter for Milwaukee M-18 18V, Automotive Car Battery Booster Jumper Cables with Adapter Power for Car Jump Starting Using Tool (No Battery)","TEPULAS","FBA","Automotive",534631,"N/A","N/A","N/A","N/A","Batteries & Accessories",5779,30.39,11,36,13,,1155.14,418.92,5,4.9,"STWL","China",1,0,"N/A","Large Standard-Size",1.97,1.57,1.18,0.88,1.84,5.09,"01/31/2026",1,7,3,7.26
"https://amazon.com/dp/B0CZCYSN4Q","https://m.media-amazon.com/images/I/81kFYZTYsWL._SX450_.jpg","B0CZCYSN4Q","Canboc Case for Halo Bolt Ultimate 2.0 3.0/ Halo Bolt Ultimate 55500/ Halo Bolt Air+ 1750 Portable Vehicle Jump Starter, Mesh Pocket fit Jump Cable, AC Outlet, Charger, with Shoulder Strap, Pink","Canboc","FBA","Automotive",536462,"N/A","N/A","N/A","N/A","Batteries & Accessories",5766,26.99,-32,14,3,-72,377.79,85.37,51,4.6,"Canboc","Hong Kong",1,417,-23,"Large Standard-Size",11,8,3,0.5,132.92,366.67,"11/30/2024",24,8,3,0.28
"https://amazon.com/dp/B07S4H4487","https://m.media-amazon.com/images/I/51R5bpv9QGL._SX450_.jpg","B07S4H4487","Wall Charger AC Adapter for BP-DL700 DURALAST 700 AMP Peak Jump Starter, 5 Feet, with LED Indicator","POWE-Tech","FBA","Automotive",536611,639196543246,"N/A",0639196543246,"N/A","Batteries & Accessories",5782,11.48,-17,3,3,-30,35.9,35.81,73,4.1,"CXHSXYT","China",4,167,-54,"Large Standard-Size",2.01,4.53,6.18,0.15,28.33,78.15,"06/30/2024",82,2,0,0.04
"https://amazon.com/dp/B0B2JW7PXY","https://m.media-amazon.com/images/I/51K2udWyRWL._SX450_.jpg","B0B2JW7PXY","14V Charger Fit for Halo Bolt 58830, 57720, 1201, 44400 Car Jump Starter, Wireless ACDC Air Compact Portable Replacement Power Supply Wall Plug Charging AC Adapter","Zondol","FBA","Automotive",537106,"N/A","N/A","N/A","N/A","Jump Starters",755,13.99,-13,8,8,-99,111.47,111.26,89,4.7,"Zondus","Singapore",1,218,20,"Large Standard-Size",1.85,2.72,4.69,0.2,11.88,32.78,"10/31/2025",46,5,0,0.09
"https://amazon.com/dp/B0FH9RV66N","https://m.media-amazon.com/images/I/711ar7cqGpL._SX450_.jpg","B0FH9RV66N","Car Jump Starter, 6000A 12V Jump Battery Pack (8.0 Gas/6.0L Diesel), Portable Jump Starter with Display, Car Jump Starter with Extended Smart Cables, Quick Charge 3.0, LED Light","YUSMAN","FBA","Automotive",538002,"N/A",10607609064296,"N/A","N/A","Batteries & Accessories",5808,39.99,-13,30,30,,1189.8,1189.68,168,4.6,"changsharuifengdianzishangwuyouxiangongsi","China",1,0,"N/A","Large Standard-Size",2.44,8.9,10.67,2.05,116.67,321.84,"10/31/2025",8,6,0,0.18
"https://amazon.com/dp/B09LBMBM5N","https://m.media-amazon.com/images/I/61J2+WCkK8L._SX450_.jpg","B09LBMBM5N","Halo Bolt ACDC Max 55500 mWh - Portable Phone Laptop Charger Car Jump Starter with Outlet, LCD Display, Flood Light and Car Charger - Platinum","HALO","Amazon","Automotive",542944,840056144989,00840056144989,0840056144989,"N/A","Jump Starters",780,132.89,-42,14,14,-74,1699.55,1699.31,458,4.6,"Amazon","N/A",1,506,-58,"Large Standard-Size",3.82,5.75,8.74,2.62,"N/A","N/A","11/30/2024",52,8,2,0.03
"https://amazon.com/dp/B0DYDHFHQL","https://m.media-amazon.com/images/I/71XK7PxFySL._SX450_.jpg","B0DYDHFHQL","LOXCUTT Car Jump Starter with Air Compressor, 1800A Peak 12000mAh Portable Car Battery Booster (All Gas/6.5L Diesel) with 150PSI Auto-Shutoff Tire Inflator，Fast Charge, LED Light","LOXCUTT","FBA","Automotive",543281,"N/A","N/A","N/A","N/A","Batteries & Accessories",5810,35.99,-68,8,8,14,292.44,292.27,8,3.9,"黎鸣电子商务有限公司","China",1,0,"N/A","Large Standard-Size",3.78,6.42,9.37,3.17,114.48,315.82,"07/31/2025",10,6,0,0.95
"https://amazon.com/dp/B0FK9Q8Y5R","https://m.media-amazon.com/images/I/416eikMJSVL._SX450_.jpg","B0FK9Q8Y5R","Wagan EL7610 iOnBoost V8 Jet 1200A Peak Jump Starter with Turbo Air Blower 12V Portable Lithium Car Battery Up to 4.0L V8 or 2.0L Diesel 95,000RPM Cordless Jet Blower Power Bank, for Car Home Use","Wagan","FBA","Automotive",544236,084367076106,"N/A",0084367076106,"N/A","Batteries & Accessories",5856,109.73,-39,5,5,267,626.27,626.24,220,4,"Wagan","USA",3,0,"N/A","Large Standard-Size",8.5,3.5,6.8,2.2,101.85,280.97,"11/30/2025",7,9,2,0.02
"https://amazon.com/dp/B0DF286LMB","https://m.media-amazon.com/images/I/71s1aQ4I92L._SX450_.jpg","B0DF286LMB","1000 Peak Amp Lead-Acid Multifunction Jump Starter and Power Pack with 150 PSI Air Compressor - Compatible with Viking","Generic","FBM","Automotive",545246,"N/A","N/A","N/A","N/A","Batteries & Accessories",5832,136.99,41,12,12,273,1729.46,1729.32,2,3.3,"WT Zone","USA",1,103,"N/A","N/A","N/A","N/A","N/A","N/A","N/A","N/A","11/30/2025",17,3,0,5.76
"https://amazon.com/dp/B0FH6X4YC2","https://m.media-amazon.com/images/I/71RzbdX72+L._SX450_.jpg","B0FH6X4YC2","Mudiro M-ONE Jump Starter 6000A, 12V Battery Jumper Starter Portable(All Gas/10L Diesel), Jump Box for Car, Lights, Compact & Powerful","MUDIRO","FBA","Automotive",546927,"N/A","N/A","N/A","N/A","Batteries & Accessories",5847,39.99,-40,81,81,140,2854.93,2854.82,42,4.2,"Mudiro","China",1,0,"N/A","Large Standard-Size",3.39,7.05,10.16,2.34,122.25,337.25,"01/31/2026",6,9,0,1.94
"https://amazon.com/dp/B0CW65LGGL","https://m.media-amazon.com/images/I/61R4AkeV+IL._SX450_.jpg","B0CW65LGGL","POANES 14V Battery Charger Compatible with NOCO Boost GB70 GB150 GB250+ GB251+ GB500 GB500+ Genius Boost Ultra Safe Lithium Jump Starter Battery XGC4 XGC 56W NOCO UltraSafe JumpStarter Charging Cord","POANES","FBA","Automotive",547036,"N/A","N/A","N/A","N/A","Batteries & Accessories",5875,6.99,-35,22,22,-37,175.39,175.09,34,4.5,"POANES","Hong Kong",1,163,"N/A","Large Standard-Size",1.85,2.72,3.82,0.21,9.66,26.66,"11/30/2024",25,7,0,0.65
"https://amazon.com/dp/B0DFX8N584","https://m.media-amazon.com/images/I/71+94c-oLGL._SX450_.jpg","B0DFX8N584","Portable Jump Starter Car Battery Booster with Air Compressor 12V Auto Power Charger 3500 Peak Amps Heavy Duty Tire Inflator Includes Cables and Pack Box for Emergency Vehicle Start Tire Boost","ZXFZHBD","FBA","Automotive",547446,"N/A","N/A","N/A","N/A","Batteries & Accessories",5851,49.9,-36,3,3,-10,173.2,173.12,7,3.7,"Honghuizhihui","China",1,51,"N/A","Large Standard-Size",4.29,4.92,8.9,2.18,94.58,260.9,"11/30/2024",16,9,0,0.5
"https://amazon.com/dp/B0FDWVDX61","https://m.media-amazon.com/images/I/713FcanCl3L._SX450_.jpg","B0FDWVDX61","YESPER 78000mAh Car Jump Starter Pack - 6000A Heavy Duty Trucks Battery Jump Starter for All 12V Diesel & Gas, SuperSafe Portable Jump Box, Powerful Force Start Jumper Pack (-40°F to 140°F)","YESPER","FBA","Automotive",547952,"N/A","N/A","N/A","N/A","Batteries & Accessories",5906,285.99,-17,27,27,-64,9295.37,9294.99,23,4.3,"YESPER DIRECT","China",1,0,"N/A","Large bulky",9,12.81,13.62,11.45,508.88,1272.19,"11/30/2025",7,9,0,1.16
"https://amazon.com/dp/B0FHW7MWSC","https://m.media-amazon.com/images/I/71eUNjkRumL._SX450_.jpg","B0FHW7MWSC","Car Battery Jump Starter with Air Compressor,8000mAh Battery Jump Box with Tire Inflator,Jump Booster with Smart Jumper Cables,LED Light Emergency Kits for Vehicles,Arrancador Ae Batería","Povix","FBA","Automotive",550484,"N/A","N/A","N/A","N/A","Batteries & Accessories",5878,65.99,-34,22,16,-31,1448.62,1044.68,1,5,"Povix Direct","China",1,0,"N/A","Large Standard-Size",4.41,5.83,9.5,2.85,122.97,339.23,"12/31/2025",7,8,2,21.59
"https://amazon.com/dp/B0FMY7N2HD","https://m.media-amazon.com/images/I/71BsjS7ccpL._SX450_.jpg","B0FMY7N2HD","GREPRO Jump Starter with Air Compressor, 5000A Battery Jumper Starter Portable(10.0L Gas/8.0L Diesel),150PSI Tire Inflator 12V Car Battery Booster with Jumper Cables, Digital Display, LED Flashlight","GREPRO","FBA","Automotive",551311,"N/A","N/A","N/A","N/A","Batteries & Accessories",5886,109.99,-15,4,10,-117,334.54,818.12,34,4.6,"GREPRO TRADE","China",1,0,"N/A","Large Standard-Size",4.21,6.38,7.99,3.06,108.05,298.07,"11/30/2025",5,8,0,0.12
"https://amazon.com/dp/B0F37X54K2","https://m.media-amazon.com/images/I/716YG4+SUzL._SX450_.jpg","B0F37X54K2","JFEGWO CS02-8250A Jump Starter Heavy Duty with Air Compressor (All Gas/12L Diesel), 118Wh 150PSI Portable Car Truck Jump Pack, 12V Lithium Jump Box Battery Booster Pack 65W Fast Charging LED Display","ATGFOX","FBA","Automotive",554623,"N/A","N/A","N/A","N/A","Jump Starters",792,349.99,-38,26,26,,9001.25,9000.86,28,4,"ATGFOX","China",1,0,"N/A","Large Standard-Size",5.12,8.7,11.54,7.39,258.8,713.94,"02/28/2026",9,9,1,0.92
"https://amazon.com/dp/B00AZAABWM","https://m.media-amazon.com/images/I/51FYpMvehYL._SX450_.jpg","B00AZAABWM","Jump N Carry 1700 Peak Amp 12 Volt Jump Starter (KKC-660)","AGEGDXW","FBM","Automotive",556190,010219025350,"N/A",0010219025350,"N/A","Jump Starters",794,139.99,-29,10,10,-53,1416.08,1415.97,89,4.7,"JBTools","USA",1,561,124,"Large Standard-Size",8,4,8,21.61,"N/A","N/A","05/31/2025",100,1,0,0.11
"https://amazon.com/dp/B0FB8JT2CK","https://m.media-amazon.com/images/I/61OB54Kpf8L._SX450_.jpg","B0FB8JT2CK","﻿3000A Jump Starter, 12V Portable Battery Charger, Auto Battery Booster 6000mAh Jump Pack with Smart Jumper Clamps for Up to 9.0L Gas & 7.0L Diesel Engines, Booster Pack with Built-in LED Light","lupuauto","FBA","Automotive",556993,"N/A","N/A","N/A","N/A","Jump Starters",773,38.99,-46,17,17,100,670.97,670.85,6,4.1,"NLpearl Official Store","China",1,0,"N/A","Large Standard-Size",4.25,7.28,10,1.92,155.77,429.72,"11/30/2025",9,7,0,2.87
"https://amazon.com/dp/B0FTB1LVYW","https://m.media-amazon.com/images/I/711BlkKM4FL._SX450_.jpg","B0FTB1LVYW","STANLEY J15CF 1500 Peak Amp Jump Starter, 120 PSI Compressor, Light, AC, and USB Power","STANLEY","FBM","Automotive",557508,814632015475,00814632015475,0814632015475,"N/A","Batteries & Accessories",5932,116.99,"N/A",53,57,,7226.26,7816.1,1,5,"RalexInc","USA",3,0,"N/A","Large bulky",8.15,13.23,14.09,20.57,"N/A","N/A","02/28/2026",2,6,0,53.41
"https://amazon.com/dp/B0BYGNVR71","https://m.media-amazon.com/images/I/813nPiBxXsL._SX450_.jpg","B0BYGNVR71","Antigravity Batteries: 4650A Jump Starter – 12V Heavy Duty Lithium Battery Booster Pack, Portable Jump Box, for up to 10.0L Gas & 8.0L Diesel Engines","Antigravity Batteries","FBM","Automotive",558518,711811704628,00711811704628,0711811704628,"N/A","Jump Starters",798,250,"N/A",0,0,-128,"-","-",202,4.5,"Antigravity Batteries","USA",1,948,-58,"Large Standard-Size",2.8,8.35,11.14,4.14,"N/A","N/A","12/31/2024",36,8,0,0
"https://amazon.com/dp/B0DQ8BJMPV","https://m.media-amazon.com/images/I/61ovPM12VoL._SX450_.jpg","B0DQ8BJMPV","BAYU 4 in 1 Car Smart Kit, 19000PA Car Vacuum Cleaner, 200PSI Cordless Pressure Washer, 150PSI Tire Inflator Portable Air Compressor, 15000mAh Portable Charger for Car, Bike, Motor (E-Pro)","BAYU","FBA","Automotive",559137,"N/A","N/A","N/A","N/A","Batteries & Accessories",5946,168,3,6,2,77,938.4,280.02,11,4.8,"Bayu auto & outdoor smart kit","China",1,117,"N/A","Large Standard-Size",6.75,12,16.5,8.7,672.89,1856.25,"07/31/2025",15,9,3,0.53
"https://amazon.com/dp/B0DQ8B12TW","https://m.media-amazon.com/images/I/61ovPM12VoL._SX450_.jpg","B0DQ8B12TW","BAYU 3 in 1 Car Smart Kit, 8000PA Car Vacuum Cleaner, 200PSI Cordless Pressure Washer, 150PSI Tire Inflator Portable Air Compressor for Car, Bike, Motor (E)","BAYU","FBA","Automotive",559137,"N/A","N/A","N/A","N/A","Batteries & Accessories",5946,148,-10,6,3,77,938.4,488.52,11,4.8,"Bayu auto & outdoor smart kit","China",1,117,"N/A","Large Standard-Size",15.35,11.02,5.12,9,436.05,1202.89,"07/31/2025",15,9,3,0.53
"https://amazon.com/dp/B00IJB51WY","https://m.media-amazon.com/images/I/715liN-bk5L._SX450_.jpg","B00IJB51WY","CAT CJ3000 Professional Jump Starter 1000 Peak Amp Battery Booster, Built-In Power Switch, Battery Clamps, Yellow","CAT","FBA","Automotive",561750,814632011293,00814632011293,0814632011293,"N/A","Jump Starters",800,97.02,-14,33,33,-39,2785.13,2784.81,857,3.3,"Vera Tools","USA",2,348,-19,"Large Standard-Size",7,13,18,21.45,824.69,2275,"11/30/2024",131,7,0,0.04
"https://amazon.com/dp/B0BYNK18G5","https://m.media-amazon.com/images/I/81-4UArx-gL._SX450_.jpg","B0BYNK18G5","Aenllosi Hard Carrying Case Compatible with NEXPOW T11F 12V Car Jump Battery Starter Power Pack with USB,1000A Quick Charge Battery Booster Holder (Red Zipper,Case Only)","Aenllosi","FBA","Automotive",562012,"N/A","N/A","N/A","N/A","Jump Starters",800,20.99,"N/A",20,5,-37,383.86,109.53,642,4.4,"Aenllosi","China",1,272,-45,"Large Standard-Size",3.58,5.98,7.72,0.44,83.21,229.55,"12/31/2024",36,7,3,0.03
"https://amazon.com/dp/B07QNNG12L","https://m.media-amazon.com/images/I/81jT1EU3oQL._SX450_.jpg","B07QNNG12L","Case for Halo Bolt 58830/57720 mWh Portable Phone Laptop Charger Car Jump Starter, Power Bank Storage Holder with Mesh Pocket for AC Outlet, Car Charger and Accessories (Not for Halo Bolt Air)","Comecase","FBA","Automotive",563043,733205263818,"N/A",0733205263818,"N/A","Jump Starters",804,19.99,-32,36,9,-93,695.05,179.34,574,4.6,"Comecase Direct","China",1,1206,-52,"Large Standard-Size",2.7,7.1,8.8,0.55,84.93,234.3,"11/30/2024",83,7,3,0.06
"https://amazon.com/dp/B0DM8R6N7T","https://m.media-amazon.com/images/I/71cldxKDnRL._SX450_.jpg","B0DM8R6N7T","6.56FT 8AWG Milwaukee Jump Starter, M18 18V Jumper Cables for Car with Adapter, Automotive Battery Jumper Cables for Mid-Size Cars Light Trucks Car Jump Starting Using Tool","zxbaers","FBA","Automotive",566120,"N/A","N/A","N/A","N/A","Jump Starters",806,19.99,-61,29,29,,490.98,490.59,2,5,"zxbaers","China",1,35,"N/A","Large Standard-Size",2,2,2,1,4.03,11.11,"02/28/2026",16,8,0,14.38
"https://amazon.com/dp/B0DP2L3ZJB","https://m.media-amazon.com/images/I/711ngxLcrQL._SX450_.jpg","B0DP2L3ZJB","Portable Car Jump Starter with Air Compressor - 3000A/150PSI, 12V Portable Jump Box for 5.0L Diesel & 8.0L Gas, Compact Battery Jump Pack, Extended Smart Jumper Cables, USB Outputs, and Lights","BOFEKTE","FBA","Automotive",566612,"N/A","N/A","N/A","N/A","Batteries & Accessories",7560,79.99,-17,20,6,,1337.76,503.92,41,4.1,"Bofeikete","China",1,0,"N/A","Large Standard-Size",2.68,11.54,16.65,2.69,259.26,715.19,"02/28/2026",16,9,2,0.49
"https://amazon.com/dp/B0DCG33TZ8","https://m.media-amazon.com/images/I/61592Kcxk6L._SX450_.jpg","B0DCG33TZ8","FOTON Car Jump Starter 30000mAh Power Bank Portable Battery Pack Starting Device Smart Clip Circuit Protection for Vehicle SUV 600Amp (7L Gasoline & 5.5L Diesel) 12v Emergency Auto Booster (Black)","FOTN","FBM","Automotive",568030,"N/A","N/A","N/A","N/A","Batteries & Accessories",6020,17.99,-86,25,13,,459.39,239.38,2,5,"Taiyuan Xiaolang E-commerce Co., Ltd.","China",1,80,"N/A","Large Standard-Size",2.83,4.57,7.91,1.34,"N/A","N/A","02/28/2026",12,7,4,12.67
"https://amazon.com/dp/B0CLXLKWX5","https://m.media-amazon.com/images/I/71DCoNgYDOL._SX450_.jpg","B0CLXLKWX5","LISIXLIUYI Car Jump Starter with Air Compressor (3.5L Gas / 4.0L Diesel) 12V Auto Battery Booster Pack Jump Box 1000A Peak Portable Smart Battery Charger Tire Inflator 160PSI for Car","LISIXLIUYI","FBA","Automotive",568119,"N/A","N/A","N/A","N/A","Batteries & Accessories",6019,59.99,-49,74,74,,2520.97,2520.2,7,5,"Sixliuyi","China",1,290,544,"Large Standard-Size",4.29,5.94,7.36,2.4,94.43,260.49,"10/31/2025",25,9,0,10.59
"https://amazon.com/dp/B0DDXQPDFZ","https://m.media-amazon.com/images/I/71RP384FSCL._SX450_.jpg","B0DDXQPDFZ","Car Battery Jumper Starter Portable: 2500A Car Jump Starter with LCD Display - 12V Auto Jump Starter Battery Pack with Jumper Cables - Jump Box for Car Battery 8.0L Gas & 7.0L Diesel Engine, Black","PowQ","FBA","Automotive",569731,707457223562,"N/A",0707457223562,"N/A","Batteries & Accessories",6030,29.99,30,33,21,-112,1105.66,643.9,152,4.2,"KOPUSES","China",1,0,"N/A","Large Standard-Size",3.43,5.47,8.43,1.72,79.63,219.67,"11/30/2025",16,6,2,0.22
"https://amazon.com/dp/B0DDXQ3MC4","https://m.media-amazon.com/images/I/71puRRDAtEL._SX450_.jpg","B0DDXQ3MC4","Car Battery Jump Starter 4000A: Battery Jumper Starter Portable Charger with Jumper Cables, 12V Auto Jump Starter Battery Pack - Car Starter Jump Box for All Gas & 10.0L Diesel Engines, Black & Red","PowQ","FBA","Automotive",569808,707457223579,"N/A",0707457223579,"N/A","Batteries & Accessories",6031,39.99,-25,33,12,-112,1105.66,461.25,152,4.2,"KOPUSES","China",1,0,"N/A","Large Standard-Size",3.62,6.02,9.41,2.47,103.25,284.81,"11/30/2025",16,6,2,0.22
"https://amazon.com/dp/B07TVRDWFM","https://m.media-amazon.com/images/I/81133aEIApL._SX450_.jpg","B07TVRDWFM","Comecase Case Compatible with Halo Bolt Air 58830 Mwh/for ACDC Max 55500 mWh/for Air+ Portable Emergency Power Kit with Dividers, Jump Starter Storage Holder Bag for AC Inverter and Accessories-Black","Comecase","FBA","Automotive",570008,"N/A","N/A",5762033883801,"N/A","Jump Starters",811,19.99,-8,36,9,-93,695.05,182.6,132,4.7,"Comecase Direct","China",1,1206,-52,"Large Standard-Size",3.58,10.31,11.26,0.75,209.25,577.23,"11/30/2024",38,7,3,0.27
"https://amazon.com/dp/B0DHC3PYL4","https://m.media-amazon.com/images/I/61xC2vvaSnL._SX450_.jpg","B0DHC3PYL4","Jump Starter with Air Compressor, 4000A Peak Car Battery Jumper for 9L Gas, 8L Diesel - Portable 12V Battery Charger Booster with 150 PSI Tire Inflator, Jump Box Car Battery Jumper Starter Portable","camelenergy","FBA","Automotive",573922,791126749828,"N/A",0791126749828,"N/A","Batteries & Accessories",6061,49.99,-45,18,18,-54,902.66,902.55,63,4.4,"Camel Energy","USA",1,344,"N/A","Large Standard-Size",5.59,7.64,10.98,5.38,236.09,651.29,"11/30/2024",16,6,2,0.29
"https://amazon.com/dp/B0B68R2RX1","https://m.media-amazon.com/images/I/719hVAFXMJL._SX450_.jpg","B0B68R2RX1","NEXPOW 2000A Battery Jumper Starter Portable, 12V Car Jump Starter, Auto Battery Booster, Lithium Jump Box with LED Light/USB Quick Charge 3.0","NEXPOW","FBA","Automotive",575278,"N/A","N/A","N/A","N/A","Batteries & Accessories",7375,79.99,"N/A",26,26,,2076.2,2075.81,15357,4.5,"NEXPOW Direct","China",1,0,"N/A","Large Standard-Size",4.49,5.79,10.98,2.62,143.72,396.46,"06/30/2025",21,7,2,0
"https://amazon.com/dp/B0DNVHL831","https://m.media-amazon.com/images/I/71acURdqCDL._SX450_.jpg","B0DNVHL831","Jump Starter with Air Compressor, 3000A 150PSI Portable Car Battery Jump Starter(9L Gas/8L Diesel), 12V Jump Box Car Battery Jumper Starter Portable Jumper Cable, LCD Screen","IRIHUP","FBA","Automotive",578614,"N/A","N/A","N/A","N/A","Batteries & Accessories",6098,39.99,-56,6,6,-112,226.22,226.1,14,4.3,"IRIHUP","China",1,0,"N/A","Large Standard-Size",4.69,8.11,11.3,2.93,216.4,596.95,"11/30/2025",7,7,0,0.4
"https://amazon.com/dp/B0FHQ3SG5Q","https://m.media-amazon.com/images/I/610ogfVlKvL._SX450_.jpg","B0FHQ3SG5Q","Jump Starter Compatible with Milwaukee 18V Batteries - Portable 11AWG 1.2FT Jumper Cable Kit, Car Jump Starter for Vehicle Batteries (Battery Not Included)","Lambrix","FBA","Automotive",579466,"N/A","N/A","N/A","N/A","Batteries & Accessories",6109,30.99,-16,9,9,-32,291.22,291.03,4,3.2,"liwen shop","China",1,0,"N/A","Large Standard-Size",3.7,4.17,4.72,0.88,36.67,101.15,"09/30/2025",6,7,0,2.2
"https://amazon.com/dp/B071G9TKMD","https://m.media-amazon.com/images/I/71uxXxBEhIL._SX450_.jpg","B071G9TKMD","YESPER 4000A Jump Starter, 12V Car Battery Jump Starter 24000mAh Power Pack, (All Gas/10L Diesel Engine) Portable Jump Starter for Car with 100W Quick Charge Cables,Booster, LED Light - Armor Series","YESPER","FBA","Automotive",579748,"N/A","N/A","N/A","N/A","Batteries & Accessories",6110,119.99,10,32,32,-59,3781.22,3780.78,46,4.5,"YESPER DIRECT","China",1,0,"N/A","Large Standard-Size",4.09,5.39,11.1,3.51,123.2,339.86,"11/30/2025",7,9,0,0.69
"https://amazon.com/dp/B0DZVJHRQH","https://m.media-amazon.com/images/I/71k3DhZ+6sL._SX450_.jpg","B0DZVJHRQH","B31 2000A Jump Starter with Air Compressor(150PSI), 5-in-1 Portable Car Battery Charger for Up to 7.0L Gas & 6.5L Diesel, Smart Tire Inflator with Auto Shut-Off, USB Fast Charge, LED Emergency Light","Dspark","FBA","Automotive",580606,"N/A","N/A","N/A","N/A","Batteries & Accessories",6309,55.99,-30,27,7,-20,1373.12,436.32,44,4.5,"Dsaprk","China",1,0,"N/A","Large Standard-Size",4.76,6.02,9.61,3.37,138.64,382.47,"10/31/2025",10,8,3,0.61
"https://amazon.com/dp/B0F1T9ND7G","https://m.media-amazon.com/images/I/71cQ-qt7acL._SX450_.jpg","B0F1T9ND7G","Compact 2000A Car Jump Starter, Ultra-Portable & Beginner-Safe Battery Booster for Up to 7.0L Gas / 6.5L Diesel, Lightweight 12V Jump Box with USB Fast Charge & LED Emergency Light","Dspark","FBA","Automotive",580612,"N/A","N/A","N/A","N/A","Batteries & Accessories",6310,42.99,-10,27,16,-16,1387.77,648.76,44,4.5,"Dsaprk","China",1,0,"N/A","Large Standard-Size",3.9,5.47,9.49,2.23,101.93,281.18,"10/31/2025",9,8,3,0.62
"https://amazon.com/dp/B0C1TX7SQC","https://m.media-amazon.com/images/I/61TLqXeAFUL._SX450_.jpg","B0C1TX7SQC","MJPOWER DC 12V to 24V Car Charger for Oxygo Next, OxyGo FIT,Portable Oxygen Concentrtor (POC) 1400-3000 Oxy go SKU Part # 1400-1050 Oxy gen 14001050 Auto Cigarette Lighter Power Cord Battery Charger","MJPOWER","FBA","Automotive",581178,"N/A","N/A","N/A","N/A","Batteries & Accessories",6124,26.99,-34,9,9,360,244.36,244.12,7,4.4,"MJPOWER-US","China",1,69,38,"Large Standard-Size",1.22,5.04,7.09,0.34,21.94,60.54,"12/31/2024",45,8,0,1.3
"https://amazon.com/dp/B0DG4WP343","https://m.media-amazon.com/images/I/71f6J1J2vjL._SX450_.jpg","B0DG4WP343","FLAA Jump Starter with Air Compressor 6000A, Portable Car Battery Booster, Jumper, 150PSI Tire Inflator, Power Pack, USB-C Quick Charge, for 12V Cars, Trucks, SUVs, 8.5L Gas/6.5L Diesel","FLAA","FBA","Automotive",581649,"N/A","N/A","N/A","N/A","Batteries & Accessories",6210,75.49,-44,17,17,-20,1277.35,1277.06,21,4.6,"FLAA LLC","USA",1,164,"N/A","Large Standard-Size",5.12,7.99,8.82,3.62,181.66,501.13,"07/31/2025",15,9,0,0.8
"https://amazon.com/dp/B0F32GRXT9","https://m.media-amazon.com/images/I/81c72hHnD1L._SX450_.jpg","B0F32GRXT9","Scstartx 3000A Peak Car Jump Starter with 150PSI Air Compressor – Smart Jump Cable, LED Flashlight & USB Charger, 12V Emergency Starter for Vehicles up to 10L Gas & 8L Diesel","Scstartx","FBA","Automotive",581776,735083503680,"N/A",0735083503680,"N/A","Batteries & Accessories",10526,49.99,62,36,15,-3,1187.56,642.12,190,4.1,"hangluokeji","China",1,0,"N/A","Large Standard-Size",3.46,8.39,9.17,2.56,134.02,369.72,"01/31/2026",12,6,3,0.19
"https://amazon.com/dp/B0DZJ15GJG","https://m.media-amazon.com/images/I/618KY+xhpwL._SX450_.jpg","B0DZJ15GJG","ZEHON 12V Industrial Super Fast Reverse 1500amp 24000ma Car Battery Jumper Starter,Power Bank with USB and LED Light, Supersafe Portable Jump Box for Emergency Use to Gas 8.0L/Diesel 12L Engines","Zehon","FBA","Automotive",582070,"N/A","N/A","N/A","N/A","Jump Starters",779,99.99,"N/A",6,6,,644.68,644.51,"N/A","N/A","LINGUANG","China",1,0,"N/A","Large Standard-Size",3.98,9.17,10.39,4.01,190.92,526.67,"01/31/2026",3,7,0,"N/A"
"https://amazon.com/dp/B0FSKYP7G2","https://m.media-amazon.com/images/I/61O4dDP9M3L._SX450_.jpg","B0FSKYP7G2","Car Battery Jump Starter Portable, 7000A Peak Battery (for 10.0L Gas or Up to 9.0L Diesel),Portable Booster Power Pack,LCD Display, USB Quick Charge & LED Light","BSMOOM","FBA","Automotive",584564,761814059317,"N/A",0761814059317,"N/A","Batteries & Accessories",6202,37.99,-14,68,68,,2650.69,2650.56,8,3.8,"ManChiGu US Inc","China",1,0,"N/A","Large Standard-Size",4.72,5.08,9.76,1.81,117.82,325.03,"01/31/2026",2,7,0,4.87
"https://amazon.com/dp/B084CSM4SV","https://m.media-amazon.com/images/I/71lnYboBXoL._SX450_.jpg","B084CSM4SV","Emergency Start","Ionic Batteries","FBM","Automotive",584635,700220599369,"N/A",0700220599369,"N/A","Batteries & Accessories",6184,129,12,22,22,10,2773.47,2773.34,16,4.6,"LithiumHub","USA",1,233,59,"N/A","N/A","N/A","N/A","N/A","N/A","N/A","11/30/2025",28,5,0,1.34
"https://amazon.com/dp/B0BXCXW8FM","https://m.media-amazon.com/images/I/6195e81ffyL._SX450_.jpg","B0BXCXW8FM","KONKIN BOO Replacement Wall AC Adapter Charger for TACKLIFE T8 800A car 12V Battery Jump Starter Power","KONKIN BOO","FBM","Automotive",585221,"N/A","N/A",8336803762459,"N/A","Batteries & Accessories",6186,10.08,-26,10,10,-21,96.35,96.1,13,4.2,"AprilMall","China",1,104,-33,"N/A","N/A","N/A","N/A","N/A","N/A","N/A","11/30/2024",37,6,0,0.73
"https://amazon.com/dp/B091TLMN1J","https://m.media-amazon.com/images/I/61tT1GZFo+L._SX450_.jpg","B091TLMN1J","AC DC Adapter for Vector Start-It Compact Elite VEC010S 300 Amps Jump Starter","KONKIN BOO","FBM","Automotive",585549,"N/A","N/A",8747487822139,"N/A","Batteries & Accessories",6163,7.09,-44,1,1,-116,8.51,8.44,"N/A","N/A","AprilMall","China",1,15,"N/A","N/A","N/A","N/A","N/A","N/A","N/A","N/A","12/31/2025",60,5,0,"N/A"
"https://amazon.com/dp/B0G444Q38J","https://m.media-amazon.com/images/I/61t85AjjCzL._SX450_.jpg","B0G444Q38J","VisualPower 4000A Peak Car Jump Starter, 12V Portable Battery Booster for 7.0L Gas & 5.0L Diesel Engines, 9 Protections, Fast Charging Power Bank, LED Flashlight & Case","VisualPower","FBA","Automotive",587438,"N/A","N/A","N/A","N/A","Batteries & Accessories",6145,59.99,"N/A",17,17,,1017.99,1017.91,20,4.5,"VisualPower","China",2,0,"N/A","Large Standard-Size",3.5,5.91,7.64,1.59,79.57,219.49,"02/28/2026",1,9,0,0.85
"https://amazon.com/dp/B0GJJV6XK6","https://m.media-amazon.com/images/I/61nA1CQe9JL._SX450_.jpg","B0GJJV6XK6","VEVOR Jump Starter, 1500A Peak, Car Jumper Starter Battery Pack, 12V Portable Lithium Battery Booster, Jump Box Power Bank with 3 Modes Flashlight and Jumper Cable, for Up to 6L Gas/4L Diesel Engines","VEVOR","Amazon","Automotive",588549,197988362654,"N/A",0197988362654,"N/A","Batteries & Accessories",6231,51.9,-104,23,23,,1175.91,1175.85,"N/A","N/A","Amazon","N/A",1,0,"N/A","Large Standard-Size",4.92,4.13,8.86,1.94,"N/A","N/A","02/28/2026",0,9,0,"N/A"
"https://amazon.com/dp/B0FX3P8JJX","https://m.media-amazon.com/images/I/51tP4XVoFlL._SX450_.jpg","B0FX3P8JJX","11000A Jump Starter with Air Compressor, 12V Jump Box Car Battery Jumper Starter Portable Jumper Cables Light","Sharmeal","FBM","Automotive",589684,"N/A","N/A","N/A","N/A","Batteries & Accessories",6245,78,-17,0,0,-122,"-","-","N/A","N/A","Sharmeal","China",1,0,"N/A","N/A","N/A","N/A","N/A","N/A","N/A","N/A","11/30/2025",4,5,0,"N/A"
"https://amazon.com/dp/B0CW1K5Q4D","https://m.media-amazon.com/images/I/51lReTwFSJL._SX450_.jpg","B0CW1K5Q4D","CASIMY 12V Car Battery Jumper Starter Portable Charger DSR114 DSR115 Compatible with Schumacher DSR 114 PSJ 1812 2212 3612 4424 ProSeries PSJ1812 PSJ2212 PSJ3612 PSJ4424 SAC-109 Battery Power Supply","CASIMY","FBA","Automotive",596949,"N/A","N/A","N/A","N/A","Batteries & Accessories",6258,22.99,-11,25,25,-11,585.25,584.86,19,4,"Casimy Power Adapter","China",1,423,"N/A","Large Standard-Size",1.69,3.58,5.12,0.39,15.63,43.11,"08/31/2025",31,7,0,1.34
"https://amazon.com/dp/B00K9ET2QA","https://m.media-amazon.com/images/I/61EtmTIrd8L._SX450_.jpg","B00K9ET2QA","UpBright Car Male Plug 12V DC Adapter Compatible with Schumacher 94500109 SAC-109 XP2260-CA XP2260W DSR ProSeries DSR114 DSR115 DSR116 DSR119 Rechargeable AGM Jump Starter 12 Volt Power Supply Charger","UPBRIGHT","FBM","Automotive",599487,608410342859,"N/A",0608410342859,"N/A","Batteries & Accessories",6287,12.99,"N/A",6,6,,74.93,74.78,37,4.5,"Metasources","USA",1,13,-93,"Large Standard-Size",1.46,3.27,4.41,0.33,"N/A","N/A","12/31/2024",142,7,0,0.16
"https://amazon.com/dp/B0GF97YTQ7","https://m.media-amazon.com/images/I/81nroOfWFXL._SX450_.jpg","B0GF97YTQ7","Car Battery Jump Starter with Air Compressor, Portable Jump Pack Fit for 1.5L-8L Gas & Diesel Vehicles (All 12V Batteries Car), Fast Tire Inflation & Long-Lasting Battery Jump Box Ideal Gift for Men","BRIGHTSHOW","FBA","Automotive",599870,"N/A","N/A","N/A","N/A","Batteries & Accessories",6225,45.99,"N/A",34,34,,1558.61,1558.5,21,4.6,"FLYFASHION","China",1,0,"N/A","Large Standard-Size",5.47,5.91,9.53,2.27,155.11,427.89,"02/28/2026",1,8,0,1.78
"https://amazon.com/dp/B0CZHTGR3H","https://m.media-amazon.com/images/I/81OKxJTjLoL._SX450_.jpg","B0CZHTGR3H","Scatach Q16 5000A Car Jump Starter with Air Compressor, 150PSI Portable Jump Starter Battery Pack (14.0L Gas/12.0L Diesel), with QC3.0, Large Display, 3 Modes Flashlight and Jumper Cable","Scatach","FBA","Automotive",600599,727636495566,"N/A",0727636495566,"N/A","Batteries & Accessories",6303,79.99,-10,11,11,300,867.37,867.11,31,3.7,"Scatach power","China",1,0,"N/A","Large Standard-Size",5.16,7.95,9.72,3.62,200.75,553.8,"01/31/2026",18,7,0,0.35
"https://amazon.com/dp/B0G4M7WTX5","https://m.media-amazon.com/images/I/71aXe7y40wL._SX450_.jpg","B0G4M7WTX5","VisualPower 5000A Car Jump Starter, Portable Battery Jump Starter for Car with Hard Case Bag, 12000mAh Power Bank Jump Pack for 10.0L Gas/9.0L Diesel Engines with LED Flashlight","VisualPower","FBA","Automotive",600759,"N/A","N/A","N/A","N/A","Batteries & Accessories",6325,69.99,-6,1,18,,88.95,1089.83,9,4.4,"VisualPower","China",1,0,"N/A","Large Standard-Size",3.27,1.38,6.77,2.14,15.38,42.43,"01/31/2026",2,7,0,0.16
"https://amazon.com/dp/B0GFSPVSNJ","https://m.media-amazon.com/images/I/71d2l2Y6oOL._SX450_.jpg","B0GFSPVSNJ","Jump Starter with Air Compressor, 6000A Peak Car Jumper Starter Portable, 150PSI 14.8V Jump Box with Jumper Cables, for Cars and Motorcycles, LCD Display","SERVOMASTER","FBM","Automotive",604262,739630925512,"N/A",0739630925512,"N/A","Batteries & Accessories",6347,23.99,"N/A",14,14,,419.78,419.53,1,5,"GrandGreenView","China",1,0,"N/A","Large Standard-Size",5.51,2.95,8.07,1.43,"N/A","N/A","02/28/2026",2,7,0,14.42
"https://amazon.com/dp/B0CCDJLMNL","https://m.media-amazon.com/images/I/71uGB2K-eLL._SX450_.jpg","B0CCDJLMNL","DBPOWER Jump Starter 2500A Peak 74Wh Portable Car Jump Starter (Up to 10L Gas/8L Diesel Engine) 12V Auto Battery Booster Pack with Smart Clamp Cables, Quick Charger, LED Light Jump Box","DBPOWER","FBA","Automotive",605783,840164808155,"N/A",0840164808155,"N/A","Jump Starters",807,59.99,14,10,10,-87,655.6,655.43,178,4.6,"Petlucky official","China",1,363,"N/A","Large Standard-Size",3.82,4.76,8.9,2.36,81.48,224.76,"06/30/2024",30,7,0,0.06
"https://amazon.com/dp/B0G528F84R","https://m.media-amazon.com/images/I/713gsgMswtL._SX450_.jpg","B0G528F84R","Jump Starter, 12V Car Battery Jump Starter with Quick Charger, LED Display,6000mAh Portable Jump Starter Battery Pack with Booster, LED Light, Jumper Cables","TEMOLA","FBM","Automotive",615102,739630925482,"N/A",0739630925482,"N/A","Batteries & Accessories",6319,33.99,172,3,3,,102.88,102.81,3,4.7,"Manso US","China",1,0,"N/A","Large Standard-Size",8,2.95,5.9,1.62,"N/A","N/A","12/31/2025",3,7,2,1.01
"https://amazon.com/dp/B0FN42H9FV","https://m.media-amazon.com/images/I/71YTtcMYr7L._SX450_.jpg","B0FN42H9FV","Jump Starter with Air Compressor, 6000A Peak Car Jumper Starter Portable, 150PSI 14.8V Jump Box with Jumper Cables, for Cars and Motorcycles, LED Lights, LCD Display","SERVOMASTER","FBM","Automotive",616800,751662077236,"N/A",0751662077236,"N/A","Batteries & Accessories",6434,27.99,"N/A",8,0,,278.87,"-",9,4.8,"GrandGreenView","China",0,0,"N/A","Large Standard-Size",5.51,2.95,8.07,1.43,"N/A","N/A","12/31/2025",3,5,2,0.91
"https://amazon.com/dp/B0CNH9JH35","https://m.media-amazon.com/images/I/61FDM6T8Y-L._SX450_.jpg","B0CNH9JH35","POPDEER Jump Starter, 2500A Battery Jumper Starter Portable (8L Gas/ 6L Diesel), 12V Car Battery Charger, Jump Box with LED Light & 2 USB","POPDEER","FBA","Automotive",620274,"N/A","N/A","N/A","N/A","Batteries & Accessories",6468,37.99,"N/A",5,0,-133,224.95,"-",150,4.3,"POPDEER","China",1,0,"N/A","Large Standard-Size",3.35,5.28,9.37,1.96,83.44,230.19,"11/30/2025",26,9,2,0.03
"https://amazon.com/dp/B07FT5RY4H","https://m.media-amazon.com/images/I/41UeGaApHVL._SX450_.jpg","B07FT5RY4H","Wagan Jump Starter AC Charging Adapter - 500mAh","Wagan","FBM","Automotive",622101,084367050106,00084367050106,0084367050106,"N/A","Batteries & Accessories",6461,15,-18,2,2,-72,32.3,32.26,116,3.9,"Wagan","USA",1,72,-73,"N/A","N/A","N/A","N/A","N/A","N/A","N/A","06/30/2024",92,1,2,0.02
"https://amazon.com/dp/B0FMDL2VGZ","https://m.media-amazon.com/images/I/716FsdYKBXL._SX450_.jpg","B0FMDL2VGZ","Uukto Solar Power Bank 12000.0 mAH, 45W Fast Charging with 4 Built-in Cables & Automotive-Grade Cells, Jump Starter, 12V Battery Booster Pack with Smart Display,Gift for Men, Orange","Uukto","FBA","Automotive",622352,717661914392,"N/A",0717661914392,"N/A","Batteries & Accessories",6460,129.99,-66,260,260,,16566.98,16566.71,14,2.9,"Uukto Automotive","China",1,0,"N/A","Large Standard-Size",3.62,8.5,8.82,2.14,136.64,376.93,"02/28/2026",7,9,0,18.54
"https://amazon.com/dp/B0FHQBX4QL","https://m.media-amazon.com/images/I/61y8VgHolQL._SX450_.jpg","B0FHQBX4QL","Jumper Cables Adapter Compatible with R.yobi 18V Battery, 6FT Portable Battery Jump Starter for Starting Car Light Vehicles","Heleteall","FBA","Automotive",626495,754177879425,"N/A",0754177879425,"N/A","Batteries & Accessories",6420,18.97,-37,1,1,-50,30.67,30.64,2,4.1,"Heleteall-us","China",1,0,"N/A","Large Standard-Size",1.54,7.44,9.45,0.68,54.51,150.38,"07/31/2025",8,5,0,0.54
"https://amazon.com/dp/B0CNX567DL","https://m.media-amazon.com/images/I/61EZ+6kZ+0L._SX450_.jpg","B0CNX567DL","NEXPOW X7 3000A Car Jump Starter, 12V Portable Battery Pack with 60W PD Two-Way Fast Charging, 3.2"" HD Display, Up to 12L Gas & 10L Diesel","NEXPOW","FBA","Automotive",626836,"N/A","N/A","N/A","N/A","Batteries & Accessories",6493,69.99,-21,12,12,-70,871.66,871.45,34,4.5,"KuLv","China",2,207,"N/A","Large Standard-Size",4.37,5.98,12.24,3.77,161.04,444.25,"10/31/2024",20,9,0,0.37
"https://amazon.com/dp/B09TRTPJ9T","https://m.media-amazon.com/images/I/516FFzBMcEL._SX450_.jpg","B09TRTPJ9T","AC in Power Charging Cord Recharge Cable Plug Compatible with EverStart Plus 750 Peak Amps Jump Starter Ever Start 750A JUS750CE 750 Amp 12V 375A Start JumpStarter w/ 120 PSI Air Compressor","saschedross","FBA","Automotive",627656,"N/A","N/A",6087932152353,"N/A","Batteries & Accessories",6501,10.92,-20,3,3,-111,34.91,34.84,7,3.4,"TATMALL","China",2,90,125,"Large Standard-Size",1,3,7,0.4,10.57,29.17,"04/30/2025",49,2,0,0.46
"https://amazon.com/dp/B0CD261BDJ","https://m.media-amazon.com/images/I/71cn0q9JQsL._SX450_.jpg","B0CD261BDJ","DBPOWER Car Jump Starter 1600A 18000mAh Peak Portable Jump Starter for Car (up to 7.2L Gas/5.5L Diesel Engine) 12V Auto Battery Booster with Smart Jumper Clamps, USB Charge, Compass, LED Light (Red)","DBPOWER","FBA","Automotive",630161,840164808216,"N/A",0840164808216,"N/A","Jump Starters",864,59.99,-31,5,5,56,307.61,307.47,11,3.5,"Cocohop","China",1,62,-11,"Large Standard-Size",4.49,5.24,9.84,2.84,116.56,321.54,"11/30/2025",31,7,0,0.42
"https://amazon.com/dp/B0DRCHPMN4","https://m.media-amazon.com/images/I/71OPkvmq54L._SX450_.jpg","B0DRCHPMN4","Car Jump Starter, for Makita 18V Li-ion Battery Jump Starter Adapter Powered with Jumper Cables&Clamps, Car Portable Jump Starter with 18V Adapter Charger(Battery not Included)","ZWDXRB","FBA","Automotive",630747,"N/A","N/A","N/A","N/A","Batteries & Accessories",6541,31.99,-40,15,15,-50,466.79,466.55,23,3.7,"ZFD Store","China",1,464,"N/A","Large Standard-Size",3.54,3.62,5.28,0.77,34.07,93.98,"06/30/2025",13,8,0,0.66
"https://amazon.com/dp/B0FMF15ZTM","https://m.media-amazon.com/images/I/81ValH1Dx6L._SX450_.jpg","B0FMF15ZTM","Air Jump Starter with Air Compressor, Car Battery Jumper Starter Portable 1500A (8.0 Gas/4.0L Diesel) with 150PSI Cordless Auto-Shutoff Tire Inflator, 12V Battery Charger Booster","KAIYUEKJ","FBA","Automotive",631242,607606080247,"N/A",0607606080247,"N/A","Batteries & Accessories",6543,39.9,-37,24,24,414,976.13,975.99,2,5,"Kaiyue Intelligent Technology","China",1,0,"N/A","Large Standard-Size",5.43,6.57,9.02,2.78,162.01,446.93,"01/31/2026",6,9,0,12.25
"https://amazon.com/dp/B07X756RW9","https://m.media-amazon.com/images/I/61PjNdMgaOL._SX450_.jpg","B07X756RW9","DKKPIA AC Adapter for Troy-Bilt 49mrbesy966 Trimmer Engine Jump Starter Power Charger","DKKPIA","FBA","Automotive",637049,"N/A","N/A",6902988498623,"N/A","Batteries & Accessories",6570,10.99,45,3,3,-36,35.11,35.01,49,4.2,"Zxcjzuang","China",2,75,-35,"Large Standard-Size",1.06,4.06,5,0.13,10.83,29.89,"04/30/2024",79,3,0,0.07
"https://amazon.com/dp/B0D4793LPX","https://m.media-amazon.com/images/I/51bJi4a0EHL._SX450_.jpg","B0D4793LPX","Jump Starter with Air Compressor, Portable Car Battery Charger, 2000A 150PSI Jump Box with LCD Digital Tire Inflator, 12V Car Battery Booster for 6.0L Gas or 3.0L Diesel Engines","flisible","FBA","Automotive",638684,"N/A","N/A","N/A","N/A","Batteries & Accessories",6585,69.99,10,17,17,-63,1118.44,1118.27,76,4.5,"New HONGYI","China",1,878,"N/A","Large Standard-Size",4.13,5.28,8.15,2.62,89.48,246.84,"11/30/2024",20,6,0,0.22
"https://amazon.com/dp/B0GDFXXZ17","https://m.media-amazon.com/images/I/61qAh1JyjRL._SX450_.jpg","B0GDFXXZ17","BRITDAG Portable Car Jump Starter with 150PSI Air Compressor - 2000A Peak, 12V Lithium Battery Booster, PD45W Power Bank, Emergency Tire Inflator for Cars, Trucks, RVs & Outdoor Gear","BRITDAG","FBA","Automotive",640326,760314325335,"N/A",0760314325335,"N/A","Batteries & Accessories",6577,109.99,"N/A",7,7,,893.62,893.43,13,5,"ideaxd","N/A",1,0,"N/A","Large Standard-Size",4.33,5.67,9.45,2.82,116.81,322.23,"02/28/2026",1,9,0,6.51
"https://amazon.com/dp/B0D1Y79VD6","https://m.media-amazon.com/images/I/81+9IG3VZ+L._SX450_.jpg","B0D1Y79VD6","12V / 24V Jump Starter, acetek 2400/1200 Peak Amp Battery Jump Starter for Truck Car Tractor Excavator, Heavy Duty Jump Box Battery Pack with USB and DC Output","acetek","FBA","Automotive",643902,797725283305,"N/A",0797725283305,"N/A","Batteries & Accessories",6824,239.99,-22,16,16,-37,3774.42,3774.24,67,3.7,"Acetek","China",2,0,"N/A","Large bulky",12,15,16,32.6,933.33,2333.33,"10/31/2025",20,7,2,0.23
"https://amazon.com/dp/B0C62G1WX8","https://m.media-amazon.com/images/I/61+gSN1j9YL._SX450_.jpg","B0C62G1WX8","Guy-Tech AC DC Adapter Compatible with Peak Portable Power System 450 Plus PKC0BK Jump Starter Power Supply Cord Wall Home Battery Charger","GUY-TECH","FBM","Automotive",648614,"N/A","N/A","N/A","N/A","Batteries & Accessories",6517,11,-33,0,0,-133,"-","-","N/A","N/A","EXT Store","China",1,3,"N/A","N/A","N/A","N/A","N/A","N/A","N/A","N/A","10/31/2024",34,5,0,"N/A"
"https://amazon.com/dp/B07ZYJM47W","https://m.media-amazon.com/images/I/41VBmPNa8DL._SX450_.jpg","B07ZYJM47W","New AC Power 6ft Cord Charging Cable for Schumacher DSR PSJ-2212 PSJ-3612 PSJ-1812 PSJ-4424 Jump Starter IP-70NC PowerStation PSX2 PSX3 PSX1004 CEN-TECH 38391 60666 62453 6237 EverStart MAXX 1200","Kircuit","FBA","Automotive",649322,"N/A","N/A",5292350338727,"N/A","Jump Starters",879,10.89,-50,2,2,-40,22.56,22.51,112,4.6,"EPtech","USA",2,47,-40,"Large Standard-Size",1,3,7,0.4,10.57,29.17,"01/31/2025",77,1,0,0.02
"https://amazon.com/dp/B09GCVC9TC","https://m.media-amazon.com/images/I/719AoId4UWL._SX450_.jpg","B09GCVC9TC","Goal Zero Venture Jump 800 Amp Jump Starter, Car Battery Booster Pack, Portable Power Bank, 2 USB Outputs, IP67 Rating, 45 Lumen Flashlight","Goal Zero","FBA","Automotive",649349,847974008300,"N/A",0847974008300,"N/A","Batteries & Accessories",6657,149.95,-36,20,20,329,2743.21,2742.98,49,4.4,"Goal Zero LLC","USA",1,113,-71,"Large Standard-Size",2.56,9.13,13.39,2.51,157.53,434.56,"04/30/2024",54,10,0,0.42
"https://amazon.com/dp/B071ZVSPFJ","https://m.media-amazon.com/images/I/61PkMZrzyGL._SX450_.jpg","B071ZVSPFJ","Cobra JumPackXL CPP15000 Portable Power Car Jump Starter: Battery Charger, Power Pack, LED Flash Light with Jumper Cables, 400 Amp Peak, 12,000mAh for Instant Power to Car, SUV or Motorcycle, grey","COBRA","FBM","Automotive",653198,028377314315,00028377314315,0028377314315,"N/A","Jump Starters",828,255.29,"N/A",0,0,,"-","-",223,4.3,"Triplenet Pricing INC","USA",1,2,"N/A","Large Standard-Size",2.44,10.59,13.35,3.06,"N/A","N/A","08/31/2025",102,7,0,0
"https://amazon.com/dp/B0BFPNR4T3","https://m.media-amazon.com/images/I/51Io6hd0XJL._SX450_.jpg","B0BFPNR4T3","UpBright USB-C Charging Cable Charger Cord Compatible with NOCO Boost X GBX45 12V 1250A GBX55 1750A GBX75 2500A GBX155 4250A Portable Jump Starter Lithium Ion Battery Booster Pack UltraSafe Power bank","UPBRIGHT","FBM","Automotive",655547,"N/A","N/A","N/A","N/A","Batteries & Accessories",6687,4.99,-26,0,0,-113,"-","-",9,4.5,"PowerHOOD","USA",1,22,-85,"Large Standard-Size",1.14,3.9,4.69,0.04,"N/A","N/A","10/31/2024",42,9,0,0
"https://amazon.com/dp/B0DGG78Z6W","https://m.media-amazon.com/images/I/71gU0S59jWL._SX450_.jpg","B0DGG78Z6W","ADORETRIP Car Battery Jump Starter 6250 Peak Amp 960 Cold Cranking Amp,12V Auto Battery Booster with Smart Display, for 12L Gas/10L Diesel Engines,48 Months Standby","ADORETRIP","FBA","Automotive",665141,791126350116,"N/A",0791126350116,"N/A","Batteries & Accessories",6598,109.99,-45,14,10,,1771.25,1055.79,157,4.2,"adoretrip","China",1,0,"N/A","Large Standard-Size",4.69,5.71,10.16,3.06,136.99,377.89,"02/28/2026",16,9,3,0.09
"https://amazon.com/dp/B0CFY3CH94","https://m.media-amazon.com/images/I/71LbkPtUc6L._SX450_.jpg","B0CFY3CH94","EcoNour 6000A Car Jump Starter – 12V Portable Battery Booster for All Gas & Up to 12L Diesel Engines, Dual USB Quick Charge, DC Output, Built-in LED Flashlight, Heavy-Duty Jump Pack","EcoNour","FBA","Automotive",665266,"N/A","N/A","N/A","N/A","Batteries & Accessories",6599,70.99,-100,1,1,,73.18,50.84,36,4.6,"EcoNour","USA",1,0,"N/A","Large Standard-Size",4.06,9.13,9.8,2.88,182.81,504.3,"03/31/2026",28,8,3,0.03
"https://amazon.com/dp/B0FHQ1GD64","https://m.media-amazon.com/images/I/41Mc-pq6n7L._SX450_.jpg","B0FHQ1GD64","Jump Starter Compatible with Dewalt 20V Tools - Heavy Duty 11AWG Jump Starter Cable (1.2FT), Car Battery Booster Using Power Tool Batteries (Battery not Included)","Lambrix","FBA","Automotive",665495,"N/A","N/A","N/A","N/A","Batteries & Accessories",6599,29.99,-14,12,12,-66,373.53,373.28,9,2.2,"liwen shop","China",1,0,"N/A","Large Standard-Size",3.78,4.09,4.72,0.84,36.74,101.35,"11/30/2025",6,7,0,1.36
"https://amazon.com/dp/B0DDL45B9V","https://m.media-amazon.com/images/I/61utJhF90OL._SX450_.jpg","B0DDL45B9V","LaWana 56W XGC Power Adapter Compatible with NOCO GB70 GB150 GB250+ GB251+ GB500 GB500+ Genius Boost Ultra Safe Lithium Jump Starter Battery XGC4 XGC Output Power Supply 14V 56W NOCO Boost Charger","LaWana","FBA","Automotive",665595,"N/A","N/A","N/A","N/A","Batteries & Accessories",6604,14.85,-12,7,7,-66,102.48,102.34,11,4.8,"nayinhe","China",1,156,"N/A","Large Standard-Size",1.73,3.7,6.57,0.71,21.17,58.41,"12/31/2024",19,7,0,0.62
"https://amazon.com/dp/B0CNYJ9KMD","https://m.media-amazon.com/images/I/614aX0ew0kL._SX450_.jpg","B0CNYJ9KMD","Jump Starter Charger Cable USB-C Wall Charger Compatible with NEXPOW,BUTURE,YaberAuto,AVAPOW,AstroAI,BIUBLE, ASPERX,S ZEVZO ET03 Car Jump Starter Adapter Charger Cord","YBQZJSLY","FBA","Automotive",666576,"N/A","N/A","N/A","N/A","Batteries & Accessories",6615,10.98,-17,17,17,-64,188.22,187.92,25,4.6,"Oliver's electronic science and technology market","China",1,305,"N/A","Small Standard-Size",0.75,4.09,6.73,0.12,10.38,28.64,"10/31/2025",28,5,0,0.69
"https://amazon.com/dp/B09FK7RT94","https://m.media-amazon.com/images/I/31UE8SX03rS._SX450_.jpg","B09FK7RT94","BestCH Global AC/DC Adapter For Speedway 7226 4-In-1 Emergency POWER STATION COMPRESSOR BOOSTER Jump Starter JUMPSTART Power Supply Cord Cable PS Battery Charger Mains PSU","BestCH","FBM","Automotive",670827,"N/A","N/A",5747432076375,"N/A","Batteries & Accessories",6809,5.73,-27,3,3,,14.19,14.11,"N/A","N/A","Best Charger","China",1,2,"N/A","N/A","N/A","N/A","N/A","N/A","N/A","N/A","01/31/2025",55,7,0,"N/A"
"https://amazon.com/dp/B093D3J1NS","https://m.media-amazon.com/images/I/717mhp9vgYL._SX450_.jpg","B093D3J1NS","AC Adapter Compatible Replacement for Mastercraft NT600 (NOT fit Other Models) Jump Starter 5 in 1 Power Station Car Auto Jump Start DC Power Supply Charger Cord Cable, 5 Feet","GUY-TECH","FBM","Automotive",673122,709081166864,"N/A",0709081166864,"N/A","Batteries & Accessories",6825,11.99,-13,0,0,-87,"-","-",21,4,"GuyPower","China",2,28,4,"N/A","N/A","N/A","N/A","N/A","N/A","N/A","12/31/2025",60,2,0,0
"https://amazon.com/dp/B083K6YYPD","https://m.media-amazon.com/images/I/51W83MiZBzL._SX450_.jpg","B083K6YYPD","Fanlide DC 15V 1A Adapter Charger for Car Jump Starter, Peak 450A 500A 600A 800A 1000A Auto Battery Booster Jump Starter Charger","FANLIDE","FBA","Automotive",673866,886269009066,"N/A",0886269009066,"N/A","Jump Starters",897,14.99,-15,22,22,25,326.23,325.93,620,4.4,"Fanlide","China",1,309,-37,"Large Standard-Size",2.24,2.99,3.66,0.2,12.34,34.05,"12/31/2024",74,5,0,0.04
"https://amazon.com/dp/B0F6BSVX2S","https://m.media-amazon.com/images/I/51I0JRVrOSL._SX450_.jpg","B0F6BSVX2S","ADORETRIP 8250A Jump Starter with 150PSI Air Compressor, 12V Car Battery Booster, 24000mAh Portable Tire Inflator for 12L Gas/10L Diesel, LED Display, LED Light, Storage Case, Jumper Cables Red","ADORETRIP","FBA","Automotive",674155,"N/A","N/A","N/A","N/A","Jump Starters",841,159.99,-28,18,18,,2916.59,2952.39,108,4.4,"adoretrip","China",1,0,"N/A","Large Standard-Size",5.75,7.44,8.27,4.65,178.12,491.38,"02/28/2026",7,8,5,0.17
"https://amazon.com/dp/B0DFHDP94C","https://m.media-amazon.com/images/I/41aMA1wQf9L._SX450_.jpg","B0DFHDP94C","Type S Dynamic Classic DC10 Car Battery Jump Starter Portable Power Bank 500A Jump Starter Battery Pack for 6L Gas Engines / 4L Diesel with USB-C USB-A Outputs, incl Jumper Cable","TYPE S TOURING ITEMS","FBA","Automotive",676011,840005343418,"N/A",0840005343418,"N/A","Batteries & Accessories",6690,83.99,25,11,11,-110,929.89,929.67,45,4.8,"Rivuz","USA",7,877,"N/A","Large Standard-Size",4.61,5.55,10.59,2.36,136.34,376.12,"12/31/2025",19,7,0,0.25
"https://amazon.com/dp/B0D93WM2D5","https://m.media-amazon.com/images/I/71m3Gjz+C1L._SX450_.jpg","B0D93WM2D5","YIMWME Portable Car Jump Starter with Air Compressor, 3000A Car Battery Booster (9.0L Gas/6.5L Diesel) with 150PSI Auto-Shutoff Tire Inflator, 12V Supersafe Lithium Jump Box Car Battery Jumper Starter","Yimwme","FBA","Automotive",676086,"N/A","N/A","N/A","N/A","Batteries & Accessories",6693,42.85,-38,8,8,-33,345.64,345.57,41,4.2,"Yim Direct","China",1,207,"N/A","Large Standard-Size",5.16,5.51,8.54,2.54,122.25,337.23,"07/31/2025",19,6,0,0.18
"https://amazon.com/dp/B0DZHDHZBH","https://m.media-amazon.com/images/I/71bXVvvbcmL._SX450_.jpg","B0DZHDHZBH","B29L 10 in 1 Car Jump Starter with Air Compressor, 3500A 150PSI Jump Box Battery Pack(8.0 Gas/6.0L Diesel), Portable 12V Jump Box with Cordless Auto-Shutoff Tire Inflator, USB Ports, LCD Display","S ZEVZO","FBA","Automotive",676405,"N/A","N/A","N/A","N/A","Jump Starters",846,89.99,15,10,10,-14,892.7,892.48,41,4.2,"SOTORISER DIRECT","China",2,0,"N/A","Large Standard-Size",4.61,6.18,9.29,3.04,133.25,367.6,"01/31/2026",7,9,0,0.24
"https://amazon.com/dp/B0CXCGWL8K","https://m.media-amazon.com/images/I/71n8TzjPbCL._SX450_.jpg","B0CXCGWL8K","Jump Starter, acetek 1000Amp 12V Lead-Acid Battery Jump Starter with 260 PSI Air Compressor, Jump Box for Up to 5.0L Gas & 5.0L Diesel Engines, Portable Power Station with LED Light","acetek","FBA","Automotive",682363,797725282551,"N/A",0797725282551,"N/A","Batteries & Accessories",6696,79.99,-29,25,25,-18,1906.27,1905.9,112,4.2,"Acetek","China",1,391,"N/A","Large Standard-Size",7.95,10.39,13.19,11.16,548.53,1513.2,"11/30/2024",21,6,0,0.22
"https://amazon.com/dp/B0G6393L14","https://m.media-amazon.com/images/I/711C06r5siL._SX450_.jpg","B0G6393L14","Battery Jump Starter Adapter for Makita 18V, Automotive Car Battery Booster Jumper Cables with Adapter Power for Car Jump Starting Using Tool (No Battery)","TEPULAS","FBA","Automotive",683537,"N/A","N/A","N/A","N/A","Batteries & Accessories",6708,30.39,205,36,23,,1155.14,735.68,5,4.9,"STWL","China",1,0,"N/A","Large Standard-Size",3.62,3.7,5.28,0.77,35.61,98.22,"01/31/2026",1,7,3,7.26
"https://amazon.com/dp/B0928728LL","https://m.media-amazon.com/images/I/51RiOhfOe1L._SX450_.jpg","B0928728LL","13.5V AC/DC Adapter Replacement for CEN TECH 5 in 1 Portable Power Pack Item 60703 Battery Power Adapter Charger","Nicer-S","FBA","Automotive",690520,798789766513,"N/A",0798789766513,"N/A","Batteries & Accessories",6810,9.99,-15,12,12,83,120.53,120.33,16,3.9,"Nicer-S Comshop","China",1,116,"N/A","Large Standard-Size",2.32,2.8,3.78,0.33,12.36,34.1,"05/31/2025",101,7,0,0.76
"https://amazon.com/dp/B0F7HYW8VS","https://m.media-amazon.com/images/I/41nPKbbGeDL._SX450_.jpg","B0F7HYW8VS","Battery Portable Jump Starter 12 Volt Lead-Acid Batteries 2000 Amp Peak One USB Port For Charging Smartphones And Tablets Up To 20 Jump Starts Per Charge With Reverse Polarity Protection","Part Synergy","FBM","Automotive",691162,"N/A","N/A","N/A","N/A","Batteries & Accessories",6921,261.15,-5,0,0,,"-","-","N/A","N/A","Parts Synergy, Inc.","USA",1,0,"N/A","Large Standard-Size",9.8,7.28,4.84,5.16,"N/A","N/A","01/31/2026",11,5,0,"N/A"
"https://amazon.com/dp/B0C6R1RR96","https://m.media-amazon.com/images/I/61G7WFx4BrL._SX450_.jpg","B0C6R1RR96","Jantoy AC Charging Power Cord Lead Compatible with Viking 12V/24V 3400 Peak Amps Jump Starter 57084","Jantoy","FBA","Automotive",695126,"N/A","N/A","N/A","N/A","Batteries & Accessories",6852,13.58,-36,15,15,14,204.86,204.57,10,4.9,"XKKOVF","China",2,158,-25,"Large Standard-Size",1.46,2.48,7.17,0.15,13.07,36.06,"07/31/2024",34,5,0,1.51
"https://amazon.com/dp/B0FCRJPNHX","https://m.media-amazon.com/images/I/71Pu2GzKKtL._SX450_.jpg","B0FCRJPNHX","Tire Inflator Portable Air Compressor with Electric Air Duster and Car Jump Starter: 150PSI Cordless Bike Pump - 130000RPM - 1000A up to 6.0L Gas and 3.0L Diesel Engine for Cars, Outdoor, Home","virrow","FBA","Automotive",696723,"N/A","N/A","N/A","N/A","Jump Starters",915,119.99,41,68,68,2840,8212.69,8211.88,17,4.8,"VIRROW-Direct","China",2,0,"N/A","Large Standard-Size",5.47,6.85,10.08,4.1,190.16,524.57,"01/31/2026",9,8,0,4.03
"https://amazon.com/dp/B0BW8XFQ7K","https://m.media-amazon.com/images/I/71cTfIJiDsL._SX450_.jpg","B0BW8XFQ7K","AVAPOW Car Jump Starter, 4000A Peak Battery Jump Starter (for All Gas or up to 10L Diesel), Battery Booster Power Pack, 12V Jump Box with LED Light, USB Quick Charge 3.0","AVAPOW","FBA","Automotive",706935,"N/A","N/A","N/A","N/A","Jump Starters",873,69.98,-30,45,45,405,3154.93,3154.71,48,4.5,"AVAPOW Direct","China",1,0,"N/A","Large Standard-Size",5,5.94,9.21,3.9,137.72,379.91,"09/30/2025",6,5,0,0.94
"https://amazon.com/dp/B098QMGNSS","https://m.media-amazon.com/images/I/51XUaWcNvDS._SX450_.jpg","B098QMGNSS","Boda USB Type-C Charging Cable Compatible with NEXPOW Portable Car Jump Starter KG Q9B Q10S G17 T11F","Boda","FBA","Automotive",709041,"N/A","N/A",7372238689696,"N/A","Jump Starters",914,6.99,-45,6,6,-64,45.16,45.04,31,4.6,"BoDaily","China",1,84,-56,"Small Standard-Size",0.59,3.11,5.67,0.07,5.24,14.45,"08/31/2024",57,5,0,0.21
"https://amazon.com/dp/B0B58KBG9J","https://m.media-amazon.com/images/I/81SinwEiWRL._SX450_.jpg","B0B58KBG9J","LOKITHOR J401X Jump Starter, -40℉ Auto-Heating Tech, 2500A 12V Battery Jumper Starter Portable, Lithium Car Battery Booster Pack (8.5L Gas/6.5L Diesel), Jump Box with 100W Fast Charging, LED Light","LOKITHOR","FBA","Automotive",709969,889551103206,"N/A",0889551103206,"N/A","Jump Starters",916,169.95,-31,17,17,-29,2752.12,2751.86,129,4.5,"LOKITHOR Direct","China",1,169,-57,"Large Standard-Size",4.69,5.51,10.47,4.01,136.22,375.78,"04/30/2024",41,9,0,0.13
"https://amazon.com/dp/B07BPNLSX3","https://m.media-amazon.com/images/I/41dZrC2bmIL._SX450_.jpg","B07BPNLSX3","6FT AC Power Cable for Jump-N-Carry JNC1224 3400/1700 Peak Amp 12/24V Jump Starter","EPtech","FBM","Automotive",712459,"N/A","N/A","N/A","N/A","Batteries & Accessories",7029,13.29,1,3,3,-22,43.19,43.05,16,4.2,"LGM  DYstore","China",1,74,-16,"Large Standard-Size",1.26,4.72,8.7,0.15,"N/A","N/A","12/31/2024",93,1,0,0.2
"https://amazon.com/dp/B0DSCJKQS1","https://m.media-amazon.com/images/I/71Ssv1QE1kL._SX450_.jpg","B0DSCJKQS1","Dopollo Multi Starter, Work with Dewalt 20V/60V Battery, Jump Start Adapter DJS20-DEW, Car Jump Starter，Battery Repair/Activation/Boost, for 6.0L Engines, USB Power Source","DOPOLLO","FBA","Automotive",712838,784300587378,"N/A",0784300587378,"N/A","Batteries & Accessories",6984,65.9,-12,9,9,-82,592.34,592.2,18,4.4,"DOPOLLO","USA",1,319,"N/A","Large Standard-Size",2.64,4.88,7.44,0.99,48.26,133.13,"04/30/2025",13,9,0,0.5
"https://amazon.com/dp/B0FQ2TXF5R","https://m.media-amazon.com/images/I/61Y+LgQRHfL._SX450_.jpg","B0FQ2TXF5R","600A Jump Starter -12V Lithium Battery Booster Pack, Portable Jump Box, 12000mAh Power Bank & Jumper Cables - for 4.0L Gas and 2.0L Diesel Engines. Suitable for Car/SUV, Motorcycles, Trucks, Yacht","CamelParty","FBA","Automotive",713735,"N/A","N/A","N/A","N/A","Batteries & Accessories",6995,49.99,-43,152,32,523,3912.29,803.54,12,4.7,"jurishiyeyou","China",1,0,"N/A","Large Standard-Size",5.04,10.31,10.75,1.85,281.24,775.83,"02/28/2026",4,8,2,12.64
"https://amazon.com/dp/B0CTKWGCP6","https://m.media-amazon.com/images/I/71jJkcqBdrL._SX450_.jpg","B0CTKWGCP6","Battery Tender 600 AMP Lithium Jump Starter for 12V Batteries in Gas and Diesel Engines Up to V6-6400mAh Portable Emergency Power Station - 030-1000-WH","Battery Tender","Amazon","Automotive",716844,734357310023,00734357310023,0734357310023,"N/A","Batteries & Accessories",7057,83.81,-38,19,19,-39,1553.96,1553.71,21,4.7,"Amazon","N/A",2,252,"N/A","Large Standard-Size",3,7.5,10,1.9,"N/A","N/A","03/31/2025",20,6,0,0.88
"https://amazon.com/dp/B0D5QCBGHW","https://m.media-amazon.com/images/I/611s8yj2-GL._SX450_.jpg","B0D5QCBGHW","19V Charger for Booster PAC ES5000 ES2500 6.6FT Extra Long Cord AC Adapter ES6000 ES1224 ESA214 ESA218 ESA22 Fit Jump Starter Power Supply Charger","Solopen","FBA","Automotive",718361,"N/A","N/A","N/A","N/A","Batteries & Accessories",7013,8.99,-49,8,8,-65,71.73,71.57,8,3.7,"SOLOPEN","Hong Kong",1,157,"N/A","Large Standard-Size",1.85,2.72,3.78,0.26,9.58,26.42,"08/31/2024",22,6,0,1
"https://amazon.com/dp/B07S9QV35T","https://m.media-amazon.com/images/I/51zu3zNGAiL._SX450_.jpg","B07S9QV35T","Omilik 12V-13.5V AC Adapter Fits for Jump N Carry JNC300XL JNC 300XL 900 Peak Amp Jump Starter Stanley J5CP 1000 Peak 500-Amp SuperStart 55002 Jump Starter 1000 Peak Amp Compressor Super Start Battery","Omilik","FBA","Automotive",718966,791625932448,"N/A",0791625932448,"N/A","Jump Starters",909,12.99,-19,16,16,174,208.66,208.45,59,3.8,"CJP-Geek","USA",1,143,38,"Large Standard-Size",2.9,3,5,0.25,21.9,60.42,"10/31/2025",82,7,0,0.27
"https://amazon.com/dp/B0FHPJLZVL","https://m.media-amazon.com/images/I/81T2AshOyfL._SX450_.jpg","B0FHPJLZVL","A2C 1500A Portable Car Jump Starter, 12V Auto Battery Booster(up to 6.0L Gas Or 3.0L Diesel), 44.4Wh / 12000mAh Power Bank (QC 3.0) with 3 USB C, LED Display and Light for Extreme Weather, Road Trips","A2C","FBA","Automotive",721924,"N/A","N/A","N/A","N/A","Batteries & Accessories",7049,99.99,-43,10,10,-61,1005.26,1005.06,19,4.7,"Wiiki-Tech","China",1,0,"N/A","Large Standard-Size",4.21,5.31,9.65,2.91,108.61,299.62,"12/31/2025",5,9,0,0.56
"https://amazon.com/dp/B09TL9K543","https://m.media-amazon.com/images/I/513bLuTvTmL._SX450_.jpg","B09TL9K543","Car Male Plug 12V DC Adapter Compatible with Schumacher 94500109 SAC-109 XP2260-CA XP2260W DSR ProSeries DSR114 DSR115 DSR116 DSR119 Rechargeable AGM Jump Starter 12 Volt Power Supply Charger","saschedross","FBM","Automotive",724825,"N/A","N/A",6087932134632,"N/A","Batteries & Accessories",7130,13.38,-22,3,3,-71,36.23,36.16,"N/A","N/A","TATMALL","China",2,62,520,"Large Standard-Size",1.5,3,4,0.3,"N/A","N/A","12/31/2025",49,1,0,"N/A"
"https://amazon.com/dp/B0CT4LBMWJ","https://m.media-amazon.com/images/I/71vfk0EILoL._SX450_.jpg","B0CT4LBMWJ","2000A Peak Jump Starter with Air Compressor, Portable Power Station with 400W Inverter, 12V Car Battery Booster for 8.5L Gas/Diesel Engines","E-Ant","FBA","Automotive",725802,699838105881,"N/A",0699838105881,"N/A","Batteries & Accessories",7091,149.99,-15,14,14,-67,1909.24,1909.05,125,4.1,"AntsPower","China",1,0,"N/A","Large bulky",8.5,12.75,16.75,21.55,588.29,1470.71,"06/30/2025",24,8,2,0.11
"https://amazon.com/dp/B0FT2NYLVP","https://m.media-amazon.com/images/I/81H5VxkVh7L._SX450_.jpg","B0FT2NYLVP","EAFC 2000A 20000mAh Jump Starter with Storage Bag, 12V Car Battery Booster Pack for up to 6L Gas/4L Diesel Engines, Portable Power Bank with Quick Charge 3.0, Type-C, LED Flashlight & Jumper Cables","EAFC","FBM","Automotive",726029,"N/A","N/A","N/A","N/A","Batteries & Accessories",7172,45.99,-8,10,10,32,447.39,447.27,1,5,"EAFCSZ Store","China",1,0,"N/A","Large Standard-Size",9.25,4.72,3.78,1.93,"N/A","N/A","11/30/2025",5,8,0,10.29
"https://amazon.com/dp/B0CW62WHGH","https://m.media-amazon.com/images/I/41vOza9t6tL._SX450_.jpg","B0CW62WHGH","BOVKE Travel Case for Halo Bolt Ultimate 2.0/ Air 58830mWh/ Air+ 55500 / Bolt 58830/44400/ACDC Max 55500mWh Jump Starter Charger, Black","BOVKE","FBA","Automotive",726776,"N/A","N/A","N/A","N/A","Batteries & Accessories",7147,25.99,33,3,3,-124,80.19,80.04,63,4.7,"BOVKE","Hong Kong",2,224,-66,"Large Standard-Size",3.39,11.89,12.56,1.21,254.89,703.13,"11/30/2024",25,8,3,0.05
"https://amazon.com/dp/B0FZTTPP3B","https://m.media-amazon.com/images/I/614aZjyIq+L._SX450_.jpg","B0FZTTPP3B","AFERIY 2000A UltraSafe Car Battery Jump Starter, 12V Jump Box with PD 60W Fast Charging, Portable Booster Power Bank for Up to 6.0L Gas & 3.0L Diesel Engines","AFERIY","FBA","Automotive",729168,"N/A","N/A","N/A","N/A","Batteries & Accessories",7091,149.99,-23,12,12,-63,1200.15,1199.98,28,4.6,"AFERIY","China",1,0,"N/A","Large Standard-Size",4.49,8.5,9.76,5.03,187.54,517.35,"11/30/2025",4,8,0,0.41
"https://amazon.com/dp/B0F8PYNY7J","https://m.media-amazon.com/images/I/81VtUrZPJPL._SX450_.jpg","B0F8PYNY7J","NACKEO Car Battery Jump Starter with Air Compressor 8000A 160PSI, Car Jumper Starter Portable (All Gas/10L Diesel), Jump Starter Jump Box with Jumper Cables, LED Light, Large LCD Display, Power Bank","NACKEO","FBA","Automotive",729194,684514184106,"N/A",0684514184106,"N/A","Batteries & Accessories",7111,109.99,-6,4,4,,358.9,358.82,23,4.4,"NACKEO AUTO","China",1,0,"N/A","Large Standard-Size",2.64,6.06,11.18,3.28,90.05,248.42,"09/30/2025",7,6,0,0.17
"https://amazon.com/dp/B0FP19N771","https://m.media-amazon.com/images/I/717x-etUHlL._SX450_.jpg","B0FP19N771","BSMOOM Jump Starter with Air Compressor 7000A 160PSI Portable Car Battery Jump Starter (All Gas/10L Diesel),12V Portable Booster Pack with Jumper Cables, Fast Charging, Emergency Light","BSMOOM","FBA","Automotive",732495,761814059393,"N/A",0761814059393,"N/A","Batteries & Accessories",7187,56.99,-46,54,35,,3351.73,2065.14,16,5,"ManChiGu US Inc","China",1,0,"N/A","Large Standard-Size",2.6,8.82,10.87,2.8,125.5,346.21,"02/28/2026",6,7,0,3.37
"https://amazon.com/dp/B07CKKNDRY","https://m.media-amazon.com/images/I/41HNgr9BV+L._SX450_.jpg","B07CKKNDRY","Stanley Fatmax 1000 Peak Amp Power Station with 4 USB Ports, Jump-Starter, 120 PSI Air Compressor, Black, Lithium Ion Battery","STANLEY","FBM","Automotive",733505,814632012757,"N/A",0814632012757,"N/A","Jump Starters",934,138.7,-6,16,16,-48,2130.15,2130.01,84,3.7,"RR IMPORTS","USA",3,251,-7,"N/A","N/A","N/A","N/A","N/A","N/A","N/A","02/28/2025",95,1,0,0.2
"https://amazon.com/dp/B0B8SWXH9G","https://m.media-amazon.com/images/I/610li6EfKDL._SX450_.jpg","B0B8SWXH9G","VTOMAN 180W AC Adapter & Charging Cable with DC5521 Connector for Vtoman Jump 1000, Jump 1500X, Jump 1800 Portable Power Stations","VTOMAN","FBA","Automotive",733942,782917487432,"N/A",0782917487432,"N/A","Batteries & Accessories",7123,45.99,"N/A",12,12,3,573.83,573.72,10,5,"VTOMAN TECHNOLOGY LLC","USA",2,89,-42,"Large Standard-Size",1.89,4.84,9.09,1.57,41.86,115.49,"11/30/2024",44,4,0,1.25
"https://amazon.com/dp/B0FDQL7K4K","https://m.media-amazon.com/images/I/71C9ZgWBJdL._SX450_.jpg","B0FDQL7K4K","2000A Jump Starter, Car Battery Jump Starter - 12V Lithium Booster Pack, 20000mAh Portable Jump Box, Power Bank & Emergency LED Light, Jumper Cables - for 8.0L Gas and 6.0L Diesel Engines","Vehpow","FBA","Automotive",739401,"N/A","N/A","N/A","N/A","Batteries & Accessories",7247,44.99,-26,11,11,-91,437.36,437.25,31,4.8,"MKT Direct","China",1,0,"N/A","Large Standard-Size",3.43,5.04,8.82,1.7,76.77,211.77,"11/30/2025",9,8,0,0.35
"https://amazon.com/dp/B0FY643KY4","https://m.media-amazon.com/images/I/71acjcs04RL._SX450_.jpg","B0FY643KY4","JOMGAND K25 Portable Jump Starter, 3750A 12V Car Battery Booster Pack for Upto 9.0L Gas or 7.0L Diesel Engines, Jump Box with Jumper Cable, USB/DC Charge, and 3 Mode Flashlight","Jomgand","FBA","Automotive",739680,"N/A","N/A","N/A","N/A","Batteries & Accessories",7218,99.95,-58,15,15,,1507.85,1507.68,6,4.6,"JOMGAND Direct","China",1,0,"N/A","Large Standard-Size",4.25,5.5,10,2.52,117.69,324.65,"02/28/2026",0,8,0,2.52
"https://amazon.com/dp/B0FQ4TZTH3","https://m.media-amazon.com/images/I/71AbvH1cJ2L._SX450_.jpg","B0FQ4TZTH3","Baseus 8000A Jump Starter, 20000mAh Portable Jump Starter Battery Pack, 12V Car Battery 5 in 1 Jump Starter with 30W Fast Charging and LED Display, for Up to 10.0L Gas 6.0L Diesel Engines","Baseus","FBA","Automotive",743266,810196182967,"N/A",0810196182967,"N/A","Batteries & Accessories",7203,129.99,-17,42,42,-39,5481.96,5481.84,27,4.6,"Baseus Brand Store","China",2,0,"N/A","Large Standard-Size",2.56,11.61,13.86,2.31,207.4,572.14,"12/31/2025",6,8,0,1.56
"https://amazon.com/dp/B09NNB8XQM","https://m.media-amazon.com/images/I/61s6HwAt9SL._SX450_.jpg","B09NNB8XQM","Car Jump Starter with Air Compressor, 1000A 10400mAh Lithium Portable Battery Booster Pack with 150PSI Tire Inflator, Jumper Cables for Up to 12V 6.0L Gas or 3.0L Diesel Engine with USB Quick Charge","samaraiuno","FBA","Automotive",743368,"N/A","N/A","N/A","N/A","Jump Starters",940,59.99,"N/A",8,8,,488.66,488.57,173,4.3,"samaraiuno","China",1,48,-62,"Large Standard-Size",4.09,5.24,8.15,2.62,87.94,242.59,"10/31/2024",49,7,0,0.05
"https://amazon.com/dp/B0GLYXZ8CQ","https://m.media-amazon.com/images/I/719Z+XkhLzL._SX450_.jpg","B0GLYXZ8CQ","EVA Case Compatible with Boost GB40 / Boost GB20 / Boost GBX45 UltraSafe Jump Starter Lithium Battery Booster Pack and Accessories, YPW Protection Case for Car Jumper Starter Portable (Nylon Material)","YPW","-","Automotive",746407,"N/A","N/A","N/A","N/A","Jump Starters",948,16.99,"N/A",0,0,,"-","-","N/A","N/A",,"N/A",1,0,"N/A","Large Standard-Size",8,6,3,0.44,"N/A","N/A","-","-","N/A",5,"N/A"
"https://amazon.com/dp/B0DDPCH8V8","https://m.media-amazon.com/images/I/61L1AH+8i0L._SX450_.jpg","B0DDPCH8V8","SigeIy 14V4A 56W Power Adapter Compatible with NOCO GB70 GB150 GB250+ GB251+ GB500 GB500+ Genius Boost Ultra Safe Lithium Jump Starter Battery XGC4 XGC Output Power Supply 56-Watt NOCO Boost Charger","SigeIy","FBA","Automotive",747660,"N/A","N/A","N/A","N/A","Batteries & Accessories",7301,14.39,-9,6,6,-63,92.02,91.94,39,4.4,"Jun,an Peng","China",1,393,"N/A","Large Standard-Size",1.85,6.61,8.35,0.71,51.41,141.82,"11/30/2024",19,7,0,0.16
"https://amazon.com/dp/B0DQ85VRSV","https://m.media-amazon.com/images/I/71xrzLH+eKL._SX450_.jpg","B0DQ85VRSV","BAYU 6 in 1 Car Jump Starter Kit with 19000PA Car Vacuum Cleaner & Universal Battery, Cordless Pressure Washer, 150PSI Tire Inflator, Air Compressor, Portable 12V 1500A Auto Jump Box (6 Pcs)","BAYU","FBA","Automotive",747787,"N/A","N/A","N/A","N/A","Batteries & Accessories",7248,198,-28,6,1,57,928.8,167.68,11,4.8,"Bayu auto & outdoor smart kit","China",1,117,"N/A","Large Standard-Size",6.54,12.48,16.34,9.28,671.46,1852.3,"07/31/2025",15,9,3,0.52
"https://amazon.com/dp/B0GH5NHLP6","https://m.media-amazon.com/images/I/61-S2d2j3FL._SX450_.jpg","B0GH5NHLP6","8000A Car Battery Jump Starter, Battery Jumper Starter Portable (All Gas/12L Diesel), 27000mAh 65W Charging Jump Box, Portable Car Jump Starter with 160W DC, 600LM Light, Extended Jumper Cables","TREKURE","-","Automotive",748594,"N/A","N/A",6942078425085,"N/A","Batteries & Accessories",7231,129.99,-28,46,46,,5979.54,5979.52,3,5,,"N/A",1,0,"N/A","Large Standard-Size",4.69,5.83,10.63,3.99,"N/A","N/A","02/28/2026",0,7,0,15.33
"https://amazon.com/dp/B0DK7BLVLT","https://m.media-amazon.com/images/I/81DeojZwmZL._SX450_.jpg","B0DK7BLVLT","Battery Jump Starter 3000A, 12V Jumper Box for Car Battery Portable, Car Jumper for Up to 6.0L Gasoline and 4.0L Diesel Engines, AB3000 Portable Jump Starter","AMPBANK","Amazon","Automotive",752094,850052860929,"N/A",0850052860929,"N/A","Batteries & Accessories",7342,79.08,86,5,5,-140,400.16,400.03,58,4.5,"Amazon","N/A",1,1076,"N/A","Large Standard-Size",2.13,8.39,10.31,1.81,"N/A","N/A","11/30/2025",17,9,0,0.09
"https://amazon.com/dp/B09TL9G1GK","https://m.media-amazon.com/images/I/51zwt7Fkn+L._SX450_.jpg","B09TL9G1GK","15V AC/DC Adapter Compatible with GOOLOO GP37 G37 Plus GP180 GP200 GP120 G200 GE1200 GPower120 400A 600A 700A 800A 1000A 1200A Peak Portable Car Jump Starter Phone Power Bank Battery Charger","saschedross","FBA","Automotive",754025,"N/A","N/A",6087932138586,"N/A","Batteries & Accessories",7341,19.99,"N/A",4,4,-77,71.3,71.22,15,4.3,"TATMALL","China",2,85,-11,"Large Standard-Size",2.2,3,4,0.39,13.29,36.67,"08/31/2024",49,4,0,0.24
"https://amazon.com/dp/B09TFG5RXS","https://m.media-amazon.com/images/I/71M6ade-IHL._SX450_.jpg","B09TFG5RXS","SupplySource AC Adapter Charger Replacement for RED 2001 Mobile Power Instant Boost 400 6-1 Jump Starter","SupplySource","FBM","Automotive",754679,"N/A","N/A",5473361000678,"N/A","Batteries & Accessories",7365,9.99,-10,3,3,-47,29.16,28.97,2,5,"Power Supply Source","China",1,28,"N/A","N/A","N/A","N/A","N/A","N/A","N/A","N/A","12/31/2025",49,3,0,1.45
"https://amazon.com/dp/B0DT5TY37K","https://m.media-amazon.com/images/I/71YJnTWrOFL._SX450_.jpg","B0DT5TY37K","NOVSIGHT Jump Starter with Air Compressor - 6250A Portable Battery Jump Starter for Car(5L Gas/3L Diesel) 12V Car Jump Box & 150PSI Auto-Shut Tire Inflator with Carrying Case(Orange)","NOVSIGHT","FBA","Automotive",756931,"N/A","N/A",6974165954062,"N/A","Batteries & Accessories",7390,129.99,-8,24,8,-78,3085.58,1042.43,3,4.4,"Docean Light","China",1,0,"N/A","Large Standard-Size",4.61,6.81,9.92,3.26,156.8,432.54,"11/30/2025",7,6,10,7.9
"https://amazon.com/dp/B0D1Y785ZX","https://m.media-amazon.com/images/I/813sjRKEjmL._SX450_.jpg","B0D1Y785ZX","Giatero Car Jump Starter, 4500A Jump Starter Battery Pack for Up to 12.0L Gas & 12.0L Diesel Engines, 12V Portable Jump Box with 3 Modes Flashlight, Jumper Cable, Jump Box and Quick Charge Power Bank","giatero","FBA","Automotive",757475,"N/A","N/A","N/A","N/A","Batteries & Accessories",7312,89.99,"N/A",9,9,,774.12,773.93,186,4.3,"chaohuipower","China",1,0,"N/A","Large Standard-Size",4.09,4.65,8.7,2.38,83.3,229.81,"02/28/2026",20,3,0,0.05
"https://amazon.com/dp/B0DR8FYXVP","https://m.media-amazon.com/images/I/81Cx9LoRHdL._SX450_.jpg","B0DR8FYXVP","Tourmate Hard Case Compatible AstroAI Car Jump Starter, Travel Case for AstroAI/S ZEVZ 2000A 12V 18000mAh Car Battery Charger Holder (Box Only)(Black+Orange)","Tourmate","FBA","Automotive",758550,"N/A","N/A","N/A","N/A","Batteries & Accessories",7321,16.99,-1,18,9,5,307.73,145.98,101,4.6,"ATPS STORE","China",1,341,"N/A","Large Standard-Size",3.94,5.59,8.98,0.66,99.58,274.7,"02/28/2025",27,8,2,0.18
"https://amazon.com/dp/B0FDWPHWQW","https://m.media-amazon.com/images/I/71FLbxSoFYL._SX450_.jpg","B0FDWPHWQW","PHAETONBIN Car Jump Starter 3000A,Jump Starter Battery Pack for Up to 7.0L Gas and 3.5L Diesel Engines, 12V Portable Battery Booster with Full LCD Screen, 3 Modes Flashlight and Smart Jumper Cable","PhaetonBin","FBA","Automotive",759943,"N/A","N/A","N/A","N/A","Jump Starters",925,36.99,-31,2,2,-50,79.98,79.91,"N/A","N/A","Longyan Xinluo District Huipengbin Trading Co.,Ltd","China",1,0,"N/A","Large Standard-Size",8.26,2,2,1.76,16.63,45.89,"10/31/2025",5,8,0,"N/A"
"https://amazon.com/dp/B0FNCPTJLM","https://m.media-amazon.com/images/I/81-LLeFJYBL._SX450_.jpg","B0FNCPTJLM","Jump Starter with Air Compressor, 8000A 160PSI Car Jump Starter (8.0 Gas/10.0L Diesel), 12V Battery Jump Starters, Portable Jump Cables, LCD Display and LED Lights","WIRSHK","FBA","Automotive",761666,684514185028,"N/A",0684514185028,"N/A","Batteries & Accessories",7399,69.99,-16,24,24,-126,1646.72,1646.4,139,4.5,"WIRSHK ZDX","N/A",1,0,"N/A","Large Standard-Size",4.96,6.18,9.76,3.24,150.73,415.8,"11/30/2025",4,8,0,0.17
"https://amazon.com/dp/B0CT61R3JX","https://m.media-amazon.com/images/I/61gJlxmq9QL._SX450_.jpg","B0CT61R3JX","Clore Automotive Jump-N-Carry JNC277 Replacement Clamp Set for JNC325 - Official OE Replacement","Clore Automotive","Amazon","Automotive",763699,010271027170,"N/A",0010271027170,"N/A","Batteries & Accessories",7351,32.29,-56,3,3,-20,103.62,103.51,1,4,"Amazon","N/A",2,44,-6,"Large Standard-Size",1.97,5.67,8.54,0.79,"N/A","N/A","12/31/2024",25,1,0,3.23
"https://amazon.com/dp/B0G45F37VK","https://m.media-amazon.com/images/I/81PNGs9LE1L._SX450_.jpg","B0G45F37VK","Westinghouse 1500A Portable Jump Starter - 12V Battery Jump Box for Up to 6.0L Gas & 3.0L Diesel Engines, USB Battery Power Bank, Bright LED Flashlight, IP65 Rated Waterproof Housing","Westinghouse","FBA","Automotive",765487,193023028608,"N/A",0193023028608,"N/A","Batteries & Accessories",7426,99.99,110,43,25,,6144.86,2512.05,"N/A","N/A","Rayman Lights Inc","N/A",1,0,"N/A","Large Standard-Size",4.37,4.72,8.78,2.62,91.18,251.53,"02/28/2026",1,11,3,"N/A"
"https://amazon.com/dp/B0G45BQKMY","https://m.media-amazon.com/images/I/81Xmt3BM58L._SX450_.jpg","B0G45BQKMY","Westinghouse 2000A Portable Jump Starter - 12V Battery Jump Box for Up to 7.0L Gas & 5.0L Diesel Engines, High Capacity Power Bank with USB & DC, Bright LED Flashlight, IP65 Rated Waterproof Housing","Westinghouse","FBA","Automotive",765487,193023028615,"N/A",0193023028615,"N/A","Batteries & Accessories",7426,149.99,110,43,12,,6144.86,1873.36,"N/A","N/A","Rayman Lights Inc","N/A",1,0,"N/A","Large Standard-Size",4.21,6.02,10.2,3.53,130.15,359.04,"02/28/2026",1,11,3,"N/A"
"https://amazon.com/dp/B0G458JQYZ","https://m.media-amazon.com/images/I/81piuhaNgcL._SX450_.jpg","B0G458JQYZ","Westinghouse 4000A Portable Jump Starter - 12V Battery Jump Box for Up to 9.0L Gas & 7.0L Diesel Engines, High Capacity Power Bank with USB & DC, Bright LED Flashlight, IP65 Rated Waterproof Housing","Westinghouse","FBA","Automotive",765487,193023028622,"N/A",0193023028622,"N/A","Batteries & Accessories",7426,279.99,100,43,6,,6144.86,1758.91,"N/A","N/A","Rayman Lights Inc","N/A",1,0,"N/A","Large Standard-Size",10.31,6.34,4.17,3.89,137.23,378.57,"02/28/2026",1,11,3,"N/A"
"https://amazon.com/dp/B0FRFT2LDY","https://m.media-amazon.com/images/I/71pwPZeAsyL._SX450_.jpg","B0FRFT2LDY","10000A Q27B Car Jump Starter for All Gas & All Diesel Engine","giatero","FBM","Automotive",767152,"N/A","N/A","N/A","N/A","Batteries & Accessories",7439,40,-3,1,1,,58.5,58.43,2,3,"manhuipower","China",1,0,"N/A","Large Standard-Size",2,1,6,1,"N/A","N/A","01/31/2026",2,6,0,0.74
"https://amazon.com/dp/B00Q2AE32S","https://m.media-amazon.com/images/I/61QJ3ujqziL._SX450_.jpg","B00Q2AE32S","KHOI1971 FAST CHARGER AC adapter COMPATIBLE with Clore Solar Jump N Carry JNC660 BOOSTER PAC ES1224 Solar ES6000KE Pac ES2500 ES2500KE ES5000 ES6000 ES1224 J850 J900 CS1200 car battery Jump Starter","KHOI1971","FBM","Automotive",767574,633755231872,"N/A",0633755231872,"N/A","Jump Starters",969,14.98,"N/A",6,6,,88.76,88.6,37,3.5,"KHOI1971","USA",1,66,-69,"N/A","N/A","N/A","N/A","N/A","N/A","N/A","04/30/2024",136,2,0,0.16
"https://amazon.com/dp/B07TN4QJ4K","https://m.media-amazon.com/images/I/71smf2paugL._SX450_.jpg","B07TN4QJ4K","CarAIDE Super Safe Jump Starter(12V 1000A, up to 6.0L Gas, 4.0L Diesel Engine), Car Battery Booster, 18 in 1 Emergency Escape Multi-Tools, Window Breaker, Seat Belt Cutter, Alarm, SOS Flash","CarAIDE","FBA","Automotive",770321,613460978699,"N/A",0613460978699,"N/A","Jump Starters",974,79.99,-5,9,9,100,692.71,692.5,463,4.2,"MapGoMap","USA",1,99,-12,"Large Standard-Size",3.98,5.59,11.65,2.56,130.5,359.99,"11/30/2024",80,7,0,0.02
"https://amazon.com/dp/B0F5HB9WCZ","https://m.media-amazon.com/images/I/716wqD7kqxL._SX450_.jpg","B0F5HB9WCZ","RUNSEA 5000A Peak Car Jump Starter Portable 60W Quick Charge for All Gas & 10L Diesel Engines, 26000mAh Jump Box for Car Battery Booster with LCD Display, Safety Jumper Cables and LED Light","runsea","FBA","Automotive",771821,"N/A","N/A","N/A","N/A","Jump Starters",980,49.99,-36,11,11,-89,528,527.91,45,4.6,"RUNSEA DIRECT","China",2,0,"N/A","Large Standard-Size",4.37,5.28,10.28,2.54,119.42,329.44,"07/31/2025",9,9,0,0.23
"https://amazon.com/dp/B0G445Q9FG","https://m.media-amazon.com/images/I/413Ay37msSL._SX450_.jpg","B0G445Q9FG","VisualPower 3000A Portable Car Jump Starter, 12V Battery Booster for 6.0L Gas/4.0L Diesel, 9 Safety Protections, Power Bank, 3-Mode LED Flashlight & Hard Case","VisualPower","FBA","Automotive",773620,"N/A","N/A","N/A","N/A","Batteries & Accessories",7397,55.99,-3,10,10,,539.03,538.88,20,4.5,"VisualPower","China",2,0,"N/A","Large Standard-Size",3.62,5.91,7.76,1.59,83.59,230.58,"01/31/2026",1,9,0,0.48
"https://amazon.com/dp/B003V5ETBW","https://m.media-amazon.com/images/I/51WQf9dbyML._SX450_.jpg","B003V5ETBW","Clore Automotive JNC080 Jump-N-Carry Replacement Battery (for JNC950 Jump Starter)","Clore Automotive","FBM","Automotive",775025,010271006922,00010271006922,0010271006922,"N/A","Batteries & Accessories",7519,144.99,-33,7,7,-32,1009.39,1009.3,7,4.6,"American-Mechanic","USA",9,99,-2,"Large bulky",8.2,8.5,9.6,24.15,"N/A","N/A","12/31/2024",188,2,0,1
"https://amazon.com/dp/B0776YWLDV","https://m.media-amazon.com/images/I/71pr6YO+dnL._SX450_.jpg","B0776YWLDV","DieHard 71341 6/12V Gold Smart Wheel Battery Charger and 50/250A Maintainer","DieHard","FBM","Automotive",775160,810728030186,00026666910156,0810728030186,"N/A","Batteries & Accessories",7522,229.2,-6,3,3,-103,630.86,630.77,418,4.2,"The Factory Depot","USA",3,105,-35,"Large bulky",12.7,14.8,24.6,31.92,"N/A","N/A","11/30/2024",101,11,2,0.01
"https://amazon.com/dp/B00E9JKNRS","https://m.media-amazon.com/images/I/61xQmJx0ntL._SX450_.jpg","B00E9JKNRS","T POWER 14v 16v Charger for NOCO Boost X GBX45 GBX55 GBX75 GBX155 GB250 GB251 GB500 GB70 GB150 Genius Boost UltraSafe Portable Lithium Jump Starter Ac Dc Adapter Power Supply Cord","T POWER","FBA","Automotive",776405,700220521001,"N/A",0700220521001,"N/A","Batteries & Accessories",7527,13.99,-33,8,8,-48,114.2,113.99,113,4.6,"T-Power USA","USA",2,189,-85,"Large Standard-Size",1.5,5.12,9.09,0.34,35.06,96.72,"11/30/2024",43,8,0,0.07
"https://amazon.com/dp/B0D72G2RZM","https://m.media-amazon.com/images/I/71zHBneO5VL._SX450_.jpg","B0D72G2RZM","4-in-1 Multifunctional Jump Starter - 12000mAh Car Battery Charger, Power Bank, Air Compressor, LED Light - 2400A Peak Current (Without EV Zipper Bag)","MMQ","FBA","Automotive",776760,764923689291,"N/A",0764923689291,"N/A","Batteries & Accessories",7434,79.99,-14,1,1,-44,118.59,118.51,3,4,"mmqcamera-store","China",1,29,"N/A","Large Standard-Size",2.64,13.23,16.38,3.33,288.04,794.59,"09/30/2024",19,8,2,0.49
"https://amazon.com/dp/B0CCRYJJ5T","https://m.media-amazon.com/images/I/51DJcGTTOlL._SX450_.jpg","B0CCRYJJ5T","Gferauto 12v Auto Jump Starter Peak Current 2000A (8.0L Gas and 5.0L Diesel Engine), Car Lithium Battery Charger Jumper Cable Pack, 8000mah Portable Power Bank with LED Light&USB Quick Charge","GFERAUTO","FBA","Automotive",783211,702909872473,"N/A",0702909872473,"N/A","Batteries & Accessories",10706,29.98,-21,11,5,-77,359.68,151.5,123,4.2,"Gferauto","China",1,558,10,"Large Standard-Size",3.62,3.82,7.95,1.46,55.35,152.69,"01/31/2026",29,6,2,0.09
"https://amazon.com/dp/B0CCNJ854J","https://m.media-amazon.com/images/I/71JYiCgs0iL._SX450_.jpg","B0CCNJ854J","Aproca Case Compatible with Weego 44s 2100A Self-Use 12V Lithium Car Battery Jump Starter, Portable Hard Storage Bag for Accessories (Case Only)","Aproca","FBA","Automotive",784312,"N/A","N/A","N/A","N/A","Jump Starters",988,15.99,-3,16,16,-4,260.92,260.65,22,4.9,"Aproca Direct","China",1,254,-61,"Large Standard-Size",3.23,5.2,6.81,0.4,57.59,158.86,"11/30/2024",58,9,0,0.74
"https://amazon.com/dp/B0F1ZTP46W","https://m.media-amazon.com/images/I/81fhrGMtOFL._SX450_.jpg","B0F1ZTP46W","Jump Starter with Air Compressor: 4000A 150PSI Car Battery Charger - 65W Tire Inflator Portable Car Battery Jumper Starter Power Pack - Jump Box Cables (All Gas/10L Diesel) - for Automotive RV Tools","VEHIDEA","FBA","Automotive",785071,770642475657,"N/A",0770642475657,"N/A","Batteries & Accessories",7489,97.49,-19,47,47,274,4540.31,4539.69,33,4.7,"VEHIDEA-US","China",1,0,"N/A","Large Standard-Size",4.88,6.5,10.83,4.25,172.96,477.12,"09/30/2025",9,7,0,1.41
"https://amazon.com/dp/B0D9LMWJ9P","https://m.media-amazon.com/images/I/61EDtdBvKjL._SX450_.jpg","B0D9LMWJ9P","Car DC Adapter Replacement Charger for MaxMade MPB0002 MPB0002A Portable Jump Starter/Power Bank; Truck Booster PAC ES1224 Jump Starter; RFD4902 Rockford Pocket Power XD Jump Starter","SZSWWPOR","FBA","Automotive",786181,"N/A","N/A",9390721314809,"N/A","Batteries & Accessories",7496,11.99,-16,1,1,60,7.63,7.56,2,5,"jiangyinjiamiaodianzishangwu","China",2,28,"N/A","Large Standard-Size",4,3,2,0.25,12.08,33.33,"07/31/2025",20,5,0,0.65
"https://amazon.com/dp/B0DMTNLHWC","https://m.media-amazon.com/images/I/81oM1ZMUIEL._SX450_.jpg","B0DMTNLHWC","NEBO Assist 1500XP Portable Car Battery Jump Starter | 44.4Wh Power Supply Jump Box Restarts 12V Cars & ATVs, 35 Battery Boosts from 1 Charge, Integrated Emergency Floodlight, USB Ports, TSA Approved","NEBO","FBA","Automotive",787273,645397943839,"N/A",0645397943839,"N/A","Batteries & Accessories",7604,79.99,-20,3,3,-78,338.19,338.05,1,5,"NEBO","USA",5,0,"N/A","Large Standard-Size",4.5,4.5,6.7,3.5,68.31,188.44,"11/30/2025",16,7,0,2.96