"URL","Image URL","ASIN","Title","Brand","Fulfillment","Category","BSR","UPC","GTIN","EAN","ISBN","Subcategory","Subcategory BSR","Price","Price Trend (90 days) (%)","Parent Level Sales","ASIN Sales","Sales Trend (90 days) (%)","Parent Level Revenue","ASIN Revenue","Review Count","Reviews Rating","Seller","Seller Country/Region","Number of Active Sellers","Last Year Sales","Sales Year Over Year (%)","Shipping Details","Length","Width","Height","Weight","Storage Fee (Jan - Sep)","Storage Fee (Oct - Dec)","Best Sales Period","Listing Age (Months)","Number of Images","Variation Count","Sales to Reviews"
"https://amazon.com/dp/B0GQ91JM44","https://m.media-amazon.com/images/I/71jLvwxBIjL._SX450_.jpg","B0GQ91JM44","Jump Starter with Air Compressor, Battery Jumper Starter Portable,12V Jump Box with 160PSI Tire Inflator for Car Battery, LED Display for All Gas & 12L Diesel Engines, LED Light, Jumper Cables","Carzip","-","Automotive",48015,"N/A","N/A","N/A","N/A","Batteries & Accessories",1009,59.99,"N/A",0,0,,"-","-","N/A","N/A",,"N/A",1,0,"N/A","Large Standard-Size",4.41,5.87,9.53,2.84,"N/A","N/A","-",0,"N/A",2,"N/A"
"https://amazon.com/dp/B0DXDX59PQ","https://m.media-amazon.com/images/I/81Xxd+JKApL._SX450_.jpg","B0DXDX59PQ","Aenllosi for HULKMAN Alpha85/Alpha85S/Alpha Pro Jump Starter Hard Carrying Case, Black+Red (Case Only)","Aenllosi","FBA","Automotive",48113,"N/A","N/A","N/A","N/A","Batteries & Accessories",2547,20.99,-11,209,7,-49,4044.51,157.17,703,4.6,"Aenllosi","China",1,3450,7,"Large Standard-Size",4.37,6.18,10.63,0.62,144.54,398.72,"12/31/2024",13,9,6,0.3
"https://amazon.com/dp/B091PK96S1","https://m.media-amazon.com/images/I/81TFDoPSjgL._SX450_.jpg","B091PK96S1","Aenllosi for HULKMAN Alpha85/Alpha85S/Alpha Pro Jump Starter Hard Carrying Case (Case Only)","Aenllosi","FBA","Automotive",48339,741960829149,"N/A",0741960829149,"N/A","Jump Starters",224,18.99,-20,209,157,-49,4044.51,2984.01,703,4.6,"Aenllosi","China",1,3450,7,"Large Standard-Size",4.45,5.94,11.02,0.62,146.66,404.57,"12/31/2024",60,8,6,0.3
"https://amazon.com/dp/B0CNCT74N8","https://m.media-amazon.com/images/I/81Kpc9hJmWL._SX450_.jpg","B0CNCT74N8","Replacement for HULKMAN Alpha65 Jump Starter Hard Carrying Case by Aenllosi(Case Only)","Aenllosi","FBA","Automotive",48343,"N/A","N/A","N/A","N/A","Jump Starters",224,19.99,4,209,16,-49,4044.51,314.94,704,4.6,"Aenllosi","China",1,3450,7,"Large Standard-Size",3.86,5.71,9.29,0.6,103.09,284.38,"12/31/2024",28,8,6,0.3
"https://amazon.com/dp/B0CNCXGF9Q","https://m.media-amazon.com/images/I/71S+YTxiLBL._SX450_.jpg","B0CNCXGF9Q","Replacement for HULKMAN Alpha100 Jump Starter Hard Carrying Case by Aenllosi(Case Only)","Aenllosi","FBA","Automotive",48343,"N/A","N/A","N/A","N/A","Jump Starters",224,23.99,-13,209,4,-49,4044.51,99.28,703,4.6,"Aenllosi","China",1,3450,7,"Large Standard-Size",4.49,10.31,12.64,0.97,294.6,812.68,"12/31/2024",28,8,6,0.3
"https://amazon.com/dp/B0CJJWJG6S","https://m.media-amazon.com/images/I/71GKQ014VIL._SX450_.jpg","B0CJJWJG6S","Featou Jump Starter with Air Compressor, 5 in 1 Functional Jump Box 5500A Peak Power Pack with 150PSI Digital Tire Inflator, Portable Car Charger Jumper for 9.0L Gas or 7.5L Diesel","Featou","FBA","Automotive",48425,797639846580,"N/A",0797639846580,"N/A","Jump Starters",218,89.99,-17,383,320,-64,30681.73,25543.08,853,4.4,"Topcar1","China",2,0,"N/A","Large Standard-Size",4.72,6.06,9.45,2.89,136.09,375.42,"11/30/2025",28,7,3,0.45
"https://amazon.com/dp/B0BBBB95WM","https://m.media-amazon.com/images/I/61kVJZQA0gL._SX450_.jpg","B0BBBB95WM","J-ZMQER 6FT AC Cord Charger Cable Compatible with Stanley JumpiT J7C09D J5C09 J5CPD J5C09D J509 J5CP J309 Power Station 12V Jump iT Starter 1400A 1200A 1000A 600A Fatmax PoweriT PPRH7DS PPRH5DS","J-ZMQER","FBA","Automotive",48675,"N/A","N/A","N/A","N/A","Batteries & Accessories",1023,8.99,2,149,149,-45,1341.73,1340.09,73,4.7,"J-ZMQER","China",3,1661,294,"Large Standard-Size",1.18,3.46,10.24,0.2,21.09,58.18,"11/30/2025",43,4,0,2.04
"https://amazon.com/dp/B0FK59QRHS","https://m.media-amazon.com/images/I/51mIGPT8ljL._SX450_.jpg","B0FK59QRHS","Car Jump Starter with Air Compressor, 3000A Car Battery Jumper Starter Portable (9.0 Gas/6.5L Diesel) with 150PSl Digital Tire Inflator Portable Car Jump Box with Jumper Cables, Charger, LED Light","Yttcraft","FBA","Automotive",48750,"N/A","N/A","N/A","N/A","Batteries & Accessories",1001,34.19,-14,172,172,-47,6332.9,6332.53,58,4.2,"Yttcraft","China",1,0,"N/A","Large Standard-Size",4.53,5.24,8.46,2.65,101.11,278.91,"11/30/2025",6,8,0,2.97
"https://amazon.com/dp/B0FRRMYBG2","https://m.media-amazon.com/images/I/71r+o2gWnbL._SX450_.jpg","B0FRRMYBG2","TYPE S 12V 6.0L Battery Jump Starter with Qi Wireless Charging, JumpGuide™ and 8,000 mAh Power Bank","TYPE S TOURING ITEMS","FBA","Automotive",48999,"N/A","N/A","N/A","N/A","Batteries & Accessories",4223,99.99,"N/A",138,0,-77,13772.66,"-",318,4.3,"TYPE S","USA",0,0,"N/A","N/A","N/A","N/A","N/A","N/A","N/A","N/A","11/30/2025",6,7,2,0.43
"https://amazon.com/dp/B0DPZNB7DV","https://m.media-amazon.com/images/I/71w9KBrbN3L._SX450_.jpg","B0DPZNB7DV","High-Power 9000A Jump Starter with Air Compressor, 12V Car Battery Jump Starter, Portable Jump Box for Car(All Gas/14L Diesel) with Tire Inflator, 30W Fast Charge, Forced Boost, Smart Battery Jumper","Featou","FBA","Automotive",49138,"N/A","N/A","N/A","N/A","Batteries & Accessories",1048,139.99,-20,319,319,-39,42149.29,42149.17,275,4.5,"Topcar1","China",1,0,"N/A","Large Standard-Size",4.84,6.54,10.55,3.9,168.13,463.81,"11/30/2025",12,8,3,1.16
"https://amazon.com/dp/B000KPU8F2","https://m.media-amazon.com/images/I/81fALLvqmtL._SX450_.jpg","B000KPU8F2","Clore Automotive Jump-N-Carry JNCAIR 1700 Peak Amp Jump Starter with Air Compressor","Clore Automotive","Amazon","Automotive",49337,010271019908,00010271019908,0010271019908,"N/A","Jump Starters",219,216.4,-19,110,110,-48,23818.77,23817.55,1264,4.2,"Amazon","N/A",9,1527,"N/A","Large bulky",9.52,16.5,18,28.43,"N/A","N/A","11/30/2025",134,4,0,0.09
"https://amazon.com/dp/B0F1C7NQSX","https://m.media-amazon.com/images/I/71PdGTmaJaL._SX450_.jpg","B0F1C7NQSX","Car Battery Jump Starter with Air Compressor,44.4Wh Battery Jump Box with Tire Inflator,Jump Booster with Smart Jumper Cables,LED Light Emergency Car Kits for Vehicles,Arrancador Ae Batería","EBOSSOM","FBA","Automotive",49520,"N/A","N/A","N/A","N/A","Jump Starters",220,79.99,151,173,12,-1,8536.13,858.84,786,4.6,"EBOSSOM Direct","Singapore",1,0,"N/A","Large Standard-Size",4.41,5.79,9.37,3.09,120.46,332.3,"07/31/2025",9,9,4,0.22
"https://amazon.com/dp/B0DGK6XRP2","https://m.media-amazon.com/images/I/61ZbOpDHT7L._SX450_.jpg","B0DGK6XRP2","for NOCO GB20 and GB40 Jump Starters Boost Sport and Plus EVA Protection for UltraSafe Lithium(Case only)","MAILADA","FBA","Automotive",49534,"N/A","N/A","N/A","N/A","Batteries & Accessories",1053,16.99,-51,181,151,-76,3128.83,2518.46,150,4.6,"3-eyes","China",1,0,"N/A","Large Standard-Size",4.06,8.07,10.63,0.73,175.35,483.73,"11/30/2025",18,7,3,1.2
"https://amazon.com/dp/B0D86LXLPW","https://m.media-amazon.com/images/I/71QSFn8azqL._SX450_.jpg","B0D86LXLPW","Lucklike W210 Jump Starter with Air Compressor 150 PSI, 12V 6000A Peak Lithium Car Battery Jump Starter for All Gas and 10.0L Diesel, 80.66Wh Booster Jump Box Pack with LED Light, Jumper Cables","Lucklike","FBA","Automotive",49767,"N/A","N/A","N/A","N/A","Batteries & Accessories",1056,69.99,41,191,191,-88,12353.8,12352.67,355,4.6,"Lucklike","China",1,4781,"N/A","Large Standard-Size",4.29,5.51,10,3.2,119.01,328.3,"11/30/2024",18,9,0,0.54
"https://amazon.com/dp/B0FHKJK32Q","https://m.media-amazon.com/images/I/71iSGlT1iaL._SX450_.jpg","B0FHKJK32Q","Car Battery Jump Starter with Air Compressor, Battery Jump Box with Tire Inflator,Jump Booster with Smart Jumper Cables,LED Light Emergency Car Kits for Vehicles,Arrancador Ae Batería","EBOSSOM","FBA","Automotive",50038,"N/A","N/A","N/A","N/A","Batteries & Accessories",2480,68.99,-18,173,23,-1,8536.13,1449.31,786,4.6,"EBOSSOM Direct","Singapore",1,0,"N/A","Large Standard-Size",4.49,5.79,9.37,2.82,122.54,338.04,"07/31/2025",6,8,4,0.22
"https://amazon.com/dp/B0CM8V9S9P","https://m.media-amazon.com/images/I/71gq3z32BnL._SX450_.jpg","B0CM8V9S9P","PwrON AC in Power Charging Cord Charger Cable Compatible with EverStart MAXX 1200 Peak AMPS Jump Starter with Air Compressor and Inverter Ever Start 1200A 750A 12V 300A JumpStarter Box Lot 11480","PwrON","FBA","Automotive",51306,"N/A","N/A","N/A","N/A","Batteries & Accessories",1072,8.99,-12,146,146,-65,1313.99,1312.39,139,4.6,"PwrON USA","China",1,1963,-9,"Large Standard-Size",1.1,5.79,6.93,0.2,22.26,61.4,"01/31/2025",29,6,0,1.05
"https://amazon.com/dp/B0G6BBV78S","https://m.media-amazon.com/images/I/71bb4NB69vL._SX450_.jpg","B0G6BBV78S","Dyeetic 6000A Jump Starter with Air Compressor,150PSI Car Battery Tire Inflator (All Gas/10.0L Diesel Engines),12V Car Battery Jump Box with Jumper Cables, LCD Display, LED Light,Power Bank","Dyeetic","FBA","Automotive",51622,"N/A","N/A","N/A","N/A","Batteries & Accessories",1085,99.99,"N/A",405,11,-5,25551.52,881,8,4.7,"Dyeetic-US","China",1,3995,"N/A","Large Standard-Size",9.06,5.12,3.94,2.87,91.86,253.42,"06/30/2025",0,8,4,50.66
"https://amazon.com/dp/B0FHKQTP8J","https://m.media-amazon.com/images/I/71f-qXuQzJL._SX450_.jpg","B0FHKQTP8J","Jump Starter with Air Compressor,5000A Car Battery Jumper Starter, 16000mAh Battery Jumper Starter Portable for 10L Gas/Diesel Engine with 160PSI Booster,LED Display & Light,Jumper Cables","fejidaw","FBA","Automotive",51910,"N/A","N/A","N/A","N/A","Jump Starters",232,359.99,-34,91,24,,15234.13,6933.12,35,4.8,"Woot","USA",4,0,"N/A","Large Standard-Size",4.45,5.39,10.91,3.26,131.75,363.45,"02/28/2026",8,8,2,2.59
"https://amazon.com/dp/B0756PV96Z","https://m.media-amazon.com/images/I/416lppCaNeL._SX450_.jpg","B0756PV96Z","Schumacher Electric DSR ProSeries Car Battery Jump Starter & Portable Power Station - 2250 Peak Amp 12V Car Starter & Jump Box- Digital Display, Heavy-Duty Booster Cables - DSR167","Schumacher Electric","FBM","Automotive",52054,026666420853,00026666420853,0026666420853,"N/A","Jump Starters",234,208.98,-36,94,94,-40,19927.45,19926.94,425,4.1,"The Factory Depot","USA",4,1115,-17,"Large bulky",8.5,14.3,17.5,27.5,"N/A","N/A","11/30/2025",101,7,0,0.22
"https://amazon.com/dp/B0DR1VW3SC","https://m.media-amazon.com/images/I/71Nkq7VIyJL._SX450_.jpg","B0DR1VW3SC","Car Jumper Starter Storage Bag Compatible with DEWALT DXAEPS14-Type2 2000 Peak Battery Amp 12V Automotive Battery Booster Jump Starter Power Station, Carrying Case Holder Container (Box Only)","Tanmqin","FBA","Automotive",52090,"N/A","N/A","N/A","N/A","Batteries & Accessories",1086,30.99,-22,112,112,-81,3395.71,3394.6,94,4.4,"Tanmqin","China",1,2470,"N/A","Large Standard-Size",3.35,9.49,13.94,0.86,223.13,615.52,"11/30/2025",14,7,0,1.19
"https://amazon.com/dp/B0FLXYFGXV","https://m.media-amazon.com/images/I/81lpOXyNZuL._SX450_.jpg","B0FLXYFGXV","Case for NOCO Boost GB70 & X GBX75 – Waterproof Hard Shell Carrying Case with Custom Pre-Cut Foam, Shockproof Protective Travel Box Compatible with NOCO Boost GB70/ X GBX75 UltraSafe Jump Starter","LOTOCASE","FBA","Automotive",52284,"N/A","N/A","N/A","N/A","Batteries & Accessories",1080,45.99,135,165,5,-55,6541.05,207.08,108,4.8,"LOTOCASE","China",1,0,"N/A","Large Standard-Size",5.79,10.16,13.19,3.13,390.65,1077.67,"11/30/2025",7,6,7,1.53
"https://amazon.com/dp/B0C4T6XQ74","https://m.media-amazon.com/images/I/71BHmnvTGLL._SX450_.jpg","B0C4T6XQ74","DONYOIE Charger for Dewalt DXAEPS14 DXAEPS14CA 1600 1400 011-2070-4 Peak Jump Starter Power Cord AC Adapter DC Adaptor Supply","DONYOIE","FBA","Automotive",52726,"N/A","N/A","N/A","N/A","Jump Starters",234,14.99,-20,131,131,-69,2022.82,2021.36,188,4.6,"DONYOIE","China",1,3431,-3,"Large Standard-Size",1.85,2.76,3.94,0.18,10.13,27.94,"12/31/2024",34,8,0,0.72
"https://amazon.com/dp/B0FLTHCNBD","https://m.media-amazon.com/images/I/81DSq+EYrEL._SX450_.jpg","B0FLTHCNBD","Case for NOCO Boost X GBX45 – Waterproof Hard Shell Carrying Case with Custom Pre-Cut Foam, Shockproof Protective Travel Box Compatible with NOCO Boost X GBX45 UltraSafe Jump Starter (Case Only)","LOTOCASE","FBA","Automotive",52903,"N/A","N/A","N/A","N/A","Batteries & Accessories",1105,29.99,-7,165,15,-55,6541.05,442.65,110,4.7,"LOTOCASE","China",1,0,"N/A","Large Standard-Size",4.65,9.72,11.34,2.34,258.05,711.87,"11/30/2025",7,6,7,1.5
"https://amazon.com/dp/B0FLXXPCN8","https://m.media-amazon.com/images/I/71dUVocS9LL._SX450_.jpg","B0FLXXPCN8","LOTOCASE Case for NOCO Boost X GBX155 & GB150 – Waterproof Hard Shell Carrying Case with Custom Pre-Cut Foam, Shockproof Protective Travel Box Compatible with NOCO GBX155/GB150 UltraSafe Jump Starter","LOTOCASE","FBA","Automotive",52909,"N/A","N/A","N/A","N/A","Batteries & Accessories",1105,49.99,8,165,58,-55,6541.05,3117.44,107,4.8,"LOTOCASE","China",1,0,"N/A","Large Standard-Size",5.94,12.91,16.42,4.96,633.96,1748.85,"11/30/2025",7,6,7,1.54
"https://amazon.com/dp/B0F343VTJS","https://m.media-amazon.com/images/I/41PQl0TFFZL._SX450_.jpg","B0F343VTJS","Hulkman Alpha Ultra Red, 1250A 44.4Wh Jump Starter, Power Without The Bulk, Car Battery Jump Starter & Jump Box with 2.9"" Smart Display, 50-Min Full Charge, Jumper Cables for 7.0L Gas/4.0L Diesel","Hulkman","FBA","Automotive",53052,"N/A","N/A","N/A","N/A","Jump Starters",236,89.99,-10,136,31,,10266.34,2710.55,48,4.4,"HULKMAN Direct","China",2,0,"N/A","Large Standard-Size",4.49,4.8,8.7,2.87,94.43,260.51,"01/31/2026",7,8,2,2.83
"https://amazon.com/dp/B0F348VXWB","https://m.media-amazon.com/images/I/61GkBw+xSvL._SX450_.jpg","B0F348VXWB","Hulkman Alpha,Ultra Red,1000A 37Wh Jump Starter, Portable, Stylish,12V Jump Box with Jumper Cables,45-Min Full Recharge,24-Month Standby,3-Step Easy Start,IP65,LED Display,for 6.5L Gas/3.0L Diesel","Hulkman","FBA","Automotive",53052,"N/A","N/A","N/A","N/A","Jump Starters",236,69.99,-26,136,105,,10266.34,7554.22,67,4.6,"HULKMAN Direct","China",2,0,"N/A","Large Standard-Size",4.53,4.69,8.86,2.78,94.6,260.97,"01/31/2026",9,8,2,2.03
"https://amazon.com/dp/B0FHPWWGN7","https://m.media-amazon.com/images/I/71UtrJ-UMSL._SX450_.jpg","B0FHPWWGN7","Sorghum Battery Jumper Starter Portable - 8000A Car Battery Jump Starter with Air Compressor, 150PSI Jump Box with Tire Inflator, Car Battery Booster Jump Pack for All Gas/12L Diesel","SORGHUM","FBA","Automotive",53211,"N/A","N/A","N/A","N/A","Batteries & Accessories",1115,39.99,-29,284,284,128,12757.22,12757.08,44,3.8,"Sorghumauto","China",1,0,"N/A","Large Standard-Size",3.82,4.65,8.58,2.2,76.73,211.68,"01/31/2026",6,8,0,6.46
"https://amazon.com/dp/B0CHJH54BY","https://m.media-amazon.com/images/I/81zcsDY+G+L._SX450_.jpg","B0CHJH54BY","VTOMAN V10 Pro 4500A Jump Starter, Portable Car Starter (All Gas, 10.0L Diesel Engine) 12V Lithium Jump Box, Battery Booster Power Pack, Car Battery Charger Jumper with Type C Quick Charge, LED Lights","VTOMAN","FBA","Automotive",53988,"N/A","N/A","N/A","N/A","Jump Starters",244,79.99,-4,78,17,-48,8152.67,2177.06,537,4.7,"VTOMAN","China",1,0,"N/A","Large Standard-Size",4.17,5.04,10.35,3.06,109.52,302.12,"09/30/2025",28,7,2,0.14
"https://amazon.com/dp/B09TP2B11R","https://m.media-amazon.com/images/I/71IJO8fgacL._SX450_.jpg","B09TP2B11R","3000A Jump Starter, 24000mAh Car Battery Jump Starter (up to 8.0L Gas and 8.0L Diesel Engine) Battery Jumper Starter Portable, 12V Car Jumper Starter Portable with LED Light and USB QC 3.0","CARHEV","FBA","Automotive",54114,"N/A","N/A","N/A","N/A","Jump Starters",245,39.99,"N/A",79,79,-121,3352.64,3352.57,4039,4.4,"CARHEV Direct","China",1,0,"N/A","Large Standard-Size",4.88,5.31,9.8,2.27,127.85,352.7,"07/31/2025",35,7,0,0.02
"https://amazon.com/dp/B0FP52SSWN","https://m.media-amazon.com/images/I/81WKsiwUlCL._SX450_.jpg","B0FP52SSWN","UNLAZIN X8 Jump Starter 8000A Battery Jumper Starter Portable with Force Start, 12V Car Starter Jump Box & Battery Booster for All Gas & Diesel Engines, QC 3.0 Quick Charge, LED Light, Passenger Car","Unlazin","FBA","Automotive",54229,"N/A","N/A","N/A","N/A","Batteries & Accessories",1109,59.99,-37,104,104,-30,6238.49,6238.1,83,4.5,"UNLAZIN","N/A",2,0,"N/A","Large Standard-Size",4.41,5.83,9.72,2.98,125.82,347.09,"11/30/2025",4,9,3,1.25
"https://amazon.com/dp/B0FC221LVG","https://m.media-amazon.com/images/I/61eakdKbWcL._SX450_.jpg","B0FC221LVG","MgcSTEM Battery Jumper Cables Compatible with De.Walt Battery Jumper Cables, Automotive Booster Cable for Car Jump Starting Using Tool 8AWG 2.02FT","MgcSTEM","FBA","Automotive",54549,"N/A","N/A","N/A","N/A","Batteries & Accessories",1135,24.99,-37,129,129,2,3234.17,3232.74,52,4.4,"MgcSTEM","China",1,0,"N/A","Large Standard-Size",2.05,6.73,6.97,0.62,48.41,133.56,"11/30/2025",8,7,0,2.49
"https://amazon.com/dp/B0C3VLNRPM","https://m.media-amazon.com/images/I/71myHjfFi2L._SX450_.jpg","B0C3VLNRPM","BS ONE 1000 Amp Peak Current Car Jump Stater, 12V Lead Acid Battey Jump Box with 260PSI Air Compressor, Jump Starter Battery Pack with Led Light & USB Output","BS ONE","FBA","Automotive",54752,797725280397,"N/A",0797725280397,"N/A","Jump Starters",241,89.99,-29,137,137,-62,12368.17,12366.67,311,4.3,"BS ONE","China",2,2643,"N/A","Large Standard-Size",7.24,9.53,10,10.45,347.38,958.29,"11/30/2025",32,7,2,0.44
"https://amazon.com/dp/B09Q15SPZJ","https://m.media-amazon.com/images/I/719DQPNdHPL._SX450_.jpg","B09Q15SPZJ","YESPER 4120A Jump Starter, 12V Car Battery Jumper Starter Portable (All Gas, up to 10.0L Diesel Engine), 26800mAh Battery Start Booster Pack, Jump Box with Carry Case, Jumper Cables, LED Light","YESPER","FBA","Automotive",55123,"N/A","N/A","N/A","N/A","Jump Starters",248,109.99,-10,185,185,-42,18886.96,18884.99,1221,4.6,"YESPER DIRECT","China",1,0,"N/A","Large Standard-Size",4.29,6.46,10,3.26,139.53,384.91,"11/30/2025",49,9,2,0.15
"https://amazon.com/dp/B0FF9Z42L7","https://m.media-amazon.com/images/I/71cxVPOjaKL._SX450_.jpg","B0FF9Z42L7","Amcelooy 2000 Peak Amp Car Battery Jump Starter, 12V Booster for Up to 8.0L Gas & 8.0L Diesel Engines, Portable Jump Box with LED Light, USB & DC Ports","Amcelooy","FBA","Automotive",55240,"N/A","N/A","N/A","N/A","Batteries & Accessories",1144,129.99,-41,126,126,-52,15880.72,15880.12,36,4.4,"Amcelooy","China",1,0,"N/A","Large Standard-Size",7.83,11.5,12.87,16.27,583.46,1609.55,"12/31/2025",5,7,0,3.71
"https://amazon.com/dp/B0DQ73M2JK","https://m.media-amazon.com/images/I/71LuStNVG4L._SX450_.jpg","B0DQ73M2JK","Jump Starter Adapter for Milwaukee 18V Li-ion Battery Powered with Jumper Cable Clamps Portable Car Battery Charger Jump Starter(Battery Not Included)","JJXNDO","FBA","Automotive",55915,"N/A","N/A","N/A","N/A","Jump Starters",247,31.99,35,150,15,13,4510.26,439.61,69,4,"JJXN Store","China",1,1835,"N/A","Large Standard-Size",3.58,3.66,5.28,0.04,34.83,96.09,"11/30/2025",13,8,4,2.18
"https://amazon.com/dp/B0F2MWRGYR","https://m.media-amazon.com/images/I/71mhm9-pW5L._SX450_.jpg","B0F2MWRGYR","Mchoi Hard Storage Case Fits for Halo Bolt Air+ 1750 / Halo Bolt Ultimate 2.0/ Halo Bolt Ultimate 3.0 / Air 58830 / Air + 55500/58830/44400/57720 Emergency Power Kit Holder, Case Only (Grey)","Mchoi","FBA","Automotive",56326,"N/A","N/A","N/A","N/A","Batteries & Accessories",1166,20.99,247,141,23,-65,3382.73,522.72,77,4.8,"Mchoi Direct","China",1,0,"N/A","Large Standard-Size",3.94,6.42,11.18,0.75,142.23,392.35,"11/30/2025",12,9,4,1.83
"https://amazon.com/dp/B0BFJMRKSH","https://m.media-amazon.com/images/I/71jPwkaFqML._SX450_.jpg","B0BFJMRKSH","Schumacher Electric Wheeled Manual 10A Car Battery Charger and 200A Engine Starter, 2-in-1 Solution, 50A Boost, for 12V/24V Power Sport, Automotive, and Marine Batteries, SC1633","Schumacher Electric","Amazon","Automotive",56405,026666816335,"N/A",0026666816335,"N/A","Jump Starters",249,175.6,-33,83,83,-41,16408.47,16408.14,122,4,"Amazon","N/A",1,1073,-40,"Large bulky",12.4,12.6,24,38.3,"N/A","N/A","11/30/2024",42,7,0,0.68
"https://amazon.com/dp/B0F2MTM2RH","https://m.media-amazon.com/images/I/71DeXulevBL._SX450_.jpg","B0F2MTM2RH","Mchoi Hard Storage Case Fits for Halo Bolt Air+ 1750 / Halo Bolt Ultimate 2.0/ Halo Bolt Ultimate 3.0 / Air 58830 / Air + 55500/58830/44400/57720 Emergency Power Kit Holder, Case Only","Mchoi","FBA","Automotive",56569,"N/A","N/A","N/A","N/A","Batteries & Accessories",1165,23.49,12,141,37,-65,3382.73,933.78,81,4.9,"Mchoi Direct","China",1,0,"N/A","Large Standard-Size",4.25,6.5,11.06,0.84,153.83,424.35,"11/30/2025",12,9,4,1.74
"https://amazon.com/dp/B0F2MWJJ2J","https://m.media-amazon.com/images/I/81aoopmODIL._SX450_.jpg","B0F2MWJJ2J","Mchoi Hard Storage Case Fits for Halo Bolt Air+ 1750 / Halo Bolt Ultimate 2.0/ Halo Bolt Ultimate 3.0 / Air 58830 / Air + 55500/58830/44400/57720 Emergency Power Kit Holder, Case Only (Blue)","Mchoi","FBA","Automotive",56569,"N/A","N/A","N/A","N/A","Batteries & Accessories",1165,22.99,126,141,8,-65,3382.73,184.81,77,4.8,"Mchoi Direct","China",1,0,"N/A","Large Standard-Size",4.17,6.5,11.02,0.77,150.39,414.86,"11/30/2025",12,9,4,1.83
"https://amazon.com/dp/B0F4C6B7S7","https://m.media-amazon.com/images/I/81vUG--D+4L._SX450_.jpg","B0F4C6B7S7","Mchoi Hard Storage Case Fits for Halo Bolt Air+ 1750 / Halo Bolt Ultimate 2.0/ Halo Bolt Ultimate 3.0 / Air 58830 / Air + 55500/58830/44400/57720 Emergency Power Kit Holder, Case Only (Purple)","Mchoi","FBA","Automotive",56590,"N/A","N/A","N/A","N/A","Batteries & Accessories",1165,23.67,-22,141,74,-65,3382.73,1740.49,84,4.9,"Mchoi Direct","China",1,0,"N/A","Large Standard-Size",4.17,6.57,10.94,0.75,150.9,416.28,"11/30/2025",11,9,4,1.68
"https://amazon.com/dp/B0FXXMBBP6","https://m.media-amazon.com/images/I/71XyAB8+hXL._SX450_.jpg","B0FXXMBBP6","8000A Car Jump Starter, 12V Jump Starter Battery Pack (All Gas,up to 10.0L Diesel Engine) Jumper Cables Portable Lithium Jump Box, USB Output and LED Light","fmooostore","FBA","Automotive",56734,687092374884,"N/A",0687092374884,"N/A","Batteries & Accessories",1138,46.99,-38,500,403,124,27707.68,21933.92,83,4.2,"Pusiou","China",1,0,"N/A","Large Standard-Size",3.9,4.09,6.97,1.32,55.98,154.41,"01/31/2026",3,7,4,6.03
"https://amazon.com/dp/B0F5HD176W","https://m.media-amazon.com/images/I/71FnRvbiVYL._SX450_.jpg","B0F5HD176W","56W 14V 4A DC Car Charger Compatible with NOCO(GB70/GB150/GB250+/GB251+/GB500/GB500+) Genius Series XGC4 Jump Starters, UltraSafe Lithium Battery Charging Cord, Vehicle Power Adapter, Charger Cable","sumaxium","FBA","Automotive",57557,723747190048,"N/A",0723747190048,"N/A","Batteries & Accessories",1179,16.99,-25,136,136,155,2310.95,2309.46,16,4.9,"sumaxium store","China",1,0,"N/A","Large Standard-Size",0.98,4.84,6.81,0.15,16.26,44.86,"02/28/2026",11,7,0,8.5
"https://amazon.com/dp/B0CS5SJB8R","https://m.media-amazon.com/images/I/81VG5p931zL._SX450_.jpg","B0CS5SJB8R","Case Compatible with NEXPOW T11F Portable Jump Starter, Jump Start Battery Pack Booster Carrying Bag, 12V Car Battery Jumper Starter Power Pack Storage Holder (Box Only)","PAIYULE","FBA","Automotive",57560,"N/A","N/A","N/A","N/A","Batteries & Accessories",1173,14.99,"N/A",146,0,-20,2185.57,"-",205,4.6,"PAIYULE","China",0,1576,-14,"N/A","N/A","N/A","N/A","N/A","N/A","N/A","12/31/2024",26,7,1,0.71
"https://amazon.com/dp/B07892JQ1Q","https://m.media-amazon.com/images/I/81RL0c+6wnL._SX450_.jpg","B07892JQ1Q","Schumacher Electric 1200A Car Battery Jump Starter and Portable Power Station, 6-in-1 Solution for 12V Batteries, 150-PSI Air Compressor, 200 Continuous/400 Peak Watt Inverter, SJ1332","Schumacher Electric","Amazon","Automotive",57961,026666813327,00026666813327,0026666813327,"N/A","Jump Starters",248,131.99,1,249,249,-59,30198.89,30198.73,3500,4.2,"Amazon","N/A",3,3349,-43,"Large bulky",12.76,12.92,13,19,"N/A","N/A","09/30/2024",97,7,0,0.07
"https://amazon.com/dp/B0FSSD3PWS","https://m.media-amazon.com/images/I/71VEsqBnI-L._SX450_.jpg","B0FSSD3PWS","GOOLOO GT3000 Jump Starter, 65W Quick Charge, 3000A Battery Jumper Starter Portable, 12V SuperSafe Lithium Battery Booster(8.5L Gas/6.0L Diesel), Jump Box Pack with Jumper Cables","GOOLOO","FBA","Automotive",58061,"N/A","N/A","N/A","N/A","Batteries & Accessories",1217,99.99,-9,133,133,-79,11774.77,11773.42,339,4.7,"GOOLOO","China",1,0,"N/A","Large Standard-Size",4.06,4.61,8.66,2.45,81.61,225.12,"12/31/2025",5,9,2,0.39
"https://amazon.com/dp/B0DMTND4FG","https://m.media-amazon.com/images/I/81lus3ucuLL._SX450_.jpg","B0DMTND4FG","NEBO Assist Air 1500XP Jump Starter and Air Compressor | 44.4Wh Power Supply Box Restarts 12V Battery Vehicles, 150 PSI Air Compressor Inflates Tires, Integrated Floodlight, USB Ports, TSA Approved","NEBO","FBM","Automotive",58167,645397943853,"N/A",0645397943853,"N/A","Batteries & Accessories",1170,129.99,-13,110,95,-76,16991.33,13213.81,70,4.4,"Factory Hardware Store","USA",6,0,"N/A","Large Standard-Size",4.09,6.46,11.1,3.81,"N/A","N/A","11/30/2025",16,7,3,1.57
"https://amazon.com/dp/B0CJJMLZ82","https://m.media-amazon.com/images/I/71dlbGE19vL._SX450_.jpg","B0CJJMLZ82","UTRAI Jump Starter with Air Compressor, 7000A 27000mAh Car Starter Jump Box with 150PSI Tire Inflator, Portable Jump Pack (All Gas/10L Diesel), DC160W, QC3.0 Jumper Cables, 1600LM Light","UTRAI","FBA","Automotive",58364,"N/A","N/A","N/A","N/A","Batteries & Accessories",1185,79.99,-34,116,116,-57,10655.15,10653.88,372,4.4,"UTRAI Shop","China",1,3360,"N/A","Large Standard-Size",5.75,8.9,11.02,5.18,283.93,783.26,"11/30/2024",28,10,0,0.31
"https://amazon.com/dp/B0C9TFG84G","https://m.media-amazon.com/images/I/71Ocr-nPG3L._SX450_.jpg","B0C9TFG84G","DBPOWER Jump Starter 4000A Peak 88.8Wh Portable Car Jump Starter (Up to All Gas/10L Diesel Engine) 12V Auto Battery Booster Pack with Smart Clamp Cables,Quick Charge, LED Light Jump Box","DBPOWER","FBA","Automotive",58696,840164808049,"N/A",0840164808049,"N/A","Batteries & Accessories",1200,69.52,-26,116,116,-87,9303.02,9301.75,637,4.6,"Cocohop","China",2,3502,"N/A","Large Standard-Size",3.78,4.72,9.49,2.45,85.25,235.16,"11/30/2024",31,7,0,0.18
"https://amazon.com/dp/B0D867R382","https://m.media-amazon.com/images/I/71pUKXinMkL._SX450_.jpg","B0D867R382","Professional-Grade 7000A Peak Car Battery Jump Starter (All Gas/10L Diesel) 5000A CCA Portable Car Jump Starter Battery Pack, 12V Safe Jump Box Jumper Starter with Extended Jumper Cables, DC, Lights","BuTure VAC","FBA","Automotive",59163,"N/A","N/A",6975710723546,"N/A","Batteries & Accessories",1191,54.99,-5,259,259,-10,14243.76,14243.64,1070,4.4,"SAKLLY","China",1,9379,"N/A","Large Standard-Size",3.82,5.16,9.06,2.61,89.79,247.71,"04/30/2025",20,7,0,0.24
"https://amazon.com/dp/B0CDZV96X6","https://m.media-amazon.com/images/I/61eypMS1b2L._SX450_.jpg","B0CDZV96X6","NEXPOW Car Battery Jump Starter with Air Compressor 3000A Peak,12V 150PSI Portable Jumpstart Box for Up to 8L Gas and 8L Diesel Engines, PD18W Quick Charging, Force Start Button","NEXPOW","FBA","Automotive",59320,"N/A","N/A","N/A","N/A","Jump Starters",253,99.99,-22,160,160,-57,13257.44,13256.58,431,4.6,"NEXPOW Direct","China",1,3033,-68,"Large Standard-Size",4.76,6.06,12.13,4.52,176.16,485.97,"11/30/2024",28,7,0,0.37
"https://amazon.com/dp/B0D9VG3DCG","https://m.media-amazon.com/images/I/71ZCYIdgtGL._SX450_.jpg","B0D9VG3DCG","AUXITO Portable Jump Starter - 4000A Car Battery Jump Starter(8L Gas/7L Diesel) 2000LM Camping Light, 12V Jump Box with 4 Modes Working Light and 2 Hook, Portable Charger and Jump Cables","AUXITO","FBA","Automotive",59368,198715376760,"N/A",0198715376760,"N/A","Jump Starters",254,39.99,-53,3,59,,166.48,2285.19,962,4.6,"AUXITO PARTS","China",5,0,"N/A","Large Standard-Size",3.9,4.76,7.91,1.92,73.93,203.95,"03/31/2026",19,7,3,0
"https://amazon.com/dp/B0DGLKFQH7","https://m.media-amazon.com/images/I/718tPrm2JwL._SX450_.jpg","B0DGLKFQH7","AUXITO Jump Starter: 6000A Car Portable-Battery Jumper Box with 4000LM LED Outdoor Camping Light and Power Bank Function, Up to 10.5L Gas and 10L Diesel Engines, USB Ports and Jumper Cable Included","AUXITO","FBA","Automotive",59389,"N/A","N/A","N/A","N/A","Batteries & Accessories",1502,69.99,-25,3,23,,166.48,1235.43,961,4.6,"AUXITO PARTS","China",1,0,"N/A","Large Standard-Size",4.69,5.31,9.72,2.84,121.87,336.2,"03/31/2026",16,9,3,0
"https://amazon.com/dp/B0D9VJ727X","https://m.media-amazon.com/images/I/710SIXZXi-L._SX450_.jpg","B0D9VJ727X","AUXITO Jump Starter, 5000A Car Battery Jump Starter, Up to 8.5L Gas and 8.0L Diesel Engines with 2000LM LED Work Panel Light, 12V Safe Jump Box with Camping Light, Power Bank and Jumper Cable","AUXITO","FBA","Automotive",59389,"N/A","N/A","N/A","N/A","Batteries & Accessories",1502,59.99,-38,3,35,,166.48,1732.23,962,4.6,"AUXITO PARTS","China",4,0,"N/A","Large Standard-Size",3.9,4.69,7.91,2.09,72.84,200.95,"03/31/2026",19,7,3,0
"https://amazon.com/dp/B0F21F2YFW","https://m.media-amazon.com/images/I/81+Sdc1PKAL._SX450_.jpg","B0F21F2YFW","Car Battery Jump Starter with Air Compressor 160PSI,5000A 60W Portable Jump Starter Battery Pack (All Gas/10L Diesel),12V Starter Jump Box with Jumper Cables,Type C Fast Charging,3 Mode Light","amplyn","FBA","Automotive",59538,"N/A","N/A","N/A","N/A","Batteries & Accessories",1212,129.99,-54,465,465,-36,45623.11,45620.02,207,4.6,"Amplyn-us","China",2,0,"N/A","Large Standard-Size",4.49,6.18,9.33,3.66,130.34,359.57,"11/30/2025",9,7,0,2.25
"https://amazon.com/dp/B0BL1L8XVW","https://m.media-amazon.com/images/I/71o89hirp8L._SX450_.jpg","B0BL1L8XVW","AsperX AX4500 Jump Starter, 4500A Peak Car Jump Starter for Up to All Gas and 10.0L Diesel Engines, 12V Battery Starter with 4 Inch LCD Display, Lithium Battery Booster with Built-in LED Light","AsperX","FBA","Automotive",59641,"N/A","N/A","N/A","N/A","Jump Starters",260,89.97,-23,83,55,-82,6723.47,4477.17,473,4.5,"JIAHONGJING","China",1,1872,"N/A","Large Standard-Size",4.09,4.37,9.84,3.26,88.55,244.27,"11/30/2024",37,9,5,0.18
"https://amazon.com/dp/B0BMQLP287","https://m.media-amazon.com/images/I/71AxkdFarJL._SX450_.jpg","B0BMQLP287","ASPERX AX4500 Jump Starter,4500A Peak Car Starter for Up to All Gas and 10.0L Diesel Engines,12V Battery Starter with 4 Inch LCD Display,Lithium Portable Car Battery Booster Pack","AsperX","FBA","Automotive",59644,"N/A","N/A","N/A","N/A","Jump Starters",261,89.99,-27,83,28,-82,6723.47,2245.63,128,4.5,"JIAHONGJING","China",1,1872,"N/A","Large Standard-Size",4.49,4.72,10.28,3.92,109.69,302.59,"11/30/2024",37,7,5,0.65
"https://amazon.com/dp/B0988YMLXX","https://m.media-amazon.com/images/I/71ciAy1q0gL._SX450_.jpg","B0988YMLXX","Tyrell Chenergy 2200 Amp Car Jump Starter with Air Compressor,Portable Power Station with 260 PSI Tire Inflator,400W Power Inverter Dual AC/DC Ports,2.1A USB Port,Battery Clamps","Tyrell Chenergy","FBA","Automotive",60118,719710846517,"N/A",0719710846517,"N/A","Jump Starters",266,159.99,-35,110,110,2,17160.98,17160.86,328,4.4,"Tyrell Tech US","China",2,1338,"N/A","Large bulky",9.84,12.52,12.76,20.15,509.4,1273.49,"11/30/2025",49,8,3,0.34
"https://amazon.com/dp/B09Z5CS2C5","https://m.media-amazon.com/images/I/71KTCZgGscL._SX450_.jpg","B09Z5CS2C5","CRAFTSMAN Wheeled Manual 6A Car Battery Charger and 175A Engine Starter, 2-in-1 Solution, Timer-Controlled, 25A Boost, for 12V Power Sport, Automotive, and Marine Batteries, CMXCESM274","CRAFTSMAN","Amazon","Automotive",60528,026666302746,"N/A",0026666302746,"N/A","Jump Starters",416,169.99,-13,241,110,-12,48756.35,18738.99,412,4.5,"Amazon","N/A",5,3636,"N/A","Large bulky",12.4,13.1,24.2,28.25,"N/A","N/A","04/30/2025",47,8,2,0.58
"https://amazon.com/dp/B0DGKSBYZ8","https://m.media-amazon.com/images/I/71Dz-gPMrgL._SX450_.jpg","B0DGKSBYZ8","GOLDFOREST Car Battery Jump Starter with Air Compressor 4000A 150PSI, Portable Car Jumper Starter (10L Gas/8L Diesel), 12V Jump Box with Auto-Stop Tire Inflator, LCD Display, LED Light, Jumper Cables","Goldforest","FBA","Automotive",60581,709175527076,"N/A",0709175527076,"N/A","Batteries & Accessories",1229,38.99,-27,179,179,-22,6624.89,6624.74,147,4.2,"Gold Forest - US","China",1,2117,"N/A","Large Standard-Size",3.98,4.06,8.58,2.07,69.8,192.56,"11/30/2025",16,7,0,1.22
"https://amazon.com/dp/B0CX8ZZLXJ","https://m.media-amazon.com/images/I/71KGCCoifpL._SX450_.jpg","B0CX8ZZLXJ","1800 Amp Jump Starter with Air Compressor, acetek Car Battery Jump Starter 260 PSI Tire Inflator, 20000 mAh 12V Auto Lead-Acid Battery Booster (Up to 6L Gas or 6L Diesel Engine) with LED Light & USB","acetek","FBA","Automotive",60612,797725282568,"N/A",0797725282568,"N/A","Batteries & Accessories",1231,116.99,-34,118,94,-47,15286.96,12355.13,343,4.3,"Acetek","China",2,2251,"N/A","Large Standard-Size",7.52,10.71,11.69,16.56,474.02,1307.64,"11/30/2024",22,8,3,0.34
"https://amazon.com/dp/B0CXXTJN23","https://m.media-amazon.com/images/I/71u0bJqFFFL._SX450_.jpg","B0CXXTJN23","acetek Jump Starter,1600 Peak Amp 12 Volt Jump Starter with Air Compressor, Auto Lead-Acid Battery Booster (Up to 6L Gas or 6L Diesel Engine) with LED Light & USB Output","acetek","FBA","Automotive",60612,797725282759,"N/A",0797725282759,"N/A","Batteries & Accessories",1231,86.44,-30,118,24,-47,15286.96,2931.21,343,4.3,"Acetek","China",1,2251,"N/A","Large Standard-Size",8,10.5,11.5,17.42,486.35,1341.67,"11/30/2024",13,7,3,0.34
"https://amazon.com/dp/B0CHM2SW7N","https://m.media-amazon.com/images/I/41QhK99RjEL._SX450_.jpg","B0CHM2SW7N","VTOMAN V10 Pro 4500A Jump Starter, Portable Car Starter (All Gas, 10.0L Diesel Engine) 12V Lithium Jump Box, Battery Booster Power Pack, Car Battery Charger Jumper with Type C Quick Charge, LED Lights","VTOMAN","FBA","Automotive",60627,"N/A","N/A","N/A","N/A","Jump Starters",258,75.99,-49,78,61,-48,8152.67,5974.79,537,4.7,"VTOMAN","China",2,0,"N/A","Large Standard-Size",4.17,5.04,10.24,3.02,108.35,298.91,"09/30/2025",28,7,2,0.14
"https://amazon.com/dp/B0FPBZQXJQ","https://m.media-amazon.com/images/I/7170jCmhPVL._SX450_.jpg","B0FPBZQXJQ","Dyeetic 7000A Car Jump Starter with Air Compressor,150PSI Car Battery Jump Starter with Tire Inflator,12V Pack Jump Box with Large Digital Display, 21800mAh Power Bank,Smart Jumper Cable","Dyeetic","FBA","Automotive",60933,"N/A","N/A","N/A","N/A","Batteries & Accessories",1243,69.99,-38,413,101,-21,26134.83,7644.8,66,4.5,"Dyeetic-US","China",1,3993,"N/A","Large Standard-Size",4.76,6.42,9.45,3.28,145.39,401.09,"06/30/2025",4,8,5,6.26
"https://amazon.com/dp/B0FDVG82RK","https://m.media-amazon.com/images/I/71EmpxTCphL._SX450_.jpg","B0FDVG82RK","Jump Starter with Air Compressor, Battery Jumper Starter Portable(9.0 Gas/6.5L Diesel) with Tire Inflator, 12V Car Battery Jump Starter with Smart Jumper Cables, LED Light, LCD Display","leowin","FBA","Automotive",60996,766122893950,"N/A",0766122893950,"N/A","Batteries & Accessories",1238,39.98,-24,129,5,,4396.45,194.53,40,4.5,"Run shi tong da","China",1,0,"N/A","Large Standard-Size",3.66,6.81,8.07,2.38,101.27,279.36,"02/28/2026",7,7,2,3.21
"https://amazon.com/dp/B0FM3BGSL7","https://m.media-amazon.com/images/I/51hqARO+InL._SX450_.jpg","B0FM3BGSL7","Jump Starter with Air Compressor,5000A Car Battery Jumper Starter, 16000mAh Battery Jumper Starter Portable for 10L Gas/Diesel Engine with 160PSI Booster,LED Display & Light,Jumper Cables","fejidaw","FBA","Automotive",61163,"N/A","N/A","N/A","N/A","Batteries & Accessories",3137,129.99,-92,91,67,,15234.13,8300.54,35,4.8,"FOO RO","N/A",1,0,"N/A","Large Standard-Size",4.37,5.35,10.87,3.28,127.95,352.97,"02/28/2026",3,8,2,2.59
"https://amazon.com/dp/B09NFQ8G3P","https://m.media-amazon.com/images/I/81PD1T5ABFL._SX450_.jpg","B09NFQ8G3P","Car Battery Jump Starter - FlyAuto 2800/1400 Amp 12V 24V Heavy Duty Jump Box, Works with Truck Tractor Excavator Automotive Engine Starter Battery Charger Booster Jumper Box with USB/DC Power Unit","FlyAuto","FBA","Automotive",61427,794094722732,"N/A",0794094722732,"N/A","Jump Starters",268,249.99,-10,94,94,-12,23550.79,23550.61,93,4.3,"FlyAutoElectric","China",1,985,"N/A","Large bulky",10,14,15,29.85,680.56,1701.39,"01/31/2026",51,7,0,1.02
"https://amazon.com/dp/B0FFB3V93G","https://m.media-amazon.com/images/I/81691VUdKLL._SX450_.jpg","B0FFB3V93G","WANBILU Emergency Portable Jump Starter with Air Compressor - 3000A 150PSI for Cars, Trucks & SUVs up to 9L Gas/7L Diesel, 12000mAh Portable Power Bank, -20°F Cold Start (Grey)","WANBILU","FBA","Automotive",61510,"N/A","N/A","N/A","N/A","Jump Starters",258,42.99,-52,460,181,97,17840.34,7095.62,109,4.1,"Spedoer","China",1,0,"N/A","Large Standard-Size",2.64,5.43,9.65,2.56,69.65,192.13,"02/28/2026",6,7,2,4.22
"https://amazon.com/dp/B0FCFSL2N3","https://m.media-amazon.com/images/I/71hT7YoP2BL._SX450_.jpg","B0FCFSL2N3","FBLFOBELI Hard Carrying Case for Halo Bolt Ultimate 2.0 & 3.0/for Halo Bolt Air + 55500 1750/for Halo Bolt Air 58830 Portable Vehicle Jump Starter with Air Compressor (Case Only) (Navy)","FBLFOBELI","FBA","Automotive",61833,"N/A","N/A","N/A","N/A","Batteries & Accessories",1236,18.99,-21,183,17,-65,3468.9,319.18,101,4.9,"FBL Fobeli","China",1,2434,"N/A","Large Standard-Size",4.37,6.81,11.18,0.86,167.51,462.1,"11/30/2025",9,7,6,1.81
"https://amazon.com/dp/B0FMQVQ8BX","https://m.media-amazon.com/images/I/41g34lmFsNL._SX450_.jpg","B0FMQVQ8BX","NHOWIN Battery Jumper Starter Portable, 4000A 4 in 1 Function Jump Starter Up to 7.5L Gas & 5.0L Diesel Engines 12V Jump Box for Car Battery with Smart Jumper Cables and LED Flashlight","NHOWIN","FBA","Automotive",62049,"N/A","N/A","N/A","N/A","Batteries & Accessories",1509,37.99,-6,558,363,94,20331.52,13638.73,177,4.5,"NHOWIN","China",1,0,"N/A","Large Standard-Size",4.29,5.2,9.57,1.96,107.49,296.51,"02/28/2026",5,8,2,3.15
"https://amazon.com/dp/B0B5ZY1TD8","https://m.media-amazon.com/images/I/71YB677UifL._SX450_.jpg","B0B5ZY1TD8","TELUXE Jump Starter with Air Compressor, 2500A 150PSI Car Battery Jump Starter with Digital Tire Inflator, 12V Lithium Jump Box for Vehicles, Car Battery Booster for 8.5L Gas or 6.0L Diesel Engines.","Teluxe","FBA","Automotive",62340,"N/A","N/A","N/A","N/A","Jump Starters",263,39.99,-16,168,168,-66,7566.85,7566.62,1091,4.4,"geekie","China",2,3586,"N/A","Large Standard-Size",4.29,5.2,8.86,2.91,99.51,274.51,"11/30/2025",42,7,1,0.15
"https://amazon.com/dp/B0CT4QVP31","https://m.media-amazon.com/images/I/71-6PeXQ6DL._SX450_.jpg","B0CT4QVP31","12V Jump Starter Charger for EverStart Maxx Car Camo Jump Starter, Power Cord AC Adapter for Ever Start Max J7CCE J7CE 800A 800 Peak Amp Car Camo Starter Battery with 120 PSI Compressor 3 USB Ports","HIENADTOR","FBA","Automotive",63110,"N/A","N/A","N/A","N/A","Batteries & Accessories",1270,10.96,-19,123,123,-45,1347.69,1347.55,164,4.5,"HIENADTOR","China",1,1321,-41,"Large Standard-Size",1.85,2.68,3.94,0.21,9.82,27.09,"09/30/2024",26,8,0,0.75
"https://amazon.com/dp/B0DK1P16SF","https://m.media-amazon.com/images/I/81oiecYkqgL._SX450_.jpg","B0DK1P16SF","FBLFOBELI Hard Carrying Case for Halo Bolt Ultimate 2.0 & 3.0/for Halo Bolt Air + 55500 1750/for Halo Bolt Air 58830 Portable Vehicle Jump Starter with Air Compressor (Case Only) (Rose Gold)","FBLFOBELI","FBA","Automotive",63635,"N/A","N/A","N/A","N/A","Batteries & Accessories",1285,18.99,-12,181,12,-63,3429.81,220.43,101,4.9,"FBL Fobeli","China",1,2440,"N/A","Large Standard-Size",4.21,6.3,11.06,0.71,147.69,407.42,"11/30/2025",17,7,6,1.79
"https://amazon.com/dp/B0DGKF8C9B","https://m.media-amazon.com/images/I/71x4J1Kkl7L._SX450_.jpg","B0DGKF8C9B","FBLFOBELI Hard Carrying Case for Halo Bolt Ultimate 2.0 & 3.0/for Halo Bolt Air + 55500 1750/for Halo Bolt Air 58830 Portable Vehicle Jump Starter with Air Compressor (Case Only) (Black)","FBLFOBELI","FBA","Automotive",63656,"N/A","N/A","N/A","N/A","Batteries & Accessories",1285,18.99,-17,181,138,-63,3429.81,2612.11,101,4.9,"FBL Fobeli","China",1,2440,"N/A","Large Standard-Size",4.33,6.57,11.22,0.79,160.7,443.32,"11/30/2025",18,7,6,1.79
"https://amazon.com/dp/B0FCFRTY3G","https://m.media-amazon.com/images/I/714ZNU6Nr6L._SX450_.jpg","B0FCFRTY3G","FBLFOBELI Hard Carrying Case for Halo Bolt Ultimate 2.0 & 3.0/for Halo Bolt Air + 55500 1750/for Halo Bolt Air 58830 Portable Vehicle Jump Starter with Air Compressor (Case Only) (Purple)","FBLFOBELI","FBA","Automotive",63656,"N/A","N/A","N/A","N/A","Batteries & Accessories",1285,18.99,-22,181,15,-63,3429.81,286.68,101,4.9,"FBL Fobeli","China",1,2440,"N/A","Large Standard-Size",4.17,6.89,10.94,0.8,158.44,437.07,"11/30/2025",9,7,6,1.79
"https://amazon.com/dp/B0DTV6BBKN","https://m.media-amazon.com/images/I/81R8qIAP-3L._SX450_.jpg","B0DTV6BBKN","NEBO Assist Air 2000XP Jump Starter and Air Compressor | 55.5Wh Power Supply Box Restarts 12V Battery Vehicles, 150 PSI Air Compressor Inflates Tires, Integrated Floodlight, USB Ports, TSA Approved","NEBO","FBA","Automotive",63671,645397943860,"N/A",0645397943860,"N/A","Batteries & Accessories",1287,229.99,5,110,10,-76,16991.33,2327.69,16,4.8,"NEBO","USA",1,0,"N/A","Large Standard-Size",4.69,6.02,11.22,4.56,159.49,439.98,"11/30/2025",11,8,3,6.86
"https://amazon.com/dp/B0F1P82VM1","https://m.media-amazon.com/images/I/81GA9dwaFhL._SX450_.jpg","B0F1P82VM1","NEBO Assist Air 2500XP+ Jump Starter and Air Compressor | 4-in-1 2500 Amps Car Jump Starter, Air Compressor 150 PSI, Charger, and Floodlight, USB Compatible, Automotive, Emergency, Spark-Proof Safety","NEBO","FBA","Automotive",63671,044435919575,"N/A",0044435919575,"N/A","Batteries & Accessories",1287,289.99,1,110,5,-76,16991.33,1448.92,3,5,"NEBO","USA",2,0,"N/A","Large Standard-Size",5.35,6.97,13.39,6.03,251.46,693.68,"11/30/2025",8,9,3,36.56
"https://amazon.com/dp/B0FDWJYWQP","https://m.media-amazon.com/images/I/81BBes8uX3L._SX450_.jpg","B0FDWJYWQP","7000A Jump Starter Pack for Car, 12V Portable Jumper Starter (up to All Gas 8.0L Diesel Engine) with LCD Display, Jump Box Charger with Lithium Battery, QC3.0 & 4 LED Light Modes","VoltSurge","FBA","Automotive",65132,"N/A","N/A","N/A","N/A","Jump Starters",268,55.89,17,118,102,-76,6842.23,5647.4,273,4.5,"changfengxianlinnanfushiyouxiangongsi","China",2,2696,"N/A","Large Standard-Size",4.02,5.47,9.96,2.25,110.27,304.19,"01/31/2025",9,6,6,0.43
"https://amazon.com/dp/B0CJ9JHWPH","https://m.media-amazon.com/images/I/71h-efqw8xL._SX450_.jpg","B0CJ9JHWPH","7000A Jump Starter with Air Compressor (All Gas/10.0L Diesel), 12V Jumper Starter Pack with 150PSI Auto Tire Inflator, Car Battery Jump Box Portable with LCD Display & LED Light","VoltSurge","FBA","Automotive",65132,"N/A","N/A","N/A","N/A","Batteries & Accessories",3352,64.99,23,118,16,-76,6842.23,1193.65,50,4.4,"changfengxianlinnanfushiyouxiangongsi","China",2,2696,"N/A","Large Standard-Size",4.57,6.77,10.04,3.95,156.39,431.43,"01/31/2025",12,6,6,2.35
"https://amazon.com/dp/B08SGB4KLS","https://m.media-amazon.com/images/I/51yU63mEMbL._SX450_.jpg","B08SGB4KLS","Car Battery Jump Starter with Air Compressor, 1800A Heavy-Duty Jump Starter 150 PSI Tire Inflator, 12V Jump Box Pack with 400W Inverter Power with AC/DC/USB Outlets& LED Light","ZunDian","FBA","Automotive",65226,731716530870,"N/A",0731716530870,"N/A","Jump Starters",277,159.99,-7,158,140,-16,24868.4,21726.56,1117,4.2,"ZunDianUS","China",1,2221,"N/A","Large bulky",9.88,12.71,13.35,19.78,543.29,1358.21,"11/30/2025",59,7,3,0.14
"https://amazon.com/dp/B0FQ55BMRG","https://m.media-amazon.com/images/I/81a8oERsbSL._SX450_.jpg","B0FQ55BMRG","5000A Portable Car Jump Starter with Air Compressor, 150PSI Car Battery Jump Starter (10.0L Gas/8.0L Diesel Engines),12V Pack Jump Box with Large Digital Display, Car Emergency Kit","Dyeetic","FBA","Automotive",66053,"N/A","N/A","N/A","N/A","Batteries & Accessories",1316,89.99,-27,413,320,-21,26134.83,19162.98,66,4.5,"Dyeetic-US","China",1,3993,"N/A","Large Standard-Size",4.17,5.28,9.13,2.87,101.21,279.2,"06/30/2025",5,8,5,6.26
"https://amazon.com/dp/B0F7QSZZPS","https://m.media-amazon.com/images/I/71e5D+r41zL._SX450_.jpg","B0F7QSZZPS","Peyyargo Storage Case Compatible with Boost Plus GB40 / Boost X GBX45 / Boost Sport GB20 / Boost XL GB50 UltraSafe Car Battery Jump Starter","Peyyargo","FBA","Automotive",66266,"N/A","N/A","N/A","N/A","Batteries & Accessories",1333,24.99,-4,206,165,-70,5398.75,4117.74,147,4.6,"Peyyargo","China",1,0,"N/A","Large Standard-Size",4.41,5.08,10.16,0.46,114.6,316.13,"11/30/2025",10,9,5,1.4
"https://amazon.com/dp/B0DV5849QC","https://m.media-amazon.com/images/I/71YB677UifL._SX450_.jpg","B0DV5849QC","TELUXE Jump Starter with Air Compressor, 2500A 120PSI Car Battery Starter，Car Battery Booster for 8.5L Gas or 6.0L Diesel Engines.","Teluxe","FBA","Automotive",66330,"N/A","N/A","N/A","N/A","Jump Starters",260,39.99,"N/A",170,0,-65,7638.24,"-",1093,4.4,"geekie","China",0,3587,"N/A","N/A","N/A","N/A","N/A","N/A","N/A","N/A","11/30/2025",14,7,1,0.16
"https://amazon.com/dp/B0FC2H8HTC","https://m.media-amazon.com/images/I/71oQGe-KeCL._SX450_.jpg","B0FC2H8HTC","UTRAI 8000A Portable Car Jump Starter, 12V Battery Jumper for All Gas & 12L Diesel Engines, 27000mAh Jump Box with 65W USB-C Fast Charging, 2 USB & DC Output Jump Pack, 600LM LED Flashlight","UTRAI","FBA","Automotive",66991,"N/A","N/A","N/A","N/A","Jump Starters",271,64.99,-46,75,75,-51,5370.02,5369.19,190,4.2,"UTRAI Shop","China",2,0,"N/A","Large Standard-Size",4.29,10.12,11.34,3.81,247.87,683.78,"08/31/2025",9,7,2,0.39
"https://amazon.com/dp/B097RHNFYY","https://m.media-amazon.com/images/I/71r+o2gWnbL._SX450_.jpg","B097RHNFYY","Type S Dynamic D10+ 1000A Automotive Jump Starter, UL Certified 12V Car Battery Booster for Up to 6.0L Gas & 3.0L Diesel Engines, Emergency Vehicle Starting Device with LED Flashlight & USB Charging","TYPE S TOURING ITEMS","FBA","Automotive",67015,840005327753,00840005327753,0840005327753,"N/A","Jump Starters",271,99.99,-34,138,137,-77,13772.66,13691.21,318,4.3,"TYPE S","USA",1,0,"N/A","Large Standard-Size",3.7,9.53,12.13,2.87,215.34,594.05,"11/30/2025",48,7,2,0.43
"https://amazon.com/dp/B0G113MCP3","https://m.media-amazon.com/images/I/71ctWa1VCZL._SX450_.jpg","B0G113MCP3","8250A Jump Starter Battery Jump Starter Battery Pack with PD-65W (for All Gas or 10.0+L Diesel), 12V Potable Car Jump Start with 4.01 inch HD Screen, 2 USB Power Bank 24-Months Stand-by Time","JSCUSTOMKING","FBA","Automotive",67036,724880922510,"N/A",0724880922510,"N/A","Batteries & Accessories",1334,79.99,215,62,62,,9031.99,9031.7,21,4.8,"JSCustomKing","China",2,0,"N/A","Large Standard-Size",4.21,5.79,11.14,3.37,136.72,377.15,"02/28/2026",2,12,3,2.96
"https://amazon.com/dp/B0F7QJRC85","https://m.media-amazon.com/images/I/71VZotbULBL._SX450_.jpg","B0F7QJRC85","Peyyargo Storage Case Compatible with Boost X GBX155 / Boost Pro GB150 UltraSafe Jump Starter Portable Lithium Battery Booster Pack","Peyyargo","FBA","Automotive",67258,"N/A","N/A","N/A","N/A","Batteries & Accessories",1335,40.99,-20,206,5,-70,5398.75,211.89,147,4.6,"Peyyargo","China",1,0,"N/A","Large Standard-Size",4.65,9.49,14.76,1.1,327.65,903.85,"11/30/2025",10,9,5,1.4
"https://amazon.com/dp/B09NFFT4ZG","https://m.media-amazon.com/images/I/61f6NJW2S5L._SX450_.jpg","B09NFFT4ZG","LOKITHOR JA-Series Bag EVA Protection Case JA300/JA301/JA302/JA400/JA401/JA3000 JA3000 Pro Jump Starter with air compressor","LOKITHOR","FBA","Automotive",67515,889551114707,"N/A",0889551114707,"N/A","Jump Starters",282,34.95,-7,131,131,-32,4574.52,4574.38,537,4.7,"LOKITHOR STORE","China",1,1569,-43,"Large Standard-Size",6.57,9.14,12.48,1.64,377.31,1040.86,"11/30/2024",51,6,0,0.24
"https://amazon.com/dp/B0D8LL71JH","https://m.media-amazon.com/images/I/71ECS2ftMsL._SX450_.jpg","B0D8LL71JH","Car Jump Starter,12V 4000A Car Battery Jump Starter (9.0 Gas/7.5L Diesel) Fast Charging Portable Battery Pack with LCD Display Extended Jumper Cables LED Light","WHZOHCAR","FBA","Automotive",67526,"N/A","N/A","N/A","N/A","Batteries & Accessories",1341,28.88,-5,107,107,-28,3063.85,3062.81,330,4.4,"HRCX-EU","China",1,661,"N/A","Large Standard-Size",1.73,10.63,12.01,1.65,111.2,306.75,"08/31/2024",19,9,0,0.33
"https://amazon.com/dp/B09N37C4LG","https://m.media-amazon.com/images/I/41HC2jYuNhL._SX450_.jpg","B09N37C4LG","Andeman Car Jump Starter 3000A Peak 20000mAh (Start 9L Gas Engine or up to 7L Diesel Engine) Battery Charger Automotive, 12V Car Jumper, Power Bank Power Pack with Quick Charge Type-C Ports, Red","Andeman","FBA","Automotive",67906,715786271994,"N/A",0715786271994,"N/A","Jump Starters",285,59.99,-10,136,136,-41,8084.62,8084.43,879,4.4,"Hongnacom","China",2,3078,"N/A","Large Standard-Size",4.02,5.39,8.7,2.2,94.91,261.82,"11/30/2024",51,7,0,0.15
"https://amazon.com/dp/B0CM3LRGNB","https://m.media-amazon.com/images/I/816ytMumlbL._SX450_.jpg","B0CM3LRGNB","Case Compatible with DeWalt DXAELJ16 1600 Peak Amp Jump Starter Battery Booster, Portable Jumper Storage Holder Pocket for USB Power Station (Box Only)","PAIYULE","FBA","Automotive",68331,"N/A","N/A","N/A","N/A","Jump Starters",286,18.98,"N/A",80,0,-63,1356.53,"-",288,4.7,"PAIYULE","China",0,1685,-42,"Large Standard-Size",9.4,5.5,2.36,0.3,61.43,169.46,"11/30/2024",29,7,1,0.28
"https://amazon.com/dp/B0FFN2NB46","https://m.media-amazon.com/images/I/71gai3GI4WL._SX450_.jpg","B0FFN2NB46","YESPER Jump Starter with Air Compressor 2000A 150PSI Battery Jumper Starter Portable(8L Gas/6L Diesel), 12V Car Jump Pack Battery Charger Jump Box with Jumper Cables, LCD Display, Lights(Blue)","YESPER","FBA","Automotive",68543,"N/A","N/A","N/A","N/A","Batteries & Accessories",1363,59.99,-40,527,61,-33,30841.97,3521.26,325,4.3,"YESPER DIRECT","China",1,0,"N/A","Large Standard-Size",2.32,8.07,9.8,2.47,92.38,254.83,"11/30/2025",5,9,3,1.62
"https://amazon.com/dp/B0D31MZ36B","https://m.media-amazon.com/images/I/71JZvgvbMjL._SX450_.jpg","B0D31MZ36B","YESPER Jump Starter with Air Compressor 2000A 150PSI Battery Jumper Starter Portable(8L Gas/6L Diesel), 12V Car Jump Pack Battery Charger Jump Box with Jumper Cables, LCD Display, Lights","YESPER","FBA","Automotive",68543,"N/A","N/A","N/A","N/A","Batteries & Accessories",1363,59.99,-42,527,398,-33,30841.97,23309.19,328,4.3,"YESPER DIRECT","China",1,0,"N/A","Large Standard-Size",2.28,8.19,9.88,2.47,93.03,256.64,"11/30/2025",18,9,3,1.61
"https://amazon.com/dp/B0F86RP85J","https://m.media-amazon.com/images/I/71RmGSf0KxL._SX450_.jpg","B0F86RP85J","Peyyargo Storage Case Compatible with Boost X GBX75 UltraSafe Portable Lithium Jump Starter","Peyyargo","FBA","Automotive",69534,"N/A","N/A","N/A","N/A","Batteries & Accessories",1381,28.99,-18,206,11,-70,5398.75,335.61,147,4.6,"Peyyargo","China",1,0,"N/A","Large Standard-Size",3.98,9.25,10.16,0.73,188.32,519.5,"11/30/2025",10,9,5,1.4
"https://amazon.com/dp/B0F7QLBHC1","https://m.media-amazon.com/images/I/71Gplt0cTHL._SX450_.jpg","B0F7QLBHC1","Peyyargo Storage Case Compatible with Boost HD GB70 UltraSafe Lithium Jump Starter Portable Power Bank","Peyyargo","FBA","Automotive",69534,"N/A","N/A","N/A","N/A","Batteries & Accessories",1381,28.99,-54,206,8,-70,5398.75,250.05,151,4.5,"Peyyargo","China",1,0,"N/A","Large Standard-Size",4.69,8.39,11.77,0.79,233.18,643.25,"11/30/2025",10,9,5,1.37
"https://amazon.com/dp/B0F7QLDKR7","https://m.media-amazon.com/images/I/718WMOi1c6L._SX450_.jpg","B0F7QLDKR7","Peyyargo Storage Case Compatible with Boost X GBX55 UltraSafe Portable Lithium Jump Starter Car Battery Booster Pack","Peyyargo","FBA","Automotive",69534,"N/A","N/A","N/A","N/A","Batteries & Accessories",1381,27.99,-15,206,17,-70,5398.75,480.84,147,4.6,"Peyyargo","China",1,0,"N/A","Large Standard-Size",3.74,7.4,8.62,0.6,120.11,331.34,"11/30/2025",10,9,5,1.4
"https://amazon.com/dp/B0G6ZGKGG7","https://m.media-amazon.com/images/I/71jU3C+ypoL._SX450_.jpg","B0G6ZGKGG7","2200A Car Battery Jump Starter with Air Compressor 260PSI,12V Heavy Duty Jump Box (8.0L Gas/6L Diesel), Jump Box Power Pack with USB/DC Output and LED Light","ZunDian","FBA","Automotive",69733,671891298748,"N/A",0671891298748,"N/A","Batteries & Accessories",2402,179.99,"N/A",158,18,-16,24868.4,3141.57,2,5,"ZunDianUS","China",1,2221,"N/A","Large bulky",9.72,12.83,13.27,20.39,536.3,1340.75,"11/30/2025",1,7,3,78.92
"https://amazon.com/dp/B0CQ5BYBMH","https://m.media-amazon.com/images/I/71ebt77MDvL._SX450_.jpg","B0CQ5BYBMH","Carrying Case Compatible with NEXPOW Car Jump Starter, Fits for 1500A Peak 12800mAh Battery Starter Q10S/ T11F, Storage Box for Portable Car Battery Charger and Jumper Cables(CASE Only)","ANKHOH","FBA","Automotive",69753,"N/A","N/A","N/A","N/A","Jump Starters",278,17.99,-76,115,12,-64,2063.38,219.35,388,4.6,"ankhoh","China",1,2738,-36,"Large Standard-Size",4.09,7.48,10.39,0.46,160.04,441.48,"11/30/2024",26,7,2,0.3
"https://amazon.com/dp/B0C2CTM9D6","https://m.media-amazon.com/images/I/51yz3kikJ5L._SX450_.jpg","B0C2CTM9D6","ANKHOH Carrying Case Compatible with NEXPOW Car Jump Starter, Fits for 1500A Peak 12800mAh Battery Starter Q10S/ T11F, Portable Storage Box for Car Battery Charger and Jumper Cables(Case ONLY)","ANKHOH","FBA","Automotive",69757,"N/A","N/A","N/A","N/A","Jump Starters",278,17.99,-33,114,103,-69,2059,1856.41,387,4.6,"ankhoh","China",1,2756,-35,"Large Standard-Size",4.09,6.38,9.96,0.55,130.85,360.97,"11/30/2024",35,7,2,0.3
"https://amazon.com/dp/B0DZPHM3WV","https://m.media-amazon.com/images/I/81EXiywoMCL._SX450_.jpg","B0DZPHM3WV","STRAUTO Car Battery Jump Starter, 12V Portable Jump Starter Battery Pack, Jumper Cables, Storage Case, USB-A/USB-C Cable, Rechargeable, Power Bank, Emergency Flashlight, 1200A Peak Current, 83603","STRAUTO","Amazon","Automotive",69908,030878836036,"N/A",0030878836036,"N/A","Jump Starters",279,59.99,-29,72,72,238,4644.84,4644.39,37,4.4,"Amazon","N/A",1,0,"N/A","Large Standard-Size",3.66,9.02,10.87,2.29,"N/A","N/A","01/31/2026",11,8,0,1.94
"https://amazon.com/dp/B0B61HWGQF","https://m.media-amazon.com/images/I/71Viqq3+VsL._SX450_.jpg","B0B61HWGQF","Replacement Tacklife Charger AC DC Power Adapter Compatible with Tacklife HA2 T6 T8 T8-Newer 800A Pro T8Pro 1200A Peak 18000mAh Lithium 12V Car Jump Starter Battery Power Cord","YBQZJSLY","FBA","Automotive",69966,"N/A","N/A","N/A","N/A","Jump Starters",287,15.89,-9,106,106,-47,1684.32,1684.2,154,4.6,"Oliver's electronic science and technology market","China",1,1912,13,"Large Standard-Size",2.13,2.48,4.61,0.2,12.26,33.82,"12/31/2025",44,5,0,0.69
"https://amazon.com/dp/B0FC2Q3JBG","https://m.media-amazon.com/images/I/712lXwd-zrL._SX450_.jpg","B0FC2Q3JBG","Portable Car Battery Jump Starter 6000A 21800mAh, Car Battery Jumper Starter Portable Jumper Cables for car(8.5L Gas/8.0L Diesel),Jump Box with USB Quick Charge, Lights, Compact","BuTure VAC","FBA","Automotive",70296,"N/A","N/A",6942078421834,"N/A","Jump Starters",281,51.99,-29,104,104,-106,5383.21,5382.94,101,4.3,"SAKLLY","China",3,0,"N/A","Large Standard-Size",3.86,5.24,9.09,2.27,92.57,255.36,"11/30/2025",9,6,0,1.03
"https://amazon.com/dp/B0DQ71G7Y5","https://m.media-amazon.com/images/I/71e1aqyBYpL._SX450_.jpg","B0DQ71G7Y5","Jump Starter Adapter for Makita 18V Li-ion Battery Powered with Jumper Cable Clamps Portable Car Charger Jump Starter(Battery Not Included)","JJXNDO","FBA","Automotive",70364,"N/A","N/A","N/A","N/A","Jump Starters",282,31.99,-21,150,13,13,4510.26,408.69,69,4,"JJXN Store","China",1,1835,"N/A","Large Standard-Size",3.58,3.62,5.28,0.77,34.45,95.04,"11/30/2025",13,8,4,2.18
"https://amazon.com/dp/B0DQ75JTPF","https://m.media-amazon.com/images/I/71VVl+wZ3GL._SX450_.jpg","B0DQ75JTPF","Jump Starter Adapter for Craftsman 20V V20 Li-ion Battery Powered with Jumper Cable Clamps Portable Car Charger Jump Starter(Battery Not Included)","JJXNDO","FBA","Automotive",70385,"N/A","N/A","N/A","N/A","Jump Starters",282,31.99,1,150,88,13,4510.26,2697.1,69,4,"JJXN Store","China",1,1835,"N/A","Large Standard-Size",3.62,3.66,5.16,0.79,34.42,94.95,"11/30/2025",15,8,4,2.18
"https://amazon.com/dp/B0DQ71H1FM","https://m.media-amazon.com/images/I/71XDDi9ODQL._SX450_.jpg","B0DQ71H1FM","JJXNDO Jump Starter Adapter for DeWalt 20V/60V Li-ion Battery Powered with Jumper Cable Clamps Portable Car Battery Charger Jump Starter(Battery Not Included)","JJXNDO","FBA","Automotive",70385,"N/A","N/A","N/A","N/A","Jump Starters",282,29.99,-36,150,35,13,4510.26,963.11,69,4,"JJXN Store","China",1,1835,"N/A","Large Standard-Size",3.58,3.62,5.24,0.79,34.19,94.32,"11/30/2025",15,7,4,2.18
"https://amazon.com/dp/B0CWGBL1WV","https://m.media-amazon.com/images/I/41-gUGyh0UL._SX450_.jpg","B0CWGBL1WV","VTOMAN V10 3500A Jump Starter, Portable Car Starter (9.5L Gas,7.5L Diesel Engine) 12V Lithium Jump Box, Auto Battery Booster Power Pack, Car Battery Charger Jumper Starter with Type C Quick Charge","VTOMAN","FBA","Automotive",70599,"N/A","N/A","N/A","N/A","Batteries & Accessories",1403,59.99,-10,67,52,,5543.38,4656.29,241,4.6,"VTOMAN","China",1,0,"N/A","Large Standard-Size",4.21,5.08,10.24,2.84,110.26,304.17,"01/31/2026",23,7,2,0.28
"https://amazon.com/dp/B0FKBBJPXH","https://m.media-amazon.com/images/I/815KuPHLqyL._SX450_.jpg","B0FKBBJPXH","OBDMATE Car Jump Starter 1000A, Super Capacitor Jump Starter Non-Battery for 12V Gas Diesel Engines, 12V Portable Jump Starter for Car Battery, Yellow","OBDMATE","FBA","Automotive",70795,"N/A","N/A","N/A","N/A","Batteries & Accessories",1403,49.99,-59,23,23,108,1709.91,1709.68,54,4.3,"OBD mate","China",1,0,"N/A","Large Standard-Size",2.8,10.71,11.93,3.53,180.12,496.88,"02/28/2026",6,8,0,0.43
"https://amazon.com/dp/B0D62ZFVXQ","https://m.media-amazon.com/images/I/71ntyju1ZnL._SX450_.jpg","B0D62ZFVXQ","LOKITHOR J1350 PRO Jump Starter with ConnectMax, 1350 Amp LiFePO4 Jump Box for 6.5L Gas and 3.5L Diesel Engines, Car Jumper Starter Portable with 30W Two-Way Fast Charging and More 2000 Cycle Life","LOKITHOR","FBA","Automotive",70811,"N/A","N/A","N/A","N/A","Batteries & Accessories",1404,99.95,-21,170,170,495,15536.8,15535.1,56,4.6,"LOKITHOR Online","China",1,1303,"N/A","Large Standard-Size",3.43,5.12,10.28,2.73,90.89,250.74,"11/30/2025",15,9,0,3.04
"https://amazon.com/dp/B08Z3B5VXR","https://m.media-amazon.com/images/I/61930RdebBL._SX450_.jpg","B08Z3B5VXR","Car Jump Starter 1000A, CTWJO Portable Jump Starter Battery Pack for Up to 7.2L Gas and 5.5L Diesel Engines, 12V Jump Box with USB-C Smart Port, Compass, LCD Screen, LED Light, Travel Case","CTWJO","FBA","Automotive",70872,727196166036,"N/A",0727196166036,"N/A","Jump Starters",292,29.99,-16,73,73,51,2188.08,2187.23,1504,4.3,"Ant-Tech","China",1,1570,-37,"Large Standard-Size",3.58,6.1,10.35,1.61,113.8,313.92,"07/31/2025",58,6,0,0.05
"https://amazon.com/dp/B08HNJS93J","https://m.media-amazon.com/images/I/81BWIyMqydL._SX450_.jpg","B08HNJS93J","Clore Automotive JNC345 Jump-N-Carry 3000A 12 Volt Lithium Jump Starter for up to 10.0-Liter Gasoline and 10.0-Liter Diesel Engines","Clore Automotive","Amazon","Automotive",71375,010271027132,00010271027132,0010271027132,"N/A","Jump Starters",282,183.52,-38,14,85,3,2666.86,16809.48,163,4.4,"Amazon","N/A",10,10513,"N/A","Large Standard-Size",4.8,5.47,11.42,4.19,"N/A","N/A","11/30/2024",66,6,0,0.09
"https://amazon.com/dp/B0FMRDXDLM","https://m.media-amazon.com/images/I/71-K7x2RsZL._SX450_.jpg","B0FMRDXDLM","GOOLOO G7 3000A Jump Starter with Built-in Cable,Portable Power Bank for 45W Fast Charging,12V SuperSafe Lithium Jump Box, Battery Booster Pack Up to 8.5L Gas or 6.0L Diesel Engine","GOOLOO","FBA","Automotive",73284,"N/A","N/A","N/A","N/A","Batteries & Accessories",1437,99.99,1,201,168,-63,17621.08,14701.92,72,4.4,"GOOLOO","China",1,0,"N/A","Large Standard-Size",4.17,5.08,8.78,2.18,93.64,258.32,"11/30/2025",4,8,2,2.79
"https://amazon.com/dp/B0G669C1TW","https://m.media-amazon.com/images/I/81GuOpqLLVL._SX450_.jpg","B0G669C1TW","Bullseye Safety XL 1000A Car Battery Jump Starter Box with Jumper Cables, 12V Car Jump Starter Portable Booster for 6.0L Gas and 3.0L Diesel Engines, 2250 mAh Rechargeable, Reverse Polarity Protection","EMSON","Amazon","Automotive",73740,080313068256,"N/A",0080313068256,"N/A","Batteries & Accessories",1435,129.95,-154,5,5,,649.75,649.7,"N/A","N/A","Amazon","N/A",2,0,"N/A","Large Standard-Size",2.8,8.11,10.24,2.67,"N/A","N/A","02/28/2026",1,9,0,"N/A"
"https://amazon.com/dp/B0BYGMC2L5","https://m.media-amazon.com/images/I/71QSvmmojgL._SX450_.jpg","B0BYGMC2L5","Antigravity Batteries 2000A Jump Starter – 12V Lithium Battery Booster Pack, Portable Jump Box, for up to 10.0L Gas & 8.0L Diesel Engines","Antigravity Batteries","FBA","Automotive",74499,711811704611,00711811704611,0711811704611,"N/A","Jump Starters",284,199,-17,59,59,155,11663.17,11663.06,71,4.4,"Antigravity Batteries","USA",2,667,-11,"Large Standard-Size",2.8,11.14,13.23,3.88,207.77,573.15,"11/30/2024",36,9,0,0.83
"https://amazon.com/dp/B0FY2KYQ4Y","https://m.media-amazon.com/images/I/71VQe4+GLXL._SX450_.jpg","B0FY2KYQ4Y","30000A 1S Startup Truck Jump Starter Heavy Duty,CAT797 12V/24V Smart Switching Lithium Battery Charger Booster Pack for Extreme -40°F to 140°F,for Diesel Engines Up to 50L and Gasoline Up to 99L","Primedura","FBA","Automotive",74810,740625188096,"N/A",0740625188096,"N/A","Batteries & Accessories",1454,1049,32,104,36,9,95403.09,37263.36,7,5,"Primedura","N/A",1,0,"N/A","Large bulky",10.08,14.8,17.68,17.33,854.77,2136.92,"02/28/2026",3,9,2,14.86
"https://amazon.com/dp/B0FXY98TM4","https://m.media-amazon.com/images/I/415tX3PUwEL._SX450_.jpg","B0FXY98TM4","STANLEY FatMax LJ20F 2000 Peak Amp Lithium Jump Starter, 30 Watt USB Type-C PD, 15 Watt USB Type-A: Smart Controller and Battery Clips","STANLEY","Amazon","Automotive",74879,814632015727,"N/A",0814632015727,"N/A","Batteries & Accessories",1476,149.24,-31,82,16,,8173.32,2036.58,25,4.6,"Amazon","N/A",1,0,"N/A","Large Standard-Size",2.99,6.1,10.35,2.61,"N/A","N/A","02/28/2026",4,1,4,3.29
"https://amazon.com/dp/B0FT9TFX44","https://m.media-amazon.com/images/I/81-L8P-JfQL._SX450_.jpg","B0FT9TFX44","Stanley LJ18FC 1800 Peak Amp Lithium Jump Starter with USB Power and Carrying Case","STANLEY","Amazon","Automotive",74879,814632015956,00814632015956,0814632015956,"N/A","Batteries & Accessories",1476,119.94,-24,82,22,,8173.32,2581.79,13,4.5,"Amazon","N/A",2,0,"N/A","Large Standard-Size",4.72,6.02,10.55,3,"N/A","N/A","02/28/2026",5,6,4,6.33
"https://amazon.com/dp/B0D9NB7FP2","https://m.media-amazon.com/images/I/71-A82KxLOL._SX450_.jpg","B0D9NB7FP2","NHOWIN Jump Starter, 1600A 4 in 1 Function Battery Jumper Starter Portable Up to 8.5L Gas & 5.0L Diesel Engines 12V Jump Box for Car Battery with Smart Jumper Cables and LED Flashlight","NHOWIN","FBA","Automotive",75610,"N/A","N/A","N/A","N/A","Jump Starters",292,35.99,"N/A",558,194,94,20331.52,6692.34,177,4.5,"NHOWIN","China",1,0,"N/A","Large Standard-Size",4.09,5.35,9.65,1.94,106.31,293.27,"02/28/2026",16,7,2,3.15
"https://amazon.com/dp/B0FXXLWPC9","https://m.media-amazon.com/images/I/71MjEETDN7L._SX450_.jpg","B0FXXLWPC9","8000A Car Jump Starter, 12V Jump Starter Battery Pack (All Gas,up to 10.0L Diesel Engine) Jumper Cables Portable Lithium Jump Box, USB Output and LED Light","fmooostore","FBA","Automotive",75716,687092374907,"N/A",0687092374907,"N/A","Batteries & Accessories",1469,59.99,-35,500,36,124,27707.68,2179.71,83,4.2,"Pusiou","China",1,0,"N/A","Large Standard-Size",4.02,4.13,6.89,1.34,57.59,158.88,"01/31/2026",3,7,4,6.03
"https://amazon.com/dp/B0B872ZR99","https://m.media-amazon.com/images/I/710hXROz2IL._SX450_.jpg","B0B872ZR99","2000A Car Battery Jump Starter with Air Compressor 12V Battery Jumper Box Car Start Booster Up to 10L Gas/8L Diesel Engines with 400W AC Inverter, LED Light","ZunDian","FBA","Automotive",75989,792105621722,"N/A",0792105621722,"N/A","Jump Starters",296,159.99,-28,77,77,,12102.02,12101.9,1083,4.1,"ZunDianUS","China",1,0,"N/A","Large bulky",8.5,13,16.5,21.55,590.87,1477.17,"02/28/2026",42,8,3,0.07
"https://amazon.com/dp/B0GPWB34N7","https://m.media-amazon.com/images/I/719N9gm5UmL._SX450_.jpg","B0GPWB34N7","GOOLOO GT Truck PRO 10000A Jump Starter with 65W Fast Charge, 64000mAh Portable Car Battery Booster Power Pack (for All Gas All Diesel), 12V Jump Box with LED Light, Thickened Jumper Cable & Light","GOOLOO","-","Automotive",76083,"N/A","N/A","N/A","N/A","Batteries & Accessories",1473,399.99,"N/A",0,0,,"-","-","N/A","N/A",,"N/A",1,0,"N/A","Large Standard-Size",7.44,10.08,11.26,8.62,"N/A","N/A","-",0,8,0,"N/A"
"https://amazon.com/dp/B09FFQJRPB","https://m.media-amazon.com/images/I/41711ybMWIL._SX450_.jpg","B09FFQJRPB","CAT CJ1000DXT 1200 Peak Amp Jump Starter and Powerstation w/200 watt Inverter","CAT","Amazon","Automotive",77256,814632014782,"N/A",0814632014782,"N/A","Jump Starters",295,180.39,-16,93,93,-51,16546.43,16546.14,127,4,"Amazon","N/A",3,865,"N/A","Large bulky",9.5,11,14,19.15,"N/A","N/A","12/31/2024",55,4,0,0.73
"https://amazon.com/dp/B0FTVJ89CG","https://m.media-amazon.com/images/I/71Sug9Vwh6L._SX450_.jpg","B0FTVJ89CG","Jump Starter Adapter for Milwaukee M18 18V Li-ion Battery Powered with 12V Jumper Cables &Clamps for 3.5L Vehicles,Portable Car Charger Jump Starter (Battery not Included)","JREDK","FBA","Automotive",77539,759549687035,"N/A",0759549687035,"N/A","Batteries & Accessories",1490,31.99,-15,61,61,-39,1953.11,1952.39,5,2.4,"REDKAI","N/A",1,0,"N/A","Large Standard-Size",3.62,3.66,5.31,0.77,35.42,97.71,"12/31/2025",5,8,0,12.22
"https://amazon.com/dp/B08MTJFGDW","https://m.media-amazon.com/images/I/81Bt63N750L._SX450_.jpg","B08MTJFGDW","SUNPOW Lithium Jump Starter Battery Pack 2000A Peak 20000mAh (Up to All Gas and 8.5L Diesel),12V Battery Booster for Cars, Trucks, SUV, Portable Power Pack with LCD Screen and LED Light","SUNPOW","FBA","Automotive",77904,"N/A","N/A","N/A","N/A","Jump Starters",299,79.98,-12,123,123,-70,9309.94,9309.8,2395,4.6,"SUNPOW Chain Store","China",1,0,"N/A","Large Standard-Size",3.9,5.16,11.06,2.91,112.06,309.13,"12/31/2025",62,7,2,0.05
"https://amazon.com/dp/B09KLCD71F","https://m.media-amazon.com/images/I/71tcxkzJTlL._SX450_.jpg","B09KLCD71F","DBPOWER Peak 1600A 18000mAh Portable Car Jump Starter(up to 7.2 Gas, 5.5L Diesel Engines) Battery Booster with Smart Charging Port, LCD Display, Intelligent Jumper Clamps, Compass and LED Light","DBPOWER","FBA","Automotive",77961,840164808209,"N/A",0840164808209,"N/A","Jump Starters",299,74.99,7,63,47,-68,4698.93,3689.45,3776,4.5,"Cocohop","China",4,0,"N/A","Large Standard-Size",4.09,5.28,9.88,2.45,107.42,296.33,"10/31/2025",52,7,2,0.02
"https://amazon.com/dp/B08HXV9T9H","https://m.media-amazon.com/images/I/81pQF7D0nLL._SX450_.jpg","B08HXV9T9H","Tyrell Chenergy 12V/24V Jump Starter,2800/1400 Peak Amp,Truck Battery Booster Pack, and Pure Copper Jumper Cables,Heavy Duty Jump Box Includes Dual USB and DC Ports Power,Car Battery Jump Starter","Tyrell Chenergy","FBA","Automotive",78340,710859990468,"N/A",0710859990468,"N/A","Jump Starters",298,249.99,-21,200,21,-21,19824.5,5033.19,159,4,"Tyrell Tech US","China",1,2164,-6,"Large bulky",10.39,14.02,15.35,29.94,724.87,1812.18,"11/30/2025",66,8,3,1.26
"https://amazon.com/dp/B0B8SF5RHJ","https://m.media-amazon.com/images/I/71rTmYwhZpL._SX450_.jpg","B0B8SF5RHJ","Tyrell Chenergy Car Battery Jump Starter with Air Compressor Portable Tire Inflator,260PSI 1000Amp Battery Booster Jumper Box(Up to 5L Gas or 5L Diesel) Power Station 12V DC Outlet USB Port,LED Light","Tyrell Chenergy","FBA","Automotive",78340,719710846609,"N/A",0719710846609,"N/A","Jump Starters",298,92.99,-22,200,179,-21,19824.5,14789.26,553,4.2,"Tyrell Tech US","China",1,2164,-6,"Large Standard-Size",7.24,9.57,9.69,10.19,338.03,932.48,"11/30/2025",39,7,3,0.36
"https://amazon.com/dp/B0BR57PDDY","https://m.media-amazon.com/images/I/71b9hJV2IFL._SX450_.jpg","B0BR57PDDY","NEXPOW Car Jump Starter 4000A Car Battery Jump Starter Portable Pack for Up to All Gas and 10.0L Diesel Engine 12V Jump Box, Jump Pack, Battery Booster, Portable Jumper Cables with LED Light/USB QC3.0","NEXPOW","FBA","Automotive",79872,"N/A","N/A","N/A","N/A","Jump Starters",303,99.99,-13,408,408,-73,40830.97,40826.78,707,4.6,"NEXPOW Direct","China",1,10619,"N/A","Large Standard-Size",4.06,5.47,11.18,3.57,125.01,344.84,"11/30/2025",37,6,2,0.58
"https://amazon.com/dp/B0CZQPJYXW","https://m.media-amazon.com/images/I/611D07J3XHL._SX450_.jpg","B0CZQPJYXW","VTOMAN V10 Max 5500A Jump Starter with 100W USB-C Fast Charger Car Battery Jumper Starter Portable for All Gas or 12L Diesel Engines,12V Jump Strart Booster Pack, Jump Box Comes with 100W Car Charger","VTOMAN","FBA","Automotive",79902,"N/A","N/A","N/A","N/A","Batteries & Accessories",1531,79.99,-20,43,23,-97,3914.33,2035.35,166,4.4,"VTOMAN","China",1,1469,"N/A","Large Standard-Size",4.93,5,10.32,4.2,128.08,353.32,"11/30/2025",20,8,2,0.26
"https://amazon.com/dp/B09KRLTGZR","https://m.media-amazon.com/images/I/41mHJAEId6L._SX450_.jpg","B09KRLTGZR","Canboc Hard Carrying Case for Halo Bolt Air 58830 mWh/Halo Bolt Air+ 55500/HALO Bolt Air+ 1750 Portable Car Battery Jump Starter, Mesh Bag fit Jump Cables, AC Outlet, Charger, Rose Gold","Canboc","FBA","Automotive",79907,"N/A","N/A","N/A","N/A","Jump Starters",304,18.99,-2,60,6,-89,1044.95,113.74,570,4.7,"Canboc","Hong Kong",1,2062,-54,"Large Standard-Size",5.04,9.53,12.48,0.62,301.69,832.24,"06/30/2024",53,7,8,0.11
"https://amazon.com/dp/B0BHQPWXM7","https://m.media-amazon.com/images/I/81b1tbllZ+L._SX450_.jpg","B0BHQPWXM7","Canboc Carrying Case for Halo Bolt 58830/57720/44400/ACDC Max 55500 mWh Portable Car Jump Starter, Phone Laptop Charger Power Bank Holder for Jumper Cable, AC Wall Charger, Rose Gold","Canboc","FBA","Automotive",79907,"N/A","N/A","N/A","N/A","Jump Starters",304,17.99,71,60,8,-89,1044.95,152.63,1715,4.6,"Canboc","Hong Kong",1,2062,-54,"Large Standard-Size",3.07,7.99,9.8,0.53,121.03,333.87,"06/30/2024",41,7,8,0.04
"https://amazon.com/dp/B09KRL89JJ","https://m.media-amazon.com/images/I/71tiLk35njL._SX450_.jpg","B09KRL89JJ","Canboc Hard Carrying Case for Halo Bolt Air 58830 mWh/Halo Bolt Air+ 55500/HALO Bolt Air+ 1750 Portable Car Battery Jump Starter, Mesh Bag fit Jump Cables, AC Outlet, Charger, Black","Canboc","FBA","Automotive",79907,"N/A","N/A","N/A","N/A","Jump Starters",304,18.99,-11,60,5,-89,1044.95,87.1,569,4.7,"Canboc","Hong Kong",1,2062,-54,"Large Standard-Size",4.13,8.78,11.18,0.55,204.11,563.06,"06/30/2024",53,7,8,0.11
"https://amazon.com/dp/B0FM46B9YC","https://m.media-amazon.com/images/I/71MN+LdXkaL._SX450_.jpg","B0FM46B9YC","YaberAuto Jump Starter 5000A 21800mAh Battery Jumper Starter Portable (9.0L Gas/8.0L Diesel), Car Battery Jump Starter Power Pack, Fast Charge, 12V Jump Box with Safety Jumper Cables, 3-Modes-Lights","YaberAuto","FBA","Automotive",80343,"N/A","N/A",6977703633764,"N/A","Batteries & Accessories",1536,89.99,-33,89,89,-102,8034.54,8033.53,133,4.7,"karentop","China",2,0,"N/A","Large Standard-Size",4.09,5.16,9.06,2.14,96.27,265.56,"11/30/2025",5,6,0,0.68
"https://amazon.com/dp/B0FFB22KWD","https://m.media-amazon.com/images/I/819rTq-Sg8L._SX450_.jpg","B0FFB22KWD","WANBILU Emergency Portable Jump Starter with Air Compressor - 3000A 150PSI for Cars, Trucks & SUVs up to 9L Gas/7L Diesel, 12000mAh Portable Power Bank, -20°F Cold Start (Silver)","WANBILU","FBA","Automotive",80913,"N/A","N/A","N/A","N/A","Batteries & Accessories",1784,41.99,-28,460,279,97,17840.34,10744.34,109,4.1,"Spedoer","China",1,0,"N/A","Large Standard-Size",4.17,5.39,9.61,2.51,108.75,300,"02/28/2026",6,7,2,4.22
"https://amazon.com/dp/B0G7WS9K8H","https://m.media-amazon.com/images/I/71tPYkrKWnL._SX450_.jpg","B0G7WS9K8H","Jump Starter with Air Compressor, Battery Jumper Starter Portable(9.0 Gas/6.5L Diesel) with Tire Inflator, 12V Car Battery Jump Starter with Smart Jumper Cables, LED Light, LCD Display","leowin","FBA","Automotive",81510,766122480235,"N/A",0766122480235,"N/A","Batteries & Accessories",1552,33.98,-49,128,127,,4377.09,4317.36,41,4.5,"Run shi tong da","China",1,0,"N/A","Large Standard-Size",4.69,5.2,8.5,2.84,104.37,287.91,"02/28/2026",1,5,2,3.12
"https://amazon.com/dp/B0FD2VWXHK","https://m.media-amazon.com/images/I/71xW9ydDUNL._SX450_.jpg","B0FD2VWXHK","Jump Starter with Air Compressor,2000A Car Battery Jumper Starter 260 PSI Tire Inflator,6 in 1 Auto Lead-Acid Battery Booster Jump Starter for Up to 10.0L Gas or 8.0L Diesel with LED Light","FlyAuto","FBA","Automotive",81684,641837576179,"N/A",0641837576179,"N/A","Jump Starters",306,129.99,-2,131,118,,17515.23,15626.6,53,4.3,"FlyAutoElectric","China",1,0,"N/A","Large bulky",9.65,12,13.25,18.35,497.24,1243.11,"02/28/2026",8,8,3,2.47
"https://amazon.com/dp/B0FD3L7ZH2","https://m.media-amazon.com/images/I/71+QethaLVL._SX450_.jpg","B0FD3L7ZH2","Jump Starter with Air Compressor,2500A Car Battery Jumper Starter 260 PSI Tire Inflator,6 in 1 Auto Lead-Acid Battery Booster Jump Starter for Up to 10.0L Gas or 8.0L Diesel with LED Light","FlyAuto","FBA","Automotive",81684,641837576186,"N/A",0641837576186,"N/A","Batteries & Accessories",2415,159.99,-4,131,13,,17515.23,1888.4,2,5,"FlyAutoElectric","China",1,0,"N/A","Large bulky",9.65,12.05,13.35,18.32,503.08,1257.71,"02/28/2026",5,8,3,65.58
"https://amazon.com/dp/B0D2D2FBBR","https://m.media-amazon.com/images/I/61rANo3b3rL._SX450_.jpg","B0D2D2FBBR","Car Jump Starter,12V 8-in-1 Jump Starter Battery Pack 6000A, Up to 7.0L Gas & 5.5L Diesel Engines Quick Charge 3.0 Power Bank Jumper Cable with LED,Large Screen","ACEZUK","FBA","Automotive",81699,684514186384,"N/A",0684514186384,"N/A","Batteries & Accessories",1561,34.99,-21,87,87,-66,3027.7,3027.6,96,4.6,"ACEZUK US","China",1,0,"N/A","Large Standard-Size",1.93,8.19,10.79,1.63,85.87,236.88,"11/30/2025",8,6,4,0.9
"https://amazon.com/dp/B0CJ2YC2QX","https://m.media-amazon.com/images/I/61KOI2X+HwL._SX450_.jpg","B0CJ2YC2QX","VoltSurge Car Jump Starter, 5000A Portable Jump Box for Cars (Engines up to 7.0L Petrol / 5.5L Diesel), 12V Battery Jumper Starter, LED Flashlight with USB Ports","VoltSurge","FBA","Automotive",83274,"N/A","N/A","N/A","N/A","Batteries & Accessories",1592,38.49,-48,102,76,,5070.12,2919.89,213,4.6,"ShenZhenLongTengDaMoSuKeJiYouXianGongSi","China",1,0,"N/A","Large Standard-Size",1.93,8.15,10.67,1.61,84.5,233.1,"01/31/2026",28,7,2,0.48
"https://amazon.com/dp/B0FTB584HP","https://m.media-amazon.com/images/I/71RVVvMJXCL._SX450_.jpg","B0FTB584HP","STANLEY LJ12FC 1200A Lithium Jump Starter with 15 Watt USB-A and USB-C Power, Includes Clamps and Carrying Case","STANLEY","Amazon","Automotive",83785,814632015949,00814632015949,0814632015949,"N/A","Batteries & Accessories",1576,79.97,-38,82,45,,8116.43,3594.12,5,4,"Amazon","N/A",2,0,"N/A","Large Standard-Size",4.57,5.2,10.63,2.61,"N/A","N/A","02/28/2026",2,6,4,16.38
"https://amazon.com/dp/B0DTV67K2K","https://m.media-amazon.com/images/I/81jKCI5cmLL._SX450_.jpg","B0DTV67K2K","NEBO Assist 2000XP Jump Starter | 2000 Amps, 55.5Wh Power Supply, Multi-Device Charging, and Integrated Floodlight, USB Compatible, Portable Battery, Automotive, Emergency, Smark-Proof Safety","NEBO","FBA","Automotive",83814,645397943846,"N/A",0645397943846,"N/A","Batteries & Accessories",1586,174.99,-12,54,8,-2,6162.65,1463.71,113,4.5,"NEBO","USA",1,0,"N/A","Large Standard-Size",4.69,5.35,8.5,3.33,107.38,296.22,"03/31/2025",10,8,4,0.48
"https://amazon.com/dp/B0DHVF5BNW","https://m.media-amazon.com/images/I/711EH4NoplL._SX450_.jpg","B0DHVF5BNW","KeenPower 6000A Super Capacitor Jump Starter [Upgraded Clamps & Screen Version] – No Traditional Battery, Powered by 6X 3000F Supercapacitors, Works in -45°F Env, 3-Mins Fast Charging for Instant Use","KeenPower","FBA","Automotive",84043,712110987903,"N/A",0712110987903,"N/A","Batteries & Accessories",1590,299.99,-33,81,81,125,21345.49,21344.85,78,4.5,"Kungfupower","China",1,884,"N/A","Large Standard-Size",8,10.8,12.1,10.8,526.35,1452,"10/31/2025",15,7,0,1.04
"https://amazon.com/dp/B0CPJ5KCVS","https://m.media-amazon.com/images/I/5190CeT0FZL._SX450_.jpg","B0CPJ5KCVS","Gferauto 12v Auto Jump Starter Pack with Air Compressor, Peak Current 2000a, Car Lithium Battery Charger Jumper Box Tire Air Pump, Portable Power Bank for 8.0L Gas and 5.0L Diesel with Quick Charge","GFERAUTO","FBA","Automotive",84698,702909872565,"N/A",0702909872565,"N/A","Jump Starters",311,36.98,10,9,4,-89,293.63,146.57,123,4.2,"Gferauto","China",1,557,12,"Large Standard-Size",5.35,5.51,8.5,2.6,126.15,348.01,"01/31/2026",26,7,2,0.07
"https://amazon.com/dp/B0D792T2HY","https://m.media-amazon.com/images/I/71yCv5KtufL._SX450_.jpg","B0D792T2HY","56W 14V Jump Starter Charger Fit for NOCO Boost GB70 GB150 UltraSafe Portable Lithium Car Jump Starter Power Cord AC Adapter Plug for NOCO GB250+ GB251+ GB500 GB500+ Boost Car Battery Pack Starter Box","HIENADTOR","FBA","Automotive",84836,"N/A","N/A","N/A","N/A","Jump Starters",312,15.99,-23,66,66,-30,1089.6,1089.21,85,4.8,"HIENADTOR","China",1,1959,"N/A","Large Standard-Size",2.44,4.02,5.98,0.68,29.53,81.47,"12/31/2024",19,8,0,0.77
"https://amazon.com/dp/B0FNW6SCCS","https://m.media-amazon.com/images/I/61OQ3WHTBHL._SX450_.jpg","B0FNW6SCCS","VTOMAN V-Truck Pro 8000A Car Battery Jump Starter with 65W Quick Charge, 41600mAh Portable Jump Starter Power Pack for All Gas All Diesel, 12V Jump Box with LED Light, Long Jumper Cables","VTOMAN","FBA","Automotive",85559,"N/A","N/A","N/A","N/A","Batteries & Accessories",1625,199.99,-6,152,152,,36317.98,36317,37,4.4,"VTOMAN","China",1,0,"N/A","Large Standard-Size",7.95,9.25,11.61,7.83,429.85,1185.79,"02/28/2026",4,9,1,4.1
"https://amazon.com/dp/B09C85RYSN","https://m.media-amazon.com/images/I/61S3mKnMPCL._SX450_.jpg","B09C85RYSN","GOOLOO Heavy Duty Car Jump Starter Replacement Cable Double Intelligent Booster Terminal with Clamps for GOOLOO GP4000 GP3000 Jump Starter - Black/Red","GOOLOO","FBA","Automotive",86717,"N/A","N/A","N/A","N/A","Batteries & Accessories",1629,29.99,"N/A",121,121,,3620,3618.67,19,3.5,"GOOLOO","China",1,240,"N/A","Large Standard-Size",1.85,4.84,7.44,0.66,33.54,92.52,"02/28/2026",55,6,0,6.71
"https://amazon.com/dp/B0FY2JY85H","https://m.media-amazon.com/images/I/51OPZ9ArxiL._SX450_.jpg","B0FY2JY85H","Primedura DM1264 Heavy Duty Truck Jump Starter, 30000A Peak 12V Lithium Battery Booster Pack for Semi Trucks,Starts All Gasoline Engines and Diesel Engines up to 50L in 1 Second at -40°F.","Primedura","FBA","Automotive",87270,740625188102,"N/A",0740625188102,"N/A","Batteries & Accessories",1644,849,-17,104,68,9,95403.09,58139.42,7,5,"Primedura","N/A",1,0,"N/A","Large bulky",10.63,14.75,17.38,16.35,883.12,2207.8,"02/28/2026",3,9,2,14.86
"https://amazon.com/dp/B0F3CYPJ2K","https://m.media-amazon.com/images/I/71l6mBMgMQL._SX450_.jpg","B0F3CYPJ2K","8000A Jump Starter with Air Compressor, 12V Jump Box for Car Battery (All Gas/10.0L Diesel) Portable Jumper Starter Pack with 150PSI Auto Tire Inflator, LCD Display, Lights & Booster Cable","VoltSurge","FBA","Automotive",87888,"N/A","N/A","N/A","N/A","Batteries & Accessories",1653,89.99,"N/A",102,27,,5070.12,2149.8,148,4.5,"VoltSurge","Hong Kong",4,0,"N/A","Large Standard-Size",4.65,6.02,11.3,3.22,159.2,439.16,"01/31/2026",4,7,2,0.69
"https://amazon.com/dp/B0B6J3YD4F","https://m.media-amazon.com/images/I/81soN4ZM2XL._SX450_.jpg","B0B6J3YD4F","khanka Hard Travel Case Replacement for Halo Bolt 58830/57720 / Air 58830 / ACDC Max 55500 mWh Portable Emergency Power Kit, Portable Phone Laptop Charger, Case Only (Blue)","khanka","FBA","Automotive",88144,"N/A","N/A","N/A","N/A","Batteries & Accessories",3760,22.99,-14,179,4,-43,3971.82,100.78,799,4.7,"Khankastore","Hong Kong",1,0,"N/A","Large Standard-Size",4.06,6.18,11.57,0.77,146.16,403.2,"10/31/2025",44,9,10,0.22
"https://amazon.com/dp/B09S62N7MK","https://m.media-amazon.com/images/I/81uA4ylDbCL._SX450_.jpg","B09S62N7MK","khanka Hard Travel Case Replacement for Halo Bolt 58830/57720 / Air 58830 / ACDC Max 55500 mWh Portable Emergency Power Kit, Portable Phone Laptop Charger, Case Only (Black)","khanka","FBA","Automotive",88145,"N/A","N/A","N/A","N/A","Jump Starters",313,20.99,-30,179,12,-43,3971.82,249.63,799,4.7,"Khankastore","Hong Kong",1,0,"N/A","Large Standard-Size",4.17,7.44,10.87,0.79,169.79,468.39,"10/31/2025",49,9,10,0.22
"https://amazon.com/dp/B0B6J9MTB2","https://m.media-amazon.com/images/I/81bFuenyNpL._SX450_.jpg","B0B6J9MTB2","khanka Hard Travel Case Replacement for Halo Bolt 58830/57720 / Air 58830 / ACDC Max 55500 mWh Portable Emergency Power Kit, Portable Phone Laptop Charger, Case Only (Teal)","khanka","FBA","Automotive",88145,"N/A","N/A","N/A","N/A","Batteries & Accessories",3766,20.99,-12,179,11,-43,3971.82,232.3,799,4.7,"Khankastore","Hong Kong",1,0,"N/A","Large Standard-Size",4.13,7.28,11.46,0.79,173.48,478.56,"10/31/2025",44,9,10,0.22
"https://amazon.com/dp/B08FD5WHH2","https://m.media-amazon.com/images/I/41BVvdQ7A9L._SX450_.jpg","B08FD5WHH2","MEGAWISE 2500A Peak 21800mAh Car Battery Jump Starter (up to 8.0L Gas/6.5L Diesel Engines) 12V Portable Power Pack Auto Battery Booster with Dual USB Outputs","MEGAWISE","Amazon","Automotive",88923,788497903331,"N/A",0788497903331,"N/A","Jump Starters",315,48.96,-10,85,85,-75,4211.07,4210.15,2139,4.4,"Amazon","N/A",3,1550,-51,"Large Standard-Size",4.06,5.75,9.02,2.43,"N/A","N/A","12/31/2024",67,7,0,0.04
"https://amazon.com/dp/B0789DLKB5","https://m.media-amazon.com/images/I/7161UTmUyLL._SX450_.jpg","B0789DLKB5","Schumacher SJ1330 1000 Peak Amp Jump Starter and Air Compressor with 12V USB Portable Power Ports","Schumacher Electric","Amazon","Automotive",89398,026666813303,00026666813303,0026666813303,"N/A","Jump Starters",315,72.98,-20,66,19,-65,5121.02,1402.66,1056,4.2,"Amazon","N/A",3,1688,-43,"Large bulky",10.11,10.94,11.08,11.45,"N/A","N/A","11/30/2024",94,7,3,0.06
"https://amazon.com/dp/B0G796Y3Z1","https://m.media-amazon.com/images/I/81+pQ4zqPrL._SX450_.jpg","B0G796Y3Z1","12V/24V Jump Starter - ZunDian 2800/1400 Amp Heavy Duty Jump Box, Works with Truck Tractor Excavator Automotive Engine Starter Battery Charger Booster Jumper Box with USB/DC Power Unit","ZunDian","FBA","Automotive",89900,671891298731,"N/A",0671891298731,"N/A","Batteries & Accessories",1680,249.99,"N/A",42,42,,10448.17,10448.02,26,4.8,"ZunDianUS","China",1,0,"N/A","Large bulky",10.6,13.8,15.5,31.45,734.79,1836.97,"02/28/2026",1,7,2,1.61
"https://amazon.com/dp/B0DKYB1Y9T","https://m.media-amazon.com/images/I/51O21STFkKL._SX450_.jpg","B0DKYB1Y9T","RYOBI ONE+ 18V Cordless 1600A Jump Starter with LED Work Light Kit with 2.0 Ah Battery and Charger","RYOBI","FBM","Automotive",89909,033287215379,"N/A",0033287215379,"N/A","Batteries & Accessories",1681,142.58,-22,85,85,-58,12910.95,12910.65,52,4.6,"VYRO(monitors serial number)","USA",22,1473,"N/A","Large Standard-Size",5.08,9.25,15.47,7.23,"N/A","N/A","11/30/2025",14,5,0,1.64
"https://amazon.com/dp/B0DB89PS1S","https://m.media-amazon.com/images/I/71uD1FG6fAL._SX450_.jpg","B0DB89PS1S","YaberAuto Car Battery Jump Starter 6000A Jump Box (10.0L Gas/9.0L Diesel) Portable Car Jump Starter Pack, 12V Battery Jumper Starter Portable, Fast Charge, 160W DC, 4-Mode Lights","YaberAuto","FBA","Automotive",90927,"N/A","N/A",6942129816978,"N/A","Batteries & Accessories",1735,49.99,-21,88,88,-59,7043.53,7042.53,374,4.5,"JessiBest","China",3,4419,"N/A","Large Standard-Size",4.17,5.24,8.98,2.62,98.79,272.53,"11/30/2024",17,7,0,0.24
"https://amazon.com/dp/B0D4TPVBB9","https://m.media-amazon.com/images/I/71-vk-6abSL._SX450_.jpg","B0D4TPVBB9","AUXITO 8000A Car Battery Jump Starter Boost Force Start Function Jump Box 60W Fast Charging 160W DC Output Portable Jump Starter for 12V Vehicle 700LM Super Bright Flashlight (All Gas/Diesel)","AUXITO","FBA","Automotive",91932,"N/A","N/A","N/A","N/A","Batteries & Accessories",1697,149.99,-7,2,288,,82.59,33203.04,272,4.5,"AUXITO PARTS","China",2,0,"N/A","Large Standard-Size",4.33,5.28,9.88,3.42,113.72,313.72,"02/28/2026",21,9,0,0.01
"https://amazon.com/dp/B0DMTMPP5V","https://m.media-amazon.com/images/I/81B7y5kYzLL._SX450_.jpg","B0DMTMPP5V","NEBO Assist 1000XP Portable Car Battery Jump Starter | 24.4Wh Power Supply Jump Box Restarts 12V Cars & ATVs, 25 Battery Boosts from 1 Charge, Integrated Emergency Floodlight, USB Ports, TSA Approved","NEBO","FBA","Automotive",92447,645397943822,"N/A",0645397943822,"N/A","Batteries & Accessories",1734,74.99,-30,54,25,-2,6162.65,1916.23,113,4.5,"NEBO","USA",7,0,"N/A","Large Standard-Size",4.25,4.31,7.13,1.85,65.76,181.39,"03/31/2025",16,7,4,0.48
"https://amazon.com/dp/B0FK4YKP7B","https://m.media-amazon.com/images/I/41eQ-A7YvyL._SX450_.jpg","B0FK4YKP7B","Amplyn Car Jump Starter with 65W Quick Charger 24000mAh Battery Pack,12V Car Battery Jumper Starter Portable,LED Display,All Gas 12L Diesel Engine Booster,Jump Box with LED Light,Jump Cable","amplyn","FBA","Automotive",92731,"N/A","N/A","N/A","N/A","Batteries & Accessories",1726,79.99,-38,33,25,-96,4330.69,2817.96,51,4.7,"Amplyn-us","China",2,0,"N/A","Large Standard-Size",5.04,6.3,10.04,3.48,160.5,442.76,"12/31/2025",6,9,2,0.65
"https://amazon.com/dp/B0FK5FFYLL","https://m.media-amazon.com/images/I/71o8PI-CFeL._SX450_.jpg","B0FK5FFYLL","Amplyn 5000A Jump Starter,24000mAh Portable Jump Starter with 65W Quick Charger Battery Pack,12V Car Battery Jump Starter,LED Display,(All Gas 12L Diesel Engine) with Booster,LED Light,Jumper Cables","amplyn","FBA","Automotive",92731,"N/A","N/A","N/A","N/A","Batteries & Accessories",1726,179.99,"N/A",33,8,-96,4330.69,1512.26,51,4.7,"Amplyn-us","China",1,0,"N/A","Large Standard-Size",4.5,2.2,8.4,3.3,41.87,115.5,"12/31/2025",5,8,2,0.65
"https://amazon.com/dp/B0D4TRXPZ1","https://m.media-amazon.com/images/I/61jt2iWUA0L._SX450_.jpg","B0D4TRXPZ1","OXILAM Jump Starter, 4000A Peak Car Battery Jumper Starter Portable, Up to 10L Gas and 8L Diesel Engines, 12V Jumper Cables with Battery Pack, Power Bank, 600 LM LED Flashlight, Orange","OXILAM","FBA","Automotive",92766,"N/A","N/A","N/A","N/A","Jump Starters",321,32.99,-74,140,140,-89,4621.93,4621.88,679,4.4,"OXILAM LIGHTING","China",1,0,"N/A","Large Standard-Size",3.11,4.37,7.95,1.61,54.4,150.06,"08/31/2025",20,9,2,0.21
"https://amazon.com/dp/B0F1P7HHMX","https://m.media-amazon.com/images/I/71PdKaehljL._SX450_.jpg","B0F1P7HHMX","NEBO Assist 2500XP+ Jump Starter | 3-in-1 2500 Amps Jump Starter, Charger, Illuminated Floodlight, USB Compatible, Automotive, Emergency, Spark-Proof Safety","NEBO","FBA","Automotive",92874,044435919582,"N/A",0044435919582,"N/A","Batteries & Accessories",1737,229.99,-6,54,5,-2,6162.65,1232.47,113,4.5,"NEBO","USA",1,0,"N/A","Large Standard-Size",9.24,4.57,6.95,4.54,147.76,407.61,"03/31/2025",6,9,4,0.48
"https://amazon.com/dp/B0DH6QTGQK","https://m.media-amazon.com/images/I/81BjwI8fAqL._SX450_.jpg","B0DH6QTGQK","NEBO 1500A Portable Car Battery Jump Starter | 29.9Wh Power Supply Jump Box Restarts 12V Trucks & SUVs, 30 Battery Boosts from 1 Charge, Integrated Emergency Floodlight, USB Ports, TSA Approved","NEBO","FBA","Automotive",92875,044435919643,"N/A",0044435919643,"N/A","Batteries & Accessories",1737,84.98,-45,54,15,-2,6162.65,1549.48,113,4.5,"NEBO","USA",1,0,"N/A","Large Standard-Size",4.17,8.23,8.86,2.09,153.09,422.32,"03/31/2025",18,8,4,0.48
"https://amazon.com/dp/B0F2MDP1LX","https://m.media-amazon.com/images/I/71jYo4FtguL._SX450_.jpg","B0F2MDP1LX","8000A Jump Starter with Air Compressor, 26800mAh Car Battery Jump Starter (All Gas/16.0L Diesel) with 150PSI Auto-Shutoff Tire Inflator, 12V Jump Box with Booster, Jumper Cables, Cigarette Lighter","OGORI NEW","FBA","Automotive",92985,792580266227,"N/A",0792580266227,"N/A","Batteries & Accessories",1745,69.99,-27,67,20,,4189.34,1393.48,25,4.7,"bajiang","China",1,0,"N/A","Large Standard-Size",2.6,8.9,10.63,3.04,123.73,341.34,"01/31/2026",6,9,4,2.69
"https://amazon.com/dp/B09SVYZZSV","https://m.media-amazon.com/images/I/41etJIT36fL._SX450_.jpg","B09SVYZZSV","Schumacher Electric DSR ProSeries Car Battery Jump Starter, Maintainer & Portable Power Station - 12V 2000 Peak Amps & 400 Cranking Amps - with DC & USB Charging Ports - DSR157","Schumacher Electric","FBM","Automotive",93355,026666421577,"N/A",0026666421577,"N/A","Jump Starters",336,99.99,-32,66,34,-73,12895.21,3387.47,259,4,"The GENERAL Store","USA",2,1470,"N/A","Large bulky",6.25,15.75,16.25,20.85,"N/A","N/A","12/31/2024",48,6,3,0.25
"https://amazon.com/dp/B0F6L9GFYK","https://m.media-amazon.com/images/I/71P20EpF08L._SX450_.jpg","B0F6L9GFYK","Jump Starter with Air Compressor,2500A car battery Jump starter,12V car booster jumper cable kit,Car Charger 150PSI portable tire inflator,battery charger,multi-function LED outdoor emergency lighting","HAONINYUE","FBA","Automotive",93441,"N/A","N/A","N/A","N/A","Batteries & Accessories",1719,79.59,-17,99,99,357,7465.82,7464.68,38,4.8,"Haoningyuedianzikeji","China",1,0,"N/A","Large Standard-Size",5.59,6.26,10.39,3.35,183.05,504.97,"10/31/2025",7,8,0,2.62
"https://amazon.com/dp/B01DX9MVXS","https://m.media-amazon.com/images/I/61EGn8d9suL._SX450_.jpg","B01DX9MVXS","UpBright AC in Charging Cord Charger Cable Compatible with CenTech 4-in-1 Jump Starter Air Compressor Item# 62453 62374 56631 Portable Power Pack 348985 Jump Start Cen-Tech 12V 17Ah Lead-Acid Battery","UPBRIGHT","FBA","Automotive",94302,669230375014,"N/A",0669230375014,"N/A","Jump Starters",324,9.99,-30,63,63,-56,630.44,629.7,177,4.3,"PowerHOOD","USA",2,1001,-10,"Large Standard-Size",1.57,3.23,5.28,0.22,13.48,37.19,"12/31/2024",119,5,0,0.36
"https://amazon.com/dp/B08TLTPRZM","https://m.media-amazon.com/images/I/718LKmw67hL._SX450_.jpg","B08TLTPRZM","Canboc Carrying Case for Halo Bolt Portable Car Jump Starter 58830/57720/44400 mWh, Halo Bolt ACDC Max 55500 mWh Phone Charger, Mesh Bag for Jumper Cable, AC Wall Charger, Charge,Rose Gold","Canboc","FBA","Automotive",95033,"N/A","N/A","N/A","N/A","Jump Starters",328,15.99,-45,60,20,-89,1044.95,316.76,1146,4.5,"Canboc","Hong Kong",1,2062,-54,"Large Standard-Size",3.58,6.26,9.69,0.44,109.33,301.61,"06/30/2024",62,7,8,0.05
"https://amazon.com/dp/B0B1V2262G","https://m.media-amazon.com/images/I/71p2nJGCcuL._SX450_.jpg","B0B1V2262G","LOKITHOR J401 Car Battery Jump Starter, 2500A Battery Jumper Starter Portable, 12V Jump Box, Jumper Cables for Upto 8.5L Gas and 6.5L Diesel Engines, 60W Fast Charging, Smart Digital Screen LED Light","LOKITHOR","FBA","Automotive",95270,889551115117,"N/A",0889551115117,"N/A","Jump Starters",334,99.95,-9,56,56,-17,5597.26,5596.61,401,4.3,"LOKITHOR Direct","China",1,1097,-37,"Large Standard-Size",4.88,5.51,10.28,3.35,139.17,383.91,"03/31/2024",46,10,0,0.14
"https://amazon.com/dp/B0D14RYS25","https://m.media-amazon.com/images/I/71YPPCe5B+L._SX450_.jpg","B0D14RYS25","Car Jump Starter with Air Compressor, 8000A 150PSI Jump Starter Pack (All Gas/10.0L Diesel), 12V Battery Jump Starter with Display, Smart Jumper Cables, 2 LED Light","YUSMAN","FBA","Automotive",95315,607609064077,"N/A",0607609064077,"N/A","Batteries & Accessories",1776,79.99,-13,110,54,,8781.84,4332.24,259,4.5,"YUSMAN US","China",4,0,"N/A","Large Standard-Size",4.76,6.61,10.16,3.22,160.95,443.99,"01/31/2026",20,7,4,0.17
"https://amazon.com/dp/B0DT149VMB","https://m.media-amazon.com/images/I/710cOdWduUL._SX450_.jpg","B0DT149VMB","GOOLOO A2 8-in-1 Jump Starter with Air Compressor, Car Battery Booster (Up to 8L Gas/6L Diesel) 150 PSI Cordless Auto-Shutoff Tire Inflator, 12V Supersafe Lithium Jump Box with Jumper Cables","GOOLOO","FBA","Automotive",95733,"N/A","N/A","N/A","N/A","Batteries & Accessories",1748,69.99,-30,63,63,-69,4443.85,4443.1,118,4.6,"GOOLOO","China",1,0,"N/A","Large Standard-Size",4.29,6.34,7.95,2.84,108.87,300.32,"06/30/2025",13,8,3,0.54
"https://amazon.com/dp/B0DBQ8JC5Z","https://m.media-amazon.com/images/I/51YLfL6ZglL._SX450_.jpg","B0DBQ8JC5Z","4000A Jump Starter with Air Compressor, 150PSI Battery Jumper Starter Portable for All Gas and 10.0L, 12V Car Jump Starter with Jumper Cable 3 Modes Flashlight and EVA Bag","BUVAYE","FBA","Automotive",96667,"N/A","N/A","N/A","N/A","Batteries & Accessories",1797,49.99,-23,78,78,-19,3731.39,3731.26,197,4.4,"Jiemai US","China",1,2832,"N/A","Large Standard-Size",3.46,7.72,10.36,2.57,139.32,384.34,"06/30/2025",19,7,0,0.39
"https://amazon.com/dp/B0DK9KSDT7","https://m.media-amazon.com/images/I/71sR7BgURQL._SX450_.jpg","B0DK9KSDT7","Jump Starter with Air Compressor, LERTIN 2500A 150PSI Portable Car Battery Jump Starter Pack, 12V Jump Box with USB Fast Charge, for up to 9.0 Gas/8.0L Diesel Engine, 3 Modes Lights/Large LCD Display","LERTIN","FBA","Automotive",96895,"N/A","N/A","N/A","N/A","Batteries & Accessories",1773,65.66,-45,0,84,,"-",4569.37,106,4.6,"Woot","USA",3,103,"N/A","Large Standard-Size",4.61,5.43,9.57,2.78,120.61,332.72,"05/31/2025",15,8,0,0
"https://amazon.com/dp/B0FD3GQBTL","https://m.media-amazon.com/images/I/71sm4jTsIzL._SX450_.jpg","B0FD3GQBTL","Car Battery Jump Starter with Air Compressor - 2500mAh*4 150PSI Portable Car Jump Starters (Gas4.5L/3.5L Diesel) with Tire Inflator, 12V Car Battery Jump Box with Jumper Cables, LCD Display","Mightiger","FBA","Automotive",97019,"N/A","N/A","N/A","N/A","Batteries & Accessories",1784,31.99,"N/A",119,77,-87,3560.28,2254.68,37,4.7,"AMZTIGER","China",1,0,"N/A","Large Standard-Size",3.7,6.85,8.23,2.36,105.02,289.71,"12/31/2025",7,9,2,3.22
"https://amazon.com/dp/B0BHQPH13F","https://m.media-amazon.com/images/I/81ysV8W4yNL._SX450_.jpg","B0BHQPH13F","Canboc Carrying Case for Halo Bolt 58830/57720/44400/ACDC Max 55500 mWh Portable Car Jump Starter, Phone Laptop Charger Power Bank Holder for Jumper Cable, AC Wall Charger, Black","Canboc","FBA","Automotive",97333,"N/A","N/A","N/A","N/A","Jump Starters",332,17.99,-20,60,9,-89,1044.95,154.77,1146,4.5,"Canboc","Hong Kong",1,2062,-54,"Large Standard-Size",2.83,8.07,9.06,0.54,104.3,287.73,"06/30/2024",41,7,8,0.05
"https://amazon.com/dp/B0F8TRF1RX","https://m.media-amazon.com/images/I/71NkepH6XGL._SX450_.jpg","B0F8TRF1RX","Jump Starter with Air Compressor, Portable Car Battery Jump Starter with 150PSI Digital Tire Inflator, 14.8V Jump Box for Women,Pink Car Battery Jumper with Jump Cables, Lights, LCD Display","EDOMOL","FBA","Automotive",98951,724990850918,"N/A",0724990850918,"N/A","Batteries & Accessories",1836,31.99,-26,65,65,24,2070.45,2069.68,28,3.8,"Sanjiaoyu","China",1,0,"N/A","Large Standard-Size",4.57,5,9.14,2.65,105.15,290.07,"11/30/2025",9,6,0,2.3
"https://amazon.com/dp/B0GBW3GKKZ","https://m.media-amazon.com/images/I/71MtDqZkhdL._SX450_.jpg","B0GBW3GKKZ","LOKITHOR JPD400 Jump Starter with Air Compressor and Deflator, 3000A Car Battery Jump Starter (9.0L Gas/7.0L Diesel) Jump Box with 150PSI Tire Inflator, 10000mAh Power Bank, LED Light, Jumper Cables","LOKITHOR","FBA","Automotive",100284,889551124430,"N/A",0889551124430,"N/A","Batteries & Accessories",1832,119.95,-58,33,33,,4008.62,4008.22,10,4.9,"LOKITHOR Direct","China",1,0,"N/A","Large Standard-Size",5.67,6.34,9.41,4.01,170.31,469.82,"02/28/2026",0,9,0,3.34
"https://amazon.com/dp/B0G4CK6FMH","https://m.media-amazon.com/images/I/71ToY3F9AWL._SX450_.jpg","B0G4CK6FMH","AVAPOW Jump Starter with Air Compressor, 5000A 150PSI Car Battery Jump Starter Portable with 4"" HD Display 12V Jump Box & Battery Booster (8L Gas/8L Diesel) with Auto-Shutoff Tire Inflator","AVAPOW","FBA","Automotive",100563,"N/A","N/A","N/A","N/A","Batteries & Accessories",1837,209.98,-11,48,48,,11407.89,11407.71,156,4.5,"AVAPOW Direct","China",1,0,"N/A","Large Standard-Size",4.88,6.85,11.61,4.39,195.4,539.03,"02/28/2026",2,9,0,0.31
"https://amazon.com/dp/B09SPTV755","https://m.media-amazon.com/images/I/71vNuTp5G2L._SX450_.jpg","B09SPTV755","SYPOM Portable Car Jump Starter, 4150A Peak Portable Car Battery Charger, 12V Battery Jump Box for Motorcycle, Truck Up to 12L Diesel, LED Light for Roadside Emergency Kit (Red)","SYPOM","FBA","Automotive",100681,752859007920,"N/A",0752859007920,"N/A","Jump Starters",344,35.99,26,33,33,-107,1225.08,1224.93,655,4.3,"SYPOM Direct-US","China",1,0,"N/A","Large Standard-Size",3.31,5.24,8.94,1.68,78.07,215.36,"11/30/2025",46,6,0,0.05
"https://amazon.com/dp/B0CSK5RVWL","https://m.media-amazon.com/images/I/715wJq3-ngL._SX450_.jpg","B0CSK5RVWL","ATGFOX 8250A Jump Starter Heavy Duty Jumper Starter Portable Battery Pack (Up to 10L Gas / 6.5L Diesel), 24000mAh Power Bank, 12V Auto Car Truck Battery Booster Jump Box, 48-Months Stand-by Time","ATGFOX","FBA","Automotive",100822,791126349950,"N/A",0791126349950,"N/A","Batteries & Accessories",1843,109.99,15,89,89,-83,9951.06,9950.05,428,4.2,"ATGFOX","China",3,2804,"N/A","Large Standard-Size",4.61,5.83,10.28,3.06,139.1,383.73,"11/30/2024",23,8,0,0.21
"https://amazon.com/dp/B08FD6Y933","https://m.media-amazon.com/images/I/71apoliGJiL._SX450_.jpg","B08FD6Y933","MEGAWISE 1500A Peak 16800mAh Car Battery Jump Starter Booster (up to 7L Gas or 5L Diesel Engines), 12V Portable Power with Dual USB Outputs & Flashlight 2023 Upgraded Extremely Safe","MEGAWISE","Amazon","Automotive",101162,788497903324,"N/A",0788497903324,"N/A","Batteries & Accessories",1862,49.99,20,70,70,-123,3476.27,3476.17,2121,4.4,"Amazon","N/A",2,3490,-62,"Large Standard-Size",4.09,5.67,8.78,2.14,"N/A","N/A","11/30/2024",67,8,0,0.03
"https://amazon.com/dp/B0CJV24M16","https://m.media-amazon.com/images/I/7153NfDMrWL._SX450_.jpg","B0CJV24M16","YESPER 12V/24V Car Jump Starter, 6000A Peak 5.1 lbs Portable Jump Starter Battery Pack Quick Charge with AC Adapter 36400mAh Battery Booster Pack (Up to All Gas/Diesel Engine) Jumper Box","YESPER","FBA","Automotive",101172,"N/A","N/A","N/A","N/A","Jump Starters",341,279.99,-2,71,71,-83,17971.49,17970.65,46,4.2,"YESPER DIRECT","China",1,887,"N/A","Large bulky",8.27,8.98,12.2,9.17,293.62,734.05,"12/31/2025",24,9,0,1.55
"https://amazon.com/dp/B0DFLVRRL9","https://m.media-amazon.com/images/I/71EFgXpPfqL._SX450_.jpg","B0DFLVRRL9","9000A Jump Starter with Air Compressor, Car Charger Portable Jump Box for Car with 150PSI Tire Inflator, Power Pack Jumpstart 12V Vehicle for All Gas/12L Diesel w/Extended Jumper Cable","Pabulumㅤ","FBA","Automotive",101254,"N/A","N/A","N/A","N/A","Batteries & Accessories",1865,103.99,-8,60,60,-67,6207.82,6207.12,115,4.4,"HMDZ1","China",1,1739,"N/A","Large Standard-Size",4.49,6.61,10.55,3.62,157.64,434.88,"06/30/2025",17,7,3,0.52
"https://amazon.com/dp/B0FXM8HQHM","https://m.media-amazon.com/images/I/715vqnciArL._SX450_.jpg","B0FXM8HQHM","Bccxzm 15V 1A Charger for Car Jump Starter Power Supply 15V 1A~1.5A for Peak 450A 500A 600A 800A 1000A Auto Battery Booster Jump Starter, Compatible Beatit,Tacklife,Gooloo & etc..","Bccxzm","FBA","Automotive",102727,"N/A","N/A","N/A","N/A","Batteries & Accessories",1870,8.59,-33,46,46,142,393.95,393.78,6,4.4,"Bccxzm","China",1,0,"N/A","Large Standard-Size",2.6,4.06,5.51,0.2,29.24,80.66,"02/28/2026",5,7,0,7.6
"https://amazon.com/dp/B0DTG1M8NS","https://m.media-amazon.com/images/I/71511wqioNL._SX450_.jpg","B0DTG1M8NS","3000A Jump Starter with Air Compressor 12V, 44.4Wh Portable Car Jump Starter for 8.0L Gas & 6.0L Diesel Engines, 150PSI Tire Inflator with LED Display, Emergency Jump Box with Jumper Cables","UPFOX","FBA","Automotive",103215,"N/A","N/A","N/A","N/A","Batteries & Accessories",1865,37.99,-41,59,59,-109,2578.31,2578.2,52,4.6,"UPFOXSTORE","China",4,0,"N/A","Large Standard-Size",3.35,9.37,10.24,3.11,161.83,446.43,"12/31/2025",9,7,1,1.13
"https://amazon.com/dp/B0CCHMX3G3","https://m.media-amazon.com/images/I/71ot+0mG7oL._SX450_.jpg","B0CCHMX3G3","Powrun P-ONE MAX Jump Starter, 4000A Portable Jump Box, Car Jump Starter Battery Pack for All Gas or Diesel Engines up to 10.0L, 12V Car Battery Jump Starter with a Carrying Case","Powrun","FBA","Automotive",104533,610840128163,"N/A",0610840128163,"N/A","Jump Starters",353,99.99,-44,94,94,-42,8828.35,8827.38,420,4.6,"xinjiale us","China",2,2093,"N/A","Large Standard-Size",3.9,5.12,11.14,3.48,111.99,308.95,"11/30/2025",31,8,0,0.22
"https://amazon.com/dp/B0B52K15VY","https://m.media-amazon.com/images/I/71eHet4QolL._SX450_.jpg","B0B52K15VY","HALO Bolt Air+ 55500 Portable Car Battery Jump Starter | 100 PSI Air Compressor, 55.5Wh USB Power Bank, Emergency Floodlight & Charger, Jumps Cars SUVs & Trucks, Inflates Tires, TSA Approved — Rose","HALO","Amazon","Automotive",105041,840056131682,"N/A",0840056131682,"N/A","Jump Starters",354,138.69,-17,91,71,-95,15393,11469.97,488,4.6,"Amazon","N/A",1,3506,-55,"Large Standard-Size",4.37,6.22,11.26,4.08,"N/A","N/A","11/30/2024",45,8,2,0.19
"https://amazon.com/dp/B0F2M13YSY","https://m.media-amazon.com/images/I/71fPEDSfqxL._SX450_.jpg","B0F2M13YSY","E-Ant Car Jump Starter with Air Compressor(10L Gas/8L Diesel), 4000A Peak 12v Auto Battery Jump Pack, Power Bank USB QC3.0 Outputs Portable Battery Booster Pack Jumper Box Tire inflator (Black)","E-Ant","FBA","Automotive",105163,641837576032,"N/A",0641837576032,"N/A","Jump Starters",347,39.99,-14,139,69,-83,5708.31,2764.19,520,4.4,"AntsPower","China",1,3407,"N/A","Large Standard-Size",5.51,9.06,11.18,3.48,280.99,775.16,"11/30/2024",7,7,4,0.27
"https://amazon.com/dp/B0D5BGH9C9","https://m.media-amazon.com/images/I/61P5dIuemjL._SX450_.jpg","B0D5BGH9C9","Car Battery Jump Starter 3500A 13800mAh Jump Box (8.0L Gas/7.0L Diesel) Portable Car Jump Starter Battery Pack 12V Lithium Car Battery Jumper Starter with German Jumper Cables, Fast Charge, Compact","BuTure VAC","FBA","Automotive",105948,"N/A","N/A",6975710722686,"N/A","Batteries & Accessories",1929,49.99,"N/A",77,77,,3864.88,3864.8,609,4.5,"SAKLLY","China",1,28,"N/A","Large Standard-Size",3.11,5.43,8.74,1.74,74.36,205.13,"07/31/2024",20,6,0,0.13
"https://amazon.com/dp/B09Z46FN76","https://m.media-amazon.com/images/I/814NPrjpdKL._SX450_.jpg","B09Z46FN76","Schumacher Electric 3000A Lithium Car Battery Jump Starter and Portable Power Pack/Jump Box, 3-in-1 Solution, 2.4A USB Charging, for 12V Power Sport, Automotive, and Marine Batteries, SL1653","Schumacher Electric","Amazon","Automotive",106528,026666816533,00026666816533,0026666816533,"N/A","Jump Starters",354,260.21,2,16,16,-70,4197.14,4197.02,73,4.4,"Amazon","N/A",3,514,19,"Large Standard-Size",4.88,10.55,15.98,7.98,"N/A","N/A","11/30/2025",45,7,0,0.22
"https://amazon.com/dp/B0BXWY4KPG","https://m.media-amazon.com/images/I/71x-2Yw72uL._SX450_.jpg","B0BXWY4KPG","UIBI X5 Car Jump Starter with Air Compressor, 2000A Car Battery Jump Starter with 150PSI Tire Inflator Portable, Battery Jumper Starter, Jump Box for 8.0L Gas or 6.0L Diesel Vehicles","UIBI","FBA","Automotive",107307,"N/A","N/A","N/A","N/A","Jump Starters",348,69.98,-25,35,85,-61,2425.23,6042.86,783,4.5,"Diang tec","China",2,5211,-51,"Large Standard-Size",5,5.87,9.76,3.77,144.22,397.86,"11/30/2024",34,7,0,0.04
"https://amazon.com/dp/B07896CCTP","https://m.media-amazon.com/images/I/71kER5wVHLL._SX450_.jpg","B07896CCTP","Schumacher Electric 800A Car Battery Jump Starter and Portable Power Station, 4-in-1 Solution, 150-PSI Air Compressor, USB & DC Charging, for 12V Power Sport, Automotive, and Marine Batteries, SJ1331","Schumacher Electric","Amazon","Automotive",107623,026666813310,00026666813310,0026666813310,"N/A","Jump Starters",348,130.33,-3,67,10,-60,5148.78,1135.66,1406,4.2,"Amazon","N/A",3,1704,-42,"Large bulky",10.25,11,11.25,10.4,"N/A","N/A","11/30/2024",98,8,3,0.05
"https://amazon.com/dp/B0FSL61M4J","https://m.media-amazon.com/images/I/51szJvXQqHL._SX450_.jpg","B0FSL61M4J","HAONINYUE 4000A Car Jump Starter with Air Compressor, Car Jumper 150PSI Portable Car Battery Jump Starter, 12V Jump Box Battery Pack (8L Gas 6L Diesel Engine) with Boost, LEDLight and Jumper Cables","HAONINYUE","FBA","Automotive",107803,"N/A","N/A","N/A","N/A","Batteries & Accessories",1943,79.99,16,35,35,-16,2798.32,2798.1,11,5,"Haoningyuedianzikeji","China",1,0,"N/A","Large Standard-Size",5.04,5.39,9.53,3.35,130.34,359.57,"12/31/2025",5,8,0,3.18
"https://amazon.com/dp/B007QV3HW4","https://m.media-amazon.com/images/I/71hMW+aF7pL._SX450_.jpg","B007QV3HW4","Clore Automotive Jump-N-Carry JNC241 Charging Cord for JNC1224 & JNC950","Clore Automotive","Amazon","Automotive",108005,010271021017,00010271021017,0010271021017,"N/A","Jump Starters",359,27.94,-10,50,50,-56,1402.07,1401.92,211,4.5,"Amazon","N/A",21,1320,-32,"Large Standard-Size",1.1,4.61,8.31,0.22,"N/A","N/A","12/31/2024",188,1,0,0.24
"https://amazon.com/dp/B0DT98TZD7","https://m.media-amazon.com/images/I/61xzZpp9WDL._SX450_.jpg","B0DT98TZD7","Hulkman Alpha Max Space Gray, 2500A 88.8Wh Car Battery Jump Starter with -40℉ Start Tech, 12V Portable Jump Box, 3.3"" LED Display Jump Pack, Jumper Cables for Car Up to 9.0L Gas and 6.5L Diese Engines","Hulkman","FBA","Automotive",108224,"N/A","N/A","N/A","N/A","Jump Starters",349,299.99,-17,85,70,-29,26893.45,20950.29,34,4.6,"HULKMAN Direct","China",2,0,"N/A","Large Standard-Size",5.47,6.81,12.56,6.33,235.56,649.82,"01/31/2026",7,8,2,2.49
"https://amazon.com/dp/B0FQ9QVBGB","https://m.media-amazon.com/images/I/81K2anskDTL._SX450_.jpg","B0FQ9QVBGB","Portable Car Jump Starter with Air Compressor for Emergencies,3000A Peak and 150 PSI Max,for 12L Gas & 10L Diesel Engines,LCD Display,LED Light","Nikocreos","FBA","Automotive",108508,735083504069,"N/A",0735083504069,"N/A","Batteries & Accessories",1952,59.99,-21,157,10,38,6387.2,576.23,116,4.7,"Lichuangdq","China",1,0,"N/A","Large Standard-Size",3.86,8.35,9.53,2.62,154.65,426.61,"11/30/2025",6,7,3,1.35
"https://amazon.com/dp/B0F2MHNPMP","https://m.media-amazon.com/images/I/71aVvpkQuWL._SX450_.jpg","B0F2MHNPMP","7000A Jump Starter with Air Compressor, 21800mAh Car Battery Jump Starter (All Gas/16.0L Diesel) with 150PSI Auto-Shutoff Tire Inflator, 12V Portable Jump Box with Booster, Jumper Cables","OGORI NEW","FBA","Automotive",108702,792580266210,"N/A",0792580266210,"N/A","Batteries & Accessories",1940,56.99,3,67,59,,4189.34,3504.46,38,4.7,"bajiang","China",1,0,"N/A","Large Standard-Size",2.52,8.9,10.87,2.78,122.74,338.6,"01/31/2026",6,9,4,1.77
"https://amazon.com/dp/B0DQ4VFRM6","https://m.media-amazon.com/images/I/71f4G7aT68L._SX450_.jpg","B0DQ4VFRM6","GOLDFOREST 4000A Jump Starter with Air Compressor, Portable Car Battery Jumper Starter (10L Gas/8L Diesel), 150PSI Jump Box with Auto-Shutoff Tire Inflator, LED Light, Power Bank - Car Emergency Kit","Goldforest","FBA","Automotive",108780,709175527083,"N/A",0709175527083,"N/A","Batteries & Accessories",1987,38.99,-49,152,152,,5641.22,5641.09,28,4.5,"Gold Forest - US","China",1,0,"N/A","Large Standard-Size",3.9,3.94,8.66,2.07,67,184.82,"02/28/2026",3,7,0,5.43
"https://amazon.com/dp/B0FY613V9C","https://m.media-amazon.com/images/I/711P1WQ90XL._SX450_.jpg","B0FY613V9C","JOMGAND K15 Extremely Safe Jump Starter, 2500A Car Battery Jump Starter for Up to 8.0L Gas & 6.0L Diesel Engines, 12V Portable Jump Box with Jumper Cable, USB Charge, and 3 Mode Flashlight","Jomgand","FBA","Automotive",109515,"N/A","N/A","N/A","N/A","Batteries & Accessories",1968,69.95,-79,33,33,,2291.96,2291.62,11,4.6,"JOMGAND Direct","China",1,0,"N/A","Large Standard-Size",3.62,3.7,8.82,1.5,59.48,164.08,"02/28/2026",0,8,2,2.98
"https://amazon.com/dp/B0FMJJDHLY","https://m.media-amazon.com/images/I/71bDrH6ZRTL._SX450_.jpg","B0FMJJDHLY","BESTNET Q27 Jump Starter with Air Compressor, 3000A Portable Car Battery Booster, 150PSI Tire Inflator, Jumper Cables with LED Light, 12V Jump Box for Up to 7.0L Gas & 5.0L Diesel Engines","BESTNET","FBA","Automotive",109531,"N/A","N/A","N/A","N/A","Batteries & Accessories",1982,35.99,-34,3,3,-100,140.14,140.08,11,4.3,"1wgo","China",1,0,"N/A","Large Standard-Size",4.65,6.73,13.82,2.98,217.75,600.68,"10/31/2025",7,9,0,0.24
"https://amazon.com/dp/B0FB8PH5SC","https://m.media-amazon.com/images/I/71ZiftvJOIL._SX450_.jpg","B0FB8PH5SC","2500A Jump Starter with Air Compressor, Battery Booster 150 PSI Cordless Tire Inflator, 12V Supersafe Jump Box, Portable Car Chargers & Jump Starter for up to 7.5-Liter Gas and 5.0-Liter Diesel","lupuauto","FBA","Automotive",109625,"N/A","N/A","N/A","N/A","Jump Starters",363,52.99,-31,82,24,69,4162.59,1251.52,14,4.2,"NLpearl Official Store","China",1,0,"N/A","Large Standard-Size",5.39,9.37,11.97,3.4,304.37,839.63,"01/31/2026",9,7,6,5.86
"https://amazon.com/dp/B0BZDXGNLJ","https://m.media-amazon.com/images/I/71JpkLQUyIL._SX450_.jpg","B0BZDXGNLJ","CRAFTSMAN 1500A Lithium Car Battery Jump Starter and Portable Power Pack/Jump Box, 3-in-1 Solution, 2.4A USB Charging, for 12V Power Sport, Automotive, and Marine Batteries, CMXCESM264","CRAFTSMAN","Amazon","Automotive",109764,026666302647,"N/A",0026666302647,"N/A","Jump Starters",364,146,-16,60,50,-47,8796.15,7373.58,107,4.7,"Amazon","N/A",2,1340,"N/A","Large Standard-Size",4.8,6.42,12.2,3.86,"N/A","N/A","11/30/2025",34,8,3,0.56