"URL","Image URL","ASIN","Title","Brand","Fulfillment","Category","BSR","UPC","GTIN","EAN","ISBN","Subcategory","Subcategory BSR","Price","Price Trend (90 days) (%)","Parent Level Sales","ASIN Sales","Sales Trend (90 days) (%)","Parent Level Revenue","ASIN Revenue","Review Count","Reviews Rating","Seller","Seller Country/Region","Number of Active Sellers","Last Year Sales","Sales Year Over Year (%)","Shipping Details","Length","Width","Height","Weight","Storage Fee (Jan - Sep)","Storage Fee (Oct - Dec)","Best Sales Period","Listing Age (Months)","Number of Images","Variation Count","Sales to Reviews"
"https://amazon.com/dp/B0G3GPYBZP","https://m.media-amazon.com/images/I/61ko-3w0gJL._SX450_.jpg","B0G3GPYBZP","5-in-1 Jump Starter with Air Duster, Portable Vacuum, 2000A Car Battery Booster, Air Inflator/Deflator, 8000mAh Power Bank - 130000RPM Blower Fan Multi-Function Emergency Tool for Car & Outdoor Use","Pursuit","FBM","Automotive",1273712,698746022501,"N/A",0698746022501,"N/A","Batteries & Accessories",10922,159.99,-21,5,5,44,763.61,763.51,8,5,"Woot","USA",2,0,"N/A","Large Standard-Size",8.86,5.35,3.94,2.12,"N/A","N/A","02/28/2026",4,9,0,0.65
"https://amazon.com/dp/B07W683DC9","https://m.media-amazon.com/images/I/61PjNdMgaOL._SX450_.jpg","B07W683DC9","Mpkke AC Adapter for Peak Amps 400 600 750 800 900 Power Station Car Jump Starter Cord","MPKKE","FBM","Automotive",1274680,"N/A","N/A",5311601411528,"N/A","Batteries & Accessories",10784,9.99,-26,3,3,,34.47,34.34,17,4.4,"Zxcjzuang","China",3,87,-39,"Large Standard-Size",1.5,3,4,0.25,"N/A","N/A","02/28/2025",80,3,0,0.2
"https://amazon.com/dp/B0C3CF35JZ","https://m.media-amazon.com/images/I/61NLl4-pSKL._SX450_.jpg","B0C3CF35JZ","LOKITHOR ApartX Multi-Functional Vehicle Emergency Device, Car Jump Starter for 7.0 to 10.0 L Gasoline and 4.0 to 8.0 L Diesel Engines, Battery Booster with 150 PSI Tire Inflator(Battery not included)","LOKITHOR","FBA","Automotive",1280349,889551118316,"N/A",0889551118316,"N/A","Batteries & Accessories",10828,151.75,-32,5,5,-86,802.13,802.06,28,4.6,"LOKITHOR STORE","China",1,47,-88,"Large Standard-Size",6.69,7.2,11.46,6.26,277.92,766.67,"10/31/2024",32,7,4,0.19
"https://amazon.com/dp/B08MDVN2NB","https://m.media-amazon.com/images/I/41vt6Bu18eL._SX450_.jpg","B08MDVN2NB","AC Adapter for CEN TECH Item 60703 5 in 1 Portable Power Pack Car Auto Battery Jump Starter Jump Start DC Power Supply Charger Cord Cable, 5 Feet, with LED Indicator, Compatible Replacement","GUY-TECH","FBM","Automotive",1284069,757926751959,"N/A",0757926751959,"N/A","Batteries & Accessories",10971,11.99,-1,3,3,-70,31.29,31.21,4,4.4,"Feumotu","N/A",3,21,40,"N/A","N/A","N/A","N/A","N/A","N/A","N/A","05/31/2025",80,2,0,0.65
"https://amazon.com/dp/B0FMK285V8","https://m.media-amazon.com/images/I/71qGo+2KV+L._SX450_.jpg","B0FMK285V8","Jump Starter with Air Compressor 2000A, 10000mAh&150PSI Car Battery Jumper Starter Portable, 12V Battery Pack Jump Box (9L Gas/7L Diesel Engine) with Boost, Light and Jumper Cables(Orange)","GrowCube","FBA","Automotive",1288791,"N/A","N/A","N/A","N/A","Batteries & Accessories",10893,49.99,-18,5,5,-112,232.25,232.12,42,4.4,"GrowCube","China",1,0,"N/A","Large Standard-Size",4.29,5.31,9.02,2.93,103.53,285.6,"11/30/2025",6,8,0,0.11
"https://amazon.com/dp/B00TD1053E","https://m.media-amazon.com/images/I/51vJSqkXyvL._SX450_.jpg","B00TD1053E","UpBright 14.5V Car DC Adapter Compatible with Dewalt DXAEPS14 1400 Peak Amp 1400Amp DXAEPS14CA 12V Portable Power Station Jump Starter Air Compressor DXAEP514 15V Auto Supply Cord Battery Charger PSU","UPBRIGHT","FBM","Automotive",1292838,664230348211,"N/A",0664230348211,"N/A","Jump Starters",1376,6.99,-22,4,4,83,27.67,27.54,34,4.5,"PowerHOOD","USA",1,20,-91,"Large Standard-Size",1.1,3.66,4.49,0.09,"N/A","N/A","10/31/2024",133,4,0,0.12
"https://amazon.com/dp/B09TRT28X5","https://m.media-amazon.com/images/I/516FFzBMcEL._SX450_.jpg","B09TRT28X5","AC in Charging Cord Charger Cable Compatible with CenTech 4-in-1 Jump Starter Air Compressor Item# 62453 62374 56631 Portable Power Pack 348985 Jump Start Cen-Tech 12V 17Ah Lead-Acid Battery","saschedross","FBM","Automotive",1297078,"N/A","N/A",6087932152179,"N/A","Batteries & Accessories",10953,10.35,-37,1,1,-62,15.66,15.58,11,4.3,"TATMALL","China",1,62,-24,"Large Standard-Size",1,3,7,0.4,"N/A","N/A","02/28/2025",49,2,0,0.13
"https://amazon.com/dp/B0D6W36F9F","https://m.media-amazon.com/images/I/61gJB32a+4L._SX450_.jpg","B0D6W36F9F","14V AC Adapter Compatible with Halo Bolt 57720, Bolt 58830, Power Cord for Bolt ACDC Wireless Car Jump Starter, 6.5ft","vhbw","FBA","Automotive",1297206,"N/A","N/A","N/A","N/A","Batteries & Accessories",11071,12.99,-24,4,4,-50,55.35,55.23,6,4.8,"SurperAdapter","China",1,123,"N/A","Large Standard-Size",1.81,2.72,3.82,0.24,9.47,26.12,"10/31/2025",21,7,0,0.71
"https://amazon.com/dp/B09D45PFGS","https://m.media-amazon.com/images/I/41JwB4l3bqL._SX450_.jpg","B09D45PFGS","Raion Power 12V 22Ah Replacement AGM Battery for Clore Automotive JNC660 Jump N Carry Jump Starter - 1 Pack","Raion Power","FBM","Automotive",1298882,"N/A","N/A","N/A","N/A","Batteries & Accessories",11082,67.99,-40,2,2,33,161.23,161.19,10,3.2,"Raion Group","USA",1,22,-79,"Large Standard-Size",9,7,6,13.68,"N/A","N/A","05/31/2024",55,4,0,0.24
"https://amazon.com/dp/B09BC1XH86","https://m.media-amazon.com/images/I/71QHj7sF4IL._SX450_.jpg","B09BC1XH86","Kircuit 15V AC/DC Adapter Compatible with YABER 2000A Peak 22000mAH 100W Portable Power Station Multi-fuction Car Jump Starter Winplus Lithium Power Bank JumPack 15VDC 1A DC15V Supply Battery Charger","Kircuit","FBM","Automotive",1300767,"N/A","N/A","N/A","N/A","Batteries & Accessories",11093,19.28,-19,0,0,500,"-","-",1,5,"EPtech","USA",1,10,-17,"N/A","N/A","N/A","N/A","N/A","N/A","N/A","02/28/2025",56,4,0,0
"https://amazon.com/dp/B0CZHSY37N","https://m.media-amazon.com/images/I/71IErmsvFCL._SX450_.jpg","B0CZHSY37N","Scatach 4000A 150PSI Jump Starter with Air Compressor, Jump Starter Battery Pack (Up to 7.0L Gas/5.0L Diesel), with Large Display, 3 Modes Flashlight and Jumper Cable","Scatach","FBA","Automotive",1302284,727636495382,"N/A",0727636495382,"N/A","Batteries & Accessories",10990,39.9,-24,6,6,100,237.16,237.11,"N/A","N/A","Scatach power","China",1,0,"N/A","Large Standard-Size",4.61,5.08,9.46,3.05,111.54,307.7,"01/31/2026",14,7,0,"N/A"
"https://amazon.com/dp/B0CCV5Q2G5","https://m.media-amazon.com/images/I/41Qiz6WYciL._SX450_.jpg","B0CCV5Q2G5","PKPOWER AC Adapter for Goodall JP-12-10000 JP1210000 Start-All Corded Jump Pack Charger","PKPOWER","FBM","Automotive",1303585,"N/A","N/A","N/A","N/A","Batteries & Accessories",11110,23.98,-11,3,3,-110,70.99,70.92,"N/A","N/A","PK-Power","China",1,26,44,"Small Standard-Size",4,2,0.5,0.19,"N/A","N/A","05/31/2025",32,5,0,"N/A"
"https://amazon.com/dp/B0FRSRS1XM","https://m.media-amazon.com/images/I/71MOHCCW45L._SX450_.jpg","B0FRSRS1XM","Leaper 12V Jump Starter, Black, 800A Peak Current, 10000mAh Capacity. Single Pack with Carry case - Green","LEAPER","FBA","Automotive",1308762,"N/A","N/A","N/A","N/A","Batteries & Accessories",11017,69.99,-35,10,3,,719.29,241.27,4,4.7,"Leaper Brand","USA",1,0,"N/A","Large Standard-Size",9.9,6.1,3.8,2.4,115.54,318.72,"02/28/2026",6,4,3,2.57
"https://amazon.com/dp/B0FKLJ79BP","https://m.media-amazon.com/images/I/71SuIREyndL._SX450_.jpg","B0FKLJ79BP","Leaper 12V Jump Starter, Black, 800A Peak Current, 10000mAh Capacity. Single Pack with Carry case - Black","LEAPER","FBA","Automotive",1308786,"N/A","N/A","N/A","N/A","Batteries & Accessories",11017,69.99,-35,10,4,,719.29,248.34,4,4.7,"Leaper Brand","USA",1,0,"N/A","Large Standard-Size",9.9,6.1,3.8,2.4,115.54,318.72,"02/28/2026",6,4,3,2.57
"https://amazon.com/dp/B0B74RXJ4P","https://m.media-amazon.com/images/I/71hJJJVdFuL._SX450_.jpg","B0B74RXJ4P","COSSIFTW 3000A Peak Car Jump Starter for 10L Gas/8L Diesel Engines - Portable 12V Battery Booster with USB Charging & LED Lights for Cars, Trucks, SUVs, Motorcycles, Boats, and Tractors","COSSIFTW","FBA","Automotive",1310495,"N/A","N/A","N/A","N/A","Jump Starters",1364,69.88,-25,5,4,,1201.71,195.55,17,4.4,"COSSIFTW POWER-US","China",1,0,"N/A","Large Standard-Size",8.64,5.11,3.93,2.5,87.36,240.99,"01/31/2026",3,7,2,0.28
"https://amazon.com/dp/B0FBFBD4ZN","https://m.media-amazon.com/images/I/715XixrdEZL._SX450_.jpg","B0FBFBD4ZN","[Upgraded] Jump Starter with Air Compressor, Car Battery Jump Starter (8L Gas/6L Diesel), Jump Box Battery Jumper Starter Portable, 12V Portable Car Jump Starter with 150PSI Tire Inflator, LED Light","Beiguoo","FBA","Automotive",1315879,"N/A","N/A","N/A","N/A","Batteries & Accessories",11065,99.99,-40,4,4,-92,286.42,286.3,30,4.1,"Beigu Store","China",1,0,"N/A","Large Standard-Size",3.19,4.92,8.9,1.94,70.33,194.01,"08/31/2025",10,7,0,0.12
"https://amazon.com/dp/B07ZYJ88T1","https://m.media-amazon.com/images/I/71QHj7sF4IL._SX450_.jpg","B07ZYJ88T1","12V-13.5V 1A AC/DC Adapter for Power On Board Vector 400 450 Amp 400AMP 450A 450AMP Jump Start 1200 Peak System VEC012APM VECO12POB VECO21STC VEC12APCL Jumpstart Air Compressor Power Supply","Kircuit","FBM","Automotive",1319272,"N/A","N/A",5292350339090,"N/A","Batteries & Accessories",11082,10.89,-38,4,4,100,43.38,43.33,10,4,"EPtech","USA",1,57,19,"Large Standard-Size",1.5,3,4,0.25,"N/A","N/A","04/30/2025",77,4,0,0.4
"https://amazon.com/dp/B0DNZKJ765","https://m.media-amazon.com/images/I/71BbPvjoRSL._SX450_.jpg","B0DNZKJ765","COSSIFTW 30000A Professional Emergency Starter - Suitable for Heavy-Duty Lithium Batteries in semi-Trailer Trucks, Diesel Engines up to 30 liters, Commercial Grade. (30000A)","COSSIFTW","FBM","Automotive",1321315,"N/A","N/A","N/A","N/A","Batteries & Accessories",12029,799,-14,5,1,,1201.71,1005.94,17,4.4,"COSSIFTW POWER-US","China",2,0,"N/A","Large bulky",10.3,14.55,17.45,16.2,"N/A","N/A","01/31/2026",14,6,2,0.28
"https://amazon.com/dp/B09TRSJ3PY","https://m.media-amazon.com/images/I/516FFzBMcEL._SX450_.jpg","B09TRSJ3PY","AC in Power Extension Cord Charging Cable Compatible with Stanley FatMax JumpiT PoweriT PP1DCS AiriT PPRH5KL PPRH7DS PPRH5DS PPRH5 DS SEL 12V 500A 500 300 Amp Jump Starter Station Jump Air it","saschedross","FBA","Automotive",1326531,"N/A","N/A",6087932152278,"N/A","Batteries & Accessories",11136,12.48,-14,3,3,-76,35.58,35.47,1,5,"TATMALL","China",2,56,"N/A","Large Standard-Size",1,3,7,0.4,10.57,29.17,"12/31/2025",49,2,0,2.85
"https://amazon.com/dp/B0C74345K6","https://m.media-amazon.com/images/I/61LjnGnjKIL._SX450_.jpg","B0C74345K6","Onerbl 12V AC/DC Adapter Compatible with Power on Board Sport Spot VEC184POB VEC184 POB Rechargeable Spotlight SportSpot 2,000,000 Series Spot Light 120 Volt AC to 12VDC Power Supply Battery Charger","onerbl","FBM","Automotive",1328416,"N/A","N/A",4741640699174,"N/A","Batteries & Accessories",11154,10.89,-25,1,1,,11.29,11.26,"N/A","N/A","GreatComputerParts","China",1,0,"N/A","N/A","N/A","N/A","N/A","N/A","N/A","N/A","11/30/2025",34,4,0,"N/A"
"https://amazon.com/dp/B0C6Q4WB1R","https://m.media-amazon.com/images/I/61KTOFkTl1L._SX450_.jpg","B0C6Q4WB1R","ANTOBLE Charger Compatible with Halo Bolt 58830 Power Cord 44400 57720 1201 ACDC Air Compact Wireless Car Power Supply Jump Starter Cable Charger Cord Replacement Part","ANTOBLE","FBA","Automotive",1334101,"N/A","N/A","N/A","N/A","Jump Starters",1413,11.99,-17,2,2,-88,27.1,26.96,32,4.6,"Etotal Global US","China",1,44,-43,"Large Standard-Size",1.65,2.6,3.94,0.22,8.51,23.48,"12/31/2024",34,6,0,0.07
"https://amazon.com/dp/B086WKK2H2","https://m.media-amazon.com/images/I/71DrdAq0WbL._SX450_.jpg","B086WKK2H2","AC/DC Adapter for Cobra CPP 7500 JumPack Portable Jump Starter Power Supply Charger Cord Cable, 5 Feet, with LED Indicator","POWE-Tech","FBM","Automotive",1334107,757926741677,"N/A",0757926741677,"N/A","Batteries & Accessories",11287,8.22,-35,6,6,67,46.57,46.45,14,4.4,"GreatPowerDirect","China",4,57,-37,"Large Standard-Size",1.3,4.25,4.33,0.18,"N/A","N/A","01/31/2025",82,2,0,0.41
"https://amazon.com/dp/B0F4VNRM6P","https://m.media-amazon.com/images/I/61DFIdGp+dL._SX450_.jpg","B0F4VNRM6P","Novus Start Super Capacitor Jump Starter: No Prep Needed, No Internal Battery, Eco-Friendly & Maintenance-Free Car Accessory, No Need to Pre-Charge, 800 Amp Power, Designed for Any 12V Gas Engine","Novus Start","FBA","Automotive",1337483,198168875087,"N/A",0198168875087,"N/A","Batteries & Accessories",11273,159.98,1,2,2,-14,287.58,287.5,17,4.2,"Novus Start","USA",1,0,"N/A","Large Standard-Size",3.66,5.55,11.14,3.35,113.93,314.29,"05/31/2025",10,9,0,0.1
"https://amazon.com/dp/B0B9HVBRXQ","https://m.media-amazon.com/images/I/61vfTs3YcDL._SX450_.jpg","B0B9HVBRXQ","PowerHOOD Adapter Compatible with Speedway 7226 7253 52036 4-in-1 Emergency Jump Starter 12 Volt Battery Model HB-208B HB208B HB-2088 DC12V 450mA UL Quality Power Supply Charger Cable Cord","PowerHOOD","FBM","Automotive",1342591,"N/A","N/A","N/A","N/A","Batteries & Accessories",11315,19.88,"N/A",0,0,,"-","-","N/A","N/A","PowerHOOD","USA",1,0,"N/A","Large Standard-Size",3,2,1,0.25,"N/A","N/A","-",43,5,0,"N/A"
"https://amazon.com/dp/B00063VGUO","https://m.media-amazon.com/images/I/41Wmr5BV-aL._SX450_.jpg","B00063VGUO","OTC 7666 Decarbonizing Adapter","OTC","Amazon","Automotive",1344977,731413003714,00731413003714,0731413003714,"N/A","Batteries & Accessories",11331,57.08,-39,2,2,-40,101.69,101.64,32,4.3,"Amazon","N/A",6,38,-3,"Large Standard-Size",1.38,3.11,5.98,0.1,"N/A","N/A","06/30/2024",193,1,0,0.08
"https://amazon.com/dp/B0F1LK58TL","https://m.media-amazon.com/images/I/714z2iBAZ+L._SX450_.jpg","B0F1LK58TL","2025 Ozarc 8250A Heavy Duty Portable Jump Starter | USB-C Fast Charging, 3.7"" LED Smart Display, IP65 Waterproof, -40°F Extreme Weather Ready, 10 Advanced Protection Systems, Super LED Light 400 Lumen","Ozarc","FBA","Automotive",1345090,"N/A",00860013383374,"N/A","N/A","Jump Starters",1401,92.99,-16,7,7,200,640.15,639.97,5,5,"Prime Escape","USA",1,0,"N/A","Large Standard-Size",4.76,5.91,10.08,3.31,142.64,393.48,"11/30/2025",12,9,0,1.37
"https://amazon.com/dp/B0BFJVC2RD","https://m.media-amazon.com/images/I/71R3FhIR4QL._SX450_.jpg","B0BFJVC2RD","Halo Bolt ACDC Max with Air Compressor, Car Jump-Starting Portable Power Bank & Phone Laptop Charger with Interchangeable Air Nozzles, Silver Metallic (Halo-Bolt-ACDC-MAX+DC)","HALO","Amazon","Automotive",1346461,840056161085,"N/A",0840056161085,"N/A","Jump Starters",1423,189.99,-20,3,3,-90,480.6,480.49,22,4.6,"Amazon","N/A",1,58,"N/A","Large Standard-Size",3.9,5.71,13.5,4.01,"N/A","N/A","11/30/2024",42,1,6,0.12
"https://amazon.com/dp/B0DXY9GKJV","https://m.media-amazon.com/images/I/61Wk+HnzSFL._SX450_.jpg","B0DXY9GKJV","T POWER Battery Charger for Jump Starter Air Compressor WolfBox 3000A 4000A MegaVolt-24 Megavolt24 Megavolt16 Megavolt 16 air Ac Dc Adapter Class 2 Power Supply Cord","T POWER","FBM","Automotive",1347331,843788104597,"N/A",0843788104597,"N/A","Batteries & Accessories",11298,15.99,-47,3,3,-97,52.6,52.51,4,5,"T-Power USA","USA",1,0,"N/A","N/A","N/A","N/A","N/A","N/A","N/A","N/A","11/30/2025",13,7,0,0.82
"https://amazon.com/dp/B07D4KGJMN","https://m.media-amazon.com/images/I/71MV+NOdzzL._SX450_.jpg","B07D4KGJMN","AC/DC Adapter For Red Fuel SL165 SL1 SL161 SL1316 Schumacher Jump Starter Pilot 10KJS m10kjs Rockford RFD4902 4902 EUSA+15150-1000 DBPOWER DJS10 DJS20 Battery Charger(w/Barrel)","EPtech","FBA","Automotive",1349189,"N/A","N/A","N/A","N/A","Jump Starters",1426,16.28,-25,3,3,,51.43,51.34,108,4.4,"LGM  DYstore","China",2,57,-24,"Large Standard-Size",2.4,2.9,4.1,0.35,14.37,39.63,"09/30/2025",94,4,0,0.03
"https://amazon.com/dp/B0BFJMP3RW","https://m.media-amazon.com/images/I/713cYUsUkdL._SX450_.jpg","B0BFJMP3RW","Schumacher Electric Wheeled Automatic 6A Car Battery Charger and 225A Engine Starter, 4-in-1 Solution for 6V/12V Batteries, Maintainer, 40A Boost, for Automotive and Marine Batteries, SC1632","Schumacher Electric","Amazon","Automotive",1350343,026666816328,"N/A",0026666816328,"N/A","Jump Starters",1430,209.73,-12,1,1,-31,305.49,305.45,52,3.7,"Amazon","N/A",1,70,-65,"Large bulky",12.6,12.6,24,33.7,"N/A","N/A","11/30/2024",42,7,0,0.03
"https://amazon.com/dp/B09FK6KTXD","https://m.media-amazon.com/images/I/31UE8SX03rS._SX450_.jpg","B09FK6KTXD","BestCH AC Adapter for EverStart Maxx Heavy Duty Jump Starter Model HP450-6 HP4506 Ever Start Max x HeavyDuty JumpStarter with rechargebale DC Power Supply 12volt Advanced Battery Power Supply","BestCH","FBM","Automotive",1354994,"N/A","N/A",5747432076238,"N/A","Batteries & Accessories",11341,5.14,-29,3,3,,13.39,13.28,1,5,"Best Charger","China",1,8,-47,"N/A","N/A","N/A","N/A","N/A","N/A","N/A","01/31/2025",55,7,0,2.97
"https://amazon.com/dp/B0BNP9QTFK","https://m.media-amazon.com/images/I/6147Px3CjAL._SX450_.jpg","B0BNP9QTFK","J-ZMQER AC to DC Charger Adapter Compatible with J45TKE EverStart Maxx CAR Jump Starter 120psI 1200 amp","J-ZMQER","FBM","Automotive",1357350,"N/A","N/A","N/A","N/A","Batteries & Accessories",11421,9.99,-11,1,1,,11.42,11.38,1,5,"J-ZMQER","China",1,3,50,"N/A","N/A","N/A","N/A","N/A","N/A","N/A","02/28/2025",40,5,0,1.15
"https://amazon.com/dp/B0DZ2L4L9F","https://m.media-amazon.com/images/I/61rAMNxDTWL._SX450_.jpg","B0DZ2L4L9F","JJFX 12V Car Jump Starter Adapter Fit for Fit for Dewalt 20V MAX Battery Li-ion, with 11 AWG Cable Clamp Kit, Jump Starting Adapter Fit for Up to 3.5L Engine (Battery Not Included)","JJFX","FBA","Automotive",1361660,707154993331,"N/A",0707154993331,"N/A","Batteries & Accessories",11383,31.99,-3,1,1,-100,16.45,16.42,9,4,"JJFX","China",1,0,"N/A","Large Standard-Size",3.5,3.58,5.31,0.75,33.5,92.41,"05/31/2025",10,9,0,0.06
"https://amazon.com/dp/B07W5Y4S34","https://m.media-amazon.com/images/I/61PjNdMgaOL._SX450_.jpg","B07W5Y4S34","Mpkke AC Adapter for Cobra CPP 8000 JumPack Portable Jump Starter Battery Charger Cord","MPKKE","FBM","Automotive",1366555,"N/A","N/A",5311601430062,"N/A","Batteries & Accessories",11408,7.79,-8,0,0,-150,"-","-",1,5,"GreatComputerParts","China",2,7,"N/A","N/A","N/A","N/A","N/A","N/A","N/A","N/A","02/28/2025",79,3,0,0
"https://amazon.com/dp/B09TRRHJR8","https://m.media-amazon.com/images/I/51Nh6-rn5FL._SX450_.jpg","B09TRRHJR8","Car DC Adapter Compatible with Solar Booster PAC ES5000 Truck ES6000 ES6000KE 12V Power Supply 1500 1600 3000 Peak Amp 1500A 3000A Jump Starter ES Battery TCB ESP5500 ESA217 ESA218 RV Charger","saschedross","FBM","Automotive",1374480,"N/A","N/A",6087932134922,"N/A","Batteries & Accessories",11548,10.38,-36,3,3,5,25.84,25.74,8,3.6,"TATMALL","China",1,68,48,"N/A","N/A","N/A","N/A","N/A","N/A","N/A","07/31/2024",49,1,0,0.31
"https://amazon.com/dp/B0F2T7JV46","https://m.media-amazon.com/images/I/71wLcb9BRqL._SX450_.jpg","B0F2T7JV46","6250A Portable Car Jump Starter with Smart LCD Jumper Cables (Up to 8.5L Gas, 6.0L Diesel), 12V Battery Booster Jump Box with 48-Month Standby, 0V Force Start, 18W USB-C Fast Charge 88.8Wh Power Bank","ATGFOX","FBA","Automotive",1374647,"N/A","N/A","N/A","N/A","Jump Starters",1432,79.99,-26,4,4,-84,325.27,325.13,29,4.5,"ATGFOX","China",1,0,"N/A","Large Standard-Size",4.02,4.69,8.62,2.07,81.82,225.72,"08/31/2025",10,9,0,0.14
"https://amazon.com/dp/B0FX4KMW67","https://m.media-amazon.com/images/I/71Ta3QDXscL._SX450_.jpg","B0FX4KMW67","Inorising Portable Car Jump Starter,Car Battery Jump Starter 12V Jump Box with LED Light,for Up to 8.0L Gas and 7.0L Diesel Engines","Inorising","FBA","Automotive",1382965,607608728338,"N/A",0607608728338,"N/A","Batteries & Accessories",11514,39.99,-5,17,12,,692.15,480.79,15,4.3,"YEXIAOJI","China",1,0,"N/A","Large Standard-Size",3.82,7.95,9.53,1.91,145.71,401.97,"02/28/2026",2,7,3,16.53
"https://amazon.com/dp/B0FX4JQ242","https://m.media-amazon.com/images/I/71Ta3QDXscL._SX450_.jpg","B0FX4JQ242","Inorising Jump Starter,Car Jumper Starter Portable,12V Jump Box Car Battery Jumper Starter for up to 8.0L Gas and 6.5L Diesel Engines","Inorising","FBA","Automotive",1382965,607608728345,"N/A",0607608728345,"N/A","Batteries & Accessories",11514,46.99,389,17,5,,692.15,211.24,1,5,"YEXIAOJI","China",1,0,"N/A","Large Standard-Size",2.52,5.16,9.02,1.98,59.05,162.9,"02/28/2026",1,7,3,16.53
"https://amazon.com/dp/B077NW8WB5","https://m.media-amazon.com/images/I/61MM5JQa7QL._SX450_.jpg","B077NW8WB5","T-Power AC Adapter for 12V~ Black & Decker VEC010BD VECO10BD SLH100P HSK012HD 300A Start It Jump Starter Husky Vector B&D VEC010B0 AP-12220EV VEC0123POB VEC017 BB7B ONLY Power Ac Dc Adapter Charger","T POWER","FBM","Automotive",1385723,842627146002,"N/A",0842627146002,"N/A","Jump Starters",1461,9.99,3,3,3,50,29.58,29.51,67,4,"T-Power USA","USA",1,23,44,"Large Standard-Size",1.81,5.75,7.36,0.3,"N/A","N/A","01/31/2026",100,4,0,0.04
"https://amazon.com/dp/B01F1LOTDQ","https://m.media-amazon.com/images/I/6195zLvXOuL._SX450_.jpg","B01F1LOTDQ","UpBright 2-Prong AC in Power Charging Cord Charger Cable Compatible with Chicago Electric 38391 12 Volt Jump-Start Jump Starter Harbor Freight Tools 39954 40615 1200 650 Amp Peak 3 in 1 Air Compressor","UPBRIGHT","FBM","Automotive",1385756,669230376134,"N/A",0669230376134,"N/A","Batteries & Accessories",11625,7.29,45,1,1,-67,7.57,7.54,24,4.1,"Metasources","USA",1,3,-93,"Large Standard-Size",5,3,1,0.31,"N/A","N/A","01/31/2025",119,5,0,0.04
"https://amazon.com/dp/B0BHBYC19K","https://m.media-amazon.com/images/I/71SyHdXzxRL._SX450_.jpg","B0BHBYC19K","AJC Battery Compatible with Jump N Carry JNC1224 3400 Peak Amp 12 12V 22Ah Jump Starter Battery","AJC","FBM","Automotive",1388540,688624466237,"N/A",0688624466237,"N/A","Batteries & Accessories",11646,69.99,-29,4,4,-4,267.72,267.63,2,4.6,"BuyClerk","USA",1,79,34,"Large Standard-Size",7.09,3.03,6.57,13.7,"N/A","N/A","11/30/2024",42,5,0,1.91
"https://amazon.com/dp/B0FJ233H93","https://m.media-amazon.com/images/I/61xxpDo+MXL._SX450_.jpg","B0FJ233H93","Xinriga Jump Starter for 20V 60V Batteries Jumper Cables 11AWG 1.2FT Automotive Booster Cable for Jump Starting Car Using Tool Battery (Battery not Included)","Xinriga","FBA","Automotive",1394089,"N/A","N/A","N/A","N/A","Batteries & Accessories",11553,29.98,62,1,1,-67,36.15,36.09,5,2.7,"Xinriga","China",1,0,"N/A","Large Standard-Size",3.5,3.7,5.31,0.77,34.62,95.51,"08/31/2025",8,7,0,0.24
"https://amazon.com/dp/B08MZK4688","https://m.media-amazon.com/images/I/717mhp9vgYL._SX450_.jpg","B08MZK4688","AC Adapter for Halo Bolt 55500 Portable Charger & Car Jump Starter auto Battery Jump Start DC Power Supply Cord Cable, 5 Feet, with LED Indicator, Compatible Replacement","GUY-TECH","FBM","Automotive",1396083,757926768438,"N/A",0757926768438,"N/A","Batteries & Accessories",11682,8.99,-43,4,4,200,35.15,35.02,8,3.6,"GuyPower","China",2,14,27,"N/A","N/A","N/A","N/A","N/A","N/A","N/A","02/28/2026",80,2,0,0.47
"https://amazon.com/dp/B01F112LHC","https://m.media-amazon.com/images/I/71qEmAgGXfL._SX450_.jpg","B01F112LHC","Weego SAE 12V Adapter, 12V/10A, Fits 5mm Barrel Jack Output (JSSAE)","Weego","FBA","Automotive",1396171,826713896767,00090146110053,0826713896767,"N/A","Jump Starters",1466,5.99,-37,5,5,,29.86,29.69,11,3.3,"ESB Electronic Warehouse","USA",3,14,"N/A","Small Standard-Size",7,5,0.5,0.02,8.81,24.31,"02/28/2026",119,8,0,0.45
"https://amazon.com/dp/B07JGHFB2N","https://m.media-amazon.com/images/I/41PaokXQESL._SX450_.jpg","B07JGHFB2N","T POWER Charging Cable for NOCO Boost X GBX45 GBX55 GBX75 GBX155 Genius Boost Sport GB20 GB30 GB40 GB70 Battery Jump Starter Dc Ac Adapter Power Cable Cord","T POWER","FBM","Automotive",1398513,843788100315,"N/A",0843788100315,"N/A","Batteries & Accessories",11705,8.99,-15,2,2,-46,14.73,14.62,9,3.5,"T-Power USA","USA",1,45,-47,"N/A","N/A","N/A","N/A","N/A","N/A","N/A","06/30/2024",89,7,0,0.18
"https://amazon.com/dp/B08GSS49F8","https://m.media-amazon.com/images/I/713AKrwf0OL._SX450_.jpg","B08GSS49F8","Charger AC Adapter for 2412 Wagan 900 Amp Portable Battery Jumper Jump Starter Car Auto Jump Start Wall DC Power Supply Charger Cord Cable Replacement, 5 Feet, with LED Indicator","GUY-TECH","FBM","Automotive",1401917,757926846969,"N/A",0757926846969,"N/A","Batteries & Accessories",11602,8.99,46,4,4,,32.62,32.41,27,3.8,"GuyPower","China",2,29,-52,"Large Standard-Size",1.02,4,6,1.05,"N/A","N/A","06/30/2024",80,2,0,0.14
"https://amazon.com/dp/B0B2WTHS4F","https://m.media-amazon.com/images/I/51oaaeylwaL._SX450_.jpg","B0B2WTHS4F","UpBright Car DC Adapter Compatible with Vtoman Jump 1000 1500 Portable Power Station 1000W/1408Wh 1500W/1548Wh Jump Starter LiFePO4 Battery Power Generator Auto Vehicle Power Supply Cord Charger","UPBRIGHT","FBM","Automotive",1407119,"N/A","N/A","N/A","N/A","Batteries & Accessories",11750,22.99,137,0,0,,"-","-","N/A","N/A","Metasources","USA",1,1,-98,"Large Standard-Size",6,3,1,0.19,"N/A","N/A","01/31/2025",46,4,0,"N/A"
"https://amazon.com/dp/B09TRT5PQB","https://m.media-amazon.com/images/I/516FFzBMcEL._SX450_.jpg","B09TRT5PQB","AC Power Cord Charging Cable Compatible with Schumacher SJ1328 1100 SJ1289 1200 SJ1330 1000 SJ1331 800 SJ1332 1200 Amp Jump Starter Portable XP2260-CA ProSeries 1800 2200 3600 Peak Amps Pro","saschedross","FBM","Automotive",1415265,"N/A","N/A",6087932152308,"N/A","Batteries & Accessories",11704,9.38,-20,4,4,-13,34.01,33.94,7,4.8,"TATMALL","China",1,48,-33,"N/A","N/A","N/A","N/A","N/A","N/A","N/A","12/31/2024",49,2,0,0.52
"https://amazon.com/dp/B078RFTBNN","https://m.media-amazon.com/images/I/51TpqvUkSuS._SX450_.jpg","B078RFTBNN","UPBRIGHT Micro USB 5V 2A DC Charging Cable Charger Power Cord Compatible with RedFuel Powered Schumacher Jump Starter SL161 SL 161 SL1314 SL1312 SL1317 SL1338 Battery Pack 5VDC 2.0A I/P 2.1A O/P Port","UPBRIGHT","FBM","Automotive",1417545,"N/A","N/A","N/A","N/A","Jump Starters",1462,7.29,"N/A",2,2,,16.63,16.55,27,3.8,"Metasources","USA",1,15,-94,"Small Standard-Size",0.67,5.08,6.74,0.06,"N/A","N/A","11/30/2024",123,4,0,0.08
"https://amazon.com/dp/B09MD7WJ8X","https://m.media-amazon.com/images/I/61qnioHEXGL._SX450_.jpg","B09MD7WJ8X","14V Charger Fit for Halo Bolt 58830 57720 44400 Car Jump Starter ACDC Compact Wireless 1201 Replacement AC Adapter Power Cord Supply","Dexpt","FBA","Automotive",1419277,"N/A","N/A","N/A","N/A","Jump Starters",1464,11.99,-13,2,2,-69,30.13,30.04,208,4.6,"DEXPT PTE. LTD.","Singapore",2,63,-22,"Large Standard-Size",1.81,2.68,4.61,0.19,11.24,31.02,"12/31/2025",53,7,0,0.01
"https://amazon.com/dp/B0D2D9TG2N","https://m.media-amazon.com/images/I/6188EI4YsaL._SX450_.jpg","B0D2D9TG2N","Jump Starter with Air Inflator/Deflator Compressor, 20PSI Air Pump, 150PSI Air Compressor for Car Tires, Car Battery Jump Starter (All Gas/16L Diesel), 26800mAh Battery Jumper Starter, LED Light","YUSMAN","FBA","Automotive",1420775,"N/A","N/A","N/A","N/A","Jump Starters",1466,89.99,"N/A",0,0,,"-","-",16,4.4,"YUSMAN STORE","China",1,139,"N/A","Large bulky",9.02,9.45,16.5,8.25,455.79,1139.48,"07/31/2024",20,7,0,0
"https://amazon.com/dp/B0D87BMVQM","https://m.media-amazon.com/images/I/61wUh4+6IzL._SX450_.jpg","B0D87BMVQM","Haisito Jump Starter","Haisito","FBA","Automotive",1421788,"N/A","N/A","N/A","N/A","Batteries & Accessories",11761,29.99,-8,0,0,-83,"-","-",13,3.2,"Lehuichen","China",1,190,"N/A","Large Standard-Size",2.87,8.03,8.5,1.81,98.63,272.07,"09/30/2025",20,1,0,0
"https://amazon.com/dp/B09TRYHTSD","https://m.media-amazon.com/images/I/516FFzBMcEL._SX450_.jpg","B09TRYHTSD","AC Power in Charging Cord Charger Cable Compatible with CAT CJ1000DXT CJ1000DCP CJ1000CP 1418644 1509959 1000 Peak Amp Jump Starter 1200A 1000A Station CJ1000DCPUK CJ3000 2000 A 2000A Battery","saschedross","FBM","Automotive",1426420,"N/A","N/A",6087932152247,"N/A","Batteries & Accessories",11883,10.49,-34,3,3,140,36.02,35.91,9,4.8,"TATMALL","China",1,61,-45,"N/A","N/A","N/A","N/A","N/A","N/A","N/A","04/30/2025",49,2,0,0.38
"https://amazon.com/dp/B0DVNLLPV1","https://m.media-amazon.com/images/I/61UZEZKvGxL._SX450_.jpg","B0DVNLLPV1","PowerLine Car Battery Jump Starter with Air Compressor - 4-in-1 Pump & Jump 1200A Car Battery Jumper with Tire Inflator, 3 USB Charging Ports & LED Light - Up to 5.2L Gas & 3.5L Diesel Trucks, 120 PSI","PowerLine","FBA","Automotive",1426548,027005919007,"N/A",0027005919007,"N/A","Batteries & Accessories",11891,61.07,"N/A",0,0,-150,"-","-",8,4.5,"PowerLine Products","USA",1,137,"N/A","Large Standard-Size",4.41,5.16,8.86,2.93,101.51,280.02,"06/30/2025",14,7,0,0
"https://amazon.com/dp/B09FK713WW","https://m.media-amazon.com/images/I/31UE8SX03rS._SX450_.jpg","B09FK713WW","BestCH AC Adapter for Vector VECO10S VECO105 VEC0105 Start It Compact Elite Jump Starter Instant Starting Power 12 Volt DC Power Supply Cord Battery Charger Mains PSU (5FT Cable)","BestCH","FBM","Automotive",1430407,"N/A","N/A",5747432075101,"N/A","Batteries & Accessories",11810,4.03,-24,2,2,,9.9,9.85,"N/A","N/A","Best Charger","China",3,8,"N/A","N/A","N/A","N/A","N/A","N/A","N/A","N/A","01/31/2025",55,7,0,"N/A"
"https://amazon.com/dp/B0B1528VK3","https://m.media-amazon.com/images/I/61LjnGnjKIL._SX450_.jpg","B0B1528VK3","AC Adapter for Vector Start-it 400 Amp Jump-Start Cordless Rechargeable Charger","onerbl","FBM","Automotive",1434183,"N/A","N/A",4741640296021,"N/A","Batteries & Accessories",11938,9.89,-7,0,0,-117,"-","-",1,1,"GreatComputerParts","China",1,9,"N/A","N/A","N/A","N/A","N/A","N/A","N/A","N/A","11/30/2025",46,4,0,0.12
"https://amazon.com/dp/B08H1V5K8C","https://m.media-amazon.com/images/I/71nfjSmZHXL._SX450_.jpg","B08H1V5K8C","AC Adapter Charger for Vector VEC013 400 Amp Jump-Starter Car Auto Battery Jump Start Power Supply DC Cord Cable, 5 Feet, with LED Indicator, Compatible Replacement","GUY-TECH","FBM","Automotive",1437418,757926746542,"N/A",0757926746542,"N/A","Batteries & Accessories",11956,8.99,-24,1,1,-117,5.39,5.38,28,3.2,"GreatPowerDirect","China",2,72,-46,"Large Standard-Size",1.97,4.57,7.17,0.22,"N/A","N/A","04/30/2024",88,2,0,0.02
"https://amazon.com/dp/B0F53Y69ZH","https://m.media-amazon.com/images/I/71hoEbfTGNL._SX450_.jpg","B0F53Y69ZH","Geeneu Battery Jumper Starter Portable 6000A Car Jump Starter, 12V Jump Box for Car Battery Charger Power Pack for 8.5L Gas/7L Diesel, QC 18W, Large Screen,150W DC, Lights","Geeneu","FBA","Automotive",1437927,"N/A","N/A","N/A","N/A","Jump Starters",1482,54.99,-22,3,7,,152.44,401.7,119,4.4,"Geeneu","China",1,0,"N/A","Large Standard-Size",4.41,5.67,9.37,2.27,117.96,325.41,"02/28/2026",8,7,0,0.02
"https://amazon.com/dp/B0DJP5NG3K","https://m.media-amazon.com/images/I/61khcxTiAKL._SX450_.jpg","B0DJP5NG3K","Charger Replacement for Halo ACDC Bolt 58830 Portable Car Jump Starter, 14 Volt Power Adapter Charging Cord 6.6 FT","PDEEY","FBA","Automotive",1445779,"N/A","N/A","N/A","N/A","Batteries & Accessories",11901,11.39,-17,3,3,-67,30.84,30.73,7,4.2,"PDEEY","China",1,111,"N/A","Large Standard-Size",1.69,2.6,3.7,0.2,8.19,22.58,"02/28/2025",17,3,0,0.38
"https://amazon.com/dp/B0FL2T3F3X","https://m.media-amazon.com/images/I/612rgJJupPL._SX450_.jpg","B0FL2T3F3X","Sarusd 4000A Battery Jumper Starter Portable with Force Start, 12V Car Jump Starter with PD 18W Jump Box for All Gas & Up to 10L Diesel Engines Jump Pack with Booster, Jumper Cables & LED Ligh","Sarusd","FBA","Automotive",1445976,"N/A","N/A","N/A","N/A","Batteries & Accessories",11900,79.99,-15,4,1,33,236.39,78.44,18,4.5,"Sarusd Direct","N/A",1,0,"N/A","Large Standard-Size",2.83,6.85,8.7,1.83,84.91,234.24,"11/30/2025",4,9,3,0.2
"https://amazon.com/dp/B0FL14W54V","https://m.media-amazon.com/images/I/612rgJJupPL._SX450_.jpg","B0FL14W54V","Sarusd Car Jump Starter 4000A Car Battery Booster Jump Starter Up to 7L Gas/5.5L Diesel 12V Auto Battery Pack Portable Jump Starter Box with Jumper Cables, IP67 Waterproof, USB Cable & LED Light (U8)","Sarusd","FBA","Automotive",1446046,"N/A","N/A","N/A","N/A","Batteries & Accessories",11902,59.99,-10,4,3,33,236.39,157.8,18,4.5,"Sarusd Direct","N/A",1,0,"N/A","Large Standard-Size",2.72,6.85,8.66,1.87,81.24,224.1,"11/30/2025",7,9,3,0.2
"https://amazon.com/dp/B09TRTKL9T","https://m.media-amazon.com/images/I/516FFzBMcEL._SX450_.jpg","B09TRTKL9T","AC Charging Cable Charge Cord Compatible with Duracell Powerpack Pro 1100 1300 600 DR600PWR DRJS30C 900 Amp Jump Starter Peak PKCOAZ PKCOJ7 PKC0J7 750 PKCOJ6 PKCOP6 PKC0P6 LCA 12V Power Pack","saschedross","FBM","Automotive",1455856,"N/A","N/A",6087932152216,"N/A","Batteries & Accessories",12078,13.38,-6,3,3,-29,34.74,34.66,4,5,"TATMALL","China",1,45,-22,"N/A","N/A","N/A","N/A","N/A","N/A","N/A","12/31/2024",49,2,0,0.66
"https://amazon.com/dp/B0DT4X1ZCG","https://m.media-amazon.com/images/I/61W0XuHC5fL._SX450_.jpg","B0DT4X1ZCG","AW401 Jump Starter with Pressure Washer Air Compressor 2500Amp PD 60W Two-Way for Up to 8.5L Gas / 6.5L Diesel Engines","Takao","FBM","Automotive",1459259,808228826088,"N/A",0808228826088,"N/A","Batteries & Accessories",12088,209.99,-17,4,4,15,790.11,789.99,"N/A","N/A","BoostProjects","USA",1,0,"N/A","N/A",7,7,11,"N/A","N/A","N/A","10/31/2025",14,9,0,"N/A"
"https://amazon.com/dp/B0B57Z75WF","https://m.media-amazon.com/images/I/619nTFhN99L._SX450_.jpg","B0B57Z75WF","UpBright USB Type-C AC/DC Adapter Compatible with Gooloo GT3000 GT4000 GT4000S 100W Jump Starter Power Bank 3000A 3000 Amp 4000A 4000 Amp Peak Car Starter PD100W Power Supply Battery Charger Mains PSU","UPBRIGHT","FBM","Automotive",1466721,"N/A","N/A","N/A","N/A","Batteries & Accessories",12137,9.75,"N/A",0,0,,"-","-",13,3.6,"Metasources","USA",1,5,-98,"Large Standard-Size",1.18,3.98,4.33,0.18,"N/A","N/A","11/30/2024",45,6,0,0
"https://amazon.com/dp/B08XQHG8T7","https://m.media-amazon.com/images/I/51QRXL4XaHL._SX450_.jpg","B08XQHG8T7","12V DC Charger Adapter for BP-DL700 DURALAST 700 AMP Peak Battery Jump Starter","KONKIN BOO","FBM","Automotive",1468408,"N/A","N/A",8747482781905,"N/A","Batteries & Accessories",12152,8.09,-21,1,1,,8.09,8.05,2,3,"AprilMall","China",1,1,-83,"N/A","N/A","N/A","N/A","N/A","N/A","N/A","01/31/2025",61,3,0,0.5
"https://amazon.com/dp/B08S3QBHXJ","https://m.media-amazon.com/images/I/71FjPD7xb+L._SX450_.jpg","B08S3QBHXJ","FITE ON UL Listed Wall Battery Charger Power for Booster Pac Es580 750 Amp Lithium Jump Starter","FITE ON","FBM","Automotive",1468809,"N/A","N/A",8747477669799,"N/A","Batteries & Accessories",12156,18.39,-40,0,0,,"-","-","N/A","N/A","FITE ON","China",1,0,"N/A","N/A","N/A","N/A","N/A","N/A","N/A","N/A","-",63,6,0,"N/A"
"https://amazon.com/dp/B0FY61CHXT","https://m.media-amazon.com/images/I/618HGHbG8ML._SX450_.jpg","B0FY61CHXT","AFERIY 27500mAh Industry's First Sodium Ions Jump Starter，2000 A Car Battery Jump Starter with PD 60W Fast Charge，12V Sodium Jump Box with USB Ports, LCD Display and 3 Modes Flashlight","AFERIY","FBM","Automotive",1472232,"N/A","N/A","N/A","N/A","Batteries & Accessories",12085,139.99,38,3,3,-84,279.92,279.77,5,4.7,"AFERIY","China",1,0,"N/A","N/A","N/A","N/A","N/A","N/A","N/A","N/A","11/30/2025",5,9,0,0.52
"https://amazon.com/dp/B0FL6ZJMDK","https://m.media-amazon.com/images/I/71++WWkzj8L._SX450_.jpg","B0FL6ZJMDK","Car Battery Jump Starter with Air Compressor 5000A 150PSI, Car Jumper Starter Portable (All Gas/10L Diesel), Jump Box Car Battery with Auto-Shutoff Tire Inflator, Jumper Cables and Light","Hexnova","FBA","Automotive",1473508,743352953685,"N/A",0743352953685,"N/A","Batteries & Accessories",12094,69.99,-10,5,5,-10,319.48,319.33,8,4.7,"Hexnova","China",1,0,"N/A","Large Standard-Size",4.37,6.14,9.65,3.42,130.36,359.62,"09/30/2025",5,7,0,0.57
"https://amazon.com/dp/B0BXB9HL9K","https://m.media-amazon.com/images/I/61+gSN1j9YL._SX450_.jpg","B0BXB9HL9K","Guy-Tech AC/DC Adapter Compatible with Everstart 300 Amp 300A Jump Starter Battery Jumper Ever StarSupply Cord Cable PS Wall Home Battery Charger","GUY-TECH","FBM","Automotive",1479298,"N/A","N/A","N/A","N/A","Batteries & Accessories",12129,9.99,80,0,0,-125,"-","-",4,4.7,"Feumotu","N/A",3,5,"N/A","N/A","N/A","N/A","N/A","N/A","N/A","N/A","09/30/2024",37,5,0,0
"https://amazon.com/dp/B08MPT8H3Q","https://m.media-amazon.com/images/I/717mhp9vgYL._SX450_.jpg","B08MPT8H3Q","Charger Adapter for J45TKE EverStart Maxx CAR Jump Starter 120psI 1200 amp car auto Battery Jump Start DC Power Supply Charger Cord Cable, 5 Feet, with LED Indicator, Compatible Replacement","GUY-TECH","FBM","Automotive",1479840,757926754967,"N/A",0757926754967,"N/A","Jump Starters",1510,11.99,-15,0,0,-79,"-","-",16,4.9,"GuyPower","China",2,58,-66,"N/A","N/A","N/A","N/A","N/A","N/A","N/A","12/31/2024",80,4,0,0.01
"https://amazon.com/dp/B0B7C79FRX","https://m.media-amazon.com/images/I/51poOIKd2HL._SX450_.jpg","B0B7C79FRX","Ddkxndb Fast DC CAR Charger Adapter for Jump N Carry JNC660 JNC770 Jump Starter Power","Ddkxndb","FBM","Automotive",1481799,"N/A","N/A","N/A","N/A","Batteries & Accessories",12203,10.85,-6,2,2,-44,19.47,19.42,"N/A","N/A","ntnywelcome","China",1,0,"N/A","N/A","N/A","N/A","N/A","N/A","N/A","N/A","12/31/2025",44,4,0,"N/A"
"https://amazon.com/dp/B08M68CTNV","https://m.media-amazon.com/images/I/51Qq+4yWx9L._SX450_.jpg","B08M68CTNV","Acxico 1Pcs Jump Start Electric Engine Easy Starter Drill Bit Adapter for Troy-Bilt C","Acxico","FBA","Automotive",1484116,682559872552,"N/A",0682559872552,"N/A","Jump Starters",1518,9.99,-6,1,1,200,10.35,10.29,172,3,"ZhongTao(品牌已备案,跟卖必投诉封店,绝不和解)","China",1,44,-82,"Small Standard-Size",0.55,2.99,4.72,0.13,3.91,10.78,"03/31/2024",65,5,0,0.01
"https://amazon.com/dp/B07Q36DNH6","https://m.media-amazon.com/images/I/51R5bpv9QGL._SX450_.jpg","B07Q36DNH6","POWE-Tech AC Adapter Charger for RED 2001 Mobile Power Instant Boost 400 6-1 Jump Starter, 5 Feet, with LED Indicator","POWE-Tech","FBM","Automotive",1487884,639196558493,"N/A",0639196558493,"N/A","Batteries & Accessories",12236,9.95,-17,2,2,-50,14.94,14.87,14,3.8,"GreatComputerParts","China",2,29,-42,"Large Standard-Size",4,2,2,0.31,"N/A","N/A","03/31/2024",84,2,0,0.11
"https://amazon.com/dp/B09T75WTK4","https://m.media-amazon.com/images/I/51zwt7Fkn+L._SX450_.jpg","B09T75WTK4","13.5V AC/DC Adapter Compatible with POTEK JS86 JS86-UL JS87 JS87-UL JS87-VDE JS88 JS88-UL 900 1000 1500 Peak Amps 900A 1000A 1500A Jump Starter 12V 12 Volts Car Power Station Battery Charger","saschedross","FBA","Automotive",1492956,"N/A","N/A",6087932130481,"N/A","Batteries & Accessories",12264,12.74,-5,2,2,-104,26.15,26.05,5,4.6,"TATMALL","China",3,68,"N/A","Large Standard-Size",1.5,3,4,0.25,9.06,25,"10/31/2025",49,4,0,0.41
"https://amazon.com/dp/B097N8S247","https://m.media-amazon.com/images/I/51dYIuGnBlS._SX450_.jpg","B097N8S247","Bright Way Replacement Battery for Diehard 1150 12V 18Ah NB Jump Starter","Bright Way Group","FBM","Automotive",1493911,"N/A","N/A","N/A","N/A","Batteries & Accessories",12212,38.99,-24,1,1,-25,50.38,50.34,"N/A","N/A","Batterysharks","USA",1,3,"N/A","N/A","N/A","N/A","N/A","N/A","N/A","N/A","01/31/2025",57,1,0,"N/A"
"https://amazon.com/dp/B0DB69DRZX","https://m.media-amazon.com/images/I/51FTz0FDUtL._SX450_.jpg","B0DB69DRZX","PhaetonBin 3000A Jump Starter for 7.0L Gas/3.5L Diesel Engine, 12V Car Battery Charger Portable with Jumper Cables,LED Display, LED Light, Power Bank with USB, Type C Port","PhaetonBin","FBA","Automotive",1495689,"N/A","N/A","N/A","N/A","Batteries & Accessories",12237,29.99,-36,5,5,,138.51,138.39,5,3.5,"Longyan Xinluo District Huipengbin Trading Co.,Ltd","China",1,28,"N/A","Large Standard-Size",8.3,4.7,2.8,1.4,54.99,151.71,"10/31/2025",18,9,0,1.53
"https://amazon.com/dp/B08G4RWQF9","https://m.media-amazon.com/images/I/61mlwCSmOoL._SX450_.jpg","B08G4RWQF9","PwrON 15V Ac Adapter Compatible with for Car Jump Starter 450A 500A 600A 800A 1000A Peak Car Jump Starter Portable Auto Battery Booster fits for BEATIT iClever DBPOWER Anker GOOLOO Rugged Geek","PwrON","FBA","Automotive",1499206,760207051174,"N/A",0760207051174,"N/A","Jump Starters",1531,10.44,17,1,1,-86,13.42,13.37,29,3.8,"PwrON USA","China",1,15,-38,"Large Standard-Size",2.09,3.43,4.72,0.25,17,46.9,"06/30/2024",67,6,0,0.04
"https://amazon.com/dp/B0DTT1JBKG","https://m.media-amazon.com/images/I/61RBXSHLyBL._SX450_.jpg","B0DTT1JBKG","Car Jump Starter Emergency Assistance Starter for 48 11 1828 48 11 1815 48 11 1840 48 11 1850 48 11 1860 48 11 1890 18V Battery","generic","FBM","Automotive",1499378,"N/A","N/A","N/A","N/A","Batteries & Accessories",12256,21.89,-32,0,0,-100,"-","-","N/A","N/A","tianquanquan","China",1,0,"N/A","Large Standard-Size",4.72,4.72,3.94,0.81,"N/A","N/A","11/30/2025",10,9,0,"N/A"
"https://amazon.com/dp/B0FBGZ2T2R","https://m.media-amazon.com/images/I/61hvsK2CbBL._SX450_.jpg","B0FBGZ2T2R","AugustknowU 50AMP Battery Inverter Connection Wire 2 Pieces of Car Power Cables with For Alligator Clips and Fuse Protection","AugustknowU","FBM","Automotive",1500854,"N/A","N/A","N/A","N/A","Batteries & Accessories",12263,7.49,-42,2,2,-10,17.03,16.93,"N/A","N/A","hibeautystore","China",1,0,"N/A","N/A","N/A","N/A","N/A","N/A","N/A","N/A","11/30/2025",9,9,0,"N/A"
"https://amazon.com/dp/B07J4R32SP","https://m.media-amazon.com/images/I/51zu3zNGAiL._SX450_.jpg","B07J4R32SP","Omilik 6FT AC Adapter Charger Fit for Duralast Gold BP-DLG BPDLG 700 AMP 900 Amp BP-DL900 Peak Jump Starter Battery Jumper, Duracell Powerpack 450 Amp 450A 300 amp Jump Starter Power Supply Cord","Omilik","FBA","Automotive",1503116,795801162438,"N/A",0795801162438,"N/A","Jump Starters",1533,14.99,"N/A",0,0,,"-","-",438,4.3,"CJP-Geek","USA",1,39,-76,"Large Standard-Size",1.65,3.74,5,0.26,15.53,42.85,"05/31/2024",89,7,0,0
"https://amazon.com/dp/B0G7XCFLZ3","https://m.media-amazon.com/images/I/61lS8dvoVcL._SX450_.jpg","B0G7XCFLZ3","4000A Portable Car Jump Starter with 150PSI Tire Inflator, 12V Battery Booster for All Gas/8.0L Diesel Engines","MUJOJAIAM","FBM","Automotive",1507522,741050465097,"N/A",0741050465097,"N/A","Jump Starters",1538,79.99,-79,4,4,,286.16,286.11,"N/A","N/A","Gonavart multi services llc","N/A",1,0,"N/A","N/A","N/A","N/A","N/A","N/A","N/A","N/A","02/28/2026",2,9,0,"N/A"
"https://amazon.com/dp/B091TKDV23","https://m.media-amazon.com/images/I/61tT1GZFo+L._SX450_.jpg","B091TKDV23","Charger AC Adapter for DieHard 1150 Platinum Portable Power Jump Starter Power","KONKIN BOO","FBM","Automotive",1509270,"N/A","N/A",8747487811140,"N/A","Batteries & Accessories",12371,8.09,-22,2,2,-75,17.8,17.68,6,3.9,"AprilMall","China",1,56,143,"N/A","N/A","N/A","N/A","N/A","N/A","N/A","06/30/2025",60,5,0,0.37
"https://amazon.com/dp/B0CPYCGC4N","https://m.media-amazon.com/images/I/51OzdBnwNmL._SX450_.jpg","B0CPYCGC4N","Reset Switch Schumacher SE-12-50 10/30/50 Amp Fast Charge Power Booster Charger","Anchilly","FBM","Automotive",1514280,758226307648,"N/A",0758226307648,"N/A","Batteries & Accessories",12397,21.77,-3,0,0,-100,"-","-",1,1,"Parts-Access Store","China",2,31,"N/A","Large Standard-Size",2,2,1.5,0.05,"N/A","N/A","08/31/2025",33,2,0,0.37
"https://amazon.com/dp/B0FSZ58D2K","https://m.media-amazon.com/images/I/717RB0eSxYL._SX450_.jpg","B0FSZ58D2K","Ibealous Jump Starter with Air Compressor, 3000A Car Battery Booster for 9L Gas/7L Diesel, 150PSI Tire Inflator, 12V Portable Jump Box with LCD Display & LED Light","iBealous","FBA","Automotive",1531187,"N/A","N/A","N/A","N/A","Batteries & Accessories",12523,39.99,-25,2,2,-109,99.12,99.02,3,3,"iBealous US","China",1,0,"N/A","Large Standard-Size",8,5,4,2.2,80.56,222.22,"12/31/2025",3,8,0,0.82
"https://amazon.com/dp/B0BFC7RLNR","https://m.media-amazon.com/images/I/715PaXKTgUL._SX450_.jpg","B0BFC7RLNR","CJP-Geek AC Adapter Charger for RED 2001 Mobile Power Instant Boost 400 6-1 Jump Starter","CJP-Geek","FBM","Automotive",1531594,"N/A","N/A","N/A","N/A","Batteries & Accessories",12527,8.99,-12,1,1,-85,9.8,9.76,4,3.4,"SOLID-NAILED","China",1,24,-29,"N/A","N/A","N/A","N/A","N/A","N/A","N/A","09/30/2024",42,5,0,0.27
"https://amazon.com/dp/B09Z6WSLYK","https://m.media-amazon.com/images/I/51xc3k-HeXL._SX450_.jpg","B09Z6WSLYK","Camco Starter Kit Box for 2021 - Premium","Camco","Amazon","Automotive",1534536,014717478090,"N/A",0014717478090,"N/A","Batteries & Accessories",12437,61.68,-11,4,4,114,252.16,252.05,"N/A","N/A","Amazon","N/A",29,31,417,"Large bulky",8.4,11.4,18.8,8.2,"N/A","N/A","02/28/2026",46,2,0,"N/A"
"https://amazon.com/dp/B084L4LBS2","https://m.media-amazon.com/images/I/81l28JmZW1L._SX450_.jpg","B084L4LBS2","Rezervo Batteryless Jump Starter - Jumpstarts Vehicles Using Ultracapacitor Technology for Cars, Trucks, Boats, RVs, ATVs, and Other Gas Engines (RZ-550 (550A))","REZERVO","FBM","Automotive",1535096,767870180057,"N/A",0767870180057,"N/A","Jump Starters",1539,139.99,-20,4,4,-22,542.93,542.77,38,4,"Tool Guy Republic","USA",1,39,-53,"Large Standard-Size",4,6.6,9.6,3.95,"N/A","N/A","12/31/2024",73,5,3,0.1
"https://amazon.com/dp/B09TRSLXTY","https://m.media-amazon.com/images/I/516FFzBMcEL._SX450_.jpg","B09TRSLXTY","2-Prong AC in Power Charging Cord Charger Cable Plug Compatible with Duralast DL-800 800 Peak Amp Car Jump Starter + Portable Power DL800 800A Amps Instant Power 12 Volt Batteries 12V Supply","saschedross","FBM","Automotive",1541159,"N/A","N/A",6087932152339,"N/A","Batteries & Accessories",12477,10.38,-24,2,2,-89,19.2,19.16,1,3,"TATMALL","China",1,22,"N/A","N/A","N/A","N/A","N/A","N/A","N/A","N/A","06/30/2024",49,2,0,1.85
"https://amazon.com/dp/B0D77R5HH3","https://m.media-amazon.com/images/I/51dubmZ7wtL._SX450_.jpg","B0D77R5HH3","NJBESTJOY Car Jump Starter with tire inflator Air Pump Emergency Power Supply Mobile Power Supply 1920 (8400mah)","NJBESTJOY","FBA","Automotive",1542794,"N/A","N/A","N/A","N/A","Batteries & Accessories",12489,82.5,-14,6,6,,470.54,470.51,4,2.7,"NJBESTJOY Automotive Supplies","China",1,24,"N/A","Large Standard-Size",10.44,7.88,3.23,2.74,133.78,369.06,"11/30/2024",16,7,3,1.43
"https://amazon.com/dp/B0872K1WTN","https://m.media-amazon.com/images/I/31l9UnBOBDL._SX450_.jpg","B0872K1WTN","Clore Automotive PRO LOGIX PL3760 12/24 Volt, 60A Intelligent Wheel Charger with Power Supply and Engine Start","Clore Automotive","FBM","Automotive",1542935,010271027064,00010271027064,0010271027064,"N/A","Jump Starters",1553,381.67,-2,3,3,-48,1069.78,1069.66,3,3.6,"JBTools","USA",18,60,-35,"Extra-large 50+ to 70 lb",14.75,16,24.5,57,"N/A","N/A","02/28/2025",71,1,0,0.86
"https://amazon.com/dp/B06XPTMK4S","https://m.media-amazon.com/images/I/41vaL1FrYTL._SX450_.jpg","B06XPTMK4S","Antigravity Batteries MICRO-START Replacment SMART CLAMPS, for XP-1 or XP-3 Models","Antigravity Batteries","FBM","Automotive",1543974,711811703218,00711811703218,0711811703218,"N/A","Batteries & Accessories",12601,30.08,-48,1,1,,37.35,37.3,21,3.3,"Chicken Strips Cycles","USA",2,38,-44,"Large Standard-Size",1.5,4.33,9.17,0.54,"N/A","N/A","01/31/2025",108,1,0,0.05
"https://amazon.com/dp/B07W57VPCM","https://m.media-amazon.com/images/I/4154hC32-kL._SX450_.jpg","B07W57VPCM","Mpkke AC Adapter Charger for Wagan Power Dome EX 400W Battery Jump Starter Item 2454","MPKKE","FBM","Automotive",1546681,"N/A","N/A",5311601410156,"N/A","Batteries & Accessories",12620,8.49,-25,2,2,-50,21.77,21.64,5,4.8,"Zxcjzuang","China",4,47,-13,"Large Standard-Size",1.5,3,4,0.25,"N/A","N/A","01/31/2025",80,3,0,0.45
"https://amazon.com/dp/B0F2MVRCX3","https://m.media-amazon.com/images/I/719Euwh1gzL._SX450_.jpg","B0F2MVRCX3","High-Power 4000A Car Jump Starter with 150PSI Air Compressor, 12V Car Battery Booster, Portable Tire Inflator 8L Gas & 8L Diesel LED Light, Jumper Cables","Roadjoy","FBA","Automotive",1547198,797387316281,"N/A",0797387316281,"N/A","Batteries & Accessories",12519,49.99,-102,1,1,-116,49.99,49.93,33,4.6,"happy and lucky","China",1,0,"N/A","Large Standard-Size",5,6,9.1,3.35,137.45,379.17,"11/30/2025",5,9,0,0.03
"https://amazon.com/dp/B081SJ23YT","https://m.media-amazon.com/images/I/71qWnzThlaL._SX450_.jpg","B081SJ23YT","Fast CAR Charger for Clore Solar Jump N Carry JNC660 Truck Pack Booster PAC ES1224 Solar ES6000KE Booster Pac ES2500 ES2500KE ES5000 ES6000 ES1224 J850 J900 CS1200 car Battery Jump Starter","YUSTDA","FBM","Automotive",1549266,"N/A","N/A","N/A","N/A","Batteries & Accessories",12561,12.99,-39,3,3,17,44.87,44.76,10,4.4,"EPtech","USA",2,43,43,"N/A","N/A","N/A","N/A","N/A","N/A","N/A","10/31/2025",76,2,0,0.35
"https://amazon.com/dp/B0B4FS95QG","https://m.media-amazon.com/images/I/71jao7PGdXL._SX450_.jpg","B0B4FS95QG","ECOMAX ECA80 Jump Starter, Car Battery Jump Starter, 1500A Peak 15000mAh Portable Car Jump Starter Battery Pack (7L Gas/5L Diesel) with USB/Type-C Quick Charging, LCD Display and LED Light","ECOMAX","Amazon","Automotive",1558892,810941031496,"N/A",0810941031496,"N/A","Jump Starters",1564,85,-14,2,2,700,168.82,168.74,29,4.8,"Amazon","N/A",2,13,-65,"Large Standard-Size",4.33,4.88,8.19,2.4,"N/A","N/A","09/30/2024",40,7,0,0.07
"https://amazon.com/dp/B09T77FWPT","https://m.media-amazon.com/images/I/31nh+mq9RmL._SX450_.jpg","B09T77FWPT","AC Adapter Compatible with Stanley Simple Start P2G7S P2G7KS SimpleStart Lithium Battery Booster Car Jump Starter 12V DC Lithium Ion 12 Volt Li-Ion 12VDC 750mA 2A 14.5V Power Supply Charger","saschedross","FBM","Automotive",1562487,"N/A","N/A",6087932134069,"N/A","Batteries & Accessories",12722,11.43,-7,4,4,-25,43.24,43.18,1,5,"TATMALL","China",1,15,"N/A","N/A","N/A","N/A","N/A","N/A","N/A","N/A","11/30/2025",49,4,0,3.77
"https://amazon.com/dp/B08NT53KL9","https://m.media-amazon.com/images/I/717mhp9vgYL._SX450_.jpg","B08NT53KL9","AC Adapter for Cobra CPP 15000 JumPack XL H2O Jump Starter car Jump Start DC Power Supply Charger Cord Cable, 5 Feet, with LED Indicator, Compatible Replacement","GUY-TECH","FBM","Automotive",1566032,757926763761,"N/A",0757926763761,"N/A","Batteries & Accessories",12750,9.99,-53,6,6,600,60.49,60.31,7,3.9,"GuyPower","China",2,15,-17,"N/A","N/A","N/A","N/A","N/A","N/A","N/A","02/28/2026",80,2,0,0.91
"https://amazon.com/dp/B0DPHPNWVJ","https://m.media-amazon.com/images/I/71HRXdrZGfL._SX450_.jpg","B0DPHPNWVJ","5000A Car Jump Starter with Air Compressor, 160PSI Car Battery Jump Starter (10.0 Gas/8.0L Diesel), 12V Jump Starter Battery Pack with 3.4 Inch Smart Display","QKMPOM","FBA","Automotive",1567252,"N/A","N/A","N/A","N/A","Batteries & Accessories",12664,59.99,-34,3,3,-25,157.21,157.13,3,5,"QKMPOM Direct","China",1,0,"N/A","Large Standard-Size",3.74,5.1,8.2,2.3,78.75,217.23,"07/31/2025",8,6,0,0.94
"https://amazon.com/dp/B09TRRZZCQ","https://m.media-amazon.com/images/I/516FFzBMcEL._SX450_.jpg","B09TRRZZCQ","2-Prong AC in Charging Cord Charger Cable Plug Compatible with CEN-TECH CENTECH Item 38391 3 in 1 Portable PWR Pack Jump Starter Harbor Freight Tool NP7UA170C1 NP7UA182C1 New Power Technology","saschedross","FBM","Automotive",1571292,"N/A","N/A",6087932152230,"N/A","Batteries & Accessories",12715,10.49,-59,3,3,500,33.63,33.52,6,5,"TATMALL","China",1,34,"N/A","N/A","N/A","N/A","N/A","N/A","N/A","N/A","04/30/2025",49,2,0,0.54
"https://amazon.com/dp/B01N0UHKIM","https://m.media-amazon.com/images/I/61-xy-F1AwL._SX450_.jpg","B01N0UHKIM","UpBright 12V AC/DC Adapter Compatible with Duralast Gold 1200 1000 600 300 700 750 900 Peak Amps Jump Starter BP-DL1200PS DLG1000PS BP-DL600 BP-DL700 BP-DL900 BP-DLG ACD032 Power Cord Battery Charger","UPBRIGHT","FBM","Automotive",1571981,666230441169,00666230441169,0666230441169,"N/A","Batteries & Accessories",12788,6.99,249,0,0,-60,"-","-",159,3.7,"PowerHOOD","USA",1,7,-97,"Large Standard-Size",1.5,3.23,4.45,0.09,"N/A","N/A","11/30/2024",111,7,0,0
"https://amazon.com/dp/B0DJ9T3VDK","https://m.media-amazon.com/images/I/51-VrBW9W6L._SX450_.jpg","B0DJ9T3VDK","Jump Starter with Air Compressor Portable - 10400mAH - 150PSI – 12V Battery Booster, LCD Display, LED Lights, Power Bank Function Ultralight - RAPIKITS","RAPIKITS","FBA","Automotive",1575307,860012581412,"N/A",0860012581412,"N/A","Batteries & Accessories",12806,50,-21,1,1,-90,58.73,58.66,23,4.8,"Nozomi Group","USA",1,76,"N/A","Large Standard-Size",2.24,6.97,7.6,2.58,59.74,164.8,"06/30/2025",15,9,0,0.06
"https://amazon.com/dp/B0FL2WXJ7R","https://m.media-amazon.com/images/I/71+y0rSf7IL._SX450_.jpg","B0FL2WXJ7R","AutoFly Car Jump Starter with Air Compressor, 3000A Portable Battery Pack with 150PSI Tire Inflator, 37WH DC12V Jump Box for Car Charger Battery Booster with LCD Display (Up 10L Gas/8L Diesel Engine)","AutoFly","FBA","Automotive",1579117,766045366272,"N/A",0766045366272,"N/A","Batteries & Accessories",12815,39.99,2,3,3,4,167.35,167.27,2,4.5,"Dilufei","China",1,0,"N/A","Large Standard-Size",4.69,5.94,8.86,2.89,124.27,342.82,"11/30/2025",6,9,0,1.57
"https://amazon.com/dp/B0DF7RG8L7","https://m.media-amazon.com/images/I/610TfR8tMuL._SX450_.jpg","B0DF7RG8L7","Car Battery Jump Starter, 2000A Jump Pack for Up to 8.0L Gas and 7.5L Diesel, 12V Jump Box Battery Booster with Smart Jumper Cables, 3 Modes Lighting and LCD Display","YunStartics","FBA","Automotive",1584355,"N/A","N/A","N/A","N/A","Batteries & Accessories",12863,25.99,-9,2,2,-80,41.58,41.48,1,1,"YunStartics","China",1,0,"N/A","Large Standard-Size",2.05,6.85,8.7,1.61,61.51,169.68,"07/31/2025",17,9,0,1.63
"https://amazon.com/dp/B0FJDGG7X3","https://m.media-amazon.com/images/I/51WZU4DPS6L._SX450_.jpg","B0FJDGG7X3","Portable Car Jump Starter with 150PSI Air Compressor 4000A Peak -24000mAh Jumper & Tire Inflator,12V Car Battery Jump Starter(All Gas/9L Diesel), Type-C, with LCD Display & LED Light |Columbuzzsale","Generic","FBA","Automotive",1588906,"N/A","N/A","N/A","N/A","Batteries & Accessories",12804,65,34,4,4,-34,248.79,248.69,3,4.6,"ColumbuzzSale","USA",1,0,"N/A","Large Standard-Size",4.96,5.43,9.76,3.22,132.34,365.09,"10/31/2025",7,9,0,1.31
"https://amazon.com/dp/B0B5QS1KSK","https://m.media-amazon.com/images/I/61+ubZ5lSwL._SX450_.jpg","B0B5QS1KSK","Wall Charger AC Adapter for Truck PAC ES1224 Jump Starter","onerbl","FBM","Automotive",1590414,"N/A","N/A",4741640567978,"N/A","Batteries & Accessories",12817,11.89,-30,2,2,33,22.62,22.54,7,3.1,"GreatComputerParts","China",1,27,13,"Large Standard-Size",2.32,2.8,3.86,0.18,"N/A","N/A","03/31/2024",45,4,0,0.27
"https://amazon.com/dp/B0BXDD41KL","https://m.media-amazon.com/images/I/61JEAOFB71L._SX450_.jpg","B0BXDD41KL","eeTao Micro USB Charging Cable Charger Power Cord Compatible with AUTOGEN ‎MJS111B ‎MJS-111 ‎MJS60W Car Jump Starter 4500A 4000A 3000A 12V Socket Portable Battery Charger Booster Pack Power Supply","eeTao","FBM","Automotive",1591091,"N/A","N/A","N/A","N/A","Batteries & Accessories",12894,9.99,-12,3,3,-29,31.56,31.44,1,4,"eeTao","Hong Kong",1,24,26,"Large Standard-Size",4,4,2,0.13,"N/A","N/A","11/30/2025",37,5,0,3.19
"https://amazon.com/dp/B0D8L2WBGD","https://m.media-amazon.com/images/I/61DzCh3VJeL._SX450_.jpg","B0D8L2WBGD","Jumper Cable Clamps for Milwaukee M18B2 18V Battery, Jumper Starter with Adapter, 8AWG 6.39 FT Portable Automotive Booster Cables for Jump Starting Car Trucks Vehicles (No Battery)","RexLeLXB","FBA","Automotive",1606738,"N/A","N/A","N/A","N/A","Batteries & Accessories",12924,23.19,-73,0,0,-80,"-","-",7,4.8,"xun bao ke ji","China",1,22,"N/A","Large Standard-Size",8.5,8.5,2.8,1.7,101.85,280.97,"11/30/2024",19,7,0,0.02
"https://amazon.com/dp/B0DQTC7QGP","https://m.media-amazon.com/images/I/61Ipjd-1sJL._SX450_.jpg","B0DQTC7QGP","12V/24V Lithium-ion Jump Starter, Peak Current 12V/1400A, 24V/700A Battery Booster Pack with Jumper Cables, USB and DC Ports Power; Combo Jump Starter for 4WD’s, Medium Trucks, Buses","camelenergy","FBM","Automotive",1607810,"N/A","N/A","N/A","N/A","Batteries & Accessories",12927,49.99,-42,1,1,-116,39.99,39.95,4,3.1,"Camel Energy","USA",1,0,"N/A","N/A","N/A","N/A","N/A","N/A","N/A","N/A","11/30/2025",8,6,0,0.2
"https://amazon.com/dp/B0DCP282B1","https://m.media-amazon.com/images/I/71cRwMsr2mL._SX450_.jpg","B0DCP282B1","iToolMax 4-in-1 3000 A Portable Car Battery Jump Starter with 150 PSI Air Compressor, 24000 mAh Power Bank, 3 Modes Flashlight - Starts Gas up to 9.0 L and Diesel up to 8.0 L","iToolMax","FBM","Automotive",1607993,"N/A","N/A","N/A","N/A","Batteries & Accessories",12977,126.99,-17,1,1,-103,151.25,151.17,4,4.4,"iToolMax","USA",1,0,"N/A","Large Standard-Size",9.4,5.3,4.8,3.3,"N/A","N/A","11/30/2025",17,6,1,0.3
"https://amazon.com/dp/B0DSBJG4WQ","https://m.media-amazon.com/images/I/61Sw4+N5mSL._SX450_.jpg","B0DSBJG4WQ","Schumacher Electric Professional-Grade RF94080157 2000 Peak /400 Cranking Amp 12V Jump Starter and Portable Power Station-Car, SUV, Truck, and Marine Batteries – External Battery Charger (Refurbished)","Schumacher Electric","FBM","Automotive",1609849,840214745294,"N/A",0840214745294,"N/A","Batteries & Accessories",12943,127.99,"N/A",0,0,,"-","-","N/A","N/A","CoreCentric Solutions","USA",1,0,"N/A","Large bulky",16.34,6.68,15.88,22.6,"N/A","N/A","04/30/2025",13,6,0,"N/A"
"https://amazon.com/dp/B00SA9JS2O","https://m.media-amazon.com/images/I/61EtZnRBfKL._SX450_.jpg","B00SA9JS2O","T POWER 30w Fast Charger for NOCO Boost X GBX45 GBX55 GBX75 GBX155 U65 Battery Jump Starter Dc Ac Adapter Power Supply Cord","T POWER","FBM","Automotive",1613565,709112389033,00709112389033,0709112389033,"N/A","Batteries & Accessories",12973,16.99,-55,3,3,113,42.68,42.62,14,4.4,"T-Power USA","USA",1,29,-81,"Large Standard-Size",4,4,2,0.31,"N/A","N/A","08/31/2024",134,7,0,0.18
"https://amazon.com/dp/B0G3H9D42B","https://m.media-amazon.com/images/I/71jyDwlJPRL._SX450_.jpg","B0G3H9D42B","Jumper Cable Clamps for DeWalt 20V Battery Jump Starter, 3.28FT 8AWG Heavy Duty Car Battery Jumper Cable with Adapter for DeWalt, Portable Automotive Battery Booster Cable with Storage Case","QWV","FBA","Automotive",1613772,"N/A","N/A","N/A","N/A","Batteries & Accessories",13007,24.99,51,5,1,,109.33,33.14,4,5,"ximuyuan","N/A",1,0,"N/A","Large Standard-Size",7.87,6.02,2.95,0.99,70.47,194.4,"12/31/2025",2,7,2,1.28
"https://amazon.com/dp/B0CDV813LK","https://m.media-amazon.com/images/I/616P8Dbs5rL._SX450_.jpg","B0CDV813LK","BestCH AC/DC Adapter Compatible with Super Start 55001 Jump Starter 600 Peak Amp Power Pack SuperStarSupply Cord","BestCH","FBM","Automotive",1614211,"N/A","N/A","N/A","N/A","Batteries & Accessories",12976,5.98,1,1,1,-25,7.86,7.8,"N/A","N/A","Best Charger","China",1,0,"N/A","N/A","N/A","N/A","N/A","N/A","N/A","N/A","12/31/2025",32,5,0,"N/A"
"https://amazon.com/dp/B0F1FRS22B","https://m.media-amazon.com/images/I/61PrD+4+9dL._SX450_.jpg","B0F1FRS22B","Fits Viking 1700 Peak Amp Portable Jump Starter & Power Pack with 150 PSI Air Compressor - High Cranking Amps, 2 AWG Cables, Commercial Grade Air Compressor, Digital Pressure Gauge, 12VDC Power Outlet","Generic","FBM","Automotive",1614865,"N/A","N/A","N/A","N/A","Jump Starters",1592,349.95,-42,1,1,-61,460.06,460,"N/A","N/A","Clearance Wholesale Outlet","USA",1,0,"N/A","N/A","N/A","N/A","N/A","N/A","N/A","N/A","12/31/2025",12,4,0,"N/A"
"https://amazon.com/dp/B0DP1YBFNL","https://m.media-amazon.com/images/I/71Dzq3ktbaL._SX450_.jpg","B0DP1YBFNL","Drive Tec 3-in-1 Portable Car Jump Starter – 1000A Battery Booster for 12V Vehicles, Up to 6L Gas & 3L Diesel – Compact Power Bank with LCD Display, USB-C, LED Flashlight, Smart Safety Clamps","Drive Tec","FBA","Automotive",1617728,840005343883,"N/A",0840005343883,"N/A","Batteries & Accessories",13035,59.99,-1,2,2,550,101.53,101.48,10,4.2,"TYPE S","USA",1,12,"N/A","Large Standard-Size",3.98,5.31,9.09,1.94,96.72,266.81,"12/31/2024",16,6,0,0.17
"https://amazon.com/dp/B0C4YJK4WM","https://m.media-amazon.com/images/I/61LjnGnjKIL._SX450_.jpg","B0C4YJK4WM","Onerbl 12V AC/DC Adapter Compatible with Quipp PowerPro Dynamite AutoPower Power Pro Auto DP600 600A DP300 300A 12 Volt Starting Jump Pack Jumper Starter 12VDC 300mA 500mA Supply Battery Charger PSU","onerbl","FBM","Automotive",1630875,"N/A","N/A",4741640674157,"N/A","Batteries & Accessories",13113,17.75,-43,2,2,200,33.66,33.62,1,5,"GreatComputerParts","China",1,20,54,"N/A","N/A","N/A","N/A","N/A","N/A","N/A","10/31/2024",34,4,0,1.89
"https://amazon.com/dp/B07DPMNNMP","https://m.media-amazon.com/images/I/71Sq7eJ5mcL._SX450_.jpg","B07DPMNNMP","JEENDA Battery Charger 24V 25A HB600-24b 063944-011 503097-000 HB600 128537 105739GT Compatible with Genie Skyjack JLG Scissor Lift 0400170 04000204 7041782 7041410 7041571 105739 0400236 66412 96211","JEENDA","FBA","Automotive",1635298,634923409888,"N/A",0634923409888,"N/A","Batteries & Accessories",13144,255.01,12,0,0,-107,"-","-",13,4.1,"JeendaParts","China",1,31,-56,"Large bulky",9.1,10.4,11,11.4,337.37,843.44,"06/30/2024",93,6,0,0
"https://amazon.com/dp/B07WZ15NR2","https://m.media-amazon.com/images/I/61PjNdMgaOL._SX450_.jpg","B07WZ15NR2","DKKPIA Booster PAC ES5000 Jump Starter AC DC Adapter Power Supply Charger Cord Cable","DKKPIA","FBM","Automotive",1635435,"N/A","N/A",6902988409179,"N/A","Batteries & Accessories",13141,8.99,-17,0,0,-131,"-","-",18,4.3,"GreatPowerDirect","China",1,53,-50,"N/A","N/A","N/A","N/A","N/A","N/A","N/A","03/31/2025",79,3,0,0
"https://amazon.com/dp/B07DFC627X","https://m.media-amazon.com/images/I/61I5XTHoU8L._SX450_.jpg","B07DFC627X","BOOSTER PAK HD 800AMPS, 3000 PEAK AMP","Solar","FBM","Automotive",1635912,777986060372,"N/A",0777986060372,"N/A","Batteries & Accessories",13081,297.31,"N/A",0,0,,"-","-","N/A","N/A","JBTools","USA",5,0,"N/A","Large bulky",18.5,17.25,10,40.85,"N/A","N/A","-",67,2,0,"N/A"
"https://amazon.com/dp/B076GV7L96","https://m.media-amazon.com/images/I/61EnU4wP+pL._SX450_.jpg","B076GV7L96","Jump Starter with Air Compressor Battery Booster Power Pack,Powerbank,Portable Electric Car Tire Inflator, Digital Tyre Inflator Air Compressor,Auto-Stop Portable Car Tyre Pump","Explore Warriors","FBA","Automotive",1641174,712182193370,"N/A",0712182193370,"N/A","Batteries & Accessories",13182,69.99,-31,3,3,-68,218.37,218.31,288,4.1,"ZHIHAI WIRELESS","China",1,54,-8,"Large Standard-Size",3.35,10.12,10.35,2.78,176.52,486.94,"11/30/2025",100,6,0,0.01
"https://amazon.com/dp/B09VFS1W5K","https://m.media-amazon.com/images/I/51zwt7Fkn+L._SX450_.jpg","B09VFS1W5K","15V AC/DC Adapter Compatible with Jump N Carry JNC8550 KKC JNC8800 JNC 8550 8800 550 800 1700 Amp 12Volt Capacitor Jump Starter Solar LK-DC 150050 LK-DC150050 12V Power Supply Battery Charger","saschedross","FBM","Automotive",1643641,"N/A","N/A",6087932158546,"N/A","Batteries & Accessories",13196,13.38,3,3,3,100,36.47,36.46,1,5,"TATMALL","China",1,11,"N/A","N/A","N/A","N/A","N/A","N/A","N/A","N/A","02/28/2025",48,4,0,2.73
"https://amazon.com/dp/B0CBF3BHZM","https://m.media-amazon.com/images/I/61+gSN1j9YL._SX450_.jpg","B0CBF3BHZM","Guy-Tech Global AC/DC Adapter Compatible with Rockford RFDPPJS2976DLX Portable Pocket Charger & Power Jump Starter Power Supply Cord","GUY-TECH","FBM","Automotive",1645463,"N/A","N/A","N/A","N/A","Batteries & Accessories",13139,11,-41,3,3,-33,34.71,34.65,3,5,"EXT Store","China",1,28,65,"N/A","N/A","N/A","N/A","N/A","N/A","N/A","12/31/2024",32,5,0,1.05
"https://amazon.com/dp/B0G3HDCYZV","https://m.media-amazon.com/images/I/61Rtkp+ShxL._SX450_.jpg","B0G3HDCYZV","Jumper Cable Clamps for DeWalt 20V Battery Jump Starter, 2.0FT 8AWG Heavy Duty Car Battery Jumper Cable with Adapter for DeWalt, Portable Automotive Battery Booster Cable with Storage Case","QWV","FBA","Automotive",1649315,"N/A","N/A","N/A","N/A","Batteries & Accessories",13155,19.99,42,5,4,,109.33,75.98,4,5,"ximuyuan","N/A",1,0,"N/A","Large Standard-Size",5.71,3.35,4.13,0.66,39.76,109.68,"12/31/2025",3,6,2,1.28
"https://amazon.com/dp/B082S8GWZP","https://m.media-amazon.com/images/I/41URSCN1zGL._SX450_.jpg","B082S8GWZP","New Power Cord Cable Replacement for Stanley PPRH5KL FatMax Jumpit Powerit Airit Portable Professional Power Station Jump it Power it Air it Jump-Starter Compressor 300 AMP Instant Starting","Kircuit","FBA","Automotive",1650908,"N/A","N/A",5292350461692,"N/A","Batteries & Accessories",13246,17.96,-12,0,0,-95,"-","-",7,5,"EPtech","USA",3,57,-14,"Large Standard-Size",1,3,7,0.4,10.57,29.17,"11/30/2024",75,1,0,0
"https://amazon.com/dp/B0G4FRB5BQ","https://m.media-amazon.com/images/I/61t6KfgJlAL._SX450_.jpg","B0G4FRB5BQ","7000A Jump Starter, Jump Starter Battery Pack(All Gas,up to 10.0L Diesel Engine) 12V Portable Jump Box Battery Pack with Display, LED Light, Jumper Cables with USB Quick Charge and Type C Port","BSMOOM","FBA","Automotive",1652603,759993278551,"N/A",0759993278551,"N/A","Batteries & Accessories",13174,39.99,"N/A",2,2,,105.98,105.91,1,5,"ManChiGu US Inc","China",1,0,"N/A","Large Standard-Size",2.05,8.78,10.71,1.81,97.05,267.74,"01/31/2026",2,4,0,0.28
"https://amazon.com/dp/B0B5X8LNVL","https://m.media-amazon.com/images/I/71M6ade-IHL._SX450_.jpg","B0B5X8LNVL","SupplySource AC Adapter Replacement for Cobra CPP 12000 JumPack XL Portable Jump Starter Battery Charger","SupplySource","FBM","Automotive",1652621,"N/A","N/A","N/A","N/A","Batteries & Accessories",13181,9.99,-37,2,2,-36,22.85,22.76,2,4.5,"Power Supply Source","China",1,31,"N/A","N/A","N/A","N/A","N/A","N/A","N/A","N/A","10/31/2025",45,4,0,1.15
"https://amazon.com/dp/B0FXWD6Y32","https://m.media-amazon.com/images/I/61oYmx8J1zL._SX450_.jpg","B0FXWD6Y32","Sharmeal 23000A 12V Jump Box Car Battery Jumper Starter Portable with Jumper Cables & 3 Modes Flashlight Car, Accessories Tools bs","Sharmeal","FBM","Automotive",1653012,"N/A","N/A","N/A","N/A","Batteries & Accessories",13280,136,"N/A",2,2,-137,328.39,328.38,"N/A","N/A","Sharmeal","China",1,0,"N/A","N/A",8.46,4.52,3.73,"N/A","N/A","N/A","12/31/2025",3,8,0,"N/A"
"https://amazon.com/dp/B09Z6GDHS5","https://m.media-amazon.com/images/I/51NIkghrDYL._SX450_.jpg","B09Z6GDHS5","6FT AC Power Cable for Jump-N-Carry JNC1224 3400/1700 Peak Amp 12/24V Jump Starter","onerbl","FBM","Automotive",1660617,"N/A","N/A",4741640258944,"N/A","Batteries & Accessories",13226,6.99,-28,0,0,-136,"-","-",2,5,"GreatComputerParts","China",1,87,"N/A","N/A","N/A","N/A","N/A","N/A","N/A","N/A","06/30/2025",47,2,0,0
"https://amazon.com/dp/B0DT1H8MWC","https://m.media-amazon.com/images/I/71rahB4nBHL._SX450_.jpg","B0DT1H8MWC","19V Adapter Charger for Booster PAC ES5000 ES2500 ESP5500 J1000 J850 AC Power Adapter for Booster Auto Truck/Motor Jump Starter Power Supply Cord Replacement","IOKOFJOA","FBA","Automotive",1661324,"N/A","N/A","N/A","N/A","Batteries & Accessories",13233,9.99,-43,1,1,-11,14.67,14.6,7,3.6,"dianxin","China",1,0,"N/A","Large Standard-Size",2.13,3.11,4.17,0.29,13.91,38.37,"10/31/2025",14,6,0,0.18
"https://amazon.com/dp/B08VRGWQYH","https://m.media-amazon.com/images/I/71G4FdSSa5L._SX450_.jpg","B08VRGWQYH","GET Jumpstarter 6000mAH Mini Powerbank with LED Light","Get","FBM","Automotive",1665475,"N/A","N/A",8050038449588,"N/A","Jump Starters",1615,75.41,-23,0,0,-57,"-","-",25,3.5,"SVS Power Sports","USA",7,64,12,"Large Standard-Size",2.56,7.13,8.23,1.21,"N/A","N/A","11/30/2024",60,4,2,0.02
"https://amazon.com/dp/B0BWMQKW6T","https://m.media-amazon.com/images/I/71jgcOnxZJL._SX450_.jpg","B0BWMQKW6T","AVAPOW 6000A Jump Starter Battery ack(for All Gas or up to 12L Diesel) Powerful Jump Box with DC Output and Dual USB Quick Charge,12V Jump Pack with Built-in LED Bright Light","AVAPOW","FBA","Automotive",1672423,"N/A","N/A","N/A","N/A","Batteries & Accessories",13307,169.99,-32,1,1,-134,177.49,177.46,21,4.9,"AVAPOW Direct","China",1,0,"N/A","Large Standard-Size",5.47,6.18,11.14,4.89,189.6,523.03,"11/30/2025",35,8,0,0.05
"https://amazon.com/dp/B09ZHBW3VP","https://m.media-amazon.com/images/I/81Ggz3OUUqL._SX450_.jpg","B09ZHBW3VP","NICHE 2/5/10/20 Amp Smart Battery Charger Jump Starter for All 12-Volt AGM Gel Lead-Acid Batteries Car Truck Motorcycle Boat ATV","NICHE","FBA","Automotive",1673397,803467153506,"N/A",0803467153506,"N/A","Batteries & Accessories",13314,99.95,28,2,2,-110,150.23,150.17,8,4.2,"SureFit Parts","USA",2,9,80,"Large Standard-Size",5.04,8.82,12.91,5.42,288.94,797.07,"12/31/2025",46,9,0,0.19
"https://amazon.com/dp/B0CZ3LZ3F8","https://m.media-amazon.com/images/I/61S1e9YukWL._SX450_.jpg","B0CZ3LZ3F8","YUSMAN Car Jump Cable, Jump Starter Cable for Large Capacity Starter","YUSMAN","FBA","Automotive",1674760,"N/A","N/A","N/A","N/A","Batteries & Accessories",13324,21.99,-41,2,2,-87,52.08,52.02,1,4,"YUSMAN STORE","China",1,0,"N/A","Large Standard-Size",3.11,3.54,5.2,0.44,28.82,79.51,"11/30/2025",22,1,0,2.37
"https://amazon.com/dp/B0DT929HZZ","https://m.media-amazon.com/images/I/712yeOgCdML._SX450_.jpg","B0DT929HZZ","Mhrxusd CW-B85 Silicone Battery Heater Pad with Thermostatically Controlled 60 Watts 120 Volts 2-Prong Power Cord Replacement for Automotive Electric Warmer","Mhrxusd","FBA","Automotive",1676015,"N/A","N/A","N/A","N/A","Batteries & Accessories",13334,25.32,-17,0,0,-106,"-","-",3,5,"MHRXUS","China",1,57,"N/A","Large Standard-Size",2.01,7.95,8.11,0.53,65.2,179.87,"01/31/2025",14,7,0,0.03
"https://amazon.com/dp/B0FN72GWD1","https://m.media-amazon.com/images/I/71omiO5fu7L._SX450_.jpg","B0FN72GWD1","Jump Starter,12V Car Battery Jump Starter with 65W Quick Charger,LED Display,24000mAh Portable Jump Starter Battery Pack(10L Gas 10L Diesel Engine) with Booster,LED Light,Jumper Cables","TEMOLA","FBM","Automotive",1677370,751662077151,"N/A",0751662077151,"N/A","Batteries & Accessories",13410,33.99,"N/A",1,1,,49.99,49.94,2,4,"WINMAN Global","China",1,0,"N/A","Large Standard-Size",8,2.95,5.9,1.62,"N/A","N/A","12/31/2025",3,7,0,0.73
"https://amazon.com/dp/B07Y5NPTT8","https://m.media-amazon.com/images/I/61qVhb+NJHL._SX450_.jpg","B07Y5NPTT8","Casil 12V 20Ah Jump Box for Car Battery, Jumper Battery, Jump N Carry JNC660 Jump Starter, Reliable Jump and Carry Jump Starter Battery for Emergency Vehicle Power","Casil","FBM","Automotive",1685771,305973565489,"N/A",0305973565489,"N/A","Batteries & Accessories",13398,56.99,5,70,1,-28,3327.84,74.41,3,3.6,"CASIL USA","USA",1,858,"N/A","Large Standard-Size",7.63,3.49,7.07,12.9,"N/A","N/A","04/30/2025",78,6,4,23.44
"https://amazon.com/dp/B08YXLC3JN","https://m.media-amazon.com/images/I/61Fj4sysSEL._SX450_.jpg","B08YXLC3JN","AC Power Charging Cord Charger Cable Wire Plug Lead for CEN-TECH CENTECH Item 38391 Power Pack Station Car Battery Jump Starter Compressor Jump Start Power Supply, 6 feet, Compatible Replacement","GUY-TECH","FBM","Automotive",1689747,709081174975,"N/A",0709081174975,"N/A","Batteries & Accessories",13426,14.99,-38,2,2,,36.75,36.71,"N/A","N/A","GuyPower","China",1,5,"N/A","N/A","N/A","N/A","N/A","N/A","N/A","N/A","02/28/2026",80,2,0,"N/A"
"https://amazon.com/dp/B0F7HXPHBL","https://m.media-amazon.com/images/I/41pSSefM-mL._SX450_.jpg","B0F7HXPHBL","Battery Portable Jump Starter 12 Volt Lead-Acid Batteries 4250 Amp Peak With LED Flash Light Dual USB Port","Part Synergy","FBM","Automotive",1690653,"N/A","N/A","N/A","N/A","Batteries & Accessories",13465,467.07,-6,0,0,,"-","-","N/A","N/A","Parts Synergy, Inc.","USA",1,0,"N/A","Large Standard-Size",13.86,8.5,5.2,7.01,"N/A","N/A","10/31/2025",11,6,0,"N/A"
"https://amazon.com/dp/B0FT2CXTDG","https://m.media-amazon.com/images/I/71x4hn2IOTL._SX450_.jpg","B0FT2CXTDG","AWELTEC Car Battery Jump Starter 2000A, Portable Car Jumper Battery Pack,12V Lithium Power Bank,Jump Box with USB Ports, Jumper Cables and 3 Modes LED Light for 8.0L Gas 6.5L Diesel Engine","AWELTEC","FBA","Automotive",1703792,"N/A","N/A","N/A","N/A","Batteries & Accessories",13505,39.97,-58,3,3,,139.08,139.03,20,4.7,"Ao Mei","China",1,0,"N/A","Large Standard-Size",3.62,5.94,8.78,2.23,95.05,262.21,"02/28/2026",3,9,0,0.15
"https://amazon.com/dp/B0FMYK396R","https://m.media-amazon.com/images/I/61TDCn3U6AL._SX450_.jpg","B0FMYK396R","ODUKAKO Portable Jump Starter Box,R50 12V Passager Car Battery Booster Pack for 2-3L Gasoline and Diesel Engines","ODUKAKO","FBA","Automotive",1707064,"N/A","N/A","N/A","N/A","Batteries & Accessories",13539,79,-7,5,5,,360.33,360.25,26,4.1,"ODUKAKO","China",1,0,"N/A","Large Standard-Size",3,5,8,1.25,60.42,166.67,"10/31/2025",5,9,0,0.18
"https://amazon.com/dp/B01G9AYKOG","https://m.media-amazon.com/images/I/71o2clY6sIL._SX450_.jpg","B01G9AYKOG","Chrysler 300 Dodge Challenger Charger Magnum Jump Start Post Cover Mopar","Mopar","FBM","Automotive",1707336,"N/A","N/A","N/A","N/A","Batteries & Accessories",13582,24.99,1247,4,4,120,89.45,89.28,41,4.3,"SwiftPart","USA",2,46,59,"N/A","N/A","N/A","N/A","N/A","N/A","N/A","02/28/2025",74,5,0,0.09
"https://amazon.com/dp/B0F7RJDVDZ","https://m.media-amazon.com/images/I/71M9tHhnEpL._SX450_.jpg","B0F7RJDVDZ","6000A Jump Starter with Air Compressor, 27000mAh & 160PSI Portable Car Battery Jump Starter, 12V Battery Pack (All Gas 12L Diesel) with LED Light","TEVOLE","FBA","Automotive",1709153,"N/A","N/A",6974191782066,"N/A","Batteries & Accessories",13556,129.99,-7,2,2,-94,218.4,218.35,22,4,"TUNNU DIRECT","USA",1,0,"N/A","Large Standard-Size",5.55,6.85,12.24,4.41,234.42,646.69,"09/30/2025",9,7,0,0.1
"https://amazon.com/dp/B07W58D96J","https://m.media-amazon.com/images/I/61PjNdMgaOL._SX450_.jpg","B07W58D96J","Wall Charger AC Adapter for Antigravity Batteries Micro Start XP-10 Jump Starter","MPKKE","FBA","Automotive",1710226,"N/A","N/A",5311601409976,"N/A","Batteries & Accessories",13565,12.99,5,1,1,-84,12.99,12.96,12,2.7,"Zxcjzuang","China",2,54,42,"Large Standard-Size",4,2,2,0.2,8.06,22.22,"12/31/2024",80,3,0,0.08
"https://amazon.com/dp/B0F4VTDCVP","https://m.media-amazon.com/images/I/61b9QWssfqL._SX450_.jpg","B0F4VTDCVP","Sharmeal T47 Jump Starter for Car, 2500A Jump Starter Battery Pack for All Gas","Sharmeal","FBM","Automotive",1713377,"N/A","N/A","N/A","N/A","Jump Starters",1647,34.1,-14,3,3,,108.11,108.05,"N/A","N/A","Sharmeal","China",1,0,"N/A","N/A","N/A","N/A","N/A","N/A","N/A","N/A","12/31/2025",2,8,0,"N/A"
"https://amazon.com/dp/B099Z3HMN5","https://m.media-amazon.com/images/I/31UE8SX03rS._SX450_.jpg","B099Z3HMN5","BestCH Global AC Adapter for Husky Jump-Start System Portable HSK020HD Jump Starter HSK012HD 12VDC 400 Amps Instant Start-It Power Supply Cord Cable Battery Charger Mains PSU","BestCH","FBM","Automotive",1721094,"N/A","N/A",5747432006211,"N/A","Batteries & Accessories",13631,5.94,12,2,2,,9.92,9.91,"N/A","N/A","Best Charger","China",1,13,"N/A","N/A","N/A","N/A","N/A","N/A","N/A","N/A","01/31/2025",56,7,0,"N/A"
"https://amazon.com/dp/B0CMGBXJJ6","https://m.media-amazon.com/images/I/51wHuhPJ3FL._SX450_.jpg","B0CMGBXJJ6","JCMOYUTY GB70 Charger, Power Adapter Replacment for NOCO Genius Boost Sport GB20 / GB30 / GB40 / GB40 Pro / GB70 Battery Jump Starter UL Listed Supply Cord","JCMOYUTY","FBA","Automotive",1727149,673498302378,"N/A",0673498302378,"N/A","Batteries & Accessories",13666,12.99,-3,2,2,-72,20.66,20.61,3,3,"JCMOYUTY","China",1,48,2,"Large Standard-Size",3.54,1.97,1.57,0.19,5.53,15.26,"10/31/2024",29,2,0,0.53
"https://amazon.com/dp/B0BHC9Q9KK","https://m.media-amazon.com/images/I/71+rLouN8JL._SX450_.jpg","B0BHC9Q9KK","AJC Battery Compatible with JUMP N CARRY JNC950 2000 Peak Amp 12 Volt 12V 35Ah Jump Starter Battery","AJC","FBM","Automotive",1728818,688624462611,"N/A",0688624462611,"N/A","Batteries & Accessories",13671,114.99,-13,3,3,60,367.5,367.37,"N/A","N/A","BuyClerk","USA",1,13,30,"Large Standard-Size",7.76,5.16,6.38,23.6,"N/A","N/A","11/30/2025",42,5,0,"N/A"
"https://amazon.com/dp/B0CYKY2DRM","https://m.media-amazon.com/images/I/71u8kLLz2-L._SX450_.jpg","B0CYKY2DRM","XWNV Type-C AC/DC Adapter Compatible with Gooloo GP2000 GP3000 GP4000 Heavy-Duty Portable Car Jump Starter 2000A 19800mAh 3000A 22800mAh 4000A 26800mAh Peak Car Starter Power Supply Charger","XWNV","FBA","Automotive",1732065,"N/A","N/A","N/A","N/A","Batteries & Accessories",13747,9.99,-1,2,2,-43,21.36,21.23,1,5,"wuhuakeji","China",2,20,"N/A","Large Standard-Size",1.57,2.56,3.9,0.19,7.91,21.82,"01/31/2025",24,5,0,2.13
"https://amazon.com/dp/B07P98DL3M","https://m.media-amazon.com/images/I/51R5bpv9QGL._SX450_.jpg","B07P98DL3M","POWE-Tech AC Adapter for Cobra CPP 8000 CPP8000 JumPack Portable Jump Starter Power Cord, 5 Feet, LED Light","POWE-Tech","FBM","Automotive",1740034,757926931740,"N/A",0757926931740,"N/A","Batteries & Accessories",13793,11.98,-19,3,3,33,30.21,30.15,4,5,"GreatPowerDirect","China",2,9,200,"Large Standard-Size",1.1,3.98,6.1,0.18,"N/A","N/A","11/30/2025",85,2,0,0.63
"https://amazon.com/dp/B08MF5DB4F","https://m.media-amazon.com/images/I/61Fj4sysSEL._SX450_.jpg","B08MF5DB4F","AC Power Cord Charging Cable Charge Plug Lead Wire Compatible Replacement for CEN-TECH 38391, 60666, 62453, 6237 (NOT fit Other Models) Jump Starter Car Auto Battery Jump Start Charger","GUY-TECH","FBM","Automotive",1740228,757926854650,"N/A",0757926854650,"N/A","Jump Starters",1662,9.98,3,0,0,-127,"-","-",26,4.4,"Feumotu","N/A",3,60,-3,"Large Standard-Size",1.26,6.69,9.88,0.33,"N/A","N/A","06/30/2025",80,2,0,0
"https://amazon.com/dp/B09STDTQ75","https://m.media-amazon.com/images/I/516qCeM7GzL._SX450_.jpg","B09STDTQ75","Dysead 5V 2A USB AC/DC Adapter Replacement for RedFuel Powered by Schumacher Jump Starter SL161 SL 161 Red Fuel Jumpstarter 5VDC 2.0A Power Supply Cord Cable Battery Charger PSU (w/USB Plug Tip)","Dysead","FBM","Automotive",1743242,"N/A","N/A",5473361168774,"N/A","Batteries & Accessories",13819,18.88,-28,2,2,,40.07,39.97,1,5,"Sustery","China",1,4,-60,"N/A","N/A","N/A","N/A","N/A","N/A","N/A","03/31/2024",49,5,0,2.12
"https://amazon.com/dp/B0BZ1HPTQF","https://m.media-amazon.com/images/I/61+gSN1j9YL._SX450_.jpg","B0BZ1HPTQF","Guy-Tech AC/DC Adapter Compatible with SuperStart 55002 Jump Starter 1000 Peak Amp Compressor Super Start Battery Power Supply Cord","GUY-TECH","FBM","Automotive",1749912,"N/A","N/A","N/A","N/A","Batteries & Accessories",13781,11.99,-28,1,1,-100,12.9,12.82,1,5,"EXT Store","China",1,34,"N/A","N/A","N/A","N/A","N/A","N/A","N/A","N/A","11/30/2025",36,5,0,1.07
"https://amazon.com/dp/B0CHR7V2XV","https://m.media-amazon.com/images/I/61G-T98IQJL._SX450_.jpg","B0CHR7V2XV","eeTao 100V-240V AC Charging Power Cord Lead Compatible with Viking 12V/24V 3400 Peak Amps Jump Starter 57084 Brother, Singer, White, bernina, Baby-Lock, Viking, Pfaff Sewing Machine Replacement","eeTao","FBM","Automotive",1755728,"N/A","N/A","N/A","N/A","Batteries & Accessories",13884,7.99,-37,0,0,-100,"-","-",6,3.9,"eeTao","Hong Kong",1,20,-85,"Large Standard-Size",0.87,3.62,4.29,0.15,"N/A","N/A","05/31/2024",38,4,0,0
"https://amazon.com/dp/B00P6T347G","https://m.media-amazon.com/images/I/51KzYt-QZ1L._SX450_.jpg","B00P6T347G","VALTERRA Diamond Group DG61031VP Decor USB Charging Station - White","ダイヤモンド","Amazon","Automotive",1760621,785175610314,"N/A",0785175610314,"N/A","Batteries & Accessories",13862,26.29,-36,0,0,-144,"-","-",2,2.5,"Amazon","N/A",19,14,"N/A","Large Standard-Size",1.77,3.9,6.77,0.2,"N/A","N/A","08/31/2025",137,1,0,0
"https://amazon.com/dp/B004HF2R78","https://m.media-amazon.com/images/I/61SE8xnpE3L._SX450_.jpg","B004HF2R78","Miller Electric Battery Charge Jump Cables, Trail AirPak (300422)","Miller","FBM","Automotive",1761249,715959387736,"N/A",0715959387736,"N/A","Batteries & Accessories",13869,440.82,-5,2,2,-15,837.56,837.52,1,5,"Weldfabulous","USA",14,38,100,"Large Standard-Size",5.25,11.75,12.5,14.55,"N/A","N/A","03/31/2025",183,2,0,1.92
"https://amazon.com/dp/B0C3RWN29W","https://m.media-amazon.com/images/I/61+gSN1j9YL._SX450_.jpg","B0C3RWN29W","Guy-Tech AC Adapter Compatible with DieHard 1150 Platinum Portable Power Jump Starter Power","GUY-TECH","FBM","Automotive",1762416,"N/A","N/A","N/A","N/A","Batteries & Accessories",13920,10.99,-10,2,2,300,17.43,17.4,"N/A","N/A","EXT Store","China",1,6,50,"N/A","N/A","N/A","N/A","N/A","N/A","N/A","12/31/2024",35,5,0,"N/A"
"https://amazon.com/dp/B07CTZ5DDF","https://m.media-amazon.com/images/I/51J2yYqHTZL._SX450_.jpg","B07CTZ5DDF","Clore Automotive JNC8800 12V Jump-N-Carry Capacitor Jump Starter","Clore Automotive","FBM","Automotive",1763728,010271025879,00010271025879,0010271025879,"N/A","Jump Starters",1687,451.02,-12,1,1,-87,482.56,482.49,11,3.1,"Homestead Supply & More ✅","USA",1,17,-81,"Large bulky",6,15,16,11.4,"N/A","N/A","12/31/2024",92,1,0,0.1
"https://amazon.com/dp/B0F63D4ZV2","https://m.media-amazon.com/images/I/71R3LsYiIAL._SX450_.jpg","B0F63D4ZV2","Portable Car Jump Starter with Air Compressor 3500A Portable Car Battery Booster 150PSI Tire Inflator 12V Jump Box Car Battery Jumper Starter(All Gas/10L Diesel) with Lights Power Bank Storage Bag","VISLONE","FBM","Automotive",1768148,"N/A","N/A","N/A","N/A","Jump Starters",1682,51.29,-57,1,1,-120,67.68,67.64,4,3.5,"ZHengHUiXin","China",1,0,"N/A","N/A","N/A","N/A","N/A","N/A","N/A","N/A","10/31/2025",8,9,0,0.35
"https://amazon.com/dp/B0D6YDBTCN","https://m.media-amazon.com/images/I/71EWqP0OX6L._SX450_.jpg","B0D6YDBTCN","MIXBEL Jump Starter 3000A Peak 12V Portable Car Battery Jump Starter 24000mAh Jump Box for up to 8L Gas or 8L Diesel Engine Jump Starter Battery Pack with LED Light, USB QC 3.0 and Wireless Charging","MIXBEL","FBA","Automotive",1770943,"N/A","N/A","N/A","N/A","Batteries & Accessories",13917,99.99,"N/A",2,2,700,179.17,179.07,82,4.4,"MIXBEL-US","China",1,68,"N/A","Large Standard-Size",3.78,6.3,9.49,2.67,113.73,313.74,"11/30/2024",18,7,3,0.02
"https://amazon.com/dp/B089T4D3TW","https://m.media-amazon.com/images/I/71j41S6t-xS._SX450_.jpg","B089T4D3TW","Portable Car Jump Starter 1400 Amp High Performance Power Station with Double AC 110 Volt Inverter Outlets 400W, 260 PSI Air Compressor, Double DC Sockets 12V/11A, 5V/2.1A USB Ports","Hereta","FBM","Automotive",1774039,778957820834,"N/A",0778957820834,"N/A","Jump Starters",1684,169.99,"N/A",0,0,,"-","-",280,4.2,"Tyrell Tech US","China",1,16,-89,"Large bulky",10,13,13,20,"N/A","N/A","10/31/2024",69,8,0,0
"https://amazon.com/dp/B0DZ2HLFHZ","https://m.media-amazon.com/images/I/61rfN7I97zL._SX450_.jpg","B0DZ2HLFHZ","12V Car Jump Starter Adapter Fit for Milwaukee 18V Battery for M18 Li-ion, with 11 AWG Cable Clamp Kit, Jump Starting Adapter Fit for Up to 3.5L Engine (Battery Not Included)","JJFX","FBA","Automotive",1776123,707154993348,"N/A",0707154993348,"N/A","Batteries & Accessories",14011,31.99,-6,1,1,-114,31.99,31.93,6,3.7,"JJFX","China",1,0,"N/A","Large Standard-Size",3.5,3.5,5.35,0.79,33,91.02,"04/30/2025",11,8,0,0.17
"https://amazon.com/dp/B0FQCHN21V","https://m.media-amazon.com/images/I/71FKOU0N+lL._SX450_.jpg","B0FQCHN21V","SIATELOO 3000A Car Jump Starter with Air Compressor, Portable Emergency Car Kit with Tire Inflator, Power Pack for 6.5L Diesel/7.0L Gas Trucks, NMC 20000mAh Battery Charger & 150PSI & SOS LED Light","SIATELOO","FBA","Automotive",1777166,738232704549,"N/A",0738232704549,"N/A","Batteries & Accessories",14123,69.99,-54,2,2,-65,169.45,169.38,9,5,"SIATELOO","China",1,0,"N/A","Large Standard-Size",4.61,5.63,8.9,3.13,116.3,320.82,"01/31/2026",4,6,2,0.27
"https://amazon.com/dp/B0GC33R6XX","https://m.media-amazon.com/images/I/51L4-EDM1NL._SX450_.jpg","B0GC33R6XX","Portable Jump Starter with Air Compressor 5000A,12V Car Charger Jump Starter Power Pack,150 PSI Tire Inflator and Jumper Box for 9.5L Gas/8.0L Diesel,with USB Port and LED (Red-Black)","coolhenry","FBM","Automotive",1779911,"N/A","N/A","N/A","N/A","Batteries & Accessories",14006,77.99,26,2,2,,158.78,115.87,1,5,"Genze E-commerce Co., Ltd","China",1,0,"N/A","N/A","N/A","N/A","N/A","N/A","N/A","N/A","01/31/2026",2,9,2,2.1
"https://amazon.com/dp/B0F1DG516K","https://m.media-amazon.com/images/I/618fQkwR81L._SX450_.jpg","B0F1DG516K","Portable Car Jump Starter with Air Compressor-150PSI&12000mAh Battery Jump Starter with Accurate Pressure Gauge-Auto Shut-Off, LED Light Electric Air Pump for Car Tires,Motorcycle,Bike, Balls","Kochnors","Amazon","Automotive",1785433,673498480144,"N/A",0673498480144,"N/A","Jump Starters",1691,62.9,5,2,2,-50,117.73,117.65,11,3.8,"Amazon","N/A",1,0,"N/A","Large Standard-Size",3.98,5.83,6.22,2.05,"N/A","N/A","09/30/2025",10,9,0,0.22
"https://amazon.com/dp/B0B8S7Q2YN","https://m.media-amazon.com/images/I/718JQx15YFL._SX450_.jpg","B0B8S7Q2YN","Tyrell Chenergy 4 in 1 Car Battery Jump Starter with 260PSI Air Compressor Portable Tire Inflator,1000 Peak Battery Booster Emergency Jump Box,12V Power Station with USB Port and DC Outlet","Tyrell Chenergy","FBA","Automotive",1793868,719710846593,"N/A",0719710846593,"N/A","Jump Starters",1696,84.99,-19,1,1,-100,85.45,85.4,72,4.3,"Tyrell Tech US","China",1,54,"N/A","Large Standard-Size",7.17,10.12,10.75,10.21,392.32,1082.26,"11/30/2025",38,7,0,0.01
"https://amazon.com/dp/B01IVKEV14","https://m.media-amazon.com/images/I/51mpT21dgtL._SX450_.jpg","B01IVKEV14","CJP-Geek AC Adapter DC Charger Compatible with Peak Stanley FATMAX 700 Peak 350 AMP J7CS Jump Starter","CJP-Geek","FBM","Automotive",1794815,798578210661,"N/A",0798578210661,"N/A","Jump Starters",1697,11.99,-25,0,0,-122,"-","-",576,4.2,"CJP-Geek","USA",1,36,-54,"Large Standard-Size",1.85,5.16,5.75,0.15,"N/A","N/A","10/31/2024",116,6,0,0
"https://amazon.com/dp/B07CSSSBN8","https://m.media-amazon.com/images/I/51LNI++9TdL._SX450_.jpg","B07CSSSBN8","Clore Automotive HT1224AGM 12/24 Volt Commercial Charger/Starter with AGM Batteries, 1 Pack","Clore Automotive","FBM","Automotive",1795501,"N/A",00010271025077,"N/A","N/A","Battery Charging Units",2670,2325.78,3,0,0,-82,"-","-",9,3.3,"Tooldom Tools","USA",8,36,-35,"Extra-large 150+ lb",19.5,22,44.1,208,"N/A","N/A","11/30/2024",91,3,0,0
"https://amazon.com/dp/B01N0EKPU1","https://m.media-amazon.com/images/I/41N-kkBluBL._SX450_.jpg","B01N0EKPU1","Accessory USA AC DC Power Adapter for Husky Vector Black & Decker Jump-Starter VEC010BD VEC189POB VEC127C VEC029AC Battery Charger","Accessory USA","FBM","Automotive",1797494,710847844469,"N/A",0710847844469,"N/A","Batteries & Accessories",14105,9.99,-12,2,2,150,16.01,15.92,1,3,"Accessory USA","China",1,8,"N/A","N/A","N/A","N/A","N/A","N/A","N/A","N/A","10/31/2024",112,1,0,1.59
"https://amazon.com/dp/B0C5WCYNHG","https://m.media-amazon.com/images/I/61MqJOPj3GL._SX450_.jpg","B0C5WCYNHG","Dysead AC Adapter Compatible with Cobra CPP 12000 JumPack XL Portable Jump Starter Battery Charger","Dysead","FBM","Automotive",1800450,"N/A","N/A","N/A","N/A","Batteries & Accessories",14114,11.99,-31,2,2,,21.39,21.33,"N/A","N/A","Sustery","China",1,13,"N/A","Large Standard-Size",3,4,4,0.25,"N/A","N/A","06/30/2025",34,5,0,"N/A"
"https://amazon.com/dp/B0G255NK1T","https://m.media-amazon.com/images/I/61uKMn8ELSL._SX450_.jpg","B0G255NK1T","EAJION 12V Super Capacitor Jump Starter, Batteryless Portable Jump Box, Jumper Cables for for 6.0 Gas & 4.0 Diesel Cars, No Pre-Charge with Built-in Supercapacitor, Portable Emergency Auto Starter","EAJION","FBA","Automotive",1809746,"N/A","N/A","N/A","N/A","Batteries & Accessories",14123,169.99,-40,2,2,,336.04,335.98,2,5,"Eajion","China",1,0,"N/A","Large Standard-Size",4.33,3.15,9.84,2.65,67.59,186.46,"01/31/2026",2,7,0,0.99
"https://amazon.com/dp/B0FDWMJK58","https://m.media-amazon.com/images/I/81Q-u8KqUkL._SX450_.jpg","B0FDWMJK58","Pursuit Car Jump Starter 1000A Peak Portable Car Battery Booster, 6400mAh Power Bank, with LED Light","Pursuit","FBM","Automotive",1811250,"N/A","N/A","N/A","N/A","Batteries & Accessories",14153,79,-35,3,3,,248.31,248.27,"N/A","N/A","Green Pursuit","USA",1,0,"N/A","N/A","N/A","N/A","N/A","N/A","N/A","N/A","02/28/2026",6,8,0,"N/A"
"https://amazon.com/dp/B09SLGWJ4K","https://m.media-amazon.com/images/I/51zwt7Fkn+L._SX450_.jpg","B09SLGWJ4K","AC Adapter Replacement for Rally 7471 Portable 8 in 1 Power Source Jump Starter DC Charger","saschedross","FBA","Automotive",1811941,"N/A","N/A",6087932106202,"N/A","Batteries & Accessories",14188,15.99,38,0,0,-127,"-","-",7,4.1,"TATMALL","China",2,40,"N/A","Large Standard-Size",1.5,3,4,0.25,9.06,25,"02/28/2025",49,4,0,0
"https://amazon.com/dp/B09SLDQZJT","https://m.media-amazon.com/images/I/51zwt7Fkn+L._SX450_.jpg","B09SLDQZJT","AC/DC Adapter Replacement for Jump Starter Portable Power Station 600 300 Amps Peak Battery","saschedross","FBM","Automotive",1813440,"N/A","N/A",6087932106301,"N/A","Batteries & Accessories",14192,7.99,-10,1,1,,7.99,7.95,1,3,"TATMALL","China",1,5,"N/A","N/A","N/A","N/A","N/A","N/A","N/A","N/A","01/31/2025",49,4,0,1
"https://amazon.com/dp/B0BZRGR8FP","https://m.media-amazon.com/images/I/612TkNV+ceL._SX450_.jpg","B0BZRGR8FP","DRAWPAW Jump Starter with Air Compressor, 2500A Car Battery Booster Pack with 150PSI Digital Tire Inflator, 12V Auto Jumper Cables Jump Box for Vehicles up 8.5L Gas or 6.5L Diesel (Grey)","DRAWPAW","FBM","Automotive",1822793,738281471362,"N/A",0738281471362,"N/A","Batteries & Accessories",14211,189.78,-20,2,2,-67,400.83,400.71,24,4.9,"TheBestWayMarket","USA",1,9,"N/A","N/A","N/A","N/A","N/A","N/A","N/A","N/A","11/30/2025",20,1,0,0.09
"https://amazon.com/dp/B08H1XWSVF","https://m.media-amazon.com/images/I/71nfjSmZHXL._SX450_.jpg","B08H1XWSVF","AC Adapter for Wagan Power Dome NO. 2354 400W Jump Starter Car Auto Battery Jump Start Wall DC Power Supply Charger Cord Cable, 5 Feet, with LED Indicator","GUY-TECH","FBM","Automotive",1827929,757926746597,"N/A",0757926746597,"N/A","Batteries & Accessories",14228,14.99,9,3,3,450,41.86,41.79,1,3,"GuyPower","China",1,10,"N/A","N/A","N/A","N/A","N/A","N/A","N/A","N/A","01/31/2025",86,2,0,2.78
"https://amazon.com/dp/B07JH68NMG","https://m.media-amazon.com/images/I/61zCYhBFLfL._SX450_.jpg","B07JH68NMG","T POWER 12v 14v Charger for Halo Bolt 57720 58830 126510 55500 Wagan Duracell Duralast Vector Battery Jump Starter Harbor Freight Power System # 96157 Ac Dc Adapter Power Supply","T POWER","FBM","Automotive",1828301,843788100421,"N/A",0843788100421,"N/A","Batteries & Accessories",14277,9.99,-37,3,3,,28.45,28.34,14,3.8,"T-Power USA","USA",1,17,-35,"Large Standard-Size",4,4,2,0.25,"N/A","N/A","09/30/2024",89,5,0,0.2
"https://amazon.com/dp/B077V2FZZC","https://m.media-amazon.com/images/I/71XaEhcKkzL._SX450_.jpg","B077V2FZZC","Omnihil AC/DC Power Adapter Compatible with Rugged Geek RG1000 Safety 1000A Portable Car Jump Starter","OMNIHIL","FBM","Automotive",1833263,"N/A","N/A",4953663125831,"N/A","Batteries & Accessories",14306,15.96,-17,2,2,,33.21,33.18,9,3.6,"OMNIHIL","USA",2,19,-41,"Large Standard-Size",1.81,3.5,4.13,0.39,"N/A","N/A","01/31/2025",99,5,0,0.23
"https://amazon.com/dp/B09SLKLBWP","https://m.media-amazon.com/images/I/51zwt7Fkn+L._SX450_.jpg","B09SLKLBWP","AC Adapter Replacement for Duralast Gold 1200 Peak Amps Jump Starter BP-DL1200PS BP-DLG1200PS","saschedross","FBA","Automotive",1836218,"N/A","N/A",6087932110124,"N/A","Batteries & Accessories",14319,10.78,-2,0,0,,"-","-",1,5,"TATMALL","China",2,0,"N/A","Large Standard-Size",1.5,3,4,0.25,9.06,25,"09/30/2025",49,4,0,0
"https://amazon.com/dp/B0CQYK8V14","https://m.media-amazon.com/images/I/41nilswhGNL._SX450_.jpg","B0CQYK8V14","Onerbl 5V Micro USB AC/DC Adapter Compatible with Limitless JUMPSMART-10IN1-001 JUMPSMART-10IN1-004 JUMPSMART-10IN1-006 JumpSmart 10-in-1 Portable Vehicle Jump Starter Flashlight Power Bank Charger","onerbl","FBM","Automotive",1836965,"N/A","N/A",4741640844932,"N/A","Batteries & Accessories",14280,15.89,-14,3,3,300,39.38,39.26,"N/A","N/A","GreatComputerParts","China",1,10,"N/A","N/A","N/A","N/A","N/A","N/A","N/A","N/A","02/28/2026",27,4,0,"N/A"
"https://amazon.com/dp/B08NT83KTK","https://m.media-amazon.com/images/I/717mhp9vgYL._SX450_.jpg","B08NT83KTK","AC Adapter for RFD4902 Rockford Pocket Power XD Jump Starter car Jump Start DC Power Supply Charger Cord Cable, 5 Feet, with LED Indicator, Compatible Replacement","GUY-TECH","FBM","Automotive",1838054,757926763587,"N/A",0757926763587,"N/A","Batteries & Accessories",14292,9.99,-42,2,2,-47,21.69,21.58,6,3.3,"GreatPowerDirect","China",2,19,-46,"Large Standard-Size",4,2.4,2.4,0.31,"N/A","N/A","06/30/2024",80,2,0,0.39
"https://amazon.com/dp/B0B4263KZW","https://m.media-amazon.com/images/I/613Q941XeWL._SX450_.jpg","B0B4263KZW","UpBright AC/DC Adapter Compatible with mophie Powerstation go Supreme Supre me Charging PWRSTION-GO-WRLS 44400 mWh Portable Battery 12V Car Jump Starter 401104128 Power Station Supply Cord Charger","UPBRIGHT","FBA","Automotive",1840353,"N/A","N/A","N/A","N/A","Batteries & Accessories",14311,19.98,"N/A",1,1,-100,25.29,25.23,18,3.5,"UPBRIGHT","USA",1,6,-96,"Large Standard-Size",1.14,3.66,3.7,0.13,7.77,21.44,"05/31/2024",45,5,0,0.07
"https://amazon.com/dp/B09D43FG6J","https://m.media-amazon.com/images/I/51zCE5FDXpL._SX450_.jpg","B09D43FG6J","Raion Power 12V 22Ah Replacement AGM Battery for Truck PAC ES1230 Jump Starter for ES5000-1 Pack","Raion Power","FBM","Automotive",1840732,"N/A","N/A","N/A","N/A","Batteries & Accessories",14312,67.99,-21,2,2,,145.6,145.54,"N/A","N/A","Raion Group","USA",1,6,-71,"Large Standard-Size",9,7,6,13.68,"N/A","N/A","08/31/2024",55,4,0,"N/A"
"https://amazon.com/dp/B0GGB6LC2P","https://m.media-amazon.com/images/I/71ud-stOrdL._SX450_.jpg","B0GGB6LC2P","Jump Starters with Air Compressor | 250PSI Tire Inflator Portable Car Battery Booster with, 12V Supersafe Lithium Jump Box Car Battery Jumper Starter (10.0 Gas/6.5L Diesel)","POSIKO","FBM","Automotive",1846039,"N/A","N/A","N/A","N/A","Batteries & Accessories",14333,9.99,-69,1,1,,19.37,19.32,"N/A","N/A","POSIKO","China",1,0,"N/A","Large Standard-Size",5.11,4.72,8.85,0.45,"N/A","N/A","01/31/2026",2,6,0,"N/A"
"https://amazon.com/dp/B0B5CK9VSK","https://m.media-amazon.com/images/I/51+DQ8xjmmL._SX450_.jpg","B0B5CK9VSK","Portable Car Jump Starter Powerful 8000 mAh Lithium Battery 800A Peak 14.8V (Up to 8-Cylinder, 5.0-Liter), Car Battery Booster Pack, 4-Mode 600Lm LED Flashlight & Power Bank Emergency Hammer","PNMNBW","FBA","Automotive",1848883,604477896984,"N/A",0604477896984,"N/A","Jump Starters",1728,59.99,-24,1,1,,80.45,80.42,15,3.4,"bells2000","China",2,12,33,"Large Standard-Size",2.4,6.46,12.28,2.38,95.86,264.43,"03/31/2025",43,6,0,0.09
"https://amazon.com/dp/B0GC4RR5L6","https://m.media-amazon.com/images/I/71iS+C+9RZL._SX450_.jpg","B0GC4RR5L6","Yue-Leah K10A 1000A Jump Starter, Portable Car Battery Jump Starter with Air Compressor, 12V Lithium Battery Booster Pack, Power Bank & Jumper Cables for 6.0L Gas & 3.0L Diesel Engines","Yue-Leah","-","Automotive",1864673,"N/A","N/A","N/A","N/A","Batteries & Accessories",14477,90.99,"N/A",1,1,,90.99,90.97,"N/A","N/A",,"N/A",1,0,"N/A","Large Standard-Size",10.3,4.6,5.9,3.5,"N/A","N/A","-",0,"N/A",0,"N/A"
"https://amazon.com/dp/B0FXWCQDG8","https://m.media-amazon.com/images/I/61T2sHJ41tL._SX450_.jpg","B0FXWCQDG8","Sharmeal Jump Starter with Air Compressor, 6000A Car Battery Jump Starter(All Gas/10.0L Diesel), 150PSI 12V Jump Box Car Battery Jumper Starter Portable with LED Light","Sharmeal","FBA","Automotive",1866684,"N/A","N/A","N/A","N/A","Batteries & Accessories",14498,64.7,"N/A",2,2,,149.43,149.38,"N/A","N/A","Sharmeal","China",1,0,"N/A","Large Standard-Size",8.07,2.17,4.45,1.73,39.23,108.23,"11/30/2025",4,5,0,"N/A"
"https://amazon.com/dp/B0039K5XN2","https://m.media-amazon.com/images/I/812l1ql8XgL._SX450_.jpg","B0039K5XN2","Quick Cable 604053 WSL Rescue Jump Pack 1800 Model","Quick Cable","FBM","Automotive",1879451,017378129530,00017378129530,0017378129530,"N/A","Batteries & Accessories",14558,349.83,-26,5,5,150,1902.26,1902.14,20,3.9,"Megamart USA","USA",8,29,26,"Large bulky",10.5,16,17.25,35.8,"N/A","N/A","08/31/2024",180,6,0,0.27
"https://amazon.com/dp/B078X39M9T","https://m.media-amazon.com/images/I/61jkV-2Uu1L._SX450_.jpg","B078X39M9T","PK Power AC Adapter for Power On Board 450 AMP Jumpstart Air Compressor VECO12POB","PKPOWER","FBM","Automotive",1880627,716833393225,"N/A",0716833393225,"N/A","Batteries & Accessories",14564,14.49,1,0,0,-119,"-","-",27,4.3,"PK-Power","China",1,35,-82,"N/A","N/A","N/A","N/A","N/A","N/A","N/A","02/29/2024",98,5,0,0
"https://amazon.com/dp/B0FLPVC1JF","https://m.media-amazon.com/images/I/71lCVbQeYCL._SX450_.jpg","B0FLPVC1JF","AUXITO Portable Jump Starter with Air Compressor, 6000A Tire Inflator and Battery Jumper, 150PSI Fast Inflation, for All 12V Vehicle, 7-in 1 Emergency Power Bank with LED Light & SOS","AUXITO","FBA","Automotive",1896289,"N/A","N/A","N/A","N/A","Batteries & Accessories",14610,99.99,-21,0,0,-114,"-","-",2,5,"AUXITO PARTS","China",1,0,"N/A","Large Standard-Size",4.8,5.28,9.76,3.26,124.54,343.55,"10/31/2025",5,8,0,0
"https://amazon.com/dp/B0BHC2WK8V","https://m.media-amazon.com/images/I/71h1QWtIobL._SX450_.jpg","B0BHC2WK8V","AJC Battery Compatible with JUMP N CARRY JNC110 12V 18Ah Jump Starter Battery","AJC","FBM","Automotive",1898464,688624467593,"N/A",0688624467593,"N/A","Batteries & Accessories",14663,64.39,-23,1,1,-110,69.17,69.15,"N/A","N/A","BuyClerk","USA",1,15,15,"Large Standard-Size",7.09,3.03,6.57,12.1,"N/A","N/A","12/31/2025",42,5,0,"N/A"
"https://amazon.com/dp/B074DR92DR","https://m.media-amazon.com/images/I/619PARs0KsL._SX450_.jpg","B074DR92DR","PK Power Charger for Xantrex Powerpack 200 300 300i 400 Plus Power Jump Starter","PKPOWER","FBM","Automotive",1898818,716833196345,"N/A",0716833196345,"N/A","Batteries & Accessories",14624,6.58,-36,1,1,,3.94,3.89,"N/A","N/A","PK-Power","China",1,5,"N/A","N/A","N/A","N/A","N/A","N/A","N/A","N/A","01/31/2025",104,5,0,"N/A"
"https://amazon.com/dp/B07VP3QW76","https://m.media-amazon.com/images/I/61+ubZ5lSwL._SX450_.jpg","B07VP3QW76","LKPower AC/DC Adapter Replacement for Wagan Tech Jumpboost V6 V8 V10 Air 7552 7550 7556 Jump Boost Starter iOnBoost V 6 8 V 10 7501 7503 7502 7506 i On iOn Boost Lithium Jumpstarter Battery Charger","LKPower","FBM","Automotive",1899489,"N/A","N/A",5292350312055,"N/A","Batteries & Accessories",14612,9.98,-40,1,1,-60,10.97,10.93,7,3.4,"GreatComputerParts","China",1,13,8,"N/A","N/A","N/A","N/A","N/A","N/A","N/A","02/28/2025",80,4,0,0.16
"https://amazon.com/dp/B0DTHQ5KL6","https://m.media-amazon.com/images/I/613JakcqXlL._SX450_.jpg","B0DTHQ5KL6","GEOSTAR 4-in-1 Jump Starter with Air Compressor 150PSI, 750A Portable Battery for 8.0L and 6.0L Engines, with Smart Jumper Cable, 2 USB Ports, 2 DC Ports, LED Light","GEOSTAR GEOSTAR","FBA","Automotive",1902915,"N/A","N/A","N/A","N/A","Batteries & Accessories",14650,79.99,-66,0,0,-132,"-","-",11,3.8,"GEOSTAR","China",1,0,"N/A","Large Standard-Size",7.95,11.61,11.65,9.04,541.38,1493.46,"11/30/2025",8,7,2,0.01
"https://amazon.com/dp/B0CXMHDKBR","https://m.media-amazon.com/images/I/61Ju8Kh9WuL._SX450_.jpg","B0CXMHDKBR","Digipartspower Wall AC Adapter Charger Compatible with TACKLIFE T8 800A car 12V Battery Jump Starter Power","Digipartspower","FBM","Automotive",1904751,"N/A","N/A","N/A","N/A","Batteries & Accessories",14699,11.69,-23,0,0,,"-","-","N/A","N/A","Digipartspower","China",1,6,"N/A","N/A","N/A","N/A","N/A","N/A","N/A","N/A","05/31/2025",24,5,0,"N/A"
"https://amazon.com/dp/B0FGTNGKG4","https://m.media-amazon.com/images/I/61aCSLuP3oL._SX450_.jpg","B0FGTNGKG4","JA301 Jump Starter w/Air Compressor 2000Amp 12V 150PSI-35l/min","Takao","FBM","Automotive",1907643,808228778011,"N/A",0808228778011,"N/A","Jump Starters",1753,149.99,-22,1,1,-50,112.49,112.49,2,3.2,"BoostProjects","USA",1,0,"N/A","N/A",5,11,6,"N/A","N/A","N/A","11/30/2025",9,4,0,0.38
"https://amazon.com/dp/B0CBR5PY68","https://m.media-amazon.com/images/I/61l+CSknDiL._SX450_.jpg","B0CBR5PY68","SLLEA AC/DC Adapter Replacement for Solar 300XL JNC300XL Jump-N-Carry Booster Jump Starter Charger","SLLEA","FBA","Automotive",1916864,"N/A","N/A","N/A","N/A","Batteries & Accessories",14726,9.29,-28,1,1,550,8.93,8.9,"N/A","N/A","FXOAWENQIC","China",2,28,-7,"Large Standard-Size",2,3,4,0.19,12.08,33.33,"01/31/2025",32,5,0,"N/A"
"https://amazon.com/dp/B0FQCB4CN3","https://m.media-amazon.com/images/I/614R9BmrgwL._SX450_.jpg","B0FQCB4CN3","Car Battery Jump Starter,1200A Peak Portable Jumper Starter Battery Power Pack for 12V Gasoline Car,Portable Jump Box with 3Modes Flashlight and Jumper Cables CarStarter with LCD Display and LED Light","WeekBack","FBA","Automotive",1917081,706047618221,"N/A",0706047618221,"N/A","Jump Starters",1758,40.99,"N/A",4,4,,222.8,222.73,5,5,"YayuehuiheLZW","N/A",1,0,"N/A","Large Standard-Size",3.23,4.84,8.27,1.52,65.09,179.56,"02/28/2026",2,7,0,0.77
"https://amazon.com/dp/B09T76MR9W","https://m.media-amazon.com/images/I/51zwt7Fkn+L._SX450_.jpg","B09T76MR9W","12V AC/DC Adapter Compatible with Wagan Tech Jumpboost V6 Air V8 V10 7552 7550 7556 Jump Boost Starter iOnBoost V 6 8 10 7501 7503 7502 7506 iOn Boost Car 12 Volt Power Supply Battery Charger","saschedross","FBM","Automotive",1923526,"N/A","N/A",6087932132331,"N/A","Batteries & Accessories",14812,9.88,-36,0,0,-86,"-","-",4,3.7,"TATMALL","China",1,19,-69,"N/A","N/A","N/A","N/A","N/A","N/A","N/A","09/30/2024",49,4,0,0.03
"https://amazon.com/dp/B07ZKDVWZX","https://m.media-amazon.com/images/I/41yZOBWpSlL._SX450_.jpg","B07ZKDVWZX","CAR Charger Adapter for Peak Stanley FATMAX 700 Peak 350 AMP J7CSR Jump Starter","YUSTDA","FBM","Automotive",1926644,"N/A","N/A","N/A","N/A","Batteries & Accessories",14835,9.99,-26,3,3,,31.63,31.47,12,4.4,"EPtech","USA",2,12,"N/A","N/A","N/A","N/A","N/A","N/A","N/A","N/A","02/28/2026",77,1,0,0.26
"https://amazon.com/dp/B0F6BWNXDL","https://m.media-amazon.com/images/I/71ctTg1UDQL._SX450_.jpg","B0F6BWNXDL","6250A Jump Starter with Air Compressor, 150PSI Portable Tire Inflator & 12V Car Battery Booster (Up to 9.0L Gas/7.0L Diesel), Jump Box with 48-Month Standby, One-Button Reconnect, 2.5"" LED & EVA Case","ATGFOX","FBA","Automotive",1932714,"N/A","N/A","N/A","N/A","Jump Starters",1765,69.99,20,2,2,450,183.36,183.32,28,4.2,"ATGFOX","China",1,0,"N/A","Large Standard-Size",4.41,5.87,10,3.04,130.33,359.54,"02/28/2026",6,9,0,0.06