"URL","Image URL","ASIN","Title","Brand","Fulfillment","Category","BSR","UPC","GTIN","EAN","ISBN","Subcategory","Subcategory BSR","Price","Price Trend (90 days) (%)","Parent Level Sales","ASIN Sales","Sales Trend (90 days) (%)","Parent Level Revenue","ASIN Revenue","Review Count","Reviews Rating","Seller","Seller Country/Region","Number of Active Sellers","Last Year Sales","Sales Year Over Year (%)","Shipping Details","Length","Width","Height","Weight","Storage Fee (Jan - Sep)","Storage Fee (Oct - Dec)","Best Sales Period","Listing Age (Months)","Number of Images","Variation Count","Sales to Reviews"
"https://amazon.com/dp/B0CXMBXX3V","https://m.media-amazon.com/images/I/81pg-6wgs7L._SX450_.jpg","B0CXMBXX3V","khanka Hard Travel Case Replacement for HALO Bolt Air 58830,Case Only (Green)","khanka","FBA","Automotive",204989,"N/A","N/A","N/A","N/A","Batteries & Accessories",3045,14.99,42,36,9,-58,635.03,138.26,164,4.1,"Khankastore","Hong Kong",1,952,-53,"Large Standard-Size",4.33,7.32,12.71,0.86,202.82,559.52,"11/30/2024",24,9,8,0.22
"https://amazon.com/dp/B0CXM13KSP","https://m.media-amazon.com/images/I/813ZG5Co0NL._SX450_.jpg","B0CXM13KSP","khanka Hard Travel Case Replacement for HALO Bolt Air 58830,Case Only (Black)","khanka","FBA","Automotive",205005,"N/A","N/A","N/A","N/A","Batteries & Accessories",3044,17.99,-34,36,5,-58,635.03,96.28,164,4.1,"Khankastore","Hong Kong",1,952,-53,"Large Standard-Size",4.37,7.4,11.38,0.57,185.28,511.12,"11/30/2024",24,9,8,0.22
"https://amazon.com/dp/B0CXMC6KYD","https://m.media-amazon.com/images/I/91kJCx0cnHL._SX450_.jpg","B0CXMC6KYD","khanka Hard Travel Case Replacement for HALO Bolt Air 58830,Case Only (White)","khanka","FBA","Automotive",205009,"N/A","N/A","N/A","N/A","Batteries & Accessories",3045,19.99,62,36,3,-58,635.03,66.34,164,4.1,"Khankastore","Hong Kong",1,952,-53,"Large Standard-Size",4.29,7.4,13.54,0.73,216.41,597,"11/30/2024",24,9,8,0.22
"https://amazon.com/dp/B0CXM154K7","https://m.media-amazon.com/images/I/91mZLfq1RSL._SX450_.jpg","B0CXM154K7","khanka Hard Travel Case Replacement for HALO Bolt Air 58830,Case Only (Sky Blue)","khanka","FBA","Automotive",205009,"N/A","N/A","N/A","N/A","Batteries & Accessories",3045,17.99,-15,36,5,-58,635.03,83.15,164,4.1,"Khankastore","Hong Kong",1,952,-53,"Large Standard-Size",4.41,8.27,11.65,0.75,213.92,590.12,"11/30/2024",24,9,8,0.22
"https://amazon.com/dp/B0B1ZG4Q4Z","https://m.media-amazon.com/images/I/41pAXgzqxrL._SX450_.jpg","B0B1ZG4Q4Z","DICMIC Battery Jump Post with Water Resistant High Voltage Cables for Can Am Maverick X3 Fits in Factory Holes and Hardware","DICMIC","FBA","Automotive",205565,"N/A","N/A","N/A","N/A","Batteries & Accessories",3055,38.99,-20,38,38,339,1483.54,1483.4,12,4.3,"DICMIC Motor","China",1,353,30,"Large Standard-Size",3.15,7.4,9.72,3.28,114.07,314.69,"11/30/2024",45,6,0,3.17
"https://amazon.com/dp/B0CXLD7NDQ","https://m.media-amazon.com/images/I/91qY1qBgluL._SX450_.jpg","B0CXLD7NDQ","khanka Hard Travel Case Replacement for HALO Bolt Air 58830,Case Only (Red)","khanka","FBA","Automotive",205936,"N/A","N/A","N/A","N/A","Batteries & Accessories",3114,20.99,40,36,2,-58,635.03,40.07,164,4.1,"Khankastore","Hong Kong",1,952,-53,"Large Standard-Size",4.33,6.81,12.13,0.73,180.08,496.78,"11/30/2024",24,9,8,0.22
"https://amazon.com/dp/B0D8LLRPKV","https://m.media-amazon.com/images/I/4182b3UQpJL._SX450_.jpg","B0D8LLRPKV","Car Battery Jump Starter 5000A Smart Portable Car Jump Starter Battery Pack (10.0 Gas/9.0L Diesel) 12V Safe Car Jumper with LCD Display Extended Jumper Cables, Fast Charge LED Light","WHZOHCAR","FBA","Automotive",207156,"N/A","N/A","N/A","N/A","Batteries & Accessories",3138,28.99,-7,60,60,169,1736.48,1735.75,173,4.3,"HRCX-EU","China",1,278,"N/A","Large Standard-Size",2.01,8.15,10.63,1.63,87.67,241.85,"02/28/2025",19,8,0,0.35
"https://amazon.com/dp/B0GMFDSBGP","https://m.media-amazon.com/images/I/71zfAnRNHEL._SX450_.jpg","B0GMFDSBGP","Nuynix Jump Starter with Air Compressor, 3000A Portable Car Battery Booster (Up to 9.0L Gas/7.0L Diesel) with 150PSI Auto-Shutoff Tire Inflator, 12V Lithium Jump Box, LED Display & Jumper Cables","Nuynix","-","Automotive",207483,750834340932,"N/A",0750834340932,"N/A","Batteries & Accessories",3141,159.99,"N/A",1,1,,89.99,89.95,"N/A","N/A",,"N/A",2,0,"N/A","Large Standard-Size",4.33,5.83,9.61,2.91,"N/A","N/A","-",0,7,0,"N/A"
"https://amazon.com/dp/B0GDFJR2HC","https://m.media-amazon.com/images/I/71A6YLC4CuL._SX450_.jpg","B0GDFJR2HC","Karlxtom Car Battery Jump Starter with Air Compressor, 4500A Portable Car Jump Starter (All Gas /12L Diesel) with 190PSI Auto-Shutoff Tire Inflator, [2026 NEW Model] 12V Jump Box with LCD Display","Karlxtom","FBA","Automotive",209084,"N/A","N/A",5410499138569,"N/A","Batteries & Accessories",3112,49.99,-42,48,48,,2893.56,2893.27,72,4.6,"LNUO","China",1,0,"N/A","Large Standard-Size",4.41,5.98,9.61,2.91,127.62,352.06,"02/28/2026",1,8,3,0.67
"https://amazon.com/dp/B0C6G83CCD","https://m.media-amazon.com/images/I/613aSChxYJL._SX450_.jpg","B0C6G83CCD","eeTao 14.5V AC/DC Adapter Charger Compatible with Dewalt DXAEPS14 DXAEPS14CA 1600 1400 011-2070-4 DXAEPS14CA 12V Portable Power Station Jump Starter Air Compressor DXAEP514 Power Supply","eeTao","FBA","Automotive",209375,"N/A","N/A","N/A","N/A","Batteries & Accessories",3101,9.99,-11,33,33,-10,328.1,327.66,16,4.8,"eeTao","Hong Kong",2,351,211,"Large Standard-Size",1.06,3.62,3.9,0.13,7.56,20.84,"01/31/2026",34,6,0,2.05
"https://amazon.com/dp/B0DRFYWFKD","https://m.media-amazon.com/images/I/71wbnQFA05L._SX450_.jpg","B0DRFYWFKD","BSMOOM Car Jump Starter,5000A Portable Car Jump Starter Battery Pack (10.0L Gas/8L Diesel) 12V Car Battery Charger Jumper Starter, Jumper Cables,Portable Lithium Jump Box with LED Light/USB QC3.0","BSMOOM","FBA","Automotive",209534,761814058563,"N/A",0761814058563,"N/A","Batteries & Accessories",3103,34.19,-2,2,67,,62.03,2364.8,31,4.3,"ManChiGu US Inc","China",1,3,"N/A","Large Standard-Size",2.01,8.74,10.67,1.65,94.37,260.34,"02/28/2025",12,7,0,0.06
"https://amazon.com/dp/B0DS3T6LX5","https://m.media-amazon.com/images/I/81yiaRP6SRL._SX450_.jpg","B0DS3T6LX5","FBLFOBELI Hard Travel Carrying Case Compatible with Halo Bolt Air 58830/57720 / USB 58830 mWh/Ultimate 2.0 Portable Emergency Power Kit, Storage Bag for Car Charger Power Bank (Case Only) (Grey)","FBLFOBELI","FBA","Automotive",210214,"N/A","N/A","N/A","N/A","Batteries & Accessories",5634,17.99,-10,57,19,-46,1017.73,345.03,97,4.6,"FBL Fobeli","China",1,855,"N/A","Large Standard-Size",10,5,3,0.73,75.52,208.33,"11/30/2025",46,7,4,0.58
"https://amazon.com/dp/B0DS48FZBR","https://m.media-amazon.com/images/I/81hJy8S9M2L._SX450_.jpg","B0DS48FZBR","FBLFOBELI Hard Travel Carrying Case Compatible with Halo Bolt Air 58830/57720 / USB 58830 mWh/Ultimate 2.0 Portable Emergency Power Kit, Storage Bag for Car Charger Power Bank (Case Only) (Black)","FBLFOBELI","FBA","Automotive",210214,"N/A","N/A","N/A","N/A","Batteries & Accessories",5634,17.99,-27,57,19,-46,1017.73,333.56,97,4.6,"FBL Fobeli","China",1,855,"N/A","Large Standard-Size",3.9,6.42,10.55,0.73,132.99,366.88,"11/30/2025",46,7,4,0.58
"https://amazon.com/dp/B0GFCS4GB5","https://m.media-amazon.com/images/I/41gyXBunPCL._SX450_.jpg","B0GFCS4GB5","10000A Jump Starter, 24V Car Battery Jumper Starter for All Gas & All Diesel Engines, Heavy Duty Jump Starters, Truck Jump Starter Power Station for Camping Outdoors","Scatach","-","Automotive",210804,"N/A","N/A","N/A","N/A","Batteries & Accessories",3182,299.99,"N/A",0,0,,"-","-","N/A","N/A",,"N/A",1,0,"N/A","Large bulky",9.8,12.76,14.57,13.58,"N/A","N/A","-",0,"N/A",0,"N/A"
"https://amazon.com/dp/B0CZXGM16M","https://m.media-amazon.com/images/I/613md1rxCZL._SX450_.jpg","B0CZXGM16M","Jump Starter with Air Compressor, Jump Box 4000A Portable Jump Starter (9.0L Gas/7.0L Diesel), 12V Car Battery Jumper Starter with 150PSI Tire Inflator, Display, 3 Mode Flashlight","katoroe","FBA","Automotive",211736,727636495979,"N/A",0727636495979,"N/A","Batteries & Accessories",3140,54.99,-35,27,29,,1328.69,1552.6,35,4.4,"katoroe jump starter","China",1,0,"N/A","Large Standard-Size",2.83,8.5,9.88,2.56,119.66,330.09,"02/28/2026",2,7,4,0.75
"https://amazon.com/dp/B0756MHZDL","https://m.media-amazon.com/images/I/61tja7zTNuL._SX450_.jpg","B0756MHZDL","Schumacher Electric DSR Pro Series 6V / 12V Car Battery Charger & Maintainer - 125A Engine Starter with 15A / 40A Boost Mode - Quickly Bring Deeply Discharged Batteries Back to Life - DSR118","Schumacher Electric","FBA","Automotive",213036,026666420822,00026666420822,0026666420822,"N/A","Jump Starters",531,90,-51,22,22,120,2237.79,2237.67,263,3.8,"Voadera","USA",1,0,"N/A","Large bulky",8.7,11.3,11.5,17.6,366.39,915.97,"02/28/2026",103,7,0,0.08
"https://amazon.com/dp/B0BG3YL7HJ","https://m.media-amazon.com/images/I/41rN6Wp9MJL._SX450_.jpg","B0BG3YL7HJ","VTOMAN V6 Pro Jump Starter, 2000A Car Battery Jumper Starter Portable for 7L Gas/5L Diesel Engines, Jump Box,12V Auto Jump Start Battery Pack, Lithium Booster Pack, Portable Charger and Jumper Cables","VTOMAN","FBA","Automotive",213672,"N/A","N/A","N/A","N/A","Jump Starters",537,69.99,37,42,42,-112,2944.86,2944.32,1246,4.6,"VTOMAN","China",1,4723,"N/A","Large Standard-Size",4.17,5.04,7.68,1.9,81.26,224.18,"11/30/2025",39,8,2,0.03
"https://amazon.com/dp/B0CZN2HV34","https://m.media-amazon.com/images/I/718aXWpyD0L._SX450_.jpg","B0CZN2HV34","Car Jump Starter, 3000A Jump Starter Battery Pack for Up to 9.0L Gas or 7.5L Diesel Engine, 12V Car Battery Jump Starter, Jump Box with LED Light, Storage Case, and Dual USB Output.","GIMFOOM","FBA","Automotive",213704,"N/A","N/A","N/A","N/A","Batteries & Accessories",3912,69.99,-23,44,26,-58,3107.23,1825.86,600,4.5,"GIMFOOM STORE","China",1,1337,-83,"Large Standard-Size",3.9,6.34,9.92,2.65,123.49,340.67,"06/30/2024",21,8,3,0.07
"https://amazon.com/dp/B0DKHY6HSB","https://m.media-amazon.com/images/I/71CEYvntyYL._SX450_.jpg","B0DKHY6HSB","65W USB C Charger for NOCO Boost GBX155 X GBX45 1250A GBX55 GBX75 1750A GBX75 2500A GBX155 4250A for TREKURE ‎Beta07 for YABER AUTO YA60 UltraSafe Portable Jump Starter DC 20V Power Cord Replacement","XHUCHINMAL","FBA","Automotive",213875,"N/A","N/A","N/A","N/A","Batteries & Accessories",3150,18.99,-1,50,50,-19,984.72,984.22,29,4.3,"MTYKJ","China",1,737,"N/A","Large Standard-Size",2.2,2.95,5.51,0.51,18,49.67,"09/30/2025",15,7,0,1.77
"https://amazon.com/dp/B0F21MMJCG","https://m.media-amazon.com/images/I/71yYVg95Q4L._SX450_.jpg","B0F21MMJCG","7000A Jump Starter with Air Compressor, 21800mAh 150PSI Portable Car Battery Jump Starter (All Gas/16L Diesel), 12V Supersafe Jump Box Car Battery Booster with Jumper Cables, Lights","OGORI NEW","FBA","Automotive",215144,792580265947,"N/A",0792580265947,"N/A","Jump Starters",495,56.99,-36,58,44,,3721.2,2692.97,157,4.6,"bajiang","China",1,0,"N/A","Large Standard-Size",2.52,8.86,10.98,2.71,123.43,340.49,"02/28/2026",6,7,12,0.37
"https://amazon.com/dp/B0F2MLVQTL","https://m.media-amazon.com/images/I/711kVKnfewL._SX450_.jpg","B0F2MLVQTL","8000A Jump Starter with Air Compressor, 26800mAh 150PSI Portable Car Battery Jump Starter (All Gas/16L Diesel), 12V Supersafe Jump Box Car Battery Booster with Jumper Cables, Lights, Cigarette Lighter","OGORI NEW","FBA","Automotive",215144,792580266234,"N/A",0792580266234,"N/A","Batteries & Accessories",3326,69.99,-35,58,14,,3721.2,1027.69,158,4.6,"bajiang","China",1,0,"N/A","Large Standard-Size",2.52,8.82,10.63,2.95,118.92,328.06,"02/28/2026",8,7,12,0.37
"https://amazon.com/dp/B0CFY1RTVT","https://m.media-amazon.com/images/I/71friRS1z4L._SX450_.jpg","B0CFY1RTVT","EcoNour 2500A Portable Car Jump Starter – 12V Battery Booster Pack Up to 8.5L Gas & 6L Diesel Engines – Heavy-Duty Jump Box with Smart Jumper Cables, USB Charger, LED Flashlight – for Cars,SUVs,Trucks","EcoNour","FBA","Automotive",218394,"N/A","N/A","N/A","N/A","Batteries & Accessories",3253,54.99,-171,6,5,,321.63,275.23,61,4.4,"EcoNour","USA",1,0,"N/A","Large Standard-Size",3.23,5.08,9.17,2.09,75.75,208.98,"03/31/2026",28,6,3,0.1
"https://amazon.com/dp/B0CFY4YRGZ","https://m.media-amazon.com/images/I/71xKSSHrKUL._SX450_.jpg","B0CFY4YRGZ","EcoNour 2500A Portable Jump Starter for Car | 12V Lithium Jump Box for 8.5L Gas and 8.5L Diesel Engines | Car Jump Starter - LCD Display, Emergency Flashlight and Jumper Cables","EcoNour","FBA","Automotive",218422,"N/A","N/A","N/A","N/A","Batteries & Accessories",3211,54.99,-100,6,1,,321.63,46.37,34,4.6,"EcoNour","USA",1,0,"N/A","Large Standard-Size",3.31,5.28,9.06,2.03,79.72,219.92,"03/31/2026",28,7,3,0.17
"https://amazon.com/dp/B0DQTHVLDH","https://m.media-amazon.com/images/I/81aRwbOUVEL._SX450_.jpg","B0DQTHVLDH","Tourmate Car Jump Starter Case, Hard Case for Portable Car Jump Starter, Storage Case (Black + Red)","Tourmate","FBA","Automotive",218554,"N/A","N/A","N/A","N/A","Batteries & Accessories",3201,14.99,-31,10,10,-5,147.05,146.92,12,3.8,"ATPS STORE","China",1,120,"N/A","Large Standard-Size",7.08,4.33,3.45,0.44,53.25,146.9,"07/31/2025",15,7,1,0.82
"https://amazon.com/dp/B0GCHYV6S1","https://m.media-amazon.com/images/I/71rUQC8f+NL._SX450_.jpg","B0GCHYV6S1","Car Battery Jump Starter 5000A, 45W PD Super Fast Charging Technology, 12V Portable Battery Jumper Booster Box with Cables LED Display Flashlight for 9.0L Gas 8.0L Diesel Engines","ALDST","FBA","Automotive",219589,"N/A","N/A","N/A","N/A","Batteries & Accessories",3218,39.99,-22,95,95,,3331.38,3331.26,22,4.6,"Heal Glow","China",1,0,"N/A","Large Standard-Size",2.09,6.89,8.11,1.63,58.8,162.2,"02/28/2026",2,8,0,4.31
"https://amazon.com/dp/B0B8HD6RDB","https://m.media-amazon.com/images/I/71fMPj7nVrL._SX450_.jpg","B0B8HD6RDB","LOKITHOR JA400 1750A 12V Jump Starter with Air Compressor, 60W Two-Way Fast Charing, Lithium Car Battery Starter with 150PSI Digital Tire Inflator, Booster Pack for 7.5L Gas or 5.5L Diesel Engines","LOKITHOR","FBA","Automotive",219951,889551117098,"N/A",0889551117098,"N/A","Jump Starters",503,119.95,"N/A",31,31,,4969.7,4969.26,330,4.2,"LOKITHOR Online","China",1,630,-75,"Large Standard-Size",6.26,6.69,10.94,5.16,230.67,636.33,"03/31/2024",40,9,0,0.1
"https://amazon.com/dp/B0FJRC6QJ4","https://m.media-amazon.com/images/I/51RvcRNzpBL._SX450_.jpg","B0FJRC6QJ4","Car Jump Starter 6000A, AUTOGEN Portable Battery Jumper Starter All Gas and 10.0L Diesel Engine, Jump Start Battery Pack and Jump Box with 12V DC Output and EVA Case","AUTOGEN","FBA","Automotive",223936,"N/A","N/A","N/A","N/A","Batteries & Accessories",3253,129.99,"N/A",35,35,-53,4591.48,4591.36,31,4.5,"AUTOGEN store","China",1,0,"N/A","Large Standard-Size",4.96,7.09,10.47,4.41,185.37,511.38,"10/31/2025",5,7,0,1.14
"https://amazon.com/dp/B000JFJLOM","https://m.media-amazon.com/images/I/7127P+VYFuL._SX450_.jpg","B000JFJLOM","Clore Automotive Jump-N-Carry JNC4000 1100 Peak Amp 12V Jump Starter","Clore Automotive","FBM","Automotive",224178,747410990568,00747410990568,0747410990568,"N/A","Jump Starters",542,126.42,-5,43,43,-47,5453.61,5453.08,476,4.5,"Autoplicity ✅","USA",14,614,-32,"Large bulky",5.16,14.17,16,18.88,"N/A","N/A","12/31/2024",180,3,0,0.09
"https://amazon.com/dp/B0F3B97WZX","https://m.media-amazon.com/images/I/41eatodDbzL._SX450_.jpg","B0F3B97WZX","Jump Starter with Air Compressor, Portable Car Battery Booster for Dead Batteries, 150 PSI Tire Inflator – Starts Up to 6.5L Gas / 3.5L Diesel Engines, Power Bank, LED Display – DSMDAutos","DSMDAutos","FBA","Automotive",227957,"N/A","N/A",5070003669608,"N/A","Batteries & Accessories",3401,69.97,-51,4,4,250,244.61,244.53,59,4.7,"DSMDProducts","United Kingdom of Great Britain and Northern Ireland",1,0,"N/A","Large Standard-Size",4.76,5.51,9.41,3.02,124.26,342.78,"11/30/2025",4,9,0,0.07
"https://amazon.com/dp/B0CZ6S7NPR","https://m.media-amazon.com/images/I/71K+vn4SzEL._SX450_.jpg","B0CZ6S7NPR","ANFLAG Car Jump Starter 6000A 12V Battery Pack, 16800mAh Portable Jump Box for 10L Gas/9L Diesel Engines, with Smart Jumper Cables, LED Display, Fast Charging, SOS Light & Emergency Power Bank","ANFLAG","FBA","Automotive",228752,"N/A","N/A","N/A","N/A","Batteries & Accessories",3367,49.99,-44,13,13,,577.19,577.13,595,4.4,"Anflag Direct","China",2,0,"N/A","Large Standard-Size",3.98,5.31,9.13,2.14,97.15,267.99,"02/28/2026",21,6,2,0.02
"https://amazon.com/dp/B09SF9LT43","https://m.media-amazon.com/images/I/61-xy-F1AwL._SX450_.jpg","B09SF9LT43","UpBright 12V AC/DC Adapter Compatible with Snap-On EEJP201 EEJP201MBK EEJP200 EEJP200M EEJP200M-4 Rechargeable Lithium Ion Engine Starter 12VDC Li-Ion Jumper Jump Start Power Supply Battery Charger","UPBRIGHT","FBA","Automotive",229455,"N/A","N/A","N/A","N/A","Batteries & Accessories",3375,17.79,-12,26,26,-45,463.47,463.36,49,4.2,"PowerHOOD","USA",2,268,-36,"Large Standard-Size",1.57,3.66,4.29,0.2,12.41,34.24,"01/31/2025",151,9,0,0.53
"https://amazon.com/dp/B0FRRQDQ9W","https://m.media-amazon.com/images/I/714Ikjby88L._SX450_.jpg","B0FRRQDQ9W","Car Jump Starter with Air Compressor, 4000A Portable Jump Starter for Dead Battery, 150 PSI Tire Inflator with Auto Shut-Off, Jump Box for Up to 8.0L Gas / 6.0L Diesel, Emergency Power Pack with LED","Seiyeje","FBA","Automotive",230647,730763211893,"N/A",0730763211893,"N/A","Batteries & Accessories",3385,66.99,-21,22,22,,1444,1443.66,14,5,"Seiyeje Shop","China",1,0,"N/A","Large Standard-Size",3.82,6.77,7.56,2.73,98.43,271.54,"12/31/2025",5,9,2,1.54
"https://amazon.com/dp/B0DMVBL544","https://m.media-amazon.com/images/I/61qrcn6JI6L._SX450_.jpg","B0DMVBL544","Auxpower Jump Starter with Air Compressor,3000A Portable Car Jumper 160PSI Tire Inflator, 12V Jump Box for 6.5L Gas/3.0L Diesel Engine,Battery Jump Starter with 60W Type-C Quick Charger, 3 Modes light","Auxpower","FBA","Automotive",231665,"N/A","N/A","N/A","N/A","Batteries & Accessories",3319,41.99,-4,5,5,-45,342.75,342.65,32,4.2,"FREEINSIGHT","China",1,76,"N/A","Large Standard-Size",4.76,6.22,8.86,2.87,132.16,364.58,"02/28/2025",15,8,0,0.14
"https://amazon.com/dp/B09WDLSRBT","https://m.media-amazon.com/images/I/61FTKPMwluL._SX450_.jpg","B09WDLSRBT","UpBright 15V AC/DC Adapter Compatible with Viking 62749 64412 56797 56798 Compact Power Pack Car Jump Start Starter Harbor Freight 12 Volt Lithium Ion 12V Battery Charger K15S150100U 15.0V 1A Supply","UPBRIGHT","FBA","Automotive",231889,"N/A","N/A","N/A","N/A","Batteries & Accessories",3400,11.69,-11,24,24,-29,284.14,283.79,72,4.4,"PowerHOOD","USA",2,280,-60,"Large Standard-Size",1.42,3.39,4.06,0.18,9.84,27.14,"11/30/2024",160,6,0,0.34
"https://amazon.com/dp/B0D17HJM88","https://m.media-amazon.com/images/I/41K2uBrch-L._SX450_.jpg","B0D17HJM88","ANFLAG 7000A Car Jump Starter 12V Battery Pack, 21800mAh Portable Jump Box for All Gas & 10L Diesel Engines, Smart Jumper Cables, Force Start, -20°C Cold Cranking, 200-Lumen SOS Light & Power Bank","ANFLAG","FBA","Automotive",232652,"N/A","N/A","N/A","N/A","Batteries & Accessories",3410,38.47,-14,9,9,-109,592.31,592.13,202,4.4,"Anflag Direct","China",1,470,"N/A","Large Standard-Size",3.94,5.24,9.09,2.38,94.49,260.65,"11/30/2024",18,7,0,0.04
"https://amazon.com/dp/B08FD9SSD3","https://m.media-amazon.com/images/I/71GIsGYyhHL._SX450_.jpg","B08FD9SSD3","Power Cord Charger for EverStart maxx J7CE J7CCE 800 Peak Car Jump Starter 120 PSI Air Compressor,12V UL AC/DC Adapter Cable Fit for Ever Start max 800A Power Supply Black","PERFEIDY","FBA","Automotive",233072,738634349126,"N/A",0738634349126,"N/A","Batteries & Accessories",3409,11.36,-32,30,30,28,345.64,345.34,350,4.3,"PERFEIDY","China",1,383,-62,"Large Standard-Size",1.81,2.72,3.94,0.2,9.77,26.94,"05/31/2024",67,8,0,0.09
"https://amazon.com/dp/B0CBBPJBQ3","https://m.media-amazon.com/images/I/71oOtrJsBxL._SX450_.jpg","B0CBBPJBQ3","BXIZXD Car Jump Starter Charger - 15V 1A Power Supply Adapter with Charging Cable for Peak 450A-1000A Auto Battery Boosters, Compatible with Beatit, Tacklife, Gooloo & More Portable Jump Starters","BXIZXD","FBA","Automotive",233397,"N/A","N/A","N/A","N/A","Jump Starters",515,9.45,-31,73,73,-79,695.83,695.08,80,4.7,"Queleay","China",1,882,-28,"Large Standard-Size",1.34,3.35,3.82,0.2,8.63,23.82,"04/30/2024",32,7,0,0.91
"https://amazon.com/dp/B0FSLDR4L6","https://m.media-amazon.com/images/I/71mfVTGHGPL._SX450_.jpg","B0FSLDR4L6","1000 Amp Peak Car Battery Jump Starter with Air Compressor, 12V Lead Acid Battey Jump Box with 260PSI Tire Inflator, 12000 MAh Power Station Jump Starter, DC Outlet USB Port, LED Light","Amcelooy","FBA","Automotive",234303,"N/A","N/A","N/A","N/A","Batteries & Accessories",4524,99.99,-51,23,16,,2046.61,1166.04,17,4.4,"Amcelooy","China",1,0,"N/A","Large Standard-Size",6.69,11.22,13.11,10.05,495.45,1366.75,"02/28/2026",1,5,2,1.37
"https://amazon.com/dp/B0CDMKTVC9","https://m.media-amazon.com/images/I/71UULNVSXlL._SX450_.jpg","B0CDMKTVC9","GIMFOOM Jump Starter, 2000A Car Battery Jump Starter for Up to 9.0L Gas or 7.5L Diesel Engines, 12V Portable Car Jump Starter Battery Pack, Jump Box with 400 Lumens LED Light/Dual USB Output","GIMFOOM","FBA","Automotive",234387,"N/A","N/A","N/A","N/A","Jump Starters",539,69.99,"N/A",44,18,-58,3107.23,1280.76,600,4.5,"GIMFOOM STORE","China",1,1337,-83,"Large Standard-Size",3.9,6.26,10,2.69,122.92,339.08,"06/30/2024",29,8,3,0.07
"https://amazon.com/dp/B0FG82KDWN","https://m.media-amazon.com/images/I/71WegfLqFcL._SX450_.jpg","B0FG82KDWN","ReelCharge - Veratek V10 Pro 4000A Car Battery Jump Starter Portable (10.0L Gas & 8.0L Diesel) – 12V Lithium Battery Booster Pack with SmartCharge Safety, Jumper Cables, 24000mAh Power Bank, Jump Box","Veratek","FBA","Automotive",234734,797457535413,"N/A",0797457535413,"N/A","Batteries & Accessories",3352,79.99,-5,24,4,-88,1879.32,379.82,34,4.9,"Veratek","USA",1,0,"N/A","Large Standard-Size",4.02,5.59,11.22,3.88,126.94,350.19,"11/30/2025",7,9,3,0.72
"https://amazon.com/dp/B0FFZKY9LY","https://m.media-amazon.com/images/I/71qdvKUuwlL._SX450_.jpg","B0FFZKY9LY","ReelCharge - Veratek V6 Pro 1000A Car Battery Jump Starter Portable (6.0L Gas & 3.0L Diesel) – 12V Lithium Battery Booster Pack with SmartCharge Safety, Jumper Cables, 10000mAh Power Bank, Jump Box.","Veratek","FBA","Automotive",234750,797457535390,"N/A",0797457535390,"N/A","Batteries & Accessories",3352,54.99,-10,24,13,-88,1879.32,890.09,9,4.1,"Veratek","USA",1,0,"N/A","Large Standard-Size",4.49,6.02,9.84,2.89,133.91,369.41,"11/30/2025",7,9,3,2.71
"https://amazon.com/dp/B0FG47X7B6","https://m.media-amazon.com/images/I/711c-Oa0HzL._SX450_.jpg","B0FG47X7B6","ReelCharge - Veratek V8 Pro 3000A Car Battery Jump Starter Portable (8.0L Gas & 6.0L Diesel) – 12V Lithium Battery Booster Pack with SmartCharge Safety, Jumper Cables, 20000mAh Power Bank, Jump Box.","Veratek","FBA","Automotive",234770,797457535406,"N/A",0797457535406,"N/A","Batteries & Accessories",3351,64.99,-20,24,7,-88,1879.32,608.82,1,5,"Veratek","USA",1,0,"N/A","Large Standard-Size",4.45,5.91,9.84,3.44,130.29,359.43,"11/30/2025",7,9,3,24.35
"https://amazon.com/dp/B07P62Q3KM","https://m.media-amazon.com/images/I/51R5bpv9QGL._SX450_.jpg","B07P62Q3KM","POWE-Tech AC/DC Adapter Charger Replacement fit for Rally 7471 Portable 8 in 1 Power Source Jump Starter Power Supply, 5 feet, LED Light","POWE-Tech","FBA","Automotive",235629,757926934734,"N/A",0757926934734,"N/A","Batteries & Accessories",3443,11.93,-10,27,27,11,324.36,324.27,100,4.2,"CXHSXYT","China",6,326,-2,"Large Standard-Size",2.32,4.69,6.7,0.23,36.7,101.25,"12/31/2024",85,2,0,0.27
"https://amazon.com/dp/B0D3T7G5S9","https://m.media-amazon.com/images/I/71Sk5YhhRhL._SX450_.jpg","B0D3T7G5S9","Portable Car Jump Starter with Air Compressor, 8000A Jump Box Combo 150PSI Tire Inflator, 12V Vehicle Jumpstarter Power Pack for All Gas/12L Diesel","Geeneu","FBA","Automotive",236181,"N/A","N/A","N/A","N/A","Batteries & Accessories",3382,99.99,-80,4,4,,428.69,355.58,75,4.4,"Geeneu","China",1,0,"N/A","Large Standard-Size",4.49,6.61,10.39,3.57,155.25,428.28,"03/31/2026",20,6,5,0.05
"https://amazon.com/dp/B0BYDQBY6M","https://m.media-amazon.com/images/I/71Z0q7RQm+L._SX450_.jpg","B0BYDQBY6M","3000A Peak Jump Starter Battery Pack for Up to 10L Gas and 8L Diesel Engines, 12V Portable Car Battery Jump Starter Box with 400 Lumens LED Light","HOMPOW","FBA","Automotive",236762,787996226385,"N/A",0787996226385,"N/A","Jump Starters",559,39.99,-62,14,14,11,556.24,556.14,315,4.5,"Hompow direct","China",1,164,-4,"Large Standard-Size",4.37,6.02,11.42,3.09,151.26,417.26,"03/31/2024",34,7,2,0.04
"https://amazon.com/dp/B0BN2DCGTX","https://m.media-amazon.com/images/I/51fscniCAkL._SX450_.jpg","B0BN2DCGTX","Mophie Powerstation Go Rugged Compact Car Jump Starter with Floodlight - Black","mophie","FBM","Automotive",238800,"N/A","N/A","N/A","N/A","Jump Starters",565,80,"N/A",19,19,,1193.47,1193.38,136,4.3,"Bakers Club","USA",1,422,-72,"Large Standard-Size",3.31,4.53,8.39,2.54,"N/A","N/A","11/30/2024",40,8,0,0.14
"https://amazon.com/dp/B0GH6YLS2J","https://m.media-amazon.com/images/I/61A28wNgwSL._SX450_.jpg","B0GH6YLS2J","QINK ROLMIL 8000A Jump Starter with 150PSI Air Compressor, 12V Car Automotive Battery Booster (6.0L Gas and 3.0L Diesel), 150PSI Tire Inflator Pump for Car, Motorcycle and Bicycle","QINK ROLMIL","-","Automotive",241470,"N/A","N/A","N/A","N/A","Batteries & Accessories",3512,39.99,"N/A",0,0,,"-","-","N/A","N/A",,"N/A",1,0,"N/A","Large Standard-Size",4.61,5.12,9.13,2.71,"N/A","N/A","-",2,"N/A",0,"N/A"
"https://amazon.com/dp/B0D2ND48WN","https://m.media-amazon.com/images/I/61+xoVeb9jL._SX450_.jpg","B0D2ND48WN","S ZEVZO Jump Starter 1000A Peak Portable Jump Starter for Car (Up to 7.0L Gas 5.5L Diesel Engine) 12V Auto Battery Booster Pack with Jumper Clamps","S ZEVZO","FBA","Automotive",241680,"N/A","N/A","N/A","N/A","Batteries & Accessories",3481,59.99,-42,34,34,-75,1896.79,1896.7,212,4.6,"CARFIXUP DIRECT","China",2,2647,"N/A","Large Standard-Size",3.82,5.28,8.23,1.65,83.57,230.55,"11/30/2024",21,6,0,0.16
"https://amazon.com/dp/B0CFG64G5V","https://m.media-amazon.com/images/I/71FyTJ0MxpL._SX450_.jpg","B0CFG64G5V","Interstate Batteries Jump Starter and Charger 12V 700A (8,000mAh, 8Ah) Portable LED Jumpstart Battery Power Pack for 12 Volt Automotives, USB Electronics (JMP0800)","Interstate Batteries","FBA","Automotive",242439,656489002167,"N/A",0656489002167,"N/A","Batteries & Accessories",3656,74.99,-32,68,31,-47,9015.04,2275.94,115,4.5,"Interstate Batteries","USA",1,951,-18,"Large Standard-Size",4.09,5.08,7.83,1.7,81.91,225.95,"11/30/2024",29,6,4,0.59
"https://amazon.com/dp/B00RX061CQ","https://m.media-amazon.com/images/I/71A1V2cYdsL._SX450_.jpg","B00RX061CQ","Interstate Batteries Jump Starter and Charger 12V 1500A (25,000mAH, 25Ah) Portable LED Jumpstart Battery Power Pack for 12 Volt Automotives, USB Electronics (JMP2500)","Interstate Batteries","FBA","Automotive",242461,656489739605,"N/A",0656489739605,"N/A","Batteries & Accessories",3656,179.99,-37,70,12,-34,9338.06,2075.04,115,4.5,"Interstate Batteries","USA",1,954,-18,"Large Standard-Size",4.21,6.42,10.08,3.37,137.17,378.39,"11/30/2024",33,6,4,0.61
"https://amazon.com/dp/B0DLLBGLLR","https://m.media-amazon.com/images/I/61Fb4tAzO+L._SX450_.jpg","B0DLLBGLLR","BoostHero Portable Car Battery Jump Starter, 6,000mAh Power Bank, LED Flashlight, with Smart Jumper Cables for up to 6.0L Gas/4.0L Diesel Engines (White)","Limitless Innovations","FBA","Automotive",242651,810173090025,"N/A",0810173090025,"N/A","Batteries & Accessories",3420,129.99,16,38,22,-68,4149.19,2416.12,64,4.9,"Limitless Innovations","USA",1,871,"N/A","Large Standard-Size",4.02,5.98,11.34,1.98,137.25,378.62,"10/31/2025",16,9,6,0.6
"https://amazon.com/dp/B0DLLC8HSL","https://m.media-amazon.com/images/I/71lTb-XSfsL._SX450_.jpg","B0DLLC8HSL","BoostHero Portable Car Battery Jump Starter, 6,000mAh Power Bank, LED Flashlight, with Smart Jumper Cables for up to 6.0L Gas/4.0L Diesel Engines (Pink)","Limitless Innovations","FBA","Automotive",242653,810173090056,"N/A",0810173090056,"N/A","Batteries & Accessories",3420,129.99,25,38,9,-68,4149.19,994.43,64,4.9,"Limitless Innovations","USA",1,871,"N/A","Large Standard-Size",4.06,5.87,11.42,1.98,137.03,378.01,"10/31/2025",16,9,6,0.6
"https://amazon.com/dp/B0FRM74VPT","https://m.media-amazon.com/images/I/61pMIFDIV8L._SX450_.jpg","B0FRM74VPT","LOKITHOR JA401 Jump Starter with Air Compressor, 3750Amp 12V Portable Car Battery Starter for 10.0L Gas and 8.0L Diesel Engines, 150PSI Digital Tire Inflator with 45 SLPM Airflow Inflates","LOKITHOR","FBA","Automotive",242926,"N/A","N/A","N/A","N/A","Batteries & Accessories",3422,199.95,-21,30,30,-16,6930,6929.57,4,5,"LOKITHOR Online","China",1,0,"N/A","Large Standard-Size",6.18,6.69,10.79,5.56,224.6,619.59,"12/31/2025",5,8,0,7.57
"https://amazon.com/dp/B0DGFVSKHS","https://m.media-amazon.com/images/I/71Zbl33orRL._SX450_.jpg","B0DGFVSKHS","COSSIFTW 10000A Heavy Duty Jump Starter AC 200W Generator 130wh Jump Booster PD 60W Two-Way Fast-Charging The Most Multi Functions & Heavy Duty Jump Starter (Apply for All Cars & Trucks)","COSSIFTW","FBA","Automotive",243227,"N/A","N/A","N/A","N/A","Batteries & Accessories",3438,346.88,-30,6,20,,1943.94,6586.01,283,3.8,"COSSIFTW POWER-US","China",1,0,"N/A","Large Standard-Size",3.86,10.63,11.93,5.16,246.32,679.51,"-",15,8,5,0.02
"https://amazon.com/dp/B0FB3Q9CQ4","https://m.media-amazon.com/images/I/614bx9DRFbL._SX450_.jpg","B0FB3Q9CQ4","YESPER 12V/24V Jump Starter with 145W Quick Charge, 6000A 218Wh Portable Heavy Duty Truck SuperSafe Battery Jumper Box(Up to All Gas/Diesel), Powerful Car Jump Pack(-40°F to 140°F)","YESPER","FBA","Automotive",243958,"N/A","N/A","N/A","N/A","Batteries & Accessories",3563,379.99,-26,43,40,,13732.38,13594.87,220,4.3,"YESPER DIRECT","China",1,0,"N/A","Large bulky",8.15,9.53,11.77,11.51,296.26,740.65,"01/31/2026",8,8,3,0.2
"https://amazon.com/dp/B08Q7M6RJV","https://m.media-amazon.com/images/I/71jEL9GKn6L._SX450_.jpg","B08Q7M6RJV","Tyrell Chenergy New Upgrade 1800A Car Battery Jump Starter with Air Compressor, 20000mAh 12V Auto Lead-Acid Battery Booste, 260PSI Tire Inflator (Up to 8.0L Gas/Diesel) with LED Light & USB","Tyrell Chenergy","FBA","Automotive",244412,616430163033,"N/A",0616430163033,"N/A","Jump Starters",530,139.99,-9,62,62,-77,7904.25,7903.96,412,4.3,"Tyrell Tech US","China",2,999,17,"Large Standard-Size",7.95,10.47,11.54,17.28,483.7,1334.34,"12/31/2025",60,8,2,0.15
"https://amazon.com/dp/B0CNRDP27B","https://m.media-amazon.com/images/I/71CHCAlbOdL._SX450_.jpg","B0CNRDP27B","S ZEVZO ET03 Car Jump Starter 2000A Jump Starter Battery Pack for Up to 7.5L Gas and 6.5L Diesel Engines, 59.2Wh Portable 12V Jump Box with USB Ports, LCD Display, Storage Case, and LED Light","S ZEVZO","FBA","Automotive",245992,"N/A","N/A","N/A","N/A","Jump Starters",533,69.99,-34,52,52,-86,3606.04,3605.42,181,4.6,"FLUXTOS","China",3,1048,"N/A","Large Standard-Size",4.21,5.31,9.65,2.36,108.61,299.62,"09/30/2024",26,8,0,0.28
"https://amazon.com/dp/B0GJJ3J8P3","https://m.media-amazon.com/images/I/61pBf-t596L._SX450_.jpg","B0GJJ3J8P3","VEVOR Jump Starter, 4000A Peak, Car Jumper Starter Battery Pack, 12V Portable Lithium Battery Booster, Jump Box Power Bank with 3 Modes Flashlight and Jumper Cable, for 10L Gas and 8L Diesel Engines","VEVOR","Amazon","Automotive",246767,197988363743,"N/A",0197988363743,"N/A","Batteries & Accessories",3564,86.99,151,19,19,,1565.9,1565.74,"N/A","N/A","Amazon","N/A",1,0,"N/A","Large Standard-Size",5.51,4.92,10.63,3.84,"N/A","N/A","02/28/2026",0,9,0,"N/A"
"https://amazon.com/dp/B0FF9Q81WX","https://m.media-amazon.com/images/I/61gtBCq-bCL._SX450_.jpg","B0FF9Q81WX","Jump Starter with Air Compressor, 2000A Peak Car Battery Booster(8L Gas/6L Diesel), 150PSI Tire Inflator Portable 12V Jump Box Car Battery Jumper Starter with Jumper Cable, LED Lights, LCD Display","Pursuit","FBM","Automotive",246817,"N/A","N/A","N/A","N/A","Batteries & Accessories",3459,89.99,-14,10,10,-79,901.54,901.29,34,4.7,"Green Pursuit","USA",3,0,"N/A","Large Standard-Size",8.6,6,4.7,3,"N/A","N/A","11/30/2025",8,10,0,0.3
"https://amazon.com/dp/B0FBX7G51H","https://m.media-amazon.com/images/I/71E9oEmDdfL._SX450_.jpg","B0FBX7G51H","Vector VECJ8 800A Jump Starter with USB Power","VECTOR","Amazon","Automotive",247276,814632015543,00814632015543,0814632015543,"N/A","Batteries & Accessories",3463,79.98,-20,22,13,,2105.46,1033.33,16,4.6,"Amazon","N/A",2,0,"N/A","Large Standard-Size",4.92,8.31,11.89,8,"N/A","N/A","02/28/2026",5,5,3,1.37
"https://amazon.com/dp/B0CZRNVTY7","https://m.media-amazon.com/images/I/61c9k3P2FFL._SX450_.jpg","B0CZRNVTY7","VANXIPOW Z8 4500A Jump Starter with Air Compressor 150PSI (9.0 L Gas/8.0L Diesel), Portable Car Battery Jump Starter Battery Pack with 400 Lm LED Light, 12V Jump Box with Large LED Display, Power Bank","VANXIPOW","FBA","Automotive",248265,"N/A","N/A","N/A","N/A","Batteries & Accessories",3475,35.99,-29,63,63,-80,2376.94,2376.83,331,4.2,"Vanxi Tech","China",1,0,"N/A","Large Standard-Size",5.55,8.62,10.12,2.23,243.76,672.43,"11/30/2025",22,7,2,0.19
"https://amazon.com/dp/B0CB75NRKL","https://m.media-amazon.com/images/I/51Oq5qupebL._SX450_.jpg","B0CB75NRKL","Dometic SmartStart 120V Accessory Kit for Penguin II Electronic Air Conditioners","Dometic","Amazon","Automotive",249138,"N/A",07315091482349,7315091482349,"N/A","Batteries & Accessories",3558,296.19,-8,8,8,80,2277.04,2276.93,10,3.9,"Amazon","N/A",17,172,37,"Large Standard-Size",5.94,7.8,12.28,2.67,"N/A","N/A","04/30/2025",31,5,0,0.78
"https://amazon.com/dp/B0FBX5VWZ1","https://m.media-amazon.com/images/I/71s-gAdkIPL._SX450_.jpg","B0FBX5VWZ1","Vector VECJ1C 1000 Peak Amp Jump Starter with 120 PSI Compressor & USB-C & USB-A Power","VECTOR","Amazon","Automotive",249616,814632015550,00814632015550,0814632015550,"N/A","Batteries & Accessories",3565,99.98,-24,22,6,,2105.46,569.4,2,5,"Amazon","N/A",1,0,"N/A","Large Standard-Size",6.14,8.15,12.91,9.68,"N/A","N/A","02/28/2026",5,6,3,10.94
"https://amazon.com/dp/B0FTVJ42LY","https://m.media-amazon.com/images/I/71vpQDhGT1L._SX450_.jpg","B0FTVJ42LY","Jump Starter Adapter for Makita 18V Li-ion Battery,Automotive Batteries Booster with 12V Jumper Cable Clamps for 3.5L Vehicles,Portable Car Charger Jump Starter (Battery Not Included)​​","JREDK","FBA","Automotive",250034,759549687028,"N/A",0759549687028,"N/A","Batteries & Accessories",3566,30.39,-49,26,26,-15,816.91,816.58,5,4.7,"REDKAI","N/A",1,0,"N/A","Large Standard-Size",3.54,3.58,5.31,0.77,33.88,93.46,"12/31/2025",5,7,0,5.13
"https://amazon.com/dp/B0G38VSGLJ","https://m.media-amazon.com/images/I/71bgM0n1APL._SX450_.jpg","B0G38VSGLJ","Jump Starter with Air Compressor,4000A Portable Car Battery Jump Starter (10L Gas/8.5L Diesel), 12V Battery Charger Booster,150PSI Auto-Shutoff Tire Inflator,Portable Jumper Cables, LED Light (Black)","Cemobene","FBA","Automotive",250209,740625187914,"N/A",0740625187914,"N/A","Batteries & Accessories",3600,120,35,32,32,,3995.88,3995.67,42,4.8,"Whiteni US","China",2,0,"N/A","Large Standard-Size",2.99,8.94,10.83,2.87,145.75,402.07,"12/31/2025",3,7,3,0.75
"https://amazon.com/dp/B0CCDJ852Z","https://m.media-amazon.com/images/I/61Fc-zBrEdL._SX450_.jpg","B0CCDJ852Z","SKKSource AC Charging Power Cord Lead Compatible with Viking 12V/24V 3400 Peak Amps Jump Starter 57084","SKKSource","FBA","Automotive",250518,"N/A","N/A","N/A","N/A","Batteries & Accessories",3501,13.98,-33,71,71,21,996.99,996.17,58,4.7,"Power Supply Source","China",2,1127,-23,"Large Standard-Size",1.85,2.64,5.83,0.11,14.34,39.55,"12/31/2024",32,6,0,1.23
"https://amazon.com/dp/B0DFM1KLKY","https://m.media-amazon.com/images/I/41dWai4ZxTL._SX450_.jpg","B0DFM1KLKY","ANSODY 3000A Peak Car Jump Starter(Up to 10L Gas or 8L Diesel Engine), Battery Booster with Jump Leads, Built-in LED Floodlight & SOS, -20℃ Cold Cranking, Jump Box for 12V Pickup SUV Motorcycle","Ansody","FBA","Automotive",252741,"N/A","N/A","N/A","N/A","Batteries & Accessories",3527,49.99,13,91,91,-98,4529.3,4529.12,1104,4.5,"Ansody","China",1,5763,"N/A","Large Standard-Size",4.09,4.96,7.76,1.87,79.26,218.64,"11/30/2024",17,9,7,0.08
"https://amazon.com/dp/B0G33TN2G1","https://m.media-amazon.com/images/I/71MY9JYTMhL._SX450_.jpg","B0G33TN2G1","BUVAYE 4000A Jump Starter with Air Compressor, 150PSI Tire Inflator, 12V Portable Car Battery Jumper, Auto Shutoff, Digital Gauge, Smart Clamps, Carry Case","BUVAYE","FBA","Automotive",252915,"N/A","N/A","N/A","N/A","Batteries & Accessories",3542,79.99,"N/A",29,29,,2331.27,2330.94,17,4.6,"YunStartics","China",1,0,"N/A","Large Standard-Size",5.08,7.99,11.14,2.91,227.65,628.01,"02/28/2026",0,8,0,2.92
"https://amazon.com/dp/B0D8M7L4Q5","https://m.media-amazon.com/images/I/71A1lhEp-SL._SX450_.jpg","B0D8M7L4Q5","Uncharted Supply Co. Zeus Air, Portable 2000A Jump Starter, 150 PSI Tire Inflator & Compressor, 15,000mAh Power Bank with USB-C Fast Charging & LED Flashlight","Uncharted Supply Co.","FBA","Automotive",253642,850020428816,"N/A",0850020428816,"N/A","Batteries & Accessories",3537,254,67,37,37,42,8666.65,8666.37,13,5,"Uncharted Supply Co.","USA",1,732,"N/A","Large Standard-Size",5.28,7.8,11.54,6.11,239.28,660.09,"10/31/2025",21,10,0,2.82
"https://amazon.com/dp/B0BBN9ST4P","https://m.media-amazon.com/images/I/51Ls3ygGzQL._SX450_.jpg","B0BBN9ST4P","J-ZMQER AC Power Charging Cord Charger Cable Compatible with EverStart MAXX 1200 Peak AMPS Jump Starter with Air Compressor and Inverter Ever Start 1200A 750A 12V 300A JumpStarter Box Lot 11480","J-ZMQER","FBA","Automotive",254023,"N/A","N/A","N/A","N/A","Jump Starters",569,9.99,-41,41,41,-83,410.7,410.2,114,4.5,"J-ZMQER","China",2,1100,33,"Large Standard-Size",1.34,3.11,5.47,0.18,11.48,31.66,"12/31/2025",43,4,0,0.36
"https://amazon.com/dp/B0FMDLCS59","https://m.media-amazon.com/images/I/51I9HXDZg1L._SX450_.jpg","B0FMDLCS59","Solar Power Bank 44400 mWH, 45W Fast Charging with 4 Built-in Cables & Car Battery Jumper Starter Portable, 12V Battery Booster Pack with Smart Display,Gift for Men, Gray","Uukto","FBA","Automotive",254421,717661914378,"N/A",0717661914378,"N/A","Batteries & Accessories",3542,99.99,-11,330,323,8,25591.33,25020.13,45,4.5,"Uukto Automotive","China",1,0,"N/A","Large Standard-Size",2.24,8.54,8.86,2.23,85.33,235.4,"02/28/2026",6,10,2,7.33
"https://amazon.com/dp/B09B739QXH","https://m.media-amazon.com/images/I/411pW8FmemL._SX450_.jpg","B09B739QXH","LOKITHOR JA302 Jump Starter with Air Compressor, 2500Amp 12V Portable Car Battery Booster Pack for Upto 8.5L Gas or 6.5L Diesel, 150 PSI Tire Inflator with Digital Screen, 36 Months Ultra-Long Standby","LOKITHOR","FBA","Automotive",260852,889551112703,"N/A",0889551112703,"N/A","Jump Starters",554,189.95,-34,104,104,108,18498.62,18497.51,403,4.4,"LOKITHOR STORE","China",1,805,-36,"Large Standard-Size",6.38,6.77,10.94,5.58,237.9,656.29,"06/30/2025",52,9,0,0.26
"https://amazon.com/dp/B0FTVNW7CS","https://m.media-amazon.com/images/I/71PuwhuccDL._SX450_.jpg","B0FTVNW7CS","Car Jump Starter with Air Compressor,4000A Car Battery Jump Starter,150PSI Portable Tire Inflator,12V Jump Box Battery Pack (8L Gas 6L Diesel Engine) Car Battery Charger,LED Light,and Jumper Cables","HAONINYUE","FBA","Automotive",261397,"N/A","N/A","N/A","N/A","Batteries & Accessories",3697,59.99,-1,3,3,-115,235.63,235.52,16,4.6,"Haoningyuedianzikeji","China",1,0,"N/A","Large Standard-Size",3.9,4.84,9.33,2.36,88.67,244.6,"11/30/2025",4,9,0,0.2
"https://amazon.com/dp/B0BSCT3K3V","https://m.media-amazon.com/images/I/61-ux-UoWlL._SX450_.jpg","B0BSCT3K3V","LOKITHOR JA3000 Jump Starter with Air Compressor, 3000Amp 12V Lithium Iron Phosphate (LiFePO4) Car Starter Battery for Up to 9.0L Gas or 7.0L Diesel, 150 PSI Tire Inflator with Digital Screen","LOKITHOR","FBA","Automotive",261494,889551117135,"N/A",0889551117135,"N/A","Jump Starters",576,157.88,-81,2,14,,464.34,2975.47,82,4.6,"LOKITHOR STORE","China",1,0,"N/A","Large Standard-Size",6.46,6.69,10.91,6.08,237.39,654.86,"03/31/2026",36,9,2,0.03
"https://amazon.com/dp/B0DYHHW4X1","https://m.media-amazon.com/images/I/8136sQOrvtL._SX450_.jpg","B0DYHHW4X1","Lebakort Storage Case Compatible with AstroAI S8 / S8 Ultra Car Battery Jump Starter","Lebakort","FBA","Automotive",263910,"N/A","N/A","N/A","N/A","Batteries & Accessories",3638,22.99,-17,20,20,-54,452.44,452.09,36,4.7,"Lebakort shop","China",1,0,"N/A","Large Standard-Size",4.29,7.44,10.24,0.6,164.55,453.94,"11/30/2025",13,9,0,0.55
"https://amazon.com/dp/B0BXPZX8BT","https://m.media-amazon.com/images/I/71MEL-JYaKL._SX450_.jpg","B0BXPZX8BT","Colvxkun Jump Starter with Air Compressor, 260PSI 1000A Car Battery Jump Starter Battery Pack (6.0 Gas/6.0L Diesel),12V Car Jumper Starter Portable Jump Box with Tire Inflator","Colvxkun","FBA","Automotive",263965,"N/A","N/A","N/A","N/A","Batteries & Accessories",3773,69.99,-39,26,15,-72,2922.24,1059.58,80,3.9,"Colvxkun","China",1,586,"N/A","Large Standard-Size",7.76,10.43,13.11,10.74,534.23,1473.72,"11/30/2024",31,6,5,0.32
"https://amazon.com/dp/B0DQPZVSPS","https://m.media-amazon.com/images/I/71ILJh0TmUL._SX450_.jpg","B0DQPZVSPS","2000A Peak Car Battery Jump Starter with Air Compressor, All in One Heavy Duty 12V Battery Jump Box (All Gas 8.5L Diesel), Portable Power Station with 400W Inverter, AC/DC/USB Ports and LED Lights","Colvxkun","FBA","Automotive",263969,"N/A","N/A","N/A","N/A","Batteries & Accessories",3773,139.99,-34,26,7,-79,2987.51,1089.87,111,4.1,"Colvxkun","China",2,587,"N/A","Large bulky",8.25,12.75,16.75,24.3,570.98,1427.46,"11/30/2024",11,6,5,0.24
"https://amazon.com/dp/B0F5QR46QV","https://m.media-amazon.com/images/I/71lI3hNQFsL._SX450_.jpg","B0F5QR46QV","Halo Bolt PaL 1000 Portable Car Jump Starter | USB-A & USB-C Charger Ports, Digital Display, Powers Multiple Devices, Detachable Power Bank & Emergency Flashlight, Jumps Cars SUVs & Trucks — Teal","HALO","Amazon","Automotive",264387,044435926016,"N/A",0044435926016,"N/A","Batteries & Accessories",7534,149.99,-12,24,4,-79,3535.61,587.66,45,4.6,"Amazon","N/A",1,0,"N/A","Large Standard-Size",4.57,6.22,9.13,2.65,"N/A","N/A","11/30/2025",10,7,7,0.52
"https://amazon.com/dp/B0D7CJPVTG","https://m.media-amazon.com/images/I/71MU5xMBdCL._SX450_.jpg","B0D7CJPVTG","Car Jump Starter with Air Compressor,Upgraded Portable Car Battery Charger 6000A Peak Current (for All Gas/10L Diesel Engine) 12V Jump Box Battery Pack with LED Lighting, Power Bank, Storage Bag","Sikoolet","FBM","Automotive",265045,716523201984,"N/A",0716523201984,"N/A","Batteries & Accessories",3647,63.66,"N/A",16,16,-42,1038.84,1038.56,173,4.2,"biepanje73338","N/A",1,83,"N/A","Large Standard-Size",4.33,5.98,7.36,2.62,"N/A","N/A","09/30/2024",19,7,0,0.09
"https://amazon.com/dp/B0F8QJYXHG","https://m.media-amazon.com/images/I/715CuNhK9EL._SX450_.jpg","B0F8QJYXHG","NEVERLAND Car Jump Starter, 6500A Jump Box for Car Battery","NEVERLAND","FBA","Automotive",265414,"N/A","N/A",6974165954697,"N/A","Batteries & Accessories",3652,59.99,229,21,5,,1033.64,326.59,11,4.6,"C-zhongTrade","China",1,0,"N/A","Large Standard-Size",9.37,5.51,3.54,1.62,92.02,253.84,"02/28/2026",9,1,3,1.91
"https://amazon.com/dp/B0F2FKHZ4P","https://m.media-amazon.com/images/I/51tJmgeDDsL._SX450_.jpg","B0F2FKHZ4P","NEVERLAND 6500A Car Jump Starter, 12V Battery Jumper Starter Portable for 10.0L Gas and 8.0L Diesel Engine,Car Battery Jump Starter with LED Light, Jumper Cables","NEVERLAND","FBA","Automotive",265416,"N/A","N/A",6974165953041,"N/A","Batteries & Accessories",3652,59.99,-17,21,5,,1033.64,321.06,11,4.6,"C-zhongTrade","China",1,0,"N/A","Large Standard-Size",9.37,5.51,3.54,1.62,92.1,254.06,"02/28/2026",9,1,3,1.91
"https://amazon.com/dp/B0CT5N7PNZ","https://m.media-amazon.com/images/I/615rlkdvTzL._SX450_.jpg","B0CT5N7PNZ","Portable Jump Starter 2000A Car Battery Jumper 12V Booster Engine Starter for 7.0L Gas & 6.5L Diesel Jump Start Battery Pack Multiple Emergency Kit with LED & Safety Protection with DC 12V/6A Output","GREEN KEEPER","FBA","Automotive",266749,"N/A","N/A",4897135700686,"N/A","Batteries & Accessories",3671,59.99,1963,21,2,-89,916.17,119.87,195,4.3,"Green Keeper Co","Hong Kong",1,2808,"N/A","Large Standard-Size",4.72,9.33,11.14,3.46,247.28,682.15,"11/30/2024",24,9,7,0.11
"https://amazon.com/dp/B0CT5GL1VG","https://m.media-amazon.com/images/I/51vsqQ0LnuL._SX450_.jpg","B0CT5GL1VG","Portable Car Jump Starter 3000A with Air Compressor 12V Battery Jumper Emergency for 8.0L Gas & Diesel Engines Power Booster Start Boost Charger Box and Power Bank, for All Weather (GK-J1206P)","GREEN KEEPER","FBA","Automotive",266805,"N/A","N/A",4897135701270,"N/A","Batteries & Accessories",3671,49.99,-32,21,6,-89,916.17,288.23,577,4.4,"Green Keeper Co","Hong Kong",1,2808,"N/A","Large Standard-Size",6.06,7.2,10,5.25,219.68,606,"11/30/2024",24,9,7,0.04
"https://amazon.com/dp/B0BD97FGN3","https://m.media-amazon.com/images/I/61Zbj-EvgYL._SX450_.jpg","B0BD97FGN3","Battery Tender 1500 AMP Lithium Jump Starter - 12000mAh Portable Power Station - LED Flashlight Emergency Strobe - 3 Fast USB Charging Ports - 030-2020-WH","Battery Tender","Amazon","Automotive",268130,734357320213,"N/A",0734357320213,"N/A","Jump Starters",583,134.95,-21,30,30,208,4039.42,4039.04,45,4.1,"Amazon","N/A",2,323,17,"Large Standard-Size",4.33,5.39,9.69,2.95,"N/A","N/A","11/30/2025",40,7,0,0.67
"https://amazon.com/dp/B09M7XSKX4","https://m.media-amazon.com/images/I/71Za8NW0eRL._SX450_.jpg","B09M7XSKX4","Portable Battery Jumper Starter 2000A Peak 12V Car Jump Starter & Power Booster — 12V Battery Jumper Starter Portable for Up to 6.0 L Gas / 4.0 L Diesel Engines Jump Box with LED Light","Inorising","FBA","Automotive",268530,744591638456,"N/A",0744591638456,"N/A","Jump Starters",584,31.99,-45,1,1,-84,44.43,44.4,72,4.2,"Inorising LTD","China",1,57,235,"Large Standard-Size",3.9,5.12,9.13,2.01,91.79,253.21,"12/31/2025",50,7,0,0.02
"https://amazon.com/dp/B0CSS71KXY","https://m.media-amazon.com/images/I/61zUXi-wvKL._SX450_.jpg","B0CSS71KXY","HPBS Smart Jumper Cables Automotive Jump Starter Booster Clamp, Replacement Alligator Clamp for 12V Portable Car Jump Starter","HPBS","FBA","Automotive",268824,"N/A","N/A","N/A","N/A","Batteries & Accessories",3687,19.99,-50,18,18,114,242.06,241.81,2,5,"First AA","China",1,50,163,"Large Standard-Size",2.64,3.11,7.99,0.51,33.03,91.11,"02/28/2026",25,6,0,9.05
"https://amazon.com/dp/B0DSL29GGC","https://m.media-amazon.com/images/I/71EVZWavBsL._SX450_.jpg","B0DSL29GGC","OUTLEV 6000A UltraSafe Jump Starter with 160PSI Air Compressor, 12V Car Battery Booster, Portable Jump Box, Power Bank & Jumper Cables, LED Display, LED Light, for 10L Gas & 10L Diesel Engines","outlev","FBA","Automotive",273058,850060539367,"N/A",0850060539367,"N/A","Batteries & Accessories",3759,195.99,16,17,17,-108,3149.93,3149.8,30,4.6,"bozhongdamai","China",2,1236,"N/A","Large Standard-Size",5.83,6.65,10.51,5.75,205.15,565.93,"08/31/2025",12,8,2,0.58
"https://amazon.com/dp/B0DCG6SHWQ","https://m.media-amazon.com/images/I/61KdYjHsqEL._SX450_.jpg","B0DCG6SHWQ","FOTON Car Jump Starter 30000mAh Power Bank Portable Battery Pack Starting Device Smart Clip Circuit Protection for Vehicle SUV 600Amp (7L Gasoline & 5.5L Diesel) 12v Emergency Auto Booster (Red)","FOTN","-","Automotive",277820,"N/A","N/A","N/A","N/A","Batteries & Accessories",3862,17.99,"N/A",25,2,,459.39,29.94,"N/A","N/A",,"N/A",1,80,"N/A","N/A","N/A","N/A","N/A","N/A","N/A","N/A","02/28/2026",0,"N/A",4,"N/A"
"https://amazon.com/dp/B0FPQNYBRN","https://m.media-amazon.com/images/I/818vas7geJL._SX450_.jpg","B0FPQNYBRN","FOWAWU 26800 mAh 7000 A Peak Jump Starter for 12 V Vehicles (12 L Petrol / 10 L Diesel) and Moto, Car Battery Jump Starter Power Pack with Smart Jumper, 5 * 3.5 CM Large Screen and LED Torch","FOWAWU","FBA","Automotive",278192,723609815072,"N/A",0723609815072,"N/A","Batteries & Accessories",3892,44.99,"N/A",55,27,,2275.01,1152.2,2,4.5,"FOWAWU USA","China",1,0,"N/A","Large Standard-Size",2.36,8.74,10.2,2.05,105.93,292.21,"02/28/2026",0,7,7,27.52
"https://amazon.com/dp/B0G2XLYN36","https://m.media-amazon.com/images/I/71ZJA92cTbL._SX450_.jpg","B0G2XLYN36","Preciva 8000mAh Jump Starter - 8000A Peak Car Battery Charger with Smart Air Compressor (150PSI), Tire Repair Kit, Power Bank, Digital Gauge & LED Emergency Light for Car, Truck, Motorcycle","Preciva","FBA","Automotive",279893,"N/A","N/A","N/A","N/A","Batteries & Accessories",3889,39.99,"N/A",8,8,,506.42,506.22,9,4.8,"AutumnRN","China",1,0,"N/A","Large Standard-Size",3.9,4.69,8.82,2.4,81.08,223.66,"02/28/2026",1,7,0,0.92
"https://amazon.com/dp/B0D3HD57K3","https://m.media-amazon.com/images/I/71taA7qADVL._SX450_.jpg","B0D3HD57K3","HulkGoo 56W 14V 4A DC Car Charger Car Power Adapter Compatible with NOCO GB70 GB150 GB250+ GB251+ GB500 GB500+ NOCO Boost UltraSafe Lithium Jump Starters Battery XGC4 Pwer Supply Charging Cord","HulkGoo","FBA","Automotive",281132,"N/A","N/A","N/A","N/A","Batteries & Accessories",3831,16.99,-29,13,13,-70,214.39,214.17,37,4.4,"XINLIANHANYU LTD","China",1,558,"N/A","Large Standard-Size",1.65,3.94,5.55,0.18,18.17,50.11,"12/31/2024",22,7,0,0.34
"https://amazon.com/dp/B0GJHX388N","https://m.media-amazon.com/images/I/71uyv8uv8aL._SX450_.jpg","B0GJHX388N","VEVOR Jump Starter, 3000A Peak, Car Jumper Starter Battery Pack, 12V Portable Lithium Battery Booster, Jump Box Power Bank with 3 Modes Flashlight and Jumper Cable, for Up to 9L Gas/7L Diesel Engines","VEVOR","Amazon","Automotive",285032,197988359494,"N/A",0197988359494,"N/A","Batteries & Accessories",3939,64.9,-93,15,15,,998.82,998.75,"N/A","N/A","Amazon","N/A",1,0,"N/A","Large Standard-Size",5.51,4.13,10.43,2.6,"N/A","N/A","02/28/2026",0,9,0,"N/A"
"https://amazon.com/dp/B0FCLHJ4X8","https://m.media-amazon.com/images/I/41gZENAE4gL._SX450_.jpg","B0FCLHJ4X8","NACKEO Jump Starter 6000A, 12V Car Battery Jump Starter with Built-in Smart Jumper Cables, Car Jump Starter Jump Box Portable Jumper Cables for car (9.0L Gas/7.0L Diesel), LCD Display, LED Light","NACKEO","FBA","Automotive",285540,684514184250,"N/A",0684514184250,"N/A","Jump Starters",578,39.99,-30,60,60,-108,2416.38,2415.91,351,4.6,"NACKEO AUTO","China",2,0,"N/A","Large Standard-Size",3.39,6.73,10.59,2.12,121.54,335.28,"12/31/2025",7,6,0,0.17
"https://amazon.com/dp/B07SST4Y63","https://m.media-amazon.com/images/I/714jAK-ltHL._SX450_.jpg","B07SST4Y63","DBPOWER 1000A Portable Car Jump Starter (UP to 7.0L Gas, 5.5L Diesel Engine), 12V Lithium-Ion Auto Battery Booster, Power Pack with LCD Screen Clamp Cables,USB Quick Charge, LED Flashlight","DBPOWER","FBA","Automotive",285723,840164809510,"N/A",0840164809510,"N/A","Jump Starters",591,54.99,"N/A",24,24,,1690.71,1690.34,3059,4.4,"JUMRUNON","N/A",2,695,"N/A","Large Standard-Size",3.98,4.65,8.54,2.09,79.57,219.51,"04/30/2024",79,7,0,0.01
"https://amazon.com/dp/B0FBX41YZL","https://m.media-amazon.com/images/I/71HlWbWwdcL._SX450_.jpg","B0FBX41YZL","Vector 1400 Peak Amp Jump Starter with 120 PSI Compressor & USB-C & USB-A Power","VECTOR","Amazon","Automotive",288067,814632015567,00814632015567,0814632015567,"N/A","Batteries & Accessories",3890,149,25,22,3,,2105.46,502.3,2,3,"Amazon","N/A",2,0,"N/A","Large Standard-Size",7.56,10.31,14.25,16.71,"N/A","N/A","02/28/2026",5,7,3,10.94
"https://amazon.com/dp/B0G34HSHSW","https://m.media-amazon.com/images/I/51jBWkkDNkL._SX450_.jpg","B0G34HSHSW","PD 65W Portable Car Jump Starter with Air Compressor,3000A Portable Jump Starter Pack with 150PSI Tire Inflator,(Up to 8L Gas/6.5L Diesel Engine),Fast Charging (S1-Blue)","Kakaral","FBA","Automotive",288636,600821667781,"N/A",0600821667781,"N/A","Batteries & Accessories",3979,69.99,9,14,6,,902.59,390.51,5,5,"Kakaral Direct","N/A",1,0,"N/A","Large Standard-Size",4.75,5.5,8.25,3,108.51,299.35,"01/31/2026",3,7,3,2.89
"https://amazon.com/dp/B0FD39MJQ5","https://m.media-amazon.com/images/I/81Iu8OMltXL._SX450_.jpg","B0FD39MJQ5","4000A Portable Car Jump Starter with Air Compressor, 150PSI Car Battery Jump Starter Battery Pack (12.0L Gas/12.0L Diesel), 12V Car Battery Jump Starter with Smart Jumper Cables, Lights, LCD Display","giatero","FBA","Automotive",289110,"N/A","N/A","N/A","N/A","Jump Starters",581,69.99,9,24,24,-102,1693.61,1693.3,7,3.8,"manhuipower","China",1,4025,"N/A","Large Standard-Size",5.2,6.1,9.72,3.64,155.23,428.22,"11/30/2024",7,6,5,3.46
"https://amazon.com/dp/B07KHVD77C","https://m.media-amazon.com/images/I/31y6jxzLn+L._SX450_.jpg","B07KHVD77C","PK Power 5ft/1.5m Listed AC Charging Power Cord Charger Cable Plug Compatible with Jump-N-Carry 12/24V Jump Starter Battery Booster KK JNC1224 Solar KKC-JNC241","PKPOWER","FBA","Automotive",291255,757631562055,"N/A",0757631562055,"N/A","Jump Starters",601,10.99,-17,29,29,167,310.89,310.47,21,4.8,"PK-Power","China",2,141,-10,"Large Standard-Size",1.34,3.46,9.06,0.18,21.14,58.33,"07/31/2025",88,6,0,1.37
"https://amazon.com/dp/B0D2NQ5RSV","https://m.media-amazon.com/images/I/51Vkgb-HfxL._SX450_.jpg","B0D2NQ5RSV","Arkare Charger for Booster PAC ES5000 ES2500 Replacement for Booster PAC ESP5500 ES6000 ES2500C Jump Starter 19V Charger Cord for Booster PAC ES5000 J900 ESA22 ESA217 Jump Starter Power Cord 5.9FT","Arkare","FBA","Automotive",294818,"N/A","N/A","N/A","N/A","Batteries & Accessories",4054,5.99,-18,5,5,-63,27,26.81,15,3.2,"Arkare-US","China",1,90,"N/A","Large Standard-Size",1.42,3.31,4.06,0.35,9.61,26.5,"11/30/2024",23,6,0,0.3
"https://amazon.com/dp/B01LTGTFY0","https://m.media-amazon.com/images/I/91kjVpSkmZL._SX450_.jpg","B01LTGTFY0","caseling Bag Cover for Stanley J5C09 Battery Jump Starter 1000 Peak/500 Instant Amps / J7CS 700 Peak/350 Instant Amps, 120 PSI Air Compressor","caseling","FBA","Automotive",295478,703546597989,"N/A",0703546597989,"N/A","Jump Starters",600,22.98,-1,14,14,-63,331.93,331.65,974,4.5,"York Sales","USA",1,345,-66,"Large Standard-Size",1.73,9.17,10.35,0.6,82.67,228.05,"12/31/2024",114,7,0,0.01
"https://amazon.com/dp/B0CKSVG45D","https://m.media-amazon.com/images/I/61y2C+5y8EL._SX450_.jpg","B0CKSVG45D","Uncharted Supply Co. Zeus Pro – 20,000mAh Portable Jump Starter & USB-C Power Bank with LED Flashlight","Uncharted Supply Co.","FBA","Automotive",296675,"N/A","N/A","N/A","N/A","Jump Starters",605,169,-15,19,19,-25,3089.17,3089.03,17,4.1,"Uncharted Supply Co.","USA",2,272,100,"Large Standard-Size",4.41,5.08,9.88,2.91,111.44,307.42,"11/30/2025",26,5,0,1.12
"https://amazon.com/dp/B0DY4TC47J","https://m.media-amazon.com/images/I/71bSJoXbUOL._SX450_.jpg","B0DY4TC47J","KeenPower 8000A LiFeMnPO4 Jump Starter for All 12V Cars, DC+PD 200W Two-Way Fast-Charging Portable Car Starter (PD Charger NOT Included), 30 Mins Full Charge, Powerful Jump Box w/Large Screen & Light","KeenPower","FBA","Automotive",297800,712490092709,"N/A",0712490092709,"N/A","Batteries & Accessories",3970,159.99,-33,5,5,-79,1505.18,1505.01,40,4.1,"Kungfupower","China",1,0,"N/A","Large Standard-Size",7.91,11.73,12.83,8.22,599.34,1653.36,"06/30/2025",11,8,0,0.14
"https://amazon.com/dp/B07R32JDS9","https://m.media-amazon.com/images/I/61l--3AfAiL._SX450_.jpg","B07R32JDS9","FITE ON AC Adapter Compatible with NPower Flex 6-in-1 450watt 400watt Powerpack XL N Power Jump Starter Power Adapter Charger UL Listed","FITE ON","FBM","Automotive",297854,751332661147,"N/A",0751332661147,"N/A","Batteries & Accessories",3993,7.66,-18,22,4,-52,210.28,33.64,7,5,"SLLEA","China",4,367,-21,"Large Standard-Size",1.42,1.42,3.07,0.31,"N/A","N/A","09/30/2024",83,6,8,3.17
"https://amazon.com/dp/B0CPPQF2C7","https://m.media-amazon.com/images/I/71NGOXoyW5L._SX450_.jpg","B0CPPQF2C7","15V 1A Power Cord for Gooloo Jump Starter Charger for Booster Battery Jump Starter Adapter for DBPower DJS50 for Tacklife for Beatit Portable Car Jump Starter for Peak 450A 500A 600A 800A 1000A","XHUCHINMAL","FBA","Automotive",299093,"N/A","N/A","N/A","N/A","Batteries & Accessories",4004,11.31,-13,18,18,-25,198.61,198.51,77,4.4,"MTYKJ","China",1,584,-58,"Large Standard-Size",2.02,2.72,3.94,0.64,10.9,30.07,"11/30/2024",26,7,0,0.23
"https://amazon.com/dp/B0G13GVGPS","https://m.media-amazon.com/images/I/61Z6AW-QtlL._SX450_.jpg","B0G13GVGPS","Portable Car Battery Jump Starter 6000A Jumper Box Combo Compressed Air Duster & Vacuum Cleaner Function, 12V Battery Charger Booster Power Pack with Turbo Fan, 3-Speed Blower for Snow/Leaves/Dust","Geeneu","FBA","Automotive",300155,"N/A","N/A","N/A","N/A","Batteries & Accessories",3950,139.99,1,9,7,,1223.36,986.69,21,4.6,"HK-PBL","Hong Kong",1,0,"N/A","Large Standard-Size",4.13,6.18,10.12,2.76,130.05,358.75,"01/31/2026",2,8,2,0.42
"https://amazon.com/dp/B0DZ2HNJ7S","https://m.media-amazon.com/images/I/61xdaFbepjL._SX450_.jpg","B0DZ2HNJ7S","Andeman 4000A Jump Starter with 150PSI Air Compressor, Car Jump Box with Type-C Quick Charge, All in One 12V Lithium Battery Car Jumper for 8.5L Gas/7L Diesel Engine, Ep-177","Andeman","FBA","Automotive",300451,810139104605,"N/A",0810139104605,"N/A","Batteries & Accessories",4145,51.67,-22,47,12,-68,2316.49,738.39,410,4.6,"Hongnacom","China",1,0,"N/A","Large Standard-Size",4.65,6.03,9.34,3.49,131.85,363.73,"11/30/2025",8,9,6,0.11
"https://amazon.com/dp/B0FCY9XDFL","https://m.media-amazon.com/images/I/81hFCTF3-QL._SX450_.jpg","B0FCY9XDFL","24V / 12V Jump Starter, Heavy Duty 1200/2400 Peak Amp Sealed Lead Acid Battery Jump Starter for Car Truck Tractor Excavator, Jump Box Power Pack with USB/DC Output and LED Light","BS ONE","FBA","Automotive",305595,791684899904,"N/A",0791684899904,"N/A","Jump Starters",598,249.99,-49,12,12,-46,2863.13,2863.03,18,4.5,"BS ONE","China",2,0,"N/A","Large bulky",11.5,14.8,16,31.15,882.52,2206.3,"11/30/2025",5,7,0,0.68
"https://amazon.com/dp/B0FPMJW7TS","https://m.media-amazon.com/images/I/71y5HsQ33tL._SX450_.jpg","B0FPMJW7TS","Jump Starter 12V, 3000A Jump Starter with Air Pump and Compressor, Portable Jump Box, LCD Display,LED Emergency Light,Power Bank & Jumper Cables,for 8.5L Gas and 6.5L Diesel Engines","一筋の光","FBA","Automotive",306839,199874054766,"N/A",0199874054766,"N/A","Batteries & Accessories",3995,69.99,60,0,0,-129,"-","-",12,4.2,"HONG KONG OCEAN ONE CO., LIMITED","N/A",1,0,"N/A","Large Standard-Size",4.33,5.28,9.21,2.91,106.01,292.45,"11/30/2025",4,7,1,0
"https://amazon.com/dp/B0DD3XGVCZ","https://m.media-amazon.com/images/I/41UjNG2bSPL._SX450_.jpg","B0DD3XGVCZ","Lucklike Car Battery Jump Starter Portable, Jump Starter Battery Pack for 8.0L Gas/7.0L Diesel Engines,12V Jump Box with Portable Charger Power Bank, 3 Modes Emergency Light and Jumper Cable","Lucklike","FBA","Automotive",307200,"N/A","N/A","N/A","N/A","Batteries & Accessories",4058,39.99,-28,37,37,-49,1477.6,1477.49,138,4.5,"Lucklike","China",1,0,"N/A","Large Standard-Size",4.49,4.88,8.74,2.2,96.42,265.98,"07/31/2025",16,9,2,0.27
"https://amazon.com/dp/B0GJLGKTWC","https://m.media-amazon.com/images/I/61XIvo-hwPL._SX450_.jpg","B0GJLGKTWC","Sharmeal Car Jump Starter 5000A, Jump Starter Battery with Air Compressor Pack for Up to 10.0L Gas and 9.0L Diesel Engines, Portable 12V Jump Box with USB Ports and LED Light","Sharmeal","FBM","Automotive",307611,"N/A","N/A","N/A","N/A","Batteries & Accessories",4001,39.99,"N/A",22,22,,873.16,873.11,"N/A","N/A","S-XM","China",1,0,"N/A","N/A","N/A","N/A","N/A","N/A","N/A","N/A","01/31/2026",2,7,0,"N/A"
"https://amazon.com/dp/B07W8FFKKC","https://m.media-amazon.com/images/I/618jm7zYMwL._SX450_.jpg","B07W8FFKKC","CERRXIAN 40cm 12V 24V Cigarette Lighter Plug to EC5 for Battery Booster Portable Jump Starter On-Board Electrical","CERRXIAN","FBA","Automotive",308025,682559614831,"N/A",0682559614831,"N/A","Jump Starters",607,9.98,-13,36,36,-51,358.45,357.93,95,3.9,"Lemeng","China",1,442,39,"Large Standard-Size",0.91,2.99,5.47,0.11,7.49,20.67,"12/31/2025",79,6,0,0.38
"https://amazon.com/dp/B07VTPHF5P","https://m.media-amazon.com/images/I/71dPnpU95JL._SX450_.jpg","B07VTPHF5P","DBPOWER Jump Starter 2750A Peak 76.96Wh Portable Car Jump Starter (Up to 10L Gas/8L Diesel Engine) 12V Auto Battery Booster Pack with Smart Clamp Cables, Quick Charger, LED Light Jump Box","DBPOWER","FBA","Automotive",309358,"N/A","N/A","N/A","N/A","Jump Starters",614,99.99,"N/A",34,34,-37,2404.97,2404.5,2934,4.5,"Petlucky official","China",1,818,"N/A","Large Standard-Size",4.09,5.28,9.69,2.49,105.36,290.64,"11/30/2024",77,8,0,0.01
"https://amazon.com/dp/B004QXO8UK","https://m.media-amazon.com/images/I/41XlguV3dzL._SX450_.jpg","B004QXO8UK","BOOSTER PAK 5000","Solar","FBM","Automotive",310133,"N/A","N/A","N/A","N/A","Batteries & Accessories",4114,171.8,-56,11,11,-39,1915.65,1915.56,7,4.8,"Homestead Supply & More ✅","USA",3,334,105,"N/A","N/A","N/A","N/A","N/A","N/A","N/A","11/30/2025",34,1,0,1.59
"https://amazon.com/dp/B0DZP63FGF","https://m.media-amazon.com/images/I/51D+o-R0a5L._SX450_.jpg","B0DZP63FGF","AstroAI S8 Air Nano Jump Starter with Air Compressor, 1500A Peak Car Battery Jump Starter Portable (6.0 Gas/3.0L Diesel) with 150PSI Auto-Shutoff Tire Inflator, 12V Battery Charger Booster(Orange)","AstroAI","FBA","Automotive",310255,"N/A","N/A","N/A","N/A","Jump Starters",606,69.99,-12,32,32,-26,2261.32,2260.87,121,4.5,"AstroAI Direct","USA",1,0,"N/A","Large Standard-Size",3.82,5.91,7.13,2.38,81.04,223.57,"07/31/2025",9,9,0,0.27
"https://amazon.com/dp/B09DST2SDP","https://m.media-amazon.com/images/I/711P1WQ90XL._SX450_.jpg","B09DST2SDP","JOMGAND JW402 Portable Jump Starter, 2500A 12V Car Battery Booster Pack for Upto 8.5L Gas or 6.5L Diesel Engines, Jumper and Jump Box with 100W Two Way Fast Charge, 36 Months Ultra-Long Standby","Jomgand","FBA","Automotive",311322,889551113939,"N/A",0889551113939,"N/A","Jump Starters",618,69.95,"N/A",33,0,,2291.96,"-",17,4.8,"JOMGAND Direct","China",0,0,"N/A","Large Standard-Size",2.91,9.45,10.59,4.01,146.62,404.47,"02/28/2026",46,8,2,1.72
"https://amazon.com/dp/B0FKJMRJCM","https://m.media-amazon.com/images/I/71qnZxoNzJL._SX450_.jpg","B0FKJMRJCM","Vehplstrt Jump Starter with Air Compressor, 6000A Car Battery Jumper Starter (10.0 Gas/8.0L Diesel), 12V Jump Starter Battery Pack, Portable Jump Box with LED Display, Flashlight and Jumper Cable","Vehplstrt","FBA","Automotive",311376,"N/A","N/A","N/A","N/A","Batteries & Accessories",4091,42.74,-49,25,25,16,1397.96,1397.87,48,4.1,"Douvel","China",1,0,"N/A","Large Standard-Size",2.83,6.93,8.78,3.11,86.69,239.16,"10/31/2025",6,9,0,0.53
"https://amazon.com/dp/B0FGPZCDXR","https://m.media-amazon.com/images/I/71C48G9sbNL._SX450_.jpg","B0FGPZCDXR","Jump Starter with Air Compressor,5500A Portable Car Battery Booster(All Gas & 10L Diesel) with 150PSI Cordless Auto Tire Inflator,15V Portable Car Battery Jump Starter Box with LCD Display LED Light","WEOLULI","FBA","Automotive",311614,"N/A","N/A","N/A","N/A","Batteries & Accessories",4122,79.99,-8,17,17,-128,1239.71,1239.39,47,4.5,"Wasion Store","China",1,0,"N/A","Large Standard-Size",3.23,6.14,7.48,2.29,74.67,206,"11/30/2025",4,6,0,0.37
"https://amazon.com/dp/B0F53ZKX3Q","https://m.media-amazon.com/images/I/71hoEbfTGNL._SX450_.jpg","B0F53ZKX3Q","Geeneu Car Battery Charger Jump Starter, 8000A Portable Jumper Starter with PD 65W Quick Charger, Jump Box 12V Battery Booster Jump Pack for All Gas/10L Diesel,Large Screen,150W DC, Lights","Geeneu","FBA","Automotive",313630,"N/A","N/A","N/A","N/A","Jump Starters",611,99.99,-18,25,25,,1943.28,1942.95,57,4.4,"Geeneu","China",1,0,"N/A","Large Standard-Size",4.41,5.47,9.21,2.6,111.86,308.57,"02/28/2026",8,7,2,0.43
"https://amazon.com/dp/B0DG8SNK9W","https://m.media-amazon.com/images/I/71Ki1s3OTTL._SX450_.jpg","B0DG8SNK9W","JFEGWO 6000A Jump Starte, 12V Car Booster Pack, for 13L Gas or 13L Diesel car Battery Portable Jump Starter, 24000mAh Battery Jumper Starter, 48-Months Stand-by","ADORETRIP","FBA","Automotive",313728,791126350062,"N/A",0791126350062,"N/A","Batteries & Accessories",4232,169.99,-18,14,4,,1771.25,643.56,157,4.2,"adoretrip","China",1,0,"N/A","Large Standard-Size",5,11.93,12.4,3.75,372.4,1027.31,"02/28/2026",6,8,3,0.09
"https://amazon.com/dp/B07R21KMG4","https://m.media-amazon.com/images/I/61l--3AfAiL._SX450_.jpg","B07R21KMG4","FITE ON AC/DC Adapter Compatible with Peak PKC0AS PKC0AQ PKC0AZ PKC0A0 300 600 900 Amp Jump Starter Power Adapter Charger UL Listed","FITE ON","FBM","Automotive",315083,751332661154,"N/A",0751332661154,"N/A","Batteries & Accessories",4232,9.99,-25,22,4,-52,210.28,35.27,388,4.4,"FITE ON","China",5,367,-21,"Large Standard-Size",3.11,3.31,4.02,0.18,"N/A","N/A","09/30/2024",83,6,8,0.06
"https://amazon.com/dp/B0G8GPWM7C","https://m.media-amazon.com/images/I/71QsjlxcEML._SX450_.jpg","B0G8GPWM7C","VTOMAN VL7 6000A Jump Starter Upgraded with LiFePO4 Battery,24000mAh Portable Car Battery Booster (All Gas/10L Diesel),12V Jump Box Power Pack with USB-A,Type-C & DC Output,LED Light,EVA Bag","VTOMAN","-","Automotive",315993,"N/A","N/A","N/A","N/A","Batteries & Accessories",4083,199.99,"N/A",7,7,,1399.93,1399.91,"N/A","N/A",,"N/A",1,0,"N/A","Large Standard-Size",4.02,7.44,10.51,4.1,"N/A","N/A","-",0,"N/A",0,"N/A"
"https://amazon.com/dp/B0FVMD1XGS","https://m.media-amazon.com/images/I/71yE6MWCDfL._SX450_.jpg","B0FVMD1XGS","MOSTOOL 5000A Car Jump Starter, 12V Portable Battery Booster with LED Display, Fits All Gas Engines and Up to 10.0L Diesel Engines,Gray","MOSTOOL","FBA","Automotive",316025,"N/A","N/A","N/A","N/A","Batteries & Accessories",4196,129.99,-33,8,8,,1048.23,1048.08,22,4,"NCYJC","China",1,0,"N/A","Large Standard-Size",4.45,5.91,10.98,3.64,145.39,401.07,"02/28/2026",3,7,3,0.37
"https://amazon.com/dp/B0FLQ2TTRQ","https://m.media-amazon.com/images/I/81S9TellCRL._SX450_.jpg","B0FLQ2TTRQ","SEAMOUNT 2000A Jump Starter with Air Compressor Combo, Portable Car Battery Booster Pack for 6L Gas / 3L Diesel, 150PSI Tire Inflator, LED Emergency Light, Complete Roadside Kit","SEAMOUNT","FBA","Automotive",316092,"N/A","N/A","N/A","N/A","Batteries & Accessories",4143,59.99,-32,15,15,-63,898.86,898.63,24,4.6,"Pro. Auto Accessories","China",2,0,"N/A","Large Standard-Size",4.02,5.35,10.35,2.58,112.07,309.16,"10/31/2025",6,8,0,0.61
"https://amazon.com/dp/B09Q122RYG","https://m.media-amazon.com/images/I/710Fde1T9qL._SX450_.jpg","B09Q122RYG","YESPER Battery Jump Starter Portable, 3000A Booster Pack Jump Box for 12V Car (Up to 10L Gas/8L Diesel Engine), Jumper Cables with DSLI Safe Tech, PD 15W Fast Charge & DC 15V Port","YESPER","FBA","Automotive",316470,"N/A","N/A","N/A","N/A","Jump Starters",620,89.99,-11,15,8,-119,1355.54,744,408,4.6,"YESPER DIRECT","China",1,0,"N/A","Large Standard-Size",4.17,6.38,9.96,2.95,133.41,368.03,"11/30/2025",47,9,2,0.04
"https://amazon.com/dp/B0BGN15YQ2","https://m.media-amazon.com/images/I/81nd7jTc2cL._SX450_.jpg","B0BGN15YQ2","YESPER 2160A Car Jump Starter Portable，Battery Jumper Booster Pack, Boost Jump Box for Most 12V Vehicle (Up to 9.0L Gas/7.0L Diesel Engine), DSLI Safe Tech, PD 15W Fast Charge & DC 15V Port","YESPER","FBA","Automotive",316472,"N/A","N/A","N/A","N/A","Jump Starters",620,89.99,-11,15,7,-119,1355.54,611.17,408,4.6,"YESPER DIRECT","China",1,0,"N/A","Large Standard-Size",4.29,6.34,9.84,2.98,134.75,371.71,"11/30/2025",41,8,2,0.04
"https://amazon.com/dp/B0G4VC3WXS","https://m.media-amazon.com/images/I/819KAhUqlXL._SX450_.jpg","B0G4VC3WXS","HW Car Battery Jump Starter with Air Compressor, [44.4Wh, 160PSI] True 2000A Portable Car Jumper Pack (8.5 Gas/6.5L Diesel), 12V Jump Box with Jumper Cables/Air Chucks/USB-C Cables-65W Fast Charging","HW","FBA","Automotive",317336,"N/A","N/A","N/A","N/A","Batteries & Accessories",4093,68.98,"N/A",26,26,,1793.48,1793.48,"N/A","N/A","TIGER HEAD HI WATT BATTERY  HK  CO LTD","Hong Kong",1,0,"N/A","Large Standard-Size",4.72,6.18,10.16,3.81,149.21,411.62,"-",0,7,0,"N/A"
"https://amazon.com/dp/B085SYC718","https://m.media-amazon.com/images/I/814ri2iqfML._SX450_.jpg","B085SYC718","Wagan EL7507 Jump Starter iOnBoost V10 Torque 1000Amp Peak 12V Portable Lithium Car Battery Up to 7.8L V10 or 6.7L Diesel, 12V Jump Pack with Built-in LED Bright Light, UL Certified","Wagan","FBA","Automotive",318846,084367075079,"N/A",0084367075079,"N/A","Jump Starters",621,112.92,-10,21,5,-19,1755.83,512.05,104,4.4,"Wagan","USA",10,265,-18,"Large Standard-Size",3.15,5.71,8.31,2.36,75.2,207.45,"05/31/2024",55,8,4,0.2
"https://amazon.com/dp/B0DP2B27BY","https://m.media-amazon.com/images/I/71WyhFmnayL._SX450_.jpg","B0DP2B27BY","Portable Car Battery Jump Starter, 3000A - 12V Portable Jump Box for 6.0L Diesel & 8.0L Gas, Compact Battery Jump Pack, Extended Smart Jumper Cables Equipped, USB Outputs, and Lights","BOFEKTE","FBA","Automotive",319009,"N/A","N/A","N/A","N/A","Jump Starters",615,59.99,-49,20,14,,1337.76,833.57,8,3.6,"Bofeikete","China",1,0,"N/A","Large Standard-Size",2.52,8.86,9.29,1.7,104.43,288.08,"02/28/2026",16,8,2,2.52
"https://amazon.com/dp/B0F93RS2BH","https://m.media-amazon.com/images/I/71hZtBVRWOL._SX450_.jpg","B0F93RS2BH","Jump Starter with Air Compressor, 7000A 180PSI Car Battery Jump Starter Jump Box (All Gas/10.0L Diesel), Battery Jumper Starter Portable Jumper Cables, Large LCD Display, LED Light Black","sozun","FBA","Automotive",319034,"N/A","N/A","N/A","N/A","Jump Starters",616,79.99,-4,65,65,-105,5180.25,5179.47,145,4.5,"Sozun","China",2,0,"N/A","Large Standard-Size",4.09,7.95,8.7,2.49,142.42,392.9,"11/30/2025",8,7,2,0.45
"https://amazon.com/dp/B0D9LSLQ4F","https://m.media-amazon.com/images/I/71XJ2cB8xsL._SX450_.jpg","B0D9LSLQ4F","9000A Car Battery Charger Jump Starter with Air Compressor, 150PSI Tire Inflator Air Pump(All Gas/16L Diesel),12V Jump Box Car Battery with Smart Jumper Cables, LCD Display, Portable Power Pack","Oreetga","FBA","Automotive",321513,"N/A","N/A","N/A","N/A","Batteries & Accessories",4219,103.99,-33,48,48,-62,4962.92,4962.34,158,4.5,"Oreetga-US","China",1,0,"N/A","Large Standard-Size",4.49,5.94,9.41,3.55,126.36,348.57,"11/30/2025",18,6,2,0.3
"https://amazon.com/dp/B08R7FPMZ9","https://m.media-amazon.com/images/I/71UJu1YdojL._SX450_.jpg","B08R7FPMZ9","XoooX Pink Portable Car Battery Jump Starter Kit with Jumper Cables, LED Light and Case; 12V Jump Start Battery Pack; Portable Battery Charger for USB/USB-C Devices","XoooX","FBA","Automotive",321656,677998201070,"N/A",0677998201070,"N/A","Batteries & Accessories",4222,99.99,-20,31,15,107,3560.07,1492.7,44,4.1,"XOOOX","USA",1,409,"N/A","Large Standard-Size",3.54,6.06,9.02,1.79,97.42,268.75,"01/31/2026",23,8,2,0.72
"https://amazon.com/dp/B0BBZTLL3B","https://m.media-amazon.com/images/I/61FB7kWur9L._SX450_.jpg","B0BBZTLL3B","Smart Jumper Clamp Automotive Jump Starter Booster Clamp Cables, Replacement Alligator Clamp for 12V Portable Car Jump Starter","grupeer","FBA","Automotive",322296,726954016958,00726954016958,0726954016958,"N/A","Batteries & Accessories",4188,15.99,-18,25,25,35,406.53,406.19,128,4.4,"litu electronics","China",1,397,-53,"Large Standard-Size",2.05,6.02,6.14,0.57,38.15,105.24,"10/31/2024",42,5,0,0.2
"https://amazon.com/dp/B0FGDQXZRK","https://m.media-amazon.com/images/I/71377jEGNKL._SX450_.jpg","B0FGDQXZRK","Jump Starter with Air Compressor Battery Jumper Starter Portable Car Battery Jump Starter 8.0 Gas/7.0L Diesel 12V Portable Car Jump Starter with Tire Inflator LED Light，Gift for Men Fathers Husbands","HIPOM","FBA","Automotive",327386,766757187745,"N/A",0766757187745,"N/A","Batteries & Accessories",4271,59.99,-12,77,77,-105,4607.48,4607.33,112,4.5,"jin yao wang luo ke ji you xian gong si","China",2,0,"N/A","Large Standard-Size",4.09,5.67,9.41,2.47,109.87,303.08,"11/30/2025",6,8,0,0.69
"https://amazon.com/dp/B08WNLYZXY","https://m.media-amazon.com/images/I/61qt5N7PbAL._SX450_.jpg","B08WNLYZXY","CTEK CS Free USB-C Charge Cable Clamps 40-465 - for use with The CS Free Portable Battery Charger Maintainer, Black","CTEK","FBA","Automotive",328150,"N/A","N/A",7340103404651,"N/A","Jump Starters",1506,41.5,-24,29,5,-25,1628.76,255.18,53,4.6,"Ktuji","USA",6,307,"N/A","Large Standard-Size",2.13,3.82,5.75,0.4,23.5,64.82,"02/28/2026",61,2,5,0.55
"https://amazon.com/dp/B0DM1TWG1V","https://m.media-amazon.com/images/I/71Kvl4ukG3L._SX450_.jpg","B0DM1TWG1V","5500A Jump Starter with Air Compressor, 150PSI Portable Car Battery Charger Combo Tire Inflator for up to 9.5L Gas/8.0L Diesel, 12V Jump Box Auto Emergency Booster with LED Light, Smart Jumper Cables","Oreetga","FBA","Automotive",328230,"N/A","N/A","N/A","N/A","Batteries & Accessories",4280,89.99,-28,132,132,-91,8727.97,8726.53,131,4.5,"Oreetga-US","China",1,0,"N/A","Large Standard-Size",4.25,8.86,13.54,2.8,256.69,708.12,"11/30/2025",15,7,2,1.01
"https://amazon.com/dp/B0BC1FNT36","https://m.media-amazon.com/images/I/51ZDcMvyLTL._SX450_.jpg","B0BC1FNT36","Inorising Car Battery Jump Starter, 2000A Peak Car Jumper Starter Portable, 10000mAh (for up to 6.0L Gas or 4.0L Diesel Engine) 12V Battery Box with Built-in LED Light and Compass","Inorising","FBM","Automotive",328609,"N/A","N/A","N/A","N/A","Jump Starters",629,20.99,-38,38,38,,944.75,944.36,22,3.9,"Inorising LTD","China",2,38,9,"Large Standard-Size",3.78,5,9.17,2.05,"N/A","N/A","04/30/2024",39,8,0,1.74
"https://amazon.com/dp/B0FY2VFPQY","https://m.media-amazon.com/images/I/716kkdeWBwL._SX450_.jpg","B0FY2VFPQY","WOLLAR 3000A Jump Starter with 160PSI Air Compressor - Car Battery Jumper Starter, 74Wh Portable Tire Inflator, 12V Jump Box, 20000mAh Powerbank, Dual Flashlight for 8.0L Gas & 7.0L Diesel Engines","WOLLAR","-","Automotive",330917,"N/A","N/A",8032766782571,"N/A","Batteries & Accessories",4368,239.99,"N/A",138,91,,27632.79,21052.68,43,4.8,,"N/A",1,0,"N/A","Large Standard-Size",5.75,5.79,10.59,4.61,"N/A","N/A","02/28/2026",1,8,3,3.2
"https://amazon.com/dp/B0FY2WXYB7","https://m.media-amazon.com/images/I/712r5IQS64L._SX450_.jpg","B0FY2WXYB7","WOLLAR 3000A Jump Starter with 160PSI Air Compressor - Car Battery Jumper Starter, 74Wh Portable Tire Inflator, 12V Jump Box, 20000mAh Powerbank, Dual Flashlight for 8.0L Gas & 7.0L Diesel Engines","WOLLAR","FBA","Automotive",330922,"N/A","N/A",8032766782564,"N/A","Batteries & Accessories",4368,219.99,-28,138,25,,27632.79,3470.7,43,4.8,"Smart cloud Store","N/A",1,0,"N/A","Large Standard-Size",5.71,5.75,10.51,4.52,173.66,479.07,"02/28/2026",1,8,3,3.2
"https://amazon.com/dp/B0DXF8YDRW","https://m.media-amazon.com/images/I/713dWxlUKFL._SX450_.jpg","B0DXF8YDRW","KeenPower 6000A Super Capacitor Battery-Less Jump Starter, Built-in 6 * 3000F Supercapacitor, No Traditional Battery","KeenPower","FBA","Automotive",332364,712490092679,"N/A",0712490092679,"N/A","Batteries & Accessories",4389,299.99,-6,20,20,-24,5891.26,5890.94,7,4,"Kungfupower","China",1,0,"N/A","Large Standard-Size",7.87,10.83,12.24,10.92,525.53,1449.74,"12/31/2025",10,7,0,2.81
"https://amazon.com/dp/B0DFXVLV9C","https://m.media-amazon.com/images/I/71K29nUMMZL._SX450_.jpg","B0DFXVLV9C","AMPBANK Jump Starter with Air Compressor, 3000A Portable Car Jump Starter with 150PSI Digital Tire Inflator, 12V Car Battery Booster Pack with LED Lighting, LCD Display","AMPBANK","FBA","Automotive",334531,850052860882,"N/A",0850052860882,"N/A","Batteries & Accessories",4334,59.99,-50,35,35,-76,2547.51,2547.32,99,4.2,"AMPBANK Direct","China",2,1127,"N/A","Large Standard-Size",4.53,9.13,12.09,5.14,251.75,694.48,"11/30/2024",16,6,4,0.36
"https://amazon.com/dp/B0DTYPVCWH","https://m.media-amazon.com/images/I/71VtxwVaJPL._SX450_.jpg","B0DTYPVCWH","NEVERLAND Jump Starter - 6500A Battery Jumper Starter Portable for 10.0L Gas and 8.0L Diesel Engine,12V Car Battery Jump Starter with LED Light, Jumper Cables","NEVERLAND","FBA","Automotive",338154,"N/A","N/A",6974165951887,"N/A","Batteries & Accessories",4355,36.99,-51,21,10,,1033.64,385.53,11,4.6,"C-zhongTrade","China",1,0,"N/A","Large Standard-Size",3.51,5.67,9.46,1.62,94.79,261.49,"02/28/2026",9,9,3,1.91
"https://amazon.com/dp/B0CYZR6NSL","https://m.media-amazon.com/images/I/71MO3HG-RBL._SX450_.jpg","B0CYZR6NSL","Car Battery Jump Starter-1000Amp 12V Lead-Acid Battery Jump Box with 260PSI Air Compressor, 10000 mAh Portable Power Station, Jump Pack for Vehicles Up to 5L Gas or Diesel","acetek","FBA","Automotive",338254,797725283244,"N/A",0797725283244,"N/A","Batteries & Accessories",4357,89.99,-2,18,18,-98,1584.55,1584.27,191,4.4,"Acetek","China",1,1290,"N/A","Large Standard-Size",7.2,9.76,10.63,10.03,376.09,1037.49,"11/30/2024",22,7,2,0.09
"https://amazon.com/dp/B0CFVFTKQX","https://m.media-amazon.com/images/I/61hatmvn97L._SX450_.jpg","B0CFVFTKQX","ZunDian 12/24V Adapter Charger Replacement for Jump Starter, Peak 700A 1600A 1800A 2000A 3000A Auto Battery Booster Car Jump Starter Charger (ZunDian 715/529/974/774)","ZunDian","FBM","Automotive",338873,769293838867,"N/A",0769293838867,"N/A","Jump Starters",642,11.99,-31,22,22,-56,260.02,259.73,27,4.1,"Livigi Shop","China",1,282,-25,"Large Standard-Size",5,5,2,3,"N/A","N/A","11/30/2024",31,3,0,0.8
"https://amazon.com/dp/B0B7RYSP8Y","https://m.media-amazon.com/images/I/71nUH1pw0IL._SX450_.jpg","B0B7RYSP8Y","FNNEMGE Car Jump Starter, 5000A Peak 24800mAh 12V Car Battery Starter(Up to All Gas, 8.0L Diesel Engine), with with USB Charge Output Port,LED Light,HD Large Screen,12V EC-5 Output.","FNNEMGE","FBA","Automotive",339921,"N/A","N/A","N/A","N/A","Jump Starters",646,59.99,-14,18,18,-25,936.54,936.4,614,4.3,"FNNEMGE","China",1,0,"N/A","Large Standard-Size",2.09,8.19,10.63,1.81,91.61,252.71,"08/31/2025",43,7,3,0.03
"https://amazon.com/dp/B0FLJLHWWY","https://m.media-amazon.com/images/I/71ZFN3OhpML._SX450_.jpg","B0FLJLHWWY","Battery Jump Starter with Air Compressor for Car, 10000mAh Portable Power Pack 150PSI Tire Inflotor, USB Charge, LED Light, for All Gas and Up to 8L Diesel Engines Jumper Box","ColinBeni","FBA","Automotive",340440,"N/A","N/A","N/A","N/A","Batteries & Accessories",4390,62.99,-45,21,21,-96,1407.24,1406.94,44,4.8,"ColinBeni","China",1,0,"N/A","Large Standard-Size",3.23,6.14,9.29,2.51,92.76,255.89,"11/30/2025",5,8,0,0.48
"https://amazon.com/dp/B09WHMFQSD","https://m.media-amazon.com/images/I/61NJ095Uu+L._SX450_.jpg","B09WHMFQSD","UpBright 18V AC/DC Adapter Compatible with Goodall Manufacturing JP-12-4000T JP-12-5000T JP-12-10000T 12V Start-All Corded Jump Pack DC18V 2A 18Volt 18.0V Power Supply Cable Cord Battery Charger PSU","UPBRIGHT","FBA","Automotive",342542,"N/A","N/A","N/A","N/A","Batteries & Accessories",4391,11.99,-30,9,9,-79,112.24,112.03,25,3.8,"PowerHOOD","USA",2,118,-63,"Large Standard-Size",1.61,3.5,4.41,0.2,12.51,34.51,"12/31/2024",56,8,0,0.35
"https://amazon.com/dp/B0CT5TZJS5","https://m.media-amazon.com/images/I/71lkXb9OxtL._SX450_.jpg","B0CT5TZJS5","Portable Car Battery Jumper Starter 1000A Jump Box with Power Bank LED Light Protection Case for Car Emergency Kit, 12V Booster Pack Jump Starter with Heavy Duty Jump Cables, GREEN KEEPER GK-J1201","GREEN KEEPER","FBA","Automotive",343870,"N/A","N/A",4897135700488,"N/A","Batteries & Accessories",4394,49.99,"N/A",21,6,-89,916.17,313.73,773,4.6,"Green Keeper Co","Hong Kong",1,2808,"N/A","Large Standard-Size",4.06,12.64,13.5,3.11,348.8,962.22,"11/30/2024",24,9,7,0.03
"https://amazon.com/dp/B095HMK1CN","https://m.media-amazon.com/images/I/51e58H8HHtL._SX450_.jpg","B095HMK1CN","Mchoi Car Jump Starter Case Compatible with NEXPOW Jump Starter Q10S,1500A Peak, CASE ONLY","Mchoi","FBA","Automotive",344121,"N/A","N/A","N/A","N/A","Jump Starters",650,16.99,-3,46,46,-8,770.18,769.61,128,4.3,"Mchoi Direct","China",1,431,-20,"Large Standard-Size",4.13,6.02,9.33,0.62,116.79,322.18,"11/30/2024",58,8,0,0.36
"https://amazon.com/dp/B0FDH2CDBB","https://m.media-amazon.com/images/I/41x1Xbr5u4L._SX450_.jpg","B0FDH2CDBB","LXROAR01 Jump Start Post Cover Compatible with Dodge Challenger Charger Magnum Chrysler 300, Jump Post Cap for 68188999AA","LXROAR01","FBA","Automotive",345108,"N/A","N/A","N/A","N/A","Batteries & Accessories",4428,13.99,-11,22,22,-12,313.26,312.91,6,5,"Tiger Club e-business","China",1,0,"N/A","Large Standard-Size",6.1,2.44,2.4,0.15,18.01,49.68,"11/30/2025",6,5,0,3.74
"https://amazon.com/dp/B09YXZX7CC","https://m.media-amazon.com/images/I/81eVDjolV3L._SX450_.jpg","B09YXZX7CC","Elonbo Carrying Case for Halo Bolt Ultimate 2.0/3.0 Portable Car Battery Jump Starter/Halo Bolt 55500 mwh/Air 58830/ Air + 55500/58830/ 44400/57720 Emergency Power Kit Holder, Black","Elonbo","FBA","Automotive",345176,769256312076,"N/A",0769256312076,"N/A","Batteries & Accessories",4576,20.99,-16,22,12,-72,494.47,266.16,107,4.7,"Elonbo US","Hong Kong",1,871,"N/A","Large Standard-Size",3.11,9.76,11.73,1.32,179.26,494.51,"11/30/2025",47,7,3,0.21
"https://amazon.com/dp/B0B5L66MW7","https://m.media-amazon.com/images/I/81mBAnEih2L._SX450_.jpg","B0B5L66MW7","Elonbo Carrying Case for Halo Bolt Ultimate 2.0/3.0 Portable Car Battery Jump Starter/Halo Bolt 55500 mwh/Air 58830/ Air + 55500/58830/ 44400/57720 Emergency Power Kit Holder, Black+Black","Elonbo","FBA","Automotive",345418,769256312540,"N/A",0769256312540,"N/A","Jump Starters",654,22.99,-1,22,5,-72,494.47,106.28,108,4.7,"Elonbo US","Hong Kong",1,871,"N/A","Large Standard-Size",3.11,9.96,13.11,1.48,204.46,564.01,"11/30/2025",45,7,3,0.2
"https://amazon.com/dp/B0DZ2FCTZZ","https://m.media-amazon.com/images/I/41Z2OinQCwL._SX450_.jpg","B0DZ2FCTZZ","Andeman 4000A Jump Starter with 20000mAh Power Bank, Portable Car Battery Booster Pack, Type-C Quick Charge, 12V Lithium Jumper for up to 8L Gas/7L Diesel Engines, EP-166","Andeman","FBA","Automotive",346898,810139104612,"N/A",0810139104612,"N/A","Batteries & Accessories",4492,42.99,-12,47,35,-68,2316.49,1577.77,410,4.6,"Hongnacom","China",1,0,"N/A","Large Standard-Size",3.82,4.84,8.62,3,80.24,221.35,"11/30/2025",8,8,6,0.11
"https://amazon.com/dp/B0CFY2V32Y","https://m.media-amazon.com/images/I/71gdaNmYbNL._SX450_.jpg","B0CFY2V32Y","EcoNour Jump Starter | 1600A Peak | Portable Car Jump Starter | 12V Lithium Jump Box for 7L Gas and 5L Diesel Engines | Car Battery Jump Starter - LCD Display, Emergency Flashlight and Jumper Cables","EcoNour","FBA","Automotive",347658,"N/A","N/A","N/A","N/A","Jump Starters",650,44.99,-100,2,1,,106.9,54.47,190,4.4,"EcoNour","USA",1,0,"N/A","Large Standard-Size",3.23,5.08,9.13,1.72,75.4,208,"03/31/2026",29,7,3,0.01
"https://amazon.com/dp/B07TXZWJW5","https://m.media-amazon.com/images/I/71YLu0bygnL._SX450_.jpg","B07TXZWJW5","SLLEA AC Power Charging Cord Charger Cable Replacement for EverStart MAXX 1200 Peak AMPS Jump Starter with Air Compressor and Inverter Ever Start 1200A 750A 12V 300A JumpStarter Box Lot 11480","SLLEA","FBA","Automotive",349022,760207354800,"N/A",0760207354800,"N/A","Jump Starters",658,10.99,-16,6,6,-9,67.53,67.42,59,4.3,"SLLEA","China",2,108,-70,"Large Standard-Size",1.18,4.8,6.3,0.19,17.99,49.63,"03/31/2024",81,5,0,0.1
"https://amazon.com/dp/B0DGXRL2CS","https://m.media-amazon.com/images/I/71vyu2ya4TL._SX450_.jpg","B0DGXRL2CS","YESPER 3000A Jump Starter, 12V Car Battery Jump Starter with 100W Two-Way Fast-Charging, LED Display, Portable Jumper Starter Battery Pack(10L Gas 8L Diesel Engine), 20000mAh Jump Box with Booster","YESPER","FBA","Automotive",349305,"N/A","N/A","N/A","N/A","Batteries & Accessories",4734,109.99,-28,29,29,-51,1945.69,1945.28,173,4.4,"YESPER DIRECT","China",1,0,"N/A","Large Standard-Size",5,5.28,10.2,3.53,135.57,374,"11/30/2025",8,9,2,0.17
"https://amazon.com/dp/B0FY5P5QWL","https://m.media-amazon.com/images/I/61TMy68f3oL._SX450_.jpg","B0FY5P5QWL","12V Jump Starter Compatible with DeWalt 20V/60V Batteries, 11AWG 1.2FT Automotive Booster Cable for 12V Car Starting (Battery Not Included, Not Made by DeWalt)","ZLWAWAOL","FBA","Automotive",353090,"N/A","N/A","N/A","N/A","Batteries & Accessories",4549,29.99,-17,51,51,,1521.44,1520.79,3,5,"Greenwheal","China",1,0,"N/A","Large Standard-Size",3.59,3.74,5.32,0.7,35.96,99.21,"02/28/2026",1,7,2,16.91
"https://amazon.com/dp/B0DKHQYQPF","https://m.media-amazon.com/images/I/71uYfKHI96L._SX450_.jpg","B0DKHQYQPF","6000A Car Battery Jump Starter, 65W Quick Charger, 26800mAh Jump Starter Battery Pack(All Gas/12L Diesel) with Booster, 12V Portable Jump Starter with Jumper Cables, 4-Mode Lights","YUSMAN","FBA","Automotive",354287,"N/A","N/A","N/A","N/A","Batteries & Accessories",4523,79.99,14,10,10,-31,693.64,693.4,104,4.4,"YUSMAN US","China",1,630,"N/A","Large Standard-Size",4.02,5.08,10.43,3.04,107.24,295.83,"02/28/2025",13,6,0,0.09
"https://amazon.com/dp/B0GD67Q6D4","https://m.media-amazon.com/images/I/71mAXsesnvL._SX450_.jpg","B0GD67Q6D4","COSSIFTW 12000A Jump Starter 200W Portable Car Battery Starter with 130Wh Power Bank – PD 60W Two-Way Fast Charging, The Most Multi-Function & Heavy Duty Jump Starter (Apply for All Cars & Trucks)","COSSIFTW","FBA","Automotive",354435,"N/A","N/A","N/A","N/A","Batteries & Accessories",4533,438.99,-68,1,1,,438.99,604.42,2,4.5,"COSSIFTW POWER-US","China",1,0,"N/A","Large Standard-Size",3.78,10.75,12.17,5.64,248.98,686.84,"02/28/2026",1,9,0,0.51
"https://amazon.com/dp/B0D1MSWS5Z","https://m.media-amazon.com/images/I/81v69GnrrML._SX450_.jpg","B0D1MSWS5Z","Bjabtan EVA Protection Case for NOCO GB40 and GB20 Lithium Jump Starters, Portable Jump Starter Box, Car Jumper Starter Portable Case","Bjabtan","FBA","Automotive",355440,"N/A","N/A","N/A","N/A","Batteries & Accessories",4489,15.99,-13,22,22,-106,343.03,342.74,75,4.3,"Bjabtan","China",1,785,"N/A","Large Standard-Size",3.98,6.18,11.3,0.66,139.93,386.03,"11/30/2025",23,6,0,0.29
"https://amazon.com/dp/B0CXHP7DBT","https://m.media-amazon.com/images/I/71HIN4FBWhL._SX450_.jpg","B0CXHP7DBT","Canboc Hard Carrying Case for Halo Bolt Ultimate 2.0 3.0/ Halo Bolt Ultimate 55500/ Halo Bolt Air+ 1750 Portable Vehicle Jump Starter, Mesh Pocket fit Jump Cables, AC Outlet, Charger, Black","Canboc","FBA","Automotive",363693,"N/A","N/A","N/A","N/A","Batteries & Accessories",4555,25.99,-22,16,8,-77,415.59,215.61,51,4.6,"Canboc","Hong Kong",1,420,-22,"Large Standard-Size",2.91,9.88,12.48,1.3,180.65,498.35,"11/30/2024",24,7,3,0.31
"https://amazon.com/dp/B0DNLXK1QZ","https://m.media-amazon.com/images/I/61SoBkjKgDL._SX450_.jpg","B0DNLXK1QZ","CarJump Starter, Jumper Starter Adapter for DeWalt 20V 60V Battery, Jumper Cables 11AWG 1.2FT Automotive Booster Cable for Jump Starting Car Using Tool Battery","Generic","FBA","Automotive",364327,"N/A","N/A","N/A","N/A","Batteries & Accessories",4616,29.9,-20,8,8,-74,252.91,252.73,25,3.9,"keep your heart","China",1,363,"N/A","Large Standard-Size",3.62,3.62,5.28,0.77,34.84,96.1,"02/28/2025",12,7,0,0.34
"https://amazon.com/dp/B0BQWG6NQZ","https://m.media-amazon.com/images/I/61pMIFDIV8L._SX450_.jpg","B0BQWG6NQZ","LOKITHOR JA401 3750A Jump Starter with Air Compressor, 60W Two-Way Fast Charing, 12V Lithium Battery Starter with 150PSI Auto-Shutoff Tire Inflator, Booster Pack for 10.0L Gas or 8.0L Diesel Engines","LOKITHOR","FBA","Automotive",364521,889551117081,"N/A",0889551117081,"N/A","Jump Starters",653,259.95,"N/A",10,10,238,2616.1,2615.97,179,4.1,"LOKITHOR Online","China",1,176,-82,"Large Standard-Size",6.26,6.73,10.87,5.62,230.57,636.04,"03/31/2024",39,8,0,0.06
"https://amazon.com/dp/B01300OUAC","https://m.media-amazon.com/images/I/71hgqirwRDL._SX450_.jpg","B01300OUAC","Performance Tool W1665 900 Amp Jump Starter, Inflator, Portable Power Unit","Performance Tool","FBM","Automotive",364736,039564115905,00039564115905,0039564115905,"N/A","Jump Starters",1605,125.05,-18,24,1,-64,877.79,108.32,847,4.4,"Autoplicity ✅","USA",35,0,"N/A","Large Standard-Size",7,13.5,14.5,15.65,"N/A","N/A","08/31/2025",126,8,9,0.03
"https://amazon.com/dp/B0B65L5XJV","https://m.media-amazon.com/images/I/71hCJr64QjL._SX450_.jpg","B0B65L5XJV","Canboc Case for Halo Bolt Ultimate 2.0 3.0/ Halo Bolt Ultimate 55500/ Halo Bolt Air+ 1750 Portable Vehicle Jump Starter, Mesh Pocket fit Jump Cable, AC Outlet, Charger, with Shoulder Strap, Black","Canboc","FBA","Automotive",365248,"N/A","N/A","N/A","N/A","Batteries & Accessories",4555,26.99,-42,16,4,-77,415.59,113.4,51,4.6,"Canboc","Hong Kong",1,420,-22,"Large Standard-Size",3.66,9.41,12.13,1.15,210.33,580.23,"11/30/2024",44,8,3,0.31
"https://amazon.com/dp/B0CFY3ZRPF","https://m.media-amazon.com/images/I/713+gqxajWL._SX450_.jpg","B0CFY3ZRPF","Econour 4000A Car Jump Starter – 12V Battery Booster Pack for Up to 10L Gas & 10L Diesel Engines, 25000mAh Portable Power Bank with 65W Fast Charging, LED Display, Jumper Cables & Emergency Flashlight","EcoNour","FBA","Automotive",365435,"N/A","N/A","N/A","N/A","Batteries & Accessories",4656,59.99,-69,12,1,,593.83,80.63,39,4.2,"EcoNour","USA",1,0,"N/A","Large Standard-Size",3.27,5.16,9.17,2.14,77.84,214.72,"03/31/2026",28,7,3,0.3
"https://amazon.com/dp/B0F1XR71KG","https://m.media-amazon.com/images/I/71fqCOYBfEL._SX450_.jpg","B0F1XR71KG","ASPERX Jump Starter with Air Compressor,【Upgrade & Safety Certs】10L Gas/8L Diesel(Almost All Cars) 12V Jumper Box Car Battery Jumper Starter Portable with Tire Inflator, Jumper Cables, Display & Light","AsperX","FBA","Automotive",368247,"N/A","N/A","N/A","N/A","Jump Starters",666,89.99,-84,13,13,-117,1168.11,1167.96,1176,4.6,"JIAHONGJING","China",1,0,"N/A","Large Standard-Size",4.25,5.94,10,3.42,127.1,350.63,"11/30/2025",11,8,8,0.01
"https://amazon.com/dp/B0C9GVJJC4","https://m.media-amazon.com/images/I/61LjnGnjKIL._SX450_.jpg","B0C9GVJJC4","Onerbl 15V AC/DC Adapter Replacement for Powrun P-ONE Pone 2000A Portable Car ‎Jump Starter 12V Lithium Polymer Battery Booster Pack CW1501000US 15VDC 1A 15W 15.0V 1.0A 1000mA Power Supply Charger","onerbl","FBA","Automotive",372376,"N/A","N/A",4741640720021,"N/A","Batteries & Accessories",4692,13.89,-20,12,12,-44,169.73,169.62,6,4,"GreatComputerParts","China",3,152,100,"Large Standard-Size",1.5,3,4,0.25,9.06,25,"12/31/2025",33,4,0,2.04
"https://amazon.com/dp/B01M1KIGJ6","https://m.media-amazon.com/images/I/81BONX55KmL._SX450_.jpg","B01M1KIGJ6","caseling Hard EVA Case Fits Boost GB40, GB20, GB50 12V Lithium Jump Starters - Storage Bag for Car Battery Booster and Cables.","caseling","FBA","Automotive",374976,703546598054,00703546598054,0703546598054,"N/A","Jump Starters",669,20.98,-14,18,18,-35,376.56,376.27,1388,4.5,"York Sales","USA",1,387,-16,"Large Standard-Size",3.39,10.2,10.35,0.82,180.18,497.06,"11/30/2024",114,7,0,0.01
"https://amazon.com/dp/B0FRFK7VGV","https://m.media-amazon.com/images/I/71Uxa3NeUHL._SX450_.jpg","B0FRFK7VGV","Cros 3500A Car Jump Starter, 24000mAh Battery Booster Pack with Wireless Charger, 12V Portable Jump Box for Gas & Diesel Engines, Power Bank & LED Flashlight","CROS","Amazon","Automotive",377317,"N/A","N/A",6978312634852,"N/A","Batteries & Accessories",4618,89.99,-11,12,12,343,1106.22,1105.98,9,5,"Amazon","N/A",1,0,"N/A","Large Standard-Size",3.66,5.35,8.86,1.9,"N/A","N/A","11/30/2025",4,12,0,1.36
"https://amazon.com/dp/B0D31XZ622","https://m.media-amazon.com/images/I/71IxUQ8KAkL._SX450_.jpg","B0D31XZ622","Maoershan Hard Travel Protective Case Compatible with NOCO GB20 GB40 Car Battery Jump Starter Pack, Jump Starter Storage Bag, Black(Only Case)","Maoershan","FBA","Automotive",377741,"N/A","N/A","N/A","N/A","Batteries & Accessories",4657,13.99,255,15,15,580,210.3,210.04,22,4.4,"Maoershan","China",1,177,"N/A","Large Standard-Size",8.9,8.9,2,0.31,79.76,220.03,"11/30/2025",17,7,0,0.68
"https://amazon.com/dp/B0D9292TMP","https://m.media-amazon.com/images/I/71SW4cRaVpL._SX450_.jpg","B0D9292TMP","SHALL Car Jump Starter with Air Compressor, 1000A Portable Car Battery Jump Starter(5.0 Gas/3.0L Diesel) with 150PSI Inflator, 12V Jump Box with Emergency Lighting and Power Bank, LCD Display","SHALL","FBA","Automotive",378330,762983170926,"N/A",0762983170926,"N/A","Jump Starters",662,42.99,-96,5,5,-112,221.71,221.65,78,4.3,"SHALL Store","China",1,690,"N/A","Large Standard-Size",4.21,5.63,9.92,3.2,118.38,326.57,"11/30/2025",17,6,0,0.07
"https://amazon.com/dp/B00KRGD6KS","https://m.media-amazon.com/images/I/615xDf9ukmL._SX450_.jpg","B00KRGD6KS","UpBright 17V AC/DC Adapter Compatible with DieHard 1150 950 Portable Power Jump Starter Platinum 28.71988 2871988 200.71987 20071987 Die Hard RK-1701000 RK1701000 93026737 15V 17VDC 1A Battery Charger","UPBRIGHT","FBA","Automotive",379586,608410232785,"N/A",0608410232785,"N/A","Jump Starters",672,14.25,-10,13,13,-15,184.58,184.51,107,4.3,"PowerHOOD","USA",2,0,"N/A","Large Standard-Size",1.57,3.15,4.37,0.18,10.88,30.02,"11/30/2025",138,5,0,0.12
"https://amazon.com/dp/B0BHC1JJJ1","https://m.media-amazon.com/images/I/71h1QWtIobL._SX450_.jpg","B0BHC1JJJ1","AJC Battery Compatible with JUMP N CARRY JNC770R1700 Peak Amp Premium 12 Volt 12V 18Ah Jump Starter Battery","AJC","FBM","Automotive",380263,688624467999,"N/A",0688624467999,"N/A","Batteries & Accessories",4685,64.39,-14,10,10,-24,623.68,623.5,11,2.7,"BuyClerk","USA",1,67,-16,"Large Standard-Size",7.09,3.03,6.57,12.1,"N/A","N/A","12/31/2025",42,5,0,0.88
"https://amazon.com/dp/B0FWC2H9RR","https://m.media-amazon.com/images/I/71fnaST9AYL._SX450_.jpg","B0FWC2H9RR","Scatach 10000A Car Jump Starter, 12V Jump Starter Battery Pack (up to 12.0L Gasoline and 10.0L Diesel Engine), Portable Jump Box with 3 Modes Flashlight and Jumper Cable","Scatach","FBM","Automotive",380875,"N/A","N/A","N/A","N/A","Batteries & Accessories",4772,38,119,12,12,257,458.82,458.69,"N/A","N/A","Scatach power","China",1,0,"N/A","Large Standard-Size",8.66,4.53,4.33,2.06,"N/A","N/A","02/28/2026",4,6,0,"N/A"
"https://amazon.com/dp/B07V4GTCZT","https://m.media-amazon.com/images/I/91u21YnQb+L._SX450_.jpg","B07V4GTCZT","Clore Automotive Jump-N-Carry JNC550A 1100 Peak Amp Jump Starter with Air Compressor , Black","Clore Automotive","FBM","Automotive",383808,010271026869,00010271026869,0010271026869,"N/A","Jump Starters",675,124.16,-6,24,24,-10,2993.88,2993.71,885,4.2,"JBTools","USA",11,389,"N/A","Large bulky",8.9,13.41,15,22.9,"N/A","N/A","10/31/2024",80,7,0,0.03
"https://amazon.com/dp/B0B42KBV16","https://m.media-amazon.com/images/I/71IqAkU0QFL._SX450_.jpg","B0B42KBV16","LOKITHOR AW401 5-in-1 Multi-Function Emergency Tool, 2500A Jump Starter + Cordless Air Compressor + Multi-use Pressure Washer + LED Light + Portable Power Bank, for Car Recovery, Camping & Travel","LOKITHOR","FBA","Automotive",385841,889551115070,"N/A",0889551115070,"N/A","Jump Starters",654,299.95,"N/A",14,14,49,4112.58,4112.39,128,4,"LOKITHOR STORE","China",1,160,-58,"Large bulky",6.69,12.01,18.11,12.46,471.68,1179.21,"03/31/2024",45,7,0,0.11
"https://amazon.com/dp/B0FMDZYX7Q","https://m.media-amazon.com/images/I/71VMK1b-42L._SX450_.jpg","B0FMDZYX7Q","Acmount Jump Starter with Air Compressor, 7000A Car Battery Jump Starter (All Gas/10.0L Diesel), 150PSI Tire Inflator, 12V Jumper Pack with LCD Display & LED Light, Portable Air Pump, 21800mAh Battery","Acmount","FBA","Automotive",388034,"N/A","N/A","N/A","N/A","Batteries & Accessories",4752,158.99,-3,21,21,-60,3284.93,3284.83,12,4.7,"Acmount Direct","China",1,0,"N/A","Large Standard-Size",4.72,6.38,9.37,3.33,142.06,391.9,"11/30/2025",6,8,0,1.88
"https://amazon.com/dp/B0CZDR2WNR","https://m.media-amazon.com/images/I/81EnfuZKuiL._SX450_.jpg","B0CZDR2WNR","Elonbo Carrying Case for Halo Bolt Ultimate 2.0/3.0 Portable Car Battery Jump Starter/Halo Bolt 55500 mwh/Air 58830/ Air + 55500/58830/ 44400/57720 Emergency Power Kit Holder, Pink","Elonbo","FBA","Automotive",388270,"N/A","N/A","N/A","N/A","Jump Starters",657,22.99,-27,22,5,-72,494.47,121.41,108,4.7,"Elonbo US","Hong Kong",1,871,"N/A","Large Standard-Size",2.72,9.92,12.52,1.45,169.88,468.64,"11/30/2025",24,7,3,0.2
"https://amazon.com/dp/B0DYHFBSM7","https://m.media-amazon.com/images/I/81rlWURJdDL._SX450_.jpg","B0DYHFBSM7","Lebakort Storage Case Compatible with NEXPOW Q10S 1500A / T11F Portable Jump Starter Car Battery Jump Starter Power Pack","Lebakort","FBA","Automotive",393126,"N/A","N/A","N/A","N/A","Batteries & Accessories",4855,19.99,-10,17,17,-51,345.9,345.61,48,4.4,"Lebakort shop","China",1,0,"N/A","Large Standard-Size",4.06,6.14,9.76,0.49,122.43,337.74,"11/30/2025",13,9,0,0.36
"https://amazon.com/dp/B0D9WY86VF","https://m.media-amazon.com/images/I/61LskrwVlgL._SX450_.jpg","B0D9WY86VF","Booster Battery 5000A Car Starter (Up to 9.5L Gas 8L Diesel) 12V Jump Starter Booster Battery Motorbike/Auto with LCD Display Intelligent Safety Clamps LED Light","BOTEAIFIU","FBA","Automotive",397909,"N/A","N/A","N/A","N/A","Batteries & Accessories",4889,27.99,-27,22,22,-104,594.86,594.54,36,4.2,"WHRICH","China",1,677,"N/A","Large Standard-Size",1.97,9.02,10.63,1.61,95.1,262.35,"11/30/2025",18,9,0,0.6
"https://amazon.com/dp/B0F5QS86F9","https://m.media-amazon.com/images/I/71UnGf1NNbL._SX450_.jpg","B0F5QS86F9","Halo Bolt PaL 1000 Portable Car Jump Starter | USB-A & USB-C Charger Ports, Digital Display, Powers Multiple Devices, Detachable Power Bank & Emergency Flashlight, Jumps Cars SUVs & Trucks — Red","HALO","Amazon","Automotive",399877,044435926047,"N/A",0044435926047,"N/A","Jump Starters",695,149.99,-28,24,4,-79,3535.61,546,45,4.6,"Amazon","N/A",1,0,"N/A","Large Standard-Size",3.9,5.98,8.82,2.38,"N/A","N/A","11/30/2025",10,7,7,0.52
"https://amazon.com/dp/B0F5QTQWXT","https://m.media-amazon.com/images/I/81Us4d1xzBL._SX450_.jpg","B0F5QTQWXT","Halo Bolt PaL 1000 Portable Car Jump Starter | USB-A & USB-C Charger Ports, Digital Display, Powers Multiple Devices, Detachable Power Bank & Emergency Flashlight, Jumps Cars SUVs & Trucks — Grey","HALO","Amazon","Automotive",399903,044435925996,"N/A",0044435925996,"N/A","Batteries & Accessories",9529,149.99,-4,24,4,-79,3535.61,542.88,45,4.6,"Amazon","N/A",1,0,"N/A","Large Standard-Size",4.02,6.3,10.47,2.56,"N/A","N/A","11/30/2025",10,7,7,0.52
"https://amazon.com/dp/B0F5RBP8XF","https://m.media-amazon.com/images/I/719IdyssqbL._SX450_.jpg","B0F5RBP8XF","Halo Bolt PaL 1000 Portable Car Jump Starter | USB-A & USB-C Charger Ports, Digital Display, Powers Multiple Devices, Detachable Power Bank & Emergency Flashlight, Jumps Cars SUVs & Trucks — Black","HALO","Amazon","Automotive",399903,044435925989,"N/A",0044435925989,"N/A","Jump Starters",695,119.99,-6,24,4,-79,3535.61,542.29,45,4.6,"Amazon","N/A",1,0,"N/A","Large Standard-Size",4.09,6.14,9.21,2.54,"N/A","N/A","11/30/2025",10,7,7,0.52
"https://amazon.com/dp/B0DY8RBVZP","https://m.media-amazon.com/images/I/81KWkVqy6fL._SX450_.jpg","B0DY8RBVZP","FRAM FEK40008 Car Battery Jump Starter 12000mAh (44.4Wh) Up to 5.0L Gas and 2.0L Diesel Engines, 12V Emergency Car Booster with Jumper Cables, Portable Power Bank and LED Flashlight","Fram","Amazon","Automotive",402509,840357609606,"N/A",0840357609606,"N/A","Batteries & Accessories",5040,70.4,-39,9,7,-81,633.22,451.78,25,4.8,"Amazon","N/A",1,0,"N/A","Large Standard-Size",4.09,5.12,7.91,2.11,"N/A","N/A","07/31/2025",12,6,2,0.37
"https://amazon.com/dp/B0C994NT1V","https://m.media-amazon.com/images/I/41lpSMmfS4L._SX450_.jpg","B0C994NT1V","Kircuit 15V AC/DC Adapter Compatible with Powrun P-ONE Pone 2000A Portable Car ‎Jump Starter 12V Lithium Polymer Battery Booster Pack CW1501000US 15VDC 1A 15W 15.0V 1.0A 1000mA Power Supply Charger","Kircuit","FBA","Automotive",403977,"N/A","N/A","N/A","N/A","Batteries & Accessories",4894,19.99,-10,14,14,143,257.31,257.06,3,5,"EPtech","USA",2,111,66,"Large Standard-Size",2.2,3,4,0.39,13.29,36.67,"02/28/2026",33,4,0,4.79
"https://amazon.com/dp/B0C7K7PLD6","https://m.media-amazon.com/images/I/71C2ZIPxPuL._SX450_.jpg","B0C7K7PLD6","4500A Peak Car Jump Starter, LATIT Battery Jumper Starter Portable for 12V Auto Engine (All Gas/10L Diesel), Jump Box with PD 60W Fast Charge, Smart Jumper Cable, Dual LED Lights and Storage Case","LATIT","FBA","Automotive",404989,"N/A","N/A","N/A","N/A","Jump Starters",696,113.99,"N/A",28,0,-54,3541.23,"-",88,4.5,"Latit_Official","China",0,0,"N/A","Large Standard-Size",5.04,6.06,10.2,3.55,156.85,432.68,"06/30/2025",28,9,2,0.23
"https://amazon.com/dp/B0CNCLVQ37","https://m.media-amazon.com/images/I/71+yOPAhXDL._SX450_.jpg","B0CNCLVQ37","Aenllosi Hard Case Compatible with Nexpow Jump Starter 3000A 2025,Travel Bag for Q10S Jump Start Battery Pack and Accessories(Only Case)","Aenllosi","FBA","Automotive",405010,"N/A","N/A","N/A","N/A","Batteries & Accessories",6363,17.99,-14,20,15,-37,383.86,273.92,642,4.4,"Aenllosi","China",1,272,-45,"Large Standard-Size",3.86,7.09,11.38,0.79,156.63,432.08,"12/31/2024",27,9,3,0.03
"https://amazon.com/dp/B0GFMMJD7S","https://m.media-amazon.com/images/I/712ynPo2scL._SX450_.jpg","B0GFMMJD7S","Jump Starter with Built-in Cable 16000A, Portable Power Bank for 100W Dual-Way Fast Charging,12V SuperSafe Lithium Jump Box, Battery Booster Pack Up to (All Gas/14L Diesel)","fmooostore","FBA","Automotive",405231,618502577632,"N/A",0618502577632,"N/A","Batteries & Accessories",4842,179.99,-56,15,15,,2703.05,2703.02,6,4.5,"Pusiou","China",1,0,"N/A","Large Standard-Size",4.02,5.2,10.63,2.56,111.88,308.62,"02/28/2026",0,7,3,2.51
"https://amazon.com/dp/B0D3MDJWY8","https://m.media-amazon.com/images/I/51D02qDC9XL._SX450_.jpg","B0D3MDJWY8","Eltwin Hyper SureStart 8-16A Soft Start with Reverse Motor Protection. Reduce The Start up Current of Your HVAC Unit by up to 70%. Easy to Install. (8A-16A), SS1B8-16SN","Eltwin Hyper","FBA","Automotive",406474,850063921022,"N/A",0850063921022,"N/A","Batteries & Accessories",4960,259,-2,14,7,100,3734.94,1831.65,52,4.7,"MES Group, LLC","USA",2,162,"N/A","Large Standard-Size",3.03,4.21,7.13,1.1,45.79,126.32,"06/30/2024",22,2,2,0.28
"https://amazon.com/dp/B0DCG4YKXL","https://m.media-amazon.com/images/I/61Jx8ywH+9L._SX450_.jpg","B0DCG4YKXL","FOTON Car Jump Starter 30000mAh Power Bank Portable Battery Pack Starting Device Smart Clip Circuit Protection for Vehicle SUV 600Amp (7L Gasoline & 5.5L Diesel) 12v Emergency Auto Booster (Blue)","FOTN","FBM","Automotive",409194,"N/A","N/A","N/A","N/A","Batteries & Accessories",4932,17.99,-94,25,10,,459.39,189.51,2,5,"Taiyuan Xiaolang E-commerce Co., Ltd.","China",1,80,"N/A","N/A","N/A","N/A","N/A","N/A","N/A","N/A","02/28/2026",8,7,4,12.67
"https://amazon.com/dp/B0FFG714HM","https://m.media-amazon.com/images/I/61U6Bo1+yGL._SX450_.jpg","B0FFG714HM","Jump Starter with Air Compressor, 4000A Portable Car Battery Booster, 4-in-1 Car Battery Jump Starter Box (8.5L Gas/6L Diesel) with 150PSI Tire Inflator,LED Light, 12V Supersafe Lithium Jump Box","LairtPOW","FBA","Automotive",415371,"N/A","N/A","N/A","N/A","Batteries & Accessories",4992,43.99,-23,25,25,,1064.85,1064.69,38,4,"LairtPOW✅","China",1,0,"N/A","Large Standard-Size",4.8,6.14,8.86,2.67,131.47,362.67,"02/28/2026",6,7,2,0.65
"https://amazon.com/dp/B0D63541F4","https://m.media-amazon.com/images/I/71GaTM8Uv0L._SX450_.jpg","B0D63541F4","LOKITHOR LIFEPO4 Series JA3000 PRO Jump Starter with Air Compressor, 3000 Amp 12 Volt Battery Pack, Portable Jump Box and Jumper Cables for 9.0L Gas and 7.0L Diesel Engines, 2000 Cycle Life","LOKITHOR","FBA","Automotive",415613,889551122832,"N/A",0889551122832,"N/A","Batteries & Accessories",5484,219.95,"N/A",2,25,,464.34,5240.63,82,4.6,"LOKITHOR Online","China",1,0,"N/A","Large Standard-Size",6.34,6.73,10.83,6.08,232.65,641.8,"03/31/2026",8,9,2,0.03
"https://amazon.com/dp/B0DRFTYQ8C","https://m.media-amazon.com/images/I/61VLoefbXPL._SX450_.jpg","B0DRFTYQ8C","K-MAINS AC Power Cord Compatible with Cen-Tech Jump Pack 3 in 1 Jump Starter 630 Peak Amps 58979","K-MAINS","FBM","Automotive",416836,"N/A","N/A","N/A","N/A","Batteries & Accessories",5086,12.98,-18,0,0,-100,"-","-",3,3.2,"Accessory USA","China",1,42,"N/A","N/A","N/A","N/A","N/A","N/A","N/A","N/A","01/31/2025",15,3,0,0
"https://amazon.com/dp/B0DZNNYZCJ","https://m.media-amazon.com/images/I/71dgBzbgdEL._SX450_.jpg","B0DZNNYZCJ","12V/24V Jump Starter,2800/1400 Peak Amp,Battery Jump Starter for Truck Car Tractor Excavator,Pure Copper Jumper Cables,Jump Box Includes Dual USB and DC Ports Power,LED Work Light","Colvxkun","FBA","Automotive",422282,"N/A","N/A","N/A","N/A","Jump Starters",679,199.99,-26,26,4,-79,2987.51,804.61,110,4,"Colvxkun","China",1,587,"N/A","Large bulky",10.6,14.4,15.4,29.65,761.79,1904.47,"11/30/2024",9,7,5,0.24
"https://amazon.com/dp/B0G5N8RF4K","https://m.media-amazon.com/images/I/51sZUx2xgML._SX450_.jpg","B0G5N8RF4K","ANFTDCO Car Jump Starter Clamps, 12V EC5 Vehicle Emergency Booster Smart Clamp Cables, Portable Automotive Replacement Alligator Clip Accessories, Universal for SUV Truck Sedan","ANFTDCO","FBA","Automotive",422925,"N/A","N/A","N/A","N/A","Batteries & Accessories",5104,8.39,-61,5,5,,36.74,36.64,2,4.5,"ANFTDCO","N/A",1,0,"N/A","Large Standard-Size",1.65,5.63,6.65,0.37,31.19,86.03,"01/31/2026",1,6,0,2.53
"https://amazon.com/dp/B07YDHKD6N","https://m.media-amazon.com/images/I/61zXGeK2p9L._SX450_.jpg","B07YDHKD6N","HISPD AC/DC Adapter for EverStart MAXX 1200 Peak AMPS Jump Starter with Air Compressor and Inverter Ever Start 1200A 600A Jumpstarter Box Lot 11480 Power Supply Charger Cigarette Lighter Plug","HISPD","FBA","Automotive",424049,751332760789,"N/A",0751332760789,"N/A","Jump Starters",704,20.03,-1,13,13,-26,268.1,267.94,223,4.2,"SLLEA","China",1,275,-39,"Large Standard-Size",1.65,6.89,10.75,0.44,61.53,169.74,"04/30/2024",77,8,0,0.06
"https://amazon.com/dp/B0F1NJ5CPX","https://m.media-amazon.com/images/I/61WX5TgoIAL._SX450_.jpg","B0F1NJ5CPX","G69H Heavy-Duty 4000A Jump Starter, High-Reserve Power Car Battery Booster for Large Engines (All Gas/Up to 8.5L Diesel), Professional 12V Jump Starter with USB Quick Charge & Safety Protection","Dspark","FBA","Automotive",425040,"N/A","N/A","N/A","N/A","Jump Starters",708,63.99,-11,27,4,-16,1387.77,300.16,44,4.5,"Dsaprk","China",1,0,"N/A","Large Standard-Size",4.29,5.47,10.2,2.78,120.51,332.44,"10/31/2025",10,7,3,0.62
"https://amazon.com/dp/B0FFH4NKMB","https://m.media-amazon.com/images/I/81al-TzgKjL._SX450_.jpg","B0FFH4NKMB","PAULINN Jump Starter with Air Compressor, 150PSI 6000A Car Jumper Starter Portable(All Gas/10L Diesel) with Tire Inflator, 12V Charger Booster","PAULINN","FBA","Automotive",425355,"N/A","N/A","N/A","N/A","Batteries & Accessories",5081,79.99,-17,90,90,64,7177.65,7176.61,42,4.4,"gzcaifu","China",1,0,"N/A","Large Standard-Size",4.33,5.2,9.49,2.87,107.58,296.77,"11/30/2025",6,8,0,2.15
"https://amazon.com/dp/B0C73Y4CLD","https://m.media-amazon.com/images/I/61LjnGnjKIL._SX450_.jpg","B0C73Y4CLD","Onerbl 12V AC/DC Adapter Compatible with Vector VEC127 VEC127S VEC127Y VEC 127 VEC 127S 127Y Super Sport Spot Light Spotlight Flashlight SEL KA12D120030042U 12VDC 300mA Power Supply Battery Charger","onerbl","FBM","Automotive",425753,"N/A","N/A",4741640699808,"N/A","Batteries & Accessories",5063,10.89,-36,1,1,-83,7.64,7.6,3,3.9,"GreatComputerParts","China",1,0,"N/A","N/A","N/A","N/A","N/A","N/A","N/A","N/A","12/31/2025",34,4,0,0.23
"https://amazon.com/dp/B0F21TYZLY","https://m.media-amazon.com/images/I/71zuOCM3MUL._SX450_.jpg","B0F21TYZLY","ADORETRIP Portable Car Jump Starter 8000A, 960 Cold Cranking Amp 12V Auto Battery Booster with Smart Display, Force Start, for 12L Gas & 10L Diesel Engines, 48-Month Standby","ADORETRIP","FBA","Automotive",426269,"N/A","N/A","N/A","N/A","Jump Starters",683,99.99,-7,5,5,,522.02,521.87,39,4.2,"adoretrip","China",1,0,"N/A","Large Standard-Size",4.09,4.61,8.66,2.25,82.21,226.78,"01/31/2026",10,9,5,0.13