"URL","Image URL","ASIN","Title","Brand","Fulfillment","Category","BSR","UPC","GTIN","EAN","ISBN","Subcategory","Subcategory BSR","Price","Price Trend (90 days) (%)","Parent Level Sales","ASIN Sales","Sales Trend (90 days) (%)","Parent Level Revenue","ASIN Revenue","Review Count","Reviews Rating","Seller","Seller Country/Region","Number of Active Sellers","Last Year Sales","Sales Year Over Year (%)","Size Tier","Length","Width","Height","Weight","Storage Fee (Jan - Sep)","Storage Fee (Oct - Dec)","Best Sales Period","Age (Month)","Number of Images","Variation Count","Sales to Reviews"
"https://amazon.com/dp/B0DNRY9NCV","https://m.media-amazon.com/images/I/814KH29kq0L._SX450_.jpg","B0DNRY9NCV","AutoLine Pro HyperSmoke™ Automotive Smoke Machine EVAP Vacuum Leak Tester – Adjustable Pressure – OEM Approved Smoke Fluid – Built-in Air Compressor Motor - Includes Smoke Fluid x2.","AutoLine Pro","FBA","Automotive",164,850032284943,"N/A",0850032284943,"N/A","Fuel Leak Detectors",1,52.99,-27,9850,3364,28,604676.17,178249.91,530,4.6,"AutoLine Pro","USA",2,63060,"N/A","Large Standard-Size",4.09,5.2,5.98,1.28,64.03,176.64,"01/31/2026",15,6,5,18.59
"https://amazon.com/dp/B0DNS4RB2Q","https://m.media-amazon.com/images/I/81PH03RKC5L._SX450_.jpg","B0DNS4RB2Q","AutoLine Pro HyperSmoke™ Automotive Smoke Machine EVAP Vacuum Leak Tester – Adjustable Pressure – OEM Approved Smoke Fluid – Built-in Air Compressor Motor – Includes Cone for Vacuum and Exhaust Leaks.","AutoLine Pro","FBA","Automotive",164,850032284967,"N/A",0850032284967,"N/A","Fuel Leak Detectors",1,60.99,-7,9850,729,28,604676.17,44449.55,163,4.7,"AutoLine Pro","USA",2,63060,"N/A","Large Standard-Size",5.2,6.02,7.83,1.63,123.41,340.43,"01/31/2026",15,6,5,60.43
"https://amazon.com/dp/B0DNS49MKY","https://m.media-amazon.com/images/I/81m+5YuWP3L._SX450_.jpg","B0DNS49MKY","AutoLine Pro HyperSmoke™ Automotive Smoke Machine EVAP Vacuum Leak Tester – Adjustable Pressure – OEM Approved Smoke Fluid – Built-in Air Compressor Motor – Includes Cone and Gas Cap EVAP Adapter.","AutoLine Pro","FBA","Automotive",164,850032284974,"N/A",0850032284974,"N/A","Fuel Leak Detectors",1,64.99,-29,9850,4866,28,604676.17,316169.35,626,4.6,"AutoLine Pro","USA",2,63060,"N/A","Large Standard-Size",5.08,6.06,6.73,1.94,104.31,287.75,"01/31/2026",15,7,5,15.74
"https://amazon.com/dp/B0DNS1GT23","https://m.media-amazon.com/images/I/81hj5JmX2vL._SX450_.jpg","B0DNS1GT23","AutoLine Pro HyperSmoke™ Automotive Smoke Machine EVAP Vacuum Leak Tester – Adjustable Pressure – OEM Approved Smoke Fluid – Built-in Air Compressor Motor – Includes Gas Cap Adapter for EVAP Leaks.","AutoLine Pro","FBA","Automotive",166,850032284950,"N/A",0850032284950,"N/A","Fuel Leak Detectors",1,60.99,-23,9850,500,28,604676.17,30501.46,105,4.3,"AutoLine Pro","USA",2,63060,"N/A","Large Standard-Size",4.25,5.16,6.02,1.63,66.47,183.36,"01/31/2026",15,7,5,93.81
"https://amazon.com/dp/B0C7MKZPK3","https://m.media-amazon.com/images/I/7137tSvp9IL._SX450_.jpg","B0C7MKZPK3","Solary Automotive Smoke Machine Leak Detector - 12V DC EVAP Vacuum Diagnostic Tester for Pipe System","Solary","FBA","Automotive",530,"N/A",06971709253629,6971709253629,"N/A","Fuel Leak Detectors",2,64.99,-27,2749,2749,-20,178674.93,178647.3,2388,4.6,"solary","China",3,53375,37,"Large Standard-Size",7.2,10.63,11.18,5.45,431.13,1189.32,"02/28/2025",31,9,0,1.15
"https://amazon.com/dp/B0FR8N4R5G","https://m.media-amazon.com/images/I/81l8WRs+60L._SX450_.jpg","B0FR8N4R5G","AutoLine Pro EVAP High Volume Smoke Machine Leak Tester with Built-in Air Pump - Shop Series Plus - Automotive Smoke Tester with Best Ranked Smoke Fluid, Premium Cone & Gas Cap Adapter","AutoLine Pro","FBA","Automotive",2674,850071728347,"N/A",0850071728347,"N/A","Fuel Pressure Testers",1,86.95,-34,1194,620,-7,96684.61,53890.64,12,4.9,"AutoLine Pro","USA",2,23812,72,"Large Standard-Size",7.24,8.39,9.02,4.01,275.86,760.98,"05/31/2025",6,9,4,99.47
"https://amazon.com/dp/B0FR7QBKMV","https://m.media-amazon.com/images/I/51wAPCAcYoL._SX450_.jpg","B0FR7QBKMV","AutoLine Pro EVAP High Volume Smoke Machine Leak Tester – Shop Series - Automotive Tester for Vacuum Leak Detection - Car Machine with Best Ranked Smoke Fluid, Premium Cone & Gas Cap Adapter","AutoLine Pro","FBA","Automotive",2674,850071728330,"N/A",0850071728330,"N/A","Fuel Pressure Testers",1,80.95,-19,1194,145,-7,96684.61,11700.16,14,4.6,"AutoLine Pro","USA",2,23812,72,"Large Standard-Size",7.24,8.43,9.06,3.97,278.4,768,"05/31/2025",6,9,4,85.26
"https://amazon.com/dp/B07JVT1NG2","https://m.media-amazon.com/images/I/71YKO85tuPL._SX450_.jpg","B07JVT1NG2","AutoLine Pro EVAP High Volume Smoke Machine Leak Tester – Shop Series - Automotive Smoke Tester for Vacuum Leak Detection - Car Smoke Machine with Ceramic Smoke Coil and Best Ranked Smoke Fluid","AutoLine Pro","FBA","Automotive",2880,605620262830,"N/A",0605620262830,"N/A","Fuel Pressure Testers",1,69.99,-21,1145,305,-13,92793.36,21366.34,3477,4.5,"AutoLine Pro","USA",2,23754,71,"Large Standard-Size",7.24,8.35,8.98,3.64,273.32,754,"05/31/2025",89,9,4,0.33
"https://amazon.com/dp/B0B2JV8YDP","https://m.media-amazon.com/images/I/51E-WAenFFL._SX450_.jpg","B0B2JV8YDP","AutoLine Pro EVAP High Volume Smoke Machine Leak Tester with Built-in Air Pump - Shop Series Plus - Automotive Smoke Tester for Vacuum Leak Detection - Ceramic Coil and Best Ranked Smoke Fluid","AutoLine Pro","FBA","Automotive",2882,850032284288,"N/A",0850032284288,"N/A","Fuel Pressure Testers",1,79.99,-35,1145,99,-13,92793.36,7925.01,943,4.6,"AutoLine Pro","USA",2,23754,71,"Large Standard-Size",7.2,8.39,9.09,3.55,276.46,762.65,"05/31/2025",89,9,4,1.21
"https://amazon.com/dp/B0F9KXL65B","https://m.media-amazon.com/images/I/612Zoc3ebeL._SX450_.jpg","B0F9KXL65B","AUTOOL Automotive Smoke Machine Lead Detector DC 12V EVAP Vacuum Diagnostic Tester with Built-in Air Pump for Pipe System","AUTOOL","FBA","Automotive",4479,"N/A","N/A",6972697789640,"N/A","Fuel Leak Detectors",4,49,-23,1005,403,14,65594.08,19182.83,2678,4.5,"AUTOOL","China",1,15407,"N/A","Large Standard-Size",7.8,8.43,10.87,3.53,359.85,992.7,"04/30/2025",9,8,10,0.38
"https://amazon.com/dp/B0FJ19MD7P","https://m.media-amazon.com/images/I/41mJL0UJJ3L._SX450_.jpg","B0FJ19MD7P","Automotive Smoke Machine EVAP Leak Detector Vacuum Leak Tester 12V Car Fuel Pipe System Leakage Locator Built-in Air Compressor Motor with Pressure Gauge for Car, Motorcycle, Truck, Boats and More","AUTOOL","FBA","Automotive",4559,"N/A","N/A",6972697789756,"N/A","Fuel Leak Detectors",4,71.25,-19,1005,77,14,65594.08,5519.89,2678,4.5,"AUTOOL","China",1,15407,"N/A","Large Standard-Size",7.36,7.91,10.16,3.7,297.8,821.52,"04/30/2025",7,8,10,0.38
"https://amazon.com/dp/B0BGB16LBC","https://m.media-amazon.com/images/I/61AfWaGpWpL._SX450_.jpg","B0BGB16LBC","Automotive Smoke Machine Leak Detector,Evap Vacuum Smoke Diagnostic Tester,Pipeline Fuel Leakage Detector Compatible with 12V Cars, Trucks, Motorcycle, ATV, Boats, Snowmobiles","AUTOOL","FBA","Automotive",5235,"N/A","N/A",6972697787721,"N/A","Fuel Leak Detectors",3,40.41,16,1005,169,14,65594.08,7443.44,2678,4.5,"AUTOOL","China",1,15407,"N/A","Large Standard-Size",7.24,7.68,10.08,4.03,282.19,778.44,"04/30/2025",41,8,10,0.38
"https://amazon.com/dp/B0BGB41DLK","https://m.media-amazon.com/images/I/61YpFef6TvL._SX450_.jpg","B0BGB41DLK","AUTOOL Smoke Machine Automotive Leak Detector,0-0.46PSI Evap Vacuum Smoke Diagnostic Tester,Pipeline Fuel Leakage Detector Compatible with 12V Vehicles","AUTOOL","FBA","Automotive",5235,"N/A","N/A",6972697787738,"N/A","Fuel Leak Detectors",3,59.99,-20,1005,227,14,65594.08,13227.23,2678,4.5,"AUTOOL","China",1,15407,"N/A","Large Standard-Size",7.24,7.95,10.35,4.54,299.93,827.4,"04/30/2025",41,8,10,0.38
"https://amazon.com/dp/B08QV6RGVS","https://m.media-amazon.com/images/I/615ZDYvVeaL._SX450_.jpg","B08QV6RGVS","AUTOOL Automotive Smoke Machine, EVAP System Smoke Leak Detector with Air Pump/Flow Indicator/Pressure Gauge for All DC12V Vehicles","AUTOOL","FBA","Automotive",5236,692041525774,"N/A",0692041525774,"N/A","Fuel Leak Detectors",3,125.99,"N/A",1005,105,14,65594.08,14189.19,2678,4.5,"AUTOOL","China",1,15407,"N/A","Large Standard-Size",7.05,9.72,9.92,5.16,342.25,944.14,"04/30/2025",82,8,10,0.38
"https://amazon.com/dp/B09FYZBJD3","https://m.media-amazon.com/images/I/61IyebFSjIL._SX450_.jpg","B09FYZBJD3","AUTOOL Automotive Smoke Leak Detector Tester EVAP Smoke Machine with Dual Mode","AUTOOL","FBA","Automotive",5237,"N/A","N/A",6972697783150,"N/A","Fuel Leak Detectors",3,269.99,-25,1005,24,14,65594.08,6029.73,2680,4.5,"AUTOOL","China",1,15407,"N/A","Large bulky",9.5,12,12.75,10.65,471.04,1177.6,"04/30/2025",54,8,10,0.38
"https://amazon.com/dp/B0CB4Y2HL4","https://m.media-amazon.com/images/I/71sP5rVT5cL._SX450_.jpg","B0CB4Y2HL4","AutoLine Pro Enhanced Replacement Bladders 2-Pack for Universal Bladder Adapter 3-in-1 | Accessory for Automotive Smoke Machine Leak Testing","AutoLine Pro","FBA","Automotive",5283,850032284363,"N/A",0850032284363,"N/A","Fuel Leak Detectors",4,9.99,-26,946,50,36,27379.48,498.53,282,4.3,"AutoLine Pro","USA",1,8657,85,"Small Standard-Size",0.47,3.31,5.71,0.09,4.47,12.34,"11/30/2025",32,2,2,3.36
"https://amazon.com/dp/B0BVGZPSV8","https://m.media-amazon.com/images/I/71+gYWtnmCL._SX450_.jpg","B0BVGZPSV8","AutoLine Pro Premium Cone and Plugs 2-in-1 Adapters | for Automotive Smoke Machine Leak Testing | Cone & Cap Plugs Function | CarbonNitrile™ | Patented Design.","AutoLine Pro","FBA","Automotive",5720,850032284257,"N/A",0850032284257,"N/A","Lube Equipment",9,24.99,-8,987,987,185,24656.15,24646.13,317,4.8,"AutoLine Pro","USA",1,7973,80,"Large Standard-Size",1.85,3.98,7.48,0.43,27.71,76.44,"07/31/2025",36,7,0,3.11
"https://amazon.com/dp/B0FBDLBCGL","https://m.media-amazon.com/images/I/71zmbSgVq3L._SX450_.jpg","B0FBDLBCGL","Automotive Smoke Machine 4.4oz Fluid Solution - Starter Size | Thick Smoke | Clean Output | OEM Approved for EVAP Leak, Vacuum, Exhaust, Turbo, Super Chargers, Fuel & Intake and More","AutoLine Pro","FBA","Automotive",8057,850071728262,"N/A",0850071728262,"N/A","Fuel Leak Detectors",6,9.98,"N/A",677,677,60,6753.98,6747.08,63,4.6,"AutoLine Pro","USA",1,0,"N/A","Small Standard-Size",0.71,7.2,9.02,0.33,23.22,64.04,"01/31/2026",9,9,0,12.3
"https://amazon.com/dp/B0F4WF93X4","https://m.media-amazon.com/images/I/71jq2YMHc2L._SX450_.jpg","B0F4WF93X4","TAOPOWER Smoke Machine Automotive Diagnostic Detector - 12V DC EVAP Smoke Leak Tester with Built-in Air Pump for Vehicle Pipe System","TAOPOWER","FBA","Automotive",9642,"N/A","N/A","N/A","N/A","Fuel Leak Detectors",6,59.99,-24,312,312,-21,16441.54,16441.43,101,4.7,"TAOPOWER","China",2,0,"N/A","Large Standard-Size",7.36,7.64,10.04,4.45,284.24,784.1,"10/31/2025",9,7,0,3.18
"https://amazon.com/dp/B0DT11CV4S","https://m.media-amazon.com/images/I/61R9vtnzgYL._SX450_.jpg","B0DT11CV4S","Aurelema 2 Pcs Universal Easy Intake Adapter Automotive Smoke Machine Inflatable Bladder Block off Diagnostic Car Smoke Leak Tester Detector for 12V Vehicles Pipe Fuel Leakage Detection(Blue)","Aurelema","FBA","Automotive",10820,"N/A","N/A","N/A","N/A","Fuel Leak Detectors",7,32.99,-20,166,201,,5341.83,6432.09,23,4.9,"Mjoiubjd","China",1,0,"N/A","Large Standard-Size",2.05,5.28,9.8,0.86,53.41,147.33,"02/28/2026",14,6,2,7.2
"https://amazon.com/dp/B0D4PLGLN2","https://m.media-amazon.com/images/I/71DmJqK2i9L._SX450_.jpg","B0D4PLGLN2","PowerScale Smoke Machine Liquid - 8.5oz(250ml) - Smoke Fluid Refill Solution for Automotive Smoke Machine Testing - EVAP, Vacuum, Fuel, Exhaust Systems, Turbo & Super Charger","PowerScale","FBA","Automotive",15307,645781984455,"N/A",0645781984455,"N/A","Fuel Leak Detectors",9,11.99,-52,379,379,534,4539.86,4535.93,206,4.6,"Powerscale","USA",1,4004,"N/A","Large Standard-Size",2.32,2.36,7.01,0.57,19.32,53.31,"11/30/2024",18,7,0,1.84
"https://amazon.com/dp/B0FLJ85Q7T","https://m.media-amazon.com/images/I/41SOnvyBziL._SX450_.jpg","B0FLJ85Q7T","*2025 New Model* Automotive High Volume Smoke Machine - EVAP Leak Detector with Built-in Air Compressor - Model 701 – EVAP Vacuum Exhaust Smoke Detector Tools Kit - Red","AutoLine Pro","FBA","Automotive",15480,850071728286,"N/A",0850071728286,"N/A","Fuel Leak Detectors",11,49.18,-31,440,174,194,33681,8549.24,39,4.6,"AutoLine Pro","USA",1,0,"N/A","Large bulky",8.5,8.6,12.1,5.8,286.65,716.62,"01/31/2026",7,7,3,11.28
"https://amazon.com/dp/B0CFL5RB1L","https://m.media-amazon.com/images/I/61SFUjhOinL._SX450_.jpg","B0CFL5RB1L","Solary Smoke Machine for Car - DC 12V EVAP Automotive Smoke Tester for Vacuum Leaks","Solary","FBA","Automotive",15635,"N/A","N/A",6971709252578,"N/A","Fuel Leak Detectors",9,95.99,-30,375,375,-26,36017.68,36013.79,468,4.5,"solary","China",2,7250,15,"Large Standard-Size",7.2,10.51,14.88,6.02,566.91,1563.89,"09/30/2025",28,9,0,0.8
"https://amazon.com/dp/B0FQHTGPT3","https://m.media-amazon.com/images/I/81oC42lVCoL._SX450_.jpg","B0FQHTGPT3","Automotive Evap Smoke Machine 2 in 1 : Dual-Mode Leak Detector 1 Evap (0.5 PSI) and 2 Turbo (1-30 PSI), Model 9000 Pro with Best Ranked Smoke Fluid and Premium Adapters","AutoLine Pro","FBA","Automotive",16366,850071728323,"N/A",0850071728323,"N/A","Fuel Leak Detectors",13,163.99,-34,440,91,194,33681,14942.59,3,5,"AutoLine Pro","USA",1,0,"N/A","Large bulky",8.82,10.39,12.17,8.64,361.43,903.56,"01/31/2026",6,9,3,146.69
"https://amazon.com/dp/B0D3BMJGXY","https://m.media-amazon.com/images/I/71LCKLIciiL._SX450_.jpg","B0D3BMJGXY","THIKPO Smoke Machine Automotive with Built-in Air Compressor, Professional Smoke Leak Detector for Car, Diagnostic Leak Tester Tools for EVAP, Vacuum, Fuel and More Leak Testing","THIKPO","FBA","Automotive",16749,717203245519,"N/A",0717203245519,"N/A","Fuel Leak Detectors",13,93.99,-3,368,331,54,34822.25,31111.31,214,4.6,"THIKPO US Direct","China",1,0,"N/A","Large Standard-Size",7.83,11.34,12.05,7.85,538.69,1486.04,"10/31/2025",19,7,2,1.72
"https://amazon.com/dp/B0C2XTLZWY","https://m.media-amazon.com/images/I/81PJbCgfLyL._SX450_.jpg","B0C2XTLZWY","ANCEL S3000 PRO Automotive Smoke Machine with Built-in Air Pump and Pressure Gauge. Professional Vehicle Leak Diagnostic Detector Tools Kit for Leaks Test in Vacuum,Fuel,EVAP and Other Cars System","ANCEL","FBA","Automotive",16997,"N/A","N/A","N/A","N/A","Fuel Leak Detectors",12,246.99,-9,314,314,28,70297.54,70297.41,341,4.5,"Romondes","China",1,3088,-42,"Large Standard-Size",6.93,10.04,10.12,4.94,354.37,977.58,"04/30/2024",34,9,2,0.92
"https://amazon.com/dp/B098JHWJ7H","https://m.media-amazon.com/images/I/71SAK074DeL._SX450_.jpg","B098JHWJ7H","AutoLine Pro Universal Gas Cap Adapter For Easy EVAP Leak Testing - Includes Fuel Flap Bypass Opener Cylinder - For Automotive Smoke Machine Leak Detector","AutoLine Pro","FBA","Automotive",19205,"N/A",00850032284172,"N/A","N/A","Fuel Leak Detectors",15,39.99,-13,252,252,60,10060.73,10060.62,268,4.6,"AutoLine Pro","USA",1,3375,12,"Large Standard-Size",1.93,4.45,6.42,0.77,27.76,76.58,"11/30/2024",56,6,1,0.94
"https://amazon.com/dp/B0F32KZG6D","https://m.media-amazon.com/images/I/71HVFU5Ya4L._SX450_.jpg","B0F32KZG6D","THIKPO Smoke Machine Automotive Built-in Air Pump, Professional Smoke Leak Detector for Car, Diagnostic Leak Tester Tools for EVAP, Vacuum, Pipe, Fuel and More Leak Testing for All 12V DC Vehicles","THIKPO","FBA","Automotive",19398,"N/A","N/A","N/A","N/A","Fuel Leak Detectors",17,99.99,189,335,30,31,31630.55,2967.12,214,4.6,"THIKPO US Direct","China",1,0,"N/A","Large Standard-Size",6.26,8.15,10.04,4.21,257.89,711.43,"10/31/2025",11,7,2,1.56
"https://amazon.com/dp/B0D347DSH8","https://m.media-amazon.com/images/I/81UAkAMXQ1L._SX450_.jpg","B0D347DSH8","AutoLine Pro UV KIT for Smoke Machine Leak Detection with Brightest & High Smoke Density UV Fluid, UV Premium Adjustable Goggle, and 395nm WAVELENGTH Ultraviolet UV Flashlight for EVAP Vacuum leaks","AutoLine Pro","FBA","Automotive",19464,850032284226,"N/A",0850032284226,"N/A","Fuel Leak Detectors",16,41.98,3,308,89,20,10003.4,3723.64,141,4.6,"AutoLine Pro","USA",1,3128,"N/A","Large Standard-Size",2.44,7.2,7.56,1.52,66.87,184.46,"10/31/2025",22,8,3,2.19
"https://amazon.com/dp/B0FPC43MQW","https://m.media-amazon.com/images/I/71EAvFiXeoL._SX450_.jpg","B0FPC43MQW","Csttler Automotive Smoke Machine with Built-in Air Pump and Pressure Gauge, Adjustable Pressure - 12V DC EVAP Smoke Machine for 12V Cars, Motorcycles, Trucks, Boats & ATVs","Csttler","FBA","Automotive",20935,727458855500,"N/A",0727458855500,"N/A","Fuel Leak Detectors",18,58.99,-25,305,305,177,18142.54,18142.44,48,4,"Double Strong Tools","China",1,0,"N/A","Large Standard-Size",7.17,10.51,11.26,5.67,427.2,1178.5,"12/31/2025",6,7,0,6.93
"https://amazon.com/dp/B0DYDF5GQM","https://m.media-amazon.com/images/I/61CmCm8fpsL._SX450_.jpg","B0DYDF5GQM","Csttler Automotive Smoke Machine with Built-in Air Pump & Compressor Motor – 12V DC EVAP Smoke Machine for Cars, Motorcycles, Trucks, Boats & ATVs","Csttler","FBA","Automotive",22077,755086741520,"N/A",0755086741520,"N/A","Fuel Leak Detectors",19,59.99,-7,711,711,117,39732.33,39731.97,93,4.4,"Double Strong Tools","China",1,0,"N/A","Large Standard-Size",7.24,10.51,11.18,5.27,428.31,1181.55,"01/31/2026",12,6,0,7.9
"https://amazon.com/dp/B0DV498472","https://m.media-amazon.com/images/I/617v5JPE9+L._SX450_.jpg","B0DV498472","Smoke Leak Detector ，Automotive Smoke Machine，for Detecting leaks in Vacuum, Fuel, EVAP and Other Automotive Systems. (Red Strap Watch)","GYTVtools","FBA","Automotive",30378,"N/A","N/A","N/A","N/A","Fuel Leak Detectors",23,44.99,"N/A",288,26,55,11911.52,1231.88,43,4.4,"yonglinghuang shop","China",1,0,"N/A","Large Standard-Size",6.77,6.97,9.49,3.84,225.46,621.95,"01/31/2026",13,6,3,6.7
"https://amazon.com/dp/B0DV48BHTZ","https://m.media-amazon.com/images/I/41qlDly2RSL._SX450_.jpg","B0DV48BHTZ","Smoke Leak Detector ，Automotive Smoke Machine， for Detecting leaks in Vacuum, Fuel, EVAP and Other Automotive Systems. (Red Strap Model)","GYTVtools","FBA","Automotive",30478,"N/A","N/A","N/A","N/A","Fuel Leak Detectors",23,42.99,19,288,262,55,11911.52,10679.34,27,4.4,"yonglinghuang shop","China",1,0,"N/A","Large Standard-Size",6.14,6.5,9.33,3.7,187.43,517.04,"01/31/2026",13,6,3,10.68
"https://amazon.com/dp/B0F99BT8FX","https://m.media-amazon.com/images/I/61N-T5lqyTL._SX450_.jpg","B0F99BT8FX","Automotive Smoke Machine Leak Detector - 12V DC EVAP Vacuum Smoke Machine Leak Tester for Pipe System, Maquina De Humo Automotriz","Autoinnowin","FBA","Automotive",32705,"N/A","N/A","N/A","N/A","Fuel Leak Detectors",24,45.99,-22,245,245,76,11274.76,11274.63,41,4.2,"HEATINDUCT","China",1,0,"N/A","Large Standard-Size",6.57,9.45,9.8,3.84,306.34,845.07,"01/31/2026",8,9,0,6.29
"https://amazon.com/dp/B0FD2VKGYF","https://m.media-amazon.com/images/I/51+uR3Kn2lL._SX450_.jpg","B0FD2VKGYF","Csttler Universal Adapter, Smoke Machine Leak Detector Inflatable Bladder， Intake Bladder for Smoke Machine Automotive","Csttler","FBA","Automotive",33405,755086741612,"N/A",0755086741612,"N/A","Fuel Leak Detectors",25,13.99,36,78,78,13,1201.95,1201.07,16,4.5,"Double Strong Tools","China",1,0,"N/A","Large Standard-Size",3.5,4.45,5.91,0.41,46.35,127.86,"12/31/2025",8,7,0,5.55
"https://amazon.com/dp/B0FJFDMV4C","https://m.media-amazon.com/images/I/71R2nxd04TL._SX450_.jpg","B0FJFDMV4C","Aoteda Automotive Smoke Machine, 12V DC Upgrade Leak Detector with Built-in Air Pump, Pressure Gauge & Flow Meter (YW01)","Aoteda","FBA","Automotive",34209,"N/A","N/A","N/A","N/A","Fuel Leak Detectors",25,129.98,-5,13,91,,1840.99,15415.37,23,4.8,"Aoteda","China",1,0,"N/A","Large Standard-Size",7.13,10.51,13.46,7.91,507.82,1400.89,"12/31/2025",6,8,3,0.55
"https://amazon.com/dp/B0DNCSV1DD","https://m.media-amazon.com/images/I/71vu2TBeKlL._SX450_.jpg","B0DNCSV1DD","Smoke Machine Automotive, 12V DC Car Smoke Leak Tester With Built-In Air Pump, 100ML Smoke Tester Automotive, EVAP Smoke Machine Leak Tester, Automotive Smoke Machine Leak Detecto/Oil-Excluded (Red)","FGRSRZ","FBA","Automotive",35596,"N/A","N/A","N/A","N/A","Fuel Leak Detectors",25,56.79,153,181,181,,10170.88,10170.77,49,4.5,"FGRSRZ","China",1,998,"N/A","Large Standard-Size",6.77,10.75,13.78,6.46,504.93,1392.92,"02/28/2025",12,7,1,3.7
"https://amazon.com/dp/B0D97KJRZ2","https://m.media-amazon.com/images/I/51OEDqgesFL._SX450_.jpg","B0D97KJRZ2","Automotive EVAP Smoke Machine Test - 12V DC Vacuum Smoke Leak Detector with Built-in Air Pump","Solary","FBA","Automotive",36525,"N/A","N/A",6971709252646,"N/A","Engine Tools",195,102.39,-8,367,367,30,37564.96,37561.16,99,4.5,"solary","China",2,2829,"N/A","Large Standard-Size",5.08,10.39,11.06,6.06,293.91,810.78,"01/31/2026",16,7,2,3.71
"https://amazon.com/dp/B0DLGW4JTW","https://m.media-amazon.com/images/I/71DHVx+sC9L._SX450_.jpg","B0DLGW4JTW","Aoteda Automotive Smoke Machine Leak Detector, 19PSI Upgraded Dual Mode with Built-in Air Pump & Pressure Gauge, 12V DC EVAP Vacuum Exhaust Fuel Pipe Diagnostic Tool for Vehicles, ATV, Boat","Aoteda","FBA","Automotive",37404,"N/A","N/A","N/A","N/A","Fuel Leak Detectors",27,89.99,-14,13,9,,1840.99,1236.18,14,4.4,"Aoteda","China",1,0,"N/A","Large Standard-Size",7.05,10.59,11.73,7.28,440.92,1216.33,"12/31/2025",13,9,3,0.9
"https://amazon.com/dp/B0CHN85J6Q","https://m.media-amazon.com/images/I/410gFkAGEWL._SX450_.jpg","B0CHN85J6Q","Smoke Fluid Solution for Automotive Smoke Machine Testing - [2 Pack] Made in USA - 16oz Liquid Smoke Refill Designed for Automotive Testing - EVAP, Vacuum, Fuel, Intake, Exhaust, Turbo Systems & More","Samorillo","FBA","Automotive",46278,"N/A",00860010760222,"N/A","N/A","Fuel Leak Detectors",28,27.99,-19,85,85,372,2388.58,2387.58,38,4.3,"Samorillo","USA",1,714,-14,"Large Standard-Size",2.09,4.53,6.81,1.06,32.46,89.55,"04/30/2024",30,9,0,2.31
"https://amazon.com/dp/B0FKYWCH89","https://m.media-amazon.com/images/I/71hy4O057fL._SX450_.jpg","B0FKYWCH89","Csttler Smoke Machine Automotive with Built-In Air Pump and Pressure Gauge & Adjustable Flow Mete, Automotive Smoke Machine - 12V DC EVAP Smoke Machine for 12V Cars, Motorcycles, Trucks, Boats, ATVs","Csttler","FBA","Automotive",48672,727458855432,"N/A",0727458855432,"N/A","Fuel Leak Detectors",29,85.99,-23,53,53,11,4550.42,4549.8,7,5,"Double Strong Tools","China",1,0,"N/A","Large Standard-Size",7.32,10.55,11.3,6.19,439.36,1212.02,"11/30/2025",7,6,0,7.53
"https://amazon.com/dp/B0DYXN72CW","https://m.media-amazon.com/images/I/71irdFa7ZdL._SX450_.jpg","B0DYXN72CW","THIKPO Automotive Smoke Machine with Built-in Air Pump, Smoke Leak Detector for EVAP Vacuum, Pipe System, Fuel Leakage, 12V DC Vehicle Leakage Diagnostic Tester","THIKPO","FBA","Automotive",49063,"N/A","N/A","N/A","N/A","Fuel Leak Detectors",30,52.99,-18,152,110,,7582.68,5575.35,126,4.4,"THIKPO-US","N/A",2,0,"N/A","Large Standard-Size",7.05,10.12,13.58,3.95,487.8,1345.66,"12/31/2025",11,7,2,1.2
"https://amazon.com/dp/B0DRCKJ84R","https://m.media-amazon.com/images/I/71Xqh+06oBL._SX450_.jpg","B0DRCKJ84R","Kuntech Smoke Machine Automotive Built-in Air Pump, 12V DC Smoke Leak Detector for Pipe System, Fuel Leakage, Leakage Diagnostic Tester for All Cars","Kuntech","FBA","Automotive",49105,736071885955,"N/A",0736071885955,"N/A","Fuel Leak Detectors",31,59.99,-19,100,100,-99,5982.55,5982.42,82,4.5,"Kuntech","China",1,1562,"N/A","Large Standard-Size",6.85,9.96,10.08,4.85,346.25,955.16,"11/30/2025",12,8,0,1.22
"https://amazon.com/dp/B0DLGVDK2T","https://m.media-amazon.com/images/I/71dr15rOsJL._SX450_.jpg","B0DLGVDK2T","Automotive Smoke Machine, Professional Leak Detector Built-in Air Pump Flow Meter 19PSI Leak Diagnostic Tester Tool Unit Kit 12V EVAP Dual Mode for All Vehicles Pipe Systems, ATV, Boat, Motorcycle","Kedite","FBA","Automotive",50570,"N/A","N/A","N/A","N/A","Fuel Leak Detectors",32,169.99,-28,93,69,-10,15072.53,11665.49,69,4.6,"Kedite","China",1,0,"N/A","Large Standard-Size",7.05,10.28,13.43,8,490.04,1351.84,"03/31/2025",16,8,2,1.35
"https://amazon.com/dp/B0DLGW5KQJ","https://m.media-amazon.com/images/I/71y6EGObDYL._SX450_.jpg","B0DLGW5KQJ","Automotive Smoke Machine, Upgraded 19PSI Leak Detector Unit Kit Dual Mode Built-in Air Pump DC12V EVAP Vacuum Exhaust Leak Diagnostic Tester Tool for All Vehicle Pipe Systems, ATV, Boat","Kedite","FBA","Automotive",51866,"N/A","N/A","N/A","N/A","Fuel Leak Detectors",33,139.99,-25,93,24,-10,15072.53,3406.8,70,4.6,"Kedite","China",1,0,"N/A","Large Standard-Size",7.17,10.75,11.54,6.86,447.83,1235.38,"03/31/2025",16,8,2,1.35
"https://amazon.com/dp/B0CJ2PLNDZ","https://m.media-amazon.com/images/I/51-y+JcSaEL._SX450_.jpg","B0CJ2PLNDZ","Solary Universal Easy Intake Adapter - Automotive Smoke Machine Intake Bladder/Inflatable Block Off Bladder for Fuel Leakage Detection/Detect Fuel Leaks with Ease","Solary","FBA","Automotive",55108,"N/A","N/A",6976774251136,"N/A","Fuel Leak Detectors",34,19.99,-19,112,112,106,2244.24,2242.99,83,4.5,"solary","China",1,1040,-18,"Large Standard-Size",2.64,3.03,7.2,0.37,29,79.99,"08/31/2024",26,7,0,1.35
"https://amazon.com/dp/B0G389GXGW","https://m.media-amazon.com/images/I/61o3pZSrQ5L._SX450_.jpg","B0G389GXGW","THIKPO Smoke Machine Automotive Leak Tester, 12V DC with Built-in Air Pump & Adapters Kit for EVAP, Vacuum, Turbo, Fuel, Intake, Exhaust System Diagnostic","THIKPO","FBA","Automotive",56205,"N/A","N/A","N/A","N/A","Fuel Leak Detectors",38,47.99,"N/A",152,42,,7582.68,2007.09,125,4.4,"THIKPO US Direct","China",1,0,"N/A","Large Standard-Size",6.85,10,10.04,4.17,346.26,955.19,"12/31/2025",1,7,2,1.21
"https://amazon.com/dp/B0BSH2XS4R","https://m.media-amazon.com/images/I/51BeJnQzlAL._SX450_.jpg","B0BSH2XS4R","AutoLine Pro Automotive Ventus Smoke Machine Leak Tester EVAP Vacuum - World's #1 Self-Powered Li-Ion Battery Unit - OEM Odorless Fluid Lasts 500 Tests - Built-in Air Compressor - Cone Cap Plugs","AutoLine Pro","FBA","Automotive",59246,850032284318,"N/A",0850032284318,"N/A","Fuel Leak Detectors",37,228.99,-3,119,52,66,30334.31,11803.42,227,4.3,"AutoLine Pro","USA",2,0,"N/A","Large Standard-Size",6.61,6.81,10.91,5.53,247.26,682.09,"10/31/2025",35,7,2,0.52
"https://amazon.com/dp/B0FZ7XHBM4","https://m.media-amazon.com/images/I/81xxsmjRgKL._SX450_.jpg","B0FZ7XHBM4","AutoLine Pro Automotive Ventus Smoke Machine Leak Tester EVAP Vacuum - World's #1 Self-Powered Li-Ion Battery Unit - Built-in Air Compressor - Cone, Bladder, Evap, and Gas Cap Adapter","AutoLine Pro","FBA","Automotive",59247,850071728484,"N/A",0850071728484,"N/A","Fuel Leak Detectors",37,274.99,"N/A",119,67,66,30334.31,18529.93,1,5,"AutoLine Pro","USA",1,0,"N/A","Large bulky",8.54,9.21,12.36,7.12,315.05,787.63,"10/31/2025",3,9,2,118.93
"https://amazon.com/dp/B0D9YHWHWS","https://m.media-amazon.com/images/I/71yK4esQbtL._SX450_.jpg","B0D9YHWHWS","T105 Automotive Smoke Machine Leak Detector, Smoke Tester with Built-in Air Pump and Pressure Gauge, Vacuum Diagnostic Detector Tools Kit for 12V DC Cars","MR CARTOOL","FBA","Automotive",66185,"N/A","N/A","N/A","N/A","Fuel Leak Detectors",42,76.9,-13,81,12,82,4591.46,929.27,235,4.5,"MR CARTOOL DIRECT","China",1,775,"N/A","Large Standard-Size",5.55,8.82,12.09,4.67,297.96,821.97,"01/31/2025",19,9,4,0.34
"https://amazon.com/dp/B0F4LTQ5R9","https://m.media-amazon.com/images/I/71RO+roKoXL._SX450_.jpg","B0F4LTQ5R9","Smoke Machine Automotive with Flow Meter & Pressure Gauge, F03 EVAP Smoke Leak Detector Tester for Car & All 12V DC Vehicles in Vacuum - Fuel Diagnostic Pipe System, Built-in Air Pump (Oil Excluded)","AUTTOPS","FBA","Automotive",68645,"N/A","N/A","N/A","N/A","Fuel Leak Detectors",42,89.99,-32,121,98,-8,11340.71,9113.19,47,4.7,"AUTTOPS","China",1,0,"N/A","Large Standard-Size",6.54,9.13,12.76,4.94,383.6,1058.2,"12/31/2025",9,7,2,2.57
"https://amazon.com/dp/B0DLTM6YXG","https://m.media-amazon.com/images/I/81ehMQoKk0L._SX450_.jpg","B0DLTM6YXG","*2025 UPGRADE MODEL* Automotive Smoke Machine with Best Ranked Smoke Fluid - EVAP Leak Detector with Built-in Air Compressor - Model 03 PLUS – EVAP Vacuum Exhaust Smoke Detector Tools Kit - Red","AutoLine Pro","FBA","Automotive",70621,850032284981,"N/A",0850032284981,"N/A","Fuel Leak Detectors",44,149.99,-14,52,35,75,6766.27,5222.72,17,4.5,"AutoLine Pro","USA",1,806,"N/A","Large Standard-Size",6.93,8.58,11.1,5.97,332.29,916.67,"02/28/2025",16,9,2,3.07
"https://amazon.com/dp/B0G6K6WXJL","https://m.media-amazon.com/images/I/41GuxsCrDKL._SX450_.jpg","B0G6K6WXJL","TNAIYH Car Universal Easy Intake Adapter, Vehicle Smoke Machine Inflatable Bladder Block Off Fuel Leak Diagnostic Tester, Automotive Pipe Fuel Leakage Detector for Most 12V Vehicles","TNAIYH","FBA","Automotive",71638,"N/A","N/A","N/A","N/A","Fuel Leak Detectors",44,9.99,"N/A",46,46,,459.3,458.75,6,5,"TNAIYH","China",1,0,"N/A","Small Standard-Size",2.36,1.18,0.2,0.15,0.28,0.77,"02/28/2026",1,6,0,7.66
"https://amazon.com/dp/B0D96249F8","https://m.media-amazon.com/images/I/613GkrrVQ+L._SX450_.jpg","B0D96249F8","Evap Smoke Machine Leak Tester - 12V DC Vacuum Smoke Diagnostic with Built-in Air Pump","Solary","FBA","Automotive",72490,"N/A","N/A",6971709252615,"N/A","Fuel Leak Detectors",46,127.99,-28,148,148,-7,18973.43,18971.82,135,4.3,"solary","China",2,2872,"N/A","Large Standard-Size",6.97,10.35,10.98,6.99,398.8,1100.13,"01/31/2025",16,7,2,1.1
"https://amazon.com/dp/B0FMRDRW7F","https://m.media-amazon.com/images/I/71UllnNQ6YL._SX450_.jpg","B0FMRDRW7F","AOOTU DAOSM DXATOSXM Gas Cap Adapter for EVAP Smoke Machine Leak Tester - Adjustable Universal Fit for Automotive Fuel Tank Testing","AOOTU DAOSM","FBA","Automotive",80220,"N/A","N/A","N/A","N/A","Fuel Leak Detectors",43,23.99,-14,57,57,-36,1364.92,1364.22,30,4.7,"AOOTU DAOSM","China",2,0,"N/A","Large Standard-Size",2.52,3.19,3.23,0.24,13.07,36.06,"11/30/2025",4,5,0,1.9
"https://amazon.com/dp/B0FC2JFGHL","https://m.media-amazon.com/images/I/51OcXKO0gJL._SX450_.jpg","B0FC2JFGHL","UHANBUT Universal Easy Intake Adapter, Car Smoke Machine & Pipe Fuel Leak Diagnostic Tester Tool, Vehicle Inflatable Bladder for 12V Vehicle EVAP Leakage Detection","UHANBUT","FBA","Automotive",82739,"N/A","N/A","N/A","N/A","Fuel Leak Detectors",49,12.99,2,47,47,88,610.55,610,8,3.2,"UHANBUT","China",1,0,"N/A","Large Standard-Size",1.77,5.04,8.39,0.35,37.68,103.95,"12/31/2025",7,6,0,6.71
"https://amazon.com/dp/B0DYHVTJS1","https://m.media-amazon.com/images/I/71GUC4ZRRZL._SX450_.jpg","B0DYHVTJS1","Hipytupa Smoke Machine Automotive Leak Detector – High-Precision Leak Tester for Vacuum, Fuel, and Exhaust Systems in Cars, Trucks, and Motorcycles, 12V DC Smoke Leak Detector for Pipe System","Generic","FBA","Automotive",83723,"N/A","N/A","N/A","N/A","Fuel Leak Detectors",50,51.18,-25,27,27,-33,1365.94,1365.81,32,4.7,"Hipytupa","Hong Kong",1,0,"N/A","Large Standard-Size",5,8.82,11.97,3.95,265.77,733.16,"04/30/2025",12,7,0,0.83
"https://amazon.com/dp/B0FX1YCWTV","https://m.media-amazon.com/images/I/31zwXqfF7RL._SX450_.jpg","B0FX1YCWTV","Automotive Smoke Machine Cone Adapter | XL Size | Super Heavy Duty | Accessory for Leak Detector for Exhaust and Intake Diagnostics (XL (New))","AutoLine Pro","FBA","Automotive",88054,850071728309,"N/A",0850071728309,"N/A","Fuel Leak Detectors",52,14.99,-55,59,31,,1152.06,464.53,296,4.7,"AutoLine Pro","USA",1,0,"N/A","Large Standard-Size",3.03,8.11,8.31,0.39,102.83,283.67,"02/28/2026",4,5,2,0.2
"https://amazon.com/dp/B0DFGM3B7W","https://m.media-amazon.com/images/I/51PLKwdXNWL._SX450_.jpg","B0DFGM3B7W","FENNICA Universal Easy Intake Adapter for Smoke Machine Automotive, Inflatable Air Bladder for 12V Vehicle Pipes Fuel Leakage Detector Diagnositc Tester","FENNICA","FBA","Automotive",93255,"N/A","N/A","N/A","N/A","Fuel Leak Detectors",57,19.99,9,20,20,-69,398.59,398.26,31,4.4,"FENNICA","China",1,486,"N/A","Large Standard-Size",2.13,3.35,7.91,0.53,28.42,78.39,"03/31/2025",15,9,0,0.64
"https://amazon.com/dp/B0D2TCC9L1","https://m.media-amazon.com/images/I/71zn615dLvL._SX450_.jpg","B0D2TCC9L1","ANCEL L8000 Automotive Smoke Machine | Dual Mode Diagnostic Leak Tester for EVAP & Turbo Systems | Built-in Air Pump & Color LCD | Adjustable Pressure & Run Time | Compatible with Multiple Vehicles","ANCEL","FBA","Automotive",94513,"N/A","N/A","N/A","N/A","Fuel Leak Detectors",48,499.99,-15,63,17,68,21044.37,8652.87,133,4.6,"Romondes","China",1,483,"N/A","Large bulky",10,10,11,9.8,356.48,891.2,"11/30/2025",20,9,3,0.48
"https://amazon.com/dp/B0CSS5QSN7","https://m.media-amazon.com/images/I/71B+B0jPrNL._SX450_.jpg","B0CSS5QSN7","ANCEL L3000 Digital Automotive Smoke Leak Detector with LED Pressure Gauge – EVAP System & Full-Vehicle Leak Tester for Gasoline and Diesel Engines, Professional Smoke Machine Tool","ANCEL","FBA","Automotive",94909,"N/A","N/A","N/A","N/A","Fuel Leak Detectors",49,269.99,-21,63,46,68,21044.37,12390.63,133,4.6,"Romondes","China",1,483,"N/A","Large Standard-Size",6.85,9.92,10.04,5.18,343.49,947.55,"11/30/2025",24,9,3,0.48
"https://amazon.com/dp/B0DFV5G822","https://m.media-amazon.com/images/I/71bsfvrbQQL._SX450_.jpg","B0DFV5G822","*2025 New Model* Automotive High Volume Smoke Machine with Best Ranked Smoke Fluid - EVAP Leak Detector with Built-in Air Compressor - Model 3000 – EVAP Vacuum Exhaust Smoke Detector Tools Kit - Red","AutoLine Pro","FBA","Automotive",99838,850032284929,"N/A",0850032284929,"N/A","Fuel Leak Detectors",60,159.99,"N/A",59,23,436,8236.47,3726.4,39,4.7,"AutoLine Pro","USA",1,658,"N/A","Large bulky",8.4,10.2,12.2,7.6,338.75,846.88,"03/31/2025",18,9,2,1.5
"https://amazon.com/dp/B0DS19KV2G","https://m.media-amazon.com/images/I/81JXsb5YyzL._SX450_.jpg","B0DS19KV2G","*2025 New Model* Automotive High Volume Smoke Machine - EVAP Leak Detector with Built-in Air Compressor - Model 3000E – EVAP Vacuum Exhaust Smoke Detector Tools Kit - Red","AutoLine Pro","FBA","Automotive",99839,850071728002,"N/A",0850071728002,"N/A","Fuel Leak Detectors",60,128,"N/A",59,35,436,8236.47,4509.89,39,4.7,"AutoLine Pro","USA",1,658,"N/A","Large bulky",8.7,8.7,12.13,6.17,297.54,743.85,"03/31/2025",14,7,2,1.5
"https://amazon.com/dp/B09NVG958J","https://m.media-amazon.com/images/I/81JfuOIHl1L._SX450_.jpg","B09NVG958J","Automotive Leak Tester With Built-in Air Motor and Pressure Gauge - Model 03 - Exhaust Smoke Detector Tools Kit - Car Smoke Machine With Flow Meter and Best Ranked Fluid for EVAP","AutoLine Pro","FBA","Automotive",99895,850032284202,"N/A",0850032284202,"N/A","Fuel Leak Detectors",50,88.99,-15,52,17,75,6766.27,1543.12,311,4.4,"AutoLine Pro","USA",1,806,"N/A","Large Standard-Size",6.5,6.89,10.16,4.48,228.88,631.41,"02/28/2025",50,5,2,0.17
"https://amazon.com/dp/B0D9412MVJ","https://m.media-amazon.com/images/I/61DXFWHc7vL._SX450_.jpg","B0D9412MVJ","Kuntech Universal Easy Intake Adapter, Automotive Smoke Machine Inflatable Bladder, for 12V Vehicle Pipes Fuel Leakage Detector Diagnostic Tester, Vehicle Fuel Leakage Detector Diagnostic","Kuntech","FBA","Automotive",101382,"N/A","N/A","N/A","N/A","Fuel Leak Detectors",56,16.99,-38,437,437,32,7427.15,7422.66,103,4.4,"Kuntech","China",1,3147,"N/A","Large Standard-Size",2.13,3.03,8.31,0.49,27,74.49,"01/31/2026",17,7,0,4.24
"https://amazon.com/dp/B0DSHYW7C2","https://m.media-amazon.com/images/I/71kfDT0njUL._SX450_.jpg","B0DSHYW7C2","Smoke Machine Automotive with Built-in Air Pump and Pressure Gauge, Professional Vehicle Leak Diagnostic Detector Tools for Leaks Test in Vacuum,Fuel,EVAP & Pipe System (Oil Not Included)","TUIREL","FBA","Automotive",104215,889327085644,"N/A",0889327085644,"N/A","Fuel Leak Detectors",56,55.99,-29,84,22,-36,5101.82,1219.09,292,4.6,"TUIREL.","China",1,0,"N/A","Large Standard-Size",7.01,9.33,10.08,5.17,331.92,915.65,"08/31/2025",11,7,4,0.29
"https://amazon.com/dp/B0DSBQF97Z","https://m.media-amazon.com/images/I/518DObW0rML._SX450_.jpg","B0DSBQF97Z","FENNICA Evap Gas Cap Tester, Smoke Machine Leak Detector Adapter, Smoke Machine Accesory Attachment Parts","FENNICA","FBA","Automotive",104295,"N/A","N/A","N/A","N/A","Fuel Leak Detectors",57,23.99,-15,25,25,-34,589.46,589.09,37,4,"FENNICA","China",1,0,"N/A","Large Standard-Size",4.92,2.76,1.96,0.24,13.4,36.97,"12/31/2025",10,7,0,0.66
"https://amazon.com/dp/B0DSJ7F6BK","https://m.media-amazon.com/images/I/71tEG4v+cML._SX450_.jpg","B0DSJ7F6BK","Smoke Machine Automotive Leak Detector with Built-in Air Pump, Pressure Gauge, Flow Meter, Professional Vehicle Diagnostic Tool for Leaks Test in Vacuum,Fuel,EVAP & All Cars System(Oil Excluded)","TUIREL","FBA","Automotive",104601,889327085651,"N/A",0889327085651,"N/A","Fuel Leak Detectors",57,85.49,164,84,12,-36,5101.82,985.08,292,4.6,"TUIREL.","China",1,0,"N/A","Large Standard-Size",7.28,9.53,10.63,6.5,371.39,1024.51,"08/31/2025",12,6,4,0.29
"https://amazon.com/dp/B0FZ1614SB","https://m.media-amazon.com/images/I/71Jvp+KJhgL._SX450_.jpg","B0FZ1614SB","Csttler 506 New Smoke Machine Automotive with Built-in Air Pump and Pressure Gauge, Automotive Smoke Machine - 12V DC EVAP Smoke Machine for 12V Cars, Motorcycles, Trucks, Boats, ATVs","Csttler","FBA","Automotive",106585,727458266061,"N/A",0727458266061,"N/A","Fuel Leak Detectors",63,59.99,33,23,23,,1423.75,1423.63,3,5,"Double Strong Tools","China",1,0,"N/A","Large Standard-Size",7.29,10.4,11,5.84,419.88,1158.3,"01/31/2026",4,7,0,7.8
"https://amazon.com/dp/B0D9YKV4F6","https://m.media-amazon.com/images/I/71T3Wa2ODcL._SX450_.jpg","B0D9YKV4F6","MR CARTOOL T100 Smoke Machine Leak Detector Automotive EVAP Smoke Leak Tester with Built-in Air Pump&Pressure Gauge, Leak Diagnostic Detector Tools Kit for All DC 12V Vehicles","MR CARTOOL","FBA","Automotive",110562,"N/A","N/A","N/A","N/A","Fuel Leak Detectors",55,63.63,-32,81,22,82,4591.46,1452.58,235,4.5,"MR CARTOOL DIRECT","China",1,775,"N/A","Large Standard-Size",4.92,8.82,11.89,4.06,259.77,716.61,"01/31/2025",19,9,4,0.34
"https://amazon.com/dp/B0D9GLRV31","https://m.media-amazon.com/images/I/61S5IdHdpLL._SX450_.jpg","B0D9GLRV31","MR CARTOOL T80 Automotive Smoke Machine Leak Detector, EVAP Vacuum Smoke Tester Machine with Liquid Level Gauge, Built-in Air Pump Smoke Detector for All DC 12V Vehicles","MR CARTOOL","FBA","Automotive",110588,"N/A","N/A","N/A","N/A","Fuel Leak Detectors",55,45.39,-25,81,47,82,4591.46,2208.79,235,4.5,"MR CARTOOL DIRECT","China",1,775,"N/A","Large Standard-Size",5,8.74,12.05,3.92,265.12,731.37,"01/31/2025",20,9,4,0.34
"https://amazon.com/dp/B0FJCLQVFF","https://m.media-amazon.com/images/I/61-noRm-QsL._SX450_.jpg","B0FJCLQVFF","Smoke Machine Automotive Leak Detector - 12V DC EVAP Vacuum Smoke Leak Detector Tester for Pipe System,Pipeline Fuel Leakage Detector Diagnostic Tester for Car/Motorcycle/Truck/Boat,Built-in Air Pump","DLNLIY","FBA","Automotive",113915,"N/A","N/A","N/A","N/A","Fuel Leak Detectors",59,51.59,-18,90,76,201,4364.44,3679.09,35,4.6,"AZXCV DIRECT","China",1,0,"N/A","Large Standard-Size",7.52,10,10.16,5.47,384.67,1061.16,"01/31/2026",5,7,2,2.57
"https://amazon.com/dp/B0CXXKBS68","https://m.media-amazon.com/images/I/71Y8cYQPmFL._SX450_.jpg","B0CXXKBS68","Smoke Machine Automotive Leak Detector, Smoke Machines Leak Tester for All 12V DC Vehicles in Vacuum,Fuel Diagnostic Pipe System,Built-in Air Pump (Oil Not Included)","TUIREL","FBA","Automotive",114667,889327085538,"N/A",0889327085538,"N/A","Fuel Leak Detectors",59,59.99,-8,84,41,-36,5101.82,2063.9,293,4.6,"TUIREL.","China",1,0,"N/A","Large Standard-Size",5,9.69,13.5,4.41,329.31,908.44,"08/31/2025",24,7,4,0.29
"https://amazon.com/dp/B0DK2SJLST","https://m.media-amazon.com/images/I/71NU0B1EnML._SX450_.jpg","B0DK2SJLST","TUIREL Smoke Machine Automotive Leak Detector with Built-in Air Pump, Pressure Gauge, Flow Meter, Vehicle Diagnostic Tool for Leaks Test in Vacuum,Fuel,EVAP & Other Cars System(Oil Not Included)","TUIREL","FBA","Automotive",115547,889327081240,"N/A",0889327081240,"N/A","Fuel Leak Detectors",61,84.99,7,84,10,-36,5101.82,832.86,292,4.6,"TUIREL.","China",1,0,"N/A","Large Standard-Size",7.28,9.37,10.55,6.06,362.33,999.52,"08/31/2025",15,7,4,0.29
"https://amazon.com/dp/B077TKTPLL","https://m.media-amazon.com/images/I/61Vg4N9DbfL._SX450_.jpg","B077TKTPLL","Automotive Smoke Machine Cone Adapter | XL Size | Super Heavy Duty | Accessory for Leak Detector for Exhaust and Intake Diagnostics","AutoLine Pro","FBA","Automotive",119436,605620262786,"N/A",0605620262786,"N/A","Fuel Leak Detectors",59,22.99,-27,59,35,,1152.06,807.82,296,4.7,"AutoLine Pro","USA",1,0,"N/A","Large Standard-Size",2.99,7.99,11.1,0.62,133.51,368.31,"02/28/2026",99,6,2,0.2
"https://amazon.com/dp/B0FG2PD2N5","https://m.media-amazon.com/images/I/716cRVQpfcL._SX450_.jpg","B0FG2PD2N5","Hipytupa Smoke Machine Automotive Leak Detector,EVAP Smoke Leak Tester with Built-in Air Pump&Pressure Gauge, 12V DC Smoke Leak Detector for Vacuum, Fuel, and Exhaust Systems in Cars, Trucks","Hipytupa","FBA","Automotive",121325,"N/A","N/A","N/A","N/A","Fuel Leak Detectors",63,62.99,-15,21,21,5,1306.33,1306.19,6,5,"Hipytupa","Hong Kong",1,0,"N/A","Large Standard-Size",12.7,9.1,6.5,4.71,378.21,1043.34,"12/31/2025",8,7,0,3.46
"https://amazon.com/dp/B0B96PJBK3","https://m.media-amazon.com/images/I/51J-g4AbTXL._SX450_.jpg","B0B96PJBK3","AUPREX Universal Easy Intake Adapter, Automotive Smoke Machine Bladder, Pipes Fuel Leakage Detector, Smoke Leak Diagnostic Tester for 12V Vehicles","AUPREX","FBA","Automotive",122445,601549819605,"N/A",0601549819605,"N/A","Fuel Leak Detectors",64,21.99,-4,59,59,37,1297.91,1297.2,116,4.4,"AUPREX","China",1,608,-58,"Large Standard-Size",2.05,3.31,8.82,0.49,30.13,83.12,"02/29/2024",43,6,0,0.52
"https://amazon.com/dp/B09FPVXQ48","https://m.media-amazon.com/images/I/71mo8pOlqTL._SX450_.jpg","B09FPVXQ48","ANCEL S3000-US Smoke Machine Automotive Leak Detector with Built-in Air Compressor, Smoke Tester Automotive for EVAP, Vacuum, Fuel System with Pressure Gauge & Adjustable Flowmeter","ANCEL","FBA","Automotive",124341,"N/A","N/A","N/A","N/A","Fuel Leak Detectors",62,183.99,-23,84,84,42,18460.1,18459.95,224,4.5,"ANCEL","China",1,0,"N/A","Large Standard-Size",6.85,9.96,10.04,4.94,344.89,951.43,"01/31/2026",53,9,1,0.38
"https://amazon.com/dp/B0F47Z89T3","https://m.media-amazon.com/images/I/61rll0GYpDL._SX450_.jpg","B0F47Z89T3","IMSTMTER Automotive Smoke Leak Detector, Smoke Machine with Built in Air Pump Pressure Gauge, 12V DC Smoke Leak Detector, Diagnostic Leak Tester Tools for Car, EVAP, Vacuum, Fuel and More Leak Testing","IMSTMTER","FBA","Automotive",126339,719645921587,"N/A",0719645921587,"N/A","Fuel Leak Detectors",69,59.99,-25,9,9,-80,534.24,534.11,1,4,"IMSTMTER  TOOL","China",1,0,"N/A","Large Standard-Size",7.88,9.5,9.88,5.9,372.38,1027.25,"09/30/2025",5,9,0,8.88
"https://amazon.com/dp/B0CGRK9SX3","https://m.media-amazon.com/images/I/615jpWBTUeL._SX450_.jpg","B0CGRK9SX3","ANCEL Automotive Red Cap Plugs Kit 23 Piece Set Suitable for Fuel Leak Detectors Smoke Leakage Test and Various Pipeline Openings Fits S100, S200, S300, S1000, S2000, S3000 Automotive Smoke Machine","ANCEL","FBA","Automotive",133312,"N/A","N/A","N/A","N/A","Fuel Leak Detectors",65,21.99,-11,51,51,-4,1111.46,1110.81,66,4.4,"ANCEL","China",1,1186,26,"Large Standard-Size",2.91,5.79,6.14,0.37,52.09,143.68,"07/31/2025",30,8,0,0.79
"https://amazon.com/dp/B0F7RLBXS2","https://m.media-amazon.com/images/I/71e+dAn2e3L._SX450_.jpg","B0F7RLBXS2","ANCEL L5000 EVAP & Turbo Automotive Smoke Machine Leak Detector, 0.4-20 PSI Custom Pressure Mode for All Systems, Smoke Tester Automotive with Built-in Pump, LCD Screen, Detects Micro to Major Leaks","ANCEL","FBA","Automotive",137033,"N/A","N/A","N/A","N/A","Fuel Leak Detectors",73,399.99,-74,14,22,,5782.49,8848.2,9,4.6,"ANCEL","China",1,0,"N/A","Large bulky",8.65,9.65,12.5,8.85,338.14,845.35,"02/28/2026",10,9,2,1.54
"https://amazon.com/dp/B0F7RMP9S8","https://m.media-amazon.com/images/I/71xzkKIMf+L._SX450_.jpg","B0F7RMP9S8","ANCEL L5000 PRO EVAP Turbo Smoke Machine Automotive Leak Detector – Smoke Tester Adds Pressure Decay & Vacuum Test for All Systems, Built-in Pump, 0.4-20 PSI, LCD Screen, Detects Micro to Major Leaks","ANCEL","FBA","Automotive",137500,"N/A","N/A","N/A","N/A","Fuel Leak Detectors",73,439.99,-32,14,12,,5782.49,5459.25,17,4,"ANCEL","China",1,0,"N/A","Large bulky",8.58,9.65,12.91,9.08,346.41,866.01,"02/28/2026",10,9,2,0.81
"https://amazon.com/dp/B0DKWDRL3D","https://m.media-amazon.com/images/I/71-BE0o-7IL._SX450_.jpg","B0DKWDRL3D","Wodli Smoke Machine Automotive Leak Detector Built in Air Pump, EVAP Smoke Machine Leak Tester with Pressure Gauge and Flow Meter, Dual Mode Smoke Tester Automotive for All DC 12V Vehicles","Wodli","FBA","Automotive",143365,"N/A","N/A","N/A","N/A","Fuel Leak Detectors",76,169.99,-35,66,47,,10123.63,7994.72,42,4.7,"Wodli","China",1,0,"N/A","Large Standard-Size",7.01,10.67,13.39,7.94,504.24,1391.01,"01/31/2026",16,9,2,1.57
"https://amazon.com/dp/B0DKWHX2VS","https://m.media-amazon.com/images/I/71VTLXfy+BL._SX450_.jpg","B0DKWHX2VS","Wodli Automotive Smoke Machine Leak Detector Built in Air Pump, EVAP Automotive Smoke Tester with Adjustable Pressure Gauge for Vacuum Leaks, Smoke Tester Automotive for DC 12V Vehicle Pipe Systems","Wodli","FBA","Automotive",143365,"N/A","N/A","N/A","N/A","Fuel Leak Detectors",76,94.99,-34,66,19,,10123.63,2128.54,20,4.6,"Wodli","China",1,0,"N/A","Large Standard-Size",7.17,10.67,11.54,7.28,444.49,1226.19,"01/31/2026",16,9,2,3.29
"https://amazon.com/dp/B0FS6D6WVH","https://m.media-amazon.com/images/I/811pwd4MDzL._SX450_.jpg","B0FS6D6WVH","AutoLine Pro *2025 New Model* Automotive High Volume Smoke Machine - EVAP Leak Detector with Built-in Air Compressor - Model 701C– EVAP Vacuum Exhaust Smoke Detector Tools Kit - Red","AutoLine Pro","FBA","Automotive",143497,850071728385,"N/A",0850071728385,"N/A","Fuel Leak Detectors",77,55.33,-30,10,10,46,551.25,551.13,12,4.6,"AutoLine Pro","USA",1,0,"N/A","Large Standard-Size",12,8,8,5,386.67,1066.67,"01/31/2026",5,7,0,0.83
"https://amazon.com/dp/B0CGX41KJH","https://m.media-amazon.com/images/I/7104RRbB0DL._SX450_.jpg","B0CGX41KJH","FOXWELL ST203 Smoke Machine Automotive Leak Detector, Auto Emission EVAP Diagnostic Smoke Machines with Built-in Air Pump, Pressure Gauge and Flowmeter, Vacuum Intake Exhaust Smoke Tester for Cars","FOXWELL","FBA","Automotive",150894,"N/A","N/A","N/A","N/A","Fuel Leak Detectors",75,199.99,7,49,49,-45,12070.05,12069.93,117,4.4,"Foxwell US","China",1,677,-58,"Large Standard-Size",5.39,9.29,12.64,5,318.66,879.06,"10/31/2024",28,8,0,0.42
"https://amazon.com/dp/B0B1M7NPXT","https://m.media-amazon.com/images/I/71-4gjB4hdL._SX450_.jpg","B0B1M7NPXT","VXSCAN Automotive Smoke Machine Leak Detector,EVAP Smoke Machine for Cars with Built-in Air Pump and Pressure Gauge, Flow Meter, Dual Mode for All DC12V Vehicles in Vacuum,Fuel and Other Cars System","VXSCAN","FBA","Automotive",158791,889327054985,"N/A",0889327054985,"N/A","Fuel Leak Detectors",77,95.99,-20,29,22,109,3121.2,2093.37,205,4.6,"NAANTE","China",1,555,-62,"Large Standard-Size",6.89,9.88,10.04,5.36,344.1,949.24,"03/31/2024",44,9,2,0.14
"https://amazon.com/dp/B0C4Y11HKK","https://m.media-amazon.com/images/I/71IhzOlLQML._SX450_.jpg","B0C4Y11HKK","VXSCAN Automotive EVAP Smoke Machine Leak Detector V4, Vacuum Leakage Tester with Digital Pressure Gauge & Air Flowmeter, Fuel Pipe Diagnostic Tester for All 12V Cars, Motorcycles, Trucks, Boats, ATVs","VXSCAN","FBA","Automotive",159597,889327063697,"N/A",0889327063697,"N/A","Fuel Leak Detectors",77,139.99,-5,29,7,109,3121.2,1027.33,205,4.6,"NAANTE","China",1,555,-62,"Large Standard-Size",6.73,9.61,11.42,6.59,371.86,1025.82,"03/31/2024",32,9,2,0.14
"https://amazon.com/dp/B0DP45RWZX","https://m.media-amazon.com/images/I/61WXtldOEHL._SX450_.jpg","B0DP45RWZX","Andeman Automotive Smoke Machine Leak Detector for EVAP, Vacuum, Fuel and More Leak Testing, 12V DC Exhaust Leak Detector Built-in air Pump Evap Leak Detector - Professional Diagnostic Tool for Car","Andeman","FBM","Automotive",162494,810139102281,"N/A",0810139102281,"N/A","Fuel Leak Detectors",83,49.99,-69,5,2,,269.9,113.12,129,4.7,"Hongnacom","China",2,0,"N/A","Large bulky",8.9,11.61,11.89,7.83,"N/A","N/A","02/28/2026",15,9,2,0.04
"https://amazon.com/dp/B0G6DDTGZR","https://m.media-amazon.com/images/I/51+uR3Kn2lL._SX450_.jpg","B0G6DDTGZR","CFTNSXND Universal Adapter & Inflatable Intake Bladder Kit - Automotive Smoke Machine Leak Detector Accessories for Car Truck Pipe Leak Testing","CFTNSXND","FBA","Automotive",163193,727458557633,"N/A",0727458557633,"N/A","Fuel Leak Detectors",83,17.99,"N/A",39,39,,729.35,728.82,2,5,"CFTNSXND","N/A",1,0,"N/A","Large Standard-Size",2.64,4.09,10,0.35,54.36,149.97,"01/31/2026",3,5,0,19.65
"https://amazon.com/dp/B0FHJSJDNR","https://m.media-amazon.com/images/I/51Vwq+pfT0L._SX450_.jpg","B0FHJSJDNR","Solary Smoke Machine Automotive Tool - Fuel Leak Detectors Tester | Built-in Air Compressor Motor","Solary","FBA","Automotive",165786,"N/A","N/A","N/A","N/A","Fuel Leak Detectors",85,54.99,-12,218,218,484,10947.25,10947.12,35,4.5,"solary","China",1,0,"N/A","Large Standard-Size",7.32,7.6,10.04,4.45,281.21,775.76,"09/30/2025",7,9,0,6.22
"https://amazon.com/dp/B0CT5KNC5X","https://m.media-amazon.com/images/I/41bxzi9mgBL._SX450_.jpg","B0CT5KNC5X","GODIAG Automotive Cap Plugs Kit 23 PCS Suitable for Smoke Leakage Testing and Various Automotive Pipeline Openings Automotive Block Cap Plugs Kit for Automotive Smoke Machine Leak Detector, Red","GODIAG","FBA","Automotive",178401,889327072903,"N/A",0889327072903,"N/A","Fuel Leak Detectors",79,19.99,176,35,35,,707.95,707.53,46,4.9,"GODIAG SHOP","China",1,304,"N/A","Large Standard-Size",2.56,5.31,8.23,0.2,56.33,155.38,"10/31/2025",25,7,0,0.77
"https://amazon.com/dp/B0CXX9SPRK","https://m.media-amazon.com/images/I/719EuH4k-pL._SX450_.jpg","B0CXX9SPRK","VXSCAN Automotive Smoke Machine Leak Detector, EVAP Smoke Machine Leak Tester for All 12V DC Vehicles in Vacuum, Fuel Diagnostic Pipe System, Built-in Air Pump and Pressure Gauge, Flow Meter Dual Mode","VXSCAN","FBA","Automotive",186698,889327073597,"N/A",0889327073597,"N/A","Fuel Leak Detectors",82,89.99,-26,55,55,24,4970.16,4969.48,163,4.5,"GODIAG Direct","China",1,887,"N/A","Large Standard-Size",6.57,9.09,12.56,5.22,377.65,1041.8,"03/31/2025",22,9,2,0.35
"https://amazon.com/dp/B0F4LNQHZT","https://m.media-amazon.com/images/I/51roXN-L4iL._SX450_.jpg","B0F4LNQHZT","AUTTOPS Smoke Machine Automotive with Pressure Gauge, F02 EVAP Smoke Leak Detector Tester for Car & All 12V DC Vehicles in Vacuum, Fuel Diagnostic Pipe System, Built-in Air Pump (Oil Not Included)","AUTTOPS","FBA","Automotive",186982,"N/A","N/A","N/A","N/A","Fuel Leak Detectors",90,66.59,-20,64,50,127,4389.35,3305.93,37,4.5,"AUTTOPS","China",1,0,"N/A","Large Standard-Size",6.54,9.25,12.6,4.76,383.77,1058.66,"09/30/2025",9,6,2,1.83
"https://amazon.com/dp/B09M6ZM6B2","https://m.media-amazon.com/images/I/51uOjE4rCzL._SX450_.jpg","B09M6ZM6B2","ELMCONFIG Quick Intake Adapter, Automotive Smoke Machine Bladder, Block Tester, Inflatable Leak Plug, Evap Smoke Machine Leak Tester for 12V Vehicle","ELMCONFIG","FBA","Automotive",195598,"N/A","N/A","N/A","N/A","Fuel Leak Detectors",86,21.99,-35,17,17,-39,364.39,364.13,65,4.4,"Jiaxin Store","China",1,180,-41,"Large Standard-Size",2.13,5.87,8.66,0.56,54.38,150.03,"06/30/2024",51,7,0,0.26
"https://amazon.com/dp/B0F4L97GS9","https://m.media-amazon.com/images/I/71HmLUHd-CL._SX450_.jpg","B0F4L97GS9","Smoke Machine Automotive with Pressure Gauge, F02 Pro EVAP Built-in Air Pump, Smoke Leak Detector Tester for Car & All 12V DC Vehicles in Vacuum, Fuel Diagnostic Pipe System, (Oil Not Included)","AUTTOPS","FBA","Automotive",203753,"N/A","N/A","N/A","N/A","Fuel Leak Detectors",94,79.99,-31,64,14,127,4389.35,1082.55,35,4.5,"AUTTOPS","China",1,0,"N/A","Large Standard-Size",13,9.45,6.7,4.95,414.41,1143.19,"09/30/2025",11,3,2,1.83
"https://amazon.com/dp/B0DL8M6W8D","https://m.media-amazon.com/images/I/51bCzGsF7ML._SX450_.jpg","B0DL8M6W8D","Vehicle EVAP System Leak Detection Kit Compatible with Low Pressure Automotive Smoke Machine for Diagnostics Replace 96-0190 Easy-Connect Test Kit","HNeekyr","FBA","Automotive",209550,"N/A","N/A","N/A","N/A","Fuel Leak Detectors",94,42.99,-15,3,3,-83,147.62,147.57,5,4.5,"Heiher","China",1,202,"N/A","Large Standard-Size",2.09,4.88,8.94,0.52,45.84,126.44,"05/31/2025",13,7,0,0.63
"https://amazon.com/dp/B0G2PR732M","https://m.media-amazon.com/images/I/517pH7-NLSL._SX450_.jpg","B0G2PR732M","SWPHRT Car EVAP Service Port Adapter Kit, Vehicle Smoke Machine Service Port Leak Tester Connector with Valve Removal Tool, Automotive EVAP Adapters Set Accessories, Universal Fit","SWPHRT","FBA","Automotive",211983,"N/A","N/A","N/A","N/A","Air Conditioning Line Repair Tools",640,8.99,1,20,20,,183.55,183.22,"N/A","N/A","Niusilai","N/A",1,0,"N/A","Small Standard-Size",2.17,2.17,0.3,0.04,0.71,1.96,"12/31/2025",2,6,0,"N/A"
"https://amazon.com/dp/B0G6DHN1RJ","https://m.media-amazon.com/images/I/71s29tSNZnL._SX450_.jpg","B0G6DHN1RJ","CFTNSXND Automotive Smoke Machine with Built-in Air Pump Air Pump and Pressure Gauge–12V DC EVAP Smoke Machine for Cars, Motorcycles, Trucks, Boats & ATVs,New","CFTNSXND","FBA","Automotive",213631,727458557619,"N/A",0727458557619,"N/A","Fuel Leak Detectors",91,59.99,"N/A",0,0,,"-","-",8,4.7,"CFTNSXND","N/A",1,0,"N/A","Large Standard-Size",7.4,10.51,10.98,5.84,429.94,1186.05,"-",1,6,0,0
"https://amazon.com/dp/B0CGWXF2YN","https://m.media-amazon.com/images/I/41bbOB2oQRL._SX450_.jpg","B0CGWXF2YN","FOXWELL ST201 Automotive Smoke Machine Leak Detector with Built-in Air Pump, 0.8-1.2 Bar High Pressure Emission Vacuum Fuel Exhaust EVAP Smoke Machine Leakage Detection, Auto Smoke Tester for Cars","FOXWELL","FBA","Automotive",222996,"N/A","N/A","N/A","N/A","Fuel Leak Detectors",91,135.99,-24,27,27,1,3660.11,3660,169,4.4,"Foxwell US","China",1,617,"N/A","Large Standard-Size",4.88,8.19,11.73,4.1,236.04,651.13,"03/31/2025",28,7,3,0.16
"https://amazon.com/dp/B0DP45R1X6","https://m.media-amazon.com/images/I/71ZSOqpQQpL._SX450_.jpg","B0DP45R1X6","Automotive Smoke Machine Leak Detector, Built-in air Pump Vacuum Diagnostic Tester with Pressure Gauge EVAP Tester for Fuel Pipe, All DC 12V Vehicles","Andeman","FBM","Automotive",227164,810139102298,"N/A",0810139102298,"N/A","Fuel Leak Detectors",97,59.99,"N/A",1,1,-67,36.09,36.07,28,4.6,"Hongnacom","China",2,0,"N/A","Large Standard-Size",11,8,10,8,"N/A","N/A","04/30/2025",15,9,0,0.02
"https://amazon.com/dp/B0C6RDQKST","https://m.media-amazon.com/images/I/61H52tfFR+L._SX450_.jpg","B0C6RDQKST","Turbo Boost Leak Testers Automotive Smoke Test Fluid - Largest 12-OZ Refill - 100% USA Top Grade - for EVAP Diagnostics, Fuel System leaks, Engine, Intake, Exhaust - Auto Smoke Machine Oil","Turbo Boost Leak Testers","FBA","Automotive",235351,197644022502,"N/A",0197644022502,"N/A","Engine & Oil",165,15.29,-129,8,7,,162.84,100.66,58,4.5,"TURBO BOOST LEAK TESTERS","USA",1,0,"N/A","Large Standard-Size",2.2,4.29,9.21,0.82,43.76,120.73,"02/28/2026",33,5,2,0.13
"https://amazon.com/dp/B0CKQ6QRCT","https://m.media-amazon.com/images/I/415rCd3PF5L._SX450_.jpg","B0CKQ6QRCT","Turbo Boost Leak Testers Automotive Smoke Test Fluid - 100% USA Top Grade - for EVAP Diagnostics, Fuel System leaks, Engine, Intake, Exhaust - Auto Smoke Machine Oil (12 OZ Pack of 2)","Turbo Boost Leak Testers","FBM","Automotive",236363,"N/A","N/A","N/A","N/A","Engine & Oil",166,24.91,"N/A",8,5,,162.84,111.92,58,4.5,"TURBO BOOST LEAK TESTERS","USA",1,0,"N/A","Large Standard-Size",3.3,1.8,8.5,0.78,"N/A","N/A","02/28/2026",29,5,2,0.13
"https://amazon.com/dp/B06XHRBKTM","https://m.media-amazon.com/images/I/81-hZcMse3L._SX450_.jpg","B06XHRBKTM","AutoLine Pro Automotive *High Smoke Density* Smoke Machine Leak Detector EVAP Vacuum Diagnostics Tester | Economy Series | 1.2 Hrs Non-Stop Smoke for Each Single Test","AutoLine Pro","FBA","Automotive",239371,605620262748,"N/A",0605620262748,"N/A","Fuel Leak Detectors",96,59.99,-21,25,25,-30,1499.47,1499.32,1132,4.4,"AutoLine Pro","USA",2,751,-70,"Large Standard-Size",5.55,7.56,11.69,2.87,246.95,681.23,"10/31/2024",108,8,1,0.02
"https://amazon.com/dp/B0CXHPT6SN","https://m.media-amazon.com/images/I/714rKVeu17L._SX450_.jpg","B0CXHPT6SN","Automotive Smoke Machine Built-in Air Pump, 12V DC Smoke Leak Detector for Pipe System, Fuel Leakage, Leakage Diagnostic Tester for All Cars","Kuntech","FBA","Automotive",242653,739411315969,"N/A",0739411315969,"N/A","Fuel Leak Detectors",100,64.99,-45,26,26,-20,1687.16,1686.81,132,4.6,"Kuntech","China",1,0,"N/A","Large Standard-Size",8,9,12,6.25,435,1200,"10/31/2025",24,8,3,0.2
"https://amazon.com/dp/B0FS6RGH2W","https://m.media-amazon.com/images/I/41EPknwV9WL._SX450_.jpg","B0FS6RGH2W","AutoLine Pro *2025 New Model* Automotive High Volume Smoke Machine - EVAP Leak Detector with Built-in Air Compressor - Model 701A– EVAP Vacuum Exhaust Smoke Detector Tools Kit - Red","AutoLine Pro","FBA","Automotive",330796,850071728361,"N/A",0850071728361,"N/A","Fuel Leak Detectors",119,56.18,-6,9,9,-79,508.49,508.4,4,4.4,"AutoLine Pro","USA",1,0,"N/A","Large bulky",8.46,8.62,12.17,6.06,287.62,719.04,"10/31/2025",5,8,0,2.26
"https://amazon.com/dp/B0DG876PP6","https://m.media-amazon.com/images/I/51pTI5pVYSL._SX450_.jpg","B0DG876PP6","PEUTIER Service Port Adapter Connector Kit, Automotive Smoke Machine Leak Tester Adapters with Valve Removal Tool for EVAP Smoke Leak Tester","PEUTIER","FBA","Automotive",350698,"N/A","N/A","N/A","N/A","Air Conditioning Line Repair Tools",973,9.99,7,13,13,-87,133.75,133.47,31,4.1,"BTFO","China",2,630,"N/A","Large Standard-Size",1.89,4.37,5.04,0.07,20.96,57.82,"09/30/2025",14,7,0,0.43
"https://amazon.com/dp/B0DFKTHVHB","https://m.media-amazon.com/images/I/61GChDoTgLL._SX450_.jpg","B0DFKTHVHB","12V DC EVAP Smoke Machine Leak Detector, Haoguo Automotive Smoke Tester for Vacuum Leak Detection, Upgraded Heating Element & Universal Cone Adapter for All Vehicles and Boats","Haoguo","FBA","Automotive",379216,"N/A","N/A","N/A","N/A","Fuel Leak Detectors",127,42.99,-22,1,1,300,58.04,57.97,7,3.6,"Haoguo Direct","China",1,35,"N/A","Large Standard-Size",5.83,9.69,15.2,3.04,432.33,1192.62,"11/30/2024",18,7,0,0.19
"https://amazon.com/dp/B0DSJ4X84V","https://m.media-amazon.com/images/I/71Hq4hFzQPL._SX450_.jpg","B0DSJ4X84V","Automotive Smoke Machine Leak Detector, 12V DC Evap Vacuum Smoke Diagnostic Tester Pipeline Fuel Leakage Detector for Pipe System Motorcycle/Car/Truck/Boat","VXSCAN","FBA","Automotive",381039,889327085682,"N/A",0889327085682,"N/A","Fuel Leak Detectors",128,69.99,10,3,3,-121,176.13,175.99,48,4.6,"VXSCAN","China",1,0,"N/A","Large Standard-Size",7.13,9.25,10.12,5.09,336.04,927,"11/30/2025",13,7,3,0.05
"https://amazon.com/dp/B0CP7DB6RP","https://m.media-amazon.com/images/I/71cDOugVTZL._SX450_.jpg","B0CP7DB6RP","AutoLine Pro Ventus Fluid Solution | Lasts 500+ Tests | Virtually ODORLESS | 4 fl oz [for Ventus Smoke Machine ONLY]","AutoLine Pro","FBA","Automotive",404316,850032284295,"N/A",0850032284295,"N/A","Fuel Leak Detectors",128,16.98,-24,32,32,-35,538.23,537.8,28,4.3,"AutoLine Pro","USA",1,441,-54,"Large Standard-Size",1.57,2.36,7.91,0.26,14.76,40.71,"06/30/2024",26,3,0,1.13
"https://amazon.com/dp/B0G6D3B3KN","https://m.media-amazon.com/images/I/51IV1UBa6cL._SX450_.jpg","B0G6D3B3KN","CFTNSXND New Automotive Smoke Machine with Built-in Air Pump & Compressor Motor – 12V DC EVAP Smoke Machine for Cars, Motorcycles, Trucks, Boats & ATVs","CFTNSXND","-","Automotive",432573,727458557602,"N/A",0727458557602,"N/A","Fuel Leak Detectors",139,56.99,"N/A",0,0,,"-","-","N/A","N/A",,"N/A",1,0,"N/A","Large Standard-Size",7.36,10.51,11.22,5.64,"N/A","N/A","-",0,"N/A",0,"N/A"
"https://amazon.com/dp/B0DSQSNSZY","https://m.media-amazon.com/images/I/81WPTaDdcnL._SX450_.jpg","B0DSQSNSZY","*2025 New Model* Automotive Smoke Machine - EVAP Leak Detector with Built-in Air Compressor - Model 3000E – EVAP Vacuum Exhaust Tool Kit - Green","AutoLine Pro","FBA","Automotive",479663,850071728019,"N/A",0850071728019,"N/A","Fuel Leak Detectors",144,107.99,-12,16,5,104,1397.59,506.35,4,5,"AutoLine Pro","USA",1,154,"N/A","Large bulky",8.5,8.86,12.28,6.15,299.71,749.26,"10/31/2025",14,6,2,4.03
"https://amazon.com/dp/B0DS4P8JYD","https://m.media-amazon.com/images/I/61xBIIdl+UL._SX450_.jpg","B0DS4P8JYD","BAZCXUM Smoke Machine Automotive with Advanced Air Pump Built-in, Professional Smoke Machine Leak Detector for All 12V DC car, Diagnostic Smoke Leak Tester for EVAP, Vacuum and Fuel Pipe System","BAZCXUM","FBA","Automotive",508191,"N/A","N/A","N/A","N/A","Fuel Leak Detectors",152,79.99,-31,1,1,-25,102.7,102.64,5,4,"BAZCXUM","Hong Kong",1,0,"N/A","Large bulky",8.75,9.25,10,6,262.3,655.74,"07/31/2025",14,6,0,0.26
"https://amazon.com/dp/B0C8HRK5W9","https://m.media-amazon.com/images/I/711NCM9-ImL._SX450_.jpg","B0C8HRK5W9","ANCEL 23-Piece Block Cap Plugs Kit for All Car System, Compatible with ANCEL S200 S300 S1000 S3000 L100 L300 Automotive Smoke Machine & Fuel Leak Detector","ANCEL","FBA","Automotive",511319,"N/A","N/A","N/A","N/A","Fuel Leak Detectors",146,21.99,-54,7,7,,159.42,159.22,36,4.5,"Toptool US","China",1,162,-55,"Large Standard-Size",2.91,5.79,6.18,0.37,52.42,144.62,"02/29/2024",32,6,0,0.21
"https://amazon.com/dp/B0CG2L818M","https://m.media-amazon.com/images/I/81lIqPMnAzL._SX450_.jpg","B0CG2L818M","AutoLine Pro Automotive EVAP Smoke Machine Model 01 Built-in Air Compressor for EVAP, Vacuum, and More Leak Testing Diagnostic Vacuum Leak Detection Tester","AutoLine Pro","FBA","Automotive",547234,850032284370,"N/A",0850032284370,"N/A","Fuel Leak Detectors",155,68,-29,12,12,-38,818.69,818.6,197,4.5,"AutoLine Pro","USA",1,340,-88,"Large Standard-Size",6.42,6.77,10.24,4.61,224.08,618.15,"08/31/2024",30,9,0,0.06
"https://amazon.com/dp/B0FVWPWV97","https://m.media-amazon.com/images/I/61ZTIloLJtL._SX450_.jpg","B0FVWPWV97","RYANSTAR RACING Universal Gas Cap Adapter for EVAP Smoke Machine Leak Test Fuel Cap Bypass Cylinder Included Leak-Proof Design for Accurate EVAP System Testing","RYANSTAR RACING","FBA","Automotive",558020,"N/A","N/A","N/A","N/A","Gas Caps",496,26.99,-6,11,11,,303.15,302.93,"N/A","N/A","qlkylin","China",1,0,"N/A","Small Standard-Size",0.39,0.39,0.39,0.22,0.03,0.08,"01/31/2026",5,6,0,"N/A"
"https://amazon.com/dp/B0D1H11S5P","https://m.media-amazon.com/images/I/513dKNXw7hL._SX450_.jpg","B0D1H11S5P","Automotive Smoke Machine Leak Tester for EVAP w/Built-in Air Motor and Pressure Gauge - Model 03 - Exhaust Smoke Detector Tools Kit - Car Smoke Machine w/Flow Meter and Best Ranked Smoke Fluid, Green","AutoLine Pro","FBA","Automotive",559470,850032284400,"N/A",0850032284400,"N/A","Fuel Leak Detectors",158,78,-28,16,11,104,1397.59,890.87,4,5,"AutoLine Pro","USA",1,154,"N/A","Large Standard-Size",6.46,6.73,10.28,4.48,225.02,620.74,"10/31/2025",50,9,2,4.03
"https://amazon.com/dp/B0FLN48RVQ","https://m.media-amazon.com/images/I/61cFfgiOP+L._SX450_.jpg","B0FLN48RVQ","AOOTU DAOSM Professional Automotive Smoke Machine Kit - EVAP Fuel Leak Detector & Vacuum/Smoke Leak Tester for 12V Car, Truck, Engine Diagnostics with Adapters, Hoses & Case","AOOTU DAOSM","FBA","Automotive",585618,"N/A","N/A","N/A","N/A","Fuel Leak Detectors",165,52.99,-12,32,32,73,1562.63,1562.51,8,4.2,"AOOTU DAOSM","China",1,0,"N/A","Large Standard-Size",4.2,8.4,9,3.9,159.86,441,"01/31/2026",7,6,0,3.97
"https://amazon.com/dp/B0FJFJRX71","https://m.media-amazon.com/images/I/81RYxidh14L._SX450_.jpg","B0FJFJRX71","ANCEL Large Hard Protective Case for Heavy Duty Truck Scanner HD3300 Plus+ HD3600 HD430, OBD2 Scanner Diagnostic Tool FX6000 Elite FX6100, Automotive Smoke Machine Leak Detector S3000 S3000 PRO","ANCEL","FBA","Automotive",624925,"N/A","N/A","N/A","N/A","Code Readers & Scan Tools",1985,31.99,-1,29,21,-85,4678.35,681.94,106,4,"ANCEL","China",1,0,"N/A","Large Standard-Size",5.7,4.9,11,1.15,154.68,426.71,"10/31/2025",7,5,2,0.28
"https://amazon.com/dp/B0DH2JW5G4","https://m.media-amazon.com/images/I/61uu8icVtxL._SX450_.jpg","B0DH2JW5G4","Automotive Smoke Machine Leak Detector - 12V DC Vacuum EVAP Smoke Tester Diagnostic Tester with Built-in Air Pump for Vehicle Pipe Systems","pakowin","FBA","Automotive",642415,"N/A","N/A",6976774250221,"N/A","Fuel Leak Detectors",174,59.99,-25,9,9,127,444.05,443.94,36,4.8,"Pakowin","China",2,470,1075,"Large Standard-Size",6.5,8.6,10.5,5.75,295.51,815.21,"09/30/2025",16,9,4,0.25
"https://amazon.com/dp/B0D3D2KHZ3","https://m.media-amazon.com/images/I/61N-T5lqyTL._SX450_.jpg","B0D3D2KHZ3","Smoke Machine Automotive Diagnostic Tester - 12V DC EVAP Vacuum Leak Detector for Pipe System","Autoinnowin","FBM","Automotive",689143,"N/A","N/A","N/A","N/A","Fuel Leak Detectors",178,89.99,-28,16,16,86,1040.52,1040.35,137,3.8,"HEATINDUCT","China",1,1296,"N/A","Large Standard-Size",6.65,9.37,9.8,3.95,"N/A","N/A","04/30/2025",19,7,0,0.12
"https://amazon.com/dp/B0DHG1SC59","https://m.media-amazon.com/images/I/7155PXgBtLL._SX450_.jpg","B0DHG1SC59","Wawews Automotive Smoke Machine Leak Detector, Evap Vacuum Smoke Diagnostic Tester with Built-in Air Compressor, Pipeline Fuel Leakage Detector Compatible with 12V DC Vehicles","Wawews","FBA","Automotive",713003,"N/A","N/A","N/A","N/A","Fuel Leak Detectors",189,56.99,-39,21,16,148,1304.99,951.22,74,4.6,"Wawews","China",2,178,"N/A","Large bulky",9.33,9.37,9.96,6.11,282.18,705.45,"02/28/2025",16,7,2,0.28
"https://amazon.com/dp/B0D65LWDWP","https://m.media-amazon.com/images/I/51v5EmRrkcL._SX450_.jpg","B0D65LWDWP","UOIENRT Automotive EVAP Service Port Adapter Kit Smoke Machine Automotive Cone Adapter Leak Detector for Automotive Exhaust and Intake Diagnostics","UOIENRT","FBA","Automotive",721477,768553931560,"N/A",0768553931560,"N/A","Fuel Leak Detectors",187,18.99,-32,3,3,-8,53.91,53.82,"N/A","N/A","UOIENRT~","China",1,74,"N/A","Large Standard-Size",3.39,4.29,6.06,0.63,44.35,122.35,"03/31/2025",21,7,0,"N/A"
"https://amazon.com/dp/B08T17SYB2","https://m.media-amazon.com/images/I/61vCAnCJ3tL._SX450_.jpg","B08T17SYB2","SDT203 Automotive Smoke Machine Leak Detector–Adjustable Smoke Flow,Built-in Air Pump,Quick Output–for Fuel Tank,EVAP,Cooling System Leak Detection–Overheat & Low Temp Protection,Portable for All Cars","AUTOOL","FBA","Automotive",723685,793869151173,"N/A",0793869151173,"N/A","Engine Tools",2606,86,-10,3,3,,232.37,232.3,30,4.3,"QPKING","China",2,55,10,"Large Standard-Size",6.42,9.29,10.71,5.47,321.6,887.17,"03/31/2025",62,9,0,0.09
"https://amazon.com/dp/B0F37XBTRX","https://m.media-amazon.com/images/I/41Nu8ESO3dL._SX450_.jpg","B0F37XBTRX","Automotive Smoke Machine Leak Detector, Built-in Air Pump, Evap Smoke Machine Leak Tester for Vacuum Leak Detection, 12V DC Smoke Tester Automotive Tools Kit for Pipe System","FENNICA","FBA","Automotive",754518,"N/A","N/A","N/A","N/A","Fuel Leak Detectors",191,65.99,2,3,3,-76,206.17,206.04,39,4.2,"FENNICA","China",1,0,"N/A","Large Standard-Size",4.17,8.43,8.98,3.86,158.93,438.44,"05/31/2025",11,9,0,0.08
"https://amazon.com/dp/B0D9B24GSD","https://m.media-amazon.com/images/I/71otwdSf3mL._SX450_.jpg","B0D9B24GSD","Evap Smoke Machine Leak Tester - 12V DC Vacuum Diagnostic Tester with Built-in Air Pump for Pipe System","Solary","FBA","Automotive",754806,"N/A","N/A",6971709253025,"N/A","Fuel Leak Detectors",189,69.99,-21,3,3,-86,183.75,183.64,17,4.8,"solary","China",2,153,"N/A","Large Standard-Size",7.44,10.71,11.1,5.45,445.31,1228.44,"06/30/2025",18,9,0,0.15
"https://amazon.com/dp/B08Z3NDDYK","https://m.media-amazon.com/images/I/61Gjt4P1muL._SX450_.jpg","B08Z3NDDYK","GTOWNWORKS Exhaust Cone, Smoke Machine Leak Detector Exhaust Intake Boot Adapter Diagnostics for Automotive Smoke Testers","GTOWNWORKS","FBA","Automotive",760144,748966064581,"N/A",0748966064581,"N/A","Fuel Leak Detectors",190,33.99,-2,5,5,-26,183.72,183.54,16,3.8,"steel.frame.motor","China",1,91,-12,"Large Standard-Size",4.88,4.88,4.92,0.53,58.99,162.73,"01/31/2025",60,5,0,0.34
"https://amazon.com/dp/B0DNV8NTCT","https://m.media-amazon.com/images/I/61KFtg3Vg6L._SX450_.jpg","B0DNV8NTCT","Redline Detection 96-0240 General Repair EVAP Bundle Smoke Machine Adapter Kit for Visible Vapor Low Pressure Diagnostics Pinpoint EVAP leaks Faster and More accurately","Redline Detection","FBM","Automotive",799740,860012379231,"N/A",0860012379231,"N/A","Fuel Pressure Testers",174,265,-11,0,0,-100,"-","-","N/A","N/A","Redline Detection LLC","USA",1,2,"N/A","Large Standard-Size",13,9,6,2.5,"N/A","N/A","05/31/2025",15,9,0,"N/A"
"https://amazon.com/dp/B09GNFM16M","https://m.media-amazon.com/images/I/516sHAk+7vL._SX450_.jpg","B09GNFM16M","ZKTOOL Universal Easy Intake Adapter Skin, Automotive Smoke Machine Bladder, Inflatable Block Off Bladder for 12V Vehicle Pipes Fuel Leakage Detector Diagnositc Tester Skin","ZKTOOL","FBA","Automotive",800654,768490776934,"N/A",0768490776934,"N/A","Fuel Leak Detectors",198,6.99,-30,7,7,18,48.71,48.55,9,4.9,"ZKTOOL","China",1,53,"N/A","Large Standard-Size",1.46,1.89,4.96,0.04,6.89,19.01,"02/28/2025",52,2,0,0.77
"https://amazon.com/dp/B0DKF3Q76J","https://m.media-amazon.com/images/I/51c2M1h7WSL._SX450_.jpg","B0DKF3Q76J","MOTOCOCHE Universal Easy Intake Adapter Inflatable Bladder EVAP Leak Adapters Automotive Smoke Machine Gas Cap Adapter for Sealing Off Smoke Machine Tests","MOTOCOCHE","FBA","Automotive",833678,"N/A","N/A","N/A","N/A","Fuel Leak Detectors",210,23,-26,9,9,44,192.47,192.38,16,4.2,"MOTOCOCHE Direct","China",1,143,"N/A","Large Standard-Size",1.73,5.98,7.4,0.2,38.54,106.33,"10/31/2025",15,6,2,0.56
"https://amazon.com/dp/B0CYQ1YFTV","https://m.media-amazon.com/images/I/71GqeU3zYAL._SX450_.jpg","B0CYQ1YFTV","KOLSOL Automotive Smoke Leak Detector with Pressure Gauge, Smoke Machine Built-in Air Pump, DC12V Car Smoke Detector Test Leak in Vehicle Pipe Systems for Cars, Motorcycles, Snowmobiles, ATV, Boats","KOLSOL","FBA","Automotive",848340,889327073658,"N/A",0889327073658,"N/A","Fuel Leak Detectors",201,72.99,-10,5,5,-96,376.02,375.93,88,4.6,"AUTOREPAIR.","China",1,537,"N/A","Large Standard-Size",6.61,9.09,12.48,5.05,377.53,1041.47,"09/30/2024",23,8,0,0.06
"https://amazon.com/dp/B0DTHP3P1K","https://m.media-amazon.com/images/I/510YvkMRPLL._SX450_.jpg","B0DTHP3P1K","SHMZK Universal Easy Intake Adapter, Automotive Smoke Machine Intake Bladder Fuel Leakage Detector, Expandable Smoke Leak Diagnostic Tester Air Bladder for Most 12V Vehicles","SHMZK","FBA","Automotive",867883,"N/A","N/A","N/A","N/A","Fuel Leak Detectors",211,12.99,134,9,9,90,112,111.88,5,4.4,"SHMZK","China",1,0,"N/A","Small Standard-Size",10.63,6.3,0.74,0.25,24.95,68.83,"01/31/2026",13,6,0,1.71
"https://amazon.com/dp/B09FDBJWWV","https://m.media-amazon.com/images/I/41t2KfoJpjL._SX450_.jpg","B09FDBJWWV","AUTOAND EVAP Smoke Machine Leak Detector, 2 Modes Automotive Fuel Pipe System Leakage Diagnostic Tester for 12V Motorcycle/Cars/SUVs/Boat (Newest)","AUTOAND","FBA","Automotive",869104,661706275415,"N/A",0661706275415,"N/A","Fuel Leak Detectors",207,79,-16,1,1,-60,47.96,47.94,"N/A","N/A","Sup Vehicle Direct","China",1,4,-20,"Large bulky",9.41,12.68,15.2,10.98,587.76,1469.39,"09/30/2024",54,8,0,"N/A"
"https://amazon.com/dp/B0CJJMYNGX","https://m.media-amazon.com/images/I/81-oyHVLKbL._SX450_.jpg","B0CJJMYNGX","ANCEL L300 Smoke Machine Automotive with Digital Pressure Gauge & Built-in Pump, Professional EVAP & Vacuum Leak Detector, 5X More Sensitive Than Mechanical Gauges for Fast Auto Micro Leak Detection","ANCEL","FBA","Automotive",876903,"N/A","N/A","N/A","N/A","Fuel Leak Detectors",209,179.99,-2,11,11,59,1906.75,1906.6,199,4.4,"Toptool US","China",1,240,-34,"Large Standard-Size",6.97,10,10.04,4.96,352.32,971.93,"03/31/2024",24,9,2,0.05
"https://amazon.com/dp/B0CNGZM27Q","https://m.media-amazon.com/images/I/51ukzDw67mL._SX450_.jpg","B0CNGZM27Q","ANGSO-AUTO Heavy Duty EVAP Boot Cone Adapter Automotive Smoke Machine Leak Tester,Efficient 26-107 MM OD Leak Detection for Exhaust & Intake Systems","ANGSO-AUTO","FBA","Automotive",882540,"N/A","N/A","N/A","N/A","Fuel Leak Detectors",214,16.99,-12,1,1,-58,23.93,23.86,2,4.5,"ANGSO-AUTO","China",1,32,"N/A","Large Standard-Size",3.27,4.8,5.24,0.46,41.38,114.14,"08/31/2025",23,4,0,0.7
"https://amazon.com/dp/B0D793DYJL","https://m.media-amazon.com/images/I/61+nADMCV4L._SX450_.jpg","B0D793DYJL","AFLYWE Odorgo odor remover machine OdorGo Smoke, Odor Go Smoke Eliminator, OdorGo - Remove Lingering Smoke and Pet Smells, Air Freshener for Home Office Car","AFLYWE","FBM","Automotive",923295,"N/A",08848395120185,8848395120185,"N/A","Air Fresheners",4130,29.99,"N/A",4,4,300,121.44,121.28,39,3.6,"leiix58990","N/A",1,86,"N/A","N/A","N/A","N/A","N/A","N/A","N/A","N/A","11/30/2024",18,8,0,0.1
"https://amazon.com/dp/B0DCVFC58Y","https://m.media-amazon.com/images/I/717mjFhllfL._SX450_.jpg","B0DCVFC58Y","Automotive Smoke Machine Leak Detector, Evap Smoke Machine Leak Tester for Pipe System, 12V Smoke Tester Automotive","BELEY","FBA","Automotive",926327,"N/A","N/A","N/A","N/A","Fuel Leak Detectors",222,77.99,-43,8,3,67,319.06,203.26,1,4,"BELEY DIRECT","China",1,0,"N/A","Large Standard-Size",5.39,8.86,11.97,4.56,287.91,794.22,"09/30/2025",19,9,3,7.51
"https://amazon.com/dp/B00DPI31N2","https://m.media-amazon.com/images/I/71CP81XqwgS._SX450_.jpg","B00DPI31N2","Redline Detection Smoke Pro Total Tech Vehicle Smoke Machine for EVAP Test","Redline Detection","FBM","Automotive",953227,894158001527,00894158001527,0894158001527,"N/A","Fuel Leak Detectors",228,1069.99,-9,8,8,-84,8311.93,8311.75,96,4.6,"The TOOL GUY","USA",2,160,-33,"Large bulky",10.2,13,14.2,12.3,"N/A","N/A","02/29/2024",154,6,0,0.08
"https://amazon.com/dp/B0C7CZCMH2","https://m.media-amazon.com/images/I/51CWGxqfbLL._SX450_.jpg","B0C7CZCMH2","Universal Easy Intake Adapter, Automotive Smoke Machine Bladder with Easy to Operate, Inflatable Block Off Bladder for Vehicle Pipes Fuel Leakage Detector Diagnositc Tester","Pyhodi","FBA","Automotive",957921,"N/A","N/A","N/A","N/A","Fuel Leak Detectors",229,20.75,-43,2,2,,21.32,21.28,2,3.6,"Yixvtn-US","China",1,12,-8,"Large Standard-Size",1.89,3.35,8.78,0.51,27.95,77.11,"02/28/2025",33,9,0,0.8
"https://amazon.com/dp/B0D8SJXP3Y","https://m.media-amazon.com/images/I/71Dw7hTAbnL._SX450_.jpg","B0D8SJXP3Y","Smoke Machine Automotive Leak Detector with Pressure Gauge - DC 12V EVAP Smoke Machine Leak Tester Built-in Air Pump, Vacuum Leak Tester Leak in Vehicle Pipe Systems for Cars","KOLSOL","FBA","Automotive",999767,889327076833,"N/A",0889327076833,"N/A","Fuel Leak Detectors",233,69.99,-10,11,11,80,795.32,795.04,25,4.4,"AUGOCOM","China",1,330,"N/A","Large Standard-Size",7.95,10,11.34,7.76,453.9,1252.13,"04/30/2025",20,7,0,0.47
"https://amazon.com/dp/B0G4LGNFV9","https://m.media-amazon.com/images/I/71oljvymDjL._SX450_.jpg","B0G4LGNFV9","LORPHEIR Automotive Smoke Machine Leak Detector with Built-in Air Pump and Pressure Gauge, 12V Professional Vehicle Diagnostic Tool for Vacuum Fuel EVAP System Testing","LORPHEIR","FBA","Automotive",1006899,"N/A","N/A","N/A","N/A","Fuel Leak Detectors",234,125.19,"N/A",0,0,,"-","-","N/A","N/A","YunDaXin Store","China",1,0,"N/A","Large Standard-Size",9.06,12.2,7.09,6.61,394.31,1087.75,"-",1,7,0,"N/A"
"https://amazon.com/dp/B0CWPFWLDN","https://m.media-amazon.com/images/I/610bqzNCBHL._SX450_.jpg","B0CWPFWLDN","DaisyInner Auto EVAP Service Port Adapter Kit and Smoke Machine Cone Leak Detector for Automotive Exhaust and Intake Diagnostics","DaisyInner","FBA","Automotive",1021613,"N/A","N/A","N/A","N/A","Fuel Leak Detectors",238,17.99,1,7,7,173,126.83,126.63,3,5,"Madsyyy","China",1,87,"N/A","Large Standard-Size",3.23,3.82,5.2,0.49,32.3,89.11,"06/30/2024",22,7,0,2.34
"https://amazon.com/dp/B0DL8GVXJK","https://m.media-amazon.com/images/I/51F9K-pFQWL._SX450_.jpg","B0DL8GVXJK","VKVXCLON Motor EVAP System Leak Detection Kit, Compatible with Low Pressure Automotive Smoke Machine Diagnostics 96-0190 Vehicle Leak Detector Diagnostic Tester Tools kit","VKVXCLON","FBA","Automotive",1024929,"N/A","N/A","N/A","N/A","Fuel Leak Detectors",237,45.12,-4,6,6,-110,276.15,275.99,4,5,"Woclon","China",1,168,"N/A","Large Standard-Size",2.6,5.2,8.6,0.2,58.54,161.49,"04/30/2025",14,7,0,1.53
"https://amazon.com/dp/B0FBMG92P9","https://m.media-amazon.com/images/I/71gDiO2gp9L._SX450_.jpg","B0FBMG92P9","Automotive Smoke Machine Leak Detector with Built-in Air Pump,12V DC Smoke Leak Detector Diagnostic Tester for Vacuum Intake Exhaust Cooling System, Fuel Pipe Leak Locator for All Cars, boats,etc","GINROY","FBA","Automotive",1025316,"N/A","N/A","N/A","N/A","Fuel Leak Detectors",239,66.49,-18,0,0,,"-","-",2,5,"Ginroy","China",1,0,"N/A","Large bulky",9,9.8,8.3,3.6,237.24,593.1,"-",5,6,0,0
"https://amazon.com/dp/B0CH9VD9WB","https://m.media-amazon.com/images/I/61Azctgu+NL._SX450_.jpg","B0CH9VD9WB","EVAP Smoke Tester - Automotive Smoke Machine Leak Detector - 12V DC Vacuum Leak Detector for Pipe System Multi-Function","pakowin","FBA","Automotive",1031168,"N/A","N/A","N/A","N/A","Fuel Leak Detectors",241,139.99,-4,5,1,-36,410.95,171.37,97,4.5,"Pakowin","China",1,196,"N/A","Large Standard-Size",7.32,10.55,11.06,7.21,430.03,1186.28,"09/30/2025",30,9,2,0.05
"https://amazon.com/dp/B0D1GRXYC6","https://m.media-amazon.com/images/I/811gKJP37fL._SX450_.jpg","B0D1GRXYC6","Automotive Smoke Machine Leak Tester for EVAP with Built-in Air Motor and Pressure Gauge – Model 03 - Exhaust Smoke Detector Tools Kit - Car Smoke Machine with Flow Meter and Smoke Fluid, Orange","AutoLine Pro","FBA","Automotive",1100674,850032284417,"N/A",0850032284417,"N/A","Fuel Leak Detectors",260,87.99,-33,3,3,-109,244.34,244.23,7,4.3,"AutoLine Pro","USA",1,129,"N/A","Large Standard-Size",6.46,6.89,10.35,4.5,231.94,639.82,"10/31/2025",50,9,0,0.56
"https://amazon.com/dp/B0D9B1WH1J","https://m.media-amazon.com/images/I/713RzmQYDPL._SX450_.jpg","B0D9B1WH1J","Automotive EVAP Smoke Machine Tester - 12V DC Vacuum Diagnostic Tester with Built-in Air Pump","Solary","FBA","Automotive",1101083,"N/A","N/A",6971709253018,"N/A","Fuel Leak Detectors",257,99.99,-23,0,0,-83,"-","-",28,4.7,"solary","China",1,27,"N/A","Large Standard-Size",7.01,10.47,11.1,5.45,410.17,1131.5,"12/31/2024",18,9,0,0
"https://amazon.com/dp/B0D7LXYDR4","https://m.media-amazon.com/images/I/61iBaVqkHbL._SX450_.jpg","B0D7LXYDR4","QPKING SDT60 Portable Smoke Leak Detector - EVAP Smoke Machine with Built-in Air Pump & Pressure Gauge, Quick Massive Smoke Output for Boost/Vacuum/Exhaust/Fuel Tank Leak Detection, 12V","QPKING","FBA","Automotive",1104559,"N/A","N/A","N/A","N/A","Fuel Leak Detectors",261,69.99,-41,0,0,-95,"-","-",6,3.9,"QPKING","China",2,0,"N/A","Large bulky",8.5,9.13,10.91,5.29,274.38,685.96,"11/30/2025",20,9,4,0.05
"https://amazon.com/dp/B0B689YK73","https://m.media-amazon.com/images/I/61jUFNKIJ1L._SX450_.jpg","B0B689YK73","Smoke Leak Detector EVAP Smoke Machine Smoke Tester Vacuum Leaks Detector SDT103 Fuel Leak Detectors Car Pipe Leakage Tester with Adjustable Smoke FlowMeter for 12V Vehicles","QPKING","FBM","Automotive",1104581,"N/A","N/A","N/A","N/A","Fuel Leak Detectors",261,87,4,0,0,-95,"-","-",73,4.3,"QPKING","China",1,0,"N/A","Large Standard-Size",7.24,7.95,10.28,4.01,"N/A","N/A","11/30/2025",44,9,4,0
"https://amazon.com/dp/B0G4LF7LZQ","https://m.media-amazon.com/images/I/71v2p3w1Y3L._SX450_.jpg","B0G4LF7LZQ","LORPHEIR Automotive Smoke Machine Leak Detector with Built-in Air Pump, EVAP Tester with Pressure Gauge and Flow Meter, Dual Mode Diagnostic Tool for All DC 12V Vehicles","LORPHEIR","FBA","Automotive",1135673,"N/A","N/A","N/A","N/A","Fuel Leak Detectors",266,99.83,"N/A",2,2,,190.16,190.15,"N/A","N/A","YunDaXin Store","China",1,0,"N/A","Large Standard-Size",10.24,10.24,5.12,4.41,270,744.83,"-",0,7,0,"N/A"
"https://amazon.com/dp/B0D6WHY5Q7","https://m.media-amazon.com/images/I/51B2phn1xtL._SX450_.jpg","B0D6WHY5Q7","WUODAO Expandable Bladder Leakage Tester Locator Easy Automotive Leak Plug for All Vehicles，Universal Easy Intake Adapter, Automotive Smoke Machine Bladder (黑色1)","WUODAO","FBA","Automotive",1167629,"N/A","N/A","N/A","N/A","Fuel Leak Detectors",266,17.99,-36,1,1,50,18.12,18.08,1,4,"Wudao machinery","China",1,0,"N/A","Large Standard-Size",7.09,3.94,4.72,0.51,66.36,183.07,"11/30/2025",18,7,0,1.01
"https://amazon.com/dp/B0CMXXZ8Q9","https://m.media-amazon.com/images/I/61VwB29-vTL._SX450_.jpg","B0CMXXZ8Q9","ANGSO-AUTO Extended Length EVAP Smoke Machine Service Port Adapter Connector Kit EVAP Adapater | Leak Tester Connector with Valve Removal Tool","ANGSO-AUTO","FBA","Automotive",1172250,"N/A","N/A","N/A","N/A","Air Conditioning Line Repair Tools",2193,18.95,-26,6,6,-67,77.9,77.8,9,3.9,"ANGSO-AUTO","China",1,109,-31,"Large Standard-Size",0.83,4.96,5.59,0.15,11.59,31.96,"12/31/2024",25,7,0,0.7
"https://amazon.com/dp/B0B5X7N9HQ","https://m.media-amazon.com/images/I/61W1OslDuHL._SX450_.jpg","B0B5X7N9HQ","Smoke Leak Detector Locator SDT101 EVAP Fuel Leak Detectors Car Smoke Machine Leak Detector Car Pipe Leakage Tester EVAP Smoke Tester for 12V All Vehicles","QPKING","FBA","Automotive",1177523,"N/A","N/A","N/A","N/A","Fuel Leak Detectors",270,75,-4,0,0,-95,"-","-",30,4.4,"QPKING","China",2,0,"N/A","Large Standard-Size",7.13,7.72,9.92,4.76,274.67,757.71,"11/30/2025",44,9,4,0.01
"https://amazon.com/dp/B0D1H48M9B","https://m.media-amazon.com/images/I/81Vl2nEv0DL._SX450_.jpg","B0D1H48M9B","Automotive Smoke Machine - EVAP Leak Detector with Built-in Air Compressor, EVAP Service Port Adapter, OEM Approved Smoke Fluid - Model 01 – EVAP Vacuum Exhaust Smoke Detector Tools Kit - Green","AutoLine Pro","FBA","Automotive",1188007,850032284424,"N/A",0850032284424,"N/A","Fuel Leak Detectors",275,70,3,0,0,-43,"-","-",23,4.5,"AutoLine Pro","USA",1,69,"N/A","Large Standard-Size",6.42,6.81,10.24,4.61,225.4,621.8,"04/30/2024",23,10,0,0
"https://amazon.com/dp/B0DGGKRFSJ","https://m.media-amazon.com/images/I/613dsFzMnxL._SX450_.jpg","B0DGGKRFSJ","Orsong Automotive Smoke Machine with EVAP Port Adapter & 12V Battery Clamps, 12V DC EVAP Smoke Machine Leak Tester for Sealed Systems, Intake Manifolds, Exhausts Vacuum Detection","Orsong","FBA","Automotive",1382179,782926356231,"N/A",0782926356231,"N/A","Fuel Leak Detectors",299,51.99,-9,4,4,38,189.85,189.73,8,4.6,"touera","China",1,74,"N/A","Large Standard-Size",7.24,8.35,9.25,3.81,281.54,776.67,"12/31/2024",18,7,2,0.46
"https://amazon.com/dp/B0D1H87C8Y","https://m.media-amazon.com/images/I/81cU1MIFGKL._SX450_.jpg","B0D1H87C8Y","Automotive Smoke Machine - EVAP Leak Detector with Built-in Air Compressor, EVAP Service Port Adapter, OEM Approved Smoke Fluid - Model 01 – EVAP Vacuum Exhaust Smoke Detector Tools Kit - Orange","AutoLine Pro","FBA","Automotive",1406726,850032284431,"N/A",0850032284431,"N/A","Fuel Leak Detectors",302,68,-15,0,0,,"-","-",14,4.1,"AutoLine Pro","USA",1,141,"N/A","Large Standard-Size",6.46,6.77,10.2,4.61,224.59,619.57,"03/31/2025",23,9,0,0
"https://amazon.com/dp/B0DSZVDWM9","https://m.media-amazon.com/images/I/71O8QMFN9TL._SX450_.jpg","B0DSZVDWM9","FOXWELL ST2000 Automotive Smoke Machine Built-in Air Pump, Dual Mode EVAP & Turbo Leak Detector with Digital Screen & Adjustable Pressure, All-in-One Smoke Tester for Exhaust, Vacuum, Fuel & More","FOXWELL","FBA","Automotive",1544933,"N/A","N/A","N/A","N/A","Fuel Leak Detectors",318,449.99,-1,1,1,-83,551.37,551.32,10,5,"Foxwell US","China",1,0,"N/A","Large bulky",9.5,10.25,11,10,347.12,867.81,"09/30/2025",11,9,0,0.12
"https://amazon.com/dp/B0DG44R7L3","https://m.media-amazon.com/images/I/61SQNxFjCEL._SX450_.jpg","B0DG44R7L3","*2025 Upgrade Model* Automotive High Volume Smoke Machine Smoke Fluid - EVAP Leak Detector w/Built-in Air Compressor - Model 3000 – EVAP Vacuum Exhaust Smoke Detector Tools Kit - Green","AutoLine Pro","FBA","Automotive",1562391,850032284936,"N/A",0850032284936,"N/A","Fuel Leak Detectors",320,157.99,-8,0,0,500,"-","-",8,3.7,"AutoLine Pro","USA",1,12,"N/A","Large bulky",8.9,10.31,12.2,7.5,362.79,906.97,"10/31/2024",18,9,0,0
"https://amazon.com/dp/B0D9B4CZPT","https://m.media-amazon.com/images/I/611JMhRh5-L._SX450_.jpg","B0D9B4CZPT","Solary Evap Smoke Machine Leak Tester - 12V DC Vacuum Diagnostic Tester for Pipe System with Built-in Air Pump","Solary","FBA","Automotive",1609288,"N/A","N/A",6971709253032,"N/A","Fuel Leak Detectors",325,59.99,11,0,0,-150,"-","-",7,4.7,"solary","China",2,84,"N/A","Large Standard-Size",7.17,10.55,11.02,5.45,419.69,1157.77,"11/30/2024",18,10,0,0
"https://amazon.com/dp/B08YNZCVW3","https://m.media-amazon.com/images/I/7174qf3ys+L._SX450_.jpg","B08YNZCVW3","Mastercool (43060-HD) Heavy Duty Truck Diagnostic Smoke Machine","Mastercool","Amazon","Automotive",1680470,700376126419,"N/A",0700376126419,"N/A","Air Conditioning Line Repair Tools",2764,975.45,-43,1,1,,964.33,964.31,1,4,"Amazon","N/A",8,25,25,"Large bulky",13,15.25,18,22.99,"N/A","N/A","09/30/2025",47,5,0,1
"https://amazon.com/dp/B0D857J5MG","https://m.media-amazon.com/images/I/81UP2DfvWwL._SX450_.jpg","B0D857J5MG","Redline Detection Smoke Pro® Total Tech® 95-0050 Low Pressure Automotive Smoke Machine for Diagnosing EVAP, Wind, Water, Cooling Systems, Intake and Exhaust Leaks","Redline Detection","FBM","Automotive",1780872,860012379200,00860012379200,0860012379200,"N/A","Diagnostic, Test & Measurement Tools",10567,1119.52,-35,5,5,129,5805.02,5804.95,"N/A","N/A","JBTools","USA",5,26,"N/A","Large bulky",10,13,15,13,"N/A","N/A","10/31/2025",20,8,0,"N/A"
"https://amazon.com/dp/B0DL5QW1FP","https://m.media-amazon.com/images/I/71jhYkJxGfL._SX450_.jpg","B0DL5QW1FP","FENNICA Smoke Machine Automotive Leak Detector with Built-in Air Pump, Auto Emission Vacuum Exhaust EVAP Smoke Machine Leakage Diagnostic Car Smoke Leak Tester Tools Kit (SLD-300 Pro)","FENNICA","FBA","Automotive",1806290,"N/A","N/A","N/A","N/A","Fuel Leak Detectors",352,68.99,-18,0,0,,"-","-",10,3.4,"FENNICA","China",1,66,"N/A","Large Standard-Size",4.33,8.5,8.94,3.88,165.66,457,"02/28/2025",16,8,0,0
"https://amazon.com/dp/B06XKGS5Q5","https://m.media-amazon.com/images/I/51Nzlgq8KCL._SX450_.jpg","B06XKGS5Q5","Smoke Leak Detector SDT106 Automotive Smoke Machine Car Smoke Tester Fuel Leak Detectors EVAP Smoke Tester Car Pipe Leakage Tester Vacuum Leaks Detector Built-in Air Pump for 12V Vehicles","AUTOOL","FBM","Automotive",1969741,712383648662,"N/A",0712383648662,"N/A","Fuel Leak Detectors",365,109,10,0,0,-80,"-","-",81,4.2,"QPKING","China",1,32,-27,"Large bulky",8.75,10.25,11,7.55,"N/A","N/A","08/31/2025",108,8,0,0
"https://amazon.com/dp/B08YP3KK15","https://m.media-amazon.com/images/I/710dlgL9+IL._SX450_.jpg","B08YP3KK15","MASTERCOOL (43060-EV) EVAP Diagnostic Smoke Machine with Internal Compressor, Blue,Black","Mastercool","FBM","Automotive",2016515,700376126402,"N/A",0700376126402,"N/A","Air Conditioning Line Repair Tools",3141,600.29,-30,1,1,33,411.71,411.68,4,2.6,"BeachAudio","USA",9,16,-36,"Large bulky",13.8,16.6,21.6,24.7,"N/A","N/A","02/28/2025",59,5,0,0.17
"https://amazon.com/dp/B0FRXP2KCQ","https://m.media-amazon.com/images/I/61yAsKwhGsL._SX450_.jpg","B0FRXP2KCQ","KUMORE DC12V Smoke Machine Automotive Leak Detector Smoke Test for Vacuum Pipe Leaks with Built-in Air Pump","KUMORE","FBA","Automotive",2173983,"N/A","N/A","N/A","N/A","Fuel Leak Detectors",389,58.89,-7,2,2,800,177.93,177.85,10,4.6,"KUMORE DIRECT","N/A",2,0,"N/A","Large Standard-Size",7.17,10.51,13.5,5.09,512.19,1412.94,"01/31/2026",4,9,0,0.22
"https://amazon.com/dp/B003TB5QCE","https://m.media-amazon.com/images/I/41G0Uevx+9L._SX450_.jpg","B003TB5QCE","Vacutec WVA-063 Universal Smoke Machine Fuel Cap Adapter","VACUTEC","FBM","Automotive",2233771,767887393891,"N/A",0767887393891,"N/A","Fuel Tank Caps",6531,60.05,-25,1,1,,30.2,30.15,14,3.5,"Autoplicity ✅","USA",3,17,6,"Large Standard-Size",1.85,2.52,5.59,0.07,"N/A","N/A","08/31/2025",232,1,0,0.04
"https://amazon.com/dp/B0DMCVZJGK","https://m.media-amazon.com/images/I/71pJqPDSMRL._SX450_.jpg","B0DMCVZJGK","Haoguo Automotive Smoke Machine, Dual Mode Car EVAP Smoke Leak Tester Built-in Air Pump & Smoke Generator for All DC 12V Vehicles & Motorcycle Pipe Systems EVAP System","Haoguo","FBA","Automotive",2274997,"N/A","N/A","N/A","N/A","Fuel Leak Detectors",411,69.99,-14,0,0,-64,"-","-","N/A","N/A","Haoguo Direct","China",1,17,"N/A","Large bulky",9.29,9.45,10.04,6.75,285.63,714.08,"12/31/2025",13,7,0,"N/A"
"https://amazon.com/dp/B0FH63Y1WY","https://m.media-amazon.com/images/I/61OOxV5FLsL._SX450_.jpg","B0FH63Y1WY","KUMORE Smoke Machine Automotive Leak Detector for Car DC12V Smoke Leak Tester Auto Diagnostic Tools","KUMORE","FBM","Automotive",2316576,"N/A","N/A","N/A","N/A","Fuel Leak Detectors",424,79.99,-41,0,0,,"-","-","N/A","N/A","KUMORE DIRECT","N/A",1,0,"N/A","Large Standard-Size",13.9,10.62,6.69,6.17,"N/A","N/A","10/31/2025",7,6,0,"N/A"
"https://amazon.com/dp/B0C9F55KRF","https://m.media-amazon.com/images/I/51-63JBXHVL._SX450_.jpg","B0C9F55KRF","Universal Easy Intake Adapter, Automotive Smoke Machine Bladder for Automotive Smoke Leak Detector Diagnositc Tester","Fydun","FBM","Automotive",2340476,"N/A","N/A","N/A","N/A","Fuel Leak Detectors",426,17.29,-13,1,1,,17.71,17.69,1,5,"Miyinla-Z","China",1,11,-15,"Large Standard-Size",1.73,3.23,8.39,0.49,"N/A","N/A","10/31/2025",32,9,0,1
"https://amazon.com/dp/B09HZZW7N1","https://m.media-amazon.com/images/I/61bq+BtzcbL._SX450_.jpg","B09HZZW7N1","Automotive Smoke Machine Leak Detector 12V DC EVAP Smoke Machine Leak Tester with Built-in Air Pump Dual-Mode, Pressure Gauge, Vacuum Leak Tester for Car Pipe System","Autory","FBA","Automotive",2626132,"N/A","N/A","N/A","N/A","Fuel Leak Detectors",464,120.69,-12,0,0,50,"-","-",18,3.7,"Autory","China",1,9,"N/A","Large bulky",9.8,11,12.5,9.75,436.69,1091.72,"10/31/2025",54,8,0,0
"https://amazon.com/dp/B0CSY9GD75","https://m.media-amazon.com/images/I/51-63JBXHVL._SX450_.jpg","B0CSY9GD75","CFTGIW Universal Easy Intake Adapter Smoke Machine Bladder for Automotive Smoke Leak Detector Diagnositc Tester","CFTGIW","FBA","Automotive",2645399,"N/A","N/A","N/A","N/A","Fuel Leak Detectors",468,19.43,-36,0,0,,"-","-",1,5,"Yesyesta","China",1,11,"N/A","Large Standard-Size",8.66,3.54,1.97,0.5,30.42,83.91,"02/28/2025",25,9,0,0
"https://amazon.com/dp/B0FRSR95SP","https://m.media-amazon.com/images/I/71OF4KPcqcL._SX450_.jpg","B0FRSR95SP","KUMORE Automotive Smoke Machine EAP Car Leak Detector Professional Dual Mode Smoke Tester Machine for Vacuum Leaks with Visible Gauge Pressure KM004","KUMORE","FBA","Automotive",2661175,"N/A","N/A","N/A","N/A","Fuel Leak Detectors",470,85,36,0,0,-119,"-","-",7,4.4,"KUMORE DIRECT","N/A",2,0,"N/A","Large Standard-Size",7.28,10.63,13.7,5.84,534.06,1473.27,"11/30/2025",5,8,0,0
"https://amazon.com/dp/B09ZQW3DXB","https://m.media-amazon.com/images/I/51+AKB2ysFL._SX450_.jpg","B09ZQW3DXB","Aramox Easy Intake Adapter, Universal Easy Intake Adapter Silicone Inflatable Automotive Smoke Machine Bladder for Pipes Diagnositc Tester","Aramox","FBM","Automotive",2691636,"N/A","N/A","N/A","N/A","Fuel Leak Detectors",476,19.42,-2,0,0,,"-","-",7,3.6,"Codalo-US","China",2,7,-68,"Large Standard-Size",2.05,3.27,8.35,0.44,"N/A","N/A","04/30/2024",46,8,0,0
"https://amazon.com/dp/B0D68RNB14","https://m.media-amazon.com/images/I/71utI7HBpVL._SX450_.jpg","B0D68RNB14","Redline Detection 95-0135 SpeedSmoke™ Two-in-one Visual Vapor Automotive Smoke Machine, Built in air Compressor for Low Pressure & High Pressure Leak Diagnostic Test","Redline Detection","FBM","Automotive",2800836,859629007293,00859629007293,0859629007293,"N/A","Fuel Leak Detectors",492,2795,-47,0,0,,"-","-",1,5,"Homestead Supply & More ✅","USA",5,7,"N/A","Extra-large 50+ to 70 lb",26,15,21,37,"N/A","N/A","08/31/2025",21,7,0,0
"https://amazon.com/dp/B0BVN4CF2R","https://m.media-amazon.com/images/I/718yjkW-7GL._SX450_.jpg","B0BVN4CF2R","Mastercool 43070 Dual Evap/High Pressure Diagnostic Smoke Machine with Truck Adapter Accessory Kit","Mastercool","FBM","Automotive",2837428,700376430707,"N/A",0700376430707,"N/A","Air Conditioning Line Repair Tools",3923,2406.85,-54,0,0,200,"-","-","N/A","N/A","Test Equipment Depot","USA",1,7,"N/A","Extra-large 50+ to 70 lb",16.5,20,22,35.95,"N/A","N/A","05/31/2025",36,1,0,"N/A"
"https://amazon.com/dp/B0D68WTHFB","https://m.media-amazon.com/images/I/71KuYYgaOAL._SX450_.jpg","B0D68WTHFB","Redline Detection 95-0130 Dual Pressure Two-in-One Visual Vapor Automotive Smoke Machine: Low Pressure & Variable High Pressure, Turbo/Boost, Diesel, EVAP, Intake Systems, Exhaust, & Vacuum leaks","Redline Detection","FBM","Automotive",3027579,894158001961,"N/A",0894158001961,"N/A","Fuel Leak Detectors",519,4650,-5,0,0,,"-","-","N/A","N/A","Redline Detection LLC","USA",1,3,"N/A","N/A",21,15,26,"N/A","N/A","N/A","03/31/2025",21,7,0,"N/A"
"https://amazon.com/dp/B0C86G6D75","https://m.media-amazon.com/images/I/51-63JBXHVL._SX450_.jpg","B0C86G6D75","Universal Easy Intake Adapter, Automotive Smoke Machine Bladder, Pipes Fuel Leakage Detector Diagnostic Tester, Inflatable Leak Plug for Vehicle Smoke Leak Detector","banapoy","FBM","Automotive",3124025,"N/A","N/A","N/A","N/A","Fuel Leak Detectors",533,20.7,-41,1,1,,24.52,24.5,3,4.1,"hightseckw","China",1,5,-58,"Large Standard-Size",1.93,3.46,8.82,0.49,"N/A","N/A","02/28/2025",33,9,0,0.4
"https://amazon.com/dp/B08LQ5THXK","https://m.media-amazon.com/images/I/611-h6cM4RL._SX450_.jpg","B08LQ5THXK","OURANTOOLS Automotive EVAP Machine Leak Smoke Detector, DC12V Fuel Pipe Leak Tester with Flowmeter Display Dual-Modes for All Autos","OURANTOOLS","FBM","Automotive",3124395,781159475696,"N/A",0781159475696,"N/A","Fuel Leak Detectors",532,282,-16,0,0,,"-","-",79,4.4,"BELEY DIRECT","China",1,6,-57,"Large bulky",9.1,11.5,11.7,7.89,"N/A","N/A","02/28/2025",64,4,0,0
"https://amazon.com/dp/B09CPQLW8Q","https://m.media-amazon.com/images/I/81HnkLtTnRL._SX450_.jpg","B09CPQLW8Q","EASYUSE evap Smoke Machine Car Fuel Leak Detectors, Diagnostic, Automotive Fuel Pipe System Leak Tester with EVAP System for All Cars, Motorcycles, Snowmobiles, ATV, Light Trucks, Boats","EASYUSE","Amazon","Automotive",3287708,635411971573,"N/A",0635411971573,"N/A","Fuel Leak Detectors",556,86.99,-12,0,0,-143,"-","-",43,4.4,"Amazon","N/A",1,4,-60,"Large Standard-Size",4.61,6.18,9.45,2.98,"N/A","N/A","06/30/2024",55,9,0,0
"https://amazon.com/dp/B08YP2YS15","https://m.media-amazon.com/images/I/71stvnzraaL._SX450_.jpg","B08YP2YS15","MASTERCOOL (43060-TB) Turbo/Intake Diagnostic Smoke Machine with Internal Compressor, Blue,Black","Mastercool","FBM","Automotive",3357710,700376126426,"N/A",0700376126426,"N/A","Code Readers & Scan Tools",5869,1170.43,-23,0,0,-100,"-","-",1,1,"Homestead Supply & More ✅","USA",4,4,-67,"Large bulky",13.8,17,22,24.75,"N/A","N/A","05/31/2024",57,5,0,0
"https://amazon.com/dp/B0C6Y6WNJ7","https://m.media-amazon.com/images/I/51-63JBXHVL._SX450_.jpg","B0C6Y6WNJ7","Universal Easy Intake Adapter, Automotive Smoke Machine Bladder, Smoke Leak Diagnostic Tester for Vehicle Pipes Fuel Leakage Detector","Zunate","FBM","Automotive",3449061,"N/A","N/A","N/A","N/A","Fuel Leak Detectors",574,22.3,-23,0,0,,"-","-",3,3.4,"Qinqinzi-US","China",1,3,-70,"Large Standard-Size",1.93,3.27,8.82,0.49,"N/A","N/A","02/29/2024",33,9,0,0
"https://amazon.com/dp/B0758C5YQ6","https://m.media-amazon.com/images/I/61hnUFEqusL._SX450_.jpg","B0758C5YQ6","Smoke Leak Detectors,SDT100 Smoke Tester,Automotive Fuel Leak Detectors,EVAP Smoke Machine Leak Tester,Built-in Air Pump Pipe Leakage Tester for 12V Vehicles,Motorcycles,Trucks, Snowmobiles, Off-Road","QPKING","FBM","Automotive",3610907,712383650016,"N/A",0712383650016,"N/A","Fuel Leak Detectors",589,65.99,-6,0,0,,"-","-",74,4.1,"QPKING","China",1,1,-92,"Large bulky",9.3,10.3,10.9,9.05,"N/A","N/A","03/31/2024",102,8,0,0
"https://amazon.com/dp/B0D68YKD8Y","https://m.media-amazon.com/images/I/818VWpoyZqL._SX450_.jpg","B0D68YKD8Y","Redline Detection PowerSmoke Pro™ 95-0170 Variable High Pressure Automotive Smoke Machine for Turbo, Boosted, Diesel Engines and Exhuast System, Cabin Leaks, Wind Leaks, Air Leaks, Intake Systems","Redline Detection","FBM","Automotive",3676152,859629007309,"N/A",0859629007309,"N/A","Fuel Leak Detectors",596,4795,-5,0,0,,"-","-",1,5,"Redline Detection LLC","USA",1,2,"N/A","N/A",21,15,21,"N/A","N/A","N/A","05/31/2024",21,7,0,0
"https://amazon.com/dp/B0C99VXQ37","https://m.media-amazon.com/images/I/41Vl1mM8k8L._SX450_.jpg","B0C99VXQ37","Universal Air Intake, Automotive Smoke Machine Universal Easy Intake Adapter Smoke Machine Bladder for Automotive Smoke Leak Detector Diagnositc Tester","KIMISS","FBM","Automotive",3746148,"N/A","N/A","N/A","N/A","Fuel Leak Detectors",604,20.77,-14,0,0,,"-","-",2,5,"Jazutaq","China",1,1,-91,"Large Standard-Size",8.66,3.54,1.97,0.49,"N/A","N/A","10/31/2024",32,9,0,0
"https://amazon.com/dp/B00DPI31J6","https://m.media-amazon.com/images/I/61NutHCQUJS._SX450_.jpg","B00DPI31J6","Redline Detection Smoke Machine Accessory Kit (96-0005)","Redline Detection","FBM","Automotive",4099480,894158001190,00894158001190,0894158001190,"N/A","Fuel Leak Detectors",637,207.99,-13,0,0,,"-","-",6,4,"American-Mechanic","USA",4,2,-33,"Large Standard-Size",13.4,9.2,4.4,4.05,"N/A","N/A","03/31/2024",152,1,0,0
"https://amazon.com/dp/B0D56KWVKZ","https://m.media-amazon.com/images/I/514uop2gyCL._SX450_.jpg","B0D56KWVKZ","Inflatable Leak Plug Easy Intake Automobile Adapter Smoke Machine Bladder Diagnostic Tester For 12V Vehicle Inflatable Leak Plug Easy Intake Automobile Adapter Smoke Machine Bladder For 12v Vehicle","Qsvbeeqj","FBM","Automotive",4133854,"N/A","N/A",7635770282139,"N/A","Fuel Leak Detectors",643,25.59,-17,0,0,,"-","-","N/A","N/A","GuangZhouRunFengDaJiaJuYouXianGongSi","China",1,0,"N/A","N/A","N/A","N/A","N/A","N/A","N/A","N/A","01/31/2025",19,9,0,"N/A"
"https://amazon.com/dp/B09QXK3F1B","https://m.media-amazon.com/images/I/61zV3HymTUL._SX450_.jpg","B09QXK3F1B","Smoke Leak Detector EVAP Smoke Tester Vacuum Leaks Smoke/AIR Mode Fuel Pipe Leak Tester Car EVAP Smoke Machine Vacuum Tester Leak Detector with Adjustable FlowMeter for 12V Vehicles","QPKING","FBM","Automotive",4647472,"N/A","N/A","N/A","N/A","Fuel Leak Detectors",690,209,-43,0,0,-75,"-","-",2,5,"QPKING","China",1,2,-60,"Large bulky",8.5,11.7,11.7,8.2,"N/A","N/A","06/30/2024",54,8,0,0.08
"https://amazon.com/dp/B0899WCMQF","https://m.media-amazon.com/images/I/71az3dfpJ8L._SX450_.jpg","B0899WCMQF","Powerbuilt automotive EVAP Leak Detector Smoke Machine, 12V Vehicle Pipes, Fuel Leakage, Universal Diagnostic Tester for Cars, Trucks, Boats, Motorcycles - 240207","Powerbuilt","FBM","Automotive",5011237,028907538570,"N/A",0028907538570,"N/A","Fuel Leak Detectors",724,349.95,-12,0,0,,"-","-",2,5,"Toolsmithdirect","USA",1,1,"N/A","Large bulky",10,12,14.5,14.3,"N/A","N/A","07/31/2025",69,7,0,0
"https://amazon.com/dp/B08LYCJYC5","https://m.media-amazon.com/images/I/71IOWi8EEkL._SX450_.jpg","B08LYCJYC5","AUTOOL SDT205S Car EVAP Smoke Machine Leak Detector DC 12V, Automotive Fuel Pipe Leakage Diagnostic Tester / Locator with Adjustable Flowmeter/Dual-Modes /Display for All Vehicles","MR CARTOOL","FBM","Automotive",5567536,793869162629,"N/A",0793869162629,"N/A","Fuel Leak Detectors",777,544.99,-5,0,0,,"-","-",1,5,"TheBestWayMarket","USA",1,0,"N/A","Large bulky",9.09,11.81,11.85,8.01,"N/A","N/A","06/30/2024",64,8,0,0
"https://amazon.com/dp/B0D59S9QM2","https://m.media-amazon.com/images/I/51C6fYG69nL._SX450_.jpg","B0D59S9QM2","Smoke Machine Automotive Cone Adapter Leak Detector for Exhaust and Intake Diagnostics, for Automotive EVAP Leak Locator Tester. (1PC)","ficocon","FBM","Automotive",5625069,752619249560,"N/A",0752619249560,"N/A","Fuel Leak Detectors",787,7.99,-46,1,1,,11.75,11.69,"N/A","N/A","huima-sts","China",1,0,"N/A","N/A","N/A","N/A","N/A","N/A","N/A","N/A","-",21,5,0,"N/A"
"https://amazon.com/dp/B0FBRH8452","https://m.media-amazon.com/images/I/61tLrKcSt6L._SX450_.jpg","B0FBRH8452","Solary Smoke Machine Automotive Leak Detector - Evap Vacuum Smoke Diagnostic Tester, Pipeline Fuel Leakage Detector Compatible","Solary","FBM","Automotive",5640118,"N/A","N/A","N/A","N/A","Fuel Leak Detectors",788,79.99,-29,0,0,,"-","-","N/A","N/A","solary","China",1,0,"N/A","N/A","N/A","N/A","N/A","N/A","N/A","N/A","07/31/2025",8,1,0,"N/A"
"https://amazon.com/dp/B0CN2WJC43","https://m.media-amazon.com/images/I/51Z7v-yjNtL._SX450_.jpg","B0CN2WJC43","Universal Easy Intake Adapter Smoke Machine Bladder Automobile Smoke Leak Detector Bubble 12V Vehicle Diagnostic Tester Inflatable Leak Plug Easy Intake Automobile Adapter Smoke Machine Bladder","ljhnba","FBM","Automotive",6290169,"N/A","N/A",7598130516162,"N/A","Fuel Leak Detectors",842,28.89,-5,0,0,-150,"-","-","N/A","N/A","shuangYuw","China",1,1,"N/A","N/A","N/A","N/A","N/A","N/A","N/A","N/A","01/31/2025",15,9,0,"N/A"
"https://amazon.com/dp/B0B87PFW57","https://m.media-amazon.com/images/I/41MFVFM8ITL._SX450_.jpg","B0B87PFW57","TOTMOX 4.92"" Length, Universal Easy Intake Adapter, Automotive Smoke Machine Bladder, Block Tester, Compatible with Any Smoke Machine or Diagnostic Leak Detector","TOTMOX","FBA","Automotive",6422094,"N/A","N/A","N/A","N/A","Fuel Leak Detectors",855,23.84,"N/A",0,0,-150,"-","-","N/A","N/A","New_power","China",2,1,"N/A","N/A","N/A","N/A","N/A","N/A","N/A","N/A","11/30/2025",43,1,0,"N/A"
"https://amazon.com/dp/B0C99K1T6P","https://m.media-amazon.com/images/I/51-63JBXHVL._SX450_.jpg","B0C99K1T6P","Asixxsix Universal Easy Intake Adapter, Automotive Smoke Machine Bladder for 12V Vehicle Pipes Fuel Leakage Detector Diagnositc Tester, with Strong Sealing Expandable Bladder","Asixxsix","FBM","Automotive",6565562,"N/A","N/A","N/A","N/A","Fuel Leak Detectors",857,20.58,-54,0,0,,"-","-",1,1,"erichip","China",1,0,"N/A","Large Standard-Size",2.01,3.31,8.39,0.5,"N/A","N/A","-",32,9,0,0
"https://amazon.com/dp/B0C5QP3KKG","https://m.media-amazon.com/images/I/61cFvvBML0S._SX450_.jpg","B0C5QP3KKG","Auto Fuel Pipe Cooling Tank Oil Leak EVAP Smoke Leakage Detector 2 Mode Fuel Pipe Leak Tester Smoke Machine Leak Detector","N/A","FBM","Automotive",6819454,"N/A","N/A",9071162322324,"N/A","Fuel Leak Detectors",887,768,"N/A",0,0,,"-","-","N/A","N/A","YuChengXiang-AMZ","China",1,1,"N/A","N/A","N/A","N/A","N/A","N/A","N/A","N/A","06/30/2024",29,7,0,"N/A"
"https://amazon.com/dp/B0D4JX91GX","https://m.media-amazon.com/images/I/610s9JnYDML._SX450_.jpg","B0D4JX91GX","ficocon Universal Easy Intake Adapter, Automotive Smoke Machine Bladder, Pipes Fuel Leakage Detector, Smoke Leak Diagnostic Tester for 12V Vehicles，Detect Fuel Leaks with Ease (1pc)","ficocon","FBM","Automotive",6883162,752619249515,"N/A",0752619249515,"N/A","Fuel Leak Detectors",893,35.77,-15,0,0,,"-","-","N/A","N/A","huima-sts","China",1,0,"N/A","N/A","N/A","N/A","N/A","N/A","N/A","N/A","07/31/2024",21,6,0,"N/A"