"URL","Image URL","ASIN","Title","Brand","Fulfillment","Category","BSR","UPC","GTIN","EAN","ISBN","Subcategory","Subcategory BSR","Price","Price Trend (90 days) (%)","Parent Level Sales","ASIN Sales","Sales Trend (90 days) (%)","Parent Level Revenue","ASIN Revenue","Review Count","Reviews Rating","Seller","Seller Country/Region","Number of Active Sellers","Last Year Sales","Sales Year Over Year (%)","Shipping Details","Length","Width","Height","Weight","Storage Fee (Jan - Sep)","Storage Fee (Oct - Dec)","Best Sales Period","Listing Age (Months)","Number of Images","Variation Count","Sales to Reviews"
"https://amazon.com/dp/B07SLVFB8Z","https://m.media-amazon.com/images/I/21IeG2zm+dL._SX450_.jpg","B07SLVFB8Z","Vividia GB-460 USB Digital Manual Focus Gun Barrel Borescope Endoscope Videoscope Inspection Camera with 4mm Diameter and 24"" (60 cm) Long Insertion Tube (Without WiFi Box) for PC Mac Android Devices","VIVIDIA","FBM","Industrial & Scientific",555530,"N/A","N/A","N/A","N/A","Borescopes",1019,199.98,-29,4,3,,767.26,533.38,8,4.4,"Oasis Scientific Inc.","USA",1,32,78,"Large bulky",2.75,3.31,31.06,2.25,"N/A","N/A","02/28/2026",82,8,2,0.45
"https://amazon.com/dp/B0DSG3KJY1","https://m.media-amazon.com/images/I/51ElDBmiVuL._SX450_.jpg","B0DSG3KJY1","Anysun Sewer Camera with Locator, Self Leveling Sewer Inspection Camera with Distance Counter, 7MM Diameter Cable 150ft with 12PCS LED Lights, 9"" HD Monitor with DVR(32GB Card)","anysun","FBA","Industrial & Scientific",556648,717504241838,"N/A",0717504241838,"N/A","Borescopes",1018,999.99,89,3,2,33,3218.05,1865.64,3,4.6,"Nedive","Hong Kong",1,0,"N/A","Large bulky",13.58,19.09,21.1,24.29,1772.69,4431.72,"10/31/2025",15,7,2,1.07
"https://amazon.com/dp/B07SLVDMBK","https://m.media-amazon.com/images/I/510gKK+ZClL._SX450_.jpg","B07SLVDMBK","Vividia GB-460 USB Digital Manual Focus Gun Barrel Borescope Camera with 4mm Diameter and 24"" (60 cm) Long Insertion Tube (with WiFi Box)","VIVIDIA","FBM","Industrial & Scientific",557705,"N/A","N/A","N/A","N/A","Borescopes",1015,249.98,-17,4,1,,767.26,233.73,5,3.8,"Oasis Scientific Inc.","USA",2,32,78,"Large bulky",2.9,4.5,30.9,2.6,"N/A","N/A","02/28/2026",82,9,2,0.72
"https://amazon.com/dp/B0DSG5V4KZ","https://m.media-amazon.com/images/I/71I0fDmTq+L._SX450_.jpg","B0DSG5V4KZ","Anysun Sewer Camera with Locator, Self Leveling Sewer Inspection Camera with Distance Counter, 7MM Diameter Cable 200ft with 12PCS LED Lights, 9"" HD Monitor with DVR(32GB Card)","anysun","FBA","Industrial & Scientific",558218,717504241845,"N/A",0717504241845,"N/A","Borescopes",1023,999.99,-19,3,1,33,3218.05,1352.24,3,4.6,"Nedive","Hong Kong",1,0,"N/A","Extra-large 50+ to 70 lb",17.8,20.7,23,29.9,2746.39,6865.98,"10/31/2025",15,7,2,1.07
"https://amazon.com/dp/B0CCPJD5C4","https://m.media-amazon.com/images/I/61XVEJBoNGL._SX450_.jpg","B0CCPJD5C4","Sewer Camera with Locator，512hz Signal Transmitter Camera Head Accessorie for Industrial Drain Pipe Endoscope Camera with Wheel and Protective Cover(0.9inch/23mm,512hz)","SYANSPAN","FBM","Industrial & Scientific",559288,"N/A","N/A","N/A","N/A","Borescopes",1028,389,-17,0,0,-87,"-","-",2,4.1,"pipe camera","China",2,0,"N/A","Large Standard-Size",6.7,3.9,2,1.1,"N/A","N/A","11/30/2025",32,9,0,0.1
"https://amazon.com/dp/B07TWMBLJF","https://m.media-amazon.com/images/I/61WPIXTixQL._SX450_.jpg","B07TWMBLJF","QiQibaby 12 MP High Resolution CCD USB Iriscope Diagnostic Eye Camera with 12MP HD 30x Iris Lens and Driver-Free Analysis Software (English Version)","QiQiBaby","FBA","Industrial & Scientific",560333,789659477509,"N/A",0789659477509,"N/A","Borescopes",1020,492.98,-15,3,3,240,1690.57,1690.52,7,4.6,"QiQiBaby","China",2,19,375,"Large Standard-Size",9.3,3.8,2.59,2.6,46.08,127.13,"02/28/2026",81,9,0,0.5
"https://amazon.com/dp/B0CSMV9Q1L","https://m.media-amazon.com/images/I/71LBY4aZ8vL._SX450_.jpg","B0CSMV9Q1L","150 FT Sewer Camera,W/ 9'' HD 16GB DVR Screen,36x Zoom in,Big Spool(Easier to Push Cable),JQKJCAM 17MM Drain Sewer Inspection Camera with Light for Pipes,Waterproof 0.67'' Borescope (50M/165FT)","JQKJCAM","FBA","Industrial & Scientific",560446,"N/A","N/A","N/A","N/A","Borescopes",1018,465.02,-16,1,1,-92,632.43,433.49,2,5,"JJKJ Cam","China",1,68,"N/A","Large bulky",12.24,17.63,20.04,16.71,1401.44,3503.61,"09/30/2024",26,8,10,0.6
"https://amazon.com/dp/B0F4X1ZCXC","https://m.media-amazon.com/images/I/71CtOuPB1FL._SX450_.jpg","B0F4X1ZCXC","Sewer Camera 200FT Self Leveling,W/ 9'' HD 16GB DVR Screen,36X Zoom in,Big Spool (Easier to Push Cable),23MM JQKJCAM WP9600F Drain Pipe Sewer Inspection Camera Snake with 12 Light for Plumber (61M)","JQKJCAM","FBA","Industrial & Scientific",560503,"N/A","N/A","N/A","N/A","Borescopes",1018,619,-14,1,0,-92,632.43,"-",1,4,"JJKJ Cam","China",1,68,"N/A","Large bulky",11.75,17.25,19.75,18.05,1297.29,3243.23,"09/30/2024",12,9,10,1.19
"https://amazon.com/dp/B0DTDY464M","https://m.media-amazon.com/images/I/61EIK+QLciL._SX450_.jpg","B0DTDY464M","Gzpce Two-Way Articulating Endoscope with Light, Industrial Endoscopic with 5"" IPS Screen,6.4mm IP67 Waterproof Borescope,Snake Camera with 3.28FT Semi-Rigid Cable,32GB SD Card","gzpce","FBA","Industrial & Scientific",562992,"N/A","N/A","N/A","N/A","Borescopes",1027,89.9,-44,1,1,-70,91.98,91.96,2,5,"gzpce","China",1,0,"N/A","Large Standard-Size",2.91,8.39,17.09,2.58,210.07,579.51,"01/31/2026",20,8,0,0.52
"https://amazon.com/dp/B0FQ5FBYPW","https://m.media-amazon.com/images/I/816Bi2J4UlL._SX450_.jpg","B0FQ5FBYPW","Hialemi Portable 9'' Sewer Camera Pipe Inspector - 100Ft/30M Self Leveling Drain Camera & Meter Counter & 5X Zoom - 145° Plumbing Pipe Inspection Cam with Lights - 1080P IPS Screen & DVR 32GB","Hialemi","FBA","Industrial & Scientific",563419,"N/A","N/A","N/A","N/A","Borescopes",1039,649.99,7,5,4,,4642.69,2360.38,12,4.4,"Hialemi-US Direct","China",1,0,"N/A","Large bulky",13.11,15.94,21.57,22.22,1460.78,3651.96,"03/31/2026",7,8,0,0.42
"https://amazon.com/dp/B0DLWJFYC3","https://m.media-amazon.com/images/I/71ZZulUlkNL._SX450_.jpg","B0DLWJFYC3","Self Leveling Sewer Camera with 512Hz Transmitter 100ft, 7mm Thicker Cable Drain Camera with Distance Counter, 9"" 1080P HD Pipe Plumbing Inspection Cameras Snake with Light, Video/Audio Record 32GB","HBUDS","FBA","Industrial & Scientific",563491,717813337338,"N/A",0717813337338,"N/A","Borescopes",1266,799.99,-33,1,0,-94,719.34,"-",1,5,"Hanxuan tech","Hong Kong",1,131,"N/A","Large bulky",11,15.6,18.7,18.25,1039.93,2599.82,"07/31/2024",17,7,5,0.8
"https://amazon.com/dp/B0CCWSFBFP","https://m.media-amazon.com/images/I/61NlFPTjeQL._SX450_.jpg","B0CCWSFBFP","Endoscope 3.9Mm Endoscope Plastic 3 in 1 for Typece Phone 3.9Mm Lens High Definition Endoscope(1M Cable) (5m Cord)","Qiilu","FBM","Industrial & Scientific",567414,"N/A","N/A","N/A","N/A","Borescopes",1035,18.99,-26,0,0,-127,"-","-",3,2.9,"Eugee","China",1,49,-8,"Large Standard-Size",1.5,5,5.28,0.26,"N/A","N/A","06/30/2025",32,9,2,0
"https://amazon.com/dp/B0FB3815Z5","https://m.media-amazon.com/images/I/716H8SnI5qL._SX450_.jpg","B0FB3815Z5","Articulating Borescope 2-Way 210°- JESERAL 8.5mm Lens Endoscope camera with 6 light, HD1080P Inspection Camera with Steering Probe, Compatible with Android&iOS Phone, scope with 3.3FT Semi-Rigid Cable","Jeseral","FBA","Industrial & Scientific",567681,"N/A","N/A","N/A","N/A","Borescopes",1037,109.99,-31,2,2,-124,228.83,228.71,6,5,"JESERAL","China",1,0,"N/A","Large Standard-Size",3.23,7.4,14.92,2.14,179.55,495.3,"11/30/2025",10,7,0,0.35
"https://amazon.com/dp/B08QCCLCKW","https://m.media-amazon.com/images/I/81znhrYb6cL._SX450_.jpg","B08QCCLCKW","Teslong Endoscope Replacement Cable with Light, Dual Lens Inspection Camera 8mm/0.31inch Waterproof Probe Compatible with NTS500, NTS300(16.5FT)","Teslong","FBA","Industrial & Scientific",567786,"N/A","N/A","N/A","N/A","Borescopes",1028,89.99,37,1,1,-67,90.01,89.99,2,4,"Teslong","China",1,26,"N/A","Large Standard-Size",2.32,8.82,8.86,1.61,91.36,252.03,"01/31/2025",64,6,0,0.51
"https://amazon.com/dp/B0CPLMR6S4","https://m.media-amazon.com/images/I/612CHLC4R8L._SX450_.jpg","B0CPLMR6S4","Endoscope Camera with Light,1920P HD Endoscope with 5.9ft Semi-Rigid,Endoscope Camera with 8 Adjustable LED Lights,7.9mm IP67 Waterproof","ZOIOT","FBA","Industrial & Scientific",568442,"N/A","N/A","N/A","N/A","Borescopes",1035,20.99,"N/A",0,0,-100,"-","-",6,4.9,"YFD-US","China",1,15,88,"Large Standard-Size",1.34,4.88,5.12,0.29,16.86,46.5,"07/31/2025",28,6,0,0
"https://amazon.com/dp/B0BHXKF1S9","https://m.media-amazon.com/images/I/71wzvsFA0OL._SX450_.jpg","B0BHXKF1S9","Vividia DA-40 LCD/WiFi Flexible Joystick Articulating Inspection Camera Borescope Videoscope with 4mm (0.16"") Diameter Waterproof IP67 Probe (3m Long Probe)","VIVIDIA","FBM","Industrial & Scientific",568620,"N/A","N/A","N/A","N/A","Borescopes",1031,2390,-72,3,0,-56,4425.4,"-","N/A","N/A","Oasis Scientific Inc.","USA",1,16,433,"N/A","N/A","N/A","N/A","N/A","N/A","N/A","01/31/2026",51,9,3,"N/A"
"https://amazon.com/dp/B0DP2M9559","https://m.media-amazon.com/images/I/41E5aGCQ4OL._SX450_.jpg","B0DP2M9559","DIIOOMIEEU USB Snake Inspection Camera USB Borescope Scope Camera with 6 LED Lights for Phone for Piece","DIIOOMIEEU","FBA","Industrial & Scientific",569290,"N/A","N/A",7680440054257,"N/A","Borescopes",1041,11.77,-43,1,1,-89,18.43,18.39,"N/A","N/A","YisiyuanTc","China",2,45,"N/A","Large Standard-Size",1.5,4.8,4.84,0.15,17.52,48.33,"03/31/2025",16,9,0,"N/A"
"https://amazon.com/dp/B0DD486VRX","https://m.media-amazon.com/images/I/71Yp8OzGS5L._SX450_.jpg","B0DD486VRX","Self-Leveling Sewer Camera with 512Hz Locator, PRANITE 9"" 1080P IPS Drain Camera 165ft with 12 LED Lights, DVR Recorder, IP68 Waterproof for Inspect Sewer, Plumbing, Duct – 16GB Card","PRANITE","FBA","Industrial & Scientific",569466,717018403524,"N/A",0717018403524,"N/A","Borescopes",1043,759.99,-35,2,0,-17,1530.58,"-",17,4.4,"dengwencai","China",1,40,"N/A","Large bulky",11.89,15.55,16.57,15.74,992.84,2482.1,"02/28/2025",20,7,5,0.14
"https://amazon.com/dp/B0CCWLPBS5","https://m.media-amazon.com/images/I/51Vg6ejmknL._SX450_.jpg","B0CCWLPBS5","Industrial Endoscope, 3 in 1 for Android TypeC Mobile Phone 3.9mm Lens High Definition Waterproof Endoscope (1m Cable)","Qiilu","FBA","Industrial & Scientific",570222,"N/A","N/A","N/A","N/A","Borescopes",1034,19.78,-48,1,0,-127,19.22,"-",3,3.1,"Eugee","China",2,49,-8,"Large Standard-Size",1.54,5.12,5.24,0.13,20.72,57.15,"06/30/2025",32,9,2,0.34
"https://amazon.com/dp/B0BZ86J4JN","https://m.media-amazon.com/images/I/71c-Iy0MhwL._SX450_.jpg","B0BZ86J4JN","Autel MaxiVideo MV108S Digital Inspection Camera Work with PC MX808 MX900 MS906Pro MS908 MS909 MS919 Ultra, Video Inspection Scope, Waterproof Imager Head, USB Industrial Endoscope, IP67 Waterproof","Autel","FBA","Industrial & Scientific",570449,792499187316,"N/A",0792499187316,"N/A","Borescopes",1033,49,-23,2,2,-47,99.74,99.67,1,5,"Autel America Continent","USA",1,21,"N/A","Large Standard-Size",9,5,3,0.86,67.97,187.5,"12/31/2025",36,8,0,2.03
"https://amazon.com/dp/B0DG8V6BSC","https://m.media-amazon.com/images/I/81JgT5MWQvL._SX450_.jpg","B0DG8V6BSC","Sewer Camera 100FT with 512HZ Sonde, Anysun 9"" HD Screen Pipe Drain Inspection with 12pcs Light, DVR Recorder with 32GB Card, IP68 Waterproof Plumbing Cam, 7mm Cable with Depth Marker","anysun","FBM","Industrial & Scientific",571954,717331218737,"N/A",0717331218737,"N/A","Borescopes",1051,599.99,-15,0,0,-100,"-","-",22,3.4,"ToBestGift","China",1,23,"N/A","Large bulky",19,16,10,9,"N/A","N/A","02/28/2025",38,7,5,0
"https://amazon.com/dp/B0FJXR9R62","https://m.media-amazon.com/images/I/71x-f1lZOdL._SX450_.jpg","B0FJXR9R62","Sewer Camera,100FT/30M 4.3"" Pipe Drain Inspection with DVR Function and LED Lights,18mm Borescopes Plumbing 8500Mah Battery Waterproof IP68 Endoscope HD 1000TVL 32GB Card (18mm Camera)","JINXINEBAY","FBA","Industrial & Scientific",572304,"N/A","N/A","N/A","N/A","Borescopes",1047,228.04,-14,2,2,,516.05,516,4,3.6,"31yoosee","China",1,0,"N/A","Large Standard-Size",7.83,12.64,15.55,8.05,774.84,2137.5,"02/28/2026",8,7,0,0.5
"https://amazon.com/dp/B0CJ3TDG9Z","https://m.media-amazon.com/images/I/516kOaiXf1L._SX450_.jpg","B0CJ3TDG9Z","Inspection Borescope, UW18 MB80U Pipeline Endoscope Supports Ios 8.5mm, Heating, Cooling & Air Quality","Marhynchus","FBA","Industrial & Scientific",574197,"N/A","N/A","N/A","N/A","Borescopes",1051,118.64,6,1,1,,110.99,110.94,"N/A","N/A","tanzqioo","China",2,2,"N/A","Large Standard-Size",14.57,8.27,3.15,3,190.98,526.84,"02/28/2025",31,9,0,"N/A"
"https://amazon.com/dp/B08NF2L7QM","https://m.media-amazon.com/images/I/51oqn9zcy3L._SX450_.jpg","B08NF2L7QM","Oumefar 3 in 1 for Android Type‑C Mobile Phone 3.9mm Lens High Definition Endoscope Focal Distance Borescope Megapixels HD Snake Inspection Camera (5m/16.4ft)","Oumefar","FBA","Industrial & Scientific",575497,"N/A","N/A",9588079442743,"N/A","Borescopes",1034,28.49,-8,1,1,50,36.05,36,14,3.6,"Lanxued","China",2,11,10,"Large Standard-Size",1.38,4.96,5.24,0.29,18.02,49.71,"08/31/2025",65,9,0,0.1
"https://amazon.com/dp/B09Q7DHVMS","https://m.media-amazon.com/images/I/41hUxE5B-FL._SX450_.jpg","B09Q7DHVMS","Vividia TVS-507 Telescopic Pole Video Inspection Camera Borescope System 5 Meter (16 FT) Long with DVR Recording 7"" LCD Screen and Sturdy Carry Case","VIVIDIA","FBM","Industrial & Scientific",577100,"N/A","N/A","N/A","N/A","Borescopes",1062,1699.98,-6,1,1,,1699.98,1699.92,"N/A","N/A","Oasis Scientific Inc.","USA",1,0,"N/A","N/A","N/A","N/A","N/A","N/A","N/A","N/A","07/31/2025",132,9,0,"N/A"
"https://amazon.com/dp/B0CB1W11JN","https://m.media-amazon.com/images/I/31MR1zBx-mL._SX450_.jpg","B0CB1W11JN","IP68 Sewer Inspection Camera Probe with 12 LED Lights USB Connectivity Pipe Drain Endoscope Camera Head Part","LiebeWH","FBM","Industrial & Scientific",579181,"N/A","N/A","N/A","N/A","Borescopes",1056,141.32,-34,1,1,-33,149.73,149.68,5,3.6,"Danyanty","China",1,13,-74,"Large Standard-Size",6.69,3.94,2.76,0.4,"N/A","N/A","05/31/2024",33,9,0,0.21
"https://amazon.com/dp/B0BGBNFSV2","https://m.media-amazon.com/images/I/61t9pe2ZltL._SX450_.jpg","B0BGBNFSV2","ESANHAO 17MM Sewer Camera, Pipe Inspection Camera with 16GB TF Card, 9"" Monitor, AHD 720P, 25M/82ft, Silver, Waterproof","ESANHAO","FBA","Industrial & Scientific",580668,614019415528,"N/A",0614019415528,"N/A","Borescopes",1044,278.99,-5,1,1,-100,289.67,289.63,13,3.5,"ESANHAO","China",1,9,-92,"Large Standard-Size",5.39,9.65,11.34,6.17,296.96,819.21,"10/31/2024",42,6,0,0.08
"https://amazon.com/dp/B0BVMFRKGZ","https://m.media-amazon.com/images/I/81Q512LuBYL._SX450_.jpg","B0BVMFRKGZ","Sewer Camera 150FT with 512HZ Sonde, Anysun 9"" HD Screen Pipe Drain Inspection with 12pcs Light, DVR Recorder with 32GB Card, IP68 Waterproof Plumbing Cam, 7mm Cable with Depth Marker","anysun","FBM","Industrial & Scientific",580919,772123255536,"N/A",0772123255536,"N/A","Borescopes",1058,699.99,-9,0,0,-100,"-","-",22,3.4,"ToBestGift","China",1,23,"N/A","Large bulky",12.2,17.1,19.8,18.5,"N/A","N/A","02/28/2025",38,7,5,0
"https://amazon.com/dp/B0BGVQXBVG","https://m.media-amazon.com/images/I/71wzvsFA0OL._SX450_.jpg","B0BGVQXBVG","Vividia DA-40 LCD/WiFi Flexible Joystick Articulating Inspection Camera Borescope Videoscope with 4mm (0.16"") Diameter Waterproof IP67 Probe (1.5m Long Probe)","VIVIDIA","FBM","Industrial & Scientific",581109,"N/A","N/A","N/A","N/A","Borescopes",1049,1899,-30,3,1,-56,4425.4,1383.73,"N/A","N/A","Oasis Scientific Inc.","USA",1,16,433,"N/A","N/A","N/A","N/A","N/A","N/A","N/A","01/31/2026",51,9,3,"N/A"
"https://amazon.com/dp/B0BGVMK125","https://m.media-amazon.com/images/I/71wzvsFA0OL._SX450_.jpg","B0BGVMK125","Vividia DA-40 LCD/WiFi Flexible Joystick Articulating Inspection Camera Borescope Videoscope with 4mm (0.16"") Diameter Waterproof IP67 Probe (1m Long Probe)","VIVIDIA","FBM","Industrial & Scientific",581110,"N/A","N/A","N/A","N/A","Borescopes",1049,1500,-29,3,1,-56,4425.4,2170.79,"N/A","N/A","Oasis Scientific Inc.","USA",1,16,433,"N/A","N/A","N/A","N/A","N/A","N/A","N/A","01/31/2026",51,9,3,"N/A"
"https://amazon.com/dp/B00Z19DRNC","https://m.media-amazon.com/images/I/61Ffu+wxobL._SX450_.jpg","B00Z19DRNC","General Tools DCS600A Waterproof Borescope Video Inspection Camera with 1m Long & 8mm Diameter Camera Head","General Tools","Amazon","Industrial & Scientific",582468,681035017463,00681035017463,0681035017463,"N/A","Borescopes",1066,189.99,-2,2,2,,317.22,317.15,4,3.8,"Amazon","N/A",3,0,"N/A","Large Standard-Size",4.8,10.59,13.43,3.17,"N/A","N/A","03/31/2026",130,2,0,0.42
"https://amazon.com/dp/B0C6YFZJYF","https://m.media-amazon.com/images/I/51-dGuen7fL._SX450_.jpg","B0C6YFZJYF","Sewer Camera 100ft Fiberglass Cable Print Meter Counter,23mm Interface Yellow Stiff Wire,4.8mm Diameter(100ft/30M）","SYANSPAN","FBM","Industrial & Scientific",582564,"N/A","N/A","N/A","N/A","Borescopes",1064,169,"N/A",6,6,13,1051.97,1085.85,2,3.7,"pipe camera","China",1,0,"N/A","Large Standard-Size",5.39,13.78,14.02,3.02,"N/A","N/A","07/31/2025",34,7,41,3.12
"https://amazon.com/dp/B0D14PGRXN","https://m.media-amazon.com/images/I/61NIg7QP7gL._SX450_.jpg","B0D14PGRXN","Moman EOS1 Borescope 1080P HD Inspection Camera with 2.4"" IPS Screen, 16.4ft Semi-Rigid Cable, IP67 Waterproof, 8LEDs for Sewer, Pipe, Auto, Plumbing & HVAC Inspection","Moman","FBA","Industrial & Scientific",582582,"N/A",05060792354083,5060792354083,"N/A","Borescopes",1063,22.95,"N/A",0,0,125,"-","-",95,4.1,"MOMAN TECHNOLOGY USA","China",1,52,"N/A","Large Standard-Size",3.23,4.84,9.45,1.04,74.37,205.16,"05/31/2025",24,8,2,0
"https://amazon.com/dp/B09GG5X539","https://m.media-amazon.com/images/I/611dTrVI4QL._SX450_.jpg","B09GG5X539","3 in 1 Endoscope Inspection Camera, Industrial Borescope Black Hd Camera, Waterproof Snake Tube Camera Digital Semi-Rigid Borescope (Size:10m/393inch)","Denpetec","FBM","Industrial & Scientific",584618,627666550702,"N/A",0627666550702,"N/A","Borescopes",1047,32.97,"N/A",0,0,-100,"-","-",256,3.4,"Dreamology shop","USA",0,7,-95,"Small Standard-Size",5.91,5.51,0.51,0.51,"N/A","N/A","05/31/2024",55,7,6,0
"https://amazon.com/dp/B0D9VS4G9N","https://m.media-amazon.com/images/I/51Cn6ZxcsZL._SX450_.jpg","B0D9VS4G9N","Endoscope Camera with Light 3.9mm 1080P Borescope Inspection Camera Compatible with for iOS, Endoscope Camera Inspection Camera with Light Borescope Inspection Camera (#1)","Milltrip","FBM","Industrial & Scientific",586405,"N/A","N/A","N/A","N/A","Borescopes",1068,35.32,"N/A",5,3,,160.5,117.11,"N/A","N/A","Foiaog-US","China",1,0,"N/A","Large Standard-Size",5.91,5.51,1.57,0.36,"N/A","N/A","02/28/2026",20,9,2,"N/A"
"https://amazon.com/dp/B0CMPGM2BC","https://m.media-amazon.com/images/I/51841lJrADL._SX450_.jpg","B0CMPGM2BC","Borescope Endoscope 3 in 1 USB Inspection Camera 5.5mm Lens 6LED 5M Cable IP67 Y102","Walfront","FBA","Industrial & Scientific",586559,"N/A","N/A","N/A","N/A","Borescopes",1067,11.64,-9,2,2,9,25.52,25.46,3,4.4,"Gytibedv-US","China",2,24,"N/A","Large Standard-Size",4.72,4.72,1.57,0.29,17.7,48.82,"12/31/2024",29,9,0,0.67
"https://amazon.com/dp/B0C7S32LYT","https://m.media-amazon.com/images/I/71ADplPvliL._SX450_.jpg","B0C7S32LYT","Vividia VA-650 LCD/WiFi Two-Way Articulating Borescope Inspection Camera with 0.25"" Diameter 3.3ft Long Probe, 1280x720 Resolution, IPS 5"" LCD Monitor","VIVIDIA","FBM","Industrial & Scientific",587989,"N/A","N/A","N/A","N/A","Borescopes",1071,299.98,-23,2,2,,582.98,582.95,"N/A","N/A","Oasis Scientific Inc.","USA",1,30,200,"N/A","N/A","N/A","N/A","N/A","N/A","N/A","06/30/2025",55,9,0,"N/A"
"https://amazon.com/dp/B0BRMJGWXN","https://m.media-amazon.com/images/I/712dh-Osf-L._SX450_.jpg","B0BRMJGWXN","Sanyipace Color Screen Monitor Built-in Battery, for Portable Sewer Camera with DVR Recorder, Pipe Inspection Camera Accessories, ONLY for Sanyipace Model: F5800ADJKABTX","Sanyipace","FBM","Industrial & Scientific",588329,"N/A","N/A","N/A","N/A","Borescopes",1627,139.99,"N/A",5,2,-84,538.44,213.3,2,5,"SanyipaceDirect Store","China",1,44,63,"Large Standard-Size",5,5,5,0.5,"N/A","N/A","07/31/2025",6,1,5,2.26
"https://amazon.com/dp/B01403J8AU","https://m.media-amazon.com/images/I/61X6ZwjCLML._SX450_.jpg","B01403J8AU","Vividia TVS-500DVR Telescopic Pole Video Inspection Camera Borescope System 4.6 Meter Long with DVR Recording, 5"" LCD Screen and Sturdy Case","VIVIDIA","FBM","Industrial & Scientific",592243,"N/A","N/A","N/A","N/A","Borescopes",1075,849.98,-10,0,0,-124,"-","-",5,2.1,"Oasis Scientific Inc.","USA",1,30,15,"Large bulky",5.6,12.2,37.6,15.7,"N/A","N/A","12/31/2025",132,9,0,0.01
"https://amazon.com/dp/B0C7RFSLSG","https://m.media-amazon.com/images/I/61oxmJywHRL._SX450_.jpg","B0C7RFSLSG","Endoscope Camera with Light, USB Endoscope, Type C Borescope, Scope Camera with 6 LED Lights for Android and iOS Smartphone Car Plumbing Drain Inspection","Pilipane","FBM","Industrial & Scientific",593196,"N/A","N/A","N/A","N/A","Borescopes",1079,12.28,-31,2,2,100,26.74,26.69,2,2,"Haedaxua-US","China",1,27,-61,"Large Standard-Size",3.94,3.94,1.18,0.44,"N/A","N/A","06/30/2024",34,9,0,1.14
"https://amazon.com/dp/B0D9VQNH8H","https://m.media-amazon.com/images/I/51i8g6AUKuL._SX450_.jpg","B0D9VQNH8H","Endoscope Camera with Light 3.9mm 1080P Borescope Inspection Camera Compatible with for iOS, Endoscope Camera Inspection Camera with Light Borescope Inspection Camera (#2)","Milltrip","FBM","Industrial & Scientific",593344,"N/A","N/A","N/A","N/A","Borescopes",1080,37.07,"N/A",4,1,,132.84,36.52,"N/A","N/A","Foiaog-US","China",1,0,"N/A","Large Standard-Size",5.91,5.51,1.57,0.53,"N/A","N/A","02/28/2026",20,9,2,"N/A"
"https://amazon.com/dp/B08P5RZK44","https://m.media-amazon.com/images/I/81l81MD4cKL._SX450_.jpg","B08P5RZK44","DEPSTECH Wireless Endoscope - 5.5mm WiFi Borescope with 2200 mAh Battery, 1080P HD Semi-Rigid Snake Camera for iPhone, Android, Tablet, Sewer Drain Pipeline Inspection (16.5FT)","DEPSTECH","FBA","Industrial & Scientific",596664,"N/A","N/A","N/A","N/A","Borescopes",1055,42.99,"N/A",0,0,,"-","-",1818,4.3,"DEPSTECH Authorized Store","China",1,0,"N/A","Large Standard-Size",1.93,6.18,6.38,0.79,38.29,105.63,"03/31/2024",64,8,0,0
"https://amazon.com/dp/B08QSMQ2GZ","https://m.media-amazon.com/images/I/31pPQEIzJjL._SX450_.jpg","B08QSMQ2GZ","Vividia W03 WiFi Wireless USB to WiFi Converter Box with Built-in Rechargeable Battery for iOS iPhone Tablet and Android Devices for USB Digital Borescope Microscopes Otoscopes Endoscopes","VIVIDIA","FBM","Industrial & Scientific",600192,"N/A","N/A","N/A","N/A","Borescopes",1087,119.98,7,2,2,,258.11,257.99,4,4.6,"Oasis Scientific Inc.","USA",1,4,-33,"Large Standard-Size",1.14,4.06,4.92,0.16,"N/A","N/A","03/31/2024",64,9,0,0.54
"https://amazon.com/dp/B0DRNZXBBX","https://m.media-amazon.com/images/I/718kDyn33FL._SX450_.jpg","B0DRNZXBBX","Larlarsa Industrial Endoscope Borescope with Light, 8mm Dual Lens 1080P HD IP67 Waterproof Snake Camera with 4.3"" LCD, 8 LEDs & Semi-Rigid Cable - Inspection Tool for Industrial Use (32GB Included)","Larlarsa","FBA","Industrial & Scientific",602361,"N/A","N/A","N/A","N/A","Borescopes",1085,28.99,-22,0,0,20,"-","-",1,5,"AutoFittings","China",1,0,"N/A","Large Standard-Size",6.42,3.19,8.19,1.34,84.45,232.96,"06/30/2025",15,7,3,0.01
"https://amazon.com/dp/B0D7TKYY9D","https://m.media-amazon.com/images/I/512ZI-DqXaL._SX450_.jpg","B0D7TKYY9D","JQKJCAM Sewer Camera Protector Cover with Screwdriver, for 23mm/0.9In Industrial Borescope Camera Head,Drain Camera Protector Accessory","JQKJCAM","FBM","Industrial & Scientific",602718,"N/A","N/A","N/A","N/A","Borescopes",1091,16.9,-38,3,3,,50.21,50.13,2,4.5,"JJKJ Cam","China",1,0,"N/A","N/A","N/A","N/A","N/A","N/A","N/A","N/A","02/28/2026",21,2,0,1.49
"https://amazon.com/dp/B0FF9HZ75C","https://m.media-amazon.com/images/I/71bZ7DAcm7L._SX450_.jpg","B0FF9HZ75C","VEVOR Sewer Pipe Inspection Robot, 197FT Pipeline Detection Crawling Robot with 2MP Front/Rear Cameras & Touchscreen Tablet, IP68 Plumbing Camera with Lights & Distance Counter for Industrial Pipes","VEVOR","FBM","Industrial & Scientific",602937,197988145882,"N/A",0197988145882,"N/A","Borescopes",1086,6299.9,-6,1,1,-60,7530.41,5230.88,"N/A","N/A","VEVOR Shop","China",1,0,"N/A","Extra-large 70+ to 150 lb",31.1,22.44,18.9,74.08,"N/A","N/A","11/30/2025",9,9,2,"N/A"
"https://amazon.com/dp/B0FF9J7JSP","https://m.media-amazon.com/images/I/71bZ7DAcm7L._SX450_.jpg","B0FF9J7JSP","VEVOR Sewer Pipe Inspection Robot, 394FT Pipeline Detection Crawling Robot with 2MP Front/Rear Cameras & Touchscreen Tablet, IP68 Plumbing Camera with Lights & Distance Counter for Industrial Pipes","VEVOR","FBM","Industrial & Scientific",603065,197988146971,"N/A",0197988146971,"N/A","Borescopes",1086,7119.99,"N/A",1,0,-60,7530.41,"-","N/A","N/A","VEVOR Shop","China",1,0,"N/A","Extra-large 70+ to 150 lb",31.1,22.44,18.9,83.33,"N/A","N/A","11/30/2025",9,9,2,"N/A"
"https://amazon.com/dp/B0F2HHW8MQ","https://m.media-amazon.com/images/I/71usxjqjG1L._SX450_.jpg","B0F2HHW8MQ","Sewer Camera,7"" HD IPS Screen Drain Camera with DVR Distance Marker,17MM 8PC Lights IP68 Waterproof Borescope Drain Pipe Endoscope 32GB Card,for Plumbers and Homeowners","JINXINEBAY","FBA","Industrial & Scientific",603340,"N/A","N/A","N/A","N/A","Borescopes",1087,265.04,-51,1,1,-71,367.5,367.45,9,4.1,"31yoosee","China",1,0,"N/A","Large bulky",10.9,13.2,15.3,11.3,713.41,1783.51,"10/31/2025",12,4,0,0.15
"https://amazon.com/dp/B0CPSJGH42","https://m.media-amazon.com/images/I/81kweAvFKbL._SX450_.jpg","B0CPSJGH42","HEAXIY Iris Analyzer Camera, High Resolution Iriscope Eye Camera with HD 30x Iris Lens & Analysis Software, Precise Iridology Camera for Detailed Eye Examination","HEAXIY","FBM","Industrial & Scientific",605582,"N/A","N/A",9196643807715,"N/A","Borescopes",1091,200,-46,1,1,,225.82,225.76,"N/A","N/A","xinludianzishop","China",1,8,"N/A","N/A","N/A","N/A","N/A","N/A","N/A","N/A","06/30/2025",28,7,0,"N/A"
"https://amazon.com/dp/B09GG1YN3H","https://m.media-amazon.com/images/I/611dTrVI4QL._SX450_.jpg","B09GG1YN3H","3 in 1 Endoscope Inspection Camera, Industrial Borescope Black Hd Camera, Waterproof Snake Tube Camera Digital Semi-Rigid Borescope (Size:1.5m/59inch)","Denpetec","FBM","Industrial & Scientific",605797,627666657784,"N/A",0627666657784,"N/A","Borescopes",1100,32.97,"N/A",0,0,-100,"-","-",256,3.3,"Dreamology shop","USA",0,7,-95,"Large Standard-Size",0.98,5.55,5.83,0.09,"N/A","N/A","05/31/2024",55,7,6,0
"https://amazon.com/dp/B09GG4W335","https://m.media-amazon.com/images/I/611dTrVI4QL._SX450_.jpg","B09GG4W335","3 in 1 Endoscope Inspection Camera, Industrial Borescope Black Hd Camera, Waterproof Snake Tube Camera Digital Semi-Rigid Borescope (Size:5m/196.8inch)","Denpetec","FBM","Industrial & Scientific",607354,627654166694,"N/A",0627654166694,"N/A","Borescopes",1091,51.48,-2,0,0,-100,"-","-",256,3.4,"Dreamology shop","USA",1,7,-95,"Large Standard-Size",1.65,5.08,6.34,0.22,"N/A","N/A","05/31/2024",55,7,6,0
"https://amazon.com/dp/B0GDMDKXSN","https://m.media-amazon.com/images/I/61iubTOrMLL._SX450_.jpg","B0GDMDKXSN","Pipeline Inspection Camera 23mm Pipe Sewer Inspection Camera Waterproof Drain Replacement with Protective Head Cover and Screwdr(with Guide Wheel)","YZQMGCXG","FBM","Industrial & Scientific",607428,"N/A","N/A",4588333166366,"N/A","Borescopes",1094,304.69,-17,2,2,,457.83,457.72,"N/A","N/A","Qx贸易","N/A",2,0,"N/A","Large Standard-Size",3.94,3.94,3.94,0.11,"N/A","N/A","02/28/2026",3,5,2,"N/A"
"https://amazon.com/dp/B0GDM5VN27","https://m.media-amazon.com/images/I/51bjoSuFm5L._SX450_.jpg","B0GDM5VN27","Pipeline Inspection Camera 23mm Pipe Sewer Inspection Camera Waterproof Drain Replacement with Protective Head Cover and Screwdr(Without Guide Wheel)","YZQMGCXG","-","Industrial & Scientific",607464,"N/A","N/A",4588333166359,"N/A","Borescopes",1097,192.01,"N/A",2,0,,457.83,"-","N/A","N/A",,"N/A",5,0,"N/A","Large Standard-Size",3.94,3.94,3.94,0.11,"N/A","N/A","02/28/2026",3,"N/A",2,"N/A"
"https://amazon.com/dp/B072DS7LQN","https://m.media-amazon.com/images/I/619Ej1GIlZL._SX450_.jpg","B072DS7LQN","Vividia Ablescope VA-980 Semi-Flexible USB Digital Inspection Camera Borescope with 180 Degree Articulating 8.5mm Diameter Probe","VIVIDIA","FBA","Industrial & Scientific",612412,759119544096,"N/A",0759119544096,"N/A","Borescopes",1110,399.95,-19,2,2,900,912.01,911.97,26,4,"DollarsNsense","USA",2,13,-50,"Large Standard-Size",4.6,12.1,15.3,3.9,428.76,1182.78,"12/31/2024",107,9,0,0.09
"https://amazon.com/dp/B08WR7FV7M","https://m.media-amazon.com/images/I/51d6ol+F39L._SX450_.jpg","B08WR7FV7M","Vividia ME-610 Industrial Automotive Joystick Articulating Videoscope Borescope Inspection Camera with 6mm (0.236"") Diameter 1m (3.28ft) Long Probe (1 Meter Long Probe, Model: ME-610)","VIVIDIA","FBM","Industrial & Scientific",612437,"N/A","N/A","N/A","N/A","Borescopes",1110,1299,-23,2,1,-62,3464.95,929.77,"N/A","N/A","Oasis Scientific Inc.","USA",1,19,19,"N/A","N/A","N/A","N/A","N/A","N/A","N/A","11/30/2024",84,9,4,"N/A"
"https://amazon.com/dp/B08WRKJHV2","https://m.media-amazon.com/images/I/81vXh51qWXL._SX450_.jpg","B08WRKJHV2","Vividia ME-630 Industrial Automotive Joystick Articulating Videoscope Borescope Inspection Camera with 6mm (0.236"") Diameter 3m Long Probe (3 Meter Long Probe, Model: ME-630)","VIVIDIA","FBM","Industrial & Scientific",612526,"N/A","N/A","N/A","N/A","Borescopes",1111,2599,-28,2,0,-62,3464.95,"-","N/A","N/A","Oasis Scientific Inc.","USA",1,19,19,"N/A","N/A","N/A","N/A","N/A","N/A","N/A","11/30/2024",84,9,4,"N/A"
"https://amazon.com/dp/B09MB7M6TR","https://m.media-amazon.com/images/I/51FkhSi-VvL._SX450_.jpg","B09MB7M6TR","Vividia ME-620 Industrial Automotive Joystick Articulating Videoscope Borescope Inspection Camera with 6mm (0.236"") Diameter 2m (6.6ft) Long Probe (5 Meter Long Probe)","VIVIDIA","FBM","Industrial & Scientific",612547,"N/A","N/A","N/A","N/A","Borescopes",1112,5999,-16,2,0,-67,3910.13,"-","N/A","N/A","Oasis Scientific Inc.","USA",1,19,19,"N/A","N/A","N/A","N/A","N/A","N/A","N/A","11/30/2024",84,9,4,"N/A"
"https://amazon.com/dp/B0D72PXLG7","https://m.media-amazon.com/images/I/71XOE2WnqGL._SX450_.jpg","B0D72PXLG7","Anysun Sewer Camera with Locator, Distance Counter, Self-Leveling Pipe Inspection Camera 100FT 0.28in/7mm Diameter Cable, 9'' 1080P IPS Screen Plumbing Cam with DVR Recording-32GB","anysun","FBA","Industrial & Scientific",614291,"N/A","N/A","N/A","N/A","Borescopes",1098,899.99,"N/A",0,0,,"-","-",6,3.6,"HZDZ_Shop","Hong Kong",1,0,"N/A","Large bulky",16,16,19.75,22.3,1638.52,4096.3,"10/31/2025",20,7,0,0
"https://amazon.com/dp/B0D2XS87FF","https://m.media-amazon.com/images/I/61h7Sog-zgL._SX450_.jpg","B0D2XS87FF","SYANSPAN Sewer Camera with Locator and self-Leveling,Portable Pipe Camera Snake 66ft with HD Color Screen,Video 16GB","SYANSPAN","FBA","Industrial & Scientific",614506,"N/A","N/A","N/A","N/A","Borescopes",1104,736.6,-29,0,0,-60,"-","-",1,4,"pipe camera","China",1,60,"N/A","Large bulky",6.7,16.1,21.8,16.9,762.08,1905.2,"04/30/2025",23,8,5,0.15
"https://amazon.com/dp/B08WRCKRJD","https://m.media-amazon.com/images/I/61YD36xJIgL._SX450_.jpg","B08WRCKRJD","Vividia ME-620 Industrial Automotive Joystick Articulating Videoscope Borescope Inspection Camera with 6mm (0.236"") Diameter 2m (6.6ft) Long Probe (2 Meter Long Probe)","VIVIDIA","FBM","Industrial & Scientific",614729,"N/A","N/A","N/A","N/A","Borescopes",1109,1999,-15,2,0,-62,3464.95,"-","N/A","N/A","Oasis Scientific Inc.","USA",1,19,19,"N/A","N/A","N/A","N/A","N/A","N/A","N/A","11/30/2024",84,9,4,"N/A"
"https://amazon.com/dp/B09GG59RDV","https://m.media-amazon.com/images/I/611dTrVI4QL._SX450_.jpg","B09GG59RDV","3 in 1 Endoscope Inspection Camera, Industrial Borescope Black Hd Camera, Waterproof Snake Tube Camera Digital Semi-Rigid Borescope (Size:2m/78.7inch)","Denpetec","FBM","Industrial & Scientific",614894,627653760947,"N/A",0627653760947,"N/A","Borescopes",1100,32.98,13,0,0,-100,"-","-",256,3.3,"Dreamology shop","USA",1,7,-95,"Large Standard-Size",1.3,4.84,6.42,0.11,"N/A","N/A","05/31/2024",55,7,6,0
"https://amazon.com/dp/B0CF9F8ZBK","https://m.media-amazon.com/images/I/61H152pOuhL._SX450_.jpg","B0CF9F8ZBK","HUIOP Protective Cover, 90mm Guide Wheels Protective Cover for 23mm Pipe Sewer Pipeline Inspection Camera","HUIOP","FBA","Industrial & Scientific",614979,"N/A","N/A","N/A","N/A","Borescopes",1107,16.9,-58,4,4,225,61.23,61.14,1,5,"Minimini","China",2,18,64,"Large Standard-Size",3.94,3.94,1.38,0.34,10.75,29.66,"02/28/2025",32,7,0,3.61
"https://amazon.com/dp/B081ZPQ36C","https://m.media-amazon.com/images/I/71HGSSJxkWL._SX450_.jpg","B081ZPQ36C","Fluke Diagnostic Videoscope","Fluke","FBM","Industrial & Scientific",616697,"N/A","N/A","N/A","N/A","Borescopes",1462,2425,"N/A",2,0,500,5442.3,"-",2,5,"The Sanitizing Surgeons","USA",0,12,-40,"N/A","N/A","N/A","N/A","N/A","N/A","N/A","09/30/2024",76,5,2,1.08
"https://amazon.com/dp/B0GCJRQJM3","https://m.media-amazon.com/images/I/81BE+X+W7dL._SX450_.jpg","B0GCJRQJM3","Sewer Camera with Self Leveling,7MM Thicker Cable,32GB,Distance Counter,IP68 Drain Camera with 10'' 1080P Monitor, 200Ft/60M Borescope Pipe Inspection Cameras,DVR Plumbing Cameras","Powerwill","FBM","Industrial & Scientific",617003,717639659546,"N/A",0717639659546,"N/A","Borescopes",1107,1289.99,"N/A",1,1,,1394.45,953.08,"N/A","N/A","di fan hua","N/A",1,0,"N/A","Extra-large 70+ to 150 lb",29.8,13.9,25.5,51.1,"N/A","N/A","02/28/2026",4,9,4,"N/A"
"https://amazon.com/dp/B0D7HS5BWL","https://m.media-amazon.com/images/I/71DFd403-UL._SX450_.jpg","B0D7HS5BWL","OnBeam Sewer Camera 100ft, Drain Camera with DVR Recorder, 4.3"" Plumbing Cameras Snake with 8 Adjustable LED Lights, Waterproof IP68 & 16GB, Industrial Endoscope for Duct Sewer Line Pipe Inspection","OnBeam","FBA","Industrial & Scientific",618359,762736106820,"N/A",0762736106820,"N/A","Borescopes",1110,399.99,-15,2,2,-17,606.55,606.47,5,4.4,"HuaTuo Store","Hong Kong",1,42,"N/A","Large bulky",7.48,15.59,15.67,9.44,592.19,1480.47,"03/31/2025",21,7,0,0.33
"https://amazon.com/dp/B0CZNQKW3L","https://m.media-amazon.com/images/I/519ufJ9yo8L._SX450_.jpg","B0CZNQKW3L","Endoscope Camera with Light, Bidirectional 180°Steering Articulating Borescope, 8.5mm Waterproof Pipe Camera with 4.5"" Screen, Automotive Steering Endoscopes F408B","SYANSPAN","FBM","Industrial & Scientific",618803,"N/A","N/A","N/A","N/A","Borescopes",1106,119.99,"N/A",4,4,,432.09,431.98,"N/A","N/A","pipe camera","China",1,0,"N/A","N/A","N/A","N/A","N/A","N/A","N/A","N/A","02/28/2026",24,9,0,"N/A"
"https://amazon.com/dp/B0DCJMR14T","https://m.media-amazon.com/images/I/71CoU+pZD5L._SX450_.jpg","B0DCJMR14T","Anysun Self Leveling Sewer Inspection Camera - 165ft, 9"" 1080P IPS Screen, DVR 16GB Card, IP68 Waterproof Plumbing Drain Camera with 12 Lights","anysun","FBA","Industrial & Scientific",620648,717018396840,"N/A",0717018396840,"N/A","Borescopes",1108,699.99,-18,0,0,-86,"-","-",8,3.7,"Nedive","Hong Kong",1,26,"N/A","Large bulky",11.5,15.5,16.5,16,953.14,2382.86,"02/28/2025",20,7,0,0
"https://amazon.com/dp/B0BBQ62JRF","https://m.media-amazon.com/images/I/31hsSdXy2GL._SX450_.jpg","B0BBQ62JRF","USB Endoscope 1.3MP 7mm Pipe Inspection Camera Endoscope IP67 Borescope Inspection Snake Camera for Measuring Pipes(1 Meter / 3.3ft)","Walfront","FBM","Industrial & Scientific",622140,"N/A","N/A","N/A","N/A","Borescopes",1115,11.05,-47,4,4,-60,40.76,40.69,8,2.9,"nineone","China",1,11,-31,"Large Standard-Size",1.34,5.04,5.08,0.15,"N/A","N/A","05/31/2024",43,9,0,0.45
"https://amazon.com/dp/B0B87QL44P","https://m.media-amazon.com/images/I/71cfuyGfjCL._SX450_.jpg","B0B87QL44P","Sanyipace Screen for Sewer Inspection Camera","Sanyipace","FBA","Industrial & Scientific",622624,"N/A","N/A","N/A","N/A","Borescopes",1626,69.98,"N/A",0,0,-64,"-","-",2,5,"SanyipaceDirect Store","China",0,43,59,"N/A","N/A","N/A","N/A","N/A","N/A","N/A","07/31/2025",44,2,5,0.14
"https://amazon.com/dp/B0DQFQD48H","https://m.media-amazon.com/images/I/51vKDFGTpYL._SX450_.jpg","B0DQFQD48H","QWQJ Borescope Endoscope Camera with Light Snake Cameras Inspection Cameras with Adjustable LED Light","QWQJ","FBA","Industrial & Scientific",623467,"N/A","N/A",7696760156007,"N/A","Borescopes",1122,9,15,7,7,5,60.94,60.82,"N/A","N/A","SXmans","China",2,34,"N/A","Small Standard-Size",0.39,0.39,0.39,0,0.03,0.08,"02/28/2025",16,9,2,"N/A"
"https://amazon.com/dp/B0B4CWFVBY","https://m.media-amazon.com/images/I/81ZbIZaRKkL._SX450_.jpg","B0B4CWFVBY","Sewer Camera with Locator, 165ft Sewer Inspection Camera with 512Hz Transmitter and Receiver, Plumbing Camera with 7'' LCD Monitor IP68 Waterproof Pipe Camera DVR Recorder with 8GB SD Card","anysun","FBA","Industrial & Scientific",623969,774980345863,"N/A",0774980345863,"N/A","Borescopes",1118,799.99,-4,0,0,,"-","-",20,4.2,"HZDZ_Shop","Hong Kong",1,0,"N/A","Large bulky",8,19,23.5,23.4,1157.59,2893.98,"-",46,7,0,0
"https://amazon.com/dp/B07D2HTMBS","https://m.media-amazon.com/images/I/71HGSSJxkWL._SX450_.jpg","B07D2HTMBS","Fluke DS701 Diagnostic Videoscope","Fluke","FBM","Industrial & Scientific",625868,095969865715,00095969865715,0095969865715,"N/A","Borescopes",1459,2425,-20,2,2,500,5442.3,3873.76,2,5,"The Sanitizing Surgeons","USA",1,12,-40,"Large Standard-Size",3.66,13.15,16.42,5.76,"N/A","N/A","09/30/2024",95,5,2,1.08
"https://amazon.com/dp/B09Q6KJSY3","https://m.media-amazon.com/images/I/41TMc-OTf3L._SX450_.jpg","B09Q6KJSY3","Vividia TVS-800 Telescopic Pole Video Inspection Camera Borescope System 8 Meter (26 FT) Long with DVR Recording, 7"" LCD Screen and Sturdy Case","VIVIDIA","FBM","Industrial & Scientific",627159,"N/A","N/A","N/A","N/A","Borescopes",1113,1999.98,-44,2,2,,3368.56,3368.49,"N/A","N/A","Oasis Scientific Inc.","USA",1,0,"N/A","N/A","N/A","N/A","N/A","N/A","N/A","N/A","07/31/2025",132,6,0,"N/A"
"https://amazon.com/dp/B0C188GCNS","https://m.media-amazon.com/images/I/71hE5pu0H7L._SX450_.jpg","B0C188GCNS","Anysun Self-Leveling Sewer Camera with 512Hz Sonde Transmitter, 1080P HD Drain Camera with 9'' IPS Monitor and 165ft Cable,IP68 Waterproof Pipe Inspection Camera with DVR and 16GB Memory Card","anysun","FBA","Industrial & Scientific",627496,"N/A","N/A","N/A","N/A","Borescopes",1115,669.99,-17,0,0,,"-","-",1,5,"HZDZ_Shop","Hong Kong",1,0,"N/A","Large bulky",10.3,13.3,15.3,12.4,679.24,1698.11,"12/31/2025",36,6,0,0.02
"https://amazon.com/dp/B0DR88HN2D","https://m.media-amazon.com/images/I/517ngJpFztL._SX450_.jpg","B0DR88HN2D","Sewer Camera Head, 23mm Sewer Inspection Camera Pipe Inspection Camera Sewer Pipe Accessories with 12 LED Lights for Professional IP68 Water 15mm Thread Diameter Pipe","Ymiko","FBA","Industrial & Scientific",628812,"N/A","N/A","N/A","N/A","Borescopes",1117,142.34,114,1,1,,172.39,172.34,"N/A","N/A","WYANG188","China",2,0,"N/A","Large Standard-Size",6.69,3.94,2.36,0.4,31.34,86.45,"12/31/2025",15,9,0,"N/A"
"https://amazon.com/dp/B0FN3Y3BQ9","https://m.media-amazon.com/images/I/711Rg2DoEuL._SX450_.jpg","B0FN3Y3BQ9","Self-Leveling Sewer Camera with 512Hz Sonde, Distance Counter, 7mm Semi-Rigid Cable, 9 Inch 1080P IPS Screen, 23mm Waterproof Pipe Inspection Camera for Plumber (100ft/30m)","PRANITE","FBA","Industrial & Scientific",629208,769016776650,"N/A",0769016776650,"N/A","Borescopes",1129,599.99,-6,2,2,,1209.07,1209.04,"N/A","N/A","dengwencai","China",1,0,"N/A","Large bulky",19,16,11,18,1083.7,2709.26,"01/31/2026",7,8,2,"N/A"
"https://amazon.com/dp/B0CQXCF4DD","https://m.media-amazon.com/images/I/51t7XscQX0L._SX450_.jpg","B0CQXCF4DD","Simulator Training Box HD 1080P USB Endoscope Camera 30 Degree for Training","medclimber","FBM","Industrial & Scientific",631663,797430965428,"N/A",0797430965428,"N/A","Borescopes",1120,150,3,0,0,-122,"-","-",1,5,"Medclimber","China",1,28,40,"N/A","N/A","N/A","N/A","N/A","N/A","N/A","06/30/2025",44,9,0,0
"https://amazon.com/dp/B0CNGTPJWD","https://m.media-amazon.com/images/I/71arQAj9HuL._SX450_.jpg","B0CNGTPJWD","Anysun Sewer Snake Cam with DVR, 100ft Plumbing Camera, 4.3"" LCD Monitor, 17mm Mini Camera with 8 LED Lights, IP68 Waterproof, 16GB Memory Card","anysun","FBA","Industrial & Scientific",631754,774049898279,"N/A",0774049898279,"N/A","Borescopes",1133,249.99,8,0,0,-43,"-","-",7,3.1,"HZDZ_Shop","Hong Kong",1,16,"N/A","Large bulky",7.5,15.5,15.7,8.95,591.48,1478.69,"06/30/2024",29,7,0,0
"https://amazon.com/dp/B0DCGKCVYX","https://m.media-amazon.com/images/I/71CVE6uTKWL._SX450_.jpg","B0DCGKCVYX","Endoscope Camera with Light, 4.3 Inch Screen, 170 Degree Viewing Angle, IP67 HD Borescope, Flexible Sewer Camera for Pipelines, 10m/32.81ft","VELATEMOR","FBA","Industrial & Scientific",632265,"N/A","N/A","N/A","N/A","Borescopes",1125,50.68,-34,3,3,1000,155.31,155.24,"N/A","N/A","Yuxianh","China",1,0,"N/A","Large Standard-Size",7.87,5.51,3.15,1,68.82,189.85,"02/28/2026",20,9,0,"N/A"
"https://amazon.com/dp/B0CQ28WJT1","https://m.media-amazon.com/images/I/61yuyLd+lQL._SX450_.jpg","B0CQ28WJT1","Anysun 512Hz Sewer Camera Head Transmitter, Sewer Camera Head Replacement Locator 0.9inch / 23mm Camera Head Built-in 512Hz Sonde Transmitter for Anysun HBUDS Pipe Inspection Camera","anysun","FBM","Industrial & Scientific",632542,"N/A","N/A","N/A","N/A","Borescopes",1124,299.99,-33,1,1,-73,356.92,356.83,2,3.3,"HZDZ_Shop","Hong Kong",1,13,-46,"N/A","N/A","N/A","N/A","N/A","N/A","N/A","12/31/2024",28,4,0,0.59
"https://amazon.com/dp/B0DJ7K6XZL","https://m.media-amazon.com/images/I/71LmLySfeQL._SX450_.jpg","B0DJ7K6XZL","Anysun Self Leveling Sewer Camera 100ft with Distance Counter, Drain Pipe Camera with 9'' 1080P IPS Monitor, Video Recorder, 7MM Cable with 12 Lights(32GB Card)","anysun","FBA","Industrial & Scientific",633213,717813048807,"N/A",0717813048807,"N/A","Borescopes",1126,499.99,"N/A",0,0,,"-","-",3,5,"Nedive","Hong Kong",1,77,"N/A","Large bulky",11.18,15.51,18.74,14.86,1053.09,2632.74,"02/28/2025",18,7,2,0
"https://amazon.com/dp/B0D2XW2KTQ","https://m.media-amazon.com/images/I/71UW4923c+L._SX450_.jpg","B0D2XW2KTQ","SYANSPAN 164ft Sewer Camera Snake with Light - 9"" HD Monitor, IP68 Waterproof, 16GB DVR, 12pcs Adjustable LED, Self-Leveling Drain Camera for Plumbing, Pipe Inspection & Industrial Maintenance (50m)","SYANSPAN","FBA","Industrial & Scientific",634136,"N/A","N/A","N/A","N/A","Borescopes",1129,429.99,-33,0,0,-60,"-","-",1,4,"pipe camera","China",2,60,"N/A","Large bulky",7.09,15.12,16.42,13.47,570.45,1426.12,"04/30/2025",23,7,5,0.15
"https://amazon.com/dp/B0D2XVFHBP","https://m.media-amazon.com/images/I/61oxNYWd5YL._SX450_.jpg","B0D2XVFHBP","SYANSPAN Self Leveling Sewer Inspection Camera with 512hz Locator,50M/165ft Cable Portable Pipe Inspection Camera with 9"" HD Color Monitor,DVR 16GB,Meter Counter","SYANSPAN","FBA","Industrial & Scientific",634163,"N/A","N/A","N/A","N/A","Borescopes",1129,899.99,-41,0,0,-60,"-","-",1,4,"pipe camera","China",1,60,"N/A","Large bulky",6.97,16.38,22.6,19,836.18,2090.45,"04/30/2025",23,8,5,0.15
"https://amazon.com/dp/B0CB1Z3665","https://m.media-amazon.com/images/I/51mC5MfeJZL._SX450_.jpg","B0CB1Z3665","Sewer Camera Guide Wheels 23mm Replacement Heavy Duty Protective Cover for Pipe Inspection Endoscope and Drain Snake Accessories","LiebeWH","FBA","Industrial & Scientific",637069,"N/A","N/A","N/A","N/A","Borescopes",1140,24.32,-54,0,0,,"-","-",5,3.8,"Vinnier bm","China",2,20,-67,"Large Standard-Size",2.52,4.02,6.73,0.31,34.3,94.61,"04/30/2024",33,9,0,0
"https://amazon.com/dp/B0DLGLR6JK","https://m.media-amazon.com/images/I/71K2Z4Sz2JL._SX450_.jpg","B0DLGLR6JK","KUUAUX Endoscope Camera with Light, 1080P HD Handheld Industrial Endoscope with 4.3 Inch LCD Screen, IP67 Waterproof, Adjustable LED Lights, Inspection Camera with 16.4Ft Semi-Rigid Cable","KUUAUX","FBA","Industrial & Scientific",637370,"N/A","N/A","N/A","N/A","Borescopes",1133,29.99,-60,1,1,500,40.4,40.33,32,4.4,"KUUAUX","China",1,19,"N/A","Large Standard-Size",10.24,5.5,2.36,1.1,66.92,184.6,"02/28/2025",17,6,0,0.04
"https://amazon.com/dp/B0C7LWWYZ5","https://m.media-amazon.com/images/I/61aj+Zj7s+L._SX450_.jpg","B0C7LWWYZ5","Vividia CX-4010i Flexible Joystick Articulating 1280x720 HD USB Inspection Camera Borescope Videoscope with 4mm (0.16"") Diameter 1m Long for iPhone iPad and for Android Devices","VIVIDIA","FBM","Industrial & Scientific",637821,"N/A","N/A","N/A","N/A","Borescopes",1138,899.98,-21,2,2,-92,1962.77,1962.64,"N/A","N/A","Oasis Scientific Inc.","USA",1,12,"N/A","Large Standard-Size",13,5,13,4,"N/A","N/A","12/31/2025",43,9,0,"N/A"
"https://amazon.com/dp/B0FYPQBWQV","https://m.media-amazon.com/images/I/71Pvb5OLPfL._SX450_.jpg","B0FYPQBWQV","98.4 FT Sewer Camera Snake Kit w/512Hz Locator | IP68 Waterproof Plumbing Cam, 9"" LCD, DVR (16GB Card), 4500MAh Rechargeable Battery, 12 LEDs for Fast Drain Clog Detection","Sunvasagoo","FBM","Industrial & Scientific",639057,199913215448,"N/A",0199913215448,"N/A","Borescopes",1112,633.7,-61,2,2,600,1406.36,1406.33,1,5,"Michaelar","China",1,0,"N/A","Large bulky",14.76,8.86,20.87,18.52,"N/A","N/A","11/30/2025",5,9,4,2.22
"https://amazon.com/dp/B0DD47VS99","https://m.media-amazon.com/images/I/61LSxgVjBbL._SX450_.jpg","B0DD47VS99","3 in 1 USB Endoscope, 7mm Diameter 2m Cable Fiber Optic Snake Camera for Phone, Type C USB MicroUSB Borescope Camera for Industrial Mechanical Pipeline Inspection","Yoidesu","FBA","Industrial & Scientific",639213,"N/A","N/A","N/A","N/A","Borescopes",1136,13.62,-17,1,1,-120,16.1,16.04,3,2.8,"Licavuy-US","China",2,28,"N/A","Small Standard-Size",5.12,4.72,0.39,0.11,4.79,13.22,"02/28/2025",20,9,0,0.38
"https://amazon.com/dp/B0G2S371ZT","https://m.media-amazon.com/images/I/61gaU9mSzBL._SX450_.jpg","B0G2S371ZT","Sewer Crawl Space Inspection Robot, 512HZ Locator，4WD，200W Rotatable Dual Lenses Camera，IP68 All-Metal Body, Crawler Camera Robot System(60M) (197FT)","YATOU BOX","FBM","Industrial & Scientific",640331,"N/A","N/A","N/A","N/A","Borescopes",1139,9866.99,"N/A",3,3,,30930.16,30930.1,"N/A","N/A","YATOU BOX DIRECT","USA",1,0,"N/A","Extra-large 150+ lb",79,57,48,88.18,"N/A","N/A","02/28/2026",4,1,2,"N/A"
"https://amazon.com/dp/B0CM3CP13Y","https://m.media-amazon.com/images/I/71VaI++dGDL._SX450_.jpg","B0CM3CP13Y","PETCHOR Dual Lens Endoscope Camera with Light, 1920P Borescope Inspection Camera with 8+1 Adjustable LED Lights, 7.9mm IP67 Waterproof Snake Camera for iPhone, Android, iOS","PETCHOR","FBA","Industrial & Scientific",641806,"N/A","N/A","N/A","N/A","Borescopes",1133,17.98,"N/A",1,0,-94,18.11,"-",2,4,"PETCHOR-US","China",0,30,30,"Large Standard-Size",4.72,4.72,1.14,0.39,12.79,35.27,"11/30/2024",29,7,2,0.53
"https://amazon.com/dp/B0CK9NCS7L","https://m.media-amazon.com/images/I/51g5Wlj4DxL._SX450_.jpg","B0CK9NCS7L","23mm Sewer Inspection Camera Head, IP68, 12 LED Lights, Steel with Highly Spring for Professional Use","Luqeeg","FBM","Industrial & Scientific",643584,"N/A","N/A","N/A","N/A","Borescopes",1145,131.35,-10,0,0,-43,"-","-","N/A","N/A","luqeeg","China",1,0,"N/A","Large Standard-Size",6.69,3.94,2.76,0.4,"N/A","N/A","09/30/2025",30,9,0,"N/A"
"https://amazon.com/dp/B073FFTKFR","https://m.media-amazon.com/images/I/91xFIdtjiYS._SX450_.jpg","B073FFTKFR","CaseSack Carrying Case for Industrial Endoscope, Large-Capacity design, universal for Endoscope.","CaseSack","FBM","Industrial & Scientific",646152,729680113519,"N/A",0729680113519,"N/A","Borescopes",1144,24.68,-40,2,2,350,39.49,39.44,103,4.5,"Casesack","Hong Kong",1,20,-43,"Large Standard-Size",2.48,10,10.67,0.68,"N/A","N/A","08/31/2024",105,7,0,0.02
"https://amazon.com/dp/B0DXKVLQXW","https://m.media-amazon.com/images/I/61ZkqpLz0BL._SX450_.jpg","B0DXKVLQXW","PRANITE Self-Leveling Sewer Camera Head with 512Hz Transmitter, 0.9in/23mm 1080P Replacement Pipe Camera Head with 12 LED Lights, IP68 Waterproof, Compatible with Anysun, HBUDS, PRANITE","PRANITE","FBM","Industrial & Scientific",648611,717504243863,"N/A",0717504243863,"N/A","Borescopes",1148,289.99,-26,0,0,-100,"-","-","N/A","N/A","dengwencai","China",1,0,"N/A","N/A","N/A","N/A","N/A","N/A","N/A","N/A","07/31/2025",13,2,0,"N/A"
"https://amazon.com/dp/B0CM3CLZMD","https://m.media-amazon.com/images/I/71VaI++dGDL._SX450_.jpg","B0CM3CLZMD","PETCHOR Endoscope Camera with Light, 7.9mm 3 in 1 USB Snake Camera, Waterproof IP67 Wireless Endoscope, Wi-Fi Industrial Borescope with 6 LED Lights, Inspection Camera for OTG Android,iOS, iPhone","PETCHOR","FBA","Industrial & Scientific",649313,"N/A","N/A","N/A","N/A","Borescopes",1142,17.09,-25,1,1,-94,18.11,18.07,2,4,"PETCHOR-US","China",1,30,30,"Large Standard-Size",4.72,4.72,1.14,0.37,12.79,35.27,"11/30/2024",29,7,2,0.53
"https://amazon.com/dp/B0CXY4PRKS","https://m.media-amazon.com/images/I/71bta3gN0dL._SX450_.jpg","B0CXY4PRKS","HBUDS Self Leveling Sewer Camera - 330ft Cable, 512Hz Transmitter, 10.1'' 1080P IPS Screen Pipe Plumbing Camera Snake","HBUDS","FBA","Industrial & Scientific",652374,717203890825,"N/A",0717203890825,"N/A","Borescopes",1148,1599.99,-2,2,1,200,3452.11,908.47,4,3.2,"Hanxuan tech","Hong Kong",1,26,"N/A","Extra-large 50+ to 70 lb",12,22,27,40.5,2310,5775,"09/30/2024",25,8,4,0.57
"https://amazon.com/dp/B0CXY4Y46L","https://m.media-amazon.com/images/I/71bta3gN0dL._SX450_.jpg","B0CXY4Y46L","HBUDS Self Leveling Sewer Camera - 265ft, 0.28in Thicker Cable, 512Hz Transmitter, Distance Counter, Audio/Video Record, Keyboard Input, 10.1'' 1080P IPS Screen Pipe Plumbing Camera Snake","HBUDS","FBA","Industrial & Scientific",652593,774049882070,"N/A",0774049882070,"N/A","Borescopes",1154,1499.99,-45,0,0,,"-","-",1,5,"Hanxuan tech","Hong Kong",1,25,"N/A","Extra-large 50+ to 70 lb",12.32,22.32,26.81,38.29,2389.16,5972.91,"09/30/2024",25,8,4,0.02
"https://amazon.com/dp/B0D1FNRCPV","https://m.media-amazon.com/images/I/519yvEB+IaL._SX450_.jpg","B0D1FNRCPV","HBUDS Protective Cover for Sewer Camera Head Probe, Suitable for 0.87in/22mm and 0.9in/23mm Diameter Drain Pipe Camera Head, Protective Case Compatible with Model: 7D3A/7D1","HBUDS","FBM","Industrial & Scientific",657203,717203890870,"N/A",0717203890870,"N/A","Borescopes",1159,15.99,-67,1,1,50,18.61,18.54,1,1,"Hanxuan tech","Hong Kong",1,12,"N/A","N/A","N/A","N/A","N/A","N/A","N/A","N/A","03/31/2025",24,4,0,1.17
"https://amazon.com/dp/B0FGXZR9ZK","https://m.media-amazon.com/images/I/716PJcG4-pL._SX450_.jpg","B0FGXZR9ZK","Endoscope Camera with Light, 1080P HD Borescope with 4.3'' Screen, Semi-Rigid Cable, IP67 Waterproof Scope Inspection Camera for Automotive, Plumbing, Drain, Pipe","AOERWEI","FBA","Industrial & Scientific",657996,"N/A","N/A","N/A","N/A","Borescopes",1160,36.99,-7,0,0,-50,"-","-",28,4.3,"SCOPIQ","China",1,0,"N/A","Large Standard-Size",2.95,7.17,11.5,1.46,122.46,337.82,"08/31/2025",9,7,3,0
"https://amazon.com/dp/B0FGXR42WC","https://m.media-amazon.com/images/I/716PJcG4-pL._SX450_.jpg","B0FGXR42WC","Endoscope Camera with Light, 1080P HD Borescope with 4.3'' Screen, Semi-Rigid Cable, IP67 Waterproof Scope Inspection Camera for Automotive, Plumbing, Drain, Pipe","AOERWEI","FBA","Industrial & Scientific",658101,"N/A","N/A","N/A","N/A","Borescopes",1160,32.99,-32,0,0,-50,"-","-",29,4.3,"SCOPIQ","China",1,0,"N/A","Large Standard-Size",2.72,7.01,12.09,1.08,115.85,319.58,"08/31/2025",9,7,3,0
"https://amazon.com/dp/B0F3HVCKGH","https://m.media-amazon.com/images/I/711zQKbYI6L._SX450_.jpg","B0F3HVCKGH","Dual Lens Endoscope Camera with 8 LED Lights, Inspection Borescope Camera with 4.3"" IPS 1080P HD Screen, 16.4FT Semi-Rigid Cord Cable Bore Scope, IP67 Waterproof for Sewer Car Wall Plumbing HVAC","Mulcort","FBM","Industrial & Scientific",662319,"N/A","N/A","N/A","N/A","Borescopes",1165,41.69,-5,0,0,,"-","-",3,4.5,"MENGLICHANG","China",1,0,"N/A","N/A","N/A","N/A","N/A","N/A","N/A","N/A","10/31/2025",12,9,0,0
"https://amazon.com/dp/B0C4K1RRPP","https://m.media-amazon.com/images/I/4149fW+iMiL._SX450_.jpg","B0C4K1RRPP","THE PERFECT PART HD LED Ear Endoscope Otoscope Camera Wax Pick Cleaning Tool Cleaner Removal Kit","THE PERFECT PART","FBM","Industrial & Scientific",665787,647168708579,"N/A",0647168708579,"N/A","Borescopes",1169,12.59,13,0,0,-14,"-","-",5,3.5,"The Perfect Part Inc.","USA",1,22,5,"Large Standard-Size",7,2.5,1,0.85,"N/A","N/A","12/31/2024",35,8,0,0.03
"https://amazon.com/dp/B0836XWPJH","https://m.media-amazon.com/images/I/61ZuaKzAoBL._SX450_.jpg","B0836XWPJH","DEPSTECH USB Endoscope, 720P IP67 Waterproof Borescope, 5.5mm Snake Inspection Camera, Type-C Scope With 16.5ft Semi-Rigid Cable, 6 LED Lights, Compatible With OTG Android Phone, PC","DEPSTECH","FBA","Industrial & Scientific",668256,"N/A","N/A","N/A","N/A","Borescopes",1163,35.99,"N/A",0,0,,"-","-",1579,4.1,"Depstech","China",1,0,"N/A","Large Standard-Size",1.42,5.28,6.06,0.49,22.88,63.1,"03/31/2024",75,9,0,0
"https://amazon.com/dp/B0CMQPNSB2","https://m.media-amazon.com/images/I/51841lJrADL._SX450_.jpg","B0CMQPNSB2","USB 3 in 1 Endoscope Camera with Light, Borescope Inspection Camera, 5.5mm Lens, IP67 Water Resistant, 6 Adjustable LED Lights, 5m Cable, 2.0MP CMOS HD","YWBL-WH","FBA","Industrial & Scientific",670572,"N/A","N/A","N/A","N/A","Borescopes",1184,12.89,-11,0,0,-110,"-","-",4,4,"Partgry-T","China",2,28,"N/A","Large Standard-Size",1.34,4.72,4.8,0.37,15.29,42.19,"12/31/2025",29,9,0,0.01
"https://amazon.com/dp/B0BXRGS9NK","https://m.media-amazon.com/images/I/61DZkiLA-FL._SX450_.jpg","B0BXRGS9NK","Autel MaxiVideo MV460 Digital Inspection Camera Video Scope Videoscope Endoscope 1920 * 1080 70° Field 7X Zoom LED Header Waterproof Cable Image Capture Video Recording Better MV108 MV105 MV160 MV400","Autel","FBA","Industrial & Scientific",673002,792499856830,"N/A",0792499856830,"N/A","Borescopes",1180,199,14,0,0,-83,"-","-",3,2.9,"Autel Exclusive","China",1,17,-54,"Large Standard-Size",5.67,13.9,14.96,5.58,593.47,1637.15,"01/31/2025",37,8,0,0
"https://amazon.com/dp/B0BYNSX26K","https://m.media-amazon.com/images/I/61QpZazva-L._SX450_.jpg","B0BYNSX26K","KAOLALI Endoscope Camera with Light Endoscope Sewer Pipeline Inspection Camera 6 LED Light with DVR Function and Snake Cable 5” high Resolution Screen Waterproof for Home Pipe Sewer Plumbing","KAOLALI","FBA","Industrial & Scientific",673680,"N/A","N/A","N/A","N/A","Borescopes",1184,189.99,-7,4,3,,703.73,510.6,3,3.8,"JULE","China",1,22,"N/A","Large Standard-Size",16.14,13.98,6.89,6.3,782.72,2159.22,"10/31/2024",37,8,4,1.2
"https://amazon.com/dp/B0DHQV5T33","https://m.media-amazon.com/images/I/61J1-WC9fRL._SX450_.jpg","B0DHQV5T33","Soufyuane Endoscope Inspection Camera, USB-C Endoscope, Black, Waterproof, 16FT/5M, Compatible with iPhone 15/Android Smart Phone","Soufyuane","FBA","Industrial & Scientific",676034,"N/A","N/A","N/A","N/A","Borescopes",1189,17.99,"N/A",0,0,,"-","-",3,4.7,"john-2015","China",1,23,"N/A","Large Standard-Size",4.8,4.72,1.46,2.2,16.65,45.94,"02/28/2025",18,7,0,0
"https://amazon.com/dp/B0DKNX4RP9","https://m.media-amazon.com/images/I/815WUFYMzpL._SX450_.jpg","B0DKNX4RP9","Sewer Camera with Locator, Anysun Self Leveling Sewer Inspection Camera with Distance Counter, 132ft Cable with 9'' 1080P HD Monitor and DVR 32GB Card, IP68 Waterproof with 12 Lights","anysun","FBA","Industrial & Scientific",676886,717813336737,"N/A",0717813336737,"N/A","Borescopes",1190,899.99,"N/A",0,0,,"-","-",1,5,"Nedive","Hong Kong",1,0,"N/A","Large bulky",12,15.5,16,17.25,964.44,2411.11,"12/31/2025",17,7,0,0.17
"https://amazon.com/dp/B0CP38W9JV","https://m.media-amazon.com/images/I/715epD4uMRL._SX450_.jpg","B0CP38W9JV","GreceYou Endoscope with Light, 1920P HD Borescope Inspection Camera with 8 Adjustable LED Lights + 16.4FT Semi-Rigid Cable, 8mm IP67 Waterproof Inspection Camera for iOS, Android","GreceYou","FBM","Industrial & Scientific",678896,"N/A","N/A","N/A","N/A","Borescopes",1191,29.89,-40,2,2,,73.27,73.17,6,3.6,"XIAMENGENGCHAO Co., Ltd.","China",1,5,-92,"Large Standard-Size",4.72,1.58,4.72,0.36,"N/A","N/A","09/30/2024",28,8,1,0.41
"https://amazon.com/dp/B0DJ7J5NMH","https://m.media-amazon.com/images/I/81ma3YQa5FL._SX450_.jpg","B0DJ7J5NMH","Anysun Sewer Camera with Locator, Self Leveling Sewer Inspection Camera 100ft with Distance Counter, 9'' 1080P IPS Monitor and Video Recorder with MIC, 7MM Cable with 12 Lights(32GB Card)","anysun","FBA","Industrial & Scientific",679787,717813048777,"N/A",0717813048777,"N/A","Borescopes",1196,799.99,-6,0,0,,"-","-",1,1,"Nedive","Hong Kong",1,0,"N/A","Large bulky",15.5,16,19,18.75,1527.04,3817.59,"10/31/2025",18,8,0,0
"https://amazon.com/dp/B0FQ1PNCZ2","https://m.media-amazon.com/images/I/71dOl+xvSCL._SX450_.jpg","B0FQ1PNCZ2","Sewer Camera w/DVR Function, 9"" HD 1080P Screen Drain Pipe Inspection Camera, Pipe Plumbing Snake Camera, 4X Zoom, IP68 Waterproof, 6 LEDs,32GB Card, for Sewer Line, Home, Duct Drain Pipe Plumbing","Liwogi","-","Industrial & Scientific",686157,"N/A","N/A","N/A","N/A","Borescopes",1205,369.99,"N/A",2,0,17,661.55,"-","N/A","N/A",,"N/A",1,0,"N/A","Large Standard-Size",13,6.98,16,14.5,"N/A","N/A","11/30/2025",7,"N/A",3,"N/A"
"https://amazon.com/dp/B07L3N316J","https://m.media-amazon.com/images/I/61CuWHITg-L._SX450_.jpg","B07L3N316J","USB Endoscope MASO 5.5MM 2 in 1 IP67 Waterproof Borescope Inspection Camera with 6 Led and 5.5M Snake Cable USB Adapter for Android Phone Tablet Device - Cable length: 1M","MASO","FBA","Industrial & Scientific",687293,754914202981,"N/A",0754914202981,"N/A","Borescopes",1195,16.29,-25,1,0,-60,8.85,"-",19,3.1,"Senriseus","China",1,11,83,"Large Standard-Size",7.09,5.51,0.79,0.11,15.48,42.72,"02/28/2026",88,8,4,0.03
"https://amazon.com/dp/B0FM1V5N8N","https://m.media-amazon.com/images/I/71BpCXIvTZL._SX450_.jpg","B0FM1V5N8N","7"" Sewer Camera w/DVR Function,HD 1080P Screen Plumbing Drain Pipe Inspection Cam, Industrial Borescope Camera w/light,4x Zoom,IP68 Waterproof, 32GB Card, for Sewer Line, Home,Duct Drain Pipe Plumbing","Liwogi","FBA","Industrial & Scientific",688132,"N/A","N/A","N/A","N/A","Borescopes",1206,329.99,-12,2,2,17,661.55,564.78,"N/A","N/A","Hot car parts","China",1,0,"N/A","Large Standard-Size",7.91,13.98,16.14,15.76,898.59,2478.88,"11/30/2025",8,9,3,"N/A"
"https://amazon.com/dp/B0CWLW1VPT","https://m.media-amazon.com/images/I/61I155JhY0L._SX450_.jpg","B0CWLW1VPT","Endoscope, Borescope, Borescope Endoscope Camera 3 in 1 for Android TypeC Mobile Phone 3.9mm Lens Endoscope Camera High Definition Endoscope (3.5 Meters Soft Cord)","Naroote","FBA","Industrial & Scientific",688992,"N/A","N/A","N/A","N/A","Borescopes",1197,21.01,-20,0,0,-100,"-","-",1,1,"Dushiw","China",1,20,-41,"Large Standard-Size",4.72,4.72,1.57,0.26,17.7,48.82,"01/31/2025",25,9,2,0
"https://amazon.com/dp/B0CXD5G44D","https://m.media-amazon.com/images/I/51Vg6ejmknL._SX450_.jpg","B0CXD5G44D","Endoscope, Borescope Endoscope Camera 3 in 1 for Android TypeC Mobile Phone 3.9mm Lens High Definition Endoscope (1 Meter Soft Cord)","Naroote","FBM","Industrial & Scientific",688999,"N/A","N/A","N/A","N/A","Borescopes",1197,22.01,-34,0,0,-100,"-","-",1,1,"Dushiw","China",2,20,-41,"Large Standard-Size",5.12,5.12,1.57,0.15,"N/A","N/A","01/31/2025",25,9,2,0
"https://amazon.com/dp/B07Z5KPZR2","https://m.media-amazon.com/images/I/41onH5zxyRL._SX450_.jpg","B07Z5KPZR2","Supereyes Otoscope Upgraded 4mm Ultra-Thin Ear Endoscope, 1.0 Megapixels HD Ear Video Inspection Camera, USB Ear Borescope Waterproof with Flexible Shaped Hose for iOS & Android Smartphone","Supereyes","FBA","Industrial & Scientific",690263,"N/A","N/A",5059116217555,"N/A","Borescopes",1205,270,"N/A",1,1,50,298.78,298.76,1,5,"Supereyes Official","China",1,5,-71,"Large Standard-Size",1.61,4.45,7.95,0.67,28.75,79.32,"01/31/2025",78,1,0,1.1
"https://amazon.com/dp/B0D3TV89KV","https://m.media-amazon.com/images/I/715lgHBZDLL._SX450_.jpg","B0D3TV89KV","Three Lenses Borescope Camera 8mm IP67 Waterproof Snake Camera AMTORIN Industrial Endoscope 5''IPS Screen 32GB Memory 16.4FT Semi-Rigid Cable Bore Scope for Home (8mm-5m（0.31 in-16.4 ft） Triple Lens)","AMTorin","FBA","Industrial & Scientific",692132,"N/A","N/A","N/A","N/A","Borescopes",1207,89.99,-43,0,0,100,"-","-",9,3.7,"AMTorin","Japan",1,38,"N/A","Large Standard-Size",3.9,7.6,10.71,1.94,159.67,440.48,"07/31/2024",23,7,2,0.04
"https://amazon.com/dp/B0D3TMMQF5","https://m.media-amazon.com/images/I/71p1CtiELRL._SX450_.jpg","B0D3TMMQF5","Dual-Lens Borescope Camera 5mm lP67 Waterproof Digital Snake Camera AMTORIN Industrial Endoscope 5''IPS Screen 32GB Memory Card 16.4FT Semi-Rigid Cable Bore Scope for Home (16.4 ft-0.2 in Dual Lens)","AMTorin","FBA","Industrial & Scientific",692132,"N/A","N/A","N/A","N/A","Borescopes",1207,79.99,-43,0,0,100,"-","-",9,3.7,"AMTorin","Japan",1,38,"N/A","Large Standard-Size",3.9,7.6,10.63,1.74,158.5,437.24,"07/31/2024",23,7,2,0.04
"https://amazon.com/dp/B0B5ZS5R25","https://m.media-amazon.com/images/I/71YJ0PCXhQL._SX450_.jpg","B0B5ZS5R25","EIXAUP Self Leveling Sewer Camera 165 ft/ 50 m, Built-in 512Hz Transmitter, 10.1"" 1080P HD Monitor, IP68 Waterproof, 7mm Thicker Cable, Audio/DVR Recorder, 12 Pcs LED Lights, 16GB Card","EIXAUP","FBA","Industrial & Scientific",693388,726679815690,"N/A",0726679815690,"N/A","Borescopes",1212,587.99,-28,0,0,,"-","-",12,3.2,"SYST","China",1,18,-10,"Large bulky",13,17.5,23.5,21.55,1732.58,4331.45,"03/31/2025",45,7,0,0
"https://amazon.com/dp/B07ZPWDP1N","https://m.media-amazon.com/images/I/516lgHlu4eL._SX450_.jpg","B07ZPWDP1N","Supereyes Otoscope, Upgraded 4mm Ultra-Thin Ear Endoscope, 1.0 Megapixels HD Ear Video Inspection Camera, USB Ear Borescope Waterproof with Flexible Shaped Hose for iOS & Android Smartphone","Supereyes","FBA","Industrial & Scientific",694300,"N/A","N/A",5059116217562,"N/A","Borescopes",1207,299,-21,0,0,-75,"-","-",2,1.9,"Supereyes Official","China",1,20,5,"Large Standard-Size",3.15,7.72,8.86,0.94,108.39,299.02,"03/31/2024",77,8,0,0
"https://amazon.com/dp/B0CPDR2LZL","https://m.media-amazon.com/images/I/71tjd-3v1eL._SX450_.jpg","B0CPDR2LZL","Sewer Camera with Self-Leveling & 512Hz Transmitter & Distance Counter Pipe Drain Inspection Camera 9"" Monitor Borescope Industrial Endoscope (12pcs Light,16GB DVR,164ft/50m)","ESANHAO","FBA","Industrial & Scientific",694329,"N/A","N/A","N/A","N/A","Borescopes",1207,599.99,"N/A",0,0,-150,"-","-",3,3.6,"ESANHAO Store","China",1,5,-80,"Large bulky",11.3,12.68,14.72,14.59,683.52,1708.79,"04/30/2024",28,8,0,0
"https://amazon.com/dp/B099CXYS93","https://m.media-amazon.com/images/I/81AsweGVbMS._SX450_.jpg","B099CXYS93","Vividia VS-22330plus Self-Leveling Built-in 512Hz Sonde All-in-One Pipe Sewer Drain Tube Video Inspection Camera with 7"" Portable Screen 98ft (30m) Push-Rod Cable and 23mm (0.91"") Waterproof Camera","VIVIDIA","FBM","Industrial & Scientific",694552,"N/A","N/A","N/A","N/A","Borescopes",1201,1999,-39,2,2,,4646.91,4646.91,2,5,"Oasis Scientific Inc.","USA",1,3,"N/A","N/A","N/A","N/A","N/A","N/A","N/A","N/A","02/28/2026",62,9,0,1.17
"https://amazon.com/dp/B0D5M2WL2N","https://m.media-amazon.com/images/I/71UfumNv1nL._SX450_.jpg","B0D5M2WL2N","9 inch Monitor 100ft/30m Pipe Inspection Video Camera,IP68 Waterproof 1080P Drain Sewer Pipeline Industrial Endoscope System with Distance Mark Camera DVR Recorder","Generic","FBA","Industrial & Scientific",695745,"N/A","N/A","N/A","N/A","Borescopes",1212,278.99,-42,0,0,-60,"-","-","N/A","N/A","Puteca security shop","China",1,0,"N/A","Large bulky",7,14.75,16,13,535.37,1338.43,"12/31/2025",22,9,0,"N/A"
"https://amazon.com/dp/B0CLP62J18","https://m.media-amazon.com/images/I/51FSKoK5iFS._SX450_.jpg","B0CLP62J18","Endoscope Camera with Light, 4.3-inch LCD Display Borescope Inspection Camera, Waterproof, 8mm Camera Diameter, Support 11 Languages(10 Meter)","Topyond","FBM","Industrial & Scientific",700632,"N/A","N/A","N/A","N/A","Borescopes",1220,76.35,"N/A",0,0,,"-","-","N/A","N/A","Jialyduu","China",1,0,"N/A","N/A","N/A","N/A","N/A","N/A","N/A","N/A","-",29,9,0,"N/A"
"https://amazon.com/dp/B0D9YF49MC","https://m.media-amazon.com/images/I/71AaUIWiaQL._SX450_.jpg","B0D9YF49MC","SYANSPAN Sewer Camera - 100FT Pipe Inspection Camera with 4.3"" HD Screen, 16GB DVR, 8500mAh Battery, Ideal for Plumbers & Homeowners (17MM/100FT)","SYANSPAN","FBA","Industrial & Scientific",702852,"N/A","N/A","N/A","N/A","Borescopes",1232,243.99,-27,0,0,-87,"-","-",8,4.5,"pipe camera","China",1,13,"N/A","Large Standard-Size",6.5,12,13.75,7.75,539.97,1489.58,"11/30/2024",21,6,2,0.01
"https://amazon.com/dp/B0CPD74BPR","https://m.media-amazon.com/images/I/61m7bGmJVaL._SX450_.jpg","B0CPD74BPR","BusoTh Inspection Camera, 70° Viewing Angle USB Endoscope 1.3MP Flexible Cable with 6 LED Lights for Pipeline Repair (2M), USB Snake Inspection Scope Industrial Endoscope Camera","BusoTh","FBA","Industrial & Scientific",703231,"N/A","N/A",7790169240067,"N/A","Borescopes",1211,11.87,-49,5,5,900,41.63,41.53,"N/A","N/A","Yixvtn-US","China",1,12,20,"N/A",4.72,4.72,1.57,"N/A","N/A","N/A","02/28/2026",28,9,2,"N/A"
"https://amazon.com/dp/B0C2CVF5PT","https://m.media-amazon.com/images/I/51U+VzsXRjS._SX450_.jpg","B0C2CVF5PT","Iris Diaphragm Mechanical Adjustable Manual Aperture Lens Mechanical for Digital Camera M4 SK12 1~12mm","Natudeco","FBA","Industrial & Scientific",707110,"N/A","N/A","N/A","N/A","Borescopes",1225,17.57,-4,0,0,,"-","-","N/A","N/A","Tujuezity-US","China",2,0,"N/A","Large Standard-Size",2,3,1,0.04,3.02,8.33,"11/30/2025",36,9,0,"N/A"
"https://amazon.com/dp/B0CJM9JWZL","https://m.media-amazon.com/images/I/61BVcdGEHuL._SX450_.jpg","B0CJM9JWZL","Topyond Industrial Endoscope Camera with Light, 1080P HD 8mm Borescope, 2.4"" LCD Screen, 8 LED Lights, Waterproof Snake Camera for Mechanics, Plumbing, Automotive Inspection","Topyond","FBA","Industrial & Scientific",710352,"N/A","N/A","N/A","N/A","Borescopes",1235,33.99,-19,0,0,,"-","-","N/A","N/A","Jialyduu","China",1,0,"N/A","Small Standard-Size",0.01,0.01,0.01,0.01,0,0,"-",30,9,0,"N/A"
"https://amazon.com/dp/B0D4LH8YTZ","https://m.media-amazon.com/images/I/71habNozrbL._SX450_.jpg","B0D4LH8YTZ","Sewer Camera with 512Hz Sonde Transmitter Borescopes Self-Leveling Inspection Camera 1080P HD 7"" IPS Screen IP68 Waterproof 0.2in/5MM Industrial Plumbing Endoscope Camera (50M)","ESANHAO","FBA","Industrial & Scientific",710444,"N/A","N/A","N/A","N/A","Borescopes",1241,599.99,-4,0,0,-136,"-","-",4,3.2,"ESANHAO","China",1,4,"N/A","Large bulky",10.47,12.2,14.8,13.56,612.65,1531.63,"11/30/2024",32,6,0,0
"https://amazon.com/dp/B0CZ3WL4SV","https://m.media-amazon.com/images/I/51DjxYegh+L._SX450_.jpg","B0CZ3WL4SV","Kircuit 12.6V AC/DC Adapter Compatible with Anysun 7D1 7D1-DC Sewer Camera Pipe Inspection Plumbing Snake DVR Recorder 100ft Pipeline Drain Endoscope 12.6VDC Power Supply Cord Cable Battery Charger","Kircuit","FBM","Industrial & Scientific",712206,"N/A","N/A","N/A","N/A","Borescopes",1228,23.79,"N/A",6,6,,135.24,135.15,"N/A","N/A","EPtech","USA",1,0,"N/A","N/A","N/A","N/A","N/A","N/A","N/A","N/A","02/28/2026",24,4,0,"N/A"
"https://amazon.com/dp/B0DNZ4T4SR","https://m.media-amazon.com/images/I/610xoHojTQL._SX450_.jpg","B0DNZ4T4SR","Type-C 3 in 1 Endoscope Camera with Light,HD USB Borescope with 6 Adjustable LED Lights, IP67 Waterproof 16.5FT Semi-Rigid Snake Cord Camera with Type C,Android Phone,PC Tablet","WAYVOSE","FBM","Industrial & Scientific",713300,"N/A","N/A","N/A","N/A","Borescopes",1238,15.99,-80,0,0,-100,"-","-",4,3.6,"Goodeezy","N/A",1,35,"N/A","Large Standard-Size",5.1,1.57,5.51,0.4,"N/A","N/A","04/30/2025",16,6,0,0
"https://amazon.com/dp/B006PEZ58M","https://m.media-amazon.com/images/I/51XNFJNK1cL._SX450_.jpg","B006PEZ58M","Milwaukee 2313-20 M12 M-Spector 360 Tool Only","Milwaukee","FBM","Industrial & Scientific",715860,045242262281,00045242262281,0045242262281,"N/A","Borescopes",1231,329.95,-23,0,0,-67,"-","-",39,3.9,"91AMBITIONS LLC","USA",1,11,-62,"Large Standard-Size",4.9,9.4,10.6,1.6,"N/A","N/A","06/30/2024",172,3,0,0
"https://amazon.com/dp/B09HKTGBPK","https://m.media-amazon.com/images/I/71HavKMrZ-L._SX450_.jpg","B09HKTGBPK","ANYSUN Sewer Camera's Accessories- Cable (100FT)","anysun","FBM","Industrial & Scientific",718446,770887234163,"N/A",0770887234163,"N/A","Borescopes",1234,219.99,-30,0,0,,"-","-",3,4.6,"ToBestGift","China",1,6,-89,"N/A","N/A","N/A","N/A","N/A","N/A","N/A","04/30/2024",35,6,0,0
"https://amazon.com/dp/B0C3H92RTS","https://m.media-amazon.com/images/I/41zuJI-eofL._SX450_.jpg","B0C3H92RTS","0.9inch/23mm Sewer Camera Head Protective Cover with Screwdriver,Pipe Inspection Camera Accessories","SYANSPAN","FBM","Industrial & Scientific",719996,"N/A","N/A","N/A","N/A","Borescopes",1256,29.99,-31,0,0,,"-","-",1,5,"pipe camera","China",1,0,"N/A","Large Standard-Size",6.7,3.9,2,0.5,"N/A","N/A","05/31/2025",53,1,0,0
"https://amazon.com/dp/B08QSM45SY","https://m.media-amazon.com/images/I/51yiL-0wi2L._SX450_.jpg","B08QSM45SY","Vividia VA-400W3B WiFi Bundle: W03B Wireless Box and VA-400 USB 1-Way Articulating Rigid Borescope with 0.33"" Diameter and 15.7"" Long Probe for iPhone iPad Windows PC Android Devices","VIVIDIA","FBM","Industrial & Scientific",720433,"N/A","N/A","N/A","N/A","Borescopes",1229,299.98,-17,0,0,-138,"-","-",5,4.8,"Oasis Scientific Inc.","USA",1,11,-67,"N/A","N/A","N/A","N/A","N/A","N/A","N/A","09/30/2024",64,9,0,0
"https://amazon.com/dp/B0DP2199Z8","https://m.media-amazon.com/images/I/71bOTl398CL._SX450_.jpg","B0DP2199Z8","ESANHAO Sewer Camera 100ft with Digital Distance Counter & Light Borescope Inspection Camera 9"" AHD Screen for Plumber, Homeowners(IP68 Waterproof 16GB)","ESANHAO","FBA","Industrial & Scientific",722605,"N/A","N/A","N/A","N/A","Borescopes",1251,359.99,-20,3,2,-9,1697.44,677.01,5,5,"ESANHAO Store","China",1,0,"N/A","Large bulky",14.17,12.6,10.63,11.02,615.12,1537.8,"12/31/2025",16,6,4,0.67
"https://amazon.com/dp/B0DRFVVGHK","https://m.media-amazon.com/images/I/71Vp7BD82pL._SX450_.jpg","B0DRFVVGHK","ESANHAO Sewer Camera with Locator Distance Counter Inspection Pipe Camera 9"" 1080P Screen Self Leveling & 7mm Thicker Cable 328ft/100m 32GB Card","ESANHAO","FBA","Industrial & Scientific",722716,"N/A","N/A","N/A","N/A","Borescopes",1251,1199.99,-29,3,0,-9,1697.44,"-",5,5,"ESANHAO Store","China",1,0,"N/A","Large bulky",14,20,21,33.35,1905.56,4763.89,"12/31/2025",14,7,4,0.67
"https://amazon.com/dp/B0DP2284K1","https://m.media-amazon.com/images/I/716SM9pHxhL._SX450_.jpg","B0DP2284K1","ESANHAO Sewer Pipe Camera with Distance Counter & Light Borescope Inspection Camera with 9"" AHD Screen for Plumber, Homeowners(IP68 Waterproof 16GB) (30M with Self Balancing)","ESANHAO","FBA","Industrial & Scientific",722783,"N/A","N/A","N/A","N/A","Borescopes",1251,459.99,-21,3,1,-9,1697.44,438.46,5,5,"ESANHAO Store","China",1,0,"N/A","Large bulky",10.75,12.55,14.3,13.2,625.22,1563.05,"12/31/2025",16,7,4,0.67
"https://amazon.com/dp/B0BLTY4HNG","https://m.media-amazon.com/images/I/71g5XbcqXvL._SX450_.jpg","B0BLTY4HNG","Autel MV480 MaxiVideo Inspection Camera Industrial Endoscope Semi-Rigid Flexible Cable 10-Level Adjustable LED Light Dual Front and Side Cameras High Resolution Advanced MV108 MV105 MV160 MV400 MV460","Autel","FBA","Industrial & Scientific",723035,792499186159,"N/A",0792499186159,"N/A","Borescopes",1267,249,22,0,0,-107,"-","-",3,5,"Autel Exclusive","China",1,8,"N/A","Large Standard-Size",5.75,11.85,14.88,5.73,510.46,1408.17,"12/31/2025",41,6,0,0.14
"https://amazon.com/dp/B0CL4ZBFLV","https://m.media-amazon.com/images/I/61O0p3hNoQL._SX450_.jpg","B0CL4ZBFLV","5.5mm Endoscope Borescope Inspection Camera with 6 LED Lights for Android, IP67 Waterproof Borescope Inspection Camera with Semi-Rigid Cable for Automotive Engine, HVAC, Drain Inspection (11.5FT)","Pilipane","FBA","Industrial & Scientific",723774,"N/A","N/A","N/A","N/A","Borescopes",1252,17.65,-20,0,0,-43,"-","-","N/A","N/A","Haedaxua-US","China",2,16,"N/A","Large Standard-Size",4.72,4.72,1.57,0.24,17.7,48.82,"02/28/2025",30,7,0,"N/A"
"https://amazon.com/dp/B0B8332C5S","https://m.media-amazon.com/images/I/616AUwhwofL._SX450_.jpg","B0B8332C5S","Performance Tool W50146 2.4in LCD Inspection Camera","Performance Tool","FBM","Industrial & Scientific",726458,039564001451,00039564001451,0039564001451,"N/A","Borescopes",1251,61.48,-5,3,2,100,215.97,148.63,2,5,"Autoplicity ✅","USA",30,18,-33,"Large Standard-Size",2.6,5.16,9.84,0.75,"N/A","N/A","02/28/2025",44,11,3,1.59
"https://amazon.com/dp/B0BZSFK2HC","https://m.media-amazon.com/images/I/61um9+BZ99L._SX450_.jpg","B0BZSFK2HC","Industrial Endoscope, 8mm 1080P HD Digital Borescope Inspection Camera 4.3 Inch LCD Screen IP67 Waterproof Snake Camera with LED Lights(Green 7m)","Ddewing","FBM","Industrial & Scientific",726978,"N/A","N/A","N/A","N/A","Borescopes",1263,69.49,3,4,2,900,267.62,115.66,"N/A","N/A","elesimple","China",1,0,"N/A","Large Standard-Size",8.27,5.51,2.76,1.23,"N/A","N/A","02/28/2026",36,9,9,"N/A"
"https://amazon.com/dp/B0BZSHSNZH","https://m.media-amazon.com/images/I/61hZWsZHsBL._SX450_.jpg","B0BZSHSNZH","Industrial Endoscope, 8mm 1080P HD Digital Borescope Inspection Camera 4.3 Inch LCD Screen IP67 Waterproof Snake Camera with LED Lights(Green and Black,7m)","Ddewing","FBM","Industrial & Scientific",726986,"N/A","N/A","N/A","N/A","Borescopes",1262,81.09,20,4,0,900,267.62,"-","N/A","N/A","elesimple","China",1,0,"N/A","Large Standard-Size",8.27,5.51,2.76,1.32,"N/A","N/A","02/28/2026",36,9,9,"N/A"
"https://amazon.com/dp/B0BZSCJBW8","https://m.media-amazon.com/images/I/61hZWsZHsBL._SX450_.jpg","B0BZSCJBW8","Industrial Endoscope, 8mm 1080P HD Digital Borescope Inspection Camera 4.3 Inch LCD Screen IP67 Waterproof Snake Camera with LED Lights(Green and Black,5m)","Ddewing","FBM","Industrial & Scientific",727045,"N/A","N/A","N/A","N/A","Borescopes",1263,75.29,22,4,1,900,267.62,46.65,"N/A","N/A","elesimple","China",1,0,"N/A","Large Standard-Size",8.27,5.51,2.76,1.2,"N/A","N/A","02/28/2026",36,9,9,"N/A"
"https://amazon.com/dp/B0BZSG8VL8","https://m.media-amazon.com/images/I/41iKOw2u+zL._SX450_.jpg","B0BZSG8VL8","Industrial Endoscope, 8mm 1080P HD Digital Borescope Inspection Camera 4.3 Inch LCD Screen IP67 Waterproof Snake Camera with LED Lights(Yellow 2m)","Ddewing","FBM","Industrial & Scientific",727045,"N/A","N/A","N/A","N/A","Borescopes",1263,70.49,-17,4,1,900,267.62,79.57,"N/A","N/A","elesimple","China",1,0,"N/A","Large Standard-Size",8.27,5.51,2.76,0.85,"N/A","N/A","02/28/2026",36,9,9,"N/A"
"https://amazon.com/dp/B08L8FTY8G","https://m.media-amazon.com/images/I/71umk1QlDtL._SX450_.jpg","B08L8FTY8G","Performance Tool W50145 2.4-Inch LCD Monitor Submersible Inspection Camera - Ideal for Engine Compartments and Hard to Reach Areas","Performance Tool","Amazon","Industrial & Scientific",729407,039564138515,00039564138515,0039564138515,"N/A","Borescopes",1248,67.03,-30,3,1,100,215.97,67.19,2,5,"Amazon","N/A",12,18,-33,"Large Standard-Size",1.97,9.49,12.44,1.26,"N/A","N/A","02/28/2025",66,5,3,1.59
"https://amazon.com/dp/B0BZVHZVDC","https://m.media-amazon.com/images/I/61sw0dgPpxL._SX450_.jpg","B0BZVHZVDC","IPG for 50FT Endoscope Borescope, Teslong Dual Lens Sewer Inspection 4.5"" Camera Screen Protector (2 Units) Hydrogel Invisible Guard HD Quality/Self-Healing/Bubble -Free for Endoscope Borescope","IPG","FBA","Industrial & Scientific",734792,810108535218,"N/A",0810108535218,"N/A","Borescopes",1267,14.95,8,1,1,,17,16.94,3,2.8,"iMotiw","USA",1,15,15,"Large Standard-Size",9,4,0.8,0.06,14.5,40,"11/30/2025",73,7,0,0.37
"https://amazon.com/dp/B0DZ2K7QT8","https://m.media-amazon.com/images/I/714CpKOrbKL._SX450_.jpg","B0DZ2K7QT8","Anysun Self Leveling Sewer Camera with Locator, Distance Counter, 7mm 200ft Cable and 9'' IPS Monitor, IP68 Waterproof Pipe Inspection Camera Plumbing Cam with Mic/DVR Recording-32GB","anysun","FBA","Industrial & Scientific",735771,717690811136,"N/A",0717690811136,"N/A","Borescopes",1278,1369.99,-7,0,0,-100,"-","-",2,5,"HZDZ_Shop","Hong Kong",1,0,"N/A","Large bulky",15.5,15.5,19,22.2,1479.32,3698.29,"11/30/2025",38,7,3,0
"https://amazon.com/dp/B0FJ5NN2KG","https://m.media-amazon.com/images/I/71ixvxiCg1L._SX450_.jpg","B0FJ5NN2KG","Industrial Endoscope Camera with 4.3'' HD Screen, 1080P Borescope Inspection Camera with 8 LED Lights, IP67 Waterproof Scope for Automotive, Pipe, Wall, Drain Inspection (5M (16.4FT))","AOERWEI","FBA","Industrial & Scientific",737907,"N/A","N/A","N/A","N/A","Borescopes",1283,38.99,"N/A",0,0,-113,"-","-",27,3.8,"SCOPIQ","China",1,0,"N/A","Large Standard-Size",2.72,6.73,8.58,1.01,79.08,218.14,"07/31/2025",8,5,3,0
"https://amazon.com/dp/B0FNQYD1QP","https://m.media-amazon.com/images/I/71h5B+UJIPL._SX450_.jpg","B0FNQYD1QP","Sewer Camera Self Leveling, 165ft Drain Pipe Cameras with Meter Counter, 12V 4500mAh Battery Plumbing Snake Camera with Light, 9"" Color HD Duct Chimney Sewer Inspection Cam, DVR Recorder 16GB","ExploreHorizon","FBM","Industrial & Scientific",738818,"N/A","N/A",6967790324607,"N/A","Borescopes",1286,729.99,-24,2,2,167,1533.64,1533.53,"N/A","N/A","Kongqueju","China",1,0,"N/A","Large bulky",19.88,17.52,12.01,17.42,"N/A","N/A","10/31/2025",7,7,2,"N/A"
"https://amazon.com/dp/B0DDT8XC2S","https://m.media-amazon.com/images/I/71fsTd8D8KL._SX450_.jpg","B0DDT8XC2S","Anysun Sewer Inspection Camera with Locator, Self Leveling, Distance Counter, 7MM 100 Ft Cable, Pipe Camera with 9'' Color Screen DVR, IP68 Waterproof Plumbing Snake Camera for Pipe Inspection","anysun","FBA","Industrial & Scientific",738832,"N/A","N/A","N/A","N/A","Borescopes",1285,869.99,-18,1,0,-71,786.78,"-",1,5,"HZDZ_Shop","Hong Kong",1,0,"N/A","Large bulky",15.5,17.5,24.75,31,2175.65,5439.13,"04/30/2025",18,7,3,1.07
"https://amazon.com/dp/B0CH7QT9YD","https://m.media-amazon.com/images/I/611K8MJOAUL._SX450_.jpg","B0CH7QT9YD","Anysun Replacement Camera Head with 512hz Transmitter, IP68 Waterproof HD Sewer Inspection Camera Head Accessories for SY985, 5100 Series","anysun","FBM","Industrial & Scientific",739384,717023460185,"N/A",0717023460185,"N/A","Borescopes",1266,319.99,-47,0,0,,"-","-","N/A","N/A","Nedive","Hong Kong",1,15,50,"N/A","N/A","N/A","N/A","N/A","N/A","N/A","09/30/2025",31,1,0,"N/A"
"https://amazon.com/dp/B0DZ2KF9GW","https://m.media-amazon.com/images/I/714CpKOrbKL._SX450_.jpg","B0DZ2KF9GW","Anysun Self-Leveling Sewer Camera with Locator, Distance Counter, 7mm 150ft Cable, 9'' IPS Monitor, IP68 Waterproof Pipe Inspection Camera Plumbing Cam with Mic/DVR Recording-32GB","anysun","FBA","Industrial & Scientific",739734,717690811129,"N/A",0717690811129,"N/A","Borescopes",1283,1299.99,-12,0,0,-100,"-","-",2,5,"HZDZ_Shop","Hong Kong",1,0,"N/A","Large bulky",15.5,15.8,19,20.5,1507.95,3769.87,"11/30/2025",38,7,3,0
"https://amazon.com/dp/B0F9L6BVHC","https://m.media-amazon.com/images/I/71AU5x20SCL._SX450_.jpg","B0F9L6BVHC","KOHUIPU Endoscope Camera with Light, 1080P HD Inspection Borescope with 4.3''IPS, Video & Photo Inspection Cameras with 32G Card, IP67 Waterproof Camera for Sewer/Drain/Pipe, 16.4Ft Semi-Rigid Cable","KOHUIPU","FBA","Industrial & Scientific",742646,"N/A","N/A","N/A","N/A","Borescopes",1286,20.99,-29,1,1,-70,21.44,21.39,11,4.3,"HOHUIPU Shop","China",1,0,"N/A","Large Standard-Size",2.24,5.63,7.2,1.01,45.72,126.11,"01/31/2026",10,9,0,0.09
"https://amazon.com/dp/B0FJ5KPPRB","https://m.media-amazon.com/images/I/71ixvxiCg1L._SX450_.jpg","B0FJ5KPPRB","Industrial Endoscope Camera with 4.3'' HD Screen, 1080P Borescope Inspection Camera with 8 LED Lights, IP67 Waterproof Scope for Automotive, Pipe, Wall, Drain Inspection (10M (32.8FT))","AOERWEI","FBA","Industrial & Scientific",742926,"N/A","N/A","N/A","N/A","Borescopes",1288,43.99,-34,0,0,-113,"-","-",27,3.8,"SCOPIQ","China",1,0,"N/A","Large Standard-Size",2.8,6.61,8.66,1.41,80.7,222.61,"07/31/2025",8,5,3,0
"https://amazon.com/dp/B0DDT5FW1B","https://m.media-amazon.com/images/I/71aLmJrSK+L._SX450_.jpg","B0DDT5FW1B","Anysun Sewer Inspection Camera, 7MM 165 Ft Cable, Pipe Camera with 9"" Screen, IP68 Waterproof, Self-Leveling, Distance Counter, 8 Hr Battery Life","anysun","FBA","Industrial & Scientific",743846,"N/A","N/A","N/A","N/A","Borescopes",1291,699.99,-17,1,1,-71,786.78,558.22,1,5,"HZDZ_Shop","Hong Kong",1,0,"N/A","Large bulky",15.5,17.4,17.5,29,1529.55,3823.87,"04/30/2025",18,6,3,1.07
"https://amazon.com/dp/B0DJWQD2QZ","https://m.media-amazon.com/images/I/61L220Wl9AL._SX450_.jpg","B0DJWQD2QZ","Vividia VA-106i Flexible One-Way Articulating Digital USB Camera Borescope Videoscope with 6mm (0.24"") Diameter 0.6m (24"") Long for iOS & Android Devices & Windows PCs","VIVIDIA","FBM","Industrial & Scientific",745365,"N/A","N/A","N/A","N/A","Borescopes",1293,299.98,-14,1,1,,328.33,328.26,"N/A","N/A","Oasis Scientific Inc.","USA",1,0,"N/A","N/A","N/A","N/A","N/A","N/A","N/A","N/A","05/31/2025",25,2,0,"N/A"
"https://amazon.com/dp/B0CMQPQ689","https://m.media-amazon.com/images/I/71YQ-hW5rVL._SX450_.jpg","B0CMQPQ689","SYOWNFS Sewer Camera with 512Hz Sonde Self-Leveling, Pipe Inspection Camera with DVR Recorder, Endoscope with Meter Counter 12pcs LED Lights for Plumbing 66ft/20m (16 GB SD Card Included)","SYOWNFS","FBA","Industrial & Scientific",750102,"N/A","N/A","N/A","N/A","Borescopes",1287,595.99,-22,0,0,-75,"-","-",4,3.2,"ENNIO","China",2,15,-68,"Large bulky",10.67,13.43,15.47,12.26,718.41,1796.04,"02/28/2025",29,9,4,0
"https://amazon.com/dp/B01IB26MP0","https://m.media-amazon.com/images/I/61HSvxFT+XL._SX450_.jpg","B01IB26MP0","M12 M-SPECTOR FLEX 3'FTINS CAMERA CABLE KIT","Milwaukee","FBM","Industrial & Scientific",761565,045242344239,"N/A",0045242344239,"N/A","Borescopes",1294,439.99,-7,0,0,,"-","-",13,4.4,"AHIA STRING.","USA",4,9,-73,"Large Standard-Size",5.35,13.54,17.17,8.25,"N/A","N/A","06/30/2024",117,3,0,0
"https://amazon.com/dp/B07SJP5RL2","https://m.media-amazon.com/images/I/71lOlO3vW8L._SX450_.jpg","B07SJP5RL2","Vividia PM-40 Handheld 4.0mm Diameter USB Digital Microscope Borescope Endoscope Camera with Metal Stand for Windows/MacBook/Android Phone and Tablet","VIVIDIA","FBM","Industrial & Scientific",762616,"N/A","N/A","N/A","N/A","Borescopes",1289,199.98,-27,0,0,-100,"-","-",0,"N/A","Oasis Scientific Inc.","USA",1,9,29,"N/A","N/A","N/A","N/A","N/A","N/A","N/A","01/31/2026",100,9,0,"N/A"
"https://amazon.com/dp/B0CP6P5C3M","https://m.media-amazon.com/images/I/71bjXFpn8TL._SX450_.jpg","B0CP6P5C3M","4-Way 360° Articulating Borescope, Joystick 5"" HD Endoscope Camera with Light, Waterproof Snake Inspection Camera for Engine, Pipe, HVAC, Wall (6mm Single Lens-3.3FT Flexible Cable)","Ralcam","FBA","Industrial & Scientific",763473,717977777438,"N/A",0717977777438,"N/A","Borescopes",1311,299.99,-36,25,0,-67,9201.42,"-",40,4.4,"Ralcam","China",1,0,"N/A","Large Standard-Size",3.94,1.97,5.91,3.64,23.04,63.57,"01/31/2026",61,9,0,0.62
"https://amazon.com/dp/B0B9R8GCW8","https://m.media-amazon.com/images/I/71baptefq9L._SX450_.jpg","B0B9R8GCW8","Oiiwak Sewer Camera, 100FT Sewer Pipe Video Inspection Camera with 9'' LCD Monitor for Snake Drain Plumbing Pipe, 720P DVR Recorder, 12 LEDs, IP68 Waterproof 23MM Industrial Borescope, 16GB SD Card","Oiiwak","FBA","Industrial & Scientific",763486,631978282817,"N/A",0631978282817,"N/A","Borescopes",1305,499.99,-31,1,1,-86,1004.52,489.48,4,4.2,"Oiiwak Tech","China",1,0,"N/A","Large bulky",12,17,20,16,1322.22,3305.56,"10/31/2025",44,9,3,0.35
"https://amazon.com/dp/B09BTDWTCQ","https://m.media-amazon.com/images/I/61YgjbHPehL._SX450_.jpg","B09BTDWTCQ","VSP-600 Car Inspection Camera Videoscope Borescope Scope Camera HD Inspection Camera, Zoom Waterproof Borescope","LAUNCH","FBA","Industrial & Scientific",765656,"N/A","N/A","N/A","N/A","Borescopes",1292,79.99,"N/A",0,0,300,"-","-",21,4.6,"LEO GLOBAL ELECTRONICS TECHNOLOGY LLC","USA",1,2,-96,"Large Standard-Size",2.09,5.47,13.03,0.66,75,206.89,"06/30/2024",56,9,0,0
"https://amazon.com/dp/B0CMQPY3PZ","https://m.media-amazon.com/images/I/71YQ-hW5rVL._SX450_.jpg","B0CMQPY3PZ","SYOWNFS Sewer Camera with 512Hz Sonde Self-Leveling, Pipe Inspection Camera with DVR Recorder, Endoscope with 12pcs LED Lights for Plumbing, 165ft/50m (16GB SD Card Included)","SYOWNFS","FBA","Industrial & Scientific",765759,"N/A","N/A","N/A","N/A","Borescopes",1298,593.75,-22,0,0,-75,"-","-",4,3.2,"ENNIO","China",2,15,-68,"Large bulky",10.79,13.58,15.35,14.33,728.91,1822.27,"02/28/2025",29,9,4,0
"https://amazon.com/dp/B07DCHNNN4","https://m.media-amazon.com/images/I/717oGSzynYL._SX450_.jpg","B07DCHNNN4","USB Snake Inspection Camera 3 in 1 Endoscope Inspection Camera 20M 720P Borescope Inspection Camera with 8 Adjustable LED for Pipe Car Inspection","Akozon","FBM","Industrial & Scientific",766086,741870989278,"N/A",0741870989278,"N/A","Borescopes",1294,46.69,-25,6,6,,278.39,278.19,151,3.5,"Miyinla-Z","China",1,6,-33,"Large Standard-Size",2.68,5.91,5.98,1.23,"N/A","N/A","11/30/2024",94,10,0,0.04
"https://amazon.com/dp/B0CMQQS51B","https://m.media-amazon.com/images/I/71YQ-hW5rVL._SX450_.jpg","B0CMQQS51B","SYOWNFS Sewer Camera with 512Hz Sonde Self-Leveling, Pipe Inspection Camera with DVR Recorder, Endoscope with 12pcs LED Lights for Plumbing, 100ft/30m (16GB SD Card Included)","SYOWNFS","FBA","Industrial & Scientific",766733,"N/A","N/A","N/A","N/A","Borescopes",1298,628.99,-41,0,0,50,"-","-",4,3.2,"ENNIO","China",2,18,-63,"Large bulky",10.39,13.3,15.24,12.96,682.49,1706.23,"02/28/2025",29,9,4,0
"https://amazon.com/dp/B0BBWBT9Y3","https://m.media-amazon.com/images/I/51we07itVzL._SX450_.jpg","B0BBWBT9Y3","USB Industrial Endoscope 6 LED Lights 7mm Probe IP67 Waterproof Pipe Inspection Camera for Measuring Pipes Underwater Viewing","LiebeWH","FBA","Industrial & Scientific",767228,"N/A","N/A","N/A","N/A","Borescopes",1299,9.99,"N/A",0,0,-100,"-","-",1,3,"Vinnier bm","China",0,18,-28,"N/A","N/A","N/A","N/A","N/A","N/A","N/A","08/31/2024",43,9,2,0.03
"https://amazon.com/dp/B0CY9FLRDV","https://m.media-amazon.com/images/I/610Jy8mPv0L._SX450_.jpg","B0CY9FLRDV","Milwoukee Fits Milwaukee 2319-20 M-Spector 4’ Inspection Camera,360 Inspection Camera,360 borescope","Milwoukee","FBM","Industrial & Scientific",768405,784669919841,"N/A",0784669919841,"N/A","Borescopes",1318,180,"N/A",0,0,,"-","-","N/A","N/A","V3sellers","USA",4,8,"N/A","N/A","N/A","N/A","N/A","N/A","N/A","N/A","08/31/2024",25,8,0,"N/A"
"https://amazon.com/dp/B0B6YNP8N2","https://m.media-amazon.com/images/I/51x9k8Re4lL._SX450_.jpg","B0B6YNP8N2","Anysun Screen for 7D1 Sewer Camera, 7 Inch LCD Monitor","anysun","FBM","Industrial & Scientific",771173,774829649862,"N/A",0774829649862,"N/A","Borescopes",1296,129.99,-6,2,2,33,199.05,199,"N/A","N/A","HZDZ_Shop","Hong Kong",1,13,117,"N/A","N/A","N/A","N/A","N/A","N/A","N/A","05/31/2025",44,2,0,"N/A"
"https://amazon.com/dp/B00PWKZCHE","https://m.media-amazon.com/images/I/61IHm26OVCL._SX450_.jpg","B00PWKZCHE","General Tools PCS55 PalmScope Compact Borescope Video Inspection Camera , Grey","General Tools","FBA","Industrial & Scientific",771488,681035016718,00681035016718,0681035016718,"N/A","Borescopes",1302,89.97,11,0,0,-71,"-","-",13,3.8,"Dwater","USA",3,14,8,"Large Standard-Size",2.95,6.22,11.3,1.04,104.49,288.25,"02/28/2025",136,6,0,0.01
"https://amazon.com/dp/B0BBW9DBL7","https://m.media-amazon.com/images/I/51we07itVzL._SX450_.jpg","B0BBW9DBL7","Industrial Endoscope USB Inspection Camera with 6 LED Lights 7mm Probe for PC Pipe Drain Automotive Engine Snake Camera","LiebeWH","FBA","Industrial & Scientific",779434,"N/A","N/A","N/A","N/A","Borescopes",1315,9.99,-45,0,0,-100,"-","-",1,3,"Vinnier bm","China",2,18,-28,"Large Standard-Size",1.5,4.8,4.84,0.15,17.52,48.33,"08/31/2024",43,9,2,0.03
"https://amazon.com/dp/B0BBWC74DX","https://m.media-amazon.com/images/I/31nahnxpHnL._SX450_.jpg","B0BBWC74DX","USB Endoscope Inspection Camera 7mm 6 LED Lights IP67 Borescope for Pipe Car Underwater Viewing 2M","LiebeWH","FBA","Industrial & Scientific",779460,"N/A","N/A","N/A","N/A","Borescopes",1316,11.86,-41,0,0,-100,"-","-",1,3,"Vinnier bm","China",1,18,-28,"Large Standard-Size",4.72,4.72,1.57,0.19,17.7,48.82,"08/31/2024",43,9,2,0.03
"https://amazon.com/dp/B005NHJIDU","https://m.media-amazon.com/images/I/41Tn-tkrNQL._SX450_.jpg","B005NHJIDU","ViVidia AbleScope VA-800 USB Flexible Inspection Camera Borescope Vedioscope with 180 Degree Articulating 8.5mm Diameter Probe","VIVIDIA","FBA","Industrial & Scientific",782320,759119543990,"N/A",0759119543990,"N/A","Borescopes",1315,399.95,-6,0,0,,"-","-",28,4.2,"DollarsNsense","USA",2,8,-56,"Large Standard-Size",3.7,11.8,14,2.95,307.74,848.94,"03/31/2024",155,9,0,0
"https://amazon.com/dp/B0DRFWK9SD","https://m.media-amazon.com/images/I/71Vp7BD82pL._SX450_.jpg","B0DRFWK9SD","ESANHAO Sewer Pipe Camera with Distance Counter & Light Borescope Inspection Camera with 9"" AHD Screen for Plumber, Homeowners (50M)","ESANHAO","FBA","Industrial & Scientific",785818,"N/A","N/A","N/A","N/A","Borescopes",1334,699.99,-33,0,0,-83,"-","-",3,3.1,"ESANHAO Store","China",1,0,"N/A","Large bulky",16,16.5,17.4,25.45,1488.67,3721.67,"08/31/2025",14,8,2,0.08
"https://amazon.com/dp/B0FNN4ZG8D","https://m.media-amazon.com/images/I/71u5yMtOs9L._SX450_.jpg","B0FNN4ZG8D","Endoscope Camera with 4.3"" Screen, 8 LED Lights, 8mm Borescope, IP67 Waterproof Snake Inspection Camera with Semi-Rigid Cable for Automotive, Plumbing, HVAC, Home DIY (2M (6.5FT))","AOERWEI","FBA","Industrial & Scientific",786643,"N/A","N/A","N/A","N/A","Borescopes",1341,28.99,180,0,0,,"-","-",7,4.8,"SCOPIQ","China",1,0,"N/A","Large Standard-Size",9.06,5.51,2.36,0.66,59.36,163.75,"12/31/2025",7,7,3,0.03
"https://amazon.com/dp/B0BBV4TK4N","https://m.media-amazon.com/images/I/71Uo-8xZ84L._SX450_.jpg","B0BBV4TK4N","Sewer Camera,9 inch Pipe Inspection Camera 30m with Self-Leveling 512Hz Locator Signal,Drain Inspection with 12pc LED Lights,DVR Recording Funcation for inspect The Pipeline, Sewer (100FT/30M)","JINXINEBAY","FBA","Industrial & Scientific",790161,755524886271,"N/A",0755524886271,"N/A","Borescopes",1324,439.99,-9,2,2,350,998.98,998.92,3,4.3,"31yoosee","China",1,18,"N/A","Large bulky",15.7,17.3,21.1,32.5,1857.26,4643.15,"03/31/2025",43,8,3,0.76
"https://amazon.com/dp/B0CMXZG7T4","https://m.media-amazon.com/images/I/61koHW1WmiL._SX450_.jpg","B0CMXZG7T4","3 in 1 Endoscope Borescope Camera with 6 Adjustable LED Lights 3.9mm Lens Type C IP67 Waterproof Snake Camera 5 Meters Soft Cord","Walfront","FBA","Industrial & Scientific",790748,"N/A","N/A","N/A","N/A","Borescopes",1339,22.23,-55,0,0,,"-","-","N/A","N/A","Dawnsou","China",2,11,"N/A","Large Standard-Size",6.3,6.3,1.57,0.29,31.46,86.79,"07/31/2025",29,9,0,"N/A"
"https://amazon.com/dp/B07KXMR5D8","https://m.media-amazon.com/images/I/711ak2ZrLcL._SX450_.jpg","B07KXMR5D8","Inspection Camera MASO IP67 Waterproof Wireless HD 1200P Endoscope Camera with one Small Hook,WIFI Box Sucker,8 Led Lights,Cable length 2 M,Compatible with iOS/Android/Windows/Mac System","MASO","FBM","Industrial & Scientific",791039,754914202219,"N/A",0754914202219,"N/A","Borescopes",1328,33.72,-74,0,0,-133,"-","-",2,5,"Senriseus","China",0,19,171,"Large Standard-Size",5.91,4.33,1.77,0.46,"N/A","N/A","10/31/2025",88,9,1,0
"https://amazon.com/dp/B0FNRCXV95","https://m.media-amazon.com/images/I/71y7UNI6TDL._SX450_.jpg","B0FNRCXV95","Anysun Sewer Camera Self-Leveling, Pipe Inspection Camera with Distance Counter, 250FT 7mm Cable Reel, 10” HD Monitor DVR, Waterproof Plumbing Cam with Wheels, Pull Handle & Keyboard","anysun","FBM","Industrial & Scientific",795360,717308720584,"N/A",0717308720584,"N/A","Borescopes",1344,1369.99,-19,0,0,,"-","-","N/A","N/A","HZDZ_Shop","Hong Kong",1,0,"N/A","Large bulky",18,16,10,26.46,"N/A","N/A","11/30/2025",7,6,4,"N/A"
"https://amazon.com/dp/B0FJWX92XL","https://m.media-amazon.com/images/I/71Cgf9zXkzL._SX450_.jpg","B0FJWX92XL","Endoscope ﻿Borescope Camera with Light, Inspection Camera with 4.3"" IPS Screen 8 Adjustable LED Lights, IP67 Waterproof, Semi-Rigid Cord Bore Scope for ﻿Sewer Automotive Pipe Equipment﻿","Trizotek","FBA","Industrial & Scientific",796092,"N/A","N/A","N/A","N/A","Borescopes",1351,24.99,-29,0,0,,"-","-",2,3.8,"Demeter Gift Store","China",1,0,"N/A","Large Standard-Size",7.87,5.71,2.96,0.82,66.97,184.74,"08/31/2025",8,9,0,0
"https://amazon.com/dp/B0FNRBN288","https://m.media-amazon.com/images/I/71FMsjMCUHL._SX450_.jpg","B0FNRBN288","Anysun Sewer Camera with Locator, Self-Leveling Pipe Inspection Camera with Distance Counter, 200FT 7mm Cable Reel, 10” HD Monitor DVR, Waterproof Plumbing Cam with Wheels, Pull Handle & Keyboard","anysun","FBM","Industrial & Scientific",797544,717308720553,"N/A",0717308720553,"N/A","Borescopes",1349,1799.99,"N/A",0,0,,"-","-","N/A","N/A","HZDZ_Shop","Hong Kong",1,0,"N/A","Large bulky",18,16,10,26.46,"N/A","N/A","11/30/2025",7,7,4,"N/A"
"https://amazon.com/dp/B0CZDNJLWH","https://m.media-amazon.com/images/I/411Wv9bbNHL._SX450_.jpg","B0CZDNJLWH","Onerbl USB-C 5V AC/DC Adapter Compatible with Teslong MS450 50ft Sewer Camera 1080P Drain Plumbing Snake Inspection Flexible Borescope Endoscope Duct Fiber 5VDC Power Supply Cord Battery Charger PSU","onerbl","FBM","Industrial & Scientific",799497,"N/A","N/A",4741640971935,"N/A","Borescopes",1344,13.89,6,1,1,50,14.31,14.26,"N/A","N/A","GreatComputerParts","China",1,16,"N/A","N/A","N/A","N/A","N/A","N/A","N/A","N/A","03/31/2025",24,1,0,"N/A"
"https://amazon.com/dp/B08NF3CFL2","https://m.media-amazon.com/images/I/51oqn9zcy3L._SX450_.jpg","B08NF3CFL2","Oumefar 3 in 1 for Android Type‑C Mobile Phone 3.9mm Lens High Definition Endoscope Focal Distance Borescope Megapixels HD Snake Inspection Camera (1m/3.3ft)","Oumefar","FBA","Industrial & Scientific",802402,"N/A","N/A",9588079442729,"N/A","Borescopes",1348,22.79,-15,1,1,-90,22.53,22.48,"N/A","N/A","Lanxued","China",2,19,533,"Large Standard-Size",1.46,5.12,5.2,0.1,19.57,53.99,"06/30/2025",65,8,0,"N/A"
"https://amazon.com/dp/B0B2RGDBCN","https://m.media-amazon.com/images/I/71I7L+AiQDL._SX450_.jpg","B0B2RGDBCN","Sanyipace Pushrod Coil Cable for Pipe Camera, 66FT/20M, Sewer Camera Accessories, Hard Waterproof Drain Camera Cable, ONLY for Model: 9300D","Sanyipace","FBM","Industrial & Scientific",804130,"N/A","N/A","N/A","N/A","Borescopes",1347,209.99,"N/A",3,1,600,785.21,154.39,6,4.7,"SanyipaceDirect Store","China",1,0,"N/A","Large Standard-Size",13.8,4.7,13.8,3.2,"N/A","N/A","05/31/2025",46,6,8,0.58
"https://amazon.com/dp/B0B2RMQCJ8","https://m.media-amazon.com/images/I/71I7L+AiQDL._SX450_.jpg","B0B2RMQCJ8","Sanyipace Pushrod Coil Cable for Pipe Camera, 100FT/30M, Sewer Camera Accessories, Hard Waterproof Drain Camera Cable, ONLY for Model: 9300D","Sanyipace","FBM","Industrial & Scientific",804416,"N/A","N/A","N/A","N/A","Borescopes",1353,239.99,"N/A",3,0,600,785.21,"-",6,4.7,"SanyipaceDirect Store","China",1,0,"N/A","Large Standard-Size",5.28,12.83,12.99,5.4,"N/A","N/A","05/31/2025",46,7,8,0.58
"https://amazon.com/dp/B0CG6RLXW6","https://m.media-amazon.com/images/I/51mxRFD3+dL._SX450_.jpg","B0CG6RLXW6","Car Inspection Camera, Under Vehicle Inspection Camera, Wide Angle HD Waterproof Telescopic Pole Video Inspection Camera with Infrared Night for Cars, Machinery, Trucks (US Plug)","Luqeeg","FBA","Industrial & Scientific",805168,"N/A","N/A","N/A","N/A","Borescopes",1357,234.15,9,2,2,60,505.51,505.42,1,1,"luqeeg","China",1,15,"N/A","Large bulky",4.09,10.55,31.65,4.45,442.58,1106.46,"11/30/2024",31,9,1,2.03
"https://amazon.com/dp/B0CNLJZ1VK","https://m.media-amazon.com/images/I/81OsRwrvuZL._SX450_.jpg","B0CNLJZ1VK","Anysun Sewer Camera Self Leveling, 512Hz Transmitter, Meter Counter, 10"" HD 270 Degree Adjustable Pipe Camera with Keyboard, 1-Touch Video/Audio, Plumbing Snake Camera with 7mm Thicker Cable - 265Ft","anysun","FBA","Industrial & Scientific",807006,"N/A","N/A","N/A","N/A","Borescopes",1326,999.99,-1,0,0,-133,"-","-",2,3.5,"Yongchangsheng tech","Hong Kong",1,2,"N/A","Large bulky",11.5,22.13,26.75,38.5,2206.21,5515.53,"08/31/2024",27,8,0,0
"https://amazon.com/dp/B0FNN3VSSR","https://m.media-amazon.com/images/I/61HyUzlEdgL._SX450_.jpg","B0FNN3VSSR","Endoscope Camera with 4.3"" Screen, 8 LED Lights, 8mm Borescope, IP67 Waterproof Snake Inspection Camera with Semi-Rigid Cable for Automotive, Plumbing, HVAC, Home DIY (5M (16.4FT))","AOERWEI","FBA","Industrial & Scientific",809482,"N/A","N/A","N/A","N/A","Borescopes",1366,32.99,-5,0,0,,"-","-",7,4.8,"SCOPIQ","China",1,0,"N/A","Large Standard-Size",3.39,5.87,13.43,1.19,134.25,370.34,"12/31/2025",7,7,3,0.03
"https://amazon.com/dp/B0B2RK7SQB","https://m.media-amazon.com/images/I/71I7L+AiQDL._SX450_.jpg","B0B2RK7SQB","Sanyipace Pushrod Coil Cable for Pipe Camera, 165FT/50M, Sewer Camera Accessories, Hard Waterproof Drain Camera Cable, ONLY for Model: 9300D","Sanyipace","FBM","Industrial & Scientific",809628,"N/A","N/A","N/A","N/A","Borescopes",1347,289.99,"N/A",3,0,600,785.21,"-",6,4.7,"SanyipaceDirect Store","China",1,0,"N/A","Large Standard-Size",5.28,12.8,13.11,6.15,"N/A","N/A","05/31/2025",46,7,8,0.58
"https://amazon.com/dp/B0F49KLC84","https://m.media-amazon.com/images/I/51emI6GIxnL._SX450_.jpg","B0F49KLC84","Vividia NP-0-09510 Flexible Non-Articulation 0.95mm Diameter 1 Meter Long Borescope Endoscope Videoscope Inspection Camera with 5"" LCD Monitor","VIVIDIA","FBM","Industrial & Scientific",811148,"N/A","N/A","N/A","N/A","Borescopes",1361,7999,"N/A",0,0,,"-","-","N/A","N/A","Oasis Scientific Inc.","USA",1,0,"N/A","N/A","N/A","N/A","N/A","N/A","N/A","N/A","-",66,9,0,"N/A"
"https://amazon.com/dp/B0D1YFN2L9","https://m.media-amazon.com/images/I/51a02uHbFPL._SX450_.jpg","B0D1YFN2L9","Wheels Protective Cover Pipe Sewer Inspection Camera Protective Cover, 3.5In Stainless Steel Wheels Protector Cover for 23mm/0.9In Pipe Sewer Pipeline Inspection Camera","Yosoo Health Gear","FBM","Industrial & Scientific",811969,"N/A","N/A","N/A","N/A","Borescopes",1368,21.23,-38,1,1,,28.49,28.44,1,5,"Naideys","China",1,0,"N/A","Large Standard-Size",6.69,3.94,2.76,0.33,"N/A","N/A","08/31/2025",24,9,0,1.27
"https://amazon.com/dp/B0CDPWZBMM","https://m.media-amazon.com/images/I/71hTEQpnjhL._SX450_.jpg","B0CDPWZBMM","Sewer Camera 512Hz Transmitter,5MM Diameter Cable, Microphone/DVR, 165FT/50M Pipe Inspection Borescopes, 10.1'' HD 1080P IPS Screen Plumbing Camera IP68 Waterproof","SYOWNFS","FBA","Industrial & Scientific",812939,"N/A","N/A","N/A","N/A","Borescopes",1361,509.19,-25,0,0,-115,"-","-",12,3.6,"ENNIO","China",2,22,-35,"Large bulky",11,13.2,15.3,13.5,719.95,1799.88,"02/28/2025",32,7,4,0.01
"https://amazon.com/dp/B0CDPWXHHL","https://m.media-amazon.com/images/I/71hTEQpnjhL._SX450_.jpg","B0CDPWXHHL","Sewer Camera 512Hz Transmitter,5MM Diameter Cable, Microphone/DVR, 66FT/20M Pipe Inspection Borescopes, 10.1'' HD 1080P IPS Screen Plumbing Camera IP68 Waterproof","SYOWNFS","FBA","Industrial & Scientific",813090,"N/A","N/A","N/A","N/A","Borescopes",1360,499.99,-28,0,0,-115,"-","-",12,3.6,"ENNIO","China",2,22,-35,"Large bulky",11.2,13.2,15.1,11.6,723.46,1808.64,"02/28/2025",32,7,4,0.01
"https://amazon.com/dp/B0CDPVPP3S","https://m.media-amazon.com/images/I/71hTEQpnjhL._SX450_.jpg","B0CDPVPP3S","Sewer Camera 512Hz Transmitter,5MM Diameter Cable, Microphone/DVR, 98FT/30M Pipe Inspection Borescopes, 10.1'' HD 1080P IPS Screen Plumbing Camera IP68 Waterproof","SYOWNFS","FBA","Industrial & Scientific",813090,"N/A","N/A","N/A","N/A","Borescopes",1360,469.99,-18,0,0,-115,"-","-",12,3.6,"ENNIO","China",2,22,-35,"Large bulky",11.26,13.3,15.47,12.57,750.8,1877,"02/28/2025",32,7,4,0.01
"https://amazon.com/dp/B0F27HZ5JF","https://m.media-amazon.com/images/I/51vKDFGTpYL._SX450_.jpg","B0F27HZ5JF","MAJIAOFANG Endoscope Camera with 6 LED Light Borescope Inspection Cameras Snake Cameras for Cellphone PC","MAJIAOFANG","FBM","Industrial & Scientific",813510,"N/A","N/A",7709280004731,"N/A","Borescopes",1364,18.91,-3,2,1,-119,24.45,10.69,"N/A","N/A","GuangZhouYunWeiKeJiYouXianGongSi","China",1,28,"N/A","N/A","N/A","N/A","N/A","N/A","N/A","N/A","12/31/2025",3,9,11,"N/A"
"https://amazon.com/dp/B0FNRD2QCN","https://m.media-amazon.com/images/I/71y7UNI6TDL._SX450_.jpg","B0FNRD2QCN","Anysun Sewer Camera Self-Leveling, Pipe Inspection Camera with Distance Counter, 200FT 7mm Cable Reel, 10” HD Monitor DVR, Waterproof Plumbing Cam with Wheels, Pull Handle & Keyboard","anysun","FBM","Industrial & Scientific",814786,717308720577,"N/A",0717308720577,"N/A","Borescopes",1367,1299.99,-13,0,0,,"-","-","N/A","N/A","HZDZ_Shop","Hong Kong",1,0,"N/A","Large bulky",18,16,10,26.46,"N/A","N/A","11/30/2025",7,6,4,"N/A"
"https://amazon.com/dp/B0F27JTJZQ","https://m.media-amazon.com/images/I/51vKDFGTpYL._SX450_.jpg","B0F27JTJZQ","MAJIAOFANG Endoscope Camera with 6 LED Light Borescope Inspection Cameras Snake Cameras for Cellphone PC","MAJIAOFANG","FBM","Industrial & Scientific",818329,"N/A","N/A",7709280004762,"N/A","Borescopes",1373,8.43,-15,1,1,-131,13.68,7.56,"N/A","N/A","GuangZhouYunWeiKeJiYouXianGongSi","China",1,28,"N/A","N/A","N/A","N/A","N/A","N/A","N/A","N/A","12/31/2025",12,9,11,"N/A"
"https://amazon.com/dp/B0DDXLLQD4","https://m.media-amazon.com/images/I/71MjXdtX1AL._SX450_.jpg","B0DDXLLQD4","Jadeshay Industrial Endoscope, 4.3'' LCD 1080P HD Screen Waterproof Camera, 16.4FT Semi-Rigid Cable and Adjustable LED Lights","Jadeshay","FBA","Industrial & Scientific",819212,"N/A","N/A","N/A","N/A","Borescopes",1374,27.39,-31,1,1,,29.83,29.78,3,3.8,"Jade_shay","China",1,12,"N/A","Large Standard-Size",8.26,5.51,2.75,1,63.01,173.83,"06/30/2025",19,9,0,0.36
"https://amazon.com/dp/B0885RH9PV","https://m.media-amazon.com/images/I/31cGzYEqAML._SX450_.jpg","B0885RH9PV","Vividia VA-450 LCD/WiFi Two-Way Articulating Borescope Videoscope Inspection Camera with 5.5mm Diameter 1m Probe and IPS 4.5"" LCD Monitor and Wireless for iOS and Android Devices and Side-View Mirror","VIVIDIA","FBM","Industrial & Scientific",823799,"N/A","N/A","N/A","N/A","Borescopes",1370,899.98,-27,1,1,,972.63,972.56,8,5,"Oasis Scientific Inc.","USA",2,8,-11,"N/A","N/A","N/A","N/A","N/A","N/A","N/A","08/31/2024",71,8,0,0.14
"https://amazon.com/dp/B0C8GQGDRP","https://m.media-amazon.com/images/I/51rE9k65WrL._SX450_.jpg","B0C8GQGDRP","Borescope Inspection Camera Accessory, 23mm Pipe Inspection Camera 140 Degrees View Professional with 12 LED Lights for Pipe Camera","Jopwkuin","FBM","Industrial & Scientific",824460,"N/A","N/A","N/A","N/A","Borescopes",1373,130.99,-5,0,0,-133,"-","-",2,2.9,"Minsure-US","China",2,5,"N/A","Large Standard-Size",6.69,3.94,2.76,0.42,"N/A","N/A","10/31/2024",34,9,0,0
"https://amazon.com/dp/B07WFNWDXD","https://m.media-amazon.com/images/I/51I+-XcGPeL._SX450_.jpg","B07WFNWDXD","Lixada Drain Pipeline Inspection Replacement Camera Sewer Pipe Drain Inspection Camera Head Replacement for The 23mm Camera","Lixada","FBA","Industrial & Scientific",827619,"N/A","N/A","N/A","N/A","Borescopes",1379,130.99,-45,1,1,-133,157.13,157.09,24,3.4,"BOEOA","China",2,11,-8,"Large Standard-Size",1.42,6.26,6.3,0.33,28.2,77.78,"05/31/2024",80,9,0,0.05