"URL","Image URL","ASIN","Title","Brand","Fulfillment","Category","BSR","UPC","GTIN","EAN","ISBN","Subcategory","Subcategory BSR","Price","Price Trend (90 days) (%)","Parent Level Sales","ASIN Sales","Sales Trend (90 days) (%)","Parent Level Revenue","ASIN Revenue","Review Count","Reviews Rating","Seller","Seller Country/Region","Number of Active Sellers","Last Year Sales","Sales Year Over Year (%)","Shipping Details","Length","Width","Height","Weight","Storage Fee (Jan - Sep)","Storage Fee (Oct - Dec)","Best Sales Period","Listing Age (Months)","Number of Images","Variation Count","Sales to Reviews"
"https://amazon.com/dp/B0G57ZTV6S","https://m.media-amazon.com/images/I/71qGSBZZ70L._SX450_.jpg","B0G57ZTV6S","5.5mm Endoscope Camera, 1920P HD Borescope with 8 Adjustable LED Lights, Semi-Rigid Snake Cable, IP67 Waterproof, 16.4ft Single Lens for iPhone & Android","NOUSV","FBA","Industrial & Scientific",36013,"N/A","N/A","N/A","N/A","Borescopes",88,17.99,-12,46,46,,847.3,846.76,3,4.6,"aileking-us","China",1,0,"N/A","Large Standard-Size",5.12,5.12,1.54,0.34,20.25,55.86,"03/31/2026",4,9,0,15.4
"https://amazon.com/dp/B0DYJGWGHB","https://m.media-amazon.com/images/I/71enHmxNcRL._SX450_.jpg","B0DYJGWGHB","Sanyipace Sewer Inspection Camera 230FT/70M, Self-Leveling Drain Pipe Camera, Distance Counter, 5-Level Brightness, 1080P Plumbing Camera for Plumber, 32GB Card, 4500mAh Battery, 5mm/0.2-inch Cable","Sanyipace","FBA","Industrial & Scientific",36166,"N/A","N/A","N/A","N/A","Borescopes",96,869.88,-37,93,9,-13,89385.52,7474.95,20,4,"Yans Minie","China",1,0,"N/A","Large bulky",11.5,15.05,20.5,21.45,1149.83,2874.57,"01/31/2026",13,7,6,4.63
"https://amazon.com/dp/B0FPFQD34F","https://m.media-amazon.com/images/I/71jYsqppO7L._SX450_.jpg","B0FPFQD34F","Sanyipace Sewer Inspection Camera, 328FT/100M Drain Camera with Locator, 7MM Stiffer Cable, Self-Leveling, 512Hz Transmitter, 10.1"" Screen Pipe Camera, 32GB Card, Distance Counter","Sanyipace","FBA","Industrial & Scientific",36192,"N/A","N/A","N/A","N/A","Borescopes",96,1449.88,-24,93,3,-13,89385.52,4474.87,20,4,"Yans Minie","China",1,0,"N/A","Large bulky",14,19,25,35.07,2155.09,5387.73,"01/31/2026",7,7,6,4.63
"https://amazon.com/dp/B0DRP5QBNB","https://m.media-amazon.com/images/I/71ekjCeo+sL._SX450_.jpg","B0DRP5QBNB","Sanyipace Sewer Camera with Pipe Locator, 7mm/0.28inch Cable, 512Hz, 10.1"" IPS Screen, 32GB Card, 165FT/50M Borescope Inspection Camera, DVR with Speaker, for Drain Pipe Plumbing Inspection","Sanyipace","FBA","Industrial & Scientific",36193,"N/A","N/A","N/A","N/A","Borescopes",96,1099.88,-20,93,44,-13,89385.52,48954.2,20,4,"Yans Minie","China",1,0,"N/A","Large bulky",11.8,21,21,26.86,1686.42,4216.04,"01/31/2026",15,7,6,4.63
"https://amazon.com/dp/B0DRP4MKFW","https://m.media-amazon.com/images/I/71dNSSra43L._SX450_.jpg","B0DRP4MKFW","Sanyipace Sewer Camera 230FT/70M with Locator, Self-Leveling Drain Camera with 10.1"" Screen, Pipe Inspection Camera 512Hz, DVR with Speaker, Distance Counter, 1080P Plumbing Camera with 12PCS Lights","Sanyipace","FBA","Industrial & Scientific",36193,"N/A","N/A","N/A","N/A","Borescopes",96,1299.88,-24,93,5,-13,89385.52,5864.75,20,4,"Yans Minie","China",1,0,"N/A","Large bulky",14.4,18.4,24.6,31.7,2112.32,5280.8,"01/31/2026",15,7,6,4.63
"https://amazon.com/dp/B0DY1KCDWW","https://m.media-amazon.com/images/I/71-mnVQNb8L._SX450_.jpg","B0DY1KCDWW","Sanyipace Pipe Inspection Camera 165FT/50M, Self-Leveling Sewer Camera, Distance Counter, DVR with Speaker, 32GB Card, 10.1"" IPS Screen Plumbing Camera with 12PCS Lights, 5X Zoom, 5mm/0.2-inch Cable","Sanyipace","FBA","Industrial & Scientific",36197,"N/A","N/A","N/A","N/A","Borescopes",96,769.88,-24,93,14,-13,89385.52,11035.7,20,4,"Yans Minie","China",1,0,"N/A","Large bulky",13,12,11.2,10,566.22,1415.56,"01/31/2026",13,7,6,4.63
"https://amazon.com/dp/B0FGK4X6X2","https://m.media-amazon.com/images/I/71McTubDuGL._SX450_.jpg","B0FGK4X6X2","1920P HD Endoscope Camera with Light, 4.3"" IPS Handheld Borescope with 8 Adjustable LED Lights, IP67 Waterproof Snake Camera, 16.5FT Semi-Rigid Cable Scope for Automotive Plumbing HVAC, Mechanic Tools","AukonVee","FBA","Industrial & Scientific",36308,"N/A","N/A","N/A","N/A","Borescopes",92,29.99,"N/A",175,15,-74,5253.66,438.05,115,4.4,"Shenzhen Qiuchen Electronics Co., LTD","China",1,0,"N/A","Large Standard-Size",3.27,5.04,11.69,1.32,97,267.58,"12/31/2025",9,9,3,1.6
"https://amazon.com/dp/B0FZT8LXG2","https://m.media-amazon.com/images/I/71i1v81ZAgL._SX450_.jpg","B0FZT8LXG2","RALCAM Two-Way Articulating Borescope, 5"" Industrial Endoscope Camera with Light, 0.24in/6.2mm Slim Probe, 5FT Semi-Rigid Video Inspection for Automotive Engine, HVAC, Mechanical, Wall","Ralcam","FBA","Industrial & Scientific",36390,"N/A","N/A","N/A","N/A","Borescopes",97,129.99,-23,84,36,,11390.11,4702.68,65,4.6,"Ralcam","China",1,0,"N/A","Large Standard-Size",3.46,9.02,16.57,3.11,260.36,718.25,"02/28/2026",5,8,3,1.29
"https://amazon.com/dp/B0FJLPG74M","https://m.media-amazon.com/images/I/71lvCZwqCjL._SX450_.jpg","B0FJLPG74M","Ralcam 360° Articulating Borescope Dual Lens 5'', Joystick 4-Way Industrial Endoscope Camera with Light, 0.25in Slim Probe Flexible Inspection Camera for Automotive Mechanics","Ralcam","FBA","Industrial & Scientific",36770,"N/A","N/A","N/A","N/A","Borescopes",96,299.99,-24,170,38,-14,46081.16,11047.98,233,4.3,"Ralcam","China",1,0,"N/A","Large Standard-Size",3.58,11.42,13.63,3.7,280.56,773.95,"09/30/2025",8,7,10,0.73
"https://amazon.com/dp/B0FKGYSFW5","https://m.media-amazon.com/images/I/71oJx2l7Q8L._SX450_.jpg","B0FKGYSFW5","Sewer Camera, Self Leveling Drain Camera 66ft with Meter Counter, 9"" HD Plumbing Cameras Snake with 12 LED Lights, 5100mAh Battery, IP68 & 32GB DVR Recorder, Duct Sewer Line Pipe Inspection","ONDASHCAM","FBA","Industrial & Scientific",36887,"N/A","N/A","N/A","N/A","Borescopes",91,379,"N/A",126,9,-28,50839.58,3566.35,19,3.8,"HanYuanHK DIRECT","China",1,0,"N/A","Large bulky",18.66,12.4,21.65,16.6,1623.44,4058.59,"11/30/2025",8,8,8,6.65
"https://amazon.com/dp/B0FKGZD63J","https://m.media-amazon.com/images/I/71XdMf6IXnL._SX450_.jpg","B0FKGZD63J","Sewer Camera, Self-Leveling Drain Camera 165 ft with Distance Counter, 9"" 1080P HD Plumbing Cameras Snake with 12 LED Lights, IP68 & 32GB DVR, Industrial Endoscope for Duct Sewer Line Pipe Inspection","ONDASHCAM","FBA","Industrial & Scientific",36889,"N/A","N/A","N/A","N/A","Borescopes",91,599.99,"N/A",126,3,-28,50839.58,1619.53,"N/A","N/A","HanYuanHK DIRECT","China",1,0,"N/A","Large bulky",18.66,12.4,21.65,16.6,1623.44,4058.59,"11/30/2025",8,8,8,"N/A"
"https://amazon.com/dp/B09KSYJ48V","https://m.media-amazon.com/images/I/71lYBBRDM+L._SX450_.jpg","B09KSYJ48V","SYANSPAN Sewer Camera,4.3"" HD Screen with 16GB DVR Function,Drain Pipe Inspection Camera for Home Wall Duct Drain Pipe Plumbing(33ft-164ft) (0.67"" Camera-16GB DVR, 164ft/50M)","SYANSPAN","FBA","Industrial & Scientific",36953,"N/A","N/A","N/A","N/A","Borescopes",138,276.99,"N/A",98,0,-78,28280.97,"-",2,4.1,"pipe camera","China",0,1904,-21,"Large Standard-Size",6.69,12.05,13.62,9.68,552.8,1524.96,"05/31/2024",53,6,28,49.09
"https://amazon.com/dp/B0FHGMHLJR","https://m.media-amazon.com/images/I/7122A-OzJlL._SX450_.jpg","B0FHGMHLJR","Ralcam Two-Way Articulating Borescope, 5.5mm/0.22in Slim Probe, 5"" Industrial Endoscope Camera with Light, 8X Zoom 5FT Flexible Snake Inspection Scope for Engine, Automotive, HVAC","Ralcam","FBA","Industrial & Scientific",37725,"N/A","N/A","N/A","N/A","Borescopes",100,128.88,-13,84,48,,11390.11,6687.22,65,4.6,"Ralcam","China",1,0,"N/A","Large Standard-Size",3.43,8.82,16.77,2.95,255.07,703.63,"02/28/2026",9,8,3,1.29
"https://amazon.com/dp/B0F47SBC8N","https://m.media-amazon.com/images/I/81RVJ97jDjL._SX450_.jpg","B0F47SBC8N","FBLFOBELI Hard Case for MugEasy/SKYBASIC/Daxiongmao/DEPSTECH/Lightswim Borescope Inspection Camera, Fits 4.3'' Screen Borescopes, Lens Industrial Endoscope Carrying Case","FBLFOBELI","FBA","Industrial & Scientific",38254,"N/A","N/A","N/A","N/A","Borescopes",103,14.99,-13,117,117,56,1755.05,1753.73,28,4.9,"FBL Fobeli","China",1,0,"N/A","Large Standard-Size",1.61,5.94,8.27,0.51,39.82,109.85,"02/28/2026",12,8,0,4.18
"https://amazon.com/dp/B09KT38TXX","https://m.media-amazon.com/images/I/61lToWs1KUL._SX450_.jpg","B09KT38TXX","SYANSPAN Sewer Camera,4.3"" HD Screen with 16GB DVR Function,Drain Pipe Inspection Camera for Home Wall Duct Drain Pipe Plumbing(33ft-164ft) (0.67"" Camera-No DVR, 66ft/20M)","SYANSPAN","FBA","Industrial & Scientific",39246,"N/A","N/A","N/A","N/A","Borescopes",139,1325.89,"N/A",113,0,-65,37572.92,"-",2,5,"pipe camera","China",0,1918,-20,"Large Standard-Size",12.6,6.3,12.99,9.92,519.11,1432.02,"05/31/2024",53,9,28,56.61
"https://amazon.com/dp/B09Y1F2MPB","https://m.media-amazon.com/images/I/817dy1iIf+L._SX450_.jpg","B09Y1F2MPB","5mm Dual Lens Inspection Camera, Teslong Borescope with LED Light, HD Industrial Endoscope, 5"" IPS Screen, Waterproof Video Scope Camera, Flexible Cable for Home/Automotive/Pipe/Car/Wall(5FT)","Teslong","FBA","Industrial & Scientific",39265,"N/A","N/A","N/A","N/A","Borescopes",99,95.99,-3,163,150,9,16156.92,14372.05,733,4.6,"Teslong","China",1,1733,"N/A","Large Standard-Size",2.76,9.8,11.65,2.01,158.65,437.65,"02/28/2026",48,9,4,0.22
"https://amazon.com/dp/B08PTVBGBQ","https://m.media-amazon.com/images/I/81Uscy9XeZL._SX450_.jpg","B08PTVBGBQ","5mm Dual Lens Inspection Camera, Teslong Borescope with LED Light, HD Industrial Endoscope, 5"" IPS Screen, Waterproof Video Scope Camera, Flexible Cable for Home/Automotive/Pipe/Car/Wall(16.5FT)","Teslong","FBA","Industrial & Scientific",39266,"N/A","N/A","N/A","N/A","Borescopes",99,129.99,-40,174,14,44,17170.98,1771.46,733,4.6,"Teslong","China",1,1745,"N/A","Large Standard-Size",2.72,9.96,11.65,2.18,158.9,438.35,"02/28/2026",64,10,4,0.24
"https://amazon.com/dp/B0G1MBQ6FX","https://m.media-amazon.com/images/I/71Z51yyAt0L._SX450_.jpg","B0G1MBQ6FX","Gatebig Sewer Camera with Locator,165FT/50M,Pull Handle,Self Leveling,7MM Cable,9'' IPS Drain Inspection Camera with DVR, IP68 Plumbing Snake with 12 LEDs for Home,Duct Pipe Inspection","Gatebig","FBA","Industrial & Scientific",39433,"N/A","N/A","N/A","N/A","Borescopes",103,824.9,"N/A",45,10,26,31470.99,8450.76,14,4.7,"shenzhendongxiangxuedianzikejiyouxiangongsi","China",1,0,"N/A","Large bulky",14,17,21,27,1619.72,4049.31,"02/28/2026",5,9,0,3.23
"https://amazon.com/dp/B0FHVPYYQ7","https://m.media-amazon.com/images/I/61VZ5ncgfYL._SX450_.jpg","B0FHVPYYQ7","Sanyipace Sewer Camera, 5"" IPS HD Pipe Inspection Camera,Built-in 32GB DVR with Microphone and Speaker, 8 LED Lights,IP68 Waterproof Drain Camer for Sewer Line, Home, Duct Drain Pipe Plumbing","Sanyipace","FBA","Industrial & Scientific",39561,"N/A","N/A","N/A","N/A","Borescopes",101,209.88,-21,99,72,,22218.91,15092.31,100,4.2,"SanyipaceDirect Store","China",1,0,"N/A","Large bulky",9,10.5,11.5,8.5,352.19,880.47,"02/28/2026",8,8,6,0.99
"https://amazon.com/dp/B0G6Y3W5BF","https://m.media-amazon.com/images/I/71mlK6wnM6L._SX450_.jpg","B0G6Y3W5BF","EASTBEAR Single-Lens Endoscope Camera with Light, 1920P HD Borescope with 8 Adjustable LEDs, 16.4FT Semi-Rigid Snake Cable, IP67 Waterproof Inspection Camera for iOS & Android - Black","EASTBEAR","FBA","Industrial & Scientific",39667,726870777759,"N/A",0726870777759,"N/A","Borescopes",99,26.99,"N/A",231,64,,6689.01,1725.64,29,4.4,"EASTBEAR Store","N/A",1,0,"N/A","Large Standard-Size",1.46,4.84,5.12,0.42,18.18,50.14,"02/28/2026",4,7,2,7.96
"https://amazon.com/dp/B0DCC7JN6M","https://m.media-amazon.com/images/I/714-GutH6rL._SX450_.jpg","B0DCC7JN6M","Drain Sewer Inspection Camera 150FT,Waterproof 16GB DVR JQKJCAM 17MM/0.67'' Pipe Plumbing Sewer Camera Snake with Light 4.3'' HD Screen Portable Spool for Drain Pipes (50m/165FT)","JQKJCAM","FBA","Industrial & Scientific",39679,"N/A","N/A","N/A","N/A","Borescopes",97,337.2,-4,96,9,51,25453.64,3021.71,61,4.1,"JJKJ Cam","China",1,1035,"N/A","Large Standard-Size",13.39,11.8,6.3,8.8,501.16,1382.52,"12/31/2024",20,9,9,1.58
"https://amazon.com/dp/B0B71PT47Q","https://m.media-amazon.com/images/I/71Yz8ed3vHL._SX450_.jpg","B0B71PT47Q","DXZtoz 10FT Articulating Borescope with Light, Two-Way Steering Industrial Endoscope Inspection Camera 0.33in Fiber Optic Snake Camera Waterproof for Electriction Wall Pipeline Inspection","DXZtoz","FBA","Industrial & Scientific",39685,"N/A","N/A","N/A","N/A","Borescopes",101,149.99,-9,146,146,-46,19961.32,19960.65,217,4.2,"DXZtoz-USA","China",1,3848,13,"Large Standard-Size",3.23,9.17,17.17,4.08,256.05,706.33,"02/28/2025",44,6,0,0.67
"https://amazon.com/dp/B0DBCFYL2H","https://m.media-amazon.com/images/I/71hsBn7Q8rL._SX450_.jpg","B0DBCFYL2H","HertzEagle Endoscope Camera with Light Compatible with iPhone and Android, 16.5ft IP67 Waterproof Snake Camera, Borescope, 8 Adjustable Lights","HertzEagle","FBA","Industrial & Scientific",39760,"N/A","N/A","N/A","N/A","Borescopes",105,18.99,-27,165,165,33,3131.18,3129.41,58,4.4,"HertzEagle","China",1,1540,"N/A","Large Standard-Size",1.54,4.84,4.92,0.37,18.46,50.93,"10/31/2025",18,6,1,2.84
"https://amazon.com/dp/B0FKN58TQ2","https://m.media-amazon.com/images/I/51-TwsdTA3L._SX450_.jpg","B0FKN58TQ2","Triple Lens Borescope with 5"" IPS Screen, 1920P HD Inspection Endoscope Camera with 50FT Semi-Rigid Snake Cable & 32GB Card, IP67 Waterproof Plumbing Camera for Sewer/Automotive/Drain Pipe","epicmate","FBA","Industrial & Scientific",40006,"N/A","N/A","N/A","N/A","Borescopes",106,122.99,-31,188,188,-59,21127.02,21125.57,63,4.5,"BESTISAN-Store","China",1,0,"N/A","Large Standard-Size",3.39,6.57,8.23,2.12,92.29,254.58,"12/31/2025",7,9,0,2.98
"https://amazon.com/dp/B0F98KMM3C","https://m.media-amazon.com/images/I/718Mz-Iyj+L._SX450_.jpg","B0F98KMM3C","Borescope Camera with Light, 4.3"" IPS Screen Endoscope, No Phone No App Inspection Camera with Light, 16.4ft Semi-Rigid Cable, 8LED Industrial Endoscope with 32GB Card for Auto, Pipe & Home Inspection","Julaiwy","FBA","Industrial & Scientific",40659,"N/A","N/A","N/A","N/A","Borescopes",107,17.5,-31,0,0,,"-","-","N/A","N/A","Kecowl","China",1,0,"N/A","Large Standard-Size",2.13,5.59,7.17,0.99,42.98,118.57,"11/30/2025",10,9,0,"N/A"
"https://amazon.com/dp/B076D86Z7S","https://m.media-amazon.com/images/I/81mWG54dObL._SX450_.jpg","B076D86Z7S","DEPSTECH Original Endoscope Case, Wireless Borescope Carrying Bag WiFi & USB Scope Cameras, Upgraded Large-Capacity Hardshell Case, Compatible with 4.3"" Inspection Camera DS300, Black","DEPSTECH","FBA","Industrial & Scientific",41354,657390296317,"N/A",0657390296317,"N/A","Borescopes",108,16.99,-22,61,61,-68,1067.09,1066.37,2981,4.6,"Depstech","China",1,1540,-56,"Large Standard-Size",3.62,7.87,8.58,0.4,123.07,339.5,"11/30/2024",102,7,0,0.02
"https://amazon.com/dp/B0DHCQF22J","https://m.media-amazon.com/images/I/71OYzVXADZL._SX450_.jpg","B0DHCQF22J","50FT Borescope Camera with Light, 4.3‘’ Endoscope with 8 Adjust Lights, 1080P Inspection Camera with Semi-Rigid Cable, IP67 Waterproof Bore Scope for Automobile Inspection, Cool Gadgets for Men","GinoCaco","FBA","Industrial & Scientific",41617,762949908440,"N/A",0762949908440,"N/A","Borescopes",108,41.99,-16,94,27,-80,3202.02,1134.69,189,4.2,"GinoCaco Direct","China",1,3570,"N/A","Large Standard-Size",4.06,6.34,10.43,2.18,135.17,372.88,"05/31/2025",18,8,3,0.5
"https://amazon.com/dp/B0FZJ9MN7Z","https://m.media-amazon.com/images/I/71o5hIqlDcL._SX450_.jpg","B0FZJ9MN7Z","Endoscope Camera with Light, 5"" IPS 1920P HD Borescope with Triple Lens, Inspection Borescope with 16.4FT Semi-Rigid Snake Cable and 32GB Card, IP67 Waterproof Drain Camera for Sewer/Pipe/Automotive","epicmate","FBA","Industrial & Scientific",41845,"N/A","N/A","N/A","N/A","Borescopes",106,79.99,-30,116,116,276,9301.03,9299.73,39,4.9,"BESTISAN-Store","China",1,0,"N/A","Large Standard-Size",2.91,5.75,8.43,1.28,71.02,195.91,"02/28/2026",4,8,0,2.98
"https://amazon.com/dp/B0G5KYXKVW","https://m.media-amazon.com/images/I/61GRL1N+xYL._SX450_.jpg","B0G5KYXKVW","Epicmate Two-Way Articulating Borescope,0.24in Probe, 5"" Inspection Endoscope Camera with Light,Flexible Industrial Boerscope Snake Camera for Automotive, HVAC & Mechanics-3.3FT","BESTISAN","FBA","Industrial & Scientific",42631,"N/A","N/A","N/A","N/A","Borescopes",114,85.99,"N/A",81,39,,8510.07,3682.13,58,4.9,"BESTISAN US","USA",1,0,"N/A","Large Standard-Size",2.28,9.72,17.01,0.09,189.79,523.57,"02/28/2026",1,9,2,1.4
"https://amazon.com/dp/B0FZTB97PN","https://m.media-amazon.com/images/I/714r8eoIp5L._SX450_.jpg","B0FZTB97PN","RALCAM Dual Lens Articulating Borescope, 10FT Semi-Rigid Inspection Camera with 5"" HD Screen, 8.5mm Slim Waterproof Probe, Two-Way Endoscope Camera with Light for Automotive, HVAC, Pipes","Ralcam","FBA","Industrial & Scientific",42900,"N/A","N/A","N/A","N/A","Borescopes",112,149.99,-27,108,53,-12,15753.44,8046.08,107,4.7,"Ralcam","China",1,0,"N/A","Large Standard-Size",3.39,11.85,16.57,3.75,335.13,924.5,"10/31/2025",5,8,3,1.01
"https://amazon.com/dp/B0DCCBC2WZ","https://m.media-amazon.com/images/I/71kVBcQCjjL._SX450_.jpg","B0DCCBC2WZ","Sewer Camera Snake 150FT,8500mAh 32GB HD JQKJCAM 23MM/0.9'' Pipe Drain Scope Camera with 12 Light 4.3'' DVR 360°Rotate Screen Distance Counter Waterproof for Plumbing Drain Inspection (50M/165FT)","JQKJCAM","FBA","Industrial & Scientific",43009,"N/A","N/A","N/A","N/A","Borescopes",112,332,-20,106,10,60,28089.16,3408.69,61,4.1,"JJKJ Cam","China",1,1040,"N/A","Large Standard-Size",6.77,12.1,13.5,8.95,556.78,1535.94,"02/28/2026",20,9,9,1.74
"https://amazon.com/dp/B0FCMCJD8F","https://m.media-amazon.com/images/I/71aNBY2Of0L._SX450_.jpg","B0FCMCJD8F","Triple Lens 5"" IPS Borescope Inspection Camera, Ginocaco 1080P Digital Video Endoscope with Light, Waterproof Scope Camera with 16.5FT Semi-Rigid Cable, Drain Pipe Tool, Carrying Case, 32G Card","GinoCaco","FBA","Industrial & Scientific",43128,"N/A","N/A","N/A","N/A","Borescopes",117,69.99,-17,150,5,,4945.35,310.88,16,4.3,"GinoCaco Direct","China",1,0,"N/A","Large Standard-Size",3.62,6.89,9.21,1.83,115.65,319.05,"02/28/2026",10,7,5,9.35
"https://amazon.com/dp/B0DHRTVQZB","https://m.media-amazon.com/images/I/71EivduBBGL._SX450_.jpg","B0DHRTVQZB","VEVOR Endoscope Camera with Light, Triple Lens Industrial Borescope, 5"" Screen 1080P Inspection Camera, 8 + 2 Lights, IP67 Waterproof Snake Cameras for Automotive, Plumbing (16.4FT Cable, 32GB Card)","VEVOR","FBM","Industrial & Scientific",43344,197988414100,"N/A",0197988414100,"N/A","Borescopes",114,64.9,-2,178,77,-52,9189.57,5011.27,250,4.4,"Supdear","China",2,4220,"N/A","Large Standard-Size",7.68,5.2,3.15,1.21,"N/A","N/A","06/30/2025",18,9,4,0.71
"https://amazon.com/dp/B0F6NRMP3B","https://m.media-amazon.com/images/I/714-GutH6rL._SX450_.jpg","B0F6NRMP3B","Sewer Camera 200FT,W/4.3‘’ IPS HD 32GB DVR Screen,Waterproof HD JQKJCAM 17MM/0.67'' Plumbing Drain Pipe Snake Camera with Light Meter Counter for Sewer Pipe Wall Inspection (200 ft/60m)","JQKJCAM","FBA","Industrial & Scientific",43634,"N/A","N/A","N/A","N/A","Borescopes",116,380,3,96,5,51,25453.64,1933.17,61,4.1,"JJKJ Cam","China",1,1035,"N/A","Large Standard-Size",13.4,11.8,6.3,9.26,501.54,1383.55,"12/31/2024",11,9,9,1.58
"https://amazon.com/dp/B0G6XZYHRW","https://m.media-amazon.com/images/I/715+P7zfHrL._SX450_.jpg","B0G6XZYHRW","EASTBEAR Dual-Lens Endoscope Camera with Light, 1920P HD Borescope with 8 Adjustable LEDs, 16.4FT Semi-Rigid Snake Cable, IP67 Waterproof Inspection Camera for iOS & Android - Black","EASTBEAR","FBA","Industrial & Scientific",43811,726870777797,"N/A",0726870777797,"N/A","Borescopes",118,29.99,-42,247,184,,7110.36,5405.77,29,4.4,"EASTBEAR Store","N/A",1,0,"N/A","Large Standard-Size",1.58,4.93,5.12,0.41,20.08,55.39,"02/28/2026",4,7,2,8.51
"https://amazon.com/dp/B0FXL4JXC5","https://m.media-amazon.com/images/I/718msQxAAQL._SX450_.jpg","B0FXL4JXC5","Hialemi 3.9mm Borescope, 5"" IPS Screen 1080P Endoscope Camera with Light, Inspection Camera, 5FT Semi-Rigid Snake, IP67 Waterproof Industrial Borescope for Automotive Engine Aircraft Mechanic Tools","Hialemi","FBA","Industrial & Scientific",43919,"N/A","N/A","N/A","N/A","Borescopes",117,45.99,-17,252,252,,17642.77,17640.14,36,4.3,"Hialemi-US Direct","China",1,0,"N/A","Large Standard-Size",3.23,6.77,9.53,1.1,104.92,289.44,"02/28/2026",5,9,0,7
"https://amazon.com/dp/B0G2RQH6K4","https://m.media-amazon.com/images/I/71IK3hYk0SL._SX450_.jpg","B0G2RQH6K4","1920P Dual Lens Borescope with 8 Adjustable LED Lights,Endoscope Camera with Light,IP67 Waterproof Inspection Camera,32.8FT Semi-Rigid Snake Camera for iPhone& Android","Douevo","-","Industrial & Scientific",44399,768904901945,"N/A",0768904901945,"N/A","Borescopes",114,25.99,"N/A",108,1,,2390.36,16.54,"N/A","N/A",,"N/A",1,0,"N/A","Large Standard-Size",4.8,4.8,1.5,0.35,"N/A","N/A","02/28/2026",4,"N/A",4,"N/A"
"https://amazon.com/dp/B0CLG67RHF","https://m.media-amazon.com/images/I/71BYTokuVPL._SX450_.jpg","B0CLG67RHF","Teslong 4-Way Articulating Borescope with Dual Lens Endoscope, 1080P HD Steerable Mechanic Inspection Camera with with LED Light, See in Wall Automotive Engine Scope(0.24inch-5FT)","Teslong","FBA","Industrial & Scientific",44641,"N/A","N/A","N/A","N/A","Borescopes",108,509.98,-22,155,155,47,90362.07,90360.46,53,4.4,"Teslong","China",1,986,"N/A","Large Standard-Size",4.33,13.11,14.88,4.54,425.27,1173.17,"02/28/2026",29,9,0,2.92
"https://amazon.com/dp/B0GH67SNRL","https://m.media-amazon.com/images/I/51kU1WLP0jL._SX450_.jpg","B0GH67SNRL","Sanyipace Sewer Camera,5"" HD Screen,18mm Pipeline Inspection Camera with 8 LEDs Light,32GB DVR Function, 1080P IP68 Waterproof Drain Camera for Sewer Line,Home,Drain Pipe Plumbing(Blue,66ft/20m,5mm)","Sanyipace","-","Industrial & Scientific",44862,"N/A","N/A","N/A","N/A","Borescopes",109,229.88,"N/A",99,0,,22218.91,"-","N/A","N/A",,"N/A",1,0,"N/A","Large bulky",9,10.5,11.5,8.55,"N/A","N/A","02/28/2026",3,"N/A",6,"N/A"
"https://amazon.com/dp/B0DTNVS1MY","https://m.media-amazon.com/images/I/71f1r+7DwaL._SX450_.jpg","B0DTNVS1MY","TOPDC Two-Way Articulating Borescope Camera with Light, Industrial Endoscope with 0.24in Articulating Snake Camera, 1920P HD Video Inspection Scope for Automotive & Aircraft Mechanics, 6.5ft","TOPDC","FBA","Industrial & Scientific",44945,"N/A","N/A","N/A","N/A","Borescopes",120,109.99,-12,108,2,164,2669.27,218.99,45,4.3,"TOPDC","China",1,0,"N/A","Large Standard-Size",3.03,8.66,12.4,2.4,163.82,451.91,"02/28/2026",14,9,2,2.39
"https://amazon.com/dp/B0DS7JTN6J","https://m.media-amazon.com/images/I/71vhz06DpnL._SX450_.jpg","B0DS7JTN6J","Sewer Camera 66ft /20M 4.3"" Pipe Drain Inspection Camera DVR Borescope with 12PCS LED Lights IP68 Waterproof 22MM Industrial Endoscope (22MM Camera/20M)","ESANHAO","FBA","Industrial & Scientific",45071,"N/A","N/A","N/A","N/A","Borescopes",112,188.93,"N/A",22,2,,4471.05,310.89,"N/A","N/A","ESANHAO","China",1,0,"N/A","Large Standard-Size",7.13,12.63,15.5,7.4,702.75,1938.62,"03/31/2026",15,6,9,"N/A"
"https://amazon.com/dp/B0DS7JQQL5","https://m.media-amazon.com/images/I/71vhz06DpnL._SX450_.jpg","B0DS7JQQL5","Sewer Camera 100ft 4.3"" Pipe Drain Inspection Camera DVR Borescope with 12PCS LED Lights IP68 Waterproof 17/22MM Industrial Endoscope (22MM Camera/30M)","ESANHAO","FBA","Industrial & Scientific",45071,"N/A","N/A","N/A","N/A","Borescopes",112,242.65,"N/A",22,1,,4471.05,168.68,19,4.2,"ESANHAO","China",1,0,"N/A","Large Standard-Size",7.64,12.76,15.2,8.05,746.04,2058.05,"03/31/2026",15,6,9,"N/A"
"https://amazon.com/dp/B0CQTG2RTJ","https://m.media-amazon.com/images/I/71pqpbp4EJL._SX450_.jpg","B0CQTG2RTJ","JSE Endoscope Camera with Light, 16.4FT Waterproof Borescope 1920P HD, Semi-Rigid Cable, 8 Adjustable High Brightness LED Lights Inspection Snake Camera for iPhone, Android, iPad","JSE","FBA","Industrial & Scientific",45131,"N/A","N/A","N/A","N/A","Borescopes",114,19.98,-1,63,11,-83,1250.5,224.92,452,4.2,"JSE-Electronic","China",1,2799,"N/A","Large Standard-Size",1.54,4.96,5.16,0.37,19.84,54.74,"06/30/2024",27,6,5,0.14
"https://amazon.com/dp/B0F26K9HW6","https://m.media-amazon.com/images/I/71XOJ2dF21L._SX450_.jpg","B0F26K9HW6","Endoscope Camera with Light, Single-Lens 1920P HD Borescope with 8 Adjustable LED Lights, Endoscopic Visualizer for iPhone & Android, 16.4ft Semi-Rigid Boroscope Inspection Tool","medetayi","FBA","Industrial & Scientific",45414,"N/A","N/A","N/A","N/A","Borescopes",126,9.99,-47,13,13,-124,171.55,171.33,63,4.2,"Xunshiwenhua Shop","China",2,0,"N/A","Large Standard-Size",1.69,5.16,5.35,0.42,23.49,64.8,"07/31/2025",12,7,2,0.21
"https://amazon.com/dp/B0CG6953FL","https://m.media-amazon.com/images/I/7197M6YiACL._SX450_.jpg","B0CG6953FL","Endoscope Camera with Light, Borescope with 6 LED Lights,Endoscope with 9.8ft Semi-Rigid Snake Camera,IP67 Waterproof Inspection Borescope Camera with Light for Android iPhone iPad, Tools for Men","SIBOST","FBA","Industrial & Scientific",45673,698746890285,"N/A",0698746890285,"N/A","Borescopes",114,22.99,-8,139,139,-87,3197.73,3196.21,1049,4.3,"SIBOST","China",2,6463,"N/A","Large Standard-Size",1.06,7.01,7.13,0.46,26.67,73.58,"11/30/2025",31,7,2,0.13
"https://amazon.com/dp/B0FHK3NQ4R","https://m.media-amazon.com/images/I/71n6pok+KQL._SX450_.jpg","B0FHK3NQ4R","Sanyipace 18MM Sewer Camera, 66FT/20M Drain Inspection Camera with Microphone and Speaker, 1080P IP68 Waterproof Pipe Camera with 8 LEDs, Stiff Cable for Drain Duct Plumbing Inspection, 32GB Card","Sanyipace","FBA","Industrial & Scientific",46018,"N/A","N/A","N/A","N/A","Borescopes",115,209.88,-54,41,16,-47,10726.68,3263.87,141,4.2,"Yans Minie","China",1,0,"N/A","Large bulky",9,10.6,11.3,7.2,349.36,873.4,"01/31/2026",9,7,6,0.29
"https://amazon.com/dp/B0DZMN1941","https://m.media-amazon.com/images/I/61OPq61SwqL._SX450_.jpg","B0DZMN1941","Anykit 360° Articulated Engine Endoscope, Aviation Hole Sight with 0.25"" Convertible Snake Camera, 5"" IPS Video Check Camera with Light for Mechanic Maintenance Technician - 3.28'","Anykit","FBA","Industrial & Scientific",46367,"N/A","N/A","N/A","N/A","Borescopes",117,142.99,-42,61,61,1605,9214.1,9213.94,9,4.4,"AnyKit","China",1,0,"N/A","Large Standard-Size",3.78,8.58,16.73,3.24,273.18,753.6,"02/28/2026",13,6,0,6.83
"https://amazon.com/dp/B0CYH6NPFK","https://m.media-amazon.com/images/I/71EcUvEQ2ML._SX450_.jpg","B0CYH6NPFK","Sewer Camera with Self-Leveling, Can Connect External Monitor, Zoom in and Out, IP68 Waterproof, 12 pcs Adjustable Light, Plumbing Cam with DVR, for Sewer Line, Drain, Duct, Plumbing (100FT)","anysun","FBA","Industrial & Scientific",46386,717203891594,"N/A",0717203891594,"N/A","Borescopes",122,429.99,-11,67,12,362,29983.64,5088.93,521,4.3,"ToBestGift","China",1,791,"N/A","Large bulky",7.75,14.75,17,15.1,629.78,1574.44,"04/30/2025",24,8,9,0.13
"https://amazon.com/dp/B0G8HPL9XB","https://m.media-amazon.com/images/I/71Xc7tnnBJL._SX450_.jpg","B0G8HPL9XB","5"" IPS Dual Lens Endoscope Camera with Lights, 1080P Photo Video Inspection Borescope, IP67 Waterproof Endoscope 16.5FT Industrial Snake Camera with 32GB Card","AukonVee","FBA","Industrial & Scientific",46597,"N/A","N/A","N/A","N/A","Borescopes",114,29.99,-53,105,16,,2508.86,500.64,55,4.2,"Shenzhen Qiuchen Electronics Co., LTD","China",1,0,"N/A","Large Standard-Size",2.83,5.59,8.15,1.1,64.91,179.07,"02/28/2026",3,8,3,1.91
"https://amazon.com/dp/B0C9TP4FVP","https://m.media-amazon.com/images/I/71lybAN6qYL._SX450_.jpg","B0C9TP4FVP","Sanyipace Drain Camera 100FT/30M, 23mm/0.9in FHD Sewer Inspection Camera, 5X Zoom, Distance Counter, 9"" IPS Screen, DVR & Voice Recorder, 16GB Card, for Sewer Line, Pipe, Duct, Plumbing, Plumber, Home","Sanyipace","FBA","Industrial & Scientific",46601,"N/A","N/A","N/A","N/A","Borescopes",117,659.88,-29,98,18,-48,82859.45,11648.65,71,4.5,"Yans Minie","China",1,1040,"N/A","Large bulky",11.02,13.23,15.43,14.15,729.33,1823.34,"01/31/2026",33,7,9,1.38
"https://amazon.com/dp/B0CL2CQXP2","https://m.media-amazon.com/images/I/71YeAW+AiiL._SX450_.jpg","B0CL2CQXP2","Hopefox Endoscope Camera with Light, 4.3'' IPS Screen Borescope Inspection Camera with 8 LED Lights, Handheld IP67 Waterproof Snake Camera, Drain Camera with 16.5FT Semi-Rigid Cable, Gadgets for Men","Hopefox","FBA","Industrial & Scientific",46733,"N/A","N/A","N/A","N/A","Borescopes",123,26.99,"N/A",101,0,-65,2726.96,"-",693,4.4,"Hopefox Official","China",0,0,"N/A","Large Standard-Size",3.11,5.35,7.72,1.23,64.7,178.48,"11/30/2025",27,7,5,0.15
"https://amazon.com/dp/B0FJLL4LY1","https://m.media-amazon.com/images/I/71qLoBDjd5L._SX450_.jpg","B0FJLL4LY1","Ralcam 3.9mm Two-Way Articulating Borescope, 5 Inch HD Industrial Endoscope Inspection Camera with Light, Stainless Steel Flexible Fiber Optic Scope Camera 0.15in Automotive Mechanics Tool","Ralcam","FBA","Industrial & Scientific",47115,"N/A","N/A","N/A","N/A","Borescopes",124,329.99,-33,53,14,,14797.58,4751.94,66,4.3,"AijR","China",1,0,"N/A","Large Standard-Size",3.46,8.7,16.7,2.57,253.1,698.2,"02/28/2026",8,8,5,0.8
"https://amazon.com/dp/B0CXSTNWTW","https://m.media-amazon.com/images/I/71e8Z7snoTL._SX450_.jpg","B0CXSTNWTW","Dual Lens Articulating Borescope, DEPSTECH Endoscope Camera with Light, Articulated Probe, Flexible Snake Inspection Camera for Wall, Automotive Engine Inspect-4.92FT","DEPSTECH","FBA","Industrial & Scientific",47169,"N/A","N/A","N/A","N/A","Borescopes",120,139.99,-35,238,48,,26536.85,6439.94,452,4.7,"DEPSTECH Authorized Store","China",2,0,"N/A","Large Standard-Size",2.87,8.78,17.56,3.28,223.07,615.36,"01/31/2026",22,8,3,0.53
"https://amazon.com/dp/B0FX99L27P","https://m.media-amazon.com/images/I/81RlKSqQyyL._SX450_.jpg","B0FX99L27P","DEPSTECH Dual Lens Borescope Camera with Light, HD Endoscope, 4.3'' IPS Screen, Inspection IP67 Waterproof, 16.5ft Semi-Rigid Snake Camera Cable for Car Wall Drain Pipe","DEPSTECH","FBA","Industrial & Scientific",47284,"N/A","N/A","N/A","N/A","Borescopes",118,29.99,-39,210,210,-12,6289.44,6287.23,179,4.4,"DEPSTECH Authorized Store","China",1,0,"N/A","Large Standard-Size",3.07,6.5,8.31,1.46,83.49,230.31,"02/28/2026",4,7,2,1.17
"https://amazon.com/dp/B0F5HCGPSJ","https://m.media-amazon.com/images/I/71IgrcK7fML._SX450_.jpg","B0F5HCGPSJ","Nfutreon 32.8FT Flexible Borescope Camera- 4.3"" 1080P HD, IP67 Waterproof Industrial Endoscope Camera for Sewer/Automotive Pipe/Wall Inspection,1pack","Nfutreon","FBA","Industrial & Scientific",48305,799904741453,"N/A",0799904741453,"N/A","Borescopes",122,29.99,-16,62,62,2,1861.08,1860.29,17,4,"good-goodfinds","Hong Kong",1,0,"N/A","Large Standard-Size",3.03,6.46,9.02,1.46,88.89,245.22,"01/31/2026",11,9,3,3.88
"https://amazon.com/dp/B0F8VMKVDF","https://m.media-amazon.com/images/I/717BrqfaK5L._SX450_.jpg","B0F8VMKVDF","66FT Borescope Camera with Light, 4.3‘’ Endoscope with 8 Adjust Lights, 1080P Inspection Camera with Semi-Rigid Cable, IP67 Waterproof Bore Scope for HVAC Inspection, Cool Gadgets for Men","GinoCaco","FBA","Industrial & Scientific",48389,"N/A","N/A","N/A","N/A","Borescopes",131,109536.68,"N/A",94,3,-80,3202.02,166.49,189,4.2,"GinoCaco Direct","China",0,3570,"N/A","Large Standard-Size",3.98,6.38,10.39,2.4,132.83,366.43,"05/31/2025",11,9,3,0.5
"https://amazon.com/dp/B0DK4KY5S3","https://m.media-amazon.com/images/I/71-7UwmS3eL._SX450_.jpg","B0DK4KY5S3","Gatebig Sewer Camera with Locator,Self Leveling,165FT/50M,Retractable Handle,7MM Cable, 9'' IPS Drain Inspection Camera with DVR,IP68 Plumbing Snake with 12 Lights for Home,Duct Pipe Inspection","Gatebig","FBA","Industrial & Scientific",48423,794969827371,"N/A",0794969827371,"N/A","Borescopes",121,774.66,-80,5,4,,3424.6,2776.23,14,4.7,"shenzhendongxiangxuedianzikejiyouxiangongsi","China",1,0,"N/A","Large bulky",14.5,17.75,21,27.6,1751.58,4378.95,"03/31/2026",18,9,7,0.33
"https://amazon.com/dp/B0DTP6QXBY","https://m.media-amazon.com/images/I/71XfqV4nlbL._SX450_.jpg","B0DTP6QXBY","TOPDC Endoscope Camera with Light, 1920P HD Scope Camera, 8 LED Adjustable Inspection Borescope for Android and iOS, 16.4ft Semi-Rigid Snake Cable, IP67 Waterproof","TOPDC","FBA","Industrial & Scientific",48527,"N/A","N/A","N/A","N/A","Borescopes",124,24.99,-26,108,106,164,2669.27,2449.01,45,4.3,"TOPDC","China",1,0,"N/A","Large Standard-Size",1.46,4.96,5.2,0.42,18.96,52.3,"02/28/2026",14,9,2,2.39
"https://amazon.com/dp/B0F9WJQ1WH","https://m.media-amazon.com/images/I/61fU2GBJ8hL._SX450_.jpg","B0F9WJQ1WH","Endoscope with Light,1080P HD Borescope Camera with 8 Adjustable LED Lights 8mm Lens, Inspection Camera with 16.5ft Semi-Rigid Cable, Compatible with for iOS and Android","ILIHOME","FBA","Industrial & Scientific",48601,"N/A","N/A","N/A","N/A","Borescopes",128,14.99,-15,85,85,-86,1271.63,1270.64,427,4.3,"ILIHOME-USA","China",1,0,"N/A","Large Standard-Size",1.54,4.84,5.2,0.42,19.51,53.83,"07/31/2025",10,7,0,0.2
"https://amazon.com/dp/B0FHK5GK5M","https://m.media-amazon.com/images/I/615u4S-yL1L._SX450_.jpg","B0FHK5GK5M","Sanyipace Sewer Camera 100FT/30M, 5"" IPS HD Inspection Camera with 32GB TF Card, DVR with Speaker, 8 LED Lights, Waterproof Pipe Camera for Drain Pipe Plumbing Sewer Line Inspection","Sanyipace","FBA","Industrial & Scientific",48628,"N/A","N/A","N/A","N/A","Borescopes",131,279.88,-65,44,11,-40,11576.12,2942.74,139,4.3,"Yans Minie","China",1,0,"N/A","Large bulky",9,10.58,11.75,9,362.59,906.46,"01/31/2026",9,7,6,0.31
"https://amazon.com/dp/B0FCMPMFB8","https://m.media-amazon.com/images/I/71UAfGy7Q4L._SX450_.jpg","B0FCMPMFB8","ESANHAO Sewer Camera 100ft Drain Pipe Camera Plumbing Snake 8500mAh Battery, 23mm HD, 12LEDs, DVR Recording, 32GB TF Card Included","ESANHAO","FBA","Industrial & Scientific",49028,"N/A","N/A","N/A","N/A","Borescopes",128,259.99,-37,29,29,28,7565.39,7565.03,17,4.8,"ESANHAO Store","China",1,0,"N/A","Large Standard-Size",7.64,12.83,15.31,8.29,755.86,2085.14,"09/30/2025",9,7,0,1.71
"https://amazon.com/dp/B0FLNJ8CNL","https://m.media-amazon.com/images/I/710X8kEq2BL._SX450_.jpg","B0FLNJ8CNL","Ralcam 3mm Two-Way Articulating Borescope, 5 Inch HD Industrial Endoscope Inspection Camera with Light, Stainless Steel Flexible Fiber Optic Scope Camera 0.12in Automotive Mechanics Tool","Ralcam","FBA","Industrial & Scientific",49219,"N/A","N/A","N/A","N/A","Borescopes",129,799.99,-25,53,8,,14797.58,6769.45,67,4.3,"AijR","China",1,0,"N/A","Large Standard-Size",3.46,8.82,16.69,2.67,256.43,707.41,"02/28/2026",8,8,5,0.79
"https://amazon.com/dp/B0G43L1BD9","https://m.media-amazon.com/images/I/71lLMjTYBEL._SX450_.jpg","B0G43L1BD9","2-Way 180° Articulating Borescope Camera with Light, 6.2mm Ultra-Slim Probe, 4.3"" HD Inspection Camera, 6.6FT Flexible Snake Industrial Endoscope for Automotive Engine Wall","Ralcam","FBA","Industrial & Scientific",49227,"N/A","N/A","N/A","N/A","Borescopes",129,99.99,-53,53,30,,14797.58,3275.42,67,4.3,"AijR","China",1,0,"N/A","Large Standard-Size",3.5,9.25,16.65,2.78,271.39,748.67,"02/28/2026",4,9,5,0.79
"https://amazon.com/dp/B0GDFWSDLF","https://m.media-amazon.com/images/I/71BY5-DDvlL._SX450_.jpg","B0GDFWSDLF","Sewer Camera 100FT/30M Borescopes Plumbing Snake Pipe Inspection Camera DVR & Audio Recorder 17/22MM with 5600Mah Battery 4.3"" IPS Screen 12 LEDs HD 1000TVL 32GB Card (17MM Camera)","ESANHAO","FBA","Industrial & Scientific",49360,"N/A","N/A","N/A","N/A","Borescopes",126,276.68,22,119,34,,31218.95,9476.82,64,4.2,"ESANHAO","China",1,0,"N/A","Large bulky",14,13,12,12,707.78,1769.44,"02/28/2026",3,6,4,1.86
"https://amazon.com/dp/B0CC1LCRYL","https://m.media-amazon.com/images/I/71W2tuT5afL._SX450_.jpg","B0CC1LCRYL","Sanyipace Sewer Camera 100FT/30M, 5600mAh Battery, 0.67in/17mm Pipe Inspection with Light, DVR & Audio Recorder, 4.3"" Screen, 8 LEDs, 1000TVL Plumbing Snake, Included 16GB Card","Sanyipace","FBA","Industrial & Scientific",49728,"N/A","N/A","N/A","N/A","Borescopes",139,299.88,-48,45,8,-38,11903.01,2274.69,140,4.3,"Yans Minie","China",1,0,"N/A","Large bulky",11,12,14,12.05,598.89,1497.22,"01/31/2026",30,7,6,0.32
"https://amazon.com/dp/B0BMVC1CCJ","https://m.media-amazon.com/images/I/61uiakNV5wL._SX450_.jpg","B0BMVC1CCJ","3 in 1 Endoscope Inspection Camera Borescope HD Camera Waterproof Snake Pipe Drain with 6 Adjustable Led Light Snake Cable USB Adapter for Android Phone Tablet Device(Size:2 M)","Pilarmuture","FBA","Industrial & Scientific",49921,"N/A","N/A","N/A","N/A","Borescopes",123,8.63,-25,131,131,39,1060.86,1059.46,59,3.5,"henyihaida","China",2,569,1016,"Small Standard-Size",0.71,5.59,7.32,0.11,14.61,40.29,"02/28/2026",40,9,0,2.26
"https://amazon.com/dp/B09KTLJDSG","https://m.media-amazon.com/images/I/71lYBBRDM+L._SX450_.jpg","B09KTLJDSG","SYANSPAN Sewer Camera,4.3"" HD Screen with 16GB DVR Function,Drain Pipe Inspection Camera for Home Wall Duct Drain Pipe Plumbing(33ft-164ft) (0.9"" Camera-No DVR, 164ft/50M)","SYANSPAN","FBA","Industrial & Scientific",49959,"N/A","N/A","N/A","N/A","Borescopes",142,275.99,"N/A",107,0,-55,34464.33,"-",26,4.1,"pipe camera","China",0,1921,-19,"Large Standard-Size",12.6,6.3,12.99,9.92,519.11,1432.02,"05/31/2024",53,6,28,4.1
"https://amazon.com/dp/B09KT9RR74","https://m.media-amazon.com/images/I/71lYBBRDM+L._SX450_.jpg","B09KT9RR74","SYANSPAN Sewer Camera,4.3"" HD Screen with 16GB DVR Function,Drain Pipe Inspection Camera for Home Wall Duct Drain Pipe Plumbing(33ft-164ft) (0.9"" Camera-16GB DVR, 164ft/50M)","SYANSPAN","FBA","Industrial & Scientific",49959,"N/A","N/A","N/A","N/A","Borescopes",142,275.99,"N/A",105,0,-56,34288.09,"-",2,4,"pipe camera","China",0,1920,-19,"Large Standard-Size",6.65,12.05,13.7,9.72,552.72,1524.74,"05/31/2024",53,6,28,4.03
"https://amazon.com/dp/B0FDQC9RVJ","https://m.media-amazon.com/images/I/71Po0b3HhvL._SX450_.jpg","B0FDQC9RVJ","Sewer Camera 100FT/30M Borescopes Plumbing Pipe Inspection Camera DVR & Audio Recorder 23mm with 32GB Card 7"" IPS Screen 12 LEDs HD 1000TVL Endoscope","ESANHAO","FBA","Industrial & Scientific",50024,"N/A","N/A","N/A","N/A","Borescopes",132,278.98,"N/A",22,0,,4471.05,"-",2,5,"ESANHAO","China",1,0,"N/A","Large Standard-Size",8,13.2,16.8,10.95,893.2,2464,"03/31/2026",9,6,9,"N/A"
"https://amazon.com/dp/B0FJLZTX4Q","https://m.media-amazon.com/images/I/71FMLLCGlkL._SX450_.jpg","B0FJLZTX4Q","Sewer Camera 100FT/30M Pipe Inspection Borescope Endoscope Camera with Light 12 LEDs 4.3"" IPS Screen 22MM Plumbing Snake 8500Mah Battery (30M NO DVR Function)","ESANHAO","FBA","Industrial & Scientific",50024,"N/A","N/A","N/A","N/A","Borescopes",132,194.34,"N/A",22,26,,4471.05,4965.51,3,4.6,"ESANHAO","China",1,0,"N/A","Large Standard-Size",7.87,10.75,12.2,7.52,520.03,1434.57,"03/31/2026",8,6,9,"N/A"
"https://amazon.com/dp/B0FJL8WJG5","https://m.media-amazon.com/images/I/51JecP1jzrL._SX450_.jpg","B0FJL8WJG5","ESANHAO Sewer Camera 100FT/30M Pipe Inspection Borescope Endoscope Camera with Light 12 LEDs 4.3"" IPS Screen 32GB Card Plumbing Snake 23MM with 8500Mah Battery (30M with DVR)","ESANHAO","FBA","Industrial & Scientific",50024,"N/A","N/A","N/A","N/A","Borescopes",132,233.45,"N/A",22,1,,4471.05,237.72,3,5,"ESANHAO","China",1,0,"N/A","Large Standard-Size",12,11,7,7.7,465.21,1283.33,"03/31/2026",8,6,9,"N/A"
"https://amazon.com/dp/B0GJRH8578","https://m.media-amazon.com/images/I/71-jaVr0UHL._SX450_.jpg","B0GJRH8578","10FT Two-Way Articulating Borescope with 5"" HD Screen, Industrial Endoscope Camera with Light, 0.33in Slim Probe Video Inspection for Automotive Engine, HVAC, Mechanics, Wall","Ralcam","FBA","Industrial & Scientific",50151,"N/A","N/A","N/A","N/A","Borescopes",133,149.99,"N/A",84,0,,11390.11,"-",65,4.6,"Ralcam","China",1,0,"N/A","Large Standard-Size",3.62,8.74,16.73,4.08,266.5,735.16,"02/28/2026",2,8,3,1.29
"https://amazon.com/dp/B0C2Z9ZK9F","https://m.media-amazon.com/images/I/71S1Vg0YQOL._SX450_.jpg","B0C2Z9ZK9F","VEVOR Triple Lens Inspection Camera with Light, 5"" IPS Screen Industrial Borescope, 8X Zoom 1080P HD Split Screen, 10 LED Lights Scope Camera for Automotive, Plumbing(16.5FT)","VEVOR","FBM","Industrial & Scientific",50188,840281567140,"N/A",0840281567140,"N/A","Borescopes",124,73.99,-22,82,60,-21,5757.48,4432.22,316,4.2,"Supdear","China",2,2885,"N/A","Large Standard-Size",2.36,7.95,11.14,1.74,"N/A","N/A","06/30/2025",35,9,3,0.27
"https://amazon.com/dp/B0DJGFL6B8","https://m.media-amazon.com/images/I/71L68QCfapL._SX450_.jpg","B0DJGFL6B8","VEVOR Endoscope Camera with Light, Dual Lens Industrial Borescope, 4.3"" Screen 1080P Inspection Camera, 8 + 1 Lights, 4X Zoom, IP67 Waterproof Snake Camera for Auto, Plumbing (16.4FT Cable, 32GB Card)","VEVOR","FBM","Industrial & Scientific",50420,197988412045,"N/A",0197988412045,"N/A","Borescopes",130,39.9,4,178,101,-52,9189.57,4178.06,250,4.4,"Supdear","China",1,4220,"N/A","Large Standard-Size",7.76,5.31,3.15,1.1,"N/A","N/A","06/30/2025",18,9,4,0.71
"https://amazon.com/dp/B0DXF586FS","https://m.media-amazon.com/images/I/41I6qrdF+dL._SX450_.jpg","B0DXF586FS","Sewer Camera Head Accessories 6LED Waterproof IP68 for Pipe Drain Endoscope Camera Replacement with Wheel and Protective Cover (0.7inch/17mm)","SYANSPAN","FBA","Industrial & Scientific",50620,"N/A","N/A","N/A","N/A","Borescopes",133,129.99,-19,67,29,118,8558.35,3809.95,51,3.5,"pipe camera","China",2,508,"N/A","Large Standard-Size",2.68,3.98,6.69,0.66,35.87,98.96,"02/28/2025",14,7,2,1.32
"https://amazon.com/dp/B0FQC32XV7","https://m.media-amazon.com/images/I/71UAKNA5MhL._SX450_.jpg","B0FQC32XV7","DEPSTECH Dual Lens Borescope Camera with Light, Two-Way Articulating Borescope, 5"" IPS Dual View Endoscope with 0.33in Slim Probe, 1080P Waterproof Inspection Camera for Wall Auto Engine Inspect-5FT","DEPSTECH","FBA","Industrial & Scientific",50748,"N/A","N/A","N/A","N/A","Borescopes",131,109.99,-19,114,114,-27,12488.67,12487.38,89,4.7,"DEPSTECH Authorized Store","China",1,0,"N/A","Large Standard-Size",3.11,8.82,17.48,3.02,241.4,665.92,"12/31/2025",5,9,0,1.28
"https://amazon.com/dp/B0FHK1Z8WD","https://m.media-amazon.com/images/I/71i6gyy7UyL._SX450_.jpg","B0FHK1Z8WD","Borescope Camera with Light, HOPEFOX Endoscope Inspection Camera with 8+1 Adjustable LEDs, 4.3"" Dual Lens Endoscope with 16.4ft Semi-Rigid Cable, 8mm IP67 Waterproof Lens-Gift&Cool Gadgets for Men","Hopefox","FBA","Industrial & Scientific",51021,"N/A","N/A","N/A","N/A","Borescopes",145,39.99,55,118,7,-70,3156.74,260.12,683,4.4,"Hopefox Official","China",1,0,"N/A","Large Standard-Size",2.28,5.79,8.11,1.01,53.9,148.7,"11/30/2025",9,8,5,0.17
"https://amazon.com/dp/B0G4L9PP65","https://m.media-amazon.com/images/I/71ibhOLenBL._SX450_.jpg","B0G4L9PP65","MAIYIS Two-Way Articulating Borescope Camera with Light, 0.15 in Mini Inspection Camera with 5 in HD Screen, 6.5ft Flexible Snake Cable Endoscope for Wall, Engine, HVAC and Plumbing Checks","MAIYIS","FBA","Industrial & Scientific",51178,"N/A","N/A",8711474172958,"N/A","Borescopes",133,149.99,"N/A",0,0,,"-","-",9,4.7,"MAIYIS","China",1,0,"N/A","Large Standard-Size",16,9,3.3,2,239.25,660,"01/31/2026",4,7,2,0.03
"https://amazon.com/dp/B0C1BN96WB","https://m.media-amazon.com/images/I/71uv55KYOCL._SX450_.jpg","B0C1BN96WB","VEVOR Sewer Camera with 512Hz Locator,100 ft/30 m, 7"" Pipeline Inspection Camera with DVR Function, IP68 Camera with 12 Adjustable LEDs, A 16 GB SD Card for Sewer Line, Home, Duct Drain Pipe Plumbing","VEVOR","FBM","Industrial & Scientific",51281,840349934969,"N/A",0840349934969,"N/A","Borescopes",258,547.9,-15,155,12,-51,102506.42,6725.79,76,3.9,"Supdear","China",2,2627,108,"Large bulky",22.4,15.8,7.1,15,"N/A","N/A","07/31/2025",36,9,7,2.04
"https://amazon.com/dp/B0C1B657ST","https://m.media-amazon.com/images/I/41KZ7N2NLoL._SX450_.jpg","B0C1B657ST","VEVOR Sewer Camera with 512Hz Locator, 131 ft/40 m, 7"" Pipeline Inspection Camera with DVR Function, IP68 Camera with 12 Adjustable LEDs, A 16 GB SD Card for Sewer Line, Home, Duct Drain Pipe Plumbing","VEVOR","FBM","Industrial & Scientific",51293,840281567195,"N/A",0840281567195,"N/A","Borescopes",258,589.99,304,155,9,-51,102506.42,5249.17,76,3.9,"Suplander","China",2,2627,108,"Large bulky",6.77,16.06,22.05,18.25,"N/A","N/A","07/31/2025",36,9,7,2.04
"https://amazon.com/dp/B09HSBR5RG","https://m.media-amazon.com/images/I/71gP6gP6QyL._SX450_.jpg","B09HSBR5RG","Sewer Camera with Locator, Anysun 100FT with 512HZ Locator Set and Receiver for Drain Plumbing Video Inspection 7'' LCD HD Screen Waterproof IP68 Cameras with 12pcs LED Light(8GB SD Card-DVR Record)","anysun","FBA","Industrial & Scientific",51428,770887234323,"N/A",0770887234323,"N/A","Borescopes",127,729.99,"N/A",67,3,362,29983.64,2524.18,521,4.3,"ToBestGift","China",1,791,"N/A","Large bulky",8.2,16.7,21.8,19.8,967.46,2418.64,"04/30/2025",54,9,9,0.13
"https://amazon.com/dp/B07RGV67HY","https://m.media-amazon.com/images/I/71V+CEuJ6EL._SX450_.jpg","B07RGV67HY","Anysun Sewer Camera 100ft Snake Cam with Distance Counter DVR Video Sewer Pipe Inspection Equipment 7 inch LCD Monitor Duct HVAC 1000TVL Endoscope Waterproof IP68 Camera (8GB SD Card)","anysun","FBA","Industrial & Scientific",51428,699996266981,"N/A",0699996266981,"N/A","Borescopes",127,429.99,-26,67,7,362,29983.64,3292.43,521,4.3,"ToBestGift","China",1,791,"N/A","Large bulky",8.2,17.2,19,17.1,868.44,2171.1,"04/30/2025",83,8,9,0.13
"https://amazon.com/dp/B0DYH3JJL5","https://m.media-amazon.com/images/I/71x7kxvxrJL._SX450_.jpg","B0DYH3JJL5","Dual Lens Endoscope with Light, Teslong USB-C Inspection Camera with 8+1 LED Lights, Flexible Waterproof Fiber Optic Snake Scope Compatible with iPhone 15, Android(16.5FT)","Teslong","FBA","Industrial & Scientific",51439,"N/A","N/A","N/A","N/A","Borescopes",131,29.99,-45,53,53,-26,1586.86,1586.25,17,4,"Teslong","China",1,0,"N/A","Large Standard-Size",1.38,5.31,5.39,0.64,19.89,54.86,"01/31/2026",13,9,0,3.11
"https://amazon.com/dp/B0FKG3KVM7","https://m.media-amazon.com/images/I/61kZzGAeOQL._SX450_.jpg","B0FKG3KVM7","SCOPIX Articulating Borescope Camera with Screen, 2-Way Flexible Endoscope Camera with Light, 1080P HD, Small Diameter 0.24 Inch Probe for Engine and Pipe Inspection (Red)","SCOPIX","FBA","Industrial & Scientific",51641,"N/A","N/A","N/A","N/A","Borescopes",136,89.99,-10,47,13,,4453.67,1269.59,8,5,"SCOPIX","China",1,0,"N/A","Large Standard-Size",2.91,8.74,12.52,2.18,160.32,442.26,"02/28/2026",8,8,2,5.88
"https://amazon.com/dp/B0FHCQYXRP","https://m.media-amazon.com/images/I/71c2bWo0-ML._SX450_.jpg","B0FHCQYXRP","Ralcam Two-Way Articulating Borescope with 10FT Semi-Rigid Cable, 0.33in/8.5mm Inspection Endoscope Camera with Light HD Video Snake Camera Scope for Automotive Aircraft Mechanics","Ralcam","FBA","Industrial & Scientific",51702,"N/A","N/A","N/A","N/A","Borescopes",136,145.99,"N/A",61,9,-54,6537.95,1233.59,2,4,"Ralcam","China",1,1639,"N/A","Large Standard-Size",3.11,8.7,12.48,3,170.01,468.99,"11/30/2024",9,9,5,30.52
"https://amazon.com/dp/B0DXFBLWLJ","https://m.media-amazon.com/images/I/71gsMqHIJ6L._SX450_.jpg","B0DXFBLWLJ","Ralcam Two-Way Articulating Borescope, 0.24in/6.2mm Inspection Endoscope Camera with Light HD 6.6FT Semi-Rigid Cable Video Snake Camera Scope for Automotive Aircraft Mechanics","Ralcam","FBA","Industrial & Scientific",51712,"N/A","N/A","N/A","N/A","Borescopes",135,108.99,"N/A",61,15,-54,6537.95,1635.5,25,4.1,"Ralcam","China",1,1639,"N/A","Large Standard-Size",3.11,8.78,12.48,2.25,171.57,473.3,"11/30/2024",14,8,5,2.44
"https://amazon.com/dp/B0D8SDT9HT","https://m.media-amazon.com/images/I/71yBs-5NVeL._SX450_.jpg","B0D8SDT9HT","Ralcam Two-Way Articulating Borescope, Endoscope Camera with Light 0.24in/6.2mm Articulated Inspection Camera, 3.3 FT Semi-Rigid HD Video Snake Scope for Automotive Aircraft Mechanics","Ralcam","FBA","Industrial & Scientific",51713,"N/A","N/A",6977924690294,"N/A","Borescopes",135,94.99,-39,57,34,-57,6095.59,3409.88,144,4.6,"Ralcam","China",1,1648,"N/A","Large Standard-Size",3.15,8.78,12.56,2.07,174.89,482.46,"11/30/2024",21,9,5,0.4
"https://amazon.com/dp/B0CFQG5YLX","https://m.media-amazon.com/images/I/614UGPIJxDL._SX450_.jpg","B0CFQG5YLX","JSE Endoscope Camera with Light, 16.4FT Waterproof Borescope 1920P HD, Semi-Rigid Cable, 8 Adjustable High Brightness LED Lights Inspection Snake Camera for iPhone, Android, iPad","JSE","FBA","Industrial & Scientific",51797,"N/A","N/A","N/A","N/A","Borescopes",133,19.8,-23,63,50,-83,1250.5,1000.61,453,4.3,"JSE-Electronic","China",2,2799,"N/A","Large Standard-Size",1.54,4.84,4.88,0.4,18.31,50.52,"06/30/2024",32,7,5,0.14
"https://amazon.com/dp/B0DD47VS7S","https://m.media-amazon.com/images/I/71itAGBoMPL._SX450_.jpg","B0DD47VS7S","DEPSTECH Dual Lens Endoscope, HD Borescope Inspection Camera with Light, 4.3'' IPS Screen, IP67 Waterproof, 16.5ft Semi-Rigid Snake Camera Cable for Car Wall Drain Pipe","DEPSTECH","FBA","Industrial & Scientific",51909,"N/A","N/A","N/A","N/A","Borescopes",138,29.99,-33,80,80,-19,2393.34,2392.44,290,4.6,"DEPSTECH Authorized Store","China",1,1989,"N/A","Large Standard-Size",3.07,6.38,8.27,1.41,81.55,224.97,"11/30/2024",17,7,0,0.28
"https://amazon.com/dp/B0GK5N8CSX","https://m.media-amazon.com/images/I/71shn9ccxBL._SX450_.jpg","B0GK5N8CSX","SYANSPAN Sewer Camera 66ft,Drain Pipe Camera HD 4.3in Screen DVR 17MM Plumbing Snake Borescope with 12pcs LEDs Light, IP68 Sewer Inspection borescopes for Plumber(66ft/20M)","SYANSPAN","FBA","Industrial & Scientific",52137,"N/A","N/A","N/A","N/A","Borescopes",142,209.99,"N/A",6,6,,1208.91,1208.82,1,5,"pipe camera","China",1,0,"N/A","Large Standard-Size",6.65,12.05,13.7,6.7,552.72,1524.74,"02/28/2026",2,9,0,2.89
"https://amazon.com/dp/B0CF1VCDBD","https://m.media-amazon.com/images/I/71STlCN1XnL._SX450_.jpg","B0CF1VCDBD","Dual Lens Endoscope with Light, Teslong USB-C Borescope Inspection Camera with 8+1 LED Lights, Flexible Waterproof Fiber Optic Snake Camera Scope Compatible with iPhone 15, Android Phone(10FT)","Teslong","FBA","Industrial & Scientific",52184,"N/A","N/A","N/A","N/A","Borescopes",152,36.99,-33,85,66,-100,3212.36,2434.28,328,4.3,"Teslong","China",1,3229,"N/A","Large Standard-Size",1.46,5.35,5.43,0.46,21.35,58.91,"11/30/2025",31,9,2,0.26
"https://amazon.com/dp/B0FCMDKKZC","https://m.media-amazon.com/images/I/71pGzz048fL._SX450_.jpg","B0FCMDKKZC","50FT Triple Lens 5"" IPS Borescope Inspection Camera, Ginocaco 1080P Digital Video Endoscope with Light, Waterproof Scope Camera with Semi-Rigid Cable, Drain Pipe Tool, Carrying Case, 32G Card","GinoCaco","FBA","Industrial & Scientific",52186,"N/A","N/A","N/A","N/A","Borescopes",138,89.99,-52,150,3,,4945.35,261.65,16,4.3,"GinoCaco Direct","China",1,0,"N/A","Large Standard-Size",4.69,6.89,9.29,2.73,151.14,416.94,"02/28/2026",10,7,5,9.35
"https://amazon.com/dp/B0CLG4LHWP","https://m.media-amazon.com/images/I/71VmfKJjQXL._SX450_.jpg","B0CLG4LHWP","Teslong 3.9mm Two-Way Articulating Borescope with Light, 5-inch IPS Endoscope Inspection Camera with Articulated Probe, Flexible Automotive Mechanics Gadgets Fiber Optic Scope Cam-0.15inch","Teslong","FBA","Industrial & Scientific",52270,"N/A","N/A","N/A","N/A","Borescopes",134,349.99,2,173,173,81,57374.39,57372.54,107,4,"Teslong","China",1,1167,6,"Large Standard-Size",3.5,8.74,16.65,2.98,256.43,707.39,"02/28/2026",27,9,0,1.62
"https://amazon.com/dp/B09HSC4Q8Y","https://m.media-amazon.com/images/I/71gP6gP6QyL._SX450_.jpg","B09HSC4Q8Y","Sewer Camera with Locator, Anysun 165FT with 512HZ Locator Set and Receiver for Drain Plumbing Video Inspection 7'' LCD HD Screen Waterproof IP68 Cameras with 12pcs LED Light(8GB SD Card-DVR Record)","anysun","FBA","Industrial & Scientific",52270,770887234347,"N/A",0770887234347,"N/A","Borescopes",130,759.99,-31,67,3,362,29983.64,2029.48,521,4.3,"ToBestGift","China",1,791,"N/A","Large bulky",12.4,19.6,25,25.38,1969.07,4922.69,"04/30/2025",54,9,9,0.13
"https://amazon.com/dp/B0B4SDBMPX","https://m.media-amazon.com/images/I/71-VLmkuBGL._SX450_.jpg","B0B4SDBMPX","Sewer Camera 65FT, Can Connect External Monitor, Zoom in and Out, IP68 Waterproof, 12 pcs Adjustable Light, Plumbing Snake Cam with DVR Pipe Video Inspection, for Sewer Line, Drain, Duct, Plumbing","anysun","FBA","Industrial & Scientific",52271,774829649299,"N/A",0774829649299,"N/A","Borescopes",130,329.99,-82,67,7,362,29983.64,2255.89,521,4.3,"ToBestGift","China",1,791,"N/A","Large bulky",9,14,17,15.85,694.17,1735.42,"04/30/2025",45,8,9,0.13
"https://amazon.com/dp/B0DTHZDGYD","https://m.media-amazon.com/images/I/715yDII3+iL._SX450_.jpg","B0DTHZDGYD","Teslong 360 Articulating Borescope with Light, 5'' Monitor Industrial Inspection Camera with 4-Way Joystick Articulation, HD Endoscope Camera for Automotive, Pipes, and Mechanics (0.24inch-5FT)","Teslong","FBA","Industrial & Scientific",52504,"N/A","N/A","N/A","N/A","Borescopes",136,449.99,-20,121,121,-44,51498.68,51497.72,46,4.1,"Teslong","China",1,1210,"N/A","Large Standard-Size",6.02,10.71,14.45,3.7,469.06,1293.96,"01/31/2026",14,9,0,2.63
"https://amazon.com/dp/B0DK91NK8Q","https://m.media-amazon.com/images/I/71tntAivRaL._SX450_.jpg","B0DK91NK8Q","4.5 Inch Dual-Lens Industrial Endoscope, 1080P Photo Video Borescope Inspection Camera, 5.5mm IP67 Waterproof Snake Camera, 8+1 LED Lights, 16.5FT Cable, 32GB","AukonVee","FBA","Industrial & Scientific",52538,"N/A","N/A","N/A","N/A","Borescopes",143,24.99,-28,105,29,,2508.86,779.58,55,4.2,"Shenzhen Qiuchen Electronics Co., LTD","China",1,0,"N/A","Large Standard-Size",2.91,5.55,8.19,1.06,66.6,183.71,"02/28/2026",17,8,3,1.91
"https://amazon.com/dp/B0CTTSWBMV","https://m.media-amazon.com/images/I/81YF-iMF1qL._SX450_.jpg","B0CTTSWBMV","Dual Lens Endoscope Borescope Inspection Camera with 8 Adjustable LED Lights - 1980P Endoscope Camera with 16.5ft Semi Rigid Snake - IP68 Waterproof for iPhone, iPad, Android","CARPDIM","FBA","Industrial & Scientific",52727,"N/A","N/A","N/A","N/A","Borescopes",133,19.99,-34,125,125,-48,2144.8,2143.43,380,4.3,"xinhaotrading","China",1,4225,"N/A","Large Standard-Size",1.5,5.04,5.2,0.42,19.73,54.42,"11/30/2024",26,8,2,0.33
"https://amazon.com/dp/B07PBF6DX5","https://m.media-amazon.com/images/I/71dixVdUUML._SX450_.jpg","B07PBF6DX5","T TAKMLY 5.5mm Endoscope Borescope Inspection Camera with Light for iPhone, OTG Android Phone, Snake Drain Scope Cameras Bore Scope Borescopes, IP67 Waterproof 16.4FT Semi-Rigid Cable","T TAKMLY","FBA","Industrial & Scientific",53073,713869882136,"N/A",0713869882136,"N/A","Borescopes",129,20.99,43,71,71,91,1488.18,1487.33,10379,4,"T TAKMLY STORE","China",1,0,"N/A","Large Standard-Size",2.05,4.25,4.88,0.4,21.41,59.05,"10/31/2025",85,6,2,0.01
"https://amazon.com/dp/B0FJ2QDNG9","https://m.media-amazon.com/images/I/71mNtTk5TVL._SX450_.jpg","B0FJ2QDNG9","Endoscope Camera with Light,Borescope Cameras with 4.3"" IPS 1920P HD Inspection Kamera IP67 Waterproof with 8 Adjustable LEDs 16.5 FT Semi-Rigid Cable Borescopes for Sewer Drain Pipe Cool Gadgets","CARPDIM","FBA","Industrial & Scientific",53230,"N/A","N/A","N/A","N/A","Borescopes",135,21.59,-4,79,79,38,1886.35,1885.46,64,4.4,"xinhaotrading","China",1,0,"N/A","Large Standard-Size",2.13,5.35,7.24,0.97,41.54,114.59,"01/31/2026",8,8,0,1.27
"https://amazon.com/dp/B0D5M795JC","https://m.media-amazon.com/images/I/71o798nhaEL._SX450_.jpg","B0D5M795JC","Anysun Self Leveling Sewer Camera with Locator, Distance Counter, 7MM Thicker Cable, 300Ft/91.5M Pipe Inspection Cameras with 9'' 1080P IPS Screen, IP68 Sewer Drain Cam with DVR Recorder & 32GB Card","anysun","FBA","Industrial & Scientific",53768,"N/A","N/A","N/A","N/A","Borescopes",139,1899.99,-33,55,4,39,59479.99,6965.14,91,4.1,"Yongchangsheng tech","Hong Kong",1,664,"N/A","Large bulky",13,19,27.5,33.7,2201.27,5503.18,"10/31/2025",20,8,7,0.61
"https://amazon.com/dp/B0FRMFNFHL","https://m.media-amazon.com/images/I/71zXfYqguzL._SX450_.jpg","B0FRMFNFHL","LumenScope Articulating Borescope Camera with Light,Two-Way Industrial Endoscope Inspection Camera with 0.24In Articulated Probe, 5.3FT Flexible Snake Bore Scope Cam for Automotive Engine Inspect","LumenScope","FBA","Industrial & Scientific",54261,"N/A","N/A","N/A","N/A","Borescopes",141,69.89,-33,100,100,161,7105.78,7105.56,24,4.9,"SHU HUI LAI","N/A",1,0,"N/A","Large Standard-Size",2.5,8.6,16,2.4,173.19,477.78,"02/28/2026",6,8,0,4.17
"https://amazon.com/dp/B0FJLQJ18V","https://m.media-amazon.com/images/I/71FV2Zf+7UL._SX450_.jpg","B0FJLQJ18V","Ralcam Dual Lens Articulating Borescope 5"", 6.5mm Slim Probe, Two-Way Articulated Endoscope Inspection Camera with 5FT Flexible Snake Cable for Engine Automotive HVAC Wall Pipe","Ralcam","FBA","Industrial & Scientific",54482,"N/A","N/A","N/A","N/A","Borescopes",145,139.99,-21,109,5,-17,16291.07,656.49,107,4.7,"Ralcam","China",1,0,"N/A","Large Standard-Size",3.43,8.9,16.77,3.04,257.75,711.02,"10/31/2025",8,6,3,1.02
"https://amazon.com/dp/B0DSVY5LQD","https://m.media-amazon.com/images/I/41YiRaMAC8L._SX450_.jpg","B0DSVY5LQD","Ralcam Dual Lens Articulating Borescope, 6.5mm Slim Probe, 5"" Endoscope Camera with Light, 5FT Semi-Rigid Cable, Two-Way Articulated Inspection Camera for Automotive Wall Pipe","Ralcam","FBA","Industrial & Scientific",54594,"N/A","N/A","N/A","N/A","Borescopes",144,139.99,-14,109,50,-17,16291.07,7051.98,107,4.7,"Ralcam","China",1,0,"N/A","Large Standard-Size",3.5,8.86,16.77,2.89,262.09,723.02,"10/31/2025",15,8,3,1.02
"https://amazon.com/dp/B0D8B5ZKFQ","https://m.media-amazon.com/images/I/717BrqfaK5L._SX450_.jpg","B0D8B5ZKFQ","Ginocaco 16.4FT Endoscope with Light, 4.3'' HD 1080P Borescope Inspection Camera, 8 Adjust LED Lights, Semi-Rigid Cable, IP67 Waterproof Scope for HVAC Tool, Gadget Gift for Men","GinoCaco","FBA","Industrial & Scientific",54745,"N/A","N/A","N/A","N/A","Borescopes",151,29.99,1,94,63,-80,3202.02,1899.96,189,4.2,"GinoCaco Direct","China",1,3570,"N/A","Large Standard-Size",2.68,5.67,10.35,1.26,79.18,218.44,"05/31/2025",21,9,3,0.5
"https://amazon.com/dp/B0FKGX3H6P","https://m.media-amazon.com/images/I/71klbhNOc+L._SX450_.jpg","B0FKGX3H6P","Sanyipace Self-Leveling Sewer Camera 100FT/30M with Wheels and Retractable Handle, Drain Camera with 512Hz Transmitter, Distance Counter, Microphone Speaker Keyboard, 10"" Color Screen, 32GB TF Card","Sanyipace","-","Industrial & Scientific",55031,"N/A","N/A","N/A","N/A","Borescopes",154,1019.99,"N/A",61,4,,58563.63,4009.18,"N/A","N/A",,"N/A",1,0,"N/A","Large bulky",13.3,16.8,20,29.6,"N/A","N/A","02/28/2026",8,"N/A",6,"N/A"
"https://amazon.com/dp/B0DCC6DLBC","https://m.media-amazon.com/images/I/714-GutH6rL._SX450_.jpg","B0DCC6DLBC","Sewer Camera 50 FT 100FT,W/ 4.3"" IPS HD 16GB DVR Screen,JQKJCAM 17MM Plumbing Drain Camera with Light,M+FT Mark,Portable Spool,3.5'' Roller Wheel,Waterproof for 1'' 2'' Pipe Wall Inspection(30m)","JQKJCAM","FBA","Industrial & Scientific",55476,"N/A","N/A","N/A","N/A","Borescopes",149,244.32,-18,106,17,60,28089.16,4368.73,61,4.1,"JJKJ Cam","China",1,1040,"N/A","Large Standard-Size",6.25,12,13.5,8.5,509.77,1406.25,"02/28/2026",20,9,9,1.74
"https://amazon.com/dp/B0BCW5XW19","https://m.media-amazon.com/images/I/51ttCZRvKfL._SX450_.jpg","B0BCW5XW19","Sanyipace Guide Wheels Pipe Pulley of Sewer Camera Probe, for 0.87in/22mm and 0.9in/23mm Diameter Duct Camera Head, Suitable for Pipe Diameters Greater Than 3.7in/95mm Diameter","Sanyipace","FBA","Industrial & Scientific",55764,"N/A","N/A","N/A","N/A","Borescopes",308,22.99,38,98,8,-60,2456.36,183.07,53,4.2,"SanyipaceDirect Store","China",1,1591,207,"Large Standard-Size",3.11,3.78,4.33,0.29,25.63,70.7,"09/30/2025",43,7,6,1.86
"https://amazon.com/dp/B08Y5S32YV","https://m.media-amazon.com/images/I/71c2UsiLHsL._SX450_.jpg","B08Y5S32YV","Ralcam Two-Way Articulating Borescope for iPhone&Android, Endoscope Camera with Light, HD Inspection Camera with Battery for Automotive, Engine, Pipe 0.33in Lens-3.3FT Flexible Cable","Ralcam","FBA","Industrial & Scientific",55852,724118701306,"N/A",0724118701306,"N/A","Borescopes",132,99.99,-20,139,113,,14629.45,11325.87,204,4.3,"Ralcam","China",1,0,"N/A","Large Standard-Size",3.15,8.7,12.48,2.05,172.19,475.02,"02/28/2026",61,8,5,0.68
"https://amazon.com/dp/B0FBWTBNTY","https://m.media-amazon.com/images/I/71G7PP1ChbL._SX450_.jpg","B0FBWTBNTY","NIDAGE Two-Way Articulating Endoscope Camera with Light: 7'' IPS Borescope with Articulated Snake Head and 5.3FT Cable 1080P Waterproof Industrial Inspection Camera for Auto Mechanics Wall","NIDAGE","FBA","Industrial & Scientific",55904,"N/A","N/A","N/A","N/A","Borescopes",143,158.98,-35,38,38,-14,6374.62,6374.14,49,4.7,"TELESION","China",1,0,"N/A","Large Standard-Size",3.25,9.25,15.3,3.45,231.58,638.83,"11/30/2025",10,7,0,0.78
"https://amazon.com/dp/B0FCFWRV19","https://m.media-amazon.com/images/I/41MbD6yzAyL._SX450_.jpg","B0FCFWRV19","Dual Lens Borescope with 5"" IPS Screen, Endoscope Camera with Lights 16.5FT Semi-Rigid Cable, 1080P Inspection Camera, Supports Memory Cards with Photo and Video Capabilities","zealtron","FBA","Industrial & Scientific",56121,"N/A","N/A","N/A","N/A","Borescopes",147,39.98,-27,90,94,-8,3613.75,3756.53,158,4.5,"Smart Deal 2025","N/A",2,0,"N/A","Large Standard-Size",2.99,5.67,8.23,1.3,70.25,193.79,"08/31/2025",9,7,0,0.57
"https://amazon.com/dp/B0DCC5SH93","https://m.media-amazon.com/images/I/71kVBcQCjjL._SX450_.jpg","B0DCC5SH93","Sewer Camera 100FT,W/4.3'' IPS 32GB DVR Screen,M+FT Marks,HD 0.9'' JQKJCAM Drain Scope Sewer Inspection Cameras 100 FT,23MM Plumbing Camera Snake with 12 Light for Pipe Sewer Line (30m)","JQKJCAM","FBA","Industrial & Scientific",56176,"N/A","N/A","N/A","N/A","Borescopes",148,259.92,-20,106,22,60,28089.16,5447.81,61,4.1,"JJKJ Cam","China",1,1040,"N/A","Large Standard-Size",6.85,12.05,13.58,7.56,564.36,1556.84,"02/28/2026",20,9,9,1.74
"https://amazon.com/dp/B0DCCCBT3B","https://m.media-amazon.com/images/I/714-GutH6rL._SX450_.jpg","B0DCCCBT3B","Sewer Camera 25FT,Waterproof 16GB JQKJCAM Drain Borescope Pipe Inspection Camera with Light Distance Counter,17MM/0.67'' Wall Snake Cameras 30FT for Plumber/Plumbing(10m / 33ft)","JQKJCAM","FBA","Industrial & Scientific",56178,"N/A","N/A","N/A","N/A","Borescopes",148,199.6,-20,106,33,60,28089.16,6611.13,61,4.1,"JJKJ Cam","China",1,1040,"N/A","Large Standard-Size",6,12,13.4,5.8,485.75,1340,"02/28/2026",20,9,9,1.74
"https://amazon.com/dp/B0DCC6DNGD","https://m.media-amazon.com/images/I/71kVBcQCjjL._SX450_.jpg","B0DCC6DNGD","Sewer Camera 200FT,8500mAH 32GB HD JQKJCAM Duct Drain Pipe Inspection Camera with 12 Light 4.3"" HD Video Screen,23MM/0.9'' Waterproof Plumbing Snake Cameras for Plumber Inspector (60m)","JQKJCAM","FBA","Industrial & Scientific",56178,"N/A","N/A","N/A","N/A","Borescopes",148,349.6,-9,106,7,60,28089.16,2525.93,61,4.1,"JJKJ Cam","China",1,1040,"N/A","Large Standard-Size",6.6,12,13.5,9.6,538.31,1485,"02/28/2026",20,9,9,1.74
"https://amazon.com/dp/B0FR1JJ8PR","https://m.media-amazon.com/images/I/41SbYPb2k3L._SX450_.jpg","B0FR1JJ8PR","2025 New Wireless HD Endoscope Camera with 8 Adjustable LED Lights,WiFi Borescope for Home Industrial Auto Repair, Oral & Pet Mouth Checking","prabensei","FBA","Industrial & Scientific",56350,"N/A","N/A","N/A","N/A","Borescopes",149,45.99,"N/A",0,0,,"-","-",3,2.9,"HEIYAO Direct Store","China",1,0,"N/A","Large Standard-Size",8.86,3.27,1.18,0.35,17.21,47.48,"03/31/2026",7,5,2,0.15
"https://amazon.com/dp/B07SQ4FLYX","https://m.media-amazon.com/images/I/81YfObMGmOL._SX450_.jpg","B07SQ4FLYX","Dual Lens Endoscope with 5"" Monitor, Teslong NTS500 Industrial Waterproof Borescope Inspection Camera with 0.21in Front & Side-View Double Lens with 9.8FT Probe, 5-Inch IPS LCD Screen & Case","Teslong","FBA","Industrial & Scientific",56437,"N/A","N/A","N/A","N/A","Borescopes",134,269.99,-9,75,75,1,19316.41,19315.57,633,4.7,"Teslong","China",1,905,10,"Large Standard-Size",3.23,11.15,13.25,3.09,240.23,662.7,"10/31/2025",90,9,0,0.12
"https://amazon.com/dp/B0D2ZPKZ3G","https://m.media-amazon.com/images/I/51qnZGdl23L._SX450_.jpg","B0D2ZPKZ3G","Anysun Black Camera Cover Protective Cover for 22mm & 23mm Sewer Camera Pipe Inspection Camera, 2pcs","anysun","FBA","Industrial & Scientific",56605,774049595765,"N/A",0774049595765,"N/A","Borescopes",144,21.99,-31,26,26,188,579.42,579.05,1,5,"Yongchangsheng tech","Hong Kong",1,82,"N/A","Small Standard-Size",0.59,0.59,0.39,0.4,0.07,0.19,"01/31/2026",23,2,0,26.36
"https://amazon.com/dp/B09WMFTQYB","https://m.media-amazon.com/images/I/61aCGizHj6L._SX450_.jpg","B09WMFTQYB","Teslong Endoscope Replacement Cable with Light, Triple Lens Inspection Camera 7.9mm/0.3inch Waterproof Probe Compatible with NTS500, NTS300(3.3FT)","Teslong","FBA","Industrial & Scientific",56757,"N/A","N/A","N/A","N/A","Borescopes",146,79.99,-10,43,43,-48,3471.99,3471.43,50,4.7,"Teslong","China",1,552,"N/A","Large Standard-Size",1.93,5.63,6.5,0.6,35.56,98.09,"07/31/2025",48,6,0,0.87
"https://amazon.com/dp/B0FXGJWK71","https://m.media-amazon.com/images/I/71IYopAeSQL._SX450_.jpg","B0FXGJWK71","Endoscope Camera with Light, 16.5 FT Cable - 4.3"" 1080P HD Display & Borescope Inspection Camera 180° Image Rotation, 8 LEDs, Plug-and-Play USB-C, 1800mAh Battery, Waterproof Probe with Accessories","MZYSKJ","FBA","Industrial & Scientific",57082,"N/A","N/A","N/A","N/A","Borescopes",147,27.99,"N/A",40,40,140,1082.8,1082.32,2,5,"MZYSKJ","China",1,0,"N/A","Large Standard-Size",2.83,5.63,7.24,1.01,58.08,160.21,"12/31/2025",5,9,0,19.82
"https://amazon.com/dp/B0CF9C3QQF","https://m.media-amazon.com/images/I/71fXvsEuVYL._SX450_.jpg","B0CF9C3QQF","DEPSTECH 5"" IPS Screen Borescope with Light, Split Screen View, 1080P HD Sewer Inspection Camera, 16.5FT Plumbing Snake for Home, Automotive","DEPSTECH","FBA","Industrial & Scientific",57132,"N/A","N/A","N/A","N/A","Borescopes",147,44.99,-41,58,58,-26,2725.39,2725.27,196,4.6,"DEPSTECH Authorized Store","China",1,490,-44,"Large Standard-Size",3.27,6.34,8.9,1.9,92.9,256.27,"11/30/2024",32,7,0,0.3
"https://amazon.com/dp/B0CW67ZYP1","https://m.media-amazon.com/images/I/71Y+KgLtvmL._SX450_.jpg","B0CW67ZYP1","Daxiongmao Endoscope Camera with Lights, 1080P HD Two-Way Articulating Borescope, IP67 Waterproof Snake Camera – Ideal for Inspecting Walls, Vents, Automotive Engines, Pipes – A Tool for Men (5ft)","Daxiongmao","FBA","Industrial & Scientific",57309,739944333614,"N/A",0739944333614,"N/A","Borescopes",151,78.25,-57,96,63,,7108.31,5431.17,171,4.4,"leersi_jet","China",1,0,"N/A","Large Standard-Size",3.35,9.29,17.01,3.09,266.53,735.25,"02/28/2026",25,8,2,0.56
"https://amazon.com/dp/B0G584RGRQ","https://m.media-amazon.com/images/I/71CYp9Z-bhL._SX450_.jpg","B0G584RGRQ","Dual-Lens Endoscope Camera with Light, 1920P HD Borescope with 8 Adjustable LEDs, 16.4FT Semi-Rigid Snake Cord, IP68 Waterproof Inspection Tool for iPhone, Android, Automotive, Plumbing, HVAC (7.9mm)","NOUSV","FBA","Industrial & Scientific",57428,"N/A","N/A","N/A","N/A","Borescopes",157,26.99,"N/A",20,20,,532.59,532.3,1,5,"aileking-us","China",1,0,"N/A","Large Standard-Size",5.12,5.12,1.54,0.34,20.25,55.86,"01/31/2026",4,9,0,19.74
"https://amazon.com/dp/B0FJF9SXSR","https://m.media-amazon.com/images/I/61mWqdKWkWL._SX450_.jpg","B0FJF9SXSR","SCOPIX Articulating Borescope Camera with Screen, 2-Way Flexible Inspection Camera with Light, 1080P HD Endoscope, 0.24 Inch Probe, 4.3 Inch Display, for Engine and Pipe, 3.3ft Cable (Orange)","SCOPIX","FBA","Industrial & Scientific",57475,"N/A","N/A","N/A","N/A","Borescopes",149,89.99,-7,47,51,,4453.67,4797.4,9,5,"SCOPIX","China",1,0,"N/A","Large Standard-Size",3.23,6.61,15.07,1.87,161.99,446.87,"02/28/2026",8,9,2,5.88
"https://amazon.com/dp/B0DLS8RHMK","https://m.media-amazon.com/images/I/71IsfO7S-FL._SX450_.jpg","B0DLS8RHMK","Anysun Sewer Camera with Locator, Self Leveling, Distance Counter, 7MM Thicker Cable, Pipe Inspection Cameras with 9'' 1080P Monitor, Video Drain Cam IP68 Waterproof Industrial Borescope (200Ft/60M)","anysun","FBA","Industrial & Scientific",57835,"N/A","N/A","N/A","N/A","Borescopes",153,1499.99,-11,55,6,39,59479.99,9480.26,91,4.1,"Yongchangsheng tech","Hong Kong",1,664,"N/A","Large bulky",13.5,18.5,20,25.5,1618.75,4046.88,"10/31/2025",15,8,7,0.61
"https://amazon.com/dp/B0D8W215CX","https://m.media-amazon.com/images/I/6139G6+CrLL._SX450_.jpg","B0D8W215CX","Endoscope Camera with Light,1920P HD Endoscope with 5.9ft Semi-Rigid,Endoscope Camera with 8 Adjustable LED Lights,7.9mm IP67 Waterproof","ZOIOT","FBA","Industrial & Scientific",58349,"N/A","N/A","N/A","N/A","Borescopes",165,25.99,-14,86,86,-26,2244.22,2243.24,152,4.3,"YFD-US","China",1,378,"N/A","Small Standard-Size",0.75,4.96,5.04,0.22,9.41,25.97,"11/30/2024",21,6,0,0.57
"https://amazon.com/dp/B0F9SST8K9","https://m.media-amazon.com/images/I/71gZdZxT1KL._SX450_.jpg","B0F9SST8K9","𝟐𝟎𝟐𝟔 𝐧𝐞𝐰 7” Sewer Camera, HD 1080P w/DVR-32GB, IPS Screen,[Quick-Unlock Y Clamp] Plumbing Snake Pipe Inspection Camera, [Thicker Cable Reel] Drain Camera, 5000mAh, [360°+180° Rotate] 100ft/30m","FishPro","FBA","Industrial & Scientific",58443,"N/A","N/A","N/A","N/A","Borescopes",310,329.99,-9,59,17,,19898.7,5756.03,15,4.2,"FishPRO® Direct","Hong Kong",1,0,"N/A","Large bulky",7.09,17.32,15.16,9.26,603.02,1507.54,"02/28/2026",10,6,3,3.94
"https://amazon.com/dp/B0CR4C4PM3","https://m.media-amazon.com/images/I/71V1AUg9SHL._SX450_.jpg","B0CR4C4PM3","TLMUSE Borescope, Endoscope Camera with Light- 1920P HD Inspection Camera with Light, Dual Lens with 8+1 Adjustable LED Lights, IP67 Waterproof for Android, iPhone, iPad","TLMUSE","FBA","Industrial & Scientific",58849,734189050937,"N/A",0734189050937,"N/A","Borescopes",148,15.82,-32,85,63,6,1480.42,1004.05,399,4.2,"TLMUSE Official","China",1,2957,"N/A","Large Standard-Size",1.54,4.76,5,0.4,18.45,50.91,"11/30/2024",25,7,3,0.21
"https://amazon.com/dp/B0CTBJK31P","https://m.media-amazon.com/images/I/710RQEUCceL._SX450_.jpg","B0CTBJK31P","Endoscope Camera with Light, 1920P Dual Lens Borescope with 8+1 LED Light, IP67 Waterproof Portable Borescope Camera with Light for Android, iPhone, iPad (Dual Lens-33FT)","TLMUSE","FBA","Industrial & Scientific",58852,734189050968,"N/A",0734189050968,"N/A","Borescopes",148,21.88,-10,85,22,6,1480.42,475.26,399,4.2,"TLMUSE Official","China",1,2957,"N/A","Large Standard-Size",1.93,5.24,5.35,0.79,27.24,75.15,"11/30/2024",25,7,3,0.21
"https://amazon.com/dp/B0D5M8PB92","https://m.media-amazon.com/images/I/51jJS3D65XL._SX450_.jpg","B0D5M8PB92","Anysun Sewer Camera with Locator, Self Leveling, Distance Counter, 7MM Thicker Cable, 165Ft/50M Pipe Inspection Cameras with 9'' 1080P Monitor, Video Drain Camera IP68 Industrial Borescope Snake, 32GB","anysun","FBA","Industrial & Scientific",59291,"N/A","N/A","N/A","N/A","Borescopes",160,1407.09,-25,55,9,39,59479.99,12905.88,91,4.1,"Yongchangsheng tech","Hong Kong",2,664,"N/A","Large bulky",15,15.5,19,24.1,1431.6,3578.99,"10/31/2025",20,8,7,0.61
"https://amazon.com/dp/B0D75S1YZ3","https://m.media-amazon.com/images/I/51na97zy-iL._SX450_.jpg","B0D75S1YZ3","Sewer Camera Cable with Distance Counter,Replacement 5mm Rigid Cable 300FT for JQKJCAM Sewer Inspection Camera with 12PCS Lights,Pipe Drain Camera Accessory（300FT/91.5M for 23mm)","JQKJCAM","FBM","Industrial & Scientific",59322,"N/A","N/A","N/A","N/A","Borescopes",151,456,-8,32,1,-41,6086.47,529.04,13,4.2,"JJKJ Cam","China",1,356,"N/A","N/A","N/A","N/A","N/A","N/A","N/A","N/A","12/31/2025",22,5,23,2.46
"https://amazon.com/dp/B0D8FVZ6Z5","https://m.media-amazon.com/images/I/61MREBaQcYL._SX450_.jpg","B0D8FVZ6Z5","Sewer Camera Cable with Distance Counter,Replacement 5mm Rigid Cable 32.8FT for JQKJCAM Sewer Inspection Camera with 6PCS Lights,Pipe Drain Camera Accessory（32.8FT/10M for 17mm)","JQKJCAM","FBA","Industrial & Scientific",59322,"N/A","N/A","N/A","N/A","Borescopes",151,131.5,-24,32,7,-41,6086.47,961.3,13,4.2,"JJKJ Cam","China",2,356,"N/A","Large Standard-Size",13,5,14,1.65,458.16,1263.89,"12/31/2025",21,3,23,2.46
"https://amazon.com/dp/B0D8FSWW5Z","https://m.media-amazon.com/images/I/61MREBaQcYL._SX450_.jpg","B0D8FSWW5Z","Sewer Camera Cable with Distance Counter,Replacement 5mm Rigid Cable 65.6FT for JQKJCAM Sewer Inspection Camera,Pipe Drain Camera Accessory（65.6FT/20M for 23mm)","JQKJCAM","FBM","Industrial & Scientific",59332,"N/A","N/A","N/A","N/A","Borescopes",151,173,-23,32,6,-41,6086.47,1014.19,13,4.2,"JJKJ Cam","China",1,356,"N/A","Large Standard-Size",13.39,5.12,13.5,2.2,"N/A","N/A","12/31/2025",21,3,23,2.46
"https://amazon.com/dp/B0D75VF79S","https://m.media-amazon.com/images/I/61MREBaQcYL._SX450_.jpg","B0D75VF79S","Sewer Camera Cable Wire with Distance Counter,Replacement 5mm Rigid Cable 164FT for JQKJCAM Sewer Inspection Camera with 12PCS Lights,Pipe Drain Camera Accessory（164FT/50M for 23mm)","JQKJCAM","FBM","Industrial & Scientific",59333,"N/A","N/A","N/A","N/A","Borescopes",151,262,-5,39,3,-18,7433.62,677.72,13,4.2,"JJKJ Cam","China",1,363,"N/A","Large Standard-Size",13.39,5.12,13.5,5.7,"N/A","N/A","12/31/2025",22,9,23,3
"https://amazon.com/dp/B0D8FWGM99","https://m.media-amazon.com/images/I/61MREBaQcYL._SX450_.jpg","B0D8FWGM99","Sewer Camera Cable with Distance Counter,Replacement 5mm Rigid Cable 65.6FT for JQKJCAM Sewer Inspection Camera with 6PCS Lights,Pipe Drain Camera Accessory（65.6FT/20M for 17mm)","JQKJCAM","FBM","Industrial & Scientific",59334,"N/A","N/A","N/A","N/A","Borescopes",151,173,-7,32,7,-41,6086.47,1173.81,13,4.2,"JJKJ Cam","China",1,356,"N/A","N/A","N/A","N/A","N/A","N/A","N/A","N/A","12/31/2025",21,3,23,2.46
"https://amazon.com/dp/B0D7HSCM1G","https://m.media-amazon.com/images/I/61MREBaQcYL._SX450_.jpg","B0D7HSCM1G","Sewer Camera Cable with Distance Counter,Replacement 5mm Rigid Cable 98.4FT for JQKJCAM Sewer Inspection Camera with 12PCS Lights,Pipe Drain Camera Accessory（98.4FT/30M for 23mm)","JQKJCAM","FBA","Industrial & Scientific",59336,"N/A","N/A","N/A","N/A","Borescopes",151,179.9,-13,32,4,-41,6086.47,711.08,13,4.2,"JJKJ Cam","China",2,356,"N/A","Large Standard-Size",2.36,11.69,11.93,2.4,165.71,457.12,"12/31/2025",21,3,23,2.46
"https://amazon.com/dp/B0DPFBK493","https://m.media-amazon.com/images/I/719FZecmuyL._SX450_.jpg","B0DPFBK493","Sanyipace Sewer Camera 100FT/30M, 512Hz Sonde, Self-Leveling Drain Camera, Distance Counter, 5X Zoom, Video & Voice Recorder, 9"" Screen Sewer Pipe Camera for Plumber, Plumbing Camera with 12PCS LEDs","Sanyipace","FBA","Industrial & Scientific",59629,"N/A","N/A","N/A","N/A","Borescopes",162,759.88,8,102,9,-33,93375.35,7051.98,70,4.4,"Yans Minie","China",1,1036,"N/A","Large bulky",10.83,13.19,15.55,14.37,719.64,1799.11,"01/31/2026",16,8,9,1.46
"https://amazon.com/dp/B0DFHL8YN5","https://m.media-amazon.com/images/I/71EqyI7QxAL._SX450_.jpg","B0DFHL8YN5","Two-Way Articulating Borescope with Light, UJOYOK Industrial Endoscope with Snake Scope Camera, Borescope Inspection Camera with Light for Automotive & Aircraft Mechanics, 5.5FT","UJOYOK","FBA","Industrial & Scientific",59636,673658147283,"N/A",0673658147283,"N/A","Borescopes",166,105.99,-32,70,78,,7378.61,8238.26,462,4.6,"UJOYOK","China",1,0,"N/A","Large Standard-Size",3.31,9.33,16.97,3.04,263.86,727.88,"01/31/2026",19,7,0,0.16
"https://amazon.com/dp/B0F3124G5Y","https://m.media-amazon.com/images/I/71WQDqTxSdL._SX450_.jpg","B0F3124G5Y","POLEDY Endoscope Camera with Light, 1920P HD Borescope, 8 Adjustable LED Light, IP67 Waterproof 16.4ft Snake Camera, Semi-Rigid Cable Inspection for Android, iOS","POLEDY","FBA","Industrial & Scientific",60011,797417898374,"N/A",0797417898374,"N/A","Borescopes",153,16.99,-32,120,120,,2038.11,2036.78,186,4.2,"旻昊门业","N/A",2,0,"N/A","Large Standard-Size",0.94,6.46,6.5,0.42,19.87,54.82,"08/31/2025",12,6,0,0.64
"https://amazon.com/dp/B0CGMZ6V4N","https://m.media-amazon.com/images/I/71QWzbQekLL._SX450_.jpg","B0CGMZ6V4N","HBUDS Self Leveling Sewer Inspection Camera with Locator 165ft, 9"" Color Monitor Drain Pipe Cameras with 512Hz Sonde and Receiver, 12V 4500mAh Rechargeable Battery Plumbing Camera Snake with DVR 16GB","HBUDS","FBA","Industrial & Scientific",60257,717021376044,"N/A",0717021376044,"N/A","Borescopes",158,979.99,2,27,2,13,13787.43,1643.22,12,3.6,"Hanxuan tech","Hong Kong",1,1001,-49,"Large bulky",8.5,17.8,24.17,23.85,1185.11,2962.78,"02/28/2025",31,7,6,2.28
"https://amazon.com/dp/B0C2ZBB6V5","https://m.media-amazon.com/images/I/71SjUR4hqIL._SX450_.jpg","B0C2ZBB6V5","HBUDS Sewer Camera Self Leveling, 100ft Drain Pipe Cameras with Meter Counter, 12V 4500mAh Battery Plumbing Snake Camera with Light, 7"" Color HD Duct Chimney Sewer Inspection Cam, DVR Recorder 16GB","HBUDS","FBA","Industrial & Scientific",60257,774196180999,"N/A",0774196180999,"N/A","Borescopes",158,399.99,-15,27,7,13,13787.43,2825.02,92,4.1,"Hanxuan tech","Hong Kong",1,1001,-49,"Large bulky",8.2,14.4,16.5,13.8,631.4,1578.5,"02/28/2025",44,7,6,0.3
"https://amazon.com/dp/B0CMTV6VNZ","https://m.media-amazon.com/images/I/71L6C25SHwL._SX450_.jpg","B0CMTV6VNZ","Sewer Camera 100ft/30m,0.9in/22mm Pipe Inspection Camera with 12pcs LEDs Light, 4.3"" Screen 1000TVL Plumbing Snake Borescope with 4500mAh Battery DVR Recorder, Included 16GB Card","SYOWNFS","FBA","Industrial & Scientific",60368,"N/A","N/A","N/A","N/A","Borescopes",156,260.05,-23,53,31,-5,14340.75,7983.83,93,4,"ENNIO","China",1,1121,-32,"Large bulky",8.6,11,15.5,8.25,475.19,1187.97,"02/28/2025",29,7,4,0.57
"https://amazon.com/dp/B0CYGYXDXZ","https://m.media-amazon.com/images/I/71PTZpu4+VL._SX450_.jpg","B0CYGYXDXZ","Sewer Camera with Self-Leveling, Built-in Distance Counter, Can Connect External Monitor, Zoom in and Out, IP68 Waterproof, 12 pcs Adjustable Light, Plumbing Drain Video Cam with DVR (100FT)","anysun","FBA","Industrial & Scientific",60559,717203891624,"N/A",0717203891624,"N/A","Borescopes",161,469.99,-13,67,4,362,29983.64,2091.02,521,4.3,"ToBestGift","China",1,791,"N/A","Large bulky",8.13,16.88,18.88,16.8,839.67,2099.18,"04/30/2025",24,8,9,0.13
"https://amazon.com/dp/B0DZNQSLMP","https://m.media-amazon.com/images/I/71I--WSzqFL._SX450_.jpg","B0DZNQSLMP","SCOPIX Articulating Borescope Camera with Screen, 2-Way Flexible Inspection Camera with Light, 1080P HD Endoscope Camera with 0.24” Probe, 5in Display, for Engine, Pipe and Wall Inspection, 5ft","SCOPIX","FBA","Industrial & Scientific",60571,"N/A","N/A","N/A","N/A","Borescopes",155,109.99,-22,100,100,,11216.75,11215.65,50,4.6,"SCOPIX","China",1,0,"N/A","Large Standard-Size",3.31,9.65,15.86,2.45,255.06,703.6,"02/28/2026",13,7,0,2
"https://amazon.com/dp/B0BVML78W1","https://m.media-amazon.com/images/I/71f1ucrlQyL._SX450_.jpg","B0BVML78W1","DEPSTECH Endoscope, 7'' IPS Screen Borescope Camera with Light, Triple-Lens Inspection Camera with Sound Recording, 1080P HD 7.9 mm Snake Camera, 16.5ft Gooseneck Camera for Automotive Wall Pipe HVAC","DEPSTECH","FBA","Industrial & Scientific",60828,"N/A","N/A","N/A","N/A","Borescopes",158,104.39,-9,95,95,-16,9922.96,9921.85,198,4.6,"DEPSTECH Authorized Store","China",1,764,-37,"Large Standard-Size",4.92,11.97,14.41,6.31,427.27,1178.67,"03/31/2024",38,8,0,0.49
"https://amazon.com/dp/B0DFGTYXD5","https://m.media-amazon.com/images/I/71YeAW+AiiL._SX450_.jpg","B0DFGTYXD5","Borecope with Light 5M, 5in Dual Lens Endoscope Camera with Light, Digital Inspection Camera, 7.9mm IP67 Waterproof Endoscope, 5M/16.4FT Semi-Rigid for Car Wall Plumbing-6PCS ACCS","Hopefox","FBA","Industrial & Scientific",61010,"N/A","N/A","N/A","N/A","Borescopes",157,26.99,-46,101,85,-65,2726.96,2297.12,693,4.4,"Hopefox Official","China",1,0,"N/A","Large Standard-Size",3.31,5.63,7.76,1.19,72.81,200.85,"11/30/2025",16,7,5,0.15
"https://amazon.com/dp/B0F9X12NH3","https://m.media-amazon.com/images/I/817CBpykm+L._SX450_.jpg","B0F9X12NH3","Endoscope Camera with Light, Handheld Borescope Inspection Camera with 4.3"" IPS Screen, AukonVee IP67 Waterproof with 8 Adjustable LED Lights & 16.5FT Semi-Rigid Snake Camera, Bore Scope Tools for Men","AukonVee","FBA","Industrial & Scientific",61043,"N/A","N/A","N/A","N/A","Borescopes",169,29.44,-42,175,117,-74,5253.66,3671.38,111,4.5,"Shenzhen Qiuchen Electronics Co., LTD","China",1,0,"N/A","Large Standard-Size",3.27,4.96,11.77,1.28,96.11,265.14,"12/31/2025",8,9,3,1.57
"https://amazon.com/dp/B0BMV9MMSX","https://m.media-amazon.com/images/I/61uiakNV5wL._SX450_.jpg","B0BMV9MMSX","3 in 1 Endoscope Inspection Camera Borescope HD Camera Waterproof Snake Pipe Drain with 6 Adjustable Led Light Snake Cable USB Adapter for Android Phone Tablet Device(Size:1 M)","Pilarmuture","FBA","Industrial & Scientific",61129,"N/A","N/A","N/A","N/A","Borescopes",151,9.26,-29,73,73,-32,579.11,578.25,74,3.2,"henyihaida","China",2,652,188,"Large Standard-Size",0.83,5.12,5.71,0.07,12.22,33.7,"01/31/2026",40,9,0,0.98
"https://amazon.com/dp/B0DN1H5ZBM","https://m.media-amazon.com/images/I/71XFZxzpijL._SX450_.jpg","B0DN1H5ZBM","Sewer Camera 100FT/30M Borescopes Plumbing Snake Pipe Inspection Camera DVR & Audio Recorder 17/22mm with 5600Mah Battery 4.3"" IPS Screen 12 LEDs HD 1000TVL 32GB (22MM Camera)","ESANHAO","FBA","Industrial & Scientific",61398,614019415382,"N/A",0614019415382,"N/A","Borescopes",162,255.43,4,119,85,,31218.95,21740.72,63,4.3,"ESANHAO","China",1,0,"N/A","Large bulky",10.5,12,14,11.85,571.67,1429.17,"02/28/2026",17,6,4,1.89
"https://amazon.com/dp/B0GJ35SN5H","https://m.media-amazon.com/images/I/51YrWwuAPaL._SX450_.jpg","B0GJ35SN5H","Sewer Camera 100FT/30M Borescopes Plumbing Snake Pipe Inspection Camera 22mm with 8500Mah Battery 4.3"" IPS Screen 12 LEDs HD 1000TVL (22MM NO DVR Function)","ESANHAO","FBA","Industrial & Scientific",61401,"N/A","N/A","N/A","N/A","Borescopes",162,215.32,"N/A",119,4,,31218.95,861.28,64,4.2,"ESANHAO","China",1,0,"N/A","Large Standard-Size",7.5,10.71,12,7.55,485.3,1338.75,"02/28/2026",2,6,4,1.86
"https://amazon.com/dp/B07PBW52SF","https://m.media-amazon.com/images/I/71XLTckZHcL._SX450_.jpg","B07PBW52SF","Oiiwak Endoscope Camera with Light, 5.5 mm Borescope, 4.3"" IPS Screen HD Digital Snake Inspection Camera, IP67 Waterproof for Drain, Plumbing, Wall, Automotive- 3.5 m/11.5 ft","Oiiwak","FBA","Industrial & Scientific",61592,738944723166,"N/A",0738944723166,"N/A","Borescopes",171,49.99,-30,97,84,-81,5223.21,4286.72,3838,4.3,"Oiiwak Tech","China",1,0,"N/A","Large Standard-Size",2.64,5.12,8.86,1.1,60.3,166.33,"11/30/2025",84,8,5,0.03
"https://amazon.com/dp/B0D7HMTYPH","https://m.media-amazon.com/images/I/61MREBaQcYL._SX450_.jpg","B0D7HMTYPH","Sewer Camera Cable with Distance Counter,Replacement 5mm Rigid Cable 98.4FT for JQKJCAM Sewer Inspection Camera,Pipe Drain Camera Accessory（98.4FT/30M for 17mm)","JQKJCAM","FBM","Industrial & Scientific",61634,"N/A","N/A","N/A","N/A","Borescopes",163,192,-5,32,3,-41,6086.47,522.04,13,4.2,"JJKJ Cam","China",1,356,"N/A","Large Standard-Size",13.39,5,13.5,3.1,"N/A","N/A","12/31/2025",21,3,23,2.46
"https://amazon.com/dp/B08D9GDQD5","https://m.media-amazon.com/images/I/71EVKoAubeL._SX450_.jpg","B08D9GDQD5","Teslong Rigid Rifle Borescope, 0.2inch Rod Digital Gun Barrel Bore Scope Gun Cleaning Camera-Fits .20 Caliber & Larger Hunting Shooting Firearms, 26inch Long Insertion Tube & 4.5inch 1080P HD Screen","Teslong","FBA","Industrial & Scientific",61637,"N/A","N/A","N/A","N/A","Borescopes",164,149.99,-7,59,59,-1,8786.55,8786.43,397,4.7,"Teslong","China",1,744,-15,"Large bulky",1.97,4.09,30.39,2.75,79.35,198.38,"02/28/2025",68,7,0,0.15
"https://amazon.com/dp/B0C2P7TP2V","https://m.media-amazon.com/images/I/51Ntc90jdRL._SX450_.jpg","B0C2P7TP2V","Industrial HD Digital Borescope, Lightswim 1080P 4.3"" IPS Endoscope Inspection Camera with Handheld IP67 Waterproof Snake Sewer with 8 LED Lights 16.5ft Semi-Rigid Cable","Lightswim","FBA","Industrial & Scientific",61719,792483804946,"N/A",0792483804946,"N/A","Borescopes",164,29.9,"N/A",0,0,-117,"-","-",2500,4.5,"Higher CAT","China",1,6219,-61,"Large Standard-Size",3.11,5.24,7.76,1.23,63.67,175.64,"08/31/2024",36,7,0,0
"https://amazon.com/dp/B0DGTFVHF3","https://m.media-amazon.com/images/I/81xHDqKuUtL._SX450_.jpg","B0DGTFVHF3","VEVOR Endoscope Camera with Light, Triple Lens Borescope with 49.2FT Semi-Rigid Cable, 5"" Screen 1080P Inspection Camera, 8 + 2 LED Lights, IP67 Waterproof Snake Cameras for Auto, Plumbing (32GB Card)","VEVOR","FBM","Industrial & Scientific",61835,197988415312,"N/A",0197988415312,"N/A","Borescopes",159,51.34,100,82,22,-21,5757.48,1324.39,305,4.3,"Supdear","China",1,2885,"N/A","Large Standard-Size",11.02,7.68,3.46,2.43,"N/A","N/A","06/30/2025",18,9,3,0.27
"https://amazon.com/dp/B0CKPG2P7F","https://m.media-amazon.com/images/I/715NoCCxZ0L._SX450_.jpg","B0CKPG2P7F","Anykit Dual Lens Endoscope Camera with Adjustable Lights, Type C Borescope for Sewer, IP67 Waterproof Semi-Rigid Snake Camera, 1080HD Industrial Scope Inspection Cam, Gadgets for Men(16.5 ft)","Anykit","FBA","Industrial & Scientific",61949,"N/A","N/A","N/A","N/A","Borescopes",165,14.99,-34,79,79,6,1206.12,1205.44,200,4.5,"AnyKit","China",1,2612,17,"Large Standard-Size",1.42,5.35,5.43,0.64,20.77,57.29,"11/30/2025",30,9,3,0.39
"https://amazon.com/dp/B0D5QZBDRX","https://m.media-amazon.com/images/I/71F9EyQogiL._SX450_.jpg","B0D5QZBDRX","Endoscope Camera with Light, 4.3"" HD 1920P Borescope Snake Inspection Camera, IP67 Waterproof 8 Adjustable LEDs 16.4ft Semi-Rigid Tool Kit for Automotive Plumbing DIY Cool Gadgets","Ennovor","FBA","Industrial & Scientific",62533,797457523854,06976790930367,0797457523854,"N/A","Borescopes",160,28.99,-19,205,165,-74,5960.92,4630.77,592,4.5,"ENNOVOR","China",2,5758,"N/A","Large Standard-Size",3.23,5.31,7.76,1.1,67,184.83,"11/30/2025",18,8,3,0.35
"https://amazon.com/dp/B091L6L1GV","https://m.media-amazon.com/images/I/51GSREgZODL._SX450_.jpg","B091L6L1GV","Industrial Endoscope Borescope Inspection Camera with Light, Dual Lens Snake Drain Bore Scople Digital Cameras 1080P, 4.3 Inch LCD Screen, 16.5FT Semi-Rigid Cable","T TAKMLY","Amazon","Industrial & Scientific",62548,608571700260,"N/A",0608571700260,"N/A","Borescopes",155,28,11,24,24,-77,947.96,947.83,524,4.6,"Amazon","N/A",3,0,"N/A","Large Standard-Size",3.5,9.33,9.8,1.12,"N/A","N/A","12/31/2025",42,8,0,0.05
"https://amazon.com/dp/B0FJFX23ZH","https://m.media-amazon.com/images/I/61HWs34qIML._SX450_.jpg","B0FJFX23ZH","Sanyipace Sewer Camera 100FT,5"" HD Screen,18mm Pipeline Inspection Camera with 8 LEDs Light,32GB DVR Function, 1080P IP68 Waterproof Camer for Drain Pipe Plumbing Sewer Line Inspection.","Sanyipace","FBA","Industrial & Scientific",62974,"N/A","N/A","N/A","N/A","Borescopes",171,279.88,-31,99,26,,22218.91,7126.17,100,4.2,"SanyipaceDirect Store","China",1,0,"N/A","Large bulky",9,10.5,11.5,9.1,352.19,880.47,"02/28/2026",8,8,6,0.99
"https://amazon.com/dp/B0D7644ZYV","https://m.media-amazon.com/images/I/51na97zy-iL._SX450_.jpg","B0D7644ZYV","Sewer Borescope Camera Cable with Distance Counter,Replacement 5mm Rigid Cable 164FT for JQKJCAM Sewer Inspection Camera with 6PCS Lights,Pipe Drain Camera Accessory（164FT/50M for 17mm)","JQKJCAM","FBM","Industrial & Scientific",63145,"N/A","N/A","N/A","N/A","Borescopes",160,262,-10,39,3,-18,7433.62,702.76,13,4.2,"JJKJ Cam","China",1,363,"N/A","Large Standard-Size",12.2,5,12.2,5.6,"N/A","N/A","12/31/2025",22,2,23,3
"https://amazon.com/dp/B0DNMHPJR6","https://m.media-amazon.com/images/I/71rYq7RNmFL._SX450_.jpg","B0DNMHPJR6","VEVOR Sewer Camera with 512Hz Locator,165 ft/50 m, Self-Leveling Drain Inspection Camera with 9"" 1080P HD Screen, 36X Zoom, Snake Plumbing Camera with Lights-12 LED, 32GB SD Card for Duct Pipe","VEVOR","FBM","Industrial & Scientific",63485,197988991458,"N/A",0197988991458,"N/A","Borescopes",165,725.9,-26,4,15,,3140.87,10888.75,12,3.3,"Supdear","China",1,2,"N/A","Large bulky",17.91,15.55,11.42,18.08,"N/A","N/A","11/30/2024",16,9,0,0.36
"https://amazon.com/dp/B0CM3FBXJT","https://m.media-amazon.com/images/I/71JoCWcXHbL._SX450_.jpg","B0CM3FBXJT","VEVOR Sewer Inspection Camera, 300 ft/91.5 m, 9"" Pipeline Camera w/DVR & 512Hz Locator, IP68 Waterproof, 12 LEDs, 16 GB SD Card for Sewer, Drain & Duct Pipe Plumbing","VEVOR","FBM","Industrial & Scientific",63568,840281561728,00840281561728,0840281561728,"N/A","Borescopes",166,879.99,-2,69,69,-19,61139.24,61138.43,27,4,"VEVOR Shop","China",2,995,"N/A","Large bulky",21,16,12,25.1,"N/A","N/A","11/30/2025",29,12,3,2.57
"https://amazon.com/dp/B07PWZ3KKF","https://m.media-amazon.com/images/I/71-VLmkuBGL._SX450_.jpg","B07PWZ3KKF","Sewer Camera 100FT, Can Connect External Monitor, Zoom in and Out, IP68 Waterproof, 12 pcs Adjustable Light, Plumbing Snake Cam with DVR Pipe Video Inspection, for Sewer Line, Drain, Duct, Plumbing","anysun","FBA","Industrial & Scientific",63909,717326221162,"N/A",0717326221162,"N/A","Borescopes",172,379.99,-30,67,16,362,29983.64,5938.22,521,4.3,"ToBestGift","China",1,791,"N/A","Large bulky",8,14.75,16.75,15.1,640.53,1601.33,"04/30/2025",85,7,9,0.13
"https://amazon.com/dp/B07PBZZKJD","https://m.media-amazon.com/images/I/71-VLmkuBGL._SX450_.jpg","B07PBZZKJD","Sewer Camera, Can Connect External Monitor, Zoom in and Out, IP68 Waterproof, 12 pcs Adjustable Light, Plumbing Snake Cam with DVR Pipe Video Inspection, for Sewer Line, Drain, Duct, Plumbing(165FT)","anysun","FBA","Industrial & Scientific",63924,"N/A","N/A","N/A","N/A","Borescopes",172,409.99,3,67,9,362,29983.64,4147.71,521,4.3,"ToBestGift","China",1,791,"N/A","Large bulky",8.18,17,18.81,18.3,847.69,2119.22,"04/30/2025",85,8,9,0.13
"https://amazon.com/dp/B0D7PYRRKD","https://m.media-amazon.com/images/I/71NlALU6wOL._SX450_.jpg","B0D7PYRRKD","Teslong 3.9mm 4-Way Articulating Borescope with Light, 6'' IPS Endoscope Inspection Camera with 360 Articulated Probe, Flexible Automotive Mechanics Gadgets Fiber Optic Scope Cam (0.15inch-5FT)","Teslong","FBA","Industrial & Scientific",63977,"N/A","N/A","N/A","N/A","Borescopes",166,699.99,-16,49,49,13,34666.11,34665.5,27,4.1,"Teslong","China",1,626,"N/A","Large Standard-Size",4.37,13.19,14.68,4.12,426.02,1175.22,"10/31/2025",21,9,0,1.83
"https://amazon.com/dp/B0G2XTJBJZ","https://m.media-amazon.com/images/I/71w0uXBEiPL._SX450_.jpg","B0G2XTJBJZ","Endoscope Camera with Light, 1920P HD Borescope Camera with Light,Semi-Rigid Inspection Endoscope with 8 Adjustable LED, IP68 Waterproof Drain Scope Camera for for iOS/Android,16.4ft","T SHAREXE","FBA","Industrial & Scientific",64442,199874102634,00199874102634,0199874102634,"N/A","Borescopes",177,21.98,-23,101,101,,2239.54,2238.39,23,4.8,"Joyful Wooden Horse","China",2,0,"N/A","Large Standard-Size",1.46,5,5.12,0.42,18.82,51.91,"02/28/2026",27,8,0,4.39
"https://amazon.com/dp/B0G15X3PZ2","https://m.media-amazon.com/images/I/51J0P4WADjL._SX450_.jpg","B0G15X3PZ2","Kcapyn Sewer Camera 100FT/30M Pipe Inspection Borescope Endoscope Camera with Light 6 LEDs 5"" IPS Screen 17MM Plumbing Snake 5000 Mah Battery,1080P High-Definition Industrial Sewer Camera","KCapyn","FBA","Industrial & Scientific",65150,"N/A","N/A","N/A","N/A","Borescopes",166,258.99,-43,76,76,,19687.18,19686.3,28,4.5,"XIPUKA SECURITY STORE","N/A",1,0,"N/A","Large Standard-Size",15.98,12.01,7.87,9.26,760.9,2099.05,"02/28/2026",3,9,2,2.72
"https://amazon.com/dp/B0FLXRVP6M","https://m.media-amazon.com/images/I/616DcFZihUL._SX450_.jpg","B0FLXRVP6M","THINKCAR TES102 Endoscope Camera with Light, 0.21 Inch HD Borescope with 6 Adjustable LED Light, IP67 Waterproof Semi-Rigid Snake Camera, One Click Snapshot Inspection Borescope","thinkcar","FBA","Industrial & Scientific",65262,768297281662,"N/A",0768297281662,"N/A","Borescopes",167,59.98,-18,38,38,12,2291.59,2291.08,27,4.1,"THINKCAR OFFICIAL","China",1,0,"N/A","Large Standard-Size",1.93,5.16,11.5,0.62,57.66,159.06,"10/31/2025",8,8,0,1.41
"https://amazon.com/dp/B0CZKMVL56","https://m.media-amazon.com/images/I/71w6FW9OYYL._SX450_.jpg","B0CZKMVL56","Endoscope Camera with Light, 1920P HD Borescope with 8+1 Adjustable LED Lights, IP67 Waterproof 16.5FT Semi-Rigid Snake Cord Inspection Camera for iPhone, iPad and Android Phone (Single-Lens)","Pipirich","FBA","Industrial & Scientific",65570,721691244800,"N/A",0721691244800,"N/A","Borescopes",168,19.98,-20,65,48,-2,1353.68,967.52,104,4.2,"JIGUANGGUOJIMAOYI","China",1,999,"N/A","Large Standard-Size",1.46,5.04,5.2,0.44,19.26,53.14,"11/30/2024",24,7,2,0.63
"https://amazon.com/dp/B0CZL3XTYQ","https://m.media-amazon.com/images/I/71tjIDf+c1L._SX450_.jpg","B0CZL3XTYQ","[Dual-Lens] Endoscope Camera with Light, 1920P HD Borescope with 8+1 Adjustable LED Lights, IP67 Waterproof 16.5FT Semi-Rigid Snake Cord Inspection Camera for iPhone, iPad and Android Phone","Pipirich","FBA","Industrial & Scientific",65677,721691244794,"N/A",0721691244794,"N/A","Borescopes",169,22.98,-11,65,17,-2,1353.68,385.23,69,4.4,"JIGUANGGUOJIMAOYI","China",1,999,"N/A","Large Standard-Size",1.42,5.12,5.16,0.42,18.89,52.1,"11/30/2024",24,7,2,0.96
"https://amazon.com/dp/B0FHWCZ5RB","https://m.media-amazon.com/images/I/819l2MVPkKL._SX450_.jpg","B0FHWCZ5RB","Endoscope Camera with Light, 4.3"" IPS Screen, 16.4 Ft Semi-Rigid IP67 Borescope Camera with Light, 1080P Inspection Camera with 8 LEDs, No App Needed, Waterproof Drain Camera, Cool Gadget for Men","AMYLAC","FBA","Industrial & Scientific",65935,"N/A","N/A",5070002894117,"N/A","Borescopes",175,23.99,-24,165,165,-1,4108.85,4107.04,33,4.5,"AMYLAC TRADING LLC","USA",1,0,"N/A","Large Standard-Size",3.23,5.24,7.68,1.06,65.44,180.54,"02/28/2026",9,8,2,5
"https://amazon.com/dp/B0DNMGM6MH","https://m.media-amazon.com/images/I/71DURb8Ep3L._SX450_.jpg","B0DNMGM6MH","VEVOR Sewer Camera, 165 ft/50m, Self-Leveling Drain Camera with 512Hz Transmitter, Distance Counter, 9"" Screen 1080P HD Snake Plumbing Cameras with Lights-12 LED & 32GB Card for Duct Pipe","VEVOR","FBM","Industrial & Scientific",66455,197988808756,"N/A",0197988808756,"N/A","Borescopes",176,755.9,77,41,41,33,30713.47,30713.33,10,3.4,"Supdear","China",1,311,"N/A","Large bulky",17.72,17.32,14.76,31.09,"N/A","N/A","10/31/2025",16,12,0,4.07
"https://amazon.com/dp/B0DJLM28ZL","https://m.media-amazon.com/images/I/71W2tuT5afL._SX450_.jpg","B0DJLM28ZL","Sanyipace Sewer Camera 100FT/30M, 0.67in/17mm Pipe Inspection Camera with Light, 5600mAh Battery, Mic & Speaker, 4.3"" Screen, 8 LEDs, 1000TVL Plumbing Snake Camera, Included 16GB Card","Sanyipace","FBA","Industrial & Scientific",66545,"N/A","N/A","N/A","N/A","Borescopes",170,299.98,58,41,6,-47,10726.68,1828.05,144,4.3,"Yans Minie","China",1,0,"N/A","Large bulky",11,12.25,14.5,11.9,633.2,1583,"01/31/2026",18,7,6,0.28
"https://amazon.com/dp/B0G58PZKWG","https://m.media-amazon.com/images/I/61gfDxQvezL._SX450_.jpg","B0G58PZKWG","Endoscope Camera with Light,16.4ft Dual-Lens Borescope Tools with 8 Adjustable LED Lights, Endoscope with Semi-Rigid Snake Camera, IP67 Waterproof Borescope for iOS and Android","COOVIE","FBA","Industrial & Scientific",66555,"N/A","N/A","N/A","N/A","Borescopes",172,19.98,"N/A",4,0,,80.71,"-",22,4.8,"Alice Windowshop","China",0,0,"N/A","N/A","N/A","N/A","N/A","N/A","N/A","N/A","01/31/2026",4,7,2,0.22
"https://amazon.com/dp/B0B7MGGXJZ","https://m.media-amazon.com/images/I/714VFKxqchL._SX450_.jpg","B0B7MGGXJZ","Anysun Sewer Camera with Locator, Pipe Camera with 512Hz Sonde Transmitter and Receiver, IP68 Waterproof Industrial Plumbing Endoscope Drain Snake Cam with 7"" LCD Monitor, 8G SD Card (100Ft/30M Cable)","anysun","FBA","Industrial & Scientific",66578,774829649893,"N/A",0774829649893,"N/A","Borescopes",160,800,6,55,21,39,59479.99,17170.02,91,4.1,"Yongchangsheng tech","Hong Kong",1,664,"N/A","Large bulky",8,16.6,21.75,20.06,936.06,2340.14,"10/31/2025",43,9,7,0.61
"https://amazon.com/dp/B09441WDJ9","https://m.media-amazon.com/images/I/714VFKxqchL._SX450_.jpg","B09441WDJ9","Anysun Sewer Inspection Camera with Locator, 165ft Pipe Camera with 512Hz Sonde Transmitter and Receiver, IP68 Waterproof Industrial Plumbing Endoscope Drain Snake Cam with 7"" LCD Monitor","anysun","FBA","Industrial & Scientific",66586,770456985113,"N/A",0770456985113,"N/A","Borescopes",160,880,-20,55,15,39,59479.99,12957.87,91,4.2,"Yongchangsheng tech","Hong Kong",1,664,"N/A","Large bulky",8.03,19.06,24.41,23.39,1210.74,3026.85,"10/31/2025",59,9,7,0.61
"https://amazon.com/dp/B0DPFF4VDN","https://m.media-amazon.com/images/I/71n7ApVzDAL._SX450_.jpg","B0DPFF4VDN","Sanyipace Drain Camera with Locator, Self-Leveling Sewer Camera with 512Hz Transmitter, Distance Counter, 5X Zoom, 4500mAh Battery, 165FT/50M Waterproof Pipe Camera for Plumbing Duct Home Inspection","Sanyipace","FBA","Industrial & Scientific",68117,"N/A","N/A","N/A","N/A","Borescopes",178,1199.88,-22,102,43,-33,93375.35,52008.64,70,4.4,"Yans Minie","China",1,1036,"N/A","Large bulky",10,17,17,20.7,936.57,2341.44,"01/31/2026",16,8,9,1.46
"https://amazon.com/dp/B0DPFBKHT4","https://m.media-amazon.com/images/I/71SsUD9eOhL._SX450_.jpg","B0DPFBKHT4","Sanyipace Drain Camera 512Hz, Self-Leveling Sewer Camera with Distance Counter, 5X Zoom, 4500mAh Battery, Waterproof Pipe Camera for Plumbing Duct Home Inspection, 66FT/20M Cable, Included 16GB Card","Sanyipace","FBA","Industrial & Scientific",68117,"N/A","N/A","N/A","N/A","Borescopes",178,656.34,-41,102,21,-33,93375.35,12108.7,70,4.4,"Yans Minie","China",1,1036,"N/A","Large bulky",11.26,13.35,15.63,13.47,761.42,1903.54,"01/31/2026",16,7,9,1.46
"https://amazon.com/dp/B0CNPLSNBN","https://m.media-amazon.com/images/I/71fTQWW5bPL._SX450_.jpg","B0CNPLSNBN","Dual Lens Endoscope Camera with Light, Anykit 2 in 1 USB Borescope with 8 Adjustable LED Lights, IP67 Waterproof 8.0mm Inspection Camera for iPhone, iPad, OTG Android Phones,Semi-Rigid Cable","Anykit","FBM","Industrial & Scientific",68486,"N/A","N/A","N/A","N/A","Borescopes",171,39.99,"N/A",0,0,-116,"-","-",692,4.4,"hengshuizhongyinghuanbaoshebeiyouxiangongsi","N/A",0,4493,-71,"N/A","N/A","N/A","N/A","N/A","N/A","N/A","11/30/2024",28,9,4,0
"https://amazon.com/dp/B0FL7HMLTG","https://m.media-amazon.com/images/I/71MIsXeShvL._SX450_.jpg","B0FL7HMLTG","MAIYIS Two-Way Articulating Borescope Camera with Light, 0.24 in Mini Inspection Camera with 5 in HD Screen, 6.5ft Semi-Rigid Snake Cable Endoscope for Wall, Engine, HVAC and Plumbing Checks","MAIYIS","FBA","Industrial & Scientific",68838,"N/A","N/A",8711474172125,"N/A","Borescopes",176,129,-34,11,8,,1196.78,782.76,9,4.7,"MAIYIS","China",1,0,"N/A","Large Standard-Size",3.27,9.61,15.86,2.58,250.93,692.22,"01/31/2026",8,7,2,1.19
"https://amazon.com/dp/B0FDB5C1T6","https://m.media-amazon.com/images/I/71b-EjmkssL._SX450_.jpg","B0FDB5C1T6","Preciva Endoscope Camera with Dual Lenses, 1920P HD Borescope Camera with 8 Adjustable LED Lights, 16.5ft Semi-Rigid for iOS and Android","Preciva","FBA","Industrial & Scientific",69091,"N/A","N/A","N/A","N/A","Borescopes",178,15.99,-43,31,31,476,556.11,555.66,35,4.4,"TPSKJ","China",1,0,"N/A","Large Standard-Size",1.54,5,8.78,0.4,34.04,93.9,"02/28/2026",10,8,0,0.88
"https://amazon.com/dp/B0G6XZF1YN","https://m.media-amazon.com/images/I/81+RzBCFitL._SX450_.jpg","B0G6XZF1YN","Single-Lens Endoscope Camera with Light, 1080P Borescope Inspection Camera, 4.3"" IPS Screen, 16.5FT Semi-Rigid Cable, 8 LEDs, IP67 Waterproof Inspection Tool for Automotive & Plumbing– Gadgets for Men","EASTBEAR","FBA","Industrial & Scientific",69542,726870777766,"N/A",0726870777766,"N/A","Borescopes",187,26.99,-42,83,63,,2211.23,1599.2,14,4.4,"EASTBEAR Store","N/A",1,0,"N/A","Large Standard-Size",2.91,5.63,7.28,1.08,60.05,165.65,"02/28/2026",4,8,2,5.95
"https://amazon.com/dp/B0CYGX2KY3","https://m.media-amazon.com/images/I/71EcUvEQ2ML._SX450_.jpg","B0CYGX2KY3","Sewer Camera with Self-Leveling, Can Connect External Monitor, Zoom in and Out, IP68 Waterproof, 12 pcs Adjustable Light, Plumbing Cam with DVR, for Sewer Line, Drain, Duct, Plumbing (165FT)","anysun","FBA","Industrial & Scientific",69773,717203891600,"N/A",0717203891600,"N/A","Borescopes",194,479.99,12,67,5,362,29983.64,2614.16,521,4.3,"ToBestGift","China",1,791,"N/A","Large bulky",8,17,18.75,18.6,826.39,2065.97,"04/30/2025",24,9,9,0.13
"https://amazon.com/dp/B0DPFC825X","https://m.media-amazon.com/images/I/71C3t4xOqNL._SX450_.jpg","B0DPFC825X","Sanyipace Pipe Camera with Locator, 512Hz Sewer Camera with Self-Leveling, 23mm/0.9in Drain Camera with Distance Counter, 5X Zoom, Waterproof Plumbing Inspection Camera with 12 PCS Lights, 66FT/20M","Sanyipace","FBA","Industrial & Scientific",70083,"N/A","N/A","N/A","N/A","Borescopes",179,899.88,-25,102,6,-33,93375.35,5662.05,70,4.4,"Yans Minie","China",1,1036,"N/A","Large bulky",10.8,17.2,17.2,18.6,1035.44,2588.6,"01/31/2026",16,8,9,1.46
"https://amazon.com/dp/B0DPFC9ZQ9","https://m.media-amazon.com/images/I/71c4dcgVnBL._SX450_.jpg","B0DPFC9ZQ9","Sanyipace Sewer Camera Self-Leveling 165FT/50M, 512Hz Sonde, Distance Counter, 5-Level Adjustable Brightness, 4500mAh Battery, IP68 Waterproof Pipe Camera for Drain Snake, Plumbing, Duct, Plumber","Sanyipace","FBA","Industrial & Scientific",70096,"N/A","N/A","N/A","N/A","Borescopes",179,859.88,"N/A",102,0,-33,93375.35,"-",70,4.4,"Yans Minie","China",1,1036,"N/A","Large bulky",11,13,15,15.35,695.14,1737.85,"01/31/2026",16,8,9,1.46
"https://amazon.com/dp/B07HVT2XZL","https://m.media-amazon.com/images/I/51CZWfWhiOL._SX450_.jpg","B07HVT2XZL","5MP Auto-Focus Endoscope, Teslong 3rd Generation USB Borescope with 5.0 Megapixel Inspection Camera, 16.5ft Waterproof Semi-Rigid Cable & Adjustable Led Lights Probe for Android Phone Windows MacBook","Teslong","FBA","Industrial & Scientific",70748,"N/A","N/A","N/A","N/A","Borescopes",174,49.99,-5,84,84,48,4211.05,4210.93,380,4.1,"Teslong","China",1,719,3,"Large Standard-Size",2.28,5.67,7.28,1,47.47,130.96,"09/30/2024",90,8,0,0.22
"https://amazon.com/dp/B0CJC8KTBM","https://m.media-amazon.com/images/I/71HhC87QeUL._SX450_.jpg","B0CJC8KTBM","Daxiongmao Endoscope Camera with Light, Dual Lens 1080p HD Borescope, IP67 Waterproof Snake Camera – Ideal for Inspecting Walls, Vents, Automotive Engines, Pipes – A Great Tool Gift for Men (16.5ft)","Daxiongmao","FBA","Industrial & Scientific",70899,739944332556,"N/A",0739944332556,"N/A","Borescopes",181,39.98,-3,107,41,,7767.36,2138.61,171,4.4,"leersi_jet","China",1,0,"N/A","Large Standard-Size",3.15,5.55,7.87,1.12,69.27,191.09,"02/28/2026",14,8,2,0.62
"https://amazon.com/dp/B0DKHMFTVN","https://m.media-amazon.com/images/I/81frA27mhEL._SX450_.jpg","B0DKHMFTVN","Endoscope Camera with Light & 32GB Card, 1080P HD Borescope Inspection Camera 4.3"" IPS Screen, 5.5mm IP67 Waterproof Probe with 6 Adjustable LEDs,16.4FT Semi-Rigid Cable, Tools, Gadgets for Men","AukonVee","FBA","Industrial & Scientific",71749,"N/A","N/A","N/A","N/A","Borescopes",182,19.98,-60,105,60,,2508.86,1227.29,54,4.2,"Shenzhen Qiuchen Electronics Co., LTD","China",1,0,"N/A","Large Standard-Size",2.87,5.51,8.23,1.04,65.53,180.76,"02/28/2026",17,9,3,1.94
"https://amazon.com/dp/B0DBXZBFRL","https://m.media-amazon.com/images/I/71XBmg2VLFL._SX450_.jpg","B0DBXZBFRL","Borescope1920P HD Endoscopic Camera - with 8 Adjustable LEDs, 16.4ft Semi-Rigid Serpentine Camera, 7.9mm IP67 Waterproof Inspection Tool for iOS and Android Devices Gift","UNAZZUE","FBA","Industrial & Scientific",72623,"N/A","N/A","N/A","N/A","Borescopes",185,13.99,-7,47,47,-86,726.91,726.29,59,4.5,"yushunhui","China",1,1256,"N/A","Large Standard-Size",1.54,5.08,5.12,0.55,20.17,55.63,"11/30/2025",20,9,0,0.79
"https://amazon.com/dp/B0FQBWRMHQ","https://m.media-amazon.com/images/I/71n5SFybwnL._SX450_.jpg","B0FQBWRMHQ","ZORLET Dual Lens 360° Articulating Borescope with Light, 5'' HD Monitor 4-Way Joystick Inspection Camera, 0.25in Slim Probe 5.0FT Semi-Rigid Snake Industrial Endoscope Camera for Automotive Mechanics","Zorlet","FBA","Industrial & Scientific",73005,"N/A","N/A","N/A","N/A","Borescopes",180,319.99,-3,50,50,54,15992.55,15991.91,29,4.9,"Shenzhen ShenshijieTechnology Co., Ltd","China",1,0,"N/A","Large Standard-Size",15.8,8.5,4.5,4,304.27,839.37,"02/28/2026",7,9,0,1.72
"https://amazon.com/dp/B0C2ZBWZSK","https://m.media-amazon.com/images/I/61Hphsvh9qL._SX450_.jpg","B0C2ZBWZSK","HBUDS Sewer Camera Self Leveling, 65ft Drain Pipe Inspection Camera with 7"" Color HD Display, 12V 4500mAh Battery, DVR 16GB","HBUDS","FBA","Industrial & Scientific",73560,774196179764,"N/A",0774196179764,"N/A","Borescopes",194,379.99,-45,27,8,13,13787.43,2954.62,223,4.1,"Hanxuan tech","Hong Kong",1,1001,-49,"Large bulky",8.3,14,16.1,13.1,606.28,1515.71,"02/28/2025",44,7,6,0.12
"https://amazon.com/dp/B0C2Z5XR8S","https://m.media-amazon.com/images/I/61Hphsvh9qL._SX450_.jpg","B0C2Z5XR8S","HBUDS Sewer Camera, Self-Leveling Drain Pipe Cameras with Meter Counter, 12V 4500mAh Battery Plumbing Snake Camera Light, 7'' Color HD Duct Chimney Inspection DVR Recorder 16GB 7D3A,165ft","HBUDS","FBA","Industrial & Scientific",73562,774196180968,"N/A",0774196180968,"N/A","Borescopes",194,499.99,-5,27,4,13,13787.43,2037.55,15,4.2,"Hanxuan tech","Hong Kong",1,1001,-49,"Large bulky",7.75,16.25,17,16.3,693.82,1734.56,"02/28/2025",44,7,6,1.83
"https://amazon.com/dp/B0CT5L1H9B","https://m.media-amazon.com/images/I/71KV1SgJQLL._SX450_.jpg","B0CT5L1H9B","DEPSTECH 7'' IPS Endoscope Camera with Lights, 1080P Triple-Lens Digital Borescope Tool, Inspection Camera with Split Screen, Sound Recording, 16.5ft IP67 Waterproof Snake Cable, 180° Rotation View","DEPSTECH","FBA","Industrial & Scientific",74277,"N/A","N/A","N/A","N/A","Borescopes",189,99.99,-22,56,56,-35,7573.01,7572.83,196,4.7,"Depstech","China",1,1023,"N/A","Large Standard-Size",2.83,8.74,17.63,3.73,219.55,605.64,"06/30/2024",23,8,0,0.28
"https://amazon.com/dp/B09WMH43L3","https://m.media-amazon.com/images/I/71ZM7MeD1rL._SX450_.jpg","B09WMH43L3","Teslong Endoscope Replacement Cable with Light, Triple Lens Inspection Camera 7.9mm/0.3inch Waterproof Probe Compatible with NTS500, NTS300(10FT)","Teslong","FBA","Industrial & Scientific",74360,"N/A","N/A","N/A","N/A","Borescopes",182,89.99,-14,13,13,48,1168.99,1168.73,9,4.8,"Teslong","China",1,155,"N/A","Large Standard-Size",2.44,8.74,8.78,1.12,94.3,260.15,"11/30/2024",48,6,0,1.44
"https://amazon.com/dp/B08QCCZHC6","https://m.media-amazon.com/images/I/617amPgvC6L._SX450_.jpg","B08QCCZHC6","Teslong Endoscope Replacement Cable with Light, Dual Lens Inspection Camera 5.5mm/0.21inch Waterproof Probe Compatible with NTS500, NTS300(3.3FT)","Teslong","FBA","Industrial & Scientific",74878,"N/A","N/A","N/A","N/A","Borescopes",184,89.99,-25,54,54,-14,4890.54,4889.9,51,4.6,"Teslong","China",1,715,"N/A","Large Standard-Size",1.85,5.63,6.46,0.31,33.88,93.45,"10/31/2025",64,6,0,1.07
"https://amazon.com/dp/B0FD3NRZ5S","https://m.media-amazon.com/images/I/41TX-zBpHsL._SX450_.jpg","B0FD3NRZ5S","DEPSTECH Articulating Borescope Camera with Light, 5"" IPS HD Screen, Industrial Endoscope Inspection Camera with Two-Way Articulated Probe, 0.24'' Flexible Snake Scope for Wall Automotive Engine - 5FT","DEPSTECH","FBA","Industrial & Scientific",75349,"N/A","N/A","N/A","N/A","Borescopes",196,109.99,-25,63,63,60,6904.99,6904.26,114,4.5,"DEPSTECH Authorized Store","China",2,0,"N/A","Large Standard-Size",3.15,8.83,17.69,2.72,247.73,683.39,"10/31/2025",7,9,0,0.55
"https://amazon.com/dp/B0C9C4H2ZH","https://m.media-amazon.com/images/I/41WRGMBB+dL._SX450_.jpg","B0C9C4H2ZH","Anykit Dual Lens Endoscope Camera, Type-C Borescope with 8 Adjustable LED Lights, IP67 Waterproof 16.5ft Semi-Rigid Snake Cord Inspection Camera Compatible with Type C iPhone 15 & Android Phone","Anykit","FBM","Industrial & Scientific",75387,"N/A","N/A","N/A","N/A","Borescopes",197,39.99,"N/A",18,18,-98,719.82,719.79,692,4.4,"hengshuizhongyinghuanbaoshebeiyouxiangongsi","N/A",1,4320,-71,"Large Standard-Size",1.42,5.35,5.43,0.62,"N/A","N/A","11/30/2024",33,9,4,0.03
"https://amazon.com/dp/B0BV2V59XB","https://m.media-amazon.com/images/I/41inTuCoQfL._SX450_.jpg","B0BV2V59XB","VEVOR Sewer Camera, 230 ft/70 m, 9"" Screen Pipeline Inspection Camera with DVR Function, 12 Adjustable LEDs, 16 GB SD Card, Waterproof IP68 for Sewer Line, Home, Duct Drain Pipe Plumbing","VEVOR","FBM","Industrial & Scientific",76171,840281561698,00197988567998,0840281561698,"N/A","Borescopes",202,569.9,-1,64,11,-3,36361,6119.6,18,3.8,"Suplander","China",2,914,1,"Large bulky",23.03,17.72,12.91,19.07,"N/A","N/A","08/31/2025",38,9,7,3.54
"https://amazon.com/dp/B0BV2VFMVZ","https://m.media-amazon.com/images/I/71qlRabB19L._SX450_.jpg","B0BV2VFMVZ","VEVOR Sewer Camera, 393 ft/120 m, 9"" Screen Pipeline Inspection Camera with DVR Function, Waterproof IP68 Cameras w/12 Adjustable LEDs, w/ 16 GB SD Card, for Sewer Line, Home, Duct Drain Pipe Plumbing","VEVOR","FBM","Industrial & Scientific",76171,840281561704,"N/A",0840281561704,"N/A","Borescopes",202,739.9,-11,64,5,-3,36361,4046.36,12,4.8,"Suplander","China",1,914,1,"Large bulky",21,16,12,23.1,"N/A","N/A","08/31/2025",38,9,7,5.31
"https://amazon.com/dp/B0BV2SYJDK","https://m.media-amazon.com/images/I/71vkc+-D25L._SX450_.jpg","B0BV2SYJDK","VEVOR Sewer Camera, 165 ft/50 m, 9"" Screen Pipeline Inspection Camera with DVR Function, Waterproof IP68 Camera w/12 Adjustable LEDs, w/a 16 GB SD Card for Sewer Line, Home, Duct Drain Pipe Plumbing","VEVOR","FBM","Industrial & Scientific",76179,840281561681,"N/A",0840281561681,"N/A","Borescopes",201,508.9,-17,64,21,-3,36361,10797.85,14,4.2,"Suplander","China",1,914,1,"Large bulky",18,16,16,25.8,"N/A","N/A","08/31/2025",38,11,7,4.55
"https://amazon.com/dp/B0G6XZS5YP","https://m.media-amazon.com/images/I/817aNJJSKiL._SX450_.jpg","B0G6XZS5YP","Dual-Lens Endoscope Camera with Light, 1080P Borescope Inspection Camera, 4.3"" IPS Screen, 16.5FT Semi-Rigid Cable, 8 LEDs, IP67 Waterproof Inspection Tool for Automotive & Plumbing– Gadgets for Men","EASTBEAR","FBA","Industrial & Scientific",76475,726870777780,"N/A",0726870777780,"N/A","Borescopes",195,29.99,-36,83,20,,2211.23,611.01,20,4.6,"EASTBEAR Store","N/A",1,0,"N/A","Large Standard-Size",2.83,5.59,7.28,0.97,57.98,159.95,"02/28/2026",4,8,2,4.16