"URL","Image URL","ASIN","Title","Brand","Fulfillment","Category","BSR","UPC","GTIN","EAN","ISBN","Subcategory","Subcategory BSR","Price","Price Trend (90 days) (%)","Parent Level Sales","ASIN Sales","Sales Trend (90 days) (%)","Parent Level Revenue","ASIN Revenue","Review Count","Reviews Rating","Seller","Seller Country/Region","Number of Active Sellers","Last Year Sales","Sales Year Over Year (%)","Shipping Details","Length","Width","Height","Weight","Storage Fee (Jan - Sep)","Storage Fee (Oct - Dec)","Best Sales Period","Listing Age (Months)","Number of Images","Variation Count","Sales to Reviews"
"https://amazon.com/dp/B09PPHJ35Z","https://m.media-amazon.com/images/I/51qhkKmGjOL._SX450_.jpg","B09PPHJ35Z","K Tool International XD3K Digital Video Inspection Borescope for Garages, Repair Shops, and DIY, 2.5"" LCD Color Screen, (4) AA Batteries, 8.5mm Camera, 4x Digital Zoom, 6-Level Adjustable LED Lighting","K Tool International","FBM","Industrial & Scientific",1254266,769622910110,"N/A",0769622910110,"N/A","Borescopes",1737,132.86,"N/A",0,0,50,"-","-",1,5,"Tool Shack","USA",7,2,100,"Large Standard-Size",2.56,4.29,7.24,1.47,"N/A","N/A","01/31/2026",51,8,0,0.09
"https://amazon.com/dp/B0D49NCDSK","https://m.media-amazon.com/images/I/615lpTkm3ZL._SX450_.jpg","B0D49NCDSK","2MP HD Lens Articulating Borescope Camera with 5in Screen Inspection Rotatable View Angle for Excellent Inspection Experience 5 Meters 16.4ft","EIMSOAH","FBM","Industrial & Scientific",1254348,"N/A","N/A","N/A","N/A","Borescopes",1753,136.99,-67,0,0,-33,"-","-","N/A","N/A","Wenzeny","China",1,0,"N/A","Large Standard-Size",12.99,11.81,4.72,3.4,"N/A","N/A","07/31/2025",23,9,0,"N/A"
"https://amazon.com/dp/B0FD4GDCDK","https://m.media-amazon.com/images/I/51yg3ZDsL0L._SX450_.jpg","B0FD4GDCDK","Vividia ME-610A 360° Joystick Articulating Borescope, 6mm/0.24in Diameter, 3.3ft/1m Flexible IP67 Waterproof Probe, 5"" LCD Monitor","VIVIDIA","FBM","Industrial & Scientific",1260933,"N/A","N/A","N/A","N/A","Borescopes",1759,490,-16,0,0,-120,"-","-","N/A","N/A","Oasis Scientific Inc.","USA",1,0,"N/A","N/A","N/A","N/A","N/A","N/A","N/A","N/A","07/31/2025",10,9,2,"N/A"
"https://amazon.com/dp/B0FD54M2V2","https://m.media-amazon.com/images/I/51qou0FR9IL._SX450_.jpg","B0FD54M2V2","Vividia ME-410A 360° Joystick Articulating Borescope, 4mm/0.16in Diameter, 3.3ft/1m Flexible IP67 Waterproof Probe, 4.3"" LCD Monitor","VIVIDIA","FBM","Industrial & Scientific",1261832,"N/A","N/A","N/A","N/A","Borescopes",1759,590,-44,0,0,-120,"-","-","N/A","N/A","Oasis Scientific Inc.","USA",1,0,"N/A","N/A","N/A","N/A","N/A","N/A","N/A","N/A","07/31/2025",10,9,2,"N/A"
"https://amazon.com/dp/B0GMNX436S","https://m.media-amazon.com/images/I/61rO+61Q-jL._SX450_.jpg","B0GMNX436S","OKK 512Hz Self-Leveling Sewer Inspection Camera: Featuring a 12-LED Array, IP68 Waterproof Rating, and Durable Stainless Steel Housing","okk","FBM","Industrial & Scientific",1261859,"N/A","N/A","N/A","N/A","Borescopes",1763,249.99,-7,0,0,,"-","-","N/A","N/A","ZOZUS-DIRECT","China",1,0,"N/A","N/A","N/A","N/A","N/A","N/A","N/A","N/A","01/31/2026",2,1,0,"N/A"
"https://amazon.com/dp/B0CSG8YHJ4","https://m.media-amazon.com/images/I/61zmKw04zSL._SX450_.jpg","B0CSG8YHJ4","Garvee Sewer Camera with 512Hz Locator, 165ft Snake Self-Leveling Camera, 9"" 1080P HD Screen Pipe Inspection Camera, DVR and Adjustable LEDs, 16 GB SD Card, IP68 Camera.For Sewer Line, Duct Drain Pipe","Garvee","-","Industrial & Scientific",1262588,198290787500,"N/A",0198290787500,"N/A","Borescopes",1766,1799.99,16,0,0,,"-","-","N/A","N/A",,"N/A",1,0,"N/A","N/A","N/A","N/A","N/A","N/A","N/A","N/A","01/31/2026",27,6,0,"N/A"
"https://amazon.com/dp/B0DF5G8PYJ","https://m.media-amazon.com/images/I/51TirbjSlQL._SX450_.jpg","B0DF5G8PYJ","Respicefinem USB Endoscope 3 in 1 Endoscope Borescope Inspection Camera with 6 Adjustable LED 1.5M Flexible Cable IP67 TypeC USB Video Compatible with PhonesTabletsComputers","Respicefinem","FBM","Industrial & Scientific",1266647,"N/A","N/A","N/A","N/A","Borescopes",1769,16.32,-22,2,2,25,34.92,34.88,"N/A","N/A","BdAienito","China",2,0,"N/A","Large Standard-Size",4.72,4.72,1.18,0.22,"N/A","N/A","12/31/2025",19,9,0,"N/A"
"https://amazon.com/dp/B0C26NC87X","https://m.media-amazon.com/images/I/61t-saIdwyL._SX450_.jpg","B0C26NC87X","Vividia VK-0-09510 Flexible Non-Articulation 0.95mm / 0.037"" Diameter 1 Meter Long Borescope Endoscope Videoscope Inspection Camera with 5"" LCD Monitor","VIVIDIA","FBM","Industrial & Scientific",1268028,"N/A","N/A","N/A","N/A","Borescopes",1755,7999,-23,0,0,,"-","-","N/A","N/A","Oasis Scientific Inc.","USA",1,0,"N/A","Large bulky",20.5,16,6,12,"N/A","N/A","09/30/2025",66,9,0,"N/A"
"https://amazon.com/dp/B08C52QS6Y","https://m.media-amazon.com/images/I/51bqA89-d1L._SX450_.jpg","B08C52QS6Y","USB Endoscope 7mm Focus Camera Lens 1.5M Waterproof 6 LED Android Endoscope Mini USB Cable Endoscope","Oumij1","FBM","Industrial & Scientific",1272913,"N/A","N/A",8407376155525,"N/A","Borescopes",1756,9.73,-44,0,0,,"-","-",3,2,"Oumij1","China",1,2,-78,"Large Standard-Size",1.6,5.2,5.2,0.2,"N/A","N/A","08/31/2024",69,8,0,0
"https://amazon.com/dp/B0FHWHB5TD","https://m.media-amazon.com/images/I/713Rji1KoEL._SX450_.jpg","B0FHWHB5TD","Anysun Sewer Camera with Locator, Self Leveling Sewer Camera 246ft with Distance Counter, 10.1"" HD Monitor with Keypad, 7MM Cable, Trolley and Wheels, 5X Zoom(32GB Card)","anysun","-","Industrial & Scientific",1277923,769016737125,"N/A",0769016737125,"N/A","Borescopes",1779,1899.99,"N/A",2,2,,3799.98,3799.96,"N/A","N/A",,"N/A",1,0,"N/A","Extra-large 50+ to 70 lb",21,18,23,52,"N/A","N/A","-",9,"N/A",2,"N/A"
"https://amazon.com/dp/B07NCZXTHX","https://m.media-amazon.com/images/I/61y9DyoVToL._SX450_.jpg","B07NCZXTHX","Vividia D3145 USB Digital 180 Degree One-Way Articulating Borescope with 4.5mm Diameter 1 Meter Long Camera Probe for Diesel Engines for PC Mac Android Phone Tablet Chromebook","VIVIDIA","FBM","Industrial & Scientific",1283572,"N/A","N/A","N/A","N/A","Borescopes",1766,949.98,-22,0,0,,"-","-",0,"N/A","Oasis Scientific Inc.","USA",1,2,100,"N/A","N/A","N/A","N/A","N/A","N/A","N/A","04/30/2024",86,9,0,"N/A"
"https://amazon.com/dp/B0DN65NBT2","https://m.media-amazon.com/images/I/51wa2luoCsL._SX450_.jpg","B0DN65NBT2","HGIYA Borescopes 5.5mm Endoscope Inspection Snake Camera Borescope Micro USB Type-c USB 3 in 1 Waterproof Tube Sink Drain Pipe Camera with 6 Led Light for PC Laptop Computer OTG Phone","HGIYA","FBM","Industrial & Scientific",1291987,"N/A","N/A",8855142637872,"N/A","Borescopes",1790,88.99,7,0,0,-133,"-","-","N/A","N/A","fangzi-shop","China",1,0,"N/A","N/A","N/A","N/A","N/A","N/A","N/A","N/A","11/30/2025",17,7,3,"N/A"
"https://amazon.com/dp/B0CFVZZ2TN","https://m.media-amazon.com/images/I/61ttW-KeseL._SX450_.jpg","B0CFVZZ2TN","Vividia NP-1411 Flexible Non-Articulation 1.4mm Diameter 1.1 Meter Long Borescope Endoscope Videoscope Inspection Camera with 5"" LCD Monitor","VIVIDIA","FBM","Industrial & Scientific",1299357,"N/A","N/A","N/A","N/A","Borescopes",1781,6999,29,0,0,,"-","-","N/A","N/A","Oasis Scientific Inc.","USA",1,0,"N/A","N/A","N/A","N/A","N/A","N/A","N/A","N/A","09/30/2025",66,9,0,"N/A"
"https://amazon.com/dp/B09MB5Y4MS","https://m.media-amazon.com/images/I/61fzpu-8KsL._SX450_.jpg","B09MB5Y4MS","Mini Camera Endoscope With a Special Focus With Three Interfaces, USB, Micro Usb and Type C Allowing You to See More Clearly at an Ultra Small Distance","Yoidesu","FBM","Industrial & Scientific",1301565,"N/A","N/A","N/A","N/A","Borescopes",1783,15.78,-57,1,1,,18.99,18.92,"N/A","N/A","Yoidesu","China",1,2,-33,"Large Standard-Size",5.12,4.72,1.18,0.16,"N/A","N/A","07/31/2024",52,7,0,"N/A"
"https://amazon.com/dp/B0D4TD9DJJ","https://m.media-amazon.com/images/I/71EHrdfVgIL._SX450_.jpg","B0D4TD9DJJ","ESANHAO Sewer Camera with self-Leveling & 512Hz Transmitter Drain Snake 164ft Plumbing Inspection Camera 5"" Screen DVR Included 16GB TF-Card (50M)","ESANHAO","FBA","Industrial & Scientific",1301752,"N/A","N/A","N/A","N/A","Borescopes",1795,499.99,-22,0,0,,"-","-",1,5,"ESANHAO Store","China",1,0,"N/A","Large bulky",10.4,12.1,14.2,13.85,579.1,1447.74,"11/30/2025",21,8,0,0
"https://amazon.com/dp/B00QXO5PFC","https://m.media-amazon.com/images/I/61RfIrU38bL._SX450_.jpg","B00QXO5PFC","General Tools DCS16HPART Recording Video Borescope System","General Tools","FBA","Industrial & Scientific",1305418,681035016268,00681035016268,0681035016268,"N/A","Borescopes",1778,2574.51,"N/A",0,0,,"-","-",1,1,"ValueValet","Canada",1,0,"N/A","Large bulky",21.63,12.5,4,9.5,350.49,876.22,"07/31/2024",136,1,0,0
"https://amazon.com/dp/B0F9WCCBGQ","https://m.media-amazon.com/images/I/415xt4xwZfL._SX450_.jpg","B0F9WCCBGQ","1pc Thick 10mm Borosilicate View Mirror, Sight Glass Disc, Dia 50-165mm High Pressure Boiler Valve Lens(150x10mm)(50x10mm)","LOUBOL","-","Industrial & Scientific",1310823,"N/A","N/A",9156476301996,"N/A","Borescopes",1803,23.97,"N/A",0,0,,"-","-","N/A","N/A",,"N/A",3,0,"N/A","Small Standard-Size",0.39,0.39,0.39,0.11,"N/A","N/A","-",10,"N/A",26,"N/A"
"https://amazon.com/dp/B0FH2RY79S","https://m.media-amazon.com/images/I/51e-dAw8QnL._SX450_.jpg","B0FH2RY79S","Vividia CX-0 Series Flexible Non-Articulating USB Inspection Camera Borescope Videoscope with 0.95mm (0.037"") to 2.8mm (0.11"") Diameter for Windows PC MacOS Android (1.8mm Diameter 1.1m Long Probe)","VIVIDIA","FBM","Industrial & Scientific",1311626,"N/A","N/A","N/A","N/A","Borescopes",1807,3599,"N/A",0,0,-100,"-","-","N/A","N/A","Oasis Scientific Inc.","USA",1,0,"N/A","Large Standard-Size",13,5,13,4,"N/A","N/A","09/30/2025",43,9,5,"N/A"
"https://amazon.com/dp/B0DHZMTS64","https://m.media-amazon.com/images/I/719ouarITZL._SX450_.jpg","B0DHZMTS64","WILDERNESSHOME Explore Hidden Spaces Like Never Before with Our Tools - Endoscope Camera with Light - 4.3"" IPS Screen, 8 LED Lights, and IP67 Waterproof Design, 16.4FT Semi-Rigid Cord Bore Scope","WILDERNESSHOME","FBM","Industrial & Scientific",1312640,606092031023,"N/A",0606092031023,"N/A","Borescopes",1804,40.99,-6,0,0,-133,"-","-","N/A","N/A","zhengzhouchongyumaoyiyouxiangongsi","China",1,0,"N/A","Large Standard-Size",7.76,5.31,3.15,1.12,"N/A","N/A","07/31/2025",18,8,0,"N/A"
"https://amazon.com/dp/B0D8XL8KTQ","https://m.media-amazon.com/images/I/51e-dAw8QnL._SX450_.jpg","B0D8XL8KTQ","Vividia CX-0-09510 Flexible Non-Articulating 400x400 USB Inspection Camera Borescope Videoscope with 0.95mm (0.037) Diameter 1m Long for Windows PC MacOS Android","VIVIDIA","FBM","Industrial & Scientific",1313568,"N/A","N/A","N/A","N/A","Borescopes",1812,5999.98,-16,0,0,-100,"-","-","N/A","N/A","Oasis Scientific Inc.","USA",1,0,"N/A","Large Standard-Size",13,5,13,4,"N/A","N/A","09/30/2025",43,9,5,"N/A"
"https://amazon.com/dp/B0FH2PBSZF","https://m.media-amazon.com/images/I/51-OaXsdF4L._SX450_.jpg","B0FH2PBSZF","Vividia CX-0 Series Flexible Non-Articulating USB Inspection Camera Borescope Videoscope with 0.95mm (0.037"") to 2.8mm (0.11"") Diameter for Windows PC MacOS Android (1.4mm Diameter 1.1m Long Probe)","VIVIDIA","FBM","Industrial & Scientific",1313694,"N/A","N/A","N/A","N/A","Borescopes",1808,3999,"N/A",0,0,-100,"-","-","N/A","N/A","Oasis Scientific Inc.","USA",1,0,"N/A","Large Standard-Size",13,5,13,4,"N/A","N/A","09/30/2025",43,9,5,"N/A"
"https://amazon.com/dp/B09QC11C9X","https://m.media-amazon.com/images/I/61xUVlQORZL._SX450_.jpg","B09QC11C9X","Vividia CT-7510HT LCD/WiFi Flexible High Temperature Two-Way Articulating Inspection Camera Borescope Videoscope with 7.5mm (0.295"") Diameter 1.0m Long Waterproof Probe and Air Cooling Channel","VIVIDIA","FBM","Industrial & Scientific",1314062,"N/A","N/A","N/A","N/A","Borescopes",1788,1999.98,-17,0,0,,"-","-","N/A","N/A","Oasis Scientific Inc.","USA",1,2,"N/A","N/A","N/A","N/A","N/A","N/A","N/A","N/A","10/31/2025",51,9,0,"N/A"
"https://amazon.com/dp/B0FH2QM7GM","https://m.media-amazon.com/images/I/61nTBio2aiL._SX450_.jpg","B0FH2QM7GM","Vividia CX-0 Series Flexible Non-Articulating USB Inspection Camera Borescope Videoscope with 0.95mm (0.037"") to 2.8mm (0.11"") Diameter for Windows PC MacOS Android (2.8mm Diameter 1.2m Long Probe)","VIVIDIA","FBM","Industrial & Scientific",1315385,"N/A","N/A","N/A","N/A","Borescopes",1807,2999.98,-19,0,0,-100,"-","-","N/A","N/A","Oasis Scientific Inc.","USA",1,0,"N/A","Large Standard-Size",13,5,13,4,"N/A","N/A","09/30/2025",43,9,5,"N/A"
"https://amazon.com/dp/B0FH2RBHHT","https://m.media-amazon.com/images/I/5120lH0wTXL._SX450_.jpg","B0FH2RBHHT","Vividia CX-0 Series Flexible Non-Articulating USB Inspection Camera Borescope Videoscope with 0.95mm (0.037"") to 2.8mm (0.11"") Diameter for Windows PC MacOS Android (2.0mm Diameter 1.1m Long Probe)","VIVIDIA","FBM","Industrial & Scientific",1315385,"N/A","N/A","N/A","N/A","Borescopes",1807,2990,-32,0,0,-100,"-","-","N/A","N/A","Oasis Scientific Inc.","USA",1,0,"N/A","Large Standard-Size",13,5,13,4,"N/A","N/A","09/30/2025",43,9,5,"N/A"
"https://amazon.com/dp/B0G8DN7V2G","https://m.media-amazon.com/images/I/71ya2mDn2UL._SX450_.jpg","B0G8DN7V2G","Articulating Borescope, 6mm Handheld Industrial Endoscope with 360° Rotation - 4.3 Inch LCD Screen, Semi-Rigid Cable for Pipeline & Appliance Testing, Blockage Troubleshoot, Auto Focus, 6mm, 4.3IN","Generic","FBM","Industrial & Scientific",1318445,"N/A","N/A","N/A","N/A","Borescopes",1810,69.3,-43,0,0,,"-","-","N/A","N/A","xunyhe","China",1,0,"N/A","N/A","N/A","N/A","N/A","N/A","N/A","N/A","01/31/2026",3,8,0,"N/A"
"https://amazon.com/dp/B0C36BH761","https://m.media-amazon.com/images/I/61o2M9K4raS._SX450_.jpg","B0C36BH761","20M Endoscope, 20 Meter 5.5mm USB Endoscope Industrial Inspection Camera, 6 Adjustable LED for Pipe Car Inspection, Leads And Probes, Borescopes","Fafeicy","FBM","Industrial & Scientific",1320492,"N/A","N/A","N/A","N/A","Borescopes",1795,53.56,-23,0,0,-133,"-","-","N/A","N/A","Mingsinc","China",1,4,100,"Large Standard-Size",2.72,6.02,6.06,1.26,"N/A","N/A","12/31/2025",35,9,0,"N/A"
"https://amazon.com/dp/B0FL7J7Q8D","https://m.media-amazon.com/images/I/7197Cda+u0L._SX450_.jpg","B0FL7J7Q8D","512HZ Sewer Camera Self Leveling 300FT,W/ 10'' 32GB Touch Screen Keyboard Auto Meter Counter,JQKJCAM Plumbing Snake Drain Inspection Camera W/ 12 Light 7MM Cable Pullable Spool for Pipe Plumber(100M)","JQKJCAM","FBA","Industrial & Scientific",1324696,"N/A","N/A","N/A","N/A","Borescopes",1812,1299,-3,3,3,,3508.73,3508.71,2,3.8,"JJKJ Cam","China",1,0,"N/A","Extra-large 50+ to 70 lb",23,14,28,45,2921.85,7304.63,"01/31/2026",8,9,0,1.34
"https://amazon.com/dp/B0DQLNHPYW","https://m.media-amazon.com/images/I/71MD9+SyReL._SX450_.jpg","B0DQLNHPYW","MeetChanning Pro-Grade 1920P HD Endoscope Camera with Lights for Phone and Tablet,Borescope Waterproof Inspection Camera 16.4FT Semi-Rigid for Pipe Inspection & Industrial Use","MeetChanning","FBM","Industrial & Scientific",1326160,"N/A","N/A","N/A","N/A","Borescopes",1811,21.99,-13,0,0,,"-","-","N/A","N/A","MeetChanning","China",1,0,"N/A","Large Standard-Size",8,6,4,1,"N/A","N/A","07/31/2025",16,6,0,"N/A"
"https://amazon.com/dp/B07SRDQC59","https://m.media-amazon.com/images/I/411pgXVPS5L._SX450_.jpg","B07SRDQC59","Vividia D3245 USB Digital 2-Way Articulating 180 Degree Borescope Videoscope Inspection Camera with 4.5mm Diameter 1.5 Meter Long Camera Probe for PC MacOS Android for Diesel and PT6 Turbine Engines","VIVIDIA","FBM","Industrial & Scientific",1333339,"N/A","N/A","N/A","N/A","Borescopes",1802,1399.98,-35,0,0,,"-","-",1,5,"Oasis Scientific Inc.","USA",1,4,100,"N/A","N/A","N/A","N/A","N/A","N/A","N/A","10/31/2025",82,9,0,0
"https://amazon.com/dp/B0DBRGSRVJ","https://m.media-amazon.com/images/I/6157BdWpdnL._SX450_.jpg","B0DBRGSRVJ","Industrial Endoscope Camera HD USB Inspection Camera 5.5mm Lens IP67 70° Viewing Angle 1/9"" CMOS Sensor Cable Snake for Equipment Maintenance(1M)","LiebeWH","FBM","Industrial & Scientific",1335952,"N/A","N/A","N/A","N/A","Borescopes",1819,11.18,-22,2,2,-56,25.08,25,"N/A","N/A","Danyanty","China",1,13,"N/A","Large Standard-Size",4.72,4.72,1.57,0.16,"N/A","N/A","08/31/2025",17,9,6,"N/A"
"https://amazon.com/dp/B0GCMK1YTF","https://m.media-amazon.com/images/I/81W3M6wSKXL._SX450_.jpg","B0GCMK1YTF","Sewer Camera Pipe Inspection Camera, Zoom for Pros & Diyers HVAC, Pools, Mains, High-Rise Stacks, Oil/Gas Lines, Kitchen Clogs, Sewer Line Inspection, IP68 Waterproof, 7''Screen, 1000TVL Camera","SumKea","FBM","Industrial & Scientific",1338280,774882258988,"N/A",0774882258988,"N/A","Borescopes",1821,359.99,"N/A",0,0,,"-","-","N/A","N/A","SumKea","China",1,0,"N/A","Large bulky",16.9,7.8,14.9,43.6,"N/A","N/A","01/31/2026",3,9,3,"N/A"
"https://amazon.com/dp/B0GCMFN8DT","https://m.media-amazon.com/images/I/81W3M6wSKXL._SX450_.jpg","B0GCMFN8DT","Sewer Camera, Zoom for Pros & Diyers HVAC, Pools, Mains, High-Rise Stacks, Oil/Gas Lines, Kitchen Clogs, Pipe Inspection Camera, Sewer Line Inspection, IP68 Waterproof, 7''Screen, 1000TVL Camera","SumKea","FBM","Industrial & Scientific",1339832,774882258957,"N/A",0774882258957,"N/A","Borescopes",1824,449.98,"N/A",0,0,,"-","-","N/A","N/A","SumKea","China",1,0,"N/A","Large bulky",19,7.8,16.9,38.5,"N/A","N/A","01/31/2026",3,9,3,"N/A"
"https://amazon.com/dp/B01171MZNA","https://m.media-amazon.com/images/I/41PqVbSYnIL._SX450_.jpg","B01171MZNA","NTS200 Digital Endoscope 7.6mm Waterproof Inspection Camera 1M Probe Cable 4.3 Inch LCD-GOLDEN BLUE","GOLDEN BLUE","FBM","Industrial & Scientific",1343510,762470616432,"N/A",0762470616432,"N/A","Borescopes",1804,168.99,29,0,0,,"-","-",0,"N/A","totobay_supper","China",1,3,"N/A","N/A","N/A","N/A","N/A","N/A","N/A","N/A","08/31/2025",129,7,0,"N/A"
"https://amazon.com/dp/B0D969CNRV","https://m.media-amazon.com/images/I/71ctaUk0HkL._SX450_.jpg","B0D969CNRV","Sewer Camera, 65.6 FT Inspection Camera, 4.3"" LCD Screen Endoscope Camera, Scope Camera with 12 Adjustable LED Lights, Plumbing Camera for Plumber, Homeowners","FHISD","FBM","Industrial & Scientific",1350998,"N/A","N/A","N/A","N/A","Borescopes",1832,388.99,-20,0,0,-133,"-","-","N/A","N/A","chenglongzhai","China",1,9,"N/A","Large bulky",8.09,11.02,15.55,7.7,"N/A","N/A","02/28/2025",21,7,6,"N/A"
"https://amazon.com/dp/B0FZHRL3BH","https://m.media-amazon.com/images/I/71WT4Btzs5L._SX450_.jpg","B0FZHRL3BH","Sewer Camera Self Leveling with 512Hz Sonde – 9″ IPS 1080P Dual-Lens Drain Inspection Camera with 5mm/7mm 165ft(50m) Fiberglass Cables, 23mm & 17mm Pipe Camera Probes, 5X Zoom, 4500mAh Pipe Camera","VISIOPROBE","FBA","Industrial & Scientific",1351238,"N/A","N/A","N/A","N/A","Borescopes",1838,1399,"N/A",0,0,,"-","-",1,5,"VISIOPROBE DIRRECT","N/A",1,0,"N/A","Extra-large 50+ to 70 lb",15,19,25,40,2309.03,5772.57,"-",5,8,0,0
"https://amazon.com/dp/B0D8W8D2G2","https://m.media-amazon.com/images/I/71y8kL1hhzL._SX450_.jpg","B0D8W8D2G2","Sewer Camera, 65.6 FT Borescope with 512HZ Locator, 4.3"" LCD Monitor with DVR Function Inspection Camera, Endoscope Camera, Plumbing Camera for Plumber, Homeowners","FHISD","FBM","Industrial & Scientific",1353676,"N/A","N/A","N/A","N/A","Borescopes",1836,729.99,-5,0,0,-133,"-","-","N/A","N/A","chenglongzhai","China",1,9,"N/A","Large bulky",8.09,11.02,15.55,7.7,"N/A","N/A","02/28/2025",21,7,6,"N/A"
"https://amazon.com/dp/B0D78K5FTY","https://m.media-amazon.com/images/I/61mA-haOGWL._SX450_.jpg","B0D78K5FTY","Endoscope Camera, 4.3inch LCD Screen, 8mm / 0.31inch Borescope Camera, 1080P HD Inspection Camera with 8 LED Lights, IP67 Snake Camera for Sewer (Sanpylrumgb4okse-11)","Sanpyl","FBM","Industrial & Scientific",1353735,"N/A","N/A","N/A","N/A","Borescopes",1834,37.4,-27,0,0,,"-","-","N/A","N/A","Jieweit","China",1,0,"N/A","Large Standard-Size",3.11,5.59,7.72,2.62,"N/A","N/A","05/31/2025",22,1,0,"N/A"
"https://amazon.com/dp/B0D968V7K2","https://m.media-amazon.com/images/I/71y8kL1hhzL._SX450_.jpg","B0D968V7K2","Sewer Camera, 98.4 FT Inspection Camera with 512HZ Locator, 4.3"" LCD Monitor with DVR Function Borescope, Endoscope Camera, Plumbing Camera for Plumber, Homeowners","FHISD","FBM","Industrial & Scientific",1354238,"N/A","N/A","N/A","N/A","Borescopes",1836,749.99,-57,0,0,-133,"-","-","N/A","N/A","chenglongzhai","China",1,9,"N/A","Large bulky",8.09,11.02,15.55,7.7,"N/A","N/A","02/28/2025",21,7,6,"N/A"
"https://amazon.com/dp/B0FQ2KLZRD","https://m.media-amazon.com/images/I/71-H64s5aqL._SX450_.jpg","B0FQ2KLZRD","PRANITE Self-Leveling Sewer Inspection Camera with 200ft/60M Distance Counter, DVR, 32GB Storage IP68 Waterproof Industrial Pipe Snake for Municipal Drain Line Maintenance (Red Cable)","PRANITE","FBM","Industrial & Scientific",1356289,717308725862,"N/A",0717308725862,"N/A","Borescopes",1837,1599.99,29,0,0,,"-","-","N/A","N/A","dengwencai","China",1,0,"N/A","Extra-large 50+ to 70 lb",14.1,28.7,23.6,47.39,"N/A","N/A","01/31/2026",7,8,2,"N/A"
"https://amazon.com/dp/B0CS6RPTTQ","https://m.media-amazon.com/images/I/515XS7MsYDL._SX450_.jpg","B0CS6RPTTQ","ACAGALA Endoscope 0.3MP Endoscope 3 in 1 Endoscope with Adjustable LEDs 1/2/5 Meters","ACAGALA","FBM","Industrial & Scientific",1359984,764296428688,"N/A",0764296428688,"N/A","Borescopes",1822,11.89,11,0,0,-33,"-","-","N/A","N/A","SUNYULAN","China",1,3,"N/A","Large Standard-Size",5.12,5.12,1.18,0.15,"N/A","N/A","01/31/2026",27,9,0,"N/A"
"https://amazon.com/dp/B0GDMCTD4J","https://m.media-amazon.com/images/I/51SCyFqDhmL._SX450_.jpg","B0GDMCTD4J","Drain Sewer Pipeline Industrial Endoscop 512Hz Transmitter Image Self-Leveling Camera Head MAOTEWANG Well Pipe Inspection Camera","YZQMGCXG","FBM","Industrial & Scientific",1360364,"N/A","N/A",4588333165956,"N/A","Borescopes",1835,330,"N/A",0,0,,"-","-","N/A","N/A","cujingSHOP","N/A",1,0,"N/A","Large Standard-Size",3.94,3.94,3.94,0.11,"N/A","N/A","02/28/2026",3,3,0,"N/A"
"https://amazon.com/dp/B0CM8FRRC8","https://m.media-amazon.com/images/I/61cW2Nwb-TL._SX450_.jpg","B0CM8FRRC8","ADBEN P100 Industrial Endoscope 5.5mm 1080P Digital Borescope IP67 Waterof Snake Scope Camera Handheld Inspection Camera with 2.4"" IPS Screen 6 LED-Lights","ADBEN","FBM","Industrial & Scientific",1362731,"N/A","N/A","N/A","N/A","Borescopes",1826,30.99,-14,0,0,-133,"-","-","N/A","N/A","jia&qing","China",3,4,"N/A","N/A","N/A","N/A","N/A","N/A","N/A","N/A","11/30/2025",29,9,1,"N/A"
"https://amazon.com/dp/B098FKBKF6","https://m.media-amazon.com/images/I/615bKkfkXUS._SX450_.jpg","B098FKBKF6","Borescope Industrial Endoscope, 5.0 inch HD Explosion-Proof Big Screen & Full Body Rainproof, 3.9mm Inspection Camera IP67 Waterproof, 32G TF Card, Built-in Microphone and Speaker","BaiTTang","FBM","Industrial & Scientific",1364456,"N/A","N/A",8134798131133,"N/A","Borescopes",1817,354.99,-30,1,0,-133,426.68,"-","N/A","N/A","baitang","China",1,3,"N/A","N/A","N/A","N/A","N/A","N/A","N/A","N/A","11/30/2024",57,8,2,"N/A"
"https://amazon.com/dp/B098FVNLN4","https://m.media-amazon.com/images/I/615bKkfkXUS._SX450_.jpg","B098FVNLN4","Borescope Industrial Endoscope, 5.0 inch HD Explosion-Proof Big Screen & Full Body Rainproof, 3.9mm Inspection Camera IP67 Waterproof, 32G TF Card, Built-in Microphone and Speaker","BaiTTang","FBM","Industrial & Scientific",1364464,"N/A","N/A",8134798131126,"N/A","Borescopes",1817,329.99,-44,1,1,-133,426.68,311.53,"N/A","N/A","baitang","China",1,3,"N/A","N/A","N/A","N/A","N/A","N/A","N/A","N/A","11/30/2024",57,8,2,"N/A"
"https://amazon.com/dp/B0D54BF8SV","https://m.media-amazon.com/images/I/51YZTnkfQoL._SX450_.jpg","B0D54BF8SV","NGCG Waterproof Duct Inspection Camera With 5-inch Screen Suitable For Plumber Fitting Wall Inspection Carbon Deposition Industrial Endoscope Camera Lens With Screen","NGCG","FBM","Industrial & Scientific",1371312,"N/A","N/A",7627331334067,"N/A","Borescopes",1851,80.99,14,0,0,-133,"-","-","N/A","N/A","ZNFGHJ","China",2,0,"N/A","N/A","N/A","N/A","N/A","N/A","N/A","N/A","11/30/2025",22,9,5,"N/A"
"https://amazon.com/dp/B0D54CJL4G","https://m.media-amazon.com/images/I/51l9JzHF1EL._SX450_.jpg","B0D54CJL4G","NGCG Waterproof Duct Inspection Camera with 5-inch Screen, Suitable for Plumber Fitting Wall Inspection, Carbon Deposition, Industrial Endoscope Camera Lens with Screen","NGCG","FBM","Industrial & Scientific",1372757,"N/A","N/A",7627331334098,"N/A","Borescopes",1848,85.99,"N/A",0,0,-133,"-","-","N/A","N/A","Shunzhongyong","China",1,0,"N/A","N/A","N/A","N/A","N/A","N/A","N/A","N/A","11/30/2025",22,9,5,"N/A"
"https://amazon.com/dp/B0CS6QRM53","https://m.media-amazon.com/images/I/515XS7MsYDL._SX450_.jpg","B0CS6QRM53","ACAGALA Endoscope 0.3MP 3 in 1 Endoscope with Adjustable LEDs 1/2/5 Meters","ACAGALA","FBM","Industrial & Scientific",1382598,764296460732,"N/A",0764296460732,"N/A","Borescopes",1837,11.79,7,0,0,-133,"-","-","N/A","N/A","SUNYULAN","China",1,1,"N/A","Large Standard-Size",5.12,5.12,1.18,0.15,"N/A","N/A","06/30/2024",27,9,0,"N/A"
"https://amazon.com/dp/B07DNGSLRT","https://m.media-amazon.com/images/I/31gEk3GGRNL._SX450_.jpg","B07DNGSLRT","Vividia Ablescope UV-400 Articulating 0 to 180 Degree USB Digital Borescope Videoscope with UV/White LED Lights","VIVIDIA","FBM","Industrial & Scientific",1394484,759119544348,"N/A",0759119544348,"N/A","Borescopes",1839,599.98,-30,0,0,,"-","-",0,"N/A","Oasis Scientific Inc.","USA",1,0,"N/A","N/A","N/A","N/A","N/A","N/A","N/A","N/A","02/28/2025",94,9,0,"N/A"
"https://amazon.com/dp/B0BW3L6PVB","https://m.media-amazon.com/images/I/51DToIFxF2L._SX450_.jpg","B0BW3L6PVB","AN100-3.9 3-in-1 HD Ductoscope Tpye-C Interface Mobile Handset Pipeline Endoscope USB Output Fibrescope Waterproof Automotive Industrial Equipment Inspection with LED(1M-Softlines)","Natudeco","FBM","Industrial & Scientific",1394636,"N/A","N/A","N/A","N/A","Borescopes",1861,25.31,"N/A",0,0,,"-","-","N/A","N/A","Tujuezity-US","China",1,3,"N/A","N/A","N/A","N/A","N/A","N/A","N/A","N/A","02/28/2025",38,9,0,"N/A"
"https://amazon.com/dp/B0BQZNM59X","https://m.media-amazon.com/images/I/417LxfNiHzL._SX450_.jpg","B0BQZNM59X","Endoscope Camera, Wireless USB Inspection Camera, Waterproof Borescope Inspection Camera with 6 LED Light, 3-in-1 HD Type C, for PC/Laptop/Computer/Android(Size:2m)","Generic","FBM","Industrial & Scientific",1401987,"N/A","N/A","N/A","N/A","Borescopes",1865,13.99,-11,0,0,,"-","-","N/A","N/A","Maiwoda","China",1,0,"N/A","N/A","N/A","N/A","N/A","N/A","N/A","N/A","-",39,9,0,"N/A"
"https://amazon.com/dp/B0CCTFJBWW","https://m.media-amazon.com/images/I/71MUopI7MVL._SX450_.jpg","B0CCTFJBWW","Sewer Camera with HD 1200TVL Camera, 9"" LCD Monitor, 200FT Cable Pipe Inspection Camera Drain Sewer Industrial Endoscope Waterproof IP68 Snake Video System Pipe Inspection Camera","AKaSping","FBM","Industrial & Scientific",1406609,"N/A","N/A","N/A","N/A","Borescopes",1856,499.99,-3,1,1,,572.41,572.33,1,1,"LuuChain","China",1,8,-43,"N/A","N/A","N/A","N/A","N/A","N/A","N/A","07/31/2024",32,9,1,1.15
"https://amazon.com/dp/B0CB1DKVGL","https://m.media-amazon.com/images/I/610Ej61cR+L._SX450_.jpg","B0CB1DKVGL","ACONEE Sewer Camera with 512Hz Locator, 100 ft Snake Camera with 9 Inch Touch HD Screen, DVR and Adjustable LEDs, Self Leveling, 16 GB SD Card, Waterproof IP68, for Sewer and Drainage Pipe","ACONEE","Amazon","Industrial & Scientific",1409794,196336072382,"N/A",0196336072382,"N/A","Borescopes",1859,1189.99,-6,0,0,,"-","-",2,2,"Amazon","N/A",1,3,"N/A","Large bulky",9,16.5,20,16.05,"N/A","N/A","04/30/2025",33,7,0,0
"https://amazon.com/dp/B0CLRVR7SV","https://m.media-amazon.com/images/I/71iQxXkG+wL._SX450_.jpg","B0CLRVR7SV","Bi-Directional Articulating Borescope, 5-Inch Serpentine Camera with Illuminated Video Inspection Mirror for Automotive and Aerospace Mechanics, Men's Gadgets","Aprafie","Amazon","Industrial & Scientific",1410862,196336868855,"N/A",0196336868855,"N/A","Borescopes",1860,111.13,-56,0,0,,"-","-","N/A","N/A","Amazon","N/A",1,0,"N/A","Large Standard-Size",15.75,8.27,3.15,2.77,"N/A","N/A","-",29,6,0,"N/A"
"https://amazon.com/dp/B0FW53JTBG","https://m.media-amazon.com/images/I/51y6G2mrPwL._SX450_.jpg","B0FW53JTBG","Borescope Camera, 360-degree Industrial Pipe Endoscope, HD 1080P, Suitable for Car Maintenance and Pipeline Inspection,Industrial Endoscope","COMOAEW","FBM","Industrial & Scientific",1418711,"N/A","N/A",4940099751079,"N/A","Borescopes",1879,145.98,-38,0,0,,"-","-","N/A","N/A","HANGZHOU SANTIWAY INTERNATIONAL","China",4,0,"N/A","Large Standard-Size",0.39,0.39,0.39,3.09,"N/A","N/A","-",6,7,0,"N/A"
"https://amazon.com/dp/B099WYM3FD","https://m.media-amazon.com/images/I/61UqFy2h7dL._SX450_.jpg","B099WYM3FD","LCD Endoscope Cleaning Gun Visual Direct‑View Injection Industrial Endoscope for Car Air Conditioning Pipe","Hilitand","FBA","Industrial & Scientific",1424093,"N/A","N/A","N/A","N/A","Borescopes",1862,58.84,-47,1,1,,87.03,86.99,1,5,"Simangy","China",1,1,-88,"Large bulky",4.02,15.43,17.09,3.64,343.18,857.94,"05/31/2024",51,9,0,1.01
"https://amazon.com/dp/B0B1BLYGHC","https://m.media-amazon.com/images/I/61aq071CHiL._SX450_.jpg","B0B1BLYGHC","Vividia CL-4010 Flexible USB 2-Way Articulation 4mm (0.16"") Diameter 1m (3ft) Long Borescope Videoscope Inspection Camera for Windows PC MacBook Android MacOS Chromebook","VIVIDIA","FBM","Industrial & Scientific",1424390,"N/A","N/A","N/A","N/A","Borescopes",1861,499.98,18,0,0,-150,"-","-","N/A","N/A","Oasis Scientific Inc.","USA",1,3,"N/A","N/A","N/A","N/A","N/A","N/A","N/A","N/A","12/31/2025",63,9,0,"N/A"
"https://amazon.com/dp/B0FYXRDSL9","https://m.media-amazon.com/images/I/81+llivDreL._SX450_.jpg","B0FYXRDSL9","Sewer Camera with Locator, Industrial Borescope Pipe Camera, Self-Leveling, IP68 Sewer Inspection Cameras System with 7MM Super Flexible Push Cable, Distance Counter, 296Ft(90M), 32GB","SumKea","FBM","Industrial & Scientific",1430356,774882258841,"N/A",0774882258841,"N/A","Borescopes",1892,2699.99,-1,0,0,,"-","-","N/A","N/A","SumKea","China",1,0,"N/A","Extra-large 50+ to 70 lb",23.6,14.1,28.7,55.2,"N/A","N/A","12/31/2025",5,9,4,"N/A"
"https://amazon.com/dp/B0FYXWJ6FN","https://m.media-amazon.com/images/I/81+llivDreL._SX450_.jpg","B0FYXWJ6FN","Sewer Camera with Locator, Pipe Inspection Camera with Self-Leveling, Sewer Line Inspection, Pipe Damage Inspections, Drain Clog Diagnosis, Distance Counter, 7MM Cable 200Ft, DVR, 32GB, IP68","SumKea","FBM","Industrial & Scientific",1430356,774882258834,"N/A",0774882258834,"N/A","Borescopes",1892,2499.99,-26,0,0,,"-","-","N/A","N/A","SumKea","China",1,0,"N/A","Extra-large 50+ to 70 lb",23.6,14.1,28.7,51.8,"N/A","N/A","12/31/2025",5,9,4,"N/A"
"https://amazon.com/dp/B08XZR6X6N","https://m.media-amazon.com/images/I/31Wmcf3JpsL._SX450_.jpg","B08XZR6X6N","Vividia VE-8130 Portable Handheld Joystick Angulation Veterinary Endoscope with 8mm (0.31"") Diameter 1.3 Meter Flexible Waterproof Probe and 5"" Monitor for Equine Upper Airway Endoscopy","VIVIDIA","FBM","Industrial & Scientific",1434484,"N/A","N/A","N/A","N/A","Borescopes",1874,3498,-29,0,0,,"-","-","N/A","N/A","Oasis Scientific Inc.","USA",1,0,"N/A","N/A","N/A","N/A","N/A","N/A","N/A","N/A","05/31/2025",61,9,0,"N/A"
"https://amazon.com/dp/B09QBTJB5Z","https://m.media-amazon.com/images/I/61QuGYenQuL._SX450_.jpg","B09QBTJB5Z","Vividia CT-6010 LCD/WiFi Flexible Two-Way Articulating Inspection Camera Borescope Videoscope with 6mm (0.236"") Diameter 1.0m Long Waterproof IP67 Probe","VIVIDIA","FBM","Industrial & Scientific",1437942,"N/A","N/A","N/A","N/A","Borescopes",1872,799.98,-7,1,1,-133,893.85,893.8,"N/A","N/A","Oasis Scientific Inc.","USA",1,2,100,"N/A","N/A","N/A","N/A","N/A","N/A","N/A","02/28/2025",51,9,0,"N/A"
"https://amazon.com/dp/B09RQ4WXRL","https://m.media-amazon.com/images/I/71UED9iOsIL._SX450_.jpg","B09RQ4WXRL","Vividia W2430 WiFi/USB Wireless USB 2-Way Articulation Rigid 4mm (0.16"") Diameter Short 16"" Long Borescope Videoscope Inspection Camera for Windows iPhone iPad Android MacOS Chromebook PC","VIVIDIA","FBM","Industrial & Scientific",1438993,"N/A","N/A","N/A","N/A","Borescopes",1882,849.98,-26,0,0,,"-","-","N/A","N/A","Oasis Scientific Inc.","USA",1,1,"N/A","N/A","N/A","N/A","N/A","N/A","N/A","N/A","01/31/2025",63,9,0,"N/A"
"https://amazon.com/dp/B0G25RPRQZ","https://m.media-amazon.com/images/I/6185IESlTCL._SX450_.jpg","B0G25RPRQZ","1080P Industrial Borescope 4.3 Inch HD Inspection Camera 8mm Lens 5M Cable IP67 Waterproof 8 LED Lights 2000mAh Battery Automotive Repair","UrbanHui","FBM","Industrial & Scientific",1442847,"N/A","N/A","N/A","N/A","Borescopes",1905,34.62,"N/A",0,0,,"-","-","N/A","N/A","ShinyWise","China",1,0,"N/A","N/A","N/A","N/A","N/A","N/A","N/A","N/A","-",5,9,0,"N/A"
"https://amazon.com/dp/B0G2VSFHRL","https://m.media-amazon.com/images/I/711loM8sWFL._SX450_.jpg","B0G2VSFHRL","PROBE360 Articulating Borescope Camera with 5"" 1080P HD Display, 6.2mm IP67 Waterproof Probe, 5X Zoom Industrial Endoscope with 2-Way Steering and Semi-Rigid Cable","Probe360","FBM","Industrial & Scientific",1443333,732468156356,"N/A",0732468156356,"N/A","Borescopes",1905,129.99,-20,0,0,,"-","-","N/A","N/A","Shenzhen ShenshijieTechnology Co., Ltd","China",1,0,"N/A","N/A","N/A","N/A","N/A","N/A","N/A","N/A","11/30/2025",4,6,0,"N/A"
"https://amazon.com/dp/B0DP2QT5FY","https://m.media-amazon.com/images/I/61KlHdscJBL._SX450_.jpg","B0DP2QT5FY","Endoscope Inspection Camera Industrial Endoscope Camera 2.8'' IPS Screen HD1080P Inspection Borescope IP68 Waterproof 8mm/5.5mm LED Lens for Car Pipe Sewer(5m,P100-8MM Lens)","Sweet taize","FBM","Industrial & Scientific",1443545,"N/A","N/A",7425642775582,"N/A","Borescopes",1905,67.5,-27,2,2,-14,113.28,113.23,"N/A","N/A","TZTDM","China",1,0,"N/A","N/A","N/A","N/A","N/A","N/A","N/A","N/A","01/31/2026",16,7,24,"N/A"
"https://amazon.com/dp/B09Q4QBCPF","https://m.media-amazon.com/images/I/71eiEErOCUL._SX450_.jpg","B09Q4QBCPF","Vividia VS-4130PT Pan & Tilt & Zoom (PTZ) Pipe Sewer Drain Tank Video Inspection Camera with 7"" Portable Screen 98ft (30m) Push-Rod Cable and 1.61"" (41mm) Waterproof PT Camera","VIVIDIA","FBM","Industrial & Scientific",1444460,"N/A","N/A","N/A","N/A","Borescopes",1883,2999.98,-36,0,0,,"-","-","N/A","N/A","Oasis Scientific Inc.","USA",1,1,-50,"N/A","N/A","N/A","N/A","N/A","N/A","N/A","02/28/2025",62,9,0,"N/A"
"https://amazon.com/dp/B08X1HQSNG","https://m.media-amazon.com/images/I/61QpPhOIcSL._SX450_.jpg","B08X1HQSNG","50 Pcs Disposable Camera Sheath Cover Sleeves Endoscope Protect Sheath A04-6A","NSKI","FBM","Industrial & Scientific",1446868,792057393883,"N/A",0792057393883,"N/A","Borescopes",1885,9.4,-34,2,2,,16.34,16.27,1,5,"SoHome","China",1,7,133,"Large Standard-Size",1.3,2.09,9.41,0.18,"N/A","N/A","11/30/2025",60,9,0,1.74
"https://amazon.com/dp/B0CZ3VVTC4","https://m.media-amazon.com/images/I/41bk8342ZAL._SX450_.jpg","B0CZ3VVTC4","Kircuit USB-C 5V AC/DC Adapter Compatible with Teslong MS450 50ft Sewer Camera 1080P Drain Plumbing Snake Inspection Flexible Borescope Endoscope Duct Fiber 5VDC Power Supply Cord Battery Charger PSU","Kircuit","FBM","Industrial & Scientific",1457218,"N/A","N/A","N/A","N/A","Borescopes",1912,13.79,3,0,0,,"-","-",1,5,"EPtech","USA",1,0,"N/A","N/A","N/A","N/A","N/A","N/A","N/A","N/A","07/31/2024",24,1,0,0
"https://amazon.com/dp/B0D5HSCNY1","https://m.media-amazon.com/images/I/61i249YVp1L._SX450_.jpg","B0D5HSCNY1","2600mAh Industrial Endoscope 1080P 4.3 Inch Digital Borescope Inspection Camera Waterproof Snake Camera For Car Engine 4.3 Inch Color Screen Car Inspection Camera Automotive Maintenance Tool Screen To","JzcsdkSIL","FBM","Industrial & Scientific",1459858,"N/A","N/A",7637681144230,"N/A","Borescopes",1917,58.84,-35,0,0,,"-","-","N/A","N/A","Lusbees","China",1,0,"N/A","N/A","N/A","N/A","N/A","N/A","N/A","N/A","11/30/2025",8,9,0,"N/A"
"https://amazon.com/dp/B0G4GNMZ7H","https://m.media-amazon.com/images/I/91Wuny-vBPL._SX450_.jpg","B0G4GNMZ7H","Sewer Borescope Camera Screen Replacement,10'' Touch Screen for JQKJCAM Sewer Drain Pipe Inspection Camera WP9613F 9614F 9626F 9607F","JQKJCAM","FBM","Industrial & Scientific",1463467,"N/A","N/A","N/A","N/A","Borescopes",1920,169,-62,1,1,,183.47,183.45,"N/A","N/A","JJKJ Cam","China",1,0,"N/A","N/A",10.24,5.91,3.15,"N/A","N/A","N/A","02/28/2026",4,1,0,"N/A"
"https://amazon.com/dp/B0DDY3ZS54","https://m.media-amazon.com/images/I/71CVE6uTKWL._SX450_.jpg","B0DDY3ZS54","Yunseity 1080P HD Digital Endoscope Camera with 4.3inch IPS Screen, 170 Degree Viewing Angle, IP67 Borescope Inspection Camera for Sewer Pipe, with LED Lights (5m / 16.4ft)","Yunseity","FBM","Industrial & Scientific",1464077,"N/A","N/A","N/A","N/A","Borescopes",1921,40.75,-10,0,0,-143,"-","-","N/A","N/A","Liccx","China",1,0,"N/A","Large Standard-Size",7.87,5.51,3.15,0.91,"N/A","N/A","11/30/2025",19,9,3,"N/A"
"https://amazon.com/dp/B01GRK9AFC","https://m.media-amazon.com/images/I/41qVnZ+PcCL._SX450_.jpg","B01GRK9AFC","INSIZE ISV-1H4179 Rigid Borescope, 6.54""","INSIZE","FBM","Industrial & Scientific",1468620,"N/A",06928640323782,6928640323782,"N/A","Borescopes",1901,1438.19,-8,0,0,,"-","-","N/A","N/A","CoolPoolTables","USA",1,0,"N/A","Large Standard-Size",3.7,5.67,14.57,2.43,"N/A","N/A","11/30/2025",118,1,0,"N/A"
"https://amazon.com/dp/B08KL2ZGGQ","https://m.media-amazon.com/images/I/91AyDrCabSL._SX450_.jpg","B08KL2ZGGQ","Vividia WPC-1200 Wireless WiFi Telescopic Carbon Fiber Pole Inspection Camera System with 12 Meter (40 Ft) Extendable Pole and Telescopic Camera TVS-100 for iPhone iPad Android Devices","VIVIDIA","FBM","Industrial & Scientific",1474886,"N/A","N/A","N/A","N/A","Borescopes",1912,2999,-20,0,0,,"-","-","N/A","N/A","Oasis Scientific Inc.","USA",1,0,"N/A","N/A","N/A","N/A","N/A","N/A","N/A","N/A","06/30/2024",66,9,0,"N/A"
"https://amazon.com/dp/B0CDH43CHJ","https://m.media-amazon.com/images/I/51Qeo6MMbPL._SX450_.jpg","B0CDH43CHJ","USB Type C Endoscope Camera Inspection Camera with Light, High Definition 5m Length Multi-Purpose Professional Use, IP67 Waterproof","Eujgoov","FBM","Industrial & Scientific",1484443,"N/A","N/A","N/A","N/A","Borescopes",1924,14.46,-30,1,1,,17,16.94,"N/A","N/A","Perfurt","China",1,2,-78,"Large Standard-Size",5.12,4.72,1.57,0.37,"N/A","N/A","04/30/2024",32,9,0,"N/A"
"https://amazon.com/dp/B0FSS8SR1H","https://m.media-amazon.com/images/I/51lPJGASkxL._SX450_.jpg","B0FSS8SR1H","Sewer Camera Robot,512hz Trainsmitter and Receiver All-Metal Anti-Oxidation and Corrosion Resistant Body IP68 Sewer Pipe Inspection Crawler Camera Robot System (131ft/60M)","SPRIDRAIN","FBM","Industrial & Scientific",1485955,"N/A","N/A","N/A","N/A","Borescopes",1913,9780,"N/A",0,0,-100,"-","-","N/A","N/A","SYANSPAN TECH","China",0,0,"N/A","N/A","N/A","N/A","N/A","N/A","N/A","N/A","10/31/2025",6,9,2,"N/A"
"https://amazon.com/dp/B0CH52L5R6","https://m.media-amazon.com/images/I/61RKAmQMMeL._SX450_.jpg","B0CH52L5R6","Endoscope with 4 LED Lights, 2560 5MP WiFi Wireless Endoscope Camera, Telephoto Zoom Borescope with Semi-Rigid Cable, 11mm IP68 Waterproof Inspection Camera","NDNCZDHC","FBM","Industrial & Scientific",1487357,"N/A","N/A","N/A","N/A","Borescopes",1934,80.33,-6,0,0,,"-","-","N/A","N/A","Kumhoo","China",1,0,"N/A","N/A","N/A","N/A","N/A","N/A","N/A","N/A","10/31/2025",31,9,0,"N/A"
"https://amazon.com/dp/B09HRF4NBL","https://m.media-amazon.com/images/I/71aW3sg2UFL._SX450_.jpg","B09HRF4NBL","Pipe Inspection Camera, Pipeline Endoscope 7in LCD Display for Slow Draining Pipes for Homeowner Inspection for Wall Inspection(30m)","LZKW","FBM","Industrial & Scientific",1488852,"N/A","N/A",7061019960108,"N/A","Borescopes",1938,531.74,-12,0,0,,"-","-",1,3,"Lozakom","China",1,2,"N/A","Large Standard-Size",7.2,13.8,16.4,11.45,"N/A","N/A","11/30/2024",54,9,0,0
"https://amazon.com/dp/B0DSTWK4GG","https://m.media-amazon.com/images/I/61On9ddCxCL._SX450_.jpg","B0DSTWK4GG","Happybuy Two-Way Articulating Borescope with Light, 0.25"" Lens Inspection Camera, 5"" IPS HD Screen, Flexible Fiber Optic Snake Scope for Wall, Automotive & Engine Inspection, 4.9FT","Happybuy","FBM","Industrial & Scientific",1492157,"N/A","N/A","N/A","N/A","Borescopes",1938,149.99,-8,0,0,,"-","-","N/A","N/A","Happibuy","China",1,0,"N/A","N/A","N/A","N/A","N/A","N/A","N/A","N/A","-",15,9,0,"N/A"
"https://amazon.com/dp/B07SHQLRQ5","https://m.media-amazon.com/images/I/41B0scyufPL._SX450_.jpg","B07SHQLRQ5","Vividia GB-430-WiFi Bundle: Vividia Rigid Gun Borescope GB-430 and VA-B2 WiFi AirBox for iOS Tablets iPhone and Android Phone and Tablet","VIVIDIA","FBM","Industrial & Scientific",1495677,"N/A","N/A","N/A","N/A","Borescopes",1928,299.98,-6,0,0,-133,"-","-",0,"N/A","Oasis Scientific Inc.","USA",1,2,100,"N/A","N/A","N/A","N/A","N/A","N/A","N/A","12/31/2025",82,9,0,"N/A"
"https://amazon.com/dp/B0FSJGNTY6","https://m.media-amazon.com/images/I/51lPJGASkxL._SX450_.jpg","B0FSJGNTY6","Sewer Camera Robot,512hz Trainsmitter and Receiver All-Metal Anti-Oxidation and Corrosion Resistant Body IP68 Sewer Pipe Inspection Crawler Camera Robot System (131ft/60M)","SPRIDRAIN","FBM","Industrial & Scientific",1499186,"N/A","N/A","N/A","N/A","Borescopes",1947,9780,-3,0,0,-133,"-","-","N/A","N/A","SYANSPAN TECH","China",1,0,"N/A","Extra-large 70+ to 150 lb",22.83,19.67,25.2,83.78,"N/A","N/A","10/31/2025",6,9,2,"N/A"
"https://amazon.com/dp/B0FPWSY57D","https://m.media-amazon.com/images/I/51lPJGASkxL._SX450_.jpg","B0FPWSY57D","Sewer Camera Robot,512hz Trainsmitter and Receiver All-Metal Anti-Oxidation and Corrosion Resistant Body IP68 Sewer Pipe Inspection Crawler Camera Robot System (394ft/120M)","SPRIDRAIN","FBM","Industrial & Scientific",1499410,"N/A","N/A","N/A","N/A","Borescopes",1946,9832,-27,0,0,-133,"-","-","N/A","N/A","SYANSPAN TECH","China",2,0,"N/A","Extra-large 70+ to 150 lb",22.83,19.69,25.2,83.78,"N/A","N/A","10/31/2025",7,9,2,"N/A"
"https://amazon.com/dp/B075HSQY3B","https://m.media-amazon.com/images/I/71qMIsGlwkL._SX450_.jpg","B075HSQY3B","VA-980-WiFi Bundle: Vividia AbleScope VA-980 USB Semi-Flexible Articulating Borescope Plus VA-B2 WiFi AirBox for iPad iPhone and Android","VIVIDIA","FBM","Industrial & Scientific",1499827,759119544102,"N/A",0759119544102,"N/A","Borescopes",1938,460,-28,0,0,,"-","-",4,4.6,"Oasis Scientific Inc.","USA",1,1,-92,"Large Standard-Size",3.94,11.85,13.98,3.39,"N/A","N/A","03/31/2024",103,9,0,0
"https://amazon.com/dp/B09V77JKJC","https://m.media-amazon.com/images/I/71K4eH-s-1L._SX450_.jpg","B09V77JKJC","Vividia VS-739 Pipe Sewer Drain Tube Inspection Camera with 7"" Portable Monitor 200ft (60m) Push-Rod Cable and 38mm 1.5"" Diameter Waterproof Camera with Self-Leveling and Built-in 512Hz Sonde","VIVIDIA","FBM","Industrial & Scientific",1503045,"N/A","N/A","N/A","N/A","Borescopes",1940,3999,-31,1,1,,4916.75,4916.71,"N/A","N/A","Oasis Scientific Inc.","USA",1,0,"N/A","N/A","N/A","N/A","N/A","N/A","N/A","N/A","02/28/2026",62,8,0,"N/A"
"https://amazon.com/dp/B0FPWMYBGV","https://m.media-amazon.com/images/I/61ePsfc5sZL._SX450_.jpg","B0FPWMYBGV","Handheld LED Endoscope Cold Light Source, High Brightness Industrial Borescope LED Lights, 10W Without Adaptors","Generic","-","Industrial & Scientific",1512965,"N/A","N/A","N/A","N/A","Borescopes",1953,62.8,-70,0,0,,"-","-","N/A","N/A",,"N/A",1,0,"N/A","N/A","N/A","N/A","N/A","N/A","N/A","N/A","-",7,7,2,"N/A"
"https://amazon.com/dp/B0FSGMH3NB","https://m.media-amazon.com/images/I/51G5zbqU+VL._SX450_.jpg","B0FSGMH3NB","Industrial Borescope with 3 in 1 USB Type C USB, USB Endoscope Camera 720P HD, IP67 Inspection Camera with 6 LEDs, 49ft. Semi Cable for Phone Tablet (3.9MM)","ChuyTrading","FBM","Industrial & Scientific",1513810,"N/A","N/A","N/A","N/A","Borescopes",1954,51.39,-34,0,0,,"-","-","N/A","N/A","Chuyi Trading","China",1,0,"N/A","Large Standard-Size",9.06,3.94,1.18,0.19,"N/A","N/A","10/31/2025",6,9,2,"N/A"
"https://amazon.com/dp/B07MCX148K","https://m.media-amazon.com/images/I/31A9tpf7AvL._SX450_.jpg","B07MCX148K","Vividia D3160 USB Digital 180 Degree One-Way Articulating Borescope with 5.9mm Diameter 1 Meter Long Camera Probe","VIVIDIA","FBM","Industrial & Scientific",1519441,"N/A","N/A","N/A","N/A","Borescopes",1947,799.98,-33,0,0,,"-","-",0,"N/A","Oasis Scientific Inc.","USA",1,3,200,"N/A","N/A","N/A","N/A","N/A","N/A","N/A","09/30/2025",87,9,0,"N/A"
"https://amazon.com/dp/B0C9P9VBRG","https://m.media-amazon.com/images/I/81kom8gCbLL._SX450_.jpg","B0C9P9VBRG","Vividia V10-550-80PT Pipe Sewer Drain Tube Pan Tilt Zoom Inspection Camera with 10"" LCD Screen 262ft (80m) Push-Rod Cable and 50mm Waterproof PTZ Camera","VIVIDIA","FBM","Industrial & Scientific",1523223,"N/A","N/A","N/A","N/A","Borescopes",1962,5999,9,0,0,,"-","-","N/A","N/A","Oasis Scientific Inc.","USA",1,0,"N/A","N/A","N/A","N/A","N/A","N/A","N/A","N/A","-",62,9,0,"N/A"
"https://amazon.com/dp/B0B1BF85DS","https://m.media-amazon.com/images/I/61JySbsBk-L._SX450_.jpg","B0B1BF85DS","Vividia SV-1810 Flexible Non-Articulation 1.8mm / 0.071"" Diameter 1 Meter Long Borescope Endoscope Videoscope Inspection Camera with 5"" Touch Screen LCD Monitor","VIVIDIA","FBM","Industrial & Scientific",1523804,"N/A","N/A","N/A","N/A","Borescopes",1945,5899,-29,0,0,,"-","-","N/A","N/A","Oasis Scientific Inc.","USA",1,0,"N/A","N/A","N/A","N/A","N/A","N/A","N/A","N/A","09/30/2025",66,9,0,"N/A"
"https://amazon.com/dp/B0CS4MXR2Y","https://m.media-amazon.com/images/I/71T25GLvzOL._SX450_.jpg","B0CS4MXR2Y","BoxWave Cable Compatible with Depstech Dual Lens 5.0 Video Borescope Inspection Camera (5 in) - USB Expansion Adapter, Add USB Connected Hardware to Your Phone","BoxWave","FBM","Industrial & Scientific",1526087,"N/A","N/A","N/A","N/A","Borescopes",1952,8.95,-10,0,0,,"-","-","N/A","N/A","BoxWave Corporation","USA",1,0,"N/A","N/A","N/A","N/A","N/A","N/A","N/A","N/A","09/30/2025",28,4,0,"N/A"
"https://amazon.com/dp/B0DJRS77PP","https://m.media-amazon.com/images/I/71xLMnBvumL._SX450_.jpg","B0DJRS77PP","Kapro 397 Deep Vision Borescope - Industrial Endoscope Camera with Light - IP67 Water Proof - 0.3M Pixel","KAPRO","FBM","Industrial & Scientific",1534779,"N/A","N/A","N/A","N/A","Borescopes",1971,255.55,-43,0,0,,"-","-","N/A","N/A","Kapro Tools Direct","USA",1,0,"N/A","N/A","N/A","N/A","N/A","N/A","N/A","N/A","09/30/2025",18,6,0,"N/A"
"https://amazon.com/dp/B0BPCG1T59","https://m.media-amazon.com/images/I/71b-N2pQ8cL._SX450_.jpg","B0BPCG1T59","200ft Industrial Endoscope Camera with Light & 9"" LCD Screen + 8GB SD for 2"" Dia Pipe, KPfaster Industrial Inspection Mirror System Drain Sewer Camera with Locator Cable Snake Chimney Plumbing","KPfaster","FBM","Industrial & Scientific",1537513,724443983309,"N/A",0724443983309,"N/A","Borescopes",1976,691.99,-23,0,0,,"-","-","N/A","N/A","KPfaster","China",1,0,"N/A","N/A","N/A","N/A","N/A","N/A","N/A","N/A","-",40,9,0,"N/A"
"https://amazon.com/dp/B08HW7PWJZ","https://m.media-amazon.com/images/I/517klcuf5JL._SX450_.jpg","B08HW7PWJZ","Oumefar Black 15 Meter USB Endoscope Digital Inspection Snake Camera Borescope with 2 Megapixel Camera 6 LED Lights for Pipe Car Inspection","Oumefar","FBA","Industrial & Scientific",1539603,"N/A","N/A",8757736453519,"N/A","Borescopes",1963,25.69,-42,0,0,,"-","-","N/A","N/A","Lanxued","China",2,1,-80,"Large Standard-Size",2.72,6.06,6.06,1.11,50.28,138.69,"01/31/2025",67,9,0,"N/A"
"https://amazon.com/dp/B0CJFHVXMN","https://m.media-amazon.com/images/I/611wLmDD6XL._SX450_.jpg","B0CJFHVXMN","Borescope Camera 5.5mm / 0.22in 3 in 1 USB Borescope Camera IP67 Inspection Endoscope for Inspection Maintenance (5M)","Hilitand","FBM","Industrial & Scientific",1544938,"N/A","N/A","N/A","N/A","Borescopes",1971,12.5,-16,1,0,-67,7.02,"-","N/A","N/A","Simangy","China",2,9,50,"N/A",5.12,5.12,1.57,"N/A","N/A","N/A","02/28/2025",21,9,4,"N/A"
"https://amazon.com/dp/B0CJFKRBGZ","https://m.media-amazon.com/images/I/611wLmDD6XL._SX450_.jpg","B0CJFKRBGZ","Borescope Camera 5.5mm / 0.22in 3 in 1 USB Borescope Camera IP67 Inspection Endoscope for Inspection Maintenance (1M)","Hilitand","FBM","Industrial & Scientific",1546429,"N/A","N/A","N/A","N/A","Borescopes",1970,11.71,-24,1,0,-67,7.02,"-","N/A","N/A","Simangy","China",2,9,50,"N/A",5.12,5.12,1.57,"N/A","N/A","N/A","02/28/2025",30,9,4,"N/A"
"https://amazon.com/dp/B0CJFKZWVM","https://m.media-amazon.com/images/I/61O0p3hNoQL._SX450_.jpg","B0CJFKZWVM","Borescope Camera 5.5mm / 0.22in 3 in 1 USB Borescope Camera IP67 Inspection Endoscope for Inspection Maintenance (3.5M)","Hilitand","FBM","Industrial & Scientific",1547379,"N/A","N/A","N/A","N/A","Borescopes",1974,12.42,-24,1,0,-67,7.02,"-","N/A","N/A","Muxizac-US","China",1,9,50,"N/A",5.12,5.12,1.57,"N/A","N/A","N/A","02/28/2025",26,9,4,"N/A"
"https://amazon.com/dp/B0CH3G1TD2","https://m.media-amazon.com/images/I/61FS9ZSTGlL._SX450_.jpg","B0CH3G1TD2","Industrial Endoscope, 2560P 5MP Digital Borescope Inspection Camera, 14mm IP68 Waterproof Autofocus Sewer Camera with 4 LED Lights, 2m Bendable Cable","NDNCZDHC","FBM","Industrial & Scientific",1547492,"N/A","N/A","N/A","N/A","Borescopes",1985,60,-44,0,0,,"-","-","N/A","N/A","Kumhoo","China",2,0,"N/A","N/A","N/A","N/A","N/A","N/A","N/A","N/A","09/30/2025",31,8,0,"N/A"
"https://amazon.com/dp/B08NXK323G","https://m.media-amazon.com/images/I/61vqo3POuUL._SX450_.jpg","B08NXK323G","Handheld Endoscope, P40 8mm 1920 x 1080P IP67 Waterproof Portable Endoscope, 4.3inch Color Display Screen Handheld Endoscope, Borescopes And Fiberscopes","Hyuduo","FBM","Industrial & Scientific",1550071,"N/A","N/A","N/A","N/A","Borescopes",1984,45.89,-74,0,0,,"-","-","N/A","N/A","zohoo","China",1,2,"N/A","Large Standard-Size",8.46,4.92,2.56,0.97,"N/A","N/A","03/31/2025",64,9,0,"N/A"
"https://amazon.com/dp/B0FJFV764P","https://m.media-amazon.com/images/I/717sO+FCgJL._SX450_.jpg","B0FJFV764P","Anysun Sewer Camera Self-Leveling, Distance Count with 7mm Cable, 10'' Color Screen IP68 Waterproof Plumbing Endoscope Drain Snake Camera, 12pcs Light with 32GB TF Card(250FT)","anysun","FBM","Industrial & Scientific",1558409,769016740323,"N/A",0769016740323,"N/A","Borescopes",1988,1099.99,-38,0,0,,"-","-","N/A","N/A","ToBestGift","China",1,0,"N/A","N/A","N/A","N/A","N/A","N/A","N/A","N/A","01/31/2026",8,7,2,"N/A"
"https://amazon.com/dp/B0DFBYXVDD","https://m.media-amazon.com/images/I/61rTFC-FsSL._SX450_.jpg","B0DFBYXVDD","Ubxvamm USB Inspection Camera - Waterproof Endoscope for Mobile Devices - Black","Ubxvamm","FBM","Industrial & Scientific",1569239,"N/A","N/A",7671300076076,"N/A","Borescopes",1994,10.24,-25,1,1,200,7.67,7.58,1,1,"MIlsfna","China",2,8,"N/A","N/A","N/A","N/A","N/A","N/A","N/A","N/A","11/30/2025",19,8,1,0.73
"https://amazon.com/dp/B0FP44SMVW","https://m.media-amazon.com/images/I/61JziiQsLgL._SX450_.jpg","B0FP44SMVW","Hamwesh Industrial Endoscope, 8mm 1080P HD 70 Degree Digital Borescope Camera with Assist Light for Automotive Pipe Inspection (5m)","Hamwesh","FBA","Industrial & Scientific",1569820,"N/A","N/A","N/A","N/A","Borescopes",1996,39.41,-55,0,0,-100,"-","-","N/A","N/A","Catchyi","China",2,0,"N/A","Large Standard-Size",8.66,5.91,2.76,1.15,70.97,195.78,"11/30/2025",7,9,0,"N/A"
"https://amazon.com/dp/B0CZNR8LWP","https://m.media-amazon.com/images/I/61okGD+j6vL._SX450_.jpg","B0CZNR8LWP","MekUk Endoscope Endoscope Camera Measuring Tools 4.5 Inch IPS Screen Industrial Endoscope HD Borescope with 6 LED Lights for Automotive, Plumbing","MekUk","FBM","Industrial & Scientific",1571481,"N/A","N/A",7735604773359,"N/A","Borescopes",1997,151.42,13,0,0,,"-","-","N/A","N/A","wuzhihuawangdian","China",2,0,"N/A","Large Standard-Size",8.27,7.09,6.69,3.31,"N/A","N/A","-",24,5,0,"N/A"
"https://amazon.com/dp/B077LBTCH1","https://m.media-amazon.com/images/I/51XuIW+X2tL._SX450_.jpg","B077LBTCH1","Vividia GB-4510 Gun Barrel Rigid 4.0mm Borescope Kit with Mirror Tube and Phone Attachment (Side View)","VIVIDIA","FBM","Industrial & Scientific",1574316,759119544195,"N/A",0759119544195,"N/A","Borescopes",1987,399.98,-15,0,0,-50,"-","-",4,4.2,"Oasis Scientific Inc.","USA",1,0,"N/A","N/A","N/A","N/A","N/A","N/A","N/A","N/A","11/30/2025",101,9,2,0.02
"https://amazon.com/dp/B0CM2YRDJX","https://m.media-amazon.com/images/I/71iQxXkG+wL._SX450_.jpg","B0CM2YRDJX","GAOMON Dual Lens Serpentine Pipe Borescope with Illuminated Video Inspection Scope, 5-Inch IPS Screen, IP67 Waterproof LED Lights, 5.5-Feet Long, for Automotive, Aerospace, and Mechanical Inspections","GAOMON","Amazon","Industrial & Scientific",1575127,196336868954,"N/A",0196336868954,"N/A","Borescopes",1990,120.91,-24,0,0,,"-","-","N/A","N/A","Amazon","N/A",1,0,"N/A","Large Standard-Size",3.27,9.41,17.05,3.26,"N/A","N/A","08/31/2024",29,6,0,"N/A"
"https://amazon.com/dp/B0FLJDW8G6","https://m.media-amazon.com/images/I/51g1TaD4cBL._SX450_.jpg","B0FLJDW8G6","ERYUE 5.5mm USB 3 in 1 Endoscope Inspection Camera, HD 2.0MP CMOS Borescope with 6 LED Lights, 5M Cable for Android and, IP67 1/9 Inch Sensor with 5M USB Cable, Compatible with","ERYUE","FBM","Industrial & Scientific",1578038,"N/A","N/A","N/A","N/A","Borescopes",2002,11.19,"N/A",0,0,,"-","-","N/A","N/A","btastbo","China",1,0,"N/A","Large Standard-Size",4.72,4.72,1.57,0.29,"N/A","N/A","01/31/2026",8,9,0,"N/A"
"https://amazon.com/dp/B0CQXWDFDT","https://m.media-amazon.com/images/I/51fCIhOe5TL._SX450_.jpg","B0CQXWDFDT","Two Way Articulating Borescope, 360 Degree Endoscope Inspection Camera, 3.5in Screen, with, Automotive Mechanics Fiber Optic Scope (1m / 3.3ft)","CCYLEZ","FBM","Industrial & Scientific",1583335,"N/A","N/A","N/A","N/A","Borescopes",2008,177.59,-41,0,0,,"-","-","N/A","N/A","Sojare-US","China",1,0,"N/A","Large Standard-Size",12.6,11.81,4.72,3.11,"N/A","N/A","01/31/2026",13,9,2,"N/A"
"https://amazon.com/dp/B07GB716JW","https://m.media-amazon.com/images/I/21tTu8bqeWL._SX450_.jpg","B07GB716JW","MeterTo HT-660 3.5˝ LCD Industrial Digital Portable Video Borescope Endoscope Inspection Snake Camera 300000 Pixels","MeterTo","FBM","Industrial & Scientific",1584214,680613294067,"N/A",0680613294067,"N/A","Borescopes",1993,169,-28,0,0,,"-","-",1,4,"MeterTo","China",1,4,300,"N/A","N/A","N/A","N/A","N/A","N/A","N/A","08/31/2025",92,5,0,0
"https://amazon.com/dp/B0F8PJX87C","https://m.media-amazon.com/images/I/71ZUcz+qF+L._SX450_.jpg","B0F8PJX87C","Vividia CF-6010 360° Joystick Articulating Borescope, 6mm/0.24in Diameter, 3.3ft/1m Flexible IP67 Waterproof Probe, 5"" LCD Monitor","VIVIDIA","FBM","Industrial & Scientific",1585720,"N/A","N/A","N/A","N/A","Borescopes",2009,889.98,"N/A",0,0,-33,"-","-","N/A","N/A","Oasis Scientific Inc.","USA",1,0,"N/A","N/A","N/A","N/A","N/A","N/A","N/A","N/A","07/31/2025",11,9,3,"N/A"
"https://amazon.com/dp/B0CQXVMRW5","https://m.media-amazon.com/images/I/51BQmQbwxjL._SX450_.jpg","B0CQXVMRW5","Two Way Articulating Borescope, 360 Degree Endoscope Inspection Camera, 3.5in Screen, with, Automotive Mechanics Fiber Optic Scope (/ 9.8ft)","CCYLEZ","FBM","Industrial & Scientific",1586347,"N/A","N/A","N/A","N/A","Borescopes",2012,229,-17,0,0,,"-","-","N/A","N/A","Sojare-US","China",1,0,"N/A","Large Standard-Size",12.6,11.81,4.72,3.31,"N/A","N/A","01/31/2026",13,9,2,"N/A"
"https://amazon.com/dp/B0DRQHQ48D","https://m.media-amazon.com/images/I/618b28W74BL._SX450_.jpg","B0DRQHQ48D","BoxWave Screen Protector Compatible With Thinkcar Endoscope ES401 - ClearTouch Crystal (2-Pack), HD Film Skin - Shields From Scratches","BoxWave","FBM","Industrial & Scientific",1588389,"N/A","N/A","N/A","N/A","Borescopes",2010,31.95,-22,1,1,100,44.48,33.67,"N/A","N/A","BoxWave Corporation","USA",1,0,"N/A","N/A","N/A","N/A","N/A","N/A","N/A","N/A","11/30/2025",15,6,7,"N/A"
"https://amazon.com/dp/B0F8PL6FHF","https://m.media-amazon.com/images/I/51t7wpUfTFL._SX450_.jpg","B0F8PL6FHF","Vividia CF-6020 360° Joystick Articulating Borescope, 6mm/0.24in Diameter, 6.6ft/2m Flexible IP67 Waterproof Probe, 5"" LCD Monitor","VIVIDIA","FBM","Industrial & Scientific",1588567,"N/A","N/A","N/A","N/A","Borescopes",2013,1699.98,-17,0,0,-33,"-","-","N/A","N/A","Oasis Scientific Inc.","USA",1,0,"N/A","N/A","N/A","N/A","N/A","N/A","N/A","N/A","07/31/2025",11,9,3,"N/A"
"https://amazon.com/dp/B0F8PJHQHP","https://m.media-amazon.com/images/I/61Yt1XOdpJL._SX450_.jpg","B0F8PJHQHP","Vividia CF-6030 360° Joystick Articulating Borescope, 6mm/0.24in Diameter, 10ft/3m Flexible IP67 Waterproof Probe, 5"" LCD Monitor","VIVIDIA","FBM","Industrial & Scientific",1588736,"N/A","N/A","N/A","N/A","Borescopes",2013,2999.98,-25,0,0,-33,"-","-","N/A","N/A","Oasis Scientific Inc.","USA",1,0,"N/A","N/A","N/A","N/A","N/A","N/A","N/A","N/A","07/31/2025",11,9,3,"N/A"
"https://amazon.com/dp/B0B2S7JKTY","https://m.media-amazon.com/images/I/61pvh1MdTwL._SX450_.jpg","B0B2S7JKTY","Vividia VS-R512 Analog Pipe Inspection Camera Locator Receiver for Underground Sewer Drain Camera with 512hz Sonde Plumbing and Septic Tank Supports All Devices with 512 Hertz Transmitter (Yellow)","VIVIDIA","FBM","Industrial & Scientific",1589614,"N/A","N/A","N/A","N/A","Borescopes",1999,549.98,-26,0,0,-75,"-","-","N/A","N/A","Oasis Scientific Inc.","USA",1,0,"N/A","N/A","N/A","N/A","N/A","N/A","N/A","N/A","08/31/2025",51,7,2,"N/A"
"https://amazon.com/dp/B0B2SBLTLV","https://m.media-amazon.com/images/I/61pvh1MdTwL._SX450_.jpg","B0B2SBLTLV","Vividia VS-R512 Analog Pipe Inspection Camera Locator Receiver for Underground Sewer Drain Camera with 512hz Sonde Plumbing and Septic Tank Supports All Devices with 512 Hertz Transmitter (Black)","VIVIDIA","FBM","Industrial & Scientific",1589614,"N/A","N/A","N/A","N/A","Borescopes",1999,549.98,-4,0,0,-75,"-","-","N/A","N/A","Oasis Scientific Inc.","USA",1,0,"N/A","N/A","N/A","N/A","N/A","N/A","N/A","N/A","08/31/2025",51,7,2,"N/A"
"https://amazon.com/dp/B08J5V581B","https://m.media-amazon.com/images/I/61SggLiQkeL._SX450_.jpg","B08J5V581B","Vividia VA-150 Two-Way Articulating Borescope Videoscope Inspection Camera with 6.0mm Diameter 80cm Long Probe and 2.7"" LCD Monitor 640x480 Resolution for Automotive Aircraft Mechanics and Technicians","VIVIDIA","FBM","Industrial & Scientific",1594855,"N/A","N/A","N/A","N/A","Borescopes",2004,219,"N/A",0,0,,"-","-",26,3.9,"Oasis Scientific Inc.","USA",2,1,-67,"Large Standard-Size",3.11,10.59,13.03,2.38,"N/A","N/A","06/30/2024",67,9,0,0
"https://amazon.com/dp/B0F9Z5B7TJ","https://m.media-amazon.com/images/I/51t7wpUfTFL._SX450_.jpg","B0F9Z5B7TJ","Vividia CF-D4020 360° Joystick Articulating Dual-Camera Borescope, 4mm/0.16in Diameter, 6.6ft/2m Flexible IP67 Waterproof Probe, 5"" LCD Monitor","VIVIDIA","FBM","Industrial & Scientific",1595118,"N/A","N/A","N/A","N/A","Borescopes",2016,4499.98,-27,0,0,,"-","-","N/A","N/A","Oasis Scientific Inc.","USA",1,0,"N/A","N/A","N/A","N/A","N/A","N/A","N/A","N/A","07/31/2025",10,9,3,"N/A"
"https://amazon.com/dp/B0F9Z4FQG1","https://m.media-amazon.com/images/I/61Yt1XOdpJL._SX450_.jpg","B0F9Z4FQG1","Vividia CF-D4030 360° Joystick Articulating Dual-Camera Borescope, 4mm/0.16in Diameter, 10ft/3m Flexible IP67 Waterproof Probe, 5"" LCD Monitor","VIVIDIA","FBM","Industrial & Scientific",1595396,"N/A","N/A","N/A","N/A","Borescopes",2016,5499.98,-11,0,0,,"-","-","N/A","N/A","Oasis Scientific Inc.","USA",1,0,"N/A","N/A","N/A","N/A","N/A","N/A","N/A","N/A","07/31/2025",10,9,3,"N/A"
"https://amazon.com/dp/B0CCPJGN71","https://m.media-amazon.com/images/I/617R1IRkNXL._SX450_.jpg","B0CCPJGN71","Sewer Camera,Endoscope Camera Replacement Accessory 33ft Fiberglass Cable Print Meter Counter,17mm Interface Stiff Wire w/Metal Coil,4.8mm Diameter(33ft/10M）","SYANSPAN","FBM","Industrial & Scientific",1598898,"N/A","N/A","N/A","N/A","Borescopes",2019,391.25,38,2,2,50,900.33,900.23,"N/A","N/A","pipe camera","China",1,0,"N/A","N/A","N/A","N/A","N/A","N/A","N/A","N/A","08/31/2025",32,7,42,"N/A"
"https://amazon.com/dp/B0F3DJ43SQ","https://m.media-amazon.com/images/I/71sKxD3nKhL._SX450_.jpg","B0F3DJ43SQ","2025 Upgraded Two-Way Articulating Borescope, Endoscope Camera with Light, Fexible Snake Inspection Scope, Industrial Inspection Camera 1080 3.4screen (6MM-1M)","RAINPOT","FBM","Industrial & Scientific",1599814,"N/A","N/A","N/A","N/A","Borescopes",2020,125.99,-50,0,0,-133,"-","-","N/A","N/A","RAINPOT","China",1,0,"N/A","N/A","N/A","N/A","N/A","N/A","N/A","N/A","08/31/2025",12,9,5,"N/A"
"https://amazon.com/dp/B0F3DK2Z4P","https://m.media-amazon.com/images/I/71sKxD3nKhL._SX450_.jpg","B0F3DK2Z4P","2025 Upgraded Two-Way Articulating Borescope, Endoscope Camera with Light, Fexible Snake Inspection Scope, Industrial Inspection Camera 1080 3.4screen (8MM-1M + Memory Card)","RAINPOT","FBM","Industrial & Scientific",1600093,"N/A","N/A","N/A","N/A","Borescopes",2020,119.99,5,0,0,-133,"-","-","N/A","N/A","RAINPOT","China",1,0,"N/A","N/A","N/A","N/A","N/A","N/A","N/A","N/A","08/31/2025",12,9,5,"N/A"
"https://amazon.com/dp/B0F3DJ5DNW","https://m.media-amazon.com/images/I/71sKxD3nKhL._SX450_.jpg","B0F3DJ5DNW","2025 Upgraded Two-Way Articulating Borescope, Endoscope Camera with Light, Fexible Snake Inspection Scope, Industrial Inspection Camera 1080 3.4screen (8MM-1M)","RAINPOT","FBM","Industrial & Scientific",1600093,"N/A","N/A","N/A","N/A","Borescopes",2020,115.99,5,0,0,-133,"-","-","N/A","N/A","RAINPOT","China",1,0,"N/A","N/A","N/A","N/A","N/A","N/A","N/A","N/A","08/31/2025",12,9,5,"N/A"
"https://amazon.com/dp/B0F3DJSRSV","https://m.media-amazon.com/images/I/51ltHqPG7BL._SX450_.jpg","B0F3DJSRSV","2025 Upgraded Two-Way Articulating Borescope, Endoscope Camera with Light, Fexible Snake Inspection Scope, Industrial Inspection Camera 1080 3.4screen (8MM-1M Connected Phone(No Screen))","RAINPOT","FBM","Industrial & Scientific",1600093,"N/A","N/A","N/A","N/A","Borescopes",2020,109.99,5,0,0,-133,"-","-","N/A","N/A","RAINPOT","China",1,0,"N/A","N/A","N/A","N/A","N/A","N/A","N/A","N/A","08/31/2025",12,9,5,"N/A"
"https://amazon.com/dp/B0F8QQLD4L","https://m.media-amazon.com/images/I/7147q6tX48L._SX450_.jpg","B0F8QQLD4L","Sewer Camera,Self-Leveling 512Hz Plumbing Snake Camera with 10"" 1080P Monitor,7MM Thicker Cable,Distance Counter,165FT/50M Pipe Inspection Industrial Borescope with Keyboard,DVR Recorder 32GB","SYOWNFS","FBA","Industrial & Scientific",1604786,"N/A","N/A","N/A","N/A","Borescopes",2023,854.05,-23,0,0,,"-","-",1,5,"ENNIO","China",1,0,"N/A","Large bulky",11.7,15,20.5,21.35,1165.94,2914.84,"08/31/2025",11,8,4,0
"https://amazon.com/dp/B0F8QRCNY7","https://m.media-amazon.com/images/I/7147q6tX48L._SX450_.jpg","B0F8QRCNY7","Sewer Camera,Self-Leveling 512Hz Plumbing Snake Camera with 10"" 1080P Monitor,7MM Thicker Cable,Distance Counter,230FT/70M Pipe Inspection Industrial Borescope with Keyboard,DVR Recorder 32GB","SYOWNFS","FBA","Industrial & Scientific",1604960,"N/A","N/A","N/A","N/A","Borescopes",2023,901.59,-44,0,0,,"-","-",2,5,"ENNIO","China",1,0,"N/A","Large bulky",13.5,18.5,22.7,27.1,1837.28,4593.2,"08/31/2025",11,8,4,0
"https://amazon.com/dp/B00J7PE7R6","https://m.media-amazon.com/images/I/81-T-UgnR2L._SX450_.jpg","B00J7PE7R6","Vividia Handheld Digital Borescope Microscope for iPhone/iPad/Android/PC with Professional Multi-Functional Metal Stand","VIVIDIA","FBM","Industrial & Scientific",1607985,759119543648,"N/A",0759119543648,"N/A","Borescopes",2017,129.97,-27,0,0,,"-","-",0,"N/A","Oasis Scientific Inc.","USA",1,1,-83,"N/A","N/A","N/A","N/A","N/A","N/A","N/A","10/31/2024",128,9,0,"N/A"
"https://amazon.com/dp/B07CKZCJYK","https://m.media-amazon.com/images/I/41wM7rlCDmL._SX450_.jpg","B07CKZCJYK","PCE Instruments PCE-VE 200SV1 Industrial Borescope for Visual inspections, Features 1 m / 3.3 ft Probe, 3.5"" Display, Plus LED Lighting, Image Capture, and Waterproof Camera Head","PCE Instruments","FBM","Industrial & Scientific",1609281,"N/A","N/A",4250348717764,"N/A","Borescopes",2034,590.8,-5,0,0,,"-","-","N/A","N/A","Tequipment","USA",3,0,"N/A","Large Standard-Size",14.17,9.45,6.69,4.41,"N/A","N/A","11/30/2025",56,2,0,"N/A"
"https://amazon.com/dp/B0DLLMJM11","https://m.media-amazon.com/images/I/61qiXNABKAL._SX450_.jpg","B0DLLMJM11","Borescope Camera, 360° Rotatable IP67 Water Snake Camera 6 Adjustable LED Lights for Phone (Black 2m / 6.6ft Hardwire)","Yunseity","FBM","Industrial & Scientific",1611941,"N/A","N/A","N/A","N/A","Borescopes",2034,12.42,"N/A",4,4,,56.7,56.65,"N/A","N/A","Zhiyavex-US","China",1,0,"N/A","Large Standard-Size",5.12,5.12,1.57,0.24,"N/A","N/A","03/31/2026",17,9,3,"N/A"
"https://amazon.com/dp/B0C7RSDHGK","https://m.media-amazon.com/images/I/719uSOS-qqL._SX450_.jpg","B0C7RSDHGK","Vividia DA-60 LCD/WiFi Flexible Joystick Articulating Inspection Camera Borescope Videoscope with 6mm (0.24"") Diameter Waterproof IP67 Probe (10m / 32.8ft Long Probe)","VIVIDIA","FBM","Industrial & Scientific",1612295,"N/A","N/A","N/A","N/A","Borescopes",2033,5999.98,-5,0,0,-50,"-","-","N/A","N/A","Oasis Scientific Inc.","USA",1,18,260,"N/A","N/A","N/A","N/A","N/A","N/A","N/A","10/31/2025",51,9,6,"N/A"
"https://amazon.com/dp/B0C7RSDHGL","https://m.media-amazon.com/images/I/719uSOS-qqL._SX450_.jpg","B0C7RSDHGL","Vividia DA-60 LCD/WiFi Flexible Joystick Articulating Inspection Camera Borescope Videoscope with 6mm (0.24"") Diameter Waterproof IP67 Probe (3m / 9.8ft Long Probe)","VIVIDIA","FBM","Industrial & Scientific",1612402,"N/A","N/A","N/A","N/A","Borescopes",2033,1999.98,13,0,0,-50,"-","-","N/A","N/A","Oasis Scientific Inc.","USA",1,18,260,"N/A","N/A","N/A","N/A","N/A","N/A","N/A","10/31/2025",51,9,6,"N/A"
"https://amazon.com/dp/B0C7RQXN8J","https://m.media-amazon.com/images/I/719uSOS-qqL._SX450_.jpg","B0C7RQXN8J","Vividia DA-60 LCD/WiFi Flexible Joystick Articulating Inspection Camera Borescope Videoscope with 6mm (0.24"") Diameter Waterproof IP67 Probe (2m / 6.6ft Long Probe)","VIVIDIA","FBM","Industrial & Scientific",1612402,"N/A","N/A","N/A","N/A","Borescopes",2033,1499.98,13,0,0,-50,"-","-","N/A","N/A","Oasis Scientific Inc.","USA",1,18,260,"N/A","N/A","N/A","N/A","N/A","N/A","N/A","10/31/2025",51,9,6,"N/A"
"https://amazon.com/dp/B0C7S2KB2R","https://m.media-amazon.com/images/I/719uSOS-qqL._SX450_.jpg","B0C7S2KB2R","Vividia DA-60 LCD/WiFi Flexible Joystick Articulating Inspection Camera Borescope Videoscope with 6mm (0.24"") Diameter Waterproof IP67 Probe (6m / 19.7ft Long Probe)","VIVIDIA","FBM","Industrial & Scientific",1612402,"N/A","N/A","N/A","N/A","Borescopes",2033,3999.98,13,0,0,-50,"-","-","N/A","N/A","Oasis Scientific Inc.","USA",1,18,260,"N/A","N/A","N/A","N/A","N/A","N/A","N/A","10/31/2025",51,9,6,"N/A"
"https://amazon.com/dp/B008DYJWRC","https://m.media-amazon.com/images/I/51aElbbI5CL._SX450_.jpg","B008DYJWRC","Klein Tools ET510 Borescope","KLEIN TOOLS","FBM","Industrial & Scientific",1613511,092644695018,00092644695018,0092644695018,"N/A","Borescopes",2017,193.25,-1,0,0,,"-","-",17,4.1,"Voomi Supply","USA",1,0,"N/A","Large Standard-Size",7.5,10.7,2.7,1.7,"N/A","N/A","-",165,6,0,0
"https://amazon.com/dp/B0BXSTW54F","https://m.media-amazon.com/images/I/71C9UkiufBL._SX450_.jpg","B0BXSTW54F","Sewer Camera, 200FT, 9"" Screen, Pipeline Inspection Camera with DVR Function & 8 GB SD Card, Video Pipe Inspection Equipment IP68 Camera with 12 LED Lights, Sewer Drain Camera for Plumber, Homeowners","Futchoy","FBM","Industrial & Scientific",1613691,"N/A","N/A","N/A","N/A","Borescopes",2020,512.16,1,0,0,-133,"-","-","N/A","N/A","NWKKDZ","China",1,5,400,"Large bulky",20.2,16.5,10.6,17.6,"N/A","N/A","05/31/2025",37,7,0,"N/A"
"https://amazon.com/dp/B0CN46N7H9","https://m.media-amazon.com/images/I/51D90BcuxLL._SX450_.jpg","B0CN46N7H9","BENBOR Hard-to-reach Places Inspection Tool Endoscope Camera with 6 Led Lights Ip67 Waterproof Borescope for Android Soft 7mm 1M","BENBOR","-","Industrial & Scientific",1617331,"N/A","N/A",7386545421443,"N/A","Borescopes",2025,14.92,-45,0,0,-100,"-","-","N/A","N/A",,"N/A",1,9,-44,"N/A","N/A","N/A","N/A","N/A","N/A","N/A","06/30/2024",29,5,9,"N/A"
"https://amazon.com/dp/B0C7S63RNJ","https://m.media-amazon.com/images/I/719uSOS-qqL._SX450_.jpg","B0C7S63RNJ","Vividia DA-60 LCD/WiFi Flexible Joystick Articulating Inspection Camera Borescope Videoscope with 6mm (0.24"") Diameter Waterproof IP67 Probe (15m / 49.2ft Long Probe)","VIVIDIA","FBM","Industrial & Scientific",1620516,"N/A","N/A","N/A","N/A","Borescopes",2031,7999.98,-7,0,0,-50,"-","-","N/A","N/A","Oasis Scientific Inc.","USA",1,18,260,"N/A","N/A","N/A","N/A","N/A","N/A","N/A","10/31/2025",51,9,6,"N/A"
"https://amazon.com/dp/B071NF8FZC","https://m.media-amazon.com/images/I/615+Sjqbo4S._SX450_.jpg","B071NF8FZC","3-in-1 USB Endoscope Waterproof Semi-Rigid SnakeCable, Borescopes 5.5mm Inspection Camera IP67 Waterproof Snake Camera with 6 Adjustable LED Lights for Type-C & Android & PC, (5M/16ft)","Broaden your eyes","FBM","Industrial & Scientific",1620777,608307334950,"N/A",0608307334950,"N/A","Borescopes",2024,15.99,-8,0,0,,"-","-",29,3.5,"EnjoyLife711","China",1,1,-67,"Large Standard-Size",4.72,4.72,1.38,0.33,"N/A","N/A","10/31/2024",108,8,0,0
"https://amazon.com/dp/B0C7RZ837B","https://m.media-amazon.com/images/I/719uSOS-qqL._SX450_.jpg","B0C7RZ837B","Vividia DA-60 LCD/WiFi Flexible Joystick Articulating Inspection Camera Borescope Videoscope with 6mm (0.24"") Diameter Waterproof IP67 Probe (1m / 3.3ft Long Probe)","VIVIDIA","FBM","Industrial & Scientific",1622377,"N/A","N/A","N/A","N/A","Borescopes",2031,999.98,1,0,0,-50,"-","-","N/A","N/A","Oasis Scientific Inc.","USA",1,18,260,"N/A","N/A","N/A","N/A","N/A","N/A","N/A","10/31/2025",51,9,6,"N/A"
"https://amazon.com/dp/B0CQV75QMJ","https://m.media-amazon.com/images/I/61mffs2n9IL._SX450_.jpg","B0CQV75QMJ","Unifizz Waterproof Snake Camera with Light 1920P HD Borescope with 8 Adjustable LED Lights Endoscope with 16.4ft Semi-Rigid 7.9mm IP67 Inspection Camera for iOS","Unifizz","FBM","Industrial & Scientific",1624756,"N/A","N/A","N/A","N/A","Borescopes",2038,33.97,-17,0,0,,"-","-","N/A","N/A","SmartHouzzz Direct","China",1,0,"N/A","N/A","N/A","N/A","N/A","N/A","N/A","N/A","07/31/2025",27,5,0,"N/A"
"https://amazon.com/dp/B0D869D25D","https://m.media-amazon.com/images/I/61ChrgBKeRL._SX450_.jpg","B0D869D25D","5.0'' IPS Screen Waterproof Industrial Endoscope 8mm Single Lens 10 Meters Lenght Hard Cable HD1080P Sewer Car Piping Inspection Camera Borescope Take Photos Videos","Caruner","FBM","Industrial & Scientific",1641994,"N/A","N/A",8884283712841,"N/A","Borescopes",2049,69.99,-37,0,0,33,"-","-","N/A","N/A","Caruner","China",1,0,"N/A","N/A","N/A","N/A","N/A","N/A","N/A","N/A","06/30/2025",21,9,6,"N/A"
"https://amazon.com/dp/B082SLRHSQ","https://m.media-amazon.com/images/I/51S6GjEGh5L._SX450_.jpg","B082SLRHSQ","Kircuit USB Data PC/Charger Cable Cord for Klein Tools ET510 Borescope Inspection Camera","Kircuit","FBM","Industrial & Scientific",1649295,"N/A","N/A",5292350691853,"N/A","Borescopes",2040,12.89,-24,0,0,,"-","-",1,5,"EPtech","USA",1,0,"N/A","N/A","N/A","N/A","N/A","N/A","N/A","N/A","08/31/2024",76,1,0,0
"https://amazon.com/dp/B083J16ZMZ","https://m.media-amazon.com/images/I/41eLrcdMyJL._SX450_.jpg","B083J16ZMZ","Cal Van Tools 84 WiFi Borescope","Unknown","FBM","Industrial & Scientific",1649321,"N/A","N/A",6012010688608,"N/A","Borescopes",2041,139.99,"N/A",0,0,,"-","-","N/A","N/A","eToolDirect","USA",1,0,"N/A","N/A","N/A","N/A","N/A","N/A","N/A","N/A","06/30/2024",75,1,0,"N/A"
"https://amazon.com/dp/B0F9FX87GM","https://m.media-amazon.com/images/I/51ssMQeUeVL._SX450_.jpg","B0F9FX87GM","Vividia CF-2812 360° Small Diameter Joystick Articulating Borescope, 2.8mm/0.11in Diameter, 3.9ft/1.2m Flexible IP67 Waterproof Probe, 5"" LCD Monitor","VIVIDIA","FBM","Industrial & Scientific",1659482,"N/A","N/A","N/A","N/A","Borescopes",2060,3999.98,-7,0,0,-125,"-","-","N/A","N/A","Oasis Scientific Inc.","USA",1,0,"N/A","N/A","N/A","N/A","N/A","N/A","N/A","N/A","05/31/2025",10,9,2,"N/A"
"https://amazon.com/dp/B0DQKFQ26Q","https://m.media-amazon.com/images/I/61-EMmuZHsL._SX450_.jpg","B0DQKFQ26Q","Sewer Drain Inspection Camera IP68 Endoscope with 12 LED Lights for Pipeline Inspection, Sewer Pipe Inspection Probe with 360-Degree Rotation for Water Pipe Maintenance","Yosoo","FBM","Industrial & Scientific",1659654,"N/A","N/A","N/A","N/A","Borescopes",2061,141.3,-14,0,0,-120,"-","-",1,5,"zjchao","China",1,0,"N/A","Large Standard-Size",6.69,3.94,2.36,0.4,"N/A","N/A","12/31/2025",16,9,0,0.08
"https://amazon.com/dp/B0FCMZ9NPF","https://m.media-amazon.com/images/I/71ekssTkcBL._SX450_.jpg","B0FCMZ9NPF","Vividia CF-2830 360° Small Diameter Joystick Articulating Borescope, 2.8mm/0.11in Diameter, 10ft/3m Flexible IP67 Waterproof Probe, 5"" LCD Monitor","VIVIDIA","FBM","Industrial & Scientific",1659811,"N/A","N/A","N/A","N/A","Borescopes",2060,4999.98,-34,0,0,-125,"-","-","N/A","N/A","Oasis Scientific Inc.","USA",1,0,"N/A","N/A","N/A","N/A","N/A","N/A","N/A","N/A","05/31/2025",10,9,2,"N/A"
"https://amazon.com/dp/B0DNFC37SG","https://m.media-amazon.com/images/I/61bzI9fXUhL._SX450_.jpg","B0DNFC37SG","Endoscope for Automotive Inspection, Portable Borescope with Display Screen, Visual Ear Spoon, for Automotive Inspection, Pipe Inspection","YWBL-WH","FBM","Industrial & Scientific",1663577,"N/A","N/A","N/A","N/A","Borescopes",2064,21.38,-23,0,0,,"-","-","N/A","N/A","Partgry-T","China",1,0,"N/A","Large Standard-Size",7.09,3.15,1.18,0.17,"N/A","N/A","05/31/2025",16,9,0,"N/A"
"https://amazon.com/dp/B099GBS29J","https://m.media-amazon.com/images/I/71ggJD3X6uS._SX450_.jpg","B099GBS29J","Vividia VS-11430 All-in-One Pipe Sewer Drain Tube Video Inspection Camera with 7"" Portable Screen 98ft (30m) Push-Rod Cable and 14mm Waterproof Camera and Built-in 512Hz Sonde & Meter/Foot Counter","VIVIDIA","FBM","Industrial & Scientific",1667804,"N/A","N/A","N/A","N/A","Borescopes",2055,1399,-14,0,0,,"-","-","N/A","N/A","Oasis Scientific Inc.","USA",1,2,"N/A","N/A","N/A","N/A","N/A","N/A","N/A","N/A","06/30/2025",62,9,0,"N/A"
"https://amazon.com/dp/B07NS1N7TF","https://m.media-amazon.com/images/I/61o2M9K4raS._SX450_.jpg","B07NS1N7TF","Inspection Camera 20-Meter 5.5mm 3 in 1 USB/Micro USB/Type-C Endoscope with 720P Camera for Pipe Car Inspection","FTVOGUE","FBA","Industrial & Scientific",1670835,783335498857,"N/A",0783335498857,"N/A","Borescopes",2057,53.54,-38,0,0,,"-","-",12,3.7,"Astyer-X","China",1,2,-33,"Large Standard-Size",2.83,5.98,6.1,1.21,52.12,143.77,"05/31/2024",86,9,0,0
"https://amazon.com/dp/B0D2HSC46K","https://m.media-amazon.com/images/I/51JUshqWt9L._SX450_.jpg","B0D2HSC46K","QIUFANGM Sewer Camera Industrial Endoscope HD Micro Inspection Camera, Engine Cylinder Endoscope, Pipeline Camera (Size : 1m)","QIUFANGM","FBM","Industrial & Scientific",1679375,"N/A","N/A",8596386875773,"N/A","Borescopes",2069,102.56,5,0,0,,"-","-","N/A","N/A","我是浩哥","China",2,0,"N/A","Small Standard-Size",1.18,0.79,0.39,0.11,"N/A","N/A","-",23,7,3,"N/A"
"https://amazon.com/dp/B0CCVV1S1F","https://m.media-amazon.com/images/I/41nHUrTYEHL._SX450_.jpg","B0CCVV1S1F","1PCS NEW FOR Endoscope White Balance Cap MH-155","zatagen","FBM","Industrial & Scientific",1684496,"N/A","N/A","N/A","N/A","Borescopes",2068,75.9,"N/A",0,0,,"-","-","N/A","N/A","taijun--mall","China",1,0,"N/A","N/A","N/A","N/A","N/A","N/A","N/A","N/A","-",32,2,0,"N/A"
"https://amazon.com/dp/B07RJNLX96","https://m.media-amazon.com/images/I/71JUpVrpihL._SX450_.jpg","B07RJNLX96","Pipe Inspection Camera 165FT, Anysun Drain Sewer Industrial Endoscope 12 PCS LED Waterproof IP68 Snake Video System with 7 Inch LCD Monitor 1000TVL Camera with DVR Record(Include 8G SD Card)","anysun","FBM","Industrial & Scientific",1691094,"N/A","N/A","N/A","N/A","Borescopes",2069,559.99,-23,0,0,-125,"-","-",52,3.9,"ToBestGift","China",1,2,-75,"Large bulky",8.25,17,19,18.05,"N/A","N/A","06/30/2024",84,8,0,0
"https://amazon.com/dp/B0CGQ8CNG9","https://m.media-amazon.com/images/I/61YwzZ9ZCIL._SX450_.jpg","B0CGQ8CNG9","Endoscope Camera, Length of 20m Cable, with Camera and Recording Function, Suitable for Inspection of Pipeline Sewers,Etc.","Cuifati","FBM","Industrial & Scientific",1695947,"N/A","N/A","N/A","N/A","Borescopes",2078,38.24,-31,0,0,,"-","-",1,5,"Cuifati3","China",1,2,-33,"Large Standard-Size",5.91,5.91,2.76,1.23,"N/A","N/A","10/31/2025",31,9,0,0
"https://amazon.com/dp/B0D9JZYBZC","https://m.media-amazon.com/images/I/61-Boh-bcUL._SX450_.jpg","B0D9JZYBZC","Borescope,Endoscope Camera with Light, Waterproof Snake Camera Inspection Camera with Adjustable LED Light","MEIBAOGE","FBM","Industrial & Scientific",1702138,"N/A","N/A",7645120370843,"N/A","Borescopes",2083,8.36,-52,0,0,33,"-","-","N/A","N/A","fsqqmMY","China",1,13,"N/A","N/A","N/A","N/A","N/A","N/A","N/A","N/A","12/31/2024",21,8,3,"N/A"
"https://amazon.com/dp/B0F3JS4FBH","https://m.media-amazon.com/images/I/61OySQXt59L._SX450_.jpg","B0F3JS4FBH","UT663B Industrial Borescope Automotive Pipeline Inspection Inspection,with 8 Adjustable LED Lights | 5.0"" LCD Screen | 360° Rotatable HD 1080P Snake Camera, 8mm Probe Diameter IP67 (UT663B)","UNI-T","FBM","Industrial & Scientific",1703674,"N/A","N/A",6935750566329,"N/A","Borescopes",2084,199.99,-41,0,0,,"-","-","N/A","N/A","J&Y Instrumentation Tools Store","China",1,0,"N/A","N/A","N/A","N/A","N/A","N/A","N/A","N/A","11/30/2025",12,5,3,"N/A"
"https://amazon.com/dp/B0F5JRTBHD","https://m.media-amazon.com/images/I/61m94JDhC-L._SX450_.jpg","B0F5JRTBHD","Replacement Probe for Vividia NP-0 Series Small Diameter Flexible Non-Articulaiton Video Borescopes (1.8mm Diameter)","VIVIDIA","FBM","Industrial & Scientific",1712204,"N/A","N/A","N/A","N/A","Borescopes",2085,3999,-12,0,0,,"-","-","N/A","N/A","Oasis Scientific Inc.","USA",1,0,"N/A","N/A","N/A","N/A","N/A","N/A","N/A","N/A","11/30/2025",11,2,5,"N/A"
"https://amazon.com/dp/B0F5KF4XWC","https://m.media-amazon.com/images/I/6172ta8xzAL._SX450_.jpg","B0F5KF4XWC","Replacement Probe for Vividia NP-0 Series Small Diameter Flexible Non-Articulaiton Video Borescopes (0.95mm Diameter)","VIVIDIA","FBM","Industrial & Scientific",1713655,"N/A","N/A","N/A","N/A","Borescopes",2090,4450,17,0,0,,"-","-","N/A","N/A","Oasis Scientific Inc.","USA",1,0,"N/A","N/A","N/A","N/A","N/A","N/A","N/A","N/A","11/30/2025",11,2,5,"N/A"
"https://amazon.com/dp/B0F5JSRL77","https://m.media-amazon.com/images/I/61m94JDhC-L._SX450_.jpg","B0F5JSRL77","Replacement Probe for Vividia NP-0 Series Small Diameter Flexible Non-Articulaiton Video Borescopes (1.4mm Diameter)","VIVIDIA","FBM","Industrial & Scientific",1714989,"N/A","N/A","N/A","N/A","Borescopes",2090,4200,-18,0,0,,"-","-","N/A","N/A","Oasis Scientific Inc.","USA",1,0,"N/A","N/A","N/A","N/A","N/A","N/A","N/A","N/A","11/30/2025",11,2,5,"N/A"
"https://amazon.com/dp/B0F4C47P3X","https://m.media-amazon.com/images/I/71QV+vBqWRL._SX450_.jpg","B0F4C47P3X","Vividia NP-0-09510 Flexible Non-Articulation 0.95mm Diameter 1 Meter Long Borescope Videoscope Inspection Camera with 5"" LCD Monitor","VIVIDIA","FBM","Industrial & Scientific",1726090,"N/A","N/A","N/A","N/A","Borescopes",2100,7999,-20,0,0,,"-","-","N/A","N/A","Oasis Scientific Inc.","USA",1,0,"N/A","N/A","N/A","N/A","N/A","N/A","N/A","N/A","04/30/2025",12,9,0,"N/A"
"https://amazon.com/dp/B0DQXMM4S4","https://m.media-amazon.com/images/I/71jJDYMVeQL._SX450_.jpg","B0DQXMM4S4","Happybuy Sewer Camera, 164 ft/50 m, 4.3"" Pipe Drain Inspection Camera with DVR & LED Lights, Waterproof IP68 Borescope, Industrial Endoscope for Plumbing, Ducts, and Wall Inspection","Happybuy","FBM","Industrial & Scientific",1736000,"N/A","N/A","N/A","N/A","Borescopes",2102,405.99,-15,0,0,-100,"-","-","N/A","N/A","Happibuy","China",1,0,"N/A","N/A","N/A","N/A","N/A","N/A","N/A","N/A","03/31/2025",15,9,0,"N/A"
"https://amazon.com/dp/B09VCKQXFL","https://m.media-amazon.com/images/I/61JbyKZxw8L._SX450_.jpg","B09VCKQXFL","Hilitand Sewer Camera Receiver, 16.5ft Pipe Inspection Camera with 512Hz Receiver, Plumbing Drain Camera Snake, Pipe Locators Underground Pipeline Inspection Tool(#3)","Hilitand","FBM","Industrial & Scientific",1736343,"N/A","N/A","N/A","N/A","Borescopes",2095,208.41,-25,0,0,,"-","-",1,5,"Serounder-m","China",1,0,"N/A","Large bulky",2.64,4.29,21.81,1.52,"N/A","N/A","-",49,9,0,0
"https://amazon.com/dp/B0D563SDF1","https://m.media-amazon.com/images/I/71+B-Ufxg0L._SX450_.jpg","B0D563SDF1","Sewer Camera with Locator 300FT Self Leveling,9IN 16GB Video Screen 12 Adjustable LEDs,JQKJCAM HD Pipe Sewer Inspection Camera with Light and 7MM Firm Meter Couter Cable for Plumers(100M)","JQKJCAM","FBM","Industrial & Scientific",1737778,"N/A","N/A","N/A","N/A","Borescopes",2106,1208,9,0,0,,"-","-","N/A","N/A","JJKJ Cam","China",1,0,"N/A","N/A",23.23,18.11,13.78,"N/A","N/A","N/A","-",22,8,0,"N/A"
"https://amazon.com/dp/B07XJBM9YZ","https://m.media-amazon.com/images/I/613U85mcUwL._SX450_.jpg","B07XJBM9YZ","ESC Medicams Endoscopy Camera Full HD Rigid Endoscope 1080p ENT w/Coupler Adapter 2.4MP 60Fps Inbuilt USB Recorder (101.000)","ESC Medicams","-","Industrial & Scientific",1750402,"N/A","N/A","N/A","N/A","Borescopes",2101,2499,"N/A",0,0,,"-","-",3,3.6,,"N/A",1,1,"N/A","Large bulky",10,11,13,8.05,"N/A","N/A","03/31/2025",79,6,0,0
"https://amazon.com/dp/B0DTV353JX","https://m.media-amazon.com/images/I/61GpF8KMRoL._SX450_.jpg","B0DTV353JX","7.9mm Car Endoscope Dual Lens with 4.5in Screen IP67 USB Charging 5 Meters Line Industrial Endoscope Camera, 9mm bore Scope, Boroscope Camera, Inspection Camera","aqxreight","FBM","Industrial & Scientific",1757283,"N/A","N/A","N/A","N/A","Borescopes",2117,66.07,-9,0,0,,"-","-","N/A","N/A","Suuonee","China",1,0,"N/A","Large Standard-Size",8.66,5.91,2.76,1.26,"N/A","N/A","02/28/2025",13,9,0,"N/A"
"https://amazon.com/dp/B005AMZ6K2","https://m.media-amazon.com/images/I/61q0rS0wA0L._SX450_.jpg","B005AMZ6K2","Triplett CobraCam 5.5mm Waterproof & Flexible Camera Wand, 3 ft - Works with Triplett Inspection Cameras 8125, 8120, 8115 (CC2-CAM3FM)","Triplett","Amazon","Industrial & Scientific",1761368,614395030810,00614395030810,0614395030810,"N/A","Borescopes",2107,43.55,-21,0,0,-144,"-","-",3,1,"Amazon","N/A",1,25,257,"Large Standard-Size",8.9,7.7,2.2,0.4,"N/A","N/A","11/30/2025",177,1,7,0
"https://amazon.com/dp/B0BTD2SFYV","https://m.media-amazon.com/images/I/612XYUCTHxL._SX450_.jpg","B0BTD2SFYV","Articulating Video Borescope, 5-inch IPS Articulating Endoscope Inspection Camera Two-Way 210° Steering Lens Waterproof Automotive Mechanic Fiber Optic Scope LED Light Control Multilingual","QPKING","FBM","Industrial & Scientific",1762650,"N/A","N/A","N/A","N/A","Borescopes",2107,137,-40,0,0,,"-","-","N/A","N/A","QPKING","China",1,2,100,"N/A","N/A","N/A","N/A","N/A","N/A","N/A","02/28/2025",38,9,0,"N/A"
"https://amazon.com/dp/B08T8J8H8C","https://m.media-amazon.com/images/I/419-S98CEVL._SX450_.jpg","B08T8J8H8C","P30 Orange Hand-held Endoscopes Industrial 4.3inch High-Definition 1080P Display Screen Borescope with 8 LEDs - 1M","StarNY","FBM","Industrial & Scientific",1765750,765083462939,"N/A",0765083462939,"N/A","Borescopes",2127,87,17,0,0,,"-","-","N/A","N/A","ZOFABAY","China",1,0,"N/A","N/A","N/A","N/A","N/A","N/A","N/A","N/A","-",63,9,0,"N/A"
"https://amazon.com/dp/B0CL4FCXDW","https://m.media-amazon.com/images/I/61H152pOuhL._SX450_.jpg","B0CL4FCXDW","Sunydog 90mm Guide Wheels Protective Cover for 23mm Pipe Sewer Pipeline Inspection Camera","Sunydog","FBM","Industrial & Scientific",1766513,"N/A","N/A","N/A","N/A","Borescopes",2116,21.29,-5,0,0,,"-","-","N/A","N/A","KIMYILAND","China",1,1,"N/A","Large Standard-Size",2.5,4,6.7,0.3,"N/A","N/A","06/30/2024",30,7,0,"N/A"
"https://amazon.com/dp/B0CB1B8CMZ","https://m.media-amazon.com/images/I/610Ej61cR+L._SX450_.jpg","B0CB1B8CMZ","ACONEE Sewer Camera with 512Hz Locator, 165 ft Snake Camera with 9 Inch Touch HD Screen, DVR and Adjustable LEDs, Self Leveling, 16 GB SD Card, Waterproof IP68, for Sewer and Drainage Pipe","ACONEE","Amazon","Industrial & Scientific",1780616,196336072399,"N/A",0196336072399,"N/A","Borescopes",2127,1799.99,-23,1,1,,2247.38,2247.32,1,2,"Amazon","N/A",1,2,"N/A","Large bulky",9.8,16.55,20,16.85,"N/A","N/A","02/28/2025",33,7,0,1.23
"https://amazon.com/dp/B09814QKSF","https://m.media-amazon.com/images/I/71t77x4EusS._SX450_.jpg","B09814QKSF","Handheld Borescope 1080P HD Digital Industrial Endoscope with 4.3 Inch Detachable Screen & 8mm Dual Lens Snake Camera, 32 GB TF Card, Inspection Tools for Automotive Sewer HVAC Pipe ( Color : 1M )","BaiTTang","FBM","Industrial & Scientific",1786439,"N/A","N/A",8134798147585,"N/A","Borescopes",2137,98,-27,0,0,-133,"-","-","N/A","N/A","baitang","China",1,3,"N/A","N/A","N/A","N/A","N/A","N/A","N/A","N/A","02/28/2025",57,8,3,"N/A"
"https://amazon.com/dp/B0DSL962KG","https://m.media-amazon.com/images/I/51vKDFGTpYL._SX450_.jpg","B0DSL962KG","FeiYeup Endoscope Camera with Light, Borescope with Adjustable LED Light,Endoscope Camera,Waterproof Inspection Cameras","FeiYeup","FBM","Industrial & Scientific",1788272,"N/A","N/A",7665810155086,"N/A","Borescopes",2139,10.49,-16,0,0,,"-","-","N/A","N/A","feiqishuo","China",2,0,"N/A","N/A","N/A","N/A","N/A","N/A","N/A","N/A","04/30/2025",15,8,0,"N/A"
"https://amazon.com/dp/B073ZHFCFL","https://m.media-amazon.com/images/I/61r+UIt9vTL._SX450_.jpg","B073ZHFCFL","Vividia VQ-3910 Handheld 3.9mm (0.15"") Diameter 2.4"" LCD Screen Borescope Inspection Camera","VIVIDIA","FBM","Industrial & Scientific",1792144,"N/A","N/A","N/A","N/A","Borescopes",2127,159.98,-14,0,0,,"-","-",4,4,"Oasis Scientific Inc.","USA",2,1,-50,"Large Standard-Size",2.2,8.62,12.8,0.9,"N/A","N/A","10/31/2025",105,9,0,0
"https://amazon.com/dp/B09814ZGZY","https://m.media-amazon.com/images/I/71t77x4EusS._SX450_.jpg","B09814ZGZY","Handheld Borescope 1080P HD Digital Industrial Endoscope with 4.3 Inch Detachable Screen & 8mm Dual Lens Snake Camera, 32 GB TF Card, Inspection Tools for Automotive Sewer HVAC Pipe ( Color : 10M )","BaiTTang","FBM","Industrial & Scientific",1793258,"N/A","N/A",8134798147608,"N/A","Borescopes",2130,106,-31,1,0,-133,127.34,"-","N/A","N/A","baitang","China",1,3,"N/A","N/A","N/A","N/A","N/A","N/A","N/A","N/A","02/28/2025",57,8,3,"N/A"
"https://amazon.com/dp/B09813JSW5","https://m.media-amazon.com/images/I/71t77x4EusS._SX450_.jpg","B09813JSW5","Handheld Borescope 1080P HD Digital Industrial Endoscope with 4.3 Inch Detachable Screen & 8mm Dual Lens Snake Camera, 32 GB TF Card, Inspection Tools for Automotive Sewer HVAC Pipe ( Color : 5M )","BaiTTang","FBM","Industrial & Scientific",1794956,"N/A","N/A",8134798147592,"N/A","Borescopes",2132,99,-31,1,0,-133,127.34,"-","N/A","N/A","baitang","China",1,3,"N/A","N/A","N/A","N/A","N/A","N/A","N/A","N/A","02/28/2025",57,8,3,"N/A"
"https://amazon.com/dp/B0B1S5W6PD","https://m.media-amazon.com/images/I/71m5BStaRGL._SX450_.jpg","B0B1S5W6PD","Vividia BD-4-6015 & BD-4-6030 LCD 4-Way Articulation Dual-Camera Borescope with 6mm (0.24"") Diameter Flexible Probe and","VIVIDIA","FBM","Industrial & Scientific",1797770,"N/A","N/A","N/A","N/A","Borescopes",2130,3999.98,"N/A",0,0,,"-","-","N/A","N/A","Oasis Scientific Inc.","USA",0,3,"N/A","N/A","N/A","N/A","N/A","N/A","N/A","N/A","12/31/2024",62,9,2,"N/A"
"https://amazon.com/dp/B0D7MFCXK3","https://m.media-amazon.com/images/I/7131iPXHGRL._SX450_.jpg","B0D7MFCXK3","Sewer Camera 512Hz Self-Leveling 9MM Cable Plumbing Snake Camera with 24pc Adjustable LEDs,Distance Counter,10.1” 1080P Screen Sewer Inspection Borescope with DVR/Audio Recording 330ft/100M","SYOWNFS","FBA","Industrial & Scientific",1799444,"N/A","N/A","N/A","N/A","Borescopes",2150,4999.99,-7,0,0,-133,"-","-","N/A","N/A","ENNIO","China",2,5,"N/A","Extra-large 70+ to 150 lb",28.75,27.16,15.35,66.13,3884.37,9710.92,"02/28/2025",21,8,4,"N/A"
"https://amazon.com/dp/B0D7MD7YYK","https://m.media-amazon.com/images/I/7131iPXHGRL._SX450_.jpg","B0D7MD7YYK","SYOWNFS Sewer Camera with 512Hz Transmitter, 0.36in/9MM Cable, Self-Leveling Pipe Camera with 24pcs Adjustable LEDs, Distance Counter, 10.1' 1080P Screen, Waterproof, Red, USB, 165ft/50M","SYOWNFS","FBA","Industrial & Scientific",1799964,"N/A","N/A","N/A","N/A","Borescopes",2149,3999.99,"N/A",0,0,-133,"-","-","N/A","N/A","ENNIO","China",1,5,"N/A","Extra-large 70+ to 150 lb",28.75,27.16,15.35,55.11,3884.37,9710.92,"02/28/2025",21,8,4,"N/A"
"https://amazon.com/dp/B08RDWB32N","https://m.media-amazon.com/images/I/61jC5w2Lw2L._SX450_.jpg","B08RDWB32N","Vividia VA-4-3915 Four-Way Articulating 3.9mm Diameter 1.5 Meter Long Videoscope Borescope Inspection Camera for PT6 Aircraft Engine Inspection Pratt & Whitney","VIVIDIA","FBM","Industrial & Scientific",1803377,759119544898,"N/A",0759119544898,"N/A","Borescopes",2140,3999,-26,0,0,,"-","-","N/A","N/A","Oasis Scientific Inc.","USA",1,0,"N/A","Large bulky",10,10,10,5,"N/A","N/A","01/31/2025",66,9,0,"N/A"
"https://amazon.com/dp/B08WJ33PDK","https://m.media-amazon.com/images/I/41g9AS0jfbL._SX450_.jpg","B08WJ33PDK","Vividia VS-749plus All-in-One Pipe Sewer Drain Tube Video Inspection Camera with 7"" Portable Screen 131ft (40m) Push-Rod Cable and 23mm Waterproof Camera with Self-Leveling and Built-in 512Hz Sonde","VIVIDIA","FBM","Industrial & Scientific",1806715,"N/A","N/A","N/A","N/A","Borescopes",2140,2499,-16,0,0,-143,"-","-",1,5,"Oasis Scientific Inc.","USA",1,2,-33,"N/A","N/A","N/A","N/A","N/A","N/A","N/A","01/31/2025",62,9,0,0
"https://amazon.com/dp/B07W73MJYP","https://m.media-amazon.com/images/I/51841lJrADL._SX450_.jpg","B07W73MJYP","Endoscope Camera 5.5mm Lens, 3-in-1 Borescope with 6 LED Lights & 5M IP67 Waterproof Cable for Pipe, Automotive, and Home Inspection","AYNEFY","FBM","Industrial & Scientific",1811717,769963501954,"N/A",0769963501954,"N/A","Borescopes",2145,10.57,-15,0,0,,"-","-",2,2.4,"Zwenyn","China",1,2,"N/A","Large Standard-Size",4.72,4.72,1.57,0.29,"N/A","N/A","12/31/2024",80,9,0,0
"https://amazon.com/dp/B0B1RXCFHV","https://m.media-amazon.com/images/I/71m5BStaRGL._SX450_.jpg","B0B1RXCFHV","Vividia BD-4-6015 & BD-4-6030 LCD 4-Way Articulation Dual-Camera Borescope with 6mm (0.24"") Diameter Flexible Probe and (3m Long Probe)","VIVIDIA","FBM","Industrial & Scientific",1812229,759119544751,"N/A",0759119544751,"N/A","Borescopes",2149,4999.97,-12,1,0,300,4991.93,"-","N/A","N/A","Oasis Scientific Inc.","USA",1,4,"N/A","Large bulky",10,10,10,5,"N/A","N/A","12/31/2024",62,9,2,"N/A"
"https://amazon.com/dp/B0B1S31J9F","https://m.media-amazon.com/images/I/71m5BStaRGL._SX450_.jpg","B0B1S31J9F","Vividia BD-4-6015 & BD-4-6030 LCD 4-Way Articulation Dual-Camera Borescope with 6mm (0.24"") Diameter Flexible Probe and (1.5m Long Probe)","VIVIDIA","FBM","Industrial & Scientific",1815184,"N/A","N/A","N/A","N/A","Borescopes",2146,3999.98,-20,1,1,300,4991.93,3475.95,"N/A","N/A","Oasis Scientific Inc.","USA",1,4,"N/A","N/A","N/A","N/A","N/A","N/A","N/A","N/A","12/31/2024",62,9,2,"N/A"
"https://amazon.com/dp/B097PXCJJL","https://m.media-amazon.com/images/I/719fwjDG9ES._SX450_.jpg","B097PXCJJL","720P HD Industrial Endoscope with 5 Inch IPS Screen & 5mm Dual Lens Borescope Camera, IP67 Waterproof, Built-in 32GB Memory Card, Hard Plastic Toolbox, 16.4ft Semi-Rigid Cable","BaiTTang","FBM","Industrial & Scientific",1833712,"N/A","N/A",8134798142740,"N/A","Borescopes",2160,181.45,-40,0,0,,"-","-","N/A","N/A","baitang","China",1,1,"N/A","N/A","N/A","N/A","N/A","N/A","N/A","N/A","02/28/2026",57,9,0,"N/A"
"https://amazon.com/dp/B0BP7RP3F2","https://m.media-amazon.com/images/I/61SEiBHcGrL._SX450_.jpg","B0BP7RP3F2","Anysun 512Hz Pipe Locator Receiver and 512Hz Sonde Transmitter for Sewer Inspection, Drain Camera Tools for DIYer or Replacement, for Anysun 7D1 Pipe Inspection Camera","anysun","FBM","Industrial & Scientific",1836292,774638983409,"N/A",0774638983409,"N/A","Borescopes",2159,699.99,-42,0,0,,"-","-",1,5,"Yongchangsheng tech","Hong Kong",1,0,"N/A","N/A","N/A","N/A","N/A","N/A","N/A","N/A","11/30/2024",40,7,0,0
"https://amazon.com/dp/B08PDVT5N5","https://m.media-amazon.com/images/I/616N0hvyHgL._SX450_.jpg","B08PDVT5N5","Vividia VA-150 Gray Two-Way Articulating Borescope Videoscope Inspection Camera with 6mm Diameter Probe and 2.7"" Monitor and 640x480 Image Resolution","VIVIDIA","FBM","Industrial & Scientific",1837853,759119545109,"N/A",0759119545109,"N/A","Borescopes",2164,219,-7,0,0,,"-","-",1,3,"Oasis Scientific Inc.","USA",1,0,"N/A","Large bulky",10,10,10,5,"N/A","N/A","03/31/2024",64,8,0,0
"https://amazon.com/dp/B07P2JGTNZ","https://m.media-amazon.com/images/I/614RQrYcIQL._SX450_.jpg","B07P2JGTNZ","Pipeline Camera Control Box, Adjustable Camera, Good Image Clarity, Quickly and Accurately Find the Target (only for HBUDS、IHBUDS、Anysuns)","HBUDS","FBM","Industrial & Scientific",1838883,"N/A","N/A",8011657107273,"N/A","Borescopes",2165,70,-13,0,0,-100,"-","-",0,"N/A","AnysonicDirect","China",1,2,100,"N/A","N/A","N/A","N/A","N/A","N/A","N/A","12/31/2025",85,6,0,"N/A"
"https://amazon.com/dp/B0CKHS2W4V","https://m.media-amazon.com/images/I/715C9wYkfUL._SX450_.jpg","B0CKHS2W4V","Bi-Directional Articulating Borescope 5"" LPS Screen 1080P Lens Endoscope, Dual Lens IP67 Water-Resistant LED Light and Serpentine Tube Scope, Suitable for Home Machinery Or Aerospace 32 GB TF Card","KIMORE","Amazon","Industrial & Scientific",1839249,"N/A","N/A",6955600888104,"N/A","Borescopes",2177,217.85,-18,0,0,,"-","-","N/A","N/A","Amazon","N/A",1,0,"N/A","Large Standard-Size",3.31,9.25,16.93,3.44,"N/A","N/A","11/30/2024",30,5,0,"N/A"
"https://amazon.com/dp/B0DF2KHRCR","https://m.media-amazon.com/images/I/61-Boh-bcUL._SX450_.jpg","B0DF2KHRCR","DIMITU Borescope Endoscope Camera with Light Snake Cameras Inspection Cameras with Adjustable LED Light","DIMITU","FBM","Industrial & Scientific",1843104,"N/A","N/A",7621431687139,"N/A","Borescopes",2183,14.97,-11,0,0,,"-","-","N/A","N/A","JYYJGJJ","China",2,0,"N/A","N/A","N/A","N/A","N/A","N/A","N/A","N/A","04/30/2025",19,9,1,"N/A"
"https://amazon.com/dp/B0CLRWJW6K","https://m.media-amazon.com/images/I/61g1RLwNf4L._SX450_.jpg","B0CLRWJW6K","Single Lens Tube Borescope, 5-inch IPS Screen, 1080P HD Lens, IP67 Waterproof LED Light with Illuminated Video Inspection Mirror for Automotive, Aerospace and Mechanical Inspections","Aprafie","Amazon","Industrial & Scientific",1848612,196336868862,"N/A",0196336868862,"N/A","Borescopes",2176,61.32,-46,0,0,,"-","-",1,5,"Amazon","N/A",1,1,"N/A","Large Standard-Size",15.75,8.27,3.15,2.77,"N/A","N/A","03/31/2025",29,6,0,0
"https://amazon.com/dp/B09RQ4KMK2","https://m.media-amazon.com/images/I/71UED9iOsIL._SX450_.jpg","B09RQ4KMK2","Vividia W2460 WiFi/USB Wireless USB 2-Way Articulation Rigid 4mm (0.16"") Diameter Long 28"" Long Borescope Videoscope Inspection Camera for Windows iPhone iPad Android MacOS Chromebook PC","VIVIDIA","FBM","Industrial & Scientific",1851594,"N/A","N/A","N/A","N/A","Borescopes",2174,899.98,-53,2,2,,1642.69,1642.64,"N/A","N/A","Oasis Scientific Inc.","USA",1,2,"N/A","N/A","N/A","N/A","N/A","N/A","N/A","N/A","11/30/2024",63,9,0,"N/A"
"https://amazon.com/dp/B00Z0Q5VDA","https://m.media-amazon.com/images/I/61C0Gsyt0XL._SX450_.jpg","B00Z0Q5VDA","General Tools DCS665-ART Recording Borescope Video Inspection Camera with Articulating 1 Meter Long Waterproof Probe","General Tools","FBM","Industrial & Scientific",1858988,681035017432,00681035017432,0681035017432,"N/A","Borescopes",2183,448.99,-24,0,0,,"-","-",3,1,"Price Minders","USA",3,0,"N/A","Large Standard-Size",13.7,10.1,4.8,3.4,"N/A","N/A","-",130,7,0,0
"https://amazon.com/dp/B0CCW86DF4","https://m.media-amazon.com/images/I/51we07itVzL._SX450_.jpg","B0CCW86DF4","Industrial Endoscope with 6 LED Lights, 7mm Probe Camera IP67 for Android Wide Application (2M)","Hyuduo","FBM","Industrial & Scientific",1860452,"N/A","N/A","N/A","N/A","Borescopes",2201,10.44,-25,2,2,133,20.26,20.2,"N/A","N/A","Mixitech-US","China",1,30,650,"N/A",4.72,4.72,1.57,"N/A","N/A","N/A","11/30/2025",32,9,1,"N/A"
"https://amazon.com/dp/B0BDSDCK2X","https://m.media-amazon.com/images/I/41RyYoy+8BL._SX450_.jpg","B0BDSDCK2X","Ddkxndb Car DC Adapter Charger for Klein Tools ET510 Borescope Inspection Camera Power","Ddkxndb","FBM","Industrial & Scientific",1861614,"N/A","N/A","N/A","N/A","Borescopes",2200,11.99,-26,0,0,,"-","-","N/A","N/A","ntnywelcome","China",1,0,"N/A","N/A","N/A","N/A","N/A","N/A","N/A","N/A","-",43,5,0,"N/A"
"https://amazon.com/dp/B08DV9R6T4","https://m.media-amazon.com/images/I/41AWsnvNZ+L._SX450_.jpg","B08DV9R6T4","Launch Tech 307010003-7 mm USB Inspection Camera/Borescope","LAUNCH","FBM","Industrial & Scientific",1863684,884508005480,"N/A",0884508005480,"N/A","Borescopes",2205,69.33,-31,0,0,,"-","-",1,5,"KART IT","USA",5,1,"N/A","Large bulky",39.37,9.84,9.84,1.76,"N/A","N/A","01/31/2026",33,1,0,0.14
"https://amazon.com/dp/B09CG416YW","https://m.media-amazon.com/images/I/61qvoV3DbZL._SX450_.jpg","B09CG416YW","UNI-T Industrial Endoscope UT665 Digital Borescope Sewer Camera for Engine HVAC Chimney Inspection Automotive Maintenance, 4 LED Lights 2.4” Screen Handheld Camera Snake Cable 3.3FT/1M IP67 Waterproof","UNI-T","FBM","Industrial & Scientific",1866704,"N/A","N/A","N/A","N/A","Borescopes",2215,98.99,"N/A",0,0,,"-","-",1,1,"UNI-T Direct","China",1,0,"N/A","N/A","N/A","N/A","N/A","N/A","N/A","N/A","09/30/2024",56,8,0,0
"https://amazon.com/dp/B09Q6HBBVL","https://m.media-amazon.com/images/I/91Gbzqph2CL._SX450_.jpg","B09Q6HBBVL","Vividia VS-749A All-in-One Swimming Pool Pipe Sewer Drain Video Inspection Camera with 7"" Portable Monitor 131ft (40m) Push-Rod Cable and 14mm Diameter Camera","VIVIDIA","FBM","Industrial & Scientific",1868513,"N/A","N/A","N/A","N/A","Borescopes",2191,1999,-40,0,0,,"-","-","N/A","N/A","Oasis Scientific Inc.","USA",1,0,"N/A","N/A","N/A","N/A","N/A","N/A","N/A","N/A","10/31/2024",62,9,0,"N/A"
"https://amazon.com/dp/B0CNSJ8BZP","https://m.media-amazon.com/images/I/61f3tcIxCeL._SX450_.jpg","B0CNSJ8BZP","Multi-function Iris Analyzer Iridology Camera, New 5.0 Mp USB Iriscope Iris Analyzer Iridology Camera with Pro Iris English Software 30x Iris Lens Adjustable Focus and Driver-Free Analysis Software","JOSKAA","FBM","Industrial & Scientific",1875126,"N/A","N/A",7545691778157,"N/A","Borescopes",2213,238.99,-7,0,0,,"-","-","N/A","N/A","Yang Miemie","China",1,0,"N/A","Large Standard-Size",9.84,8.66,3.54,2.16,"N/A","N/A","02/28/2025",28,9,0,"N/A"
"https://amazon.com/dp/B0C4LVB24Z","https://m.media-amazon.com/images/I/310fId--p1L._SX450_.jpg","B0C4LVB24Z","7mm Inspection Camera, Adjustable Brightness USB Endoscope 6 LED Lights for Pipeline Repair Plumbing Inspection","CHICIRIS","FBM","Industrial & Scientific",1875765,"N/A","N/A","N/A","N/A","Borescopes",2214,10.64,-41,0,0,,"-","-","N/A","N/A","Zinboes","China",1,3,"N/A","N/A",4.72,4.72,1.57,"N/A","N/A","N/A","09/30/2024",35,9,1,"N/A"
"https://amazon.com/dp/B0CVG1PG9K","https://m.media-amazon.com/images/I/61995qpKZlL._SX450_.jpg","B0CVG1PG9K","Flexible 5.5mm Endoscope Camera Borescope USB Type C Inspection Camera for Car Pipe Sewer Drain","Walfront","FBM","Industrial & Scientific",1879103,"N/A","N/A","N/A","N/A","Borescopes",2217,13.96,-28,0,0,,"-","-","N/A","N/A","Dawnsou","China",1,0,"N/A","Large Standard-Size",5.12,4.72,1.57,0.37,"N/A","N/A","09/30/2024",26,9,0,"N/A"
"https://amazon.com/dp/B0DFB9RLLX","https://m.media-amazon.com/images/I/61-Boh-bcUL._SX450_.jpg","B0DFB9RLLX","Ubxvamm Borescope,Endoscope Camera with Light, Waterproof Snake Cameras Inspection Cameras with Adjustable LED Light","Ubxvamm","FBM","Industrial & Scientific",1888007,"N/A","N/A",7671300009203,"N/A","Borescopes",2220,17.36,-19,0,0,-100,"-","-",1,5,"MIlsfna","China",1,3,"N/A","N/A","N/A","N/A","N/A","N/A","N/A","N/A","02/28/2025",19,8,1,0
"https://amazon.com/dp/B0DFC338TD","https://m.media-amazon.com/images/I/51vKDFGTpYL._SX450_.jpg","B0DFC338TD","Ubxvamm Endoscope Camera with Light, Borescope with Adjustable LED Light,Endoscope Camera,Waterproof Inspection Cameras","Ubxvamm","FBM","Industrial & Scientific",1895512,"N/A","N/A",7671300012883,"N/A","Borescopes",2223,13.33,-22,0,0,,"-","-","N/A","N/A","MIlsfna","China",1,0,"N/A","N/A","N/A","N/A","N/A","N/A","N/A","N/A","-",19,8,0,"N/A"
"https://amazon.com/dp/B0CNK1P7T7","https://m.media-amazon.com/images/I/612CHLC4R8L._SX450_.jpg","B0CNK1P7T7","ZOIOT Endoscope Camera with Light, 1280HD Borescope Inspection Camera, 6 Adjustable LED Lights, Semi-Rigid Snake Cable 16.4FT, IP67 Waterproof, Black, USB-C, Android, iOS, Cool Gadgets for Men","ZOIOT","FBA","Industrial & Scientific",1901619,"N/A","N/A","N/A","N/A","Borescopes",2227,20.99,-23,0,0,,"-","-",238,4.3,"YFD-US","China",1,1,"N/A","Large Standard-Size",1.34,4.8,5.12,0.44,16.58,45.74,"09/30/2025",27,6,0,0
"https://amazon.com/dp/B09QC42VS5","https://m.media-amazon.com/images/I/71IX1GRoyHL._SX450_.jpg","B09QC42VS5","Vividia CT-3012S LCD/WiFi Side-View Flexible Two-Way Articulating Inspection Camera Borescope Videoscope with 3.0mm (0.12"") Diameter 1.2m Long Waterproof Probe","VIVIDIA","FBM","Industrial & Scientific",1908749,"N/A","N/A","N/A","N/A","Borescopes",2219,3999.98,-30,0,0,,"-","-","N/A","N/A","Oasis Scientific Inc.","USA",1,0,"N/A","N/A","N/A","N/A","N/A","N/A","N/A","N/A","08/31/2024",51,9,0,"N/A"
"https://amazon.com/dp/B0BS8SWWNH","https://m.media-amazon.com/images/I/61ssC0a3-GL._SX450_.jpg","B0BS8SWWNH","Vividia VS-34080 All-in-One Pipe Sewer Drain Tube Inspection Camera with 7"" LCD Screen 262ft (80m) Push-Rod Cable and 40mm / 1.57"" Waterproof Camera with Self-Leveling and Built-in 512Hz Sonde","VIVIDIA","FBM","Industrial & Scientific",1915162,"N/A","N/A","N/A","N/A","Borescopes",2220,3999,-4,0,0,,"-","-","N/A","N/A","Oasis Scientific Inc.","USA",1,0,"N/A","N/A","N/A","N/A","N/A","N/A","N/A","N/A","08/31/2024",62,9,0,"N/A"