"URL","Image URL","ASIN","Title","Brand","Fulfillment","Category","BSR","UPC","GTIN","EAN","ISBN","Subcategory","Subcategory BSR","Price","Price Trend (90 days) (%)","Parent Level Sales","ASIN Sales","Sales Trend (90 days) (%)","Parent Level Revenue","ASIN Revenue","Review Count","Reviews Rating","Seller","Seller Country/Region","Number of Active Sellers","Last Year Sales","Sales Year Over Year (%)","Shipping Details","Length","Width","Height","Weight","Storage Fee (Jan - Sep)","Storage Fee (Oct - Dec)","Best Sales Period","Listing Age (Months)","Number of Images","Variation Count","Sales to Reviews"
"https://amazon.com/dp/B0F62RBVSF","https://m.media-amazon.com/images/I/81S2rYQyWCL._SX450_.jpg","B0F62RBVSF","360°Articulating Borescope Camera - JESERAL 5"" HD 1080P Inspection Camera Screen with 6 Light, Endoscope with 6.2mm IP67 Waterproof Probe, 3X Zoom 4-Way Borescope Engine with 1M Flexible Cable","Jeseral","FBA","Industrial & Scientific",368057,"N/A","N/A","N/A","N/A","Borescopes",688,308.99,-35,6,6,-69,1775.13,1775,38,4.1,"JESERAL","China",1,324,"N/A","Large Standard-Size",3.66,11.26,13.04,2.48,270.57,746.39,"06/30/2025",11,9,3,0.15
"https://amazon.com/dp/B0GKQFBN85","https://m.media-amazon.com/images/I/819FJCENgWL._SX450_.jpg","B0GKQFBN85","KLARAY US23-MD62 Two-Way Articulating Borescope with Light, Industrial Inspection Camera with 6.2mm Articulated Probe, Flexible Mechanic Snake Scope for Automotive Engine Inspection – 3.3FT","Klaray","Amazon","Industrial & Scientific",368282,199284518803,"N/A",0199284518803,"N/A","Borescopes",696,129.99,-1,15,15,,1832.58,1832.39,8,5,"Amazon","N/A",1,0,"N/A","Large Standard-Size",3.7,11,17.8,3.7,"N/A","N/A","02/28/2026",2,9,0,1.88
"https://amazon.com/dp/B0C7631F4R","https://m.media-amazon.com/images/I/61wegKyS0WL._SX450_.jpg","B0C7631F4R","Vividia CX-6010i Joystick Articulating 1280x720 Inspection Camera Borescope with 6mm (0.236"") Diameter for Apple iOS Phones Tablets and Android Devices (Flexible Probe)","VIVIDIA","FBM","Industrial & Scientific",368297,"N/A","N/A","N/A","N/A","Borescopes",709,599.98,1,4,2,50,2574.78,1112.23,1,5,"Oasis Scientific Inc.","USA",1,38,138,"N/A","N/A","N/A","N/A","N/A","N/A","N/A","09/30/2025",34,9,3,4.04
"https://amazon.com/dp/B0DNWBJWZF","https://m.media-amazon.com/images/I/81N3LH9OCWL._SX450_.jpg","B0DNWBJWZF","Anysun Sewer Camera with Locator 200ft, Self Leveling Sewer Inspection Camera with Distance Counter, 7MM Diameter Cable with Trolley and Wheels, 9"" HD Monitor with DVR Drain Pipe Camera(32GB Card)","anysun","FBA","Industrial & Scientific",369776,717504238043,"N/A",0717504238043,"N/A","Borescopes",698,1499.99,-19,8,6,-82,12880.32,9383.74,2,2.9,"Nedive","Hong Kong",1,0,"N/A","Extra-large 50+ to 70 lb",18,21.25,23.25,26,2882.03,7205.08,"12/31/2025",14,7,2,4.23
"https://amazon.com/dp/B0BXT1XWGK","https://m.media-amazon.com/images/I/71PGPg+S1gL._SX450_.jpg","B0BXT1XWGK","Sewer Camera with Locator with Self-Leveling and Distance Count, 512Hz Sonde IP68 Waterproof Cam, 9"" Pipe Drain Inspection with 12pcs Light, DVR with 32GB Card, 7mm Cable (150FT)","anysun","FBA","Industrial & Scientific",370311,772123252399,00772123252399,0772123252399,"N/A","Borescopes",702,1199.99,-14,3,1,,3471.69,913.85,5,4.6,"ToBestGift","China",1,0,"N/A","Large bulky",13.5,19.1,20.8,23.65,1738.1,4345.25,"01/31/2026",37,8,4,0.57
"https://amazon.com/dp/B0DP9TKWT4","https://m.media-amazon.com/images/I/71Be5LANlYL._SX450_.jpg","B0DP9TKWT4","Sanyipace Sewer Camera 100FT/30M with 512Hz Transmitter, Drain Camera Pipe Inspection Camera with Self-Leveling, Clear Meter Marks, IP68 Waterproof, 9"" HD Color Screen, Video Record up to 128GB","Sanyipace","FBA","Industrial & Scientific",373195,"N/A","N/A","N/A","N/A","Borescopes",696,369.99,-88,0,10,,"-",3137.27,70,3.7,"Urselection","China",1,0,"N/A","Large Standard-Size",7.5,14,16.5,12.2,872.27,2406.25,"07/31/2025",16,7,0,0
"https://amazon.com/dp/B0BWVD4WJP","https://m.media-amazon.com/images/I/51Vg6ejmknL._SX450_.jpg","B0BWVD4WJP","3 in 1 High Definition Endoscope Pipe Inspection Borescope TypeC USB Mobile Phone 3.9mm for Borescopes and Fiberscopes (1 Meter Flexible Cord)","Walfront","FBM","Industrial & Scientific",373341,"N/A","N/A","N/A","N/A","Borescopes",714,23.34,7,7,7,180,168.7,168.57,12,2.7,"Luoyuu","China",1,0,"N/A","Large Standard-Size",1.42,4.76,4.92,0.13,"N/A","N/A","02/28/2026",37,9,0,0.58
"https://amazon.com/dp/B0G25T561Y","https://m.media-amazon.com/images/I/317gWMT7N2L._SX450_.jpg","B0G25T561Y","Pipe Inspection Camera with 9 Inch 1080P Display, DVR Recording, 512Hz Locator, 30ft/50ft Fiberglass Cable, HD Stainless Steel Probe for Sewer Drain Plumbing HVAC Inspection","Festisoul","FBM","Industrial & Scientific",373410,"N/A","N/A",6967803648492,"N/A","Borescopes",704,614.99,-38,9,9,-28,5249.44,5249.29,3,5,"Miandongbu","China",1,0,"N/A","Large bulky",18.7,13.39,9.84,18.52,"N/A","N/A","01/31/2026",5,8,5,2.94
"https://amazon.com/dp/B0C3D9GLTK","https://m.media-amazon.com/images/I/61veFzcyv8L._SX450_.jpg","B0C3D9GLTK","Anysun Sewer Inspection Camera - 100ft with 7"" Monitor, DVR, 16GB Card, 12 Lights, Plumbing Pipe Camera for Plumber & Homeowner","anysun","FBA","Industrial & Scientific",375721,774196181262,"N/A",0774196181262,"N/A","Borescopes",713,379.99,-12,6,6,-47,2140,2139.84,17,4.8,"Nedive","Hong Kong",1,154,"N/A","Large bulky",8.3,14.6,16.1,14.4,632.27,1580.67,"01/31/2025",35,7,0,0.33
"https://amazon.com/dp/B0DXP948KX","https://m.media-amazon.com/images/I/81N3LH9OCWL._SX450_.jpg","B0DXP948KX","Anysun Sewer Camera with Locator 300ft, Self Leveling Sewer Inspection Camera with Distance Counter, 7MM Diameter Cable with Trolley and Wheels, 9"" HD Monitor with DVR Drain Pipe Camera(32GB Card)","anysun","FBA","Industrial & Scientific",376770,717690769673,"N/A",0717690769673,"N/A","Borescopes",701,1599.99,-14,8,2,-82,12880.32,3496.35,2,2.9,"Nedive","Hong Kong",1,0,"N/A","Extra-large 70+ to 150 lb",18,24,24,48,3360,8400,"12/31/2025",13,7,2,4.23
"https://amazon.com/dp/B0D4CFGXRL","https://m.media-amazon.com/images/I/713bQRNn7ZL._SX450_.jpg","B0D4CFGXRL","S50 Bndoscopy, 6mm Diameter 10.0MP Camera, 720° Steering, 1920 * 1080p High-Definition IPS Screen, Inspection Endoscope, Suitable for Automobile and Aircraft Mechanical Video Inspection Range","LIIAMOAR","FBA","Industrial & Scientific",376867,"N/A","N/A","N/A","N/A","Borescopes",713,218.49,-10,4,0,-64,443.54,"-",31,4.5,"LIIAMOAR","China",1,0,"N/A","Large Standard-Size",11.4,4.3,12.6,2.86,310.97,857.85,"09/30/2025",23,8,4,0.14
"https://amazon.com/dp/B0CSF5LRG4","https://m.media-amazon.com/images/I/71yU2yzmuGL._SX450_.jpg","B0CSF5LRG4","Sewer Camera 150FT WiFi,Portable JQKJCAM Sewer Drain Pipe Inspection Snake Camera with 12 Light Guide Wheel,9 Inch HD Monitor,50M/165FT Distance Counter Cable","JQKJCAM","FBA","Industrial & Scientific",377992,"N/A","N/A","N/A","N/A","Borescopes",717,359.19,-1,7,1,17,2229.75,509.77,10,4,"JJKJ Cam","China",2,181,"N/A","Large bulky",7,14.5,16,15.75,526.3,1315.74,"02/28/2025",27,7,10,0.67
"https://amazon.com/dp/B0CSF6W2LT","https://m.media-amazon.com/images/I/71yU2yzmuGL._SX450_.jpg","B0CSF6W2LT","Sewer Camera 100FT,w/ 9'' 16GB DVR Monitor,Portable JQKJCAM Plumbing Drain Camera Snake with 12 Light Roller Guide Wheel Distance Counter & Suitcase for Plumber Pipe Sewer Line Inspection(30M","JQKJCAM","FBA","Industrial & Scientific",379464,"N/A","N/A","N/A","N/A","Borescopes",726,329,-7,7,3,17,2229.75,942.36,10,4,"JJKJ Cam","China",2,181,"N/A","Large bulky",6.97,15.07,16.1,12.17,548.04,1370.11,"02/28/2025",27,7,10,0.67
"https://amazon.com/dp/B06XNWQ96Z","https://m.media-amazon.com/images/I/61U6wUQTxKL._SX450_.jpg","B06XNWQ96Z","PK Power AC/DC Adapter for Snapon BK6000 Borescope Inspection Camera 12VDC Power Supply Cord Cable PS Wall Home Battery Charger Mains PSU (Note: NOT Fit 5V DC Type. Thanks.)","PKPOWER","FBM","Industrial & Scientific",380349,794959584710,"N/A",0794959584710,"N/A","Borescopes",704,13.89,-27,0,0,,"-","-",1,5,"PK-Power","China",1,8,"N/A","N/A","N/A","N/A","N/A","N/A","N/A","N/A","09/30/2025",109,5,0,0
"https://amazon.com/dp/B0FPQQXHRW","https://m.media-amazon.com/images/I/71RTlA-Hr1L._SX450_.jpg","B0FPQQXHRW","Sanyipace Locator 512Hz, Underground Pipe Locator, Underground Cable Location Device, Sewer Camera Accessories, 3000mAh Battery Powered, Rechargeable Receiver Locating Wand - Blue & Black","Sanyipace","FBA","Industrial & Scientific",381210,"N/A","N/A","N/A","N/A","Borescopes",722,999.99,-100,0,0,,"-","-",34,4,"Urselection","China",1,0,"N/A","Large bulky",15.88,17.25,22,31.95,1953.02,4882.55,"03/31/2026",7,7,6,0
"https://amazon.com/dp/B0DSJG76KX","https://m.media-amazon.com/images/I/71ss+JCg+AL._SX450_.jpg","B0DSJG76KX","Sanyipace Sewer Camera 165FT/50M with Wheels and Retractable Handle, Self-Leveling, Support 512Hz Locator, Meter Counter, Video Audio Record, Speaker, Keyboard Input, 5x Zoom, 10"" HD Screen, 7mm Cable","Sanyipace","FBA","Industrial & Scientific",381210,"N/A","N/A","N/A","N/A","Borescopes",722,1099.99,-100,0,0,,"-","-",34,4,"Urselection","China",1,0,"N/A","Extra-large 50+ to 70 lb",16.3,19.5,24,35.7,2472.17,6180.42,"03/31/2026",15,7,6,0
"https://amazon.com/dp/B08LVGDVC1","https://m.media-amazon.com/images/I/71ad-eDVD3L._SX450_.jpg","B08LVGDVC1","Sewer Camera, Pipe Inspection Camera with Distance Counter Plumbing Snake Camera DVR Recorder Waterproof IP68, Anysun 65ft/20M Industrial Pipeline Drain Endoscope with 7"" LCD Color Monitor","anysun","FBA","Industrial & Scientific",382571,779880272431,"N/A",0779880272431,"N/A","Borescopes",993,500,"N/A",4,0,-55,4554.54,"-",100,4.2,"Yongchangsheng tech","Hong Kong",0,123,-46,"Large bulky",20.08,18.5,18.5,33.07,2227.97,5569.92,"07/31/2024",65,8,8,0.04
"https://amazon.com/dp/B0FN75D9PF","https://m.media-amazon.com/images/I/71v0vIwD84L._SX450_.jpg","B0FN75D9PF","Hialemi 10'' Sewer Camera with 512Hz Transmitter - 7MM/328Ft/100M Self Leveling Drain Camera & Meter Counter & 5X Zoom - 145° Plumbing Pipe Inspection Cam - 1080P IPS Adjustable Monitor with Keyboard","Hialemi","FBA","Industrial & Scientific",382668,"N/A","N/A","N/A","N/A","Borescopes",726,1799.99,-4,5,2,-54,8128.04,2470.45,6,5,"Hialemi-US Direct","China",1,0,"N/A","Extra-large 50+ to 70 lb",27,22,12,40.7,2310,5775,"12/31/2025",7,9,2,0.86
"https://amazon.com/dp/B07RDB8SDN","https://m.media-amazon.com/images/I/61e+hWC7YTL._SX450_.jpg","B07RDB8SDN","SING F LTD USB Borescope 1m Compatible with AndroidPC USBMicro USB Endoscope 6 Adjustable White LED","SING F LTD","FBA","Industrial & Scientific",382688,"N/A","N/A",4894669255620,"N/A","Borescopes",714,12.99,-12,1,1,-125,14.98,14.93,12,3.2,"SING F LTD","Hong Kong",1,7,"N/A","Small Standard-Size",0.59,5.79,8.07,0.11,13.88,38.29,"09/30/2024",83,6,0,0.1
"https://amazon.com/dp/B0DRNW1YY9","https://m.media-amazon.com/images/I/81Sl2S+YqTL._SX450_.jpg","B0DRNW1YY9","Teslong Ultra-Thin 3.9mm Industrial Endoscope with Lights, 6"" IPS Screen Hnadle Borescope Automotive Mechanic Inspection Camera with 6000mAh Battery, 5FT Flexible Waterproof Gooseneck Probe","Teslong","FBA","Industrial & Scientific",383896,"N/A","N/A","N/A","N/A","Borescopes",708,329.99,-28,4,4,-72,1321.46,1321.35,19,4.6,"Teslong","China",1,116,"N/A","Large Standard-Size",4.29,13.11,14.88,4.28,421.3,1162.21,"10/31/2025",15,8,0,0.21
"https://amazon.com/dp/B0GL4F1PJ6","https://m.media-amazon.com/images/I/71fUCZY25RL._SX450_.jpg","B0GL4F1PJ6","Klaray UW19-MP60 Two-Way Articulating Borescope with Light, 6mm Inspection Camera for iPhone & Android, Type-C & Lightning Compatible Flexible Snake Camera for Automotive Engine Inspection, 3.3FT","Klaray","Amazon","Industrial & Scientific",384278,199284234642,"N/A",0199284234642,"N/A","Borescopes",731,77.99,"N/A",14,14,,1097.89,1097.65,2,5,"Amazon","N/A",1,0,"N/A","Large Standard-Size",3,8.5,14.75,2,"N/A","N/A","02/28/2026",2,9,0,7.03
"https://amazon.com/dp/B09YTHSDYY","https://m.media-amazon.com/images/I/71pz0TQ8bVL._SX450_.jpg","B09YTHSDYY","Autel MaxiVideo MV108S USB Endoscope, Waterproof 8.5mm Imager Inspection Camera with Light, 1920x1080 HD 2MP Borescope for Autel Scanner & PC, Upgrade of MV108 MV105, Snake Camera with 1M Cable","Autel","FBA","Industrial & Scientific",384399,"N/A","N/A","N/A","N/A","Borescopes",723,49,-29,10,10,533,503.13,502.98,25,4.7,"Autel Original","China",1,105,-16,"Large Standard-Size",2.05,6.61,12.64,0.84,86.23,237.89,"10/31/2024",47,7,0,0.41
"https://amazon.com/dp/B0F2SD9VBX","https://m.media-amazon.com/images/I/71MzP-kZDtL._SX450_.jpg","B0F2SD9VBX","Teslong USB-C Adapter Cable for NTG100 Rifle Borescope – Compatible with iPhone 15/16 and Android Devices","Teslong","FBA","Industrial & Scientific",385008,"N/A","N/A","N/A","N/A","Borescopes",730,19.9,-23,4,4,-94,72.9,72.78,3,3.6,"Teslong","China",1,0,"N/A","Large Standard-Size",0.94,5.12,5.35,0.22,12.96,35.76,"12/31/2025",12,4,0,1.22
"https://amazon.com/dp/B07VXJMNBJ","https://m.media-amazon.com/images/I/618WePEJOkL._SX450_.jpg","B07VXJMNBJ","USB Endosecope, 3 in 1 Endoscope 5.5mm Lens Borescope Inspection Camera with 6 Adjustable LED 5M Cable Scope Camera IP67 for Android/XP/W7/W8/VISTA/W10","Zerone","FBA","Industrial & Scientific",385663,781593845277,"N/A",0781593845277,"N/A","Borescopes",731,15.57,-29,3,3,-91,43.58,43.5,67,3.7,"Deelair","China",2,49,"N/A","Large Standard-Size",1.46,4.84,4.84,0.26,17.22,47.5,"05/31/2024",80,9,0,0.05
"https://amazon.com/dp/B0DNMH4MR6","https://m.media-amazon.com/images/I/71bLSpAVNGL._SX450_.jpg","B0DNMH4MR6","VEVOR Sewer Camera with 512Hz Locator, 98 ft/30 m, 9"" Drain Inspection Camera with Self-Leveling, 36X Zoom, Plumbing Camera with Lights-12 LED, 32GB Card, IP68 Waterproof Snake Camera for Duct Pipe","VEVOR","FBM","Industrial & Scientific",386746,197988808633,"N/A",0197988808633,"N/A","Borescopes",717,727.9,-6,4,4,-25,3199.34,3199.18,14,4,"Suplander","China",2,167,"N/A","Large bulky",7.17,16.3,23.15,16.8,"N/A","N/A","03/31/2025",16,12,0,0.31
"https://amazon.com/dp/B003A7YNRG","https://m.media-amazon.com/images/I/717dNvYLEQL._SX450_.jpg","B003A7YNRG","Extech BR250 Video Borescope/Wireless Inspection Camera","Extech","FBM","Industrial & Scientific",388130,793950632505,00793950632505,0793950632505,"N/A","Borescopes",722,140.77,-27,4,4,100,518.07,518.03,39,3.3,"Tempest Keep Ventures","USA",4,36,-22,"Large Standard-Size",3.5,11,14.5,4.8,"N/A","N/A","07/31/2024",259,6,2,0.1
"https://amazon.com/dp/B097YYY2DY","https://m.media-amazon.com/images/I/71nqe7S+AVS._SX450_.jpg","B097YYY2DY","Vividia VS-82330 All-in-One HD Pipe Sewer Drain Inspection Camera 10.1"" Monitor 30m L Cable 23mm Camera 512Hz Sonde 12 LED Lights","VIVIDIA","FBM","Industrial & Scientific",388422,"N/A","N/A","N/A","N/A","Borescopes",723,2399,-15,10,3,,23347.34,6729.28,2,4.5,"Oasis Scientific Inc.","USA",1,16,33,"N/A","N/A","N/A","N/A","N/A","N/A","N/A","03/31/2026",57,9,3,4.94
"https://amazon.com/dp/B097YXZG2D","https://m.media-amazon.com/images/I/71nqe7S+AVS._SX450_.jpg","B097YXZG2D","Vividia VS-82330 All-in-One HD Pipe Sewer Drain Inspection Camera 10.1"" Monitor 30m L Cable and 23mm Diameter Camera 12 LED Lights (Standard 23mm Camera)","VIVIDIA","FBM","Industrial & Scientific",388422,"N/A","N/A","N/A","N/A","Borescopes",723,2299,-13,10,6,,23347.34,13068.72,2,4.5,"Oasis Scientific Inc.","USA",1,16,33,"N/A","N/A","N/A","N/A","N/A","N/A","N/A","03/31/2026",57,9,3,4.94
"https://amazon.com/dp/B097Z1QY5S","https://m.media-amazon.com/images/I/71nqe7S+AVS._SX450_.jpg","B097Z1QY5S","Vividia VS-82330plus Self-Leveling 512Hz Sonde All-in-One 1280x720 HD Pipe Sewer Drain Inspection Camera 10.1"" Monitor 30m L Cable and 23mm Diameter Camera","VIVIDIA","FBM","Industrial & Scientific",388422,"N/A","N/A","N/A","N/A","Borescopes",723,2499,-13,10,1,,23347.34,3549.2,2,4.5,"Oasis Scientific Inc.","USA",1,16,33,"N/A","N/A","N/A","N/A","N/A","N/A","N/A","03/31/2026",57,9,3,4.94
"https://amazon.com/dp/B0FJXP9R3F","https://m.media-amazon.com/images/I/71x-f1lZOdL._SX450_.jpg","B0FJXP9R3F","Sewer Camera,100FT/30M 4.3"" Pipe Drain Inspection with DVR Function and LED Lights,23mm Borescopes Plumbing 8500Mah Battery Waterproof IP68 Endoscope HD 1000TVL 32GB Card (23mm Camera)","JINXINEBAY","FBA","Industrial & Scientific",388667,"N/A","N/A","N/A","N/A","Borescopes",720,220.84,-23,15,15,,3747.11,3746.89,4,4.2,"31yoosee","China",1,0,"N/A","Large Standard-Size",7.83,12.68,15.31,8.33,765.3,2111.17,"02/28/2026",8,7,0,3.77
"https://amazon.com/dp/B0CYPT6GYX","https://m.media-amazon.com/images/I/61IhY+HIciL._SX450_.jpg","B0CYPT6GYX","Endoscope Camera with Light,Inspection Camera 16.4ft Gadgets for Men 1080P HD Endoscope with 8 Adjustable LED Lights","ZOIOT","FBA","Industrial & Scientific",388951,"N/A","N/A","N/A","N/A","Borescopes",741,21.99,-17,1,1,-146,26.12,26.04,33,3.7,"YFD-US","China",1,115,"N/A","Large Standard-Size",0.98,6.5,8.66,0.46,27.77,76.62,"11/30/2025",27,1,0,0.04
"https://amazon.com/dp/B0DCZFWVH8","https://m.media-amazon.com/images/I/71wK-rCMgBL._SX450_.jpg","B0DCZFWVH8","YINCORD Industrial Endoscope - Handheld Snake Camera with 16.4ft/5m Flexible Cable, 1080P HD IP67 Waterproof 8mm Probe, 4.3"" IPS Screen, 8 LED Lights for Home Wall Pipe Automotive","YINCORD","FBA","Industrial & Scientific",390355,"N/A","N/A","N/A","N/A","Borescopes",723,29.69,-27,2,2,-82,63.74,63.68,33,3.9,"YINCORD DIRECT","China",1,45,"N/A","Large Standard-Size",3.03,5.24,5.63,1.12,44.99,124.12,"11/30/2024",20,9,0,0.06
"https://amazon.com/dp/B08P2BY32L","https://m.media-amazon.com/images/I/91svNuhEqRL._SX450_.jpg","B08P2BY32L","Jonard Tools Wispy CF-200 Multipurpose Wireless Inspection Camera - WiFi Borescope & Cable Pulling Tool with Telescoping Pole, Wrist Band & Rod Adapters","Jonard Tools","Amazon","Industrial & Scientific",392102,810053350133,"N/A",0810053350133,"N/A","Borescopes",759,198.42,-26,2,2,-58,326.57,326.51,49,3.9,"Amazon","N/A",7,84,-49,"Large Standard-Size",2.64,7.17,12.17,1.54,"N/A","N/A","12/31/2024",64,5,0,0.03
"https://amazon.com/dp/B0FL1SGLYN","https://m.media-amazon.com/images/I/51HbTnk10JL._SX450_.jpg","B0FL1SGLYN","Sewer Camera Self-Leveling, 100ft Drain Camera with Meter Counter, 9-inch HD, Plumbing Cameras Snake with 12 LED Lights, 5100mAh Battery, IP68 & 32GB DVR Recording for Duct Sewer Line Pipe Inspection","okk","FBA","Industrial & Scientific",392309,"N/A","N/A","N/A","N/A","Borescopes",747,499.99,-77,0,10,,"-",5209.6,2,2.9,"ZOZUS-DIRECT","China",1,0,"N/A","Large bulky",14,13,12,12,707.78,1769.44,"-",8,8,0,0
"https://amazon.com/dp/B0CS68V7GR","https://m.media-amazon.com/images/I/71RTY6nNMLL._SX450_.jpg","B0CS68V7GR","Sewer Camera 50FT,W/ 12 Bright LED 9'' Ultra HD 16GB DVR Screen (Clearer Image),1080P 23MM JQKJCAM Wall Duct Plumbing Drain Inspection Camera with Light Meter Counter for Sewer Pipes (20M/66FT)","JQKJCAM","FBA","Industrial & Scientific",393285,"N/A","N/A","N/A","N/A","Borescopes",735,421.6,-4,0,0,-93,"-","-",12,4.2,"JJKJ Cam","China",1,75,-84,"Large bulky",11.5,12,12,11.4,536.67,1341.67,"08/31/2024",27,8,9,0.04
"https://amazon.com/dp/B0DSJGPDB6","https://m.media-amazon.com/images/I/71TF7c7ORCL._SX450_.jpg","B0DSJGPDB6","Sanyipace Trolley Sewer Camera 100FT/30M with Self-Leveling, Retractable Handle, Equipped 512Hz Transmitter, Distance Counter, Microphone Speaker Keyboard, 10"" Color Screen, 7mm Cable","Sanyipace","FBA","Industrial & Scientific",393813,"N/A","N/A","N/A","N/A","Borescopes",730,859.99,-100,0,0,,"-","-",34,4,"Urselection","China",1,0,"N/A","Large bulky",16,19,23,33,2265.93,5664.81,"03/31/2026",15,7,6,0
"https://amazon.com/dp/B0FQ4ZS2ZK","https://m.media-amazon.com/images/I/71GaX44AOPL._SX450_.jpg","B0FQ4ZS2ZK","Two-Way 210° Articulating Borescope, Steering Snake Inspection Endoscope with 4.3in HD IPS Screen,6 LED Lights, IP67 Waterproof Endoscope for Mechanics A/C Wall Pipe Inspection - 3.28FT","Generic","FBA","Industrial & Scientific",393862,"N/A","N/A","N/A","N/A","Borescopes",731,84.99,-39,6,6,11,528.23,528.09,1,5,"Masai One-Stop Automotive Repair Tools","China",1,0,"N/A","Large Standard-Size",16.15,8.66,2.76,2.43,194.35,536.13,"02/28/2026",7,9,0,6.24
"https://amazon.com/dp/B0DCY6XC2Q","https://m.media-amazon.com/images/I/81eixOMhbEL._SX450_.jpg","B0DCY6XC2Q","Industrial Endoscope Camera 1920P HD, 16.4ft Borescope Snake with 6 LED Lights, IP67 Waterproof Inspection Camera for Automotive Engine, Pipe, HVAC - Compatible with iPhone Android USB-C","weapengsen","FBA","Industrial & Scientific",394597,"N/A","N/A","N/A","N/A","Borescopes",734,17.39,-5,0,0,-129,"-","-",44,4.1,"Lewei Supplies City","China",1,197,"N/A","Large Standard-Size",1.46,5.16,5.35,0.44,20.29,55.98,"06/30/2025",20,8,0,0
"https://amazon.com/dp/B09P4WNYBB","https://m.media-amazon.com/images/I/71pWu+F1IlL._SX450_.jpg","B09P4WNYBB","16.5FT Triple Lens Probe, 7.9mm/0.3inch Diameter Semi-Rigid Cable Compatible with MS450 Inspection Camera","Teslong","FBA","Industrial & Scientific",395131,"N/A","N/A","N/A","N/A","Borescopes",748,79.99,-6,3,3,57,252.8,252.68,9,4.7,"Teslong","China",1,37,-70,"Large Standard-Size",1.85,5.59,6.54,0.44,34.04,93.9,"06/30/2024",51,6,0,0.35
"https://amazon.com/dp/B0B316VKXM","https://m.media-amazon.com/images/I/71STE+DmMbL._SX450_.jpg","B0B316VKXM","Autel MaxiVideo MV108S Digital Inspection Camera, 2026 8.5mm 1080P HD Semi-Rigid Snake Camera, IP67 Waterproof USB Borescope Industrial Endoscope w/LED Light, Upgrade of MV108 MV105S MV105","Autel","FBA","Industrial & Scientific",396161,762917121833,"N/A",0762917121833,"N/A","Borescopes",744,49,-8,7,7,-19,329.3,329.22,21,4.3,"Autel Official","Hong Kong",1,49,-49,"Large Standard-Size",2.05,6.85,12.83,0.9,90.71,250.23,"04/30/2024",46,7,0,0.32
"https://amazon.com/dp/B0FCMKN9ZB","https://m.media-amazon.com/images/I/71Pwx7m-1WL._SX450_.jpg","B0FCMKN9ZB","ESANHAO Sewer Camera with Selfleveling, Distance Count, 512Hz Transmitter, 9"" 1080P HD Monitor Drain Plumbing Camera with DVR, IP68 Waterproof, 7mm Cable 165ft, 32GB Card Included","ESANHAO","FBA","Industrial & Scientific",397306,"N/A","N/A","N/A","N/A","Borescopes",758,599.99,-66,3,3,433,1982.49,1982.41,1,5,"ESANHAO Store","China",1,0,"N/A","Large bulky",12.75,15.75,20.75,25.85,1350.37,3375.93,"01/31/2026",9,7,0,3.3
"https://amazon.com/dp/B0CP21T8K9","https://m.media-amazon.com/images/I/715FGzvHnZL._SX450_.jpg","B0CP21T8K9","Oiiwak Sewer Camera, 230FT Plumbing Pipe Inspection Cameras with 512Hz Self-Leveling Distance Counter, 10.1” 1080P Touch Screen, IP68 Waterproof Drain Borescope with DVR Recorder/Audio","Oiiwak","FBA","Industrial & Scientific",397750,"N/A","N/A","N/A","N/A","Borescopes",752,1399.99,-7,1,0,-100,409.62,"-",4,4.2,"Oiiwak Tech","China",1,0,"N/A","Large bulky",14.5,17,19,29.7,1517.8,3794.5,"10/31/2025",28,7,3,0.13
"https://amazon.com/dp/B0CSF5YNCV","https://m.media-amazon.com/images/I/71yU2yzmuGL._SX450_.jpg","B0CSF5YNCV","Sewer Camera 150FT,9 Inch 16GB DVR Screen,JQKJCAM 23MM/0.9'' Sewer Drain Bore Scope,Waterproof Pipe Plumbing Inspection Camera with 12 Light Meter Counter for 1'' 2Inch Pipe or Bigger (50M/165FT","JQKJCAM","FBA","Industrial & Scientific",397869,"N/A","N/A","N/A","N/A","Borescopes",743,366.5,-5,7,1,17,2229.75,354.37,10,4,"JJKJ Cam","China",2,181,"N/A","Large bulky",6.88,14.13,16.25,13.6,511.95,1279.88,"02/28/2025",27,7,10,0.67
"https://amazon.com/dp/B0D1XK5K26","https://m.media-amazon.com/images/I/71yU2yzmuGL._SX450_.jpg","B0D1XK5K26","Sewer Camera 25FT,Portable 16GB JQKJCAM Snake Drain Sewer Inspection Borescope Camera with Light Guide Wheel,9 in DVR Monitor,Semi-Rigid Cable with Meter Counter(10M/32.8FT","JQKJCAM","FBA","Industrial & Scientific",397905,"N/A","N/A","N/A","N/A","Borescopes",744,304.2,"N/A",7,1,17,2229.75,422.85,10,4,"JJKJ Cam","China",1,181,"N/A","Large bulky",7,15,16.1,10,547.85,1369.62,"02/28/2025",24,7,10,0.67
"https://amazon.com/dp/B0CKSLNNM3","https://m.media-amazon.com/images/I/51n1ALARHBL._SX450_.jpg","B0CKSLNNM3","Oiiwak Dual Lens Articulating Borescope, 5"" IPS Endoscope Camera with Light Inspection Snake Bore Scope Camera for Wall Automotive Aircraft Plumbing House","Oiiwak","FBA","Industrial & Scientific",398837,"N/A","N/A","N/A","N/A","Borescopes",771,119.99,-46,1,1,-113,127.88,127.83,29,4,"Oiiwak Tech","China",1,66,"N/A","Large bulky",2.99,8.58,18.39,3.02,152.89,382.23,"10/31/2024",30,9,2,0.04
"https://amazon.com/dp/B0D4CLNVT3","https://m.media-amazon.com/images/I/71V-7KvdrjL._SX450_.jpg","B0D4CLNVT3","Borescope, 7'' IPS Dual Lens 210° Two-Way Articulating Endoscope, 6 mm Tiny Flexible Snake Dual Camera with Light for Automotive and Aircraft Mechanical Video Inspection Scope","LIIAMOAR","FBA","Industrial & Scientific",399977,"N/A","N/A","N/A","N/A","Borescopes",747,169.99,-27,4,1,-64,443.54,146.5,31,4.5,"LIIAMOAR","China",1,0,"N/A","Large Standard-Size",15.7,8.2,3.2,2.8,207.41,572.18,"09/30/2025",24,8,4,0.14
"https://amazon.com/dp/B0FNJXTJTN","https://m.media-amazon.com/images/I/61xOUOzTTwL._SX450_.jpg","B0FNJXTJTN","Borescope, Endoscope 3-in-1 USB HD Inspection Camera with 16.5FT Semi-Rigid Snake Cable, 8mm Waterproof IP67 Industrial Endoscope for Android, iOS and PC","HOERCAAL","FBA","Industrial & Scientific",400428,"N/A","N/A","N/A","N/A","Borescopes",750,27.98,-25,9,9,-111,148.39,148.17,10,3.5,"Mei Wang Mei","China",1,0,"N/A","Large Standard-Size",1.1,6.5,6.57,0.49,23.65,65.24,"12/31/2025",7,6,0,0.85
"https://amazon.com/dp/B0CNLB131J","https://m.media-amazon.com/images/I/71iWpnE8PyL._SX450_.jpg","B0CNLB131J","ANYSUN Sewer Camera's Accessories- 9' Screen (Only Support Model：9DX23)","anysun","FBM","Industrial & Scientific",401334,774182335877,"N/A",0774182335877,"N/A","Borescopes",756,129.99,-21,8,8,,1052.1,1052.01,2,5,"ToBestGift","China",1,0,"N/A","N/A","N/A","N/A","N/A","N/A","N/A","N/A","01/31/2026",28,3,2,4.06
"https://amazon.com/dp/B0DHZPH6NN","https://m.media-amazon.com/images/I/61dB+dwFvQL._SX450_.jpg","B0DHZPH6NN","VNisenllc Handheld High Brightness Industrial Endoscope Cold Light Source LED 10W with 3 Adaptors","VNisenllc","FBM","Industrial & Scientific",403860,717392803385,"N/A",0717392803385,"N/A","Borescopes",764,68,-28,3,3,-41,390.81,174.15,3,5,"Northwolf","China",1,107,"N/A","Large Standard-Size",7,4.33,3.35,0.9,"N/A","N/A","02/28/2025",18,7,3,1.04
"https://amazon.com/dp/B071S8J2X8","https://m.media-amazon.com/images/I/5188FePa5OL._SX450_.jpg","B071S8J2X8","400X Fiber Optic Video Inspection Probe and Display KOMSHINE KIP-600V Real-time Video Recording + TF Card 4000mAH Large Capacity Optic Cable Connector Scope Inspector 400 Magnification","KOMSHINE","FBA","Industrial & Scientific",404207,"N/A","N/A",6929102228119,"N/A","Borescopes",754,535,-30,6,6,-87,3052.75,3052.68,12,3.6,"Just fiber optic","China",2,37,-46,"Large Standard-Size",3.9,7.87,11.93,1.83,184.36,508.57,"07/31/2024",107,9,0,0.48
"https://amazon.com/dp/B0G48DS4ZD","https://m.media-amazon.com/images/I/61uLV2NPSJL._SX450_.jpg","B0G48DS4ZD","Industrial Endoscope Camera, 1920P HD Borescope with 8 Adjustable LED Lights, IP67 Waterproof Semi-Rigid Cable, for Car Repair, Pipe Inspection, Home Appliance Maintenance, iOS & Android","Bifrgmy","FBA","Industrial & Scientific",404563,"N/A","N/A","N/A","N/A","Borescopes",758,25.59,1,2,2,,51.01,50.93,8,3.6,"Bifrostore","N/A",1,0,"N/A","Large Standard-Size",4.1,4.7,1.5,1,14.55,40.15,"01/31/2026",4,8,2,0.21
"https://amazon.com/dp/B0GLF9912L","https://m.media-amazon.com/images/I/31klaB1m6VL._SX450_.jpg","B0GLF9912L","Ludotline Handheld Inspection Camera with 7.2” Screen, Built-in 16GB Storage, Standalone Endoscope Camera – Record & Playback, 8 LED Lights, Rechargeable Borescope for Pipe, Wall & Auto Inspection","ludotline","-","Industrial & Scientific",405392,"N/A","N/A","N/A","N/A","Borescopes",771,79.98,"N/A",1,1,,79.98,79.97,"N/A","N/A",,"N/A",1,0,"N/A","Large Standard-Size",5.5,9.5,1.5,1.27,"N/A","N/A","-",2,"N/A",0,"N/A"
"https://amazon.com/dp/B0B3H3CSJ1","https://m.media-amazon.com/images/I/71-mPUacp1L._SX450_.jpg","B0B3H3CSJ1","Vividia ME-620i & ME-610i Flexible Joystick Articulating 1280x720 Inspection Camera Borescope with 6mm (0.236"") Diameter for Apple iOS Phones Tablets and for Android Devices (Probe Length 2m / 6.6ft)","VIVIDIA","FBM","Industrial & Scientific",405749,"N/A","N/A","N/A","N/A","Borescopes",779,1499.98,-23,0,0,-110,"-","-","N/A","N/A","Oasis Scientific Inc.","USA",1,6,-33,"N/A","N/A","N/A","N/A","N/A","N/A","N/A","01/31/2025",54,9,2,"N/A"
"https://amazon.com/dp/B0FYQ5N8DM","https://m.media-amazon.com/images/I/71k0PgvoeuL._SX450_.jpg","B0FYQ5N8DM","Professional Dual-Lens Sewer Inspection Camera | 360° Articulating Head, 7"" HD Monitor, Meter Counter & IP68 Waterproof (69FT/20M)","okk","FBM","Industrial & Scientific",406978,"N/A","N/A","N/A","N/A","Borescopes",773,499.99,"N/A",1,1,,499.99,499.96,2,5,"ZOZUS-DIRECT","China",1,0,"N/A","Large bulky",17.32,8.27,16.54,5.4,"N/A","N/A","02/28/2026",5,8,2,0.5
"https://amazon.com/dp/B0F4VZKFMV","https://m.media-amazon.com/images/I/71n2WgL897L._SX450_.jpg","B0F4VZKFMV","GearView 360°Articulating Borescope Camera - 5"" HD 1080P Inspection Camera Screen with 6 Light, Endoscope with 6.2mm IP67 Waterproof Probe, 3X Zoom 4-Way Borescope with Flexible Cable","GearView","FBA","Industrial & Scientific",407924,762849245485,"N/A",0762849245485,"N/A","Borescopes",777,249.99,-3,2,1,-60,349.17,141.03,3,3.7,"GearView","China",1,0,"N/A","Large Standard-Size",3.7,11.02,12.71,2.49,260.92,719.77,"09/30/2025",15,8,3,0.71
"https://amazon.com/dp/B08JVLFW54","https://m.media-amazon.com/images/I/71+lbW2d2VL._SX450_.jpg","B08JVLFW54","Vividia NP-2011 Flexible Non-Articulation 2mm Diameter 1.1 Meter Long Borescope Endoscope Videoscope Inspection Camera with 5"" LCD Monitor","VIVIDIA","FBM","Industrial & Scientific",408949,"N/A","N/A","N/A","N/A","Borescopes",785,4999,-72,0,0,,"-","-","N/A","N/A","Oasis Scientific Inc.","USA",1,2,100,"N/A","N/A","N/A","N/A","N/A","N/A","N/A","11/30/2025",66,9,0,"N/A"
"https://amazon.com/dp/B0D16Y8FZM","https://m.media-amazon.com/images/I/61gVSVjmQIL._SX450_.jpg","B0D16Y8FZM","Borescope, Lighted Endoscope Camera, 2.0 MP HD Inspection, 4.3 Inch IPS Screen 1080P HD, IP67 Waterproof Pipe Snake Camera, 16.5ft Semi-Rigid Sewer Lens","LIIAMOAR","FBA","Industrial & Scientific",410379,"N/A","N/A","N/A","N/A","Borescopes",783,33.97,-7,4,2,-79,350.27,56.06,28,4.6,"LIIAMOAR","China",1,0,"N/A","Large Standard-Size",3.07,5.87,10.94,1.34,99.26,273.82,"09/30/2025",24,7,4,0.13
"https://amazon.com/dp/B0D1CLV28L","https://m.media-amazon.com/images/I/71JbFdkIuCL._SX450_.jpg","B0D1CLV28L","Borescope with Dual Cameras Rotating 360°, 5.0 MP Pixel HD Camera, 5 Inch IPS Screen, 16.5 ft Snake Pipe Inspection Endoscope for Automotive and Aircraft Mechanical Video Inspection Scope Black","LIIAMOAR","FBA","Industrial & Scientific",410749,"N/A","N/A","N/A","N/A","Borescopes",783,104.48,-37,4,1,-79,350.27,99.71,3,4.7,"LIIAMOAR","China",1,0,"N/A","Large Standard-Size",12.6,11,4.4,3.3,307.04,847,"09/30/2025",24,8,4,0.12
"https://amazon.com/dp/B0CR3HNJFP","https://m.media-amazon.com/images/I/31AAtrUEO6L._SX450_.jpg","B0CR3HNJFP","Adjustable","DIKHEE","FBM","Industrial & Scientific",412621,"N/A","N/A","N/A","N/A","Borescopes",771,45,1,2,2,-93,95.45,95.41,20,3.7,"Protector Dental  store","Hong Kong",1,109,-54,"Large Standard-Size",1.61,3.5,11.46,0.57,"N/A","N/A","02/28/2025",27,9,0,0.11
"https://amazon.com/dp/B095Y27DNR","https://m.media-amazon.com/images/I/717dNvYLEQL._SX450_.jpg","B095Y27DNR","Extech BR250 Video Borescope/Wireless","N/A","FBA","Industrial & Scientific",414449,"N/A","N/A","N/A","N/A","Borescopes",776,144.99,"N/A",3,0,175,446.91,"-",39,3.8,"MI Deals Beyond Belief","USA",0,36,-20,"N/A","N/A","N/A","N/A","N/A","N/A","N/A","07/31/2024",58,6,2,0.09
"https://amazon.com/dp/B0DXPBQBHG","https://m.media-amazon.com/images/I/71qG0Erf4-L._SX450_.jpg","B0DXPBQBHG","Anysun Sewer Camera with Locator, Self Leveling Sewer Camera 165ft with Distance Counter, 10.1"" HD Monitor with Keypad and 7MM Cable, 5X Zoom(16GB Card)","anysun","FBA","Industrial & Scientific",414915,717690769659,"N/A",0717690769659,"N/A","Borescopes",794,1099.99,-43,3,1,-58,3536.08,1028.86,4,2.8,"Nedive","Hong Kong",1,0,"N/A","Large bulky",15.7,17.4,24.6,33,2177.85,5444.63,"09/30/2025",13,7,2,0.85
"https://amazon.com/dp/B0DLW66T4W","https://m.media-amazon.com/images/I/71qG0Erf4-L._SX450_.jpg","B0DLW66T4W","Anysun Sewer Camera with Locator, Self Leveling Sewer Camera 100ft with Distance Counter, 10.1"" HD Monitor with Keypad and 7MM Cable, 5X Zoom(16GB Card)","anysun","FBA","Industrial & Scientific",414918,717813335990,"N/A",0717813335990,"N/A","Borescopes",794,999.99,-11,3,3,-58,3536.08,2507.02,4,2.8,"Nedive","Hong Kong",1,0,"N/A","Large bulky",15.5,17.4,24.8,30.25,2167.59,5418.97,"09/30/2025",17,7,2,0.85
"https://amazon.com/dp/B0BTYF8KX6","https://m.media-amazon.com/images/I/71hE5pu0H7L._SX450_.jpg","B0BTYF8KX6","Anysun Self-Leveling Sewer Camera with Locator, 9'' IPS Monitor, 100ft Cable, IP68 Waterproof Pipe Inspection Camera, DVR Recording Function, 16GB Memory Card","anysun","FBA","Industrial & Scientific",415780,"N/A","N/A","N/A","N/A","Borescopes",797,499.99,-29,5,5,,2538.69,2538.53,5,3.6,"HZDZ_Shop","Hong Kong",1,0,"N/A","Large bulky",10,13.5,15,10.85,656.25,1640.63,"02/28/2026",38,6,0,1.01
"https://amazon.com/dp/B0G7G3DN5G","https://m.media-amazon.com/images/I/71xkmdc9Y7L._SX450_.jpg","B0G7G3DN5G","Endoscope Camera with Light, Dual Lens Industrial Borescope Camera with 8 LED Lights, IP67 Waterproof Sewer Inspection Camera with 4.3"" LCD Screen and 16.5FT Flexible Cable for Sewer, Pipe, Car Engine","KERUI","FBA","Industrial & Scientific",416086,"N/A","N/A","N/A","N/A","Borescopes",793,59.99,-18,5,5,,271.84,271.79,4,4.4,"Safety KERUI-US","China",1,0,"N/A","Large Standard-Size",1,1,1,0.5,0.5,1.39,"02/28/2026",4,9,0,1.17
"https://amazon.com/dp/B0CQRK7RQ4","https://m.media-amazon.com/images/I/71-dI+NQqjL._SX450_.jpg","B0CQRK7RQ4","Endoscope Camera with Light,1920P HD Borescope, IP67 Waterpro of Inspection Snake Camera for Drain/Plumbing/Wall Automotive Engine, Semi-Rigid with 8 LED Lights, for iOS/Android,16.4ft","T SHAREXE","FBA","Industrial & Scientific",416708,199284021990,"N/A",0199284021990,"N/A","Borescopes",798,19.98,"N/A",0,0,,"-","-",46,4.6,"Joyful Wooden Horse","China",1,0,"N/A","Large Standard-Size",1.46,5,5.2,0.4,19.06,52.57,"-",27,9,0,0
"https://amazon.com/dp/B08NFVFC1M","https://m.media-amazon.com/images/I/71+aZFCoehL._SX450_.jpg","B08NFVFC1M","Anysun Sewer Camera, 1080P HD Drain Snake Camera with 9'' IPS Monitor and 65ft Cable, Duct Camera IP68 Waterproof Pipe Inspection Camera with DVR Recording Funcation and 16GB Memory Card","anysun","FBM","Industrial & Scientific",417174,779880272660,"N/A",0779880272660,"N/A","Borescopes",796,799.99,292,0,0,,"-","-",37,4.3,"HZDZ_Shop","Hong Kong",1,0,"N/A","N/A","N/A","N/A","N/A","N/A","N/A","N/A","01/31/2026",65,1,3,0
"https://amazon.com/dp/B0B61GPPK3","https://m.media-amazon.com/images/I/613KKVibFFL._SX450_.jpg","B0B61GPPK3","Sewer Camera with with 512hz Locator Automatic Leveling Function, The 10.1-Inch Pipe Inspection Camera with Dvr, Ip68, is Suitable for Sewer, Household and Pipe Drainage System Inspection(50M/164ft)","SYANSPAN","FBA","Industrial & Scientific",417518,"N/A","N/A","N/A","N/A","Borescopes",778,1588.99,-21,2,0,-117,2426.77,"-",1,5,"pipe camera","China",1,44,47,"Large bulky",14.6,17.3,19,25.1,1555.24,3888.09,"12/31/2024",45,8,6,1.99
"https://amazon.com/dp/B0FJ2CFSHR","https://m.media-amazon.com/images/I/61GAxloIEAL._SX450_.jpg","B0FJ2CFSHR","Endoscope Camera with Light,1920P HD Borescope Tools with 8 Adjustable LED Lights, Endoscope with Semi-Rigid Snake Camera, Inspection Borescope for iOS and Android-16.4ft Single Lens(Yellow)","Kinpthy","FBA","Industrial & Scientific",418785,607605131421,"N/A",0607605131421,"N/A","Borescopes",786,25.99,"N/A",257,257,,6688.51,6685.93,2,5,"ClairvoyancePro","China",1,0,"N/A","Large Standard-Size",1.46,4.65,4.84,0.42,16.54,45.64,"02/28/2026",8,7,0,128.68
"https://amazon.com/dp/B0B2JT9WQD","https://m.media-amazon.com/images/I/81NdNQ2Q4KL._SX450_.jpg","B0B2JT9WQD","Anysun Sewer Inspection Camera - 100ft with 512Hz Transmitter, Receiver & 7"" LCD Monitor - IP68 Waterproof Pipe Camera DVR Recorder (8GB SD Card)","anysun","FBA","Industrial & Scientific",419448,774980345238,"N/A",0774980345238,"N/A","Borescopes",805,699.99,10,3,2,-42,3248.1,1418.74,24,4.1,"HZDZ_Shop","Hong Kong",1,61,-61,"Large bulky",8,17,21.25,19.75,936.57,2341.44,"11/30/2024",49,7,4,0.14
"https://amazon.com/dp/B0C2ZNYCLG","https://m.media-amazon.com/images/I/31yHAHzXALL._SX450_.jpg","B0C2ZNYCLG","0.67inch/17mm Sewer Camera Head Accessories,6 Pcs Adjustable LED Lights,Waterproof IP68 for Pipe Drain Endoscope Camera Replacement with Protective Cover","SYANSPAN","FBA","Industrial & Scientific",419818,"N/A","N/A","N/A","N/A","Borescopes",792,111.99,-3,3,3,,367.69,367.59,4,3.6,"pipe camera","China",2,29,"N/A","Large Standard-Size",2.52,4.06,6.77,0.24,34.84,96.1,"05/31/2025",53,9,0,0.82
"https://amazon.com/dp/B0B2VGF8L5","https://m.media-amazon.com/images/I/71YI0sEgguL._SX450_.jpg","B0B2VGF8L5","Pipe Camera's Kit Cable Used for Brand Anysun HBUDS Sewer Camera 165ft Extension Cable for Pipe Camera,165ft Cable Parts for Pipe Inspection Camera(50M/165FT Cable) (50m/165ft)","anysun","FBM","Industrial & Scientific",421700,774980345511,"N/A",0774980345511,"N/A","Borescopes",813,299.99,-18,2,0,,406.36,"-",14,4.4,"HZDZ_Shop","Hong Kong",1,90,-42,"N/A","N/A","N/A","N/A","N/A","N/A","N/A","11/30/2024",46,3,2,0.12
"https://amazon.com/dp/B0BWVD82JL","https://m.media-amazon.com/images/I/51BFznWqAmL._SX450_.jpg","B0BWVD82JL","HD Pipe Inspection Borescope Endoscope with 3.9mm USB-C for Mobile Phones and 5m Flexible Cord","Walfront","FBA","Industrial & Scientific",422033,"N/A","N/A","N/A","N/A","Borescopes",794,23.82,-3,5,5,-35,114.58,114.45,5,2,"Luoyuu","China",2,0,"N/A","Large Standard-Size",1.46,5.08,5.16,0.28,19.21,52.99,"12/31/2025",37,9,0,1.16
"https://amazon.com/dp/B0D9GC35PW","https://m.media-amazon.com/images/I/81M1qpgy1zL._SX450_.jpg","B0D9GC35PW","Turn Raise Original Endoscope Camera Carrying Case, Wireless Borescope Storage Bag for WiFi & USB Scope Camera, Large-Capacity Hardshell Organizer for 5"" Screen Inspection Camera Cable Less Than 15m","TURN RAISE","FBA","Industrial & Scientific",423047,"N/A","N/A","N/A","N/A","Borescopes",790,29.99,-30,3,3,-100,79.35,79.23,8,5,"TurnRaiseDirect","China",1,140,"N/A","Large Standard-Size",4.06,7.64,8.98,0.79,140.24,386.87,"11/30/2025",21,7,0,0.33
"https://amazon.com/dp/B0BJ733KVW","https://m.media-amazon.com/images/I/71+aZFCoehL._SX450_.jpg","B0BJ733KVW","Anysun Sewer Camera - 1080P HD Drain Snake with 9"" IPS Monitor and 100ft Cable, IP68 Waterproof Pipe Inspection Camera with DVR Recording and 16GB Memory Card","anysun","FBA","Industrial & Scientific",423921,717021375726,"N/A",0717021375726,"N/A","Borescopes",809,439.99,-9,0,0,,"-","-",37,4.3,"HZDZ_Shop","Hong Kong",1,0,"N/A","Large bulky",10,13.25,15.25,10.85,654.83,1637.08,"01/31/2026",42,6,3,0
"https://amazon.com/dp/B0B2VN9NCN","https://m.media-amazon.com/images/I/71YI0sEgguL._SX450_.jpg","B0B2VN9NCN","anysun Pipe Camera's Kit Cable Used for Brand HBUDS Sewer Camera 100ft Extension Cable for Pipe Cam,100ft Cable Parts for Pipe Inspection Cam Mode 7D1 / 7D3A/ 9D3A (30m/100ft)","anysun","FBM","Industrial & Scientific",424512,774980345498,"N/A",0774980345498,"N/A","Borescopes",809,229.92,-33,2,1,,406.36,272.41,14,4.4,"HZDZ_Shop","Hong Kong",1,90,-42,"N/A","N/A","N/A","N/A","N/A","N/A","N/A","11/30/2024",46,3,2,0.12
"https://amazon.com/dp/B0DKNK4RG9","https://m.media-amazon.com/images/I/71H5A6QK-WL._SX450_.jpg","B0DKNK4RG9","GEYOPMID Endoscope Camera with Light, 1200tvl HD 4.5"" Display Borescope Camera with 9 Adjustable LED Lights, 32.81ft Semi-Rigid Snake Camera with Light Ip68 Waterproof Inspection Camera with Light","GEYOPMID","FBM","Industrial & Scientific",425544,"N/A","N/A","N/A","N/A","Borescopes",799,48.99,"N/A",0,0,,"-","-","N/A","N/A","Lunentoo","China",1,0,"N/A","N/A","N/A","N/A","N/A","N/A","N/A","N/A","-",17,7,0,"N/A"
"https://amazon.com/dp/B00CBKFJVM","https://m.media-amazon.com/images/I/41GcZswrP6L._SX450_.jpg","B00CBKFJVM","Supereyes Hook Magnet Side View Mirror Set for Borescope Endoscope N005 N013J N015 series","Supereyes","FBA","Industrial & Scientific",426606,045635335806,"N/A",0045635335806,"N/A","Borescopes",816,19.99,-12,3,3,,51.26,51.15,57,3.8,"Supereyes Official","China",2,9,125,"Small Standard-Size",0.35,1.26,2.09,0.04,0.47,1.29,"06/30/2025",156,3,0,0.04
"https://amazon.com/dp/B0DQY8P187","https://m.media-amazon.com/images/I/71iWD1+iRFL._SX450_.jpg","B0DQY8P187","Endoscope Camera with Light, 4.3"" Inspection Camera, 1920P HD Borescope Camera with 8 LED Lights, IP67 Waterproof Snake Sewer Camera, 32.8FT Semi-Rigid Cord Drain Pipe Camera Cool Gadgets Tool","Jebousike","FBA","Industrial & Scientific",426719,"N/A","N/A","N/A","N/A","Borescopes",814,52.98,-7,3,1,200,153.76,27.3,"N/A","N/A","Jebousike","China",1,62,"N/A","Large Standard-Size",1.38,3.39,4.06,0.26,9.53,26.28,"05/31/2025",15,7,6,"N/A"
"https://amazon.com/dp/B09HTJP92P","https://m.media-amazon.com/images/I/51fH8feACrL._SX450_.jpg","B09HTJP92P","ANYSUN Sewer Camera's Accessories Camera with 512hz Sonde","anysun","FBM","Industrial & Scientific",426857,770887234361,"N/A",0770887234361,"N/A","Borescopes",816,299.99,-24,4,4,-40,1147.12,1147.02,6,3.5,"ToBestGift","China",1,97,80,"N/A","N/A","N/A","N/A","N/A","N/A","N/A","10/31/2025",54,4,0,0.64
"https://amazon.com/dp/B09917WMZM","https://m.media-amazon.com/images/I/71iMU2mjF5S._SX450_.jpg","B09917WMZM","Vividia FM-130 All-in-One LCD/HDMI Digital Forensic Document Examination Analyzer Camera with White/Blue/IR/UVA/UVC/Laser","VIVIDIA","FBM","Industrial & Scientific",427105,"N/A","N/A","N/A","N/A","Borescopes",826,399.99,-17,3,3,,1179.79,1179.69,1,5,"Oasis Scientific Inc.","USA",1,17,240,"N/A","N/A","N/A","N/A","N/A","N/A","N/A","10/31/2025",57,9,0,2.94
"https://amazon.com/dp/B0B61GVMHR","https://m.media-amazon.com/images/I/613KKVibFFL._SX450_.jpg","B0B61GVMHR","Sewer Camera HD 1080P Video Image-Scaling Distanc Counter 10.1inch Pipe Inspection Camera 512HZ Locator 10-50M Self-Leveling Video Audio Recording Endoscop for for Plumber, Homeowners(98ft)","SYANSPAN","FBM","Industrial & Scientific",427830,"N/A","N/A","N/A","N/A","Borescopes",807,1775,34,2,0,-118,2302.02,"-",1,5,"pipe camera","China",1,44,47,"Large bulky",16.54,14.17,18.9,33.07,"N/A","N/A","12/31/2024",45,7,6,1.87
"https://amazon.com/dp/B0B61G7CVX","https://m.media-amazon.com/images/I/613KKVibFFL._SX450_.jpg","B0B61G7CVX","Sewer Camera HD 1080P Video Image-Scaling Distanc Counter 10.1inch Pipe Inspection Camera 512HZ Locator 10-50M Self-Leveling Video Audio Recording Endoscop for for Plumber, Homeowners(131ft)","SYANSPAN","FBM","Industrial & Scientific",427832,"N/A","N/A","N/A","N/A","Borescopes",807,1802,24,2,0,-118,2302.02,"-",2,5,"pipe camera","China",1,44,47,"Large bulky",16.54,14.17,18.9,33.07,"N/A","N/A","12/31/2024",45,7,6,0.94
"https://amazon.com/dp/B0B61FLKJ5","https://m.media-amazon.com/images/I/613KKVibFFL._SX450_.jpg","B0B61FLKJ5","Sewer Camera HD 1080P Video Image-Scaling Distanc Counter 10.1inch Pipe Inspection Camera 512HZ Locator 10-50M Self-Leveling Video Audio Recording Endoscop for for Plumber, Homeowners(33ft)","SYANSPAN","FBM","Industrial & Scientific",428179,"N/A","N/A","N/A","N/A","Borescopes",819,1740,3,2,0,-118,2302.02,"-",2,5,"pipe camera","China",1,44,47,"Large bulky",16.54,14.17,18.9,33.07,"N/A","N/A","12/31/2024",45,7,6,0.94
"https://amazon.com/dp/B0B61L29QZ","https://m.media-amazon.com/images/I/613KKVibFFL._SX450_.jpg","B0B61L29QZ","Sewer Camera HD 1080P Video Image-Scaling Distanc Counter 10.1inch Pipe Inspection Camera 512HZ Locator 10-50M Self-Leveling Video Audio Recording Endoscop for for Plumber, Homeowners(66ft)","SYANSPAN","FBM","Industrial & Scientific",428179,"N/A","N/A","N/A","N/A","Borescopes",819,1770,4,2,0,-118,2302.02,"-",2,5,"pipe camera","China",1,44,47,"Large bulky",16.54,14.17,18.9,33.07,"N/A","N/A","12/31/2024",45,7,6,0.94
"https://amazon.com/dp/B0DZP8NKCB","https://m.media-amazon.com/images/I/71UT4FMo+UL._SX450_.jpg","B0DZP8NKCB","Sewer Camera with Locator Self Leveling,9’’16GB HD Video Screen,JQKJCAM Drain Snake Sewer Pipe Inspection Camera 100FT Waterproof with 12 Light Meter Counter for Plumber Inspector (30M)","JQKJCAM","FBA","Industrial & Scientific",429079,"N/A","N/A","N/A","N/A","Borescopes",805,699.95,-22,3,3,500,2171.49,2171.4,1,5,"JJKJ Cam","China",1,0,"N/A","Large bulky",10.75,15.5,17.63,16.85,952,2380,"02/28/2026",13,7,2,2.97
"https://amazon.com/dp/B0CYL6LHWC","https://m.media-amazon.com/images/I/51gg85psmJL._SX450_.jpg","B0CYL6LHWC","ANYSUN Sewer Camera's Accessories Camera (Buil-t-in 512hz Sonde and Self-Leveling Function)","anysun","FBM","Industrial & Scientific",430567,774049583311,"N/A",0774049583311,"N/A","Borescopes",806,299.99,-41,6,6,86,1970.04,1969.87,1,5,"ToBestGift","China",1,29,"N/A","N/A","N/A","N/A","N/A","N/A","N/A","N/A","01/31/2025",24,4,0,6.43
"https://amazon.com/dp/B0CQK1GSHP","https://m.media-amazon.com/images/I/81mwVnAddzL._SX450_.jpg","B0CQK1GSHP","Anysun Self-Leveling Sewer Camera with Locator, 9'' Pipe Drain Inspection System, 100ft Meter Marker Cable, DVR, 12 Adjustable Lights for Plumbing Snake","anysun","FBA","Industrial & Scientific",431070,"N/A","N/A","N/A","N/A","Borescopes",846,799.99,6,3,2,-25,3563.25,1976.06,1,5,"HZDZ_Shop","Hong Kong",1,77,"N/A","Large bulky",9.09,16.93,22.32,21.19,1113.16,2782.91,"06/30/2024",27,7,5,0.09
"https://amazon.com/dp/B0FQJMQZFH","https://m.media-amazon.com/images/I/71RNruY25RL._SX450_.jpg","B0FQJMQZFH","Sewer Camera 130FT,Upgraded 5'' HD IPS 32GB DVR Screen,36X Zoom in,17MM HD JQKJCAM Snake Sewer Inspection Cameras for Plumbing,Waterproof Drain Camera with 6 Light Portable Spool (40M)","JQKJCAM","FBA","Industrial & Scientific",431531,"N/A","N/A","N/A","N/A","Borescopes",820,289.9,"N/A",5,1,-89,1250.98,207.16,8,3.3,"JJKJ Cam","China",1,0,"N/A","Large Standard-Size",13.39,11.8,6.3,8.37,501.16,1382.52,"12/31/2025",7,9,10,0.57
"https://amazon.com/dp/B0DHZQCZM4","https://m.media-amazon.com/images/I/41IqamkepbL._SX450_.jpg","B0DHZQCZM4","VNisenllc Industrial Endoscope Camera 0° Detector with Light Handheld High Brightness Borescope LED Mini Cold Light Source","VNisenllc","FBM","Industrial & Scientific",431587,717392803378,"N/A",0717392803378,"N/A","Borescopes",810,382,-21,3,1,-41,390.81,216.51,3,5,"Northwolf","China",1,107,"N/A","N/A","N/A","N/A","N/A","N/A","N/A","N/A","02/28/2025",18,7,3,1.04
"https://amazon.com/dp/B0D1CG3JXK","https://m.media-amazon.com/images/I/714pbs8TW4L._SX450_.jpg","B0D1CG3JXK","Anysun Replacement Cable with Meter Marker and Box, Sewer Inspection Camera Part Only for Anysun 9DX23 Series Sewer Camera","anysun","FBM","Industrial & Scientific",431785,774049586831,"N/A",0774049586831,"N/A","Borescopes",822,369.94,-53,4,4,-70,1603.66,1603.61,4,2.7,"Nedive","Hong Kong",1,32,"N/A","N/A","N/A","N/A","N/A","N/A","N/A","N/A","10/31/2025",24,4,0,1.09
"https://amazon.com/dp/B0DGTVC7C1","https://m.media-amazon.com/images/I/71Z1at-ciIL._SX450_.jpg","B0DGTVC7C1","Oiiwak Sewer Camera with Locator 165FT, 5.5 mm Industrial Borescope Inspection Camera with 10.1"" Touch Screen, Self-Leveling/Distance Counter/ 12 LED Lights/Keyboard for Drain Pipe Plumbing","Oiiwak","FBA","Industrial & Scientific",432784,"N/A","N/A","N/A","N/A","Borescopes",813,949.99,-26,4,4,100,3458.27,3458.18,62,3.4,"Oiiwak Tech","China",1,0,"N/A","Large bulky",14.2,16.8,25,33.1,1932.78,4831.94,"10/31/2025",19,9,2,0.06
"https://amazon.com/dp/B082PG2GT6","https://m.media-amazon.com/images/I/61FY-07wr1L._SX450_.jpg","B082PG2GT6","Forbest Sewer Drain Inspection Camera, 130ft Fiberglass Cable, 7"" LCD Monitor, DVR Recorder & Battery, 512Hz Sonde Transmitter, Borescope Snake Camera, IP68 Waterproof Lens with Lights, Plumbing Tool","Forbest","FBM","Industrial & Scientific",433057,"N/A","N/A","N/A","N/A","Borescopes",808,949,"N/A",3,2,20,3295.85,2240.98,23,2.9,"Forbest Products Co.","USA",1,97,-16,"Large bulky",12.5,14,14,15.7,"N/A","N/A","12/31/2024",76,7,4,0.14
"https://amazon.com/dp/B0FMJ29TWN","https://m.media-amazon.com/images/I/715932Jj26L._SX450_.jpg","B0FMJ29TWN","T TAKMLY Endoscope Camera with Light, Dual Lens 1080P Industrial Borescope with 8 LED Lights, 4.3'' Inspection Snake Cameras, 16.4FT Semi-Rigid Cable, IP67 Waterproof (Deep Blue)","T TAKMLY","FBA","Industrial & Scientific",434055,721545124425,"N/A",0721545124425,"N/A","Borescopes",815,49.99,"N/A",28,28,,1419.26,1419.23,89,4.7,"Eight-nine-ten","China",1,0,"N/A","Large Standard-Size",3.82,9.02,9.41,1.1,163.24,450.33,"03/31/2026",13,9,0,0.32
"https://amazon.com/dp/B0DGT7M1ZS","https://m.media-amazon.com/images/I/51DZNbyNd0L._SX450_.jpg","B0DGT7M1ZS","Sewer Camera Guide Wheel with Protective Pulley Cover, 17mm/0.67in Pipe Drain Inspection Camera Accessory, SYANSPAN Plumbing Borescope Camera Parts. (for 17mm/0.67in)","SYANSPAN","FBA","Industrial & Scientific",434175,"N/A","N/A","N/A","N/A","Borescopes",830,23.99,-9,7,7,125,165.72,165.54,"N/A","N/A","pipe camera","China",1,0,"N/A","Large Standard-Size",5,5,2,0.25,25.17,69.44,"08/31/2025",25,1,3,"N/A"
"https://amazon.com/dp/B0DDWXDS9W","https://m.media-amazon.com/images/I/61lcUZ-mfIL._SX450_.jpg","B0DDWXDS9W","Two-Way Articulating Borescope, Inspection Endoscope Camera with 7.9mm Snake Gooseneck Camera IP67 Probe, 1080P Inspection Camera for iPhone, Android, Cell Phone not Include (3.3FT)","LotaTools","FBA","Industrial & Scientific",434381,"N/A","N/A","N/A","N/A","Borescopes",817,69.99,"N/A",1,1,,90.65,90.58,29,4.4,"LotaTools","China",1,3,"N/A","Large Standard-Size",3.23,9.37,16.97,2.18,258.58,713.33,"11/30/2024",22,8,2,0.04
"https://amazon.com/dp/B0FY1FZNR6","https://m.media-amazon.com/images/I/61nwk2K57pL._SX450_.jpg","B0FY1FZNR6","Articulating Borescope Camera with Light, 3.9 mm Two-Way 180° Probe, 1080P HD Industrial Endoscope Inspection Camera with 4.3'' IPS Screen, Borescope for Automotive, Engine, Mechanical Inspect","EFUTONPRO","FBA","Industrial & Scientific",435922,"N/A","N/A","N/A","N/A","Borescopes",820,112.99,"N/A",3,3,,290.58,290.44,"N/A","N/A","Supermarket2010","China",1,0,"N/A","Large Standard-Size",11.02,5.51,2.36,1.1,72.26,199.34,"02/28/2026",5,5,0,"N/A"
"https://amazon.com/dp/B0D25K6FZJ","https://m.media-amazon.com/images/I/51br16RgIJL._SX450_.jpg","B0D25K6FZJ","Anysun Sewer Camera Part, Replacement Cmaera Head Center Wheel Protective Cover for Any 23mm Sewer Inspection Camera","anysun","FBM","Industrial & Scientific",437629,717203906489,"N/A",0717203906489,"N/A","Borescopes",838,29.99,-28,3,3,,89.83,89.72,1,5,"Nedive","Hong Kong",1,9,"N/A","Large Standard-Size",1.5,1.5,2,0.2,"N/A","N/A","01/31/2025",23,3,0,3.01
"https://amazon.com/dp/B07Z8YD7SH","https://m.media-amazon.com/images/I/417e+Puj1UL._SX450_.jpg","B07Z8YD7SH","3 in 1 Endoscope Borescope Snake Camera Type C USB Endoscope for Android Mobile Phone 3.9mm Lens Borescope Inspection, 1280x720 Video Inspection Camera (5M)","Walfront","FBM","Industrial & Scientific",438876,"N/A","N/A","N/A","N/A","Borescopes",841,26.54,-5,2,2,-66,69.27,69.19,9,4.4,"nineone","China",2,122,281,"Large Standard-Size",1.38,5,5.2,0.4,"N/A","N/A","10/31/2025",77,9,0,0.28
"https://amazon.com/dp/B0CS2CX8TR","https://m.media-amazon.com/images/I/5196SKmMFSL._SX450_.jpg","B0CS2CX8TR","Sanyipace 512Hz Pipe Locator Underground, Plumbing Tools, Sewer Camera Accessories, 3000mAh Battery Powered, Rechargeable Receiver Locating Wand - Blue & Black","Sanyipace","FBA","Industrial & Scientific",439328,"N/A","N/A","N/A","N/A","Borescopes",837,379.88,35,19,18,,7456.58,6367.21,4,4.7,"Yans Minie","China",1,0,"N/A","Large Standard-Size",4.41,11.54,14.09,4.06,361.02,995.92,"02/28/2026",27,4,2,4.86
"https://amazon.com/dp/B09DPPM9D7","https://m.media-amazon.com/images/I/611dTrVI4QL._SX450_.jpg","B09DPPM9D7","Yuhoo 3-in-1 USB Endoscope, Type-C Inspection Camera for Industrial HD Cameras Endoscope, IP67 Waterproof WiFi Borescope Endoscope Snake Camera with 6 Adjustable Led Light(Size:2m)","DazzyD","FBA","Industrial & Scientific",441141,627653374533,"N/A",0627653374533,"N/A","Borescopes",831,9.99,-18,2,2,-86,14.74,14.66,56,2.9,"mashalikegb","China",1,108,15,"Large Standard-Size",0.83,5.31,6.1,0.12,13.5,37.24,"08/31/2025",55,7,0,0.03
"https://amazon.com/dp/B0F4L1ZK72","https://m.media-amazon.com/images/I/71ESxcs4mLL._SX450_.jpg","B0F4L1ZK72","200 FT Sewer Camera,Upgraded 5'' IPS 32GB DVR Audio Screen,36x Zoom in,23MM JQKJCAM Snake Pipe Sewer Inspection Camera with 12 Light Meter Counter Portable Spool for Drain Plumbing (60M)","JQKJCAM","FBA","Industrial & Scientific",444615,"N/A","N/A","N/A","N/A","Borescopes",835,389.9,-8,4,0,-100,1032.45,"-",8,3.3,"JJKJ Cam","China",2,0,"N/A","Large Standard-Size",13.39,11.81,6.3,9.92,501.41,1383.2,"12/31/2025",12,9,10,0.47
"https://amazon.com/dp/B0DGTKV8CY","https://m.media-amazon.com/images/I/71GY4emsUhL._SX450_.jpg","B0DGTKV8CY","Anysun Sewer Camera Self Leveling with 512Hz Sonde, 9MM 330Ft Thicker Cable w/Wheel, 32MM IP68 Camera, Distance Counter, 1-Touch Video/Audio, 10"" Adjustable Screen, Pipe Inspection Camera w/ 32G Card","anysun","FBA","Industrial & Scientific",445563,"N/A","N/A","N/A","N/A","Borescopes",847,2499.99,-14,3,3,80,7725.4,7725.27,"N/A","N/A","Yongchangsheng tech","Hong Kong",1,0,"N/A","Extra-large 70+ to 150 lb",16,27.5,29,55,4135.19,10337.96,"07/31/2025",15,9,2,"N/A"
"https://amazon.com/dp/B0FYP9SDDX","https://m.media-amazon.com/images/I/61NtkkxhQVL._SX450_.jpg","B0FYP9SDDX","Blessfly Sewer Camera with 512Hz Locator, Pipeline Inspection Camera with 7inch Monitor and 98ft/30m Cable, IP68 Waterproof DVR Recording with 32GB SD Card for Sewer Line, Home, Duct Drain Plumbing","BlessFly","FBA","Industrial & Scientific",445689,683125200304,"N/A",0683125200304,"N/A","Borescopes",841,699.99,-45,4,4,1400,3086.42,3086.3,7,4.8,"Blessfly Smart","China",1,0,"N/A","Large bulky",17,17,14,15,1311.2,3278.01,"11/30/2025",12,7,0,0.63
"https://amazon.com/dp/B0FR5HTWXN","https://m.media-amazon.com/images/I/51PG5zHkN9L._SX450_.jpg","B0FR5HTWXN","Equus Products 3381 HD Borescope Inspection Camera","Innova","FBM","Industrial & Scientific",449559,042173033812,"N/A",0042173033812,"N/A","Borescopes",849,109.74,-24,0,0,-140,"-","-","N/A","N/A","American-Mechanic","USA",4,0,"N/A","N/A",8.75,6,2,"N/A","N/A","N/A","12/31/2025",12,4,0,"N/A"
"https://amazon.com/dp/B0DQYBZDX5","https://m.media-amazon.com/images/I/71rfZw4NMRL._SX450_.jpg","B0DQYBZDX5","Dual Lens Industrial Endoscope, 1080P Digital Borescope Inspection Camera, 7.9mm IP67 Waterproof Camera, Sewer Camera with 4.3"" LCD Screen, 8 LED Lights, 16.5FT Semi-Rigid Cable","Jebousike","FBA","Industrial & Scientific",450405,"N/A","N/A","N/A","N/A","Borescopes",856,46.98,-13,3,1,200,153.76,35.04,16,4.6,"Jebousike","China",1,62,"N/A","Large Standard-Size",8.07,5.3,3.15,1.1,67.83,187.12,"05/31/2025",15,7,6,0.19
"https://amazon.com/dp/B0DQY9BM4H","https://m.media-amazon.com/images/I/71LRZvpCcHL._SX450_.jpg","B0DQY9BM4H","Dual Lens Borescope, Endoscope Camera with Light, IP67 Waterproof Endoscope, 1080P HD Inspection Camera, Borescope Camera with Light, Snake Camera, 32.8ft Endoscope Camera, Gadgets for Men (4.3”)","Jebousike","FBA","Industrial & Scientific",450623,"N/A","N/A","N/A","N/A","Borescopes",850,53.98,-20,3,0,200,153.76,"-","N/A","N/A","Jebousike","China",1,62,"N/A","Large Standard-Size",3.11,5.35,7.83,1.44,65.69,181.21,"05/31/2025",15,7,6,"N/A"
"https://amazon.com/dp/B0DQYBYJ4F","https://m.media-amazon.com/images/I/71cyHXEUZcL._SX450_.jpg","B0DQYBYJ4F","Dual Lens Endoscope Camera with Light - Inspection Borescope Camera with 4.3"" IPS Screen, 1920P HD Snake Camera with 8 LED Lights, 3.3FT Semi-Rigid Cord Bore Scope, IP67 Waterproof Endoscope for Sewer","Jebousike","FBA","Industrial & Scientific",450623,"N/A","N/A","N/A","N/A","Borescopes",850,44.99,-18,3,1,200,153.76,46.29,"N/A","N/A","Jebousike","China",1,62,"N/A","Large Standard-Size",3.11,5.43,7.83,0.78,66.66,183.88,"05/31/2025",15,8,6,"N/A"
"https://amazon.com/dp/B0DQYBRYMF","https://m.media-amazon.com/images/I/71B-79RH4bL._SX450_.jpg","B0DQYBRYMF","Endoscope Camera with Light, Jebousike 1080P HD Borescope Inspection Camera with 4.3"" IPS Screen, 98.4FT Flexible Sewer Camera, IP67 Waterproof Plumbing Snake Camera, Cool Gadgets for Men, Women","Jebousike","FBA","Industrial & Scientific",450717,"N/A","N/A","N/A","N/A","Borescopes",850,60.99,-10,3,0,200,153.76,"-","N/A","N/A","Jebousike","China",1,62,"N/A","Large Standard-Size",11,8.07,3.93,3.4,175.64,484.54,"05/31/2025",15,7,6,"N/A"
"https://amazon.com/dp/B0DQY8XVZT","https://m.media-amazon.com/images/I/71buxscaTkL._SX450_.jpg","B0DQY8XVZT","Industrial Endoscope Inspection Camera, 4.3"" IPS Borescope Sewer Camera with IP67 Waterproof Snake Camera with 8 LED Lights, 1080P Digital Borescope Inspection Camera 65.6FT Semi-Rigid Cable","Jebousike","FBA","Industrial & Scientific",450786,"N/A","N/A","N/A","N/A","Borescopes",850,55.98,-26,3,0,200,153.76,"-","N/A","N/A","Jebousike","China",1,62,"N/A","Large Standard-Size",3.86,8.19,11.14,2.46,177.24,488.92,"05/31/2025",15,7,6,"N/A"
"https://amazon.com/dp/B07PN9N21Z","https://m.media-amazon.com/images/I/71eNi-A9y0L._SX450_.jpg","B07PN9N21Z","Wireless Endoscope, LIMINK 50Ft Snake Camera, Inspection Camera with Ip67 Waterproof, WiFi borescopes 2.0 MP HD Drain Camera for Android and iOS Smartphone, iPhone, iPad, Samsung -Black(50FT)","L LIMINK","FBA","Industrial & Scientific",451112,742377623528,"N/A",0742377623528,"N/A","Borescopes",856,39.99,"N/A",0,0,,"-","-",1384,3.8,"Lemoge","China",1,0,"N/A","Large Standard-Size",2.39,5.88,6.45,1.61,45.63,125.88,"03/31/2024",85,7,0,0
"https://amazon.com/dp/B0CS68VYN9","https://m.media-amazon.com/images/I/71u5YkefJoL._SX450_.jpg","B0CS68VYN9","Sewer Camera 150ft,W/ 9'' Ultra HD 16GB DVR Screen (36X Zoom in),1080P JQKJCAM 23MM Pipe Endoscope Drain Camera Snake with 12 Bright Light,Meter Counter for Plumbing Sewer Inspection (50M/165FT)","JQKJCAM","FBA","Industrial & Scientific",451298,"N/A","N/A","N/A","N/A","Borescopes",854,441.75,-37,4,4,,1913.21,1913.13,5,4.4,"JJKJ Cam","China",1,10,"N/A","Large bulky",11.18,11.73,12.36,11.95,525.29,1313.24,"01/31/2025",27,8,0,0.82
"https://amazon.com/dp/B0F3DK6N13","https://m.media-amazon.com/images/I/71RNruY25RL._SX450_.jpg","B0F3DK6N13","Sewer Camera、Upgraded 5'' IPS 32GB DVR Audio Screen,36X Zoom in,JQKJCAM HD Waterproof 17MM Plumbing Drain Camera Snake with Light,Meter Counter,Roller Wheel for Pipe Sewer Inspection (100FT /30M)","JQKJCAM","FBA","Industrial & Scientific",454042,"N/A","N/A","N/A","N/A","Borescopes",852,259.99,-7,5,1,-89,1250.98,280.19,8,3.3,"JJKJ Cam","China",1,0,"N/A","Large Standard-Size",13.39,11.8,6.3,7.6,501.16,1382.52,"12/31/2025",12,9,10,0.57
"https://amazon.com/dp/B0F3DKNDY2","https://m.media-amazon.com/images/I/71RNruY25RL._SX450_.jpg","B0F3DKNDY2","Sewer Camera 25FT,5'' IPS 32GB Video & Audio Screen,17MM/0.67'' JQKJCAM Sewer Drain Inspection Camera,Waterproof Pipe Borescope Plumbing Snake Cameras with 6 Light Meter Counter (10M/33FT)","JQKJCAM","FBA","Industrial & Scientific",454064,"N/A","N/A","N/A","N/A","Borescopes",851,249,-24,5,2,-89,1250.98,571.06,8,3.3,"JJKJ Cam","China",1,0,"N/A","Large Standard-Size",13.39,11.8,6.3,6,501.16,1382.52,"12/31/2025",12,9,10,0.57
"https://amazon.com/dp/B0CQT8KY6P","https://m.media-amazon.com/images/I/51KXfYQRR3L._SX450_.jpg","B0CQT8KY6P","SIUKE Pipe Inspection Stabilizer Expandable Pipeline Sewer Inspection Camera Guide Wheels for 23mm / 50mm Drain Pipeline Inspection Camera for 20-40cm Pipelines","SIUKE","FBA","Industrial & Scientific",454457,"N/A","N/A","N/A","N/A","Borescopes",863,225.3,-29,3,3,120,586.98,586.9,"N/A","N/A","JXLjiaxunle","China",2,0,"N/A","Large Standard-Size",13.78,7.09,5.12,3.75,251.63,694.15,"10/31/2025",27,9,0,"N/A"
"https://amazon.com/dp/B0G26V2RDN","https://m.media-amazon.com/images/I/51hjl8senjL._SX450_.jpg","B0G26V2RDN","SUNGOOYUE Detachable 360 Degree Rotating Plastic Periscope for Teaching, Multi Purpose Periscope for Indoor Use, Convenient Rotatable","SUNGOOYUE","FBM","Industrial & Scientific",455909,"N/A","N/A","N/A","N/A","Borescopes",862,9.1,3,6,6,,67.16,67.02,"N/A","N/A","Densive","China",1,0,"N/A","Large Standard-Size",11.81,2.76,1.97,0.3,"N/A","N/A","02/28/2026",5,9,0,"N/A"
"https://amazon.com/dp/B0FPF369GV","https://m.media-amazon.com/images/I/71E2FDk-xlL._SX450_.jpg","B0FPF369GV","Two-Way Articulating Borescope with Light, 0.24in Industrial Endoscope Inspection Camera, 5-inch IPS Screen 5ft Waterproof Flexible Snake Tube 5000mAh Battery for Car Wall Pipeline Machine Maintenance","THCLUS","FBA","Industrial & Scientific",457002,744985685042,"N/A",0744985685042,"N/A","Borescopes",860,95.88,-17,7,7,400,706.27,706.11,5,5,"THCLUS","China",1,0,"N/A","Large Standard-Size",15.94,8.46,2.76,2.65,187.39,516.93,"09/30/2025",7,7,0,1.47
"https://amazon.com/dp/B0C74WJJPW","https://m.media-amazon.com/images/I/61+gSN1j9YL._SX450_.jpg","B0C74WJJPW","Guy-Tech AC DC Adapter Compatible with Extech BR200 BR250 Video Borescope/Wireless Inspection Camera Power Supply Cord Wall Home Charger","GUY-TECH","FBM","Industrial & Scientific",457719,"N/A","N/A","N/A","N/A","Borescopes",863,9.99,-51,2,2,-120,21.72,21.6,"N/A","N/A","EXT Store","China",1,4,-43,"N/A","N/A","N/A","N/A","N/A","N/A","N/A","09/30/2024",34,5,0,"N/A"
"https://amazon.com/dp/B0CRB2C49G","https://m.media-amazon.com/images/I/41C5kxmXRzL._SX450_.jpg","B0CRB2C49G","JIOTV for Milwaukee Tool 2319-20 M-Spector™ 4' Inspection Camera","JIOTV","FBM","Industrial & Scientific",459051,715326228211,"N/A",0715326228211,"N/A","Borescopes",871,259.99,"N/A",1,1,-115,358.52,358.46,3,3.4,"Best Discounted items","USA",1,95,53,"N/A","N/A","N/A","N/A","N/A","N/A","N/A","11/30/2025",27,3,0,0.46
"https://amazon.com/dp/B003IFRITU","https://m.media-amazon.com/images/I/51w3W4BAbIL._SX450_.jpg","B003IFRITU","RIDGID 37098 6-mm Imager Head Accessory with 1-meter Cable, Camera Head, RIDGID SeeSnake Parts","RIDGID","Amazon","Industrial & Scientific",459361,095691370983,00095691370983,0095691370983,"N/A","Borescopes",878,156.02,-7,2,2,,303.64,303.6,28,4.2,"Amazon","N/A",4,43,-35,"Large Standard-Size",1.22,7.52,10.35,0.51,"N/A","N/A","04/30/2025",178,6,0,0.06
"https://amazon.com/dp/B0F89Y8S2H","https://m.media-amazon.com/images/I/7183QAsB3kL._SX450_.jpg","B0F89Y8S2H","Endoscope Camera with Light, Borescope with 8 Adjustable LED Lights, 4.3"" Endoscope with Semi-Rigid Snake Camera, IP67 Waterproof Inspection Borescope, Cool Gadgets for Men","Leipan","FBA","Industrial & Scientific",459380,716842710983,"N/A",0716842710983,"N/A","Borescopes",873,29.99,-21,0,0,-150,"-","-",11,4.4,"LEIPAN","China",1,0,"N/A","Large Standard-Size",2.91,7.17,10.39,1.06,109.14,301.09,"06/30/2025",11,7,0,0
"https://amazon.com/dp/B0C38SVCCV","https://m.media-amazon.com/images/I/51khcECrJvL._SX450_.jpg","B0C38SVCCV","0.9inch/23mm Sewer Camera Head Wheel Replacement,Compatible with 23mm Pipe Inspection Cameras Head,Stainless Steel & Rubber (1-Pack)","SYANSPAN","FBA","Industrial & Scientific",461160,"N/A","N/A","N/A","N/A","Borescopes",880,20.99,-14,1,1,-132,20.41,20.38,1,4,"pipe camera","China",2,0,"N/A","Large Standard-Size",6.7,3.9,2,0.5,26.31,72.58,"11/30/2025",53,4,0,0.98
"https://amazon.com/dp/B0F2H52LH5","https://m.media-amazon.com/images/I/618xL9VxpeL._SX450_.jpg","B0F2H52LH5","BAOSHLA A-600 5-inch Touch Screen Fiber Optic Microscope 400x Fiber Optic Cleaning Microscope SCUPC FCUPC STUPC LCUPC Male/Female Interface Adapter Handheld end face Inspector Real time Video Probe","BAOSHLA","FBA","Industrial & Scientific",465569,"N/A","N/A","N/A","N/A","Borescopes",872,478,-35,2,2,400,823.75,823.72,"N/A","N/A","BAOSHLA","China",1,0,"N/A","Large Standard-Size",10.43,3.39,5.98,1.72,106.45,293.67,"01/31/2026",12,9,0,"N/A"
"https://amazon.com/dp/B0CYPT5V6H","https://m.media-amazon.com/images/I/7127j6SWrIL._SX450_.jpg","B0CYPT5V6H","Endoscope Camera with Light,Inspection Camera 16.4ft Gadgets for Men 1080P HD Endoscope with 8 Adjustable LED Lights","ZOIOT","FBA","Industrial & Scientific",466353,"N/A","N/A","N/A","N/A","Borescopes",877,29.99,-46,0,0,-100,"-","-",25,4.1,"YFD-US","China",1,14,"N/A","Large Standard-Size",1.18,6.42,6.54,0.46,24.94,68.81,"09/30/2024",24,1,0,0
"https://amazon.com/dp/B0FLPWZMNV","https://m.media-amazon.com/images/I/719L+bFbuSL._SX450_.jpg","B0FLPWZMNV","Anysun Sewer Camera with Locator, Self Leveling Sewer Inspection Camera 200ft with Distance Counter, 9'' 1080P IPS Monitor and Video Recorder with MIC, 7MM Cable with 12 Lights(32GB Card)","anysun","FBM","Industrial & Scientific",466907,769016774069,"N/A",0769016774069,"N/A","Borescopes",893,999.99,-9,3,1,44,2879.76,944.45,1,5,"Nedive","Hong Kong",1,0,"N/A","Large bulky",15,16,19,24,"N/A","N/A","01/31/2026",8,8,4,3.23
"https://amazon.com/dp/B09L15Q1YW","https://m.media-amazon.com/images/I/51KNrcuad0L._SX450_.jpg","B09L15Q1YW","Sewer Camera Head Accessories Self-Leveling 512Hz Sonde Transmitter for Industrial Pipe Endoscope Inspection Camera with Wheel and Protective Cover（Dia:0.9inch/23mm）","SYANSPAN","FBM","Industrial & Scientific",468286,"N/A","N/A","N/A","N/A","Borescopes",893,399.99,17,3,3,-33,1208.29,1208.14,1,5,"pipe camera","China",2,43,-70,"Large Standard-Size",6.7,3.9,2,1.1,"N/A","N/A","04/30/2024",53,7,1,3.02
"https://amazon.com/dp/B092M73M5R","https://m.media-amazon.com/images/I/71p8aBL-Y3L._SX450_.jpg","B092M73M5R","Sewer Camera 100ft / 30m, Comstex Sewer Inspection Camera, 9 inch LCD Monitor with DVR, Video Pipe Inspection Equipment IP68 with 12 LED Lights for Plumber, Homeowners","Comstex","FBA","Industrial & Scientific",470176,"N/A","N/A","N/A","N/A","Borescopes",877,399.99,"N/A",0,0,,"-","-",73,4.2,"Comstex Direct【1 year warranty for all 】","China",1,14,-95,"Large bulky",6.85,15.71,16.26,12.13,567.06,1417.66,"07/31/2024",60,7,7,0
"https://amazon.com/dp/B0D1RHPK3R","https://m.media-amazon.com/images/I/71C7qXBtwVL._SX450_.jpg","B0D1RHPK3R","Endoscope Camera with 4.3"" Screen, Triple Lens, 1080P 32GB Card, 33FT Cable, Zoom, Inspection Camera for Home","SYANSPAN","FBA","Industrial & Scientific",470972,"N/A","N/A","N/A","N/A","Borescopes",898,64.99,7,1,0,-109,49.18,"-",34,4.5,"pipe camera","China",1,61,"N/A","Large Standard-Size",14,3,11,1.68,232.6,641.67,"11/30/2024",24,7,4,0.03
"https://amazon.com/dp/B0DK9DFDJX","https://m.media-amazon.com/images/I/71p3jDKG+7L._SX450_.jpg","B0DK9DFDJX","Anysun Sewer Camera with 512HZ Sonde, Self Leveling Sewer Camera 200ft with Distance Counter, 10.1"" IPS Monitor with MIC and DVR, 32MM Drain Pipe Camera with 24PCS LEDs and 9MM Cable(32GB Card)","anysun","FBA","Industrial & Scientific",471161,717813045363,"N/A",0717813045363,"N/A","Borescopes",885,2199.99,"N/A",2,2,,4893.15,4893.11,1,5,"Nedive","Hong Kong",1,26,"N/A","Extra-large 70+ to 150 lb",15,28,26,48,3538.89,8847.22,"06/30/2025",17,7,2,2.22
"https://amazon.com/dp/B0D8VTS9DS","https://m.media-amazon.com/images/I/71htSK47TEL._SX450_.jpg","B0D8VTS9DS","Autel MaxiVideo MV108S Digital Inspection Camera, 2025 Upgrade MV108/MV105S IP67 Waterproof 8.5mm Borescope 39.37'' 2MP Camera + LED Light 1920x1080 Compatible with Autel Scanner & PC","Autel","FBA","Industrial & Scientific",471197,792499858506,"N/A",0792499858506,"N/A","Borescopes",886,49,-40,0,0,-79,"-","-",11,4.5,"Autel Global Distributor","USA",1,72,"N/A","Large Standard-Size",2,6.55,12.5,0.8,82.44,227.43,"10/31/2025",21,6,0,0
"https://amazon.com/dp/B0D1RGVN7P","https://m.media-amazon.com/images/I/61h7D0ltsVL._SX450_.jpg","B0D1RGVN7P","Endoscope Camera with Light,Triple Lens Sewer Camera,16.4ft/5M Cable,1080P IPS HD Screen,2MP, IP67 Waterproof Borescope,2600mAh Battery, 8GB Storage","SYANSPAN","FBA","Industrial & Scientific",471794,"N/A","N/A","N/A","N/A","Borescopes",897,39.99,-6,1,1,-109,49.18,20.61,34,4.5,"pipe camera","China",1,61,"N/A","Large Standard-Size",3.39,6.34,11.81,1.17,127.8,352.54,"11/30/2024",24,7,4,0.03
"https://amazon.com/dp/B0D1N9HZWX","https://m.media-amazon.com/images/I/71ErMmJlPjL._SX450_.jpg","B0D1N9HZWX","Endoscope Camera with Light,Triple Lens 1080P HD Borescope,16.4ft/5M Cable,2MP IP67 Waterproof Inspection Camera,2600mAh Battery,8GB Storage (M60-3lens-8GB-5M)","SYANSPAN","FBA","Industrial & Scientific",471794,"N/A","N/A","N/A","N/A","Borescopes",897,39.99,-31,1,1,-109,49.18,20.2,34,4.5,"pipe camera","China",1,61,"N/A","Large Standard-Size",3.03,7.48,13.11,1.3,149.6,412.68,"11/30/2024",24,9,4,0.03
"https://amazon.com/dp/B0DP2J6VDQ","https://m.media-amazon.com/images/I/61M9N5emJ4L._SX450_.jpg","B0DP2J6VDQ","CYTGOUPER C Type 3 in 1 Endoscope Camera,High Definition Waterproof Mobile Phone Endoscope 3.9mm Endoscope Borescope Android for Fiberscopes (3.5m Flexible Cord)","CYTGOUPER","FBA","Industrial & Scientific",471942,"N/A","N/A","N/A","N/A","Borescopes",889,22.09,-6,7,7,-14,165.87,165.72,2,4.7,"Cytliamnb","China",2,45,"N/A","Large Standard-Size",1.46,4.8,5,0.22,17.61,48.59,"02/28/2025",16,9,3,3.75
"https://amazon.com/dp/B0FL1TPZSQ","https://m.media-amazon.com/images/I/71o6aYa-MvL._SX450_.jpg","B0FL1TPZSQ","Sewer Camera Self-Leveling, 166ft Drain Camera with Meter Counter, 9-inch HD, Plumbing Cameras Snake with 12 LED Lights, 5100mAh Battery, IP68 & 32GB DVR Recording for Duct Sewer Line Pipe Inspection","okk","FBA","Industrial & Scientific",472126,"N/A","N/A","N/A","N/A","Borescopes",896,599.99,9,15,5,475,7938.86,3106.79,2,2.9,"ZOZUS-DIRECT","China",1,0,"N/A","Large bulky",14,13,12,12,707.78,1769.44,"11/30/2025",8,8,0,7.48
"https://amazon.com/dp/B0DCNTRGM6","https://m.media-amazon.com/images/I/71QlD-KjZJL._SX450_.jpg","B0DCNTRGM6","Gulitech Two-Way Articulating Borescope Camera with Light, Industrial Endoscope Inspection Camera with Articulated Probe,Mechanic Fiber Optic Snake Scope Cam for Wall Automotive Engine Inspect","GuliTech","FBA","Industrial & Scientific",473828,"N/A","N/A","N/A","N/A","Borescopes",891,123,-35,2,2,,194.5,194.44,8,5,"Gulitech","China",1,17,"N/A","Large Standard-Size",3.11,8.74,12.6,2.49,172.43,475.67,"11/30/2024",20,9,0,0.2
"https://amazon.com/dp/B0CP638V8G","https://m.media-amazon.com/images/I/51HxylvRPCL._SX450_.jpg","B0CP638V8G","Replacement Screen for Anysun 9DX Series Sewer Inspection Camera","anysun","FBM","Industrial & Scientific",473973,774049912852,"N/A",0774049912852,"N/A","Borescopes",892,129.99,-16,3,3,-18,410.5,410.38,"N/A","N/A","Nedive","Hong Kong",1,66,"N/A","N/A","N/A","N/A","N/A","N/A","N/A","N/A","03/31/2025",28,1,0,"N/A"
"https://amazon.com/dp/B0DGQ1RFJD","https://m.media-amazon.com/images/I/51G5zbqU+VL._SX450_.jpg","B0DGQ1RFJD","Sunicon 3 in 1 Industrial Borescope, 1.5m IP67 Endoscope Borescope Snake Camera Waterproof Inspection Camera Type C Micro USB Endoscope with 6 LED Lights for Android Phone Tablet Device(3.9MM)","Sunicon","FBA","Industrial & Scientific",474128,"N/A","N/A","N/A","N/A","Borescopes",895,50.99,-6,4,4,138,178.78,178.74,"N/A","N/A","Rockyee","China",2,0,"N/A","Large Standard-Size",9.06,3.94,1.18,0.19,21.2,58.48,"01/31/2026",19,9,2,"N/A"
"https://amazon.com/dp/B0CW3HP3KV","https://m.media-amazon.com/images/I/41wqzKpExEL._SX450_.jpg","B0CW3HP3KV","Sewer Inspection Camera 23mm IP68 12 LED Lights 15mm Thread Diameter Pipe Drain Endoscope Accessory","Walfront","FBA","Industrial & Scientific",477071,"N/A","N/A","N/A","N/A","Borescopes",910,144.49,-20,3,3,-20,497.71,497.62,"N/A","N/A","nineone","China",2,23,"N/A","Large Standard-Size",2.52,4.13,6.57,0.4,34.48,95.12,"10/31/2025",25,9,0,"N/A"
"https://amazon.com/dp/B0DFCNZM93","https://m.media-amazon.com/images/I/71cZhb1+rgL._SX450_.jpg","B0DFCNZM93","HD Screen Endoscope Camera with LED Light, Flexible Borescope for Pipeline & Car Inspections, Portable, 2000mAh Battery, Waterproof, Single Lens Design","Irosiy","FBM","Industrial & Scientific",477297,"N/A","N/A","N/A","N/A","Borescopes",899,90.4,-34,0,0,,"-","-",16,4.9,"Saulesh's Store","N/A",1,4,"N/A","Large Standard-Size",3.11,5.24,7.68,1.15,"N/A","N/A","02/28/2025",19,9,0,0
"https://amazon.com/dp/B0CP3YBTT4","https://m.media-amazon.com/images/I/61VZRWkC4rL._SX450_.jpg","B0CP3YBTT4","Sanyipace Sewer Camera Type-c Adapter, US Plug, Battery Power Charger Adapter for Pipe Inspection Camera, Model: S8417D, Sewer Camera Accessories","Sanyipace","FBA","Industrial & Scientific",477706,"N/A","N/A","N/A","N/A","Borescopes",898,25.99,-34,5,5,400,122.95,122.84,1,5,"Yans Minie","China",1,0,"N/A","Large Standard-Size",1.85,2.99,3.58,0.13,9.97,27.5,"02/28/2026",28,5,0,4.72
"https://amazon.com/dp/B0G394XQCT","https://m.media-amazon.com/images/I/719L+bFbuSL._SX450_.jpg","B0G394XQCT","Anysun Sewer Camera with Locator, Self Leveling Sewer Inspection Camera 100ft with Distance Counter, 9'' 1080P IPS Monitor and Video Recorder with MIC, 7MM Cable with 12 Lights(32GB Card)","anysun","FBM","Industrial & Scientific",480321,717639701238,"N/A",0717639701238,"N/A","Borescopes",908,799.99,-31,3,2,44,2879.76,1592.33,1,5,"Nedive","Hong Kong",1,0,"N/A","Large bulky",15,16,19,20,"N/A","N/A","01/31/2026",4,8,4,3.23
"https://amazon.com/dp/B07Z93MGXQ","https://m.media-amazon.com/images/I/61S0Jtk5SHL._SX450_.jpg","B07Z93MGXQ","3 in 1 USB C Endoscope Borescope Snake Camera for Android Phone 3.9mm Lens 1280x720 HD Video Inspection Camera IP67 Borescope Inspection Camera","Walfront","FBA","Industrial & Scientific",482398,"N/A","N/A","N/A","N/A","Borescopes",919,19.59,-41,2,2,,38.68,38.63,2,3.8,"nineone","China",2,8,-50,"Large Standard-Size",1.54,4.88,4.88,0.22,18.46,50.94,"09/30/2024",77,9,0,1.1
"https://amazon.com/dp/B0DCC1FY72","https://m.media-amazon.com/images/I/519daNz4ipL._SX450_.jpg","B0DCC1FY72","Sewer Camera Head with 512hz Self Leveling, 0.9inch/23mm Replacement Pipe Camera Head with 12 LED Lights, IP68 Waterproof, Stainless Steel Compatible with Anysun, HBUDS, PRANITE Sewer Camera","PRANITE","FBM","Industrial & Scientific",484064,717018396697,"N/A",0717018396697,"N/A","Borescopes",917,319.99,51,3,3,,1109.54,1109.41,1,5,"dengwencai","China",1,0,"N/A","N/A","N/A","N/A","N/A","N/A","N/A","N/A","02/28/2026",20,4,4,3.48
"https://amazon.com/dp/B0DFHVCQNG","https://m.media-amazon.com/images/I/51+bWTfCarL._SX450_.jpg","B0DFHVCQNG","Pipe Sewer Inspection Camera Protective Cover, Wheel Plastic Pipe Camera Protective Cover for Endoscope Part Accessory","Heayzoki","FBA","Industrial & Scientific",486494,"N/A","N/A","N/A","N/A","Borescopes",924,16.7,-20,3,3,9,52.05,51.93,"N/A","N/A","Wendryer","China",2,0,"N/A","Large Standard-Size",3.15,3.15,0.79,0.07,3.93,10.85,"01/31/2026",19,9,0,"N/A"
"https://amazon.com/dp/B0CPDH2CWJ","https://m.media-amazon.com/images/I/71Ncby6shIL._SX450_.jpg","B0CPDH2CWJ","ESANHAO Sewer Camera 100ft wiht Self Leveling 512Hz Transmitter Inspection Endoscope with Light Waterproof Plumbing Camera for Plumber, Homeowners","ESANHAO","FBA","Industrial & Scientific",488685,"N/A","N/A","N/A","N/A","Borescopes",915,399.99,-29,1,1,-55,427.25,427.18,15,3,"ESANHAO Store","China",1,0,"N/A","Large bulky",11.25,12,14,12.5,612.5,1531.25,"06/30/2025",28,7,4,0.07
"https://amazon.com/dp/B0FFGFYVK9","https://m.media-amazon.com/images/I/71xpKIfEuvL._SX450_.jpg","B0FFGFYVK9","𝟐𝟎𝟐𝟔 𝐧𝐞𝐰 HD 1080P Sewer Camera with DVR 32GB, 4.3"" IPS Drain Camera (Plug and Play), HD 1080P Pipe Inspection Camera, 5000mAh, Endoscope Camera with 4-Level LED Lights, Cable Marking, 100ft/30M","ChoosePRO","FBA","Industrial & Scientific",490169,"N/A","N/A","N/A","N/A","Borescopes",921,259.99,"N/A",1,1,-50,340.89,340.83,11,3.7,"ChoosePRO Direct","Hong Kong",1,0,"N/A","Large bulky",6.97,14.02,16.19,7.17,512.71,1281.78,"10/31/2025",9,6,0,0.12
"https://amazon.com/dp/B0FPG6FHCW","https://m.media-amazon.com/images/I/31cvqu0+TlL._SX450_.jpg","B0FPG6FHCW","Hialemi 512Hz Pipe Locator Receiver, Dual-Mode Underground Pipe Locator with 3000mAh Rechargeable Battery, Sewer Camera Accessories, Sewer Camera Locators Tool for Plumbing, Drain & Pipeline Detection","Hialemi","FBA","Industrial & Scientific",491097,"N/A","N/A","N/A","N/A","Borescopes",929,349.99,"N/A",4,4,,1338.5,1338.43,3,5,"Hialemi-US Direct","China",1,0,"N/A","Large Standard-Size",13.78,9.45,3.94,4.06,258.08,711.94,"-",7,1,0,1.27
"https://amazon.com/dp/B0DSKVN1Z9","https://m.media-amazon.com/images/I/714EpYSYcfL._SX450_.jpg","B0DSKVN1Z9","Dual Lens Endoscope Camera with Light, 1080P Borescope Inspection Camera with 5"" IPS Screen, 32.8FT Semi-Rigid, 8+1 LEDs & 32GB Card, 7.9mm IP67 Waterproof Sewer Snake Cam for Car Plumbing Wall","Amailtom","FBA","Industrial & Scientific",491661,"N/A","N/A","N/A","N/A","Borescopes",925,48.77,-35,1,1,50,28.12,28.08,26,4.3,"Amaiton","China",1,12,"N/A","Large Standard-Size",3.07,6.22,11.06,1.63,106.4,293.51,"02/28/2025",15,9,0,0.02
"https://amazon.com/dp/B0FC639HC1","https://m.media-amazon.com/images/I/71Qeg9Lvk2L._SX450_.jpg","B0FC639HC1","Sewer Camera with 18mm 512hz Transmit,Pipe Inspection Camera 7"" DVR Waterproof IP68 Borescope Plumbing Drain Endoscope 32GB Card for Home Wall Duct Drain Pipe Plumbing","JINXINEBAY","FBA","Industrial & Scientific",491979,"N/A","N/A","N/A","N/A","Borescopes",926,334.37,-29,5,5,-72,1618.25,1637.79,3,3.7,"31yoosee","China",1,0,"N/A","Large bulky",10.75,12.9,14.5,13,651.64,1629.11,"12/31/2025",10,6,2,1.53
"https://amazon.com/dp/B0CNWHTXFT","https://m.media-amazon.com/images/I/615LqqlLiHL._SX450_.jpg","B0CNWHTXFT","Perfect Part Endoscope - 3-in-1 Micro USB, Type C & USB Borescope Inspection Camera for Android Smartphones, Tablets & Laptops, HD Waterproof Camera with 6 LEDs","THE PERFECT PART","FBM","Industrial & Scientific",493329,647168703208,"N/A",0647168703208,"N/A","Borescopes",930,15.39,"N/A",0,0,-64,"-","-",15,3,"The Perfect Part Inc.","USA",1,46,-70,"N/A","N/A","N/A","N/A","N/A","N/A","N/A","02/28/2025",28,8,3,0.01
"https://amazon.com/dp/B0CNWH9FC4","https://m.media-amazon.com/images/I/615LqqlLiHL._SX450_.jpg","B0CNWH9FC4","Perfect Part Endoscope - 3-in-1 Micro USB, Type C & USB Borescope Inspection Camera for Android Smartphones, Tablets & Laptops, HD Waterproof Camera with 6 LEDs","THE PERFECT PART","FBM","Industrial & Scientific",493339,647168703185,"N/A",0647168703185,"N/A","Borescopes",931,9.89,-14,0,0,-64,"-","-",15,3.1,"The Perfect Part Inc.","USA",1,46,-70,"N/A","N/A","N/A","N/A","N/A","N/A","N/A","02/28/2025",28,8,3,0.01
"https://amazon.com/dp/B0DYDPG8WK","https://m.media-amazon.com/images/I/71qAIA60LfL._SX450_.jpg","B0DYDPG8WK","Dual-Lens Industrial Borescope Camera with 5 inch IPS Screen, 32GB Memory Card, Photo/Video Recording Enabled, 16.5FT/5M Semi-Rigid Cable with 8+1 Adjustable LEDs, IP67 Waterproof","KozyOne","FBA","Industrial & Scientific",497839,"N/A","N/A","N/A","N/A","Borescopes",936,59.99,-25,5,5,950,272.08,271.97,39,4.8,"KozyOne US","China",1,0,"N/A","Large Standard-Size",2.36,5.71,7.99,1.06,54.26,149.69,"06/30/2025",13,6,0,0.12
"https://amazon.com/dp/B0DHXGJRX8","https://m.media-amazon.com/images/I/710JGH+-FBL._SX450_.jpg","B0DHXGJRX8","Sewer Camera 100ft,SYANSPAN 4.3in HD Screen,32GB SD Card DVR,12 LED Lights,Fiberglass Cable w/Meter Counter,8500mAh Battery Pipe Snake Camera for Plumber(30M/100ft,32GB DVR)","SYANSPAN","FBA","Industrial & Scientific",499541,"N/A","N/A","N/A","N/A","Borescopes",1200,299.99,-48,3,1,140,663.23,173.49,5,2.6,"pipe camera","China",1,0,"N/A","Large Standard-Size",13,12.6,6.3,8.25,519.55,1433.25,"05/31/2025",18,8,4,0.52
"https://amazon.com/dp/B0CYLK8H3Q","https://m.media-amazon.com/images/I/71nlxLRxRtL._SX450_.jpg","B0CYLK8H3Q","ESANHAO Sewer Camera with 512Hz Transmitter & Distance Counter 9"" HD Screen Self-Leveling Borescope Camera with Light Inspection for Plumber, Homeowners(12pcs White Lights,16GB DVR,164ft/50m)","ESANHAO","FBA","Industrial & Scientific",502235,"N/A","N/A","N/A","N/A","Borescopes",936,459.99,-36,1,1,300,523.86,523.78,5,2.8,"ESANHAO Store","China",1,21,"N/A","Large bulky",10.6,12.6,14.2,14.7,614.62,1536.56,"06/30/2024",23,9,0,0.23
"https://amazon.com/dp/B00EHAIIG2","https://m.media-amazon.com/images/I/61uyXJkT98L._SX450_.jpg","B00EHAIIG2","Supereyes N015-2 2M/6.5FT Waterproof 100X USB 7mm Endoscope Borescope Inspection Camera with LED","Supereyes","FBA","Industrial & Scientific",502487,045635335929,"N/A",0045635335929,"N/A","Borescopes",929,29,-6,2,2,-75,66.73,66.71,15,3.6,"Supereyes Official","China",2,16,-24,"Large Standard-Size",1.3,5.51,7.17,0.18,25.83,71.27,"05/31/2024",152,5,0,0.15
"https://amazon.com/dp/B09Y1R7MG7","https://m.media-amazon.com/images/I/51VK0bNW6fL._SX450_.jpg","B09Y1R7MG7","High Speed USB3.0 Color 20MP 1"" Industrial Camera Machine Vision C-Mouth SDK Area Scan Camera Sensor 5488X3672 19.5FPS","HTENG VISHI","FBA","Industrial & Scientific",502942,725892766604,"N/A",0725892766604,"N/A","Borescopes",935,480,-13,6,1,-5,1744.15,298.26,1,4,"HuaTeng Vision","China",1,82,-94,"Large Standard-Size",2.44,6.42,6.5,0.89,51.23,141.33,"03/31/2024",48,7,12,6.13
"https://amazon.com/dp/B0B39DWD8J","https://m.media-amazon.com/images/I/61+WRS7w72L._SX450_.jpg","B0B39DWD8J","Sanyipace Video Cable for Sewer Camera, ONLY 9-inch Drain Camera (Model: 9300D, 929DJTX)","Sanyipace","FBM","Industrial & Scientific",503148,"N/A","N/A","N/A","N/A","Borescopes",1198,25.99,31,3,2,,86.76,44.82,5,5,"SanyipaceDirect Store","China",1,0,"N/A","Large Standard-Size",4,2,2,0.2,"N/A","N/A","02/28/2026",46,6,4,0.67
"https://amazon.com/dp/B0CNWGW5JH","https://m.media-amazon.com/images/I/615LqqlLiHL._SX450_.jpg","B0CNWGW5JH","Perfect Part Endoscope - 3-in-1 Micro USB, Type C & USB Borescope Inspection Camera for Android Smartphones, Tablets & Laptops, HD Waterproof Camera with 6 LEDs","THE PERFECT PART","FBM","Industrial & Scientific",503245,647168703192,"N/A",0647168703192,"N/A","Borescopes",939,9.44,-12,0,0,-64,"-","-",15,3.2,"The Perfect Part Inc.","USA",1,46,-70,"N/A","N/A","N/A","N/A","N/A","N/A","N/A","02/28/2025",28,8,3,0.01
"https://amazon.com/dp/B07V2CZBKY","https://m.media-amazon.com/images/I/61X796stUQL._SX450_.jpg","B07V2CZBKY","QiQibaby New 5.0 MP USB Iriscope Iris Analyzer Iridology Camera with pro Iris English Software 30X Iris Lens Adjustable Focus","QiQiBaby","FBA","Industrial & Scientific",506878,789659477486,"N/A",0789659477486,"N/A","Borescopes",937,248.88,-12,2,2,1000,558.5,558.47,2,2.2,"QiQiBaby","China",1,27,-51,"Large Standard-Size",3.66,8.62,9.88,2.03,157.06,433.28,"01/31/2025",81,4,0,1.12
"https://amazon.com/dp/B08QCP8YFM","https://m.media-amazon.com/images/I/61E-f5AWFSL._SX450_.jpg","B08QCP8YFM","Teslong Endoscope Replacement Cable with Light, Single Lens Inspection Camera 5.5mm/0.21inch Waterproof Probe Compatible with NTS500, NTS300(3.3FT)","Teslong","FBA","Industrial & Scientific",507989,"N/A","N/A","N/A","N/A","Borescopes",938,59.99,-22,1,1,-92,60.76,60.73,18,4.8,"Teslong","China",1,53,"N/A","Large Standard-Size",1.93,5.63,6.61,0.33,36.16,99.75,"01/31/2025",64,5,0,0.06
"https://amazon.com/dp/B0DBYQ2F4S","https://m.media-amazon.com/images/I/71iYnbkGKTL._SX450_.jpg","B0DBYQ2F4S","WOSHIJIE Sewer Camera, 9-Inch Pipe Inspection Camera with Dvr and Self-Leveling, 512hz, Ip68 Waterproof, Suitable for Sewage Pipes, Household, Ventilation and Drainage Pipes (30M)","WOSHIJIE","FBM","Industrial & Scientific",511475,"N/A","N/A","N/A","N/A","Borescopes",952,509.99,-12,3,2,450,1694.9,1219.29,"N/A","N/A","fish hawk","China",1,0,"N/A","Large bulky",11.13,15.38,17.5,16.75,"N/A","N/A","02/28/2026",20,3,2,"N/A"
"https://amazon.com/dp/B0D1ZFZ7JL","https://m.media-amazon.com/images/I/319VuV2OsHL._SX450_.jpg","B0D1ZFZ7JL","Sewer Inspection Camera Head Pipe Drain Endoscope Camera IP68 with 12 LED Lights for Pipeline Inspection","Walfront","FBA","Industrial & Scientific",511508,"N/A","N/A","N/A","N/A","Borescopes",956,144.5,-15,4,4,9,641.65,641.54,1,5,"Dawnsou","China",2,0,"N/A","Large Standard-Size",2.6,3.78,6.81,0.49,33.68,92.9,"12/31/2025",24,9,0,4.47
"https://amazon.com/dp/B0DS61M4HJ","https://m.media-amazon.com/images/I/71rumukCl+L._SX450_.jpg","B0DS61M4HJ","Sewer Camera Replacement Cable 100ft,JQKJCAM 5MM Blue Semi-Rigid Cable for 25mm Drain Pipe Sewer Inspection Camera H6","JQKJCAM","FBM","Industrial & Scientific",513508,"N/A","N/A","N/A","N/A","Borescopes",955,179.9,-18,0,0,-71,"-","-",2,3.9,"JJKJ Cam","China",1,0,"N/A","Large Standard-Size",13,4.8,13,2.6,"N/A","N/A","09/30/2025",15,1,4,0.07
"https://amazon.com/dp/B08P4D75VT","https://m.media-amazon.com/images/I/51SHGMJvSFL._SX450_.jpg","B08P4D75VT","Oumefar USB Endoscope 3 in 1 Borescope 5.5mm Lens 6LED 5M Megapixels HD Endoscope Cable IP67 Inspection Camera for Plumbing Wall Vent Sewer Inspections","Oumefar","FBA","Industrial & Scientific",514184,"N/A","N/A",9588081357653,"N/A","Borescopes",943,12.09,-50,3,3,-58,31.4,31.32,3,2.9,"Lanxued","China",1,15,400,"Large Standard-Size",1.3,4.88,5,0.32,15.97,44.05,"01/31/2026",64,8,0,0.89
"https://amazon.com/dp/B0FN3Y7DYM","https://m.media-amazon.com/images/I/71QhAi4xHxL._SX450_.jpg","B0FN3Y7DYM","Self-Leveling Sewer Camera with 512Hz Locator, Distance Counter, 7mm Semi-Rigid Cable, 9 Inch 1080P IPS Screen, 23mm Waterproof Pipe Inspection Camera (200ft/60m)","PRANITE","FBA","Industrial & Scientific",514250,769016776698,"N/A",0769016776698,"N/A","Borescopes",957,1199.99,105,6,6,,8493.8,8493.65,"N/A","N/A","dengwencai","China",1,0,"N/A","Large bulky",21,19,14,27,1810.28,4525.69,"02/28/2026",7,8,3,"N/A"
"https://amazon.com/dp/B08QCN6B9G","https://m.media-amazon.com/images/I/71P-NOb5YyL._SX450_.jpg","B08QCN6B9G","Teslong Endoscope Replacement Cable with Light, Dual Lens Inspection Camera 5.5mm/0.21inch Waterproof Probe Compatible with NTS500, NTS300(10FT)","Teslong","FBA","Industrial & Scientific",515121,"N/A","N/A","N/A","N/A","Borescopes",945,99.99,101,0,0,500,"-","-",14,5,"Teslong","China",1,33,"N/A","Large Standard-Size",2.01,5.75,6.5,0.73,37.82,104.34,"09/30/2024",64,6,0,0.01
"https://amazon.com/dp/B0FDR3H2YQ","https://m.media-amazon.com/images/I/511SeYQsFoL._SX450_.jpg","B0FDR3H2YQ","Digital Camera Borescope, Endoscope Camera with 4.3"" IPS 1920P HD Screen, 16.4FT Long with 8 LED Lights 8MM Semi-Rigid Cord Waterproof Bore Scope","Mephwiuo","FBA","Industrial & Scientific",515657,758483987430,"N/A",0758483987430,"N/A","Borescopes",952,21.99,-63,6,6,60,135.84,135.72,1,4,"Mephwiuo","China",1,0,"N/A","Large Standard-Size",2.13,5.24,7.2,0.97,40.46,111.61,"01/31/2026",9,7,0,6.21
"https://amazon.com/dp/B0F9KZ44WV","https://m.media-amazon.com/images/I/71EaE1PQcaL._SX450_.jpg","B0F9KZ44WV","Sewer Camera 100ft,SPRIDRAIN Drain Pipe Camera HD 5in Screen with 32GB DVR,Waterproof IP68 Works Underwater Up to 10Meters Sewer Inspection borescopes for Plumber(Fits Pipes>0.7"" Diameter,100ft/30M)","SPRIDRAIN","FBA","Industrial & Scientific",517380,"N/A","N/A","N/A","N/A","Borescopes",961,234.99,4,3,3,32,729.23,729.17,3,3.1,"SYANSPAN TECH","China",2,0,"N/A","Large Standard-Size",6.73,12.01,13.78,8.36,560.77,1546.94,"10/31/2025",7,6,0,1.04
"https://amazon.com/dp/B0G6RFHSQT","https://m.media-amazon.com/images/I/71iAaFSOR9L._SX450_.jpg","B0G6RFHSQT","SXHELECOK Dual-Lens Industrial Borescope Camera with 5"" IPS Screen & 9 LEDs, 1080P High Def Pipe Inspection Camera, IP67 Waterproof Snake Cable, 32GB Card for Automotive Sewer Inspection, 7.9mm Probe","SXHELECOK","FBA","Industrial & Scientific",518380,"N/A","N/A","N/A","N/A","Borescopes",960,75.99,4,10,10,,675.59,675.4,9,3.9,"SXHELECOK","N/A",1,0,"N/A","Large Standard-Size",3.62,6.3,8.11,1.5,93.12,256.88,"02/28/2026",3,9,0,1.06
"https://amazon.com/dp/B0G4PWCF76","https://m.media-amazon.com/images/I/51Qfs180rSL._SX450_.jpg","B0G4PWCF76","Borescope for iPhone, 1920P HD Borescope Camera with 8 Adjustable LED, 9.8FT Semi-Rigid Snake, IP67 Waterproof 8.3mm Inspection for iOS and Android","Vafafinder","FBA","Industrial & Scientific",518875,"N/A","N/A","N/A","N/A","Borescopes",969,18.73,-5,3,3,,69.07,68.99,52,4.4,"Wayfinder Gift store","China",1,0,"N/A","Large Standard-Size",1.14,5.35,5.51,0.29,16.96,46.8,"12/31/2025",4,8,0,0.07
"https://amazon.com/dp/B0BLHDY5G6","https://m.media-amazon.com/images/I/61P+iMFD4sL._SX450_.jpg","B0BLHDY5G6","Household Pipe Endoscope Borescope Inspection C mer Pipe Inspection C mer Plumbing Dr in C mer 4.3in Displ y Sewer C mer W terproof Pipe C mer (20m)","Generic","FBM","Industrial & Scientific",520643,"N/A","N/A","N/A","N/A","Borescopes",960,534.43,"N/A",0,0,,"-","-","N/A","N/A","BWTD","China",1,0,"N/A","N/A","N/A","N/A","N/A","N/A","N/A","N/A","-",41,9,0,"N/A"
"https://amazon.com/dp/B07P4CWV7V","https://m.media-amazon.com/images/I/51-qSsXU5-L._SX450_.jpg","B07P4CWV7V","Pipeline Camera Charging Lithium Battery 6PCS 12V 4500mAh (Only for Brands: HBUDS, IHBUDS, Anysuns)","HBUDS","FBM","Industrial & Scientific",521220,"N/A","N/A",8011657107297,"N/A","Borescopes",955,60,-20,4,4,,215.55,215.5,3,5,"AnysonicDirect","China",1,20,43,"N/A","N/A","N/A","N/A","N/A","N/A","N/A","08/31/2024",85,7,0,1.2
"https://amazon.com/dp/B0G4MKGQXB","https://m.media-amazon.com/images/I/61ghRnKMkZL._SX450_.jpg","B0G4MKGQXB","Handheld High Brightness Industrial Endoscope Cold Light Source LED 10W with 3 Adaptors(Light Source Without Adapter)","ZGHQHCDRH","-","Industrial & Scientific",521672,"N/A","N/A",8300633624034,"N/A","Borescopes",972,96.3,"N/A",0,0,,"-","-","N/A","N/A",,"N/A",1,0,"N/A","Large Standard-Size",7.09,4.33,3.54,0.9,"N/A","N/A","-",4,"N/A",3,"N/A"
"https://amazon.com/dp/B0CNG7KG2T","https://m.media-amazon.com/images/I/71QAj5k-yRL._SX450_.jpg","B0CNG7KG2T","Autel MaxiVideo MV108S Digital Inspection Camera, 2MP 1920x1080, 8.5mm Ultra-Slim USB Industrial Endoscope, IP67 Borescope Snake Camera+ LED Light, Work w/Autel Scanner & P-C, up of MV108 MV105S MV105","Autel","FBA","Industrial & Scientific",522477,849438031411,"N/A",0849438031411,"N/A","Borescopes",963,49,-22,3,3,-75,141.19,141.15,7,4.4,"Autel Tech","China",1,29,-37,"Large Standard-Size",2.05,6.93,12.71,0.88,90.91,250.78,"07/31/2024",29,9,0,0.41
"https://amazon.com/dp/B0CW3HNHRN","https://m.media-amazon.com/images/I/413YpQYy6XL._SX450_.jpg","B0CW3HNHRN","Endoscope, Industrial Endoscope with 2.4in HD Screen, Sewer Camera, Handheld ABS Housing Borescope Inspection Camera for Factory (6.6ft Cable)","Dpofirs","FBA","Industrial & Scientific",523011,"N/A","N/A","N/A","N/A","Borescopes",974,27.68,-55,4,3,650,85.82,56.31,1,5,"Xinxakk","China",2,22,"N/A","Large Standard-Size",9.84,5.12,2.76,0.77,69.9,192.82,"02/28/2025",25,7,2,3.61
"https://amazon.com/dp/B0BWVCMWT4","https://m.media-amazon.com/images/I/51Z80GmO4XL._SX450_.jpg","B0BWVCMWT4","3 in 1 High Definition Endoscope Pipe Inspection Borescope TypeC USB Mobile Phone 3.9mm for Borescopes and Fiberscopes (3.5m Flexible Cord)","Walfront","FBA","Industrial & Scientific",524146,"N/A","N/A","N/A","N/A","Borescopes",970,22,-13,1,1,-36,33.18,33.09,5,3.6,"Luoyuu","China",2,0,"N/A","Large Standard-Size",1.46,4.84,4.96,0.26,17.62,48.6,"01/31/2026",37,9,0,0.26
"https://amazon.com/dp/B0F2F2X365","https://m.media-amazon.com/images/I/71voDvH458L._SX450_.jpg","B0F2F2X365","A-600 Handheld 400x Fiber Optic end face Detector Magnifier Fiber Optic Microscope 5-inch high-Definition Touch Screen for SCUPC/FCUPC/STUPC/LCUPC and SCAPC Male/Female Head Interface Fiber Inspector","SAIVXIAN","FBA","Industrial & Scientific",526755,"N/A","N/A","N/A","N/A","Borescopes",980,488,-38,3,3,,1233.92,1233.88,1,2,"cheukcen","China",1,0,"N/A","Large Standard-Size",10.43,3.39,5.98,1.72,106.45,293.67,"01/31/2026",12,9,0,2.53
"https://amazon.com/dp/B0FJLV7ZB1","https://m.media-amazon.com/images/I/71ymYTKIDRL._SX450_.jpg","B0FJLV7ZB1","Sewer Camera 100ft 7"" Pipe Drain Inspection Camera DVR Borescope Waterproof IP68 18mm Endoscope HD 1000TVL Included 32GB Card for Home Wall Duct Drain Pipe","JINXINEBAY","FBA","Industrial & Scientific",530034,"N/A","N/A","N/A","N/A","Borescopes",986,273.49,-32,3,2,-94,806.51,563.76,3,5,"31yoosee","China",1,0,"N/A","Large Standard-Size",8,13.25,16.75,10.7,893.91,2465.97,"12/31/2025",8,7,2,0.92
"https://amazon.com/dp/B0DBYX15CV","https://m.media-amazon.com/images/I/71iYnbkGKTL._SX450_.jpg","B0DBYX15CV","WOSHIJIE Sewer Camera, 9-Inch Pipe Inspection Camera with Dvr and Self-Leveling, 512hz, Ip68 Waterproof, Suitable for Sewage Pipes, Household, Ventilation and Drainage Pipes (50M)","WOSHIJIE","FBA","Industrial & Scientific",530442,"N/A","N/A","N/A","N/A","Borescopes",981,569.99,-27,3,1,450,1694.9,475.37,"N/A","N/A","fish hawk","China",2,0,"N/A","Large bulky",15,13,13,16.75,821.53,2053.82,"02/28/2026",20,3,2,"N/A"
"https://amazon.com/dp/B09MFBXTBD","https://m.media-amazon.com/images/I/51TEAKBHHvL._SX450_.jpg","B09MFBXTBD","ANYSUN Sewer Camera's Accessories- 7 inch Color Screen","anysun","FBM","Industrial & Scientific",530464,774829150429,"N/A",0774829150429,"N/A","Borescopes",975,129.99,-23,2,2,,301.82,301.71,"N/A","N/A","ToBestGift","China",1,8,-43,"N/A","N/A","N/A","N/A","N/A","N/A","N/A","01/31/2025",35,3,0,"N/A"
"https://amazon.com/dp/B0D5VQGVGX","https://m.media-amazon.com/images/I/71k9k2OtLgL._SX450_.jpg","B0D5VQGVGX","Vividia UV-100 Semi-Rigid USB UV White LED Light Inspection Camera Borescope with Side-View Camera","VIVIDIA","FBM","Industrial & Scientific",532407,"N/A","N/A","N/A","N/A","Borescopes",986,299.98,-67,6,6,,1686.43,1686.39,"N/A","N/A","Oasis Scientific Inc.","USA",1,6,"N/A","N/A","N/A","N/A","N/A","N/A","N/A","N/A","10/31/2024",22,9,0,"N/A"
"https://amazon.com/dp/B0CW3JFFQP","https://m.media-amazon.com/images/I/413YpQYy6XL._SX450_.jpg","B0CW3JFFQP","Endoscope, Industrial Endoscope with 2.4in Screen, Sewer Camera, Handheld ABS Housing Borescope Inspection Camera for Factory (5m/196.9in Cable (0?5m Range))","Dpofirs","FBM","Industrial & Scientific",532522,"N/A","N/A","N/A","N/A","Borescopes",984,33.04,22,4,1,650,85.82,29.4,1,5,"Xinxakk","China",1,22,"N/A","Large Standard-Size",9.84,5.12,2.76,0.99,"N/A","N/A","02/28/2025",25,7,2,3.61
"https://amazon.com/dp/B0CR46T8ZR","https://m.media-amazon.com/images/I/61ySRRPza8L._SX450_.jpg","B0CR46T8ZR","USB-C Direct Plug Endoscope Camera for iPhone 15/Pro/Pro Max, 2in1 Borescope Camera Cord IP68 Waterproof Snake Inspection Camera for iPhone, iPad, Samsung, iOS & Android (3.3ft Semi-Rigid Cable)","LUKZATEN","FBA","Industrial & Scientific",533116,"N/A","N/A","N/A","N/A","Borescopes",984,18.95,18,3,3,-20,60.72,60.65,9,4.2,"Lukzaten US","China",1,33,-46,"Large Standard-Size",4.72,4.72,1.38,0.15,15.48,42.72,"06/30/2024",28,9,0,0.35
"https://amazon.com/dp/B0F23DPKBV","https://m.media-amazon.com/images/I/71y87-KoJ1L._SX450_.jpg","B0F23DPKBV","EIXAUP Sewer Camera 100 ft, 17 MM Pipe Inspection Camera with 8 Pcs LED Lights, 7"" 1080P HD Monitor with DVR Function, IP68 Waterproof, Meter Marker, Included 32GB Card(30 m)","EIXAUP","FBA","Industrial & Scientific",535804,"N/A","N/A","N/A","N/A","Borescopes",988,259.99,2,2,2,83,543.67,543.61,7,3.4,"SYST","China",1,0,"N/A","Large bulky",11.18,13.3,15.59,10.67,751.25,1878.12,"09/30/2025",12,7,0,0.3
"https://amazon.com/dp/B0C1NZPCLW","https://m.media-amazon.com/images/I/51MUnVec-7S._SX450_.jpg","B0C1NZPCLW","Endoscope, Industrial Borescope 3.9mm Lens Type C USB Snake Camera, High Definition Inspection Camera (5m Cord)","Hilitand","FBA","Industrial & Scientific",536142,"N/A","N/A","N/A","N/A","Borescopes",988,24.24,-8,3,3,125,73.75,73.67,1,5,"Simangy","China",2,32,"N/A","Large Standard-Size",1.46,5.16,10.24,0.26,38.84,107.14,"11/30/2025",36,9,0,2.72
"https://amazon.com/dp/B0F23DSMV8","https://m.media-amazon.com/images/I/71WK52GPLfL._SX450_.jpg","B0F23DSMV8","EIXAUP Sewer Camera 66 ft, 23 MM Pipe Inspection Camera with 12pcs LED Lights, 7"" 1080P HD Monitor with DVR Function, IP68 Waterproof, Meter Marker, Included 32GB Card(20 m)","EIXAUP","FBA","Industrial & Scientific",536315,"N/A","N/A","N/A","N/A","Borescopes",986,247.99,-34,3,3,,672.83,672.78,1,5,"SYST","China",1,0,"N/A","Large bulky",11.1,13.23,15.51,10.03,738.14,1845.35,"05/31/2025",12,7,0,2.61
"https://amazon.com/dp/B0C8161FYD","https://m.media-amazon.com/images/I/71CRr9pNAcL._SX450_.jpg","B0C8161FYD","Luxonis OAK-D Pro PoE OV9782 - Fixed Foxus","Luxonis","FBM","Industrial & Scientific",536715,850033682045,"N/A",0850033682045,"N/A","Borescopes",972,599,-41,2,2,,1272.19,1272.13,"N/A","N/A","Luxonis","USA",1,3,"N/A","Large Standard-Size",7.5,5.1,1.7,0.9,"N/A","N/A","02/28/2026",34,6,0,"N/A"
"https://amazon.com/dp/B0DJ7L3MCV","https://m.media-amazon.com/images/I/81ma3YQa5FL._SX450_.jpg","B0DJ7L3MCV","Anysun Sewer Camera with Locator, Self Leveling Sewer Inspection Camera 150ft with Distance Counter, 9'' 1080P IPS Monitor and Video Recorder with MIC, 7MM Cable with 12 Lights(32GB Card)","anysun","FBA","Industrial & Scientific",537457,717813048760,"N/A",0717813048760,"N/A","Borescopes",989,899.99,-26,4,4,50,3186.05,3185.93,2,3.4,"Nedive","Hong Kong",1,0,"N/A","Large bulky",15.5,15.6,18.5,19.6,1449.68,3624.2,"02/28/2026",18,8,0,1.77
"https://amazon.com/dp/B07SGMGQYF","https://m.media-amazon.com/images/I/510gKK+ZClL._SX450_.jpg","B07SGMGQYF","Vividia GB-460 USB Digital Manual Focus Gun Barrel Borescope Camera with 4mm Diameter and 24"" (60 cm) Long Insertion Tube","VIVIDIA","FBM","Industrial & Scientific",538152,"N/A","N/A","N/A","N/A","Borescopes",994,249.98,"N/A",4,0,,767.26,"-",5,3.8,"Oasis Scientific Inc.","USA",0,32,78,"N/A","N/A","N/A","N/A","N/A","N/A","N/A","02/28/2026",82,9,2,0.72
"https://amazon.com/dp/B01FHQ3V52","https://m.media-amazon.com/images/I/51lVUGEvnwL._SX450_.jpg","B01FHQ3V52","General Tools TS03 ToolSmart Wifi Connected Borescope Video Inspection Camera, 3.3-Foot Waterproof Probe with 8-mm Camera and 4 LED Lights","General Tools","FBM","Industrial & Scientific",543009,681035017715,00681035017715,0681035017715,"N/A","Borescopes",999,163.93,19,1,1,,225.15,225.1,26,3.7,"MaxWarehouse","USA",1,19,-56,"Large Standard-Size",7.8,9.29,10.75,2.1,"N/A","N/A","10/31/2024",119,5,2,0.05
"https://amazon.com/dp/B0FJLSVGS7","https://m.media-amazon.com/images/I/61AHJXgEg3L._SX450_.jpg","B0FJLSVGS7","Sewer Camera 100ft 7"" Pipe Drain Inspection Camera DVR Borescope Waterproof IP68 23mm Endoscope 2650Mah Battery HD 1000TVL Included 32GB Card for Home Wall Duct Drain Pipe","JINXINEBAY","FBA","Industrial & Scientific",546194,"N/A","N/A","N/A","N/A","Borescopes",1004,318.99,10,3,1,-94,806.51,242.58,3,5,"31yoosee","China",1,0,"N/A","Large Standard-Size",8,13.18,17,10.9,902.46,2489.56,"12/31/2025",8,6,2,0.92
"https://amazon.com/dp/B0FXGM97SY","https://m.media-amazon.com/images/I/61y2dvI9m9L._SX450_.jpg","B0FXGM97SY","Industrial Endoscope Camera with Light, 4.3‘’ Screen, 8mm Scope IP67 Waterproof Borescope, 2600mAh Battery Inspection Camera for Automotive, Plumbing, HVAC, Wall, Pipe (5M (16.4FT))","AOERWEI","-","Industrial & Scientific",546298,"N/A","N/A","N/A","N/A","Borescopes",1011,38.99,"N/A",0,0,,"-","-","N/A","N/A",,"N/A",1,0,"N/A","Large Standard-Size",2.24,5.39,9.61,1.04,"N/A","N/A","-",5,"N/A",3,"N/A"
"https://amazon.com/dp/B084RWJKYJ","https://m.media-amazon.com/images/I/613Fo1hoiQL._SX450_.jpg","B084RWJKYJ","RIDGID 63628 200' Mini SeeSnake Self Leveling TruSense Sewer Camera Reel, Sewer Inspection","RIDGID","FBM","Industrial & Scientific",546311,095691636287,"N/A",0095691636287,"N/A","Borescopes",1004,8500.88,-15,0,0,-107,"-","-",5,5,"Toolup","USA",21,35,-44,"Large bulky",12.5,21,23,35,"N/A","N/A","03/31/2025",74,17,0,0
"https://amazon.com/dp/B0F6C2CN27","https://m.media-amazon.com/images/I/714U1yh4ZYL._SX450_.jpg","B0F6C2CN27","1920P Dual-Lens Lighting HD Endoscope, 8+1 Adjustable LED Light, IP67 Waterproof 3FT Round Wire. Available for Android and iOS Smartphones, iPhone, iPad, Samsung (3FT/1M)","BYDGUMEI","FBA","Industrial & Scientific",549819,722302380382,"N/A",0722302380382,"N/A","Borescopes",1007,12.99,11,2,2,,22.09,22.02,1,1,"Baowengu","China",1,0,"N/A","Large Standard-Size",1.61,5.04,5.12,0.18,20.92,57.7,"01/31/2026",11,9,2,1.71
"https://amazon.com/dp/B0DD44JGJZ","https://m.media-amazon.com/images/I/71Yp8OzGS5L._SX450_.jpg","B0DD44JGJZ","Sewer Camera with Locator, PRANITE Self Leveling Drain Camera 100FT with 512hz Transmitter, DVR Recorder, Rotate Image, Sewer Camera Endoscope IP68 Waterproof for Inspection (16GB SD Card)","PRANITE","FBA","Industrial & Scientific",550293,717018403500,"N/A",0717018403500,"N/A","Borescopes",1012,659.99,-20,2,1,-17,1530.58,563.91,17,4.4,"dengwencai","China",1,40,"N/A","Large bulky",11.81,15.47,16.69,14.44,988.19,2470.48,"02/28/2025",20,7,5,0.14
"https://amazon.com/dp/B0D1CJ68KG","https://m.media-amazon.com/images/I/51ldXpFyiIL._SX450_.jpg","B0D1CJ68KG","Milwoukee Fits Milwaukee 3150-20 M12 12V Auto Technician Borescope w/ 5mm Camera Head","Milwoukee","FBM","Industrial & Scientific",550607,789987917364,"N/A",0789987917364,"N/A","Borescopes",1018,429,-25,4,4,50,1755.6,1755.51,"N/A","N/A","LA Tools And Supplies","USA",2,8,"N/A","N/A","N/A","N/A","N/A","N/A","N/A","N/A","11/30/2024",22,9,0,"N/A"
"https://amazon.com/dp/B0DM3DF65X","https://m.media-amazon.com/images/I/31ema3P+jZL._SX450_.jpg","B0DM3DF65X","CHEOTIME 23mm Pipe Sewer Inspection Camera Protective Cover, 120mm Guide Wheels Protect The Pipe Video Inspection Camera in The Pipe Walls, Pipe Inspection Camera Accessories","CHEOTIME","FBA","Industrial & Scientific",551752,"N/A","N/A","N/A","N/A","Borescopes",1010,27.59,-33,2,2,-80,60.04,59.97,"N/A","N/A","Chuxvif","China",2,0,"N/A","Large Standard-Size",2.64,3.94,6.81,0.34,35.61,98.24,"12/31/2025",17,9,0,"N/A"
"https://amazon.com/dp/B0BYNTWRTF","https://m.media-amazon.com/images/I/61QpZazva-L._SX450_.jpg","B0BYNTWRTF","KAOLALI Endoscope Sewer Camera with Light Pipeline Inspection Endoscope Camera 5” high Resolution Screen 6 LED Light with DVR Function Snake Cable Waterproof for Sewer Line Home Pipe Plumbing","KAOLALI","FBA","Industrial & Scientific",551768,"N/A","N/A","N/A","N/A","Borescopes",1020,209.99,-12,4,1,,703.73,192.92,3,3.8,"JULE","China",1,22,"N/A","Large Standard-Size",7.13,13.89,16.02,6.68,798.78,2203.54,"10/31/2024",37,8,4,1.2
"https://amazon.com/dp/B0DD47YYC6","https://m.media-amazon.com/images/I/71G+erUDnvL._SX450_.jpg","B0DD47YYC6","Sewer Camera 165Ft with 512-Hz Self-Leveling, PRANITE 9-Inch 1080P IPS Screen Sewer Inspection Camera with DVR Recorder, IP68 Waterproof Pipe Camera Endoscope Rotate Image (16GB SD Card)","PRANITE","FBA","Industrial & Scientific",552503,717018403494,"N/A",0717018403494,"N/A","Borescopes",1021,499.99,-30,1,1,-57,898.05,291.96,17,4.4,"dengwencai","China",1,39,"N/A","Large Standard-Size",14.5,11.8,8,16.5,689.15,1901.11,"02/28/2025",20,6,5,0.08
"https://amazon.com/dp/B084SQ1369","https://m.media-amazon.com/images/I/8190L8cyzSL._SX450_.jpg","B084SQ1369","RIDGID 63603 200' Standard SeeSnake Self Leveling TruSense Sewer Camera Reel, Sewer Inspection","RIDGID","FBM","Industrial & Scientific",553034,095691636034,"N/A",0095691636034,"N/A","Borescopes",1014,9725.24,-12,1,1,67,9955.17,9955.12,1,5,"Toolup","USA",13,27,-37,"Extra-large 70+ to 150 lb",30,16,32,65,"N/A","N/A","06/30/2024",74,16,0,1.01
"https://amazon.com/dp/B07SLVFB8Z","https://m.media-amazon.com/images/I/21IeG2zm+dL._SX450_.jpg","B07SLVFB8Z","Vividia GB-460 USB Digital Manual Focus Gun Barrel Borescope Endoscope Videoscope Inspection Camera with 4mm Diameter and 24"" (60 cm) Long Insertion Tube (Without WiFi Box) for PC Mac Android Devices","VIVIDIA","FBM","Industrial & Scientific",555530,"N/A","N/A","N/A","N/A","Borescopes",1019,199.98,-29,4,3,,767.26,533.38,8,4.4,"Oasis Scientific Inc.","USA",1,32,78,"Large bulky",2.75,3.31,31.06,2.25,"N/A","N/A","02/28/2026",82,8,2,0.45