"URL","Image URL","ASIN","Title","Brand","Fulfillment","Category","BSR","UPC","GTIN","EAN","ISBN","Subcategory","Subcategory BSR","Price","Price Trend (90 days) (%)","Parent Level Sales","ASIN Sales","Sales Trend (90 days) (%)","Parent Level Revenue","ASIN Revenue","Review Count","Reviews Rating","Seller","Seller Country/Region","Number of Active Sellers","Last Year Sales","Sales Year Over Year (%)","Shipping Details","Length","Width","Height","Weight","Storage Fee (Jan - Sep)","Storage Fee (Oct - Dec)","Best Sales Period","Listing Age (Months)","Number of Images","Variation Count","Sales to Reviews"
"https://amazon.com/dp/B0C9L5V3J9","https://m.media-amazon.com/images/I/71qY2x+S9-L._SX450_.jpg","B0C9L5V3J9","Anykit Dual Lens Borescope,1080P Industrial Endoscope with Light, IP67 Waterproof Inspection Cam, Sewer Camera with 4.0"" IPS Screen, Waterproof 16.5ft Snake Camera, 32GB Card","Anykit","FBA","Industrial & Scientific",254384,"N/A","N/A","N/A","N/A","Borescopes",520,39.99,-45,13,13,-43,750.91,750.72,148,4.6,"AnyKit","China",1,776,59,"Large Standard-Size",3.39,7.44,8.35,1.21,106.03,292.5,"10/31/2025",33,7,2,0.09
"https://amazon.com/dp/B0GK13BWW2","https://m.media-amazon.com/images/I/71TdVOMlJ1L._SX450_.jpg","B0GK13BWW2","Inspection Camera with Screen, Color & B&W Dual View for Better Detail Visibility, 8 LED Borescope Camera, 2600mAh Rechargeable, IP67 Waterproof Probe, Type-C, 1M/5M","ludotline","FBA","Industrial & Scientific",254712,"N/A","N/A","N/A","N/A","Borescopes",496,48.98,-38,22,22,,1092.57,1092.34,5,4.6,"Udotline-professional tools","N/A",1,0,"N/A","Large Standard-Size",1.73,6.97,9.25,1.26,56.16,154.91,"02/28/2026",2,8,2,4.46
"https://amazon.com/dp/B0FVXM6M2B","https://m.media-amazon.com/images/I/71kJ6Ef9I5L._SX450_.jpg","B0FVXM6M2B","Hayve 4.3inch Industrial Endoscope, 1920P Digital Borescope Inspection Camera, [Photo& Video] IP67 Waterproof Sewer Camera with 6 LED Lights,16.5FT Semi-Rigid Cable,32 GB Card","Hayve","FBA","Industrial & Scientific",254730,726852694791,"N/A",0726852694791,"N/A","Borescopes",490,28.99,-58,22,22,,482.48,482.13,4,3.4,"Hayve","China",1,0,"N/A","Large Standard-Size",2.8,5.51,8.15,1.04,63.31,174.64,"10/31/2025",6,7,0,5.43
"https://amazon.com/dp/B07T7GDP42","https://m.media-amazon.com/images/I/81bcRBHka7L._SX450_.jpg","B07T7GDP42","Anysun Sewer Camera,165ft Plumbing Drain Camera with DVR 50M Cable Industrial Endoscope Waterproof IP68 Cable Snake Video System with 7 Inch LCD Monitor 1000TVL CCD DVR Recorder (50M-DVR)","anysun","FBA","Industrial & Scientific",255292,699988880492,"N/A",0699988880492,"N/A","Borescopes",507,399.99,"N/A",2,0,-36,962.71,"-",83,4.4,"HZDZ_Shop","Hong Kong",0,83,-64,"Large bulky",8.1,17.18,19,18.5,856.85,2142.13,"07/31/2024",81,6,4,0.02
"https://amazon.com/dp/B0CNZSQS12","https://m.media-amazon.com/images/I/71RSw6T4jOL._SX450_.jpg","B0CNZSQS12","Endoscope Camera with Light, 16.4ft Semi-Rigid Snake Inspection Camera, 1920P HD Borescope with 8 Adjustable LED Lights, 7.9mm IP67 Waterproof Drain Pipe Borescope for iOS and Android","Twxfzl","FBA","Industrial & Scientific",255869,755502998712,"N/A",0755502998712,"N/A","Borescopes",492,28.99,-17,7,7,-96,214.91,214.77,120,4.3,"Gubfcd","China",1,791,-47,"Large Standard-Size",1.5,4.84,5.04,0.4,18.42,50.82,"11/30/2024",28,7,0,0.06
"https://amazon.com/dp/B0FKB5XRTJ","https://m.media-amazon.com/images/I/71ueIKG9ogL._SX450_.jpg","B0FKB5XRTJ","Anysun Self-Leveling Sewer Camera with Meter Marking, 9'' IPS Screen, HD 1080P Resolution, 5100mAh Battery, 100ft 5mm Cable Sewer Drain Video Inspection Camera with DVR Recorder and 32GB SD Card","anysun","FBA","Industrial & Scientific",256072,769016773871,"N/A",0769016773871,"N/A","Borescopes",498,329.99,-43,11,11,,3637.78,3637.59,1,1,"HZDZ_Shop","Hong Kong",1,0,"N/A","Large bulky",12.17,13.46,14.13,14.35,750.11,1875.26,"02/28/2026",7,7,0,11.02
"https://amazon.com/dp/B0D2WGHKZQ","https://m.media-amazon.com/images/I/71ch1D3vkqL._SX450_.jpg","B0D2WGHKZQ","HD Endoscope Camera with Light,Type C and Lighting Borescope for Android and iPhone iOS,16.4 Ft,1920P","hyxghBU","FBA","Industrial & Scientific",256492,797430904632,"N/A",0797430904632,"N/A","Borescopes",520,45.99,-30,10,10,3,371.58,371.39,20,4.2,"hyxghBU Store","China",1,117,"N/A","Large Standard-Size",1.14,6.5,6.54,0.46,24.4,67.31,"08/31/2024",23,9,0,0.48
"https://amazon.com/dp/B0FSXJJGV5","https://m.media-amazon.com/images/I/71AJMMGqZRL._SX450_.jpg","B0FSXJJGV5","Sanyipace Sewer Inspection Camera, 165FT/50M Borescope Inspection Camera with Distance Counter, 20X Digital Zoom, 7"" IPS Pop-up Screen, Waterproof Plumbing Camera with Lights, for Drain Pipe Duct","Sanyipace","FBA","Industrial & Scientific",256864,"N/A","N/A","N/A","N/A","Borescopes",497,449.88,-34,8,2,-54,2964.13,964.38,"N/A","N/A","Yans Minie","China",1,0,"N/A","Large bulky",11,12,13,15.2,556.11,1390.28,"12/31/2025",6,7,3,"N/A"
"https://amazon.com/dp/B0FSXGP3LF","https://m.media-amazon.com/images/I/61flo74-8CL._SX450_.jpg","B0FSXGP3LF","Sanyipace Sewer Camera 100FT/30M, 20X Digital Zoom Drain Camera, Pipe Camera with Distance Counter, 7"" IPS Pop-up Screen, Built-in Speaker, Plumbing Camera with 12PCS Lights, for Plumber Homeowner","Sanyipace","FBA","Industrial & Scientific",256919,"N/A","N/A","N/A","N/A","Borescopes",497,359.88,-42,8,6,-54,2964.13,1999.53,"N/A","N/A","Yans Minie","China",1,0,"N/A","Large bulky",11.25,12.5,13.5,13.7,615.23,1538.09,"12/31/2025",6,7,3,"N/A"
"https://amazon.com/dp/B0F9KZTNX4","https://m.media-amazon.com/images/I/416SHjFEOPL._SX450_.jpg","B0F9KZTNX4","Gzpce Dual Lens Industrial Endoscope, 1080P Digital Borescope Inspection Camera,4.3"" IPS Screen, 1920P HD with 9 LED Lights, 16.4FT Semi-Rigid Cord Bore Scope, IP67 Waterproof Snake Camera","gzpce","FBA","Industrial & Scientific",257106,672108061469,"N/A",0672108061469,"N/A","Borescopes",1000,35.8,-21,5,1,-45,142.14,46.97,1,5,"gzpce","China",1,0,"N/A","Large Standard-Size",2.8,5.55,8.31,1.04,64.9,179.03,"11/30/2025",10,7,2,4.61
"https://amazon.com/dp/B0FZHMSV2C","https://m.media-amazon.com/images/I/61cPsUj2yNL._SX450_.jpg","B0FZHMSV2C","Sewer Camera 100ft with 9-inch IPS DVR Screen, 1080P Drain Inspection Camera with 23mm IP68 Waterproof Lens, 5mm Pipe Camera with 12 LED Lights & 16GB Card, Plumbing Camera for Sewer Line","VISIOPROBE","FBA","Industrial & Scientific",257255,"N/A","N/A","N/A","N/A","Borescopes",498,338,-80,0,0,,"-","-",1,5,"VISIOPROBE DIRRECT","N/A",1,0,"N/A","Large bulky",15.35,12.99,9.84,10.14,636.3,1590.75,"-",5,9,3,0
"https://amazon.com/dp/B0FZHRPT8Y","https://m.media-amazon.com/images/I/71pAxY2aLZL._SX450_.jpg","B0FZHRPT8Y","Sewer Camera with Meter Counter, 165FT Drain Inspection Camera with 7mm Cable, 10"" IPS 1080P Plumbing Camera with 23mm Probe, 5X Zoom, Sapphire Lens, 12 LED & 32G DVR– Ideal for Pipe & Duct Inspection","VISIOPROBE","FBA","Industrial & Scientific",257299,"N/A","N/A","N/A","N/A","Borescopes",498,499,"N/A",0,0,,"-","-",2,5,"VISIOPROBE DIRRECT","N/A",1,0,"N/A","Large bulky",18.9,15.35,11.42,16.53,1073.61,2684.03,"-",5,7,3,0
"https://amazon.com/dp/B0DMVH4B71","https://m.media-amazon.com/images/I/71lVYza5INL._SX450_.jpg","B0DMVH4B71","Endoscope Camera with Light, Anhendeler 1080P HD Borescope 4.3"" IPS Screen, IP67 Waterproof Snake Camera， for Automotive, Pipe, Wall Inspection","Anhendeler","FBA","Industrial & Scientific",257538,"N/A","N/A","N/A","N/A","Borescopes",499,29.99,-43,9,9,-95,255.83,255.66,3,4.5,"Anhendeler","China",1,223,-85,"Large Standard-Size",2.91,5.24,6.69,0.97,51.36,141.68,"05/31/2024",17,6,5,2.84
"https://amazon.com/dp/B0D72K42F5","https://m.media-amazon.com/images/I/71e59boqEGL._SX450_.jpg","B0D72K42F5","Anysun Sewer Camera with Locator, Distance Counter, Self-Leveling & 7mm Push Cable, 165FT Pipe Inspection Camera with 512Hz Transmitter, 9” 1080P IPS Screen, DVR 32GB – for Plumbers & Inspectors","anysun","FBA","Industrial & Scientific",257638,"N/A","N/A","N/A","N/A","Borescopes",503,1159.99,-53,5,1,-89,5499.82,1472.02,14,4.3,"HZDZ_Shop","Hong Kong",1,0,"N/A","Large bulky",15.5,15.5,19,20,1479.32,3698.29,"05/31/2025",22,8,4,0.34
"https://amazon.com/dp/B0DLS22PKT","https://m.media-amazon.com/images/I/71IsfO7S-FL._SX450_.jpg","B0DLS22PKT","Anysun Sewer Camera Self Leveling with Locator, 7MM Stronger Pushrod, Meter Marker, 32GB Card, 9'' HD Monitor, 100Ft/30M Sewer Pipe Drain Inspection Camera IP68 with DVR Industrial Borescope Snake","anysun","FBA","Industrial & Scientific",258844,"N/A","N/A","N/A","N/A","Borescopes",1021,1299.99,-15,3,0,-100,2186.6,"-",4,3.6,"Yongchangsheng tech","Hong Kong",1,90,"N/A","Large bulky",13,19,20.5,22,1640.95,4102.37,"01/31/2026",15,8,9,0.69
"https://amazon.com/dp/B0DKBSW4WR","https://m.media-amazon.com/images/I/71IsfO7S-FL._SX450_.jpg","B0DKBSW4WR","Anysun Sewer Camera Self Leveling with Locator, 7MM Stronger Pushrod, Meter Marker, 32GB Card, 9'' HD Monitor, 300Ft/91.5M Sewer Pipe Drain Inspection Camera IP68 with DVR Industrial Borescope Snake","anysun","FBA","Industrial & Scientific",258844,"N/A","N/A","N/A","N/A","Borescopes",1021,1499.99,-14,3,0,-100,2186.6,"-",2,3,"Yongchangsheng tech","Hong Kong",1,90,"N/A","Large bulky",14.5,19.45,21,29.6,1919.34,4798.34,"01/31/2026",15,8,9,1.37
"https://amazon.com/dp/B0FPR1WXYW","https://m.media-amazon.com/images/I/71U52BDc5OL._SX450_.jpg","B0FPR1WXYW","Sanyipace Self-Leveling Sewer Camera 165FT/50M, Drain Inspection Camera with 512Hz Transmitter, Real-Time Distance Counter, 10"" IPS Screen Microphone Speaker, 0.27in Rigid Cable, 32GB TF Card Included","Sanyipace","FBA","Industrial & Scientific",259366,"N/A","N/A","N/A","N/A","Borescopes",511,1599.99,-150,0,0,,"-","-",45,4,"Urselection","China",1,0,"N/A","Extra-large 50+ to 70 lb",12,23,27,30.5,2415,6037.5,"03/31/2026",7,6,4,0
"https://amazon.com/dp/B0DXP6S228","https://m.media-amazon.com/images/I/71jH9Pxg9TL._SX450_.jpg","B0DXP6S228","Dual-Lens Endoscope Camera with Light, Borescope with 5"" IPS Screen, Photo & Record Video Inspection Cameras with 32G SD Card, IP67 Waterproof Snake Camera, Tools Cool Gadgets for Men (16.5FT)","WINWEND","FBA","Industrial & Scientific",259499,"N/A","N/A","N/A","N/A","Borescopes",503,49.96,4,25,25,26,1170.88,1170.48,50,4.4,"POWEHIGH","China",1,0,"N/A","Large Standard-Size",2.48,5.83,8.15,1.08,59.33,163.66,"04/30/2025",13,9,0,0.49
"https://amazon.com/dp/B0D4PP5W9S","https://m.media-amazon.com/images/I/7106wYloq9L._SX450_.jpg","B0D4PP5W9S","Triple Lens 1080P Borescope with 50FT Semi-Rigid Cable, 5"" IPS Screen Endoscope Camera with Lights, 1080P Industrial Borescope with 32G Storage Card,IP67 Waterproof Drain Camera","ALIESTFDNO","FBA","Industrial & Scientific",259662,"N/A","N/A",6977772634860,"N/A","Borescopes",512,91.59,-15,15,15,183,1013.97,1013.69,52,3.9,"Lingborx","China",1,371,"N/A","Large Standard-Size",3.43,6.5,8.27,2.2,92.83,256.08,"07/31/2025",22,8,0,0.28
"https://amazon.com/dp/B01N4QY6B2","https://m.media-amazon.com/images/I/71UZU8tPTAL._SX450_.jpg","B01N4QY6B2","Vividia Ablescope VA-W03A WiFi Box USB to WiFi Converter for iPhones/iPad for USB Digital Borescopes and Microscopes","VIVIDIA","FBA","Industrial & Scientific",260431,759119544072,"N/A",0759119544072,"N/A","Borescopes",495,108,-18,4,4,-76,447.34,447.25,48,3.6,"SmokeDaddy LLC","USA",3,95,-38,"Large Standard-Size",2.6,5,7.4,0.55,48.43,133.61,"04/30/2024",110,9,0,0.09
"https://amazon.com/dp/B085L57J5W","https://m.media-amazon.com/images/I/71sBhHVrnBL._SX450_.jpg","B085L57J5W","Autel MaxiVideo MV480 Inspection Camera, 1080P HD Industrial Endoscope with Light, Dual Cameras, 10-Level Adjustable LED, 7X Zoom, Snake Borescope with Audio Annotation, 360°Rotation, Up of MV460","Autel","FBA","Industrial & Scientific",260616,706597653284,"N/A",0706597653284,"N/A","Borescopes",500,249,-35,17,17,65,4322.38,4322.29,43,4.5,"Autelonline","China",1,272,1,"Large Standard-Size",5.87,12.01,15.2,5.62,539.51,1488.31,"04/30/2025",73,9,0,0.4
"https://amazon.com/dp/B0DP1XJSKS","https://m.media-amazon.com/images/I/71k4feKEcJL._SX450_.jpg","B0DP1XJSKS","ESANHAO Sewer Camera 100ft, 4500mAh Battery, 0.9in/23mm Pipe Inspection Camera, Video & Audio Recording, Distance Counter,Snake Camera with Light (with Locator)","ESANHAO","FBA","Industrial & Scientific",260883,"N/A","N/A","N/A","N/A","Borescopes",506,659.99,"N/A",3,1,,1297.21,373.01,5,4.6,"ESANHAO Store","China",1,0,"N/A","Large bulky",11.25,15.25,16.25,17.25,903.48,2258.71,"02/28/2026",15,8,4,0.66
"https://amazon.com/dp/B0DP1ZV47C","https://m.media-amazon.com/images/I/71RHLbpmT9L._SX450_.jpg","B0DP1ZV47C","ESANHAO Sewer Camera 100ft, 4500mAh Battery, 0.9in/23mm Pipe Inspection Camera, Video & Audio Recording, Distance Counter,Snake Camera with Light (with Self-Leveling)","ESANHAO","FBA","Industrial & Scientific",260916,"N/A","N/A","N/A","N/A","Borescopes",506,359.99,-24,3,1,,1297.21,350.13,5,4.6,"ESANHAO Store","China",1,0,"N/A","Large bulky",11,12.5,14.2,13.45,632.75,1581.89,"02/28/2026",15,7,4,0.66
"https://amazon.com/dp/B0DP1Z4V17","https://m.media-amazon.com/images/I/71KEZQfH-7L._SX450_.jpg","B0DP1Z4V17","ESANHAO Sewer Camera 100ft, 4500mAh Battery, 0.9in/23mm Pipe Inspection Camera, Video & Audio Recording, Distance Counter,Snake Camera with Light (with Digital Distance Count)","ESANHAO","FBA","Industrial & Scientific",260939,"N/A","N/A","N/A","N/A","Borescopes",506,329.99,23,3,2,,1297.21,573.87,5,4.6,"ESANHAO Store","China",1,0,"N/A","Large bulky",11.22,12.56,14.61,13.71,667.23,1668.08,"02/28/2026",15,7,4,0.66
"https://amazon.com/dp/B0FXXB799G","https://m.media-amazon.com/images/I/71YI3E4AhPL._SX450_.jpg","B0FXXB799G","Hialemi 3.9mm 4-Way Articulating Borescope with Joystick, 5"" IPS Screen Endoscope Camera with Light, 360° Articulated Probe, 3.94FT Flexible Fiber Optic Scope Cam(0.15inch), 1080P Mechanics Inspection","Hialemi","FBA","Industrial & Scientific",261532,"N/A","N/A","N/A","N/A","Borescopes",505,419.99,-20,14,4,,5578.05,1592.19,9,4.8,"Hialemi-US Direct","China",1,0,"N/A","Large Standard-Size",5.75,10.79,14.21,3.17,443.7,1223.99,"02/28/2026",5,9,2,1.58
"https://amazon.com/dp/B0DD7BC489","https://m.media-amazon.com/images/I/51Tr1sWER4L._SX450_.jpg","B0DD7BC489","PRANITE Sewer Camera Self Leveling, Drain Line Inspection Camera for Plumbers & Contractors Probe, 7″ HD Monitor, DVR Recordable, IP68 Waterproof, Meter Marking","PRANITE","FBA","Industrial & Scientific",262649,717018397106,"N/A",0717018397106,"N/A","Borescopes",510,399.99,-24,6,2,-33,2416.96,659.46,1,5,"dengwencai","China",1,0,"N/A","Large bulky",16.14,8.07,14,13,590.95,1477.37,"12/31/2025",20,8,6,5.84
"https://amazon.com/dp/B0DD7FSGGK","https://m.media-amazon.com/images/I/71lo9uU15FL._SX450_.jpg","B0DD7FSGGK","PRANITE Sewer Camera Self Leveling, Drain Camera 164 ft, Inspection Camera with Meter Counter, Plumbing Camera Snake with Light, 7'' HD Screen Drain Pipe Camera with DVR, IP68 Waterproof, 16GB Card","PRANITE","FBA","Industrial & Scientific",262663,717331217747,"N/A",0717331217747,"N/A","Borescopes",508,469.99,-24,6,1,-33,2416.96,396.13,1,5,"dengwencai","China",1,0,"N/A","Large bulky",17,7.68,16.14,17.86,682.9,1707.25,"12/31/2025",20,8,6,5.84
"https://amazon.com/dp/B0D1VPC7VZ","https://m.media-amazon.com/images/I/51ElphpY3WL._SX450_.jpg","B0D1VPC7VZ","Endoscope Camera, Dual Lens Endoscope Camera USB C Inspection Camera IP67 Waterproof 1920P Duct Camera with Semi Rigid Cable for Mobile Phone(1M)","Yuecoom","FBA","Industrial & Scientific",262803,"N/A","N/A","N/A","N/A","Borescopes",504,27.99,-57,0,0,,"-","-","N/A","N/A","Duyonzz","China",1,7,"N/A","Large Standard-Size",4.72,4.72,1.57,0.18,17.7,48.82,"04/30/2024",24,9,0,"N/A"
"https://amazon.com/dp/B0D6VMKFVQ","https://m.media-amazon.com/images/I/71uiz0QK4aL._SX450_.jpg","B0D6VMKFVQ","Oiiwak Sewer Camera with Locator, OK-S1 7mm Diameter Cable 10.1"" Touch-Screen Sewer Inspection Camera with DVR for Drain Plumbing Pipe - 512 Hz Transmitter, Self-Leveling, Distance Counter, 165FT","Oiiwak","FBA","Industrial & Scientific",263870,"N/A","N/A","N/A","N/A","Borescopes",525,1499.99,-26,5,1,-33,6661.51,1826.51,232,3.9,"Oiiwak Tech","China",1,0,"N/A","Large bulky",14.75,17,25.25,35.7,2051.85,5129.64,"10/31/2025",22,9,9,0.02
"https://amazon.com/dp/B0G34PXC7N","https://m.media-amazon.com/images/I/71z6GZ6FEJL._SX450_.jpg","B0G34PXC7N","4-Way 360° Articulating Borescope with 6 Light, Endoscope Camera with 6.2mm Probe, 8X Zoom Inspection Camera for Automotive Engine Pipe HVAC","Mrcartool","FBA","Industrial & Scientific",264359,"N/A","N/A","N/A","N/A","Borescopes",526,228,52,11,11,,2364.6,2364.5,3,4.2,"MR CARTOOL DIRECT","China",1,0,"N/A","Large Standard-Size",11.81,9.84,2.36,2.2,138.26,381.4,"01/31/2026",4,9,0,3.69
"https://amazon.com/dp/B0FZHGYJ42","https://m.media-amazon.com/images/I/71pAxY2aLZL._SX450_.jpg","B0FZHGYJ42","Sewer Camera 100ft, Drain Camera with 10'' IPS DVR, 1080P HD Pipeline Inspection Camera with 23mm Sapphire Lens, 5X Zoom, Meter Counter, Sewer Inspection Camera, Pipe Camera with 7mm Cable & 32G Card","VISIOPROBE","FBA","Industrial & Scientific",264852,"N/A","N/A","N/A","N/A","Borescopes",519,399,"N/A",0,0,,"-","-",1,5,"VISIOPROBE DIRRECT","N/A",1,0,"N/A","Large bulky",18.9,15.35,11.42,15.65,1073.61,2684.03,"-",5,7,3,0
"https://amazon.com/dp/B08PP4P6WD","https://m.media-amazon.com/images/I/71R-a4bEwjL._SX450_.jpg","B08PP4P6WD","0.197inch Dual Lens Wireless Endoscope Camera, NIDAGE 5.0mm Ultra-Slim Automotive Inspection Camera with 7 LEDs, 1080P Dual Lens Borescope Waterproof for Android & iOS Smartphone Tablet(5FT)","NIDAGE","FBA","Industrial & Scientific",265277,791727101261,"N/A",0791727101261,"N/A","Borescopes",498,55.98,-81,23,23,-83,1272.5,1272.24,220,4.3,"TELESION","China",1,755,-15,"Large Standard-Size",2.05,5.94,7.4,0.55,45.37,125.15,"03/31/2025",63,7,2,0.1
"https://amazon.com/dp/B0D9NV4JPY","https://m.media-amazon.com/images/I/41vnDTBNWkL._SX450_.jpg","B0D9NV4JPY","Sewer Camera 100FT,W/ 4.3'' IPS HD 32GB Video Screen,17MM HD 8500mAh JQKJCAM Plumbing Sewer Drain Snake Camera with Light,Meter Counter,0.67'' Sewer Scope for Drain Pipe Line Duct Inspection(30M)","JQKJCAM","FBA","Industrial & Scientific",265800,"N/A","N/A","N/A","N/A","Borescopes",516,244.32,-30,6,2,-17,1603.92,578.31,4,5,"JJKJ Cam","China",1,0,"N/A","Large Standard-Size",6.38,12,13.5,8.05,520.37,1435.5,"01/31/2026",20,7,2,1.6
"https://amazon.com/dp/B0CRDRNHHD","https://m.media-amazon.com/images/I/614mEQb9gxL._SX450_.jpg","B0CRDRNHHD","Sewer Drain Camera 100FT,Waterproof 0.9''/23MM JQKJCAM Snake Plumbing Sewer Line Inspection Camera 100 Foot wtih 12 Light 16GB Card 4.3‘’ Screen 8500mAh Battery Meter Counter for Pipes (30m)","JQKJCAM","FBA","Industrial & Scientific",265805,"N/A","N/A","N/A","N/A","Borescopes",517,259.9,-15,6,4,-17,1603.92,1031.09,4,5,"JJKJ Cam","China",1,0,"N/A","Large Standard-Size",6.25,12,13.75,8.8,519.21,1432.29,"01/31/2026",27,8,2,1.6
"https://amazon.com/dp/B0FN3VHJHH","https://m.media-amazon.com/images/I/817JoFFHeWL._SX450_.jpg","B0FN3VHJHH","HBUDS Sewer Camera with Locator 150ft, Self Leveling Drain Cameras with Distance Counter, 7mm Thickness Cable, 9"" IPS 1080P HD Plumbing Camera Snake with Light, Pipe Inspection Cam with MIC/DVR 32GB","HBUDS","FBA","Industrial & Scientific",265829,769016779569,"N/A",0769016779569,"N/A","Borescopes",517,1099.99,-29,5,1,92,4179.1,1541.87,4,4.7,"ZI QUN","Hong Kong",1,0,"N/A","Large bulky",19,13,23,22,1841.06,4602.66,"01/31/2026",7,7,5,1.27
"https://amazon.com/dp/B0FN3SSZLX","https://m.media-amazon.com/images/I/817JoFFHeWL._SX450_.jpg","B0FN3SSZLX","HBUDS Sewer Camera with Locator 200ft, Self Leveling Drain Cameras with Distance Counter, 7mm Thickness Cable, 9"" IPS 1080P HD Plumbing Camera Snake with Light, Pipe Inspection Cam with MIC/DVR 32GB","HBUDS","FBA","Industrial & Scientific",265862,769016779576,"N/A",0769016779576,"N/A","Borescopes",517,1199.99,-29,5,1,92,4179.1,994.69,4,4.7,"ZI QUN","Hong Kong",1,0,"N/A","Large bulky",19,13,23,23,1841.06,4602.66,"01/31/2026",7,7,5,1.27
"https://amazon.com/dp/B0FZK5ZFHF","https://m.media-amazon.com/images/I/61Y2S4+p1qL._SX450_.jpg","B0FZK5ZFHF","ChoosePRO HD1080P Sewer Camera Replacement Head, 0.9 in / 23mm, Compatible with PipeX1, X1PRO, X2 & X3 Series, with 6-LED, IP68 Waterproof","ChoosePRO","FBA","Industrial & Scientific",267254,"N/A","N/A","N/A","N/A","Borescopes",512,119.99,-56,3,3,,331.74,331.69,"N/A","N/A","ChoosePRO Direct","Hong Kong",1,0,"N/A","Large Standard-Size",0.8,2.2,2.5,0.1,2.22,6.11,"02/28/2026",5,1,0,"N/A"
"https://amazon.com/dp/B09GC5Z4GD","https://m.media-amazon.com/images/I/71qnfmN721L._SX450_.jpg","B09GC5Z4GD","Triplett BR500 High Definition Articulating Videoscope with Waterproof 6mm Camera and 3.5"" Color TFT LCD Display","Triplett","Amazon","Industrial & Scientific",268159,614395003692,"N/A",0614395003692,"N/A","Borescopes",542,716.59,-47,16,0,-4,2588.3,"-",6,3.6,"Amazon","N/A",1,205,"N/A","Large bulky",7,16.13,17.75,10.75,"N/A","N/A","09/30/2025",52,3,17,2.69
"https://amazon.com/dp/B0FWB82H9C","https://m.media-amazon.com/images/I/713E4SUyFUL._SX450_.jpg","B0FWB82H9C","Sewer Camera Self-Leveling,100FT/30M Pipe Drain Inspection Camera with 7"" 1080P HD Screen, Snake Plumbing Cameras with 9 LED Lights, IP68, 32GB Card, DVR Recording, for Duct Sewer Line Pipe Inspection","Liwogi","FBA","Industrial & Scientific",269291,"N/A","N/A","N/A","N/A","Borescopes",517,329.99,946,0,0,,"-","-","N/A","N/A","Hot car parts","China",1,0,"N/A","Large Standard-Size",12.7,6.7,14,7.43,599.77,1654.53,"01/31/2026",6,10,2,"N/A"
"https://amazon.com/dp/B0DSL994B3","https://m.media-amazon.com/images/I/51vKDFGTpYL._SX450_.jpg","B0DSL994B3","FeiYeup Endoscope Camera with Light, Borescope with Adjustable LED Light,Endoscope Camera,Waterproof Inspection Cameras","FeiYeup","FBM","Industrial & Scientific",269500,"N/A","N/A",7665810155062,"N/A","Borescopes",518,10.49,-24,0,0,-125,"-","-","N/A","N/A","feiqishuo","China",2,7,"N/A","N/A","N/A","N/A","N/A","N/A","N/A","N/A","01/31/2025",15,8,1,"N/A"
"https://amazon.com/dp/B0G7T5ZVQL","https://m.media-amazon.com/images/I/718LNnr7B-L._SX450_.jpg","B0G7T5ZVQL","IP68 Waterproof Self-Leveling Sewer Camera with Locator, 246FT 7MM Fiberglass Cable & 512Hz Sonde, 10-inch HD DVR Monitor with 5X Zoom, 4500mAh Battery for Professional Plumber","Powerwill","FBM","Industrial & Scientific",270169,717639659300,"N/A",0717639659300,"N/A","Borescopes",530,1498.99,16,3,1,,3808.78,1020.9,24,4.7,"di fan hua","N/A",1,0,"N/A","Extra-large 50+ to 70 lb",22.41,19.69,22.05,54.89,"N/A","N/A","01/31/2026",3,8,5,0.11
"https://amazon.com/dp/B09KBSMWJ3","https://m.media-amazon.com/images/I/51p2PF8y8dL._SX450_.jpg","B09KBSMWJ3","DEPSTECH Accessories Including Hook Magnet Protective Cap Reset Pin, for DEPSTECH DS300 DS520 WF028 DS350 DS500 DS600 DS450 Dual Lens Inspection Camera, 7.9mm Dia Probe - Black","DEPSTECH","FBA","Industrial & Scientific",270452,"N/A","N/A","N/A","N/A","Borescopes",519,14.99,-5,15,15,-21,247.93,247.62,150,4.3,"Depstech","China",1,203,4,"Large Standard-Size",0.87,3.46,3.78,0.04,5.73,15.8,"06/30/2024",53,9,2,0.1
"https://amazon.com/dp/B0BYX25G5L","https://m.media-amazon.com/images/I/41Yx+50uMdL._SX450_.jpg","B0BYX25G5L","USB Endoscope for OTG Android Phone, Laptop, 5.5mm Borescope Inspection Camera Waterproof with USB Type C, Micro-USB Plug 3in1, Pure Copper Cord with 6 LED Lights, Compatible with Most Phone, PC (2m)","iW899Bytto","FBM","Industrial & Scientific",272890,"N/A","N/A","N/A","N/A","Borescopes",509,15.99,-7,4,2,-52,64.12,34.92,1,5,"InWorld","Hong Kong",1,37,23,"Large Standard-Size",4.53,3.98,0.98,0.18,"N/A","N/A","10/31/2024",36,6,3,3.62
"https://amazon.com/dp/B0DJ7PQ6BP","https://m.media-amazon.com/images/I/81IFtMfANRL._SX450_.jpg","B0DJ7PQ6BP","Sewer Camera Self-Leveling 300FT, Built-in 512HZ Transmitter, 7MM Cable, 9'' HD Plumbing Camera with Depth Marking, 1080P IPS Screen & DVR 32GB and Adjustable LED Lights","PeachLeaf","FBA","Industrial & Scientific",273736,717331239213,"N/A",0717331239213,"N/A","Borescopes",520,569.99,"N/A",7,0,,2971.86,"-",1,5,"YoJo-Tech","China",1,0,"N/A","Large bulky",14.37,19.49,21.57,27.73,1957.78,4894.44,"01/31/2026",18,8,13,6.79
"https://amazon.com/dp/B0DNYYDCJL","https://m.media-amazon.com/images/I/61jAlr5kYPL._SX450_.jpg","B0DNYYDCJL","Endoscope Camera with Light, USB Snake Borescope with 6 Adjustable LED Lights, 1920P HD IP67 Waterproof 16.5FT Inspection Cord Snake Camera for Type C Phone,Android,PC Tablet","WAYVOSE","FBM","Industrial & Scientific",273964,"N/A","N/A","N/A","N/A","Borescopes",540,36.98,17,0,0,-133,"-","-",16,3.6,"YuPicks","China",1,0,"N/A","Large Standard-Size",1.34,5.12,5.16,0.37,"N/A","N/A","05/31/2025",13,6,0,0
"https://amazon.com/dp/B0FC2LZ7N9","https://m.media-amazon.com/images/I/71DEh7FcilL._SX450_.jpg","B0FC2LZ7N9","Sewer Camera, Self-Leveling Drain Camera with 7mm Thicker Cable, 200ft/60M Range, 9"" 1080P HD Monitor, IP68 Waterproof for Pipe Inspection, DVR Snake Cam with Distance Counter & 32GB Card","okk","FBA","Industrial & Scientific",274157,"N/A","N/A","N/A","N/A","Borescopes",527,699.99,-3,5,1,-102,4312.93,816.59,10,4.4,"ZOZUS-DIRECT","China",1,0,"N/A","Extra-large 50+ to 70 lb",16.62,21.62,23.5,26.25,2736.52,6841.3,"12/31/2025",9,8,11,0.46
"https://amazon.com/dp/B0F2HP61PW","https://m.media-amazon.com/images/I/71wTDW5euXL._SX450_.jpg","B0F2HP61PW","Okk Sewer Camera with Locator, Drain Camera 100ft, Pipe Inspection with 512Hz Sonde, Self-Leveling, Industrial Endoscope with DVR, 9"" LCD, Meter Counter, 7mm Cable, IP68 Waterproof, 12 LEDs, 32GB Card","okk","FBA","Industrial & Scientific",274180,"N/A","N/A","N/A","N/A","Borescopes",527,1199.99,-19,5,1,-99,4214.77,878.04,10,4.4,"ZOZUS-DIRECT","China",1,0,"N/A","Large bulky",13,19,20.5,22.15,1640.95,4102.37,"12/31/2025",12,8,11,0.45
"https://amazon.com/dp/B0G4DLHWDH","https://m.media-amazon.com/images/I/71NAgVtK6oL._SX450_.jpg","B0G4DLHWDH","Endoscope Camera with Light, Dual Lens 1080P HD Inspection Camera, 8 LED, 6.5FT 8MM Thick Semi-Rigid Snake Cameras, IP67 Waterproof Inspection Tool for iPhone 15-11, Android & Type-C Phones","Powerwill","-","Industrial & Scientific",274865,717639657979,"N/A",0717639657979,"N/A","Borescopes",533,15.99,"N/A",0,0,,"-","-","N/A","N/A",,"N/A",1,0,"N/A","Large Standard-Size",5.91,3.94,1.57,0.22,"N/A","N/A","-",3,"N/A",5,"N/A"
"https://amazon.com/dp/B0DJ7N2XDC","https://m.media-amazon.com/images/I/81G8Ga784KL._SX450_.jpg","B0DJ7N2XDC","Sewer Camera Self-Leveling, 9'' HD Plumbing Pipe Camera with Depth Marking, Zoom, and Adjustable Brightness LED Lights, Ideal for Drain, Pipes, Wells, Machinery, and Industrial Applications.","PeachLeaf","FBA","Industrial & Scientific",275908,717331238940,"N/A",0717331238940,"N/A","Borescopes",511,369.99,-29,7,3,,3230.82,1178.65,1,5,"YoJo-Tech","China",1,0,"N/A","Large bulky",11.97,17.32,19.92,16.38,1338.37,3345.92,"01/31/2026",18,7,13,7.29
"https://amazon.com/dp/B0DKJXTNRS","https://m.media-amazon.com/images/I/6151EVRADXL._SX450_.jpg","B0DKJXTNRS","Sewer Camera Head Replacement with Self-Leveling Function,Compatible with PRANITE HBUDS Anysun Sewer Camera Head 512Hz Sonde IP68 Waterproof Inspection Accessories","Stove Stoppaz","FBM","Industrial & Scientific",278408,717813046087,"N/A",0717813046087,"N/A","Borescopes",532,319.99,5,5,0,78,1147.65,"-",1,5,"pingweiusa","China",1,0,"N/A","N/A","N/A","N/A","N/A","N/A","N/A","N/A","07/31/2025",17,9,4,4.92
"https://amazon.com/dp/B0CWY87BLX","https://m.media-amazon.com/images/I/61FNXe4dFgL._SX450_.jpg","B0CWY87BLX","【Dual-Lens BORESCOPE Inspection Camera HD with Light】 Endoscope with Adjustable LED - Compatible with iPhone, Samsung, iPad, iOS & Android - 3.0MP HD, IP67 Waterproof, 16.5ft/5m","EmbraceYe","FBA","Industrial & Scientific",278520,860011616757,"N/A",0860011616757,"N/A","Borescopes",542,39.89,-14,1,1,-108,48.94,48.89,41,4.1,"EmbraceYe","China",2,83,-84,"Large Standard-Size",1.69,4.96,5.24,0.53,22.11,61.01,"06/30/2024",25,8,0,0.03
"https://amazon.com/dp/B0DJT7SPXW","https://m.media-amazon.com/images/I/71+fe6lLfDL._SX450_.jpg","B0DJT7SPXW","Endoscope(E01) for Ulefone Armor 33/30/28/27/26/24/21/19/18/13/9 Series, Pad 4 Ultra/Pad 3 Pro/Pad 2/Pad Series, IP67 Waterproof 3 in 1, Practical Inspection Tool","Ulefone","FBA","Industrial & Scientific",278649,"N/A","N/A","N/A","N/A","Borescopes",527,69.99,-35,2,2,,107.7,107.65,3,4.6,"SMART TECH PHONE","China",1,12,"N/A","Large Standard-Size",3.94,1.97,5.91,0.44,23.04,63.57,"07/31/2025",18,7,0,0.51
"https://amazon.com/dp/B0DBVC7H92","https://m.media-amazon.com/images/I/51eL31jlghL._SX450_.jpg","B0DBVC7H92","17MM Sewer Camera Guide Wheel,JQKJCAM Sewer Camera Roller Guide Accessory/Parts,90MM/3.5'' Protector Cover with Pulleys for 0.67'' Pipe Drain Duct Inspection Camera","JQKJCAM","FBA","Industrial & Scientific",278754,"N/A","N/A","N/A","N/A","Borescopes",529,22.8,-34,8,8,-81,187.17,186.97,7,3.9,"JJKJ Cam","China",1,0,"N/A","Large Standard-Size",1.85,4.13,6.38,0.29,24.54,67.7,"07/31/2025",20,6,0,1.17
"https://amazon.com/dp/B0CQYQY1CC","https://m.media-amazon.com/images/I/71LCg8UNbZL._SX450_.jpg","B0CQYQY1CC","Anysun Sewer Camera with Locator Set, Self-Leveling, 7mm Cable with Depth Marking, IP68 Waterproof Plumbing Endoscope Drain Snake Camera with 9'' Color Screen, 12pcs Light, Recorder with 32GB(250FT)","anysun","FBA","Industrial & Scientific",279095,774049901849,"N/A",0774049901849,"N/A","Borescopes",543,1199.99,-14,9,1,,9968.14,1578.56,4,5,"ToBestGift","China",1,0,"N/A","Large bulky",15,19.9,21.3,25.85,2060.48,5151.2,"02/28/2026",27,8,9,2.37
"https://amazon.com/dp/B0FQHGC7ZL","https://m.media-amazon.com/images/I/81J4t-7HTtL._SX450_.jpg","B0FQHGC7ZL","OKK Sewer Camera with 512Hz Locator, 9"" Self-Leveling Drain Camera 165ft, Distance Counter, 7mm Push Cable, IP68 Waterproof, DVR with Mic, 32GB Card, 5100mAh Battery, Professional Plumbing Camera","okk","-","Industrial & Scientific",279103,717308726944,"N/A",0717308726944,"N/A","Borescopes",540,1199.99,"N/A",10,5,,11805.98,5999.87,"N/A","N/A",,"N/A",1,0,"N/A","Large bulky",20,18,12,15,"N/A","N/A","02/28/2026",7,"N/A",4,"N/A"
"https://amazon.com/dp/B0BXSQX9FQ","https://m.media-amazon.com/images/I/61AiAbqmjCL._SX450_.jpg","B0BXSQX9FQ","Endoscope, 3-in-1 Type-C USB Inspection Camera, 6 Adjustable Led Light,Inspection Camera Borescope,for Android Mobile Phone Tablet PC Desktop Computer, Waterproof (Size:2m)","BNYTXV","FBA","Industrial & Scientific",280143,"N/A","N/A","N/A","N/A","Borescopes",535,10.29,-30,13,13,-54,135.59,135.34,53,3.2,"nianjiekou","China",1,234,800,"Large Standard-Size",0.94,5.28,5.43,0.11,13.57,37.43,"12/31/2025",37,9,0,0.25
"https://amazon.com/dp/B0CMY35BTX","https://m.media-amazon.com/images/I/51-9AIm6jDL._SX450_.jpg","B0CMY35BTX","3 in 1 Endoscope 3.9mm Lens Type C Inspection Camera IP67 Borescope Snake Camera with 6 Adjustable LED Lights 1 Meter Soft Cord","Walfront","FBA","Industrial & Scientific",280856,"N/A","N/A","N/A","N/A","Borescopes",550,19.07,-17,2,2,10,45.56,45.47,2,3,"Dawnsou","China",1,29,"N/A","Large Standard-Size",5.12,5.12,1.57,0.15,20.77,57.29,"02/28/2025",29,9,0,1.13
"https://amazon.com/dp/B0D2R7QG47","https://m.media-amazon.com/images/I/719-w+QCPhL._SX450_.jpg","B0D2R7QG47","Two-Way Articulating Borescope with Light, GODIAG Industrial Endoscope with Snake Scope Camera, Borescope Inspection Camera with Light for Automotive & Aircraft Mechanics (3.3FT Cord)","GODIAG","FBA","Industrial & Scientific",281633,889327074273,"N/A",0889327074273,"N/A","Borescopes",546,75.99,-27,11,7,110,853.81,500.63,67,4.3,"GODIAG SHOP","China",1,189,"N/A","Large Standard-Size",3.23,9.45,17.01,2.58,261.41,721.12,"02/28/2025",22,7,2,0.16
"https://amazon.com/dp/B0BYX3PGP9","https://m.media-amazon.com/images/I/41Yx+50uMdL._SX450_.jpg","B0BYX3PGP9","USB Endoscope for OTG Android Phone, Laptop, 5.5mm Borescope Inspection Camera Waterproof with USB Type C, Micro-USB Plug 3in1, Pure Copper Cord with 6 LED Lights, Compatible with Most Phone, PC (5m)","iW899Bytto","FBM","Industrial & Scientific",282103,"N/A","N/A","N/A","N/A","Borescopes",543,18.99,-23,4,1,-52,64.12,17.93,1,5,"InWorld","Hong Kong",1,37,23,"Large Standard-Size",5.2,4.72,1.65,0.27,"N/A","N/A","10/31/2024",36,6,3,3.62
"https://amazon.com/dp/B0FWBB6W27","https://m.media-amazon.com/images/I/71-vJJJOH2L._SX450_.jpg","B0FWBB6W27","Sewer Camera with DVR Function,100FT/30M Pipe Drain Inspection Camera with 7"" 1080P HD Screen, Snake Plumbing Cameras with 9 LED Lights, IP68, 32GB Card,Borescope for Duct Sewer Line Pipe Inspection","Liwogi","FBA","Industrial & Scientific",282381,"N/A","N/A","N/A","N/A","Borescopes",549,289.99,34,0,0,,"-","-","N/A","N/A","Hot car parts","China",1,0,"N/A","Large Standard-Size",12.7,6.7,14,7.43,599.77,1654.53,"01/31/2026",6,9,2,"N/A"
"https://amazon.com/dp/B08Z9THK1B","https://m.media-amazon.com/images/I/717am8N275L._SX450_.jpg","B08Z9THK1B","DrainTrain Video Camera Roller Skid for Pipe Inspection. Works with Any Camera up to 1.375"" or 35mm in Diameter. Centers Cameras in 3"" (75mm) Pipes","CPI Products","FBM","Industrial & Scientific",283039,858724002578,"N/A",0858724002578,"N/A","Borescopes",566,135,-15,7,7,425,893.9,893.79,14,3.5,"Handy Products by Cavallero Products","USA",1,37,-59,"Large Standard-Size",4.49,4.61,7.24,0.53,"N/A","N/A","06/30/2024",60,8,0,0.48
"https://amazon.com/dp/B07P2JPKW6","https://m.media-amazon.com/images/I/71NUzkoEUDL._SX450_.jpg","B07P2JPKW6","20M 65ft Replacement Cable for HBUDS Sewer Camera (20M/30M/50M Cable Optional) Model:7D1","HBUDS","FBM","Industrial & Scientific",283230,"N/A","N/A",8011657107303,"N/A","Borescopes",583,199.99,26,7,4,2500,1615.24,885.19,13,4.1,"Hanxuan tech","Hong Kong",1,54,-30,"N/A","N/A","N/A","N/A","N/A","N/A","N/A","03/31/2025",85,7,3,0.58
"https://amazon.com/dp/B0DDXT2242","https://m.media-amazon.com/images/I/71D-I+o7eTL._SX450_.jpg","B0DDXT2242","Anysun Sewer Camera with 512Hz Sonde Transmitter, Self Leveling & Distance Counter, 100Ft Pipe Inspection Camera with DVR Recorder, 9'' 1080P IPS Monitor, IP68 Waterproof, 16GB Card","anysun","FBA","Industrial & Scientific",283572,"N/A","N/A","N/A","N/A","Borescopes",664,499.99,-18,12,3,253,5702.83,1518.18,2,2.4,"Yongchangsheng tech","Hong Kong",1,180,"N/A","Large bulky",11.3,12.48,14.76,13.69,674.56,1686.41,"07/31/2025",16,7,5,6.09
"https://amazon.com/dp/B0DGMZ92CH","https://m.media-amazon.com/images/I/51s2Jjh2OXL._SX450_.jpg","B0DGMZ92CH","Pipe Sewer Inspection Camera Protective Cover, Plastic Sewer Camera Guide Wheel, Easy to Install Pipe Inspection Camera Accessories for 17 to 18mm Endoscope Part Accessory","Asixxsix","FBA","Industrial & Scientific",283815,"N/A","N/A","N/A","N/A","Borescopes",536,16.82,-16,22,22,-14,365.86,365.67,4,4,"Guoenir","China",2,0,"N/A","Large Standard-Size",0.94,3.35,3.46,0.04,5.52,15.22,"10/31/2025",19,9,0,5.44
"https://amazon.com/dp/B0CLR1L4N7","https://m.media-amazon.com/images/I/41oEOFW+0TL._SX450_.jpg","B0CLR1L4N7","Articulating Borescope Inspection Camera HD1080P, Endoscope Automotive Scope with 8GB Memory Card, 5"" LCD Display, 3 Level LED Light and lP67 Waterproof Camera Lens Diameter 6.35mm","MOTOCOCHE","FBA","Industrial & Scientific",284334,"N/A","N/A","N/A","N/A","Borescopes",558,94.49,-30,2,2,,278.18,278.08,1,5,"MOTOCOCHE Direct","China",1,2,-82,"Large Standard-Size",8.6,3.5,16.5,2.76,250.05,689.79,"06/30/2024",29,7,0,2.2
"https://amazon.com/dp/B0F8V51XJ7","https://m.media-amazon.com/images/I/71pVgPzwfCL._SX450_.jpg","B0F8V51XJ7","Two-Way Articulating Borescope with Light, Industrial Endoscope Camera with 0.24in/6.25mm Articulated Probe, IP67 Waterproof Snake Inspection Scope for Mechanic Aircraft Automotive Engine","MR CARTOOL","FBA","Industrial & Scientific",284945,"N/A","N/A","N/A","N/A","Borescopes",551,75.89,-40,12,9,,795.7,524.25,5,3.7,"MR CARTOOL DIRECT","China",1,0,"N/A","Large Standard-Size",2.91,12.05,15.39,1.65,271.7,749.53,"02/28/2026",11,9,2,2.42
"https://amazon.com/dp/B0CY7SW9GD","https://m.media-amazon.com/images/I/71RmAuv--RL._SX450_.jpg","B0CY7SW9GD","Sewer Camera with Locator Self Leveling 100FT,9'' HD 32GB Screen,36X Zoom in,JQKJCAM Plumbing Drain Camera and Locator Snake w/ 12 Light,Meter Counter for Precise Pipe Sewer Inspection (30M)","JQKJCAM","FBA","Industrial & Scientific",285245,"N/A","N/A","N/A","N/A","Borescopes",571,664.99,-37,7,1,-18,4117.96,961.35,21,4,"JJKJ Cam","China",1,173,"N/A","Large bulky",11.2,15.5,17.9,16.8,1007.04,2517.6,"08/31/2024",25,9,7,0.33
"https://amazon.com/dp/B0DHRQ9KM1","https://m.media-amazon.com/images/I/71TMrzDaETL._SX450_.jpg","B0DHRQ9KM1","Sewer Camera 100FT/30M, Wohuole Pipe Inspection Camera with 6pcs LEDs Light, 5"" 1080P HD Screen, Plumbing Snake Borescope with 5000mAh Battery DVR Recorder, Included 32GB Card","wohuole","FBA","Industrial & Scientific",286114,"N/A","N/A","N/A","N/A","Borescopes",541,205,-27,15,15,34,3089.39,3089.31,21,3.7,"QX Direct US","China",2,0,"N/A","Large Standard-Size",16.02,13.66,6.69,7.36,737.64,2034.88,"08/31/2025",10,6,2,0.72
"https://amazon.com/dp/B0GLHF64SG","https://m.media-amazon.com/images/I/71wAYyiStXL._SX450_.jpg","B0GLHF64SG","Anykit Two-Way Articulating Borescope with Light, Industrial Endoscope Inspection Camera with 0.22in Articulated Scope Flexible Snake Scope for Wall Automotive Engine Inspect- 5FT","Anykit","-","Industrial & Scientific",286267,860012040155,"N/A",0860012040155,"N/A","Borescopes",556,69.99,"N/A",0,0,,"-","-","N/A","N/A",,"N/A",1,0,"N/A","Large Standard-Size",2.72,7.6,15.2,1.79,"N/A","N/A","-",2,"N/A",0,"N/A"
"https://amazon.com/dp/B0F7LGXGBM","https://m.media-amazon.com/images/I/71gQh54eOnL._SX450_.jpg","B0F7LGXGBM","Dual Lens Industrial Endoscope, 1080P Digital Borescope Inspection Camera with Light, 5.0mm Sewer Camera with 4.3"" IPS Screen, 7 LED Lights, 16.5FT Semi-Rigid Cable, 32GB Card (JR501)","DTVSUBS","FBA","Industrial & Scientific",286825,"N/A","N/A","N/A","N/A","Borescopes",542,35.99,-28,5,4,-98,198.31,146.16,9,4.6,"Bison America","USA",1,0,"N/A","Large Standard-Size",2.68,5.08,8.74,1.06,59.91,165.26,"12/31/2025",7,7,2,0.59
"https://amazon.com/dp/B0FJRT1PLG","https://m.media-amazon.com/images/I/71rkLzul8eL._SX450_.jpg","B0FJRT1PLG","Dual-Lens Endoscope Camera with Light, 1920P HD Industrial Borescope with 4.3"" IPS, 7 LED Lights & 32GB Card, IP67 Waterproof Inspection Camera with 16.5ft Semi-Rigid Cable for Sewer HVAC Car Repair","DTVSUBS","FBA","Industrial & Scientific",286860,"N/A","N/A","N/A","N/A","Borescopes",542,39.99,-34,5,1,-98,198.31,51.9,2,4.2,"Bison America","USA",1,0,"N/A","Large Standard-Size",2.64,5.12,8.82,1.06,60.02,165.58,"12/31/2025",7,7,2,2.68
"https://amazon.com/dp/B0DCS7LDWG","https://m.media-amazon.com/images/I/71e0dF+6jrL._SX450_.jpg","B0DCS7LDWG","Sanyipace Sewer Camera 230FT/70M with 512Hz Transmitter, Self-Leveling, Drain Plumbing Pipe Inspection Camera with Mic Speaker, DVR Recorder, 16GB TF Card, 9mm Rigid Cable, Pipe Pulley Guide Wheel","Sanyipace","FBA","Industrial & Scientific",286920,"N/A","N/A","N/A","N/A","Borescopes",552,2299.99,-150,0,0,,"-","-",45,4,"Urselection","China",1,0,"N/A","Extra-large 70+ to 150 lb",14.76,28.35,31.5,58.42,4271.64,10679.09,"03/31/2026",20,7,6,0.01
"https://amazon.com/dp/B09B716SK3","https://m.media-amazon.com/images/I/51fNVCbvmrL._SX450_.jpg","B09B716SK3","Raguso USB Endoscope 3 in 1 Borescope USB/Type-C Inspection Snake Camera with 6 LED Lights 3.9mm Lens for Laptop (5 Meter Cork)","Raguso","FBA","Industrial & Scientific",287564,"N/A","N/A","N/A","N/A","Borescopes",556,20.09,"N/A",3,3,100,53.59,53.49,1,4,"Chihzhen","China",2,16,"N/A","Large Standard-Size",1.38,5,5.24,0.26,18.2,50.22,"01/31/2026",56,9,0,3.09
"https://amazon.com/dp/B0C458FHZG","https://m.media-amazon.com/images/I/71o8AB6njdL._SX450_.jpg","B0C458FHZG","HBUDS Sewer Camera 165ft/50M, Drain Camera, 9 inch HD Monitor Plumbing Camera Snake with Light, IP68 Waterproof Sewer Inspection Camera, Duct Chimney Drain Pipe Cameras with DVR for Plumber &Homeowner","HBUDS","FBA","Industrial & Scientific",288066,"N/A","N/A","N/A","N/A","Borescopes",582,399.99,-3,1,0,-85,403.3,"-",2,3,"Hanxuan tech","Hong Kong",1,0,"N/A","Large bulky",10.47,13.35,15.12,11.93,684.9,1712.24,"01/31/2026",35,7,5,0.01
"https://amazon.com/dp/B0CXHZXNXG","https://m.media-amazon.com/images/I/71o8AB6njdL._SX450_.jpg","B0CXHZXNXG","HBUDS Sewer Camera 100ft, 9 inch HD Color Screen Drain Camera, Plumbing Camera Snake with Light, IP68 Waterproof Sewer Inspection Camera, Drain Pipe Cameras with DVR 16GB for Plumber & Homeowner","HBUDS","FBA","Industrial & Scientific",288066,774049882193,"N/A",0774049882193,"N/A","Borescopes",582,399.99,-24,1,0,-85,403.3,"-",2,3.8,"Hanxuan tech","Hong Kong",1,0,"N/A","Large bulky",10.56,13.44,15.17,11.83,697.74,1744.35,"01/31/2026",41,7,5,0.38
"https://amazon.com/dp/B0DKJXC83Y","https://m.media-amazon.com/images/I/517loDenTEL._SX450_.jpg","B0DKJXC83Y","Accessories Sewer Camera Head with 512Hz Sonde Transmitter, Waterproof Pipe Inspection Camera Lens Parts for Anysun, HBUDS, Aukfa 7D1 Drain Pipe Camera（IP68）","Stove Stoppaz","FBM","Industrial & Scientific",288648,717813046056,"N/A",0717813046056,"N/A","Borescopes",556,299.99,-31,5,1,78,1147.65,203.24,2,5,"pingweiusa","China",1,0,"N/A","N/A","N/A","N/A","N/A","N/A","N/A","N/A","07/31/2025",17,4,4,2.46
"https://amazon.com/dp/B0FF4X5J9S","https://m.media-amazon.com/images/I/71rIoHcUHnL._SX450_.jpg","B0FF4X5J9S","TIANSIAO Dual Lens Endoscope Camera with Light, 1920P HD Borescope with 4.3"" IPS Screen, IP67 Waterproof Inspection Camera with 8 Adjustable LEDs, 16.5ft Semi-Rigid Cable, 32GB Card-Black","Tiansiao","FBA","Industrial & Scientific",290246,"N/A","N/A","N/A","N/A","Borescopes",560,43.99,-33,3,3,-104,122.87,122.79,13,5,"TIANXIAO US","N/A",1,0,"N/A","Large Standard-Size",2.44,4.96,7.17,0.99,43.69,120.52,"08/31/2025",9,7,0,0.21
"https://amazon.com/dp/B0DD2S2MXB","https://m.media-amazon.com/images/I/71XTozV+2IL._SX450_.jpg","B0DD2S2MXB","UNIOJO 5.2mm Borescope, Endoscope Camera with Light, IP67 Waterproof Sewer Camera with 4.3"" LCD Screen, 1080P HD with 8 LED Lights, 32GB Card, Carrying Case, Gadgets for Men & Tools for Men","UNIOJO","FBA","Industrial & Scientific",290298,"N/A","N/A","N/A","N/A","Borescopes",547,30.99,-23,10,10,,329.52,329.32,251,4.1,"UNIOJO","China",2,0,"N/A","Large Standard-Size",2.24,5.43,7.6,0.95,46.54,128.39,"02/28/2026",20,9,4,0.04
"https://amazon.com/dp/B0C3VSPVLS","https://m.media-amazon.com/images/I/5198B5Pue-L._SX450_.jpg","B0C3VSPVLS","Endoscope Cable Camera for iPhone,1080P HD Borescope with 8 Adjustable LED Light, IP68 Waterproof 8MM Semi-Rigid Snake Camera for iPhone 14/13/12/11/Pro/Pro Max/Plus/Mini, 6.6FT / 2M","LUKZATEN","FBA","Industrial & Scientific",291930,617037578350,"N/A",0617037578350,"N/A","Borescopes",566,23.5,41,5,5,-26,113.27,113.18,13,4.3,"Lukzaten US","China",1,110,2,"Large Standard-Size",6.3,5.5,0.8,0.16,13.96,38.5,"02/28/2025",35,9,4,0.37
"https://amazon.com/dp/B0FLWS2HBV","https://m.media-amazon.com/images/I/713i-fzU-6L._SX450_.jpg","B0FLWS2HBV","Endoscope Camera with Light, 1080P HD Borescope with 8 Adjustable Lights, 5"" Endoscope with 16.4ft Semi-Rigid Snake Camera, IP67 Waterproof Borescopese for Sewer, Cool Gadgets & Tools for Men","Lumiscp","FBA","Industrial & Scientific",292006,"N/A","N/A","N/A","N/A","Borescopes",560,54.99,-19,0,0,,"-","-","N/A","N/A","Lumiscp Direct","China",1,0,"N/A","Large Standard-Size",3.62,6.77,9.25,1.76,114.13,314.85,"11/30/2025",8,7,0,"N/A"
"https://amazon.com/dp/B0GMTRXT21","https://m.media-amazon.com/images/I/61bbxpxcmfL._SX450_.jpg","B0GMTRXT21","KLARAY US18-UD80 Dual-Lens Articulating Borescope with 5” IPS Screen, Industrial Inspection Camera for Pipe, Vent, and Machinery Inspection","Klaray","Amazon","Industrial & Scientific",292983,199284303157,"N/A",0199284303157,"N/A","Borescopes",564,130.99,-40,4,4,,421.75,421.64,4,5,"Amazon","N/A",1,0,"N/A","Large Standard-Size",3.03,10.95,14.74,3.06,"N/A","N/A","02/28/2026",2,7,0,0.89
"https://amazon.com/dp/B0GK8HGMLP","https://m.media-amazon.com/images/I/71xnGI42b1L._SX450_.jpg","B0GK8HGMLP","Holdwell S Dual Lens Articulating Borescope Camera, 8mm Borescope Endoscope with 5"" IPS Screen, 720P HD, 4.9FT Gooseneck Cable, IP67 Waterproof Snake Cameras with 9 Lights for Automotive, Plumbing","Holdwell S","FBA","Industrial & Scientific",293465,"N/A","N/A","N/A","N/A","Borescopes",562,114.99,"N/A",0,0,,"-","-","N/A","N/A","Holdwell S","N/A",1,0,"N/A","Large Standard-Size",3.31,9.92,17.36,2.34,286.99,791.69,"-",2,7,4,"N/A"
"https://amazon.com/dp/B0C2ZMPFDD","https://m.media-amazon.com/images/I/71-mApkcnJL._SX450_.jpg","B0C2ZMPFDD","HBUDS Sewer Camera with 512hz Sonde 100ft, Self-Leveling, 9"" 1080P HD Drain Camera, Plumbing Camera Snake with Light, IP68 Waterproof Inspection Camera, Drain Pipe Cameras with DVR 16GB","HBUDS","FBA","Industrial & Scientific",294324,"N/A","N/A","N/A","N/A","Borescopes",586,599.99,4,1,0,-85,403.3,"-",59,3.9,"Hanxuan tech","Hong Kong",1,0,"N/A","Large bulky",10,13.25,15.1,10.84,648.39,1620.98,"01/31/2026",36,7,5,0.01
"https://amazon.com/dp/B0F23DYJPT","https://m.media-amazon.com/images/I/7116UZ66R3L._SX450_.jpg","B0F23DYJPT","EIXAUP Sewer Camera 100 ft, 23 MM Pipe Inspection Camera with 12pcs LED Lights, 7"" 1080P HD Monitor with DVR Function, IP68 Waterproof, Meter Marker, Included 32GB Card(30 m)","EIXAUP","FBA","Industrial & Scientific",295387,"N/A","N/A","N/A","N/A","Borescopes",564,261.99,-32,16,16,650,4188.45,4188.18,8,3.4,"SYST","China",1,0,"N/A","Large bulky",11.14,13.3,15.39,10.67,738.96,1847.39,"05/31/2025",12,6,0,1.99
"https://amazon.com/dp/B0G35R4DCN","https://m.media-amazon.com/images/I/71Ovg38Z0aL._SX450_.jpg","B0G35R4DCN","Hialemi 10"" Sewer Camera with 512Hz Sonde & Wheels, Self Leveling Plumbing Camera & Distance Counter & 5X Zoom - 145° Pipe Inspection Camera with Lights, 1080P IPS Screen & DVR 32GB(7MM-164Ft/50M)","Hialemi","FBA","Industrial & Scientific",295639,"N/A","N/A","N/A","N/A","Borescopes",568,1499.99,-14,3,8,,4499.97,11263.13,4,5,"Hialemi-US Direct","China",1,0,"N/A","Large bulky",24.8,18.89,14.17,26.46,2152.47,5381.17,"02/28/2026",4,9,2,0.75
"https://amazon.com/dp/B0F212TN9N","https://m.media-amazon.com/images/I/51baThekuBL._SX450_.jpg","B0F212TN9N","SG Store 1 Set 7.9mm Endoscope Hook Magnet Protective Cap Accessories Compatible with DEPSTECH DS300 DS520 WF028 DS350 DS500 DS600 DS450 Dual Lens Inspection Camera","SG Store","FBA","Industrial & Scientific",296462,"N/A","N/A",4895253941790,"N/A","Borescopes",562,9.39,-6,3,3,-56,25.89,25.82,1,5,"Sundry Goods Store","Hong Kong",1,0,"N/A","Small Standard-Size",0.67,2.95,4.65,0.04,4.62,12.75,"10/31/2025",12,7,0,2.79
"https://amazon.com/dp/B0DGCX6G3L","https://m.media-amazon.com/images/I/71EIeHISHlL._SX450_.jpg","B0DGCX6G3L","Anysun Sewer Camera Self Leveling with Locator, Distance Counter, 165Ft Sewer Inspection Cameras with 9'' 1080P IPS Monitor, Video Pipe Drain Cam IP68 Industrial Borescope Snake, 16GB Card","anysun","FBA","Industrial & Scientific",296626,"N/A","N/A","N/A","N/A","Borescopes",574,899.99,-31,7,2,173,6133.77,1996.17,1,5,"Yongchangsheng tech","Hong Kong",1,60,"N/A","Large bulky",11.5,15.25,15.5,14,880.93,2202.34,"02/28/2025",17,8,2,7.4
"https://amazon.com/dp/B0G19BQFW7","https://m.media-amazon.com/images/I/71uxoAcIFkL._SX450_.jpg","B0G19BQFW7","Anysun All in 1 Sewer Camera with Locator & Wheels & Pull Handle, 7MM Cable, Self Leveling, Distance Counter, 32GB Card, 9'' HD Monitor, Pipe Drain Inspection Camera IP68 Borescope (200FT/60M)","anysun","FBA","Industrial & Scientific",297251,717639146169,"N/A",0717639146169,"N/A","Borescopes",700,1999.99,"N/A",7,2,-67,12312.65,3366.43,1,5,"Yongchangsheng tech","Hong Kong",1,0,"N/A","Large bulky",20,20,16,28,2074.07,5185.19,"12/31/2025",4,8,3,6.52
"https://amazon.com/dp/B0F1LS9SDZ","https://m.media-amazon.com/images/I/51lirNiw4cL._SX450_.jpg","B0F1LS9SDZ","Launch Tech USA Launch Videoscope/Borescope","Launch Tech USA","FBM","Industrial & Scientific",297440,"N/A","N/A",6927135005158,"N/A","Borescopes",576,333.31,-28,0,0,-140,"-","-","N/A","N/A","KART IT","USA",3,0,"N/A","Large Standard-Size",7,5,3,1,"N/A","N/A","12/31/2025",13,4,0,"N/A"
"https://amazon.com/dp/B0DWMLN6VW","https://m.media-amazon.com/images/I/51LRhjWxc4L._SX450_.jpg","B0DWMLN6VW","Sanyipace Distance Counter for Sewer Camera, ONLY for Sanyipace S610ASMKTCP Model","Sanyipace","FBA","Industrial & Scientific",298134,"N/A","N/A","N/A","N/A","Borescopes",568,59.99,-38,2,1,,86.98,37.57,"N/A","N/A","Yans Minie","China",1,0,"N/A","Large Standard-Size",3,3,2.6,0.5,11.78,32.5,"01/31/2026",14,1,5,"N/A"
"https://amazon.com/dp/B0G7Y5XVQM","https://m.media-amazon.com/images/I/718LNnr7B-L._SX450_.jpg","B0G7Y5XVQM","IP68 Waterproof Self-Leveling Sewer Camera with Locator, 200FT 7MM Fiberglass Cable & 512Hz Sonde, 10-inch HD DVR Monitor with 5X Zoom, 4500mAh Battery for Professional Plumber","Powerwill","FBM","Industrial & Scientific",298458,717639659324,"N/A",0717639659324,"N/A","Borescopes",569,1398.99,-9,3,2,,3808.78,2787.73,24,4.7,"di fan hua","N/A",1,0,"N/A","Extra-large 50+ to 70 lb",22.41,19.69,22.05,54.89,"N/A","N/A","01/31/2026",32,8,5,0.11
"https://amazon.com/dp/B0B31HCHNB","https://m.media-amazon.com/images/I/51NkYyjoogL._SX450_.jpg","B0B31HCHNB","Autel MaxiVideo MV108S Digital Inspection Camera, 2026 Upgrade MV108/ MV105S/ MV105, 2MP 1920x1080, IP67 Waterproof Industrial Endoscope, 39.37'' Flexible Snake Cable, Compatible w/Autel Scanner & PC","Autel","FBA","Industrial & Scientific",298974,762917121895,"N/A",0762917121895,"N/A","Borescopes",575,49,-18,12,12,-60,572.31,572.18,51,4.7,"Autel Store","China",1,168,-49,"Large Standard-Size",2.01,6.85,12.68,0.88,87.9,242.48,"10/31/2024",46,7,0,0.23
"https://amazon.com/dp/B0GJ6YM2NJ","https://m.media-amazon.com/images/I/41Z2HgcotqL._SX450_.jpg","B0GJ6YM2NJ","Vividia ME-410i Joystick Articulating Borescope 4mm Diameter 1m Flexible IP67 Waterproof Probe for iOS & Android","VIVIDIA","FBM","Industrial & Scientific",299648,"N/A","N/A","N/A","N/A","Borescopes",578,399.98,"N/A",6,1,,1922.51,575.22,6,4,"Oasis Scientific Inc.","USA",1,0,"N/A","N/A","N/A","N/A","N/A","N/A","N/A","N/A","01/31/2026",43,9,2,0.99
"https://amazon.com/dp/B0CQ55VS2B","https://m.media-amazon.com/images/I/61hkols6rZL._SX450_.jpg","B0CQ55VS2B","LSOSVSEU 23mm Pipe Sewer Inspection Camera Protective Cover, 90mm Guide Wheels Protect The Pipe Video Inspection Camera in The Pipe Walls, Pipe Inspection Camera Accessories","LSOSVSEU","FBA","Industrial & Scientific",300138,"N/A","N/A","N/A","N/A","Borescopes",580,24.99,-8,15,15,314,374.63,374.34,13,3.8,"Outdoor Relax","China",1,150,-56,"Large Standard-Size",1.89,3.78,5.35,0.22,19.24,53.09,"06/30/2024",28,9,0,1.15
"https://amazon.com/dp/B0DK6RFMLT","https://m.media-amazon.com/images/I/71nKFY7AeIL._SX450_.jpg","B0DK6RFMLT","N150 Articulating Borescope, 210° Two-Way Endoscope Camera with 0.24in IP67 Waterproof Probe, 3.3FT Flexible Hose, Borescope Tool for Appliances, Automotive HVAC and Industrial Machinery","MR CARTOOL","FBA","Industrial & Scientific",300892,"N/A","N/A","N/A","N/A","Borescopes",582,78.8,-32,12,3,,795.7,271.19,9,4.4,"MR CARTOOL DIRECT","China",1,0,"N/A","Large Standard-Size",3.19,8.54,12.64,2.18,173.37,478.26,"02/28/2026",18,8,2,1.34
"https://amazon.com/dp/B0DJ7JVYZF","https://m.media-amazon.com/images/I/81ma3YQa5FL._SX450_.jpg","B0DJ7JVYZF","Anysun Sewer Camera with Locator, Self Leveling Sewer Inspection Camera 200ft with Distance Counter, 9'' 1080P IPS Monitor and Video Recorder with MIC, 7MM Cable with 12 Lights(32GB Card)","anysun","FBA","Industrial & Scientific",301268,717813048753,"N/A",0717813048753,"N/A","Borescopes",558,999.99,-23,3,3,1000,2626.23,2626.13,2,3,"Nedive","Hong Kong",1,0,"N/A","Large bulky",15.45,15.75,19.05,21.2,1502.27,3755.68,"02/28/2026",16,8,0,1.31
"https://amazon.com/dp/B0B6VSJ8PJ","https://m.media-amazon.com/images/I/61UpFV4DskL._SX450_.jpg","B0B6VSJ8PJ","0 Degree HD 1080P USB Endoscope Camera for Lap Training","medclimber","FBM","Industrial & Scientific",302630,"N/A","N/A",8711544224624,"N/A","Borescopes",592,55,56,11,11,488,598.54,598.41,1,5,"Medclimber","China",1,69,73,"N/A","N/A","N/A","N/A","N/A","N/A","N/A","02/28/2026",44,4,0,10.87
"https://amazon.com/dp/B09XDVLN1X","https://m.media-amazon.com/images/I/41gxLaDTNWL._SX450_.jpg","B09XDVLN1X","Sanyipace HD Camera Probe for Sewer Camera, 12pcs LED Lights, IP68 Waterproof, Drain Camera Head (ONLY for Sanyipace Model Number: 9723WF, 9723D, 9300D, S8968DM)","Sanyipace","FBM","Industrial & Scientific",302701,"N/A","N/A","N/A","N/A","Borescopes",593,169.99,13,8,3,19,1424.72,506.57,3,4.7,"SanyipaceDirect Store","China",1,194,"N/A","Large Standard-Size",2.05,6.34,6.77,0.26,"N/A","N/A","05/31/2025",48,6,5,2.53
"https://amazon.com/dp/B0F2HRPDK1","https://m.media-amazon.com/images/I/712yPdIX9WL._SX450_.jpg","B0F2HRPDK1","Okk Sewer Camera with Locator, Drain Camera 150ft, Pipe Inspection with 512Hz Sonde, Self-Leveling, Industrial Endoscope with DVR, 9"" LCD, Meter Counter, 7mm Cable, IP68 Waterproof, 12 LEDs, 32GB Card","okk","FBA","Industrial & Scientific",302977,"N/A","N/A","N/A","N/A","Borescopes",577,1399.99,-15,5,1,-102,4312.93,746.72,10,4.4,"ZOZUS-DIRECT","China",1,0,"N/A","Large bulky",13,19,20.5,23.8,1640.95,4102.37,"12/31/2025",12,8,11,0.46
"https://amazon.com/dp/B0F2HS45VV","https://m.media-amazon.com/images/I/7100EeUhHPL._SX450_.jpg","B0F2HS45VV","Okk Sewer Camera with Locator, Drain Camera 300ft, Pipe Inspection with 512Hz Sonde, Self-Leveling, Industrial Endoscope with DVR, 9"" LCD, Meter Counter, 7mm Cable, IP68 Waterproof, 12 LEDs, 32GB Card","okk","FBA","Industrial & Scientific",303021,"N/A","N/A","N/A","N/A","Borescopes",577,1599.99,-30,5,0,-102,4312.93,"-",10,4.4,"ZOZUS-DIRECT","China",1,0,"N/A","Large bulky",14.5,19.5,21,30.35,1924.27,4810.68,"12/31/2025",12,8,11,0.46
"https://amazon.com/dp/B0D2HW4WDH","https://m.media-amazon.com/images/I/71ZlFPOjnML._SX450_.jpg","B0D2HW4WDH","Sewer Camera with Locator Self Leveling 150FT,HD 23MM JQKJCAM Plumbing Drain Sewer Scope Camera Snake w/ 12 Light,9''HD 16GB Screen 36X Zoom in,Meter Counter for Pipe Line Inspection (165FT/50M)","JQKJCAM","FBA","Industrial & Scientific",303259,"N/A","N/A","N/A","N/A","Borescopes",589,658.35,-37,11,2,10,4578.74,1017.98,4,3,"JJKJ Cam","China",1,148,"N/A","Large bulky",7,16,22,18,798.52,1996.3,"12/31/2024",23,9,19,2.68
"https://amazon.com/dp/B0DPHCYQDF","https://m.media-amazon.com/images/I/713GgaL7JHL._SX450_.jpg","B0DPHCYQDF","BOPOPO Dual Lens Endoscope Camera with Light, 1080P HD Borescope with 4.3"" IPS Screen, IP67 Waterproof Inspection Camera, 16.4ft Cable for Inspection and Repair Work, Photo & Video Support, 32GB Card","bopopo","FBA","Industrial & Scientific",303911,"N/A","N/A","N/A","N/A","Borescopes",575,25.99,"N/A",5,5,,132.48,132.37,82,4.3,"QIyu","China",1,705,"N/A","Large Standard-Size",3.23,5.28,7.76,1.06,66.63,183.81,"02/28/2025",16,9,0,0.06
"https://amazon.com/dp/B0FC2JNN33","https://m.media-amazon.com/images/I/71r-+F80NNL._SX450_.jpg","B0FC2JNN33","Sewer Camera with Locator, Drain Camera 200ft, Pipe Inspection with 512Hz Sonde, Self-Leveling, Industrial Endoscope with DVR, 9"" LCD, Meter Counter, 7mm Cable, IP68 Waterproof, 12 LEDs, 32GB Card","okk","FBA","Industrial & Scientific",304086,"N/A","N/A","N/A","N/A","Borescopes",587,1499.99,-24,5,0,-102,4312.93,"-",10,4.4,"ZOZUS-DIRECT","China",1,0,"N/A","Large bulky",17,12,18,23,1190,2975,"12/31/2025",6,8,11,0.46
"https://amazon.com/dp/B0FG34XWLP","https://m.media-amazon.com/images/I/71DEh7FcilL._SX450_.jpg","B0FG34XWLP","Sewer Camera, Self-Leveling Drain Camera with 7mm Thicker Cable, 100ft/30M Range, 9"" 1080P HD Monitor, IP68 Waterproof for Pipe Inspection, DVR Snake Cam with Distance Counter & 32GB Card","okk","FBA","Industrial & Scientific",304098,"N/A","N/A","N/A","N/A","Borescopes",587,499,-3,5,2,-102,4312.93,757.83,10,4.4,"ZOZUS-DIRECT","China",1,0,"N/A","Large bulky",16.4,11.8,18.9,16.3,1185.31,2963.28,"12/31/2025",9,8,11,0.46
"https://amazon.com/dp/B079FVGB5N","https://m.media-amazon.com/images/I/71+hVj6eECL._SX450_.jpg","B079FVGB5N","HBUDS Sewer Camera with Locator 100ft, Self-Leveling, 9'' 1080P HD Screen Drain Camera, Plumbing Camera Snake with Light, IP68 Waterproof Sewer Inspection Camera, Drain Pipe Cameras with DVR Recorder","HBUDS","FBA","Industrial & Scientific",305103,736364156472,"N/A",0736364156472,"N/A","Borescopes",597,699.99,-42,1,0,-85,403.3,"-",19,4,"ZI QUN","Hong Kong",1,0,"N/A","Large bulky",11.5,15.4,16.4,14.9,941.25,2353.13,"01/31/2026",98,7,5,0.04
"https://amazon.com/dp/B0BX9GDLTV","https://m.media-amazon.com/images/I/71YUOrr1cBL._SX450_.jpg","B0BX9GDLTV","HBUDS Sewer Camera with Locator 165ft, Self-Leveling, 9'' 1080P HD Screen, Plumbing Snake with Light, IP68 Waterproof Inspection Camera, Drain Pipe with DVR 16GB","HBUDS","FBA","Industrial & Scientific",305105,"N/A","N/A","N/A","N/A","Borescopes",598,999.99,-22,1,0,-85,403.3,"-",37,3.7,"Hanxuan tech","Hong Kong",1,0,"N/A","Large bulky",10.7,15.4,16.55,15.95,883.79,2209.46,"01/31/2026",41,7,5,0.02
"https://amazon.com/dp/B0DGD1YS48","https://m.media-amazon.com/images/I/71JbHIKXYPL._SX450_.jpg","B0DGD1YS48","FOXWELL VS300 Car Endoscope, USB Micro-USB Type-C, 5.5mm Snake Camera, 1280 * 720P, IP67 Waterproof, 6 Brightness Adjustable LED Lights, Suitable for FOXWELL NT809BT, NT909,NT1009, Android Phone, PC","FOXWELL","FBA","Industrial & Scientific",305945,"N/A","N/A","N/A","N/A","Borescopes",581,69.99,-22,8,8,-51,573.7,573.49,31,4.1,"OBDZON","China",1,139,"N/A","Large Standard-Size",1.85,5.98,11.85,0.79,66,182.08,"02/28/2025",19,7,0,0.26
"https://amazon.com/dp/B0DMW3PTQ1","https://m.media-amazon.com/images/I/719y8xXHEXL._SX450_.jpg","B0DMW3PTQ1","Oiiwak Sewer Camera with Locator 100ft, 7 MM Cable 10.1"" 1080P Touch-Screen Sewer Pipe Inspection Camera with DVR for Drain Plumbing Pipe, 512 Hz Transmitter, Self-Leveling, Distance Counter, 12LEDs","Oiiwak","FBA","Industrial & Scientific",306081,"N/A","N/A","N/A","N/A","Borescopes",588,1399.99,-17,5,1,-33,6661.51,1425.61,232,3.9,"Oiiwak Tech","China",1,0,"N/A","Large bulky",25.59,16.93,14.57,33.4,2045.65,5114.12,"10/31/2025",17,7,9,0.02
"https://amazon.com/dp/B0GHXZPW62","https://m.media-amazon.com/images/I/71T8onmRscL._SX450_.jpg","B0GHXZPW62","Handheld Endoscope Camera with Light – 16.5FT Semi-Rigid Cable 4.3'' IPS Screen Snake Camera with 8 LED Lights, IP67 Waterproof Borescope for Automotive Repair, Plumbing Inspection, HVAC","zealtron","FBA","Industrial & Scientific",306094,"N/A","N/A","N/A","N/A","Borescopes",581,39.99,"N/A",0,0,,"-","-","N/A","N/A","Zealtron","China",1,0,"N/A","Large Standard-Size",2.95,6.22,10.91,1.23,100.85,278.2,"-",2,9,0,"N/A"
"https://amazon.com/dp/B0F2HQK5HL","https://m.media-amazon.com/images/I/71-NrGRCqIL._SX450_.jpg","B0F2HQK5HL","Okk Sewer Camera, Drain Camera with Meter Counter, Pipe Inspection with Self-Leveling, Industrial Endoscope with DVR, 7"" LCD Plumbing Snake Endoscope 100ft Cable, IP68 Waterproof, 12 LEDs, 16GB Card","okk","FBA","Industrial & Scientific",307268,"N/A","N/A","N/A","N/A","Borescopes",594,429.99,-14,6,3,-55,3114.35,1094.99,5,4.7,"ZOZUS-DIRECT","China",1,0,"N/A","Large bulky",8.5,14.68,16.5,14.1,667.23,1668.07,"12/31/2025",12,8,8,1.18
"https://amazon.com/dp/B0F54F5S7T","https://m.media-amazon.com/images/I/71zjsLnca-L._SX450_.jpg","B0F54F5S7T","1920P HD Endoscope Camera with Light, 4.3'' Color LCD Screen Borescope, IP67 Waterproof Inspection Camera with 8 Adjustable LED Lights,16.5ft Semi-Rigid Cable (Black)","Ferdiiz","FBA","Industrial & Scientific",309154,"N/A","N/A",6976790936628,"N/A","Borescopes",583,37.89,-19,12,2,,430.55,91.96,85,4.6,"Ferdiiz Endoscope-JN","China",1,0,"N/A","Large Standard-Size",2.8,5.55,10.91,1.23,85.2,235.03,"12/31/2025",7,9,2,0.14
"https://amazon.com/dp/B07MV6X4M4","https://m.media-amazon.com/images/I/71jbF8uCqJL._SX450_.jpg","B07MV6X4M4","5.0MP Wireless Endoscope Camera with Lights, DEPSTECH HD Video Boresocpe Inspection Camera, 16.5FT Semi-Rigid Drain Snake Cable, IP67 Waterproof Scope Camera, 2200mAh Battery for iPhone&Android-Yellow","DEPSTECH","FBA","Industrial & Scientific",309644,657390250425,00657390250425,0657390250425,"N/A","Borescopes",614,69.99,"N/A",0,0,,"-","-",5646,4.2,"Depstech","China",1,0,"N/A","Large Standard-Size",1.85,6.18,6.5,0.99,37.41,103.19,"04/30/2024",87,8,2,0
"https://amazon.com/dp/B0F739ZGX4","https://m.media-amazon.com/images/I/61Bb3jbO6XL._SX450_.jpg","B0F739ZGX4","Drain Camera Roller Guide Wheel for 23mm/0.6in Pipes - SPRIDRAIN Anti-Scratch Protector with Smooth Pulleys | Sewer Inspection Accessory (23mm/0.9in)","SPRIDRAIN","FBA","Industrial & Scientific",309830,"N/A","N/A","N/A","N/A","Borescopes",586,19.99,-16,2,2,117,45.51,45.41,"N/A","N/A","SYANSPAN TECH","China",1,0,"N/A","Large Standard-Size",12,12,7.5,0.4,543.75,1500,"02/28/2026",11,7,2,"N/A"
"https://amazon.com/dp/B0FBW54TJD","https://m.media-amazon.com/images/I/71l+5V1UcBL._SX450_.jpg","B0FBW54TJD","Industrial Borescope Camera with Lighting, 4.3"" Borescope, 1080P HD Inspection Camera, 8 LED Lights, 16.4FT Semi-Rigid Cable, IP67 Waterproof Endoscope, Used for Pipes, Automobiles, Sewer","HOAYVKJ","FBA","Industrial & Scientific",310165,"N/A","N/A","N/A","N/A","Borescopes",589,34.19,-17,9,7,,364.76,222.73,30,4.6,"HOAYVKJ-US","China",1,0,"N/A","Large Standard-Size",1.93,5.51,7.87,1.17,42.14,116.24,"02/28/2026",10,6,2,0.31
"https://amazon.com/dp/B0G5NDX4TT","https://m.media-amazon.com/images/I/4132QwXF7vL._SX450_.jpg","B0G5NDX4TT","Inspection Camera with Light,1920P HD Industrial Endoscope with 5"" IPS Screen,Two-Way Articulating Borescope with 0.23in Snake Cable Camera for Pipe/Sewer/Automotive/Wall","epicmate","FBA","Industrial & Scientific",313474,"N/A","N/A","N/A","N/A","Borescopes",585,142.99,-36,20,20,,2878.87,2878.7,19,4.5,"BESTISAN-Store","China",1,0,"N/A","Large Standard-Size",2.44,9.69,16.81,1.61,200.1,552.01,"02/28/2026",2,9,0,1.06
"https://amazon.com/dp/B0FPQTBND3","https://m.media-amazon.com/images/I/71dXwv5hl+L._SX450_.jpg","B0FPQTBND3","Sanyipace Sewer Camera 230FT/70M with Self-Leveling, Pipe Inspection Camera w/h 512Hz Probe, Real-Time Feet/Meter Counter, Bulit-In Microphone Speaker, Keyboard Input, 32GB TF Card, 0.27in Rigid Cable","Sanyipace","FBA","Industrial & Scientific",313597,"N/A","N/A","N/A","N/A","Borescopes",593,1799.99,"N/A",0,0,,"-","-",45,4,"Urselection","China",1,0,"N/A","Large bulky",11.75,22.25,26.5,33.6,2245.22,5613.04,"03/31/2026",7,6,4,0
"https://amazon.com/dp/B0DCS5S333","https://m.media-amazon.com/images/I/71uH3UnA0nL._SX450_.jpg","B0DCS5S333","Sanyipace Sewer Camera 165FT/50M with 512Hz Transmitter, Self-Leveling, Drain Plumbing Pipe Inspection Camera with Mic Speaker, DVR Recorder, 16GB TF Card, 9mm Rigid Cable, Pipe Pulley Guide Wheel","Sanyipace","FBA","Industrial & Scientific",314429,"N/A","N/A","N/A","N/A","Borescopes",593,2099.99,-150,0,0,,"-","-",45,4,"Urselection","China",1,0,"N/A","Extra-large 70+ to 150 lb",16,29.5,32.5,60,4971.3,12428.24,"03/31/2026",20,7,6,0.01
"https://amazon.com/dp/B0CPSPM6W4","https://m.media-amazon.com/images/I/71apFKAo1pL._SX450_.jpg","B0CPSPM6W4","Sewer Camera with 512Hz Sonde Transmitter 7MM Thick Cable 328FT/100M Self-Leveling Pipe Inspection Drain Plumbing Camera with 10"" IPS DVR Screen IP68 Waterproof with Distance Counter","ESANHAO","FBA","Industrial & Scientific",315197,614019415450,"N/A",0614019415450,"N/A","Borescopes",603,1888.88,10,0,0,,"-","-",8,4,"ESANHAO","China",1,0,"N/A","Extra-large 50+ to 70 lb",12,22,27,40.7,2310,5775,"12/31/2025",28,6,3,0
"https://amazon.com/dp/B0F6CTJM12","https://m.media-amazon.com/images/I/619FVVvKV0L._SX450_.jpg","B0F6CTJM12","VEVOR Endoscope Camera with Light, 1920P HD Borescope for Android & iOS, 8 LED Lights Inspection Camera with 10FT Semi-Rigid Cable, 2X Zoom, IP67 Waterproof Snake Scope Camera for Auto, Plumbing","VEVOR","FBM","Industrial & Scientific",315980,197988678908,"N/A",0197988678908,"N/A","Borescopes",604,23.99,-5,2,7,,49.13,172.82,21,4.2,"VEVOR Shop","China",1,0,"N/A","Large Standard-Size",6.02,5.43,1.18,0.35,"N/A","N/A","02/28/2026",11,9,0,0.1
"https://amazon.com/dp/B0BWJMD13W","https://m.media-amazon.com/images/I/71eOtxt1PKL._SX450_.jpg","B0BWJMD13W","Sewer Camera with Locator,512Hz Self-Leveling Drain Endoscope Camera with 9'' IPS Monitor, IP68 Waterproof 100FT Cable Pipe Inspection Camera with DVR Recording and 16GB Memory Card","SYOWNFS","FBA","Industrial & Scientific",316137,"N/A","N/A","N/A","N/A","Borescopes",612,569.05,-42,5,5,,3049.51,3049.4,"N/A","N/A","ENNIO","China",1,5,"N/A","Large bulky",11,16.3,17,17.35,987.81,2469.53,"12/31/2024",37,7,0,"N/A"
"https://amazon.com/dp/B0G38XJ18B","https://m.media-amazon.com/images/I/61RMaQQKTGL._SX450_.jpg","B0G38XJ18B","Anysun Replacement Camera Head with 512hz Transmitter and Self-Leveling Function, IP68 Waterproof Sewer Inspection Camera Head Accessories Only for Anysun HBUD Pranite SYU12 Series","anysun","FBM","Industrial & Scientific",316425,717639701221,"N/A",0717639701221,"N/A","Borescopes",604,329.99,"N/A",0,0,,"-","-","N/A","N/A","Nedive","Hong Kong",1,0,"N/A","N/A","N/A","N/A","N/A","N/A","N/A","N/A","-",4,1,0,"N/A"
"https://amazon.com/dp/B07T7G66P8","https://m.media-amazon.com/images/I/81bcRBHka7L._SX450_.jpg","B07T7G66P8","Sewer Camera,100ft Plumbing Drain Camera with DVR 30M Cable Industrial Endoscope Waterproof IP68 Cable Snake Video System with 7 Inch LCD Monitor 1000TVL DVR Recorder","anysun","FBA","Industrial & Scientific",316516,699953439793,"N/A",0699953439793,"N/A","Borescopes",620,399.99,-53,2,1,43,790.14,370.61,83,4.3,"HZDZ_Shop","Hong Kong",1,82,-64,"Large bulky",7.2,14.9,16.9,15,587.56,1468.89,"07/31/2024",81,6,4,0.02
"https://amazon.com/dp/B0FK29787B","https://m.media-amazon.com/images/I/81DDddwWxAL._SX450_.jpg","B0FK29787B","Anysun 9'' Sewer Camera Self Leveling, 7MM Fiberglass Cable, Length Marker, 5100mAh, IPS Screen, HD 1080P with DVR - 32GB, IP68 Sewer Scope Pipe Drain Plumbing Inspection Cameras Borescope Snake-100Ft","anysun","FBA","Industrial & Scientific",316772,"N/A","N/A","N/A","N/A","Borescopes",593,459.99,-24,7,6,4,3243.46,2629.58,1,5,"Yongchangsheng tech","Hong Kong",1,0,"N/A","Large bulky",18,18,10,16,1050,2625,"11/30/2025",5,7,2,7.23
"https://amazon.com/dp/B0CPSLLVRZ","https://m.media-amazon.com/images/I/71apFKAo1pL._SX450_.jpg","B0CPSLLVRZ","Sewer Camera with 512Hz Sonde Transmitter 7MM Thick Cable 165FT/50M Self-Leveling Pipe Inspection Camera with 10"" IPS DVR Screen IP68 Waterproof Drain","ESANHAO","FBA","Industrial & Scientific",321321,614019415467,"N/A",0614019415467,"N/A","Borescopes",621,1488.88,-8,0,0,,"-","-",8,4.1,"ESANHAO","China",1,0,"N/A","Extra-large 50+ to 70 lb",12.05,22.2,26.85,35.03,2327.71,5819.27,"12/31/2025",28,6,3,0
"https://amazon.com/dp/B07THMMMK9","https://m.media-amazon.com/images/I/61eG8n79N-L._SX450_.jpg","B07THMMMK9","BlueFire Dual Lens Wireless Endoscope,Zoomable Focus 1800mA Battery Wireless Endoscope,1080P 5.5mm Semi-Rigid Inspection Camera for iOS and Android Smartphone, Tablet(11.5FT)","BlueFire","FBA","Industrial & Scientific",322365,"N/A","N/A","N/A","N/A","Borescopes",625,30.99,"N/A",2,2,-53,54.61,54.59,38,4,"BlueFire Tech","China",1,145,142,"Large Standard-Size",2.3,4.4,4.9,0.57,24.97,68.87,"01/31/2026",81,6,0,0.05
"https://amazon.com/dp/B0CTMW2TW9","https://m.media-amazon.com/images/I/61o4gRe+pyL._SX450_.jpg","B0CTMW2TW9","JQKJCAM Sewer Camera Battery 12V 4500mAh, Drain Pipe Borescope Replacement Accessory,Rechargeable Battery for Sewer Inspection Borescope Camera 9600A/9600B/WP90A/WP90B(17/23mm Camera Head)","JQKJCAM","FBM","Industrial & Scientific",322559,"N/A","N/A","N/A","N/A","Borescopes",618,158,"N/A",4,3,-79,670.14,489.8,2,5,"JJKJ Cam","China",1,102,"N/A","Large Standard-Size",4.4,3.15,2.44,0.9,"N/A","N/A","04/30/2025",26,7,3,2.12
"https://amazon.com/dp/B0DBHT7F23","https://m.media-amazon.com/images/I/61aCGizHj6L._SX450_.jpg","B0DBHT7F23","Teslong Endoscope Replacement Cable with Light, Dual Lens Inspection Camera 8mm/0.31inch Waterproof Probe Compatible with NTS500, NTS300(3.3FT)","Teslong","FBA","Industrial & Scientific",323996,"N/A","N/A","N/A","N/A","Borescopes",614,69.99,-16,15,15,71,1029.99,1029.69,6,4.8,"Teslong","China",1,137,"N/A","Large Standard-Size",1.93,5.63,6.73,0.46,36.82,101.57,"09/30/2024",20,6,0,2.45
"https://amazon.com/dp/B01MSPT4BG","https://m.media-amazon.com/images/I/41GrpkJHpML._SX450_.jpg","B01MSPT4BG","axGear Android Endoscope Waterproof Snake Borescope USB Inspection Camera 30ft 10M","axGear","FBA","Industrial & Scientific",324151,094276896412,"N/A",0094276896412,"N/A","Borescopes",607,12.99,"N/A",2,2,,21.03,20.97,62,3.6,"accXpress","Canada",1,26,-16,"Large Standard-Size",1.97,5.24,5.28,0.57,27.38,75.53,"02/28/2025",112,8,0,0.03
"https://amazon.com/dp/B0CJFX7FMY","https://m.media-amazon.com/images/I/51FVHo9vWEL._SX450_.jpg","B0CJFX7FMY","Pipe Inspection Camera Accessory23mm Sewer Inspection Camera with Stainless Steel Probe, IP68 Waterproof Drain Pipe Camera for Leak Detection Pipe Cleaning","Hyuduo","FBA","Industrial & Scientific",324308,"N/A","N/A","N/A","N/A","Borescopes",616,146.04,-28,8,8,200,1265.26,1265.13,1,5,"Mixitech-US","China",2,0,"N/A","Large Standard-Size",2.48,3.94,6.85,0.44,33.68,92.91,"01/31/2026",30,9,0,8.42
"https://amazon.com/dp/B0FZH2327S","https://m.media-amazon.com/images/I/71pooPRtVML._SX450_.jpg","B0FZH2327S","Endoscope with Light, 1920P HD Borescope with 8 Adjustable LED Lights, 32.8FT Semi-Rigid Snake Camera, IP67 Waterproof Inspection Tool for iPhone & Android - Single Lens (Red)","PAPIBLU","FBA","Industrial & Scientific",324627,"N/A","N/A","N/A","N/A","Borescopes",613,50.99,"N/A",4,44,,184.71,1541.19,565,4.2,"PAPIBLU Store","China",1,0,"N/A","Large Standard-Size",2.01,4.96,5.08,0.73,25.47,70.26,"03/31/2026",0,7,0,0.01
"https://amazon.com/dp/B0BMV9JB4J","https://m.media-amazon.com/images/I/61uiakNV5wL._SX450_.jpg","B0BMV9JB4J","3 in 1 Endoscope Inspection Camera Borescope HD Camera Waterproof Snake Pipe Drain with 6 Adjustable Led Light Snake Cable USB Adapter for Android Phone Tablet Device(Size:1.5 M)","Pilarmuture","FBA","Industrial & Scientific",324715,"N/A","N/A","N/A","N/A","Borescopes",610,7.96,15,14,14,-8,112.42,112.15,30,3.2,"quality productn","China",2,81,145,"Small Standard-Size",0.71,5.51,7.36,0.09,14.48,39.94,"04/30/2024",40,9,0,0.46
"https://amazon.com/dp/B07Z92T89L","https://m.media-amazon.com/images/I/51tE5vHQG4L._SX450_.jpg","B07Z92T89L","3 in 1 Endoscope Borescope Snake Camera 3.9mm Lens Borescope Inspection Direct Plug 1280x720 HD Camera for Android TypeC Mobile Phone (1M Cable)","Walfront","FBA","Industrial & Scientific",325186,"N/A","N/A","N/A","N/A","Borescopes",637,27.06,-33,4,4,750,89.3,89.2,15,3.2,"nineone","China",2,55,-45,"Large Standard-Size",1.46,5,5.2,0.15,19.06,52.57,"02/28/2025",77,9,0,0.28
"https://amazon.com/dp/B09WGXKK9J","https://m.media-amazon.com/images/I/51pNQvnFKeL._SX450_.jpg","B09WGXKK9J","Vividia BD-5030i Dual Camera Borescope with 4.8mm (0.19"") Diameter 3.5m (11ft) Long Semi-Rigid Probe for iOS Devices and Android Devices","VIVIDIA","FBM","Industrial & Scientific",325869,"N/A","N/A","N/A","N/A","Borescopes",615,149.98,-20,2,2,-50,341.05,341,12,4.3,"Oasis Scientific Inc.","USA",1,5,-17,"Large Standard-Size",2.83,7.95,9.88,1.34,"N/A","N/A","04/30/2024",62,9,0,0.19
"https://amazon.com/dp/B0DB1NN75K","https://m.media-amazon.com/images/I/71cJOGCjb2L._SX450_.jpg","B0DB1NN75K","4.3"" HD Endoscope Camera, IP67 Waterproof Inspection Borescope, 1080P Snake Camera with 8 LED Lights, 16.4FT Semi-Rigid Cable, Digital Sewer Camera for Home & Industrial Use","KOOPOOL","FBA","Industrial & Scientific",326507,"N/A","N/A","N/A","N/A","Borescopes",629,29.99,-52,8,6,32,289.71,183.42,20,4.3,"KOOPOOL US","China",1,390,"N/A","Large Standard-Size",2.99,6.77,9.09,1.54,92.64,255.56,"11/30/2025",20,7,2,0.41
"https://amazon.com/dp/B0B3DH6L6Q","https://m.media-amazon.com/images/I/61QqGFleDiL._SX450_.jpg","B0B3DH6L6Q","Sanyipace Sewer Camera Probe with 512Hz Transmitter, Without Self-Leveling Function, 12pcs LED Lights, Drain Camera Head (ONLY for Sanyipace: F929DJTX, 9723WF, 9723D, 9300D)","Sanyipace","FBM","Industrial & Scientific",328618,"N/A","N/A","N/A","N/A","Borescopes",643,209.99,"N/A",8,1,19,1424.72,222.77,3,4.7,"SanyipaceDirect Store","China",1,194,"N/A","Large Standard-Size",2.05,2.05,6.89,0.33,"N/A","N/A","05/31/2025",46,6,5,2.53
"https://amazon.com/dp/B0FVSJCK2J","https://m.media-amazon.com/images/I/615tY9pbeVL._SX450_.jpg","B0FVSJCK2J","Slim 5.5mm Endoscope Camera for iPhone 17/16/15/14/13/12/11 Pro Max & iPad, USB-C Direct Plug Borescope Camera Compatible with Samsung Galaxy S25/S24/S23/S22/S21+,16.5FT/5M Semi Rigid Inspection Cam","LUKZATEN","FBA","Industrial & Scientific",328892,"N/A","N/A","N/A","N/A","Borescopes",625,21.95,150,7,7,,155.86,155.75,1,5,"Lukzaten US","China",1,0,"N/A","Large Standard-Size",5.91,3.94,1.57,0.35,18.43,50.85,"02/28/2026",6,9,0,7.14
"https://amazon.com/dp/B0CRRKZ4BC","https://m.media-amazon.com/images/I/71kjIEtSajL._SX450_.jpg","B0CRRKZ4BC","Jebousike Endoscope Camera with Light,1080P HD Borescope with 8 LED Lights 6.6FT Semi-Rigid Snake Cabl, IP67 Waterproof Industrial Inspection Camera Compatible for Android, iPhone, iPad-(Black)","Jebousike","FBA","Industrial & Scientific",329089,"N/A","N/A","N/A","N/A","Borescopes",640,17.99,-29,4,2,-72,72.54,40.07,33,3.6,"Jebousike","China",1,156,-60,"Small Standard-Size",1.96,1.96,0.62,0.22,1.2,3.31,"11/30/2024",27,8,3,0.12
"https://amazon.com/dp/B0CRRJPDN4","https://m.media-amazon.com/images/I/71C+m9gtUEL._SX450_.jpg","B0CRRJPDN4","Endoscope Camera with Light, 1920P HD Borescope with 8 Adjustable LED Lights, Endoscope with 3.3ft Semi-Rigid Snake Camera, 8mm IP67 Waterproof Inspection Camera for iOS& Android-Gift for Men","Jebousike","FBA","Industrial & Scientific",329484,"N/A","N/A","N/A","N/A","Borescopes",640,18.99,-28,4,1,-72,72.54,20.46,33,3.6,"Jebousike","China",1,156,-60,"Small Standard-Size",1.96,1.96,0.62,0.22,1.2,3.31,"11/30/2024",27,8,3,0.12
"https://amazon.com/dp/B0CRRGTJ4N","https://m.media-amazon.com/images/I/71B4nQLId5L._SX450_.jpg","B0CRRGTJ4N","Jebousike USB Endoscope with 8 LED Lights, Borescope Snake Camera, IP67 Waterproof Inspection Camera for Phone & Tablet (11.5 ft)","Jebousike","FBA","Industrial & Scientific",329506,"N/A","N/A","N/A","N/A","Borescopes",640,19.99,-11,4,1,-72,72.54,11.72,33,3.6,"Jebousike","China",2,156,-60,"Small Standard-Size",1.96,1.96,0.62,0.22,1.2,3.31,"11/30/2024",27,8,3,0.12
"https://amazon.com/dp/B0F64R5J6N","https://m.media-amazon.com/images/I/71lVyvrgpbL._SX450_.jpg","B0F64R5J6N","GearView Articulating Borescope Camera with Light, 210° Dual-Direction Inspection Scope with 5"" 1080P Screen, 6.2mm IP67 Waterproof Probe, 6 LED Lights, 3X Zoom, for Automotive, Sewer, Plumbing, HVAC","GearView","FBA","Industrial & Scientific",329700,762849245263,"N/A",0762849245263,"N/A","Borescopes",609,119.99,-30,1,1,-129,205.24,127.43,34,3.8,"GearView","China",1,0,"N/A","Large Standard-Size",3.82,11.14,12.76,2.54,273.26,753.82,"09/30/2025",11,8,3,0.04
"https://amazon.com/dp/B0DKNMQQF9","https://m.media-amazon.com/images/I/81lyDIFaKtL._SX450_.jpg","B0DKNMQQF9","Okk Sewer Camera, Drain Camera with 512Hz Sonde, Pipe Inspection with Self-Leveling, Industrial Endoscope with DVR, 7"" LCD Plumbing Snake Endoscope 100ft Cable, IP68 Waterproof, 12 LEDs, 16GB Card","okk","FBA","Industrial & Scientific",330183,"N/A","N/A","N/A","N/A","Borescopes",625,519.99,-19,6,1,-55,3114.35,749.68,1,5,"ZOZUS-DIRECT","China",1,0,"N/A","Large Standard-Size",16,7,14,15,789.44,2177.78,"12/31/2025",17,9,8,5.88
"https://amazon.com/dp/B0CBMQLGRZ","https://m.media-amazon.com/images/I/71rLHUI9q0L._SX450_.jpg","B0CBMQLGRZ","Sewer Camera 66ft/20m 4.3"" Pipe Inspection Camera with 16G DVR IP68 Waterproof Borescope w/LED Lights,Industrial Drain Endoscope for Home Wall Duct Drain Pipe Plumbing","SYOWNFS","FBA","Industrial & Scientific",330664,"N/A","N/A","N/A","N/A","Borescopes",642,256.49,-10,2,1,-74,586.67,318.13,39,4,"ENNIO","China",1,125,-64,"Large bulky",11.61,12.28,14.25,11.51,658.4,1646,"04/30/2024",33,7,4,0.05
"https://amazon.com/dp/B0CBRW4N9Y","https://m.media-amazon.com/images/I/71su6wkPIAL._SX450_.jpg","B0CBRW4N9Y","Sewer Camera 165ft/50m 4.3"" Pipe Inspection Camera with 16G DVR IP68 Waterproof Borescope w/LED Lights,Industrial Drain Endoscope for Home Wall Duct Drain Pipe Plumbing (50M/165FT)","SYOWNFS","FBA","Industrial & Scientific",330664,"N/A","N/A","N/A","N/A","Borescopes",642,329.99,-14,2,0,-74,586.67,"-",39,4,"ENNIO","China",1,125,-64,"Large bulky",11.5,12.5,14.2,13.45,661.52,1653.79,"04/30/2024",33,7,4,0.05
"https://amazon.com/dp/B0C76FCT81","https://m.media-amazon.com/images/I/61wgE0+-AvL._SX450_.jpg","B0C76FCT81","Vividia CX-6078i Joystick Articulating 1280x720 Inspection Camera Borescope with 6mm (0.236"") Diameter for Apple iOS Phones Tablets and Android Devices (Semi-Rigid Probe Short)","VIVIDIA","FBM","Industrial & Scientific",330785,"N/A","N/A","N/A","N/A","Borescopes",642,599.98,-37,4,2,50,2574.78,1033.24,1,5,"Oasis Scientific Inc.","USA",1,38,138,"N/A","N/A","N/A","N/A","N/A","N/A","N/A","09/30/2025",34,9,3,4.04
"https://amazon.com/dp/B0DJSSV6X9","https://m.media-amazon.com/images/I/61d8+8-DywL._SX450_.jpg","B0DJSSV6X9","Dearsee ZX2-D1 Two-Way Articulating Borescope with Light, 0.25in Industrial Endoscope Inspection Camera, 5-inch IPS Articulated Snake Camera, 8X Zoom Video Inspection Scope - 10FT","Dearsee","FBA","Industrial & Scientific",331217,729162039696,"N/A",0729162039696,"N/A","Borescopes",636,103.9,-31,7,7,-21,760.45,760.32,7,4.2,"Dearsee","China",1,52,"N/A","Large Standard-Size",2.99,10.24,16.26,1.87,250.65,691.45,"01/31/2025",18,7,0,0.95
"https://amazon.com/dp/B0DL5LQ7RQ","https://m.media-amazon.com/images/I/81lyDIFaKtL._SX450_.jpg","B0DL5LQ7RQ","Okk Sewer Camera, Drain Camera with 512Hz Sonde, Pipe Inspection with Self-Leveling, Industrial Endoscope with DVR, 7"" LCD Plumbing Snake Endoscope 165ft Cable, IP68 Waterproof, 12 LEDs, 16GB Card","okk","FBA","Industrial & Scientific",331683,"N/A","N/A","N/A","N/A","Borescopes",638,549.99,-17,6,1,-55,3114.35,457.39,5,4.7,"ZOZUS-DIRECT","China",1,0,"N/A","Large bulky",8.9,17,19,17.85,931.62,2329.04,"12/31/2025",17,9,8,1.18
"https://amazon.com/dp/B0D6FTLCBB","https://m.media-amazon.com/images/I/71A98pFH0WL._SX450_.jpg","B0D6FTLCBB","Oiiwak Sewer Camera with Locator, 10.1"" 1080P Touch-Screen Pipe Inspection Camera with Self-Leveling, 512Hz Transmitter, Distance Counter for Drain Plumbing Pipe Sewer Line DVR/Audio Recording, 164FT","Oiiwak","FBA","Industrial & Scientific",331753,"N/A","N/A","N/A","N/A","Borescopes",624,1299.99,-12,5,3,-33,6661.51,3409.06,232,3.9,"Oiiwak Tech","China",1,0,"N/A","Large bulky",14,17,25.2,34.15,1943.67,4859.17,"10/31/2025",22,6,9,0.02
"https://amazon.com/dp/B076CNDVFL","https://m.media-amazon.com/images/I/61g8NdfCXFL._SX450_.jpg","B076CNDVFL","Jonard Tools FIM-400 Fiber Optic Inspection Microscope 400x with FC/SC/ST and LC Adapters","Jonard Tools","Amazon","Industrial & Scientific",332543,811490019072,00811490019072,6018008378384,"N/A","Borescopes",616,223.12,-24,5,3,-14,1085.72,775.66,50,4.2,"Amazon","N/A",8,139,-24,"Large Standard-Size",3,3.4,10.8,1.7,"N/A","N/A","05/31/2024",102,7,3,0.1
"https://amazon.com/dp/B076CH47TD","https://m.media-amazon.com/images/I/61EeLBzRZgL._SX450_.jpg","B076CH47TD","Jonard Tools FIM-200 Fiber Optic Inspection Microscope 200x with FC/SC/ST and LC Adapters","Jonard Tools","FBM","Industrial & Scientific",332685,811490019065,00811490019065,0811490019065,"N/A","Borescopes",616,237.95,-12,5,1,-18,1146.22,328.26,7,4.3,"RedBarn Warehouse","USA",4,138,-25,"Large Standard-Size",2.83,3.46,10.87,1.67,"N/A","N/A","05/31/2024",102,7,3,0.72
"https://amazon.com/dp/B0FPQYQN2G","https://m.media-amazon.com/images/I/71S+PNuKtZL._SX450_.jpg","B0FPQYQN2G","Sanyipace Heavy-Duty Sewer Camera 328FT/100M, Self-Leveling, 0.27in Rigid Cable w/ 512Hz Transmitter, Real-Time Distance Counter, Plumbing Camera with Microphone Speaker, DVR Recorder, 32GB TF Card","Sanyipace","FBA","Industrial & Scientific",333511,"N/A","N/A","N/A","N/A","Borescopes",627,1899.99,-150,0,0,,"-","-",45,4,"Urselection","China",1,0,"N/A","Extra-large 50+ to 70 lb",12.25,22.5,27.25,38.85,2434.05,6085.12,"03/31/2026",7,6,4,0
"https://amazon.com/dp/B0BVZD1XBM","https://m.media-amazon.com/images/I/51FmDWQTqWL._SX450_.jpg","B0BVZD1XBM","Sanyipace FHD Camera Probe for Sewer Camera, 12pcs LED Lights, IP68 Waterproof, Drain Camera Head (ONLY for Sanyipace Model Number: F927ADFB, S8951DM)","Sanyipace","FBM","Industrial & Scientific",333601,"N/A","N/A","N/A","N/A","Borescopes",634,169.99,20,8,3,19,1424.72,498.97,3,4.7,"SanyipaceDirect Store","China",1,194,"N/A","N/A",1.97,6.69,1.97,"N/A","N/A","N/A","05/31/2025",38,3,5,2.53
"https://amazon.com/dp/B072JCVB6T","https://m.media-amazon.com/images/I/716MR-eVGNL._SX450_.jpg","B072JCVB6T","Professional Borescope Camera Case for Depstech USB, Wireless Endoscope, Goodan, Shekar, Pancellent, Fantronics, Sokos, BlueFire, Smart Divider, Designed Accessories Pockets for USB, Side View Mirror","CaseSack","FBA","Industrial & Scientific",333944,729680113144,"N/A",0729680113144,"N/A","Borescopes",647,15.98,-18,9,9,-41,141.21,141.04,275,4.3,"Casesack","Hong Kong",2,126,11,"Large Standard-Size",2.5,5.5,7,0.34,48.46,133.68,"06/30/2025",104,7,0,0.03
"https://amazon.com/dp/B0D2SP5BDK","https://m.media-amazon.com/images/I/51MDV7OCKZL._SX450_.jpg","B0D2SP5BDK","Sanyipace Sewer Camera Probe, 1080P Resolution, 23mm/0.9in Drain Camera Probe, 12pcs LED Lights, IP68 Waterproof, Sewer Camera Accessories, Plumbing Tools (Model: S8951DM)","Sanyipace","FBA","Industrial & Scientific",335002,"N/A","N/A","N/A","N/A","Borescopes",639,269.99,"N/A",12,4,-56,2417.19,1106.5,1,5,"Yans Minie","China",1,0,"N/A","Large Standard-Size",1.54,3.94,7.01,0.37,21.33,58.84,"12/31/2025",23,4,8,11.62
"https://amazon.com/dp/B0BRYYQ9TV","https://m.media-amazon.com/images/I/715Lja-MmML._SX450_.jpg","B0BRYYQ9TV","Anysun All-in-1 Sewer Camera - 512Hz, Distance Counter, Self-Leveling, 1-Touch Video/Audio, 100Ft Pipe Inspection Camera with 9"" 1080P Screen, IP68 Industrial Borescope, 16GB","anysun","FBA","Industrial & Scientific",335774,772168843231,"N/A",0772168843231,"N/A","Borescopes",691,999.99,"N/A",4,1,-47,4211.14,1436.61,59,3.7,"Yongchangsheng tech","Hong Kong",1,197,-37,"Large bulky",15.3,17,21,28.55,1770.13,4425.31,"05/31/2024",38,7,9,0.06
"https://amazon.com/dp/B0DN1BBTTB","https://m.media-amazon.com/images/I/51vKDFGTpYL._SX450_.jpg","B0DN1BBTTB","GAOSHA Inspection Cameras Borescope,Endoscope, Waterproof Snake Cameras Inspection Cameras with Adjustable LED Light","GAOSHA","FBA","Industrial & Scientific",336024,"N/A","N/A",7651490795285,"N/A","Borescopes",630,9.99,-19,2,2,600,17.83,17.78,"N/A","N/A","QDAzij4","China",3,8,"N/A","Small Standard-Size",0.04,0.39,0.39,0,0,0.01,"11/30/2024",17,8,0,"N/A"
"https://amazon.com/dp/B09SGGK7D4","https://m.media-amazon.com/images/I/61AjIYxgXxS._SX450_.jpg","B09SGGK7D4","Maoershan Hard EVA Travel Case fits SKYBASIC Industrial Endoscope Digital Borescope Snake Sewer IP67 Waterproof Screen HD Inspection Camera (Case Only)","Maoershan","FBA","Industrial & Scientific",336761,"N/A","N/A",6044208492414,"N/A","Borescopes",650,15.99,-52,5,5,-69,76.25,76.14,17,4.9,"Maoershan","China",1,135,-15,"Large Standard-Size",2.09,6.93,7.56,0.42,55.13,152.08,"12/31/2024",50,4,0,0.28
"https://amazon.com/dp/B0FZGNG588","https://m.media-amazon.com/images/I/81J5NSngbvL._SX450_.jpg","B0FZGNG588","5"" Dual-View Handle Endoscope Camera,2MP Front&Side Lens,IP67 Waterproof 5M Semi-Rigid Cable,360° Probe Control,4-Level LED,3X Zoom,Video&Photo Recording,Inspection Camera for Industrial Use,32GB Card","HOAYVKJ","FBA","Industrial & Scientific",337414,768904902461,"N/A",0768904902461,"N/A","Borescopes",633,59.99,126,9,2,,364.76,141.69,11,4.8,"HOAYVKJ-US","China",1,0,"N/A","Large Standard-Size",11.81,6.3,3.54,1.5,132.61,365.81,"02/28/2026",5,9,2,0.84
"https://amazon.com/dp/B0FLK3ZTQX","https://m.media-amazon.com/images/I/71B6cxhQNkL._SX450_.jpg","B0FLK3ZTQX","PRANITE Sewer Inspection Camera with Self-Leveling Lens, 9'' HD Screen, 7mm Waterproof Cable with Meter Marking, 32GB TF Card, IP68 Pipe Inspection Endoscope for Drain, Plumbing, and Duct Maintenance","PRANITE","FBA","Industrial & Scientific",337590,769016776711,"N/A",0769016776711,"N/A","Borescopes",629,379.99,"N/A",6,3,-33,2515.24,1219.61,1,5,"dengwencai","China",1,0,"N/A","Large bulky",17.71,12.59,19.68,16.6,1422.05,3555.12,"12/31/2025",8,7,6,6.08
"https://amazon.com/dp/B0D44TM8G1","https://m.media-amazon.com/images/I/71YjiAToUOL._SX450_.jpg","B0D44TM8G1","Endoscope Borescope with 8+1 Adjustable LED Lights, 11.5/16.4 FT Semi-Rigid Cable Snake Camera, IP67 Inspection Camera for Android and iOS Smartphone, Tablet (11.5 FT), Black","BlueFire","FBA","Industrial & Scientific",338795,"N/A","N/A","N/A","N/A","Borescopes",639,19.99,-30,10,8,28,224.83,155,25,4.1,"BlueFire Tech","China",1,185,"N/A","Large Standard-Size",1.46,4.88,4.96,0.33,17.79,49.08,"11/30/2024",23,7,2,0.42
"https://amazon.com/dp/B0DWDK327H","https://m.media-amazon.com/images/I/7159zp8MiIL._SX450_.jpg","B0DWDK327H","Sewer Camera w/DVR Function, 4.3"" HD 1080P Screen Pipeline Inspection Camera, IP68 Waterproof Pipe Plumbing Snake Cam with 32GB Card, for Sewer Line, Home, Duct Drain Pipe Plumbing (30M/100FT)","Liwogi","FBA","Industrial & Scientific",338908,"N/A","N/A","N/A","N/A","Borescopes",648,259.99,-10,10,7,-59,2473.81,1766.84,6,3.5,"Hot car parts","China",1,0,"N/A","Large Standard-Size",7.32,13.86,15.86,7.43,810.13,2234.83,"07/31/2025",14,9,2,1.62
"https://amazon.com/dp/B0CST61RTM","https://m.media-amazon.com/images/I/51IbiqCsEfL._SX450_.jpg","B0CST61RTM","Sanyipace Sewer Inspection Camera Probe, 0.67in/17mm Camera Lens, 8pcs LED Lights, 1000TVL, IP68 Waterproof (ONLY for Sanyipace Sewer Camera, Model: S8417D)","Sanyipace","FBA","Industrial & Scientific",339107,"N/A","N/A","N/A","N/A","Borescopes",635,139.99,-23,12,6,-56,2417.19,812.35,1,5,"Yans Minie","China",1,0,"N/A","Large Standard-Size",4.7,1.2,1.2,0.2,3.41,9.4,"12/31/2025",26,4,8,11.62
"https://amazon.com/dp/B0CZDGRGNZ","https://m.media-amazon.com/images/I/51JUZ+EWUbL._SX450_.jpg","B0CZDGRGNZ","Sanyipace Sewer Camera Probe with Self-Leveling, 512Hz Sone, 1080P FHD Borescope, 12 PCS LED Lights, Plumbing Accessories, IP68 Waterproof (ONLY for Sanyipace Sewer Camera, Model: S610ASMKTCP)","Sanyipace","FBA","Industrial & Scientific",339133,"N/A","N/A","N/A","N/A","Borescopes",637,289.99,-23,12,2,-56,2417.19,497.89,1,5,"Yans Minie","China",1,0,"N/A","Large Standard-Size",7.1,4,1.6,0.6,22.88,63.11,"12/31/2025",24,7,8,11.62
"https://amazon.com/dp/B0DWMQTVC2","https://m.media-amazon.com/images/I/51LRhjWxc4L._SX450_.jpg","B0DWMQTVC2","Sanyipace Sewer Camera Replacement Parts, ONLY for Sanyipace S8417D Model","Sanyipace","FBA","Industrial & Scientific",339469,"N/A","N/A","N/A","N/A","Borescopes",639,39.99,-7,2,1,,86.98,49.35,"N/A","N/A","Yans Minie","China",1,0,"N/A","Large Standard-Size",3,3,2.5,0.5,11.33,31.25,"01/31/2026",14,1,5,"N/A"
"https://amazon.com/dp/B08QYX32R7","https://m.media-amazon.com/images/I/81hKy-cGFfL._SX450_.jpg","B08QYX32R7","Sewer Camera 165ft , 512Hz Sonde Transmitter Plumbing Camera Snake with DVR Recorder, Inspection Cam with 7"" LCD Monitor with Fiber Optic Cable Wire (8 GB SD Card Included) (165ft/50m)","anysun","FBA","Industrial & Scientific",341664,779880273070,"N/A",0779880273070,"N/A","Borescopes",659,569.92,-17,2,0,43,790.14,"-",15,4,"HZDZ_Shop","Hong Kong",1,82,-64,"Large bulky",8.13,16.88,19,18.55,845.01,2112.52,"07/31/2024",64,9,4,0.12
"https://amazon.com/dp/B0FQJP4QXD","https://m.media-amazon.com/images/I/71uxoAcIFkL._SX450_.jpg","B0FQJP4QXD","Anysun All in 1 Sewer Camera with Locator & Wheels & Pull Handle, 7MM Cable, Self Leveling, Distance Counter, 32GB Card, 9'' HD Monitor, Pipe Drain Inspection Camera IP68 Borescope (300FT/91.5M)","anysun","FBA","Industrial & Scientific",341757,717931041766,"N/A",0717931041766,"N/A","Borescopes",744,1924.49,-31,7,1,-67,12312.65,2155.19,1,5,"Yongchangsheng tech","Hong Kong",1,0,"N/A","Extra-large 50+ to 70 lb",18.25,21.25,23.5,47.7,2953.48,7383.7,"12/31/2025",7,8,3,6.52
"https://amazon.com/dp/B0FN6YTR51","https://m.media-amazon.com/images/I/71v0vIwD84L._SX450_.jpg","B0FN6YTR51","Hialemi 10'' Sewer Camera with 512Hz Transmitter - 7MM/200Ft/60M Self Leveling Drain Camera & Meter Counter & 5X Zoom - 145° Plumbing Pipe Inspection Cam - 1080P IPS Adjustable Monitor with Keyboard","Hialemi","FBA","Industrial & Scientific",342003,"N/A","N/A","N/A","N/A","Borescopes",649,1599.99,-31,5,4,-54,8128.04,5657.39,6,5,"Hialemi-US Direct","China",1,0,"N/A","Extra-large 50+ to 70 lb",26.9,22.2,12,35.03,2322.59,5806.46,"12/31/2025",7,9,2,0.86
"https://amazon.com/dp/B0FF9YGSVY","https://m.media-amazon.com/images/I/71YQIYhwtfL._SX450_.jpg","B0FF9YGSVY","Endoscope Camera with Light, 1920P HD Borescope Camera with 8 Adjustable LED Lights, 5.9ft Bellows Endoscope with Light, IP67 Waterproof 8mm Endoscope for iOS and Android (5004 PRO)","ZOIOT","FBA","Industrial & Scientific",343784,"N/A","N/A","N/A","N/A","Borescopes",645,29.99,28,5,5,-120,162.73,162.56,33,3.6,"YFD-US","China",1,0,"N/A","Large Standard-Size",0.87,6.57,6.57,0.36,18.85,52,"12/31/2025",27,9,1,0.16
"https://amazon.com/dp/B07846C89X","https://m.media-amazon.com/images/I/41QzLpGfY5L._SX450_.jpg","B07846C89X","SereneLife Fiber Optic Otoscope/Auriscope Home Ear Inspection Tool DIY, 3X Magnification, Bright LED, Includes Reusable Ear Tips, Travel Case, Battery Operated For All Ages & Pets","SereneLife","Amazon","Industrial & Scientific",344767,842893106243,00842893106243,0842893106243,"N/A","Borescopes",673,11.9,-6,4,4,155,52.18,52.07,157,3.6,"Amazon","N/A",2,61,"N/A","Large Standard-Size",1.18,2.8,8.31,0.22,"N/A","N/A","11/30/2024",100,5,1,0.03
"https://amazon.com/dp/B0D3F7FFWF","https://m.media-amazon.com/images/I/71rrJym2s2L._SX450_.jpg","B0D3F7FFWF","Sewer Camera with 512Hz Locator,100ft/30m,7"" Self Leveling Sewer Inspection Camera with DVR Function, IP68 Camera with 12 Adjustable LEDs,Duct Drain Pipe Plumbing","SYOWNFS","FBA","Industrial & Scientific",346875,"N/A","N/A","N/A","N/A","Borescopes",658,664.05,69,13,10,,9025.56,6573.82,1,5,"ENNIO","China",1,0,"N/A","Large bulky",13.25,11.66,11,12.12,550.75,1376.87,"02/28/2026",23,8,8,13.42
"https://amazon.com/dp/B0DSG3K2FS","https://m.media-amazon.com/images/I/71T4crbkP0L._SX450_.jpg","B0DSG3K2FS","Anysun Sewer Camera with 512hz Sonde 150ft, Self Leveling Sewer Inspection Camera with Distance Counter, 7MM Diameter Cable with 12PCS LED Lights, 9"" HD Monitor with DVR(32GB Card)","anysun","FBA","Industrial & Scientific",348707,717504241821,"N/A",0717504241821,"N/A","Borescopes",659,649.99,"N/A",2,2,-35,1593.47,1292.06,"N/A","N/A","Nedive","Hong Kong",1,0,"N/A","Large bulky",11.8,17.5,19.5,18.5,1304.97,3262.41,"10/31/2025",15,7,2,"N/A"
"https://amazon.com/dp/B0DWDXPYQ1","https://m.media-amazon.com/images/I/71prh2CfSNL._SX450_.jpg","B0DWDXPYQ1","Sewer Camera w/DVR Function, 4.3"" HD 1080P Screen Pipeline Inspection Camera, IP68 Waterproof Pipe Plumbing Snake Cam with 32GB Card, for Sewer Line, Home, Duct Drain Pipe Plumbing (50M/165FT)","Liwogi","FBA","Industrial & Scientific",349025,"N/A","N/A","N/A","N/A","Borescopes",651,289.99,-36,10,2,-59,2473.81,706.7,2,5,"Hot car parts","China",1,0,"N/A","Large Standard-Size",13.7,6.7,16,9.15,739.42,2039.78,"07/31/2025",14,9,2,4.85
"https://amazon.com/dp/B0CBRVN4CW","https://m.media-amazon.com/images/I/71rLHUI9q0L._SX450_.jpg","B0CBRVN4CW","Sewer Camera 100ft/30m 4.3"" Pipe Inspection Camera with 16G DVR IP68 Waterproof Borescope w/LED Lights,Industrial Drain Endoscope for Home Wall Duct Drain Pipe Plumbing (101FT/30M)","SYOWNFS","FBA","Industrial & Scientific",349324,"N/A","N/A","N/A","N/A","Borescopes",683,289.99,-9,2,1,-74,586.67,171.31,39,4,"ENNIO","China",1,125,-64,"Large bulky",11.5,12.48,14.17,12.26,659.06,1647.66,"04/30/2024",33,7,4,0.05
"https://amazon.com/dp/B0DKJYWXFH","https://m.media-amazon.com/images/I/517loDenTEL._SX450_.jpg","B0DKJYWXFH","Sewer Camera Head Replacement with Self-Leveling – Compatible with PRANITE, HBUDS, Anysun, OKK, ONDASHCAM, SumKea for 9DX23 and 7D3A Sewer Cameras, IP68 Waterproof, 12 LEDs","Stove Stoppaz","FBM","Industrial & Scientific",349791,717813046063,"N/A",0717813046063,"N/A","Borescopes",653,259.99,10,5,1,78,1147.65,363.1,2,5,"pingweiusa","China",1,0,"N/A","N/A","N/A","N/A","N/A","N/A","N/A","N/A","07/31/2025",17,5,4,2.46
"https://amazon.com/dp/B0DKJXPTZ9","https://m.media-amazon.com/images/I/61-iCjEP6yL._SX450_.jpg","B0DKJXPTZ9","Accessories Sewer Camera Head, Waterproof Pipe Inspection Camera Lens Parts for Anysun, HBUDS, Aukfa 7D1 Drain Pipe Camera（IP68）","Stove Stoppaz","FBM","Industrial & Scientific",349791,717813046070,"N/A",0717813046070,"N/A","Borescopes",653,179.99,10,5,2,78,1147.65,422.8,1,5,"pingweiusa","China",1,0,"N/A","N/A","N/A","N/A","N/A","N/A","N/A","N/A","07/31/2025",17,4,4,4.92
"https://amazon.com/dp/B0DB1NNBGK","https://m.media-amazon.com/images/I/71EJycPhIOL._SX450_.jpg","B0DB1NNBGK","5"" Dual Lens Endoscope Camera, 1080P HD Borescope with Light, 16.5FT Flexible Cable, IP67 Waterproof Snake Camera for Plumbing, Wall, and Automotive Inspections","KOOPOOL","FBA","Industrial & Scientific",349972,"N/A","N/A","N/A","N/A","Borescopes",656,48.99,-22,8,2,32,289.71,106.04,20,4.3,"KOOPOOL US","China",1,390,"N/A","Large Standard-Size",3.03,6.73,9.02,1.5,92.61,255.47,"11/30/2025",20,8,2,0.41
"https://amazon.com/dp/B0DLNRQN9J","https://m.media-amazon.com/images/I/61tgcsP6MfL._SX450_.jpg","B0DLNRQN9J","Gzpce Borescope,Dual Lens Endoscope Camera with Light,Scope Sewer,Snake Inspection Endoscope,Articulating Industrial Endoscope","gzpce","FBA","Industrial & Scientific",350533,"N/A","N/A","N/A","N/A","Borescopes",656,29.99,53,3,3,-139,80.09,79.99,5,4.7,"gzpce","China",1,389,"N/A","Large Standard-Size",1.14,5.31,5.47,0.4,16.67,45.99,"12/31/2025",17,6,3,0.54
"https://amazon.com/dp/B0F2DXHV3Q","https://m.media-amazon.com/images/I/61Sq2+01KsL._SX450_.jpg","B0F2DXHV3Q","Orange A-600 Handheld 400x Fiber Optic end face Detector Magnifier Fiber Optic Microscope 5-inch high-Definition Touch Screen for SC/FC/ST/LC UPC Male/Female Head Interface Fiber Inspector (A-600U)","SAIVXIAN","FBA","Industrial & Scientific",350763,"N/A","N/A","N/A","N/A","Borescopes",657,478,-28,4,4,-7,1968.89,1968.74,1,2,"cheukcen","China",1,0,"N/A","Large Standard-Size",10.43,3.39,5.98,1.72,106.45,293.67,"08/31/2025",12,9,0,4.13
"https://amazon.com/dp/B0BXSZHSYF","https://m.media-amazon.com/images/I/71Gck12aymL._SX450_.jpg","B0BXSZHSYF","Sewer Camera with Locator with Self-Leveling and Distance Count, 512Hz Sonde IP68 Waterproof Cam, 9"" Pipe Drain Inspection with 12pcs Light, DVR with 32GB Card, 7mm Cable (100FT)","anysun","FBA","Industrial & Scientific",351492,772123252405,"N/A",0772123252405,"N/A","Borescopes",682,1099.99,-13,3,1,,3471.69,1392.54,9,3.3,"ToBestGift","China",1,0,"N/A","Large bulky",13,19,20.9,22,1672.97,4182.42,"01/31/2026",37,8,4,0.32
"https://amazon.com/dp/B0DK7BF3ZJ","https://m.media-amazon.com/images/I/71Hwx1leViL._SX450_.jpg","B0DK7BF3ZJ","Anysun Sewer Camera with Locator, Self-Leveling Pipe Camera 150ft with 0.28in/7mm Fiberglass Cable and Meter Marker, 9'' HD Sewer Inspection Camera with DVR Recording Funcation and 32GB Memory Card","anysun","FBA","Industrial & Scientific",351534,717813045929,"N/A",0717813045929,"N/A","Borescopes",659,1099.99,-32,9,9,,9799.19,9799.01,2,4.5,"HZDZ_Shop","Hong Kong",1,57,"N/A","Large bulky",13.5,19.1,20.9,24,1746.46,4366.14,"01/31/2025",18,6,2,4.45
"https://amazon.com/dp/B0F4JKZWBZ","https://m.media-amazon.com/images/I/81+FaojrLcL._SX450_.jpg","B0F4JKZWBZ","5‘’ Dual Lens Endoscope Camera with Light, 1080P Borescope Inspection Camera with Photo & Video, 7.9mm IP67 Waterproof Sewer with 7 LED Lights,16.5FT Semi-Rigid Cable, Built-in 32G Card","GinoCaco","FBA","Industrial & Scientific",352565,"N/A","N/A","N/A","N/A","Borescopes",663,79.99,-40,0,9,,"-",435.73,29,4,"GinoCaco Direct","China",1,0,"N/A","Large Standard-Size",3.74,7.2,9.09,1.9,123.24,339.97,"06/30/2025",11,7,0,0
"https://amazon.com/dp/B09L4XFVHF","https://m.media-amazon.com/images/I/71uH3UnA0nL._SX450_.jpg","B09L4XFVHF","Sanyipace Sewer Camera, 65FT/20M Pipeline Inspection Camera with Adjustable Light, HVAC 1000TVL, 7-inch LCD Monitor, IP68 Waterproof Plumbing Drain Camera, DVR Recorder, 16GB TF Card, Black+Yellow","Sanyipace","FBA","Industrial & Scientific",352962,"N/A","N/A","N/A","N/A","Borescopes",675,2099.98,"N/A",0,0,,"-","-",17,4,"Urselection","China",0,0,"N/A","Large bulky",7.4,14.37,16.45,10.98,566.89,1417.22,"03/31/2026",51,7,5,0.01
"https://amazon.com/dp/B0CHMT32JF","https://m.media-amazon.com/images/I/71nLbm117-L._SX450_.jpg","B0CHMT32JF","DEPSTECH 50FT Sewer Inspection Camera with 1080P Dual Lens, Led Light, 5"" IPS Screen, Split Screen, IP67 Waterproof Endoscope, 7.9mm Borescope Probe","DEPSTECH","FBA","Industrial & Scientific",353502,"N/A","N/A","N/A","N/A","Borescopes",690,119.99,-38,2,2,250,224.65,224.59,144,4.1,"Depstech","China",1,35,-95,"Large Standard-Size",3.07,8.98,13.46,4.08,186.83,515.38,"04/30/2024",29,9,0,0.01
"https://amazon.com/dp/B089Q4DBPT","https://m.media-amazon.com/images/I/51yfhnkG8LL._SX450_.jpg","B089Q4DBPT","Autel MaxiVideo MV108S Inspection Camera, Waterproof Endoscope Video Scope for Autel MX900 / TS900 / MK808 S / MK906 / MS909 / Ultra","Autel","FBA","Industrial & Scientific",354398,791319285553,"N/A",0791319285553,"N/A","Borescopes",683,49,-1,0,0,-90,"-","-",57,4.6,"Autel Tools","China",1,30,"N/A","Large Standard-Size",2.05,6.61,12.56,0.86,85.69,236.38,"01/31/2025",70,9,0,0
"https://amazon.com/dp/B0F2HS29VB","https://m.media-amazon.com/images/I/71+AZV+HFoL._SX450_.jpg","B0F2HS29VB","Okk Sewer Camera with Locator, Drain Camera 100ft with 512Hz Sonde, Pipe Inspection with Self-Leveling, Industrial Endoscope with DVR, 9"" LCD, Meter Counter, IP68 Waterproof, 12 LEDs, 16GB Card","okk","FBA","Industrial & Scientific",354455,"N/A","N/A","N/A","N/A","Borescopes",666,879.99,-26,6,0,-55,3114.35,"-",5,4.7,"ZOZUS-DIRECT","China",1,0,"N/A","Large bulky",9,16.5,21.38,20.8,1028.91,2572.28,"12/31/2025",12,7,8,1.18
"https://amazon.com/dp/B0CWN8HV4Q","https://m.media-amazon.com/images/I/71BjUWFhgBL._SX450_.jpg","B0CWN8HV4Q","Anysun Self-Leveling Sewer Inspection Camera with 512Hz Transmitter, Distance Counter, 7MM Thicker Cable, 330FT/100M Pipe Cam, 10"" IPS 1080P Screen and DVR/Audio Recording - 16GB","anysun","FBA","Industrial & Scientific",355785,"N/A","N/A","N/A","N/A","Borescopes",671,1699.99,-27,3,0,-42,3248.1,"-",24,4.1,"HZDZ_Shop","Hong Kong",1,61,-61,"Large bulky",11.7,22.1,25.9,41,2170.31,5425.78,"11/30/2024",26,7,4,0.14
"https://amazon.com/dp/B0B3DBLPF2","https://m.media-amazon.com/images/I/612b5cUj7YL._SX450_.jpg","B0B3DBLPF2","Sanyipace Sewer Camera Charger, Drain Camera Accessories, 12V DC Adapter, 100VAC-240VAC/DC, Battery Power Charger for Pipe Camera, Works with All Sanyipace Sewer Cameras Except S8417D - US Plug","Sanyipace","FBM","Industrial & Scientific",355851,"N/A","N/A","N/A","N/A","Borescopes",665,25.99,-19,8,8,-46,202.72,202.52,6,5,"SanyipaceDirect Store","China",1,0,"N/A","Large Standard-Size",1.87,2.98,3.65,0.18,"N/A","N/A","01/31/2026",46,1,0,1.3
"https://amazon.com/dp/B0DXP75RHR","https://m.media-amazon.com/images/I/71T4crbkP0L._SX450_.jpg","B0DXP75RHR","Anysun Sewer Camera with 512hz Sonde 100ft, Self Leveling Sewer Inspection Camera with Distance Counter, 7MM Diameter Cable with 12PCS LED Lights, 9"" HD Monitor with DVR(32GB Card)","anysun","FBA","Industrial & Scientific",356040,717690769680,"N/A",0717690769680,"N/A","Borescopes",669,599.99,-34,0,0,-83,"-","-","N/A","N/A","Nedive","Hong Kong",1,0,"N/A","Large bulky",16,11,18,10,1026.67,2566.67,"10/31/2025",13,7,2,"N/A"
"https://amazon.com/dp/B0D5TN5XHW","https://m.media-amazon.com/images/I/814lRch5BEL._SX450_.jpg","B0D5TN5XHW","7 Inches Monitor 100ft/30m with Distance Mark Plumbing Snake Pipe Inspection Video Camera,DVR Recorder Waterproof IP68 Drain Sewer Pipeline Industrial Endoscope System…","Generic","FBA","Industrial & Scientific",356231,"N/A","N/A","N/A","N/A","Borescopes",668,279,-13,9,9,75,2580.14,2580.02,8,4.1,"Puteca security shop","China",1,134,"N/A","Large Standard-Size",6.02,13.3,15.24,9.96,614.34,1694.73,"08/31/2025",22,9,0,1.15
"https://amazon.com/dp/B09W2BW16Q","https://m.media-amazon.com/images/I/51n8eJR9NsL._SX450_.jpg","B09W2BW16Q","Sanyipace Drain Camera, Sapphire Lens, Remote Control, 5X Zoom in, 1080P FHD, Battery Level Display, 12 Adjustable LEDs, Plumbing Snake, Waterproof Pipe Inspection Camera, 16GB TF Card, 65FT/20M","Sanyipace","FBA","Industrial & Scientific",357654,"N/A","N/A","N/A","N/A","Borescopes",678,1599.99,"N/A",0,0,,"-","-",4,5,"Urselection","China",0,0,"N/A","Large Standard-Size",7.25,14,16,11,817.64,2255.56,"03/31/2026",46,6,4,0
"https://amazon.com/dp/B0DNMF126P","https://m.media-amazon.com/images/I/7147Zyg2IaL._SX450_.jpg","B0DNMF126P","VEVOR Sewer Camera with 512Hz Locator, 98 ft/30 m, Self-Leveling Drain Inspection Camera with 9"" 1080P HD Screen, 36X Zoom, Snake Plumbing Camera with Lights-12 LED, 32GB SD Card for Duct Pipe","VEVOR","FBM","Industrial & Scientific",357911,197988991342,"N/A",0197988991342,"N/A","Borescopes",672,699.99,117,6,38,,4172.05,26704.45,8,4.3,"Supdear","China",1,6,"N/A","Large bulky",11.42,15.75,18.19,16.67,"N/A","N/A","11/30/2024",16,9,0,0.75
"https://amazon.com/dp/B0F2MPZPQP","https://m.media-amazon.com/images/I/719kBnfBi0L._SX450_.jpg","B0F2MPZPQP","Danculpe Sewer Camera Self-Leveling, 100FT/30M, 7MM Cable, 10.1"" HD Drain Pipe Inspection Camera (Trolley with Wheels), DVR, Distance Counter, IP68 Waterproof, 12 LEDs, 16GB Card for Home, Duct","Danculpe","FBA","Industrial & Scientific",358659,"N/A","N/A","N/A","N/A","Borescopes",692,640.99,-5,11,3,36,7059.18,1985.43,16,4.2,"hainanshengtianaikejiyouxiangongsi","China",1,0,"N/A","Extra-large 50+ to 70 lb",16.89,18.9,22.6,32.45,2338,5845,"02/28/2026",12,9,5,0.68
"https://amazon.com/dp/B0D6VQMF5T","https://m.media-amazon.com/images/I/71JZL5LSQUL._SX450_.jpg","B0D6VQMF5T","Sewer Camera 100ft Plumbing Drain Camera with 30M Cable Industrial Endoscope IP68 Waterproof Snake Inspection 7 Inch 1000TVL DVR Recording IPS Screen","ESANHAO","FBA","Industrial & Scientific",359036,614019415429,"N/A",0614019415429,"N/A","Borescopes",677,389.99,-16,0,0,,"-","-",14,4,"ESANHAO","China",1,49,"N/A","Large bulky",9.5,14.22,17.45,18.4,763.95,1909.87,"01/31/2025",22,6,0,0
"https://amazon.com/dp/B0FFXZGVQJ","https://m.media-amazon.com/images/I/71LCg8UNbZL._SX450_.jpg","B0FFXZGVQJ","Anysun Sewer Camera 100ft with Locator Set, Self-Leveling, 7mm Cable with Depth Marking, IP68 Waterproof Plumbing Endoscope Drain Snake Camera with 9'' Color Screen, 12pcs Light, Recorder with 32GB","anysun","FBA","Industrial & Scientific",359365,717661515308,"N/A",0717661515308,"N/A","Borescopes",669,969.99,6,13,6,,13674.55,5906.48,4,5,"ToBestGift","China",1,0,"N/A","Large bulky",18,14,20,22,1633.33,4083.33,"02/28/2026",19,8,9,3.25
"https://amazon.com/dp/B0D73FFM5L","https://m.media-amazon.com/images/I/71RyPH-6BGL._SX450_.jpg","B0D73FFM5L","Anysun All-in-1 Sewer Camera 512Hz, Self-Leveling, Distance Counter, 7MM/0.28'' Thicker Cable, Keyboard, 1-Touch Video/Audio, 131Ft Pipe Inspection Cameras with 9"" 1080P Screen Drain Cam IP68, 16GB","anysun","FBA","Industrial & Scientific",363029,"N/A","N/A","N/A","N/A","Borescopes",721,1199.99,-17,4,1,-47,4211.14,1033.99,59,3.7,"Yongchangsheng tech","Hong Kong",1,197,-37,"Large bulky",15.8,17,21,31.22,1827.97,4569.93,"05/31/2024",20,8,9,0.06
"https://amazon.com/dp/B0DCFMGJM4","https://m.media-amazon.com/images/I/81OsRwrvuZL._SX450_.jpg","B0DCFMGJM4","Anysun Sewer Camera 512Hz, Self-Leveling & Distance Counter, 7mm Thicker Cable, Keyboard, 10"" IPS Adjustable Monitor,1-Touch Video/Audio, Drain Pipe Inspection Camera IP68 with DVR & 16GB Card - 165Ft","anysun","FBA","Industrial & Scientific",363067,"N/A","N/A","N/A","N/A","Borescopes",721,1580,-5,4,0,-47,4211.14,"-",59,3.7,"Yongchangsheng tech","Hong Kong",1,197,-37,"Large bulky",11.5,22.5,26.5,22.5,2222.14,5555.34,"05/31/2024",18,8,9,0.06
"https://amazon.com/dp/B0GCHGS6DD","https://m.media-amazon.com/images/I/71-2j7vfz4L._SX450_.jpg","B0GCHGS6DD","InvRio10ML Two-Way 180° Articulating Borescope, 1080P HD 4.3"" Screen Automotive Endoscope with 85°C High-Temp Alarm, 2600mAh Battery for 3h Runtime, Includes 32GB Card & Case","InvRio10ML","-","Industrial & Scientific",366392,"N/A","N/A","N/A","N/A","Borescopes",696,98.99,"N/A",0,0,,"-","-","N/A","N/A",,"N/A",1,0,"N/A","Large Standard-Size",16.14,8.66,2.83,6.61,"N/A","N/A","-",3,"N/A",0,"N/A"
"https://amazon.com/dp/B0FL1NFSFB","https://m.media-amazon.com/images/I/71mLYb0GF6L._SX450_.jpg","B0FL1NFSFB","Sewer Camera Self-Leveling, Drain Camera with 10"" HD Monitor, Industrial Borescope 200ft/60m 7mm Cable, IP68 Waterproof, Endoscope Pipe Inspection Cameras, Distance Counter, DVR, and 5X Zoom","okk","-","Industrial & Scientific",366408,"N/A","N/A","N/A","N/A","Borescopes",683,999.99,-35,14,14,,13705.53,13705.35,"N/A","N/A",,"N/A",1,0,"N/A","Extra-large 50+ to 70 lb",24,21,17,39,"N/A","N/A","02/28/2026",8,7,4,"N/A"
"https://amazon.com/dp/B0C7G8J4C9","https://m.media-amazon.com/images/I/41ZQaJ25u1L._SX450_.jpg","B0C7G8J4C9","0.67inch/17mm Sewer Camera Head Protective Cover with Screwdriver,Sewer Camera Accessories","SYANSPAN","FBM","Industrial & Scientific",366846,"N/A","N/A","N/A","N/A","Borescopes",697,29.99,3,3,3,14,79.02,78.95,7,2.5,"pipe camera","China",1,49,"N/A","Large Standard-Size",2.52,3.94,6.73,0.13,"N/A","N/A","12/31/2024",34,1,0,0.38
"https://amazon.com/dp/B0GGSTXTKR","https://m.media-amazon.com/images/I/71tYHqXg54L._SX450_.jpg","B0GGSTXTKR","AUTOOL SVB208 Articulating Video Borescope, Endoscope Camera with Light,6.25mm Ultra-Thin Probe,4.3"" LCD with 8X Zoom Articulated Camera,IP67 Waterproof Snake Camera for Automotive Engine Inspection","AUTOOL","FBA","Industrial & Scientific",367361,"N/A","N/A",6970039380173,"N/A","Borescopes",695,145.99,-35,2,2,,304.02,303.94,3,4,"AUTOOL-USA","N/A",1,0,"N/A","Large Standard-Size",3.15,9.25,14.41,2.18,211.39,583.15,"02/28/2026",2,9,0,0.69
"https://amazon.com/dp/B0F62RBVSF","https://m.media-amazon.com/images/I/81S2rYQyWCL._SX450_.jpg","B0F62RBVSF","360°Articulating Borescope Camera - JESERAL 5"" HD 1080P Inspection Camera Screen with 6 Light, Endoscope with 6.2mm IP67 Waterproof Probe, 3X Zoom 4-Way Borescope Engine with 1M Flexible Cable","Jeseral","FBA","Industrial & Scientific",368057,"N/A","N/A","N/A","N/A","Borescopes",688,308.99,-35,6,6,-69,1775.13,1775,38,4.1,"JESERAL","China",1,324,"N/A","Large Standard-Size",3.66,11.26,13.04,2.48,270.57,746.39,"06/30/2025",11,9,3,0.15