"URL","Image URL","ASIN","Title","Brand","Fulfillment","Category","BSR","UPC","GTIN","EAN","ISBN","Subcategory","Subcategory BSR","Price","Price Trend (90 days) (%)","Parent Level Sales","ASIN Sales","Sales Trend (90 days) (%)","Parent Level Revenue","ASIN Revenue","Review Count","Reviews Rating","Seller","Seller Country/Region","Number of Active Sellers","Last Year Sales","Sales Year Over Year (%)","Shipping Details","Length","Width","Height","Weight","Storage Fee (Jan - Sep)","Storage Fee (Oct - Dec)","Best Sales Period","Listing Age (Months)","Number of Images","Variation Count","Sales to Reviews"
"https://amazon.com/dp/B0G6XZS5YP","https://m.media-amazon.com/images/I/817aNJJSKiL._SX450_.jpg","B0G6XZS5YP","Dual-Lens Endoscope Camera with Light, 1080P Borescope Inspection Camera, 4.3"" IPS Screen, 16.5FT Semi-Rigid Cable, 8 LEDs, IP67 Waterproof Inspection Tool for Automotive & Plumbing– Gadgets for Men","EASTBEAR","FBA","Industrial & Scientific",76475,726870777780,"N/A",0726870777780,"N/A","Borescopes",195,29.99,-36,83,20,,2211.23,611.01,20,4.6,"EASTBEAR Store","N/A",1,0,"N/A","Large Standard-Size",2.83,5.59,7.28,0.97,57.98,159.95,"02/28/2026",4,8,2,4.16
"https://amazon.com/dp/B0C3D3SXDN","https://m.media-amazon.com/images/I/71XeEVBSW5L._SX450_.jpg","B0C3D3SXDN","Sewer Camera with Locator, Anysun Self Leveling Sewer Inspection Camera 150ft with Meter Marker and DVR, 9'' HD Monitor with 12 Adjustable Lights(32GB Card)","anysun","FBA","Industrial & Scientific",76908,774196181170,"N/A",0774196181170,"N/A","Borescopes",200,999.99,-31,26,3,-42,24231.51,3076.27,158,4.2,"Nedive","Hong Kong",1,598,-9,"Large bulky",13.62,18.81,20.98,23.74,1741.87,4354.67,"02/28/2025",35,7,8,0.17
"https://amazon.com/dp/B013BJX63O","https://m.media-amazon.com/images/I/71AtILDQZKL._SX450_.jpg","B013BJX63O","Autel MaxiVideo MV108S Digital Inspection Camera, 2026 Newer of MV108, 8.5mm USB Industrial Endoscope IP67 Waterproof 1920P HD Borescope Camera 39.5'' Flexible Cord Snake Cameras for Autel Tool & P.C","Autel","FBA","Industrial & Scientific",76988,761560704837,69373572012690,0761560704837,"N/A","Borescopes",201,49,-3,96,96,9,4716,4715.87,316,4.6,"Autel Choice","China",1,1323,28,"Large Standard-Size",2.01,6.85,12.64,0.88,87.52,241.43,"02/28/2025",128,9,0,0.3
"https://amazon.com/dp/B09QWDF3SJ","https://m.media-amazon.com/images/I/51U3LLbww+L._SX450_.jpg","B09QWDF3SJ","XTOOL Inspection Camera XV200, 2MP&1080P HD& 8 LEDs Automotive/Industrial Endoscope Waterproof Borescope Camera with Light, Work with D7/D7S/D7W, D8S/D8W, D9S//D9S PRO/IP919 PRO Type-C Version","XTOOL","FBA","Industrial & Scientific",77439,753124715717,"N/A",0753124715717,"N/A","Borescopes",209,69.99,"N/A",18,18,-99,1233.87,1233.65,108,4.4,"XTOOL Direct","China",1,493,8,"Large Standard-Size",2.52,8.11,13.62,1.01,140.14,386.6,"11/30/2024",50,4,0,0.16
"https://amazon.com/dp/B0F6CS8QNY","https://m.media-amazon.com/images/I/61WFZMOJoGL._SX450_.jpg","B0F6CS8QNY","VEVOR Endoscope Camera with Light, Dual Lens Borescope for Android & iOS, 1920P HD Inspection Camera, 8 + 1 LED Lights, 2X Zoom, 10FT Snake Cable, IP67 Waterproof","VEVOR","Amazon","Industrial & Scientific",77470,197988675990,"N/A",0197988675990,"N/A","Borescopes",198,24.9,-48,44,20,-3,1051.04,486.88,32,4.1,"Amazon","N/A",1,0,"N/A","Small Standard-Size",0.28,5.28,5.35,0.35,"N/A","N/A","09/30/2025",11,9,2,1.37
"https://amazon.com/dp/B0FW4XF5HJ","https://m.media-amazon.com/images/I/81sOhKpZBLL._SX450_.jpg","B0FW4XF5HJ","ZELCAN 4.3"" Sewer Camera, Sewer Inspection Camera with 100 ft. Cable & Length Markers, Waterproof Drain Pipe Camera with 32GB Card 12 LED Lights, Rechargeable Plumbing Camera for Sewer Pipe Drain","ZELCAN","FBA","Industrial & Scientific",78090,"N/A","N/A","N/A","N/A","Borescopes",196,239.99,"N/A",96,29,38,32234.59,6601.18,41,4,"ZELCAN","China",1,0,"N/A","Large Standard-Size",13.39,7.68,14.96,7.17,774.55,2136.69,"02/28/2026",6,8,10,2.34
"https://amazon.com/dp/B0G48WTXYF","https://m.media-amazon.com/images/I/71a1WQf+vbL._SX450_.jpg","B0G48WTXYF","4-Way 360° Articulating Borescope, Joystick 5"" HD Endoscope Camera with Light, Waterproof Snake Inspection Camera for Engine, Pipe, HVAC, Wall (6.5mm Dual Lens-5FT Semi-Rigid Cable)","Ralcam","FBA","Industrial & Scientific",78143,"N/A","N/A","N/A","N/A","Borescopes",196,399.99,"N/A",27,16,,9786.51,6580.35,1,5,"Ralcam","China",1,0,"N/A","Large Standard-Size",3.66,12.44,14.09,3.44,322.99,891,"01/31/2026",4,7,2,26.79
"https://amazon.com/dp/B0CL4MJ6NK","https://m.media-amazon.com/images/I/4168JlvZuyL._SX450_.jpg","B0CL4MJ6NK","USB C Endoscope Camera with Light, Teslong 1080P HD Dual Lens Snake Borescope Inspection Cam with 8+1 LEDs, 16.5FT Flexible Probe Cable, Fiber Optic Scope Compatible with iPhone 15, Android Phone","Teslong","FBA","Industrial & Scientific",79027,"N/A","N/A","N/A","N/A","Borescopes",198,39.99,-7,82,21,-95,3113.47,826.62,328,4.3,"Teslong","China",1,3215,"N/A","Large Standard-Size",1.34,5.43,5.47,0.68,20.04,55.28,"11/30/2025",27,9,2,0.25
"https://amazon.com/dp/B0G123VB7K","https://m.media-amazon.com/images/I/71orwzoP3eL._SX450_.jpg","B0G123VB7K","KIRFEIHT Endoscope Camera with Light - Industrial Borescope with 32GB Card, Waterproof Inspection Sewer Camera, 16.4FT Snake Semi-Rigid Cord Endoscope Compatible with PC & Android for HVAC, Plumbing","KIRFEIHT","FBA","Industrial & Scientific",79320,"N/A","N/A","N/A","N/A","Borescopes",205,33.99,-10,92,92,,3127.14,3126.99,51,4.5,"TBARGUD US","China",1,0,"N/A","Large Standard-Size",2.8,5.55,8.15,1.01,63.77,175.9,"02/28/2026",3,9,0,1.8
"https://amazon.com/dp/B0DYDGXG2N","https://m.media-amazon.com/images/I/710SFrniiRL._SX450_.jpg","B0DYDGXG2N","Sanyipace Sewer Camera 100FT/30M, Self-Leveling Drain Camera, DVR with Speaker, 1080P Pipe Camera with Distance Counter, 32GB Card, 5mm/0.2-inch Cable, IP68 Waterproof Plumbing Camrea for Sewer Line","Sanyipace","FBA","Industrial & Scientific",79475,"N/A","N/A","N/A","N/A","Borescopes",199,659.88,-9,93,18,-13,89385.52,11580.33,20,4,"Yans Minie","China",1,0,"N/A","Large bulky",12,15,20.5,17.9,1195.83,2989.58,"01/31/2026",13,7,6,4.63
"https://amazon.com/dp/B0FD9X6PY8","https://m.media-amazon.com/images/I/71a9I9KNwxL._SX450_.jpg","B0FD9X6PY8","EIXAUP Sewer Camera, 100 ft/30 m, 4.3"" Pipe Drain Inspection Camera with DVR Function and 12 Pcs LED Lights, IP68 Waterproof 23 mm Industrial Endoscope, Meter Marker, Included 32GB Card","EIXAUP","FBA","Industrial & Scientific",79811,"N/A","N/A","N/A","N/A","Borescopes",207,251.99,-24,20,5,-33,4626.65,1385.87,5,4.7,"SYST","China",1,0,"N/A","Large Standard-Size",15,12,7,8,634.38,1750,"01/31/2026",10,7,3,3.99
"https://amazon.com/dp/B0F8BN91TL","https://m.media-amazon.com/images/I/712Fz1BbU7L._SX450_.jpg","B0F8BN91TL","4-Way 360° Articulating Borescope, Joystick 5"" HD Endoscope Camera with Light, Waterproof Snake Inspection Camera for Engine, Pipe, HVAC, Wall (6.2mm Single Lens-5FT Semi-Rigid Cable)","Ralcam","FBA","Industrial & Scientific",80002,"N/A","N/A","N/A","N/A","Borescopes",209,299.99,-28,5,2,,1911.89,460.44,41,4.4,"Ralcam","China",1,0,"N/A","Large Standard-Size",3.66,12.28,14.06,3.37,318.16,877.67,"03/31/2026",11,8,2,0.13
"https://amazon.com/dp/B0DRP5MDLL","https://m.media-amazon.com/images/I/71td897j0oL._SX450_.jpg","B0DRP5MDLL","Teslong Rifle Borescope for Phone & PC, USB C Gun Bore Scope Cleaning Camera with Lights & Mirror Set, Fits .20 Caliber & Larger, Rigid Probe, Compatible with iPhone 15/16 & USB-C Android Devices","Teslong","FBA","Industrial & Scientific",80496,"N/A","N/A","N/A","N/A","Borescopes",201,109.99,-25,89,89,-17,9815.84,9814.82,50,4.7,"Teslong","China",1,0,"N/A","Large bulky",2,4,31,2,80.37,200.93,"11/30/2025",15,9,0,1.78
"https://amazon.com/dp/B0FZSZV9DJ","https://m.media-amazon.com/images/I/71n5hQuGOVL._SX450_.jpg","B0FZSZV9DJ","ZORLET Dual Lens Two-Way Articulating Borescope Camera with Light, 5"" Inspection Camera Endoscope, 0.25in Slim Probe, Waterproof 5.0FT Snake Camera for Automotive, Mechanics & Engine Inspection","Zorlet","FBA","Industrial & Scientific",80867,"N/A","N/A","N/A","N/A","Borescopes",203,129.99,-7,24,24,363,3136.71,3136.6,26,4.7,"Shenzhen ShenshijieTechnology Co., Ltd","China",1,0,"N/A","Large Standard-Size",4.53,8.78,15.79,2.95,316.19,872.25,"12/31/2025",5,9,0,0.93
"https://amazon.com/dp/B08NJ8627V","https://m.media-amazon.com/images/I/41BXbe9WByL._SX450_.jpg","B08NJ8627V","DEPSTECH Dual Lens Wireless Endoscope, 1080P Scope Snake Camera with 7 LED Lights,0.31In Lens Video HD Inspection Camera,IP67 Waterproof Borescope,16.5FT Cable for Android & iOS Phone or Tablet-Yellow","DEPSTECH","FBA","Industrial & Scientific",81305,"N/A","N/A","N/A","N/A","Borescopes",211,54.99,"N/A",4,4,-132,193.27,193.26,2505,4.3,"Depstech","China",1,0,"N/A","Large Standard-Size",1.97,6.22,6.42,0.9,39.61,109.26,"07/31/2025",65,9,0,0
"https://amazon.com/dp/B0DKJ3N5C7","https://m.media-amazon.com/images/I/71ya60GCvLL._SX450_.jpg","B0DKJ3N5C7","FDGSAB Sewer Camera, 20/50m, 7"" Screen Pipeline Inspection Camera Waterproof IP68 w/12 Adjustable LEDs, DVR Function Have 32GB SD Card .for Sewer Line, Duct Drain Pipe Plumbing (98.4ft/30M DVR)","FDGSAB","FBA","Industrial & Scientific",82043,"N/A","N/A","N/A","N/A","Borescopes",213,339.99,"N/A",29,3,-47,8672.19,997.11,20,4.2,"sijifeng","China",1,414,"N/A","Large bulky",13.2,13.2,13.4,10.6,756.65,1891.63,"12/31/2025",17,7,6,1.43
"https://amazon.com/dp/B0F2J14263","https://m.media-amazon.com/images/I/71obauRNKmL._SX450_.jpg","B0F2J14263","Endoscope Camera with Light, Single-Lens 1920P HD Borescope with 8 Adjustable LED Lights, Endoscopic Visualizer for iPhone & Android, 16.4ft Semi-Rigid Boroscope Inspection Tool","medetayi","-","Industrial & Scientific",82068,"N/A","N/A","N/A","N/A","Borescopes",211,9.99,"N/A",13,0,-110,161.15,"-",61,4.2,,"N/A",1,0,"N/A","Large Standard-Size",1.69,5.24,5.43,0.4,"N/A","N/A","07/31/2025",12,1,2,0.21
"https://amazon.com/dp/B0C9L96KF7","https://m.media-amazon.com/images/I/71jpuGm37JL._SX450_.jpg","B0C9L96KF7","Borescope Inspection with Light, Industrial Endoscope Camera with 4.3” HD Screen, Waterproof Digital Snake Camera, Semi-Rigid Cable Bore Scope for Home Pipe, Engine, Inside Wall, Duct (11.5 FT)","Anykit","FBA","Industrial & Scientific",82340,"N/A","N/A","N/A","N/A","Borescopes",216,33.99,-9,119,119,328,4551.92,4551.79,430,4.5,"AnyKit","China",1,220,"N/A","Large Standard-Size",2.4,4.84,7.52,0.86,43.98,121.32,"07/31/2024",33,9,0,0.28
"https://amazon.com/dp/B0FL1ZH8S1","https://m.media-amazon.com/images/I/518rC-mvvyL._SX450_.jpg","B0FL1ZH8S1","EIXAUP Sewer Camera 100 FT, 4.3"" HD Screen, 23mm Industrial Endoscope with Light,32GB Card, Portable Drain Camera with 8500mAh Battery,Ideal for Plumbers and Homeowners(No DVR)","EIXAUP","FBA","Industrial & Scientific",82480,"N/A","N/A","N/A","N/A","Borescopes",197,223.99,-22,20,14,-33,4626.65,3240.56,1,5,"SYST","China",1,0,"N/A","Large Standard-Size",12,10.5,7,8,444.06,1225,"01/31/2026",8,7,3,19.96
"https://amazon.com/dp/B0DNMJ1WWW","https://m.media-amazon.com/images/I/41lY9VTAQxL._SX450_.jpg","B0DNMJ1WWW","VEVOR Sewer Camera, 98 ft/30m, Self-Leveling Drain Inspection Camera with 9"" 1080P HD Screen, 36X Zoom, IP68 Waterproof Plumbing Camera with Lights-12 LED, 32GB Card Snake Camera for Duct Pipe","VEVOR","FBM","Industrial & Scientific",83110,197988811633,"N/A",0197988811633,"N/A","Borescopes",213,405.9,"N/A",127,127,,45319.73,45319.56,13,4.7,"Supdear","China",2,309,"N/A","Large bulky",11.61,12.6,12.6,12.39,"N/A","N/A","02/28/2026",16,12,0,10.54
"https://amazon.com/dp/B0G58HV3CX","https://m.media-amazon.com/images/I/61gfDxQvezL._SX450_.jpg","B0G58HV3CX","Endoscope Camera with Light,16.4ft Dual-Lens Borescope Tools with 8 Adjustable LED Lights, Endoscope with Semi-Rigid Snake Camera, IP67 Waterproof Inspection Borescope for iOS and Android","COOVIE","FBA","Industrial & Scientific",83338,"N/A","N/A","N/A","N/A","Borescopes",214,18.99,19,17,4,,339.19,81.56,21,4.8,"Alice Windowshop","China",1,0,"N/A","Large Standard-Size",1.5,4.8,4.8,0.1,17.4,48,"01/31/2026",4,7,2,0.83
"https://amazon.com/dp/B0FHH166CS","https://m.media-amazon.com/images/I/71Tu0KYdOlL._SX450_.jpg","B0FHH166CS","HANMATEK 1080P Industrial Endoscope, 4.3-Inch TFT Screen, 16.5ft Flexible Cable, 8mm Camera with Adjustable LED Lights, 1 Million Pixels, Photo/Video Recording,USB-C Charging","HANMATEK","FBA","Industrial & Scientific",83853,"N/A","N/A","N/A","N/A","Borescopes",215,29.99,-33,79,12,18,1836.3,356.96,449,4.5,"HANMATEK US-Official store","China",1,0,"N/A","Large Standard-Size",2.6,6.81,7.76,1.28,69.18,190.83,"01/31/2026",8,9,2,0.18
"https://amazon.com/dp/B09L16P119","https://m.media-amazon.com/images/I/61pR53yvLiL._SX450_.jpg","B09L16P119","Sewer Camera Head Accessories Ultra-high Definition 12LED Waterproof IP68 for Pipe Drain Endoscope Camera Replacement with Wheel and Protective Cover (0.9inch/23mm)","SYANSPAN","FBA","Industrial & Scientific",83920,"N/A","N/A","N/A","N/A","Borescopes",203,139.99,-12,67,38,118,8558.35,4747.9,51,3.5,"pipe camera","China",1,508,"N/A","Large Standard-Size",2.64,3.9,6.77,0.64,35.09,96.81,"02/28/2025",53,8,2,1.32
"https://amazon.com/dp/B0DDGXHPYT","https://m.media-amazon.com/images/I/71zYIUFcrAL._SX450_.jpg","B0DDGXHPYT","[Dual-Lens] Borescope Camera with Light, 1920P HD Endoscope with 8+1 Adjustable LED Lights, IP67 Waterproof 16.5ft Semi-Rigid Snake Cable Inspection Camera for iPhone, iPad and Android Phone (Type C)","Camii","FBA","Industrial & Scientific",85036,"N/A","N/A","N/A","N/A","Borescopes",213,25.99,-26,30,26,-41,936.32,670.28,79,3.9,"Camii-Direct","China",1,598,"N/A","Large Standard-Size",1.02,6.46,6.5,0.46,21.56,59.49,"06/30/2025",20,9,3,0.38
"https://amazon.com/dp/B0DDXDMTPR","https://m.media-amazon.com/images/I/713wfsTzFUL._SX450_.jpg","B0DDXDMTPR","Sewer Camera Self Leveling, Anysun Sewer Inspection Camera 150ft with 9'' Monitor and DVR Recorder with 32GB Card, Meter Marker, 12 Adjustable Lights","anysun","FBA","Industrial & Scientific",85306,717331218638,"N/A",0717331218638,"N/A","Borescopes",223,599.99,-30,31,8,182,18203.35,5035.35,32,4.5,"Nedive","Hong Kong",1,265,-32,"Large bulky",12.25,17.25,19.25,18.3,1318.26,3295.64,"12/31/2024",19,7,5,0.97
"https://amazon.com/dp/B0GF7RS23B","https://m.media-amazon.com/images/I/61wGEVbOT8L._SX450_.jpg","B0GF7RS23B","MUCAR E021 USB Endoscope Borescope, 720P Borescope with 6 Adjustable LED Light, Compatible with PC and MUCAR Scanners","mucar","FBA","Industrial & Scientific",85351,"N/A","N/A","N/A","N/A","Borescopes",209,69.99,-12,78,78,,5430,5429.07,6,4.6,"MUCAR OFFICIAL","China",1,0,"N/A","Large Standard-Size",2.01,5.2,11.46,0.66,60.31,166.36,"02/28/2026",3,11,0,12.93
"https://amazon.com/dp/B0D9NTBJGX","https://m.media-amazon.com/images/I/71cpmS-45FL._SX450_.jpg","B0D9NTBJGX","JQKJCAM Sewer Camera Snake 130FT,w/ 4.3'' 32GB Video Screen,23MM Waterproof Sewer Drain Pipe Inspection Camera with Light,Guide Wheel,Meter Counter for Plumbing Pipes (40M)","JQKJCAM","FBA","Industrial & Scientific",85596,"N/A","N/A","N/A","N/A","Borescopes",213,283.38,"N/A",24,3,53,6076.89,788.79,14,4.3,"JJKJ Cam","China",1,145,"N/A","Large Standard-Size",13.39,11.8,6.3,8.8,501.16,1382.52,"02/28/2026",20,8,19,1.69
"https://amazon.com/dp/B0D9NXWB82","https://m.media-amazon.com/images/I/71cpmS-45FL._SX450_.jpg","B0D9NXWB82","150 FT Sewer Camera Snake,w/12 Adjustable LED,32GB Card,4.3'' Video Screen,HD 23MM JQKJCAM Plumbing Pipe Drain Inspection Camera with Light,Distance Counter for Plumber Householder(50M/165FT)","JQKJCAM","FBA","Industrial & Scientific",85599,"N/A","N/A","N/A","N/A","Borescopes",213,315.4,-18,25,1,68,6497.3,460.59,14,4.3,"JJKJ Cam","China",1,147,"N/A","Large Standard-Size",13.39,11.8,6.3,9.26,501.16,1382.52,"02/28/2026",20,8,19,1.81
"https://amazon.com/dp/B0D9NT1WPB","https://m.media-amazon.com/images/I/61f5lV1k1qL._SX450_.jpg","B0D9NT1WPB","Sewer Cameras 50 FT,HD 32GB JQKJCAM Sewer Inspection Camera with Adjustable Light,4.3'' DVR Screen,Cable Marks,17MM/0.67'' Pipe Dran Line Camera 50FT Borescope for Plumber (20M/66ft)","JQKJCAM","FBA","Industrial & Scientific",85599,"N/A","N/A","N/A","N/A","Borescopes",213,229.9,"N/A",24,5,53,6076.89,1072.41,14,4.3,"JJKJ Cam","China",1,145,"N/A","Large Standard-Size",13.39,11.8,6.3,7.2,501.16,1382.52,"02/28/2026",20,7,19,1.69
"https://amazon.com/dp/B0FS68V4ZV","https://m.media-amazon.com/images/I/71qpTwd8vmL._SX450_.jpg","B0FS68V4ZV","DEPSTECH DS700SE Triple Lens Endoscope Camera with Lights: 7'' IPS Screen and 16.5FT Flexible Cable Inspection Snake Camera, Industrial Borescope with Video and Sound Recording for Auto, Sewer, Pipe","DEPSTECH","FBA","Industrial & Scientific",85772,"N/A","N/A","N/A","N/A","Borescopes",215,89.99,-37,50,50,70,4513,4512.37,17,4.7,"DEPSTECH Authorized Store","China",1,0,"N/A","Large Standard-Size",2.91,8.62,17.56,3.68,221.77,611.78,"11/30/2025",5,8,0,3.13
"https://amazon.com/dp/B08RHKYK1C","https://m.media-amazon.com/images/I/81UhHhlRijL._SX450_.jpg","B08RHKYK1C","NIDAGE Original Endoscope Tool Case, Upgrad Large Capacity Hardshell Carrying Bag Storage Case Compatible with WiFi Borescope, 4.3in Inspection Camera with Cable Less Than 10M, Otoscope, Black Toolbox","NIDAGE","FBA","Industrial & Scientific",86550,791727101308,"N/A",0791727101308,"N/A","Borescopes",219,21.99,-14,86,86,38,1887.98,1887,134,4.7,"TELESION","China",1,547,93,"Large Standard-Size",3.23,6.61,8.9,0.76,95.65,263.87,"12/31/2025",63,7,0,0.64
"https://amazon.com/dp/B0GHWJ3S2S","https://m.media-amazon.com/images/I/71A3DPmmYAL._SX450_.jpg","B0GHWJ3S2S","Zealtron Borescope with Light, 1920P HD Endoscope Inspection Camera with 4.3"" IPS Screen, 8mm Lens IP67 Waterproof with 8 LEDs, 16.5ft Semi-Rigid Snake Camera for Automotive Pipe Inspection","zealtron","FBA","Industrial & Scientific",87867,"N/A","N/A","N/A","N/A","Borescopes",218,25.99,"N/A",5,5,,144.38,144.31,10,5,"Zealtron","China",1,0,"N/A","Large Standard-Size",2.64,4.88,7.17,1.04,46.51,128.3,"02/28/2026",2,9,0,0.5
"https://amazon.com/dp/B0DFQ9JP9J","https://m.media-amazon.com/images/I/81Ugpjm6cJL._SX450_.jpg","B0DFQ9JP9J","ZELCAN Sewer Camera, Drain Camera 165FT with 4.3 in. LCD Screen, Waterproof IP68 Borescope Plumbing Camera with 12 LED Lights with 5300mAh Battery DVR Recorder, Included 32GB Card","ZELCAN","FBA","Industrial & Scientific",87906,"N/A","N/A","N/A","N/A","Borescopes",226,299.99,-4,96,11,38,32234.59,3106.63,41,4,"ZELCAN","China",1,0,"N/A","Large bulky",11,12.5,14,14.4,623.84,1559.61,"02/28/2026",19,8,10,2.34
"https://amazon.com/dp/B0FLVB6GYH","https://m.media-amazon.com/images/I/71RuVpUHR5L._SX450_.jpg","B0FLVB6GYH","Sanyipace Sewer Camera with 512Hz Transmitter,10"" Plumbing Camera with Distance Counter, IP68 Camera with 12 Adjustable LEDs,32GB DVR for Sewer Line,Home,Duct Drain Pipe Plumbing（100ft/30m,7mm Cable","Sanyipace","FBA","Industrial & Scientific",88807,"N/A","N/A","N/A","N/A","Borescopes",229,899.99,-24,61,34,,58563.63,30891.58,6,4.8,"Urselection","China",1,0,"N/A","Large bulky",13.11,15.55,18.54,24.93,1224.86,3062.15,"02/28/2026",8,9,7,10.18
"https://amazon.com/dp/B0FLV8WV88","https://m.media-amazon.com/images/I/71RuVpUHR5L._SX450_.jpg","B0FLV8WV88","Sanyipace Sewer Camera 165FT/50M with 512Hz Transmitter,10"" HD Screen,Self-Leveling,Distance Counter,Inspection Camera with [Mic+Speaker+Audio Video] Record,32GB,Ideal for Plumbers and Home(7mm Cable)","Sanyipace","FBA","Industrial & Scientific",88807,"N/A","N/A","N/A","N/A","Borescopes",229,999.99,-19,61,16,,58563.63,15810.06,6,4.8,"Urselection","China",1,0,"N/A","Large bulky",12.8,15.59,18.31,27.09,1184.1,2960.25,"02/28/2026",8,9,7,10.18
"https://amazon.com/dp/B0DFQ8D1PW","https://m.media-amazon.com/images/I/81ErWmzGTIL._SX450_.jpg","B0DFQ8D1PW","ZELCAN Self-Leveling Sewer Camera, Drain Camera 230FT with 9 in. LCD Screen, Waterproof IP68 Borescope Plumbing with 12 LED Lights, Included 32GB Card, with 512Hz Transmitter(Without Locator)","ZELCAN","FBA","Industrial & Scientific",88904,"N/A","N/A","N/A","N/A","Borescopes",220,550.99,-19,96,8,38,32234.59,4946.82,41,4,"ZELCAN","China",1,0,"N/A","Large bulky",11.2,15.5,19,19.6,1068.93,2672.31,"02/28/2026",19,8,10,2.34
"https://amazon.com/dp/B0FKGVXXJB","https://m.media-amazon.com/images/I/71f9Mem98SL._SX450_.jpg","B0FKGVXXJB","Sanyipace Self-Leveling Sewer Camera 165FT/50M with Wheels and Retractable Handle, Drain Camera with 512Hz Probe, Meter Counter, Video & Audio Record Speaker, Keyboard Input, 5X Zoom, 10"" HD Screen","Sanyipace","FBA","Industrial & Scientific",88936,"N/A","N/A","N/A","N/A","Borescopes",225,1119.99,-11,61,7,,58563.63,7851.79,4,3.9,"Urselection","China",1,0,"N/A","Large bulky",14,17.1,20,33.3,1551.67,3879.17,"02/28/2026",3,9,7,15.27
"https://amazon.com/dp/B0C3D3JM9K","https://m.media-amazon.com/images/I/71gcyMUIhtL._SX450_.jpg","B0C3D3JM9K","Sewer Camera with Locator, Anysun Self Leveling Sewer Inspection Camera 100ft with Meter Marker and DVR, 9'' HD Monitor with 12 Adjustable Lights(32GB Card)","anysun","FBA","Industrial & Scientific",89823,774196181149,"N/A",0774196181149,"N/A","Borescopes",225,959.99,-22,26,4,-42,24231.51,4140.18,158,4.2,"Nedive","Hong Kong",1,598,-9,"Large bulky",13,19,20.5,22.15,1640.95,4102.37,"02/28/2025",35,7,8,0.17
"https://amazon.com/dp/B09LTXDJBP","https://m.media-amazon.com/images/I/717u1SF6doL._SX450_.jpg","B09LTXDJBP","BlueFire Dual Lens Wireless Endoscope,1080P 8.0mm Semi-Rigid HD Inspection Camera, Zoomable Focus 1800mA Battery Dual Camera Borescope for Android and iOS Smartphones, Tablet (11.5FT)","BlueFire","FBA","Industrial & Scientific",89958,"N/A","N/A","N/A","N/A","Borescopes",226,30.99,"N/A",45,45,-10,1397.28,1396.77,48,4.1,"BlueFire Tech","China",1,342,55,"Large Standard-Size",2.2,4.37,4.8,0.59,23.3,64.27,"12/31/2025",53,6,0,0.94
"https://amazon.com/dp/B093SVJZRZ","https://m.media-amazon.com/images/I/81HI4fp-8LL._SX450_.jpg","B093SVJZRZ","Anysun 100ft Pipe Video Inspection Camera with 512Hz Sonde and Receiver, Waterproof Drain Plumbing Camera Snake with 7' LCD Monitor DVR Recorder (8GB SD Card Included)","anysun","FBA","Industrial & Scientific",90035,770456789292,"N/A",0770456789292,"N/A","Borescopes",226,659.99,-20,26,8,-42,24231.51,5020.25,158,4.2,"Nedive","Hong Kong",1,598,-9,"Large bulky",7.9,16.5,21.5,20.1,908.23,2270.56,"02/28/2025",59,7,8,0.17
"https://amazon.com/dp/B0G58JRBW8","https://m.media-amazon.com/images/I/61w7v5nG4wL._SX450_.jpg","B0G58JRBW8","Endoscope Camera with Light, 1920P HD Borescope Tools with 8 Adjustable LED Lights, Endoscope with Semi-Rigid Snake Camera, Inspection Borescope for iOS and Android 16.4ft Single Lens","COOVIE","FBA","Industrial & Scientific",90190,"N/A","N/A","N/A","N/A","Borescopes",223,18.99,45,4,3,,80.71,50.61,18,4.7,"Alice Windowshop","China",1,0,"N/A","Large Standard-Size",1.5,5,5,0.6,18.88,52.08,"01/31/2026",4,7,2,0.22
"https://amazon.com/dp/B0FFMQ54P9","https://m.media-amazon.com/images/I/71qN-gNQnGL._SX450_.jpg","B0FFMQ54P9","Anysun Self Leveling Sewer Camera 512Hz with Distance Counter, MIC, 7MM Thicker Cable, 100Ft Pipe Inspection Cameras with 9'' 1080P Screen, Video Drain Cam IP68 Industrial Borescope Snake, 32GB Card","anysun","FBA","Industrial & Scientific",90774,717661515186,"N/A",0717661515186,"N/A","Borescopes",230,799.99,-33,48,10,66,39680.13,8263.6,1,5,"Yongchangsheng tech","Hong Kong",1,518,"N/A","Large bulky",11.8,17.2,19.7,16.85,1295.75,3239.37,"02/28/2026",8,8,9,47.99
"https://amazon.com/dp/B0GK78HJ9C","https://m.media-amazon.com/images/I/710IPXgA0WL._SX450_.jpg","B0GK78HJ9C","Holdwell S Sewer Camera with 512Hz Locator Self-Leveling Borescopes Plumbing with Transmitter 9""HD Color Screen Waterproof IP68 Borescope Camera with Light 100ft/30m for Plumbing Duct Home Inspection","Holdwell S","FBA","Industrial & Scientific",92242,"N/A","N/A","N/A","N/A","Borescopes",232,849.99,144,15,7,,12297.95,6225.86,"N/A","N/A","Holdwell S","N/A",1,0,"N/A","Large bulky",15.16,11.3,16.34,16.53,907.14,2267.85,"02/28/2026",2,7,4,"N/A"
"https://amazon.com/dp/B0DD781TXP","https://m.media-amazon.com/images/I/713wfsTzFUL._SX450_.jpg","B0DD781TXP","Sewer Camera Self Leveling, Anysun Sewer Inspection Camera 300ft with 9'' Monitor and DVR Recorder with 32GB Card, Meter Marker, 12 Adjustable Lights","anysun","FBA","Industrial & Scientific",93051,717331217716,"N/A",0717331217716,"N/A","Borescopes",224,799.99,-35,25,2,63,14430.8,1671.71,32,4.5,"Nedive","Hong Kong",1,262,-32,"Large bulky",13.2,19,20.5,24.6,1666.19,4165.49,"12/31/2024",42,7,5,0.77
"https://amazon.com/dp/B0DFQ95DW2","https://m.media-amazon.com/images/I/81HZP4kjbBL._SX450_.jpg","B0DFQ95DW2","ZELCAN Self-Leveling Sewer Camera with Locator, Drain Camera 165FT with 9 in. LCD Screen, Waterproof IP68 Borescope Plumbing with 12 LED Lights, with 512Hz Transmitter and Receiver(32GB Card)","ZELCAN","FBA","Industrial & Scientific",93076,"N/A","N/A","N/A","N/A","Borescopes",232,859.99,-28,96,6,38,32234.59,4695.9,41,4,"ZELCAN","China",1,0,"N/A","Large bulky",11.7,15.4,16.2,18,945.95,2364.86,"02/28/2026",19,8,10,2.34
"https://amazon.com/dp/B0DFQ87GD9","https://m.media-amazon.com/images/I/81QHmLjDrZL._SX450_.jpg","B0DFQ87GD9","ZELCAN Sewer Camera, Drain Camera 100FT with 4.3 in. LCD Screen, Waterproof IP68 Borescope Plumbing with 12 LED Lights with 5300mAh Battery DVR Recorder, Included 32GB Card","ZELCAN","FBA","Industrial & Scientific",93095,"N/A","N/A","N/A","N/A","Borescopes",232,265.99,3,96,16,38,32234.59,4255.95,41,4,"ZELCAN","China",1,0,"N/A","Large bulky",10.75,12.25,14,12.4,597.47,1493.68,"02/28/2026",19,8,10,2.34
"https://amazon.com/dp/B0DFQ9X24L","https://m.media-amazon.com/images/I/81dmXU5+sZL._SX450_.jpg","B0DFQ9X24L","ZELCAN Sewer Camera, Drain Camera 66FT with 4.3 in. LCD Screen, Waterproof IP68 Borescope Plumbing with 12 LED Lights with 5300mAh Battery DVR Recorder, Included 32GB Card","ZELCAN","FBA","Industrial & Scientific",93096,"N/A","N/A","N/A","N/A","Borescopes",232,227.99,-3,96,24,38,32234.59,5745.93,41,4,"ZELCAN","China",1,0,"N/A","Large bulky",10.75,12.5,14,12,609.66,1524.16,"02/28/2026",19,8,10,2.34
"https://amazon.com/dp/B0DKJFCHS5","https://m.media-amazon.com/images/I/71ya60GCvLL._SX450_.jpg","B0DKJFCHS5","FDGSAB Sewer Camera, 20/50m, 7"" Screen Pipeline Inspection Camera Waterproof IP68 w/12 Adjustable LEDs, DVR Function Have 32GB SD Card .for Sewer Line, Duct Drain Pipe Plumbing (66ft/20M)","FDGSAB","FBA","Industrial & Scientific",93179,"N/A","N/A","N/A","N/A","Borescopes",230,269.99,-26,29,10,-46,8661.15,2816.62,20,4.2,"sijifeng","China",1,415,"N/A","Large bulky",10.75,13.13,13.13,9.85,600.6,1501.49,"12/31/2025",17,7,6,1.43
"https://amazon.com/dp/B0FSS5Q37H","https://m.media-amazon.com/images/I/71EXeW4bJvL._SX450_.jpg","B0FSS5Q37H","AUTOOL Dual Lens Borescope, 4.3” IPS Screen HD Inspection Camera, 0.25inch Endoscope 3FT Semi-Rigid Cable, 210° Articulation, 6 LED Lights, IP67 Waterproof, 32GB SD Card","AUTOOL","FBA","Industrial & Scientific",93757,"N/A","N/A",6970039380043,"N/A","Borescopes",235,169.99,30,34,5,55,4737.26,833.92,18,4.5,"AUTOOL-DIRECT","China",1,242,122,"Large Standard-Size",9.6,9.6,5.1,2.3,236.64,652.8,"02/28/2026",6,9,4,1.91
"https://amazon.com/dp/B08DV62166","https://m.media-amazon.com/images/I/61mv61zhBuL._SX450_.jpg","B08DV62166","Ulefone uSmart Endoscope E01 for Ulefone Armor 30/29/28/27/26/24/21/18/Pad Series, IP67 Waterproof 3-in-1, 2M Semi-Rigid, 5.5 mm Borescope Inspection Camera, 6 LED Lights","Ulefone","FBA","Industrial & Scientific",94006,"N/A","N/A",6978200491086,"N/A","Borescopes",225,69.99,-46,20,14,-8,1434.97,966.95,162,4.2,"Ulefone Direct - US","China",2,306,"N/A","Large Standard-Size",1.57,5,8.46,0.29,33.44,92.24,"06/30/2024",68,7,2,0.12
"https://amazon.com/dp/B0F9SSJNB5","https://m.media-amazon.com/images/I/71pXmgLsXpL._SX450_.jpg","B0F9SSJNB5","𝟐𝟎𝟐𝟓 𝐍𝐞𝐰 7” Trolley Sewer Camera, HD 1080P w/DVR-32GB,Telescoping Aluminum Handle & 2 Wheels for Sewer Pipe Camera，IPS Screen,5000mAh Battery, USB-C, [360° Rotate] Drain Cam,165ft/50m","FishPro","FBA","Industrial & Scientific",94109,"N/A","N/A","N/A","N/A","Borescopes",527,499,-8,60,9,,20113.34,4307.92,15,4.2,"FishPRO® Direct","Hong Kong",1,0,"N/A","Large bulky",9,19.5,21.75,18.4,1237.03,3092.58,"02/28/2026",12,7,3,3.98
"https://amazon.com/dp/B0CW53H8RH","https://m.media-amazon.com/images/I/41F5JpjiNdL._SX450_.jpg","B0CW53H8RH","23MM Sewer Camera Head Replacement,with Guide Wheel Protective Cover,Accessories Parts of JQKJCAM 9622A 9616A 9604A WP90A 9600A Pipe Drain Camera Plumbing Bore Scope Snake with 12PCS Lights","JQKJCAM","FBA","Industrial & Scientific",94423,"N/A","N/A","N/A","N/A","Borescopes",233,119,-30,15,15,-77,1820.73,1820.6,7,2.5,"JJKJ Cam","China",1,218,"N/A","Large Standard-Size",2.52,3.9,6.73,0.68,33.3,91.86,"10/31/2025",25,9,0,2.19
"https://amazon.com/dp/B0DZ2DWH1G","https://m.media-amazon.com/images/I/41BOSoRJLjL._SX450_.jpg","B0DZ2DWH1G","EIXAUP Sewer Camera Self Leveling with Distance Counter, 200 ft/60 m, 7mm Thicker Cable, 7"" IPS 1080P Monitor, 12 Adjustable Lights, IP68 Pipe Inspection Camera with DVR and 32GB Card","EIXAUP","FBA","Industrial & Scientific",94945,"N/A","N/A","N/A","N/A","Borescopes",235,615.99,-15,23,4,-38,11497.89,2557.19,1,5,"SYST","China",1,0,"N/A","Large bulky",11.5,15.7,18.5,18.85,1082.46,2706.16,"09/30/2025",13,7,7,23.41
"https://amazon.com/dp/B0DYP3S7NW","https://m.media-amazon.com/images/I/71SdpvpE6mL._SX450_.jpg","B0DYP3S7NW","EIXAUP Sewer Camera Self Leveling with 512Hz Locator,100 ft/30 m, 7"" IPS 1080P Monitor, Distance Counter, 12 Adjustable Lights, IP68 Pipe Inspection Camera with DVR and 32GB Card","EIXAUP","FBA","Industrial & Scientific",94966,"N/A","N/A","N/A","N/A","Borescopes",235,729.99,-31,23,2,-38,11497.89,1617.39,10,4.7,"SYST","China",1,0,"N/A","Large bulky",11.75,15,16.25,16.6,928.17,2320.42,"09/30/2025",13,7,7,2.34
"https://amazon.com/dp/B0GCMZ9GMP","https://m.media-amazon.com/images/I/61Dg9gNI55L._SX450_.jpg","B0GCMZ9GMP","Endoscope Camera for iPhone,1920P HD Cable Snake Camera Plug and Play with Semi-Rigid Endoscope for iPhone, IP67 Waterproof Endoscope Camera for Android for iOS","DynamiKsounds","FBA","Industrial & Scientific",95109,753853805833,"N/A",0753853805833,"N/A","Borescopes",236,19.99,-2,28,7,,510.14,130.25,11,3.9,"DynamiKsounds","China",1,0,"N/A","Large Standard-Size",1.5,4.76,4.92,0.37,17.66,48.71,"01/31/2026",3,8,6,2.52
"https://amazon.com/dp/B0FWJGCBZR","https://m.media-amazon.com/images/I/61NKDWf7IZL._SX450_.jpg","B0FWJGCBZR","Endoscope Camera with Light,1920P HD Borescope Tools with 8 Adjustable LED Lights, Endoscope with Semi-Rigid Snake Camera, Inspection Borescope for iOS and Android-16.4ft Single Lens ﻿","DynamiKsounds","FBA","Industrial & Scientific",95121,753853805529,"N/A",0753853805529,"N/A","Borescopes",236,17.98,-5,28,21,,510.14,379.35,21,3.9,"DynamiKsounds","China",1,0,"N/A","Large Standard-Size",1.42,4.8,4.96,0.37,17,46.9,"01/31/2026",6,9,6,1.32
"https://amazon.com/dp/B0CZ74N3K3","https://m.media-amazon.com/images/I/61q4qsX9meL._SX450_.jpg","B0CZ74N3K3","WP9600FTR 512HZ Sewer Camera Head Replacement Parts Self Leveling with Locator 12 Lights Guide Wheel Protective Cover,Accessory for 23MM JQKJCAM Pipe Drain Sewer Inspection Camera SP09F WP90F WP9612","JQKJCAM","FBA","Industrial & Scientific",95441,"N/A","N/A","N/A","N/A","Borescopes",232,321,-12,34,34,78,10995.48,10995.37,6,4,"JJKJ Cam","China",2,0,"N/A","Large Standard-Size",0.9,6.69,0.9,0.88,2.73,7.53,"02/28/2026",24,9,0,8.62
"https://amazon.com/dp/B0FLDQ4P5J","https://m.media-amazon.com/images/I/718mc0YmmsL._SX450_.jpg","B0FLDQ4P5J","Sewer Camera 100FT/30M,Pipe Inspection Camera DVR & Audio Recorder,18MM Borescopes Plumbing Snake with 8500mAh Battery 4.3"" IPS Screen, 8 LEDs HD 1000TVL, Included 32GB Card","GAMWATER","FBA","Industrial & Scientific",95507,614019415184,"N/A",0614019415184,"N/A","Borescopes",238,239.95,-12,66,7,35,14361.3,1860.68,8,4.2,"huizhoushishanmaikejiyouxiangongsi","China",1,0,"N/A","Large Standard-Size",12,10.25,7.1,7.72,439.68,1212.92,"02/28/2026",8,6,2,8.24
"https://amazon.com/dp/B0CPDLCW1B","https://m.media-amazon.com/images/I/71A4eV97YzL._SX450_.jpg","B0CPDLCW1B","Ulefone uSmart Endoscope E02 for Ulefone Armor 30/29/28/27/26/24/21/18/Pad Series, IP67 Waterproof, 2M Semi-Rigid, 5.5 mm Borescope Dual Camera, 7 LED Lights","Ulefone","FBA","Industrial & Scientific",96295,"N/A","N/A","N/A","N/A","Borescopes",237,79.99,-34,29,8,42,2101.15,634.12,162,4.2,"U Phone Products Shop","China",2,312,"N/A","Large Standard-Size",1.57,5,8.46,0.47,33.44,92.24,"06/30/2024",27,7,2,0.18
"https://amazon.com/dp/B0F4QQLWK5","https://m.media-amazon.com/images/I/61N8y7s2VML._SX450_.jpg","B0F4QQLWK5","1920P HD Dual Lens Endoscope Camera Semi-Rigid Snake Cable IP67 Waterproof 8LED Lights Dimmable HD Industrial Pipeline Inspection Probe Compatible with Smartphones Endoscope Camera (9.9ft)","LAUREII","FBA","Industrial & Scientific",96557,"N/A","N/A","N/A","N/A","Borescopes",239,28,-33,25,6,332,470.58,119.59,40,4,"Laureii Direct","China",1,0,"N/A","Large Standard-Size",1.46,5.08,5.16,0.29,19.27,53.15,"06/30/2025",12,8,3,0.63
"https://amazon.com/dp/B0F4QR3BF1","https://m.media-amazon.com/images/I/61mta6++hhL._SX450_.jpg","B0F4QR3BF1","1920P HD Dual Lens Endoscope Camera Semi-Rigid Snake Cable IP67 Waterproof 8LED Lights Dimmable HD Industrial Pipeline Inspection Probe Compatible with Smartphones Endoscope Camera (16.4ft)","LAUREII","FBA","Industrial & Scientific",98265,"N/A","N/A","N/A","N/A","Borescopes",241,19.5,-46,25,5,332,470.58,111.42,40,4,"Laureii Direct","China",1,0,"N/A","Large Standard-Size",1.46,5.08,5.16,0.42,19.21,52.99,"06/30/2025",12,8,3,0.63
"https://amazon.com/dp/B0D8TBXFTJ","https://m.media-amazon.com/images/I/71PfbwW+IBL._SX450_.jpg","B0D8TBXFTJ","Borescope Camera with Light, Video Inspection Scope with 8 LED Lights, 1920P HD Industrial Endoscope with 4.3'' IPS Screen,16.4 ft Detachable Flexible Snake Endoscope, 32G TF Card, for Car, Mechanics","SVBONY","FBA","Industrial & Scientific",99008,"N/A","N/A","N/A","N/A","Borescopes",237,27.54,-31,101,101,54,2786.51,2786.27,26,4.3,"SVBONY Direct","China",1,418,"N/A","Large Standard-Size",3.03,5.79,10.67,1.34,94.25,259.99,"02/28/2026",21,9,0,4.05
"https://amazon.com/dp/B0DCGG7X5L","https://m.media-amazon.com/images/I/61yO6Sf1zgL._SX450_.jpg","B0DCGG7X5L","LAUNCH VSP-600 Endoscope 5.5mm Ultra-Thin, Lens HD Wide Application Videoscope Borescope high Definition Multi-Angle Imaging One-Click Snapshot IP67 Waterproof with 2000mm USB Cable","LAUNCH","FBA","Industrial & Scientific",99065,850052860202,"N/A",0850052860202,"N/A","Borescopes",242,59.99,56,17,17,-116,1012.36,1012.25,20,4.7,"Launch Direct","China",2,211,"N/A","Large Standard-Size",11.42,5.12,1.97,0.67,57.99,159.98,"02/28/2025",20,7,0,0.84
"https://amazon.com/dp/B0DT98YB3X","https://m.media-amazon.com/images/I/714bnpebwvL._SX450_.jpg","B0DT98YB3X","Two-Way Articulating Borescope Camera with Light: Industrial Endoscope Inspection Snake Camera - Flexible Bore Scope Cam with 0.33in Articulated Probe for Mechanic Automotive Engine Wall - 5.5FT","WANAWONG K","FBA","Industrial & Scientific",99347,"N/A","N/A","N/A","N/A","Borescopes",253,69.99,-90,44,44,-92,3079.56,3079.1,221,4.5,"MeMeQin","China",1,0,"N/A","Large Standard-Size",3.23,9.41,16.89,3.17,258.46,713,"10/31/2025",15,8,2,0.19
"https://amazon.com/dp/B0FX4FQC6Y","https://m.media-amazon.com/images/I/411TVrr92mL._SX450_.jpg","B0FX4FQC6Y","Ralcam Articulating Borescope Endoscope Camera with Light, 210° Dual-Direction Snake Camera for Automotive Inspection, 6.2mm Probe, 4.3"" HD Screen, 6 Adjustable LEDs, IP67 Waterproof Semi-Rigid Cable","Ralcam","FBA","Industrial & Scientific",99967,"N/A","N/A","N/A","N/A","Borescopes",245,108,-21,17,17,-78,1895.49,1895.31,8,4.5,"Ralcam","China",1,0,"N/A","Large Standard-Size",3.03,8.66,12.44,2.23,164.34,453.37,"11/30/2025",5,9,3,2.15
"https://amazon.com/dp/B0FHHHT9RV","https://m.media-amazon.com/images/I/819kFsOWuML._SX450_.jpg","B0FHHHT9RV","Hialemi Portable 9'' Sewer Camera with 512Hz Transmitter - 7MM/ 300Ft/ 91.5M Self Leveling Drain Camera & Meter Counter & 5X Zoom - 145° Plumbing Pipe Inspection Cam - 1080P IPS Screen & DVR 32GB","Hialemi","FBA","Industrial & Scientific",100063,"N/A","N/A","N/A","N/A","Borescopes",244,1299.99,-13,5,1,,4642.69,1913.4,11,4.8,"Hialemi-US Direct","China",1,0,"N/A","Large bulky",14.5,18.75,24.75,36.15,2180.66,5451.66,"03/31/2026",9,9,3,0.45
"https://amazon.com/dp/B0FHHF2V6P","https://m.media-amazon.com/images/I/819kFsOWuML._SX450_.jpg","B0FHHF2V6P","Hialemi Portable 9'' Sewer Camera with 512Hz Transmitter - 7MM/ 164Ft/ 50M Self Leveling Drain Camera & Meter Counter & 5X Zoom - 145° Plumbing Pipe Inspection Cam - 1080P IPS Screen & DVR 32GB","Hialemi","FBA","Industrial & Scientific",100063,"N/A","N/A","N/A","N/A","Borescopes",244,999.99,2,5,3,,4642.69,2715.7,11,4.8,"Hialemi-US Direct","China",1,0,"N/A","Large bulky",13,16,21,25.9,1415.56,3538.89,"03/31/2026",9,9,3,0.45
"https://amazon.com/dp/B0FHHKPFVH","https://m.media-amazon.com/images/I/81be30oGylL._SX450_.jpg","B0FHHKPFVH","Hialemi Portable 9'' Sewer Camera with 512Hz Transmitter - 100Ft/30M Self Leveling Drain Camera & Meter Counter & 5X Zoom - 145° Plumbing Pipe Inspection Cam with Lights - 1080P IPS Screen & DVR 32GB","Hialemi","FBA","Industrial & Scientific",100084,"N/A","N/A","N/A","N/A","Borescopes",244,799.99,1,5,5,,4642.69,4071.52,11,4.8,"Hialemi-US Direct","China",1,0,"N/A","Large bulky",12.5,16,21,22.55,1361.11,3402.78,"03/31/2026",9,9,3,0.45
"https://amazon.com/dp/B0CQYW4MHD","https://m.media-amazon.com/images/I/61ryucDPfNL._SX450_.jpg","B0CQYW4MHD","Sewer Camera Replacement Ultra High Definition 9inch Display Screen w/16GB DVR Video Rcording,JQKJCAM Drain Pipe Borescope Accessory,Monitor of Pipe Inspection Camera SP09A SP09F 9600F WP90F","JQKJCAM","FBM","Industrial & Scientific",100480,"N/A","N/A","N/A","N/A","Borescopes",246,138.9,-21,26,26,59,3610.88,3610.55,9,4.3,"JJKJ Cam","China",2,252,"N/A","Large Standard-Size",10.6,9.45,2.36,1.22,"N/A","N/A","02/28/2026",27,9,0,2.87
"https://amazon.com/dp/B0DYHGQ1GL","https://m.media-amazon.com/images/I/71wshQNPzsL._SX450_.jpg","B0DYHGQ1GL","HANMATEK Industrial Endoscope, 4.3-Inch TFT Screen, 16.5ft Flexible Cable, IP67 Waterproof, 8mm Camera with Adjustable LED Lights, USB-C Charging, 4 Hours Battery Life, 180° Rotating Display IE01","HANMATEK","FBA","Industrial & Scientific",100767,"N/A","N/A","N/A","N/A","Borescopes",245,21.99,-13,79,67,18,1836.3,1478.27,444,4.5,"HANMATEK US-Official store","China",1,0,"N/A","Large Standard-Size",2.48,6.81,7.72,1.28,65.64,181.09,"01/31/2026",11,9,2,0.18
"https://amazon.com/dp/B07RRNCV3G","https://m.media-amazon.com/images/I/61mpDGKmelL._SX450_.jpg","B07RRNCV3G","HBUDS Self Leveling Sewer Inspection Camera with Locator 100ft, 9"" Color Monitor Drain Pipe Cameras with 512Hz Sonde and Receiver, 12V 4500mAh Rechargeable Battery Plumbing Camera Snake with DVR 16GB","HBUDS","FBA","Industrial & Scientific",100983,699938561143,"N/A",0699938561143,"N/A","Borescopes",243,899.99,-11,27,2,13,13787.43,2074.28,39,4.1,"Hanxuan tech","Hong Kong",1,1001,-49,"Large bulky",8.75,16.5,21.5,20.5,1005.95,2514.87,"02/28/2025",85,8,6,0.7
"https://amazon.com/dp/B01MYTHWK4","https://m.media-amazon.com/images/I/71y0YehCkNL._SX450_.jpg","B01MYTHWK4","DEPSTECH Wireless Endoscope, IP67 Waterproof WiFi Borescope Inspection 2.0 Megapixels HD Snake Camera for Android and iOS Smartphone, iPhone, iPad, Samsung -Black(11.5FT)","DEPSTECH","FBA","Industrial & Scientific",101139,606860149080,"N/A",0606860149080,"N/A","Borescopes",241,36.99,"N/A",0,0,,"-","-",21830,4.2,"DEPSTECH Authorized Store","China",1,0,"N/A","Large Standard-Size",2.01,4.96,5.28,0.68,26.5,73.11,"09/30/2025",112,7,2,0
"https://amazon.com/dp/B0G357B1VN","https://m.media-amazon.com/images/I/61uiakNV5wL._SX450_.jpg","B0G357B1VN","3 in 1 Inspection Camera with Light, HD Inspection Camera Borescope, IP67 Waterproof Borescope with 6 Adjustable LED Light Snake Cable USB Adapter for Android Phone PC(2 M)","Vornetil","FBA","Industrial & Scientific",101142,"N/A","N/A","N/A","N/A","Borescopes",250,7.56,"N/A",27,5,,171.08,35.53,4,2.2,"brocade yjq","N/A",1,0,"N/A","Small Standard-Size",7.87,5.51,0.67,0.15,14.62,40.34,"01/31/2026",4,6,6,6.78
"https://amazon.com/dp/B0G356HWH5","https://m.media-amazon.com/images/I/61uiakNV5wL._SX450_.jpg","B0G356HWH5","3 in 1 Inspection Camera with Light, HD Inspection Camera Borescope, IP67 Waterproof Borescope with 6 Adjustable LED Light Snake Cable USB Adapter for Android Phone PC(1.5 M)","Vornetil","FBA","Industrial & Scientific",101168,"N/A","N/A","N/A","N/A","Borescopes",250,6.17,-67,27,17,,171.08,96.12,4,2.2,"brocade yjq","N/A",1,0,"N/A","Small Standard-Size",7.87,6.3,0.63,0.15,15.73,43.39,"01/31/2026",4,4,6,6.78
"https://amazon.com/dp/B0FY1F412M","https://m.media-amazon.com/images/I/71oAJPi4abL._SX450_.jpg","B0FY1F412M","Dual-Lens Endoscope Camera with Light, POLEDY 1920P HD Borescope, 8 Adjustable LED Light, IP67 Waterproof, 16.4ft Snake Camera, Semi-Rigid Cable Inspection for Android, iOS","POLEDY","FBA","Industrial & Scientific",101713,797457691393,"N/A",0797457691393,"N/A","Borescopes",242,19.99,102,23,21,,468.46,420.68,5,4.7,"Shenzhen ZhanTeng Science and Trade Development Group Co., Ltd.","N/A",2,0,"N/A","Large Standard-Size",1.46,5.08,5.2,0.4,19.42,53.57,"02/28/2026",5,7,0,4.68
"https://amazon.com/dp/B0DP8WKC2J","https://m.media-amazon.com/images/I/51tCesLqSQL._SX450_.jpg","B0DP8WKC2J","Sanyipace Pipe Locator 512Hz Receiver Locating Wand for Sewer Camera, Higher-Precision Plumbing Drain Camera Detector Tester Tool for Underground Exploration (Not Included Transmitter)","Sanyipace","FBA","Industrial & Scientific",102130,"N/A","N/A","N/A","N/A","Borescopes",246,399.99,-20,49,49,58,19463.96,19463.37,8,3.8,"Urselection","China",1,0,"N/A","Large Standard-Size",5.98,9.92,17.17,5.07,512.81,1414.66,"02/28/2026",16,6,0,6.94
"https://amazon.com/dp/B0F2HHQ8MX","https://m.media-amazon.com/images/I/71F94GZp0uL._SX450_.jpg","B0F2HHQ8MX","Sewer Camera,7"" HD IPS Screen Drain Camera with DVR Distance Marker,23MM 12PC Lights IP68 Waterproof Borescope Drain Pipe Endoscope 32GB Card,for Plumbers and Homeowners (23MM Camera/20M)","JINXINEBAY","FBA","Industrial & Scientific",102190,"N/A","N/A","N/A","N/A","Borescopes",246,278.99,-13,2,1,33,540.37,240.17,3,5,"31yoosee","China",1,0,"N/A","Large bulky",10.6,13.2,15,10.85,680.17,1700.42,"07/31/2025",12,6,3,0.66
"https://amazon.com/dp/B0F2HHZQZ6","https://m.media-amazon.com/images/I/71w3DdAvvGL._SX450_.jpg","B0F2HHZQZ6","Sewer Camera,7"" HD IPS Screen Drain Camera with DVR Distance Marker,23MM 12PC Lights IP68 Waterproof Borescope Drain Pipe Endoscope 32GB Card,for Plumbers and Homeowners (23MM Camera/30M)","JINXINEBAY","FBA","Industrial & Scientific",102190,"N/A","N/A","N/A","N/A","Borescopes",246,265.99,-18,2,1,33,540.37,181.5,3,5,"31yoosee","China",1,0,"N/A","Large bulky",10.9,13.3,15.2,11.55,714.11,1785.28,"07/31/2025",12,6,3,0.66
"https://amazon.com/dp/B0FJL74Z8H","https://m.media-amazon.com/images/I/71zcEawnMFL._SX450_.jpg","B0FJL74Z8H","Zorlet Two-Way Articulating Borescope Camera with Light, Industrial Endoscope Inspection Camera with 0.25 in Slim Articulated Probe, Waterproof Snake Scope for Mechanics & Engine Inspection - 5FT","Zorlet","FBA","Industrial & Scientific",102511,"N/A","N/A","N/A","N/A","Borescopes",249,109.99,-23,33,33,,3613.75,3613.33,34,4.8,"Shenzhen ShenshijieTechnology Co., Ltd","China",1,0,"N/A","Large Standard-Size",4.53,8.86,15.83,3.02,319.88,882.43,"02/28/2026",8,9,2,0.97
"https://amazon.com/dp/B0CCJ5R7RF","https://m.media-amazon.com/images/I/611XYYBfbqL._SX450_.jpg","B0CCJ5R7RF","Endoscope Camera with Light, 1920P HD Borescope with 8 Adjustable LED Lights, with iOS System,not for 15+","OKUBOX","FBA","Industrial & Scientific",103115,701807732650,"N/A",0701807732650,"N/A","Borescopes",245,11.99,-46,8,8,-39,114.78,114.62,218,4,"OKUBOX","China",1,1301,-31,"Large Standard-Size",1.26,5.31,5.55,0.37,18.71,51.63,"03/31/2025",32,6,0,0.04
"https://amazon.com/dp/B0C4H7RJY7","https://m.media-amazon.com/images/I/813dsUQyBwL._SX450_.jpg","B0C4H7RJY7","Teslong Triple Lens Borescope with 7"" IPS Screen, 1080P HD Mechanic Endoscope Inspection Camera with Light, 16.5FT Flexible Industrial Automotive Mechanic Scope Tool, Waterproof Pipe Snake Wall Cam","Teslong","FBA","Industrial & Scientific",103184,"N/A","N/A","N/A","N/A","Borescopes",245,329.99,-7,43,43,39,14135.12,14134.56,66,4.4,"Teslong","China",1,495,-20,"Large Standard-Size",4.29,13.07,14.72,5.67,415.54,1146.33,"02/28/2025",35,8,0,0.65
"https://amazon.com/dp/B0FR8Z7CBR","https://m.media-amazon.com/images/I/71FsP4mzQeL._SX450_.jpg","B0FR8Z7CBR","Sewer Camera 100FT, Sewer Pipe Inspection Camera,can Zoom in and Out, 5"" 1080P Screen & DVR, 5000mAh Battery, IP68 Waterproof, 6 LED Lights, 32GB Card","Seenezader","FBA","Industrial & Scientific",103272,"N/A","N/A","N/A","N/A","Borescopes",252,239,-1,29,29,-43,7073.55,7073.45,10,4.3,"JYGX-Direct","N/A",1,0,"N/A","Large Standard-Size",7.24,13.94,16.3,7.54,828.26,2284.84,"01/31/2026",6,6,0,2.9
"https://amazon.com/dp/B08QC2X5VL","https://m.media-amazon.com/images/I/51CFCJLkggL._SX450_.jpg","B08QC2X5VL","Teslong Endoscope Replacement Cable with Light, Dual Lens Inspection Camera 8mm/0.31inch Waterproof Probe Compatible with NTS500, NTS300(10FT)","Teslong","FBA","Industrial & Scientific",103324,"N/A","N/A","N/A","N/A","Borescopes",245,79.99,-14,10,10,25,838.33,838.12,6,4.5,"Teslong","China",1,111,"N/A","Large Standard-Size",2,5.3,6.3,1,33.62,92.75,"09/30/2025",64,6,0,1.75
"https://amazon.com/dp/B0BV2Q92RJ","https://m.media-amazon.com/images/I/41IceFTvmgL._SX450_.jpg","B0BV2Q92RJ","VEVOR Sewer Camera, 300 ft/91.5 m, 9"" Screen Pipeline Inspection Camera with DVR Function, Waterproof IP68 Camera w/12 Adjustable LEDs, w/a 16 GB SD Card for Sewer Line, Home, Duct Drain Pipe Plumbing","VEVOR","FBM","Industrial & Scientific",103949,840281561674,"N/A",0840281561674,"N/A","Borescopes",253,656.9,-20,64,7,-3,36361,4838.42,18,4,"Suplander","China",1,914,1,"Large bulky",21,17,12,20.9,"N/A","N/A","08/31/2025",38,9,7,3.54
"https://amazon.com/dp/B0C45QGF4G","https://m.media-amazon.com/images/I/713aKQlNJML._SX450_.jpg","B0C45QGF4G","HBUDS Sewer Camera 100ft, 0.67in/17mm Probe Drain Camera, 4.3"" Color Monitor Borescope Endoscope, Rechargeable Battery Duct Septic Chimney Pipe Inspection Camera Snake w/DVR 16GB TF Card","HBUDS","FBA","Industrial & Scientific",104764,"N/A","N/A","N/A","N/A","Borescopes",250,349.99,-15,4,2,19,2928.18,621.06,4,4.7,"Hanxuan tech","Hong Kong",1,0,"N/A","Large bulky",7.76,15.55,15.71,9.11,614.35,1535.86,"01/31/2026",35,7,5,0.92
"https://amazon.com/dp/B0FK294Z6X","https://m.media-amazon.com/images/I/714dmq3IZTL._SX450_.jpg","B0FK294Z6X","Anysun 9'' Sewer Camera Self Leveling, Length Marker, 5100mAh, IPS Screen, HD 1080P with DVR - 32GB, IP68 Sewer Pipe Cam, Sewer Scope Pipe Drain Plumbing Inspection Cameras Borescope Snake (100Ft/30M)","anysun","FBA","Industrial & Scientific",105205,717405597249,"N/A",0717405597249,"N/A","Borescopes",255,369.99,-20,41,27,-71,15632.9,10092.12,8,3.8,"Yongchangsheng tech","Hong Kong",1,0,"N/A","Large bulky",13,13,14,14.5,766.76,1916.9,"12/31/2025",7,7,3,5.06
"https://amazon.com/dp/B0DPF4RZNY","https://m.media-amazon.com/images/I/61r8tHegh0L._SX450_.jpg","B0DPF4RZNY","Endoscope Camera with Light, Borescope Camera with 4.3"" IPS Screen, 1080P HD with 8 LED Lights, 16.5FT Semi-Rigid Cord Bore Scope,IP67 Waterproof Sewer Borescope,Gadgets for Men & Tools for Men","COOVIE","FBA","Industrial & Scientific",105263,"N/A","N/A","N/A","N/A","Borescopes",254,19.99,-39,48,48,-14,1016.88,1016.28,54,4.4,"Alice Windowshop","China",1,542,"N/A","Large Standard-Size",2.95,5.31,7.24,1.12,57.1,157.52,"11/30/2025",16,9,0,0.89
"https://amazon.com/dp/B0F9NMV4DC","https://m.media-amazon.com/images/I/51XiCjlMPaL._SX450_.jpg","B0F9NMV4DC","Sanyipace 512Hz Pipe Locator - Compatible with Sewer Camera 512Hz Transmitter, 16.5ft Range, 10H Battery, 3.5"" Screen, Far/Near Modes for Pipes, HVAC, Drain, Ideal for Plumber, Electrician, Contractor","Sanyipace","FBA","Industrial & Scientific",106364,"N/A","N/A","N/A","N/A","Borescopes",252,399.88,"N/A",18,6,,6740.8,2491.17,4,4.7,"Yans Minie","China",1,0,"N/A","Large Standard-Size",5.7,9.45,17.32,5.07,469.71,1295.75,"02/28/2026",10,7,0,4.39
"https://amazon.com/dp/B0D8Q5TF22","https://m.media-amazon.com/images/I/61LfJ7z+k4L._SX450_.jpg","B0D8Q5TF22","LAUNCH VSP-600 Videoscope, 7mm Snake Camera with 6 LED Lights USB Borescope, IP67 Waterproof HD Borescope Inspection Camera, Industrial HD Endoscope for X-431 Series, Android Cellphone","LAUNCH","FBA","Industrial & Scientific",106412,"N/A","N/A","N/A","N/A","Borescopes",253,56.99,13,19,19,128,1075.56,1075.48,29,3.8,"Launch Tech USA","USA",1,293,"N/A","Large Standard-Size",1.97,5.2,11.46,0.67,59.11,163.05,"06/30/2025",21,7,0,0.65
"https://amazon.com/dp/B0D9JZP3YH","https://m.media-amazon.com/images/I/51vKDFGTpYL._SX450_.jpg","B0D9JZP3YH","Endoscope Camera with Light, Borescope with Adjustable LED Light,Endoscope Camera,Waterproof Inspection Camera","MEIBAOGE","FBA","Industrial & Scientific",106467,"N/A","N/A",7645120370461,"N/A","Borescopes",254,14.59,-11,19,4,-56,231.37,54.89,17,3.5,"YinQiBeauty","China",1,325,"N/A","Large Standard-Size",1.1,5.2,5.51,0.2,15.9,43.86,"11/30/2025",21,8,4,1.1
"https://amazon.com/dp/B0D9K3BNRY","https://m.media-amazon.com/images/I/51vKDFGTpYL._SX450_.jpg","B0D9K3BNRY","Endoscope Camera with Light, Borescope with Adjustable LED Light,Endoscope Camera,Waterproof Inspection Camera","MEIBAOGE","FBA","Industrial & Scientific",106468,"N/A","N/A",7645120370454,"N/A","Borescopes",254,12.99,-21,19,4,-56,231.37,57.6,17,3.5,"YinQiBeauty","China",1,325,"N/A","Large Standard-Size",1.3,5.2,5.24,0.17,17.8,49.1,"11/30/2025",21,8,4,1.1
"https://amazon.com/dp/B0D9K3J5W8","https://m.media-amazon.com/images/I/51vKDFGTpYL._SX450_.jpg","B0D9K3J5W8","MEIBAOGE Endoscope Camera With Adjustable LED Light, Waterproof Inspection Borescope, 1 Meter Soft Cord","MEIBAOGE","FBA","Industrial & Scientific",106470,"N/A","N/A",7645120370430,"N/A","Borescopes",254,12.59,-14,16,9,-60,201.4,100.5,18,3.5,"YisiyuanTc","China",1,323,"N/A","Large Standard-Size",1.26,5.12,5.16,0.13,16.76,46.23,"11/30/2025",21,8,4,0.91
"https://amazon.com/dp/B0F9KTCD56","https://m.media-amazon.com/images/I/51la8qlVu2L._SX450_.jpg","B0F9KTCD56","Articulating Borescope Inspection Camera, 180° Rotatable Head, 1M/3.28FT, IP67 Waterproof, 6 LED Lights, Android iOS Compatible","LANTOTEK","FBA","Industrial & Scientific",106713,"N/A","N/A","N/A","N/A","Borescopes",257,39,-16,34,34,39,1417.51,1417.42,3,4.4,"LANTOTEK","China",1,0,"N/A","Large Standard-Size",2.36,4.17,13.86,1.17,68.67,189.44,"02/28/2026",10,6,0,11.47
"https://amazon.com/dp/B07SR2LHBT","https://m.media-amazon.com/images/I/71DAtpJx1lL._SX450_.jpg","B07SR2LHBT","HBUDS Pipe Camera, 50M/165ft Cable, 7 Inch LCD, Black, Wired, IP68 Waterproof","HBUDS","FBM","Industrial & Scientific",107880,699930210209,"N/A",0699930210209,"N/A","Borescopes",246,499.99,-27,27,4,13,13787.43,2251.72,66,4.2,"Hanxuan tech","Hong Kong",1,1001,-49,"Large bulky",8.6,17.2,18.8,17.9,"N/A","N/A","02/28/2025",82,7,6,0.42
"https://amazon.com/dp/B0FLJZKLXX","https://m.media-amazon.com/images/I/61lI91SofmL._SX450_.jpg","B0FLJZKLXX","Sanyipace 7MM Cable Sewer Camera with Locator, 165FT/50M Drain Camera with 512Hz Transmitter, Self-Leveling Inspection Camera with Distance Counter, 10.1"" Touch Screen, Wireless Keyboard, 32GB Card","Sanyipace","FBA","Industrial & Scientific",108092,"N/A","N/A","N/A","N/A","Borescopes",262,1599.88,-7,22,2,,28166.09,3439.81,16,3.7,"Yans Minie","China",1,0,"N/A","Extra-large 50+ to 70 lb",15.5,19.5,24,37.5,2350.83,5877.08,"02/28/2026",8,7,4,1.38
"https://amazon.com/dp/B0FFGZC3WX","https://m.media-amazon.com/images/I/71MBkC6oDvL._SX450_.jpg","B0FFGZC3WX","Teslong Dual Lens 360 Articulating Borescope with Light, 5'' Monitor Industrial Inspection Camera with 4-Way Joystick Articulation, HD Endoscope Camera for Automotive and Mechanics (0.24inch-5FT)","Teslong","FBA","Industrial & Scientific",108338,"N/A","N/A","N/A","N/A","Borescopes",262,499.99,-24,28,28,-20,13821.8,13821.4,23,3.8,"Teslong","China",1,0,"N/A","Large Standard-Size",5.94,10.63,14.84,3.68,472.23,1302.71,"10/31/2025",9,9,0,1.2
"https://amazon.com/dp/B0CWCW5ZQR","https://m.media-amazon.com/images/I/61wuvgiFibL._SX450_.jpg","B0CWCW5ZQR","Endoscope Camera, USB Industrial Borescope with 6 LED Lights, 7mm Probe Pipe Inspection Snake Camera IP67 Waterproof for Android, for Windows(1 Meter / 3.3ft)","Yuecoom","FBA","Industrial & Scientific",108439,"N/A","N/A","N/A","N/A","Borescopes",257,9.99,-55,19,19,226,195.41,195.09,23,3,"Duyonzz","China",1,270,"N/A","Large Standard-Size",1.46,4.76,4.92,0.15,17.21,47.49,"11/30/2025",25,9,0,0.85
"https://amazon.com/dp/B0DNYTF8L4","https://m.media-amazon.com/images/I/71eQj19HuWL._SX450_.jpg","B0DNYTF8L4","VEVOR 165 ft/50m Self-Leveling Pipeline Inspection Camera with 9"" 1080P HD Screen, 36X Zoom, IP68 Waterproof, 32GB Card, Black","VEVOR","FBM","Industrial & Scientific",108849,197988808244,"N/A",0197988808244,"N/A","Borescopes",262,489.9,-10,7,7,383,3380.26,3380.05,8,3.3,"Suplander","China",2,0,"N/A","Large bulky",11.81,12.6,12.68,13.89,"N/A","N/A","10/31/2025",15,9,2,0.86
"https://amazon.com/dp/B0F21RD15V","https://m.media-amazon.com/images/I/516amdltZjL._SX450_.jpg","B0F21RD15V","Zealtron 360° Joystick Articulating Borescope with Light,5'' Monitor 6.2mm Slim Probe Endoscope Inspection Camera,4-Way Articulating Borescope with 5ft Resilient Gooseneck Cable-Dual Battery Pack","zealtron","FBA","Industrial & Scientific",109062,"N/A","N/A","N/A","N/A","Borescopes",265,249.99,-21,135,21,5,12707.28,4457.29,145,4.5,"Zealtron","China",1,0,"N/A","Large Standard-Size",3.35,12.32,14.37,4.01,298.6,823.72,"09/30/2025",12,8,4,0.93
"https://amazon.com/dp/B0BG27Q1JS","https://m.media-amazon.com/images/I/71awfokgyDL._SX450_.jpg","B0BG27Q1JS","Teslong Telescopic Endoscope Inspection Camera with Screen & Light, 4.5"" IPS Display Borescope with 5FT Telescoping Pole, IP67 Waterproof Inspection Camera for Ceiling, Wall, Chimney, Automotive &HVAC","Teslong","FBA","Industrial & Scientific",110336,"N/A","N/A","N/A","N/A","Borescopes",262,119.99,-25,59,59,3,7103.32,7102.62,92,4.2,"Teslong","China",1,492,-30,"Large Standard-Size",1.93,7.05,17.91,1.5,122.69,338.46,"01/31/2025",42,7,0,0.64
"https://amazon.com/dp/B0DBDJ3FK2","https://m.media-amazon.com/images/I/61fPOlHXIiL._SX450_.jpg","B0DBDJ3FK2","Endoscope 4-Piece Accessories Hook Magnet Side View Mirror Set, 8-Piece Accessories, Suitable for Kinpthy W400 W400-B Series","Kinpthy","FBA","Industrial & Scientific",110422,"N/A","N/A",4853862805414,"N/A","Borescopes",265,9.99,-13,35,35,-62,347.61,347.1,27,4.4,"Kinoscope","China",1,658,"N/A","Small Standard-Size",0.75,2.91,2.99,0.04,3.29,9.06,"11/30/2025",20,6,0,1.29
"https://amazon.com/dp/B008H1EAOQ","https://m.media-amazon.com/images/I/616kZPbYm1L._SX450_.jpg","B008H1EAOQ","RIDGID 40043 Micro CA-25 Hand-Held Inspection Camera with 4' Cable, Borescope, Red","RIDGID","FBM","Industrial & Scientific",110740,637262214366,00095691400437,0095691400437,"N/A","Borescopes",257,114.94,-40,38,38,158,3853.74,3853.46,328,4.5,"eFaucets","USA",13,366,-10,"Large Standard-Size",4.29,10.98,14.8,4.94,"N/A","N/A","09/30/2024",164,7,0,0.12
"https://amazon.com/dp/B0DR8WQ1Y8","https://m.media-amazon.com/images/I/819GmmYXsIL._SX450_.jpg","B0DR8WQ1Y8","Dual Lens Endoscope Camera with Light, 1080P Borescope with 32GB Card - IP68 & 4.5"" Sewer Inspection Camera with 16.5FT Semi-Rigid Cable, Birthday Gifts for Men, Tools Cool Gadgets - Yellow","ADvancore","FBA","Industrial & Scientific",110902,"N/A","N/A","N/A","N/A","Borescopes",264,49.99,-24,17,9,-85,926.87,463.9,3,5,"ADvancore","China",1,2330,"N/A","Large Standard-Size",3.5,5.39,9.09,1.23,86.34,238.17,"11/30/2025",13,6,8,5.6
"https://amazon.com/dp/B0DL8LJTWM","https://m.media-amazon.com/images/I/71ea5lTNwDL._SX450_.jpg","B0DL8LJTWM","Teslong 2.0MP HD AF Auto Focus Borescope, 16.5ft Flexible Endoscope with Adjustable Lights, USB-C Inspection Camera for Plumbing, Automotive, Wall, for iPhone 15/16 & Android, Long Focus & Autofocus","Teslong","FBA","Industrial & Scientific",111161,"N/A","N/A","N/A","N/A","Borescopes",265,33.53,-4,61,61,-35,2592.65,2592.53,78,4.2,"Teslong","China",1,632,"N/A","Large Standard-Size",1.42,5.39,5.43,0.68,20.91,57.69,"01/31/2026",17,8,0,0.78
"https://amazon.com/dp/B0FSQFN58Q","https://m.media-amazon.com/images/I/61x+0iwaOoL._SX450_.jpg","B0FSQFN58Q","Zealtron Two-Way Articulating Borescope with Light, 3.9mm Articulating Probe Industrial Endoscope Camera with 3.3ft/1m Self-Resetting Tube, 5"" IPS Screen Inspection Camera with Light for Engine/Pipe","zealtron","FBA","Industrial & Scientific",111175,"N/A","N/A","N/A","N/A","Borescopes",266,189.99,-16,30,30,56,5666.03,5665.87,25,4.3,"Zealtron","China",1,0,"N/A","Large Standard-Size",2.25,10.05,17.06,1.55,194.22,535.79,"01/31/2026",6,8,0,1.19
"https://amazon.com/dp/B0F6TYDVT4","https://m.media-amazon.com/images/I/717wEvh18uL._SX450_.jpg","B0F6TYDVT4","Sewer Camera 100ft,SPRIDRAIN Drain Pipe Camera HD 5in Screen with 32GB DVR,Waterproof IP68 Works Underwater Up to 10Meters Sewer Inspection borescopes for Plumber(Fits Pipes>0.9"" Diameter,100ft/30M)","SPRIDRAIN","FBA","Industrial & Scientific",111283,"N/A","N/A","N/A","N/A","Borescopes",270,244.99,-22,18,16,346,4319.66,3987.09,1,5,"SYANSPAN TECH","China",2,0,"N/A","Large Standard-Size",12,12,7.5,8.6,543.75,1500,"10/31/2025",11,9,2,17.72
"https://amazon.com/dp/B0BTP4K3H7","https://m.media-amazon.com/images/I/71qlRabB19L._SX450_.jpg","B0BTP4K3H7","VEVOR Sewer Camera, 150FT, 9"" Screen Pipeline Inspection Camera with DVR Function & 8 GB SD Card, Waterproof IP68 Borescope w/LED Lights, Industrial Endoscope for Home Wall Duct Drain Pipe Plumbing","VEVOR","FBM","Industrial & Scientific",111411,840349912929,"N/A",0840349912929,"N/A","Borescopes",258,507.6,-23,64,15,-3,36361,7664.16,19,4,"Suplander","China",1,914,1,"Large bulky",19,16,13,15.5,"N/A","N/A","08/31/2025",38,11,7,3.35
"https://amazon.com/dp/B0D9NVFZNM","https://m.media-amazon.com/images/I/71GCNJ0pVaL._SX450_.jpg","B0D9NVFZNM","Sewer Pipe Snake Camera 25FT,with 32GB Card 4.3'' Video Screen,HD JQKJCAM Duct Sewer Drain Inspection Camera with Light Meter Counter,17MM/0.67‘’ Industrial Endoscope for Pipes(10M/33FT)","JQKJCAM","FBA","Industrial & Scientific",111428,"N/A","N/A","N/A","N/A","Borescopes",268,199,-31,25,7,68,6497.3,1355.26,14,4.3,"JJKJ Cam","China",1,147,"N/A","Large Standard-Size",13.39,11.8,6.3,7,501.16,1382.52,"02/28/2026",20,8,19,1.81
"https://amazon.com/dp/B0BTNSJ4PZ","https://m.media-amazon.com/images/I/71IZI6WfOxL._SX450_.jpg","B0BTNSJ4PZ","5FT Dual Lens Probe, 5mm/0.2inch Diameter Semi-Rigid Cable Compatible with MS450 Inspection Camera","Teslong","FBA","Industrial & Scientific",111962,"N/A","N/A","N/A","N/A","Borescopes",257,59.99,-6,30,30,-2,1805.79,1805.67,11,4.6,"Teslong","China",1,303,1,"Large Standard-Size",1.85,5.63,6.54,0.24,34.3,94.61,"01/31/2026",38,6,0,2.74
"https://amazon.com/dp/B0FP4TT49F","https://m.media-amazon.com/images/I/81hKy-cGFfL._SX450_.jpg","B0FP4TT49F","Anysun Sewer Camera with 512Hz Sonde Transmitter, 100ft Plumbing Camera Snake with DVR Recorder, Inspection Cam with 7"" LCD Monitor with Fiber Optic Cable Wire","anysun","FBA","Industrial & Scientific",112130,717308720591,"N/A",0717308720591,"N/A","Borescopes",266,499.92,-24,3,1,-54,1165.97,365.9,138,4.3,"HZDZ_Shop","Hong Kong",1,84,-63,"Large bulky",8.27,16.54,18.5,17.64,819.8,2049.51,"07/31/2024",7,7,4,0.02
"https://amazon.com/dp/B0DL9J7SQ5","https://m.media-amazon.com/images/I/61uIRTgLriL._SX450_.jpg","B0DL9J7SQ5","Anysun 5860 Model Sewer Camear Monitor Replacement, Only for Anysun 5860 Serie Sewer Camera System","anysun","FBA","Industrial & Scientific",112531,"N/A","N/A","N/A","N/A","Borescopes",271,199.99,-43,2,2,200,472.81,472.74,1,5,"Yongchangsheng tech","Hong Kong",2,37,"N/A","Large Standard-Size",12,8,1,1.5,48.33,133.33,"05/31/2025",17,2,0,2.35
"https://amazon.com/dp/B0CB1XV6SJ","https://m.media-amazon.com/images/I/31MR1zBx-mL._SX450_.jpg","B0CB1XV6SJ","Pipeline Inspection Camera Probe IP68 Sewer Camera with 12 LED Lights for Pipe Drain Endoscope Replacement","LiebeWH","FBA","Industrial & Scientific",112588,"N/A","N/A","N/A","N/A","Borescopes",265,166.69,-14,4,4,-52,769.17,769.08,10,3.2,"Vinnier bm","China",2,123,-15,"Large Standard-Size",2.56,4.25,6.77,0.53,37.08,102.3,"01/31/2025",33,9,0,0.45
"https://amazon.com/dp/B0DSZR774M","https://m.media-amazon.com/images/I/71PDwWogfXL._SX450_.jpg","B0DSZR774M","Anysun Self-Leveling Sewer Camera with Locator, Drain Camera 100ft Cable 9'' IPS Monitor, IP68 Waterproof Pipe Inspection Camera with DVR Recording Funcation and 16GB Memory Card","anysun","FBA","Industrial & Scientific",112724,717504242637,"N/A",0717504242637,"N/A","Borescopes",267,799.99,-30,18,13,,14713.24,10541.76,20,4.3,"HZDZ_Shop","Hong Kong",1,0,"N/A","Large bulky",11.5,15.5,16.5,14.75,953.14,2382.86,"02/28/2026",15,7,2,0.89
"https://amazon.com/dp/B0CQC5KQ3X","https://m.media-amazon.com/images/I/715Q9nUNQ7L._SX450_.jpg","B0CQC5KQ3X","Sanyipace Sewer Camera 100FT/30M with DVR Recorder, Drain Camera with Lights, Pipe Sewer Scope Inspection Camera with IP68 Waterproof Camera Probe, 9"" Color Screen, 16GB TF Card, Camera Guide Wheel","Sanyipace","FBA","Industrial & Scientific",112791,"N/A","N/A","N/A","N/A","Borescopes",267,2199.99,-15,27,2,83,51347.68,5182.05,45,4,"Urselection","China",1,71,238,"Large bulky",16.4,20.4,20.9,42.3,2266.02,5665.06,"02/28/2026",22,6,2,0.61
"https://amazon.com/dp/B0C37GBVZZ","https://m.media-amazon.com/images/I/51OX14svPPL._SX450_.jpg","B0C37GBVZZ","23mm Sewer Inspection Camera Head, Stainless Steel Professional IP68 Pipe Drain Endoscope Camera Accessory with 12 LED Lights","Marhynchus","FBA","Industrial & Scientific",113691,"N/A","N/A","N/A","N/A","Borescopes",263,158.71,-10,4,4,-12,655.41,655.32,"N/A","N/A","tanzqioo","China",2,27,59,"Large Standard-Size",2.6,3.94,6.89,0.49,35.54,98.03,"05/31/2024",32,9,0,"N/A"
"https://amazon.com/dp/B0D2HVFB6Y","https://m.media-amazon.com/images/I/713-ouSdr0L._SX450_.jpg","B0D2HVFB6Y","Sewer Camera 100FT Self Leveling (Upright Images),W/ 12LED 7''HD 16GB DVR Monitor Meter Counter,23MM/0.9'' JQKJCAM Pipe Drain Camera Snake 100 FT with Light Waterproof for Plumbing Inspection (30M)","JQKJCAM","FBA","Industrial & Scientific",113864,"N/A","N/A","N/A","N/A","Borescopes",268,399,-16,11,5,10,4578.74,1911.27,4,2.6,"JJKJ Cam","China",1,148,"N/A","Large bulky",7,14.75,16,11.6,535.37,1338.43,"12/31/2024",23,9,19,2.68
"https://amazon.com/dp/B0BYZ4P2ST","https://m.media-amazon.com/images/I/71WuOq3YeQL._SX450_.jpg","B0BYZ4P2ST","VEVOR Sewer Camera, 65.6FT Snake Cam with DVR Video, Pipe Inspection Equipment 4.3 inch LCD Screen, Industrial Borescope Endoscope Waterproof IP68 with LED Lights, for Duct HAVC Drain Pipe Plumbing","VEVOR","FBM","Industrial & Scientific",114210,840281540396,"N/A",0840281540396,"N/A","Borescopes",270,239.9,"N/A",48,12,-74,11970.82,2942.97,101,4.1,"VEVOR Shop","China",2,1706,55,"Large Standard-Size",13.8,12.2,6.9,6.5,"N/A","N/A","06/30/2025",36,9,3,0.5
"https://amazon.com/dp/B0CXR3J9ZS","https://m.media-amazon.com/images/I/41Z956wbGmL._SX450_.jpg","B0CXR3J9ZS","Vividia VA-400i USB One-Way Articulation Rigid Borescope Inspection Camera for iOS Phone Tablet Android Windows PC","VIVIDIA","FBA","Industrial & Scientific",114505,"N/A","N/A","N/A","N/A","Borescopes",267,299.98,-22,11,11,-2,3162.48,3162.34,9,4.5,"SmokeDaddy LLC","USA",3,231,12,"Large bulky",3,4.5,30,2.6,131.25,328.13,"05/31/2025",25,9,0,1.32
"https://amazon.com/dp/B0CMTV1YRC","https://m.media-amazon.com/images/I/71L6C25SHwL._SX450_.jpg","B0CMTV1YRC","Sewer Camera 165ft/50m,0.9in/22mm Pipe Inspection Camera with 12pcs LEDs Light, 4.3"" Screen 1000TVL Plumbing Snake Borescope with 4500mAh Battery DVR Recorder, Included 16GB Card","SYOWNFS","FBA","Industrial & Scientific",115461,"N/A","N/A","N/A","N/A","Borescopes",274,322.73,-16,52,7,-9,13970.52,2347.35,93,4,"ENNIO","China",1,1145,-30,"Large bulky",8.25,11.13,15.75,9.4,468.68,1171.69,"02/28/2025",29,7,4,0.56
"https://amazon.com/dp/B0F4QQK5BN","https://m.media-amazon.com/images/I/61hd6KToPLL._SX450_.jpg","B0F4QQK5BN","1920P HD Dual Lens Endoscope Camera Semi-Rigid Snake Cable IP67 Waterproof 8LED Lights Dimmable HD Industrial Pipeline Inspection Probe Compatible with Smartphones Endoscope Camera (3.5ft)","LAUREII","FBA","Industrial & Scientific",116080,"N/A","N/A","N/A","N/A","Borescopes",273,26,-54,25,14,332,470.58,239.11,40,4,"Laureii Direct","China",1,0,"N/A","Large Standard-Size",1.46,5.08,5.12,0.18,19.12,52.74,"06/30/2025",12,8,3,0.63
"https://amazon.com/dp/B07SXR6TF6","https://m.media-amazon.com/images/I/71MZrVv2D3L._SX450_.jpg","B07SXR6TF6","Oiiwak Endoscope Camera with Light, 3.9mm Industrial Borescope Inspection Camera, 4.3"" IPS Screen 1080P HD IP68 Waterproof 6 LED Lights for Drain Pipe Wall Automotive, 5FT Semi-Rigid Cable","Oiiwak","FBA","Industrial & Scientific",117256,738944723258,"N/A",0738944723258,"N/A","Borescopes",265,63.99,-26,67,7,-89,3530.98,503.63,3838,4.3,"Oiiwak Tech","China",1,0,"N/A","Large Standard-Size",3.03,5.55,9.13,1.32,77.3,213.24,"11/30/2025",80,8,5,0.02
"https://amazon.com/dp/B0F6CP46VD","https://m.media-amazon.com/images/I/611QKUY7QAL._SX450_.jpg","B0F6CP46VD","VEVOR Endoscope Camera with Light, Dual Lens Borescope for Android & iOS, 1920P HD Inspection Camera with 8 + 1 LED Light, 2X Zoom, 16.4FT Snake Cable, IP67 Waterproof Snake Camera for Auto, Plumbing","VEVOR","FBM","Industrial & Scientific",117356,197988674665,"N/A",0197988674665,"N/A","Borescopes",273,23.99,-19,44,24,-3,1051.04,563.57,32,4.1,"VEVOR Shop","China",1,0,"N/A","Large Standard-Size",6.02,5.43,1.18,0.44,"N/A","N/A","09/30/2025",11,9,2,1.37
"https://amazon.com/dp/B0CRKGM7L8","https://m.media-amazon.com/images/I/71dGmlv98eL._SX450_.jpg","B0CRKGM7L8","JQKJCAM 23mm Rigid Sewer Camera - 100FT Waterproof Borescope for Hole Drain Wall Inspection, 16GB DVR Plumbing Camera with 12 LED Lights (30M)","JQKJCAM","FBM","Industrial & Scientific",117670,"N/A","N/A","N/A","N/A","Borescopes",277,315,12,25,2,68,6497.3,576.84,14,4.3,"JJKJ Cam","China",1,147,"N/A","Large Standard-Size",6.61,11.97,13.31,8.65,"N/A","N/A","02/28/2026",27,7,19,1.81
"https://amazon.com/dp/B0CMX4SD6M","https://m.media-amazon.com/images/I/71L6C25SHwL._SX450_.jpg","B0CMX4SD6M","Sewer Camera,0.9in/22mm Pipe Inspection Camera with 12pcs LEDs Light, 4.3"" Screen 1000TVL Plumbing Snake Borescopes with 4500mAh Battery DVR Recorder, Included 16GB Card (66FT/20M)","SYOWNFS","FBA","Industrial & Scientific",117884,"N/A","N/A","N/A","N/A","Borescopes",274,265.99,-4,52,15,-9,13970.52,3904.8,92,4,"ENNIO","China",1,1145,-30,"Large bulky",8.58,11.02,15.98,7.6,489.65,1224.14,"02/28/2025",29,7,4,0.56
"https://amazon.com/dp/B0DKJ73NT4","https://m.media-amazon.com/images/I/71ya60GCvLL._SX450_.jpg","B0DKJ73NT4","FDGSAB Sewer Camera, 20/50m, 7"" Screen Pipeline Inspection Camera Waterproof IP68 w/12 Adjustable LEDs, DVR Function Have 32GB SD Card .for Sewer Line, Duct Drain Pipe Plumbing (98.4ft/30M)","FDGSAB","FBA","Industrial & Scientific",118578,"N/A","N/A","N/A","N/A","Borescopes",280,299.99,-5,24,7,-59,7351.74,1953.08,20,4.2,"sijifeng","China",1,412,"N/A","Large bulky",10.63,13,13.25,10.5,593.39,1483.46,"12/31/2025",17,7,6,1.21
"https://amazon.com/dp/B0DJ7P9SMN","https://m.media-amazon.com/images/I/81G8Ga784KL._SX450_.jpg","B0DJ7P9SMN","Sewer Camera Self-Leveling, 9'' HD Plumbing Pipe Camera with Depth Marking, Zoom, and Adjustable Brightness LED Lights, Ideal for Drain, Pipes, Wells, Machinery, and Industrial Applications","PeachLeaf","FBA","Industrial & Scientific",118891,717331238971,"N/A",0717331238971,"N/A","Borescopes",280,459.99,"N/A",7,2,,2971.86,721.82,1,5,"YoJo-Tech","China",1,0,"N/A","Extra-large 50+ to 70 lb",16,20,22,30,2281.48,5703.7,"01/31/2026",18,7,13,6.79
"https://amazon.com/dp/B0CRV7GPRM","https://m.media-amazon.com/images/I/71JuHHh0QML._SX450_.jpg","B0CRV7GPRM","JINXINEBAY Sewer Pipe Inspection Camera, IPS Monitor 32GB TF Card DVR, IP68 1200TVL HD Camera 65/100FT Fiberglass Cable, 5600mAh Battery Night Vision, for Home/Contractor/Plumber (4.3 inch/100FT)","JINXINEBAY","FBA","Industrial & Scientific",119273,"N/A","N/A","N/A","N/A","Borescopes",278,269.99,-23,38,11,-1,9407.38,2846.73,53,4.3,"JINXINEBAY Store","China",1,0,"N/A","Large bulky",8.18,11.25,15.5,8,462.26,1155.64,"01/31/2026",27,7,5,0.73
"https://amazon.com/dp/B0FNN7VV63","https://m.media-amazon.com/images/I/71O4yW5C1kL._SX450_.jpg","B0FNN7VV63","Two-Way Articulating Borescope 1080P, Industrial Endoscope Camera with Light, Inspection Snake Camera with 5.5mm Probe for Automotive Aircraft Home Mechanics (5.5FT)","gogolux","FBA","Industrial & Scientific",119341,722302655268,"N/A",0722302655268,"N/A","Borescopes",275,99.99,-73,19,8,,2051.11,932.63,28,4.5,"Womfenn US Official","China",1,0,"N/A","Large Standard-Size",3.27,8.7,14.68,2.76,210.27,580.04,"03/31/2026",7,7,4,0.69
"https://amazon.com/dp/B0FBX2NSHL","https://m.media-amazon.com/images/I/71p9dqyePrL._SX450_.jpg","B0FBX2NSHL","gogolux Two-Way Articulating Borescope Camera with Light, 1920P HD Articulating Endoscope with Semi-Rigid Snake Camera, IP67 Waterproof Inspection, Gifts/Tools Bore Scope for Men for iPhone","gogolux","FBA","Industrial & Scientific",119387,785804230456,"N/A",0785804230456,"N/A","Borescopes",279,99.99,"N/A",19,12,,2051.11,1166.24,122,4.4,"Womfenn US Official","China",1,0,"N/A","Large Standard-Size",2.4,7.01,14.45,1.21,122.4,337.65,"03/31/2026",10,8,4,0.16
"https://amazon.com/dp/B0DKJ8HHDT","https://m.media-amazon.com/images/I/71ya60GCvLL._SX450_.jpg","B0DKJ8HHDT","FDGSAB Sewer Camera, 20/50m, 7"" Screen Pipeline Inspection Camera Waterproof IP68 w/12 Adjustable LEDs, DVR Function Have 32GB SD Card .for Sewer Line, Duct Drain Pipe Plumbing (164ft/50M)","FDGSAB","FBA","Industrial & Scientific",119771,"N/A","N/A","N/A","N/A","Borescopes",276,329.99,-32,24,3,-59,7351.74,1071.99,20,4.2,"sijifeng","China",1,412,"N/A","Large bulky",10.75,13.13,13.25,12,606.08,1515.21,"12/31/2025",17,7,6,1.21
"https://amazon.com/dp/B0DKJ61PW6","https://m.media-amazon.com/images/I/71ya60GCvLL._SX450_.jpg","B0DKJ61PW6","FDGSAB Sewer Camera, 20/50m, 7"" Screen Pipeline Inspection Camera Waterproof IP68 w/12 Adjustable LEDs, DVR Function Have 32GB SD Card .for Sewer Line, Duct Drain Pipe Plumbing (164ft/50M DVR)","FDGSAB","FBA","Industrial & Scientific",119776,"N/A","N/A","N/A","N/A","Borescopes",276,369.99,-16,24,2,-59,7351.74,607.97,20,4.2,"sijifeng","China",1,412,"N/A","Large bulky",10.8,13.3,13.3,12.1,619.12,1547.79,"12/31/2025",17,7,6,1.21
"https://amazon.com/dp/B00SUZ0P7U","https://m.media-amazon.com/images/I/41+aer9gTtL._SX450_.jpg","B00SUZ0P7U","Autel MaxiVideo MV105S Digital Inspection Camera, 5.5mm Ultra-Slim Probe 90° Wide-Angle Borescope, IP67 Waterproof USB Endoscope Snake Camera w/LED Lights & 3.3ft Cable, for Autel Scanners & PC","Autel","FBA","Industrial & Scientific",120339,701160468920,"N/A",0701160468920,"N/A","Borescopes",280,49,-30,6,6,400,272.95,272.87,189,4.5,"UBking","China",1,109,-33,"Large Standard-Size",2.6,6.89,9.84,0.86,88.75,244.82,"12/31/2024",134,8,0,0.03
"https://amazon.com/dp/B0CYSS11DP","https://m.media-amazon.com/images/I/71nZmy7kGgL._SX450_.jpg","B0CYSS11DP","Anysun Sewer Camera with 512hz sonde, Self Leveling Sewer Inspection Camera 100ft with 7MM Cable and Meter Marker, 9'' Monitor and DVR, 12 Adjustable Lights(32GB Card)","anysun","FBA","Industrial & Scientific",121011,774049583823,"N/A",0774049583823,"N/A","Borescopes",279,699.99,-18,23,14,-21,16421.96,9476.98,15,4.2,"Nedive","Hong Kong",1,416,"N/A","Large bulky",11.5,17.2,19.5,16.7,1249.99,3124.97,"08/31/2025",24,7,3,1.52
"https://amazon.com/dp/B0CRV5JNY1","https://m.media-amazon.com/images/I/71JuHHh0QML._SX450_.jpg","B0CRV5JNY1","JINXINEBAY Sewer Pipe Inspection Camera, IPS Monitor 32GB TF Card DVR, IP68 1200TVL HD Camera 65/100FT Fiberglass Cable, 5600mAh Battery Night Vision, for Home/Contractor/Plumber (4.3 inch/65FT)","JINXINEBAY","FBA","Industrial & Scientific",122325,"N/A","N/A","N/A","N/A","Borescopes",286,219.99,-14,38,23,-1,9407.38,4965.24,53,4.3,"JINXINEBAY Store","China",1,0,"N/A","Large bulky",8.1,11.3,16.1,7.05,477.57,1193.92,"01/31/2026",27,7,5,0.73
"https://amazon.com/dp/B0D17T3N3P","https://m.media-amazon.com/images/I/71+qCQSBz2L._SX450_.jpg","B0D17T3N3P","Julaiwy Industrial Endoscope Borescope Camera with Light, Borescope Inspection Camera, Industrial Cameras 1080P HD 4.3"" Screen, IP67 Waterproof Snake Cameras with 8 LED lights, Gadgets for Men, 16.5Ft","Julaiwy","FBA","Industrial & Scientific",122730,"N/A","N/A","N/A","N/A","Borescopes",288,29.9,-11,15,15,290,442.4,442.11,56,4.4,"Kecowl","China",1,265,"N/A","Large Standard-Size",2.99,4.88,7.32,1.12,53.77,148.34,"11/30/2024",24,8,0,0.26
"https://amazon.com/dp/B0DD6KFQKW","https://m.media-amazon.com/images/I/71dp-dPx77L._SX450_.jpg","B0DD6KFQKW","Sewer Camera with Locator, Anysun Self Leveling Sewer Inspection Camera 250ft with Meter Marker and DVR, 9'' HD Monitor with 12 Adjustable Lights(32GB Card)","anysun","FBA","Industrial & Scientific",123073,717018396833,"N/A",0717018396833,"N/A","Borescopes",277,1299.99,-9,32,3,-5,29402.87,3674.73,158,4.2,"Nedive","Hong Kong",1,615,-5,"Large bulky",14.6,19.5,21,27.7,1937.54,4843.85,"02/28/2025",32,7,8,0.2
"https://amazon.com/dp/B0FLPY94WG","https://m.media-amazon.com/images/I/71r546qqDsL._SX450_.jpg","B0FLPY94WG","Sewer Camera 100ft/30m, 17mm Plumbing Snake Borescope with 8pcs LEDs Light, 4.3"" Screen 1000TVL Pipe Inspection Camera with 8500mAh Battery Without Recorder","GAMWATER","FBA","Industrial & Scientific",123533,614019414972,"N/A",0614019414972,"N/A","Borescopes",279,248.66,-150,1,0,,167.06,"-",8,4.2,"huizhoushishanmaikejiyouxiangongsi","China",2,0,"N/A","Large Standard-Size",12,10.44,7.1,7.72,447.83,1235.4,"03/31/2026",8,6,2,0.1
"https://amazon.com/dp/B0FSXSQWQY","https://m.media-amazon.com/images/I/71pa2axUtvL._SX450_.jpg","B0FSXSQWQY","Sanyipace Sewer Camera 66FT/20M,7"" IPS Pop-up Screen,20X Digital Zoom,Waterproof Drain Camera with Distance Counter,Plumbing Camera with MIC & Speaker,32GB Card for Sewer Line Plumbing Inspection","Sanyipace","FBA","Industrial & Scientific",123856,"N/A","N/A","N/A","N/A","Borescopes",280,299.99,-11,24,17,-3,7582.54,4987.11,7,4.8,"SanyipaceDirect Store","China",1,0,"N/A","Large bulky",11.1,12.75,13.5,13.1,619.17,1547.93,"12/31/2025",6,8,6,3.38
"https://amazon.com/dp/B0FHH9FMXD","https://m.media-amazon.com/images/I/81C8u584GvL._SX450_.jpg","B0FHH9FMXD","Hialemi Portable 9'' Sewer Camera with Locator - 7MM/300Ft/91.5M Self Leveling Drain Camera & 512Hz Sonde & Meter Counter & 5X Zoom - 145° Plumbing Pipe Inspection Cam - 1080P IPS Screen & DVR 32GB","Hialemi","FBA","Industrial & Scientific",123865,"N/A","N/A","N/A","N/A","Borescopes",308,1549.99,"N/A",0,0,,"-","-",3,5,"Hialemi-US Direct","China",1,0,"N/A","Large bulky",24.8,18.9,14.17,32.5,2152.92,5382.29,"03/31/2026",9,9,2,0.07
"https://amazon.com/dp/B098XFG46Y","https://m.media-amazon.com/images/I/71WuOq3YeQL._SX450_.jpg","B098XFG46Y","VEVOR Sewer Camera, 164ft/50M 4.3"" Pipe Drain Inspection Camera with DVR Function & Snake Cable, Waterproof IP68 Borescope w/LED Lights, Industrial Endoscope for Home Wall Duct Drain Pipe Plumbing","VEVOR","FBM","Industrial & Scientific",124386,768558017610,00768558017610,0768558017610,"N/A","Borescopes",281,285.99,-16,20,20,14,5626.82,5626.51,108,3.9,"Suplander","China",1,622,-52,"Large Standard-Size",6.42,12.13,13.86,9.19,"N/A","N/A","08/31/2024",55,9,1,0.18
"https://amazon.com/dp/B0DDG3FMPV","https://m.media-amazon.com/images/I/81HZoHO+hBL._SX450_.jpg","B0DDG3FMPV","[Dual-Lens] Inspection Endoscope, Industrial Borescope Camera with Light, IP67 Waterproof Drain Pipe Scope Camera, 16.5ft Semi-Rigid Cord Borescope with Light, 1080 HD Screen(32GB Capacity)","COOVIE","FBA","Industrial & Scientific",124796,"N/A","N/A","N/A","N/A","Borescopes",286,43.99,-22,26,26,-5,1159.04,1158.92,29,4.2,"Alice Windowshop","China",1,219,"N/A","Large Standard-Size",3.82,5.2,10.43,1.34,104.31,287.75,"02/28/2026",20,6,0,0.9
"https://amazon.com/dp/B0FLJN7FVT","https://m.media-amazon.com/images/I/71qTAkf2eoL._SX450_.jpg","B0FLJN7FVT","Sewer Camera,66FT/100FT Pipe Inspection Borescope Endoscope Camera with 8pcs LEDs Light 4.3"" IPS Screen 18MM DVR Plumbing Snake 8500Mah Battery (18MM-DVR-20M)","GAMWATER","FBA","Industrial & Scientific",124857,614019414989,"N/A",0614019414989,"N/A","Borescopes",291,229.68,-41,66,9,35,14361.3,2154.3,8,4.2,"huizhoushishanmaikejiyouxiangongsi","China",1,0,"N/A","Large Standard-Size",12,10.25,7.1,7.72,439.68,1212.92,"02/28/2026",8,6,2,8.24
"https://amazon.com/dp/B093SXC6X7","https://m.media-amazon.com/images/I/81pEAtrPxtS._SX450_.jpg","B093SXC6X7","Sewer Camera with Locator, Anysun 165ft Pipe Video Inspection Camera with 512Hz Sonde and Receiver, 7” LCD Monitor DVR Recorder, IP68 Waterproof (8GB SD Card Included)","anysun","FBA","Industrial & Scientific",124884,770456789353,"N/A",0770456789353,"N/A","Borescopes",283,699.99,283,26,5,-42,24231.51,3754.76,158,4.2,"Nedive","Hong Kong",1,598,-9,"Large bulky",7.75,19,23.5,23,1121.42,2803.54,"02/28/2025",59,7,8,0.17
"https://amazon.com/dp/B0DD7L4ZDR","https://m.media-amazon.com/images/I/71wKHBjtt7L._SX450_.jpg","B0DD7L4ZDR","ESANHAO Sewer Camera 100ft Drain Snake Plumbing Inspection Camera 5"" Screen with Video Recording DVR Included 32GB TF-Card","ESANHAO","FBA","Industrial & Scientific",125008,"N/A","N/A","N/A","N/A","Borescopes",292,289.99,-28,10,10,1750,2922.57,2922.37,12,4.2,"ESANHAO Store","China",1,0,"N/A","Large bulky",11.3,12.4,15.4,12.46,699.3,1748.26,"07/31/2025",21,7,0,0.84
"https://amazon.com/dp/B0GK72PFS9","https://m.media-amazon.com/images/I/71OuuSTsbCL._SX450_.jpg","B0GK72PFS9","Holdwell S Sewer Camera 165ft/50m Borescopes Plumbing 4.3"" HD Color Screen Waterproof IP68 Borescope Camera with Distance Counter Light 8000Mah Battery Light for Home Wall Duct Drain Pipe Plumbing","Holdwell S","FBA","Industrial & Scientific",126087,"N/A","N/A","N/A","N/A","Borescopes",288,299.99,"N/A",8,2,,2041.22,610.19,"N/A","N/A","Holdwell S","N/A",1,0,"N/A","Large bulky",8.98,12.99,15.55,10.3,587.75,1469.36,"02/28/2026",2,7,2,"N/A"
"https://amazon.com/dp/B0GK848VF5","https://m.media-amazon.com/images/I/71IVIzSqfzL._SX450_.jpg","B0GK848VF5","Holdwell S Sewer Camera 100ft/30m Borescopes Plumbing 4.3"" HD Color Screen Waterproof IP68 Borescope Camera with Distance Counter Light 8000Mah Battery Light for Home Wall Duct Drain Pipe Plumbing","Holdwell S","FBA","Industrial & Scientific",126087,"N/A","N/A","N/A","N/A","Borescopes",288,249.99,"N/A",8,6,,2041.22,1430.96,"N/A","N/A","Holdwell S","N/A",1,0,"N/A","Large bulky",9,13,15.5,8.65,587.71,1469.27,"02/28/2026",2,7,2,"N/A"
"https://amazon.com/dp/B0FFML9DVK","https://m.media-amazon.com/images/I/71qN-gNQnGL._SX450_.jpg","B0FFML9DVK","Anysun Self Leveling Sewer Camera 512Hz with Distance Counter, MIC, 7MM Thicker Cable, 165Ft Pipe Inspection Cameras with 9'' 1080P Screen, Video Drain Cam IP68 Industrial Borescope Snake, 32GB Card","anysun","FBA","Industrial & Scientific",126833,717661515179,"N/A",0717661515179,"N/A","Borescopes",288,899.99,-50,48,5,66,39680.13,4732.58,31,4.1,"Yongchangsheng tech","Hong Kong",1,518,"N/A","Large bulky",12.5,17,19.5,19,1342.88,3357.2,"02/28/2026",8,8,9,1.55
"https://amazon.com/dp/B0D5M7WTV8","https://m.media-amazon.com/images/I/71Wc4xa-bPL._SX450_.jpg","B0D5M7WTV8","Anysun Self Leveling Sewer Inspection Camera with Distance Counter, 7MM Thicker Cable, 100Ft with 9'' 1080P Screen & DVR, IP68 Waterproof Drain Pipe Camera Borescope with Light, 32GB Card","anysun","FBA","Industrial & Scientific",126836,"N/A","N/A","N/A","N/A","Borescopes",288,699.99,-22,48,15,66,39680.13,10560.46,31,4.1,"Yongchangsheng tech","Hong Kong",1,518,"N/A","Large bulky",11.3,15.3,18.75,17.7,1050.55,2626.37,"02/28/2026",21,7,9,1.55
"https://amazon.com/dp/B0D5M8F5Z3","https://m.media-amazon.com/images/I/71Wc4xa-bPL._SX450_.jpg","B0D5M8F5Z3","Anysun Sewer Camera Self Leveling with Distance Counter, 7MM Thicker Cable, 165Ft/50M Pipe Inspection Camera with 9'' 1080P IPS Screen, Video Drain Camera IP68 Industrial Borescope Snake, 32GB Card","anysun","FBA","Industrial & Scientific",126837,"N/A","N/A","N/A","N/A","Borescopes",288,799.99,-21,48,10,66,39680.13,7822.25,31,4.1,"Yongchangsheng tech","Hong Kong",1,518,"N/A","Large bulky",11,15.05,19,20.85,1019.36,2548.4,"02/28/2026",21,7,9,1.55
"https://amazon.com/dp/B0D5M8FK1L","https://m.media-amazon.com/images/I/71Wc4xa-bPL._SX450_.jpg","B0D5M8FK1L","Anysun Sewer Camera Self Leveling with Distance Counter, 7MM Thicker Cable, 300Ft/91.5M Pipe Inspection Cameras with 9'' 1080P Screen, IP68 Waterproof Sewer Drain Cam with DVR Recorder & 32GB Card","anysun","FBA","Industrial & Scientific",126837,"N/A","N/A","N/A","N/A","Borescopes",288,1099.99,-14,48,4,66,39680.13,4143,31,4.1,"Yongchangsheng tech","Hong Kong",1,518,"N/A","Large bulky",13,19,22.5,29.5,1801.04,4502.6,"02/28/2026",21,7,9,1.55
"https://amazon.com/dp/B0FFMFVCWX","https://m.media-amazon.com/images/I/71qN-gNQnGL._SX450_.jpg","B0FFMFVCWX","Anysun Self Leveling Sewer Camera 512Hz with Distance Counter, MIC, 7MM Thicker Cable, 300Ft Pipe Inspection Cameras with 9'' 1080P Screen, Video Drain Cam IP68 Industrial Borescope Snake, 32GB Card","anysun","FBA","Industrial & Scientific",126867,717661515162,"N/A",0717661515162,"N/A","Borescopes",288,1099.99,-34,48,4,66,39680.13,4157.09,31,4.1,"Yongchangsheng tech","Hong Kong",1,518,"N/A","Large bulky",4,13.6,20.7,28.85,364.93,912.33,"02/28/2026",8,8,9,1.55
"https://amazon.com/dp/B0D14P2NKP","https://m.media-amazon.com/images/I/71xM0dfb6hL._SX450_.jpg","B0D14P2NKP","Endoscope Borescope Camera with Light, 4.3"" IPS HD Garage Inspection Camera Tools, IP67 Waterproof Drain Pipe Borescope, 8 LEDs, 16.5FT Semi-Rigid Cable for Sewer, Automotive Engine, HVAC, Pipe","Binazon","FBA","Industrial & Scientific",127203,"N/A","N/A","N/A","N/A","Borescopes",290,25.19,-19,33,33,297,908.77,908.35,65,4.2,"Binazon","China",1,266,"N/A","Large Standard-Size",3.03,4.8,7.28,1.08,53.31,147.06,"11/30/2024",24,8,0,0.51
"https://amazon.com/dp/B0CR4CKCQ3","https://m.media-amazon.com/images/I/719l1AuHPFL._SX450_.jpg","B0CR4CKCQ3","Dual Lens Endoscope Camera with Light，16.5FT Anhendeler Borescope Inspection Camera, IP67 Waterproof Borescope, 4.3"" IPS Screen, for Automotive, Pipe, Wall, Gadgets for Men","Anhendeler","FBA","Industrial & Scientific",127292,"N/A","N/A","N/A","N/A","Borescopes",292,29.99,22,24,24,-57,823.44,823.2,206,4.4,"Anhendeler","China",1,457,-87,"Large Standard-Size",2.64,5.83,9.92,1.04,76.87,212.06,"11/30/2024",27,7,3,0.12
"https://amazon.com/dp/B0FP26Y1ZQ","https://m.media-amazon.com/images/I/71DabcxohBL._SX450_.jpg","B0FP26Y1ZQ","HBUDS Sewer Camera, Self Leveling Drain Camera 200ft with Meter Counter, 7mm Thick Cable, 9"" HD Screen 1080P Plumbing Cameras Snake with Light, 5100mAh Battery Duct Pipe Video Inspection Cam DVR 32GB","HBUDS","FBA","Industrial & Scientific",127611,769016779651,"N/A",0769016779651,"N/A","Borescopes",290,549.99,-4,17,2,-104,7600.07,1029.28,153,4.1,"Hanxuan tech","Hong Kong",1,0,"N/A","Large bulky",12.5,18,21.5,20.9,1567.71,3919.27,"12/31/2025",7,7,9,0.11
"https://amazon.com/dp/B0FLXR4H4W","https://m.media-amazon.com/images/I/71DabcxohBL._SX450_.jpg","B0FLXR4H4W","HBUDS Sewer Camera, Self Leveling Drain Camera 65ft with Meter Counter, 7mm Thick Cable, 9"" HD Screen 1080P Plumbing Cameras Snake with Light, 5100mAh Battery Duct Pipe Video Inspection Cam DVR 32GB","HBUDS","FBA","Industrial & Scientific",127611,769016776537,"N/A",0769016776537,"N/A","Borescopes",290,399.99,-19,17,5,-104,7600.07,2052.8,153,4.1,"ZI QUN","Hong Kong",1,0,"N/A","Large bulky",21.5,18,12.5,16.5,1567.71,3919.27,"12/31/2025",8,7,9,0.11
"https://amazon.com/dp/B0D7VDMM6J","https://m.media-amazon.com/images/I/71Nj9GxQrhL._SX450_.jpg","B0D7VDMM6J","Julaiwy Borescope Camera with 8 LED Light, Industrial Endoscope Cameras with Light 4.3"" IPS 1920P HD Screen, Inspection Camera with 16.5ft Semi-Rigid Cable Waterproof, Sewer Drain Pipe Snake Cameras","Julaiwy","FBA","Industrial & Scientific",127779,"N/A","N/A","N/A","N/A","Borescopes",288,26.9,-13,15,15,-38,398.11,397.84,42,4.4,"Kecowl","China",1,213,"N/A","Large Standard-Size",2.72,5.71,10.43,1.23,81.56,224.99,"11/30/2024",21,9,0,0.35
"https://amazon.com/dp/B0FF365GVM","https://m.media-amazon.com/images/I/71sG08sCPUL._SX450_.jpg","B0FF365GVM","FDGSAB Sewer Camera with 512Hz Locator, 20/30/50m, 7"" Pipeline Inspection kit with DVR Function, IP68, 12 Adjustable LEDs, A 32GB Card for Sewer Line, Home, Duct Drain Pipe Plumbing (9618FTR-20)","FDGSAB","FBA","Industrial & Scientific",128473,"N/A","N/A","N/A","N/A","Borescopes",289,599.99,-18,30,24,90,18460.4,14165.17,2,5,"sijifeng","China",1,0,"N/A","Large bulky",15.2,14,10.6,13.9,731.01,1827.52,"01/31/2026",9,7,3,15.11
"https://amazon.com/dp/B0CB6JML8N","https://m.media-amazon.com/images/I/81vwRJ4R2sL._SX450_.jpg","B0CB6JML8N","Endoscope with Light and 16.4ft Semi-Rigid Cable, Handheld Borescope 4.3'' HD 1080P, 8 Adjustable LED Lights, IP67 Waterproof Inspection Camera for Sewer, Gadgets for Men (Single 5m)","SKYEAR","FBA","Industrial & Scientific",128902,785034133046,"N/A",0785034133046,"N/A","Borescopes",295,22.99,"N/A",10,31,,236.87,714.88,583,4.4,"Nuobeili","China",1,1394,-71,"Large Standard-Size",2.99,5.87,11.06,1.32,97.73,269.61,"11/30/2024",33,8,0,0.02
"https://amazon.com/dp/B0D9NT979V","https://m.media-amazon.com/images/I/71cpmS-45FL._SX450_.jpg","B0D9NT979V","Sewer Camera 100FT,W/ 4.3'' IPS HD 32GB DVR Screen,JQKJCAM HD 0.9'' Snake Sewer Drain Iinspection Camera with 12 Light,M+FT Marks,23MM Sewer Line Cameras Waterproof for Pipes Plumber (30m)","JQKJCAM","FBA","Industrial & Scientific",128916,"N/A","N/A","N/A","N/A","Borescopes",292,259.99,-9,25,4,68,6497.3,999.88,14,4.3,"JJKJ Cam","China",1,147,"N/A","Large Standard-Size",6.5,12.1,14,8.3,554.37,1529.31,"02/28/2026",20,8,19,1.81
"https://amazon.com/dp/B0D9NVPM2Q","https://m.media-amazon.com/images/I/71GCNJ0pVaL._SX450_.jpg","B0D9NVPM2Q","150 FT Sewer Camera Snake,with 32GB Card 4.3'' Video Screen,JQKJCAM Sewer Inspection Pipe Drain Camera with Light Meter Counter,17MM/0.67'' Plumbing Borescope for Plumber Householder(50M)","JQKJCAM","FBA","Industrial & Scientific",128917,"N/A","N/A","N/A","N/A","Borescopes",292,332.6,-13,25,1,68,6497.3,329.56,14,4.3,"JJKJ Cam","China",1,147,"N/A","Large Standard-Size",13.39,11.8,6.3,9.26,501.16,1382.52,"02/28/2026",20,8,19,1.81
"https://amazon.com/dp/B0CYPV6964","https://m.media-amazon.com/images/I/71++W0S0wRL._SX450_.jpg","B0CYPV6964","VEVOR Sewer Camera, 98.4 ft/30 m, 4.3"" Pipe Drain Inspection Camera with DVR Function and LED Lights, Waterproof IP68 Borescope, Industrial Endoscope for Home Wall Duct Drain Pipe Plumbing","VEVOR","FBM","Industrial & Scientific",129272,197988568742,"N/A",0197988568742,"N/A","Borescopes",293,249.9,"N/A",48,36,-74,11970.82,9027.12,100,4.1,"Supdear","China",2,1706,55,"Large Standard-Size",13.78,11.81,6.3,7.94,"N/A","N/A","06/30/2025",24,9,3,0.48
"https://amazon.com/dp/B0F64LBZW5","https://m.media-amazon.com/images/I/81Zzff2aTlL._SX450_.jpg","B0F64LBZW5","GearView 210°Articulating Borescope Camera - Inspection Camera 6 Light, Endoscope with 6.2mm IP67 Waterproof Probe, 3X Zoom 2-Way Borescope with Flexible Cablegabg","GearView","FBA","Industrial & Scientific",129623,762849245232,"N/A",0762849245232,"N/A","Borescopes",293,59.99,-31,22,22,-19,1538.05,1537.72,23,3.3,"GearView","China",1,0,"N/A","Large Standard-Size",3.54,11.14,12.64,2.23,250.96,692.31,"09/30/2025",11,7,2,0.97
"https://amazon.com/dp/B0F6CSNVZJ","https://m.media-amazon.com/images/I/61hh5XaeX-L._SX450_.jpg","B0F6CSNVZJ","VEVOR Endoscope Camera with Light, 1920P HD Borescope for Android & iOS, 8 LED Lights Inspection Camera with 16.4FT Semi-Rigid Cable, 2X Zoom, IP67 Waterproof Snake Scope Camera for Auto, Plumbing","VEVOR","Amazon","Industrial & Scientific",129682,197988675518,"N/A",0197988675518,"N/A","Borescopes",294,23.99,-68,2,13,,48.87,318.17,25,4,"Amazon","N/A",2,0,"N/A","Large Standard-Size",1.38,5.39,5.91,0.44,"N/A","N/A","04/30/2025",11,9,0,0.08
"https://amazon.com/dp/B0D72YBNYG","https://m.media-amazon.com/images/I/71QsCH6WdWL._SX450_.jpg","B0D72YBNYG","Anysun Sewer Camera Self-Leveling, 512Hz Transmitter, Distance Counter, 7MM Diameter Cable, Microphone/DVR, 300FT/91.5M Pipe Inspection Camera, 9'' HD 1080P IPS Screen Plumbing Camera IP68-32GB","anysun","FBA","Industrial & Scientific",130195,"N/A","N/A","N/A","N/A","Borescopes",301,1099.99,-8,15,1,-57,12077.06,974.34,13,4.3,"HZDZ_Shop","Hong Kong",1,321,"N/A","Large bulky",12.5,19,23,29.55,1770.25,4425.64,"06/30/2025",22,7,6,1.13
"https://amazon.com/dp/B0DG92JLVS","https://m.media-amazon.com/images/I/71LCg8UNbZL._SX450_.jpg","B0DG92JLVS","Anysun Sewer Camera with Locator Set, Self-Leveling, 7mm Cable with Depth Marking, IP68 Waterproof Plumbing Endoscope Drain Snake Camera with 9'' Color Screen, 12pcs Light, Recorder with 32GB(150FT)","anysun","FBA","Industrial & Scientific",131355,717331218843,"N/A",0717331218843,"N/A","Borescopes",294,959.99,-27,9,3,,9968.14,2748.41,4,5,"ToBestGift","China",1,0,"N/A","Large bulky",13.6,19.7,21.1,23.7,1832.03,4580.07,"02/28/2026",19,8,9,2.37
"https://amazon.com/dp/B0G33NS5WQ","https://m.media-amazon.com/images/I/71-ukywHHTL._SX450_.jpg","B0G33NS5WQ","Endoscope Camera with Light, Dual-Lens 1920P HD Borescope Tools with 8+1 Adjustable LED Lights, 16.4FT Semi-Rigid Snake Cord IP67 Waterproof Inspection Camera for iPhone, iPad, iOS and Android Phone","CMRVBNQ","FBA","Industrial & Scientific",131811,"N/A","N/A","N/A","N/A","Borescopes",295,19.59,-40,216,216,,4292.42,4290.79,68,4.4,"SZLSD Technology","China",1,0,"N/A","Large Standard-Size",1.61,5.08,5.16,0.4,21.25,58.61,"02/28/2026",4,8,0,3.18
"https://amazon.com/dp/B0DKR2SJ3B","https://m.media-amazon.com/images/I/715BFCLXqKL._SX450_.jpg","B0DKR2SJ3B","Triplett BR400A Waterproof High Definition Borescope with 360° Rotating Dual Camera","Triplett","FBM","Industrial & Scientific",133488,614395005641,00614395005641,0614395005641,"N/A","Borescopes",299,549.99,-7,16,1,-31,2541.69,270.89,7,3.6,"Test Equipment Depot","USA",1,205,"N/A","Large Standard-Size",10,7.5,3.5,2.05,"N/A","N/A","09/30/2025",17,6,17,2.25
"https://amazon.com/dp/B0FJQXBS5V","https://m.media-amazon.com/images/I/61P+jz1uNZL._SX450_.jpg","B0FJQXBS5V","4in1 Endoscope Camera with Light, Borescope for iPhone Andriod PC, 1920HD Endoscope Camera for iPhone with 8 Adjustable LED Lights, IP67 Waterproof Inspection Industrial Borescope Tool (Single Lens)","Trizotek","FBA","Industrial & Scientific",134042,"N/A","N/A","N/A","N/A","Borescopes",300,19.99,-20,18,14,128,392.13,273.44,19,3.6,"Demeter Gift Store","China",1,0,"N/A","Large Standard-Size",1.34,7.32,8.58,0.4,42.37,116.89,"09/30/2025",8,7,2,0.96
"https://amazon.com/dp/B09YGNWL44","https://m.media-amazon.com/images/I/81kjPZcxXCL._SX450_.jpg","B09YGNWL44","Dual Lens Endoscope Camera with Light, Teslong 4.5"" HD Snake Borescope Inspection Camera, 0.2inch Automotive Scope Camera with Flexible Cable, Industrial Fiber Optic for Engine Mechanic(5FT)","Teslong","FBA","Industrial & Scientific",136229,"N/A","N/A","N/A","N/A","Borescopes",299,89.99,-29,50,50,2,4496.82,4496.2,178,4.3,"Teslong","China",1,692,"N/A","Large Standard-Size",2.91,6.65,8.11,1.23,79.02,217.97,"11/30/2024",47,9,0,0.28
"https://amazon.com/dp/B0GK74151C","https://m.media-amazon.com/images/I/71cwyT0AHOL._SX450_.jpg","B0GK74151C","Holdwell S Sewer Camera with 512Hz Locator Self-Leveling Borescopes Plumbing with Transmitter 9""HD Color Screen Waterproof IP68 Borescope Camera with Light 165ft/50m for Plumbing Duct Home Inspection","Holdwell S","FBA","Industrial & Scientific",136445,"N/A","N/A","N/A","N/A","Borescopes",301,899.88,120,15,3,,12297.95,2581.03,"N/A","N/A","Holdwell S","N/A",1,0,"N/A","Large bulky",11.5,15.5,16.5,18.3,953.14,2382.86,"02/28/2026",2,7,4,"N/A"
"https://amazon.com/dp/B0GK6QP48Y","https://m.media-amazon.com/images/I/71A8EXYWmsL._SX450_.jpg","B0GK6QP48Y","Holdwell S Sewer Camera with 512Hz Transmitter Self-Leveling Borescopes Plumbing 9"" HD Color Screen Waterproof IP68 Borescope Camera with Light 165 ft/50 m for Home Wall Duct Drain Pipe Plumbing","Holdwell S","FBA","Industrial & Scientific",136657,"N/A","N/A","N/A","N/A","Borescopes",313,599.99,29,15,2,,12297.95,1370.64,"N/A","N/A","Holdwell S","N/A",1,0,"N/A","Large bulky",12.99,10.6,15.16,14.44,676.49,1691.21,"02/28/2026",2,7,4,"N/A"
"https://amazon.com/dp/B0GK7R95WR","https://m.media-amazon.com/images/I/71vfqLgyiDL._SX450_.jpg","B0GK7R95WR","Holdwell S Sewer Camera with 512Hz Transmitter Self-Leveling Borescopes Plumbing 9"" HD Color Screen Waterproof IP68 Borescope Camera with Light 100 ft/30 m for Home Wall Duct Drain Pipe Plumbing","Holdwell S","FBA","Industrial & Scientific",136661,"N/A","N/A","N/A","N/A","Borescopes",313,499.88,29,15,4,,12297.95,2120.14,"N/A","N/A","Holdwell S","N/A",1,0,"N/A","Large bulky",10.8,12.9,15.5,13.25,699.83,1749.56,"02/28/2026",2,7,4,"N/A"
"https://amazon.com/dp/B00GY7C9ZW","https://m.media-amazon.com/images/I/61UAUlmbW8L._SX450_.jpg","B00GY7C9ZW","Vividia Ablescope VA-400 v5 Rigid One-Way Articulating USB Borescope 8.5mm/0.33"" Diameter 42cm/16.5"" IP67 Waterproof Probe","VIVIDIA","FBA","Industrial & Scientific",136671,858499002834,"N/A",0858499002834,"N/A","Borescopes",302,235.8,-27,17,17,-42,4053.22,4053.15,202,3.9,"SmokeDaddy LLC","USA",4,189,-40,"Large bulky",3,4.4,28,2.55,119.78,299.44,"03/31/2024",148,9,0,0.09
"https://amazon.com/dp/B0GKN7LJ1K","https://m.media-amazon.com/images/I/71YeJt-GVrL._SX450_.jpg","B0GKN7LJ1K","Gatebig Sewer Camera with Locator,165FT/50M,9"" IPS Self Leveling Sewer Inspection Camera with DVR, IP68 Plumbing Snake with 12 LEDs for Home,Duct Drain Pipe","Gatebig","-","Industrial & Scientific",137128,"N/A","N/A","N/A","N/A","Borescopes",368,725.99,"N/A",1,0,,441.8,"-","N/A","N/A",,"N/A",1,0,"N/A","Large bulky",13.55,19.5,21,23.45,"N/A","N/A","02/28/2026",2,"N/A",6,"N/A"
"https://amazon.com/dp/B0FGH475P3","https://m.media-amazon.com/images/I/61nIQruLQGL._SX450_.jpg","B0FGH475P3","Milwaukee Electric - M12. AUTO Technician BORESCOPE","Milwaukee","FBM","Industrial & Scientific",139540,045242821525,00045242821525,0045242821525,"N/A","Borescopes",321,425.78,-11,13,13,,5823.08,5822.94,2,5,"BoxYeah","USA",4,0,"N/A","Large Standard-Size",6.25,13.5,16,6.2,"N/A","N/A","01/31/2026",8,3,0,6.41
"https://amazon.com/dp/B0F1Y5TN2Q","https://m.media-amazon.com/images/I/71mn7lAcF0L._SX450_.jpg","B0F1Y5TN2Q","Anysun 9"" Replacement Screen for Sewer Camera Mode 9DX23, High-Resolution LCD Screen, Compatible with Anysun HBUDS Pipe Inspection Cameras System-CR110-9DX23","anysun","FBM","Industrial & Scientific",139555,717382442068,"N/A",0717382442068,"N/A","Borescopes",316,129.99,-16,26,13,115,3443.01,1741.7,"N/A","N/A","HZDZ_Shop","Hong Kong",1,0,"N/A","N/A","N/A","N/A","N/A","N/A","N/A","N/A","02/28/2026",12,2,2,"N/A"
"https://amazon.com/dp/B0BJKTWZBV","https://m.media-amazon.com/images/I/71ubwZVoOzL._SX450_.jpg","B0BJKTWZBV","Self-Leveling Sewer Camera 100FT, Anysun 9"" HD Screen Pipe Borescope Drain Inspection with 12pcs LED Light, DVR Recorder with 32GB Card, IP68 Waterproof Plumbing Cam, 7mm Cable with Meter Marks","anysun","FBA","Industrial & Scientific",139791,774638981412,"N/A",0774638981412,"N/A","Borescopes",309,539.99,-17,21,6,-46,13636.42,3312.57,89,4.3,"ToBestGift","China",1,0,"N/A","Large bulky",11.5,17.3,19.75,16.4,1273.37,3183.43,"01/31/2026",41,7,12,0.23
"https://amazon.com/dp/B081J3LN61","https://m.media-amazon.com/images/I/71TRX9CGSnL._SX450_.jpg","B081J3LN61","50FT Endoscope Camera with Light, Oiiwak Snake Borescope Endoscope Inspection Camera for Pipe Sewer Drain Plumbing Inspection 1080P HD 4.3"" IPS Screen IP67 Waterproof","Oiiwak","FBA","Industrial & Scientific",140191,738944723289,00738944723289,0738944723289,"N/A","Borescopes",306,69.99,-19,77,77,-26,5879.74,5878.83,3083,4,"Oiiwak Tech","China",1,1068,-55,"Large Standard-Size",3.43,6.61,8.74,2.8,99.77,275.22,"04/30/2024",77,8,6,0.02
"https://amazon.com/dp/B0F7F941JH","https://m.media-amazon.com/images/I/716RWcVhHaL._SX450_.jpg","B0F7F941JH","SPRIDRAIN Sewer Camera Head Replacement, 12 Lights Guide Wheel Protective Cover, Accessory Parts for 23MM/0.9In Plumbing Pipe Drain Camera","SPRIDRAIN","FBA","Industrial & Scientific",140519,"N/A","N/A","N/A","N/A","Borescopes",312,118,-37,21,21,,2508.68,2508.57,1,5,"SYANSPAN TECH","China",2,0,"N/A","Large Standard-Size",2.64,4.02,6.73,0.71,35.96,99.2,"01/31/2026",11,9,0,21.22
"https://amazon.com/dp/B0BLTX4VFJ","https://m.media-amazon.com/images/I/71Y6VB1gs3L._SX450_.jpg","B0BLTX4VFJ","Autel MaxiVIDEO MV108S Digital Inspection Camera - 2MP 1080P, Up of MV108/MV105S, IP67 Waterproof Industrial Endoscope, 8 LED Lights (Hook/Mirror/Magnet Included), Work w/PC & Autel Scanners","Autel","FBA","Industrial & Scientific",140522,792499186142,"N/A",0792499186142,"N/A","Borescopes",304,49,-14,11,11,,519.43,519.31,15,4.8,"Autel Exclusive","China",1,151,"N/A","Large Standard-Size",2.64,5.2,9.92,0.99,68.56,189.14,"11/30/2025",41,8,0,0.71
"https://amazon.com/dp/B0BTH4WYWX","https://m.media-amazon.com/images/I/61bSQVnyiyL._SX450_.jpg","B0BTH4WYWX","AUTOOL Borescope Camera with Light, 210° Two-Way Endoscope Inspection Camera, 6.45mm Steering Len, 6 LED Light, HD 1080P Video Borescope Compatible with Android and iOS Phone with 3FT Snake Cable","AUTOOL","FBA","Industrial & Scientific",141233,"N/A","N/A",6972697787820,"N/A","Borescopes",318,125.99,-20,34,20,55,4737.26,2489.05,18,4.5,"AUTOOL-DIRECT","China",1,242,122,"Large Standard-Size",3.5,8.66,16.65,2.31,254.08,700.92,"02/28/2026",38,9,4,1.91
"https://amazon.com/dp/B0BTHFGGMW","https://m.media-amazon.com/images/I/61rb66q6G6L._SX450_.jpg","B0BTHFGGMW","AUTOOL Two-Way 210° Endoscope Camera with Light, 0.21inch Borescope Inspection Camera, 5-inch 1080P Articulating Borescope with LED Light 3FT Flexible Cable, 32GB SD Card","AUTOOL","FBA","Industrial & Scientific",141235,"N/A","N/A",6972697787837,"N/A","Borescopes",318,145.99,-16,34,10,55,4737.26,1413.73,18,4.5,"AUTOOL-DIRECT","China",1,242,122,"Large Standard-Size",3.46,8.5,16.57,2.67,245.35,676.84,"02/28/2026",38,8,4,1.91
"https://amazon.com/dp/B0DQH18QGD","https://m.media-amazon.com/images/I/71ubwZVoOzL._SX450_.jpg","B0DQH18QGD","Self-Leveling Sewer Camera 300FT, Anysun 9"" HD Screen DVR Recorder with 32GB Card, IP68 Waterproof Plumbing Cam Pipe Borescope Drain Inspection with 12pcs LED Light, 7mm Cable with Meter Marks","anysun","FBA","Industrial & Scientific",141302,717504240985,"N/A",0717504240985,"N/A","Borescopes",312,799.99,"N/A",25,2,-38,16279.92,1961.93,89,4.3,"ToBestGift","China",1,0,"N/A","Large bulky",12.2,16.54,10.24,17.64,669.46,1673.66,"01/31/2026",16,7,12,0.28
"https://amazon.com/dp/B0CYSJHBGQ","https://m.media-amazon.com/images/I/71nZmy7kGgL._SX450_.jpg","B0CYSJHBGQ","Anysun Sewer Camera with 512hz sonde, Self Leveling Sewer Inspection Camera 200ft with 7MM Cable and Meter Marker, 9'' Monitor and DVR, 12 Adjustable Lights(32GB Card)","anysun","FBA","Industrial & Scientific",142391,774049583854,"N/A",0774049583854,"N/A","Borescopes",313,797.99,-31,23,3,-21,16421.96,2385.27,15,4.2,"Nedive","Hong Kong",1,416,"N/A","Large bulky",12,17,20,20.1,1322.22,3305.56,"08/31/2025",24,7,3,1.52
"https://amazon.com/dp/B0FQPK66F7","https://m.media-amazon.com/images/I/7186TNp6btL._SX450_.jpg","B0FQPK66F7","3.9mm Small Hole Borescope, Aperture Endoscope Camera - Suitable for. 20 Caliber and Larger Pipes, Gun Barrel Inspection Tool, Suitable for Android and iOS Smartphones iPhone, iPad, Samsung","StrongTools","FBA","Industrial & Scientific",142401,"N/A","N/A","N/A","N/A","Borescopes",316,35.99,-16,15,15,27,544.16,544.02,30,3.7,"StrongTools","China",1,0,"N/A","Large Standard-Size",2.2,4.69,5.16,0.31,26.82,73.99,"01/31/2026",7,8,0,0.5
"https://amazon.com/dp/B0DR8ZGWQB","https://m.media-amazon.com/images/I/81x8cZAhZAL._SX450_.jpg","B0DR8ZGWQB","Gifts for Men, Triple Lens Endoscope Camera with Light, 1080P Industrial Borescope with 32GB Card - IP68 & 4.5"" Sewer Inspection Camera with 16.5FT Semi-Rigid Cable, Cool Tools for Men","ADvancore","FBA","Industrial & Scientific",142822,"N/A","N/A","N/A","N/A","Borescopes",308,61.99,-32,17,3,-85,926.87,172.41,9,4.8,"ADvancore","China",1,2330,"N/A","Large Standard-Size",3.5,5.47,9.02,1.21,86.94,239.84,"11/30/2025",15,6,8,1.87
"https://amazon.com/dp/B0DR8W47C6","https://m.media-amazon.com/images/I/81pq7SNgG0L._SX450_.jpg","B0DR8W47C6","[Triple-Lens] Endoscope Camera with Light, 1080P Borescope with 32GB Card - IP68 & 4.5"" Sewer Inspection Camera with 16.5FT Semi-Rigid Cable, Mens Gifts for Fathers, Dad, Tools for Men, Husbands","ADvancore","FBA","Industrial & Scientific",142857,"N/A","N/A","N/A","N/A","Borescopes",308,59.99,-25,17,5,-85,926.87,290.22,9,4.8,"ADvancore","China",1,2330,"N/A","Large Standard-Size",3.23,5.51,9.06,1.26,81.18,223.95,"11/30/2025",13,6,8,1.87
"https://amazon.com/dp/B0FLQ1TFBW","https://m.media-amazon.com/images/I/71Q5fEh99zL._SX450_.jpg","B0FLQ1TFBW","Anysun Sewer Camera Self Leveling 165ft, Sewer Inspection Camera with Meter Marker,HD Screen, DVR, 12 Adjustable LED Lights, 5mm Cable, 5100mAh Rechargeable Battery, 32GB Card","anysun","FBA","Industrial & Scientific",142990,769016774052,"N/A",0769016774052,"N/A","Borescopes",309,399.99,-11,9,2,78,3360.22,1000.89,1,5,"Nedive","Hong Kong",1,0,"N/A","Large bulky",13,12,12,16,606.67,1516.67,"11/30/2025",8,6,2,8.77
"https://amazon.com/dp/B0DSZT4GNC","https://m.media-amazon.com/images/I/81PEy8k1IGL._SX450_.jpg","B0DSZT4GNC","JYTONE Endoscope Camera with Light, 5.5mm Waterproof Borescope with 4.3"" HD Screen, 33ft Semi-Rigid Cable for Automotive, Plumbing, Pipe Inspection","JYTONE","FBA","Industrial & Scientific",143278,"N/A","N/A","N/A","N/A","Borescopes",319,50.99,5,11,3,-125,536.02,150.49,104,4.4,"ERYUHAIAN","China",2,1175,"N/A","Large Standard-Size",3.35,6.06,10.87,1.63,111.1,306.49,"12/31/2025",15,7,3,0.11
"https://amazon.com/dp/B0DZ66K1CC","https://m.media-amazon.com/images/I/61ikHUIkFXL._SX450_.jpg","B0DZ66K1CC","VEVOR 100 ft/30 m Drain Inspection Camera with 7"" Screen, IP68 Waterproof, 12 LED Lights, 16GB SD Card for Sewer Line, Duct Drain Pipe Plumbing","VEVOR","FBM","Industrial & Scientific",143333,197988857686,"N/A",0197988857686,"N/A","Borescopes",317,289.9,-11,8,8,59,2253.42,2253.24,4,2.8,"Suplander","China",2,154,"N/A","Large bulky",16.54,7.48,14.96,11.9,"N/A","N/A","03/31/2025",13,12,0,1.95
"https://amazon.com/dp/B0G356J23V","https://m.media-amazon.com/images/I/61uiakNV5wL._SX450_.jpg","B0G356J23V","3 in 1 Inspection Camera with Light, HD Inspection Camera Borescope, IP67 Waterproof Borescope with 6 Adjustable LED Light Snake Cable USB Adapter for Android Phone PC(1 M)","Vornetil","FBA","Industrial & Scientific",143440,"N/A","N/A","N/A","N/A","Borescopes",318,6.71,-87,27,6,,171.08,38.92,4,2.2,"brocade yjq","N/A",1,0,"N/A","Small Standard-Size",5.91,5.51,0.39,0.13,6.45,17.8,"01/31/2026",4,4,6,6.78
"https://amazon.com/dp/B071HYRPND","https://m.media-amazon.com/images/I/41T8Wqz8H+L._SX450_.jpg","B071HYRPND","USB Snake Inspection Camera, FANTRONICS Scope Camera with 8 LED Lights IP67 Waterproof Semi-Rigid Snake Cord USB C Borescope for iPhone, iPad and Android Phone (16.4ft)","FANTRONICS","FBA","Industrial & Scientific",143583,669665422451,"N/A",0669665422451,"N/A","Borescopes",318,18.99,-13,47,47,-91,901.41,900.81,8264,4.1,"My Fantronics","China",1,1713,-63,"Large Standard-Size",2.28,4.69,5.04,0.44,27.13,74.85,"11/30/2024",106,7,0,0.01
"https://amazon.com/dp/B0FM7X3P5X","https://m.media-amazon.com/images/I/71-C0anQ4qL._SX450_.jpg","B0FM7X3P5X","JINXINEBAY 10 Inch IPS Sewer Inspection Camera with 512Hz Locator, 1080P AHD, 50M Cable, DVR, Auto Self-Leveling, 5X Zoom, TF Card, LED Lights for Pipe/Wall/Drain (100FT/512hz Locator)","JINXINEBAY","FBA","Industrial & Scientific",143844,"N/A","N/A","N/A","N/A","Borescopes",310,899.99,-20,35,5,133,27421.89,4929.79,7,4.8,"JINXINEBAY Store","China",1,0,"N/A","Large bulky",14,18.5,20,30.05,1678.7,4196.76,"01/31/2026",8,7,4,4.97
"https://amazon.com/dp/B0FMDTV17J","https://m.media-amazon.com/images/I/71-C0anQ4qL._SX450_.jpg","B0FMDTV17J","JINXINEBAY 10 Inch IPS Sewer Inspection Camera with 512Hz Locator, 1080P AHD, 50M Cable, DVR, Auto Self-Leveling, 5X Zoom, TF Card, LED Lights for Pipe/Wall/Drain (165FT/512hz Locator)","JINXINEBAY","FBA","Industrial & Scientific",143844,"N/A","N/A","N/A","N/A","Borescopes",310,999.99,-16,35,3,133,27421.89,3284.74,7,4.8,"JINXINEBAY Store","China",1,0,"N/A","Large bulky",14,18.5,20,32.35,1678.7,4196.76,"01/31/2026",8,8,4,4.97
"https://amazon.com/dp/B0FK4K2Y6W","https://m.media-amazon.com/images/I/815LBRWx+QL._SX450_.jpg","B0FK4K2Y6W","Sumkea Sewer Camera, Self-Leveling Sewer Camera with Locator, 250ft Plumbing Cameras with 10"" IPS Screen for Pipe Inspection, 7MM Cable, IP68 Waterproof, 140° Wide-Angle Lens, with Keyboard, DVR, 5X","SumKea","FBM","Industrial & Scientific",144080,774882256717,"N/A",0774882256717,"N/A","Borescopes",311,1599.99,-9,1,0,-64,1105.03,"-",2,5,"SumKea","China",1,0,"N/A","Extra-large 70+ to 150 lb",24.4,21.98,19.69,54.89,"N/A","N/A","09/30/2025",8,9,4,0.55
"https://amazon.com/dp/B071ZHXRZZ","https://m.media-amazon.com/images/I/51epBJViJEL._SX450_.jpg","B071ZHXRZZ","Komshine Fiber Optic Inspection Video Probe KIP-600V 400X Magnification Real-time Video Recording + 4 UPC Tips + 3.5 inch HD LCD Display + 4,000mAh Large Battery Capacity FTTX Tool","KOMSHINE","FBA","Industrial & Scientific",144308,"N/A","N/A",7849717739994,"N/A","Borescopes",321,535,-6,10,2,-52,1746.65,823,3,5,"Just fiber optic","China",2,146,25,"Large Standard-Size",3.86,8.03,11.97,1.74,186.73,515.11,"11/30/2024",107,9,4,3.23
"https://amazon.com/dp/B0FKB6Q7DF","https://m.media-amazon.com/images/I/71ueIKG9ogL._SX450_.jpg","B0FKB6Q7DF","Anysun Self-Leveling Sewer Camera with Meter Marking, 9'' IPS Screen, HD 1080P Resolution, 5100mAh Battery, 165ft 5mm Cable Sewer Drain Video Inspection Camera with DVR Recorder and 32GB SD Card","anysun","FBA","Industrial & Scientific",144441,769016773888,"N/A",0769016773888,"N/A","Borescopes",324,429.99,-19,37,16,28,18132.76,7058.2,5,4.8,"HZDZ_Shop","Hong Kong",1,0,"N/A","Large bulky",12.48,13.3,14.17,15.96,762.22,1905.55,"02/28/2026",7,7,9,7.31
"https://amazon.com/dp/B0D97DVVN3","https://m.media-amazon.com/images/I/71od6mmLLQL._SX450_.jpg","B0D97DVVN3","Teslong Autofocus Articulating Borescope, 5-inch IPS Endoscope Inspection Camera with Two-Way Articulation Auto Focus Probe, Industrial Fiber Optic Scope for Automotive Mechanics (0.24inch-5FT)","Teslong","FBA","Industrial & Scientific",144533,"N/A","N/A","N/A","N/A","Borescopes",312,309.99,-45,4,4,48,1369.56,1369.47,45,4.2,"Teslong","China",1,192,"N/A","Large Standard-Size",3.5,8.66,16.65,3.22,254.08,700.92,"06/30/2025",21,9,0,0.1
"https://amazon.com/dp/B0CR3JKML1","https://m.media-amazon.com/images/I/51v+SkEGDvL._SX450_.jpg","B0CR3JKML1","Endoscope Camera for iPhone 14/13/12/11 Pro/Pro Max,1920P Inspection Camera with 8 Adjustable LED Lights, IP68 Waterproof Borescope Snake Camera for iPhone & iPad (16.5ft Semi-Rigid Cable)","LUKZATEN","FBA","Industrial & Scientific",144557,"N/A","N/A","N/A","N/A","Borescopes",314,21.95,-4,36,36,119,784.3,784.19,22,4.2,"Lukzaten US","China",1,242,15,"Large Standard-Size",1.46,4.76,4.8,0.4,16.79,46.33,"06/30/2025",28,9,0,1.62
"https://amazon.com/dp/B0FRSSTC51","https://m.media-amazon.com/images/I/71BY6BHjMmL._SX450_.jpg","B0FRSSTC51","Oiiwak Sewer Camera 100ft, Drain Pipe Inspection Camera with 7"" IPS HD Screen, DVR & Audio Recorder Industrial Borescope Camera for Plumbing Drain Pipe Inspection, IP68 Waterproof, 32GB Card, 12 LEDs","Oiiwak","FBA","Industrial & Scientific",145164,"N/A","N/A","N/A","N/A","Borescopes",321,439.99,"N/A",11,11,,4834.9,4834.66,78,4.3,"Oiiwak Tech","China",1,15,"N/A","Large Standard-Size",16.73,12.99,7.68,11.07,840.31,2318.11,"11/30/2024",2,9,7,0.14