"URL","Image URL","ASIN","Title","Brand","Fulfillment","Category","BSR","UPC","GTIN","EAN","ISBN","Subcategory","Subcategory BSR","Price","Price Trend (90 days) (%)","Parent Level Sales","ASIN Sales","Sales Trend (90 days) (%)","Parent Level Revenue","ASIN Revenue","Review Count","Reviews Rating","Seller","Seller Country/Region","Number of Active Sellers","Last Year Sales","Sales Year Over Year (%)","Size Tier","Length","Width","Height","Weight","Storage Fee (Jan - Sep)","Storage Fee (Oct - Dec)","Best Sales Period","Age (Month)","Number of Images","Variation Count","Sales to Reviews"
"https://amazon.com/dp/B0CYH7V921","https://m.media-amazon.com/images/I/71M5nL9oDZL._SX450_.jpg","B0CYH7V921","Thermal Scope 12μm 400x300 Thermal Monocular Hunting Night Vision Scope 25mm IP67 Handheld Thermal Night Vision 8X Zoom WiFi Thermal Imaging Monocular,16GB Video Record","YWYLL","FBM","Sports & Outdoors",1051722,"N/A","N/A","N/A","N/A","Night Vision Monoculars",265,1389,-9,0,0,,"-","-",1,5,"shenzhenshijinmanxiukejiyouxiangongsi","China",1,15,"N/A","Large Standard-Size",12.01,10.43,5.31,4.41,"N/A","N/A","09/30/2025",23,6,0,0
"https://amazon.com/dp/B0DCF4H4HK","https://m.media-amazon.com/images/I/71QswLemafL._SX450_.jpg","B0DCF4H4HK","TOP NVG NVGRA Camera Adapter for RunCam Helmet Camera","TOP NVG","FBM","Sports & Outdoors",1055741,"N/A","N/A","N/A","N/A","Night Vision Binoculars & Goggles",650,35,-26,0,0,-150,"-","-","N/A","N/A","Total Overwatch Productions","USA",1,8,"N/A","N/A",2,2,2,"N/A","N/A","N/A","08/31/2025",19,3,0,"N/A"
"https://amazon.com/dp/B0CK5CMGBQ","https://m.media-amazon.com/images/I/41Cco9KvLlL._SX450_.jpg","B0CK5CMGBQ","AGM Global vision Wolf-7 PRO NL1 Night Vision Goggles gen2+ Level 1, P43 Green phosphore IIT, IR Illuminator, High-Grade Night Vision, 5-Year Warranty","AGM Global Vision","Amazon","Sports & Outdoors",1056733,850038039431,"N/A",0850038039431,"N/A","Night Vision Binoculars & Goggles",649,2375.75,-26,2,2,,4405.15,4405.07,"N/A","N/A","Amazon","N/A",3,11,"N/A","Large Standard-Size",10,7,3,1.65,"N/A","N/A","11/30/2025",29,4,0,"N/A"
"https://amazon.com/dp/B0DRFY4W3Q","https://m.media-amazon.com/images/I/51vreLZPb2L._SX450_.jpg","B0DRFY4W3Q","VANTARA HD Night Vision Binoculars - 3 Inch Portable Adult Night Vision Scope - Supports 128GB Memory Card - for Hunting Observation Y200","VANTARA","FBA","Sports & Outdoors",1057833,761855539144,"N/A",0761855539144,"N/A","Night Vision Binoculars & Goggles",646,89.99,"N/A",1,1,,89.99,89.97,"N/A","N/A","BA1111","China",1,0,"N/A","Large Standard-Size",7.48,5.91,3.94,1.06,87.56,241.55,"02/28/2026",15,6,0,"N/A"
"https://amazon.com/dp/B0BQ31RHZM","https://m.media-amazon.com/images/I/51z5meixS5L._SX450_.jpg","B0BQ31RHZM","TEQIN Night Vision Monocular, Night Vision InfraredMonocular with 1.5"" TFT LCD Display Screen, 984ft/300M Viewing Range in 100% Dark, for Hunting Camping Travel Black","TEQIN","FBA","Sports & Outdoors",1062384,"N/A","N/A",6955268550399,"N/A","Night Vision Monoculars",270,36.99,-19,0,0,,"-","-",2,1.5,"Patricia.","China",1,16,-6,"Large Standard-Size",3.15,3.15,7.09,0.71,35.39,97.64,"11/30/2024",39,9,1,0
"https://amazon.com/dp/B0FN7PJQ4B","https://m.media-amazon.com/images/I/618sbt2A0rL._SX450_.jpg","B0FN7PJQ4B","First Thermal Night Vision AR Glasses 384x288 Thermal Monocular 1500M Detection Thermal Imaging Multi-Functional Use,128GB Video Recording 80"" AR Display,Thermal Vision for Hunting,Fishing,Inspection","Guune","FBM","Sports & Outdoors",1064801,"N/A","N/A","N/A","N/A","Night Vision Monoculars",269,2299,-2,0,0,-114,"-","-",1,5,"Guune","China",1,0,"N/A","N/A","N/A","N/A","N/A","N/A","N/A","N/A","09/30/2025",7,9,2,0
"https://amazon.com/dp/B0B754R4QF","https://m.media-amazon.com/images/I/41Ws1yMtu4L._SX450_.jpg","B0B754R4QF","Bush Furniture Cabot 60W Single Pedestal Desk and Hutch, White","Bush Home","FBM","Sports & Outdoors",1064852,042976158361,00042976158361,0042976158361,"N/A","Home Office Desks",6382,490.73,-40,2,1,-23,774.46,246.93,19,3.4,"Cymax","USA",2,0,"N/A","Extra-large 150+ lb",65.5,27.1,4.5,178,"N/A","N/A","11/30/2025",44,6,6,0.08
"https://amazon.com/dp/B0FN7ZK1KZ","https://m.media-amazon.com/images/I/619B3tzxF5L._SX450_.jpg","B0FN7ZK1KZ","Guune Thermal Night Vision AI AR Glasses 384x288 12μm Head-Mounted Thermal Night Vision Goggles for Hunting,Thermal Imaging 60Hz128GB,Thermal Monocular for Hunting,Fishing and Inspections","Guune","FBM","Sports & Outdoors",1071052,"N/A","N/A","N/A","N/A","Night Vision Monoculars",276,2299,3,0,0,-114,"-","-",1,5,"Guune","China",1,0,"N/A","N/A","N/A","N/A","N/A","N/A","N/A","N/A","09/30/2025",7,9,2,0
"https://amazon.com/dp/B0BXL38NTH","https://m.media-amazon.com/images/I/61K8q7FQQTL._SX450_.jpg","B0BXL38NTH","E.T Dragon Tactical 3-Hole Type 2 Skeleton NVG Mount Shroud for ACH/MICH/OPS-Core Fast/Crye AirFrame Helmet","E.T Dragon","FBM","Sports & Outdoors",1071314,734134183529,"N/A",0734134183529,"N/A","Night Vision Binoculars & Goggles",657,25.99,"N/A",0,0,,"-","-",5,3.5,"AIMGEAR HUNTINGNSPORTING STORE","China",1,0,"N/A","Large Standard-Size",0.83,3.39,5,0.09,"N/A","N/A","07/31/2024",36,6,0,0
"https://amazon.com/dp/B0FNCV2WPC","https://m.media-amazon.com/images/I/61GjhyDN8fL._SX450_.jpg","B0FNCV2WPC","YWYLL 384x288 12μm 1500M Thermal Night Vision AR Thermal Glasses, AI-Powered Thermal Goggles for Hunting,Fishing and DIY Repairs, Dual EIS+OIS 48MP Stabilized POV Camera (Dessert Yellow)","YWYLL","FBA","Sports & Outdoors",1073237,"N/A","N/A","N/A","N/A","Night Vision Binoculars & Goggles",658,2299,-45,0,0,-50,"-","-",4,5,"YWYLL","China",1,0,"N/A","Large Standard-Size",12.87,11.14,5.87,7.72,423.64,1168.66,"11/30/2025",7,8,2,0.1
"https://amazon.com/dp/B0F8QM6ZXP","https://m.media-amazon.com/images/I/71dHg4bTsHL._SX450_.jpg","B0F8QM6ZXP","BLESSOURCE Night Vision Goggles - Eagle 4K Night Vision Binoculars for Adults with Dual-Lens Magnified Display, 3 IR Modes, 8X Zoom, 3'' HD Screen, 5000mAh Battery, 64GB Card, for Outdoor & Hunting","BLESSOURCE","FBA","Sports & Outdoors",1074802,"N/A","N/A","N/A","N/A","Night Vision Binoculars & Goggles",659,79.99,-55,0,0,-100,"-","-",4,4.2,"BLESSOURCE","China",1,0,"N/A","Large Standard-Size",3.9,8.15,10.31,3.88,164.99,455.14,"09/30/2025",10,9,0,0
"https://amazon.com/dp/B0D7MFNZ69","https://m.media-amazon.com/images/I/61tbk3joY7L._SX450_.jpg","B0D7MFNZ69","PAERKU Upgraded Pvs14 Night Vision Mount, Night Vision Bridge with Adjustable Field of View for pvs14 Support 2 Optical Night Visions or 1 Digital Night Vision (British Standard)","PAERKU","FBA","Sports & Outdoors",1074833,"N/A","N/A","N/A","N/A","Night Vision Binoculars & Goggles",660,10.9,-76,0,0,,"-","-","N/A","N/A","PAERKU","China",1,6,"N/A","Large Standard-Size",3.74,3.74,1.97,0.31,13.87,38.27,"07/31/2024",21,8,0,"N/A"
"https://amazon.com/dp/B0DY7S115F","https://m.media-amazon.com/images/I/71OaKkgtkkL._SX450_.jpg","B0DY7S115F","Night Vision Goggles,Binoculars for Adults - 5000mAh Long-Lasting, 3'' Screen & 10X Zoom Camping, Security","COLALY","FBM","Sports & Outdoors",1076169,"N/A","N/A","N/A","N/A","Night Vision Binoculars & Goggles",666,84.78,-33,0,0,,"-","-",32,4.2,"BE_MY_GUEST","Serbia",1,0,"N/A","Large Standard-Size",3.54,5.79,7.44,1.48,"N/A","N/A","03/31/2025",13,8,0,0
"https://amazon.com/dp/B0DHJLT76B","https://m.media-amazon.com/images/I/61uIju09wiL._SX450_.jpg","B0DHJLT76B","ATN BionX 4T 640 Thermal Binocular with Gen 4 640x480, 60Hz, <25 mK Sensor | 1-10x Magnification | Built-in Laser Rangefinder, Live Streaming Capable | Exclusive Signature Series Gift Kit","Certified Brands","FBM","Sports & Outdoors",1076592,840454601473,"N/A",0840454601473,"N/A","Night Vision Binoculars & Goggles",663,4309,-37,0,0,-125,"-","-","N/A","N/A","Certified Brands","USA",1,15,"N/A","N/A","N/A","N/A","N/A","N/A","N/A","N/A","11/30/2025",18,6,6,"N/A"
"https://amazon.com/dp/B0DHJM1W8F","https://m.media-amazon.com/images/I/6132Tq5Sm+L._SX450_.jpg","B0DHJM1W8F","ATN BionX 4T 640 Thermal Binocular with Gen 4 640x480, 60Hz, <25 mK Sensor | 1-10x Magnification | Built-in Laser Rangefinder, Live Streaming Capable | Exclusive Signature Series Power Kit","Certified Brands","FBM","Sports & Outdoors",1076608,840454601442,"N/A",0840454601442,"N/A","Night Vision Binoculars & Goggles",662,4299,-21,0,0,-125,"-","-","N/A","N/A","Certified Brands","USA",1,15,"N/A","N/A","N/A","N/A","N/A","N/A","N/A","N/A","11/30/2025",18,6,6,"N/A"
"https://amazon.com/dp/B0C9HTTNT2","https://m.media-amazon.com/images/I/71gfTX3HFQL._SX450_.jpg","B0C9HTTNT2","Night Vision Goggles, Binoculars Gifts for Mens, Viewing up to 650FT in Total Darkness, 64GB Card High-Powered Monocular Telescope for Stargazing, Hiking, Wildlife Watching","eoqo","FBA","Sports & Outdoors",1079513,"N/A","N/A","N/A","N/A","Night Vision Binoculars & Goggles",668,69.99,-15,0,0,-129,"-","-",22,4.2,"Changxun Tech","Hong Kong",1,7,-42,"Large Standard-Size",2.87,4.02,6.73,1.12,39.09,107.84,"05/31/2024",33,9,0,0
"https://amazon.com/dp/B0DHJL744B","https://m.media-amazon.com/images/I/6132Tq5Sm+L._SX450_.jpg","B0DHJL744B","ATN BionX 4T 640 Thermal Binocular with Gen 4 640x480, 60Hz, <25 mK Sensor | 1.5-15x Magnification | Built-in Laser Rangefinder, Live Streaming Capable | Exclusive Signature Series Power Kit","Certified Brands","FBM","Sports & Outdoors",1079799,840454601459,"N/A",0840454601459,"N/A","Night Vision Binoculars & Goggles",667,4299,"N/A",0,0,-125,"-","-","N/A","N/A","Certified Brands","USA",0,15,"N/A","N/A","N/A","N/A","N/A","N/A","N/A","N/A","11/30/2025",18,6,6,"N/A"
"https://amazon.com/dp/B0DHJGYQMC","https://m.media-amazon.com/images/I/6132Tq5Sm+L._SX450_.jpg","B0DHJGYQMC","ATN BionX 4T 640 Thermal Binocular with Gen 4 640x480, 60Hz, <25 mK Sensor | 2.5-25x Magnification | Built-in Laser Rangefinder, Live Streaming Capable | Exclusive Signature Series Gift Kit","Certified Brands","FBM","Sports & Outdoors",1079872,840454601497,"N/A",0840454601497,"N/A","Night Vision Binoculars & Goggles",667,4299,"N/A",0,0,-125,"-","-","N/A","N/A","Certified Brands","USA",0,15,"N/A","N/A","N/A","N/A","N/A","N/A","N/A","N/A","11/30/2025",18,6,6,"N/A"
"https://amazon.com/dp/B0DJVYNKXM","https://m.media-amazon.com/images/I/71x5joufd+L._SX450_.jpg","B0DJVYNKXM","Miasazyr PVS14 Eyepiece Rear Lens PVS1431 PVS69 Eyepiece 40 Degrees 26mm 1X NVG Eyepiece PVS 14 Night Vision Lens Binocular/Monocular Lightweight Design,Black","Miasazyr","FBM","Sports & Outdoors",1082010,"N/A","N/A",1091985562590,"N/A","Night Vision Binoculars & Goggles",670,189.99,-5,1,1,300,218,217.96,"N/A","N/A","Samanzyr","China",1,0,"N/A","N/A","N/A","N/A","N/A","N/A","N/A","N/A","02/28/2026",17,7,1,"N/A"
"https://amazon.com/dp/B0DMF5BWJV","https://m.media-amazon.com/images/I/41VLFQgVFsL._SX450_.jpg","B0DMF5BWJV","Tactical GPNVG18 Dummy Model Night Vision Goggles Luminous Version & L4G24 NVG Helmet Mount Plastic Bracket Kit","Hanglong","FBM","Sports & Outdoors",1088732,765914837066,"N/A",0765914837066,"N/A","Night Vision Binoculars & Goggles",670,65.98,-21,0,0,-100,"-","-","N/A","N/A","zhao66277","China",1,12,"N/A","N/A","N/A","N/A","N/A","N/A","N/A","N/A","03/31/2025",16,7,3,"N/A"
"https://amazon.com/dp/B07YCXRBNY","https://m.media-amazon.com/images/I/714eTHNlzQL._SX450_.jpg","B07YCXRBNY","AGM Global Vision Sidewinder TM35-384 Thermal Imaging Monocular","AGM Global Vision","FBM","Sports & Outdoors",1089024,810027770127,"N/A",0810027770127,"N/A","Night Vision Monoculars",278,1995,-22,0,0,,"-","-",1,4,"RIVER RIDGE ENTERPRISES LLC","USA",1,14,"N/A","Large Standard-Size",4.45,9.25,13.27,4.3,"N/A","N/A","11/30/2024",64,3,0,0
"https://amazon.com/dp/B0DMF8HZ9J","https://m.media-amazon.com/images/I/51gKndZ8B5L._SX450_.jpg","B0DMF8HZ9J","Tactical GPNVG18 Dummy Model Night Vision Goggles Luminous Version & L4G24 NVG Helmet Mount Plastic Bracket Kit","Hanglong","FBM","Sports & Outdoors",1089441,765914837059,"N/A",0765914837059,"N/A","Night Vision Binoculars & Goggles",672,65.98,-14,0,0,-100,"-","-","N/A","N/A","zhao66277","China",1,12,"N/A","N/A","N/A","N/A","N/A","N/A","N/A","N/A","03/31/2025",16,7,3,"N/A"
"https://amazon.com/dp/B0DMFBG9BB","https://m.media-amazon.com/images/I/51KKdqRNTVL._SX450_.jpg","B0DMFBG9BB","Tactical GPNVG18 Dummy Model Night Vision Goggles Luminous Version & L4G24 NVG Helmet Mount Plastic Bracket Kit","Hanglong","FBM","Sports & Outdoors",1089441,765914837035,"N/A",0765914837035,"N/A","Night Vision Binoculars & Goggles",672,54.98,-30,0,0,-100,"-","-","N/A","N/A","zhao66277","China",1,12,"N/A","N/A","N/A","N/A","N/A","N/A","N/A","N/A","03/31/2025",16,5,3,"N/A"
"https://amazon.com/dp/B0FNCS6541","https://m.media-amazon.com/images/I/61rw4CXeMkL._SX450_.jpg","B0FNCS6541","YWYLL 384x288 1500M Thermal Night Vision AR Glasses, AR Thermal Goggles for Hunting, Fishing & Repairs, 48MP POV Camera (Midnight Blue)","YWYLL","FBM","Sports & Outdoors",1089920,"N/A","N/A","N/A","N/A","Night Vision Binoculars & Goggles",672,2299,-58,0,0,-50,"-","-",4,5,"YWYLL","China",1,0,"N/A","Large Standard-Size",12.87,11.14,5.87,7.72,"N/A","N/A","11/30/2025",7,8,2,0.1
"https://amazon.com/dp/B0BC4CQKNC","https://m.media-amazon.com/images/I/715Uawyd3HL._SX450_.jpg","B0BC4CQKNC","True WiFi Night Vision Monocular Support Smartphone iOS/Android 32G Super HD in Full Darkness Clearly Infrared Camera Telescope 12MP Photo Video Night Watching 5X Digital Zoom Night Vision Binocular","Bestguarder","FBA","Sports & Outdoors",1096374,"N/A","N/A","N/A","N/A","Night Vision Monoculars",282,279.99,12,0,0,-113,"-","-",38,3.6,"bestguarder","China",1,8,"N/A","Large Standard-Size",3.23,5.71,8.9,2.25,82.64,227.98,"11/30/2024",43,6,0,0
"https://amazon.com/dp/B0DJXSJ1N1","https://m.media-amazon.com/images/I/616TpabSdJL._SX450_.jpg","B0DJXSJ1N1","Hdlsina Airsoft Tactical Cosplay GPNVG18 Binoculars Night Vision Goggles Model No Function,L4G24 Night Vision Helmet Mount for PVS15/PVS18/GPNVG18 Fit for Tactical Decoration and Props (KHAKI)","Hdlsina","FBA","Sports & Outdoors",1107490,"N/A","N/A","N/A","N/A","Night Vision Binoculars & Goggles",680,55.98,-12,0,0,,"-","-","N/A","N/A","jadedragon","China",1,0,"N/A","Large Standard-Size",9.06,5.51,3.54,1.3,89.04,245.62,"09/30/2025",17,9,2,"N/A"
"https://amazon.com/dp/B0DJXPBVHT","https://m.media-amazon.com/images/I/610HhNipikL._SX450_.jpg","B0DJXPBVHT","Airsoft Tactical Cosplay GPNVG18 Binoculars Night Vision Goggles Model No Function,L4G24 Night Vision Helmet Mount for PVS15/PVS18/GPNVG18 Fit for Tactical Decoration and Props (Black)","Hdlsina","FBA","Sports & Outdoors",1107862,"N/A","N/A","N/A","N/A","Night Vision Binoculars & Goggles",680,55.98,-36,0,0,,"-","-","N/A","N/A","jadedragon","China",1,0,"N/A","Large Standard-Size",9.06,5.51,3.54,1.3,89.04,245.62,"09/30/2025",17,8,2,"N/A"
"https://amazon.com/dp/B0CG9851GF","https://m.media-amazon.com/images/I/51ic3L8FuAL._SX450_.jpg","B0CG9851GF","Airsoft L4G69 NVG Mount,Fast OPS Helmet Nylon NVG Mounting for PVS15 PVS18 PGPNVG18 Night Vision Goggle","AOTUMUT","FBA","Sports & Outdoors",1111967,"N/A","N/A","N/A","N/A","Night Vision Binoculars & Goggles",732,29.99,"N/A",0,0,,"-","-",2,3.5,"DUZHONG","China",1,13,8,"Large Standard-Size",1,2,1,1.1,1.01,2.78,"09/30/2024",31,7,4,0
"https://amazon.com/dp/B0CG983BW5","https://m.media-amazon.com/images/I/51QF80Q5CsL._SX450_.jpg","B0CG983BW5","Airsoft L4G69 NVG Mount,Fast OPS Helmet Nylon NVG Mounting for PVS15 PVS18 PGPNVG18 Night Vision Goggle","AOTUMUT","FBA","Sports & Outdoors",1111967,"N/A","N/A","N/A","N/A","Night Vision Binoculars & Goggles",732,29.99,"N/A",0,0,,"-","-",2,3.5,"DUZHONG","China",1,13,8,"Large Standard-Size",1,2,1,1.1,1.01,2.78,"09/30/2024",31,7,4,0
"https://amazon.com/dp/B0CG982DQ1","https://m.media-amazon.com/images/I/51QUpywjyxL._SX450_.jpg","B0CG982DQ1","Airsoft L4G24 Night Vision Googgles Mount,Military Nylon Adjustable Helmet NVG Bracket Adapter for PVS15 PVS18 GPNVG18","AOTUMUT","FBM","Sports & Outdoors",1111967,"N/A","N/A","N/A","N/A","Night Vision Binoculars & Goggles",732,29.99,"N/A",0,0,,"-","-",2,3.5,"DUZHONG","China",1,12,-8,"Large Standard-Size",1,2,1,1.1,"N/A","N/A","09/30/2024",31,7,4,0
"https://amazon.com/dp/B01N29QZ26","https://m.media-amazon.com/images/I/81m-CqiM0hL._SX450_.jpg","B01N29QZ26","AN/AVS-9(V) F4949G ANVIS Night Vision Goggle NVG Black Carrying Case w/ Foam Cushion","KDSG","FBM","Sports & Outdoors",1111988,762758099780,"N/A",0762758099780,"N/A","Night Vision Binoculars & Goggles",680,39.99,-10,0,0,50,"-","-","N/A","N/A","KD Sporting Group","USA",1,13,333,"Large Standard-Size",6.34,6.65,6.81,0.38,"N/A","N/A","06/30/2025",109,6,0,"N/A"
"https://amazon.com/dp/B0DCJYVJPH","https://m.media-amazon.com/images/I/61u1OaqvVEL._SX450_.jpg","B0DCJYVJPH","SKIOVEMI NV8300 Night Vision Goggles Head-Mounted, 3D 4K Thermal Goggles Military Tactical Night Binoculars with Night Vision/Digital Night Vision with 32GB Card to Save Photos/Videos","SKIOVEMI","FBM","Sports & Outdoors",1112582,"N/A","N/A",1091475294079,"N/A","Night Vision Binoculars & Goggles",680,219,-28,0,0,,"-","-",4,4.7,"SKIOVEMI","China",1,9,"N/A","N/A","N/A","N/A","N/A","N/A","N/A","N/A","01/31/2025",19,7,0,0
"https://amazon.com/dp/B07MPC17VV","https://m.media-amazon.com/images/I/51IqbZi307L._SX450_.jpg","B07MPC17VV","FOCUS REVISION Tactical 3-Hole Type 2 Night Vision NVG Mount Shroud for ACH/MICH/OPS-Core Fast Helmet/Crye AirFrame Helmet (Army Green)","FOCUS REVISION","FBM","Sports & Outdoors",1114943,674862444076,"N/A",0674862444076,"N/A","Night Vision Binoculars & Goggles",683,19,-53,0,0,-100,"-","-",23,4.3,"Lucrative Investment Solutions","USA",1,11,57,"Large Standard-Size",0.9,2.1,5,0.15,"N/A","N/A","10/31/2025",86,6,3,0
"https://amazon.com/dp/B0DLNST3L1","https://m.media-amazon.com/images/I/714W7BlAXjL._SX450_.jpg","B0DLNST3L1","Miasazyr Thermal Monocular for Hunting, 296x192 (60 Hz), 4K Resolution, 11 Modes, 7X Magnification Thermal Monocular Night Vision Handheld Thermal Imaging","Miasazyr","FBM","Sports & Outdoors",1116126,"N/A","N/A","N/A","N/A","Night Vision Monoculars",284,539.99,-6,0,0,,"-","-",1,5,"Samanzyr","China",1,3,"N/A","N/A","N/A","N/A","N/A","N/A","N/A","N/A","11/30/2024",16,7,0,0.31
"https://amazon.com/dp/B0GJCYMXN7","https://m.media-amazon.com/images/I/71L+1Qhkg4L._SX450_.jpg","B0GJCYMXN7","Night Vision Goggles - Eagle 4K Night Vision Binoculars for Adults with Dual-Lens Magnified Display, 3 IR Modes, 8X Zoom, 3'' HD Screen, 5000mAh Battery, 64GB Card, Black","BLESSOURCE","FBM","Sports & Outdoors",1117846,"N/A","N/A","N/A","N/A","Night Vision Binoculars & Goggles",685,77.98,"N/A",1,1,,79.99,79.97,3,5,"BLESSOURCE","China",1,0,"N/A","N/A","N/A","N/A","N/A","N/A","N/A","N/A","01/31/2026",2,9,0,0.33
"https://amazon.com/dp/B08TC3BXS6","https://m.media-amazon.com/images/I/81knEkO76cL._SX450_.jpg","B08TC3BXS6","CREATIVE XP Infrared Night Vision Monocular Telescope for 100% Darkness - IR Digital Monocular, High-Tech Spy Gear for Hunting & Surveillance - Save Photo & Video with Card Reader Included","CREATIVE XP","FBA","Sports & Outdoors",1118725,804859993656,"N/A",0804859993656,"N/A","Night Vision Monoculars",285,79.95,21,0,0,,"-","-",89,3.9,"Dealsonik","USA",1,0,"N/A","Large Standard-Size",3.98,5.75,8.9,1.37,102.55,282.88,"-",44,5,0,0
"https://amazon.com/dp/B0CY2422CT","https://m.media-amazon.com/images/I/71QW9NFuI8L._SX450_.jpg","B0CY2422CT","1080P Night Vision Goggles, 10X Optical Telescopes and 8X Digital Zoom for Total Darkness Surveillance, 3'' Large Screen Binoculars can Save Photo & Video with 64GB Memory Card, for Camping, Hunting","YingCheng","FBA","Sports & Outdoors",1124163,"N/A","N/A","N/A","N/A","Night Vision Binoculars & Goggles",688,69.99,-18,0,0,-143,"-","-",8,3.8,"Yonic E-store","China",1,2,"N/A","Large Standard-Size",8,7,2.5,2,70.49,194.44,"10/31/2024",24,7,0,0
"https://amazon.com/dp/B0FNK5HK84","https://m.media-amazon.com/images/I/51n0SxVqzwL._SX450_.jpg","B0FNK5HK84","Night Vision Goggles Binoculars for Adults, 6X Digital Zoom, 3"" Screen, Long Battery Life, Ideal for Hunting, Camping, and Security","Highbrain","FBA","Sports & Outdoors",1128891,"N/A","N/A","N/A","N/A","Night Vision Binoculars & Goggles",693,49.99,76,0,0,-133,"-","-",28,4.1,"HIGH BRAIN","China",1,0,"N/A","Large Standard-Size",5,5,5,0.5,62.93,173.61,"09/30/2025",7,4,0,0
"https://amazon.com/dp/B0DB8BMNM1","https://m.media-amazon.com/images/I/41sE3AD9gWL._SX450_.jpg","B0DB8BMNM1","Jeekootoop Tactical AN/PVS18 Night Vision Goggles Dummy Model with Night Vision Mount, Single-Barrel NVG for Tactical Helmet, CS Game, Cosplay Prop (Black)","Jeekootoop","FBM","Sports & Outdoors",1128894,747086245191,"N/A",0747086245191,"N/A","Night Vision Binoculars & Goggles",693,49.99,-31,0,0,,"-","-","N/A","N/A","Jeekootoop","China",1,13,"N/A","N/A","N/A","N/A","N/A","N/A","N/A","N/A","04/30/2025",20,8,2,"N/A"
"https://amazon.com/dp/B00X1CP3Z6","https://m.media-amazon.com/images/I/51+kelKEiQL._SX450_.jpg","B00X1CP3Z6","FLIR LS-X Handheld Thermal Imaging Monocular","FLIR","FBA","Sports & Outdoors",1130441,812462020348,00812462020348,0812462020348,"N/A","Night Vision Monoculars",289,1800,"N/A",50,50,,90923.84,90923.79,9,4.8,"ZRM Industries","USA",1,94,104,"Large Standard-Size",3.62,9.13,9.76,2.02,162.63,448.64,"02/28/2026",130,3,4,5.52
"https://amazon.com/dp/B0CN452ZJ6","https://m.media-amazon.com/images/I/61oAvkbk9cL._SX450_.jpg","B0CN452ZJ6","Vortix 1PC Gpnvg18 Four-Tube Binocular Night Vision Goggles Model + 1PC L4g24 Night Vision Goggles Mount, Fast Helmets Supportor Acessories Cosplay Prop (Black)","Vortix","FBM","Sports & Outdoors",1135751,"N/A","N/A",7301312529207,"N/A","Night Vision Binoculars & Goggles",697,59.99,-3,0,0,,"-","-",3,4.7,"JRKJFU","China",1,5,-72,"N/A","N/A","N/A","N/A","N/A","N/A","N/A","04/30/2024",28,9,0,0
"https://amazon.com/dp/B00STABS40","https://m.media-amazon.com/images/I/618ih+NsgtL._SX450_.jpg","B00STABS40","Carson AuraPlus 2x Power Digital Night Vision Camcorder with 8GB MicroSD Card (NV-250)","Carson","FBM","Sports & Outdoors",1141840,840013353461,00750668011381,0840013353461,"N/A","Night Vision Binoculars & Goggles",698,179.99,-44,0,0,,"-","-",27,3.4,"Carson Direct","USA",3,8,"N/A","Large Standard-Size",2.64,3.11,5.55,0.44,"N/A","N/A","11/30/2025",134,5,0,0
"https://amazon.com/dp/B0CYS75L1M","https://m.media-amazon.com/images/I/61e-JQ+8JcL._SX450_.jpg","B0CYS75L1M","LEESEN Sacrificial Window PVS-14 PVS-7 1431 ANVIS Night Vision Orange Eyepiece Filter Lens Night Vision Thread Protection Piece Anti-Impact Protection Lens for 30mm Lens (1-Pack)","LEESEN","FBM","Sports & Outdoors",1143795,"N/A","N/A",9556269032289,"N/A","Night Vision Binoculars & Goggles",698,19.98,-40,0,0,,"-","-",2,2.6,"Cloud Pigeon","China",1,7,"N/A","Small Standard-Size",1.18,0.79,0.39,0.44,"N/A","N/A","11/30/2024",24,4,1,0
"https://amazon.com/dp/B0FXX9P4FT","https://m.media-amazon.com/images/I/71UYZM0bd9L._SX450_.jpg","B0FXX9P4FT","Merlin Night Vision Binoculars,9.2X Zoom Digital Night Vision Goggles for Adults with 1150FT IR Range,Photo & Video Recording,5000mAh Battery, App Control,IP67 Monocular for Hunting Camping & Security","Pard","FBA","Sports & Outdoors",1147940,"N/A","N/A","N/A","N/A","Night Vision Binoculars & Goggles",703,199,-20,0,0,-56,"-","-",3,4.5,"PARD","China",1,0,"N/A","Large Standard-Size",3.7,7.83,13.27,3.04,193.56,533.95,"11/30/2025",4,9,2,0.06
"https://amazon.com/dp/B0FCS6F82W","https://m.media-amazon.com/images/I/71UYZM0bd9L._SX450_.jpg","B0FCS6F82W","Merlin Night Vision Binoculars,9.2X Zoom Digital Night Vision Goggles for Adults with 1150FT IR Range,Photo & Video Recording,5000mAh Battery, App Control,IP67 Monocular for Hunting Camping & Security","Pard","FBA","Sports & Outdoors",1148331,"N/A","N/A","N/A","N/A","Night Vision Binoculars & Goggles",701,199,-20,0,0,-56,"-","-",3,3.2,"PARD","China",1,0,"N/A","Large Standard-Size",13.4,7.9,3.5,3.02,186.54,514.6,"11/30/2025",4,9,2,0.06
"https://amazon.com/dp/B0DFL7QQTZ","https://m.media-amazon.com/images/I/51oYXpzQGKL._SX450_.jpg","B0DFL7QQTZ","EnuoChbuild Dummy Model Cosplay Prop - GPNVG18 Night Vision Goggles with Night Vision Mount for Helmet Cosplay Display, Four-Tube Binocular, Black","EnuoChbuild","FBM","Sports & Outdoors",1158910,"N/A","N/A",6213960469020,"N/A","Night Vision Binoculars & Goggles",707,54.99,-33,0,0,-150,"-","-",1,5,"ZhangLindezuimeixiaodian","China",1,10,"N/A","N/A","N/A","N/A","N/A","N/A","N/A","N/A","09/30/2024",4,5,0,0
"https://amazon.com/dp/B0DBL2VQ4Z","https://m.media-amazon.com/images/I/512uIkseHyL._SX450_.jpg","B0DBL2VQ4Z","Lancer Tactical Dummy GPNVG-18 Night Vision Goggles Non-Functional (Black)","Lancer Tactical","FBM","Sports & Outdoors",1165954,193939092663,"N/A",0193939092663,"N/A","Night Vision Binoculars & Goggles",710,64,-25,0,0,,"-","-","N/A","N/A","AirsoftMegaStore","USA",1,1,"N/A","N/A","N/A","N/A","N/A","N/A","N/A","N/A","09/30/2024",53,1,2,"N/A"
"https://amazon.com/dp/B0037WBR00","https://m.media-amazon.com/images/I/61JY1Q7UQBL._SX450_.jpg","B0037WBR00","Trijicon ACOG 6 X 48 Scope Dual Illuminated Horseshoe .308 Ballistic Reticle, Red","Trijicon","FBM","Sports & Outdoors",1166734,719307303089,00719307303089,0719307303089,"N/A","Night Vision",1026,2363,-13,0,0,-119,"-","-",0,"N/A","Kenzie's Optics","USA",3,16,129,"Large Standard-Size",10.4,8.3,5.1,3.85,"N/A","N/A","12/31/2025",193,5,0,"N/A"
"https://amazon.com/dp/B0DBL682J7","https://m.media-amazon.com/images/I/51zgswb9EVL._SX450_.jpg","B0DBL682J7","Lancer Tactical Dummy GPNVG-18 Night Vision Goggles Non-Functional (Tan)","Lancer Tactical","FBM","Sports & Outdoors",1167020,193939092649,"N/A",0193939092649,"N/A","Night Vision Binoculars & Goggles",709,64,-18,0,0,,"-","-","N/A","N/A","AirsoftMegaStore","USA",1,1,"N/A","N/A","N/A","N/A","N/A","N/A","N/A","N/A","09/30/2024",53,1,2,"N/A"
"https://amazon.com/dp/B0BWN395YV","https://m.media-amazon.com/images/I/61-2Cl5CzpL._SX450_.jpg","B0BWN395YV","ATN Thor 5 XD Smart HD Thermal Scope w/ 1280x1024 Xtreme Definition Gen 5 Sensor, Video Rec, Built in LRF, Ballistic Calculator, RAV (1280x1024; LRF 4-40x)","theOpticGuru","FBA","Sports & Outdoors",1170330,850047242327,"N/A",0850047242327,"N/A","Rifle Scopes",2507,6195,7,0,0,,"-","-",5,4.2,"theOpticGuru","USA",1,10,-9,"Large bulky",5.39,9.21,20.31,7.78,326.74,816.85,"07/31/2025",37,9,6,0
"https://amazon.com/dp/B01J8BI3R8","https://m.media-amazon.com/images/I/61QwUm99pYL._SX450_.jpg","B01J8BI3R8","Night View Night Vision Clip On Glasses, Yellow, One Size","Night View","FBM","Sports & Outdoors",1170659,893621002412,"N/A",0893621002412,"N/A","Night Vision Binoculars & Goggles",713,5.71,-31,0,0,-100,"-","-",57,3.5,"sk_stearns","USA",6,12,"N/A","Large Standard-Size",1,4.6,6.5,0.1,"N/A","N/A","05/31/2025",133,3,0,0
"https://amazon.com/dp/B0BWN2S4CS","https://m.media-amazon.com/images/I/51dbdDh3eHL._SX450_.jpg","B0BWN2S4CS","ATN Thor 5 XD Smart HD Thermal Scope w/ 1280x1024 Xtreme Definition Gen 5 Sensor, Video Rec, Built in LRF, Ballistic Calculator, RAV (1280x1024; LRF 2-20x)","theOpticGuru","FBA","Sports & Outdoors",1171098,850047242303,"N/A",0850047242303,"N/A","Rifle Scopes",2508,5295,-28,0,0,,"-","-",5,4.2,"theOpticGuru","USA",1,10,-9,"Large bulky",5.5,9,19.5,8,312.81,782.03,"07/31/2025",37,2,6,0
"https://amazon.com/dp/B0BWN36YX2","https://m.media-amazon.com/images/I/51dbdDh3eHL._SX450_.jpg","B0BWN36YX2","ATN Thor 5 XD Smart HD Thermal Scope w/ 1280x1024 Xtreme Definition Gen 5 Sensor, Video Rec, Built in LRF, Ballistic Calculator, RAV (1280x1024; 2-20x)","theOpticGuru","FBA","Sports & Outdoors",1171945,850047242204,"N/A",0850047242204,"N/A","Rifle Scopes",2512,4995,-10,0,0,,"-","-",5,4.2,"theOpticGuru","USA",1,10,-9,"Large bulky",6.26,9.13,20.12,7.54,372.66,931.66,"07/31/2025",37,9,6,0
"https://amazon.com/dp/B0BWN1ZR8L","https://m.media-amazon.com/images/I/51JxVXPYRWL._SX450_.jpg","B0BWN1ZR8L","ATN Thor 5 XD Smart HD Thermal Scope w/ 1280x1024 Xtreme Definition Gen 5 Sensor, Video Rec, Ballistic Calculator, RAV (1280x1024; 3-30x)","theOpticGuru","FBA","Sports & Outdoors",1171945,850047242211,"N/A",0850047242211,"N/A","Rifle Scopes",2512,5495,-8,0,0,,"-","-",5,4.2,"theOpticGuru","USA",1,10,-9,"Large bulky",19,9,5,7.55,277.08,692.71,"07/31/2025",37,9,6,0
"https://amazon.com/dp/B0BYHNLW24","https://m.media-amazon.com/images/I/71e+uK2jdeL._SX450_.jpg","B0BYHNLW24","Night Vision Goggles, 3"" Discreen 4K Night Vision Binoculars for Adults in Total Darkness and Day for Hunting & Surveillance Binoculars with Camera with 32GB Memory Card","Camonity","FBA","Sports & Outdoors",1174328,"N/A","N/A","N/A","N/A","Night Vision Binoculars & Goggles",716,29.99,-88,2,2,,69.99,69.88,4,2.9,"Camonity","China",1,7,17,"Large Standard-Size",3.86,7.6,10.43,2.95,154.05,424.96,"05/31/2025",36,7,0,0.58
"https://amazon.com/dp/B01MRENM00","https://m.media-amazon.com/images/I/61mWMIkLTcL._SX450_.jpg","B01MRENM00","NightStar Digital Night Vision 4x50mm Monocular, 15 Degrees, Black NS41450","NightStar","FBM","Sports & Outdoors",1175416,799599163929,00799599163929,0799599163929,"N/A","Night Vision Monoculars",298,137.28,-28,0,0,-83,"-","-","N/A","N/A","KART IT","USA",2,6,-14,"Large Standard-Size",3.15,4.88,8.5,7.3,"N/A","N/A","07/31/2024",112,6,0,"N/A"
"https://amazon.com/dp/B0DCPZ1ZCV","https://m.media-amazon.com/images/I/51HunXfkFvL._SX450_.jpg","B0DCPZ1ZCV","ATN NVGONVG72W NVG7-2W, Night Vision Goggle gen 2+ 55-57lp/mm - White Phosphor","ATN","FBM","Sports & Outdoors",1177504,658175124399,00658175124399,0658175124399,"N/A","Night Vision Monoculars",299,2900.51,-5,1,1,,2882.52,2882.45,"N/A","N/A","EuroOptic (✅ Authorized Dealer ✅ Fastest Shipping)","USA",2,5,"N/A","Large bulky",12,15,10,5,"N/A","N/A","01/31/2025",19,1,0,"N/A"
"https://amazon.com/dp/B08HCMY63M","https://m.media-amazon.com/images/I/512bD5bUiIL._SX450_.jpg","B08HCMY63M","AoHeng Night Driving Clip on Glasses Night Vision Clip Fit Over Glasses Non Flip","AoHeng","FBA","Sports & Outdoors",1186500,762021539463,"N/A",0762021539463,"N/A","Night Vision Binoculars & Goggles",723,16.98,-3,0,0,-140,"-","-",25,3.4,"AoHeng DIRECT","China",1,6,"N/A","Large Standard-Size",0.94,2.17,5.91,0.13,6.08,16.78,"10/31/2024",78,7,0,0
"https://amazon.com/dp/B07YCYLZRZ","https://m.media-amazon.com/images/I/61+8S0-uwWL._SX450_.jpg","B07YCYLZRZ","AGM Global Vision PVS-14 3AW1 Night Vision Monocular with Gen 3 Auto-Gated Level 1"", P45-White Phosphor IIT. Made in USA.","AGM Global Vision","FBM","Sports & Outdoors",1187662,810027770271,"N/A",0810027770271,"N/A","Monoculars",1158,4095,-15,0,0,-133,"-","-",3,5,"Kenzie's Optics","USA",2,15,150,"Large Standard-Size",4.84,7.48,12.6,2.37,"N/A","N/A","06/30/2025",78,9,0,0
"https://amazon.com/dp/B0FTG8VLSM","https://m.media-amazon.com/images/I/515DuPcp1hL._SX450_.jpg","B0FTG8VLSM","SIG SAUER Echo MV50-LRF 3-24x50mm Thermal Monocular with 1000-Yard Laser Rangefinder - High-Sensitivity IP67 Waterproof Nighttime Hunting Monocular - Photo & Video Capture, App Control (SOEC42310)","Sig Sauer","FBM","Sports & Outdoors",1188669,798681704187,"N/A",0798681704187,"N/A","Night Vision Monoculars",303,3299.99,-20,0,0,-141,"-","-","N/A","N/A","Sports-and-Gadgets","USA",7,0,"N/A","Large Standard-Size",12,6,4,4,"N/A","N/A","12/31/2025",5,7,0,"N/A"
"https://amazon.com/dp/B0CKT5RWBR","https://m.media-amazon.com/images/I/516xHc8ckGL._SX450_.jpg","B0CKT5RWBR","Aetheria PVS15 Night Vision Goggles Dual-Tube Binocular Night Vision Goggles Device for Tactical HuntingCosplay Prop (Black)","Aetheria","FBM","Sports & Outdoors",1190742,"N/A","N/A",7840911084491,"N/A","Night Vision Binoculars & Goggles",729,39.99,-32,0,0,,"-","-",6,3.2,"ZhangLindezuimeixiaodian","China",1,1,-96,"Large Standard-Size",4.72,3.94,6.3,0.55,"N/A","N/A","03/31/2024",29,4,0,0
"https://amazon.com/dp/B0BNTZBF6F","https://m.media-amazon.com/images/I/61mzv9tINYL._SX450_.jpg","B0BNTZBF6F","Night Vision Binoculars,1080P 5X Digital Zoom 984Ft 7-Level Adjustable Infrared Night Vision for Photography,Wildlife Watching,Camping","Mochalight","FBM","Sports & Outdoors",1191935,"N/A","N/A","N/A","N/A","Night Vision Binoculars & Goggles",729,42.99,-10,0,0,,"-","-",1,5,"zhongshanshiwanjin","China",1,0,"N/A","Large Standard-Size",3.11,5.16,6.97,0.9,"N/A","N/A","10/31/2024",39,7,1,0
"https://amazon.com/dp/B0F66RRJNY","https://m.media-amazon.com/images/I/51I2WHf8mjL._SX450_.jpg","B0F66RRJNY","Holibanna 1Set High-Power Monocular Telescope High Definition Low-Light Night for Outdoor Activities Like Hiking Bird Watching and Hunting","Holibanna","FBM","Sports & Outdoors",1195051,"N/A","N/A","N/A","N/A","Night Vision Monoculars",305,15.79,-16,1,1,-67,17.95,17.88,"N/A","N/A","Qiysangi","China",1,0,"N/A","Large Standard-Size",6.69,2.56,2.56,0.65,"N/A","N/A","11/30/2025",11,9,0,"N/A"
"https://amazon.com/dp/B0DVTCM6W4","https://m.media-amazon.com/images/I/61l3QvENQOL._SX450_.jpg","B0DVTCM6W4","AGM Global Vision PVS-14E Enhanced Night Vision Monocular with FOM 2200+ Gen 3 Auto-Gated, P45-White Phosphor IIT, Auto Shut-Off, Manual Gain, Built-in IR Illuminator, Military-Grade NVG Made in USA","AGM Global Vision","Amazon","Sports & Outdoors",1196993,810164391490,"N/A",0810164391490,"N/A","Night Vision Monoculars",304,4595,-26,4,4,,16824.24,16824.2,"N/A","N/A","Amazon","N/A",2,0,"N/A","Large Standard-Size",4.49,7.32,12.48,2.43,"N/A","N/A","01/31/2026",13,7,0,"N/A"
"https://amazon.com/dp/B0CP4RKGP7","https://m.media-amazon.com/images/I/61AQHQai88L._SX450_.jpg","B0CP4RKGP7","PVS-14 Dovetail Assembly Bracket Metal Bridge Arm Assembly Bracket - CNC Full Aerospace Aluminum","LEESEN","FBM","Sports & Outdoors",1205676,"N/A","N/A",9496269006357,"N/A","Night Vision Binoculars & Goggles",739,56.99,-20,0,0,,"-","-","N/A","N/A","Cloud Pigeon","China",1,4,"N/A","Small Standard-Size",1.18,0.79,0.39,0.22,"N/A","N/A","10/31/2024",28,6,1,"N/A"
"https://amazon.com/dp/B00JV5GSVK","https://m.media-amazon.com/images/I/716vQCpEMyL._SX450_.jpg","B00JV5GSVK","FineLife Night Vision Binocular, Camouflage","FineLife","FBA","Sports & Outdoors",1208659,849537013929,"N/A",0849537013929,"N/A","Night Vision Binoculars & Goggles",740,19.99,-19,0,0,,"-","-",17,3.5,"DStudio89","N/A",9,6,-14,"Large Standard-Size",12,8,2.4,0.55,116,320,"11/30/2025",143,1,0,0
"https://amazon.com/dp/B0D3131SDD","https://m.media-amazon.com/images/I/61-Ly4KgG2L._SX450_.jpg","B0D3131SDD","L4G24 Night Vision Goggles Mount NVG Mount for L4G24 Metal Helmet Mount PVS15/18","E.T Dragon","FBM","Sports & Outdoors",1210651,"N/A","N/A","N/A","N/A","Night Vision Binoculars & Goggles",739,65.99,"N/A",0,0,-200,"-","-","N/A","N/A","AIMGEAR HUNTINGNSPORTING STORE","China",1,13,"N/A","Large Standard-Size",1,1,1,1,"N/A","N/A","11/30/2025",22,8,0,"N/A"
"https://amazon.com/dp/B0DXNY1YQ7","https://m.media-amazon.com/images/I/518BEFcLz2L._SX450_.jpg","B0DXNY1YQ7","High Resolution Display ABS Night Visibility Monocular Scope For Camping Night Patrols Hunting Camping Patrol","XINNIKESI","FBM","Sports & Outdoors",1214329,"N/A","N/A",7698320019845,"N/A","Night Vision Monoculars",309,58.86,"N/A",1,1,,72.1,72.08,"N/A","N/A","Joe CyclingSHOP","N/A",4,0,"N/A","N/A","N/A","N/A","N/A","N/A","N/A","N/A","01/31/2026",13,8,0,"N/A"
"https://amazon.com/dp/B0CLPJKM96","https://m.media-amazon.com/images/I/71J5s8Y0GkL._SX450_.jpg","B0CLPJKM96","AGM Global Vision Voyage TB75-640 Fusion Thermal & Digital Day/Night Vision Binoculars with 1000m Laser Rangefinder, 12 Micron 640x512 Thermal Detector, 2560x1440 CMOS Sensor, 75 mm Lens 64GB Storage","AGM Global Vision","FBM","Sports & Outdoors",1214761,810027772459,"N/A",0810027772459,"N/A","Night Vision Binoculars & Goggles",742,6399,-23,0,0,-130,"-","-","N/A","N/A","Defend&Carry","USA",3,0,"N/A","Large Standard-Size",10,6,4,3.31,"N/A","N/A","07/31/2025",30,8,3,"N/A"
"https://amazon.com/dp/B0CN2BQ89X","https://m.media-amazon.com/images/I/71D8oDyR0NL._SX450_.jpg","B0CN2BQ89X","AGM Global Vision Voyage TB50-384 Fusion Thermal & Digital Day/Night Vision Binoculars with 1000m Laser Rangefinder, 12 Micron 384x288 Thermal Detector, 2560x1440 CMOS Sensor, Wi-Fi, and 64GB Storage","AGM Global Vision","Amazon","Sports & Outdoors",1215948,810027772473,"N/A",0810027772473,"N/A","Night Vision Binoculars & Goggles",741,2957.48,-50,0,0,-130,"-","-","N/A","N/A","Amazon","N/A",3,0,"N/A","Large bulky",10,16,20.5,12.6,"N/A","N/A","07/31/2025",28,8,3,"N/A"
"https://amazon.com/dp/B0DMV5JSD7","https://m.media-amazon.com/images/I/51uUAYni-PL._SX450_.jpg","B0DMV5JSD7","Night Vision Monocular - High powerr Digital Adults Monocular, Portable infraredd Night Vision Monocular | Low Light Vision Device, Low Light Monocular for Outdoors, Camping Gear, Concert and Stadium","Generic","FBM","Sports & Outdoors",1216010,"N/A","N/A","N/A","N/A","Night Vision Monoculars",307,8.59,-40,0,0,-114,"-","-",1,1,"sauvebe","China",1,17,"N/A","Large Standard-Size",4.37,1.85,1.89,0.15,"N/A","N/A","03/31/2025",16,8,0,0.1
"https://amazon.com/dp/B0CLM7NPK1","https://m.media-amazon.com/images/I/51YwHOMwuZL._SX450_.jpg","B0CLM7NPK1","SUZLAZYR 850nm Infrared Digital LED IR Night Vision Scope Cameras Night Vision Monocular with 4.3 inch Screen for Outdoor Hunting Device","SUZLAZYR","FBM","Sports & Outdoors",1217009,"N/A","N/A",1091428693744,"N/A","Monoculars",1181,115.99,-39,2,2,-44,243.86,243.76,2,2.8,"MaoTuo","China",1,22,267,"N/A","N/A","N/A","N/A","N/A","N/A","N/A","10/31/2025",29,6,0,1.04
"https://amazon.com/dp/B0DT4TLXZJ","https://m.media-amazon.com/images/I/71+2odBIfML._SX450_.jpg","B0DT4TLXZJ","ZEISS DTI 6/40 Thermal Imaging Camera High-Resolution Monocular for Hunting and Wildlife Observation","ZEISS","FBM","Sports & Outdoors",1225116,740035567900,"N/A",0740035567900,"N/A","Night Vision Monoculars",314,2999.99,-32,2,2,,7394.88,7394.84,"N/A","N/A","EuroOptic (✅ Authorized Dealer ✅ Fastest Shipping)","USA",3,0,"N/A","Large Standard-Size",12,11.2,4.7,4.53,"N/A","N/A","01/31/2026",14,7,0,"N/A"
"https://amazon.com/dp/B0CKT9MMP6","https://m.media-amazon.com/images/I/51HPD5A0NAL._SX450_.jpg","B0CKT9MMP6","Aetheria NV8000 Night Vision Goggles Head-Mounted, 3D 4K Infrared Night Vision Binoculars with 32GB Memory Card, Waterproof Dustproof Night Vision Device for Adults","Aetheria","FBM","Sports & Outdoors",1226062,"N/A","N/A",7840911084507,"N/A","Night Vision Binoculars & Goggles",748,218.99,-18,0,0,-75,"-","-",1,5,"ZhangLindezuimeixiaodian","China",1,6,200,"Large Standard-Size",9.92,7.72,3.78,2.34,"N/A","N/A","09/30/2025",29,7,0,0
"https://amazon.com/dp/B0CRF4QLZJ","https://m.media-amazon.com/images/I/71IWJuZGwPL._SX450_.jpg","B0CRF4QLZJ","LEESEN PVS-14 Light Weight Dual Tube Mounting System Set IC AN/PVS-14LW，Night Vision Goggles Night Vision Adapter for PVS-14 Night Vision Binoculars Binocular - Fully Anodized Aluminum Alloy, Black","LEESEN","FBM","Sports & Outdoors",1228787,"N/A","N/A",9496269006517,"N/A","Night Vision Binoculars & Goggles",749,279,-42,1,1,,224.57,224.56,3,3.4,"Cloud Pigeon","China",1,3,-82,"Large Standard-Size",1.18,0.79,0.39,2.2,"N/A","N/A","03/31/2024",26,5,1,0.27
"https://amazon.com/dp/B0DHZT42T2","https://m.media-amazon.com/images/I/719RURYQmwL._SX450_.jpg","B0DHZT42T2","SKIOVEMI NV8300 Head-Mounted Night Vision Goggles for Adults, 3D 36MP 4K Thermal Goggles Military Tactical Digital Infrared Night Vision Binoculars with 32GB Memory Card","SKIOVEMI","FBM","Sports & Outdoors",1231123,"N/A","N/A",1091475295021,"N/A","Night Vision Binoculars & Goggles",754,219,-6,0,0,-133,"-","-",3,4.7,"SKIOVEMI","China",1,6,"N/A","N/A","N/A","N/A","N/A","N/A","N/A","N/A","04/30/2025",18,7,0,0.03
"https://amazon.com/dp/B0DYDWQGSX","https://m.media-amazon.com/images/I/51Rlo9MZnHL._SX450_.jpg","B0DYDWQGSX","Tactical Night Vision Goggles Model GPNVG18 with Adjustable Helmet Bracket NVG Mount for PVS15/PVS18/GPNVG18, No Function (Tan)","Gayontech","FBM","Sports & Outdoors",1243657,743636580835,"N/A",0743636580835,"N/A","Night Vision Binoculars & Goggles",760,52.99,-63,0,0,,"-","-",6,3.1,"GayongStore","China",1,0,"N/A","Large Standard-Size",4,7,9.5,1.34,"N/A","N/A","-",13,7,0,0
"https://amazon.com/dp/B0CBV6V43B","https://m.media-amazon.com/images/I/71OY-5plaLL._SX450_.jpg","B0CBV6V43B","Night Vision Monocular - Digital Night Vision Scope with 1.6"" 640x480 HD IPS Display, Audio &Video Recording Camera Function, 850nm IR Illuminator, 4 Imaging Modes, for Hunting, Military Tactical","GOYOJO","FBM","Sports & Outdoors",1257568,614166958398,"N/A",0614166958398,"N/A","Night Vision Monoculars",319,369,-57,0,0,-150,"-","-",7,3.9,"Elite Meter","China",1,4,-88,"Large Standard-Size",5.4,2.95,2.95,2.27,"N/A","N/A","05/31/2024",32,9,0,0
"https://amazon.com/dp/B0D3QPQ2Q7","https://m.media-amazon.com/images/I/61bBbW5LwCL._SX450_.jpg","B0D3QPQ2Q7","Superior Tactical LLC S Night Vision Objective Lens Assembly for PVS-14 - Carson","Superior Tactical LLC S","FBM","Sports & Outdoors",1258219,198168839393,"N/A",0198168839393,"N/A","Night Vision Monoculars",320,269,-45,0,0,-125,"-","-","N/A","N/A","superiortac","USA",1,5,"N/A","N/A","N/A","N/A","N/A","N/A","N/A","N/A","08/31/2024",22,3,0,"N/A"
"https://amazon.com/dp/B0D7S97G8V","https://m.media-amazon.com/images/I/81rzOwn4wBL._SX450_.jpg","B0D7S97G8V","4K Night Vision Goggles - Infrared Night Vision in 100% Darkness with 10X Digital Zoom, 5000mAh Rechargeable for Camping Hunting and Surveillance with 32GB Card, Neck Strap & Case","Diyimin","FBA","Sports & Outdoors",1268698,768351930048,"N/A",0768351930048,"N/A","Night Vision Binoculars & Goggles",772,99.99,"N/A",0,0,,"-","-",1,5,"FLOWEREDS","China",1,0,"N/A","Large Standard-Size",3.5,7.52,9.72,2.38,128.8,355.32,"07/31/2024",21,7,0,0
"https://amazon.com/dp/B0FVTFHBGF","https://m.media-amazon.com/images/I/61wY4cv2h-L._SX450_.jpg","B0FVTFHBGF","Yoidesu Digital Night Vision Goggles, Outdoor 4K HD Infrared Monocular Binoculars for Camping Travel, with 28X Zoom 4800mAh Rechargeable Battery for Adult Camping","Yoidesu","FBA","Sports & Outdoors",1269420,"N/A","N/A","N/A","N/A","Night Vision Monoculars",329,61.84,-31,0,0,,"-","-",5,3.3,"Hakeeta us","China",1,0,"N/A","Large Standard-Size",3.86,4.45,7.95,0.9,68.73,189.59,"-",5,9,0,0
"https://amazon.com/dp/B0DYHPZYSY","https://m.media-amazon.com/images/I/617YGxeivnL._SX450_.jpg","B0DYHPZYSY","HT-A16 Thermal Vision Monocular for Night Hunting 384x288 IR Resolution,25Hz Refresh Rate, Heat Vision IR Thermal Vision Monocular for Wildlife Viewing 35mm Focal Lens Infrared Thermal Scopes","Hti-Xintai","FBA","Sports & Outdoors",1269691,"N/A","N/A","N/A","N/A","Night Vision Monoculars",322,799,-11,0,0,,"-","-","N/A","N/A","XT Instrument","China",1,0,"N/A","Large Standard-Size",8,9.84,4.5,1.2,178.4,492.13,"06/30/2025",12,8,0,"N/A"
"https://amazon.com/dp/B08VW328VS","https://m.media-amazon.com/images/I/31DWj+575lL._SX450_.jpg","B08VW328VS","Burris Thermal Series Handheld Thermal Vision Device for Night Hunting, 3.3-13.2x50mm","Burris","Amazon","Sports & Outdoors",1270506,000381306302,"N/A",0000381306302,"N/A","Night Vision Monoculars",340,1791.11,-39,0,0,33,"-","-",32,4.4,"Amazon","N/A",1,11,1000,"Large bulky",6.93,14.8,18.5,3.42,"N/A","N/A","09/30/2025",62,5,3,0
"https://amazon.com/dp/B0BCQ4T7G2","https://m.media-amazon.com/images/I/51HSQR1voiL._SX450_.jpg","B0BCQ4T7G2","ATN ACMKIRTGBR Universal Thermal Target Pack - Boar","ATN","FBA","Sports & Outdoors",1272433,658175121930,"N/A",0658175121930,"N/A","Night Vision Monoculars",323,99,-14,0,0,-150,"-","-",1,5,"Optics Planet (✅Authorized Dealer ✅Fast Shipping)","USA",7,2,-87,"Small Standard-Size",0.5,9,11.5,0.25,26.05,71.88,"10/31/2024",49,2,0,0
"https://amazon.com/dp/B0DNQJ857V","https://m.media-amazon.com/images/I/517gMfVrLGL._SX450_.jpg","B0DNQJ857V","EliteZ Monocular Night Vision Goggles, 1080 Photo & Video Portable Night Vision, 5X Digital Zoom 300m Full Dark Viewing Distance, Photos & Videos, for Hunting,Camping,Travel","EliteZ","FBA","Sports & Outdoors",1272560,"N/A","N/A",6967747441470,"N/A","Night Vision Binoculars & Goggles",774,49.99,-9,0,0,,"-","-",2,3.5,"EliteZ","China",2,4,"N/A","Large Standard-Size",3.3,4.5,6.5,0.7,48.6,134.06,"01/31/2025",16,9,1,0
"https://amazon.com/dp/B0CKVK23HW","https://m.media-amazon.com/images/I/71UUxkUcqtL._SX450_.jpg","B0CKVK23HW","Anti-Blur Night Vision Monocular 30mm Lens 2.3X-9.2X Zoom,0.38 inch OLED Screen 1080p Digital Ranger Finder, 850nm Invisible IR waveligh for Outdoor Hunting Night Vision with WiFi APP","Guune","FBM","Sports & Outdoors",1274172,"N/A","N/A","N/A","N/A","Night Vision Monoculars",324,235,-18,0,0,-143,"-","-",3,3.4,"shenzhenshijinmanxiukejiyouxiangongsi","China",1,11,267,"Large Standard-Size",2.75,4.75,8,1.45,"N/A","N/A","09/30/2025",29,6,0,0
"https://amazon.com/dp/B0FMRP7MWZ","https://m.media-amazon.com/images/I/71CBRKhAozL._SX450_.jpg","B0FMRP7MWZ","GEERTOP 4K Night Vision Goggles - 58MP Full-Color Camera Night Vision Binoculars 64GB TF Card, Flashlight & 16HR Recording for Hunting, Camping, Wildlife Observation","GEERTOP","FBA","Sports & Outdoors",1276434,"N/A","N/A","N/A","N/A","Night Vision Binoculars & Goggles",779,139.99,-50,0,0,,"-","-",5,4.6,"GEERTOP (US)","Hong Kong",1,0,"N/A","Large Standard-Size",10.2,9.4,4.3,2.65,207.57,572.62,"09/30/2025",7,7,0,0.01
"https://amazon.com/dp/B0CMV9NZC8","https://m.media-amazon.com/images/I/71QaK+huQPL._SX450_.jpg","B0CMV9NZC8","NVG Lanyard for 3-Hole Bracket mounting attaches securely to a Variety of NVG Combat Helmet mounts - Prevents NVGs from Being Lost & Dropped","LEESEN","FBM","Sports & Outdoors",1276941,"N/A","N/A",9496269005732,"N/A","Night Vision Binoculars & Goggles",777,28.9,-10,0,0,,"-","-",1,1,"Cloud Pigeon","China",1,1,-92,"Small Standard-Size",1.18,0.79,0.39,0.22,"N/A","N/A","04/30/2024",28,7,1,0
"https://amazon.com/dp/B0DDCRGTVJ","https://m.media-amazon.com/images/I/61KhSHcGtzL._SX450_.jpg","B0DDCRGTVJ","BUK OPS Cycloptic Handheld Primetime Viewer with Primetime Color Vision, Low Light Enhancing Technology, 4K HD Video, 1-5x Digital Zoom, 1.39 inch HD Viewfinder, Digital Monocular for Hunters","BUK OPS","FBA","Sports & Outdoors",1278402,810156160028,"N/A",0810156160028,"N/A","Night Vision Monoculars",325,449.99,-9,0,0,-100,"-","-","N/A","N/A","BARNETT","USA",2,1,"N/A","Large Standard-Size",4.29,5.55,9.13,1.74,109.45,301.92,"11/30/2024",18,6,0,"N/A"
"https://amazon.com/dp/B0D475DNTP","https://m.media-amazon.com/images/I/71VWEOSpXWL._SX450_.jpg","B0D475DNTP","Digital Night Vision Goggles Binoculars for Adults, 36MP 4K 8X Infrared Night Vision Scopes Head Mount with 32GB TF Card 3.2"" TFT Screen for Save Photo & Video (NV2180)","Wokyo","FBA","Sports & Outdoors",1284449,"N/A","N/A","N/A","N/A","Night Vision Binoculars & Goggles",778,55.99,-27,0,0,,"-","-",1,3,"Rayone","China",1,10,"N/A","Large Standard-Size",3,3,3,0.2,13.59,37.5,"11/30/2024",22,8,2,0
"https://amazon.com/dp/B0BLT83TDY","https://m.media-amazon.com/images/I/31iI8kGWieL._SX450_.jpg","B0BLT83TDY","ST PVS 14 Night Vision Monocular White Phosphor L3Harris 20UA Gen 3 PVS-14 10 Year Warranty","Superior Tactical LLC S","FBM","Sports & Outdoors",1284745,671495074809,"N/A",0671495074809,"N/A","Night Vision Monoculars",328,4469,"N/A",0,0,,"-","-",1,5,"superiortac","USA",1,9,29,"N/A","N/A","N/A","N/A","N/A","N/A","N/A","05/31/2025",40,4,0,0
"https://amazon.com/dp/B0BH1MMNSB","https://m.media-amazon.com/images/I/710pa0HRogL._SX450_.jpg","B0BH1MMNSB","Armasight BNVD-51 Gen 3 Pinnacle Night Vision Goggle 2000+ FOM","Armasight","Amazon","Sports & Outdoors",1287532,810081910736,"N/A",0810081910736,"N/A","Night Vision Binoculars & Goggles",782,6999,-33,12,9,-11,85255.65,61858.96,4,4.1,"Amazon","N/A",1,71,"N/A","Large Standard-Size",4.69,7.36,12.83,2.69,"N/A","N/A","09/30/2025",41,7,3,2.88
"https://amazon.com/dp/B0DRFLTH8B","https://m.media-amazon.com/images/I/61abBUeXjcL._SX450_.jpg","B0DRFLTH8B","AWETHE NVG Protection and Focusing Device Cover,37mm Diameter for an/PVS6、an/PVS-7、AN/PVS-7B/D、ANVIS-9、AN/PVS-14、NEPVS-14 Night Vision Goggles","AWETHE","FBM","Sports & Outdoors",1291110,789959605879,"N/A",0789959605879,"N/A","Night Vision Binoculars & Goggles",786,42.99,-32,1,1,,54.52,54.47,"N/A","N/A","MANGO OPTICS","China",1,0,"N/A","N/A","N/A","N/A","N/A","N/A","N/A","N/A","03/31/2025",15,6,0,"N/A"
"https://amazon.com/dp/B0CDC9BF6Z","https://m.media-amazon.com/images/I/61SrpW0+5kL._SX450_.jpg","B0CDC9BF6Z","RSBFER 1X32 Infrared Digital Night Vision Goggles Scope Monocular Head Mounted Helmet Wear for Hunting, Wildlife Watching","RSBFER","FBM","Sports & Outdoors",1291618,"N/A","N/A",1091760771056,"N/A","Night Vision Binoculars & Goggles",786,528.99,-41,0,0,-150,"-","-",1,3,"MAILIANSHANGMAO","China",1,0,"N/A","N/A","N/A","N/A","N/A","N/A","N/A","N/A","09/30/2025",31,7,0,0
"https://amazon.com/dp/B0CP3C49VZ","https://m.media-amazon.com/images/I/618o-RCxCXL._SX450_.jpg","B0CP3C49VZ","GOYOJO Thermal Monocular for Hunting, 25Hz Handheld Infrared Thermal Scope, with High Sensitivity 256x192 Night Vision Telescope, with Photo, Video Record for Night Fishing, Camping, 2X - 4X","GOYOJO","FBM","Sports & Outdoors",1291948,658361249004,"N/A",0658361249004,"N/A","Night Vision Monoculars",331,549,10,0,0,,"-","-","N/A","N/A","HUITEN","China",2,0,"N/A","Large Standard-Size",7.09,2.76,2.76,1.76,"N/A","N/A","05/31/2024",28,6,0,"N/A"
"https://amazon.com/dp/B0CGV6M54W","https://m.media-amazon.com/images/I/51k55pspymL._SX450_.jpg","B0CGV6M54W","Aetheria L4G24 Night Vision Mount for PVS15/PVS18/GPNVG18, Flip-up Mount for Night Vision Goggles for WoSporT Fast Helmets (Tan)","Aetheria","FBM","Sports & Outdoors",1301700,"N/A","N/A",7840911089694,"N/A","Night Vision Binoculars & Goggles",791,19.99,-6,0,0,,"-","-","N/A","N/A","ZhangLindezuimeixiaodian","China",1,2,-80,"Large Standard-Size",4.72,3.15,4.33,0.33,"N/A","N/A","05/31/2024",31,8,2,"N/A"
"https://amazon.com/dp/B0CGV7QP38","https://m.media-amazon.com/images/I/41CLqa7x7uL._SX450_.jpg","B0CGV7QP38","Aetheria L4G24 Night Vision Mount for PVS15/PVS18/GPNVG18, Flip-up Mount for Night Vision Goggles for WoSporT Fast Helmets (Black)","Aetheria","FBM","Sports & Outdoors",1301700,"N/A","N/A",7840911089700,"N/A","Night Vision Binoculars & Goggles",791,19.99,"N/A",0,0,,"-","-","N/A","N/A","ZhangLindezuimeixiaodian","China",1,2,-80,"Large Standard-Size",4.72,3.15,4.33,0.33,"N/A","N/A","05/31/2024",31,8,2,"N/A"
"https://amazon.com/dp/B0759TK6CF","https://m.media-amazon.com/images/I/41zA13dMrhL._SX450_.jpg","B0759TK6CF","Night Optics USA A3144263 Shield Demist Pvs-7 Night Vision Scopes","Night Optics USA","FBM","Sports & Outdoors",1303155,029757002471,"N/A",0029757002471,"N/A","Night Vision Binoculars & Goggles",790,12.99,-20,0,0,-67,"-","-",1,3,"superiortac","USA",2,3,-40,"Small Standard-Size",0.16,2.8,3.23,0,"N/A","N/A","10/31/2024",102,2,0,0
"https://amazon.com/dp/B091GJC18T","https://m.media-amazon.com/images/I/31gNuZSj1IL._SX450_.jpg","B091GJC18T","FMA PVS18 Lens Rubber Cover Protective Cover for PVS18 NVG Night Vision Goggles","FMA","FBM","Sports & Outdoors",1306051,761587390082,"N/A",0761587390082,"N/A","Night Vision Binoculars & Goggles",793,7.38,-24,0,0,,"-","-",2,5,"Emperion SRL","Italy",1,5,67,"N/A","N/A","N/A","N/A","N/A","N/A","N/A","05/31/2025",59,6,0,0
"https://amazon.com/dp/B0DPRDM9GJ","https://m.media-amazon.com/images/I/71UmOeuGb+L._SX450_.jpg","B0DPRDM9GJ","TacRight Night Vision Goggles With Camera - 5X Digital Zoom, HD Screen With 2.5"" Display, Hunting Accessories, Equipment, Video Binoculars, Gifts for Men","TacRight","FBA","Sports & Outdoors",1309988,198715348712,00198715348712,0198715348712,"N/A","Night Vision Binoculars & Goggles",794,129.99,-11,0,0,,"-","-",1,1,"Tacright","USA",1,1,"N/A","Large Standard-Size",8.11,5.43,2.28,1.32,50.55,139.45,"11/30/2024",15,8,0,0
"https://amazon.com/dp/B0C2DCB6DP","https://m.media-amazon.com/images/I/61m5z7ysubL._SX450_.jpg","B0C2DCB6DP","LIEMKE MERLIN-35 Multifunctional Clip-On Thermal Night Vision Imaging Pre-Mounted Scope Device | Ideal for The Field and Forest Hunting","LIEMKE","FBM","Sports & Outdoors",1314215,810496022642,"N/A",0810496022642,"N/A","Night Vision Monoculars",339,2498,-30,1,1,300,2937.39,2937.35,"N/A","N/A","Judetronics LLC","USA",3,20,400,"Large Standard-Size",4.29,5.51,10.71,2.7,"N/A","N/A","07/31/2025",35,9,0,"N/A"
"https://amazon.com/dp/B0DCPPKGPT","https://m.media-amazon.com/images/I/51TwaUrD0AL._SX450_.jpg","B0DCPPKGPT","ATN NVMPPVS1453W PVS14-3W, Night Vision Monocular 51 FOV Gen 3 Auto-Gated, P45-White Phosphor IIT","ATN","FBM","Sports & Outdoors",1315403,658175125174,"N/A",0658175125174,"N/A","Night Vision Monoculars",337,4749,-10,0,0,,"-","-",1,1,"EuroOptic (✅ Authorized Dealer ✅ Fastest Shipping)","USA",2,2,"N/A","Large bulky",12,15,10,5,"N/A","N/A","01/31/2026",19,1,0,0.35
"https://amazon.com/dp/B0DS9PKBGR","https://m.media-amazon.com/images/I/61Xq3E8v7SL._SX450_.jpg","B0DS9PKBGR","AGM Global Vision REFURBISHED FUZION LRF TM50-640 Thermal & Optical Monocular with Laser rangefinder 640x512 Resolution, OLED Display, Bi-Spectrum Imaging Waterproof","AGM Global Vision","FBM","Sports & Outdoors",1318725,810164390660,"N/A",0810164390660,"N/A","Night Vision Monoculars",338,1999,-54,0,0,300,"-","-","N/A","N/A","Defend&Carry","USA",1,0,"N/A","Large Standard-Size",10,4,3,2.65,"N/A","N/A","01/31/2026",28,6,0,"N/A"
"https://amazon.com/dp/B0D9VW4L8S","https://m.media-amazon.com/images/I/71iQ5S0JWhL._SX450_.jpg","B0D9VW4L8S","[2024 Upgrade] Night Vision Goggles Head Mounted,with Added White Fill Light Night Vision Binoculars 4K Video and 36MP Photo for Viewing 1312FT,8X Digital Zoom Long Rang Infrared Goggles Night","Aloudcky","FBA","Sports & Outdoors",1321844,"N/A","N/A",9173780984592,"N/A","Night Vision Binoculars & Goggles",796,122.88,-52,0,0,,"-","-","N/A","N/A","Aloudcky","China",1,3,"N/A","Large Standard-Size",9.85,6.7,4.4,2.65,146.2,403.3,"11/30/2024",20,9,3,"N/A"
"https://amazon.com/dp/B0CGKLKDNK","https://m.media-amazon.com/images/I/61eUgcNLlGL._SX450_.jpg","B0CGKLKDNK","LEESEN J-Arm Headset Adapter PVS 14 Night Vision Mount,Rhino All Aluminum Alloy Material PVS 14 J Arm Night Vision Goggles NVG Mount Metal Helmet Compatible with All Models of PVS14","LEESEN","FBM","Sports & Outdoors",1325575,"N/A","N/A",9496269001802,"N/A","Night Vision Binoculars & Goggles",801,49.99,-37,0,0,,"-","-",1,5,"Cloud Pigeon","China",1,2,-80,"N/A","N/A","N/A","N/A","N/A","N/A","N/A","04/30/2024",31,7,1,0
"https://amazon.com/dp/B0CRZ2BG1M","https://m.media-amazon.com/images/I/71-FgLAoX+L._SX450_.jpg","B0CRZ2BG1M","Tactical Green Light AN/PVS31 Helmet Dummy Night Vision Goggle Model ＆ L4G19 NVG Helmet Mount Plastic Bracket No Function Binocular Night Vision NVG with Battery Case and Storage Box","Chestnut-YX","FBM","Sports & Outdoors",1325860,"N/A","N/A",8609984665858,"N/A","Night Vision Binoculars & Goggles",800,119.98,-5,0,0,-143,"-","-","N/A","N/A","Chestnut-YX","China",1,4,"N/A","N/A","N/A","N/A","N/A","N/A","N/A","N/A","11/30/2025",26,7,0,"N/A"
"https://amazon.com/dp/B0DPMLSLDF","https://m.media-amazon.com/images/I/718gpC07h5L._SX450_.jpg","B0DPMLSLDF","WGFXYBFY 4K Head Mounted Night Vision Monocular, 1312FT Night Vision Goggles for Adults, 8X Digital Zoom 7-Level Infrared with 32GB Memory Card to Photo and Video for Camping","WGFXYBFY","FBM","Sports & Outdoors",1327430,"N/A","N/A",1092148481376,"N/A","Night Vision Monoculars",340,139.99,-13,0,0,,"-","-","N/A","N/A","Xiaofugui Shop","China",1,0,"N/A","N/A","N/A","N/A","N/A","N/A","N/A","N/A","05/31/2025",15,7,0,"N/A"
"https://amazon.com/dp/B07YCSKQHC","https://m.media-amazon.com/images/I/41PWGvrQuSL._SX450_.jpg","B07YCSKQHC","AGM 5X AFOCAL Magnifier Lens","AGM Global Vision","FBM","Sports & Outdoors",1329579,810027770066,"N/A",0810027770066,"N/A","Night Vision Binoculars & Goggles",803,439,-12,0,0,-133,"-","-",1,5,"EuroOptic (✅ Authorized Dealer ✅ Fastest Shipping)","USA",2,7,133,"Large Standard-Size",10,6,4,1.46,"N/A","N/A","11/30/2025",78,1,0,0
"https://amazon.com/dp/B0DLNVYX4S","https://m.media-amazon.com/images/I/613GcAcRL0L._SX450_.jpg","B0DLNVYX4S","EOTACTACTICAL NVG Focus Enhancement Device Night Vision Universal Focus Adjustable Iris Aperture for PVS-14/ PVS-31/ PVS-18 (34mm 1.346in)","EOTACTACTICAL","FBM","Sports & Outdoors",1330995,762168397988,"N/A",0762168397988,"N/A","Night Vision Binoculars & Goggles",798,45.99,"N/A",0,0,,"-","-",1,2,"Theless Gear","China",1,3,"N/A","N/A","N/A","N/A","N/A","N/A","N/A","N/A","02/28/2025",16,6,2,0
"https://amazon.com/dp/B0DLNXV5ST","https://m.media-amazon.com/images/I/613GcAcRL0L._SX450_.jpg","B0DLNXV5ST","EOTACTACTICAL NVG Focus Enhancement Device Night Vision Universal Focus Adjustable Iris Aperture for PVS-14/ PVS-31/ PVS-18 (37mm 1.446in)","EOTACTACTICAL","FBM","Sports & Outdoors",1334308,762168397971,"N/A",0762168397971,"N/A","Night Vision Binoculars & Goggles",805,45.99,"N/A",0,0,,"-","-",1,2,"Theless Gear","China",1,3,"N/A","N/A","N/A","N/A","N/A","N/A","N/A","N/A","02/28/2025",16,7,2,0
"https://amazon.com/dp/B0C89SGP57","https://m.media-amazon.com/images/I/51rj5d5cNeL._SX450_.jpg","B0C89SGP57","WarmHeartting Airsoft L4G24 Night Vision Googgles Tactical Helmet NVG Mount for PVS15 PVS18 GPNVG18","WarmHeartting","FBM","Sports & Outdoors",1336735,"N/A","N/A","N/A","N/A","Night Vision Binoculars & Goggles",1028,21.99,-11,0,0,,"-","-",23,3.9,"WarmHeartting Outdoor Gear Store","China",1,0,"N/A","Large Standard-Size",3.94,1.97,3.94,0.33,"N/A","N/A","06/30/2024",32,7,2,0
"https://amazon.com/dp/B0D9K6GH71","https://m.media-amazon.com/images/I/51JhgBs+rSL._SX450_.jpg","B0D9K6GH71","PVS-14 Binocular Bridge Helmet Mount Light Weight Dual Tube Mounting System IC AN/PVS-14LW，Night Vision Goggles Night Vision Adapter for PVS-14 Night Vision Binoculars Monocular Or Binocular (Tan)","okyass","FBM","Sports & Outdoors",1346977,"N/A","N/A","N/A","N/A","Night Vision Binoculars & Goggles",808,149.88,-39,0,0,,"-","-","N/A","N/A","HuangJinKu","China",1,1,"N/A","N/A","N/A","N/A","N/A","N/A","N/A","N/A","09/30/2024",20,7,3,"N/A"
"https://amazon.com/dp/B0D9K5W9H1","https://m.media-amazon.com/images/I/41CMH1qv9JL._SX450_.jpg","B0D9K5W9H1","PVS-14 Binocular Bridge Helmet Mount Light Weight Dual Tube Mounting System IC AN/PVS-14LW，Night Vision Goggles Night Vision Adapter for PVS-14 Night Vision Binoculars Monocular Or Binocular (Black)","okyass","FBM","Sports & Outdoors",1347428,"N/A","N/A","N/A","N/A","Night Vision Binoculars & Goggles",807,149.88,-10,0,0,,"-","-","N/A","N/A","HuangJinKu","China",1,1,"N/A","N/A","N/A","N/A","N/A","N/A","N/A","N/A","09/30/2024",20,7,3,"N/A"
"https://amazon.com/dp/B0DFH3FVSR","https://m.media-amazon.com/images/I/61Bz-EWAZ3L._SX450_.jpg","B0DFH3FVSR","Miasazyr Tactical Soft Helmets, Heavy Duty Night Vision Head Strap Adjustable NVG Mount Cap Headband for Night Vision Goggles & Action Camera, Head Harness Compatible with NVG10/NVG30/G1/PVS 14","Miasazyr","FBM","Sports & Outdoors",1347743,"N/A","N/A",1091985560787,"N/A","Night Vision Binoculars & Goggles",808,145.99,-9,0,0,,"-","-","N/A","N/A","Samanzyr","China",1,2,"N/A","N/A","N/A","N/A","N/A","N/A","N/A","N/A","03/31/2025",19,7,0,"N/A"
"https://amazon.com/dp/B0CDBK9WMH","https://m.media-amazon.com/images/I/41hc5wZtCyL._SX450_.jpg","B0CDBK9WMH","FMA AVS9 Bracket Mount Helmet Accessories Functional Night Vision Base TB1272-C","FMA","FBM","Sports & Outdoors",1351240,753165667136,"N/A",0753165667136,"N/A","Night Vision Binoculars & Goggles",814,49.98,-24,0,0,,"-","-","N/A","N/A","zhao66277","China",1,5,67,"N/A","N/A","N/A","N/A","N/A","N/A","N/A","05/31/2025",31,9,0,"N/A"
"https://amazon.com/dp/B0DNQDZP2G","https://m.media-amazon.com/images/I/617wsApXh+L._SX450_.jpg","B0DNQDZP2G","HATSEN NVG Focus Enhancement Device Universal Focus Adjustable Iris for an/PVS6 an/PVS-7 AN/PVS-7B/D ANVIS-9 AN/PVS-14 NEPVS-14 Etc Night Vision Goggles, 37mm/34mm (37mm)","HATSEN","FBM","Sports & Outdoors",1351588,754260429100,"N/A",0754260429100,"N/A","Night Vision Binoculars & Goggles",812,65.99,-36,0,0,,"-","-","N/A","N/A","AWESOME OUTDOOR","China",2,0,"N/A","N/A","N/A","N/A","N/A","N/A","N/A","N/A","09/30/2025",16,6,2,"N/A"
"https://amazon.com/dp/B0FSZRM6JL","https://m.media-amazon.com/images/I/5182mu2czML._SX450_.jpg","B0FSZRM6JL","4K Night Vision Binoculars - 40MP Infrared Goggles for Adults with 8X Zoom, 7-Level IR and 32GB TF Card can Save Photo and Video for Hunting, Camping & Security","Generic","FBM","Sports & Outdoors",1354874,"N/A","N/A","N/A","N/A","Night Vision Binoculars & Goggles",819,39.99,-21,1,1,,39.99,39.98,"N/A","N/A","PianGuanJianCi","N/A",1,0,"N/A","N/A","N/A","N/A","N/A","N/A","N/A","N/A","01/31/2026",6,5,0,"N/A"
"https://amazon.com/dp/B0FRKCDJPD","https://m.media-amazon.com/images/I/51OxMkssQfL._SX450_.jpg","B0FRKCDJPD","SIG SAUER Echo MV35 2-16x35mm Thermal Monocular - Digital Zoom, Photo & Video Capture, App Control, 10-Hour Runtime - Waterproof IP67 Nighttime Hunting Monocular, Flat Dark Earth (SOEC42200)","Sig Sauer","FBM","Sports & Outdoors",1356614,798681704170,00798681704170,0798681704170,"N/A","Night Vision Monoculars",347,2339.99,-2,0,0,-50,"-","-","N/A","N/A","Sports-and-Gadgets","USA",5,0,"N/A","Large Standard-Size",1,1,1,2,"N/A","N/A","09/30/2025",6,7,0,"N/A"
"https://amazon.com/dp/B0FFGS8XST","https://m.media-amazon.com/images/I/5137AgD6hTL._SX450_.jpg","B0FFGS8XST","GPNVG18 Tactical Night Vision Goggle Model, Four-Tube Binocular Night Vision Goggles for Cosplay and Outdoor Activities, No Function (Black)","Fucellveca","FBM","Sports & Outdoors",1361504,724880819339,"N/A",0724880819339,"N/A","Night Vision Binoculars & Goggles",821,45.99,"N/A",0,0,-50,"-","-","N/A","N/A","GF Technology","China",1,0,"N/A","N/A","N/A","N/A","N/A","N/A","N/A","N/A","10/31/2025",9,7,2,"N/A"
"https://amazon.com/dp/B0BNLXC9VL","https://m.media-amazon.com/images/I/71Nj5HX5ClL._SX450_.jpg","B0BNLXC9VL","Superior Tactical Night Vision Monoculars I Gen3 White Phosphor Image Intensifier I Helmet Mounted, Auto- Gated Light Adjustment, Water Proof & Lightweight I Perfect for Outdoor Adventures","Superior Tactical LLC S","FBM","Sports & Outdoors",1362682,671495074816,"N/A",0671495074816,"N/A","Night Vision Monoculars",349,3999.99,-17,0,0,,"-","-","N/A","N/A","superiortac","USA",1,5,"N/A","N/A","N/A","N/A","N/A","N/A","N/A","N/A","11/30/2024",39,6,0,"N/A"
"https://amazon.com/dp/B0DJNSCPMD","https://m.media-amazon.com/images/I/61G0i-ILqhL._SX450_.jpg","B0DJNSCPMD","DTACGERA Night Vision Goggles Head Mounted Monocular Digital Infrared 1080P FHD Save Photos & Videos with 6X Digital Zoom for 100% Darkness Hunting Wildlife Observation Camping","DTACGERA","FBA","Sports & Outdoors",1366011,"N/A","N/A","N/A","N/A","Night Vision Monoculars",350,198.88,-12,0,0,-100,"-","-",3,5,"DTACGERA","China",1,6,"N/A","Large Standard-Size",6.7,3,6.7,1.87,67.8,187.04,"12/31/2025",17,6,0,0
"https://amazon.com/dp/B0D499R583","https://m.media-amazon.com/images/I/61Jk4oUn+TL._SX450_.jpg","B0D499R583","Night Vision Goggles, Infrared Binoculars with Camera for Hunting Day and Night High-Power Binoculars with 3X Digital Zoom, 984ft Range, 2.31''LCD Display with 32GB Memory Card (Battery Not Included)","Generic","FBM","Sports & Outdoors",1369411,"N/A","N/A","N/A","N/A","Night Vision Binoculars & Goggles",823,108,-14,0,0,,"-","-","N/A","N/A","Explorer01","China",1,2,"N/A","N/A","N/A","N/A","N/A","N/A","N/A","N/A","12/31/2024",22,9,0,"N/A"
"https://amazon.com/dp/B09HBJ2NLP","https://m.media-amazon.com/images/I/71JVoNN7DgL._SX450_.jpg","B09HBJ2NLP","Teslord NVG7 Gen 2+ Night Vision Goggles, Infrared Head-Mounted Night Vision Binoculars -Night Goggles for Hunting, Spy, Military, Survival and Tactical","Teslord","FBM","Sports & Outdoors",1371461,632917376826,"N/A",0632917376826,"N/A","Night Vision Binoculars & Goggles",825,1788.99,-34,0,0,,"-","-",7,3.9,"Teslord","China",1,2,-78,"N/A","N/A","N/A","N/A","N/A","N/A","N/A","05/31/2024",47,8,0,0
"https://amazon.com/dp/B0DPQL2QKL","https://m.media-amazon.com/images/I/71gfTX3HFQL._SX450_.jpg","B0DPQL2QKL","Night Vision Goggles, 4K Infrared Night Vision Binoculars for Adults, 3"" Large Screen, 8X Digital Zoom, Adjustable IR Light, 32GB Card for Photos & Videos, for Camping, Hunting & Security","eoqo","FBA","Sports & Outdoors",1376209,"N/A","N/A","N/A","N/A","Night Vision Binoculars & Goggles",829,69.99,-18,0,0,,"-","-",10,4.2,"Changxun Tech","Hong Kong",1,3,"N/A","Large Standard-Size",6.8,3.9,3.1,1.1,41.39,114.18,"01/31/2025",15,7,0,0
"https://amazon.com/dp/B0GCJWC2XZ","https://m.media-amazon.com/images/I/61hDZlxVXrL._SX450_.jpg","B0GCJWC2XZ","384 * 288 AISR Thermal Monocular, 1.43"" Thermal Imaging Monocular Handheld Infrared Scope with 10+h Battery Life, 32GB, 60Hz Thermal Camera Monocular for Hunting Camping Adventure, Camping, Travel","GTGUARD","FBM","Sports & Outdoors",1381545,"N/A","N/A","N/A","N/A","Night Vision Monoculars",357,499,"N/A",0,0,,"-","-","N/A","N/A","GT AUDIO","China",1,0,"N/A","N/A","N/A","N/A","N/A","N/A","N/A","N/A","01/31/2026",3,9,0,"N/A"
"https://amazon.com/dp/B0FBM5V5LD","https://m.media-amazon.com/images/I/61vDF688OYL._SX450_.jpg","B0FBM5V5LD","SeeGhylpht 600M Range Night Vision Monocular, 40MP Resolution, 8X Digital Zoom, 2600mAh Removable Battery, 850nm Infrared Spotlight with 3 - Level Adjustment, Ideal for Outdoor Exploration & Hunting","Generic","FBA","Sports & Outdoors",1382405,"N/A","N/A","N/A","N/A","Night Vision Monoculars",358,59.9,-4,0,0,,"-","-","N/A","N/A","Qiyang Store","China",1,0,"N/A","Large Standard-Size",8.54,2.09,3.78,1.83,33.97,93.71,"07/31/2025",9,8,0,"N/A"
"https://amazon.com/dp/B0CFV58PD6","https://m.media-amazon.com/images/I/51-hP1D-QdL._SX450_.jpg","B0CFV58PD6","RUSUO Lens,Monocular Crossing Cursor Digital Night-Visions Device Infrared Day Night Use Night-Visions Device 500M Full Black Viewing Distance 4X Digital Zoom Night-Visions Device","RUSUO","FBM","Sports & Outdoors",1384557,"N/A","N/A","N/A","N/A","Night Vision Monoculars",357,88.99,-7,0,0,,"-","-",1,5,"123Dengjiale","China",1,2,100,"N/A","N/A","N/A","N/A","N/A","N/A","N/A","03/31/2024",31,9,0,0.11
"https://amazon.com/dp/B0DBR74HY8","https://m.media-amazon.com/images/I/61mz4BORHJL._SX450_.jpg","B0DBR74HY8","AGM Global Vision Secutor LRF-C 75-640 Professional Grade Thermal Imaging Clip-On System with Built-in Laser Rangefinder. High Sensitivity 12μm Thermal Detector with 640x512 (50 Hz) Resolution","AGM Global Vision","FBM","Sports & Outdoors",1386746,810164390011,"N/A",0810164390011,"N/A","Night Vision Monoculars",358,6495,-8,1,0,-110,5033.23,"-","N/A","N/A","EuroOptic (✅ Authorized Dealer ✅ Fastest Shipping)","USA",4,0,"N/A","Large Standard-Size",10,5,4,1.76,"N/A","N/A","04/30/2025",19,5,2,"N/A"
"https://amazon.com/dp/B0CQCRY5MZ","https://m.media-amazon.com/images/I/71RBHVRIpML._SX450_.jpg","B0CQCRY5MZ","Thermal Imaging monocular Handheld Night Vision Hunting monocular,25mm Lens Digital Zoom 1-8x 2300m Detect Distance 400x300 Sensor,0.39' OLED Display,Free Android&iOS Thermal Image for Hunting","Guune","FBA","Sports & Outdoors",1389080,"N/A","N/A","N/A","N/A","Night Vision Monoculars",356,1389,-33,0,0,-150,"-","-",1,5,"Guune","China",1,2,"N/A","Large Standard-Size",12.6,5.4,13.4,1.28,459.03,1266.3,"08/31/2024",27,6,0,0
"https://amazon.com/dp/B0FF9LN6LZ","https://m.media-amazon.com/images/I/71XkAGaGlxL._SX450_.jpg","B0FF9LN6LZ","TRV 4K Digital Night Vision Goggles for Adults - 8X Zoom, 300M Range, 12H Battery, IR Camera & Video Recorder","TRV","FBA","Sports & Outdoors",1390314,"N/A","N/A","N/A","N/A","Night Vision Binoculars & Goggles",831,40.14,-65,0,0,,"-","-",9,3.2,"TRV Optics","China",1,0,"N/A","Large Standard-Size",8.07,3.74,5.9,1.46,89.65,247.32,"06/30/2025",9,7,0,0.05
"https://amazon.com/dp/B0DHJCJ78N","https://m.media-amazon.com/images/I/61pNbpAmEEL._SX450_.jpg","B0DHJCJ78N","ATN BionX 4T 384 Thermal Binocular with Gen 4 384x288, 60Hz, <25 mK Sensor | Magnification | Built-in Laser Rangefinder, Live Streaming Capable | Exclusive Signature Series Kit","Certified Brands","FBM","Sports & Outdoors",1395541,840454601411,"N/A",0840454601411,"N/A","Night Vision Binoculars & Goggles",838,3299,"N/A",0,0,,"-","-","N/A","N/A","Certified Brands","USA",0,0,"N/A","N/A","N/A","N/A","N/A","N/A","N/A","N/A","08/31/2025",18,6,6,"N/A"
"https://amazon.com/dp/B0DHJ72LD9","https://m.media-amazon.com/images/I/61pNbpAmEEL._SX450_.jpg","B0DHJ72LD9","ATN BinoX 4T 384 2-8x LTR Thermal Binocular","Certified Brands","FBM","Sports & Outdoors",1396051,840454601398,"N/A",0840454601398,"N/A","Night Vision Binoculars & Goggles",838,3299,"N/A",0,0,,"-","-","N/A","N/A","Certified Brands","USA",1,0,"N/A","N/A","N/A","N/A","N/A","N/A","N/A","N/A","08/31/2025",18,6,6,"N/A"
"https://amazon.com/dp/B0DHJHYVXZ","https://m.media-amazon.com/images/I/612eVnBfZjL._SX450_.jpg","B0DHJHYVXZ","ATN BinoX 4T 384 4.5-18x LTR Thermal Binocular","Certified Brands","FBM","Sports & Outdoors",1396065,840454601404,"N/A",0840454601404,"N/A","Night Vision Binoculars & Goggles",838,3999,-15,0,0,,"-","-","N/A","N/A","Certified Brands","USA",1,0,"N/A","N/A","N/A","N/A","N/A","N/A","N/A","N/A","08/31/2025",18,6,6,"N/A"
"https://amazon.com/dp/B0DHHXQDKF","https://m.media-amazon.com/images/I/61jIMwGFh-L._SX450_.jpg","B0DHHXQDKF","ATN BinoX 4T 384 4.5-18x LTR Thermal Binocular","Certified Brands","FBM","Sports & Outdoors",1396074,840454601435,"N/A",0840454601435,"N/A","Night Vision Binoculars & Goggles",838,4009,-33,0,0,,"-","-","N/A","N/A","Certified Brands","USA",1,0,"N/A","N/A","N/A","N/A","N/A","N/A","N/A","N/A","08/31/2025",18,6,6,"N/A"
"https://amazon.com/dp/B0DHJKWTPN","https://m.media-amazon.com/images/I/61HMmyZCCRL._SX450_.jpg","B0DHJKWTPN","ATN BinoX 4T 384 2-8x LTR Thermal Binocular","Certified Brands","FBM","Sports & Outdoors",1396408,840454601428,"N/A",0840454601428,"N/A","Night Vision Binoculars & Goggles",837,3309,"N/A",0,0,,"-","-","N/A","N/A","Certified Brands","USA",1,0,"N/A","N/A","N/A","N/A","N/A","N/A","N/A","N/A","08/31/2025",18,6,6,"N/A"
"https://amazon.com/dp/B08TTDM2MW","https://m.media-amazon.com/images/I/61ePWvYe4iL._SX450_.jpg","B08TTDM2MW","AGM Global Vision PVS-7 3AW1 Night Vision Goggle Gen 3 Auto-Gated White Phosphor Level 1, 1x Magnification, 64-72 lpmm Resolution, 27mm Lens, 0.2m to Infinity Focus Range","AGM Global Vision","FBM","Sports & Outdoors",1397687,810027778147,"N/A",0810027778147,"N/A","Night Vision Binoculars & Goggles",839,4195,-47,0,0,100,"-","-","N/A","N/A","Focus Camera LLC","USA",5,1,-88,"Large Standard-Size",7.4,7,4,1.43,"N/A","N/A","12/31/2024",34,7,0,"N/A"
"https://amazon.com/dp/B0DJSPWVRY","https://m.media-amazon.com/images/I/51Iaa2XZCnL._SX450_.jpg","B0DJSPWVRY","D-14 Bridge Dual PVS-14 NVG Mounting System Night Vision Helmet Mount Integrated Components，Adjustable Dovetail Versatile Night Vision Goggles Adapter，for Single Monocular & Dual Binocular PVS-14","ORPUNA","FBM","Sports & Outdoors",1399512,"N/A","N/A","N/A","N/A","Night Vision Binoculars & Goggles",838,164.99,-18,0,0,-114,"-","-","N/A","N/A","aopn optics","China",2,5,"N/A","N/A","N/A","N/A","N/A","N/A","N/A","N/A","09/30/2024",17,7,0,"N/A"
"https://amazon.com/dp/B0DPWYRX96","https://m.media-amazon.com/images/I/61CvkAcdE7L._SX450_.jpg","B0DPWYRX96","SKIOVEMI Head-Mounted Night Vision Goggles for Adults, Night Vision Binoculars with 4 Color Modes 8X Magnification, Long Rang Infrared Goggles Night","SKIOVEMI","FBM","Sports & Outdoors",1405941,"N/A","N/A",1091475295663,"N/A","Night Vision Binoculars & Goggles",842,189,-43,0,0,,"-","-",1,5,"SKIOVEMI","China",1,0,"N/A","N/A","N/A","N/A","N/A","N/A","N/A","N/A","-",15,7,0,0
"https://amazon.com/dp/B08RNNXDHG","https://m.media-amazon.com/images/I/41LUMtCidEL._SX450_.jpg","B08RNNXDHG","FMA Tactical AVS9 Helmet Night Vision Goggle NVG Battery Box Case Dummy Model","FMA","FBM","Sports & Outdoors",1408116,782125910722,"N/A",0782125910722,"N/A","Night Vision Binoculars & Goggles",843,16.98,-39,0,0,,"-","-","N/A","N/A","zhao66277","China",1,5,25,"N/A","N/A","N/A","N/A","N/A","N/A","N/A","10/31/2025",61,8,0,"N/A"
"https://amazon.com/dp/B09156VR1C","https://m.media-amazon.com/images/I/61xDdTZXATL._SX450_.jpg","B09156VR1C","FMA Tactical GPNVG18 Dummy Model Night Vision Goggles & L4G19 NVG Helmet Mount Plastic Bracket No Function","FMA","FBM","Sports & Outdoors",1411493,761587389772,"N/A",0761587389772,"N/A","Night Vision Binoculars & Goggles",846,59.68,-23,0,0,-150,"-","-",25,3.5,"zhao66277","China",1,3,"N/A","N/A","N/A","N/A","N/A","N/A","N/A","N/A","01/31/2025",60,9,0,0
"https://amazon.com/dp/B0D6W6VDWY","https://m.media-amazon.com/images/I/61vkzBudmRL._SX450_.jpg","B0D6W6VDWY","Night Vision Monocular 4K Full Color Infrared Night Vision Thermal Monocular 256x192 Three Modes WiFi Thermal Imaging Monocular Support Save Photo and Video with 128GB Large Storage Capacity","YWYLL","FBM","Sports & Outdoors",1416783,"N/A","N/A","N/A","N/A","Night Vision Monoculars",363,1250,-15,0,0,,"-","-",3,5,"shenzhenshijinmanxiukejiyouxiangongsi","China",1,3,"N/A","Large bulky",8.43,9.17,12.83,2.49,"N/A","N/A","10/31/2024",21,7,0,0.05
"https://amazon.com/dp/B0FNKVTNH8","https://m.media-amazon.com/images/I/71U7oAXWUsL._SX450_.jpg","B0FNKVTNH8","Luna Optics LN-QD-B50 Quantum Digital Day-Night Vision Binocular 6-36x50 - Digital Night Vision with 1000m Laser Rangefinder, 2K Recording, Professional Grade for Hunting and Surveillance","Luna Optics","FBA","Sports & Outdoors",1419959,850015396212,00850015396212,0850015396212,"N/A","Night Vision Binoculars & Goggles",846,899.95,-18,0,0,-120,"-","-","N/A","N/A","Optics Force ✅Authorized Dealer ✅ Fast Shipping","USA",3,0,"N/A","Large Standard-Size",12,8,5,4.2,241.67,666.67,"12/31/2025",7,3,0,"N/A"
"https://amazon.com/dp/B0D7PZWF76","https://m.media-amazon.com/images/I/61It6FjBVQL._SX450_.jpg","B0D7PZWF76","oneleaf.ai Find NV200 70mm LRF 4K Digital Day/Night Vision Binoculars with Rangefinder","oneleaf.ai","FBA","Sports & Outdoors",1425677,"N/A","N/A","N/A","N/A","Night Vision Binoculars & Goggles",850,658,-53,0,0,,"-","-",1,4,"Akk Technology Inc","Hong Kong",1,4,"N/A","Large Standard-Size",3.54,10.24,11.42,3.8,208.49,575.15,"10/31/2025",34,8,0,0
"https://amazon.com/dp/B0CN44M68K","https://m.media-amazon.com/images/I/61V9+UwIjpL._SX450_.jpg","B0CN44M68K","Vortix GPNVG18 Night Vision Goggles Mount Cosplay Prop, Tactical Dummy Model Night Vision Goggles with Four-Tube Binocular (Black)","Vortix","FBM","Sports & Outdoors",1429666,"N/A","N/A",7301312529153,"N/A","Night Vision Binoculars & Goggles",850,49.99,-55,0,0,,"-","-",1,3,"WOWOBONTOY","China",1,0,"N/A","N/A","N/A","N/A","N/A","N/A","N/A","N/A","07/31/2024",28,4,0,0
"https://amazon.com/dp/B01GOXRWUW","https://m.media-amazon.com/images/I/61ihQdiKQoL._SX450_.jpg","B01GOXRWUW","DLP Tactical 3-Hole Skeleton NVG Mount Shroud Compatible with ACH/MICH/OPS-Core Fast/Crye AirFrame Helmet (Tan)","DLP Tactical","FBM","Sports & Outdoors",1431452,601111069148,"N/A",0601111069148,"N/A","Night Vision",1244,59.95,10,0,0,,"-","-",6,4,"DLP Tactical","USA",1,2,-75,"Large Standard-Size",0.8,4.7,4.7,0.05,"N/A","N/A","07/31/2024",117,2,2,0
"https://amazon.com/dp/B01GOXRWVQ","https://m.media-amazon.com/images/I/51nJwQrpc-L._SX450_.jpg","B01GOXRWVQ","DLP Tactical 3-Hole Skeleton NVG Mount Shroud Compatible with ACH/MICH/OPS-Core Fast/Crye AirFrame Helmet (Black)","DLP Tactical","FBM","Sports & Outdoors",1431452,601111069131,"N/A",0601111069131,"N/A","Night Vision Binoculars & Goggles",1015,59.95,9,0,0,,"-","-",6,4,"DLP Tactical","USA",1,2,-75,"Large Standard-Size",0.9,3.6,4.5,0.1,"N/A","N/A","07/31/2024",117,2,2,0
"https://amazon.com/dp/B0CZL6DMCF","https://m.media-amazon.com/images/I/513s8YbMMOL._SX450_.jpg","B0CZL6DMCF","OBIOCKIDAY Night Vision Goggles, GPNVG18 Four-Tube Binocular Mount Hunting Cosplay Prop with No Function for Camping (Black)","OBIOCKIDAY","FBM","Sports & Outdoors",1434900,"N/A","N/A",6112621279339,"N/A","Night Vision Binoculars & Goggles",855,54.99,-32,0,0,,"-","-",4,4.1,"HSDFJK","China",1,2,"N/A","Large Standard-Size",4.72,3.94,12.6,1.47,"N/A","N/A","07/31/2024",23,5,1,0
"https://amazon.com/dp/B0D93W3WYY","https://m.media-amazon.com/images/I/61B7782AzPL._SX450_.jpg","B0D93W3WYY","Beuiouer Metal L4 G24 L4G24 NVG Operational Support for PVS15 PVS18 GPNVG18 Goggle Night Vision Stent Skip Fast OPS Helmet Parts","Beuiouer","FBM","Sports & Outdoors",1437468,"N/A","N/A",4861276512095,"N/A","Night Vision Binoculars & Goggles",857,46.72,-31,0,0,-150,"-","-","N/A","N/A","Putuosi","China",1,0,"N/A","Large Standard-Size",5.12,3.94,2.76,0.57,"N/A","N/A","07/31/2025",20,8,0,"N/A"
"https://amazon.com/dp/B0DKTJNR5G","https://m.media-amazon.com/images/I/619T+X3ienL._SX450_.jpg","B0DKTJNR5G","Thermal Monocular,384x288 (AI Super Resolution) H3 Thermal Monocular for Hunting,(800×600) Micro-OLED Display,IP66 Thermal Night Vision with Wi-Fi Hotspot/STA/MIC,12hrs+ Battery Powers","GTGUARD","FBM","Sports & Outdoors",1440589,"N/A","N/A","N/A","N/A","Night Vision Monoculars",369,599,-12,0,0,-133,"-","-",1,5,"V8 OFFICIAL","China",2,4,"N/A","Large Standard-Size",7.87,2.6,2.6,0.7,"N/A","N/A","12/31/2025",17,9,0,0
"https://amazon.com/dp/B0F1L8MMWJ","https://m.media-amazon.com/images/I/51o7ThIyDyL._SX450_.jpg","B0F1L8MMWJ","New Megaorei NK008 1080P 300M Hunting Digital Infrared Night Vision Scope Attachment Camcorder with Built-in 940nm Infrared Flashlight Monocular","megaorei","FBM","Sports & Outdoors",1443726,717097235009,"N/A",0717097235009,"N/A","Night Vision Monoculars",372,99.99,-47,0,0,-129,"-","-","N/A","N/A","megaorei technology","China",1,0,"N/A","N/A","N/A","N/A","N/A","N/A","N/A","N/A","11/30/2025",15,8,0,"N/A"
"https://amazon.com/dp/B0C6FQW6LN","https://m.media-amazon.com/images/I/71FlO+PBt-L._SX450_.jpg","B0C6FQW6LN","ZEISS DTI 4/35 Thermal Imaging Camera High-Resolution Monocular for Night Hunting and Wildlife Observation","ZEISS","FBA","Sports & Outdoors",1446049,740035017016,"N/A",0740035017016,"N/A","Monoculars",1333,3499,-12,0,0,,"-","-",1,5,"Freedom USA Sales","USA",1,1,"N/A","Large Standard-Size",12,10,3.5,2,211.46,583.33,"05/31/2024",34,8,0,0
"https://amazon.com/dp/B0D72YRD8R","https://m.media-amazon.com/images/I/51ZAkCNuR6L._SX450_.jpg","B0D72YRD8R","RinRinGo Night Vision Goggles Cosplay Prop, Four-Tube Binocular Night Vision Goggles with Mount for GPNVG18 (Non-Function)","RinRinGo","FBM","Sports & Outdoors",1447428,"N/A","N/A","N/A","N/A","Night Vision Binoculars & Goggles",860,42.99,-51,0,0,,"-","-","N/A","N/A","RinRinGo","China",1,2,"N/A","Large Standard-Size",6.7,4.7,4.7,1.7,"N/A","N/A","06/30/2024",21,7,2,"N/A"
"https://amazon.com/dp/B0D72XGX13","https://m.media-amazon.com/images/I/51V96uAQqiL._SX450_.jpg","B0D72XGX13","RinRinGo Night Vision Goggles Cosplay Prop, Four-Tube Binocular Night Vision Goggles with Mount for GPNVG18 (Non-Function)","RinRinGo","FBM","Sports & Outdoors",1447428,"N/A","N/A","N/A","N/A","Night Vision Binoculars & Goggles",860,49.99,-47,0,0,,"-","-","N/A","N/A","RinRinGo","China",1,2,"N/A","Large Standard-Size",6.7,4.7,4.7,1.7,"N/A","N/A","06/30/2024",21,7,2,"N/A"
"https://amazon.com/dp/B0DC3S3DK2","https://m.media-amazon.com/images/I/611A+vV77UL._SX450_.jpg","B0DC3S3DK2","SKIOVEMI NV8161 Military Tactical Night-Vision Goggles Head Mounted, 4K HD IR Night Vision Binoculars with 8X Digital Zoom, Save Photo and Video with 32GB Memory Card, Built-in 3000Mah Battery","SKIOVEMI","FBM","Sports & Outdoors",1447913,"N/A","N/A",1091475293614,"N/A","Night Vision Binoculars & Goggles",861,198,-12,0,0,,"-","-",1,5,"SKIOVEMI","China",1,2,"N/A","N/A","N/A","N/A","N/A","N/A","N/A","N/A","01/31/2025",19,7,0,0
"https://amazon.com/dp/B0DCVS1489","https://m.media-amazon.com/images/I/61PpUoAMkjL._SX450_.jpg","B0DCVS1489","EliteZ Night Vision Goggles - 1080P Night Vision Binoculars for Adults, 5X Digital Zoom and 3'' HD Screen Binoculars can Save Photo and Video, with Rechargeable 3000mAh Battery, Black","EliteZ","FBA","Sports & Outdoors",1453800,"N/A","N/A",6967710390019,"N/A","Night Vision Binoculars & Goggles",865,49.99,-35,0,0,,"-","-",1,4,"EliteZ","China",1,0,"N/A","Large Standard-Size",6.3,4.33,2.36,0.99,32.41,89.41,"08/31/2024",19,9,1,0
"https://amazon.com/dp/B0DPHLR4JY","https://m.media-amazon.com/images/I/61N9VqaN27L._SX450_.jpg","B0DPHLR4JY","HMWOKPOT 4K Helmet Style Night Vision Binoculars Dual Screen Night Vision Goggles with 3 Adjustable Infrared Lights & Tactical Flashlight","HMWOKPOT","FBM","Sports & Outdoors",1454460,"N/A","N/A",3001577972940,"N/A","Night Vision Binoculars & Goggles",864,345.55,-37,0,0,-125,"-","-","N/A","N/A","HMWOKPOT Shop","China",1,3,"N/A","N/A","N/A","N/A","N/A","N/A","N/A","N/A","01/31/2025",15,7,0,"N/A"
"https://amazon.com/dp/B0CBP2XY45","https://m.media-amazon.com/images/I/61MryhhK-2L._SX450_.jpg","B0CBP2XY45","PVS 14 Night Vision Goggles 2X Digital Night Vision Monocular Scope with POM J ARM Helmet Adapter NVG Mount Kits Entry Level","YSS","FBA","Sports & Outdoors",1456649,766157451408,"N/A",0766157451408,"N/A","Night Vision Binoculars & Goggles",867,313,25,0,0,,"-","-",2,1,"YSSCORP","China",1,7,133,"Large Standard-Size",8.7,5.72,11.82,0.18,296.15,816.96,"08/31/2025",32,7,0,0
"https://amazon.com/dp/B0DBZVM4Z3","https://m.media-amazon.com/images/I/61FU-6UKXsL._SX450_.jpg","B0DBZVM4Z3","Miasazyr Thermal Monocular, 4K Thermal Imaging Monocular for Adults, 256x192 (60 Hz) Night Vision Scope Infrared Thermal Camera with 11 Mode for Outdoor Camping, Animal Observation","Miasazyr","FBM","Sports & Outdoors",1457681,"N/A","N/A",1091985555691,"N/A","Night Vision Monoculars",372,549.99,"N/A",0,0,,"-","-","N/A","N/A","Samanzyr","China",1,0,"N/A","N/A","N/A","N/A","N/A","N/A","N/A","N/A","01/31/2026",19,7,0,"N/A"
"https://amazon.com/dp/B0DCJRM53T","https://m.media-amazon.com/images/I/71PLGPPiTXL._SX450_.jpg","B0DCJRM53T","Miasazyr 4K Night Vision Binoculars for Adults, Head-Mounted 3D Night Vision Goggles Camera with 8X Digital Zoom & 7-Level Infrared for Camping, Hiking","Miasazyr","FBM","Sports & Outdoors",1458592,"N/A","N/A",1091985557404,"N/A","Night Vision Binoculars & Goggles",869,219.99,-10,0,0,,"-","-","N/A","N/A","Samanzyr","China",1,0,"N/A","N/A","N/A","N/A","N/A","N/A","N/A","N/A","09/30/2024",19,7,0,"N/A"
"https://amazon.com/dp/B0FR79XKZV","https://m.media-amazon.com/images/I/61FHIQeIrXL._SX450_.jpg","B0FR79XKZV","Thermal Imaging Night Vision Scope – 466 * 466 Resolution Infrared Thermal Scope,850nm IR Fixed 3X Magnification, Day & Night Vision & Thermal Imaging 2 in 1,Hunting Surveillance Wildlife Observation","RZJSKJZM","FBM","Sports & Outdoors",1468934,"N/A","N/A","N/A","N/A","Night Vision Monoculars",373,499.98,-49,2,2,,1194.74,1194.69,4,2,"RZJSKJZM","China",1,0,"N/A","Large Standard-Size",9.44,7.28,3.14,1.54,"N/A","N/A","02/28/2026",6,7,0,0.6
"https://amazon.com/dp/B00XHRXZUA","https://m.media-amazon.com/images/I/41zdonx+EIL._SX450_.jpg","B00XHRXZUA","FLIR MD-625 Static Thermal Night Vision Camera10","FLIR Systems, Inc.","FBM","Sports & Outdoors",1479417,815121015464,"N/A",0815121015464,"N/A","Night Vision Binoculars & Goggles",873,7645,"N/A",0,0,,"-","-","N/A","N/A","Great Price ⭐⭐⭐⭐⭐","USA",4,0,"N/A","N/A","N/A","N/A","N/A","N/A","N/A","N/A","01/31/2026",130,1,0,"N/A"
"https://amazon.com/dp/B0DCQ5DN6Z","https://m.media-amazon.com/images/I/61CDfVb2vOL._SX450_.jpg","B0DCQ5DN6Z","ATN NVGOPVS7HP PVS7-HPT, Night Vision Goggle 57-60lp/mm - Green Phosphor","ATN","FBM","Sports & Outdoors",1479804,658175124429,"N/A",0658175124429,"N/A","Night Vision Binoculars & Goggles",873,3399,-28,0,0,-133,"-","-","N/A","N/A","EuroOptic (✅ Authorized Dealer ✅ Fastest Shipping)","USA",1,3,"N/A","Large bulky",12,15,10,5,"N/A","N/A","12/31/2024",19,8,0,"N/A"
"https://amazon.com/dp/B0FG2YFNNG","https://m.media-amazon.com/images/I/71ehv3WrtkL._SX450_.jpg","B0FG2YFNNG","TRV NVG3rd Digital Night Vision Goggles for Adults - 2.5K HD Head Mounted, 40° FOV, Infrared, with OLED Display, 250m Range, IPX7 Waterproof","TRV","FBA","Sports & Outdoors",1480643,"N/A","N/A","N/A","N/A","Night Vision Binoculars & Goggles",875,449,-33,0,0,,"-","-",1,5,"TRV Optics","China",2,0,"N/A","Large Standard-Size",10,9,5,4,226.56,625,"09/30/2025",8,7,0,0
"https://amazon.com/dp/B000WGQ9YI","https://m.media-amazon.com/images/I/61rLCa+yt7L._SX450_.jpg","B000WGQ9YI","ATN PVS7-3 Night Vision Goggle","ATN","FBM","Sports & Outdoors",1483649,758259945442,00658175150541,0758259945442,"N/A","Night Vision Binoculars & Goggles",876,3714.9,-19,0,0,,"-","-",21,3.9,"MidwayUSA, Inc.","USA",1,2,"N/A","Large Standard-Size",12.4,7.4,7.3,3.15,"N/A","N/A","07/31/2024",260,9,0,0
"https://amazon.com/dp/B0CS68BDNP","https://m.media-amazon.com/images/I/611nt1fE5IL._SX450_.jpg","B0CS68BDNP","ROBBIN Military Digital IR Night Vision Goggles, 4X Zoom Adult Night Vision Binoculars, for Viewing 984Ft/300M in 100% Darkness for Hunting","ROBBIN","FBM","Sports & Outdoors",1487192,"N/A","N/A",1091939727969,"N/A","Night Vision Binoculars & Goggles",880,225,27,0,0,,"-","-",2,4.4,"Not bad department store","China",1,1,"N/A","N/A","N/A","N/A","N/A","N/A","N/A","N/A","04/30/2024",26,7,0,0
"https://amazon.com/dp/B0DCQCV78B","https://m.media-amazon.com/images/I/31r8GNuvLiL._SX450_.jpg","B0DCQCV78B","ATN NVMPAN142W NVM14-2W, Night Vision Monocular gen 2+ 58-60lp/mm - P45 White Phosphor","ATN","FBM","Sports & Outdoors",1490005,658175124221,00658175124221,0658175124221,"N/A","Night Vision Monoculars",377,2479,"N/A",0,0,,"-","-","N/A","N/A","EuroOptic (✅ Authorized Dealer ✅ Fastest Shipping)","USA",2,1,"N/A","Large bulky",12,15,10,5,"N/A","N/A","12/31/2024",19,1,0,"N/A"
"https://amazon.com/dp/B0F3C5LBQ5","https://m.media-amazon.com/images/I/81pYzoI4AHL._SX450_.jpg","B0F3C5LBQ5","Zippy Goose Night Vision Goggles – 4k Night Vision Binoculars 5W IR Illumination, 800M Detection Range, Built-in Tactical Flashlight | Camping, Hunting","Zippy Goose","FBM","Sports & Outdoors",1490845,"N/A","N/A","N/A","N/A","Night Vision Binoculars & Goggles",881,99.99,-83,0,0,,"-","-",10,4.5,"wenzhoushiyuexianggongyilipinyouxiangongsi","N/A",1,0,"N/A","Large Standard-Size",7.2,5.55,3.26,1.51,"N/A","N/A","05/31/2025",11,7,0,0
"https://amazon.com/dp/B09ZTP3CQ6","https://m.media-amazon.com/images/I/41IOldsr70L._SX450_.jpg","B09ZTP3CQ6","FMA Tactical AVS9 Helmet Night Vision Goggle NVG Battery Box Case with Wire Dummy Model","FMA","FBM","Sports & Outdoors",1493578,753165666665,"N/A",0753165666665,"N/A","Night Vision Binoculars & Goggles",882,29.68,-29,0,0,,"-","-","N/A","N/A","zhao66277","China",1,4,100,"N/A","N/A","N/A","N/A","N/A","N/A","N/A","05/31/2025",46,9,0,"N/A"
"https://amazon.com/dp/B0CX8RHBV7","https://m.media-amazon.com/images/I/61+p-pOTtTL._SX450_.jpg","B0CX8RHBV7","GOYOJO Versatile Night Vision Binocular Adapter - Easy Installation, Stable Mounting Bracket, Lightweight Aluminum Material","GOYOJO","FBM","Sports & Outdoors",1494389,658361258662,"N/A",0658361258662,"N/A","Night Vision Binoculars & Goggles",883,79.99,-44,0,0,-100,"-","-","N/A","N/A","HUITEN","China",2,1,"N/A","Large Standard-Size",7.87,5.91,9.84,0.01,"N/A","N/A","09/30/2024",24,8,0,"N/A"
"https://amazon.com/dp/B0CV62FQ82","https://m.media-amazon.com/images/I/61ZPIjyg9ZL._SX450_.jpg","B0CV62FQ82","Gear Rack Universal NVG Mount Shroud with Integrated IR and Light Array 1 or 3 Hole Attachment for US Military Helmets Night Vision Mount with Lights (Black)","Gear Rack","FBM","Sports & Outdoors",1494826,"N/A","N/A","N/A","N/A","Night Vision Binoculars & Goggles",882,99.95,-47,0,0,,"-","-",1,5,"Gear Rack","USA",1,0,"N/A","N/A","N/A","N/A","N/A","N/A","N/A","N/A","01/31/2025",25,5,2,0
"https://amazon.com/dp/B0BWSGPJDK","https://m.media-amazon.com/images/I/71KYuL0FJXL._SX450_.jpg","B0BWSGPJDK","True North PVS-31 / BNVD-1531 / ANVIS NVG Battery Enclosure for Night Vision in Black LFG-094-A3","Generic","FBM","Sports & Outdoors",1496568,715450045913,"N/A",0715450045913,"N/A","Night Vision Binoculars & Goggles",883,250,-58,0,0,,"-","-","N/A","N/A","TrueNorth Essentials","USA",1,0,"N/A","N/A","N/A","N/A","N/A","N/A","N/A","N/A","03/31/2025",37,3,0,"N/A"
"https://amazon.com/dp/B0DQKSMDPG","https://m.media-amazon.com/images/I/51mwhGEeQiL._SX450_.jpg","B0DQKSMDPG","PVS-14 NVG Monocular Mount Helmet Dual Night Vision Goggles Bridge Mount Adapter","HATSEN","FBM","Sports & Outdoors",1499222,721785976044,"N/A",0721785976044,"N/A","Night Vision",1294,99.99,-2,0,0,-100,"-","-",1,5,"ussmt","China",1,0,"N/A","N/A","N/A","N/A","N/A","N/A","N/A","N/A","12/31/2025",15,5,0,0.14
"https://amazon.com/dp/B0CGDH3DTC","https://m.media-amazon.com/images/I/61zEPHF6w3L._SX450_.jpg","B0CGDH3DTC","YSS NVG Rhino Arm Helmet Mount -Full Metal Sturdy and Adjustable Design for PVS-14/PVS-7 Night Vision Goggles - Ideal for Hunting, Hiking, and Tactical Operations, Easy Installation (Black)","YSS","FBM","Sports & Outdoors",1505310,783798988223,"N/A",0783798988223,"N/A","Night Vision Binoculars & Goggles",885,46.99,5,0,0,,"-","-","N/A","N/A","YSSCORP","China",1,0,"N/A","N/A","N/A","N/A","N/A","N/A","N/A","N/A","08/31/2025",31,7,3,"N/A"
"https://amazon.com/dp/B0CGDLCVY2","https://m.media-amazon.com/images/I/61+vu7qzvrL._SX450_.jpg","B0CGDLCVY2","YSS NVG Rhino Arm Helmet Mount -Full Metal Sturdy and Adjustable Design for PVS-14/PVS-7 Night Vision Goggles - Ideal for Hunting, Hiking, and Tactical Operations, Easy Installation (Blue)","YSS","FBM","Sports & Outdoors",1505310,783798988209,"N/A",0783798988209,"N/A","Night Vision Binoculars & Goggles",885,52.99,-9,0,0,,"-","-","N/A","N/A","YSSCORP","China",1,0,"N/A","N/A","N/A","N/A","N/A","N/A","N/A","N/A","08/31/2025",31,7,3,"N/A"
"https://amazon.com/dp/B0CGDGHZ6F","https://m.media-amazon.com/images/I/51lEKQ7o5lL._SX450_.jpg","B0CGDGHZ6F","YSS NVG Rhino Arm Helmet Mount -Full Metal Sturdy and Adjustable Design for PVS-14/PVS-7 Night Vision Goggles - Ideal for Hunting, Hiking, and Tactical Operations, Easy Installation (tan)","YSS","FBM","Sports & Outdoors",1506594,783798988216,"N/A",0783798988216,"N/A","Night Vision Binoculars & Goggles",887,52.99,-19,0,0,,"-","-","N/A","N/A","YSSCORP","China",1,0,"N/A","N/A","N/A","N/A","N/A","N/A","N/A","N/A","08/31/2025",31,1,3,"N/A"
"https://amazon.com/dp/B0BXG1HB1F","https://m.media-amazon.com/images/I/51QTTWz7v2L._SX450_.jpg","B0BXG1HB1F","HIIGH PVS14 Night Vision Goggles Binocular Bracket J Arm Tactical Hunting Ultralight NVG Mount Bridge for Dual AN/PVS-14 Night Vision Goggles Fast Bridging L4G24 Mount","HIIGH","FBM","Sports & Outdoors",1509735,"N/A","N/A",9306547089609,"N/A","Night Vision Binoculars & Goggles",888,35.99,"N/A",0,0,,"-","-",3,4.6,"WRRBAOBEI","China",1,1,-88,"N/A","N/A","N/A","N/A","N/A","N/A","N/A","10/31/2024",36,7,0,0
"https://amazon.com/dp/B01IDXG2DO","https://m.media-amazon.com/images/I/61-YOxVBiUL._SX450_.jpg","B01IDXG2DO","DLP Tactical 3-Hole Type 2 Skeleton NVG Mount Shroud Compatible with ACH/MICH/OPS-Core Fast/Crye AirFrame Helmet (Black)","DLP Tactical","FBM","Sports & Outdoors",1512910,601111070304,"N/A",0601111070304,"N/A","Night Vision Binoculars & Goggles",975,59.95,-13,0,0,,"-","-",13,4,"DLP Tactical","USA",1,4,33,"Small Standard-Size",0.5,4.5,7.8,0.1,"N/A","N/A","03/31/2025",116,3,2,0
"https://amazon.com/dp/B0D59L43MN","https://m.media-amazon.com/images/I/716qVIBiBEL._SX450_.jpg","B0D59L43MN","Full Color Night Vision Goggles, 5K Video Clarity, 10X Digital Zoom, Full Color and White, 850nm Infrared Light, Rechargeable Battery,32GB Storage, Outdoor Adventures, Camping, Travel","Sheawasy","FBA","Sports & Outdoors",1515197,"N/A","N/A","N/A","N/A","Night Vision Binoculars & Goggles",891,89.99,-53,0,0,,"-","-",3,3.7,"Sheawasy","China",1,0,"N/A","Large Standard-Size",5.12,2.76,6.97,0.97,49.49,136.52,"11/30/2024",22,7,0,0
"https://amazon.com/dp/B0DN8CF5C2","https://m.media-amazon.com/images/I/51tB6-JRnpL._SX450_.jpg","B0DN8CF5C2","AGM Global Vision REFURBISHED ASP TM35-384 Medium Range Thermal Imaging Monocular, White hot, Black hot, red hot, Fusion, 7.48x2.4x2.6","AGM Global Vision","FBM","Sports & Outdoors",1517114,810164390950,"N/A",0810164390950,"N/A","Night Vision Monoculars",386,1499,"N/A",0,0,-133,"-","-","N/A","N/A","Defend&Carry","USA",1,0,"N/A","Extra-large 150+ lb",24,30,30,25,"N/A","N/A","10/31/2025",78,1,0,"N/A"
"https://amazon.com/dp/B0CPRRJYDT","https://m.media-amazon.com/images/I/315CgWlbQBL._SX450_.jpg","B0CPRRJYDT","Armasight BNVD-51 Battery Pack with Long-Lasting Battery and Ergonomic Design for BNVD-51 Night Vision Goggles (Gray)","Armasight","FBM","Sports & Outdoors",1518524,810081912181,"N/A",0810081912181,"N/A","Night Vision Binoculars & Goggles",894,599,-1,0,0,,"-","-","N/A","N/A","EuroOptic (✅ Authorized Dealer ✅ Fastest Shipping)","USA",2,2,"N/A","Large bulky",9.1,9.1,9.1,1,"N/A","N/A","08/31/2024",27,6,0,"N/A"
"https://amazon.com/dp/B0D9S1N97T","https://m.media-amazon.com/images/I/61G33kaBQ6L._SX450_.jpg","B0D9S1N97T","5k Night Vision Goggles, Built-in Powerful Focusable IR, Full Color 4-inch Super Large Display, Long Viewing Range, Supports WiFi,with High Speed 64GB Card","VONOV","FBA","Sports & Outdoors",1519413,"N/A","N/A","N/A","N/A","Night Vision Binoculars & Goggles",894,179,-13,0,0,-133,"-","-",3,5,"RUIBOLL","China",1,0,"N/A","Large Standard-Size",9.45,6.1,2.95,1.5,85.62,236.18,"09/30/2025",20,6,2,0
"https://amazon.com/dp/B0FDQLP4YG","https://m.media-amazon.com/images/I/419aL0jRStL._SX450_.jpg","B0FDQLP4YG","MUM/GT-14 Binocular Bridge System NVG Mount，Lightweight Modular Night Vision Goggles Base Metal Helmet Mount，Compatible with PVS-14/MUM-14/GT-14 Night Vision Binoculars Or Monocular Interface Etc","Aimsniper","FBM","Sports & Outdoors",1526015,"N/A","N/A","N/A","N/A","Night Vision Binoculars & Goggles",897,189.99,-47,0,0,,"-","-",1,5,"ussmt","China",2,0,"N/A","N/A","N/A","N/A","N/A","N/A","N/A","N/A","09/30/2025",9,7,2,0
"https://amazon.com/dp/B0DPQJ58BF","https://m.media-amazon.com/images/I/51lXBVvH+UL._SX450_.jpg","B0DPQJ58BF","WGFXYBFY Infrared Night Vision Scope, Rechargeable Night Vision Monocular for Adults, with 1.54 in HD Screen and 7X Magnification, Support Charging While Using,Standard Accessories","WGFXYBFY","FBM","Sports & Outdoors",1528555,"N/A","N/A",1092148481512,"N/A","Night Vision Monoculars",388,129.99,-27,0,0,,"-","-","N/A","N/A","Xiaofugui Shop","China",1,3,"N/A","N/A","N/A","N/A","N/A","N/A","N/A","N/A","04/30/2025",15,7,2,"N/A"
"https://amazon.com/dp/B0D4M1XZML","https://m.media-amazon.com/images/I/71pIQH2UrgL._SX450_.jpg","B0D4M1XZML","VONOV 5K Night Vision Goggles Night Vision Binoculars,Full-Color 4.5"" OLED Infrared Night Vision, with 50x Ｄigital Zoom, 5G WiFi, Support Anti Shake，Rechargeable Battery, Free High Speed 64GB Card","VONOV","FBA","Sports & Outdoors",1528945,654910108662,"N/A",0654910108662,"N/A","Night Vision Binoculars & Goggles",900,399,-3,0,0,,"-","-",1,1,"RUIBOLL","China",1,0,"N/A","Large Standard-Size",9,7.5,3.9,2.3,132.54,365.63,"09/30/2024",22,8,0,0
"https://amazon.com/dp/B0DPQH7QQ1","https://m.media-amazon.com/images/I/71cKpWELYpL._SX450_.jpg","B0DPQH7QQ1","WGFXYBFY Infrared Night Vision Scope, Rechargeable Night Vision Monocular for Adults, with 1.54 in HD Screen and 7X Magnification, Support Charging While Using,Comes with Headband and Stand","WGFXYBFY","FBM","Sports & Outdoors",1529153,"N/A","N/A",1092148481505,"N/A","Night Vision Monoculars",386,149.98,-32,0,0,,"-","-","N/A","N/A","Xiaofugui Shop","China",1,3,"N/A","N/A","N/A","N/A","N/A","N/A","N/A","N/A","04/30/2025",15,7,2,"N/A"
"https://amazon.com/dp/B0DJVZ4Q2T","https://m.media-amazon.com/images/I/61j9clNitvL._SX450_.jpg","B0DJVZ4Q2T","Miasazyr PVS14 PVS31 Objective Lens 58 Degrees Extra-Large Angles Night Vision Tube Binocular Monocular NVG Lens,Black","Miasazyr","FBM","Sports & Outdoors",1531817,"N/A","N/A",1091985562637,"N/A","Night Vision Binoculars & Goggles",902,295.99,-18,0,0,,"-","-","N/A","N/A","Samanzyr","China",1,0,"N/A","N/A","N/A","N/A","N/A","N/A","N/A","N/A","08/31/2025",17,7,1,"N/A"
"https://amazon.com/dp/B0DLSTK889","https://m.media-amazon.com/images/I/61K8hOAG7jL._SX450_.jpg","B0DLSTK889","WGFXYBFY PVS-14 Helmet Mounted Night Vision Scope Infrared Night Vision Monocular for Adults 2X Magnification Can Be Used During The Day and at Night for Camping & Surveillance","WGFXYBFY","FBM","Sports & Outdoors",1532718,"N/A","N/A",1092148480133,"N/A","Night Vision Monoculars",387,289.99,-52,1,1,,369.04,369,"N/A","N/A","Xiaofugui Shop","China",1,5,"N/A","N/A","N/A","N/A","N/A","N/A","N/A","N/A","03/31/2025",16,7,0,"N/A"
"https://amazon.com/dp/B0DKS5PS12","https://m.media-amazon.com/images/I/41iqYDvVWgL._SX450_.jpg","B0DKS5PS12","PVS-14 Dual NVG Bridge Mount, Adjustable Dovetail Versatile Night Vision Goggles Adapter, Integrated Night Vision Scope Helmet Mounting System, for Dual Binocular & Single Monocular PVS-14, Tan","ZTFSETD","FBM","Sports & Outdoors",1541404,711617361308,"N/A",0711617361308,"N/A","Night Vision Binoculars & Goggles",906,149.99,-27,0,0,,"-","-","N/A","N/A","Kunshan Chuangxing","China",1,1,"N/A","N/A","N/A","N/A","N/A","N/A","N/A","N/A","12/31/2024",17,5,0,"N/A"
"https://amazon.com/dp/B011FEL9VS","https://m.media-amazon.com/images/I/61gkGVKzSML._SX450_.jpg","B011FEL9VS","NC Star DMRK132A NcStar, Mark III Tactical Red Dot, Advanced/4 Reticle","NcSTAR","Amazon","Sports & Outdoors",1541993,848754003447,00848754003447,0848754003447,"N/A","Night Vision",1321,38.69,-18,1,1,-71,56.1,56.03,1,1,"Amazon","N/A",8,15,150,"Large Standard-Size",3,4,7.9,0.95,"N/A","N/A","06/30/2025",129,6,0,1.09
"https://amazon.com/dp/B08GWGF9KL","https://m.media-amazon.com/images/I/81B+1+9Kb+L._SX450_.jpg","B08GWGF9KL","Rexing B1 (Carbon Fiber Color) Night Vision Goggles Binoculars with LCD Screen, Infrared (IR) Digital Camera, Dual Photo + Video Recording for Spotting, Hunting, Tracking up to 300 Meters","REXING","FBM","Sports & Outdoors",1545225,810046601181,"N/A",0810046601181,"N/A","Night Vision Binoculars & Goggles",908,199.99,-2,0,0,,"-","-",9,3.8,"NathanTech","USA",1,1,-80,"Large Standard-Size",3.43,7.05,9.37,2.18,"N/A","N/A","09/30/2024",67,6,0,0
"https://amazon.com/dp/B0CFV2H85F","https://m.media-amazon.com/images/I/61Io0iSpX5L._SX450_.jpg","B0CFV2H85F","GOYOJO Thermal Night Vision Riflescope for Hunting - 25 mm/12um Long-Range Detection, Adjustable Focus, HD Imaging, 6H Battery, and More - Perfect for Hunting, Surveillance, and Wildlife Observation","GOYOJO","FBM","Sports & Outdoors",1554008,614166959494,"N/A",0614166959494,"N/A","Night Vision Monoculars",392,899,-4,0,0,,"-","-",3,3.2,"HUITEN","China",1,3,-25,"N/A","N/A","N/A","N/A","N/A","N/A","N/A","07/31/2024",13,8,0,0
"https://amazon.com/dp/B0DJ1S5PGH","https://m.media-amazon.com/images/I/51M+1w2xL-L._SX450_.jpg","B0DJ1S5PGH","KONTONTY Compact Night Hunting Scope for Men Portable Pocket Telescope for Travel","KONTONTY","FBM","Sports & Outdoors",1558930,"N/A","N/A","N/A","N/A","Night Vision Monoculars",395,15.49,-26,0,0,,"-","-","N/A","N/A","Nishuna","China",1,3,"N/A","Large Standard-Size",7.87,3.94,3.94,0.6,"N/A","N/A","12/31/2024",18,9,0,"N/A"
"https://amazon.com/dp/B0CJ2ZF71W","https://m.media-amazon.com/images/I/61LmjIG9oVL._SX450_.jpg","B0CJ2ZF71W","SIANKO PVS-14/PVS-7 Adapter Mount Arm Holder Kit,Adjustable Spacing Angle Full Metal Rhino Bracket Accessories for Airsoft Hunting Paintball","SIANKO","FBM","Sports & Outdoors",1560401,632861360629,"N/A",0632861360629,"N/A","Night Vision Binoculars & Goggles",913,36.8,-12,0,0,,"-","-","N/A","N/A","SIANKO Tactical Store","China",1,2,"N/A","N/A","N/A","N/A","N/A","N/A","N/A","N/A","10/31/2024",30,7,0,"N/A"
"https://amazon.com/dp/B000S6OHKK","https://m.media-amazon.com/images/I/51SMuFE0e1L._SX450_.jpg","B000S6OHKK","Express Distributing Amber Driver Glasses Reduce Glare Blindness Night Vision","Express Distributing","FBM","Sports & Outdoors",1561275,185730000558,"N/A",0185730000558,"N/A","Night Vision Binoculars & Goggles",914,5.98,-9,0,0,-133,"-","-",10,2.9,"As Seen on TV Products","USA",6,4,"N/A","Large Standard-Size",5.25,1,1,0.4,"N/A","N/A","01/31/2025",225,7,0,0
"https://amazon.com/dp/B0CRQK499Q","https://m.media-amazon.com/images/I/71cHigpVYcL._SX450_.jpg","B0CRQK499Q","Night Vision Binoculars for Adults Kids Aupabu 4K Infrared 6X Digital Zoom Goggles 6000mAh Rechargeable for Hunting, Wildlife, Camping and Surveillance with Case Night Vision Goggles","Aupabu","FBA","Sports & Outdoors",1564573,"N/A","N/A","N/A","N/A","Night Vision Binoculars & Goggles",915,99.99,18,0,0,,"-","-","N/A","N/A","AupabuDirect","China",1,1,-83,"Large Standard-Size",11,8,3,1.1,132.92,366.67,"10/31/2024",26,7,0,"N/A"
"https://amazon.com/dp/B0CV63LCN2","https://m.media-amazon.com/images/I/61pLo2ZAlOL._SX450_.jpg","B0CV63LCN2","Gear Rack NVG Rhino Arm Mount Full Metal Universal Compatible with PVS -14 Night Vision Goggles Mount Helmet Adapter (Black)","Gear Rack","FBM","Sports & Outdoors",1566630,"N/A","N/A","N/A","N/A","Night Vision Binoculars & Goggles",916,74.95,-9,0,0,,"-","-",2,1,"Gear Rack","USA",1,2,-50,"N/A","N/A","N/A","N/A","N/A","N/A","N/A","04/30/2025",25,5,2,0
"https://amazon.com/dp/B0CV644GTM","https://m.media-amazon.com/images/I/71Z4hoE6ueL._SX450_.jpg","B0CV644GTM","Gear Rack NVG Rhino Arm Mount Full Metal Universal Compatible with PVS -14 Night Vision Goggles Mount Helmet Adapter (Coyote)","Gear Rack","FBM","Sports & Outdoors",1566692,"N/A","N/A","N/A","N/A","Night Vision Binoculars & Goggles",916,74.95,-19,0,0,,"-","-",2,1,"Gear Rack","USA",1,2,-50,"N/A","N/A","N/A","N/A","N/A","N/A","N/A","04/30/2025",25,5,2,0
"https://amazon.com/dp/B0F299G3B9","https://m.media-amazon.com/images/I/711TMqDyDYL._SX450_.jpg","B0F299G3B9","Night Vision Goggles Head Mounted 4K Rechargeable 1312FT Digital Infrared Night Vision Binoculars 8X Digital Zoom Night Vision Scope Can Save Photos/Videos,Lncluding 32GB SD Card (Basic)","Aloudcky","FBA","Sports & Outdoors",1571300,"N/A","N/A",9168498841565,"N/A","Night Vision Binoculars & Goggles",921,138.29,-58,0,0,,"-","-",2,5,"uhsrat","China",1,0,"N/A","Large Standard-Size",11.02,7.09,4.33,2.65,170.33,469.88,"04/30/2025",11,9,2,0
"https://amazon.com/dp/B0BC9S2BR7","https://m.media-amazon.com/images/I/51hxJyODYYS._SX450_.jpg","B0BC9S2BR7","WIRUN Night Vision Glasses for Men Women Polarized UV400 Aviator Anti Glare Yellow Safety Night View Driving Eyewear (Black)","susurrus","FBM","Sports & Outdoors",1572819,743785941679,"N/A",0743785941679,"N/A","Night Vision Binoculars & Goggles",919,19.57,-9,0,0,,"-","-",1,5,"RRDLAY","China",1,2,-80,"Large Standard-Size",6,2.5,1.2,0.22,"N/A","N/A","12/31/2024",43,7,1,0
"https://amazon.com/dp/B0DY7PQ72Z","https://m.media-amazon.com/images/I/81i1gZSMJbL._SX450_.jpg","B0DY7PQ72Z","Wide Field Digital Zoom Infrared Day/Night Vision Binocular & Goggle with Camera Filter for Adults - 3"" HD 8MP Take Photo & Video, 6x42MM Tactical Gear Night Vision","Nightiger","FBA","Sports & Outdoors",1580444,"N/A","N/A","N/A","N/A","Night Vision Binoculars & Goggles",924,224.99,-38,0,0,-71,"-","-",4,5,"Nightiger-USA","China",1,0,"N/A","Large Standard-Size",4.88,9.13,12.2,4.41,273.98,755.8,"12/31/2025",44,6,2,0.04