"URL","Image URL","ASIN","Title","Brand","Fulfillment","Category","BSR","UPC","GTIN","EAN","ISBN","Subcategory","Subcategory BSR","Price","Price Trend (90 days) (%)","Parent Level Sales","ASIN Sales","Sales Trend (90 days) (%)","Parent Level Revenue","ASIN Revenue","Review Count","Reviews Rating","Seller","Seller Country/Region","Number of Active Sellers","Last Year Sales","Sales Year Over Year (%)","Size Tier","Length","Width","Height","Weight","Storage Fee (Jan - Sep)","Storage Fee (Oct - Dec)","Best Sales Period","Age (Month)","Number of Images","Variation Count","Sales to Reviews"
"https://amazon.com/dp/B0BZSBGQTW","https://m.media-amazon.com/images/I/614ZcS+NA8L._SX450_.jpg","B0BZSBGQTW","GOYOJO Night Vision Goggles- NVG10 Night Vision Scope with Photo and Video Shooting, NVG Digital Vision Distance 200M for Hunting, Camping","GOYOJO","FBA","Sports & Outdoors",165197,614166950620,"N/A",0614166950620,"N/A","Night Vision Monoculars",19,206.1,-43,27,12,16,8553.44,2419,279,4.3,"GOYOJO Store","China",1,0,"N/A","Large Standard-Size",3.11,6.61,6.89,1.7,71.31,196.72,"02/28/2026",36,8,2,0.1
"https://amazon.com/dp/B0CTH5MH9G","https://m.media-amazon.com/images/I/71LexS0UsJL._SX450_.jpg","B0CTH5MH9G","GOYOJO 2K Digital Night Vision Goggles, NVG Helmet Mounted for Tactical, Hunting, PVS-14 Night Vision Monocular with 4 Color Modes HD Recording & Playback","GOYOJO","FBA","Sports & Outdoors",165197,658361253186,"N/A",0658361253186,"N/A","Night Vision Monoculars",19,359,-37,27,15,16,8553.44,6134.24,279,4.3,"GOYOJO Store","China",1,0,"N/A","Large Standard-Size",3.54,6.85,6.85,1.9,83.63,230.7,"02/28/2026",26,7,2,0.1
"https://amazon.com/dp/B0D1R3QHYV","https://m.media-amazon.com/images/I/61lbIrNleyL._SX450_.jpg","B0D1R3QHYV","GPNVG 18 Dummy Model Night Vision Goggles - Non-Functional Four-Tube Binocular Prop with NVG Mount for Tactical Helmet and Cosplay (Black)","LKJUYGE","FBA","Sports & Outdoors",166799,"N/A","N/A","N/A","N/A","Night Vision Binoculars & Goggles",98,59.99,-31,14,8,-44,843.69,484.61,28,3.6,"LKJUYGE SHOP","China",1,404,"N/A","Large Standard-Size",3.94,5.39,10.63,1.59,113.66,313.53,"09/30/2024",23,8,6,0.5
"https://amazon.com/dp/B0D1QZZDD3","https://m.media-amazon.com/images/I/716vW5M-K4L._SX450_.jpg","B0D1QZZDD3","GPNVG 18 Dummy Model Night Vision Goggles - Non-Functional Four-Tube Binocular Prop with NVG Mount for Tactical Helmet and Cosplay (Tan)","LKJUYGE","FBA","Sports & Outdoors",166799,"N/A","N/A","N/A","N/A","Night Vision Binoculars & Goggles",98,59.99,-42,14,6,-44,843.69,358.86,28,3.6,"LKJUYGE SHOP","China",1,404,"N/A","Large Standard-Size",3.9,5.31,10.91,1.59,113.75,313.8,"09/30/2024",23,9,6,0.5
"https://amazon.com/dp/B0CGKZDQSH","https://m.media-amazon.com/images/I/51ZDD2qdgFL._SX450_.jpg","B0CGKZDQSH","Tactical Helmet Night Vision Goggles Mount L4G24 NVG Mount for PVS 15/18 GPNVG18","AZB","FBA","Sports & Outdoors",167355,"N/A","N/A","N/A","N/A","Night Vision Binoculars & Goggles",97,20.88,-24,25,13,-56,530.69,261.61,39,3.7,"AZB","China",1,400,-5,"Large Standard-Size",2.24,2.99,3.82,0.26,12.88,35.53,"09/30/2025",31,7,2,0.65
"https://amazon.com/dp/B0D78TNSWZ","https://m.media-amazon.com/images/I/61MSGSkjQFL._SX450_.jpg","B0D78TNSWZ","Teslong Thermal Monocular, 384x256 Thermal Imaging Monocular Handheld Infrared Thermal Scope, Weather-Resistant Thermal Binoculars Short Range Thermal Monocular for Outdoor Camping, Travel","Teslong","FBA","Sports & Outdoors",167562,"N/A","N/A","N/A","N/A","Night Vision Monoculars",20,999.99,-2,23,6,156,12174.48,5487.81,185,4.3,"Teslong","China",1,722,"N/A","Large Standard-Size",2.91,4.57,9.72,1.68,65.08,179.53,"10/31/2025",21,7,2,0.12
"https://amazon.com/dp/B07342FMJY","https://m.media-amazon.com/images/I/71sfkVeHXOL._SX450_.jpg","B07342FMJY","DLP Tactical Universal NVG Mount Shroud – Fits 1-Hole & 3-Hole Helmets – ACH MICH OPS-Core Fast Crye AirFrame – Wilcox Norotos Compatible – for Night Vision Headlamps Cameras (Tan)","DLP Tactical","FBA","Sports & Outdoors",169049,686907514361,"N/A",0686907514361,"N/A","Night Vision Binoculars & Goggles",97,54.95,-16,17,4,96,851.99,218.57,35,3.8,"DLP Tactical","USA",2,181,148,"Large Standard-Size",1.02,4.37,8.07,0.12,18.18,50.14,"08/31/2025",117,7,3,0.49
"https://amazon.com/dp/B07346BM63","https://m.media-amazon.com/images/I/41sFRWSI-sL._SX450_.jpg","B07346BM63","DLP Tactical Universal NVG Mount Shroud – Fits 1-Hole & 3-Hole Helmets – ACH MICH OPS-Core Fast Crye AirFrame – Wilcox Norotos Compatible – for Night Vision Headlamps Cameras (Green)","DLP Tactical","FBA","Sports & Outdoors",169083,686907514378,"N/A",0686907514378,"N/A","Night Vision Binoculars & Goggles",97,54.95,-15,17,4,96,851.99,239.14,35,3.8,"DLP Tactical","USA",2,181,148,"Large Standard-Size",0.91,4.13,6.85,0.13,12.91,35.61,"08/31/2025",117,1,3,0.49
"https://amazon.com/dp/B08TCJWKQ3","https://m.media-amazon.com/images/I/61HvMuZ0VmL._SX450_.jpg","B08TCJWKQ3","AGM Global Vision Taipan 15-384 Heat Vision IR Monocular for Night Hunting Monocular for Adults high Powered Tactical Thermal Imager Heat Vision Night and Day","AGM Global Vision","FBA","Sports & Outdoors",169839,810027778062,"N/A",0810027778062,"N/A","Night Vision Monoculars",18,449.99,"N/A",16,0,-102,12455.69,"-",875,4.3,"Freedom USA Sales","USA",0,0,"N/A","Large Standard-Size",3.5,5.67,8.62,1.83,86.23,237.88,"07/31/2025",61,10,5,0.02
"https://amazon.com/dp/B09897SNLP","https://m.media-amazon.com/images/I/61HvMuZ0VmL._SX450_.jpg","B09897SNLP","AGM Global Vision Taipan TM15-256 Thermal Imaging Monocular - 256x192 Resolution, 12μm Pixel Pitch, Video Recording 1-8x Digital Zoom Heat Vision Thermal Optic for Hunting","AGM Global Vision","FBA","Sports & Outdoors",169866,810027778406,"N/A",0810027778406,"N/A","Night Vision Monoculars",18,449.99,-60,16,10,-102,12455.69,7275.22,875,4.3,"Freedom USA Sales","USA",0,0,"N/A","Large Standard-Size",3.58,5.67,8.62,1.85,88.09,243.02,"07/31/2025",56,10,5,0.02
"https://amazon.com/dp/B0D9S4T8C5","https://m.media-amazon.com/images/I/91+hzDhdUdL._SX450_.jpg","B0D9S4T8C5","M. A. C.® Night Vision Goggles – 4K HD Infrared Night Vision Binoculars with 5X Digital Zoom, 3"" Screen, Rechargeable Battery (Carbon Fiber)","The Men's Authority","FBA","Sports & Outdoors",170813,850055646223,"N/A",0850055646223,"N/A","Night Vision Binoculars & Goggles",99,32.99,-50,30,20,-132,1112.61,719.01,158,3.9,"The Men's Authority Company","USA",1,0,"N/A","Large Standard-Size",2.99,5.63,7.24,1.01,61.36,169.27,"11/30/2025",20,9,2,0.19
"https://amazon.com/dp/B07NSPF9S4","https://m.media-amazon.com/images/I/51tF4EhXccL._SX450_.jpg","B07NSPF9S4","B BLOOMOAK Day Night Driving Glasses- Anti-Glare Night Vision Glasses Men Women Polarized Sunglasses Night Sight Glasses for Fishing Driving Filter Dazzling Glare from Headlights","B BLOOMOAK","FBA","Sports & Outdoors",171303,"N/A",00682365659927,"N/A","N/A","Night Vision Binoculars & Goggles",101,19.98,-15,39,7,6,781.34,131.96,7604,4,"Bloomoak US","China",1,492,-73,"Large Standard-Size",2.05,3.03,6.46,0.29,20.17,55.66,"11/30/2024",48,9,2,0.01
"https://amazon.com/dp/B0CZMP6Q71","https://m.media-amazon.com/images/I/511G9W2Qm-L._SX450_.jpg","B0CZMP6Q71","MAX 2.0 Digital Night Vision Goggle - Head & Helmet Mounted, Wide Viewing, Low Latency, 1x Lens, USB Rechargeable Infrared 850nm Headworn NVG for CQB Airsoft, Hunting, Tactical Training Tool/Toy","Night Operators","FBA","Sports & Outdoors",173874,198168193600,"N/A",0198168193600,"N/A","Night Vision Binoculars & Goggles",102,189.95,399,27,27,870,5116.09,5115.69,71,3.9,"Apex Curated","USA",2,0,"N/A","Large Standard-Size",2.87,5.47,7.68,1.08,60.7,167.45,"07/31/2025",23,9,1,0.38
"https://amazon.com/dp/B0D8Q1V6X2","https://m.media-amazon.com/images/I/71rukSKnL1L._SX450_.jpg","B0D8Q1V6X2","4K Night Vision Goggles, Infrared Night Vision Binoculars for Adults, HD Large Screen Binoculars can Save Photo and Video with 32GB TF Card, Camping & Hunting","GTMEDIA","FBA","Sports & Outdoors",174388,"N/A","N/A","N/A","N/A","Night Vision Binoculars & Goggles",102,89,-18,26,18,27,2486.16,1631.52,111,4.5,"V8 OFFICIAL","China",1,0,"N/A","Large Standard-Size",3.94,7.83,11.18,2.36,173.65,479.04,"11/30/2025",18,8,2,0.23
"https://amazon.com/dp/B0FB33S31B","https://m.media-amazon.com/images/I/71enriFKvWL._SX450_.jpg","B0FB33S31B","Night Vision Goggles - 4K Night Vision Binoculars 8X Magnification, with 4 Color Modes 8X Magnification,32G HD Recording & Playback for Camping Surveillance","Sfeoot","FBA","Sports & Outdoors",175179,"N/A","N/A","N/A","N/A","Night Vision Binoculars & Goggles",101,139.99,-54,23,6,,2616.37,895.35,64,4.1,"HAIJUSHANGWU","China",1,0,"N/A","Large Standard-Size",3.9,8.54,9.65,2.82,161.82,446.39,"12/31/2025",20,8,3,0.37
"https://amazon.com/dp/B0F3CHJ27X","https://m.media-amazon.com/images/I/71pvlfmPnJL._SX450_.jpg","B0F3CHJ27X","Night Vision Goggles, 4K Night Vision Binoculars for Adults, 3'' HD Screen & 8X Digital Zoom External Flashlight, 2000FT Viewing Range for Outdoor Camping","ANGDAOBIA","FBA","Sports & Outdoors",175802,"N/A","N/A","N/A","N/A","Night Vision Binoculars & Goggles",102,79.97,-23,24,24,-133,1555.01,1554.73,154,4.2,"Woot","USA",2,0,"N/A","Large Standard-Size",3.15,7.01,9.13,1.52,101.5,280.01,"11/30/2025",11,6,2,0.16
"https://amazon.com/dp/B0FWR7VYMX","https://m.media-amazon.com/images/I/71NRbbwyY6L._SX450_.jpg","B0FWR7VYMX","WOSPORTS 4K Infrared Night Vision Goggles – 1300FT Range, 8X Digital Zoom, 32GB Card, 15H Battery, Suitable for Camping, Gift for Men - Camo","WOSPORTS","FBA","Sports & Outdoors",177031,"N/A","N/A","N/A","N/A","Night Vision Binoculars & Goggles",103,199.99,3,14,14,,2733.87,2733.74,1,5,"ProVision Gear","N/A",1,0,"N/A","Large Standard-Size",3.39,6.81,8.94,2.12,103.91,286.65,"02/28/2026",3,9,0,13.65
"https://amazon.com/dp/B0GN5DQ2Q9","https://m.media-amazon.com/images/I/71xcK-fRVyL._SX450_.jpg","B0GN5DQ2Q9","Gear Rack US Military Tan NVG Bracket for Night Vision Goggles Shroud Norotos Used on ECH or ACH/MICH/CVC Helmet Rhino Mount Front Bracket with Screw (Black ACH Bolt and Nut)","Gear Rack","FBM","Sports & Outdoors",177336,"N/A","N/A","N/A","N/A","Night Vision Binoculars & Goggles",103,29.95,"N/A",34,4,-60,1044.45,126.15,24,4.6,"Gear Rack","USA",1,743,"N/A","N/A","N/A","N/A","N/A","N/A","N/A","N/A","09/30/2025",1,3,4,1.46
"https://amazon.com/dp/B08Z374R2R","https://m.media-amazon.com/images/I/61-Ly4KgG2L._SX450_.jpg","B08Z374R2R","E.T Dragon Night Vision Mount NVG Mount for L4G24 Metal Helmet g24 Mount PVS15/18 Black","E.T Dragon","FBA","Sports & Outdoors",178102,788404229615,"N/A",0788404229615,"N/A","Night Vision Binoculars & Goggles",103,70.99,-24,50,21,169,3464.71,1431.55,142,4.2,"AIMGEAR HUNTINGNSPORTING STORE","China",2,371,-51,"Large Standard-Size",2.52,3.7,4.92,0.57,23.1,63.71,"03/31/2024",60,8,2,0.36
"https://amazon.com/dp/B0FJS75JSX","https://m.media-amazon.com/images/I/81FcrzMSuuL._SX450_.jpg","B0FJS75JSX","Diyimin 4K Night Vision Binoculars–8X Zoom/2000FT IR/5000mAh, 3'' HD Screen Night Vision Goggles for Adults mit 64GB TF Card, IP65 Waterproof & Tactical Light for Hunting,Camping & Security","Diyimin","FBA","Sports & Outdoors",180098,768799255352,"N/A",0768799255352,"N/A","Night Vision Binoculars & Goggles",100,99.95,-38,14,14,,1428.48,1428.26,92,4.3,"qianjingshop","China",2,0,"N/A","Large Standard-Size",3.94,7.91,8.78,3.22,137.77,380.04,"12/31/2025",6,9,0,0.16
"https://amazon.com/dp/B0D84HKGHG","https://m.media-amazon.com/images/I/41c4oxIdqHL._SX450_.jpg","B0D84HKGHG","Pulsar Telos XL50 Thermal Imaging Monocular","Pulsar","Amazon","Sports & Outdoors",180290,840284901538,00840284901538,0840284901538,"N/A","Night Vision Monoculars",22,3999.97,-38,10,1,-99,24254.52,3880.62,18,3.6,"Amazon","N/A",5,347,"N/A","Large Standard-Size",4.25,4.75,13.25,3.25,"N/A","N/A","10/31/2024",21,8,4,0.56
"https://amazon.com/dp/B0CTVDMD16","https://m.media-amazon.com/images/I/41PCvkK0IwL._SX450_.jpg","B0CTVDMD16","Pulsar Telos XQ35 Thermal Imaging Monocular","Pulsar","FBA","Sports & Outdoors",180304,810119016386,00810119016386,0810119016386,"N/A","Night Vision Monoculars",22,1799.97,-20,10,5,-99,24254.52,8867.84,18,3.6,"JE Media & Fulfillment","USA",8,347,"N/A","Large Standard-Size",4.33,4.8,13.23,3.03,138.54,382.17,"10/31/2024",25,8,4,0.56
"https://amazon.com/dp/B0CTVH53L5","https://m.media-amazon.com/images/I/51PtYP40AkL._SX450_.jpg","B0CTVH53L5","Pulsar Telos XG50 Thermal Imaging Monocular","Pulsar","FBA","Sports & Outdoors",180304,810119016409,00810119016409,0810119016409,"N/A","Night Vision Monoculars",22,2499.97,-14,10,3,-99,24254.52,6925.92,18,3.6,"EAGLE ECOMM","USA",6,347,"N/A","Large Standard-Size",5.24,8.98,17.8,3.27,421.11,1161.69,"10/31/2024",25,8,4,0.59
"https://amazon.com/dp/B07VFDS845","https://m.media-amazon.com/images/I/51j+Vo5KcIL._SX450_.jpg","B07VFDS845","New Plastic J-Arm Night Vision NVG Mount Helmet Adapter for pvs14 Supports Left Eye","CANIS SPORT INC","FBA","Sports & Outdoors",180525,824007529391,"N/A",0824007529391,"N/A","Night Vision Binoculars & Goggles",104,23.99,-21,21,21,400,515.76,515.4,467,3.9,"CANIS SPORT INC","China",2,158,33,"Large Standard-Size",1.55,3.6,5.2,0.13,14.61,40.3,"04/30/2025",80,8,0,0.05
"https://amazon.com/dp/B0DFM333G4","https://m.media-amazon.com/images/I/71AootD6XOL._SX450_.jpg","B0DFM333G4","Upgraded Night Vision Goggles, 4k Night Vision Binoculars, 4.55"" Large Display, 1312 FT Full Dark, 32GB, 8X Digital Zoom, 36MP 7-L IR Night Vision for Camping, Bird Watching, Hunting, Gifts for Dad","YJY","FBA","Sports & Outdoors",181333,"N/A","N/A","N/A","N/A","Night Vision Binoculars & Goggles",106,65.99,-17,9,9,-87,586.77,586.58,113,4.3,"YJY Direct","China",1,861,"N/A","Large Standard-Size",3.11,6.3,7.76,1.59,76.55,211.17,"11/30/2024",19,7,0,0.08
"https://amazon.com/dp/B0F5GZZ3NX","https://m.media-amazon.com/images/I/719l6iMirwL._SX450_.jpg","B0F5GZZ3NX","3D VR Night Vision Goggles - Infrared Night Vision Binoculars for Adults & Kids with 2297FT View Range, Compass, 5000mAh Battery, Diopter Adjustment, 6X Digital Zoom for Camping, Hiking, Concert","ZIMOCE","FBA","Sports & Outdoors",182594,"N/A","N/A","N/A","N/A","Night Vision Binoculars & Goggles",107,169.99,-36,1,1,-92,90.16,90.12,18,4.4,"LKBRVV","China",1,0,"N/A","Large Standard-Size",4.72,7.87,10,2.62,187.02,515.92,"11/30/2025",11,7,2,0.03
"https://amazon.com/dp/B0D15214GQ","https://m.media-amazon.com/images/I/51uLateZVyL._SX450_.jpg","B0D15214GQ","Jeekootoop Tactical Airsoft Hunting Dummy Night Vision Goggles with Helmet Mount for PVS15/PVS18/GPNVG18, No Function Binoculars Night Vision Cosplay Prop (Tan)","Jeekootoop","FBM","Sports & Outdoors",182852,744316777804,"N/A",0744316777804,"N/A","Binoculars",967,55.99,"N/A",20,8,-56,1133.52,444.32,21,4.6,"Jeekootoop","China",1,514,"N/A","Large Standard-Size",4,3,2,1,"N/A","N/A","09/30/2025",23,9,2,0.96
"https://amazon.com/dp/B09LWY7717","https://m.media-amazon.com/images/I/51MonX-vbCL._SX450_.jpg","B09LWY7717","AGM Global Vision Fuzion LRF TM35-384 Fusion Thermal Imaging & CMOS Monocular with Laser Range Finder, 12 Micron 384x288 (50 Hz), 35 mm Lens, Black","AGM Global Vision","FBA","Sports & Outdoors",184619,810027779557,"N/A",0810027779557,"N/A","Night Vision Monoculars",22,1358.81,-18,14,2,-72,21946.23,3889,1,3,"Freedom USA Sales","USA",5,281,"N/A","Large Standard-Size",5.87,7.44,9.13,3.81,200.73,553.74,"09/30/2025",52,10,6,13.95
"https://amazon.com/dp/B0FQBV5QXN","https://m.media-amazon.com/images/I/71WKUgfKPtL._SX450_.jpg","B0FQBV5QXN","BIBIRE Night Vision Goggles, Head Mounted Night Vision Monocular 8X Digital Infrared NVG with 32GB SD Card for Surveillance Camping Observation","BIBIRE","FBA","Sports & Outdoors",184986,738010912159,"N/A",0738010912159,"N/A","Night Vision Monoculars",22,90.99,-21,12,12,-64,1041.52,1041.29,3,5,"BIBIRE","China",1,0,"N/A","Large Standard-Size",3.43,6.81,8.74,1.49,102.78,283.54,"10/31/2025",5,7,0,3.87
"https://amazon.com/dp/B0DZTCYBFQ","https://m.media-amazon.com/images/I/31Ka+cOCz0L._SX450_.jpg","B0DZTCYBFQ","Digital Night Vision monocular Telescope，Day & Night Vision Rifle Scope Monocular with 850nm IR Fixed 3X Magnification, Hunting Surveillance Wildlife Observation， Can be Used independently","RZJSKJZM","FBA","Sports & Outdoors",185788,"N/A","N/A","N/A","N/A","Night Vision Monoculars",23,119.98,6,15,15,-79,1799.88,1799.71,27,3.7,"RZJSKJZM","China",1,0,"N/A","Large Standard-Size",3.19,7.28,9.25,1.66,108.19,298.46,"05/31/2025",12,7,0,0.56
"https://amazon.com/dp/B0DJ14BTCV","https://m.media-amazon.com/images/I/71NclGSDSjL._SX450_.jpg","B0DJ14BTCV","FNIRSI NVS40 4K Night Vision Goggles, Gifts for Dad Man Adult, Night Vision Binoculars with 4K Video 36M Photos, 32GB SD Card, 3"" HD Screen Digital Infrared Binoculars for Day and Night","FNIRSI","FBA","Sports & Outdoors",187224,"N/A","N/A","N/A","N/A","Night Vision Binoculars & Goggles",111,63.99,-32,24,24,-101,1511.99,1511.87,41,4.4,"FINRSI Technology","China",1,465,"N/A","Large Standard-Size",3.27,6.57,7.56,1.37,81.77,225.58,"11/30/2025",18,9,0,0.58
"https://amazon.com/dp/B0FJ6GBJ1T","https://m.media-amazon.com/images/I/81dLMWINt5L._SX450_.jpg","B0FJ6GBJ1T","Night Vision Goggles with 3'' HD Screen – Night Vision Binoculars for Adults, Capture Photo & Video, 7000mAh Rechargeable Battery, Digital Zoom Infrared Gear for Hunting & Camping","DIGIGOOD","FBA","Sports & Outdoors",188566,789091638032,"N/A",0789091638032,"N/A","Night Vision Binoculars & Goggles",111,29.99,"N/A",11,11,-146,316.54,316.33,5,3.8,"Digigood Official","China",1,0,"N/A","Large Standard-Size",3.82,6.02,7.4,1.63,85.68,236.35,"11/30/2025",8,8,3,2.11
"https://amazon.com/dp/B084GB11DQ","https://m.media-amazon.com/images/I/61knjxfnk0L._SX450_.jpg","B084GB11DQ","Tactical Metal Alloy L4G24 CNG Mount Aluminum Frame Helmet Accessories Mount Arm for PVS 15/18 (Black)","LIVIQILY","FBA","Sports & Outdoors",188757,"N/A","N/A",6925195003992,"N/A","Night Vision",136,59.99,-23,18,8,350,1065.74,496.03,199,4.1,"DMAIP","China",1,61,-65,"Large Standard-Size",2.52,3.58,5,0.55,22.71,62.65,"11/30/2024",73,8,2,0.09
"https://amazon.com/dp/B091T3YVNV","https://m.media-amazon.com/images/I/619fmibDurL._SX450_.jpg","B091T3YVNV","E.T Dragon Night Vision Mount Rhino NVG Mount for L4G24 Metal Helmet g24 Mount PVS15/18 TAN","E.T Dragon","FBA","Sports & Outdoors",189210,788404230970,"N/A",0788404230970,"N/A","Night Vision Binoculars & Goggles",107,70.99,-10,50,30,169,3464.71,2032.44,142,4.2,"AIMGEAR HUNTINGNSPORTING STORE","China",2,371,-51,"Large Standard-Size",2.52,3.66,5,0.57,23.22,64.05,"03/31/2024",59,9,2,0.36
"https://amazon.com/dp/B0DSVR2WJF","https://m.media-amazon.com/images/I/61FOR7aMG3L._SX450_.jpg","B0DSVR2WJF","Night Vision Goggles,4K Night Vision Binoculars for Adults,3"" HD Screen,6X Digital Zoom,Photos and Video Record Support Playback,6000mAh Rechargeable Battery,Outdoor Camping Gift for Adults with 32GB","BETTITOPE","FBA","Sports & Outdoors",190063,"N/A","N/A","N/A","N/A","Night Vision Binoculars & Goggles",111,36.99,-45,7,7,-30,273.32,273.22,26,4.2,"BETTITOPE US","China",1,0,"N/A","Large Standard-Size",3.31,6.14,9.57,1.52,97.92,270.13,"09/30/2025",13,9,0,0.28
"https://amazon.com/dp/B0BS951CPK","https://m.media-amazon.com/images/I/71-R3vlHaGL._SX450_.jpg","B0BS951CPK","4K Digital Night Vision Goggles Binoculars for Total Darkness, Infrared Digital Night Vision, 32GB Memory Card for Photo and Video Storage, 3'' Large Screen Perfect for Hunting and Farm Monitoring","KJK","FBA","Sports & Outdoors",191291,793127949580,"N/A",0793127949580,"N/A","Night Vision Binoculars & Goggles",109,65.99,-19,10,10,-99,633.26,633.1,200,4.3,"HYK Intelligent","China",2,454,"N/A","Large Standard-Size",4.13,8.5,10.28,2.67,181.69,501.22,"11/30/2024",38,7,0,0.05
"https://amazon.com/dp/B0DK515M3K","https://m.media-amazon.com/images/I/51J2CamCltL._SX450_.jpg","B0DK515M3K","Goiteia Night Driving Glasses for Men Women, Yellow Glasses for Rainy Days, Anti Glare from Front and Rear Headlight","Goiteia","FBA","Sports & Outdoors",195064,717352372432,"N/A",0717352372432,"N/A","Night Vision Binoculars & Goggles",116,26.99,-39,46,19,243,1235.13,505.26,23,4.1,"Goiteia","China",1,469,"N/A","Large Standard-Size",2.01,3.11,6.5,0.26,20.46,56.43,"09/30/2025",17,9,3,1.99
"https://amazon.com/dp/B0FHDMX7KG","https://m.media-amazon.com/images/I/31IVx4S6aRL._SX450_.jpg","B0FHDMX7KG","Gear Rack US Military Tan NVG Bracket for Night Vision Goggles Shroud Norotos Used on ECH or ACH/MICH/CVC Helmet Rhino Mount Front Bracket with Screw (ECH Bracket with ECH Bolt)","Gear Rack","FBM","Sports & Outdoors",198209,"N/A","N/A","N/A","N/A","Night Vision Binoculars & Goggles",109,49.95,-13,34,2,-60,1044.45,89.44,24,4.6,"Gear Rack","USA",1,743,"N/A","N/A","N/A","N/A","N/A","N/A","N/A","N/A","09/30/2025",8,4,4,1.4
"https://amazon.com/dp/B0D48HN54R","https://m.media-amazon.com/images/I/61BAZXMZKrL._SX450_.jpg","B0D48HN54R","Mozeyerh Night Vision Goggles Mount NVG Mount PVS 14 J Arm Helmet Mount Compatible with All Models of PVS 14/PVS 15/PVS 18/PVS 7","Mozeyerh","FBA","Sports & Outdoors",200336,"N/A","N/A","N/A","N/A","Night Vision Binoculars & Goggles",122,109.99,-49,1,1,400,161.25,161.19,1,5,"Mozeyerh","USA",1,7,"N/A","Small Standard-Size",0.1,0.1,0.1,0.1,0,0,"08/31/2024",22,6,0,1.47
"https://amazon.com/dp/B0CLXWY681","https://m.media-amazon.com/images/I/51jKzKNSc8L._SX450_.jpg","B0CLXWY681","MIRAGETARGET Rhino Mount NVG Mount PVS 14 Night Vision Goggles Metal Helmet Mount for PVS 14","MIRAGETARGET","FBA","Sports & Outdoors",201735,703663397295,"N/A",0703663397295,"N/A","Night Vision Binoculars & Goggles",124,56.99,-8,32,32,211,1833.12,1833.02,8,3.2,"Haike Outdoor Sports INC","USA",1,216,15,"Large Standard-Size",2.32,2.68,5.75,0.53,18,49.65,"04/30/2025",29,5,0,4.02
"https://amazon.com/dp/B0G346YNMS","https://m.media-amazon.com/images/I/61Z+hxuczyL._SX450_.jpg","B0G346YNMS","4K Night Vision Monocular for Adults – Infrared Digital Night Vision Device with Starlight Sensor, 7-Level IR Brightness, 8× Digital Zoom – for Hunting, Security, Wildlife & Outdoor Night Use","Wurapl","FBA","Sports & Outdoors",201896,741050718834,"N/A",0741050718834,"N/A","Night Vision Monoculars",28,129.99,5,30,30,,3947.71,3947.56,19,4.4,"PUDAQ-US","China",1,0,"N/A","Large Standard-Size",3.31,5.79,8.15,1.23,78.64,216.94,"01/31/2026",4,7,0,1.6
"https://amazon.com/dp/B0DPHT54L9","https://m.media-amazon.com/images/I/71VtSLOJLwL._SX450_.jpg","B0DPHT54L9","GUANIEE Night Vision Monocular 4K Digital Infrared Night Vision with 2"" Larger Screen, 8X Digital Zoom, 2200mAh Rechargeable Battery, Tripod, 32G SD Card","GUANIEE","FBA","Sports & Outdoors",202255,"N/A","N/A","N/A","N/A","Night Vision Monoculars",28,44.99,-15,13,13,-98,691.73,691.65,38,4.2,"GUANIEE","China",1,631,"N/A","Large Standard-Size",3.27,4.76,7.56,1.19,59.25,163.43,"11/30/2025",15,6,0,0.34
"https://amazon.com/dp/B0FMK3PKNQ","https://m.media-amazon.com/images/I/61Std+eDRoL._SX450_.jpg","B0FMK3PKNQ","4K Digital Night Vision Monocular, 1314FT Full Dark Distance, Photo & 4K Video Recording, Manual Focus & Diopter, Night Vision Goggles with Infrared Illuminator, SD Card","Dumjug","FBA","Sports & Outdoors",207236,"N/A","N/A","N/A","N/A","Night Vision Monoculars",28,139.98,-24,26,26,-17,3578.91,3578.54,14,3.9,"Dumjug Direct","China",1,0,"N/A","Large Standard-Size",3.03,3.94,6.93,0.88,41.65,114.91,"11/30/2025",7,7,2,1.84
"https://amazon.com/dp/B0DD6H5M32","https://m.media-amazon.com/images/I/61i+g9Z57bL._SX450_.jpg","B0DD6H5M32","PVS 18A 3X Digital Night Vision Monocular, Infrared/Color/Green/Red Modes, 7.95° FOV, Anodized Aluminum","YSS","FBA","Sports & Outdoors",207488,085353293132,"N/A",0085353293132,"N/A","Night Vision Monoculars",28,200,-11,6,6,10,1302.94,1302.82,1,5,"DUDUZHU STORE","China",2,53,"N/A","Large Standard-Size",3.42,5.04,6.77,1.4,58.75,162.07,"11/30/2025",19,8,0,6.49
"https://amazon.com/dp/B09QKKKVHR","https://m.media-amazon.com/images/I/31O1dyJJI0L._SX450_.jpg","B09QKKKVHR","N9 Digital Night Vision Scope for Rifle - 1080P FHD Clip-On Attachment with 5"" Large IPS Screen, 850nm Infrared Illuminator, WiFi, 3-10.5X Zoom, Recoil Resistant Day/Night Optic for Hunting","OWLNV","FBA","Sports & Outdoors",207948,"N/A","N/A","N/A","N/A","Night Vision Monoculars",29,189.89,-300,0,0,,"-","-",51,4,"Owlnv","China",1,0,"N/A","Large Standard-Size",5.71,7.17,9.33,2.03,192.31,530.52,"02/28/2026",45,9,2,0
"https://amazon.com/dp/B0D8VR6TXD","https://m.media-amazon.com/images/I/61a-yeq1w5L._SX450_.jpg","B0D8VR6TXD","Night Vision Goggles Head Mounted for Adults,984FT Rechargeable Infrared Digital Binoculars,5X Digital Zoom, Hands Free Night-Vision Goggles with 32GB TF Card, Photo & Video Capture,Head Strap","GTMEDIA","FBA","Sports & Outdoors",208193,614173054069,"N/A",0614173054069,"N/A","Night Vision Binoculars & Goggles",123,112.09,-35,26,7,27,2486.16,854.34,111,4.5,"V8 OFFICIAL","China",2,0,"N/A","Large Standard-Size",3.7,6.42,8.67,1.89,103.69,286.04,"11/30/2025",20,9,2,0.23
"https://amazon.com/dp/B0DK4ZWK1H","https://m.media-amazon.com/images/I/51Y+BUECNvL._SX450_.jpg","B0DK4ZWK1H","Goiteia Night Driving Glasses for Men Women, Yellow Glasses for Rainy Days, Anti Glare from Front and Rear Headlight","Goiteia","FBA","Sports & Outdoors",208720,717352372401,"N/A",0717352372401,"N/A","Night Vision Binoculars & Goggles",126,26.99,-24,46,31,243,1235.13,835.71,23,4.1,"Goiteia","China",1,469,"N/A","Large Standard-Size",1.85,3.19,6.46,0.29,19.18,52.92,"09/30/2025",17,9,3,1.99
"https://amazon.com/dp/B0FN3BWHDS","https://m.media-amazon.com/images/I/71O7MWmRwrL._SX450_.jpg","B0FN3BWHDS","Night Vision Goggles with Light, Helmet Mounted – Digital Binoculars with Camera, 4K Video, 8X Digital Zoom, 400m Range, 4 Color Modes, IR Illumination","Yatashi","FBA","Sports & Outdoors",209021,850072889238,"N/A",0850072889238,"N/A","Night Vision Binoculars & Goggles",123,99.99,-57,8,8,-98,798.35,798.18,4,5,"Home Design Solutions Limited","Hong Kong",1,0,"N/A","Large Standard-Size",4.06,6.73,9.72,2.18,133.72,368.87,"11/30/2025",4,7,0,2
"https://amazon.com/dp/B09T3D1226","https://m.media-amazon.com/images/I/613H7Oxhy9L._SX450_.jpg","B09T3D1226","BLUPOND Set of 2 HD Day and Night Driving Glasses for Men and Women - Polarized Sport Sunglass and Yellow Night Vision Glass With Car Clip Holder (1 Yellow Lens + 1 Black Lens)","BLUPOND","FBA","Sports & Outdoors",209480,"N/A","N/A","N/A","N/A","Night Vision Binoculars & Goggles",133,49.99,-20,15,5,-81,789.28,268.23,914,4.3,"BLUPOND Store","USA",1,349,-42,"Large Standard-Size",2.91,7.05,8.7,0.33,89.86,247.9,"11/30/2024",49,7,4,0.02
"https://amazon.com/dp/B0CC8VYCJX","https://m.media-amazon.com/images/I/618OyVyVyCL._SX450_.jpg","B0CC8VYCJX","Night Vision Scope for Rifle with 5"" IPS Screen, 1080P Digital Night Vision Monocular with WiFi & 850nm IR Illuminator, Infrared Scope Camera for Day and Night Hunting, Wildlife Observation","OWLNV","FBA","Sports & Outdoors",209635,"N/A","N/A","N/A","N/A","Night Vision Monoculars",29,235.98,-300,0,0,,"-","-",10,3.6,"Owlnv","China",1,0,"N/A","Large Standard-Size",5.67,7.2,9.33,2.16,191.77,529.01,"02/28/2026",20,15,2,0.02
"https://amazon.com/dp/B0D92PB7BT","https://m.media-amazon.com/images/I/51g4kwefDuL._SX450_.jpg","B0D92PB7BT","Jeekootoop Tactical Airsoft Hunting Dummy AN/PVS31 Night Vision Goggles with Helmet Mount, No Function Binoculars Night Vision NVG Model Cosplay Prop (Black)","Jeekootoop","FBA","Sports & Outdoors",210212,744316906389,"N/A",0744316906389,"N/A","Night Vision Binoculars & Goggles",124,59.99,-25,15,7,13,919.83,449.71,11,4.1,"Jeekootoop","China",2,277,"N/A","Large Standard-Size",3.78,5.04,6.77,0.95,64.94,179.13,"11/30/2024",20,7,2,1.4
"https://amazon.com/dp/B0CKT5QG85","https://m.media-amazon.com/images/I/41iGqGoREJL._SX450_.jpg","B0CKT5QG85","Megaorei M5 Digital 1080P Day & Night Vision Rifle Scope Hunting Monocular Camera with 850 or 940nm IR (M5-50-IR940-GP)","megaorei","FBA","Sports & Outdoors",210510,717206864106,"N/A",0717206864106,"N/A","Night Vision Monoculars",30,99.59,-14,21,21,-22,2107.69,2107.35,82,3.7,"megaorei technology","China",3,256,-73,"Large Standard-Size",3.54,6.81,8.5,1.65,103.17,284.6,"12/31/2024",48,7,0,0.26
"https://amazon.com/dp/B0C8HXQ5PQ","https://m.media-amazon.com/images/I/41quWfkEm8L._SX450_.jpg","B0C8HXQ5PQ","Hunting Night Visions NVG L4G24 Mount, Fast OPS Helmet Nylon NVG Mounting for PVS15 PVS18 PGPNVG18 Night Vision Goggle","WoSporT","FBA","Sports & Outdoors",210891,"N/A","N/A","N/A","N/A","Night Vision Binoculars & Goggles",125,18.99,-39,21,6,-32,391.43,105.6,29,3.7,"West raccoon outdoor","China",2,322,66,"Large Standard-Size",2.24,2.99,3.74,0.26,12.64,34.88,"09/30/2025",33,7,2,0.74
"https://amazon.com/dp/B0G29G61NQ","https://m.media-amazon.com/images/I/71JBUIUhsLL._SX450_.jpg","B0G29G61NQ","Dsoon Night Vision Goggles, Upgraded Head-Mounted Night Vision Binoculars with Infrared, Tactical Flashlight, Built-in Compass, Key Backlight, 32GB Card, 8X Digital Zoom","Dsoon","FBA","Sports & Outdoors",212626,"N/A","N/A","N/A","N/A","Night Vision Binoculars & Goggles",128,139.99,-31,1,13,-129,74.94,1857.45,8,3.8,"Kymzixx","China",2,0,"N/A","Large Standard-Size",5.16,7.24,8.03,2.73,151.04,416.65,"11/30/2025",4,8,0,0.07
"https://amazon.com/dp/B08CHMQ5CC","https://m.media-amazon.com/images/I/71FqPbNNwDL._SX450_.jpg","B08CHMQ5CC","SiOnyx Aurora PRO I Full Color Digital Night Vision Camera with Hard Case I Ultra Low-Light IR Night Vision Monocular I GPS, Compass, Water Resistant","SiOnyx","FBA","Sports & Outdoors",212689,811251020064,00811251020064,0811251020064,"N/A","Monoculars",205,849,-43,15,15,-8,12486.73,12486.62,75,4,"SiOnyx","USA",2,0,"N/A","Large Standard-Size",4.25,7.72,10.31,3.21,170.39,470.05,"01/31/2026",68,6,1,0.2
"https://amazon.com/dp/B0G1S863CZ","https://m.media-amazon.com/images/I/61VsZM2c++L._SX450_.jpg","B0G1S863CZ","Dual Infrared Night Vision Goggles, 50mm Long Range Digital Night Vision Device with Built-in Flashlight, Handheld, Head-Mounted & Tripod Compatible for Hunting & Security(with Card)","AYAYI","FBA","Sports & Outdoors",214575,"N/A","N/A","N/A","N/A","Night Vision Binoculars & Goggles",116,68.9,-6,12,3,,619.82,234.74,17,3.9,"AYAYI","China",1,0,"N/A","Large Standard-Size",3.58,7.91,8.5,1.17,121.19,334.31,"12/31/2025",4,9,2,0.68
"https://amazon.com/dp/B0DSJ3FXDR","https://m.media-amazon.com/images/I/717Z3VtExSL._SX450_.jpg","B0DSJ3FXDR","4K Night Vision Goggles 8X Optical Zoom Binoculars for Adults 5000mAh Rechargeable Night Vision, Infrared, 3'' HD Screen Ideal for Camping & Wildlife Observation, Day and Night Binoculars","ZBFACAI","FBA","Sports & Outdoors",216370,"N/A","N/A","N/A","N/A","Night Vision Binoculars & Goggles",126,31.99,-42,30,30,514,973.55,973.36,18,4.3,"qinlijun","China",1,138,"N/A","Large Standard-Size",3.66,7.91,8.66,2.67,126.23,348.21,"11/30/2025",14,8,0,1.65
"https://amazon.com/dp/B0759YKTMB","https://m.media-amazon.com/images/I/51o5v3O9EUL._SX450_.jpg","B0759YKTMB","Night Optics USA Sacrificial Window (PVS-7/14) A3144264","Night Optics USA","FBM","Sports & Outdoors",216681,029757002501,00029757002501,0029757002501,"N/A","Night Vision Binoculars & Goggles",128,13.97,-24,3,3,140,43.64,43.59,7,3.4,"superiortac","USA",1,44,13,"Small Standard-Size",0.63,3.23,4.02,0.02,"N/A","N/A","09/30/2024",102,1,0,0.45
"https://amazon.com/dp/B0FDJYCMDQ","https://m.media-amazon.com/images/I/613M8O65KLL._SX450_.jpg","B0FDJYCMDQ","NVG30 Night Vision Wide-Angle Lens Goggles,50°Wide Angle Optical Lents Kit for NVG50 Night Vision Goggles,NVG30,NVG50","BINOCK","FBA","Sports & Outdoors",217452,"N/A","N/A","N/A","N/A","Night Vision Binoculars & Goggles",123,59.99,"N/A",5,5,,312.37,312.25,2,4,"BINOCK Official Store","China",1,0,"N/A","Large Standard-Size",7.87,3.94,3.94,2.2,61.45,169.51,"09/30/2025",9,7,0,2.61
"https://amazon.com/dp/B003QNIZ14","https://m.media-amazon.com/images/I/41CqKrxVpoL._SX450_.jpg","B003QNIZ14","Pulsar Telos LRF XP50 Thermal Imaging Monocular with Laser Range Finder","Pulsar","FBA","Sports & Outdoors",217822,810119012173,00810119012173,0810119012173,"N/A","Night Vision Monoculars",33,3499.97,-36,17,5,-2,49650.2,14632.69,10,4.9,"Kenzie's Optics","USA",8,211,"N/A","Large Standard-Size",13.3,3.2,2.9,1.25,62.14,171.42,"10/31/2024",189,7,4,1.71
"https://amazon.com/dp/B0FX3J9R23","https://m.media-amazon.com/images/I/71L4lgNF0fL._SX450_.jpg","B0FX3J9R23","Night Vision Goggles with 32GB for Total Darkness,Digital Infrared Night Vision Binoculars with 3'' HD Screen for Observing and Recording Birthday Gifts for Men.","Yehtreh","FBA","Sports & Outdoors",219334,769083027945,"N/A",0769083027945,"N/A","Night Vision Binoculars & Goggles",130,37.99,-30,9,19,-115,347.56,1047.24,49,4.4,"rps-tech","China",1,0,"N/A","Large Standard-Size",2.99,6.93,7.91,1.21,82.52,227.64,"11/30/2025",5,5,3,0.18
"https://amazon.com/dp/B0FM3LCP89","https://m.media-amazon.com/images/I/71ZSmu7DOIL._SX450_.jpg","B0FM3LCP89","XILETU Thermal Imaging Monocular Night Vision Infrared Scope 320x320 Resolution, 100% Darkness Compatible, Thermal Imaging Goggles, Rechargeable Battery, Tripod, Handheld, for Night Hunting & Camping","XILETU","FBA","Sports & Outdoors",219828,"N/A","N/A",6973003289502,"N/A","Night Vision Monoculars",30,69.98,"N/A",14,14,,990.72,990.63,"N/A","N/A","XILETU Official Store","China",1,0,"N/A","Large Standard-Size",7.68,5.31,2.76,0.72,56.67,156.33,"02/28/2026",7,6,0,"N/A"
"https://amazon.com/dp/B0DMPRPNM5","https://m.media-amazon.com/images/I/713koW3xMVL._SX450_.jpg","B0DMPRPNM5","Barska NV-2 Night Vision Binoculars, 10X Magnification, 8X Digital Zoom, 43mm Lens, 3 Inch IPS Display, 40MP Photos, 2.5K Video, 820yd Range, 3-Level IR, USB-C Fast Charging, Day & Night Use","Barska","Amazon","Sports & Outdoors",221929,790272008612,00790272008612,0790272008612,"N/A","Night Vision Binoculars & Goggles",137,104.29,-17,7,7,450,698.1,697.99,2,3.9,"Amazon","N/A",5,85,"N/A","Large Standard-Size",2.84,6.34,8.43,1.38,"N/A","N/A","11/30/2025",16,7,0,3.31
"https://amazon.com/dp/B0B4JMVYK1","https://m.media-amazon.com/images/I/51Zsk5KgMYS._SX450_.jpg","B0B4JMVYK1","Night Vision Photochromic Polarized HD Sunglasses Spring Hinge UV400 Protection Sun Glasses Safety Eyeglasses for Men Women Day and Night Sports Driving Golf Fishing Anti Glare Gradient Lens Eyewear","Vepiant","FBA","Sports & Outdoors",223434,"N/A","N/A","N/A","N/A","Night Vision Binoculars & Goggles",172,27.06,-62,16,0,25,348.72,"-",1,2,"Shenzhen Lanchenxi Trading Co., Ltd","China",1,210,108,"Large Standard-Size",1.89,2.68,6.69,0.15,17.06,47.06,"10/31/2025",45,9,17,15.79
"https://amazon.com/dp/B0DK2KPKW8","https://m.media-amazon.com/images/I/81BSYqscxzL._SX450_.jpg","B0DK2KPKW8","CASEMATIX Thermal Vision Monocular Case Compatible with Flir Scout TKx Thermal Monocular for Hunting and Night Vision Scopes - 8.5"" x 4.0"" x 3.5""","CASEMATIX","FBA","Sports & Outdoors",224015,810000062874,"N/A",0810000062874,"N/A","Night Vision Monoculars",35,18.99,-12,9,9,-78,177.09,176.86,16,4.4,"DistroTech","USA",2,144,"N/A","Large Standard-Size",4.33,5.12,8.62,0.51,96.21,265.42,"11/30/2024",17,9,0,0.58
"https://amazon.com/dp/B0GK5SQCBM","https://m.media-amazon.com/images/I/71+1MtOeWmL._SX450_.jpg","B0GK5SQCBM","ArzzuNiu 3D-VR Night Vision Goggles - 4K Head Mounted 2296FT Digital Infrared 850nm Night Vision Binoculars for Adults Military Tactical,Camping in Complete Darkness 6X Digital Zoom Include 32GB Card","ArzzuNiu","-","Sports & Outdoors",224081,686585018717,"N/A",0686585018717,"N/A","Night Vision Binoculars & Goggles",131,269.99,234,5,5,,1413.35,1349.88,"N/A","N/A",,"N/A",1,0,"N/A","Large Standard-Size",10.6,7.4,3.7,2.69,"N/A","N/A","02/28/2026",0,"N/A",2,"N/A"
"https://amazon.com/dp/B0C37XZWZJ","https://m.media-amazon.com/images/I/41wP0g8irnL._SX450_.jpg","B0C37XZWZJ","Pulsar Axion 2 LRF XQ35 Pro Thermal Monocular with Laser Range Finder","Pulsar","FBA","Sports & Outdoors",224082,810119012340,00810119012340,0810119012340,"N/A","Night Vision Monoculars",35,1862.75,-26,5,5,-99,8689.29,8689.18,39,4.3,"TEXAS TLC ENTERPRISE","USA",10,270,-36,"Large Standard-Size",4.21,5.59,9.8,2.56,116.12,320.32,"10/31/2024",35,8,3,0.12
"https://amazon.com/dp/B0DSZCRWWN","https://m.media-amazon.com/images/I/619pU1TTkQL._SX450_.jpg","B0DSZCRWWN","YERGOFE Fishing Binoculars Tool - 3X to 6X Fishing Scope Glasses for Watching, Sports, Measure, and Sightseeing, Portable Scope","YERGOFE","FBA","Sports & Outdoors",224176,"N/A","N/A","N/A","N/A","Night Vision Binoculars & Goggles",133,9.99,-33,17,17,917,174.35,174.04,9,2.1,"Cuihua Electronic Shop","China",1,0,"N/A","Large Standard-Size",2.48,3.31,7.44,0.18,30.75,84.82,"10/31/2025",14,8,0,1.94
"https://amazon.com/dp/B0CXR1GHVZ","https://m.media-amazon.com/images/I/617n58cXQ-L._SX450_.jpg","B0CXR1GHVZ","LEESEN Sacrificial Window PVS-14 PVS-7 Night Vision Thread Protection Piece Anti-Impact Protection Lens (1-PACK), Transparent color","LEESEN","FBM","Sports & Outdoors",224419,"N/A","N/A",9496269007736,"N/A","Night Vision Binoculars & Goggles",139,25.99,-27,3,3,,86.7,86.53,"N/A","N/A","Cloud Pigeon","China",1,35,-52,"Small Standard-Size",1.18,0.79,0.39,0.22,"N/A","N/A","10/31/2024",24,7,1,"N/A"
"https://amazon.com/dp/B0FKH2VNG1","https://m.media-amazon.com/images/I/51W0wW2rdDL._SX450_.jpg","B0FKH2VNG1","MIRAGETARGET PVS-14 Night Vision Goggles Dovetail J Arm Mount, Universal Compatibility, Black","MIRAGETARGET","FBA","Sports & Outdoors",224799,"N/A","N/A","N/A","N/A","Night Vision Binoculars & Goggles",133,42.99,44,18,18,34,722.33,722.19,1,1,"Haike Outdoor Sports INC","USA",1,0,"N/A","Large Standard-Size",6,4,3,0.25,36.25,100,"11/30/2025",7,6,0,18.05
"https://amazon.com/dp/B0DRW57HHD","https://m.media-amazon.com/images/I/71FDVNRzk9L._SX450_.jpg","B0DRW57HHD","Night Vision Goggles, Hunting Binoculars for Adults, Rechargeable Thermal Binoculars with 10X Digital Zoom,7 IR Levels,32GB TF Card and HD Screen,Capable of Saving Photos Videos for Camping & Security","Amailtom","FBA","Sports & Outdoors",225307,"N/A","N/A","N/A","N/A","Night Vision Binoculars & Goggles",136,49.99,-20,5,5,-89,262.71,262.59,55,3.8,"Amaiton","China",1,119,"N/A","Large Standard-Size",3.9,5.91,7.4,1.04,85.77,236.62,"11/30/2025",13,9,0,0.1
"https://amazon.com/dp/B0CQCSRFS5","https://m.media-amazon.com/images/I/71j1Pb8sX4L._SX450_.jpg","B0CQCSRFS5","Rechargeable Night Vision Monocular for 100% Darkness, Full HD1080P Video Long Distance Infrared Night Vision Goggles Binoculars for Hunting, Camping, Travel, Surveillance 32GB Inside","OIKSPY","FBA","Sports & Outdoors",225750,"N/A","N/A","N/A","N/A","Night Vision Monoculars",35,39.99,-20,22,22,2900,893.66,893.52,25,3.8,"OIKSPY","China",1,250,28,"Large Standard-Size",3.31,3.5,6.5,0.62,37.91,104.59,"10/31/2024",27,7,0,0.93
"https://amazon.com/dp/B0DQTW643C","https://m.media-amazon.com/images/I/41JKohCwDqL._SX450_.jpg","B0DQTW643C","PVS18 Monocular NVG Dummy Model, Helmet Night Vision Goggles for Cosplay and Display, No Function","WoSporT","FBA","Sports & Outdoors",227041,"N/A","N/A","N/A","N/A","Night Vision Monoculars",371,25.99,-34,15,6,-60,494.62,158.41,4,5,"West raccoon outdoor","China",2,116,"N/A","Large Standard-Size",1,1,1,1.32,0.5,1.39,"12/31/2025",15,7,8,3.71
"https://amazon.com/dp/B0C4TCBPHX","https://m.media-amazon.com/images/I/71PAioIckKL._SX450_.jpg","B0C4TCBPHX","AGM Global Vision Sidewinder TM25-384 Thermal Imaging Monocular","AGM Global Vision","FBA","Sports & Outdoors",228662,810027775764,"N/A",0810027775764,"N/A","Monoculars",229,1595,-21,6,6,-35,10334.87,10334.72,2,5,"Hunting_Stuff","USA",4,73,"N/A","Large Standard-Size",4,9,13,4.3,235.62,650,"09/30/2024",34,5,0,3.24
"https://amazon.com/dp/B0CSKD3P3K","https://m.media-amazon.com/images/I/81aU79lRC+L._SX450_.jpg","B0CSKD3P3K","M. A. C.® Night Vision Goggles – 4K HD Infrared Night Vision Binoculars with 5X Digital Zoom, 3"" Screen, Rechargeable Battery (Black)","The Men's Authority","FBA","Sports & Outdoors",232027,850055646131,"N/A",0850055646131,"N/A","Night Vision Binoculars & Goggles",140,34.99,-61,30,10,-132,1112.61,393.34,158,3.9,"The Men's Authority Company","USA",1,0,"N/A","Large Standard-Size",3.31,7.09,8.54,1.48,100.9,278.36,"11/30/2025",26,9,2,0.19
"https://amazon.com/dp/B0G1MGKX53","https://m.media-amazon.com/images/I/516tt3lZXgL._SX450_.jpg","B0G1MGKX53","DNT Optics H315R - Hound Thermal Imaging Monocular with Laser Rangefinder and Ballistic Calculator","DNT Optics","FBA","Sports & Outdoors",232708,"N/A","N/A","N/A","N/A","Night Vision Monoculars",35,999.99,-105,10,8,,10895,8413.99,"N/A","N/A","DNT Optics","USA",1,0,"N/A","Large Standard-Size",5.94,8.31,11.1,2.56,276.05,761.51,"02/28/2026",4,6,3,"N/A"
"https://amazon.com/dp/B0G1M9XM7S","https://m.media-amazon.com/images/I/31wuiguOEJL._SX450_.jpg","B0G1M9XM7S","DNT Optics H325R - Hound Thermal Imaging Monocular with Laser Rangefinder and Ballistic Calculator","DNT Optics","-","Sports & Outdoors",232712,"N/A","N/A","N/A","N/A","Night Vision Monoculars",35,1199.99,"N/A",4,0,,3999.96,"-","N/A","N/A",,"N/A",1,0,"N/A","Large Standard-Size",6.06,8.54,11.18,2.56,"N/A","N/A","02/28/2026",4,"N/A",3,"N/A"
"https://amazon.com/dp/B0G1M9HMNR","https://m.media-amazon.com/images/I/51u3EX+Zf-L._SX450_.jpg","B0G1M9HMNR","DNT Optics H635R - Hound Thermal Imaging Monocular with Laser Rangefinder and Ballistic Calculator","DNT Optics","-","Sports & Outdoors",232979,"N/A","N/A","N/A","N/A","Night Vision Monoculars",36,1899.99,"N/A",4,0,,3999.96,"-","N/A","N/A",,"N/A",1,0,"N/A","Large Standard-Size",5.94,8.43,11.18,2.6,"N/A","N/A","02/28/2026",4,"N/A",3,"N/A"
"https://amazon.com/dp/B0DQTRZNYC","https://m.media-amazon.com/images/I/51NOlEkQHYL._SX450_.jpg","B0DQTRZNYC","PVS15 NVG Dummy Model,Helmet Dual-Tube Binocular Night Vision Goggles for Cosplay Display, No Function","WoSporT","FBA","Sports & Outdoors",234574,"N/A","N/A","N/A","N/A","Night Vision Binoculars & Goggles",138,29.99,-15,15,4,-60,494.62,124.12,3,5,"West raccoon outdoor","China",2,116,"N/A","Large Standard-Size",3.27,5.2,7.24,0.66,61.94,170.86,"12/31/2025",15,7,8,4.95
"https://amazon.com/dp/B0DQTVS6QL","https://m.media-amazon.com/images/I/51LwcYY26KL._SX450_.jpg","B0DQTVS6QL","PVS15 NVG Dummy Model with Night Vision LG424 Mount, No Function Binocular Night Vision for Tactical Helmet NVG Mount, CS Game, Cosplay","WoSporT","FBM","Sports & Outdoors",234620,"N/A","N/A","N/A","N/A","Night Vision Binoculars & Goggles",139,45.99,"N/A",15,2,-60,494.62,100.18,4,5,"West raccoon outdoor","China",1,116,"N/A","N/A","N/A","N/A","N/A","N/A","N/A","N/A","12/31/2025",15,9,8,3.71
"https://amazon.com/dp/B0DQTTS2ZY","https://m.media-amazon.com/images/I/518zfXkWWtL._SX450_.jpg","B0DQTTS2ZY","PVS15 NVG Dummy Model with Night Vision LG424 Mount, No Function Binocular Night Vision for Tactical Helmet NVG Mount, CS Game, Cosplay","WoSporT","FBA","Sports & Outdoors",234918,"N/A","N/A","N/A","N/A","Night Vision Binoculars & Goggles",137,45.99,1,15,2,-60,494.62,111.32,"N/A","N/A","West raccoon outdoor","China",2,116,"N/A","Large Standard-Size",3.74,5.43,7.2,0.86,73.71,203.34,"12/31/2025",15,9,8,"N/A"
"https://amazon.com/dp/B0DXFHDDT8","https://m.media-amazon.com/images/I/71nbxmUw7qL._SX450_.jpg","B0DXFHDDT8","CIGMAN 4K Night Vision Binoculars, 40MP Infrared Night Vision Goggles, 8X Zoom, 3"" HD TFT Screen, 3W 850nm IR Light, Built-in Microphone and Flashlight, 5000mAh Battery, 512GB Storage Support","CIGMAN","FBA","Sports & Outdoors",237324,"N/A","N/A","N/A","N/A","Night Vision Binoculars & Goggles",132,59.99,"N/A",0,0,200,"-","-",14,4.1,"CIGMAN Store","China",1,0,"N/A","Large Standard-Size",3.5,7.87,8.15,2.67,113.03,311.79,"01/31/2026",11,9,0,0
"https://amazon.com/dp/B06XGS6611","https://m.media-amazon.com/images/I/718XvFHdXNL._SX450_.jpg","B06XGS6611","FLIR Breach PTQ136 Thermal Imaging Monocular, 320 x 256 Boson Core, 60Hz Refresh Rate, 1-4x Digital Zoom, IP67 Waterproof, Helmet Mountable Tactical Thermal Vision for Law Enforcement and Hunting","FLIR","Amazon","Sports & Outdoors",238614,849815008364,00849815008364,0849815008364,"N/A","Night Vision Monoculars",38,2754.05,-40,1,1,-57,2264.37,2264.36,126,4,"Amazon","N/A",3,92,-58,"Large Standard-Size",3.66,8.82,9.02,1.76,"N/A","N/A","10/31/2024",108,7,0,0.01
"https://amazon.com/dp/B08DHW3QNW","https://m.media-amazon.com/images/I/61Phk0YDCpL._SX450_.jpg","B08DHW3QNW","Night Vision Binoculars for Adults, 3.5'' HD Night Vision Goggles with 3000mAh Rechargeable Battery, 32GB TF Card for Photos and Videos, 8X Digital Zoom for Outdoor, Camping and Travel","Anyork","FBA","Sports & Outdoors",239779,791514860470,"N/A",0791514860470,"N/A","Night Vision Binoculars & Goggles",142,65.99,41,0,0,-126,"-","-",424,4.2,"Anyork TECH INC.","China",1,104,-82,"Large Standard-Size",3.82,7.36,13.46,2.67,190.53,525.6,"11/30/2024",68,8,2,0
"https://amazon.com/dp/B0FLNBV67L","https://m.media-amazon.com/images/I/71QRtge4rmL._SX450_.jpg","B0FLNBV67L","Night Vision Goggles 8X Digital Zoom, 300M Night Vision Binoculars with 7-Level IR, 32GB Card & LED Flashlight, Gifts for Men, Dad, Husband, Boyfriend for Camping Hunting Birdwatching","YAGAKXGT","FBA","Sports & Outdoors",239971,704444687093,"N/A",0704444687093,"N/A","Night Vision Binoculars & Goggles",139,41.99,-5,19,19,-131,789.55,789.43,23,4.4,"lingsuzhe","N/A",1,0,"N/A","Large Standard-Size",3.15,6.42,7.68,1.06,78.2,215.71,"11/30/2025",7,9,2,0.82
"https://amazon.com/dp/B01M3Y4G3D","https://m.media-amazon.com/images/I/51hdtG0PGPL._SX450_.jpg","B01M3Y4G3D","NightStar 2x42 Gen-1 Wide-View Compact Night Vision Monocular, Black, NS41242C","Nightstar Optics","FBM","Sports & Outdoors",241135,799599163882,"N/A",0799599163882,"N/A","Night Vision Monoculars",38,151.28,-9,5,5,-31,701.04,700.87,58,3.2,"Optics Planet (✅Authorized Dealer ✅Fast Shipping)","USA",2,47,-42,"N/A","N/A","N/A","N/A","N/A","N/A","N/A","11/30/2024",112,4,0,0.08
"https://amazon.com/dp/B0CSFRLCTW","https://m.media-amazon.com/images/I/61nN8vfGUxL._SX450_.jpg","B0CSFRLCTW","SHITOOMFE Binoculars Glasses Portable Hands Binoculars Telescope 10X Zoom Glasses for Outdoor Fishing Binocular Glasses","SHITOOMFE","FBM","Sports & Outdoors",243440,"N/A","N/A","N/A","N/A","Night Vision Binoculars & Goggles",147,22.38,-32,0,0,-100,"-","-",2,5,"jinzeyouxiangongsi","N/A",6,75,"N/A","Large Standard-Size",5.91,7.87,3.94,0.52,"N/A","N/A","10/31/2025",26,9,0,0.23
"https://amazon.com/dp/B0G64CYC8B","https://m.media-amazon.com/images/I/41fc4lslW8L._SX450_.jpg","B0G64CYC8B","OWLNV T3 Thermal Imaging Scope with 384×288 Sensor, 3.5X Optical Zoom, Ballistic Calculator, WiFi Video Recording, PIP Mode, 1440×1080 Display, IP67 Weatherproof Scope for Hunting","OWLNV","FBA","Sports & Outdoors",243568,"N/A","N/A","N/A","N/A","Night Vision Monoculars",40,999.98,-31,5,5,,5336.63,5336.49,1,5,"Owlnv","China",1,0,"N/A","Large Standard-Size",3.23,6.61,7.72,1.98,82.98,228.92,"01/31/2026",3,16,0,5.35
"https://amazon.com/dp/B073LV5NZQ","https://m.media-amazon.com/images/I/61UogbDcjmL._SX450_.jpg","B073LV5NZQ","JINJULI Night Vision Goggles Adjustable Spy Gear Night Mission Goggles with Flip-Out Lights Green Lens Protect Eyes Children's Day Gift","JINJULI","FBM","Sports & Outdoors",244425,642940604087,"N/A",6429406040870,"N/A","Night Vision Binoculars & Goggles",147,11.96,-20,2,2,-33,20.6,20.57,12,3.6,"QL Optics","China",2,11,450,"Large Standard-Size",2.8,6.7,6.9,0.35,"N/A","N/A","12/31/2025",86,9,0,0.14
"https://amazon.com/dp/B0FM3GT89T","https://m.media-amazon.com/images/I/71Om2A5wqxL._SX450_.jpg","B0FM3GT89T","4K Night Vision Goggles with 4"" Large Screen, 48MP Infrared Binoculars for Total Darkness, 10x Zoom & 2600ft Range, 5000mAh Rechargeable Battery, 32GB Card, Ideal for Hunting, Camping & Home Security","JDZ","FBA","Sports & Outdoors",244766,724849844938,"N/A",0724849844938,"N/A","Night Vision Binoculars & Goggles",143,45,-27,45,45,-131,3534.02,3533.47,18,4.3,"ANF-US","China",2,0,"N/A","Large Standard-Size",3.86,6.97,7.64,1.41,103.49,285.48,"11/30/2025",6,9,4,2.47
"https://amazon.com/dp/B0DZNNGH3P","https://m.media-amazon.com/images/I/61jwMxYM9QL._SX450_.jpg","B0DZNNGH3P","RIX Titan-T6 Thermal Monocular LRF 35mm 640x480 Thermal Imaging Monocular with Laser Rangefinder (50 Hz) 1920×1080 OLED Display Ideal for Night Hunting, Safety Level-Class I, Power Output＜1mW","RIX","FBA","Sports & Outdoors",245609,"N/A","N/A","N/A","N/A","Night Vision Monoculars",38,2399,-36,18,18,-69,43963.38,43963.27,8,5,"Essence Outdoors LLC","USA",1,0,"N/A","Large Standard-Size",5,5,10,2,125.87,347.22,"12/31/2025",12,7,0,2.29
"https://amazon.com/dp/B0CMFMGSHW","https://m.media-amazon.com/images/I/71XrHUs5qaL._SX450_.jpg","B0CMFMGSHW","Burris Thermal Imaging Handheld Monocular BTH35 v2 for Hunting 400x300 (50hz) Monocular for Adults High Powered Tactical Thermal Imager Heat Vision Night and Day Infrared","Burris","FBM","Sports & Outdoors",246941,000381306463,"N/A",0000381306463,"N/A","Night Vision Monoculars",38,654.49,"N/A",2,2,,1308.98,1308.95,"N/A","N/A","MidwayUSA, Inc.","USA",1,0,"N/A","Large Standard-Size",14,4,4,2,"N/A","N/A","-",28,9,0,"N/A"
"https://amazon.com/dp/B0FJQYHZ1S","https://m.media-amazon.com/images/I/61Mog9IbCfL._SX450_.jpg","B0FJQYHZ1S","[2025 Upgrade] 4K Digital Night Vision Monocular with Infrared Illuminator & Video Recording, Manual Focus and Diopter, Night Vision Goggles Binoculars for Hunting, Camping, with 32GB Card","Dumjug","FBA","Sports & Outdoors",247989,"N/A","N/A","N/A","N/A","Night Vision Monoculars",40,119.99,-40,5,5,-80,683.82,683.74,8,4.2,"Dumjug Direct","China",2,0,"N/A","Large Standard-Size",3.31,5.31,7.8,1.63,69.02,190.41,"11/30/2025",8,7,0,0.63
"https://amazon.com/dp/B0DY786RDZ","https://m.media-amazon.com/images/I/51tpaoubgcL._SX450_.jpg","B0DY786RDZ","Gaderth Night Vision Monocular,1080p Infrared Monocular,7-Level Adjustable Long Distance Digita Monocular,R7 Digital Full High Defini Night Vision Goggles for Hunting, Camping, Travel","Gaderth","FBA","Sports & Outdoors",248494,"N/A","N/A",6967762564482,"N/A","Night Vision Binoculars & Goggles",142,38.99,-30,7,7,833,266.16,266.05,2,4.5,"Kinse77","China",1,23,"N/A","Large Standard-Size",6.69,2.76,1.57,0.67,14.6,40.26,"02/28/2026",13,7,1,6.83
"https://amazon.com/dp/B0FPD3P365","https://m.media-amazon.com/images/I/71-LQvyVnzL._SX450_.jpg","B0FPD3P365","4K Night Vision Goggles 32MP Full-Color Night Vision Binoculars for Adults with 4000mAh High Capacity, 16XZOOM 32GB Card, 3"" Screen and 300M Viewing Range for Camping Hunting & Security(Gunmetal Gray)","YAGAKXGT","FBA","Sports & Outdoors",249269,719645480244,"N/A",0719645480244,"N/A","Night Vision Binoculars & Goggles",140,59.99,-55,10,10,,583.65,583.55,1,5,"lingsuzhe","N/A",1,0,"N/A","Large Standard-Size",3.03,6.38,7.8,1.3,75.92,209.42,"01/31/2026",6,9,2,9.73
"https://amazon.com/dp/B0CCJ4VSXK","https://m.media-amazon.com/images/I/61pXA2vFFPL._SX450_.jpg","B0CCJ4VSXK","booiu L4G24 Night Vision Goggle Mount for PVS15/PVS18/GPNVG18 - Adjustable Aluminum Alloy Tactical Helmet Mount, Cosplay Prop (Sand)","booiu","FBA","Sports & Outdoors",249602,"N/A","N/A","N/A","N/A","Night Vision Binoculars & Goggles",523,59.99,-32,6,4,,367.71,237.89,2,4.6,"BOOIU","China",1,0,"N/A","N/A","N/A","N/A","N/A","N/A","N/A","N/A","02/28/2026",31,7,2,3.07
"https://amazon.com/dp/B0D1CFR16B","https://m.media-amazon.com/images/I/61IMOkNk7aL._SX450_.jpg","B0D1CFR16B","YSS NVG Mount Aluminum J-ARM Night Vision Mount PVS 14 Dovetail Mount Night Vision Goggles Helmet Adapter Black","YSS","FBA","Sports & Outdoors",250285,742404889996,"N/A",0742404889996,"N/A","Night Vision Binoculars & Goggles",149,41.99,-2,8,8,113,332.9,332.77,2,5,"YSSCORP","China",1,0,"N/A","Large Standard-Size",7.14,2.48,1.54,0.15,13.73,37.87,"11/30/2025",23,7,0,3.97
"https://amazon.com/dp/B0DHGJKVM8","https://m.media-amazon.com/images/I/81ILWSJeJoL._SX450_.jpg","B0DHGJKVM8","Night Vision Goggles, 4K Night Vision Binoculars 3.2"" HD Display and 32GB TF Card, can Store Photo and Video, 7 Gear Night Vision, 8X Digital Zoom for Outdoor Enthusiasts and Wildlife Watching","VACOOR","FBA","Sports & Outdoors",250840,602581567653,"N/A",0602581567653,"N/A","Night Vision Binoculars & Goggles",142,49.99,-18,8,8,-7,420.35,420.21,155,4.2,"VACOOR","China",1,790,"N/A","Large Standard-Size",2.44,6.3,7.48,1.21,57.89,159.7,"11/30/2024",18,7,0,0.05
"https://amazon.com/dp/B0C69HZ8RM","https://m.media-amazon.com/images/I/51UKNpJQW7L._SX450_.jpg","B0C69HZ8RM","Digital Day/Night Vision Rifle Scope with Rangefinder – 1920×1080 HD, 6.5&13X Zoom Options, IP67 Waterproof, 8-Hour Battery, WiFi Streaming – Ideal for Hunting & Tactical Use","OWLNV","FBM","Sports & Outdoors",253215,"N/A","N/A","N/A","N/A","Night Vision Monoculars",36,439.89,-27,5,5,,2141.77,2184.26,2,3.8,"Owlnv","China",1,6,-88,"Large Standard-Size",5,3,8.8,2.2,"N/A","N/A","10/31/2024",34,9,0,2.32
"https://amazon.com/dp/B0CX8XT1KM","https://m.media-amazon.com/images/I/41RagX5cBQL._SX450_.jpg","B0CX8XT1KM","AMNOUR PVS14 PVS31 Objective Holder Rings Close Focus Stop Ring for Objective Lens Night Vision Tube Monocular, Black, JTSF9648","AMNOUR","FBM","Sports & Outdoors",254544,"N/A","N/A",3440368612625,"N/A","Night Vision Monoculars",42,14.61,-20,6,6,-62,87.6,87.43,2,5,"FastenersFocal","China",3,27,"N/A","Small Standard-Size",1.18,0.79,0.39,0.11,"N/A","N/A","11/30/2025",24,4,1,2.92
"https://amazon.com/dp/B0G586QD8F","https://m.media-amazon.com/images/I/71byMoxQSfL._SX450_.jpg","B0G586QD8F","4K Night Vision Goggles, Night Vision Binoculars with Rangefinder, 3.2"" HD Screen, 5000mAh Rechargeable Battery, 32GB TF Card for Adults, Camping, Wildlife Observation","YOTOMIGUO","FBA","Sports & Outdoors",254918,"N/A","N/A","N/A","N/A","Night Vision Binoculars & Goggles",144,109.95,-10,2,2,-125,270.82,270.7,5,5,"levying","China",1,0,"N/A","Large Standard-Size",3.07,6.02,7.87,1.26,73.23,202.01,"11/30/2025",3,9,0,0.35
"https://amazon.com/dp/B08DFQSHPG","https://m.media-amazon.com/images/I/61ixjGx2FrL._SX450_.jpg","B08DFQSHPG","PARD Night Vision Monocular, Clip on Night Vision with 850nm, Hunting Night Vision with 45mm Mount Adapter, 14.5mm Lens, NV007V2-850nm","Pard","FBA","Sports & Outdoors",255014,785197464087,"N/A",0785197464087,"N/A","Night Vision Monoculars",42,339,-13,19,9,-49,6314.64,3090.6,125,4.1,"PARD","China",1,297,"N/A","Large Standard-Size",3.31,7.52,7.6,1.92,95.14,262.44,"10/31/2024",68,6,2,0.15
"https://amazon.com/dp/B0CS6VY946","https://m.media-amazon.com/images/I/71PNmx2T3QL._SX450_.jpg","B0CS6VY946","oneleaf.ai Find NV200 4K 50mm & 70mm Day/Night Vision Binoculars with Rangefinder","oneleaf.ai","FBA","Sports & Outdoors",255547,"N/A","N/A","N/A","N/A","Night Vision Binoculars & Goggles",152,678,-24,2,2,,1176.53,1176.44,1,4,"Akk Technology Inc","Hong Kong",1,22,-57,"Large Standard-Size",3.5,10.63,11.46,4.37,214.84,592.67,"11/30/2024",26,7,0,1.74
"https://amazon.com/dp/B0DQV8RFJ2","https://m.media-amazon.com/images/I/71FfPt4+wnL._SX450_.jpg","B0DQV8RFJ2","Infrared Night Vision Goggles, 4K 8X Digital Zoom Night Vision Binoculars for Adults, Nightvision Goggles with Camera and 5000mAh Charging Batteries, HD Nvg Goggles 5 Inch Screen","Pozmrtsr","FBA","Sports & Outdoors",255945,"N/A","N/A","N/A","N/A","Night Vision Binoculars & Goggles",144,41,-15,11,11,181,469.51,469.37,17,4.5,"Guangzhou zhi mu","China",1,143,"N/A","Large Standard-Size",3.9,8.15,10.28,3.64,164.33,453.33,"10/31/2025",15,7,0,0.67
"https://amazon.com/dp/B078GVZBCK","https://m.media-amazon.com/images/I/715FG41bC7L._SX450_.jpg","B078GVZBCK","ITT Night Vision Intensifier Tube Retainer ANVIS PVS-14 AVS-9 AVS-6 5002569","Unknown","FBM","Sports & Outdoors",256969,765738982645,"N/A",0765738982645,"N/A","Night Vision Binoculars & Goggles",154,14.99,-63,2,2,29,35.33,35.25,2,5,"Police and Tactical Supply","USA",1,23,-38,"Small Standard-Size",0.1,1.4,2.6,0.1,"N/A","N/A","04/30/2024",99,1,0,1.18
"https://amazon.com/dp/B00WR5TYV2","https://m.media-amazon.com/images/I/31y3iifBKoL._SX450_.jpg","B00WR5TYV2","Vantage IR Riflescope 4-12x40 AO, 1"", Rimfire .22 WMR (Etched)","Hawke","FBA","Sports & Outdoors",258021,"N/A",05054492142422,5054492142422,"N/A","Rifle Scopes",618,259.99,-24,41,2,-77,9674.37,582.28,25,4,"Hunting_Stuff","USA",13,702,"N/A","Large Standard-Size",15.83,3.15,3.86,0.95,96.83,267.12,"11/30/2025",129,3,13,1.66
"https://amazon.com/dp/B0DNSMWQRS","https://m.media-amazon.com/images/I/61gwpl6YrwL._SX450_.jpg","B0DNSMWQRS","Night Vision Goggles - 4K Night Vision Binoculars for Adults, 3'' HD Screen Night Vision Goggles Rechargeable Binoculars Built in, 32GB Card to Save Photos and Videos, for Hunting, Camping, Travel","EliteZ","-","Sports & Outdoors",258416,"N/A","N/A",6967747512613,"N/A","Night Vision Binoculars & Goggles",147,69.99,"N/A",0,0,,"-","-","N/A","N/A",,"N/A",1,0,"N/A","Large Standard-Size",7.09,5.12,2.36,0.99,"N/A","N/A","-",16,"N/A",1,"N/A"
"https://amazon.com/dp/B0DWV753M5","https://m.media-amazon.com/images/I/61e8xCfBUbL._SX450_.jpg","B0DWV753M5","VISWISS PVS14 PVS31 ANVIS Objective Lens Sacrificial Window Protector Night Vision Goggle Filters Cover Night Vision Tube Monocular Protectors","VISWISS","FBM","Sports & Outdoors",260543,"N/A","N/A",9556269032791,"N/A","Night Vision Binoculars & Goggles",148,22.99,-4,1,1,,15.64,15.56,3,3.7,"Cloud Pigeon","China",1,0,"N/A","Small Standard-Size",1.18,0.79,0.39,0.11,"N/A","N/A","10/31/2025",13,4,1,0.22
"https://amazon.com/dp/B09Q5BQFJN","https://m.media-amazon.com/images/I/61ZD0uGl8FL._SX450_.jpg","B09Q5BQFJN","Tactical Hunting L4G24 CNC Mount Aluminum Frame Helmet Accessories Mount Arm for PVS 15/18 (Golden)","LIVIQILY","FBA","Sports & Outdoors",260707,"N/A","N/A",6925195004005,"N/A","Night Vision",204,59.99,-35,18,9,350,1065.74,569.45,199,4.1,"DMAIP","China",1,61,-65,"Large Standard-Size",2.52,3.7,5.55,0.57,26.05,71.87,"11/30/2024",73,8,2,0.09
"https://amazon.com/dp/B0FWQXD314","https://m.media-amazon.com/images/I/61RRu5W8Q8L._SX450_.jpg","B0FWQXD314","DBAL-A2 Box Laser Sights,with IR Laser + Green/Rad/Blue Dot Laser Sight + Strobe/Momentary/Constant Modes Whitelight LED ，with Pressure Switch，for 20mm Picatinny Rail (Green Laser-Golden)","Generic","FBM","Sports & Outdoors",260838,"N/A","N/A","N/A","N/A","Night Vision",963,118.99,-25,1,0,300,123.13,"-","N/A","N/A","Shengruxiahua","China",1,0,"N/A","Large Standard-Size",3.5,5,6,1.1,"N/A","N/A","11/30/2025",5,4,6,"N/A"
"https://amazon.com/dp/B0FVWS25C3","https://m.media-amazon.com/images/I/71ieRLkLkrL._SX450_.jpg","B0FVWS25C3","Night Vision Goggles, 5K Night Vision Binoculars with 64GB TF Card, APP Remote Control, 4” HD Screen, 2000FT Viewing Range for Outdoor Camping and Observation","Mlifasty","FBA","Sports & Outdoors",261951,"N/A","N/A","N/A","N/A","Night Vision Binoculars & Goggles",154,89.99,-37,0,0,-129,"-","-",2,5,"Mapiltool US","China",1,0,"N/A","Large Standard-Size",9.45,6.1,3.15,1.58,91.42,252.2,"10/31/2025",5,7,0,0
"https://amazon.com/dp/B0F1NT1NLK","https://m.media-amazon.com/images/I/51MMxo4dVqL._SX450_.jpg","B0F1NT1NLK","Night Vision Scope, 940nm Day/Night Vision Monocular with Camera & Video, 50mm Focal Lens Vision Goggles Riflescope for Night Hunting Camping & Pest Control (Without Battery)","NightCrystal","FBA","Sports & Outdoors",263772,663992638356,"N/A",0663992638356,"N/A","Night Vision Monoculars",45,109.99,-31,11,11,-98,1244.05,1243.84,7,4.2,"NightCrystal Store","China",1,0,"N/A","Large Standard-Size",6.69,3.54,8.66,1.59,103.42,285.29,"12/31/2025",15,8,0,1.62
"https://amazon.com/dp/B0BS17LGLG","https://m.media-amazon.com/images/I/61-uaBDhaSL._SX450_.jpg","B0BS17LGLG","PARD Night Vision Monocular, Night Vision Goggles with Rangefinder, Clip-on Scope for Night Watching or Obervation, Night Viewing Range up to 350m, HD Photos & Videos, NV007SPLRF-850nm","Pard","FBA","Sports & Outdoors",266680,850042449820,"N/A",0850042449820,"N/A","Night Vision Monoculars",48,616.55,-31,8,5,-36,5554.9,3419.16,61,4.2,"PARD","China",3,102,-23,"Large Standard-Size",3.15,5.2,6.61,1.5,54.51,150.38,"10/31/2024",38,8,2,0.13
"https://amazon.com/dp/B07V3X99D4","https://m.media-amazon.com/images/I/61ixjGx2FrL._SX450_.jpg","B07V3X99D4","PARD Night Vision Monocular,Clip on Night Vision for Night Watching or Observation,Night Viewing Range up to 350M,NV007V2-940nm","Pard","FBA","Sports & Outdoors",266702,785197464414,"N/A",0785197464414,"N/A","Night Vision Monoculars",44,339,-10,19,10,-49,6314.64,3223.75,127,4,"PARD","China",1,297,"N/A","Large Standard-Size",3.35,7.48,7.6,1.94,95.88,264.5,"10/31/2024",59,7,2,0.15
"https://amazon.com/dp/B0DKXWFSC4","https://m.media-amazon.com/images/I/81D1ECDyq0L._SX450_.jpg","B0DKXWFSC4","Diyimin 4K Night Vision Goggles for Adults, 2000FT Infrared Night Vision Binoculars with Tactical Light, 8X Digital Zoom for Outdoor, Camping and Travel","Diyimin","Amazon","Sports & Outdoors",266790,768904689799,"N/A",0768904689799,"N/A","Night Vision Binoculars & Goggles",158,139.97,-11,22,22,-104,3384.64,3384.4,114,4.3,"Amazon","N/A",3,2616,"N/A","Large Standard-Size",3.82,7.91,8.66,3.21,"N/A","N/A","11/30/2024",17,8,0,0.2
"https://amazon.com/dp/B0G44QMR7M","https://m.media-amazon.com/images/I/91HUsYg+UML._SX450_.jpg","B0G44QMR7M","Nightfox Arctic Thermal Night Vision Monocular, Head or Helmet Mounted, Low Latency 50fps Thermal Camera, IP65 Waterproof, 24° FOV, 256 * 192 Resolution","NIGHTFOX","FBA","Sports & Outdoors",266943,"N/A","N/A",5060577471073,"N/A","Night Vision Monoculars",46,449.99,"N/A",0,0,,"-","-","N/A","N/A","Brunel Brands","United Kingdom of Great Britain and Northern Ireland",1,0,"N/A","Large Standard-Size",4.02,4.88,9.84,1.65,97.19,268.11,"-",0,1,0,"N/A"
"https://amazon.com/dp/B01JKFEBS2","https://m.media-amazon.com/images/I/51I0H6mKicL._SX450_.jpg","B01JKFEBS2","Demist Shield for PVS-14, 6015 Night Vision Device","AEOptics","FBM","Sports & Outdoors",266987,762758099292,"N/A",0762758099292,"N/A","Night Vision Binoculars & Goggles",159,12.98,2,3,3,-83,36.73,36.66,5,4.2,"superiortac","USA",3,68,11,"N/A","N/A","N/A","N/A","N/A","N/A","N/A","11/30/2024",115,1,0,0.56
"https://amazon.com/dp/B09VGPBNN3","https://m.media-amazon.com/images/I/71FEiyal3dL._SX450_.jpg","B09VGPBNN3","Grey Bear Night Vision Star Goggles, 9X Infrared Binoculars, IP54 for Wildlife Observation, Camping, Hiking, Security, View Range 1248ft at Day & 591ft in Total Darkness","Grey Bear","FBA","Sports & Outdoors",268468,759126525231,"N/A",0759126525231,"N/A","Night Vision Binoculars & Goggles",144,39.99,-93,8,8,-8,339.71,339.64,52,4.1,"Grey Bear Imaging","Taiwan, Province of China",1,89,22,"Large Standard-Size",3.7,7.24,9.37,2.18,126.37,348.62,"11/30/2024",42,9,0,0.15
"https://amazon.com/dp/B0GG9HT9C6","https://m.media-amazon.com/images/I/81YyGo+CukL._SX450_.jpg","B0GG9HT9C6","CIGMAN 4K Night Vision Binoculars, 3.99"" Large HD Display, 58MP Night Photos, 5000mAh Battery, IP65 Waterproof, 5X Zoom, 32GB Card Included","CIGMAN","FBA","Sports & Outdoors",270176,"N/A","N/A","N/A","N/A","Night Vision Binoculars & Goggles",152,89.99,-35,11,11,,963.11,962.9,"N/A","N/A","CIGMAN Store","China",1,0,"N/A","Large Standard-Size",3.9,8.23,10.39,3.79,167.9,463.18,"02/28/2026",2,9,0,"N/A"
"https://amazon.com/dp/B0G6CFBTH4","https://m.media-amazon.com/images/I/71y-FoDGa-L._SX450_.jpg","B0G6CFBTH4","WOSPORTS 4K Night Vision – 1300FT Long-Range View with 8X Zoom, 15H Battery & 32GB Card – Tactical Camo Gear for Camping","WOSPORTS","FBA","Sports & Outdoors",272148,"N/A","N/A","N/A","N/A","Night Vision Binoculars & Goggles",156,151.25,-31,8,3,-144,1679.51,639.07,35,4.5,"Wohome Technology Co., Limited","China",1,0,"N/A","Large Standard-Size",3.31,6.93,8.86,2.12,102.32,282.27,"11/30/2025",10,7,5,0.23
"https://amazon.com/dp/B09KXPQPX5","https://m.media-amazon.com/images/I/712TsDsbaXL._SX450_.jpg","B09KXPQPX5","Maoershan Hard Protective Travel Case Bag Fit for GeowFii Night Vision Binoculars Mini Digital Night Vision Goggles(only case)","Maoershan","FBA","Sports & Outdoors",273125,"N/A","N/A",6044208492643,"N/A","Night Vision Binoculars & Goggles",162,10.99,-21,10,10,-42,109.71,109.49,13,4.4,"Maoershan","China",1,113,"N/A","Large Standard-Size",2.87,5.12,5.91,0.26,43.72,120.62,"06/30/2025",52,4,0,0.77
"https://amazon.com/dp/B0C8HVNJJT","https://m.media-amazon.com/images/I/51yYT0ouxHL._SX450_.jpg","B0C8HVNJJT","Hunting Night Visions NVG L4G24 Mount, Fast OPS Helmet Nylon NVG Mounting for PVS15 PVS18 PGPNVG18 Night Vision Goggle","WoSporT","FBA","Sports & Outdoors",273820,"N/A","N/A","N/A","N/A","Night Vision Binoculars & Goggles",164,17.99,-23,21,16,-32,391.43,285.39,29,3.7,"West raccoon outdoor","China",2,322,66,"Large Standard-Size",2.24,2.95,3.82,0.26,12.74,35.15,"09/30/2025",33,7,2,0.74
"https://amazon.com/dp/B0DSJ35HKG","https://m.media-amazon.com/images/I/51+t7uUy9RL._SX450_.jpg","B0DSJ35HKG","4K Night Vision Goggles, Night Vision Binoculars, 5000mAh/18-Hour Long-Lasting Infrared Binoculars, 8X Digital Zoom and 32GB Memory Card.","ZBFACAI","FBA","Sports & Outdoors",275132,"N/A","N/A","N/A","N/A","Night Vision Binoculars & Goggles",153,37.99,-59,10,10,-31,411.37,411.27,32,4.5,"qinlijun","China",1,230,"N/A","Large Standard-Size",3.58,7.8,8.19,2.58,115.14,317.64,"11/30/2025",14,8,0,0.33
"https://amazon.com/dp/B0D92PHT6W","https://m.media-amazon.com/images/I/51jDwLRH96L._SX450_.jpg","B0D92PHT6W","Jeekootoop Tactical Airsoft Hunting Dummy AN/PVS31 Night Vision Goggles with Helmet Mount, No Function Binoculars Night Vision NVG Model Cosplay Prop (Tan)","Jeekootoop","FBM","Sports & Outdoors",275525,744316907393,"N/A",0744316907393,"N/A","Night Vision Binoculars & Goggles",167,59.99,-29,15,8,13,919.83,469.83,11,4.1,"Jeekootoop","China",1,277,"N/A","Large Standard-Size",5,3,2,1,"N/A","N/A","11/30/2024",20,8,2,1.4
"https://amazon.com/dp/B0CKLVYY1J","https://m.media-amazon.com/images/I/51BLeCMOmeL._SX450_.jpg","B0CKLVYY1J","Pulsar Telos XP50 Thermal Imaging Monocular","Pulsar","Amazon","Sports & Outdoors",276790,810119012487,00810119012487,0810119012487,"N/A","Night Vision Monoculars",48,2999.97,-50,10,2,-99,24254.52,4579.48,18,3.6,"Amazon","N/A",8,347,"N/A","Large Standard-Size",4.13,4.84,13.23,3.26,"N/A","N/A","10/31/2024",29,8,4,0.59
"https://amazon.com/dp/B0FHHPFB5M","https://m.media-amazon.com/images/I/71QHfQTNozL._SX450_.jpg","B0FHHPFB5M","WOSPORTS 4K Night Vision Goggles with 48MP Photo, 3280ft Full Color Vision, 1300ft IR Distance, 3"" HD Screen, 10X Optical Zoom, 5000mAh Battery, Binoculars for Wildlife Observation, Gifts for Men","WOSPORTS","FBA","Sports & Outdoors",276957,"N/A","N/A","N/A","N/A","Night Vision Binoculars & Goggles",162,299.99,-34,8,1,-144,1679.51,328.27,35,4.5,"Wohome Technology Co., Limited","China",1,0,"N/A","Large Standard-Size",3.23,6.93,8.74,2.29,98.5,271.72,"11/30/2025",4,9,5,0.23
"https://amazon.com/dp/B0B6GJ84TZ","https://m.media-amazon.com/images/I/51TDGhL+TfL._SX450_.jpg","B0B6GJ84TZ","Pulsar Axion 2 XG35 Thermal Monocular","Pulsar","FBA","Sports & Outdoors",277680,812495029561,"N/A",0812495029561,"N/A","Night Vision Monoculars",48,2199.97,-20,9,9,-76,19858.61,19858.44,62,4.3,"TEXAS TLC ENTERPRISE","USA",14,268,-64,"Large Standard-Size",3.46,6.85,12.91,2.25,154.05,424.97,"09/30/2024",44,8,3,0.14
"https://amazon.com/dp/B07347VBG3","https://m.media-amazon.com/images/I/41XsLqiRh-L._SX450_.jpg","B07347VBG3","DLP Tactical Universal NVG Mount Shroud – Fits 1-Hole & 3-Hole Helmets – ACH MICH OPS-Core Fast Crye AirFrame – Wilcox Norotos Compatible – for Night Vision Headlamps Cameras (Black)","DLP Tactical","FBM","Sports & Outdoors",278478,686907514385,"N/A",0686907514385,"N/A","Night Vision Binoculars & Goggles",157,44.95,-22,17,9,96,851.99,393.85,35,3.8,"DLP Tactical","USA",2,181,148,"Large Standard-Size",0.94,4.02,7.24,0.12,"N/A","N/A","08/31/2025",117,1,3,0.49
"https://amazon.com/dp/B0CKS3P7S5","https://m.media-amazon.com/images/I/4175Q4ODlJL._SX450_.jpg","B0CKS3P7S5","SiOnyx Nightwave Analog Camera, Rugged Ultra-Low Light Night Vision Marine Camera, Flexible Connectivity, Temporary and Permanent Mounting Options, DIY Installation, Gray","SiOnyx","FBA","Sports & Outdoors",278481,811251020231,"N/A",0811251020231,"N/A","Night Vision",209,1994.99,-5,11,2,-45,21013.33,4783,44,4.2,"SiOnyx","USA",1,386,-25,"Large Standard-Size",7.25,8.5,8.5,3.9,263.73,727.52,"04/30/2024",30,6,3,0.25
"https://amazon.com/dp/B0010FHNWC","https://m.media-amazon.com/images/I/61SXcAtJgnL._SX450_.jpg","B0010FHNWC","Allen Company Adjustable Binocular Strap, Camo","AC Allen","Amazon","Sports & Outdoors",279224,026509001980,00026509001980,0026509001980,"N/A","Night Vision Binoculars & Goggles",151,18,-34,7,7,-82,138.04,137.91,219,4.2,"Amazon","N/A",4,219,9,"Large Standard-Size",1.73,3.66,4.72,0.33,"N/A","N/A","11/30/2025",219,1,0,0.03
"https://amazon.com/dp/B0G8FC49K1","https://m.media-amazon.com/images/I/81tyBcfxmDL._SX450_.jpg","B0G8FC49K1","Night Operators Heat Thermal Vision Monocular","Night Operators","FBA","Sports & Outdoors",279971,"N/A",00199874024417,"N/A","N/A","Night Vision Monoculars",49,650,-14,7,7,,4601.89,4601.79,"N/A","N/A","NIGHT OPERATORS","Canada",1,0,"N/A","Large Standard-Size",7.68,5.31,2.76,1.1,56.62,156.18,"02/28/2026",3,6,0,"N/A"
"https://amazon.com/dp/B0CTW1RCM1","https://m.media-amazon.com/images/I/51EC+sb3TlL._SX450_.jpg","B0CTW1RCM1","Pulsar Telos LRF XG50 Thermal Imaging Monocular with Laser Range Finder","Pulsar","FBM","Sports & Outdoors",280149,810119016591,00810119016591,0810119016591,"N/A","Night Vision Monoculars",49,2894,-28,17,3,-2,49650.2,9608.57,10,4.9,"17Photo, Electronics and Outdoors","USA",8,211,"N/A","Large Standard-Size",4.33,4.84,13.23,3.35,"N/A","N/A","10/31/2024",25,8,4,1.71
"https://amazon.com/dp/B01JM8HF2Q","https://m.media-amazon.com/images/I/41a9Jo4e1AL._SX450_.jpg","B01JM8HF2Q","KDSG Objective Lens Cap/Cover, Daytime Training Filter (DTF), Protective Dust Cover for PVS-14, PVS-7B/D, 6015 etc","KDSG","FBM","Sports & Outdoors",280629,762758099308,"N/A",0762758099308,"N/A","Night Vision Binoculars & Goggles",154,6.99,-19,30,30,85,210.79,210.36,48,4.5,"superiortac","USA",2,182,-37,"Small Standard-Size",0.47,1.46,2.2,0.04,"N/A","N/A","03/31/2024",115,2,0,0.63
"https://amazon.com/dp/B0DLK3QD75","https://m.media-amazon.com/images/I/41zZH3+A-rL._SX450_.jpg","B0DLK3QD75","Night Vision Binoculars Digital Goggles - 4K Night Vision Binoculars for Adults Kids with HD Large Screen 32gb Card Infrared Rechargeable Binoculars Night Vision and Day for Kids 9-12 10-12","USCAMEL","FBA","Sports & Outdoors",280697,"N/A","N/A","N/A","N/A","Night Vision Binoculars & Goggles",158,31.99,-29,10,10,100,327.93,327.72,4,4.3,"usa-stores","China",1,89,"N/A","Large Standard-Size",3.23,5.24,5.28,0.79,44.99,124.12,"11/30/2025",16,7,0,2.56
"https://amazon.com/dp/B0CTVD7WNF","https://m.media-amazon.com/images/I/41CEqbOpDSL._SX450_.jpg","B0CTVD7WNF","Pulsar Telos LRF XQ35 Thermal Imaging Monocular with Laser Range Finder","Pulsar","FBM","Sports & Outdoors",283507,810119016393,00810119016393,0810119016393,"N/A","Night Vision Monoculars",49,2279,-18,17,8,-2,49650.2,17908.67,10,4.9,"Freedom USA Sales","USA",7,211,"N/A","Large Standard-Size",4.25,4.92,13.23,3.37,"N/A","N/A","10/31/2024",25,8,4,1.71
"https://amazon.com/dp/B0D84GH4GB","https://m.media-amazon.com/images/I/51S4-P78CLL._SX450_.jpg","B0D84GH4GB","Pulsar Telos LRF XL50 Thermal Imaging Monocular with Laser Range Finder","Pulsar","Amazon","Sports & Outdoors",283537,840284901521,00840284901521,0840284901521,"N/A","Night Vision Monoculars",49,4499.97,-34,17,2,-2,49650.2,7499.63,10,4.9,"Amazon","N/A",9,211,"N/A","Large Standard-Size",4.21,4.76,13.19,3.35,"N/A","N/A","10/31/2024",21,8,4,1.71
"https://amazon.com/dp/B0FQB77JNW","https://m.media-amazon.com/images/I/71bcqClWwNL._SX450_.jpg","B0FQB77JNW","Night Vision Goggles & Binoculars with 1080P Video Camera, 4000mAh Rechargeable Battery, 32GB Card & 3"" Screen, Backlit Buttons, 984ft Viewing Range, Gifts for Men/Dad/Husband, Camping Gear (Black)","Rlayoes","FBA","Sports & Outdoors",286427,728161905070,"N/A",0728161905070,"N/A","Night Vision Binoculars & Goggles",160,37.99,-12,16,16,-124,676.97,676.75,16,4.4,"Brell Tech","N/A",1,0,"N/A","Large Standard-Size",3.11,6.22,6.38,1.06,62.14,171.41,"11/30/2025",6,8,2,1.01
"https://amazon.com/dp/B01APT3LF6","https://m.media-amazon.com/images/I/612k9kwBijL._SX450_.jpg","B01APT3LF6","FLIR Scout TK - Compact Thermal Imaging Monocular for Wildlife Viewing, Hunting & Outdoor","FLIR","FBA","Sports & Outdoors",286695,812462021079,00812462021079,0812462021079,"N/A","Night Vision Monoculars",50,949.99,-47,36,9,-83,26289.43,8420.24,1113,3.8,"Comfort Shopping","USA",1,591,-78,"Large Standard-Size",3.58,5.59,8.27,1.55,83.37,229.99,"09/30/2024",118,6,6,0.03
"https://amazon.com/dp/B09LX2LTD4","https://m.media-amazon.com/images/I/51MonX-vbCL._SX450_.jpg","B09LX2LTD4","AGM Global Vision Fuzion LRF TM35-640 Thermal Monocular with Laser Rangefinder and Bi-Spectrum Image Fusion Hunting Monocular with Thermal Imaging Heat Vision Perfect for Hunting and Outdoor Adventure","AGM Global Vision","FBA","Sports & Outdoors",286811,810027779564,"N/A",0810027779564,"N/A","Night Vision Monoculars",51,1610.74,-50,14,1,-72,21946.23,2813.88,21,4.9,"17Photo, Electronics and Outdoors","USA",4,281,"N/A","Large Standard-Size",5.98,7.4,9.17,3.79,204.3,563.6,"09/30/2025",52,11,6,0.66
"https://amazon.com/dp/B0DXV9GDL7","https://m.media-amazon.com/images/I/313Drr89oLL._SX450_.jpg","B0DXV9GDL7","Infrared Night Vision Glasses - UV Protection Driving Glasses, Adjustable Thermal Imaging Eyewear | High-Protection Glasses, Night Vision IR Glasses For Safe Night Driving And Outdoor Riding (Yellow)","WLngtv","FBA","Sports & Outdoors",286906,702465840145,"N/A",0702465840145,"N/A","Night Vision Binoculars & Goggles",163,6.99,-17,10,10,4,70.73,70.52,6,3.8,"MATIRTFH","China",1,0,"N/A","Large Standard-Size",2.28,3.94,6.69,0.09,30.29,83.57,"11/30/2025",13,9,0,1.69
"https://amazon.com/dp/B093DVYDGY","https://m.media-amazon.com/images/I/619kyxR-wbS._SX450_.jpg","B093DVYDGY","TKKOK M60 Night Vision Goggles Monocular Helmet for Adults,Mount Suitable Fast Helmet IP66 1080P","TKKOK","FBA","Sports & Outdoors",287703,785249774805,"N/A",0785249774805,"N/A","Night Vision Binoculars & Goggles",172,177,-17,10,10,72,1795.07,1794.94,251,4.1,"Anzebra US","China",1,150,-60,"Large Standard-Size",3.03,6.57,6.93,1.7,69.46,191.61,"03/31/2024",58,7,0,0.04
"https://amazon.com/dp/B0C93HF5NM","https://m.media-amazon.com/images/I/71G7ZgIEwLL._SX450_.jpg","B0C93HF5NM","VERYMODEL Night Vision Goggles Head Mounted, [2025 Upgrade] 1312FT Night Vision Binoculars, FHD Hands Free Nightvision Goggles for Helmet, Long Rang Infrared Goggles Night","VERYMODEL","FBA","Sports & Outdoors",287750,"N/A","N/A","N/A","N/A","Night Vision Binoculars & Goggles",162,129,-24,11,11,-78,1520.58,1520.45,184,4.2,"Broadwing Co., Ltd.","China",1,410,-81,"Large Standard-Size",3.98,6.85,9.96,2.46,136.6,376.84,"11/30/2024",33,7,0,0.06
"https://amazon.com/dp/B0FG79MKBX","https://m.media-amazon.com/images/I/61mrdr1h7VL._SX450_.jpg","B0FG79MKBX","RIX Titan-T3 Thermal Monocular LRF 25mm 384x288 Thermal Imaging Monocular with Laser Rangefinder (50 Hz) 1920×1080 OLED Display Ideal for Night Hunting, Safety Level-Class I, Power Output＜1mW","RIX","FBA","Sports & Outdoors",288880,"N/A",00850042107683,"N/A","N/A","Night Vision Monoculars",52,1599,29,14,14,,22796.11,22796.06,"N/A","N/A","Essence Outdoors LLC","USA",1,0,"N/A","Large Standard-Size",3.23,6.14,11.1,2.65,110.83,305.75,"02/28/2026",8,7,0,"N/A"
"https://amazon.com/dp/B07L8JW9MP","https://m.media-amazon.com/images/I/51AzCpafPHL._SX450_.jpg","B07L8JW9MP","Swarovski Optik TAs-SLC Tripod Adapter for SLC Binoculars","Swarovski Optik","FBM","Sports & Outdoors",289643,708026491900,"N/A",0708026491900,"N/A","Night Vision Binoculars & Goggles",173,189,-9,4,4,-72,805.54,805.46,23,4.2,"EuroOptic (✅ Authorized Dealer ✅ Fastest Shipping)","USA",7,93,-52,"Large Standard-Size",16.08,14,2.35,0.42,"N/A","N/A","09/30/2024",87,3,0,0.19
"https://amazon.com/dp/B0DRNTCMXS","https://m.media-amazon.com/images/I/611uyXbGFfL._SX450_.jpg","B0DRNTCMXS","okyass Dovetail Mount NVG Interface Shoe Adapter for PVS-7/14 Night Vision Bridge Mount","okyass","FBA","Sports & Outdoors",289758,"N/A","N/A","N/A","N/A","Night Vision Binoculars & Goggles",165,36.99,-15,1,1,-110,22.63,22.62,1,3,"HuangJinKu","China",2,0,"N/A","Large Standard-Size",2.7,2.3,1.5,0.08,4.69,12.94,"12/31/2025",15,7,0,0.61
"https://amazon.com/dp/B0F7W779B2","https://m.media-amazon.com/images/I/71-bniGFrtL._SX450_.jpg","B0F7W779B2","Night Vision Goggles, 4K Color Night Vision Binoculars for Adults with 4.5"" HD Display, 8X Digital Zoom & 7-Level Infrared, 4500mAh Rechargeable Battery, 1300ft Range, 32GB TF Card for Camping Hunting","VOTJPYS","FBA","Sports & Outdoors",290246,"N/A","N/A","N/A","N/A","Night Vision Binoculars & Goggles",162,73.99,-32,9,7,214,839.79,516.2,11,4.7,"VOTJPYS","China",1,0,"N/A","Large Standard-Size",3.11,6.34,7.8,1.59,77.43,213.61,"09/30/2025",10,7,2,0.86
"https://amazon.com/dp/B0D25HCJ35","https://m.media-amazon.com/images/I/61wL7aYR0QL._SX450_.jpg","B0D25HCJ35","NVG Mount Dual J ARM Dovetail Mount for PVS 14 Night Vision Binoculars/Monoculars Adjustable Adapter POM- High Strength Plastic","YSS","FBA","Sports & Outdoors",290897,797999632571,"N/A",0797999632571,"N/A","Night Vision Binoculars & Goggles",166,30.99,-16,18,18,372,559.32,559.01,7,4.1,"YSSCORP","China",1,179,"N/A","Large Standard-Size",4.2,3.18,2.04,0.29,13.72,37.84,"10/31/2025",23,9,0,2.58
"https://amazon.com/dp/B0D3Z8LV1Y","https://m.media-amazon.com/images/I/61mK8ZqB-QL._SX450_.jpg","B0D3Z8LV1Y","TOP NVG NVGRA-14 Night Vision Goggle Recording Adapter (NVGRA)","TOP NVG","FBA","Sports & Outdoors",291979,"N/A","N/A","N/A","N/A","Night Vision Binoculars & Goggles",177,150,"N/A",3,3,,471.5,471.47,1,5,"Total Overwatch Productions","USA",1,44,"N/A","Large Standard-Size",2,2,3,0.5,6.04,16.67,"12/31/2024",22,5,0,3.15
"https://amazon.com/dp/B09RZS74XM","https://m.media-amazon.com/images/I/51cLsRVhSxL._SX450_.jpg","B09RZS74XM","Clip On Night Vision Scope – 1080P Digital Infrared Attachment for Rifle Scopes, 850nm & 940nm IR, 3X-10.5X Zoom, Clip-on Day/Night Optics for Wildlife Observation & Hunting, 350m Range","OWLNV","FBA","Sports & Outdoors",292256,"N/A","N/A","N/A","N/A","Night Vision Monoculars",53,199.98,-26,6,6,,1300.99,1430.85,43,3.8,"Owlnv","China",1,111,-52,"Large Standard-Size",3.07,5.51,6.73,1.5,57.37,158.27,"11/30/2024",42,9,0,0.13
"https://amazon.com/dp/B0G1S9W9DF","https://m.media-amazon.com/images/I/41DQgdzAFjL._SX450_.jpg","B0G1S9W9DF","Night Vision Goggles with Dual Infrared, 50mm Long-Range Digital Night Vision Device, Built-in Flashlight, Handheld/Head-Mounted/Tripod Compatible for Hunting, Camping & Night Patrol (No SD Card)","AYAYI","FBA","Sports & Outdoors",293821,"N/A","N/A","N/A","N/A","Night Vision Binoculars & Goggles",170,46.8,-75,12,8,,619.82,384.79,17,3.9,"AYAYI","China",1,0,"N/A","Large Standard-Size",3.62,7.8,8.54,1.15,121.4,334.91,"12/31/2025",4,9,2,0.68
"https://amazon.com/dp/B0DQ5LT7TG","https://m.media-amazon.com/images/I/71eTKGKMyGL._SX450_.jpg","B0DQ5LT7TG","4K Night Vision Binoculars for Adults,Night Vision Goggles for Helmet(1312FT),8X Digital Zoom,7-Level Infrared Adjustment for Camping,32GB Card for Videos","BESTECCT","FBA","Sports & Outdoors",294964,"N/A","N/A","N/A","N/A","Night Vision Binoculars & Goggles",172,95.99,-45,5,1,40,301.6,123.01,29,4.1,"Bestecct Direct","China",1,0,"N/A","Large Standard-Size",3.98,6.65,9.84,2.31,131.12,361.72,"11/30/2025",14,7,3,0.17
"https://amazon.com/dp/B0D2CY72Z4","https://m.media-amazon.com/images/I/61Qq9WmH4TL._SX450_.jpg","B0D2CY72Z4","NVG Mount Night Vision Goggles Mount Metal Helmet Mounted Modular Interface Dovetail Horn for PVS14/PVS18/PVS15/PVS7","YSS","FBA","Sports & Outdoors",296576,797999632649,"N/A",0797999632649,"N/A","Night Vision Binoculars & Goggles",180,79.99,-6,10,10,-47,793.42,793.2,5,4.7,"YSSCORP","China",1,132,"N/A","Large Standard-Size",4.99,3.65,2.63,0.64,24.12,66.53,"11/30/2025",23,9,0,2.08
"https://amazon.com/dp/B0F7WHD1K3","https://m.media-amazon.com/images/I/71jR+Vlv9VL._SX450_.jpg","B0F7WHD1K3","Night Vision Goggles Head Mounted for Adults, 1312FT Rechargeable Infrared Digital Binoculars, 2.7""Large Screen, 8X Digital Zoom, 7-Level Infrared, Night-Vision Goggles with 32GB TF Card, Head Strap","VOTJPYS","FBA","Sports & Outdoors",296699,"N/A","N/A","N/A","N/A","Night Vision Binoculars & Goggles",171,129.99,-40,9,2,214,839.79,323.27,11,4.7,"VOTJPYS","China",1,0,"N/A","Large Standard-Size",3.94,6.77,9.76,2.31,131.07,361.58,"09/30/2025",10,7,2,0.86
"https://amazon.com/dp/B0D7GZGW3L","https://m.media-amazon.com/images/I/61q7-O8QFQL._SX450_.jpg","B0D7GZGW3L","PAERKU PVS14 j-arm Night Vision Mount,Plastic J-Arm Night Vision NVG Mount Helmet Adapter for Night Vision pvs14 Supports Right Eye","PAERKU","FBA","Sports & Outdoors",297632,"N/A","N/A","N/A","N/A","Night Vision Binoculars & Goggles",172,49.99,-28,3,3,-72,85.15,85.04,"N/A","N/A","PAERKU","China",1,16,"N/A","Large Standard-Size",1.65,2.48,5.67,0.64,11.68,32.22,"12/31/2025",21,8,0,"N/A"
"https://amazon.com/dp/B01JT5FDR6","https://m.media-amazon.com/images/I/31qfc8aKPZL._SX450_.jpg","B01JT5FDR6","Single Battery Cap Assembly for PVS-14 Night Vision Monocular","KDSG","FBM","Sports & Outdoors",297810,762758099452,"N/A",0762758099452,"N/A","Night Vision Monoculars",53,39.99,-11,3,3,-109,108.7,108.61,10,4.8,"KD Sporting Group","USA",1,32,-40,"Small Standard-Size",0.71,2.28,5.31,0.01,"N/A","N/A","10/31/2024",115,1,0,0.27
"https://amazon.com/dp/B0DKJKWY24","https://m.media-amazon.com/images/I/71-ADB2MBRL._SX450_.jpg","B0DKJKWY24","Night Vision Monocular with Full-Color, Digital Night Vision with 1500M Range with 850NM IR, 10X Digital Zoom, 7-Layer Coated Lens, 64GB TF Card, 5H Battery, IPX4 Waterproof for Outdoor Surveillance","EQUEEN","FBA","Sports & Outdoors",297813,"N/A","N/A","N/A","N/A","Night Vision Monoculars",51,95.99,17,3,3,-89,186.57,186.5,25,4,"Ruiyiya","China",1,215,"N/A","Large Standard-Size",3.03,4.92,6.93,0.93,52.01,143.49,"01/31/2025",17,7,0,0.11
"https://amazon.com/dp/B0FDW2RLBC","https://m.media-amazon.com/images/I/71jXJb3z0xL._SX450_.jpg","B0FDW2RLBC","Head-Mounted Night Vision Goggles for Adults, Dual Screen Viewing 4K Video 48MP Photo Taking, 8X Digital Zoom, Military Night Vision Binoculars 1968FT Viewing Range, with 64GB Card","Poalid","FBA","Sports & Outdoors",298005,"N/A","N/A",9456376523833,"N/A","Night Vision Binoculars & Goggles",173,150.99,-49,10,10,3000,1507.85,1507.73,2,4.2,"Poalid","China",1,0,"N/A","Large Standard-Size",4.57,10.04,12.05,2.4,278.36,767.9,"11/30/2025",9,9,2,4.99
"https://amazon.com/dp/B0CY1PWFZZ","https://m.media-amazon.com/images/I/31qrdm8j6OL._SX450_.jpg","B0CY1PWFZZ","Metal L4 G24 breakway Mount fit for Night Vision PVS-18 and Double Dovetail Helmet Mount for Hunting/Outdoors","CANIS SPORT INC","FBA","Sports & Outdoors",298883,714855164083,"N/A",0714855164083,"N/A","Night Vision Binoculars & Goggles",178,180.99,-5,3,3,-88,527.26,527.19,8,3.5,"CANIS SPORT INC","China",5,93,"N/A","Large Standard-Size",6.7,4.13,2.76,0.88,38.45,106.07,"10/31/2025",24,8,0,0.37
"https://amazon.com/dp/B01N14056A","https://m.media-amazon.com/images/I/71tdSjFcK2L._SX450_.jpg","B01N14056A","Superior Tactical White Phosphor PVS-14 Gen 2+","Superior Tactical","FBM","Sports & Outdoors",301818,"N/A","N/A","N/A","N/A","Night Vision Monoculars",55,2499,"N/A",5,5,,11901.56,11901.53,1,5,"superiortac","USA",1,5,400,"N/A","N/A","N/A","N/A","N/A","N/A","N/A","02/28/2026",110,2,0,4.77
"https://amazon.com/dp/B0CKWR3D4G","https://m.media-amazon.com/images/I/51U9lsKEO7L._SX450_.jpg","B0CKWR3D4G","SiOnyx Nightwave Analog Camera, Rugged Ultra-Low Light Night Vision Marine Camera, Flexible Connectivity, Temporary and Permanent Mounting Options, DIY Installation, Black","SiOnyx","FBA","Sports & Outdoors",306528,811251020248,"N/A",0811251020248,"N/A","Night Vision",246,1994.99,-8,11,6,-45,21013.33,11877.65,44,4.2,"SiOnyx","USA",2,386,-25,"Large Standard-Size",7,9,9,3.85,285.47,787.5,"04/30/2024",30,6,3,0.25
"https://amazon.com/dp/B09ZYDBR1L","https://m.media-amazon.com/images/I/51i7BWrrK6L._SX450_.jpg","B09ZYDBR1L","FMA Tactical AVS9 Helmet Night Vision Goggle NVG Battery Box Case with Wire Functional Version","FMA","FBM","Sports & Outdoors",310143,753165666672,"N/A",0753165666672,"N/A","Night Vision Binoculars & Goggles",176,38.97,112,6,6,,252.75,252.66,7,3.6,"zhao66277","China",1,24,-64,"N/A","N/A","N/A","N/A","N/A","N/A","N/A","07/31/2024",46,9,0,0.93
"https://amazon.com/dp/B0CQ29RYD1","https://m.media-amazon.com/images/I/61MgDLtwvdL._SX450_.jpg","B0CQ29RYD1","YSS Compact and Sturdy Night Vision Device Anti-Lost Lanyard Suitable for Three-Hole Bracket","YSS","FBA","Sports & Outdoors",316795,714855164045,"N/A",0714855164045,"N/A","Night Vision Binoculars & Goggles",189,21.99,54,4,4,18,95.45,95.28,9,3.4,"YSSCORP","China",1,92,300,"Large Standard-Size",2,2,2,0.06,4.03,11.11,"05/31/2025",27,7,0,0.49
"https://amazon.com/dp/B089BXXMMM","https://m.media-amazon.com/images/I/7182CHuN1QL._SX450_.jpg","B089BXXMMM","8"" 4-Pin ANVIS/LEMO to Fischer/BNVD Right Angle Power Cable for NVG Night Vision Systems","The Mercenary Company","FBA","Sports & Outdoors",316875,804084809951,"N/A",0804084809951,"N/A","Night Vision Monoculars",61,124.99,-9,0,0,,"-","-",3,5,"The Mercenary Company","USA",1,2,-80,"Small Standard-Size",0.51,5.83,7.44,0.09,11.17,30.82,"05/31/2024",88,1,0,0.05
"https://amazon.com/dp/B07YCYMWTJ","https://m.media-amazon.com/images/I/51cng2s2XcL._SX450_.jpg","B07YCYMWTJ","AGM PVS-14 AUTO-GATED Night Vision MONOCULAR GEN 3 Level 2","AGM Global Vision","FBM","Sports & Outdoors",318989,810027770257,"N/A",0810027770257,"N/A","Night Vision Monoculars",62,3759.99,-23,0,0,-100,"-","-",5,4,"EuroOptic (✅ Authorized Dealer ✅ Fastest Shipping)","USA",1,1,-50,"Large bulky",10,10,10,10,"N/A","N/A","08/31/2024",78,9,0,0
"https://amazon.com/dp/B0F4PHWT3C","https://m.media-amazon.com/images/I/61tI2x9xQTL._SX450_.jpg","B0F4PHWT3C","4k HD Night Vision Goggles,Compound Bow Sights Digital Crosshair Monocular Bow Sight for Observing Animals at Night Ideal for Hiking & Camping","FAVXD","FBA","Sports & Outdoors",319739,"N/A","N/A","N/A","N/A","Night Vision Monoculars",59,99.99,-15,3,3,-9,319.57,319.48,3,4.3,"DONGFANGXINGCHEN","China",1,0,"N/A","Large Standard-Size",2.8,5.3,7.87,1,58.8,162.21,"12/31/2025",7,9,0,1.07
"https://amazon.com/dp/B08Z3JZWV9","https://m.media-amazon.com/images/I/81dOPWk4HUL._SX450_.jpg","B08Z3JZWV9","CREATIVE XP Pro Night Vision Binoculars - Digital Infrared, 4"" Screen, 2X Zoom - Essential Deer Hunting Accessories, Tactical Gear, Security Goggles, Military Grade - 32GB Card, Neck Strap, Case","CREATIVE XP","FBA","Sports & Outdoors",322057,804859993649,"N/A",0804859993649,"N/A","Night Vision Binoculars & Goggles",194,82.64,-21,8,8,-65,664.32,664.12,282,4,"Marpesia Co","USA",1,0,"N/A","Large Standard-Size",3.66,8.15,10.87,2.91,163.25,450.34,"12/31/2025",64,6,0,0.03
"https://amazon.com/dp/B0FHW43QZL","https://m.media-amazon.com/images/I/71E6ka9QhhL._SX450_.jpg","B0FHW43QZL","Teslong Night Vision Goggles for Adults, Night Vision Binoculars Starlight Full Color, Infrared Goggles w/ 3'' Screen, 10X Digital Zoom, 492FT Range, 5000mAh Battery NVG","Teslong","FBA","Sports & Outdoors",322712,"N/A","N/A","N/A","N/A","Night Vision Binoculars & Goggles",181,89.99,-3,29,29,36,2647.94,2647.53,32,3.8,"Teslong","China",1,0,"N/A","Large Standard-Size",3.46,8.07,10.67,1.92,150,413.79,"01/31/2026",8,8,0,0.92
"https://amazon.com/dp/B0D9BLJKR8","https://m.media-amazon.com/images/I/51Z5xz0jDjL._SX450_.jpg","B0D9BLJKR8","DUCO Night Vision Glasses for Men Women Chic Metal Polygon Frame, Anti-Glare, UV400 Protection, Yellow Polarized Lens 309Y (Black Gold Frame Night Vision Lens)","DUCO","FBA","Sports & Outdoors",328382,"N/A","N/A","N/A","N/A","Night Vision Binoculars & Goggles",181,17.98,-34,7,3,-42,126.85,56.89,13,4.8,"Duco Glasses Co., Ltd.","China",1,136,"N/A","Large Standard-Size",1.85,2.91,6.81,0.18,18.46,50.92,"01/31/2026",20,7,3,0.51
"https://amazon.com/dp/B0BX2G16DK","https://m.media-amazon.com/images/I/41zssINqdkL._SX450_.jpg","B0BX2G16DK","AILNJUC Head-Mounted Night Vision Goggles - Hands Free Rechargeable 1312FT Digital Infrared Night Vision Binoculars for Adults,8xDigital Zoom,Compatible with Fast MICH Helmet,Military Tactical Hunting","AILNJUC","FBA","Sports & Outdoors",328595,748521914733,"N/A",0748521914733,"N/A","Night Vision Binoculars & Goggles",184,129.99,-34,47,15,-106,8383.95,2637.04,167,4.2,"Ymanm","China",1,784,"N/A","Large Standard-Size",4.02,6.85,9.88,2.31,136.98,377.87,"11/30/2024",37,6,0,0.21
"https://amazon.com/dp/B002Q6UG3W","https://m.media-amazon.com/images/I/81P5qK-DXtL._SX450_.jpg","B002Q6UG3W","Pulsar Battery Pack LPS 7i","Pulsar","Amazon","Sports & Outdoors",328747,810119012326,00810119012326,0810119012326,"N/A","Night Vision Monoculars",65,129.97,-16,15,15,-95,1990.68,1990.56,7,4.4,"Amazon","N/A",7,355,"N/A","Large Standard-Size",2.01,3.74,8.5,0.4,"N/A","N/A","09/30/2025",198,6,0,2.18
"https://amazon.com/dp/B001DZQTNS","https://m.media-amazon.com/images/I/712okLXEjbL._SX450_.jpg","B001DZQTNS","Brunton Lite Tech Monocular","Brunton","FBM","Sports & Outdoors",330228,732773464085,"N/A",0732773464085,"N/A","Night Vision Monoculars",62,39.33,-46,0,0,-75,"-","-",63,2.9,"Sparkfish","USA",4,13,-54,"Large Standard-Size",5.5,6,2.4,0.25,"N/A","N/A","04/30/2024",258,7,0,0
"https://amazon.com/dp/B0BS1C374Y","https://m.media-amazon.com/images/I/51Wfvjf0Q9L._SX450_.jpg","B0BS1C374Y","PARD Night Vision Monocular, Night Vision Goggles with Rangefinder, Clip-on Scope for Night Watching or Obervation, Night Viewing Range up to 350m, HD Photos & Videos, NV007SPLRF-940nm","Pard","FBA","Sports & Outdoors",331362,850042449837,"N/A",0850042449837,"N/A","Night Vision Monoculars",63,787.79,"N/A",8,3,-36,5554.9,2135.52,62,4.2,"PARD","China",1,102,-23,"Large Standard-Size",3.11,5.24,6.54,1.52,53.59,147.83,"10/31/2024",38,8,2,0.14
"https://amazon.com/dp/B0FNQMHG35","https://m.media-amazon.com/images/I/61lTJHOktxL._SX450_.jpg","B0FNQMHG35","3D VR Night Vision Goggles - Night Vision Binoculars for Adults with Electronic Compass, Rechargeable Binoculars Dual-Lens Diopter Adjustment for Outdoor Enthusiasts and Animal Watchers","GOWWPUN","FBA","Sports & Outdoors",332493,709345088918,"N/A",0709345088918,"N/A","Night Vision Monoculars",60,75.99,-3,1,1,-125,183.59,183.53,6,4,"Gwokpung","China",1,0,"N/A","Large Standard-Size",4.8,7.87,10.04,2.6,190.95,526.77,"08/31/2025",7,6,0,0.15
"https://amazon.com/dp/B0DFY5V6BD","https://m.media-amazon.com/images/I/61CmJphrbmL._SX450_.jpg","B0DFY5V6BD","Cosplay & Airsoft Prop: GPNVG 18 Dummy Night Vision Goggles, Non-Functional 4-Tube Binocular Model with Helmet Mount (Black)","LKJUYGE","FBA","Sports & Outdoors",333392,"N/A","N/A","N/A","N/A","Night Vision Binoculars & Goggles",189,55.99,-9,10,6,89,574.89,309.8,6,3.5,"LKJUYGE SHOP","China",1,104,"N/A","Large Standard-Size",9,5.5,3.9,1.25,97.2,268.13,"11/30/2025",18,8,4,1.71
"https://amazon.com/dp/B0D5HX54MZ","https://m.media-amazon.com/images/I/71pc-G+tUYL._SX450_.jpg","B0D5HX54MZ","WISHBETY 4K Night Vision Goggles for Adults,16X Zoom Night Vision Binoculars with 1000FT Infrared Range,5000mAh Rechargeable Battery,3.5"" Screen,Include 32GB Card,Gift for Mens and Outdoor Enthusiasts","WISHBETY","FBA","Sports & Outdoors",338034,797422563984,"N/A",0797422563984,"N/A","Night Vision Binoculars & Goggles",193,79.99,-18,36,18,-140,2849.19,1440.55,84,4.3,"XinYi-US","China",1,0,"N/A","Large Standard-Size",3.43,7.09,8.66,2.03,106.03,292.5,"11/30/2025",20,8,3,0.42
"https://amazon.com/dp/B0D5LQ47GN","https://m.media-amazon.com/images/I/71U12EcMZrL._SX450_.jpg","B0D5LQ47GN","WISHBETY Night Vision Goggles,4K Night Vision Binoculars for Adults,3.5 Inch Screen,9 Levels IR Mode and 10X Digital Zoom for Outdoor Enthusiasts and Animal Watchers,32GB TF Card for Photos and Videos","WISHBETY","FBA","Sports & Outdoors",338119,797422563977,"N/A",0797422563977,"N/A","Night Vision Binoculars & Goggles",194,99.99,-42,2,2,-73,199.98,199.94,163,4.2,"Jiuruihui","China",1,99,"N/A","Large Standard-Size",3.31,7.09,8.7,1.96,102.79,283.57,"08/31/2025",20,8,0,0.01
"https://amazon.com/dp/B0GSSPRXP1","https://m.media-amazon.com/images/I/51xlO11r1zL._SX450_.jpg","B0GSSPRXP1","Guide TD633, Thermal Monocular 35mm 640x512 Thermal Imaging Monocular, 1950yd Detection Range, 2X Base Mag, 8X Zoom, Ideal for Night Hunting, 10 Year Warranty","Guide Sensmart","-","Sports & Outdoors",339128,"N/A","N/A",6970883552047,"N/A","Night Vision Monoculars",62,1799,"N/A",0,0,,"-","-","N/A","N/A",,"N/A",1,0,"N/A","N/A","N/A","N/A","N/A","N/A","N/A","N/A","-",0,"N/A",0,"N/A"
"https://amazon.com/dp/B0F62D8S7V","https://m.media-amazon.com/images/I/81pYzoI4AHL._SX450_.jpg","B0F62D8S7V","4K Night Vision Goggles, 1315 FT Night Vision Binoculars for Adults, Infrared Goggles for Hunter 8X Digital Zoom with 32GB TF Card for Photos and Videos, Ideal for Outdoor Camping Observation","GinoCaco","FBA","Sports & Outdoors",339728,797465742988,"N/A",0797465742988,"N/A","Night Vision Binoculars & Goggles",193,38.99,-11,4,4,-126,148.77,148.69,14,4.1,"GinoCaco Direct","China",1,0,"N/A","Large Standard-Size",4.02,6.26,7.48,1.34,94.77,261.44,"11/30/2025",11,9,0,0.27
"https://amazon.com/dp/B0DCZ2TCZ7","https://m.media-amazon.com/images/I/71FHEdy0M7L._SX450_.jpg","B0DCZ2TCZ7","VIRTUAL HAVEN Upgraded Pro Night Vision Binoculars - Ultra 4K Night Vision Goggle with 8X Digital Zoom, 3.2"" Screen Display, 32GB SD Card – See Clearly in Total Darkness","Virtual Haven","FBA","Sports & Outdoors",343960,726872060606,"N/A",0726872060606,"N/A","Night Vision Binoculars & Goggles",192,109.99,-18,9,9,62,1033.53,1033.33,43,4.2,"Virtual Haven LLC","USA",2,203,"N/A","Large Standard-Size",2.52,6.3,7.56,1.23,60.43,166.7,"10/31/2024",19,8,0,0.22
"https://amazon.com/dp/B0D8SB24WM","https://m.media-amazon.com/images/I/71kI2OfBzTL._SX450_.jpg","B0D8SB24WM","BINOCK Night Vision Goggles, 4K Night Vision Binoculars for Adult, 3D Naked-Eye Display Infrared NVG for Helmet with 7 Level Brightness Adjustment, Waterproof","BINOCK","FBA","Sports & Outdoors",345311,"N/A","N/A","N/A","N/A","Night Vision Binoculars & Goggles",196,158.98,-22,17,17,36,2754.37,2754.06,17,4.2,"BINOCK Official Store","China",1,127,"N/A","Large Standard-Size",3.86,7.87,10.24,2.69,156.62,432.05,"07/31/2024",20,8,0,1.02
"https://amazon.com/dp/B0DFY4RYY5","https://m.media-amazon.com/images/I/619Uo3vYfML._SX450_.jpg","B0DFY4RYY5","Cosplay & Airsoft Prop: GPNVG 18 Dummy Night Vision Goggles, Non-Functional 4-Tube Binocular Model with Helmet Mount (Tan)","LKJUYGE","FBA","Sports & Outdoors",345450,"N/A","N/A","N/A","N/A","Night Vision Binoculars & Goggles",207,55.99,-21,9,4,29,511.85,207.28,6,3.5,"LKJUYGE SHOP","China",1,103,"N/A","Large Standard-Size",3.54,5.5,9,1.26,88.22,243.38,"11/30/2025",18,8,4,1.52
"https://amazon.com/dp/B0CVWXJP3K","https://m.media-amazon.com/images/I/41onyr+GvGL._SX450_.jpg","B0CVWXJP3K","Night Vision Goggles, 4K Night Vision Binoculars for Adults, Rechargeable Digital Infrared 10X Digital Zoom with 3'' Large Screen, 32GB TF Card for Photos and Videos","Profey","FBA","Sports & Outdoors",348505,717225508661,"N/A",0717225508661,"N/A","Night Vision Binoculars & Goggles",203,54.99,-26,3,1,-91,147.59,69.51,376,4.2,"Profey Tech","China",1,0,"N/A","Large Standard-Size",2.91,5.75,7.28,0.97,61.33,169.18,"11/30/2025",20,7,3,0.01
"https://amazon.com/dp/B0B9XYPWSD","https://m.media-amazon.com/images/I/71M5zfSyn2L._SX450_.jpg","B0B9XYPWSD","Night Vision Goggles, Profey 4K Digital Infrared Night Vision Binoculars for Adults, Night and Day, 3'' Screen Rechargeable Hunting Night Vision with 7-Brightness Level, Include 32GB TF Card","Profey","FBA","Sports & Outdoors",348505,771077546066,"N/A",0771077546066,"N/A","Night Vision Binoculars & Goggles",203,59.99,-25,3,0,-91,147.59,"-",376,4.2,"Profey Tech","China",1,0,"N/A","Large Standard-Size",2.91,5.59,7.28,1.01,59.62,164.48,"11/30/2025",43,7,3,0.01
"https://amazon.com/dp/B0FR4FL6T1","https://m.media-amazon.com/images/I/711VRIA-SqL._SX450_.jpg","B0FR4FL6T1","Night Vision Goggles, 4K Night Vision Binoculars for Adults with 5000mAh Battery, Upgraded 16X Zoom 9X Infrared Binoculars with 64GB Card for Photo & Video,Ideal for Camping Wildlife Observation","JUOIFIP","FBA","Sports & Outdoors",351206,"N/A","N/A","N/A","N/A","Night Vision Binoculars & Goggles",202,65.99,-21,26,26,-79,1723.01,1722.64,16,4.6,"AutumnShop","China",1,0,"N/A","Large Standard-Size",3.07,6.3,7.52,1.7,73.23,202.01,"11/30/2025",4,8,0,1.63
"https://amazon.com/dp/B07YCXCTCP","https://m.media-amazon.com/images/I/61+8S0-uwWL._SX450_.jpg","B07YCXCTCP","AGM Global Vision Night Vision Monocular PVS-14 NL1 Gen 2 NVG military grade monocular for adults, for hunting. High powered digital tactical survival gear nightvision nv monocular for helmet, headset","AGM Global Vision","Amazon","Sports & Outdoors",354258,810027770226,"N/A",0810027770226,"N/A","Night Vision Monoculars",68,2545.75,-1,4,4,-51,11907.41,11907.3,38,4.2,"Amazon","N/A",4,176,-28,"Large Standard-Size",4.57,7.24,12.71,2.38,"N/A","N/A","10/31/2024",78,9,1,0.11
"https://amazon.com/dp/B0F6YRSSW6","https://m.media-amazon.com/images/I/61ZXyjtR8rL._SX450_.jpg","B0F6YRSSW6","Hunting Night Vision Scope, Infrared Monocular, Night Sight with Zoomable Built-in IR Flashlight and 1.2inch AMOLED Screen, Adjustable Reticle and x5 Digital Magnification (Without Battery)","NightCrystal","FBA","Sports & Outdoors",355065,663992638370,"N/A",0663992638370,"N/A","Night Vision Monoculars",67,99,-3,3,3,-25,337.21,337.14,"N/A","N/A","NightCrystal Store","China",1,0,"N/A","Large Standard-Size",7.5,3.5,2.8,1.8,37.01,102.08,"01/31/2026",10,3,0,"N/A"
"https://amazon.com/dp/B0BRJ6WPDD","https://m.media-amazon.com/images/I/21y3y5FxXlL._SX450_.jpg","B0BRJ6WPDD","SOXICK Night Vision Glasses for Driving, Night Driving Glasses for Men, Polarized Sunglasses Anti-Glare Sunglasses (Yellow)","SOXICK","FBA","Sports & Outdoors",355932,797434722737,"N/A",0797434722737,"N/A","Night Vision Binoculars & Goggles",208,38.88,173,4,0,50,137.81,"-",6,4.2,"HURhome","China",1,53,-22,"Large Standard-Size",6.61,2.51,2.28,0.37,19.05,52.54,"11/30/2024",38,7,5,0.59
"https://amazon.com/dp/B0DKFKLNV9","https://m.media-amazon.com/images/I/61nfyLIkGIL._SX450_.jpg","B0DKFKLNV9","BINOCK NVG40 Pro WiFi Night Vision Goggles for Adults, Helmet Mounted OLED Large Circular Screen Night Vision Monocular, Dual IR 850nm 940nm 4K Video Shockproof NVG Goggles for Camping Hunting","BINOCK","FBA","Sports & Outdoors",355997,"N/A","N/A","N/A","N/A","Night Vision Monoculars",69,219.99,-18,1,1,-100,116.07,116.03,1,4,"BINOCK Official Store","China",1,26,"N/A","Large Standard-Size",5.31,3.15,7.87,1.1,66.36,183.07,"11/30/2024",20,7,0,0.54
"https://amazon.com/dp/B0CKYMVYTK","https://m.media-amazon.com/images/I/71OZW-5frzL._SX450_.jpg","B0CKYMVYTK","Sheawasy Night Vision Monocular, 1080p Infrared Monocular for 100% Darkness, 32GB Included, Travel, Camping, Hunting, Surveillance","Sheawasy","FBA","Sports & Outdoors",358025,"N/A","N/A","N/A","N/A","Night Vision Monoculars",69,39.99,-59,12,12,-92,463.06,462.96,111,4,"Sheawasy","China",1,312,-57,"Large Standard-Size",3.07,3.31,6.42,0.6,32.85,90.61,"10/31/2024",29,8,0,0.1
"https://amazon.com/dp/B0F5B9BDTX","https://m.media-amazon.com/images/I/61cRiGpq5zL._SX450_.jpg","B0F5B9BDTX","Aileway NVG Mount for PVS14/PVS15/PVS18 L4G24 CNC Mounts Metal Aluminum Adjustable Night Vision Goggles NVG Helmet Front Bracket Mount for Hunting/Game (Black)","Aileway","FBA","Sports & Outdoors",361124,"N/A","N/A","N/A","N/A","Night Vision Binoculars & Goggles",206,69.99,-38,6,1,-47,342.53,104.04,11,3.8,"AilewayDirect","Hong Kong",1,0,"N/A","Large Standard-Size",2.52,3.62,4.88,0.55,22.41,61.83,"07/31/2025",10,8,2,0.5
"https://amazon.com/dp/B0F5BDD9BC","https://m.media-amazon.com/images/I/61JRMzsQfsL._SX450_.jpg","B0F5BDD9BC","Aileway NVG PVS14 Mount for PVS14/15/18 Night Vision Goggles Adjustable L4G24 CNC Mounts Metal Aluminum NVG Helmet Front Bracket Mount for Hunting/Game - Sand","Aileway","FBA","Sports & Outdoors",361442,"N/A","N/A","N/A","N/A","Night Vision Binoculars & Goggles",204,58.99,-46,6,4,-47,342.53,238.31,11,3.8,"AilewayDirect","Hong Kong",1,0,"N/A","Large Standard-Size",2.52,3.54,4.88,0.55,21.92,60.46,"07/31/2025",10,8,2,0.5
"https://amazon.com/dp/B0FMXCL7F2","https://m.media-amazon.com/images/I/61bHjk7Q6CL._SX450_.jpg","B0FMXCL7F2","NVG Mount for L4G24 Metal Helmet Mount PVS15/18 Night Vision Goggles Mount","GJOYNY","FBA","Sports & Outdoors",363061,"N/A","N/A","N/A","N/A","Night Vision Binoculars & Goggles",205,89.99,-44,4,4,25,383.96,383.86,"N/A","N/A","GJOYNY-US","China",1,0,"N/A","Large Standard-Size",4.92,3.74,2.56,0.73,23.71,65.42,"02/28/2026",6,7,0,"N/A"
"https://amazon.com/dp/B0DDWWCGNM","https://m.media-amazon.com/images/I/51lxrn+iaCL._SX450_.jpg","B0DDWWCGNM","Day and Night Vision Binoculars for Kids, Toddler IR Googles,Birthday Gifts for Toddler Boys 6-12 Years, Digital Night Vision Goggles for Kids, Binoculars 8-12 Years","LONGNECK","FBA","Sports & Outdoors",364319,198715175882,"N/A",0198715175882,"N/A","Night Vision Binoculars & Goggles",216,34.77,-31,11,11,-38,367.37,367.26,11,4.6,"LONGNECK","USA",1,288,"N/A","Large Standard-Size",3.23,4.72,5.2,0.77,39.91,110.11,"11/30/2024",19,8,0,0.96
"https://amazon.com/dp/B0CNCVMPMZ","https://m.media-amazon.com/images/I/61xbaZrVDjL._SX450_.jpg","B0CNCVMPMZ","Aetheria Night Vision Goggles with Night Vision Mount for PVS15/PVS18/GPNVG18, Four-Tube Binocular Night Vision Cosplay Prop-Tan, Non-Functioning","Aetheria","FBM","Sports & Outdoors",365492,"N/A","N/A",7796003401038,"N/A","Night Vision Binoculars & Goggles",218,54.99,-5,2,2,-98,125.91,92.86,77,3.8,"ZhangLindezuimeixiaodian","China",1,218,-84,"Large Standard-Size",6.02,3.94,12.6,1.32,"N/A","N/A","09/30/2024",28,9,2,0.03
"https://amazon.com/dp/B0FMXCY2NP","https://m.media-amazon.com/images/I/61psSOnIvfL._SX450_.jpg","B0FMXCY2NP","Full-Color Night Vision Binoculars for Adults with 3.2"" Screen, 4K Night Vision Goggles with 8X Digital Zoom, Long-Range IR, Rechargeable Battery, for Wildlife Observation, Camping & Home Security","ZIMOCE","FBA","Sports & Outdoors",366009,"N/A","N/A","N/A","N/A","Night Vision Binoculars & Goggles",213,89.89,-31,3,3,-30,227.52,227.43,30,4.2,"LKBRVV","China",1,0,"N/A","Large Standard-Size",3.7,7.91,10.31,2.76,151.92,419.09,"12/31/2025",7,8,4,0.08
"https://amazon.com/dp/B09PYLC92Q","https://m.media-amazon.com/images/I/6140oCZsMPL._SX450_.jpg","B09PYLC92Q","Aviator Night-Vision Glasses for Men Women Clear Sight Night Time Safe Driving Glasses Spring Hinge Anti-Glare Polarized Yellow Lens Al-Mg Metal Frame Pilot Eyewear UV400 Protection Classic Sunglasses","Vepiant","FBA","Sports & Outdoors",367193,"N/A","N/A","N/A","N/A","Night Vision Binoculars & Goggles",220,25.98,-67,1,1,-69,14.16,14.15,31,3.8,"Shenzhen Lanchenxi Trading Co., Ltd","China",1,59,26,"Large Standard-Size",1.73,2.72,6.69,0.18,15.85,43.72,"01/31/2025",50,9,2,0.03
"https://amazon.com/dp/B0B82N6D7X","https://m.media-amazon.com/images/I/51sjgeUuxmL._SX450_.jpg","B0B82N6D7X","PARD Night Vision Adapter-48mm, Fit for NV007V / NV007A / NV007V2","Pard","FBA","Sports & Outdoors",367632,"N/A","N/A","N/A","N/A","Night Vision Binoculars & Goggles",216,20,-29,3,3,283,56.29,56.24,1,5,"PARD","China",1,13,8,"Large Standard-Size",3.25,2.5,2.5,0.2,10.23,28.21,"01/31/2026",44,3,0,2.82
"https://amazon.com/dp/B0DCWT2N81","https://m.media-amazon.com/images/I/61M-WNW6UqL._SX450_.jpg","B0DCWT2N81","WILDGAMEPLUS NVG30 Wide Angle Optical Lens Kit, Aluminum 50° FoV Wide Angle Lens for NVG30 /NVG50 Night Vision Goggles,Protect Box/Lens Cap/Cloth Pocket/Cleaning Cloth/Manual Included WG-NVG30LS","WILDGAMEPLUS","FBA","Sports & Outdoors",367675,"N/A","N/A","N/A","N/A","Night Vision Binoculars & Goggles",210,55.99,-32,8,8,-31,453.39,453.29,16,4.2,"WILDGAMEPLUS Brand Store","China",1,200,"N/A","Large Standard-Size",3.46,4.37,5.91,0.68,44.99,124.11,"11/30/2024",19,9,0,0.51
"https://amazon.com/dp/B0CP221YLB","https://m.media-amazon.com/images/I/31lGpJ3W-QL._SX450_.jpg","B0CP221YLB","JFFCESTORE PVS15/18 GPNVG18 Night Vision Goggles Mount and Airsoft Tactical Helmet Counterweight NVG Pouch Counterbalance Weight Bag (Black/Counterbalance Weight Bag)","JFFCESTORE","FBA","Sports & Outdoors",369214,"N/A","N/A","N/A","N/A","Night Vision Binoculars & Goggles",342,15.98,-35,4,1,375,64.9,21.89,1,4,"JFFCESTORE","China",1,12,-73,"Large Standard-Size",6.8,3.5,4.33,0.5,51.88,143.13,"03/31/2024",32,7,3,4.06
"https://amazon.com/dp/B0FFB43PBM","https://m.media-amazon.com/images/I/71oQ9LNyE4L._SX450_.jpg","B0FFB43PBM","Head Mounted Night Vision Goggles with Screen for Adults 2000FT - 4K Night Vision Binoculars, Infrared Goggles with 64GB Card with Flashlight 8X Digital Zoom Outdoor Exploration Camping","YUANZIMOO","FBA","Sports & Outdoors",371791,"N/A","N/A","N/A","N/A","Night Vision Binoculars & Goggles",226,99.99,"N/A",1,1,-130,132.84,132.8,13,3.9,"NIANDONG","China",1,0,"N/A","Large Standard-Size",12.2,10.2,4.7,2.3,294.46,812.32,"09/30/2025",9,7,0,0.11