"URL","Image URL","ASIN","Title","Brand","Fulfillment","Category","BSR","UPC","GTIN","EAN","ISBN","Subcategory","Subcategory BSR","Price","Price Trend (90 days) (%)","Parent Level Sales","ASIN Sales","Sales Trend (90 days) (%)","Parent Level Revenue","ASIN Revenue","Review Count","Reviews Rating","Seller","Seller Country/Region","Number of Active Sellers","Last Year Sales","Sales Year Over Year (%)","Size Tier","Length","Width","Height","Weight","Storage Fee (Jan - Sep)","Storage Fee (Oct - Dec)","Best Sales Period","Age (Month)","Number of Images","Variation Count","Sales to Reviews"
"https://amazon.com/dp/B0DY7PQ72Z","https://m.media-amazon.com/images/I/81i1gZSMJbL._SX450_.jpg","B0DY7PQ72Z","Wide Field Digital Zoom Infrared Day/Night Vision Binocular & Goggle with Camera Filter for Adults - 3"" HD 8MP Take Photo & Video, 6x42MM Tactical Gear Night Vision","Nightiger","FBA","Sports & Outdoors",1580444,"N/A","N/A","N/A","N/A","Night Vision Binoculars & Goggles",924,224.99,-38,0,0,-71,"-","-",4,5,"Nightiger-USA","China",1,0,"N/A","Large Standard-Size",4.88,9.13,12.2,4.41,273.98,755.8,"12/31/2025",44,6,2,0.04
"https://amazon.com/dp/B09J4S3CZL","https://m.media-amazon.com/images/I/61W0PrXoZbL._SX450_.jpg","B09J4S3CZL","Hanlong Tactical Hunting Dummy Night Vision Goggle GPNVG 18 & Plastic L4G24 NVG Mount for Airsoft (Sand), One Size","Hanlong","FBM","Sports & Outdoors",1581519,785378241650,"N/A",0785378241650,"N/A","Night Vision Binoculars & Goggles",923,59.98,-35,0,0,,"-","-",22,3.6,"zhao66277","China",1,0,"N/A","N/A","N/A","N/A","N/A","N/A","N/A","N/A","11/30/2024",53,9,0,0
"https://amazon.com/dp/B0CPR9ZWGM","https://m.media-amazon.com/images/I/31YbzERIUtL._SX450_.jpg","B0CPR9ZWGM","Armasight BNVD-40 Battery Pack with Long-Lasting Battery and Ergonomic Design for BNVD-40 Night Vision Goggles (Gray)","Armasight","FBM","Sports & Outdoors",1584491,810081912174,"N/A",0810081912174,"N/A","Night Vision Binoculars & Goggles",925,599,-10,0,0,,"-","-","N/A","N/A","Focus Camera LLC","USA",2,2,"N/A","Large Standard-Size",10.5,6.7,8.3,0.45,"N/A","N/A","04/30/2024",27,6,0,"N/A"
"https://amazon.com/dp/B0CX8NV8SG","https://m.media-amazon.com/images/I/41eq4l+mC5L._SX450_.jpg","B0CX8NV8SG","AMNOUR PVS14 PVS31 Power Cord Battery Box 4-core Double-Ended Elbow Wire for Night Vision, 1 pieces, JTSF9648","AMNOUR","FBM","Sports & Outdoors",1585490,"N/A","N/A",3440368612724,"N/A","Night Vision Binoculars & Goggles",926,55.26,-17,0,0,-200,"-","-","N/A","N/A","RCDZSW","China",3,0,"N/A","Small Standard-Size",1.18,0.79,0.39,0.11,"N/A","N/A","11/30/2025",24,4,1,"N/A"
"https://amazon.com/dp/B081CWC47R","https://m.media-amazon.com/images/I/71YRSpW8xoL._SX450_.jpg","B081CWC47R","BNISE Night Vision Binoculars Goggles, Digital Infrared Binoculars with Night Vision 32GB Memory Card for Hunting Spy Camping Wildlife Adventure","BNISE","FBA","Sports & Outdoors",1587035,694026432145,"N/A",0694026432145,"N/A","Night Vision Binoculars & Goggles",929,39.99,-53,0,0,,"-","-",272,4,"Manhattan Optics","China",1,3,"N/A","Large Standard-Size",3.66,7.95,10.87,2.76,159.3,439.45,"08/31/2025",76,7,0,0
"https://amazon.com/dp/B0F9KVBYRD","https://m.media-amazon.com/images/I/71LBesiai1L._SX450_.jpg","B0F9KVBYRD","Nightiger Night Vision Binoculars 4K 6000mAh Rechargeable Night Vision Goggles High Resolution Optics FHD Night Vision Camera for Bird Watching Football Games Match Travel","Nightiger","FBA","Sports & Outdoors",1587336,"N/A","N/A","N/A","N/A","Night Vision Binoculars & Goggles",928,109.79,-10,0,0,-150,"-","-",35,4.4,"Nightiger-USA","China",1,0,"N/A","Large Standard-Size",6.7,4,2,1.75,26.99,74.44,"08/31/2025",10,6,0,0
"https://amazon.com/dp/B0DT4XBC9Z","https://m.media-amazon.com/images/I/71xZ-aVewDL._SX450_.jpg","B0DT4XBC9Z","ZEISS DTI 6/20 Thermal Imaging Camera High-Resolution Monocular for Hunting and Wildlife Observation","ZEISS","FBA","Sports & Outdoors",1592290,740035567894,"N/A",0740035567894,"N/A","Night Vision Monoculars",400,2699.99,-43,0,0,-133,"-","-","N/A","N/A","Gritr","USA",3,0,"N/A","Large Standard-Size",12,11.2,4.7,4.38,318.03,877.33,"12/31/2025",14,6,0,"N/A"
"https://amazon.com/dp/B0FF2BPDPF","https://m.media-amazon.com/images/I/51cW0CQlJUL._SX450_.jpg","B0FF2BPDPF","PVS15 Binocular Tactical Night Vision Goggle Model, Tactical Night Vision Goggles Model for Cosplay and Outdoor Activities, No Function (Black)","Fucellveca","FBM","Sports & Outdoors",1598266,743636581313,"N/A",0743636581313,"N/A","Night Vision Binoculars & Goggles",932,45.99,"N/A",0,0,100,"-","-","N/A","N/A","GF Technology","China",1,0,"N/A","N/A","N/A","N/A","N/A","N/A","N/A","N/A","11/30/2025",9,7,2,"N/A"
"https://amazon.com/dp/B08TV83GLH","https://m.media-amazon.com/images/I/51mQmOuCV0L._SX450_.jpg","B08TV83GLH","AGM Globalvision NVG-50 3AW1 Dual Tube Night Vision GoggleBinocular","AGM Global Vision","FBM","Sports & Outdoors",1600803,810027774033,"N/A",0810027774033,"N/A","Night Vision Binoculars & Goggles",930,8195,-9,0,0,,"-","-",1,5,"Kenzie's Optics","USA",4,1,-75,"Large Standard-Size",10,5.5,4.5,1.5,"N/A","N/A","11/30/2024",62,9,0,0
"https://amazon.com/dp/B0CHVGR9RN","https://m.media-amazon.com/images/I/61Fz75aocVL._SX450_.jpg","B0CHVGR9RN","MIRAGETARGET PVS 14 Night Vision Monocular Goggle Outdoor/Hiking","MIRAGETARGET","FBA","Sports & Outdoors",1602829,734134183659,"N/A",0734134183659,"N/A","Night Vision Monoculars",402,170.99,"N/A",0,0,,"-","-",2,3.5,"Haike Outdoor Sports INC","USA",1,0,"N/A","Large Standard-Size",3.43,5.12,6.81,1.41,60.21,166.1,"04/30/2024",30,6,0,0
"https://amazon.com/dp/B07S45NKXZ","https://m.media-amazon.com/images/I/51STBLY62DL._SX450_.jpg","B07S45NKXZ","HME COYOTE LIGHT Pro Durable Lightweight Portable Adjustable Intensity Rechargeable Night Vision Hunting Flashlight | Batteries, Case, Handle, 1"" Scope Mount & Charger Included, IR LED","Coyote Light","FBM","Sports & Outdoors",1607219,888151020098,00888151020098,0888151020098,"N/A","Night Vision Monoculars",407,381.53,-14,0,0,-133,"-","-","N/A","N/A","Mikes Archery✅Authorized Dealer, ✅Fastest Shipping","USA",1,0,"N/A","Large Standard-Size",4.21,6.46,11.42,2.91,"N/A","N/A","07/31/2025",82,4,0,"N/A"
"https://amazon.com/dp/B0BBSWXMHV","https://m.media-amazon.com/images/I/51wkFYQJj5L._SX450_.jpg","B0BBSWXMHV","AGM Global Vision 11P14123484111 Model PVS-14 3AW1 Night Vision Monocular, Waterproof, Built-in Infrared Illuminator and Flood Lens, Manual Gain Control, 1x Magnification, Auto Shut-Off System","AGM Global Vision","FBM","Sports & Outdoors",1608879,785249841491,"N/A",0785249841491,"N/A","Night Vision Monoculars",408,5292.3,-6,0,0,,"-","-","N/A","N/A","Sale Stores ✅","USA",1,0,"N/A","N/A","N/A","N/A","N/A","N/A","N/A","N/A","11/30/2024",43,6,0,"N/A"
"https://amazon.com/dp/B0CFLS6XMT","https://m.media-amazon.com/images/I/61NTbDLqPyL._SX450_.jpg","B0CFLS6XMT","Naiveferry 1Pc Vision Monocular Night, Rechargeable Battery, Infrared Digital Camera with Video Recording for Outdoor Hunting Camping Bird Watching","Naiveferry","FBM","Sports & Outdoors",1610501,"N/A","N/A",6955516215889,"N/A","Night Vision Monoculars",411,65.99,-33,0,0,,"-","-",1,5,"Antorui","China",1,3,50,"N/A","N/A","N/A","N/A","N/A","N/A","N/A","08/31/2025",31,8,2,0
"https://amazon.com/dp/B0CZ9QVS8D","https://m.media-amazon.com/images/I/71FX8qj-38L._SX450_.jpg","B0CZ9QVS8D","SUZLAZYR PVS 14 J Arm NVG Mount Night Vision Goggles Dovetail Helmet Mount Rhino Mount Compatible with PVS-14, Black","SUZLAZYR","FBM","Sports & Outdoors",1614401,"N/A","N/A",1091985545647,"N/A","Night Vision Binoculars & Goggles",938,89.99,"N/A",0,0,,"-","-","N/A","N/A","MaoTeng","China",1,0,"N/A","N/A","N/A","N/A","N/A","N/A","N/A","N/A","01/31/2026",24,7,0,"N/A"
"https://amazon.com/dp/B0FBLMC4ZT","https://m.media-amazon.com/images/I/51AVczrUe4L._SX450_.jpg","B0FBLMC4ZT","Night Vision Binoculars 1080P FHD Hunting thermal imaging for professional outdoor hunting long-distance observation","GuliTech","FBM","Sports & Outdoors",1614730,"N/A","N/A","N/A","N/A","Night Vision Binoculars & Goggles",942,119,"N/A",0,0,,"-","-","N/A","N/A","Gulitech","China",1,0,"N/A","N/A","N/A","N/A","N/A","N/A","N/A","N/A","01/31/2026",9,9,0,"N/A"
"https://amazon.com/dp/B0D6PB22BG","https://m.media-amazon.com/images/I/61iR4eZ4bfL._SX450_.jpg","B0D6PB22BG","Steiner Nighthunter S35 Gen II Thermal Scope Powered by Quantum Vision","Steiner","FBA","Sports & Outdoors",1615960,000381895264,"N/A",0000381895264,"N/A","Night Vision Monoculars",412,3799.99,10,0,0,-133,"-","-","N/A","N/A","OnlineSellingPartner","USA",1,2,"N/A","Large Standard-Size",7.64,7.83,14.06,4.72,423.46,1168.18,"11/30/2024",21,5,0,"N/A"
"https://amazon.com/dp/B0FNYDSM9X","https://m.media-amazon.com/images/I/51TnvE6DqLL._SX450_.jpg","B0FNYDSM9X","Pard USA Night Stalker 4K EX Digital Night Vision Scope – 70mm Objective Lens, 5.5X Optical Magnification, 2X Digital Zoom – 4K CMOS Sensor with 0.001 Lux Sensitivity & Crystal Clear Display","Pard","FBM","Sports & Outdoors",1616615,850071106077,"N/A",0850071106077,"N/A","Night Vision Binoculars & Goggles",943,999,20,0,0,,"-","-","N/A","N/A","EuroOptic (✅ Authorized Dealer ✅ Fastest Shipping)","USA",1,0,"N/A","N/A","N/A","N/A","N/A","N/A","N/A","N/A","01/31/2026",7,8,0,"N/A"
"https://amazon.com/dp/B0CQ2ZNFPX","https://m.media-amazon.com/images/I/71DDFRc+muL._SX450_.jpg","B0CQ2ZNFPX","HUVIOVED NV8300 3D 4K Night Vision Goggles with 3D Vision Effect, Night Vision Binoculars Telescope with 8 X Digital Zoom and 7 Infrared for Save Photo Video","HUVIOVED","FBM","Sports & Outdoors",1617969,"N/A","N/A",1091475289983,"N/A","Night Vision Binoculars & Goggles",941,219,-20,0,0,,"-","-","N/A","N/A","TROXIE-US","China",1,0,"N/A","N/A","N/A","N/A","N/A","N/A","N/A","N/A","07/31/2024",27,6,0,"N/A"
"https://amazon.com/dp/B0BKFHHFM2","https://m.media-amazon.com/images/I/519HbwUkwcL._SX450_.jpg","B0BKFHHFM2","RYPPLE Kids Night Vision Goggles,Kids Camping Gear, Adjustable Led Night Goggles with Flip, Adjustable Spy Gear Night Mission Goggles, with Flip-Out Lights Green Lens, Racing Bicycling to Protect Chi","RYPPLE","FBM","Sports & Outdoors",1618021,"N/A","N/A",5008517892106,"N/A","Night Vision Binoculars & Goggles",942,29.9,-47,0,0,,"-","-","N/A","N/A","Runanxianxiangwenbaihuolingshouchaoshi","China",1,3,200,"N/A","N/A","N/A","N/A","N/A","N/A","N/A","11/30/2025",41,8,0,"N/A"
"https://amazon.com/dp/B0DC45CZMX","https://m.media-amazon.com/images/I/712arqI-0vL._SX450_.jpg","B0DC45CZMX","SUZLAZYR 4K HD Night Vision Goggles,Rechargeable Head Mounted Night Vision Monocular,7 Levels Ir Scope 8X Digital Zoom,for Camping Surveillance with 32SD Card","SUZLAZYR","FBM","Sports & Outdoors",1619075,"N/A","N/A",1091985556803,"N/A","Night Vision Binoculars & Goggles",944,129.66,-32,0,0,-100,"-","-","N/A","N/A","MaoTeng","China",1,0,"N/A","N/A","N/A","N/A","N/A","N/A","N/A","N/A","11/30/2025",19,7,0,"N/A"
"https://amazon.com/dp/B0DKFWLQG7","https://m.media-amazon.com/images/I/51+fwpgj71L._SX450_.jpg","B0DKFWLQG7","VOCUE Pocket Monocular Night High Magnification Portable for Outdoor Hunting Camping","VOCUE","FBM","Sports & Outdoors",1620375,"N/A","N/A",7681060188711,"N/A","Night Vision Monoculars",413,9.77,-2,0,0,-150,"-","-","N/A","N/A","C-W-Y-Wyc","China",1,3,"N/A","N/A","N/A","N/A","N/A","N/A","N/A","N/A","09/30/2025",17,9,0,"N/A"
"https://amazon.com/dp/B08TV8K3J3","https://m.media-amazon.com/images/I/61YhVW8KB4L._SX450_.jpg","B08TV8K3J3","AGM Goggle KIT W G50","AGM Global Vision","FBM","Sports & Outdoors",1627205,810027774040,"N/A",0810027774040,"N/A","Night Vision Binoculars & Goggles",945,315,-38,0,0,,"-","-","N/A","N/A","EuroOptic (✅ Authorized Dealer ✅ Fastest Shipping)","USA",1,2,-33,"N/A","N/A","N/A","N/A","N/A","N/A","N/A","07/31/2025",62,1,0,"N/A"
"https://amazon.com/dp/B0DHP3H72R","https://m.media-amazon.com/images/I/71cnxTH29oL._SX450_.jpg","B0DHP3H72R","Miasazyr 3D VR Night Vision Goggles Head Mounted - 4K HD IR Binoculars - 6X Digital Zoom & 4 Color Modes, Rechargeable Binoculars with Camera Built in, 32GB Card to Save Photos and Videos","Miasazyr","FBM","Sports & Outdoors",1629805,"N/A","N/A",1091985562286,"N/A","Night Vision Binoculars & Goggles",948,299.99,-37,0,0,,"-","-","N/A","N/A","Samanzyr","China",1,0,"N/A","N/A","N/A","N/A","N/A","N/A","N/A","N/A","10/31/2024",18,7,0,"N/A"
"https://amazon.com/dp/B0C8MK527L","https://m.media-amazon.com/images/I/8175XO4r2IL._SX450_.jpg","B0C8MK527L","Kneysan 4K Night Vision Binoculars for Adults,Night Vision Goggles IP54 Waterproof 10X Digital Zoom Infrared Binoculars with 3'' Large Screen 32GB Memory Card for Storage&Rechargeable Lithium Battery","Kneysan","FBM","Sports & Outdoors",1630920,"N/A","N/A","N/A","N/A","Night Vision Binoculars & Goggles",948,72,-7,0,0,,"-","-",1,4,"Kneysan","China",1,0,"N/A","Large Standard-Size",6.7,5.1,2.8,1,"N/A","N/A","12/31/2024",27,9,0,0
"https://amazon.com/dp/B000NSZ3UQ","https://m.media-amazon.com/images/I/61ReWewbQPL._SX450_.jpg","B000NSZ3UQ","ATN NVMPAN1430 NVM14-3 Gen 3 Night Vision Multi Purpose Monocular, Black","ATN","Amazon","Sports & Outdoors",1637190,658175131649,00658175131649,0658175131649,"N/A","Night Vision Monoculars",419,2999,4,0,0,,"-","-",5,4.2,"Amazon","N/A",1,8,100,"Large Standard-Size",6.06,6.18,12.17,1.94,"N/A","N/A","04/30/2025",216,1,0,0
"https://amazon.com/dp/B077F892XV","https://m.media-amazon.com/images/I/51LKdiffQFS._SX450_.jpg","B077F892XV","FMA Airsoft Hunting Tactical AVS 9 Night Vision Goggles Dummy NVG Model No Function TB1270","FMA","FBM","Sports & Outdoors",1641266,761587389796,"N/A",0761587389796,"N/A","Night Vision Binoculars & Goggles",954,64.98,-19,0,0,,"-","-",1,5,"Emperion SRL","Italy",2,2,100,"Large Standard-Size",4.25,9.61,11.14,2.29,"N/A","N/A","02/28/2025",60,7,0,0
"https://amazon.com/dp/B0DK341DQ3","https://m.media-amazon.com/images/I/61S7KJjoawL._SX450_.jpg","B0DK341DQ3","QUMIIRITY Compact High-Powered Monocular Telescope for Adults Lightweight Handheld Design for Bird Watching Hiking Camping and Outdoor Activities Magnification and Portable Storage","QUMIIRITY","FBM","Sports & Outdoors",1643268,"N/A","N/A","N/A","N/A","Night Vision Binoculars & Goggles",954,20.49,-29,0,0,,"-","-","N/A","N/A","Hudboy","China",1,1,"N/A","Large Standard-Size",7.87,3.94,3.94,0.6,"N/A","N/A","06/30/2025",17,9,0,"N/A"
"https://amazon.com/dp/B0CKT862WD","https://m.media-amazon.com/images/I/51tXoZJ5gwL._SX450_.jpg","B0CKT862WD","Aetheria NV8160 Night Vision Goggles Helmet-Mounted, HD Video Recording and Photography Telescope Infrared Night Vision Binoculars with 32GB Memory Card Tripod Interface","Aetheria","FBM","Sports & Outdoors",1656754,"N/A","N/A",7840911084477,"N/A","Night Vision Binoculars & Goggles",959,149.99,-9,0,0,,"-","-","N/A","N/A","ZhangLindezuimeixiaodian","China",1,0,"N/A","Large Standard-Size",9.96,6.65,3.58,2.14,"N/A","N/A","10/31/2024",29,7,0,"N/A"
"https://amazon.com/dp/B000Y8DY1K","https://m.media-amazon.com/images/I/61elTRrFPqL._SX450_.jpg","B000Y8DY1K","Carson MagniFly 2x Power Hands Free Fly-Tying LED Lighted Gooseneck Magnifier with C-Clamp and AC/DC Adapter (OD-65)","Carson","FBM","Sports & Outdoors",1664072,885168642022,00750668005656,0885168642022,"N/A","Night Vision Binoculars & Goggles",961,79.95,-1,0,0,,"-","-",138,4,"MagAids","USA",1,2,"N/A","Large Standard-Size",16.9,8.4,2.4,1.8,"N/A","N/A","04/30/2025",225,4,0,0
"https://amazon.com/dp/B0CWZYRB8L","https://m.media-amazon.com/images/I/51D368ky93L._SX450_.jpg","B0CWZYRB8L","Aimsniper MUM/GT-14 Binocular Bridge System NVG Mount，Night Vision Goggles Night Vision Adapter，for PVS-14 Night Vision Binoculars Monocular Or Binocular (DE)","Aimsniper","FBM","Sports & Outdoors",1666909,"N/A","N/A","N/A","N/A","Night Vision",1416,189.99,-39,0,0,-150,"-","-","N/A","N/A","ussmt","China",2,14,"N/A","N/A","N/A","N/A","N/A","N/A","N/A","N/A","07/31/2025",15,6,0,"N/A"
"https://amazon.com/dp/B0CN45RQVS","https://m.media-amazon.com/images/I/61xbaZrVDjL._SX450_.jpg","B0CN45RQVS","Vortix 1PC Gpnvg18 Four-Tube Binocular Night Vision Goggles Model + 1PC L4g24 Night Vision Goggles Mount, Fast Helmets Supportor Acessories Cosplay Prop (Tan)","Vortix","FBM","Sports & Outdoors",1672343,"N/A","N/A",7301312529191,"N/A","Night Vision Binoculars & Goggles",966,59.99,-42,0,0,,"-","-","N/A","N/A","JRKJFU","China",1,0,"N/A","N/A","N/A","N/A","N/A","N/A","N/A","N/A","03/31/2024",28,9,0,"N/A"
"https://amazon.com/dp/B0CXJKM2KJ","https://m.media-amazon.com/images/I/61iLJ3R2J3L._SX450_.jpg","B0CXJKM2KJ","LEESEN Metal Binocular Bridge System Modular Night Vision Goggles Mount Helmet Bracket NVG Mounts for The MUM-14 & GT-14 PVS14 Night Vision Goggles for L4 G24 Mounting Fast Helmet","LEESEN","FBM","Sports & Outdoors",1673855,"N/A","N/A",9496269007590,"N/A","Night Vision Binoculars & Goggles",966,169,59,0,0,,"-","-","N/A","N/A","Cloud Pigeon","China",1,2,"N/A","Large Standard-Size",1.18,0.79,0.39,1.1,"N/A","N/A","08/31/2024",24,7,1,"N/A"
"https://amazon.com/dp/B0DCQ4JYYS","https://m.media-amazon.com/images/I/41s1phxJDVL._SX450_.jpg","B0DCQ4JYYS","ATN NVGONVG72G NVG7-2G, Night Vision Goggle gen 2+ 55-57lp/mm - Green Phosphor","ATN","FBM","Sports & Outdoors",1673949,658175124382,00658175124382,0658175124382,"N/A","Night Vision Monoculars",427,2279,99,0,0,,"-","-","N/A","N/A","Optics Planet (✅Authorized Dealer ✅Fast Shipping)","USA",3,1,"N/A","Large bulky",12,15,10,5,"N/A","N/A","08/31/2024",19,2,0,"N/A"
"https://amazon.com/dp/B0DPJ6YYZG","https://m.media-amazon.com/images/I/61263YHKK7L._SX450_.jpg","B0DPJ6YYZG","WEBNMK Mini Portable Outdoor Thermal Night Vision Infrared Hunting Camera with Water Leaka Detection New Thermal Camera","WEBNMK","FBM","Sports & Outdoors",1677179,612799223630,"N/A",0612799223630,"N/A","Night Vision Monoculars",429,66,-12,0,0,,"-","-","N/A","N/A","Cloud Store Sales","China",1,0,"N/A","N/A","N/A","N/A","N/A","N/A","N/A","N/A","11/30/2025",15,6,0,"N/A"
"https://amazon.com/dp/B07X2JSYLY","https://m.media-amazon.com/images/I/51UJSlS8k4S._SX450_.jpg","B07X2JSYLY","Airsoft Hunting Tactical GPNVG 18 Night Vision Goggles Dummy NVG Model No Function (BK) (Black)","FMA","FBM","Sports & Outdoors",1677828,671423674859,"N/A",0671423674859,"N/A","Night Vision Binoculars & Goggles",970,39.99,-41,0,0,,"-","-",30,3.9,"zhao66277","China",1,2,-60,"N/A","N/A","N/A","N/A","N/A","N/A","N/A","03/31/2024",53,8,0,0
"https://amazon.com/dp/B0FLTSR7BF","https://m.media-amazon.com/images/I/61UFXcSI-LL._SX450_.jpg","B0FLTSR7BF","Gslxheal Digital Night Vision Scope Monocular | Night Vision Goggles for Adults with 4X Zoom, Infrared Thermal Spotting Camera for Camping Shooting","Gslxheal","FBM","Sports & Outdoors",1682866,"N/A","N/A",1092713300439,"N/A","Night Vision Monoculars",430,198.89,-18,0,0,-133,"-","-","N/A","N/A","Peng xing","China",1,0,"N/A","N/A","N/A","N/A","N/A","N/A","N/A","N/A","12/31/2025",7,7,0,"N/A"
"https://amazon.com/dp/B0DPCCJFFT","https://m.media-amazon.com/images/I/51HKsiIL2AL._SX450_.jpg","B0DPCCJFFT","HMWOKPOT Night Vision Scope for 35-45mm Eyepiece Scope, DIY Night Vision(Day and Night) Long Viewing Range Night Hunting with Infrared Flashlight and 4.3 inch Display Screen","HMWOKPOT","FBM","Sports & Outdoors",1686367,"N/A","N/A",3001577972827,"N/A","Night Vision Monoculars",433,118.27,-2,0,0,-67,"-","-",1,4,"HMWOKPOT Shop","China",1,0,"N/A","N/A","N/A","N/A","N/A","N/A","N/A","N/A","12/31/2025",15,8,0,0
"https://amazon.com/dp/B0CTMJZWTJ","https://m.media-amazon.com/images/I/416pD6BPNfL._SX450_.jpg","B0CTMJZWTJ","SHUAIGUO Night Vision Goggles, 2.5K Digital Night Vision Monoculars, 10X Digital Zoom Viewing 800M in Dark with 1.54-inch TFT Screen Support Image Video Recording for Bird Watching/Travelling","SHUAIGUO","FBM","Sports & Outdoors",1686424,"N/A","N/A","N/A","N/A","Night Vision Monoculars",433,41.39,-24,0,0,,"-","-","N/A","N/A","SENOUJIA","China",1,4,"N/A","Large Standard-Size",6.3,3.94,3.15,0.77,"N/A","N/A","10/31/2025",25,9,0,"N/A"
"https://amazon.com/dp/B0CX8D3SQV","https://m.media-amazon.com/images/I/41VcaolT+8L._SX450_.jpg","B0CX8D3SQV","AMNOUR PVS14 PVS31 Objective Lens Sacrificial Cover 650-900nm Anti-Glare Bandpass Filter Night Vision Tube Monocular Protectors, Black, JTSF9648","AMNOUR","FBM","Sports & Outdoors",1688681,"N/A","N/A",3440368612748,"N/A","Night Vision Monoculars",432,48.62,-17,0,0,,"-","-","N/A","N/A","Shangxing Home Furnishing Store","China",3,1,"N/A","Small Standard-Size",1.18,0.79,0.39,0.11,"N/A","N/A","02/28/2025",24,6,1,"N/A"
"https://amazon.com/dp/B091CZ8KH4","https://m.media-amazon.com/images/I/31NQvZN9cXL._SX450_.jpg","B091CZ8KH4","NiteSite Sentinel PRO Night Vision","NiteSite","FBM","Sports & Outdoors",1690448,811136020790,"N/A",0811136020790,"N/A","Night Vision Binoculars & Goggles",974,89.99,-41,0,0,,"-","-",1,5,"Hunting & fishing DEALS","USA",1,0,"N/A","N/A","N/A","N/A","N/A","N/A","N/A","N/A","07/31/2024",59,6,0,0
"https://amazon.com/dp/B0BY2XD17D","https://m.media-amazon.com/images/I/61cr96YSQtL._SX450_.jpg","B0BY2XD17D","YSS New Aluminum Alloy PVS14 Night Vision J-Arm Mount fit for Helmet Openwork Design(Support Left Eye, Chinese Thread)","YSS","FBM","Sports & Outdoors",1691639,729162534337,"N/A",0729162534337,"N/A","Night Vision Monoculars",433,130,-9,0,0,-150,"-","-",3,4.6,"CANIS SPORT INC","China",1,1,-80,"Large Standard-Size",5,5,3,0.3,"N/A","N/A","03/31/2024",36,7,0,0
"https://amazon.com/dp/B0DXL2GWHL","https://m.media-amazon.com/images/I/61ud1r8SnbL._SX450_.jpg","B0DXL2GWHL","Miasazyr NK008 Digital Night Vision Scope for Hunting, 940nm Infrared Night Vision Monocular 5X Zoom with Reticle HD 1080P Video Recording Camera","Miasazyr","FBM","Sports & Outdoors",1695477,"N/A","N/A",1092568137167,"N/A","Night Vision Monoculars",433,154.99,-21,0,0,-150,"-","-",1,1,"Samanzyr","China",1,0,"N/A","N/A","N/A","N/A","N/A","N/A","N/A","N/A","10/31/2025",13,7,0,0
"https://amazon.com/dp/B0FF1ZNJXZ","https://m.media-amazon.com/images/I/41-80dDu+iL._SX450_.jpg","B0FF1ZNJXZ","Fucellveca L4G24 Night Vision Mount, Tactical Helmet Night Vision Goggle Mount for Cosplay Prop and Outdoor Activities (Tan)","Fucellveca","FBM","Sports & Outdoors",1699793,743636581283,"N/A",0743636581283,"N/A","Night Vision Binoculars & Goggles",979,18.99,"N/A",0,0,-150,"-","-","N/A","N/A","GF Technology","China",1,0,"N/A","N/A","N/A","N/A","N/A","N/A","N/A","N/A","11/30/2025",9,7,2,"N/A"
"https://amazon.com/dp/B0DM958GLP","https://m.media-amazon.com/images/I/61mSUCTo7qL._SX450_.jpg","B0DM958GLP","WGFXYBFY NV8000 4K Night Vision Binoculars with 3D Vision Effect, Rechargeable Night Vision Goggles for Adults 7-Level Infrared 8X Digital Zoom, Helmet-Mounted Night Vision","WGFXYBFY","FBM","Sports & Outdoors",1708130,"N/A","N/A",1092148480379,"N/A","Night Vision Binoculars & Goggles",980,199.99,-23,0,0,,"-","-","N/A","N/A","Xiaofugui Shop","China",1,3,"N/A","N/A","N/A","N/A","N/A","N/A","N/A","N/A","04/30/2025",16,7,0,"N/A"
"https://amazon.com/dp/B0CX13WTKH","https://m.media-amazon.com/images/I/51d6jBY3ffL._SX450_.jpg","B0CX13WTKH","Aimsniper Modular Helmet Mount for MUM/GT-14，Binocular Bridge System NVG Mount，Night Vision Goggles Night Vision Adapter，for PVS-14 Night Vision Binoculars Monocular Or Binocular(Gold)","Aimsniper","FBM","Sports & Outdoors",1712051,"N/A","N/A","N/A","N/A","Night Vision Binoculars & Goggles",982,179.99,-6,0,0,,"-","-","N/A","N/A","ussmt","China",1,0,"N/A","N/A","N/A","N/A","N/A","N/A","N/A","N/A","02/28/2025",24,6,2,"N/A"
"https://amazon.com/dp/B0DD7J1XVT","https://m.media-amazon.com/images/I/61lw0z05rlL._SX450_.jpg","B0DD7J1XVT","Night Driving Glasses Flip Clip-On Myopic Night Vision Goggles Anti-Glare Unisex Glasses","UpaClaire","FBM","Sports & Outdoors",1721259,"N/A","N/A","N/A","N/A","Night Vision Binoculars & Goggles",988,12.99,-24,0,0,,"-","-","N/A","N/A","UpaClaire","China",1,0,"N/A","Large Standard-Size",6.1,2.56,0.87,0.23,"N/A","N/A","-",19,8,2,"N/A"
"https://amazon.com/dp/B0D9GBDFK9","https://m.media-amazon.com/images/I/712Re9P-rKL._SX450_.jpg","B0D9GBDFK9","SKIOVEMI Head-Mounted Night Vision Goggles for Adults, 3D VR Night Vision Binoculars, Include 2 * 32GB Card to Save 3D Photos/Videos, 6X Digital Zoom","SKIOVEMI","FBM","Sports & Outdoors",1725407,"N/A","N/A",1091475293119,"N/A","Night Vision Binoculars & Goggles",992,299,-51,0,0,,"-","-","N/A","N/A","SKIOVEMI","China",1,2,"N/A","N/A","N/A","N/A","N/A","N/A","N/A","N/A","08/31/2025",20,7,0,"N/A"
"https://amazon.com/dp/B0CX4PWR6S","https://m.media-amazon.com/images/I/41r7wUDlOnL._SX450_.jpg","B0CX4PWR6S","Ziehla 1Pcs New for SON-LC02A Night Vision Monocular Viewfinder Display","Ziehla","FBM","Sports & Outdoors",1727328,639393750478,"N/A",0639393750478,"N/A","Night Vision Monoculars",438,102.28,"N/A",0,0,,"-","-","N/A","N/A","dengzhoushizhenzhendimengshangmaoyouxiangongsi","China",1,1,"N/A","N/A","N/A","N/A","N/A","N/A","N/A","N/A","06/30/2024",24,6,0,"N/A"
"https://amazon.com/dp/B0CS67LQYQ","https://m.media-amazon.com/images/I/61vb6TEAPdL._SX450_.jpg","B0CS67LQYQ","Huolang Night Vision Scope 5.0Inch Display Siamese HD 1080P Scope Video Cameras Infrared Illuminator Riflescope Hunting Optical System Kamera","CEKOCK","FBM","Sports & Outdoors",1728290,705735945601,"N/A",0705735945601,"N/A","Night Vision Monoculars",439,119,-28,0,0,-100,"-","-","N/A","N/A","Explorer01","China",1,4,"N/A","N/A","N/A","N/A","N/A","N/A","N/A","N/A","07/31/2024",26,9,0,"N/A"
"https://amazon.com/dp/B07DGKMYN5","https://m.media-amazon.com/images/I/918i2Z7HUHL._SX450_.jpg","B07DGKMYN5","Eagle Industries Black Night Vision Soft Carry Case","Eagle Industries","FBM","Sports & Outdoors",1741429,735255927245,"N/A",0735255927245,"N/A","Night Vision Binoculars & Goggles",996,49.99,-14,0,0,-133,"-","-",0,"N/A","MODArmory","USA",1,0,"N/A","N/A","N/A","N/A","N/A","N/A","N/A","N/A","11/30/2025",93,4,0,"N/A"
"https://amazon.com/dp/B00I9CDTZO","https://m.media-amazon.com/images/I/5122CTAurhL._SX450_.jpg","B00I9CDTZO","Bushnell Equinox Z Digital Night Vision Monocular, 4.5 x 40mm, Model Number: 260140","Bushnell","FBM","Sports & Outdoors",1743096,796793544745,00029757601407,7106223689695,"N/A","Night Vision Monoculars",441,979,46,0,0,-150,"-","-",1207,4.2,"The Apple of Discord","Poland",1,4,"N/A","Large Standard-Size",2.91,4.8,8.35,1.85,"N/A","N/A","08/31/2024",145,1,3,0
"https://amazon.com/dp/B0CB4GYFJF","https://m.media-amazon.com/images/I/61GuDEjyifL._SX450_.jpg","B0CB4GYFJF","Metal Material Type PVS15/18 GPNVG18 Night Vision Goggles Mount and Battery Pouch Counterweight Pouch for L4G24 NVG Helmet Mount (Black)","JFFCESTORE","FBA","Sports & Outdoors",1745760,"N/A","N/A","N/A","N/A","Night Vision Binoculars & Goggles",998,69.89,-26,0,0,,"-","-",1,4,"JFFCESTORE","China",1,0,"N/A","Large Standard-Size",6.8,3.5,4.33,0.67,51.88,143.13,"10/31/2024",32,6,1,0
"https://amazon.com/dp/B0CX9883NV","https://m.media-amazon.com/images/I/61wLeAkZZTL._SX450_.jpg","B0CX9883NV","SUZLAZYR NV8300 4K Night Vision Goggles with 3D Vision Effect, Rechargeable Night Vision Binoculars Military Tactical, 8X Digital Zoom, 7-Level Infrared, Helmet-Mounted Night Vision","SUZLAZYR","FBM","Sports & Outdoors",1751311,"N/A","N/A",1091428705072,"N/A","Night Vision Binoculars & Goggles",1007,259.98,-22,0,0,,"-","-",1,3,"MaoTeng","China",1,0,"N/A","N/A","N/A","N/A","N/A","N/A","N/A","N/A","05/31/2024",24,7,0,0
"https://amazon.com/dp/B07DPVNKW8","https://m.media-amazon.com/images/I/71IraLJITsL._SX450_.jpg","B07DPVNKW8","MOD Armory Universal Smartphone Adapter for Night Vision Filming","MOD Armory","FBM","Sports & Outdoors",1753921,735255927795,"N/A",0735255927795,"N/A","Night Vision",1475,199.99,-13,0,0,-142,"-","-",2,5,"MODArmory","USA",1,8,"N/A","N/A","N/A","N/A","N/A","N/A","N/A","N/A","12/31/2025",93,2,0,0
"https://amazon.com/dp/B0D9TJBKPM","https://m.media-amazon.com/images/I/51Yo-+wqA9L._SX450_.jpg","B0D9TJBKPM","PVS 14 Mount Dovetail J Arm Night Vision Goggles NVG Mount PVS-14 NVG Bridge Mount Compatible with All Models of PVS-14","okyass","FBM","Sports & Outdoors",1755634,"N/A","N/A","N/A","N/A","Night Vision Binoculars & Goggles",1010,69.88,-21,0,0,,"-","-",1,5,"HuangJinKu","China",1,0,"N/A","N/A","N/A","N/A","N/A","N/A","N/A","N/A","09/30/2024",20,7,0,0
"https://amazon.com/dp/B0BH1MNCBF","https://m.media-amazon.com/images/I/61xZhtBZ+iL._SX450_.jpg","B0BH1MNCBF","Armasight PVS-14 Pinnacle Elite Gen 3 IIT, Night Vision Monocular","Armasight","Amazon","Sports & Outdoors",1759603,810081910552,"N/A",0810081910552,"N/A","Night Vision Monoculars",445,5499,-9,1,1,-100,3666,3666,2,1,"Amazon","N/A",1,18,350,"Large Standard-Size",10,6,6,1.5,"N/A","N/A","10/31/2025",41,7,0,0.34
"https://amazon.com/dp/B0DNQ6G22W","https://m.media-amazon.com/images/I/61gQwkUer0L._SX450_.jpg","B0DNQ6G22W","EliteZ Night Vision Monocular, 1080p Night Vision Binoculars for Adult, 1.5'' Hd Screen, 5X Digital Zoom, Includes 32GB Tf Card to Save Photos and Videos, Ideal for Camping, Hunting & Security","EliteZ","FBA","Sports & Outdoors",1763534,"N/A","N/A",6967747438609,"N/A","Night Vision Monoculars",447,39.99,-22,0,0,,"-","-",1,5,"EliteZ","China",2,2,"N/A","Large Standard-Size",6.5,3.35,2.83,0.64,31.03,85.59,"01/31/2025",16,9,1,0
"https://amazon.com/dp/B0DJW65ZZ2","https://m.media-amazon.com/images/I/618TNsOUTTL._SX450_.jpg","B0DJW65ZZ2","SKIOVEMI Head Mounted Night Vision Goggles/Binoculars for Adults, 4K Digital Infrared Military Tactical Night Vision with 32G Memory Card,Black","SKIOVEMI","FBM","Sports & Outdoors",1763568,"N/A","N/A",1091475295182,"N/A","Night Vision Binoculars & Goggles",1012,209,-35,0,0,,"-","-",1,1,"SKIOVEMI","China",1,1,"N/A","N/A","N/A","N/A","N/A","N/A","N/A","N/A","05/31/2025",17,7,1,0
"https://amazon.com/dp/B0DKNYSGTY","https://m.media-amazon.com/images/I/41M7jwQAY9L._SX450_.jpg","B0DKNYSGTY","PVS-14 Dual NVG Bridge Mount, Adjustable Dovetail Versatile Night Vision Goggles Adapter, Integrated Night Vision Scope Helmet Mounting System, for Dual Binocular & Single Monocular PVS-14, Black","ZTFSETD","FBM","Sports & Outdoors",1785072,715828772120,"N/A",0715828772120,"N/A","Night Vision Binoculars & Goggles",1018,159.99,"N/A",0,0,-133,"-","-","N/A","N/A","Kunshan Chuangxing","China",1,0,"N/A","N/A","N/A","N/A","N/A","N/A","N/A","N/A","12/31/2025",17,8,2,"N/A"
"https://amazon.com/dp/B0DXTJBQX5","https://m.media-amazon.com/images/I/71NgjJ-C7XL._SX450_.jpg","B0DXTJBQX5","Miasazyr 4K Thermal Imaging Night Vision Scope - HD+LR+Night Vision+Thermal Imaging 4 in 1, 0.01Ms Ultra-Low Latency, 12um 296×192 (60 Hz), 7X Magnification, Thermal Monocular for Night Hunting","Miasazyr","FBM","Sports & Outdoors",1789092,"N/A","N/A",1092568137242,"N/A","Night Vision Monoculars",453,499.99,-1,1,1,,499.99,499.98,1,2,"Samanzyr","China",1,0,"N/A","N/A","N/A","N/A","N/A","N/A","N/A","N/A","01/31/2026",13,7,0,0.98
"https://amazon.com/dp/B09SCZMBC7","https://m.media-amazon.com/images/I/613TmNFj8zL._SX450_.jpg","B09SCZMBC7","Night Vision Goggles Binoculars - Digital Infrared Binoculars for Adults with Night Vision Spy Gear for Hunting & Surveillance","Generic","FBM","Sports & Outdoors",1794982,"N/A","N/A",6982152273379,"N/A","Night Vision Binoculars & Goggles",1026,88,-51,0,0,,"-","-","N/A","N/A","hotsell999","China",2,2,"N/A","N/A","N/A","N/A","N/A","N/A","N/A","N/A","04/30/2025",49,9,0,"N/A"
"https://amazon.com/dp/B08RJ9DWN2","https://m.media-amazon.com/images/I/31d93oUQmwS._SX450_.jpg","B08RJ9DWN2","FMA Tactical Airsoft AN/PVS31 Binocular Night Vision Device Non Functional Helmet Night Vision Goggle NVG TB1284 A-Type (Dummy Model)","FMA","FBM","Sports & Outdoors",1796484,791571229517,"N/A",0791571229517,"N/A","Night Vision Binoculars & Goggles",1027,56.98,-17,0,0,,"-","-",4,3.7,"zhao66277","China",1,1,-80,"N/A","N/A","N/A","N/A","N/A","N/A","N/A","03/31/2024",47,7,0,0
"https://amazon.com/dp/B0DKNNT9T8","https://m.media-amazon.com/images/I/41j3Opl306L._SX450_.jpg","B0DKNNT9T8","All-Metal J-arm Night Vision NVG Mount for AN/PVS-14 Monocular, with Rotating Knuckle for Attachment to Helmets, Tan","ZTFSETD","FBM","Sports & Outdoors",1801407,732890864591,"N/A",0732890864591,"N/A","Night Vision Monoculars",454,49.99,-9,0,0,,"-","-","N/A","N/A","Kunshan Chuangxing","China",1,0,"N/A","N/A","N/A","N/A","N/A","N/A","N/A","N/A","08/31/2025",17,7,2,"N/A"
"https://amazon.com/dp/B07W91FF3Y","https://m.media-amazon.com/images/I/61mHFprrmbL._SX450_.jpg","B07W91FF3Y","Digital Infrared Night Vision Binoculars Scope for 100% Darkness with 2.31"" TFT LCD and 300m View Range Record HD Image & 720p Video for Hunting and Wildlife Monitoring","GoldPaddy","FBA","Sports & Outdoors",1804670,745679758516,"N/A",0745679758516,"N/A","Night Vision Binoculars & Goggles",1031,159,-3,0,0,,"-","-",22,3.8,"GoldPaddy","China",1,0,"N/A","Large Standard-Size",3.5,6.9,8.9,1.4,108.21,298.52,"05/31/2024",79,7,0,0
"https://amazon.com/dp/B0DC6WGV4M","https://m.media-amazon.com/images/I/61TSgqexl6L._SX450_.jpg","B0DC6WGV4M","TOP NVG NVGRA-15 Night Vision Goggle Recording Adapter (NVGRA)","Generic","FBM","Sports & Outdoors",1807534,"N/A","N/A","N/A","N/A","Night Vision Binoculars & Goggles",1040,120,-10,0,0,,"-","-","N/A","N/A","Total Overwatch Productions","USA",1,1,"N/A","N/A","N/A","N/A","N/A","N/A","N/A","N/A","12/31/2024",19,4,0,"N/A"
"https://amazon.com/dp/B08QRSYPHR","https://m.media-amazon.com/images/I/61eH9PkEz9L._SX450_.jpg","B08QRSYPHR","Digital Real Night Vision Monocular Goggle, Infrared Binocular for Hunting, Surveillance, Spotting and Spy, 4X Digital Zoom and Take HD Photo & 960P Video from 200m in Total Darkness","Agitato","FBA","Sports & Outdoors",1808026,"N/A","N/A","N/A","N/A","Night Vision Binoculars & Goggles",1034,109.99,46,0,0,,"-","-",18,3.5,"BlazeVideo Official","China",1,1,-67,"Large Standard-Size",2.91,4.21,6.46,0.64,39.85,109.92,"02/28/2025",63,7,3,0
"https://amazon.com/dp/B09QSC4DQP","https://m.media-amazon.com/images/I/61Tt-374i1L._SX450_.jpg","B09QSC4DQP","Mini Night Vision Goggles Binocular Camera 1080P 12MP Starlight Distance to 300M with 2.4"" TFT for Hunting Hiking Camping Climbing","Agitato","FBA","Sports & Outdoors",1808042,724991392042,"N/A",0724991392042,"N/A","Night Vision Binoculars & Goggles",1034,119.99,-10,0,0,,"-","-",18,3.5,"BlazeVideo Official","China",1,1,-67,"Large Standard-Size",2.52,5.12,5.47,0.77,35.53,98.02,"02/28/2025",45,9,3,0
"https://amazon.com/dp/B0CLR1G44T","https://m.media-amazon.com/images/I/615hAnqolML._SX450_.jpg","B0CLR1G44T","PVS-14 Monocular Night Vision Goggle Models - with functionality, Digital Night Vision Goggle IR Night Vision Monocular, Suitable for Night Vision Hunting Cosplay Tactical Hunting Dummy","LEESEN","FBM","Sports & Outdoors",1808677,"N/A","N/A",9496269005299,"N/A","Night Vision Monoculars",454,229.9,-17,0,0,,"-","-",6,2.9,"Cloud Pigeon","China",1,3,-73,"Large Standard-Size",1.18,0.79,0.39,1.43,"N/A","N/A","07/31/2024",29,7,1,0
"https://amazon.com/dp/B0D9NKBWJJ","https://m.media-amazon.com/images/I/61IW3qtCA5L._SX450_.jpg","B0D9NKBWJJ","SKIOVEMI PVS-14 Head Mounted Patrol Infrared Night Vision, 2X28 Tactical Digital Monocular for Helmet, Built-in IR Illumination","SKIOVEMI","FBM","Sports & Outdoors",1816768,"N/A",01091475293218,1091475293218,"N/A","Night Vision Monoculars",457,285,-24,1,1,-25,358.98,358.95,1,5,"SKIOVEMI","China",1,3,"N/A","N/A","N/A","N/A","N/A","N/A","N/A","N/A","12/31/2025",20,7,0,1.26
"https://amazon.com/dp/B0CK1YNKQH","https://m.media-amazon.com/images/I/71EAOjOeh8L._SX450_.jpg","B0CK1YNKQH","L4G24/G19 Tactical Helmet NVG Mount，Night Vision Goggles and Sports Camera Bracket Base，for Fast/Crye AirFrame Helmet，Aluminium Alloy & Fiber Polymer，with Elastic Rope，3PCS (DE)","HATSEN","FBM","Sports & Outdoors",1819876,"N/A","N/A","N/A","N/A","Night Vision Binoculars & Goggles",1044,49.99,-38,0,0,,"-","-","N/A","N/A","ussmt","China",1,0,"N/A","N/A","N/A","N/A","N/A","N/A","N/A","N/A","05/31/2025",30,5,0,"N/A"
"https://amazon.com/dp/B0CZ9SD1ZN","https://m.media-amazon.com/images/I/81Ctj4y1yQL._SX450_.jpg","B0CZ9SD1ZN","SUZLAZYR Tactical Metal PVS 14 J Arm Mount Night Vision Goggles NVG Mount Dovetail Mount Rhino Mount Compatible with PVS-14 & L4G24 Helmet Mount,Sand","SUZLAZYR","FBM","Sports & Outdoors",1821467,"N/A","N/A",1091985545708,"N/A","Night Vision Binoculars & Goggles",1040,103.99,-23,0,0,,"-","-","N/A","N/A","MaoTeng","China",1,0,"N/A","N/A","N/A","N/A","N/A","N/A","N/A","N/A","06/30/2024",24,7,2,"N/A"
"https://amazon.com/dp/B0CZ9QSYGX","https://m.media-amazon.com/images/I/81uxvlmU3aL._SX450_.jpg","B0CZ9QSYGX","SUZLAZYR Tactical Metal PVS 14 J Arm Mount Night Vision Goggles NVG Mount Dovetail Mount Rhino Mount Compatible with PVS-14 & L4G24 Helmet Mount,Black","SUZLAZYR","FBM","Sports & Outdoors",1821924,"N/A","N/A",1091985545692,"N/A","Night Vision Binoculars & Goggles",1048,103.99,-13,0,0,,"-","-","N/A","N/A","MaoTeng","China",1,0,"N/A","N/A","N/A","N/A","N/A","N/A","N/A","N/A","06/30/2024",24,7,2,"N/A"
"https://amazon.com/dp/B0CXR27ZRM","https://m.media-amazon.com/images/I/51+V5KbyoyL._SX450_.jpg","B0CXR27ZRM","LEESEN Pvs-14 MUM28 MUM14 NVM14 Dual Vision Light Weight Mount,Light Weight Dual Tube Mounting System,Night Vision Goggles Night Vision Adapter, Black","LEESEN","FBM","Sports & Outdoors",1822699,"N/A","N/A",9496269007743,"N/A","Night Vision Binoculars & Goggles",1042,127.75,"N/A",0,0,,"-","-","N/A","N/A","Cloud Pigeon","China",1,4,33,"Large Standard-Size",1.18,0.79,0.39,1.1,"N/A","N/A","07/31/2025",24,7,1,"N/A"
"https://amazon.com/dp/B0DPG6WZH6","https://m.media-amazon.com/images/I/71iuyGXtBcL._SX450_.jpg","B0DPG6WZH6","WGFXYBFY Head Mounted Night Vision Monocular, 4K Night Vision Goggles 8X Digital Zoom with Tactical Light and Backlight Button, Can Save Photo and Video, for Camping","WGFXYBFY","FBM","Sports & Outdoors",1829057,"N/A","N/A",1092148481260,"N/A","Night Vision Monoculars",458,219.99,-22,0,0,,"-","-","N/A","N/A","Xiaofugui Shop","China",1,1,"N/A","N/A","N/A","N/A","N/A","N/A","N/A","N/A","12/31/2024",15,7,0,"N/A"
"https://amazon.com/dp/B0FNXF25XL","https://m.media-amazon.com/images/I/618gvT0pexL._SX450_.jpg","B0FNXF25XL","Pard USA Bobcat 480 Thermal Monocular – Night Vision Imaging Optic with 1000m Rangefinder (LRF) – Compact 6-Inch Spotting Scope with 35mm Objective Lens, 3.5X Optical & 8X Digital Zoom","Pard","FBM","Sports & Outdoors",1834743,850071106008,"N/A",0850071106008,"N/A","Night Vision Monoculars",460,1899,-48,0,0,,"-","-","N/A","N/A","EuroOptic (✅ Authorized Dealer ✅ Fastest Shipping)","USA",1,0,"N/A","Large Standard-Size",7.75,5.75,4,2,"N/A","N/A","12/31/2025",7,4,0,"N/A"
"https://amazon.com/dp/B0D8KJGC3P","https://m.media-amazon.com/images/I/61HRcfF23SL._SX450_.jpg","B0D8KJGC3P","EESHHA Binoculars, 30X60 Zoom, High-power Spotting Telescope, Professional Folding, Night Vision, Portable, Suitable for Sports, Concerts, Bird Watching, Camping","EESHHA","FBM","Sports & Outdoors",1836100,"N/A","N/A",9404876810908,"N/A","Night Vision Binoculars & Goggles",1056,19.99,-40,0,0,,"-","-","N/A","N/A","123Dengjiale","China",1,0,"N/A","N/A","N/A","N/A","N/A","N/A","N/A","N/A","-",20,7,0,"N/A"
"https://amazon.com/dp/B0CZ7LZMJR","https://m.media-amazon.com/images/I/31FTLmxU35L._SX450_.jpg","B0CZ7LZMJR","Pulsar Battery Pack APS 3 PL79161 APS3 Thermal Vision Imaging Axion monocular Series Thermion Thermal riflescopes and Digex Night Vision riflescopes Devices Merger LRF Thermal Vision Binoculars","Generic","-","Sports & Outdoors",1838262,"N/A","N/A","N/A","N/A","Night Vision Monoculars",460,169,-20,0,0,,"-","-",1,5,,"N/A",1,1,"N/A","N/A","N/A","N/A","N/A","N/A","N/A","N/A","11/30/2024",24,7,0,0
"https://amazon.com/dp/B0CHK354J5","https://m.media-amazon.com/images/I/716j1S0EpiL._SX450_.jpg","B0CHK354J5","HALCONTORNO Night Vision Binoculars - Full Color in Darkness, Binoculars for Adults, 4K Video with Sound, Night Vision Goggles, 4.2"" OLED Screen, Hunting Accessories, 64GB TF Card, Gadgets for Men","HALCONTORNO","FBA","Sports & Outdoors",1839123,"N/A","N/A","N/A","N/A","Night Vision Binoculars & Goggles",1049,59.99,-46,0,0,-133,"-","-",1,2,"WayTo","Hong Kong",1,2,"N/A","Large Standard-Size",4.2,7.5,9.1,2.2,144.32,398.13,"07/31/2024",29,7,0,0
"https://amazon.com/dp/B0D7J4D79F","https://m.media-amazon.com/images/I/51-lIH+bdML._SX450_.jpg","B0D7J4D79F","ST Photonis Pvs-14 Night Vision Monocular Green Phosphor","Superior Tactical LLC S","FBM","Sports & Outdoors",1842512,198715227673,00198715227673,0198715227673,"N/A","Night Vision Monoculars",462,2999,-9,0,0,,"-","-","N/A","N/A","superiortac","USA",1,1,"N/A","N/A","N/A","N/A","N/A","N/A","N/A","N/A","07/31/2024",21,1,0,"N/A"
"https://amazon.com/dp/B0G5YJLBP9","https://m.media-amazon.com/images/I/71Eno3rD1KL._SX450_.jpg","B0G5YJLBP9","HMWOKPOT Head Mounted Night Vision Goggles, 4K Infrared Digital Night Vision Night Vision Binoculars for Adults - 4500Mah Rechargeable Battery","HMWOKPOT","FBM","Sports & Outdoors",1844301,"N/A","N/A",3001578006132,"N/A","Night Vision Binoculars & Goggles",1060,159.92,"N/A",0,0,,"-","-","N/A","N/A","HMWOKPOT Shop","China",1,0,"N/A","N/A","N/A","N/A","N/A","N/A","N/A","N/A","12/31/2025",3,7,0,"N/A"
"https://amazon.com/dp/B0D7WS6GJM","https://m.media-amazon.com/images/I/41Pb758+2OL._SX450_.jpg","B0D7WS6GJM","Tactical Dummy Night Vision Binoculars Model, Rotatable Goggles Helmet Mounts Compatible, Simulated Green Light, Cable & Case(BK)","Let Me Be","FBA","Sports & Outdoors",1846258,"N/A","N/A","N/A","N/A","Night Vision Binoculars & Goggles",1053,35.99,-8,0,0,,"-","-","N/A","N/A","let me be","China",1,1,"N/A","Large Standard-Size",4.13,5.51,6.81,0.78,78.13,215.54,"09/30/2024",21,4,2,"N/A"
"https://amazon.com/dp/B0D7WYK9BG","https://m.media-amazon.com/images/I/31ufWWbFxZL._SX450_.jpg","B0D7WYK9BG","Tactical Dummy Night Vision Binoculars Model, Rotatable Goggles Helmet Mounts Compatible, Simulated Green Light, Cable & Case(T)","Let Me Be","FBA","Sports & Outdoors",1846522,"N/A","N/A","N/A","N/A","Night Vision Binoculars & Goggles",1062,35.99,-10,0,0,,"-","-","N/A","N/A","let me be","China",1,1,"N/A","Large Standard-Size",7.1,4.7,3.9,0.73,65.52,180.75,"09/30/2024",21,4,2,"N/A"
"https://amazon.com/dp/B09NBPW5C5","https://m.media-amazon.com/images/I/611HrXHGJmL._SX450_.jpg","B09NBPW5C5","Night Vision Goggles PS15 Gen 2+, Infrared Night Vision Binoculars for Adults - for Hunting, Spy, Military, Tactical, Security","Teslord","FBM","Sports & Outdoors",1846742,707310955371,"N/A",0707310955371,"N/A","Night Vision Binoculars & Goggles",1054,3515,-41,0,0,-125,"-","-","N/A","N/A","Teslord","China",1,2,-60,"N/A","N/A","N/A","N/A","N/A","N/A","N/A","09/30/2024",54,7,0,"N/A"
"https://amazon.com/dp/B07PKCKN3M","https://m.media-amazon.com/images/I/51WVtqseAjL._SX450_.jpg","B07PKCKN3M","Wbestexercises Night Driving Glasses,Night Driving Polarized View Safety Glasses Anti glare Anti reflective HD Night Vision","Wbestexercises","FBM","Sports & Outdoors",1847628,736342868755,"N/A",0736342868755,"N/A","Night Vision Binoculars & Goggles",1065,14.36,-22,0,0,,"-","-",8,3.3,"efancy","China",1,2,"N/A","Large Standard-Size",1.1,2.05,6.1,0.07,"N/A","N/A","03/31/2025",82,9,0,0
"https://amazon.com/dp/B0CN6ZQN2M","https://m.media-amazon.com/images/I/61g+l6HC6CL._SX450_.jpg","B0CN6ZQN2M","High-Sensitivity Handheld Thermal Monocular,Thermal Night Vision Imaging Monocular with Heat Vision for Hunting, 8X Digital Zoom, Adjustable Palettes & Brightness, 15mm Focal Length 256x192","OWLNV","FBM","Sports & Outdoors",1848286,"N/A","N/A","N/A","N/A","Night Vision Monoculars",463,499.98,-70,0,0,-100,"-","-",1,5,"Owlnv","China",2,0,"N/A","Large Standard-Size",2.24,2.24,6.26,0.73,"N/A","N/A","05/31/2024",28,10,0,0
"https://amazon.com/dp/B0DPXCQ4WV","https://m.media-amazon.com/images/I/61k4XMY-qhL._SX450_.jpg","B0DPXCQ4WV","PVS-14 Night Vision Monocular Dual Mount Adapter Powered Dual Bridge Mount","okyass","FBM","Sports & Outdoors",1848456,"N/A","N/A","N/A","N/A","Night Vision Binoculars & Goggles",1056,95.99,-19,0,0,,"-","-","N/A","N/A","HuangJinKu","China",1,1,"N/A","N/A","N/A","N/A","N/A","N/A","N/A","N/A","09/30/2025",15,7,0,"N/A"
"https://amazon.com/dp/B0DQWW2XKZ","https://m.media-amazon.com/images/I/711BJ-I01CL._SX450_.jpg","B0DQWW2XKZ","Darkonix CY900 Night Vision Scope, 21x Scope HD 1080P for Total Darkness Hunting, Built-in Rangefinder Scopes, 850nm Day/Night Monocular Goggles with Camera & Video","Darkonix","FBM","Sports & Outdoors",1858812,"N/A","N/A","N/A","N/A","Night Vision Monoculars",465,699,"N/A",0,0,,"-","-",1,5,"Darkonix Outdoors","China",1,4,"N/A","N/A","N/A","N/A","N/A","N/A","N/A","N/A","07/31/2025",15,9,0,0.24
"https://amazon.com/dp/B0CPLLRHQC","https://m.media-amazon.com/images/I/71KI+-JoR3L._SX450_.jpg","B0CPLLRHQC","Kethvoz 4K Night Vision Binoculars, 8X Digital Zoom & 7-Level Adjustable IR - 1080P HD Video Recording & 36MP Photos, with 32GB Card, Ideal for Hunting, Camping, Security Surveillance","Kethvoz","FBA","Sports & Outdoors",1863555,"N/A","N/A","N/A","N/A","Night Vision Binoculars & Goggles",1068,85.99,1,0,0,-138,"-","-",1,5,"HomKiang","China",1,0,"N/A","Large Standard-Size",6.3,2.36,7.87,1.1,58.99,162.73,"11/30/2025",27,8,0,0
"https://amazon.com/dp/B0D7BYPHYJ","https://m.media-amazon.com/images/I/51eZrfRuvzL._SX450_.jpg","B0D7BYPHYJ","Binocular Bridge System, Outdoor Night Vision Helmet Mount, Metal Helmet Mount, PVS-14 Helmet Mount, Black","AWETHE","FBM","Sports & Outdoors",1865145,735813762974,"N/A",0735813762974,"N/A","Night Vision Binoculars & Goggles",1061,179.99,-49,0,0,,"-","-","N/A","N/A","aopn optics","China",2,0,"N/A","N/A","N/A","N/A","N/A","N/A","N/A","N/A","10/31/2024",21,6,0,"N/A"
"https://amazon.com/dp/B0BX9T4JK6","https://m.media-amazon.com/images/I/51n9O9kD2LL._SX450_.jpg","B0BX9T4JK6","BEESOM PVS-14 Night Vision Goggles, Digital Night Vision for Dark, Infrared Monocular for Hunting, Camping, Travel","BEESOM","FBM","Sports & Outdoors",1868223,"N/A","N/A",7893164152714,"N/A","Night Vision Monoculars",469,324.49,-50,1,1,,354.16,354.1,"N/A","N/A","BINZHOU SHOP","China",2,2,"N/A","Large Standard-Size",7.87,5.12,3.94,2.2,"N/A","N/A","02/28/2026",36,7,0,"N/A"
"https://amazon.com/dp/B0DNQPDCZ3","https://m.media-amazon.com/images/I/61h4Uo4uVaL._SX450_.jpg","B0DNQPDCZ3","EliteZ Night Vision Goggles, 4K Full-Color Night Vision Binoculars for Adults, 7 Gear Night Vision, 8X Digital Zoom, 32GB Card to Save Photos and Videos, Ideal for Camping & Hiking (Black)","EliteZ","FBA","Sports & Outdoors",1873847,"N/A","N/A",6967747507008,"N/A","Night Vision Binoculars & Goggles",1066,79.99,-34,0,0,,"-","-",2,3,"EliteZ","China",2,0,"N/A","Large Standard-Size",8.86,6.89,3.35,2.13,102.96,284.03,"05/31/2025",16,9,1,0
"https://amazon.com/dp/B0CDH6NFGW","https://m.media-amazon.com/images/I/61mjMjjmiHL._SX450_.jpg","B0CDH6NFGW","Night Vision Goggles,1080P Infrarednight Binoculars with 5X Digital Zoom, 2.4” LCD Display, for Hunting, Camping, Travel, Surveillance","EliteZ","FBM","Sports & Outdoors",1881049,"N/A","N/A",6955504979878,"N/A","Night Vision Binoculars & Goggles",1078,45.99,-18,0,0,,"-","-","N/A","N/A","EliteZ","China",1,0,"N/A","Large Standard-Size",7.09,5.12,3.15,0.9,"N/A","N/A","11/30/2024",31,9,1,"N/A"
"https://amazon.com/dp/B0DD2VWKBV","https://m.media-amazon.com/images/I/51ifRHAuizL._SX450_.jpg","B0DD2VWKBV","ExploreHorizon Plastic Black R6 Digital Night Vision Binoculars 1080p Full Infrared Night Vision Goggles for Camping Travel Black","ExploreHorizon","Amazon","Sports & Outdoors",1890992,"N/A","N/A",6967710635547,"N/A","Night Vision Binoculars & Goggles",1074,47.51,-31,0,0,,"-","-","N/A","N/A","Amazon","N/A",1,1,"N/A","Large Standard-Size",9.84,3.94,2.36,1.72,"N/A","N/A","06/30/2025",19,8,1,"N/A"
"https://amazon.com/dp/B0BX8DJVK2","https://m.media-amazon.com/images/I/51spMWYMYcL._SX450_.jpg","B0BX8DJVK2","NV1182 Digital Night Vision Binoculars with Recording Mini HD 1080P View Goggles (NV1182-8)","GOYOJO","FBM","Sports & Outdoors",1899819,614166912796,"N/A",0614166912796,"N/A","Night Vision Binoculars & Goggles",1088,150.9,-74,0,0,,"-","-","N/A","N/A","HUITEN","China",2,0,"N/A","N/A","N/A","N/A","N/A","N/A","N/A","N/A","-",13,3,0,"N/A"
"https://amazon.com/dp/B0DCPXQ6P8","https://m.media-amazon.com/images/I/51TwaUrD0AL._SX450_.jpg","B0DCPXQ6P8","ATN NVMPPVS1453HFW PVS14-3HFW, Night Vision Monocular 51 FOV- Super High-Performance FOM 2376+ Gen 3 Auto-Gated, P45 White Phospher","ATN","FBM","Sports & Outdoors",1901031,658175124368,00658175124368,0658175124368,"N/A","Night Vision Monoculars",473,7249,-2,0,0,,"-","-","N/A","N/A","EuroOptic (✅ Authorized Dealer ✅ Fastest Shipping)","USA",1,2,"N/A","Large bulky",12,15,10,5,"N/A","N/A","02/28/2025",19,1,0,"N/A"
"https://amazon.com/dp/B0DHGJRCVC","https://m.media-amazon.com/images/I/417pEMsTCfL._SX450_.jpg","B0DHGJRCVC","ORPUNA M250 HD Digital Night Vision Monocular Mount Rail Attachment Base Adapter，CNC Quick Release Metal Clamp ，Fits Scope Attachment or Standalone Night Vision Scopes，for 20mn Picatinny Rail Mountin","ORPUNA","FBM","Sports & Outdoors",1908058,"N/A","N/A","N/A","N/A","Night Vision Monoculars",474,85.99,-22,0,0,,"-","-","N/A","N/A","aopn optics","China",2,1,"N/A","N/A","N/A","N/A","N/A","N/A","N/A","N/A","08/31/2024",18,7,0,"N/A"
"https://amazon.com/dp/B0CH3D2SQQ","https://m.media-amazon.com/images/I/51Z1Uf3HUSL._SX450_.jpg","B0CH3D2SQQ","FMA Tactica GPNVG18 Night Vision Cag/BNVS Version Model & Battery case& Wire TB1289 (BNVS Version)","FMA","FBM","Sports & Outdoors",1908095,753165667167,"N/A",0753165667167,"N/A","Night Vision Binoculars & Goggles",1084,218.99,-36,0,0,,"-","-",1,5,"zhao66277","China",1,0,"N/A","N/A","N/A","N/A","N/A","N/A","N/A","N/A","12/31/2024",30,9,0,0
"https://amazon.com/dp/B0CTH2P96M","https://m.media-amazon.com/images/I/41ERdSARwML._SX450_.jpg","B0CTH2P96M","Andoer Professional Digital Night Vision Monocular 2.5K Rechargeable 10x Zoom for Birdwatching Travel Sightseeing Hunting Camping","Andoer","FBM","Sports & Outdoors",1908333,"N/A","N/A","N/A","N/A","Night Vision Monoculars",475,34.89,-51,1,1,,18.61,18.54,"N/A","N/A","QQjiatrading","China",1,4,"N/A","Large Standard-Size",6.3,3.94,3.15,0.78,"N/A","N/A","04/30/2025",25,9,0,"N/A"
"https://amazon.com/dp/B0CW1LVB59","https://m.media-amazon.com/images/I/61RMsgr9C2L._SX450_.jpg","B0CW1LVB59","Head Mounted 4K HD Night Vision, 8X Zoom Night Vision Monocular Digital Infrared Monocular, with Photo and Video Shooting, Built-in 3000mAh Lithium Battery IP54, for Hunting, Camping, Surveillance","GOYOJO","FBM","Sports & Outdoors",1909103,658361253926,"N/A",0658361253926,"N/A","Night Vision Monoculars",476,149,-50,0,0,-160,"-","-",1,5,"HUITEN","China",2,2,"N/A","Large Standard-Size",4,4,5,2,"N/A","N/A","07/31/2024",25,7,0,0
"https://amazon.com/dp/B089BXXJC5","https://m.media-amazon.com/images/I/71q8o34aPeL._SX450_.jpg","B089BXXJC5","ArmorMason 8"" 4-Pin ANVIS Battery Pack to PVS-31 BNVD Adapter Cable for NVG Night Vision Systems","Armorwerx","FBA","Sports & Outdoors",1909252,804084809944,"N/A",0804084809944,"N/A","Night Vision Binoculars & Goggles",1096,149.99,-47,0,0,,"-","-",2,5,"The Mercenary Company","USA",1,1,-83,"Small Standard-Size",0.43,5.16,5.71,0.09,6.38,17.6,"07/31/2024",88,1,0,0
"https://amazon.com/dp/B07YCY91KS","https://m.media-amazon.com/images/I/51Pb5wHiolL._SX450_.jpg","B07YCY91KS","AGM Global Vision FoxBat 5 NL2 Gen 2+""""Level 2"""" Night Vision Bi-Ocular","AGM Global Vision","Amazon","Sports & Outdoors",1910603,810027770554,"N/A",0810027770554,"N/A","Night Vision Binoculars & Goggles",1088,1593.18,-40,0,0,-100,"-","-",1,4,"Amazon","N/A",1,0,"N/A","Large Standard-Size",7.87,13.98,17.99,12.39,"N/A","N/A","10/31/2025",78,8,0,0
"https://amazon.com/dp/B0CKT8RG67","https://m.media-amazon.com/images/I/51ctfP0Tx1L._SX450_.jpg","B0CKT8RG67","Aetheria NV8300 3D 4K Night Vision Goggles Helmet-Mounted, Binoculars Gear IR Night Vision Telescope Infrared Night Vision Binoculars with 32GB Memory Card","Aetheria","FBM","Sports & Outdoors",1915483,"N/A","N/A",7840911084484,"N/A","Night Vision Binoculars & Goggles",1090,259.99,-40,0,0,,"-","-","N/A","N/A","ZhangLindezuimeixiaodian","China",1,0,"N/A","Large Standard-Size",7.87,7.09,3.94,2.58,"N/A","N/A","08/31/2024",29,7,0,"N/A"
"https://amazon.com/dp/B0CY9Q77RX","https://m.media-amazon.com/images/I/51tjP5noiEL._SX450_.jpg","B0CY9Q77RX","jojofuny Compact Monocular Telescope Night Vision High Definition Scope for Adults for Hunting and Hiking","jojofuny","FBM","Sports & Outdoors",1923680,"N/A","N/A","N/A","N/A","Night Vision Binoculars & Goggles",1094,15.39,"N/A",0,0,,"-","-","N/A","N/A","Summer Seconds","China",1,0,"N/A","N/A","N/A","N/A","N/A","N/A","N/A","N/A","12/31/2025",24,9,0,"N/A"
"https://amazon.com/dp/B082RF18V4","https://m.media-amazon.com/images/I/61MUGkD7UKL._SX450_.jpg","B082RF18V4","Day/Night Colorful Digital Night Vision Scope w/Video Rec (NVR-10)","Sniper","FBM","Sports & Outdoors",1927792,"N/A","N/A",6970085468146,"N/A","Night Vision Binoculars & Goggles",1109,599.99,"N/A",0,0,,"-","-",69,3.7,"Texas Precision Optics","USA",1,0,"N/A","Large Standard-Size",4.5,6,17.1,2.9,"N/A","N/A","06/30/2024",75,9,0,0
"https://amazon.com/dp/B0CKTSGRQY","https://m.media-amazon.com/images/I/51+NWJNxMiL._SX450_.jpg","B0CKTSGRQY","SUZLAZYR Night Vision Goggles Head Mounted, Night Vision Binoculars, Night Vision Goggles Military Tactical, 8X Digital Zoom Infrared Goggles for Adults, Include 32GB SD Card","SUZLAZYR","FBM","Sports & Outdoors",1932056,"N/A","N/A",1091428692044,"N/A","Night Vision Binoculars & Goggles",1102,209.99,-43,0,0,,"-","-",3,4,"MaoTuo","China",1,0,"N/A","N/A","N/A","N/A","N/A","N/A","N/A","N/A","03/31/2024",29,6,0,0
"https://amazon.com/dp/B0DT9N2QFH","https://m.media-amazon.com/images/I/61cNSEt+f1L._SX450_.jpg","B0DT9N2QFH","WGFXYBFY NVG 40 Pro Night Vision Goggles for Adults, 4K Helmet Mounted Night Vision Monocular, 6X Digital Zoom 4-Level Dual Infrared Adjustment (850nm, 940nm), WiFi Connection, for Camping","WGFXYBFY","FBM","Sports & Outdoors",1934434,"N/A","N/A",1092148482847,"N/A","Night Vision Monoculars",477,289.99,"N/A",0,0,,"-","-","N/A","N/A","Xiaofugui Shop","China",1,0,"N/A","N/A","N/A","N/A","N/A","N/A","N/A","N/A","-",14,7,0,"N/A"
"https://amazon.com/dp/B0B2D8G8FY","https://m.media-amazon.com/images/I/61m2oo1ZLYL._SX450_.jpg","B0B2D8G8FY","Night Vision Goggles NVG Mount-Black Helmet Mount -Night Vision Model Metal Dumper for PVS14/PVS18/PVS15/PVS7（Night Vision Goggle NOT Included）","Teslord","FBM","Sports & Outdoors",1937132,767738683652,"N/A",0767738683652,"N/A","Night Vision Binoculars & Goggles",1105,150,-38,0,0,,"-","-",2,2.1,"Teslord","China",1,0,"N/A","Large Standard-Size",7.09,4.72,3.15,0.66,"N/A","N/A","09/30/2024",46,7,0,0
"https://amazon.com/dp/B0DJCDP9JZ","https://m.media-amazon.com/images/I/61RMz3mXm0L._SX450_.jpg","B0DJCDP9JZ","Predator Thermal Optics Matrix 15-384 Thermal Monocular","Predator Thermal Optics","FBM","Sports & Outdoors",1940407,666945619341,"N/A",0666945619341,"N/A","Night Vision Monoculars",479,1199.99,174,0,0,,"-","-","N/A","N/A","Predator Hunter Outdoors","USA",2,0,"N/A","Large Standard-Size",15,7,6,4,"N/A","N/A","12/31/2025",17,9,0,"N/A"
"https://amazon.com/dp/B0FWK4LDC3","https://m.media-amazon.com/images/I/41YT5zI1PdL._SX450_.jpg","B0FWK4LDC3","Theless Gear Night Vision Scope – 1080P Digital Infrared Attachment for Rifle Scopes, 850nm & 940nm IR, 4X Zoom, Tactical Hunting Optics, Long Range Night Vision Monocular","Theless Gear","FBM","Sports & Outdoors",1941362,762168398510,"N/A",0762168398510,"N/A","Night Vision Monoculars",479,129.99,"N/A",0,0,,"-","-","N/A","N/A","Theless Gear","China",1,0,"N/A","N/A",6,4.1,1.5,"N/A","N/A","N/A","-",5,9,0,"N/A"
"https://amazon.com/dp/B0CXHW4FFX","https://m.media-amazon.com/images/I/51rVZOnHymL._SX450_.jpg","B0CXHW4FFX","Thermal Scope for Night Vision Hunting with Crosshairs 384x288 Resolution 2x-10x Zoom 30mm Lens Night Vision Scope Easy Zeroing","Guune","FBM","Sports & Outdoors",1946284,"N/A","N/A","N/A","N/A","Night Vision Monoculars",481,1350,-11,0,0,,"-","-",1,5,"shenzhenshijinmanxiukejiyouxiangongsi","China",1,0,"N/A","Large Standard-Size",17.72,6.3,4.72,4.41,"N/A","N/A","06/30/2024",24,6,0,0
"https://amazon.com/dp/B07DGM5FQ8","https://m.media-amazon.com/images/I/41Rd4SDchDL._SX450_.jpg","B07DGM5FQ8","Integrated Components ANVIS Ground Mount Adapter with Mount Viewer and Rhino Back Plate (Size 3)","Integrated Components ANVIS","FBM","Sports & Outdoors",1948800,735255927283,"N/A",0735255927283,"N/A","Night Vision Monoculars",482,625,100,0,0,-129,"-","-","N/A","N/A","MODArmory","USA",1,2,100,"N/A","N/A","N/A","N/A","N/A","N/A","N/A","12/31/2025",93,3,2,"N/A"
"https://amazon.com/dp/B0DKN7R112","https://m.media-amazon.com/images/I/51fDJIN28+L._SX450_.jpg","B0DKN7R112","All-Metal J-arm Night Vision NVG Mount for AN/PVS-14 Monocular, with Rotating Knuckle for Attachment to Helmets, Black","ZTFSETD","FBM","Sports & Outdoors",1951632,730818963234,"N/A",0730818963234,"N/A","Night Vision Monoculars",484,45.99,20,0,0,,"-","-","N/A","N/A","Kunshan Chuangxing","China",1,0,"N/A","N/A","N/A","N/A","N/A","N/A","N/A","N/A","11/30/2025",17,7,0,"N/A"
"https://amazon.com/dp/B0D538YG7Z","https://m.media-amazon.com/images/I/413b1udNnUL._SX450_.jpg","B0D538YG7Z","PVS-14 Digital Night Vision 2X IR LED Day/Night for Hunting","YSS","FBA","Sports & Outdoors",1952467,027685071965,"N/A",0027685071965,"N/A","Night Vision Binoculars & Goggles",1121,219,-5,0,0,,"-","-","N/A","N/A","YSSCORP","China",1,1,"N/A","Large Standard-Size",3.3,5,7,0.56,58.15,160.42,"01/31/2025",22,4,0,"N/A"
"https://amazon.com/dp/B07THMFMY4","https://m.media-amazon.com/images/I/41IUAIgqAsL._SX450_.jpg","B07THMFMY4","Gexgune Tactical Airsoft Military Helmet Mount kit Helmet NVG Mount for Night Vision Goggle PVS14 PVS7","Gexgune","FBM","Sports & Outdoors",1964103,"N/A","N/A",8414741805473,"N/A","Night Vision Binoculars & Goggles",1129,28.99,-31,0,0,-150,"-","-","N/A","N/A","Aeryoyo US","China",1,1,"N/A","N/A","N/A","N/A","N/A","N/A","N/A","N/A","11/30/2025",81,6,0,"N/A"
"https://amazon.com/dp/B0FVTLQ6Z3","https://m.media-amazon.com/images/I/61wY4cv2h-L._SX450_.jpg","B0FVTLQ6Z3","Wisoqu Night Vision Monocular, 4K Digital Infrared Night Vision with 1.54"" Larger Screen, 28X Digital Zoom Infrared Monocular Telescope, 4800mAh Rechargeable Battery","Wisoqu","FBA","Sports & Outdoors",1964402,"N/A","N/A","N/A","N/A","Night Vision Monoculars",483,67.47,-32,0,0,,"-","-","N/A","N/A","Tenqee","China",1,0,"N/A","Large Standard-Size",7.87,4.33,3.54,0.63,60.83,167.82,"-",5,9,0,"N/A"
"https://amazon.com/dp/B0D14796Y2","https://m.media-amazon.com/images/I/51A31AK3nEL._SX450_.jpg","B0D14796Y2","Hanlong Tactical GPNVG 18 Night Vision Goggles Dummy NVG Model No Function, Black","Hanlong","FBM","Sports & Outdoors",1965501,753165668256,"N/A",0753165668256,"N/A","Night Vision Binoculars & Goggles",1120,32.99,-6,0,0,,"-","-","N/A","N/A","zhao66277","China",1,0,"N/A","N/A","N/A","N/A","N/A","N/A","N/A","N/A","-",23,9,0,"N/A"
"https://amazon.com/dp/B0CQK4R2LQ","https://m.media-amazon.com/images/I/61z1uFeknoL._SX450_.jpg","B0CQK4R2LQ","Chestnut-YX Tactical AN/PVS15 Helmet Night Vision Goggles No Function Dummy Model Airsoft Paintball PVS15 Dual-Tube Binocular Night Vision Goggles Tactical Helmet Accessories for Outdoor Game Cosplay","Chestnut-YX","FBM","Sports & Outdoors",1965748,"N/A","N/A",7758941365223,"N/A","Night Vision Binoculars & Goggles",1131,54.9,-22,0,0,-143,"-","-","N/A","N/A","Chestnut-YX","China",1,3,200,"N/A","N/A","N/A","N/A","N/A","N/A","N/A","07/31/2024",27,7,0,"N/A"
"https://amazon.com/dp/B0CZ9DZHRP","https://m.media-amazon.com/images/I/61jhAPZTZjL._SX450_.jpg","B0CZ9DZHRP","SUZLAZYR NV8260 Night Vision Goggles | 984ft Long Distance | 8X Digital Zoom, 7 Levels 850nm IR | Head Mounted | Night Vision Monocular | HD Recording, 32GB","SUZLAZYR","FBM","Sports & Outdoors",1974645,"N/A","N/A",1091985545258,"N/A","Night Vision Monoculars",487,139.99,"N/A",0,0,,"-","-","N/A","N/A","MaoTeng","China",1,0,"N/A","N/A","N/A","N/A","N/A","N/A","N/A","N/A","-",24,7,0,"N/A"
"https://amazon.com/dp/B0BTYCVN9H","https://m.media-amazon.com/images/I/61XAWETtPFL._SX450_.jpg","B0BTYCVN9H","mincl Rimless Rectangular Night Vision Glasses Male Driving: Anti Glare Al-Mg Frame Night Driving Glasses for Men (2pcs-black Night vision&gray Night vision)","mincl","FBA","Sports & Outdoors",1975748,"N/A","N/A","N/A","N/A","Night Vision Binoculars & Goggles",1126,17.99,-14,0,0,,"-","-","N/A","N/A","Mincl Glasses","China",2,2,-50,"Large Standard-Size",2.24,2.95,6.93,0.2,23.06,63.6,"06/30/2024",37,9,1,"N/A"
"https://amazon.com/dp/B07BRM6HCW","https://m.media-amazon.com/images/I/71UiCmRNAJL._SX450_.jpg","B07BRM6HCW","FMA Hunting Tactical PAS-29 Dummy No Function Model for NVG PVS31 TB1287","FMA","FBM","Sports & Outdoors",1980598,753165666740,"N/A",0753165666740,"N/A","Night Vision Binoculars & Goggles",1129,40.98,-15,0,0,-150,"-","-",1,5,"zhao66277","China",1,1,"N/A","Large Standard-Size",2.99,5,5.47,0.44,"N/A","N/A","01/31/2025",53,7,0,0
"https://amazon.com/dp/B0DCQ9W4RM","https://m.media-amazon.com/images/I/51TwaUrD0AL._SX450_.jpg","B0DCQ9W4RM","ATN NVMPPVS143HFW PVS14-3HFW, Night Vision Monocular - Super High-Performance FOM 2376+ Gen 3 Auto-Gated, P45 White Phospher","ATN","FBM","Sports & Outdoors",1985578,658175124290,"N/A",0658175124290,"N/A","Night Vision Monoculars",489,6699,-42,0,0,,"-","-","N/A","N/A","EuroOptic (✅ Authorized Dealer ✅ Fastest Shipping)","USA",2,0,"N/A","Large bulky",12,15,10,5,"N/A","N/A","-",19,1,0,"N/A"
"https://amazon.com/dp/B09DSV1QX2","https://m.media-amazon.com/images/I/61+WpsS3YfL._SX450_.jpg","B09DSV1QX2","Teslord PS31 Night Vision Goggles for Hunting, Spotting and Surveillance - Infrared Binoculars Head-Mounted Night Vision with 100% Clear Vision in Darkness","Teslord","FBM","Sports & Outdoors",1992602,632917349295,"N/A",0632917349295,"N/A","Night Vision Binoculars & Goggles",1133,3387,-60,0,0,-100,"-","-","N/A","N/A","Teslord","China",1,3,"N/A","N/A","N/A","N/A","N/A","N/A","N/A","N/A","11/30/2025",55,7,0,"N/A"
"https://amazon.com/dp/B0CQ2Z88SY","https://m.media-amazon.com/images/I/71AzQX8iZ0L._SX450_.jpg","B0CQ2Z88SY","HUVIOVED Night Vision Binoculars - NV8300 3D 4K Night Vision Goggles Helmet-Mounted with 32GB Memory Card, Waterproof Dustproof Night Vision Device for Adults","HUVIOVED","FBM","Sports & Outdoors",1993448,"N/A","N/A",1091475289969,"N/A","Night Vision Binoculars & Goggles",1134,219,-30,0,0,-150,"-","-","N/A","N/A","TROXIE-US","China",1,2,"N/A","N/A","N/A","N/A","N/A","N/A","N/A","N/A","11/30/2024",27,6,0,"N/A"
"https://amazon.com/dp/B0CM58NMXL","https://m.media-amazon.com/images/I/61F2aelwQGL._SX450_.jpg","B0CM58NMXL","AGM Global Vision 16C4O123454011 Model COMANCHE-40ER 3AW1 Night Vision Clip-on System; Manual Gain Control; Bright-Light Cut-Off System; LED Indicators; 1x Magnification; 9° FOV; Automatic Shut-Off","Generic","FBM","Sports & Outdoors",1994952,761373847752,"N/A",0761373847752,"N/A","Night Vision Monoculars",494,8767.1,-41,0,0,,"-","-","N/A","N/A","Sale Stores ✅","USA",1,0,"N/A","N/A","N/A","N/A","N/A","N/A","N/A","N/A","-",28,3,0,"N/A"
"https://amazon.com/dp/B0CM4ZHTY3","https://m.media-amazon.com/images/I/61dRMOawa0L._SX450_.jpg","B0CM4ZHTY3","AGM Global Vision 16CO2123284111 Model COMANCHE-22 3AW1 Night Vision Clip-on System; 1x Magnification; 12° FOV; Bright-Light Cut-Off System; Automatic Brightness Control; LED Indicators","Generic","FBM","Sports & Outdoors",1995028,761373847776,"N/A",0761373847776,"N/A","Night Vision Monoculars",495,7672.3,-43,0,0,,"-","-","N/A","N/A","Sale Stores ✅","USA",1,0,"N/A","N/A","N/A","N/A","N/A","N/A","N/A","N/A","-",28,2,0,"N/A"
"https://amazon.com/dp/B0DMSNMSC8","https://m.media-amazon.com/images/I/61STindqIAL._SX450_.jpg","B0DMSNMSC8","ZXLPHA Night Vision Binoculars for Adults, Binoculars Night Vision Optical Telescope High Power Definition New Outdoor 60X60 Waterproof High Clarity 3000M Maifeng for Hunting & Camping","ZXLPHA","FBM","Sports & Outdoors",2000102,"N/A","N/A",7707069129927,"N/A","Night Vision Binoculars & Goggles",1148,66.98,"N/A",0,0,,"-","-","N/A","N/A","suzhoujianfu111","China",2,0,"N/A","N/A","N/A","N/A","N/A","N/A","N/A","N/A","-",16,8,0,"N/A"
"https://amazon.com/dp/B0D3HRXG5H","https://m.media-amazon.com/images/I/71qTknr-edL._SX450_.jpg","B0D3HRXG5H","HMWOKPOT Adult Night Vision Binoculars, PVS-32 high-Definition Night Vision Device Digital Infrared Night Vision Goggles for Wildlife Observation Photography","HMWOKPOT","FBM","Sports & Outdoors",2000251,"N/A","N/A","N/A","N/A","Night Vision Binoculars & Goggles",1139,192.72,-8,0,0,,"-","-","N/A","N/A","HMWOKPOT Shop","China",1,0,"N/A","N/A","N/A","N/A","N/A","N/A","N/A","N/A","11/30/2024",22,8,0,"N/A"
"https://amazon.com/dp/B0C2D9HCW4","https://m.media-amazon.com/images/I/51oC2XuJvdL._SX450_.jpg","B0C2D9HCW4","LIEMKE MERLIN-13 Compact Lightweight Clip-On Thermal Night Vision Imaging Pre-Mounted Scope Device | Ideal for The Stalking and Forest Hunter","LIEMKE","FBM","Sports & Outdoors",2000458,810496022635,"N/A",0810496022635,"N/A","Night Vision Monoculars",496,1334,-14,0,0,,"-","-","N/A","N/A","Gritr","USA",2,1,"N/A","Large Standard-Size",3.15,4.41,7.09,1.1,"N/A","N/A","11/30/2025",35,5,0,"N/A"
"https://amazon.com/dp/B0BKY9KPTD","https://m.media-amazon.com/images/I/61NkF5uhmhL._SX450_.jpg","B0BKY9KPTD","Feiyx Night Vision Goggles Night Vision Binoculars - Digital Infrared with Military-Grade Night Vision, Tactical Gear for Hunting & Security","N/A","FBM","Sports & Outdoors",2003497,"N/A","N/A",9992601302762,"N/A","Night Vision Binoculars & Goggles",1148,227,-31,0,0,,"-","-","N/A","N/A","yinkexundashop","China",2,1,"N/A","N/A","N/A","N/A","N/A","N/A","N/A","N/A","11/30/2025",41,8,0,"N/A"
"https://amazon.com/dp/B0FRRT7QRK","https://m.media-amazon.com/images/I/61vovOJMU+L._SX450_.jpg","B0FRRT7QRK","Caseeda Thermal Imaging Monocular for Hunting,Thermal Night Vision with 256 * 192 HD AMOLED Display, Video Recording, Built-in 32GB Memory, 8X Digital Zoom, with WiFi, IP67 Waterproof","caseeda","FBA","Sports & Outdoors",2004134,"N/A","N/A","N/A","N/A","Night Vision Monoculars",498,499,-7,0,0,,"-","-",1,5,"Amagicar   store","China",1,0,"N/A","Large Standard-Size",8.8,5.3,3.5,2.2,82.19,226.72,"10/31/2025",7,9,0,0
"https://amazon.com/dp/B0DKZ2YT1K","https://m.media-amazon.com/images/I/41in7vn1YYL._SX450_.jpg","B0DKZ2YT1K","Children Adjustable LED Night Vision Goggles With Flip-Out Lights Eye Lens Glass","alektryon","FBM","Sports & Outdoors",2005577,690313106232,"N/A",0690313106232,"N/A","Night Vision Binoculars & Goggles",1151,19.58,-36,0,0,,"-","-","N/A","N/A","Rising Parts 188","China",1,0,"N/A","N/A","N/A","N/A","N/A","N/A","N/A","N/A","-",17,2,0,"N/A"
"https://amazon.com/dp/B0DX21D8LY","https://m.media-amazon.com/images/I/71K0V3c3GhL._SX450_.jpg","B0DX21D8LY","SKIOVEMI Head Mounted Night Vision Goggles/Binoculars for Adults, 4K Digital Infrared Military Tactical Night Vision Monoculars with 32G Memory Card, 1.28"" Dual Round Screen for Camping","SKIOVEMI","FBM","Sports & Outdoors",2008587,"N/A","N/A",1091475295816,"N/A","Night Vision Binoculars & Goggles",1150,209,-8,0,0,,"-","-",2,2.5,"SKIOVEMI","China",1,0,"N/A","N/A","N/A","N/A","N/A","N/A","N/A","N/A","11/30/2025",13,7,0,0
"https://amazon.com/dp/B0FJ1YHK6J","https://m.media-amazon.com/images/I/6111iTCP1AL._SX450_.jpg","B0FJ1YHK6J","Miasazyr NK008 Night Vision Scope for Hunting, 1080p HD Infrared Riflescope Monocular Camera, Built-in 850 IR Illuminator, 5X Digital Zoom","Miasazyr","FBM","Sports & Outdoors",2012814,"N/A","N/A",1092568152214,"N/A","Night Vision Monoculars",500,149.15,-39,0,0,-150,"-","-","N/A","N/A","Samanzyr","China",1,0,"N/A","N/A","N/A","N/A","N/A","N/A","N/A","N/A","11/30/2025",8,8,0,"N/A"
"https://amazon.com/dp/B0CX4WWQKG","https://m.media-amazon.com/images/I/61pueqkgavL._SX450_.jpg","B0CX4WWQKG","CNHRFGVD Digital Infrared Night Vision Binoculars 4X20 Zoom 1640 ft Viewing Range IR Camera with 4"" LCD Screen Take High-Definition Photos Videos Features for Hunting Surveillance with 32GB TF Card","CNHRFGVD","FBM","Sports & Outdoors",2015947,"N/A","N/A",9306447835078,"N/A","Night Vision Binoculars & Goggles",1145,465.97,-2,0,0,,"-","-","N/A","N/A","Nagel1982","China",2,0,"N/A","N/A","N/A","N/A","N/A","N/A","N/A","N/A","11/30/2024",24,8,0,"N/A"
"https://amazon.com/dp/B0CHM276J1","https://m.media-amazon.com/images/I/51FE2mSTZbL._SX450_.jpg","B0CHM276J1","BUTXET Hands Free Night Vision Binoculars Goggles for Adults, Head-Mounted Night Vision Goggles with 32GB SD Card, 4X Dight Zoom, 3000mAh Rechargeable Battery Powered, 984FT Infrared Viewing","BUTXET","FBM","Sports & Outdoors",2019460,"N/A","N/A",8496534472659,"N/A","Night Vision Binoculars & Goggles",1147,213.85,-10,0,0,-133,"-","-",1,5,"Dayup Store","China",1,0,"N/A","N/A",11.02,7.87,5.91,"N/A","N/A","N/A","11/30/2025",30,9,0,0
"https://amazon.com/dp/B0D4V1R1NB","https://m.media-amazon.com/images/I/61GQJslpl3L._SX450_.jpg","B0D4V1R1NB","Fuhomtre Digital Night Vision Monocular,1080P Night Vision Goggles,Rechargeable Digital Infrared Night Vision Scope with 3800 Mah,Travel Monoculars Save Photos & Videos for Camping(with 64GB Card) R7","Fuhomtre","FBM","Sports & Outdoors",2022250,"N/A","N/A","N/A","N/A","Night Vision Monoculars",504,45.99,-48,0,0,,"-","-","N/A","N/A","Fuhomtre-Store","China",1,0,"N/A","Large Standard-Size",6.3,3.15,3.15,0.67,"N/A","N/A","10/31/2025",22,9,1,"N/A"
"https://amazon.com/dp/B0CN9284QS","https://m.media-amazon.com/images/I/513s8YbMMOL._SX450_.jpg","B0CN9284QS","Night Vision Goggles, GPNVG18 Four-Tube Binocular Mount Hunting Cosplay Prop for Camping -No Function (Black)","LOCHE","FBM","Sports & Outdoors",2022314,"N/A","N/A",7326828759856,"N/A","Night Vision Binoculars & Goggles",1149,53.99,-8,0,0,,"-","-",2,1.6,"HSDFJK","China",1,1,"N/A","Large Standard-Size",4.72,3.94,12.6,0.99,"N/A","N/A","03/31/2024",28,5,1,0
"https://amazon.com/dp/B0CY8XLB6H","https://m.media-amazon.com/images/I/715vWkKy+EL._SX450_.jpg","B0CY8XLB6H","4K Night Vision Binoculars Goggles for Adults-Perfect for Boating, Hunting & Camping - 36MP Photos & Full HD Videos, Large 3'' Display, 4000mAh Rechargeable Battery, Complete with 32GB Memory Card","YangDiana","FBM","Sports & Outdoors",2022738,095900974803,"N/A",0095900974803,"N/A","Night Vision Binoculars & Goggles",1150,80.98,-11,0,0,,"-","-","N/A","N/A","Yangtongjixies","China",1,1,"N/A","N/A","N/A","N/A","N/A","N/A","N/A","N/A","09/30/2024",48,9,0,"N/A"
"https://amazon.com/dp/B0FX4N47SG","https://m.media-amazon.com/images/I/6166j6pIP9L._SX450_.jpg","B0FX4N47SG","Digital Night Vision Thermal Imager Viewing Binocular Large Field of View 18X Eyepiece 0.39 Screen with Eye Shield(NP18 Inner Core)","YZQMGCXG","FBM","Sports & Outdoors",2030455,"N/A","N/A",4001830034872,"N/A","Night Vision",1707,84.65,3,0,0,,"-","-","N/A","N/A","jiulonghuiSHOP","N/A",2,0,"N/A","Large Standard-Size",3.94,3.94,3.94,0.11,"N/A","N/A","12/31/2025",5,1,2,"N/A"
"https://amazon.com/dp/B0DCTCY8NY","https://m.media-amazon.com/images/I/51MOaKnUm3L._SX450_.jpg","B0DCTCY8NY","2000x24 HD Monocular Telescope, Mini Portable Mobile Phone Telescope with Holder Outdoor Camping Traveling Hunting Birdwatching Telescopes,A","Generic","FBM","Sports & Outdoors",2031762,"N/A","N/A","N/A","N/A","Night Vision Monoculars",507,29.67,-4,0,0,,"-","-","N/A","N/A","wykxiaodian","China",1,0,"N/A","Large Standard-Size",8.66,6.3,1.97,2.2,"N/A","N/A","-",19,8,3,"N/A"
"https://amazon.com/dp/B0C9HYJXFW","https://m.media-amazon.com/images/I/51SqPWDe1pL._SX450_.jpg","B0C9HYJXFW","Nylon Night Vision Goggle Tactical Helmet Mount for L4G24 Adaptation PVS15/18 GPNVG18 Helmet NVG Mounting Bracket","Tarnnetz","FBM","Sports & Outdoors",2035455,750439878274,"N/A",0750439878274,"N/A","Night Vision Binoculars & Goggles",1164,16.99,12,0,0,-100,"-","-","N/A","N/A","Tarnnetz Outdoor","China",1,0,"N/A","N/A","N/A","N/A","N/A","N/A","N/A","N/A","11/30/2025",28,7,2,"N/A"
"https://amazon.com/dp/B0CLM7FS8Y","https://m.media-amazon.com/images/I/71-WK9CvVfL._SX450_.jpg","B0CLM7FS8Y","SUZLAZYR Digital Night Vision Scope, 850nm Infrared Tactical Scopes with 4.3"" Display Screen, View 200m in Night, Quick Installation","SUZLAZYR","FBM","Sports & Outdoors",2043329,"N/A","N/A",1091428693676,"N/A","Night Vision Binoculars & Goggles",1154,159.99,-35,0,0,,"-","-","N/A","N/A","MaoTuo","China",1,0,"N/A","N/A","N/A","N/A","N/A","N/A","N/A","N/A","10/31/2025",29,6,0,"N/A"
"https://amazon.com/dp/B01KZICJAK","https://m.media-amazon.com/images/I/618cfXPL3nL._SX450_.jpg","B01KZICJAK","SHINU Night Vision Clip On UV400 Yellow Lenses Blue Light Blocking Clip-on(Night Vision Yellow Lens)","SHINU","FBM","Sports & Outdoors",2043553,"N/A","N/A","N/A","N/A","Night Vision Binoculars & Goggles",1155,15,-17,30,15,229,452.25,229.48,8,3.8,"SHINU EYEWEAR","China",1,106,159,"Large Standard-Size",2.28,2.6,6.42,0.04,"N/A","N/A","02/28/2026",115,5,4,3.77
"https://amazon.com/dp/B0FD3RDL5C","https://m.media-amazon.com/images/I/61ch5VDpl-L._SX450_.jpg","B0FD3RDL5C","Gslxheal Helmet Mounted Night-Vision Goggles, Night Vision Binoculars for Adults with 8X Digital Zoom, Tactical Light | 400m Range for Military Tactical","Gslxheal","FBM","Sports & Outdoors",2049949,"N/A","N/A",1092713298262,"N/A","Night Vision Binoculars & Goggles",1165,170.99,-30,0,0,,"-","-","N/A","N/A","Peng xing","China",1,0,"N/A","N/A","N/A","N/A","N/A","N/A","N/A","N/A","09/30/2025",9,7,0,"N/A"
"https://amazon.com/dp/B0DVTFWD7F","https://m.media-amazon.com/images/I/61l3QvENQOL._SX450_.jpg","B0DVTFWD7F","AGM Global Vision PVS-14E 3AW1 Enhanced Night Vision Monocular with Gen 3 Auto-Gated Level 1"", P45-White Phosphor IIT, Auto Shut-Off, Built-in IR Illuminator, Military-Grade NVG Made in USA.","AGM Global Vision","Amazon","Sports & Outdoors",2053289,810164391483,"N/A",0810164391483,"N/A","Night Vision Monoculars",509,4495,-41,0,0,-125,"-","-","N/A","N/A","Amazon","N/A",2,0,"N/A","Large Standard-Size",4.61,7.4,12.56,2.43,"N/A","N/A","10/31/2025",13,7,0,"N/A"
"https://amazon.com/dp/B01MZ64P59","https://m.media-amazon.com/images/I/41TsYh0GNlL._SX450_.jpg","B01MZ64P59","BEISON Night Vision Goggles Driving Glasses Polarized Sunglasses Anti-Glare (Silver, Night Vision Yellow)","BEISON","FBM","Sports & Outdoors",2054468,714819324577,"N/A",0714819324577,"N/A","Night Vision Binoculars & Goggles",1175,19.99,-9,0,0,,"-","-",7,4.8,"Yufen Store","China",1,0,"N/A","Large Standard-Size",2.8,2.8,7.01,0.25,"N/A","N/A","-",110,6,2,0
"https://amazon.com/dp/B0DJSBBRNB","https://m.media-amazon.com/images/I/51TQwFSgdoL._SX450_.jpg","B0DJSBBRNB","MAX14 PVS14 J-Arm NVG Mount Dovetail For Tactical Helmet，Lightweight All-Metal Night Vision Goggles Mount Adapter With Rotating Knuckle，Compatible With AN/PVS-14 Monocular,AB Night Vision RVM14 Etc","ORPUNA","FBM","Sports & Outdoors",2057855,"N/A","N/A","N/A","N/A","Night Vision Binoculars & Goggles",1179,52.99,-35,0,0,,"-","-","N/A","N/A","aopn optics","China",2,0,"N/A","N/A","N/A","N/A","N/A","N/A","N/A","N/A","09/30/2024",17,6,0,"N/A"
"https://amazon.com/dp/B08TVBG1YS","https://m.media-amazon.com/images/I/41QpG4AtsKL._SX450_.jpg","B08TVBG1YS","AGM Global Vision Model G50S Helmet Mount for Use with NVG-40 and NVG-50 Series Dual Tube Night Vision Goggle/Binoculars to be Mounted on Helmets with Mounting Shrouds","AGM Global Vision","FBM","Sports & Outdoors",2074020,810027774064,"N/A",0810027774064,"N/A","Night Vision Binoculars & Goggles",1185,375,-45,0,0,-150,"-","-","N/A","N/A","EuroOptic (✅ Authorized Dealer ✅ Fastest Shipping)","USA",1,0,"N/A","Large Standard-Size",4,3,2,0.66,"N/A","N/A","09/30/2025",32,1,0,"N/A"
"https://amazon.com/dp/B01BWUGT9W","https://m.media-amazon.com/images/I/418sK97uOHL._SX450_.jpg","B01BWUGT9W","Superior Tactical Pvs-14 Parts Kit with Accessories","Superior Tactical","FBM","Sports & Outdoors",2075051,"N/A","N/A","N/A","N/A","Night Vision",1736,899,-7,1,1,50,1017.54,1017.51,0,"N/A","superiortac","USA",1,0,"N/A","N/A","N/A","N/A","N/A","N/A","N/A","N/A","02/28/2026",121,1,0,"N/A"
"https://amazon.com/dp/B0CXG8HMVN","https://m.media-amazon.com/images/I/61tBBtnQ3vL._SX450_.jpg","B0CXG8HMVN","LEESEN PVS-14 Night Vision Goggles, IR Digital Night Vision Goggle Monocular Models - with functionality, 2X Night Vision Goggle, for Night Vision Hunting Cosplay Tactical Hunting Dummy Etc.","LEESEN","FBM","Sports & Outdoors",2075173,"N/A","N/A",9496269007576,"N/A","Night Vision Monoculars",513,229.99,-36,0,0,,"-","-",1,2,"Cloud Pigeon","China",1,0,"N/A","Large Standard-Size",1.18,0.79,0.39,1.65,"N/A","N/A","03/31/2024",24,7,1,0
"https://amazon.com/dp/B0D7MMD8W3","https://m.media-amazon.com/images/I/619BlyRQXEL._SX450_.jpg","B0D7MMD8W3","HMWOKPOT 4K Infrared Night Vision Goggles, 3D Head-Mounted Night Vision Binoculars Night Vision Scope Accommodating Nearsightedness and Farsightedness","HMWOKPOT","FBM","Sports & Outdoors",2075297,"N/A","N/A","N/A","N/A","Night Vision Binoculars & Goggles",1186,229.59,-22,0,0,,"-","-","N/A","N/A","HMWOKPOT Shop","China",1,0,"N/A","N/A","N/A","N/A","N/A","N/A","N/A","N/A","08/31/2024",21,8,0,"N/A"
"https://amazon.com/dp/B0915DTJS4","https://m.media-amazon.com/images/I/61K1S0HTrmL._SX450_.jpg","B0915DTJS4","FMA Tactical GPNVG18 Dummy Model Night Vision Goggles & L4G19 NVG Helmet Mount Plastic Bracket No Function","FMA","FBM","Sports & Outdoors",2083448,761587389765,"N/A",0761587389765,"N/A","Night Vision Binoculars & Goggles",1188,59.98,-3,0,0,,"-","-",38,3.5,"zhao66277","China",1,0,"N/A","N/A","N/A","N/A","N/A","N/A","N/A","N/A","12/31/2024",60,9,0,0
"https://amazon.com/dp/B0FD6SN7TG","https://m.media-amazon.com/images/I/51eaoS8Eo4L._SX450_.jpg","B0FD6SN7TG","Vaguelly High-Powered Monocular Telescope Night Portable for Outdoor Hiking Bird Watching Boys and Girls","Vaguelly","FBM","Sports & Outdoors",2084949,"N/A","N/A","N/A","N/A","Night Vision Monoculars",517,13.59,-34,0,0,-100,"-","-","N/A","N/A","Bustling Xin","China",1,0,"N/A","Large Standard-Size",6.69,2.56,2.56,0.63,"N/A","N/A","10/31/2025",9,9,0,"N/A"
"https://amazon.com/dp/B0FLDL7Q2V","https://m.media-amazon.com/images/I/51BtnceHASL._SX450_.jpg","B0FLDL7Q2V","Caseeda Thermal Monocular for Hunting,Night Vision Scope with HD AMOLED Display, Video Recording, Built-in 32GB Memory, 8X Digital Zoom, 2200ft Range, WiFi, IP67 Waterproof","caseeda","-","Sports & Outdoors",2093866,"N/A","N/A","N/A","N/A","Night Vision Monoculars",519,465,-17,0,0,,"-","-","N/A","N/A",,"N/A",1,0,"N/A","Large Standard-Size",8.8,5.3,3.5,2.2,"N/A","N/A","10/31/2025",7,8,1,"N/A"
"https://amazon.com/dp/B0D2DC1RDW","https://m.media-amazon.com/images/I/513s8YbMMOL._SX450_.jpg","B0D2DC1RDW","RIDID GPNVG18 Night Vision Goggles Military Tactical, Four-Tube Binocular Night Vision Goggles Mount Cosplay Prop Nonfunctional, Black, A1V9Z16Y22LR00PB2D9OSR","RIDID","FBM","Sports & Outdoors",2094453,"N/A","N/A",6112621266667,"N/A","Night Vision Binoculars & Goggles",1191,52.89,-14,0,0,,"-","-","N/A","N/A","HYQCTFR","China",1,0,"N/A","Large Standard-Size",4.72,3.94,12.6,1.47,"N/A","N/A","04/30/2024",23,5,2,"N/A"
"https://amazon.com/dp/B0FHHD284Z","https://m.media-amazon.com/images/I/41sPQW5v68L._SX450_.jpg","B0FHHD284Z","Night Vision Goggles Binoculars Base Mount Aluminum Fixed Bracket Track Clip 10-21mm Universal Dovetail，Compatible With Henbaker CY789 NVG System Mounting，Fits For 10mm To 20mm Rail System Mounting","AWETHE","FBM","Sports & Outdoors",2098342,"N/A","N/A","N/A","N/A","Night Vision Binoculars & Goggles",1206,76.98,-35,0,0,,"-","-","N/A","N/A","MANGO OPTICS","China",1,0,"N/A","N/A","N/A","N/A","N/A","N/A","N/A","N/A","-",8,7,0,"N/A"
"https://amazon.com/dp/B0FG7XG5VD","https://m.media-amazon.com/images/I/71zBORDX7vL._SX450_.jpg","B0FG7XG5VD","KINGSEVEN Large Night Vision Glasses Explore Brighter Nights Fashion Glasses Essential for Men and Women on the Journey! (Mate Black+Bright Black+Gray)","KINGSEVEN","FBA","Sports & Outdoors",2112210,"N/A","N/A","N/A","N/A","Night Vision Binoculars & Goggles",1212,21.99,-65,1,1,,23.86,23.81,"N/A","N/A","KINGSEVEN Glasses","China",1,0,"N/A","Large Standard-Size",6.93,3.62,3.54,0.99,44.77,123.51,"02/28/2026",8,7,6,"N/A"
"https://amazon.com/dp/B0C4HVQH5Y","https://m.media-amazon.com/images/I/81j-8e-wEdL._SX450_.jpg","B0C4HVQH5Y","RexingUSA B1 Pro - 4K IR Night Vision Digital Binocular, 4K(2160P) Resolution, IR Night Vision, Videos, Photos, 4X Digital Zoom, Weather Resistant","RexingUSA","FBA","Sports & Outdoors",2112435,810046607459,"N/A",0810046607459,"N/A","Night Vision Binoculars & Goggles",1199,288.88,-4,0,0,,"-","-",22,3.7,"JFHS Direct","USA",1,0,"N/A","Large Standard-Size",2.52,6.3,8.98,1.23,71.78,198.01,"05/31/2024",34,7,0,0
"https://amazon.com/dp/B09NVT25LP","https://m.media-amazon.com/images/I/51pOnlFEyWL._SX450_.jpg","B09NVT25LP","Night Vision Binoculars for 100% Darkness - Save Photos & Videos with Audio,Digital Infrared Goggles Military for Viewing 1000M in Dark, for Hunting, Spy Military, Tactical, Security","Teslord","FBM","Sports & Outdoors",2113101,707310955388,"N/A",0707310955388,"N/A","Night Vision Binoculars & Goggles",1200,482,-35,0,0,,"-","-","N/A","N/A","Teslord","China",1,0,"N/A","N/A","N/A","N/A","N/A","N/A","N/A","N/A","-",54,9,0,"N/A"
"https://amazon.com/dp/B0CT5QV4SM","https://m.media-amazon.com/images/I/51wdEwyPCiL._SX450_.jpg","B0CT5QV4SM","Dual Tube Night Vision Goggle/Binocular Night Vision Goggles for Adults, NVG10++ Helmet Night Vision Binocular with 4 Color and 4X Magnification, 40° View, Detection Range 0.6-980 Ft (NVG Mount)","GOYOJO","FBM","Sports & Outdoors",2118188,658361252981,"N/A",0658361252981,"N/A","Night Vision Binoculars & Goggles",1214,100,-53,0,0,,"-","-",2,4.5,"HUITEN","China",2,0,"N/A","Large Standard-Size",7,7,4,2.5,"N/A","N/A","04/30/2024",26,3,0,0
"https://amazon.com/dp/B0CKMKK4QB","https://m.media-amazon.com/images/I/61V9+UwIjpL._SX450_.jpg","B0CKMKK4QB","Plaxo GPNVG18 Night Vision Goggles, Four-Tube Binocular Military Tactical Model Dummy Night Vision Goggles Mount Set, for Airsoft Hunting Helmet Binocular","Plaxo","FBM","Sports & Outdoors",2121371,722960349134,"N/A",0722960349134,"N/A","Night Vision Binoculars & Goggles",1203,52,-29,0,0,,"-","-",1,5,"yangyanshengdedian","China",1,0,"N/A","N/A","N/A","N/A","N/A","N/A","N/A","N/A","11/30/2024",27,5,0,0
"https://amazon.com/dp/B0BRSHDW45","https://m.media-amazon.com/images/I/51iNTme4sqL._SX450_.jpg","B0BRSHDW45","WIKINK Helmet-Mounted High-Definition Night Vision Telescope, 1x Optical/3x Digital Zoom, High-Definition Low-Light Day and Night Patrol Night Vision, 1080P, 0.38 LCOS","WIKINK","FBM","Sports & Outdoors",2122920,"N/A","N/A",8014206779686,"N/A","Night Vision Binoculars & Goggles",1204,970.35,-30,0,0,,"-","-","N/A","N/A","YYMYSW","China",1,0,"N/A","N/A","N/A","N/A","N/A","N/A","N/A","N/A","07/31/2025",38,8,0,"N/A"
"https://amazon.com/dp/B0FBRQMX39","https://m.media-amazon.com/images/I/61M5FnzfejL._SX450_.jpg","B0FBRQMX39","WJQZJDAMAI PVS-14 Binocular Bridge System NVG Mount，Night Vision Goggles Night Vision Adapter，for PVS-14 Night Vision for Adults Binoculars Monocular Or Binocular","WJQZJDAMAI","FBM","Sports & Outdoors",2127421,"N/A","N/A",7863672630318,"N/A","Night Vision Binoculars & Goggles",1218,171.99,-48,0,0,,"-","-","N/A","N/A","hongyuandamai","China",1,0,"N/A","N/A","N/A","N/A","N/A","N/A","N/A","N/A","-",9,7,2,"N/A"
"https://amazon.com/dp/B0FBRQHMJ6","https://m.media-amazon.com/images/I/61xjFC-+xUL._SX450_.jpg","B0FBRQHMJ6","WJQZJDAMAI PVS-14 Binocular Bridge System NVG Mount，Night Vision Goggles Night Vision Adapter，for PVS-14 Night Vision for Adults Binoculars Monocular Or Binocular","WJQZJDAMAI","FBM","Sports & Outdoors",2127494,"N/A","N/A",7863672630301,"N/A","Night Vision Binoculars & Goggles",1218,171.99,-6,0,0,,"-","-","N/A","N/A","hongyuandamai","China",1,0,"N/A","N/A","N/A","N/A","N/A","N/A","N/A","N/A","-",9,7,2,"N/A"
"https://amazon.com/dp/B0CF56PYFD","https://m.media-amazon.com/images/I/41kZ1lEnsdL._SX450_.jpg","B0CF56PYFD","Tenoburian Tactical Night Vision Goggle NVG Helmet Mount Bracket Compatible for PVS-15 PVS-18 GPNVG-18","Tenoburian","FBM","Sports & Outdoors",2140000,759357943620,"N/A",0759357943620,"N/A","Night Vision Binoculars & Goggles",1211,22.99,-18,0,0,,"-","-","N/A","N/A","Tenoburian","China",1,0,"N/A","Large Standard-Size",3,2,3,0.44,"N/A","N/A","09/30/2024",31,5,1,"N/A"
"https://amazon.com/dp/B0DFYNY7JF","https://m.media-amazon.com/images/I/616+iQ857OL._SX450_.jpg","B0DFYNY7JF","WGFXYBFY NV2183 Night Vision Goggles,4K Infrared Night Vision Binoculars,4 Color Effects Can Be Used During The Day and at Night,1312FT Night Vision Scope for Camping","WGFXYBFY","FBM","Sports & Outdoors",2140152,"N/A","N/A",1092148475658,"N/A","Night Vision Binoculars & Goggles",1224,129.99,-32,0,0,,"-","-","N/A","N/A","Xiaofugui Shop","China",1,0,"N/A","N/A","N/A","N/A","N/A","N/A","N/A","N/A","-",18,7,0,"N/A"
"https://amazon.com/dp/B0CJY5LFJF","https://m.media-amazon.com/images/I/61pZ-D3Sc8L._SX450_.jpg","B0CJY5LFJF","PVS15 PVS18 GPNVG18 Night Vision Goggles Mount，Adjustable Tactical Helmet Mount，for L4G24 NVG Metal Helmet Mount，CNC Aluminum (BK)","HATSEN","FBM","Sports & Outdoors",2140173,"N/A","N/A","N/A","N/A","Night Vision Binoculars & Goggles",1224,84.99,-45,0,0,,"-","-","N/A","N/A","ussmt","China",1,0,"N/A","N/A","N/A","N/A","N/A","N/A","N/A","N/A","07/31/2025",30,4,1,"N/A"
"https://amazon.com/dp/B00JK11388","https://m.media-amazon.com/images/I/31uQr+aa9cL._SX450_.jpg","B00JK11388","LRI bppnvg Night Vision LED, Green","LRI","FBM","Sports & Outdoors",2147051,790134008125,00790134008125,0790134008125,"N/A","Night Vision Monoculars",525,13.95,-18,0,0,,"-","-",2,4.5,"PhotonLight.com, Inc.","USA",2,0,"N/A","Small Standard-Size",5.3,2.4,0.7,0.02,"N/A","N/A","06/30/2025",143,7,0,0
"https://amazon.com/dp/B0BCFWJXZZ","https://m.media-amazon.com/images/I/51y9AUcCkOS._SX450_.jpg","B0BCFWJXZZ","WIRUN Night Vision Glasses Anti-Glare Polarized UV400 Aviator Night Driving Glasses for Men & Women Yellow Safety Eyewear (Black)","WIRUN","FBM","Sports & Outdoors",2147909,743785941631,"N/A",0743785941631,"N/A","Night Vision Binoculars & Goggles",1216,19.57,-13,0,0,,"-","-","N/A","N/A","meilijiastore","China",1,0,"N/A","Large Standard-Size",6,2.5,1.5,0.22,"N/A","N/A","11/30/2025",43,7,3,"N/A"
"https://amazon.com/dp/B0BCD5LXS4","https://m.media-amazon.com/images/I/51Q2BaWDExS._SX450_.jpg","B0BCD5LXS4","WIRUN Night Vision Glasses Anti-Glare Polarized UV400 Aviator Night Driving Glasses for Men & Women Yellow Safety Eyewear (Grey)","WIRUN","FBA","Sports & Outdoors",2147909,743785941617,"N/A",0743785941617,"N/A","Night Vision Binoculars & Goggles",1216,13.98,-8,0,0,,"-","-","N/A","N/A","RRDLAY","China",2,0,"N/A","Large Standard-Size",6,2.5,1.5,0.22,11.33,31.25,"11/30/2025",43,7,3,"N/A"
"https://amazon.com/dp/B0BCD5WZGF","https://m.media-amazon.com/images/I/41HTsRHcV-S._SX450_.jpg","B0BCD5WZGF","WIRUN Night Vision Glasses Anti-Glare Polarized UV400 Aviator Night Driving Glasses for Men & Women Yellow Safety Eyewear (Silver)","WIRUN","FBA","Sports & Outdoors",2147909,743785941624,"N/A",0743785941624,"N/A","Night Vision Binoculars & Goggles",1216,13.58,-6,0,0,,"-","-","N/A","N/A","RRDLAY","China",2,0,"N/A","Large Standard-Size",6,2.5,1.5,0.22,11.33,31.25,"11/30/2025",43,7,3,"N/A"
"https://amazon.com/dp/B07YCXR8B6","https://m.media-amazon.com/images/I/31nJXXYjcPL._SX450_.jpg","B07YCXR8B6","AGM Global Vision PVS-7 3NL1 Night Vision Goggle, Green Phosphor, 6.4 × 6.0 × 3.0","AGM Global Vision","FBM","Sports & Outdoors",2148205,810027770516,"N/A",0810027770516,"N/A","Night Vision Binoculars & Goggles",1217,4295,-9,0,0,,"-","-",1,1,"EuroOptic (✅ Authorized Dealer ✅ Fastest Shipping)","USA",1,0,"N/A","Large Standard-Size",4.69,7.44,12.83,0.71,"N/A","N/A","09/30/2024",78,4,0,0
"https://amazon.com/dp/B0FJFSY98X","https://m.media-amazon.com/images/I/61YL2kaZS0L._SX450_.jpg","B0FJFSY98X","PARD Thermal Monocular, Thermal Imaging Monocular with 12μm, WiFi, Waterproof, High-Sensitivity NETD ≤20mK for Hunting, Surveillance & Outdoor Exploration, Leopard 640 with 35mm Lens,Rangefinder","Pard","FBM","Sports & Outdoors",2151369,"N/A","N/A","N/A","N/A","Night Vision Monoculars",528,1620,"N/A",0,0,-100,"-","-","N/A","N/A","PARD","China",1,0,"N/A","Large Standard-Size",9.06,6.69,3.54,2.03,"N/A","N/A","12/31/2025",8,5,8,"N/A"
"https://amazon.com/dp/B0FJFTWMMM","https://m.media-amazon.com/images/I/41qSupPhVWL._SX450_.jpg","B0FJFTWMMM","PARD Thermal Monocular, Thermal Imaging Monocular with 12μm Pixel Size, WiFi, Waterproof, High-Sensitivity NETD ≤25mK for Hunting, Surveillance & Outdoor Exploration, Leopard 256 with 16mm Lens","Pard","-","Sports & Outdoors",2151501,"N/A","N/A","N/A","N/A","Night Vision Monoculars",529,649,-8,0,0,-100,"-","-","N/A","N/A",,"N/A",1,0,"N/A","Large Standard-Size",9.06,6.69,3.35,1.85,"N/A","N/A","12/31/2025",8,4,8,"N/A"
"https://amazon.com/dp/B0FJFWSHV5","https://m.media-amazon.com/images/I/61w246qhUlL._SX450_.jpg","B0FJFWSHV5","PARD Thermal Monocular, Thermal Imaging Monocular with 12μm Pixel Size, WiFi, Waterproof, High-Sensitivity NETD ≤25mK for Hunting, Surveillance & Outdoor Exploration, Leopard 256 with 11mm Lens","Pard","-","Sports & Outdoors",2151598,"N/A","N/A","N/A","N/A","Night Vision Monoculars",529,510,-11,0,0,-100,"-","-","N/A","N/A",,"N/A",1,0,"N/A","Large Standard-Size",9.06,6.69,3.35,1.85,"N/A","N/A","12/31/2025",8,5,8,"N/A"
"https://amazon.com/dp/B0DVTDSFBV","https://m.media-amazon.com/images/I/61l3QvENQOL._SX450_.jpg","B0DVTDSFBV","AGM Global Vision PVS-14E 3AL1 Night Vision Monocular with Gen 3 Auto-Gated Level 1, P43-Green Phosphor IIT, Auto Shut-Off, Manual Gain, Built-in IR Illuminator, Military-Grade NVG Made in USA","AGM Global Vision","Amazon","Sports & Outdoors",2152111,810164391476,"N/A",0810164391476,"N/A","Night Vision Monoculars",527,3565.75,-24,0,0,,"-","-","N/A","N/A","Amazon","N/A",3,0,"N/A","Large Standard-Size",4.49,7.32,12.56,2.65,"N/A","N/A","12/31/2025",13,8,0,"N/A"
"https://amazon.com/dp/B0FBM2LPK6","https://m.media-amazon.com/images/I/61oQjaP-SFL._SX450_.jpg","B0FBM2LPK6","Monoculars Telescope High Power Folding High-Powered Binoculars Nitrogen Waterproof Telescope with Low Light for Bird Watching Outdoor Sports Games Binoculars","Generic","FBM","Sports & Outdoors",2152690,"N/A","N/A","N/A","N/A","Night Vision Monoculars",530,126.99,-13,0,0,,"-","-","N/A","N/A","cjy19980515","China",1,0,"N/A","N/A","N/A","N/A","N/A","N/A","N/A","N/A","07/31/2025",9,5,0,"N/A"
"https://amazon.com/dp/B0CX8Q8Z42","https://m.media-amazon.com/images/I/41fqoGXAOLL._SX450_.jpg","B0CX8Q8Z42","AMNOUR PVS 14 PVS 31 Close Focus Stop Ring for Objective Lens D-Ring Night Vision Tube Monocular, Black, JTSF9648","AMNOUR","FBM","Sports & Outdoors",2152727,"N/A","N/A",3440368612717,"N/A","Night Vision Monoculars",531,72.28,-36,0,0,,"-","-","N/A","N/A","Shangxing Home Furnishing Store","China",2,0,"N/A","Small Standard-Size",1.18,0.79,0.39,0.11,"N/A","N/A","11/30/2025",24,4,1,"N/A"
"https://amazon.com/dp/B0FJFYS89G","https://m.media-amazon.com/images/I/61YlfV-iLvL._SX450_.jpg","B0FJFYS89G","PARD Thermal Monocular, Thermal Imaging Monocular with 12μm, WiFi, Waterproof, High-Sensitivity NETD ≤20mK for Hunting, Surveillance & Outdoor Exploration, Leopard 480 with 35mm Lens,Rangefinder","Pard","-","Sports & Outdoors",2153229,"N/A","N/A","N/A","N/A","Night Vision Monoculars",529,1350,"N/A",0,0,-100,"-","-","N/A","N/A",,"N/A",1,0,"N/A","Large Standard-Size",9.06,6.69,3.54,1.94,"N/A","N/A","12/31/2025",8,"N/A",8,"N/A"
"https://amazon.com/dp/B0F18XT2B2","https://m.media-amazon.com/images/I/613oL0x5SXL._SX450_.jpg","B0F18XT2B2","Bestguarder Digital Night Vision Binoculars Day Night use with Camera & Camcorder Function Takes Photo & Video from 400m/1300ft for Camping Farm Monitor Night Vision Goggles","Bestguarder","FBA","Sports & Outdoors",2153663,"N/A","N/A","N/A","N/A","Night Vision Binoculars & Goggles",1232,107.99,-18,0,0,,"-","-","N/A","N/A","YIDOHOCK","China",1,0,"N/A","Large Standard-Size",9.84,7.48,3.94,2.87,145.94,402.59,"06/30/2025",86,6,0,"N/A"
"https://amazon.com/dp/B0FG85KXLV","https://m.media-amazon.com/images/I/61zXW7P3IVL._SX450_.jpg","B0FG85KXLV","SKIOVEMI Night Vision Goggles Head Mounted, 4K 2000FT Digital Night Vision Infrared Binoculars with Adjustable Light, 8X Digital Zoom for Outdoor Hunting Camping, Include 64GB Card","SKIOVEMI","FBM","Sports & Outdoors",2160222,"N/A","N/A",1091475297520,"N/A","Night Vision Binoculars & Goggles",1232,159,-11,0,0,,"-","-","N/A","N/A","SKIOVEMI","China",1,0,"N/A","N/A","N/A","N/A","N/A","N/A","N/A","N/A","-",8,7,0,"N/A"
"https://amazon.com/dp/B0CKZHCF6Y","https://m.media-amazon.com/images/I/51HdjcGqArL._SX450_.jpg","B0CKZHCF6Y","AGM 13F8P82325401 FoxBat-8 3AW1 – Night Vision Bi-Ocular 8X with Gen 3 ""Level 1""; Included: NVB, Long-Range Infrared Illuminator, Tripod, and Hard Case; Super-Fast, Multi-Coated, All-Glass Optics","Generic","FBM","Sports & Outdoors",2164422,810027773685,"N/A",0810027773685,"N/A","Night Vision Monoculars",534,5895,-4,0,0,,"-","-","N/A","N/A","EuroOptic (✅ Authorized Dealer ✅ Fastest Shipping)","USA",2,0,"N/A","N/A","N/A","N/A","N/A","N/A","N/A","N/A","06/30/2025",29,4,0,"N/A"
"https://amazon.com/dp/B0F4N3HKB2","https://m.media-amazon.com/images/I/61E6-VwZyIL._SX450_.jpg","B0F4N3HKB2","HMWOKPOT 3DVR Helmet Mounted Night Vision Goggles for Adults, Night Vision Scope/Binoculars with 6X Zoom for Outdoor Adventure, Include Dual 32GB TF Cards","HMWOKPOT","FBM","Sports & Outdoors",2165649,"N/A","N/A",3001577987388,"N/A","Night Vision Binoculars & Goggles",1234,375.91,-7,0,0,,"-","-","N/A","N/A","HMWOKPOT Shop","China",1,0,"N/A","N/A","N/A","N/A","N/A","N/A","N/A","N/A","06/30/2025",11,7,0,"N/A"
"https://amazon.com/dp/B0DPML9P9Q","https://m.media-amazon.com/images/I/714UNIp14oL._SX450_.jpg","B0DPML9P9Q","MUM/GT-14 Modular Helmet Mount，Binocular Bridge System NVG Mount Base，Tactical Versatile Night Vision Goggles Adapter，for PVS-14 Night Vision Monocular Or Dual Binocular，Lightweight Aluminium，Tan","AWETHE","FBM","Sports & Outdoors",2175107,"N/A","N/A","N/A","N/A","Night Vision Binoculars & Goggles",1237,179.99,-13,0,0,,"-","-","N/A","N/A","aopn optics","China",2,0,"N/A","N/A","N/A","N/A","N/A","N/A","N/A","N/A","-",15,6,0,"N/A"
"https://amazon.com/dp/B0CX8JJTX4","https://m.media-amazon.com/images/I/51eTN3T25xL._SX450_.jpg","B0CX8JJTX4","Thermal Scope Hunting Night Vision 384x288 30mm Lens Thermal Monocular 1800M Detection Thermal Imaging Scope,IP67 Video Recording","YWYLL","FBM","Sports & Outdoors",2176655,"N/A","N/A","N/A","N/A","Night Vision Monoculars",536,1450,-4,0,0,,"-","-","N/A","N/A","shenzhenshijinmanxiukejiyouxiangongsi","China",1,0,"N/A","Large Standard-Size",14.96,6.69,5.51,3.75,"N/A","N/A","11/30/2024",24,6,0,"N/A"
"https://amazon.com/dp/B0B3MHT2KR","https://m.media-amazon.com/images/I/61+BAcN-T6L._SX450_.jpg","B0B3MHT2KR","Night Vision Binoculars Teslord PVS-7 （Gen2+）（Level 2+ ） for Hunting, Spy, Military, Survival and Tactical Focus Range 0.2m to Infinity","Teslord","FBM","Sports & Outdoors",2178950,767738683683,"N/A",0767738683683,"N/A","Night Vision Binoculars & Goggles",1228,1800,-6,0,0,,"-","-","N/A","N/A","Teslord","China",1,1,"N/A","N/A","N/A","N/A","N/A","N/A","N/A","N/A","05/31/2025",45,7,0,"N/A"
"https://amazon.com/dp/B079Y4MCCM","https://m.media-amazon.com/images/I/51cVCJntwXL._SX450_.jpg","B079Y4MCCM","Jadedragon Tactical Helmet Night Vision Goggles Mount Shroud for Fast ACH, MICH, PASGT Tactical Helmet (Green)","Jadedragon","FBA","Sports & Outdoors",2184846,785197392205,"N/A",0785197392205,"N/A","Night Vision Binoculars & Goggles",1242,12.9,-18,0,0,,"-","-",4,3,"jadedragon","China",1,0,"N/A","Large Standard-Size",1.1,4.2,4.3,0.2,10,27.59,"12/31/2025",98,1,0,0
"https://amazon.com/dp/B0F5BTT2G1","https://m.media-amazon.com/images/I/61Fg05NIHKL._SX450_.jpg","B0F5BTT2G1","DOITOOL Compact Monocular Telescope for Outdoor Activities Lightweight and Portable for Travel Birdwatching Fishing and Camping Black","DOITOOL","FBM","Sports & Outdoors",2190500,"N/A","N/A","N/A","N/A","Night Vision Binoculars & Goggles",1248,9.79,-9,0,0,,"-","-","N/A","N/A","Surmounty","China",1,0,"N/A","Large Standard-Size",2.36,1.18,1.18,0.07,"N/A","N/A","05/31/2025",11,9,0,"N/A"
"https://amazon.com/dp/B0DNJKVDCW","https://m.media-amazon.com/images/I/61Ero3-OhGL._SX450_.jpg","B0DNJKVDCW","SKIOVEMI Night Vision Goggles, Helmet Mounted Night Vision Monocular for Adults, 4K UHD 40MP 5-Levels Infrared 8X Digital Zoom Military Grade Binoculars with 32GB Memory Card","SKIOVEMI","FBM","Sports & Outdoors",2215484,"N/A","N/A",1091475295519,"N/A","Night Vision Binoculars & Goggles",1251,199,-3,0,0,,"-","-",2,2.9,"SKIOVEMI","China",1,0,"N/A","N/A","N/A","N/A","N/A","N/A","N/A","N/A","05/31/2025",16,7,0,0
"https://amazon.com/dp/B0DVTDDMMN","https://m.media-amazon.com/images/I/61l3QvENQOL._SX450_.jpg","B0DVTDDMMN","AGM Global Vision PVS-14E NW1 Enhanced Night Vision Monocular – Gen 2+ Level 1, P45-White Phosphor IIT, Auto Shut-Off, Manual Gain, Built-in IR Illuminator, Lightweight & Compact Military-Grade NVG","AGM Global Vision","FBM","Sports & Outdoors",2221904,810164391445,"N/A",0810164391445,"N/A","Night Vision Monoculars",541,3393.83,-3,0,0,,"-","-","N/A","N/A","Gritr","USA",3,0,"N/A","Large Standard-Size",4.53,7.24,12.68,2.36,"N/A","N/A","04/30/2025",13,7,0,"N/A"
"https://amazon.com/dp/B091TMW8D4","https://m.media-amazon.com/images/I/61zFB5++ZSL._SX450_.jpg","B091TMW8D4","Tactical Airsoft AN/PVS31 Helmet Dummy Night Vision Goggle Model No Function Binocular Night Vision NVG with Battery Case and Storage Box","Chestnut-YX","FBM","Sports & Outdoors",2230777,"N/A","N/A",7415232914286,"N/A","Night Vision Binoculars & Goggles",1257,69.85,-19,0,0,-100,"-","-",14,3.5,"Chestnut-YX","China",2,3,200,"Large Standard-Size",4.25,9.92,14.8,2.48,"N/A","N/A","11/30/2024",60,8,0,0.02
"https://amazon.com/dp/B0DWKLX64H","https://m.media-amazon.com/images/I/51T6TwFJ-EL._SX450_.jpg","B0DWKLX64H","2025 Upgrade - Night Vision Monocular, 1312FT Long Range HD Hunting Infrared Goggles Night Vision Monocular for Adults - Ideal for Thermal Scope and Night Vision Binoculars","LMHSDTK","-","Sports & Outdoors",2232411,095900975701,"N/A",0095900975701,"N/A","Night Vision Monoculars",543,47.32,-12,0,0,,"-","-","N/A","N/A",,"N/A",1,0,"N/A","Large Standard-Size",3.27,3.35,7.09,0.75,"N/A","N/A","04/30/2025",74,9,0,"N/A"
"https://amazon.com/dp/B0DXF71W55","https://m.media-amazon.com/images/I/41oe6um4EYL._SX450_.jpg","B0DXF71W55","Night Vision Glasses for Driving, Sunglasses Night Vision Goggles, Anti-Glare Night Driving Glasses, Lightweight, Suitable for Men and Women Night Driving, Outdoor Sports, Fishing and Traveling(Transp","VELOZEN","FBM","Sports & Outdoors",2234518,"N/A","N/A",9045677325705,"N/A","Night Vision Binoculars & Goggles",1260,15.99,-25,0,0,,"-","-","N/A","N/A","xianweishengshangmaoyouxiangongsi","China",1,0,"N/A","Small Standard-Size",1.18,0.79,0.39,0.05,"N/A","N/A","04/30/2025",13,6,0,"N/A"
"https://amazon.com/dp/B08R7WZMRM","https://m.media-amazon.com/images/I/61qKKzWXO+L._SX450_.jpg","B08R7WZMRM","ArmorMason GPNVG-18 / PVS-31 / BNVD-1531 NVG 4 Cell Remote Battery Pack for Night Vision","Armorwerx","FBA","Sports & Outdoors",2242962,804084810766,"N/A",0804084810766,"N/A","Night Vision Binoculars & Goggles",1252,399.99,5,0,0,,"-","-","N/A","N/A","The Mercenary Company","USA",1,3,"N/A","Large Standard-Size",4,3,1,0.28,6.04,16.67,"03/31/2025",88,2,0,"N/A"
"https://amazon.com/dp/B09YD2PS4K","https://m.media-amazon.com/images/I/511MUSPZZDL._SX450_.jpg","B09YD2PS4K","FMA Tactical PVS14 NVG Double Bracket Dual Mount Monocular Connection Bridge Arm (B-Single arm)","FMA","FBM","Sports & Outdoors",2244379,753165666573,"N/A",0753165666573,"N/A","Night Vision Monoculars",546,13.78,-12,0,0,,"-","-",1,5,"zhao66277","China",2,1,"N/A","N/A","N/A","N/A","N/A","N/A","N/A","N/A","11/30/2025",47,9,0,0
"https://amazon.com/dp/B0D1G1DTNG","https://m.media-amazon.com/images/I/71JyNIOqXnL._SX450_.jpg","B0D1G1DTNG","Night Vision Goggles，Infrared Night Vision Device for Adults，Digital Night Binoculars， 4k HD Screen Night Vision Binoculars，Camping Night Vision for Men, Hunting，Adventure","Abaiggeal","FBM","Sports & Outdoors",2245501,727590364588,"N/A",0727590364588,"N/A","Night Vision Binoculars & Goggles",1253,109.99,-15,0,0,,"-","-","N/A","N/A","Abaiggeal","China",1,0,"N/A","N/A","N/A","N/A","N/A","N/A","N/A","N/A","04/30/2024",23,7,0,"N/A"
"https://amazon.com/dp/B0CYY9526K","https://m.media-amazon.com/images/I/51FB-2ywYwL._SX450_.jpg","B0CYY9526K","Generic 20x Telescope, high-Definition Military high Power Night Vision, Professional-Grade Military Sniper, Outdoor bee Finder Telescope","Generic","FBM","Sports & Outdoors",2253440,"N/A","N/A","N/A","N/A","Night Vision Binoculars & Goggles",1256,69.98,-9,0,0,,"-","-","N/A","N/A","cabbage shop","China",1,1,"N/A","Large Standard-Size",8.2,8,3.2,1.63,"N/A","N/A","11/30/2025",24,9,0,"N/A"
"https://amazon.com/dp/B09ZYFHHJV","https://m.media-amazon.com/images/I/31MjcjlBn6L._SX450_.jpg","B09ZYFHHJV","BONEW Headband 3.5X-420mm Magnification Binocular Loupes with 5W Adjustable Headband Lamp Jeweler or Hobby Adjustable Pupil Distance Brightness Head Circumference (Silver)","BONEW","FBM","Sports & Outdoors",2258490,758358720551,"N/A",0758358720551,"N/A","Night Vision Binoculars & Goggles",1404,160.47,-43,0,0,,"-","-",1,5,"BoNew","China",1,0,"N/A","Large Standard-Size",6.3,9.21,10.35,1.81,"N/A","N/A","03/31/2024",46,7,2,0
"https://amazon.com/dp/B0DJ72BMBZ","https://m.media-amazon.com/images/I/51HmKdCv0gL._SX450_.jpg","B0DJ72BMBZ","FELTECHELECTR Compact Handheld Monocular Telescope for Bird Watching Hiking and Travel Lightweight High Magnification Easy Outdoor Adventures","FELTECHELECTR","FBM","Sports & Outdoors",2260271,"N/A","N/A","N/A","N/A","Night Vision Binoculars & Goggles",1271,15.49,2,0,0,,"-","-","N/A","N/A","Tsuo Longqusen","China",1,0,"N/A","Large Standard-Size",7.87,3.94,3.94,0.6,"N/A","N/A","03/31/2025",18,9,0,"N/A"
"https://amazon.com/dp/B0CMDK4T19","https://m.media-amazon.com/images/I/61N9iDLNOVL._SX450_.jpg","B0CMDK4T19","AGM Global Vision 14NV4122483011 Model NVG-40 NL1 Night Vision Binoculars; Redundant Dual-Tube Design; True Stereoscopic Vision; Waterproof; Built-in IR Illuminator and Flood Lens; 1x Magnification","Generic","FBM","Sports & Outdoors",2261788,"N/A","N/A","N/A","N/A","Night Vision Binoculars & Goggles",1262,6163.7,-17,0,0,,"-","-","N/A","N/A","Sale Stores ✅","USA",1,1,"N/A","N/A","N/A","N/A","N/A","N/A","N/A","N/A","03/31/2025",28,5,0,"N/A"