"URL","Image URL","ASIN","Title","Brand","Fulfillment","Category","BSR","UPC","GTIN","EAN","ISBN","Subcategory","Subcategory BSR","Price","Price Trend (90 days) (%)","Parent Level Sales","ASIN Sales","Sales Trend (90 days) (%)","Parent Level Revenue","ASIN Revenue","Review Count","Reviews Rating","Seller","Seller Country/Region","Number of Active Sellers","Last Year Sales","Sales Year Over Year (%)","Size Tier","Length","Width","Height","Weight","Storage Fee (Jan - Sep)","Storage Fee (Oct - Dec)","Best Sales Period","Age (Month)","Number of Images","Variation Count","Sales to Reviews"
"https://amazon.com/dp/B0F2FLV2BW","https://m.media-amazon.com/images/I/81UgfnLlqVL._SX450_.jpg","B0F2FLV2BW","Night Vision Goggles for Adults 4k: Tactical Binoculars with Camera - Infrared Goggles for Hunter - Digital Electronics Gift - Hunting Gifts for Men/Dad/Husband - Cool Tech Gadgets for Camping/Boating","ROQIOO","FBA","Camera & Photo",99,"N/A","N/A","N/A","N/A","Binoculars",57,39.99,-31,296,296,-115,11885.6,11885.47,379,4.1,"YLFWL","China",2,0,"N/A","Large Standard-Size",3.62,5.87,7.4,1.41,79.17,218.4,"11/30/2025",12,6,0,0.78
"https://amazon.com/dp/B0F7H3VFVS","https://m.media-amazon.com/images/I/41WtVVA-c2L._SX450_.jpg","B0F7H3VFVS","Night Vision Goggles - 4K Night Vision Binoculars for Adults, 3'' HD Screen Binoculars can Save Photo and Video with 32GB TF Card (Dark Gray)","HEXEUM","FBA","Sports & Outdoors",2631,"N/A","N/A","N/A","N/A","Night Vision Binoculars & Goggles",1,119.99,15,2547,601,-114,249743.73,72105.99,3133,4.3,"Official Direct Store","China",1,71652,"N/A","Large Standard-Size",4.25,7.44,9.69,2.36,154.26,425.55,"11/30/2025",24,8,4,0.81
"https://amazon.com/dp/B0CYYVBXTV","https://m.media-amazon.com/images/I/41dmYLHTJdL._SX450_.jpg","B0CYYVBXTV","HEXEUM Night Vision Goggles - 4K Night Vision Binoculars for Adults, 3'' HD Screen Binoculars can Save Photo and Video with 32GB TF Card, Black, NV4000","HEXEUM","FBA","Sports & Outdoors",2631,768561548170,"N/A",0768561548170,"N/A","Night Vision Binoculars & Goggles",1,89.99,-18,2809,1331,-109,274585.03,119782.18,3133,4.3,"Official Direct Store","China",2,71969,"N/A","Large Standard-Size",2.91,5.63,7.2,1.32,59.39,163.83,"11/30/2025",24,8,4,0.9
"https://amazon.com/dp/B0CZ3KQZB1","https://m.media-amazon.com/images/I/71LoVl3oQ7L._SX450_.jpg","B0CZ3KQZB1","HEXEUM Night Vision Goggles - 4K Night Vision Binoculars for Adults, 3'' HD Screen Binoculars can Save Photo and Video with 32GB TF Card, Camouflage, NV4000C","HEXEUM","FBA","Sports & Outdoors",2901,"N/A","N/A","N/A","N/A","Night Vision Binoculars & Goggles",1,89.99,-15,2547,629,-114,249743.73,56634.06,3133,4.3,"Official Direct Store","China",1,71652,"N/A","Large Standard-Size",2.83,5.59,7.17,1.23,57.11,157.54,"11/30/2025",23,8,4,0.81
"https://amazon.com/dp/B0F8QFCH51","https://m.media-amazon.com/images/I/71+1klbMYzL._SX450_.jpg","B0F8QFCH51","VisioGear Night Vision Binoculars - Night Thunder X3 4K Night Vision Goggles for Adults, AI Color Mode, 2000ft Range, 5000mAh Battery, 32GB Card for Camping & Security","VISIOGEAR","FBA","Sports & Outdoors",6672,662652088777,"N/A",0662652088777,"N/A","Night Vision Binoculars & Goggles",2,59.99,-53,856,655,-28,85585.04,52688.16,283,4.5,"VisioGear Inc.","China",3,0,"N/A","Large Standard-Size",4.02,7.8,8.9,1.85,140.5,387.6,"11/30/2025",8,8,3,3.03
"https://amazon.com/dp/B0F8QJ3VPV","https://m.media-amazon.com/images/I/71QMeZTHSgL._SX450_.jpg","B0F8QJ3VPV","VisioGear True 4K Night Vision Binoculars – Night Thunder X1 Night Vision Goggles for Adults with 3940ft Range, Full Color Photo and Video with App Control, 64GB Card for Camping & Security","VISIOGEAR","FBA","Sports & Outdoors",6842,662652089668,"N/A",0662652089668,"N/A","Night Vision Binoculars & Goggles",2,229.99,-12,856,105,-28,85585.04,24079.21,283,4.5,"Night Vision Official","China",2,0,"N/A","Large Standard-Size",4.57,9.69,10.24,2.91,228.31,629.81,"11/30/2025",7,9,3,3.03
"https://amazon.com/dp/B0G1BYT3JM","https://m.media-amazon.com/images/I/71uDf+El-1L._SX450_.jpg","B0G1BYT3JM","VisioGear Night Vision Binoculars - Night Thunder X3 4K Night Vision Goggles for Adults, AI Color Mode, 2000ft Range, 5000mAh Battery, 32GB Card for Camping & Hunting, Camouflage","VISIOGEAR","FBA","Sports & Outdoors",6974,662652088760,"N/A",0662652088760,"N/A","Night Vision Binoculars & Goggles",2,69.99,-64,856,97,-28,85585.04,8809.93,283,4.5,"VisioGear Inc.","China",2,0,"N/A","Large Standard-Size",4.02,7.76,8.9,1.85,139.78,385.61,"11/30/2025",4,7,3,3.03
"https://amazon.com/dp/B0FW4H9MXB","https://m.media-amazon.com/images/I/61WsFH+dPlL._SX450_.jpg","B0FW4H9MXB","TOPDON TS004 Pro Thermal Imaging Monocular, 512 x 384 TISR 384 x 288 IR Resolution, Supported Wireless Connection, 19mm 50Hz Thermal Night Vision with 11h Battery Life, IP67 Monocular for Hunting","TOPDON","FBA","Sports & Outdoors",8259,"N/A","N/A","N/A","N/A","Night Vision Monoculars",1,899,-30,1119,61,9,483219.21,53340.74,274,4.5,"TOPDON Authorized","China",1,0,"N/A","Large Standard-Size",3.46,6.42,9.88,1.57,110.62,305.15,"10/31/2025",5,9,2,4.08
"https://amazon.com/dp/B003DQWWZ4","https://m.media-amazon.com/images/I/61ayOqNXXRL._SX450_.jpg","B003DQWWZ4","Eschenbach Look.","Eschenbach","FBM","Camera & Photo",9999,"N/A",04048347202394,4048347202394,"N/A","Binoculars",4308,119.69,-29,7,7,250,836.86,836.75,16,3.1,"Amazon Germany","Germany",2,51,"N/A","Large Standard-Size",3.07,4.21,6.61,0.39,"N/A","N/A","02/28/2025",219,3,1,0.41
"https://amazon.com/dp/B0D56CNCW1","https://m.media-amazon.com/images/I/31zji+qSdRL._SX450_.jpg","B0D56CNCW1","TOPDON TS004 Thermal Imaging Monocular, 320 x 240 TISR 256 x 192 IR Resolution, Supported Wireless Connection, 13mm 50Hz Thermal Night Vision with 11h Battery Life, IP67 Monocular for Hunting","TOPDON","FBA","Sports & Outdoors",11236,810139301110,00810139301110,0810139301110,"N/A","Night Vision Monoculars",1,409.99,-40,1119,1058,9,483219.21,429870.86,274,4.5,"TOPDON Authorized","China",2,0,"N/A","Large Standard-Size",3.46,7.32,9.8,1.46,124.97,344.73,"10/31/2025",22,6,2,4.08
"https://amazon.com/dp/B0G4L9NBJJ","https://m.media-amazon.com/images/I/81RHyfPpfdL._SX450_.jpg","B0G4L9NBJJ","Birthday Gifts & Night Vision Goggles - 5W Upgraded 4K HD IR Binoculars - 8X Digital Zoom/Rechargeable Battery/32GB Card/Flashlight, Camping Exploration Gifts for Men Dad Husband Boy Friend","WONGKUO","FBA","Sports & Outdoors",14151,"N/A","N/A","N/A","N/A","Night Vision Binoculars & Goggles",3,49.99,-43,1022,1022,-49,54106.67,54106.46,91,4.2,"QCH - Flagship Store","N/A",1,0,"N/A","Large Standard-Size",2.24,4.41,5.91,0.79,29.39,81.09,"11/30/2025",3,7,3,11.23
"https://amazon.com/dp/B0FLF13P1J","https://m.media-amazon.com/images/I/51OZrHF5d2L._SX450_.jpg","B0FLF13P1J","4K Night Vision Goggles for Adults: 4.5"" HD Large Screen Digital Night Vision Device with 5000mAh Battery - Outdoor Exploration & Camping Gear Gifts for Men Husband","XOOIOOY","FBA","Sports & Outdoors",14415,"N/A","N/A","N/A","N/A","Night Vision Binoculars & Goggles",4,79.99,-17,837,837,-110,61052.86,61046.31,242,4.6,"XOOIOOY","China",1,0,"N/A","Large Standard-Size",4.09,6.73,7.72,1.63,106.99,295.14,"11/30/2025",7,7,0,3.46
"https://amazon.com/dp/B0D1813KZ3","https://m.media-amazon.com/images/I/518gnowcRzL._SX450_.jpg","B0D1813KZ3","4K Night Vision Goggles, 58MP Full-Color Night Vision Binoculars with 10000mAh Rechargeable Battery, 64GB Card, 3.99"" Screen and 1968FT Viewing Range for Camping Hunting & Security","WASOCA","Amazon","Sports & Outdoors",14503,860010838280,"N/A",0860010838280,"N/A","Night Vision Binoculars & Goggles",3,109.99,-42,911,911,-22,110770.45,110762.22,511,4.4,"Amazon","N/A",5,4294,"N/A","Large Standard-Size",3.86,8.15,10.2,3.95,"N/A","N/A","11/30/2025",23,7,0,1.78
"https://amazon.com/dp/B0FJXJMKCL","https://m.media-amazon.com/images/I/710NbaMDqUL._SX450_.jpg","B0FJXJMKCL","Night Vision Goggles,4K Full-Color Night Vision Binoculars for Adults with 3"" HD Screen, 10000mAh Battery & 1968FT Night Vision Range,64GB Card,850nm Infrared,8X Zoom, Ideal for Camping & Hiking","JAMIZY","FBA","Sports & Outdoors",16231,654403011134,"N/A",0654403011134,"N/A","Night Vision Binoculars & Goggles",6,58.99,-29,403,305,-74,24153.26,18168.9,34,4.8,"JX-Keyong","China",1,0,"N/A","Large Standard-Size",3.46,7.68,8.98,3,120.14,331.42,"11/30/2025",7,7,4,11.85
"https://amazon.com/dp/B0F8N9Q8K5","https://m.media-amazon.com/images/I/71-BNyeBCiL._SX450_.jpg","B0F8N9Q8K5","WOSPORTS 4K Night Vision Goggles – 1315FT Detection, Dual Zoom (10X Optical + 8X Digital), 3"" Screen, Rechargeable, 32GB TF Card – Perfect for Wildlife, Photo & Video, Black/White","WOSPORTS","FBA","Sports & Outdoors",18239,"N/A","N/A","N/A","N/A","Night Vision Binoculars & Goggles",7,199.99,-40,363,36,-45,58126.28,5876.18,72,4.5,"Wohome Technology Co., Limited","China",1,0,"N/A","Large Standard-Size",3.23,6.73,8.7,2.34,95.22,262.67,"11/30/2025",8,9,5,5.04
"https://amazon.com/dp/B0FJXLQJ9L","https://m.media-amazon.com/images/I/710NbaMDqUL._SX450_.jpg","B0FJXLQJ9L","Night Vision Goggles,4K Full-Color Night Vision Binoculars for Adults with 3"" HD Screen, 10000mAh Battery & 1968FT Night Vision Range,64GB Card,850nm Infrared,8X Zoom, Ideal for Camping & Hiking","JAMIZY","FBA","Sports & Outdoors",18569,654403011141,"N/A",0654403011141,"N/A","Night Vision Binoculars & Goggles",6,58.99,-70,403,98,-74,24153.26,5984.18,37,4.7,"JX-Keyong","China",0,0,"N/A","Large Standard-Size",3.5,7.64,9.02,2.91,121.43,334.99,"11/30/2025",16,7,4,10.89
"https://amazon.com/dp/B0F8ND9RJ5","https://m.media-amazon.com/images/I/71QyEbhBbgL._SX450_.jpg","B0F8ND9RJ5","WOSPORTS 4K Night Vision Goggles, up to 80X Total Magnification 1315FT Infrared Night Vision, 64GB TF Card - Ideal for Camping & Outdoor Use","WOSPORTS","FBA","Sports & Outdoors",19075,"N/A","N/A","N/A","N/A","Night Vision Binoculars & Goggles",7,199.99,-36,363,267,-45,58126.28,40421.31,72,4.5,"Wohome Technology Co., Limited","China",2,0,"N/A","Large Standard-Size",3.43,6.85,8.7,2.38,102.92,283.9,"11/30/2025",9,7,5,5.04
"https://amazon.com/dp/B0D8YJW635","https://m.media-amazon.com/images/I/71uaYwSuh7L._SX450_.jpg","B0D8YJW635","Night Vision Goggles - Night Vision Binoculars for Adults, Gifts for Men Him Husband Dad with 8X Zoom, 4000mAh Rechargeable Gear for Hunting & Camping (Black)","sxjyicam","FBA","Sports & Outdoors",29488,718653598279,"N/A",0718653598279,"N/A","Night Vision Binoculars & Goggles",8,59.99,-14,455,455,-93,30111.96,30110.5,431,4.4,"jyi-tech","China",1,14492,"N/A","Large Standard-Size",3.11,6.34,7.83,1.1,77.73,214.43,"11/30/2025",29,6,6,1.06
"https://amazon.com/dp/B0FMDQK4S8","https://m.media-amazon.com/images/I/81pLZtk2yGL._SX450_.jpg","B0FMDQK4S8","Night Vision Goggles - Smart APP 4K Night Vision Binoculars, 10000mAh Battery, 128GB Card for Photo and Video, 3'' UHD Screen & 8X Zoom Binoculars for Camping, Hunting, Security (Black)","TERUNSOUl","FBA","Sports & Outdoors",32721,850076587314,"N/A",0850076587314,"N/A","Night Vision Monoculars",3,99.99,-22,228,228,-125,28256.69,28255.83,337,4.6,"Woot","USA",2,0,"N/A","Large Standard-Size",4.45,7.24,9.29,3.11,150.69,415.7,"11/30/2025",5,8,3,0.68
"https://amazon.com/dp/B0BRY25L5X","https://m.media-amazon.com/images/I/711+wQtIlGL._SX450_.jpg","B0BRY25L5X","Night Vision Monocular Digital Infrared Monocular Telescope for 100% Darkness with 8X Zoom 2000mAh Rechargeable Battery Upgrade Tripod 32 GB SD Card & Card Reader, for Adult Hunting Camping Black","YUANZIMOO","FBA","Sports & Outdoors",32766,"N/A","N/A","N/A","N/A","Night Vision Monoculars",2,56.98,-25,213,77,-102,12802.41,4610.52,471,4,"NIANDONG","China",1,5271,8,"Large Standard-Size",3.23,4.84,7.44,1.12,58.56,161.54,"11/30/2025",38,6,2,0.45
"https://amazon.com/dp/B0BRY2694B","https://m.media-amazon.com/images/I/71w3KxwFueL._SX450_.jpg","B0BRY2694B","Night Vision Monocular Digital Infrared Monocular Telescope for 100% Darkness with 8X Zoom 2000mAh Rechargeable Battery Upgrade Tripod 32 GB SD Card & Card Reader, for Adult Hunting Camping Green","YUANZIMOO","FBA","Sports & Outdoors",32767,"N/A","N/A","N/A","N/A","Night Vision Monoculars",2,56.98,-32,209,134,-101,12546.99,8020.64,471,4,"NIANDONG","China",1,5260,8,"Large Standard-Size",3.15,4.84,7.48,1.12,57.42,158.39,"11/30/2025",38,6,2,0.44
"https://amazon.com/dp/B0FVCTR45Y","https://m.media-amazon.com/images/I/81UXjuXtwqL._SX450_.jpg","B0FVCTR45Y","4K Night Vision Goggles for Adults: 4.5"" IPS Screen Binoculars with 10X Zoom - Gifts for Men Dad Husband Boy Friend - 2624FT Digital Infrared Binocular for Camping Wildlife - Tech Gadgets Telescope","BMDSAE","FBA","Sports & Outdoors",33031,"N/A","N/A","N/A","N/A","Night Vision Binoculars & Goggles",9,89.99,6,433,433,-124,36861.04,36857.05,162,4.4,"FANZHENG","China",1,0,"N/A","Large Standard-Size",3.86,6.69,7.32,1.65,95.17,262.54,"11/30/2025",6,9,0,2.79
"https://amazon.com/dp/B0FNWHWHMR","https://m.media-amazon.com/images/I/71HL1iY7SfL._SX450_.jpg","B0FNWHWHMR","GOYOJO GNG2K Night Vision Monocular - 2K/60Hz Refresh Digital Night Vision Goggles, Helmet Mountable, Stealth Infrared 940nm NVG with 0.0001 Lux Sensor, 4 Color Modes for Tactical/Hunting/Camping","GOYOJO","FBA","Sports & Outdoors",33326,"N/A","N/A","N/A","N/A","Night Vision Monoculars",3,1099,-37,70,9,,32907.71,11676.05,3,5,"MeasureUp Store","Hong Kong",1,0,"N/A","Large Standard-Size",6.97,7.76,10.83,5.07,294.92,813.56,"02/28/2026",7,9,3,23.47
"https://amazon.com/dp/B0FNWKSKYK","https://m.media-amazon.com/images/I/71VQmw6X7AL._SX450_.jpg","B0FNWKSKYK","GOYOJO GNG2K Night Vision Monocular - 2K / 60Hz Refresh Digital Night Vision Goggles, Helmet Mountable, Stealth Infrared 940nm NVG with 0.0001 Lux Sensor, 4 Color Modes for Tactical/Hunting/Camping","GOYOJO","FBA","Sports & Outdoors",33404,"N/A","N/A","N/A","N/A","Night Vision Monoculars",3,499,-11,71,25,,39433.13,12894.93,153,4.4,"MeasureUp Store","Hong Kong",1,0,"N/A","Large Standard-Size",3.15,6.69,6.93,2.05,73.53,202.83,"02/28/2026",7,9,3,0.46
"https://amazon.com/dp/B0GRGZ7G62","https://m.media-amazon.com/images/I/71VZprVTpwL._SX450_.jpg","B0GRGZ7G62","Binoculars with Camera and Night Vision - 12x42 Digital Binoculars with 2.4"" IPS Screen, 7 IR Modes for 200-300m in Darkness, for Adults Bird Watching, Hunting, Camping - Includes 32GB Card","PGDLOF","FBA","Sports & Outdoors",33586,"N/A","N/A","N/A","N/A","Night Vision Binoculars & Goggles",9,108.88,"N/A",45,0,,5035.39,"-",24,5,"CHABOWNER","China",0,0,"N/A","N/A","N/A","N/A","N/A","N/A","N/A","N/A","02/28/2026",2,7,2,1.87
"https://amazon.com/dp/B0CNXPDG7R","https://m.media-amazon.com/images/I/61JgyLnjlqL._SX450_.jpg","B0CNXPDG7R","GOYOJO G215 Thermal Imaging Monocular for Hunting, 256x192 (50Hz) Infrared Night Vision Telescope, 15mm Focal Lens Thermal Scopes for Outdoor Night Vision Camera Telescope","GOYOJO","FBA","Sports & Outdoors",34197,658361248977,"N/A",0658361248977,"N/A","Night Vision Monoculars",3,404.09,-7,138,11,-90,57473.84,5036.74,330,4.4,"GOYOJO Store","China",1,2850,5,"Large Standard-Size",4.41,5.87,9.57,2.29,124.73,344.08,"11/30/2025",28,9,5,0.42
"https://amazon.com/dp/B0D1R935KD","https://m.media-amazon.com/images/I/61OYxM9Tg7L._SX450_.jpg","B0D1R935KD","GOYOJO G315 Thermal Monocular, 384x288 (50 Hz) Thermal Imaging Monoscope Camera for Adults, 15mm Focal Lens Vision Goggles Thermal Scopes for Night Hunting Camping","GOYOJO","FBA","Sports & Outdoors",34903,"N/A","N/A","N/A","N/A","Night Vision Monoculars",3,551.64,-31,143,17,-71,59155.22,10494.24,330,4.4,"GOYOJO Store","China",1,2836,5,"Large Standard-Size",4.49,5.83,9.53,2.31,125.6,346.48,"11/30/2025",23,9,5,0.43
"https://amazon.com/dp/B0D1RB6PBJ","https://m.media-amazon.com/images/I/61A45-jyyZL._SX450_.jpg","B0D1RB6PBJ","GOYOJO G325 Thermal Imaging Monocular for Hunting, 384x288 (50 Hz) Infrared Night Vision Telescope, 25mm Focal Lens Thermal Scopes for Outdoor Night Vision Camera Telescope","GOYOJO","FBA","Sports & Outdoors",35224,"N/A","N/A","N/A","N/A","Night Vision Monoculars",3,679.15,-34,143,11,-71,59155.22,8275.83,329,4.4,"GOYOJO Store","China",1,2836,5,"Large Standard-Size",4.49,5.83,9.65,2.36,127.18,350.84,"11/30/2025",23,9,5,0.44
"https://amazon.com/dp/B0CNXP8JBV","https://m.media-amazon.com/images/I/61JgyLnjlqL._SX450_.jpg","B0CNXP8JBV","GOYOJO G210 Thermal Monocular, 256x192 (25 Hz) Thermal Imaging Monoscope Camera for Adults, 10mm Focal Lens Vision Goggles Thermal Scopes for Night Hunting Camping","GOYOJO","FBA","Sports & Outdoors",35230,658361248960,"N/A",0658361248960,"N/A","Night Vision Monoculars",4,328.99,-37,137,100,-74,56831.58,34369.61,329,4.4,"GOYOJO Store","China",1,2830,4,"Large Standard-Size",4.45,5.87,9.65,2.27,126.91,350.1,"11/30/2025",28,9,5,0.42
"https://amazon.com/dp/B0CFH7SGZK","https://m.media-amazon.com/images/I/71E0mxCRLML._SX450_.jpg","B0CFH7SGZK","GOYOJO Night Vision Goggles Helmet-Mounted Monocular | 1080P HD NVG with 3X Zoom & Adjustable Infrared | IP66 Waterproof for Hunting, Surveillance, Camping | Built-in Compass (100% Darkness)","GOYOJO","FBA","Sports & Outdoors",37383,614166922924,"N/A",0614166922924,"N/A","Night Vision Monoculars",5,189,-42,73,30,,40674.31,6241.95,130,4.3,"MeasureUp Store","Hong Kong",1,0,"N/A","Large Standard-Size",3.11,6.69,6.85,1.76,71.76,197.95,"02/28/2026",31,9,3,0.56
"https://amazon.com/dp/B08XJQ7FZN","https://m.media-amazon.com/images/I/519MaYEDeLS._SX450_.jpg","B08XJQ7FZN","Night Vision Googgles","LEESION","FBA","Sports & Outdoors",37446,"N/A","N/A","N/A","N/A","Optics Mounts",241,69.98,"N/A",88,0,12,6153.48,"-",140,4.4,"SHDA-US","China",0,825,170,"N/A","N/A","N/A","N/A","N/A","N/A","N/A","01/31/2026",61,6,2,0.63
"https://amazon.com/dp/B07PPD42Y1","https://m.media-amazon.com/images/I/71UAMG3VyiL._SX450_.jpg","B07PPD42Y1","Gexmil CNC PVS15/18 Night Vision Goggles Mount for L4G24 NVG Metal G24 Mount (Black)","Gexmil","FBA","Sports & Outdoors",39294,"N/A","N/A",6431223375660,"N/A","Night Vision",17,84.99,-24,218,110,-43,17982.74,9354.66,454,4.2,"SZXZM","China",1,3086,-20,"Large Standard-Size",2.52,3.66,4.84,0.55,22.48,62,"10/31/2024",84,7,2,0.48
"https://amazon.com/dp/B07PPDYVGW","https://m.media-amazon.com/images/I/61BN7+halnL._SX450_.jpg","B07PPDYVGW","Gexmil CNC PVS15/18 Night Vision Goggles Mount for L4G24 NVG Metal Helmet Mount (Sand Color)","Gexmil","FBA","Sports & Outdoors",39294,"N/A","N/A",6431223350735,"N/A","Night Vision Binoculars & Goggles",33,79.99,-29,218,108,-43,17982.74,8625.68,454,4.2,"SZXZM","China",1,3086,-20,"Large Standard-Size",2.52,3.7,5,0.57,23.47,64.75,"10/31/2024",84,7,2,0.48
"https://amazon.com/dp/B0CJK2MJPV","https://m.media-amazon.com/images/I/81aZMpi1-SL._SX450_.jpg","B0CJK2MJPV","Night Vision Goggles - Nightfox Swift 2 NVG Goggles, Head or Helmet Mounted, Wide FOV, 1x Magnification, Infrared Night Vision Binoculars Stealth 940nm IR, Tactical Digital NODs for Airsoft","NIGHTFOX","FBA","Sports & Outdoors",41662,"N/A",05060577470717,5060577470717,"N/A","Night Vision Binoculars & Goggles",12,159.99,-16,156,58,-50,26992.65,9251.22,116,4.1,"Brunel Brands","United Kingdom of Great Britain and Northern Ireland",2,0,"N/A","Large Standard-Size",4.02,7.72,10.04,2.23,156.87,432.76,"11/30/2025",30,9,4,1.34
"https://amazon.com/dp/B0CJK26N81","https://m.media-amazon.com/images/I/41yDjQgUgaL._SX450_.jpg","B0CJK26N81","Night Vision Goggles - Nightfox Swift 2 Pro NVG Goggles, Head or Helmet Mounted, Wide FOV, 1x Magnification NVGs, 1080p Video Recording, Stealth Infrared 940nm IR, Tactical Digital NODs for Airsoft","NIGHTFOX","FBA","Sports & Outdoors",41663,"N/A","N/A",5060577470724,"N/A","Night Vision Binoculars & Goggles",12,199.99,-13,156,72,-50,26992.65,14383.87,229,3.9,"Brunel Brands","United Kingdom of Great Britain and Northern Ireland",3,0,"N/A","Large Standard-Size",3.98,7.8,10,2.29,156.3,431.17,"11/30/2025",30,9,4,0.68
"https://amazon.com/dp/B0FJM2TBJZ","https://m.media-amazon.com/images/I/71vlCAautQL._SX450_.jpg","B0FJM2TBJZ","4K Night Vision Goggles, Night Vision Binoculars for Adults, 10X Zoom & 5000mAh Battery, 32GB Card Included, Infrared Vision, Tech Gadgets Telescope for Outdoor, Camping & Security","HOTPEAK","FBA","Sports & Outdoors",42465,758918447317,"N/A",0758918447317,"N/A","Night Vision Binoculars & Goggles",10,48.98,-7,3,47,,247.6,3265.24,369,4.4,"HOTPEAK US","China",1,0,"N/A","Large Standard-Size",2.91,5.63,7.32,0.97,60.38,166.56,"02/28/2026",8,7,4,0.01
"https://amazon.com/dp/B0F5WCSL4H","https://m.media-amazon.com/images/I/71Q7XaHGGeL._SX450_.jpg","B0F5WCSL4H","Night Vision Goggles, 112 MP 4K Night Vision Binoculars for Adults, 12X Zoom & 5000mAh Battery, 64GB Card Included, Infrared Binoculars Night Vision, Tech Gadgets Telescope for Bird Watching","HOTPEAK","FBA","Sports & Outdoors",42554,758918444910,"N/A",0758918444910,"N/A","Night Vision Binoculars & Goggles",10,69.99,-24,3,50,,247.6,4414.19,203,4.4,"HOTPEAK US","China",1,0,"N/A","Large Standard-Size",2.72,6.57,8.15,1.06,73.33,202.28,"02/28/2026",11,7,4,0.02
"https://amazon.com/dp/B0DS699L9S","https://m.media-amazon.com/images/I/81NUgWrcUjL._SX450_.jpg","B0DS699L9S","Night Vision Goggles – Nightfox Swift Max Head Mounted Night Vision Binoculars, Wide Angle 1x Lens NVG, USB-Rechargeable, Head or Helmet Mount, Military-Style Infrared Binoculars for Adults","NIGHTFOX","FBA","Sports & Outdoors",43301,"N/A","N/A",5060577470991,"N/A","Night Vision Binoculars & Goggles",11,149.99,"N/A",156,7,-50,26992.65,1057.18,6,4.5,"Brunel Brands","United Kingdom of Great Britain and Northern Ireland",1,0,"N/A","Large Standard-Size",3.7,7.72,10.16,2.18,146.11,403.07,"11/30/2025",12,6,4,26
"https://amazon.com/dp/B0FNMYC9L5","https://m.media-amazon.com/images/I/71UBOjIsPCL._SX450_.jpg","B0FNMYC9L5","Night Vision Goggles, 4K HD Night Vision Binoculars with 7X Digital Zoom, 3'' HD Screen & Rechargeable Battery for Camping & Security, with 32GB TF Card for Photos and Videos, Gifts for Men Him Dad","Wolfeevo","FBA","Sports & Outdoors",44143,"N/A","N/A","N/A","N/A","Night Vision Binoculars & Goggles",11,59.99,-31,134,134,-27,8025.52,8025.37,65,4.2,"Wolfeevo Direct","Hong Kong",1,0,"N/A","Large Standard-Size",3.19,6.14,7.52,1.06,74.16,204.57,"11/30/2025",7,7,0,2.06
"https://amazon.com/dp/B0CJ29ZH7V","https://m.media-amazon.com/images/I/71eQpsP6HNL._SX450_.jpg","B0CJ29ZH7V","Night Vision Goggles,4K Night Vision Binoculars for Adult with 5000mAh Rechargeable Battery,16X Digital Zoom,3.5"" HD Screen and 1000FT Viewing Range,32GB TF Card for Photo and Video,Ideal Gift for Men","WISHBETY","FBA","Sports & Outdoors",45433,"N/A","N/A","N/A","N/A","Night Vision Binoculars & Goggles",13,79.99,-1,111,94,-137,8902.64,7543.45,515,4.4,"XinYi-US","China",2,12891,"N/A","Large Standard-Size",3.31,7.09,8.94,2.03,105.63,291.39,"11/30/2025",29,8,6,0.22
"https://amazon.com/dp/B0CQZQ28PM","https://m.media-amazon.com/images/I/711+53mZiNL._SX450_.jpg","B0CQZQ28PM","Night Vision Goggles,4K Night Vision Binoculars for Adult with 5000mAh Rechargeable Battery,16X Digital Zoom,3.5"" HD Screen and 1000FT Viewing Range,32GB TF Card for Photo and Video,Ideal Gift for Men","WISHBETY","FBA","Sports & Outdoors",45433,"N/A","N/A","N/A","N/A","Night Vision Binoculars & Goggles",13,79.99,-16,111,17,-137,8902.64,1357.81,515,4.4,"XinYi-US","China",1,12891,"N/A","Large Standard-Size",3,7,9,2.55,95.16,262.5,"11/30/2025",30,8,6,0.22
"https://amazon.com/dp/B0GF253WXY","https://m.media-amazon.com/images/I/71VZprVTpwL._SX450_.jpg","B0GF253WXY","Binoculars with Camera and Night Vision - 12x42 Digital Binoculars with 2.4"" IPS Screen, 7 IR Modes for 200-300m in Darkness, for Adults Bird Watching, Hunting, Camping - Includes 32GB Card (Black)","PGDLOF","FBA","Sports & Outdoors",45490,"N/A","N/A","N/A","N/A","Night Vision Binoculars & Goggles",13,108.88,59,45,45,,5035.39,5034.89,23,5,"CHABOWNER","China",1,0,"N/A","Large Standard-Size",3.03,5.2,7.28,1.43,57.75,159.31,"02/28/2026",0,7,2,1.95
"https://amazon.com/dp/B0B8ML9J45","https://m.media-amazon.com/images/I/71KP7+NOxOL._SX450_.jpg","B0B8ML9J45","MILESEEY Night Vision Binoculars, Night Vision Goggles with 4.5"" Extra Large Screen, Digital Infrared Night Vision Binoculars for Hunting/Surveillance,Tripod Support","MiLESEEY","FBA","Sports & Outdoors",45686,"N/A","N/A","N/A","N/A","Night Vision Binoculars & Goggles",12,32.49,"N/A",236,0,,11507.8,"-",35,4.1,"ACPOTEL-direct","Hong Kong",0,0,"N/A","Large Standard-Size",4.37,8.31,10.2,3.33,186.49,514.46,"02/28/2026",43,8,2,6.74
"https://amazon.com/dp/B0GH69J9RY","https://m.media-amazon.com/images/I/41ZkykZpkCL._SX450_.jpg","B0GH69J9RY","4K Night Vision Goggles, Night Vision Binoculars with 3″ Screen, 10X Digital Zoom, Infrared Binoculars, 5000mAh Rechargeable Battery, 32GB Card Included Tech Gadgets Telescope, Gifts for Men","HOTPEAK","FBA","Sports & Outdoors",48956,763306488025,"N/A",0763306488025,"N/A","Night Vision Binoculars & Goggles",15,69.99,-24,88,64,,7480.21,4863.32,6,5,"HeBiShiMaoChuShangMaoYouXianGongSi","N/A",1,0,"N/A","Large Standard-Size",3.07,5.63,7.28,0.97,63.35,174.76,"02/28/2026",2,8,2,14.66
"https://amazon.com/dp/B0BKZW16RH","https://m.media-amazon.com/images/I/71ueJVy2dcL._SX450_.jpg","B0BKZW16RH","ArzzuNiu Head-Mounted Night Vision Goggles - Rechargeable Hands Free Night Vision Binoculars Goggles,1312FT Digital Infrared Viewing for Adults,Include 32GB SD Card,8X Digital Zoom","ArzzuNiu","FBA","Sports & Outdoors",52218,748521914696,"N/A",0748521914696,"N/A","Night Vision Binoculars & Goggles",17,129.99,-30,132,132,-71,23219.7,23219.55,507,4.2,"LONAJ","China",3,2674,20,"Large Standard-Size",3.94,6.73,9.88,2.31,131.87,363.78,"11/30/2025",40,6,1,0.26
"https://amazon.com/dp/B0CXHQCTHJ","https://m.media-amazon.com/images/I/71385uuz7AL._SX450_.jpg","B0CXHQCTHJ","AKASO Seemor-200 Night Vision Goggles - 4K Full Color Night Vision Binoculars for Adults, App-Enabled Photo and Video Saving,AI-ISP 3280FT Viewing Range,16x Digital Zoom for Camping Hiking & Security","AKASO","FBA","Sports & Outdoors",52766,810082452723,"N/A",0810082452723,"N/A","Binoculars",123,212.49,-22,165,165,-93,38630.77,38630.67,264,4.2,"AKASO-Store","USA",2,4683,"N/A","Large Standard-Size",3.78,6.77,9.92,2.62,127.81,352.58,"11/30/2025",24,9,0,0.62
"https://amazon.com/dp/B0DCNJ1G2Y","https://m.media-amazon.com/images/I/71fhUWAraVL._SX450_.jpg","B0DCNJ1G2Y","Night Vision Goggles, Night Vision Binoculars for Adults, 5000mAh Rechargeable Infrared Binoculars with 3'' Large Screen, 10X Digital Zoom External Flashlight for Camping","Vtiisamao","FBA","Sports & Outdoors",53493,762736483556,"N/A",0762736483556,"N/A","Night Vision Binoculars & Goggles",17,89.99,-28,316,316,-94,20397.04,20394.09,2419,4.4,"Business Shoppes","China",1,0,"N/A","Large Standard-Size",2.91,5.67,7.28,1.06,60.48,166.83,"11/30/2025",19,7,3,0.13
"https://amazon.com/dp/B0FPLQ7YHT","https://m.media-amazon.com/images/I/71TNzE0-O8L._SX450_.jpg","B0FPLQ7YHT","Dsoon Head-Mounted Night Vision Goggles Upgraded, Rechargeable Hands Free Night Vision Binoculars Goggles with Infrared, 1312FT, 32GB TF Card, Flashlight, 8X Digital Zoom","Dsoon","FBA","Sports & Outdoors",53940,"N/A","N/A","N/A","N/A","Night Vision Binoculars & Goggles",18,123.49,-133,10,4,,1297.04,568.91,23,4.2,"Powcare","China",2,0,"N/A","Large Standard-Size",4.09,6.93,9.8,2.34,139.85,385.79,"02/28/2026",5,7,2,0.44
"https://amazon.com/dp/B0F835LQ72","https://m.media-amazon.com/images/I/41a4O5vCCRL._SX450_.jpg","B0F835LQ72","NVG Mount PVS 14 Night Vision Dovetail NVG G24 Mount CNC Adjustable NVG Mount Combat NVG Helmet Mount for PVS 31 PVS15/18/PGPNVG18 Night Vision Goggles Metal G24 Mount FDE","HTPREC","FBA","Sports & Outdoors",55071,755086733983,"N/A",0755086733983,"N/A","Night Vision Binoculars & Goggles",19,79.98,-23,115,26,-52,9164.15,2053.93,32,4.4,"HTPREC","China",1,0,"N/A","Large Standard-Size",2.52,3.62,4.92,0.55,22.6,62.34,"12/31/2025",9,9,3,3.58
"https://amazon.com/dp/B0F82W7TYP","https://m.media-amazon.com/images/I/716x-y4wXML._SX450_.jpg","B0F82W7TYP","HTPREC NVG Mount for PVS14/15/18 G24 Night Vision Goggles PVS 31 NVG Metal Mount CNC for CS Games Black","HTPREC","FBA","Sports & Outdoors",55071,755086733976,"N/A",0755086733976,"N/A","Night Vision Binoculars & Goggles",19,79.98,1,115,63,-52,9164.15,5058.18,32,4.4,"HTPREC","China",1,0,"N/A","Large Standard-Size",2.52,3.66,4.84,0.55,22.48,62,"12/31/2025",9,9,3,3.58
"https://amazon.com/dp/B088Z1Y71G","https://m.media-amazon.com/images/I/81d309joHSL._SX450_.jpg","B088Z1Y71G","BLUPOND Night Driving Glasses - Chopper - Semi Polarized Night Driver Clear Vision Motorcycle Riding - TAC Anti Glare","BLUPOND","FBA","Sports & Outdoors",55216,"N/A","N/A","N/A","N/A","Night Vision Binoculars & Goggles",20,39.99,-29,110,78,19,4651.78,3121.99,347,4.3,"BLUPOND Store","USA",1,974,314,"Large Standard-Size",2.76,3.5,7.13,0.44,34.68,95.66,"11/30/2025",72,8,6,0.32
"https://amazon.com/dp/B0FQ9MMTBJ","https://m.media-amazon.com/images/I/71Q1OKm-xQL._SX450_.jpg","B0FQ9MMTBJ","Yehtreh Night Vision Goggles for Kids with 32GB Card, 5X Zoom Kids Night Vision Binoculars - 1080P HD Digital Camera, Great Birthday Gifts for 3-8 Year Olds.（Camouflage）","Yehtreh","FBA","Sports & Outdoors",55244,"N/A","N/A","N/A","N/A","Night Vision Binoculars & Goggles",22,39.99,-14,131,43,,4557.77,1665.3,29,4.5,"rps-tech","China",1,0,"N/A","Large Standard-Size",2.4,4.69,7.91,0.68,44.83,123.66,"02/28/2026",6,5,3,4.51
"https://amazon.com/dp/B0CSV6W4RY","https://m.media-amazon.com/images/I/61JKuoqnvbL._SX450_.jpg","B0CSV6W4RY","Yehtreh Night Vision Goggles for Kids with 32GB Card, 5X Zoom Kids Night Vision Binoculars - 1080P HD Digital Camera, Great Birthday Gifts for 3-8 Year Olds.（Black）","Yehtreh","FBA","Sports & Outdoors",55800,"N/A","N/A","N/A","N/A","Night Vision Binoculars & Goggles",21,33.99,-52,127,76,,4425.92,2592.56,29,4.5,"rps-tech","China",2,0,"N/A","Large Standard-Size",2.4,4.88,7.87,0.68,46.41,128.02,"02/28/2026",26,5,3,4.38
"https://amazon.com/dp/B0GH5RWH12","https://m.media-amazon.com/images/I/71StQVru5uL._SX450_.jpg","B0GH5RWH12","Night Vision Goggles, 4K Night Vision Binoculars, 112MP Infrared Binoculars, 12X Digital Zoom 5000mAh Rechargeable Battery with 64GB Card, External Flashlight 1500ft View Range Tech Gadgets Telescope","HOTPEAK","FBA","Sports & Outdoors",57786,763306488018,"N/A",0763306488018,"N/A","Night Vision Binoculars & Goggles",22,119.99,-14,88,24,,7480.21,2615.73,12,5,"HeBiShiMaoChuShangMaoYouXianGongSi","N/A",1,0,"N/A","Large Standard-Size",2.64,6.57,8.19,1.08,71.5,197.25,"02/28/2026",2,6,2,7.33
"https://amazon.com/dp/B0DMZSBPNT","https://m.media-amazon.com/images/I/71KdPe7E01L._SX450_.jpg","B0DMZSBPNT","YUANZIMOO Head-Mounted Night Vision Monocular Digital Infrared Monocular","YUANZIMOO","FBA","Sports & Outdoors",58799,"N/A","N/A","N/A","N/A","Night Vision Monoculars",6,83.99,-13,96,96,,8026.52,8025.56,141,4.1,"NIANDONG","China",1,0,"N/A","Large Standard-Size",3.46,6.69,8.82,1.48,102.79,283.56,"01/31/2026",16,5,2,0.68
"https://amazon.com/dp/B0FLXCK6D8","https://m.media-amazon.com/images/I/717yGa3SjdL._SX450_.jpg","B0FLXCK6D8","Night Vision Goggles for Adults, 4K Night Vision Binoculars with 5000mAh Battery, 32GB TF Card & 4'' HD Screen and Flashlight for Camping & Security, Hunting Gear Camping Gifts for Men Husband","Tezousi","FBA","Sports & Outdoors",58800,"N/A","N/A","N/A","N/A","Night Vision Binoculars & Goggles",23,47.49,-14,293,293,-98,14569.68,14569.46,40,4.5,"ainazhiUS","N/A",1,0,"N/A","Large Standard-Size",3.94,6.89,7.64,1.48,104.42,288.06,"11/30/2025",7,9,0,7.31
"https://amazon.com/dp/B0FH9Y3TJT","https://m.media-amazon.com/images/I/71NMvrKWXlL._SX450_.jpg","B0FH9Y3TJT","WOSPORTS 4K Night Vision Goggles – 10X Optical & 8X Digital Zoom, 1315FT Infrared Range, Rechargeable 5000mAh Battery, IPX Waterproof, Ideal for Camping, Army Green","WOSPORTS","FBA","Sports & Outdoors",59620,"N/A","N/A","N/A","N/A","Night Vision Binoculars & Goggles",23,123.49,-14,49,13,-57,7933.74,2544.93,131,4.1,"Woot","USA",2,0,"N/A","Large Standard-Size",3.31,6.85,8.82,2.34,100.68,277.75,"11/30/2025",8,9,5,0.38
"https://amazon.com/dp/B0F331K8HJ","https://m.media-amazon.com/images/I/81GWDvxlO6L._SX450_.jpg","B0F331K8HJ","4K Night Vision Goggles for Adults, Infrared Binoculars with 36MP Camera & 4.5"" Screen 8X Digital Zoom 4500mAh Rechargeable Battery 32GB TF Card Tripod Compass 1300ft Range Ideal for Hunting & Camping","Summit Horizon","FBA","Sports & Outdoors",59658,199284554634,"N/A",0199284554634,"N/A","Night Vision Binoculars & Goggles",24,39.99,-49,56,56,252,2668.22,2668.08,37,4,"SWINGNBLING OUTDOORS SPORTS & LEISURE LIMITED","United Kingdom of Great Britain and Northern Ireland",1,0,"N/A","Large Standard-Size",3.15,7.72,9.02,1.98,110.44,304.65,"11/30/2025",11,7,0,1.6
"https://amazon.com/dp/B0DHXBM45Y","https://m.media-amazon.com/images/I/71143-uw9QL._SX450_.jpg","B0DHXBM45Y","FIEGEl Night Vision Goggles, 4K UHD Video & 36MP Image Infrared Night Vision Binoculars with 4.5″ Screen, 4500mAh Rechargeable Battery, 32GB TF Card, 8X Digital Zoom for Camping (Black)","FIEGEl","FBA","Sports & Outdoors",60998,"N/A","N/A","N/A","N/A","Night Vision Binoculars & Goggles",22,59.99,-42,102,102,50,6161.32,6161.17,185,4.5,"FIEGEl-US","China",1,865,"N/A","Large Standard-Size",3.11,6.18,7.83,1.57,75.77,209.02,"11/30/2024",18,7,0,0.55
"https://amazon.com/dp/B096HD7WYC","https://m.media-amazon.com/images/I/41ZXXQbwEsS._SX450_.jpg","B096HD7WYC","Bushnell EX650 Digital Equinox X650 Night Vision 5x 32mm Monocular","Bushnell","Amazon","Sports & Outdoors",61664,029757008060,00029757008060,0029757008060,"N/A","Night Vision Monoculars",7,143.99,2,46,46,-94,7835.32,7834.96,512,3.8,"Amazon","N/A",4,1625,-31,"Large Standard-Size",3.39,4.41,7.99,1.26,"N/A","N/A","11/30/2024",57,9,0,0.09
"https://amazon.com/dp/B0CC5RM5L9","https://m.media-amazon.com/images/I/51c02je4EPL._SX450_.jpg","B0CC5RM5L9","SIG SAUER Zulu6 FDE HDX OIS 20X42mm Waterproof Fog-Proof Portable Roof Prism Binocular with Image Stabilization (SOZ6WP20)","Sig Sauer","FBM","Sports & Outdoors",62390,798681668328,00798681668328,0798681668328,"N/A","Night Vision Binoculars & Goggles",27,1299.99,-14,102,10,19,109921.85,13128.83,113,4.7,"EuroOptic (✅ Authorized Dealer ✅ Fastest Shipping)","USA",5,1852,29,"Large Standard-Size",3.74,8.27,9.69,2.28,"N/A","N/A","07/31/2025",32,7,5,0.9
"https://amazon.com/dp/B0D2WSNMVK","https://m.media-amazon.com/images/I/719VTbmQYdL._SX450_.jpg","B0D2WSNMVK","WARMTUYO Night Vision Goggles, 4K Infrared Binoculars with Camera, 9 Gear Night Vision with 5000mAh Battery, 16X Digital Zoom Nightvision with 32GB TF Card, 3.5"" HD Binoculars Gift for Mens","WARMTUYO","FBA","Sports & Outdoors",62951,"N/A","N/A","N/A","N/A","Night Vision Binoculars & Goggles",23,99.99,-31,106,79,-126,11361.9,7944.57,414,4.3,"WARMTUYO","China",4,7883,"N/A","Large Standard-Size",3.27,7.05,8.78,2.07,101.91,281.12,"11/30/2025",29,7,5,0.26
"https://amazon.com/dp/B0CP27M2S6","https://m.media-amazon.com/images/I/81JuV7GCa2L._SX450_.jpg","B0CP27M2S6","WARMTUYO Night Vision Goggles, 4K Binoculars with Camera, 3.5"" HD Display and 32GB TF Card, 9 Gear Night Vision, 10X Digital Zoom, 4000mAh Battery Nightvision","WARMTUYO","FBA","Sports & Outdoors",62951,"N/A","N/A","N/A","N/A","Night Vision Binoculars & Goggles",23,159.99,"N/A",106,5,-126,11361.9,840.55,414,4.3,"WARMTUYO","China",2,7883,"N/A","Large Standard-Size",3.27,7.05,8.78,2.05,101.91,281.12,"11/30/2025",28,7,5,0.26
"https://amazon.com/dp/B0FWJB8C1H","https://m.media-amazon.com/images/I/71lQk-jqsTL._SX450_.jpg","B0FWJB8C1H","Night Vision Goggles - 4K Night Vision Binoculars for Adults mit 32GB TFT Card 2700FT IR/2000mAh, 2.8'' HD Screen, 7 Gear Infrared and 10X Digital Zoom for Outdoor Enthusiasts and Animal Watchers","COOVIE","FBA","Sports & Outdoors",63032,"N/A","N/A","N/A","N/A","Night Vision Binoculars & Goggles",28,35.99,-42,75,75,,2692.72,2692.58,21,4.5,"Alice Windowshop","China",1,0,"N/A","Large Standard-Size",3.9,5.94,7.52,0.97,87.71,241.96,"02/28/2026",5,9,0,3.57
"https://amazon.com/dp/B0CQC8F414","https://m.media-amazon.com/images/I/81PuBs-rnYL._SX450_.jpg","B0CQC8F414","WARMTUYO Night Vision Goggles, 4K Binoculars with Camera, 3.5"" HD Display and 32GB TF Card, 9 Gear Night Vision, 16X Digital Zoom, 5000mAh Battery Nightvision","WARMTUYO","FBA","Sports & Outdoors",63187,"N/A","N/A","N/A","N/A","Night Vision Binoculars & Goggles",24,159.99,-3,106,5,-126,11361.9,761.15,410,4.3,"WARMTUYO","China",2,7883,"N/A","Large Standard-Size",3.35,7.05,8.86,2.03,105.35,290.63,"11/30/2025",27,7,5,0.26
"https://amazon.com/dp/B0CSM2KBCR","https://m.media-amazon.com/images/I/61aLsgeapFL._SX450_.jpg","B0CSM2KBCR","Head-Mounted Night Vision Monocular Goggles with Elastic Head Strap, Default 7X Magnification, Digital Infrared NVG Equipment 1148FT Range with 1.54in HD Screen, Rechargeable for Ghost Hunting Camping","GOYOJO","FBA","Sports & Outdoors",63468,658361252424,"N/A",0658361252424,"N/A","Night Vision Binoculars & Goggles",25,74.69,-17,95,95,-6,7618.3,7617.9,201,4.1,"MeasureTech Emporium","China",1,2010,"N/A","Large Standard-Size",2.91,5.35,10.67,1.26,83.63,230.72,"09/30/2025",26,8,0,0.47
"https://amazon.com/dp/B0F8NGC8XG","https://m.media-amazon.com/images/I/7182ouMEzxL._SX450_.jpg","B0F8NGC8XG","WOSPORTS 4K Night Vision Goggles, up to 80X Total Magnification 1315FT Infrared Night Vision, 64GB TF Card - Ideal for Camping & Outdoor Use","WOSPORTS","Amazon","Sports & Outdoors",63837,199284211643,"N/A",0199284211643,"N/A","Night Vision Binoculars & Goggles",28,116.99,-46,49,31,-57,7933.74,4150.05,131,4.1,"Amazon","N/A",3,0,"N/A","Large Standard-Size",3.31,6.73,8.9,2.36,"N/A","N/A","11/30/2025",9,7,5,0.38
"https://amazon.com/dp/B0D1CF5H7D","https://m.media-amazon.com/images/I/51wC6nWMXTL._SX450_.jpg","B0D1CF5H7D","Tactical AN/PVS31 NVG Dummy Model,Helmet No Function Binocular Night Vision Goggle for Cosplay Display","WoSporT","FBA","Sports & Outdoors",64920,"N/A","N/A","N/A","N/A","Night Vision Binoculars & Goggles",27,36.99,-43,44,4,-69,1599.49,134.6,77,4.3,"West raccoon outdoor","China",2,1005,"N/A","Large Standard-Size",3.86,5.2,6.65,0.76,67.17,185.29,"09/30/2025",23,7,4,0.58
"https://amazon.com/dp/B0FCSD9V6P","https://m.media-amazon.com/images/I/71KP7+NOxOL._SX450_.jpg","B0FCSD9V6P","4K Night Vision Binoculars for Adult, Night Vision Goggles, 2025 Upgraded Rechargeable Infrared Binoculars with Camera, 3'' Ultra HD Screen, 32GB TF Card, 8X Digital Zoom, Camping, Hunting & Security","MiLESEEY","FBA","Sports & Outdoors",64933,"N/A","N/A","N/A","N/A","Night Vision Binoculars & Goggles",29,32.49,-52,236,236,,11507.8,11507.43,35,4.1,"ACPOTEL-direct","Hong Kong",1,0,"N/A","Large Standard-Size",4.29,9.37,11.77,3.66,238.2,657.11,"02/28/2026",9,8,2,6.74
"https://amazon.com/dp/B0CJRWKY9F","https://m.media-amazon.com/images/I/61nupg27--L._SX450_.jpg","B0CJRWKY9F","Nvgfelis Kids Camera & Night Vision Goggles for Kids Boys and Girls, Christmas Birthday Gifts, Night Vision Binoculars with 32GB Memory Card(Pink)","Nvgfelis","FBA","Sports & Outdoors",65441,"N/A","N/A","N/A","N/A","Night Vision Binoculars & Goggles",27,34.99,28,44,32,-124,1666.18,1122.27,89,4.3,"Felis Cam","China",1,2430,76,"Large Standard-Size",2.56,4.76,8.07,0.83,49.54,136.65,"11/30/2025",30,6,5,0.49
"https://amazon.com/dp/B0DRJ9CT4P","https://m.media-amazon.com/images/I/71gQBOpGs5L._SX450_.jpg","B0DRJ9CT4P","Night Vision Goggles - 4K Night Vision Binoculars for Adults, 1986FT Viewing Range Infrared with 5000mAh Battery, Includes 32GB Micro SD Card, Ideal for Camping, Hunting & Security, Black","CFEIXIN","FBA","Sports & Outdoors",66043,"N/A","N/A","N/A","N/A","Night Vision Binoculars & Goggles",31,29.98,-67,1,1,67,78.52,78.48,30,4.3,"VisioGear Inc.","China",1,81,"N/A","Large Standard-Size",3.9,8.15,10.24,3.6,163.7,451.59,"08/31/2025",13,7,0,0.04
"https://amazon.com/dp/B06XJ1M846","https://m.media-amazon.com/images/I/61PNt-vi1DL._SX450_.jpg","B06XJ1M846","BESTSIGHT DIY Night Vision Scope,Quick Installation Barrle,5"" Display Screen with 5w 850nm IR(Infrared Illuminator),View 218YARD/200m in Night,for 38-44mm Eyepiece Scope (Rifle Scope)","BESTSIGHT","FBA","Sports & Outdoors",67216,"N/A","N/A",7445260666888,"N/A","Night Vision",40,104.93,-14,56,56,-103,5875.58,5875.46,1200,3.8,"Bestsight Outdoor","China",1,1794,-27,"Large Standard-Size",5.16,6.85,7.52,2.44,133.76,368.99,"11/30/2024",108,9,0,0.05
"https://amazon.com/dp/B0FMY4H9FL","https://m.media-amazon.com/images/I/71dn+CIimrL._SX450_.jpg","B0FMY4H9FL","4K Day/Night Vision Goggles | Smart App Night Vision Binoculars - Up to 2642 FT Viewing Range, 3"" HD LCD Screen, 4000mAh Rechargeable Battery, Includes 32GB Card, Video & Audio Recording for Camping","PYKRONZ","FBA","Sports & Outdoors",67582,742404860483,"N/A",0742404860483,"N/A","Night Vision Binoculars & Goggles",35,79.99,-15,34,22,-125,2657.77,1743.8,87,4.4,"PYKRONZ","Hong Kong",2,0,"N/A","Large Standard-Size",2.91,5.24,6.81,1.01,52.28,144.22,"11/30/2025",7,9,3,0.39
"https://amazon.com/dp/B0DR1XY896","https://m.media-amazon.com/images/I/71DL2Y-lolL._SX450_.jpg","B0DR1XY896","WARMTUYO 4K Night Vision Goggles, 3.0"" HD Display Night Vision Binoculars, Portable 9-Level Infrared NightVision, 16X Digital Zoom, 5000mAh Long-Life Binoculars, Compact Binoculars with 32GB Card","WARMTUYO","FBA","Sports & Outdoors",69106,"N/A","N/A","N/A","N/A","Night Vision Binoculars & Goggles",36,79.99,8,97,97,-113,7768.65,7767.55,104,4.4,"WARMTUYO","China",2,3160,"N/A","Large Standard-Size",2.6,5.08,7.4,1.08,49.21,135.75,"11/30/2025",13,7,0,0.93
"https://amazon.com/dp/B0DQ4QPCMC","https://m.media-amazon.com/images/I/815qjVKyTbL._SX450_.jpg","B0DQ4QPCMC","NoctiView 4K Night Vision Binoculars: 800M Range, 13° FOV, 7 IR Levels, 3.2” Screen, 40MP Photos, 8X Zoom, 128GB Support, 5000mAh Battery – Gift Set w/Compass & Pouch for Camping and Wildlife.","NoctiView","FBA","Sports & Outdoors",71052,"N/A","N/A","N/A","N/A","Night Vision Binoculars & Goggles",33,50.99,-30,18,14,,1257.23,814.15,48,4.2,"AP Ride","China",1,0,"N/A","Large Standard-Size",4.65,8.74,11.14,3.46,227.94,628.81,"02/28/2026",15,7,3,0.38
"https://amazon.com/dp/B0D5QXY5JN","https://m.media-amazon.com/images/I/71nTuYXXw+L._SX450_.jpg","B0D5QXY5JN","RIX Pocket K3 Portable Thermal Monocular for Hunting, 384x288 (50Hz), Wi-Fi, Handheld Night Vision Monocular","RIX","FBA","Sports & Outdoors",71352,"N/A","N/A","N/A","N/A","Night Vision Monoculars",8,899,-14,93,93,-114,83984.77,83984.66,92,4.5,"Essence Outdoors LLC","USA",1,1845,"N/A","Large Standard-Size",2.8,5.43,8.98,1.59,68.74,189.63,"11/30/2025",21,6,0,1.04
"https://amazon.com/dp/B088Z8GLPM","https://m.media-amazon.com/images/I/81zefoGYEsL._SX450_.jpg","B088Z8GLPM","BLUPOND Night Driving Glasses - Chopper - Semi Polarized Night Driver Clear Vision Motorcycle Riding - TAC Anti Glare","BLUPOND","FBA","Sports & Outdoors",72650,"N/A","N/A","N/A","N/A","Night Vision Binoculars & Goggles",35,48,-24,110,16,19,4651.78,768.91,349,4.4,"BLUPOND Store","USA",1,974,314,"Large Standard-Size",2.68,3.54,7.17,0.46,34.25,94.48,"11/30/2025",41,7,6,0.31
"https://amazon.com/dp/B002T8KQKU","https://m.media-amazon.com/images/I/61xmXYSA5YL._SX450_.jpg","B002T8KQKU","Firefield Rapidstrike 5-20x50 riflescope","Firefield","FBA","Sports & Outdoors",74145,810119011381,00810119011381,0810119011381,"N/A","Night Vision Monoculars",160,189,-26,36,3,-35,6132.21,509.14,960,4.4,"Big Bargains Company","USA",4,752,"N/A","Large Standard-Size",3.35,3.98,16.61,2.06,111.31,307.06,"02/28/2025",187,8,5,0.04
"https://amazon.com/dp/B0FQNXK2K3","https://m.media-amazon.com/images/I/717ApLzTWuL._SX450_.jpg","B0FQNXK2K3","NoctiView Night Vision Goggles, 4K Night Vision Binoculars for Adults with 5000mAh Battery, 3"" HD Screen & 32GB Card for Hunting, Wildlife Observation, Security","NoctiView","FBA","Sports & Outdoors",75118,"N/A","N/A","N/A","N/A","Night Vision Binoculars & Goggles",34,76.49,-63,18,5,,1257.23,442.7,48,4.2,"AP Ride","China",1,0,"N/A","Large Standard-Size",4.1,8.9,9.06,1.32,166.45,459.17,"02/28/2026",6,7,3,0.38
"https://amazon.com/dp/B0F82Q6C82","https://m.media-amazon.com/images/I/61BENap-xvL._SX450_.jpg","B0F82Q6C82","NVG Mount for PVS14/15/18 G24 Adjustable Sports Aluminum CNC Helmet Mount for Night Vision Goggles Sand NVG Metal Helmet Mount for CS Games","HTPREC","FBA","Sports & Outdoors",75216,755086733990,"N/A",0755086733990,"N/A","Night Vision Binoculars & Goggles",37,79.98,-11,115,26,-52,9164.15,2051.62,32,4.4,"HTPREC","China",1,0,"N/A","Large Standard-Size",2.52,3.58,4.92,0.55,22.35,61.65,"12/31/2025",9,9,3,3.58
"https://amazon.com/dp/B0DD3Z4TQ8","https://m.media-amazon.com/images/I/81VSZv5cz0L._SX450_.jpg","B0DD3Z4TQ8","Night Vision Goggles - NOVA 4K Night Vision Binoculars for Adults, 3“ HD Screen Binoculars with 7 Levels Infrared 32GB Card Included Perfect for Camping & Security, Black","VISIOGEAR","FBA","Sports & Outdoors",75251,662652087909,"N/A",0662652087909,"N/A","Night Vision Binoculars & Goggles",34,79.99,-79,33,24,-85,2344.8,1522.6,85,4.5,"VisioGear Inc.","China",1,0,"N/A","Large Standard-Size",3.03,6.5,8.31,1.41,82.4,227.31,"11/30/2025",17,6,5,0.38
"https://amazon.com/dp/B0DRC4JRKW","https://m.media-amazon.com/images/I/714vQmNSsyL._SX450_.jpg","B0DRC4JRKW","NoctiView 4K Night Vision Binoculars–8X Zoom, 40MP Photos, 5000mAh Battery, 13° FOV, 3” Display, 800M Range, 3 IR Levels, 128GB Storage – Gift Set with Compass & Pouch for Camping and Wildlife.","NoctiView","FBA","Sports & Outdoors",75268,"N/A","N/A","N/A","N/A","Night Vision Binoculars & Goggles",35,58.64,-36,18,4,,1257.23,343.43,48,4.2,"AP Ride","China",1,0,"N/A","Large Standard-Size",4.21,8.82,9.06,2.89,169.38,467.25,"02/28/2026",15,8,3,0.38
"https://amazon.com/dp/B0D5HX8BKQ","https://m.media-amazon.com/images/I/715BUcGs6OL._SX450_.jpg","B0D5HX8BKQ","4K Night Vision Goggles, Upgrade Night Vision Binoculars with 5000mAh Battery Rechargeable Battery - 16X Digital NightVision 9 Gear Infrared with 32GB TF Card, 3.5"" HD Binoculars Gift for Men, Dad","BUSHBINOC","FBA","Sports & Outdoors",75757,"N/A","N/A","N/A","N/A","Night Vision Binoculars & Goggles",38,69.99,-19,59,13,-131,7031.12,1468.82,304,4.2,"youlitu","China",2,3648,"N/A","Large Standard-Size",3.31,7.01,8.9,2.05,103.97,286.82,"11/30/2024",20,7,4,0.2
"https://amazon.com/dp/B0D5Y4YCDP","https://m.media-amazon.com/images/I/71s2G2fCYjL._SX450_.jpg","B0D5Y4YCDP","WARMTUYO Night Vision Goggles, 4K Binoculars with Camera, 3.5"" HD Display and 32GB TF Card, 9 Gear Night Vision, 16X Digital Zoom, 5000mAh Battery Nightvision","WARMTUYO","FBA","Sports & Outdoors",75819,"N/A","N/A","N/A","N/A","Night Vision Binoculars & Goggles",36,99.99,5,106,13,-126,11361.9,1343.04,410,4.3,"WARMTUYO","China",2,7883,"N/A","Large Standard-Size",3.31,7.05,8.86,2.03,104.09,287.16,"11/30/2025",20,7,5,0.26
"https://amazon.com/dp/B0FP8L15XR","https://m.media-amazon.com/images/I/713FyLWharL._SX450_.jpg","B0FP8L15XR","WOGREE Night Vision Goggles, 4K Night Vision Binoculars for Adults, 36MP, 1300FT Range,8X Digital Zoom, Flashlight & Compass, 5000mAh Battery, Infrared Vision, 32GB Card, for Camping & Security","wogree","FBA","Sports & Outdoors",76334,"N/A","N/A","N/A","N/A","Night Vision Binoculars & Goggles",39,199.99,-44,77,3,-95,11031.11,567.96,31,4.4,"ProVision Gear","N/A",1,0,"N/A","Large Standard-Size",3.27,6.81,8.86,2.14,99.34,274.03,"11/30/2025",5,9,4,2.47
"https://amazon.com/dp/B0FP8LF1ZL","https://m.media-amazon.com/images/I/81B3SD1GHxL._SX450_.jpg","B0FP8LF1ZL","WOGREE Night Vision Goggles, 4K Night Vision Binoculars for Adults, 36MP, 1300FT Range,8X Digital Zoom, 5000mAh Battery, Flashlight & Compass, Infrared Vision, 32GB Card, for Camping & Security","wogree","FBA","Sports & Outdoors",76517,"N/A","N/A","N/A","N/A","Night Vision Binoculars & Goggles",38,99.98,-55,77,61,-95,11031.11,8836.85,31,4.4,"Woot","USA",2,0,"N/A","Large Standard-Size",3.31,6.73,8.9,2.18,99.82,275.36,"11/30/2025",5,9,4,2.47
"https://amazon.com/dp/B0FP8LXL2T","https://m.media-amazon.com/images/I/719j-FFGpDL._SX450_.jpg","B0FP8LXL2T","WOGREE Night Vision Goggles, 4K Night Vision Binoculars for Adults, 36MP Photo, 5000mAh Rechargeable Battery, 1300FT Range, 8X Digital Zoom, Infrared Vision, 32GB SD, Flashlight & Compass for Camping","wogree","FBA","Sports & Outdoors",76519,"N/A","N/A","N/A","N/A","Night Vision Binoculars & Goggles",38,99.99,-52,77,10,-95,11031.11,1474.8,31,4.4,"Woot","USA",2,0,"N/A","Large Standard-Size",3.27,6.85,8.7,2.01,98.11,270.66,"11/30/2025",5,9,4,2.47
"https://amazon.com/dp/B004RDP2I6","https://m.media-amazon.com/images/I/51yysGuMpiL._SX450_.jpg","B004RDP2I6","TRUGLO Dual-Color 34mm x 24mm Hunting Shooting Durable Lightweight Compact Parallax Free Waterproof Shock Resistant Adjustable Red/Green Open Dot Sight | Battery Included | 5-MOA Dot Reticle","TRUGLO","Amazon","Sports & Outdoors",77462,788130013717,00788130013717,0788130013717,"N/A",,495,47.99,-35,66,49,116,3714.07,2589.04,562,4.1,"Amazon","N/A",11,514,-11,"Large Standard-Size",1.73,5.91,6.65,0.37,"N/A","N/A","03/31/2024",180,7,2,0.12
"https://amazon.com/dp/B0FWJVLGLX","https://m.media-amazon.com/images/I/71p9PqlDLYL._SX450_.jpg","B0FWJVLGLX","Night Vision Goggles 4K Night Vision Binoculars Adults, Gifts for Men Him Husband Dad 2000mAh Fast Charging Battery,2.8'' HD Screen,2700FT Viewing Range for Camping Hunting & Security","COOVIE","FBA","Sports & Outdoors",77828,"N/A","N/A","N/A","N/A","Night Vision Binoculars & Goggles",40,31.99,-22,55,55,,1665.17,1664.51,29,4.1,"Alice Windowshop","China",1,0,"N/A","Large Standard-Size",3.98,5.91,7.52,0.99,89.06,245.67,"02/28/2026",5,9,0,2.02
"https://amazon.com/dp/B0FKRS84YF","https://m.media-amazon.com/images/I/71iEY2JNPIL._SX450_.jpg","B0FKRS84YF","Night Vision Goggles, 4K Night Vision Binoculars, Infrared Digital Night Vision with 3'' HD Screen & 10X Digital Zoom, 5000mAh Battery and 32GB TF Card, Tech Gadgets Telescope for Camping","VOOPEAK","FBA","Sports & Outdoors",77984,758918447553,"N/A",0758918447553,"N/A","Night Vision Binoculars & Goggles",38,59.99,-30,29,85,,1975.86,5077.23,41,4.1,"luoyus","China",2,0,"N/A","Large Standard-Size",2.95,5.71,7.44,0.99,63.1,174.06,"02/28/2026",7,7,3,0.7
"https://amazon.com/dp/B001IPCUK4","https://m.media-amazon.com/images/I/515DCbATbGL._SX450_.jpg","B001IPCUK4","BURRIS 2x20 Handgun Scope, Plex Reticle, Matte Black (200218)","Burris","FBA","Sports & Outdoors",78517,000381002181,00000381002181,0000381002181,"N/A","Hunting",9463,199,-15,59,32,-39,17447.64,8451.66,127,4.6,"Gritr","USA",8,1079,"N/A","Large Standard-Size",14.5,3.4,3.5,1,86.87,239.65,"10/31/2025",258,3,5,0.47
"https://amazon.com/dp/B0C5MKWHGQ","https://m.media-amazon.com/images/I/51c02je4EPL._SX450_.jpg","B0C5MKWHGQ","SIG SAUER Zulu6 FDE HDX OIS 10X30mm Waterproof Fog-Proof Portable Roof Prism Binocular with Image Stabilization (SOZ6WP10)","Sig Sauer","FBA","Sports & Outdoors",79220,798681664931,00798681664931,0798681664931,"N/A","Night Vision Binoculars & Goggles",38,999.97,14,102,47,19,109921.85,46780.15,113,4.7,"AO Outdoors","USA",10,1852,29,"Large Standard-Size",3.62,6.14,8.94,2.09,100.04,275.98,"07/31/2025",34,7,5,0.9
"https://amazon.com/dp/B0C5RDVQVY","https://m.media-amazon.com/images/I/31Qz1XSW41L._SX450_.jpg","B0C5RDVQVY","SIG SAUER Zulu6 FDE HDX OIS 12X42mm Waterproof Fog-Proof Portable Roof Prism Binocular with Image Stabilization (SOZ6WP12)","Sig Sauer","FBM","Sports & Outdoors",79225,798681664948,"N/A",0798681664948,"N/A","Night Vision Binoculars & Goggles",38,1099.99,8,102,28,19,109921.85,30698.7,113,4.7,"EuroOptic (✅ Authorized Dealer ✅ Fastest Shipping)","USA",11,1852,29,"Large Standard-Size",3.58,6.02,9.09,2.2,"N/A","N/A","07/31/2025",34,7,5,0.9
"https://amazon.com/dp/B0C5MKPSG5","https://m.media-amazon.com/images/I/31Qz1XSW41L._SX450_.jpg","B0C5MKPSG5","SIG SAUER Zulu6 FDE HDX OIS 16X42mm Waterproof Fog-Proof Portable Roof Prism Binocular with Image Stabilization (SOZ6WP16)","Sig Sauer","FBM","Sports & Outdoors",79225,798681664955,00798681664955,0798681664955,"N/A","Night Vision Binoculars & Goggles",38,1199.97,43,102,16,19,109921.85,19312.61,113,4.7,"EuroOptic (✅ Authorized Dealer ✅ Fastest Shipping)","USA",13,1852,29,"Large Standard-Size",3.54,5.98,9.13,2.25,"N/A","N/A","07/31/2025",34,7,5,0.9
"https://amazon.com/dp/B07C4YY2LV","https://m.media-amazon.com/images/I/41IJVHuwscL._SX450_.jpg","B07C4YY2LV","Bushnell Equinox Z2 Night Vision 4.5x40 Monocular, HD Imaging, Infrared Illuminator, Streaming & Recording Capabilities for Day and Night Observation","Bushnell","Amazon","Sports & Outdoors",80265,029757004567,00029757004567,0029757004567,"N/A","Night Vision Monoculars",9,251.88,-43,51,13,35,14178.48,3306.05,545,3.8,"Amazon","N/A",4,606,-24,"Large Standard-Size",3.35,6.26,11.34,2.31,"N/A","N/A","11/30/2025",95,6,3,0.09
"https://amazon.com/dp/B07C4WS8PZ","https://m.media-amazon.com/images/I/61m4c5R3YAL._SX450_.jpg","B07C4WS8PZ","Bushnell Equinox Z2 6x50 Night Vision, Multi, One Size , Black","Bushnell","Amazon","Sports & Outdoors",80265,029757004574,00029757004574,0029757004574,"N/A","Night Vision Monoculars",9,293.55,-14,51,26,35,14178.48,8182.08,545,3.8,"Amazon","N/A",6,606,-24,"Large Standard-Size",3.35,6.06,11.34,2.56,"N/A","N/A","11/30/2025",95,8,3,0.09
"https://amazon.com/dp/B0CQ2ZGLQT","https://m.media-amazon.com/images/I/61gbLYW6a3L._SX450_.jpg","B0CQ2ZGLQT","HUVIOVED NV8300 Head-Mounted Night Vision Goggles for Adults, 4K 3D Visual Digital Night Vision Binocular with Head Strap and 32GB Memory Card, 7 Gear Infrared, 8X Digital Zoom","HUVIOVED","FBA","Sports & Outdoors",80765,"N/A","N/A",1091475289976,"N/A","Night Vision Binoculars & Goggles",41,219,-26,35,35,-56,7202.85,7202.76,32,4.4,"TROXIE-US","China",1,352,50,"Large Standard-Size",4.13,6.93,10.87,2.54,156.63,432.1,"12/31/2025",27,6,0,1.11
"https://amazon.com/dp/B0DDCL3QRF","https://m.media-amazon.com/images/I/816FS42VbfL._SX450_.jpg","B0DDCL3QRF","VISIOGEAR Night Vision Goggles - Eagle 4K Night Vision Binoculars for Adults, Dual Modes Binoculars with 5000mAh Battery, 32GB SD Card Included for Adventure and Surveillance, Black","VISIOGEAR","FBA","Sports & Outdoors",81374,662652087770,"N/A",0662652087770,"N/A","Night Vision Binoculars & Goggles",41,99,-29,33,8,-85,2344.8,821.89,146,4.4,"VisioGear Inc.","China",2,0,"N/A","Large Standard-Size",3.9,8.15,10.28,3.62,164.51,453.82,"11/30/2025",17,7,5,0.22
"https://amazon.com/dp/B0FNM6ZFGG","https://m.media-amazon.com/images/I/81eDILjCErL._SX450_.jpg","B0FNM6ZFGG","4K Night Vision Goggles, 4.0"" HD Screen Night Vision Binoculars with 5000mAh Rechargeable Battery, 64GB TF Card for Photo & Video, Infrared Binocular for Adults, Camping, Wildlife Observation","Gipsot","FBA","Sports & Outdoors",82481,803173327970,"N/A",0803173327970,"N/A","Night Vision Binoculars & Goggles",42,89.99,19,72,72,,6441.29,6440.44,163,4.4,"Gipsot Direct","China",7,0,"N/A","Large Standard-Size",3.9,6.97,7.64,1.37,104.56,288.44,"12/31/2025",7,8,1,0.44
"https://amazon.com/dp/B098RC63Y1","https://m.media-amazon.com/images/I/819kNHXPFbS._SX450_.jpg","B098RC63Y1","Steiner Predator Series Hunting Binoculars, 8x42 New Model","Steiner","Amazon","Sports & Outdoors",82743,840229105656,00840229105656,0840229105656,"N/A","Night Vision Binoculars & Goggles",45,325,-24,25,3,-24,10795.94,1685.3,549,4.6,"Amazon","N/A",4,371,-34,"Large Standard-Size",3.74,6.5,8.9,2.58,"N/A","N/A","10/31/2024",56,7,8,0.04
"https://amazon.com/dp/B098RBTMH3","https://m.media-amazon.com/images/I/31q8+fTCC9S._SX450_.jpg","B098RBTMH3","Steiner Predator Series Hunting Binoculars, 10x42 Laser Rangefinding","Steiner","Amazon","Sports & Outdoors",82743,840229105649,00840229105649,0840229105649,"N/A","Night Vision Binoculars & Goggles",45,749,-22,25,2,-24,10795.94,1669.8,549,4.6,"Amazon","N/A",5,371,-34,"Large Standard-Size",3.94,7.09,11.42,3.17,"N/A","N/A","10/31/2024",56,9,8,0.04
"https://amazon.com/dp/B0C4XSMPKY","https://m.media-amazon.com/images/I/71bSTx1C5vL._SX450_.jpg","B0C4XSMPKY","Gexmil PVS 14 J Arm Night Vision Goggles NVG Mount Metal Helmet Mount Rhino Mount Compatible with All Models of PVS14","Gexmil","FBA","Sports & Outdoors",82945,769293298128,"N/A",0769293298128,"N/A","Night Vision Binoculars & Goggles",42,159.99,"N/A",48,48,-65,7688.95,7688.86,51,4.6,"SZXZM","China",1,569,7,"Large Standard-Size",3.27,5.43,7.36,1.12,65.8,181.51,"10/31/2025",34,6,0,0.94
"https://amazon.com/dp/B0FMY5SGV1","https://m.media-amazon.com/images/I/51yyPmU3GVL._SX450_.jpg","B0FMY5SGV1","5K 96MP Night Vision Goggles | 4'' LCD Screen Night Vision Binoculars & 10X Zoom with Infrared, 4000mAh Rechargeable Battery, 64GB TF Card, Video and Sound Recording for Camping, Black","PYKRONZ","FBA","Sports & Outdoors",84698,742404860490,"N/A",0742404860490,"N/A","Night Vision Binoculars & Goggles",43,89.99,-35,34,12,-125,2657.77,1086.39,2,4.5,"PYKRONZ","Hong Kong",1,0,"N/A","Large Standard-Size",3.23,6.22,9.45,1.54,95.59,263.69,"11/30/2025",7,8,3,17.03
"https://amazon.com/dp/B0FPKQ1H3T","https://m.media-amazon.com/images/I/71C+ZUkWtJL._SX450_.jpg","B0FPKQ1H3T","4K Night Vision Goggles with Rangefinder | 16X Zoom Night Vision Binoculars, 4'' LCD Screen with Infrared, 10000mAh Rechargeable Battery, 64GB TF Card, Video and Sound Recording for Camping, Black","PYKRONZ","FBA","Sports & Outdoors",84707,692090660297,"N/A",0692090660297,"N/A","Night Vision Binoculars & Goggles",44,139.99,-33,34,5,-125,2657.77,661.12,3,3.3,"PYKRONZ","Hong Kong",1,0,"N/A","Large Standard-Size",3.7,8.35,11.26,2.89,175.15,483.16,"11/30/2025",6,8,3,11.35
"https://amazon.com/dp/B0DHXL2ZVS","https://m.media-amazon.com/images/I/71snEPiYTTL._SX450_.jpg","B0DHXL2ZVS","Night Vision Binoculars for Adults and Teen Boys, 4K HD Night Vision Goggles with Photo and Video Recording, Easter Gift for Men, Father, Birthday Gifts for Outdoor Night Adventure, Wildlife Watching","Tizycod","FBA","Sports & Outdoors",87929,"N/A","N/A","N/A","N/A","Night Vision Binoculars & Goggles",49,89.99,-31,65,43,-76,5939.89,3903.24,50,4.2,"JINYU01","China",1,0,"N/A","Large Standard-Size",2.44,6.5,7.48,1.19,59.73,164.77,"11/30/2025",15,9,3,1.29
"https://amazon.com/dp/B079JYL16W","https://m.media-amazon.com/images/I/411tuvvHOhL._SX450_.jpg","B079JYL16W","ATN X-Sight-4K, 3-14x Pro Edition Smart Day/Night Hunting Scope","ATN","Amazon","Sports & Outdoors",88063,658175115052,00658175115052,0658175115052,"N/A","Night Vision",115,512.6,25,144,45,-77,94575.26,23128.32,3283,4.1,"Amazon","N/A",3,0,"N/A","Large Standard-Size",4.17,6.5,16.38,4.76,"N/A","N/A","09/30/2025",97,5,6,0.04
"https://amazon.com/dp/B0DYDXRH8S","https://m.media-amazon.com/images/I/516P5UZVlXL._SX450_.jpg","B0DYDXRH8S","Tactical Night Vision Goggles Model GPNVG18 with Adjustable Helmet NVG Bracket Mount for Cosplay and Display, No Function (Black)","Gayontech","FBA","Sports & Outdoors",90896,743636581337,"N/A",0743636581337,"N/A","Night Vision Binoculars & Goggles",46,49.99,-68,22,22,,1107.08,1107.05,25,4.3,"GayongStore","China",1,0,"N/A","Large Standard-Size",3.66,5.79,8.9,1.28,94.96,261.95,"02/28/2026",13,7,0,0.89
"https://amazon.com/dp/B0GK6XSWRD","https://m.media-amazon.com/images/I/415bmOr-8qL._SX450_.jpg","B0GK6XSWRD","YUANZIMOO Head-Mounted Night Vision Monocular Digital Infrared Monocular Camo","YUANZIMOO","-","Sports & Outdoors",92247,"N/A","N/A","N/A","N/A","Night Vision Monoculars",10,89.99,"N/A",96,0,,8026.52,"-","N/A","N/A",,"N/A",1,0,"N/A","Large Standard-Size",7.48,4.84,3.24,1.12,"N/A","N/A","01/31/2026",2,"N/A",2,"N/A"
"https://amazon.com/dp/B0DYVD2CGS","https://m.media-amazon.com/images/I/71adc3eWONL._SX450_.jpg","B0DYVD2CGS","Kids Camera & Night Vision Goggles for Kids Boys and Girls, Christmas Birthday Gifts, Night Vision Binoculars with 32GB Memory Card(Camouflage)","Nvgfelis","FBA","Sports & Outdoors",93330,"N/A","N/A","N/A","N/A","Night Vision Binoculars & Goggles",47,45.99,9,44,12,-124,1666.18,543.68,89,4.3,"Felis Cam","China",1,2430,76,"Large Standard-Size",2.48,4.72,7.91,0.68,46.62,128.6,"11/30/2025",13,7,5,0.49
"https://amazon.com/dp/B0D1BR4RF4","https://m.media-amazon.com/images/I/51dZ0qBx-8L._SX450_.jpg","B0D1BR4RF4","Tactical AN/PVS31 NVG Dummy Model,Helmet No Function Binocular Night Vision Goggle for Cosplay Display","WoSporT","FBA","Sports & Outdoors",93407,"N/A","N/A","N/A","N/A","Night Vision Binoculars & Goggles",48,35.99,-28,44,13,-69,1599.49,478.11,77,4.3,"West raccoon outdoor","China",2,1005,"N/A","Large Standard-Size",3.7,5.04,6.81,0.77,63.95,176.42,"09/30/2025",23,7,4,0.58
"https://amazon.com/dp/B0D1C47M9M","https://m.media-amazon.com/images/I/51uiLqi9geL._SX450_.jpg","B0D1C47M9M","GPNVG 18 NVG Dummy Model ，Tactical Helmet Binocular Night Vision Tactical No Function Model Kit for Cosplay Display","WoSporT","FBA","Sports & Outdoors",93407,"N/A","N/A","N/A","N/A","Night Vision Binoculars & Goggles",48,35.99,5,44,14,-69,1599.49,513.64,77,4.3,"West raccoon outdoor","China",2,1005,"N/A","Large Standard-Size",3.74,5.59,9.06,0.99,95.36,263.07,"09/30/2025",23,7,4,0.58
"https://amazon.com/dp/B0D1C2X9W7","https://m.media-amazon.com/images/I/31mgeLsGbYL._SX450_.jpg","B0D1C2X9W7","GPNVG 18 NVG Dummy Model ，Tactical Helmet Binocular Night Vision Tactical No Function Model Kit for Cosplay Display","WoSporT","FBA","Sports & Outdoors",93412,"N/A","N/A","N/A","N/A","Night Vision Binoculars & Goggles",48,35.99,-21,44,13,-69,1599.49,472.69,77,4.3,"West raccoon outdoor","China",2,1005,"N/A","Large Standard-Size",3.86,5.91,8.9,1.04,102.07,281.57,"09/30/2025",23,7,4,0.58
"https://amazon.com/dp/B0F3HRPRJM","https://m.media-amazon.com/images/I/71NFusiFrpL._SX450_.jpg","B0F3HRPRJM","Night Vision Goggles, Night Vision Binoculars for Adults 10X Digital Zoom 7X Infrared Binoculars with 64GB TF Card for Photos and Videos, Ideal for Outdoor Camping and Wildlife Observation","JUOIFIP","FBA","Sports & Outdoors",94442,"N/A","N/A","N/A","N/A","Night Vision Binoculars & Goggles",49,47.99,-30,45,34,-132,2494.11,1756.33,140,4.3,"AutumnShop","China",1,0,"N/A","Large Standard-Size",3.98,5.79,7.48,1.04,86.78,239.4,"11/30/2025",10,9,2,0.32
"https://amazon.com/dp/B0FQ5BRRFW","https://m.media-amazon.com/images/I/71Zm5RoxtiL._SX450_.jpg","B0FQ5BRRFW","Head-Mounted Night Vision Goggles, 4K Binoculars 8X Zoom 850nm Stealth IR for All Black Observation– Hands-Free Hunting Gift with Compass & Button Backlight, 32GB TF Card, IP54 Waterproof","Weochi","FBA","Sports & Outdoors",94951,"N/A","N/A","N/A","N/A","Night Vision Binoculars & Goggles",49,159.99,-42,44,44,233,7009.14,7009.02,9,4.8,"WillSun","China",1,0,"N/A","Large Standard-Size",5.08,7.17,8.03,2.78,147.26,406.22,"11/30/2025",6,9,0,4.87
"https://amazon.com/dp/B0FMK4P37W","https://m.media-amazon.com/images/I/71DX18wCtiL._SX450_.jpg","B0FMK4P37W","4K Night Vision Goggles for Kids, 36MP Full-Color Night Vision Binoculars 8X Zoom 850nm Stealth IR for All Black Observation-Gift with Compass, Photo & 4K Video Recording, 3.2"" Screen and 32GB Card","Rumyums","FBA","Sports & Outdoors",96277,"N/A","N/A","N/A","N/A","Night Vision Binoculars & Goggles",50,69.88,-44,44,44,45,3088.57,3088.31,10,5,"Dimu Care","China",1,0,"N/A","Large Standard-Size",2.13,6.89,7.56,1.28,55.75,153.78,"11/30/2025",7,8,0,4.42
"https://amazon.com/dp/B0G6JQF8B9","https://m.media-amazon.com/images/I/718wPIYmmML._SX450_.jpg","B0G6JQF8B9","Night Vision Binoculars - Night Vision Goggles with Rangefinder, 4K Video, 48MP Photo, 1968ft Night Vision, 1200Yd Laser Range Finder, 5000mAh Rechargeable Digital Infrared Binoculars for Hunting","HOTPEAK","FBA","Sports & Outdoors",96912,758918451987,"N/A",0758918451987,"N/A","Night Vision Binoculars & Goggles",52,118.99,-74,4,4,,449.72,627.69,11,5,"HOTPEAK US","China",1,0,"N/A","Large Standard-Size",3.9,7.68,9.25,2.16,139.49,384.8,"02/28/2026",3,8,2,0.34
"https://amazon.com/dp/B0GJ3DDJWS","https://m.media-amazon.com/images/I/81jZ2IqE21L._SX450_.jpg","B0GJ3DDJWS","Night Vision Binoculars - 112MP 4K Night Vision Goggles, 5000mAh Battery & 64GB Card, 1500FT Range, Tactical Flashlight for Wildlife Hunting, Camping, Outdoor Adventure, Security Surveillance","HOTPEAK","FBA","Sports & Outdoors",97063,763306488216,"N/A",0763306488216,"N/A","Night Vision Binoculars & Goggles",51,109.99,-49,4,10,,449.72,1108.06,14,5,"HOTPEAK US","China",1,0,"N/A","Large Standard-Size",2.83,6.61,8.11,1.08,76.38,210.71,"02/28/2026",2,7,2,0.27
"https://amazon.com/dp/B0C9PG7R71","https://m.media-amazon.com/images/I/715DcQ5UCJL._SX450_.jpg","B0C9PG7R71","VABSCE Night Vision Goggles, True 4K Night Vision Binoculars, Built-in Powerful Focusable IR, 6000mAh Rechargeable Battery, Super Large Display, Long Viewing Range, Free 64GB Card (Silver Gray)","VABSCE","FBA","Sports & Outdoors",97267,785034800276,"N/A",0785034800276,"N/A","Night Vision Binoculars & Goggles",55,159.99,-30,35,15,-9,5172.49,2106.28,1082,4.3,"XCY TECH","China",1,690,-53,"Large Standard-Size",3.9,8.23,8.35,2.71,134.94,372.24,"11/30/2024",33,7,5,0.03
"https://amazon.com/dp/B0C9PHNMX4","https://m.media-amazon.com/images/I/51yoS61HJmL._SX450_.jpg","B0C9PHNMX4","VABSCE Night Vision Goggles, True 4K Night Vision Binoculars, Built-in Powerful Focusable IR, 6000mAh Rechargeable Battery, Super Large Display, Long Viewing Range, Free 64GB Card (Carbon Black)","VABSCE","FBA","Sports & Outdoors",97268,785034800269,"N/A",0785034800269,"N/A","Night Vision Binoculars & Goggles",55,159.99,-61,35,11,-9,5172.49,1599.75,1082,4.3,"XCY TECH","China",1,690,-53,"Large Standard-Size",3.86,8.27,8.31,2.71,133.56,368.44,"11/30/2024",32,7,5,0.03
"https://amazon.com/dp/B0CQP1D5MY","https://m.media-amazon.com/images/I/71fjepBM1lL._SX450_.jpg","B0CQP1D5MY","VABSCE Night Vision Goggles, True 4K Full-Color Night Vision Binoculars, Built-in Powerful Focusable IR, 6000mAh Rechargeable Battery, Super Large Display, Long Viewing Range, Free 64GB Card (Black)","VABSCE","FBA","Sports & Outdoors",97268,"N/A","N/A","N/A","N/A","Night Vision Binoculars & Goggles",55,179.99,-49,37,5,-6,5564.25,746.84,1082,4.3,"XCY TECH","China",1,684,-53,"Large Standard-Size",3.9,8.27,8.35,2.71,135.59,374.05,"11/30/2024",27,6,5,0.03
"https://amazon.com/dp/B0GDFMHTQF","https://m.media-amazon.com/images/I/71OcAaMbS1L._SX450_.jpg","B0GDFMHTQF","3D Head-Mounted Night Vision Goggles White Light Supplemental Lighting Infrared Night Vision Binoculars Stealth 850nm IR NVG Manual Focus & 8X Digital Zoom 10°FOV，TF Card Included","GOWWPUN","-","Sports & Outdoors",97307,612715189309,"N/A",0612715189309,"N/A","Night Vision Binoculars & Goggles",52,279.99,"N/A",0,0,,"-","-","N/A","N/A",,"N/A",1,0,"N/A","Large Standard-Size",3.94,7,10.62,2,"N/A","N/A","-",1,"N/A",0,"N/A"
"https://amazon.com/dp/B079K1797S","https://m.media-amazon.com/images/I/51UVVq+RnKL._SX450_.jpg","B079K1797S","ATN X-Sight 4K Pro Smart Day/Night Hunting Scope w/ Ballistics Calc, 3864x2218 Resolution, Video Record, Wi-Fi, 18hrs+ Battery, 5-20x, Black","ATN","Amazon","Sports & Outdoors",97934,658175115069,00658175115069,0658175115069,"N/A","Night Vision",129,769.99,-8,144,18,-77,94575.26,13600.39,3283,4.1,"Amazon","N/A",1,0,"N/A","Large Standard-Size",4.09,6.34,16.45,4.72,"N/A","N/A","09/30/2025",97,5,6,0.04
"https://amazon.com/dp/B0G2T1SF65","https://m.media-amazon.com/images/I/71dhG0cRWrL._SX450_.jpg","B0G2T1SF65","Night Vision Goggles for Adults, 8X Zoom, 3"" HD Screen, 4000 mAh Rechargeable Binoculars with Camera, 32GB Card, Night Vision Binoculars Gift for Men, Dad, Husband for Hunting & Camping(Black)","Frelisty","FBA","Sports & Outdoors",97963,728161904936,"N/A",0728161904936,"N/A","Night Vision Binoculars & Goggles",53,42.99,-3,95,95,-54,4046.76,4046.66,18,4.2,"Yecam","China",1,0,"N/A","Large Standard-Size",3.19,6.46,7.68,1.12,79.68,219.81,"11/30/2025",6,9,3,5.3
"https://amazon.com/dp/B0FNN335BT","https://m.media-amazon.com/images/I/71MQAgLyykL._SX450_.jpg","B0FNN335BT","WOSPORTS 4K Night Vision Goggles – up to 80X Total Magnification, 10X Optical + 8X Digital Zoom, 1315FT Vision Range, 5000mAh Rechargeable Battery, IPX Waterproof NVG, Gifts for Men","WOSPORTS","FBA","Sports & Outdoors",98797,"N/A","N/A","N/A","N/A","Night Vision Binoculars & Goggles",52,199.99,-28,41,10,-135,6951.23,1601.49,88,4.3,"Wohome Technology Co., Limited","China",1,0,"N/A","Large Standard-Size",3.46,6.73,8.66,2.31,101.53,280.08,"11/30/2025",5,9,4,0.46
"https://amazon.com/dp/B0G52GMGN1","https://m.media-amazon.com/images/I/71pVLzLpw0L._SX450_.jpg","B0G52GMGN1","WOSPORTS 4K Night Vision Goggles – up to 80X Total Magnification, 10X Optical + 8X Digital Zoom, 1315FT Vision Range, 5000mAh Rechargeable Battery, IPX Waterproof NVG, Gifts for Men","WOSPORTS","FBA","Sports & Outdoors",99196,"N/A","N/A","N/A","N/A","Night Vision Binoculars & Goggles",53,199.99,-9,41,10,-135,6951.23,1801.88,88,4.3,"Wohome Technology Co., Limited","China",1,0,"N/A","Large Standard-Size",3.23,6.73,8.78,2.36,96.09,265.08,"11/30/2025",9,9,4,0.46
"https://amazon.com/dp/B0GDZYX8KT","https://m.media-amazon.com/images/I/71mru9x+YoL._SX450_.jpg","B0GDZYX8KT","VXF Night Vision Monocular, 4K Night Vision Scope for 100% Darkness with 3000mAh Rechargeable Battery, 3+32GB SD Card & Card Reader, Dual Infrared Monocular Telescope for Camping, Wildlife Observation","VXF","FBA","Sports & Outdoors",99608,"N/A","N/A","N/A","N/A","Night Vision Monoculars",10,58.8,12,53,53,,3133.86,3133.19,26,5,"VXF","N/A",1,0,"N/A","Large Standard-Size",3.7,6.5,7.48,0.99,90.57,249.85,"02/28/2026",2,8,2,2.05
"https://amazon.com/dp/B0FG2L5PDY","https://m.media-amazon.com/images/I/81MOP1KyHdL._SX450_.jpg","B0FG2L5PDY","CIGMAN True 4K Night Vision Binoculars,Infrared Goggles with Full-Color Low-Light Imaging, 7-Layer Coated Lens,18H Battery for Wildlife, Security, Outdoor Adventure","CIGMAN","FBA","Sports & Outdoors",99828,"N/A","N/A","N/A","N/A","Night Vision Binoculars & Goggles",54,219.99,-13,78,78,-71,17213.12,17212.98,67,4.5,"CIGMAN Store","China",1,0,"N/A","Large Standard-Size",4.69,9.88,10.24,3.28,238.89,659.02,"11/30/2025",6,8,0,1.19
"https://amazon.com/dp/B0D14ZVSBR","https://m.media-amazon.com/images/I/517YiTH+uYL._SX450_.jpg","B0D14ZVSBR","Jeekootoop Tactical Airsoft Hunting Dummy Night Vision Goggles with Helmet Mount for PVS15/PVS18/GPNVG18, No Function Binoculars Night Vision Cosplay Prop (Black)","Jeekootoop","FBA","Sports & Outdoors",101205,744316777811,"N/A",0744316777811,"N/A","Night Vision Binoculars & Goggles",53,55.99,-30,20,12,-56,1133.52,688.97,21,4.6,"Jeekootoop","China",2,514,"N/A","Large Standard-Size",3.9,5.63,9.02,1.26,99.71,275.07,"09/30/2025",23,9,2,0.96
"https://amazon.com/dp/B0GJJZQN67","https://m.media-amazon.com/images/I/712tdmFNjmL._SX450_.jpg","B0GJJZQN67","WOSPORTS 4K Night Vision Goggles with 1300FT Range, 8X Digital Zoom, 32GB Card, 15H Rechargeable Battery – Camo Design for Camping, Ideal Gift for Men","WOSPORTS","FBA","Sports & Outdoors",101530,"N/A","N/A","N/A","N/A","Night Vision Binoculars & Goggles",56,199.99,-57,22,22,,4309.26,4309.18,2,5,"Wohome Technology Co., Limited","China",1,0,"N/A","Large Standard-Size",3.35,6.81,8.9,2.12,102.23,282,"02/28/2026",8,9,0,10.77
"https://amazon.com/dp/B0FMQZD7CS","https://m.media-amazon.com/images/I/71v4Ptm7oNL._SX450_.jpg","B0FMQZD7CS","Night Vision Goggles Mount,CNC NVG Helmet Mount - Aluminum Alloy, Compatible with PVS14/15/18/GPNVG18 & L4G24, One-Handed Adjustment & Anti-Shake Design(Sand)","Ortsoon","FBA","Sports & Outdoors",103438,"N/A","N/A","N/A","N/A","Night Vision Binoculars & Goggles",56,62.99,-57,10,10,,650.12,650.02,13,4.7,"CXXCN","China",1,0,"N/A","Large Standard-Size",2.52,3.58,4.92,0.55,22.35,61.65,"02/28/2026",6,8,2,0.76
"https://amazon.com/dp/B081PLDXSG","https://m.media-amazon.com/images/I/71JkEmG9gnL._SX450_.jpg","B081PLDXSG","GTHUNDER Digital Night Vision Goggles Binoculars for Total Darkness—FHD 1080P Infrared Digital Night Vision, 32GB Memory Card for Photo and Video Storage—Perfect for Surveillance","GTHUNDER","FBA","Sports & Outdoors",104772,194358027229,"N/A",0194358027229,"N/A","Night Vision Binoculars & Goggles",56,108.99,-13,70,17,16,5617.61,1839.29,3242,4.2,"GTHUNDER","USA",4,0,"N/A","Large Standard-Size",3.11,6.22,9.45,1.5,92.04,253.89,"11/30/2025",76,6,5,0.02
"https://amazon.com/dp/B0D45KH5LN","https://m.media-amazon.com/images/I/71HZGldZlTL._SX450_.jpg","B0D45KH5LN","GTHUNDER Night Vision Goggles, 4K High-Definition Rechargeable Infrared Digital Night Vision Goggles","GTHUNDER","FBA","Sports & Outdoors",104780,850048244214,"N/A",0850048244214,"N/A","Night Vision Binoculars & Goggles",55,129.99,-40,70,20,16,5617.61,1552.04,31,3.3,"GTHUNDER","USA",2,0,"N/A","Large Standard-Size",3.31,7.36,8.31,1.81,101.93,281.17,"11/30/2025",21,7,5,2.26
"https://amazon.com/dp/B0GCGY3LBC","https://m.media-amazon.com/images/I/71tuVKgJRJL._SX450_.jpg","B0GCGY3LBC","Night Vision Monocular, 2026 Upgraded Portable Handheld Scope for Hunting, Camping, Digital Infrared Night Vision Goggles with 16X Zoom and 2500mAh Battery, Support 1080P Camera & Video Recording","SZTOPUV","FBA","Sports & Outdoors",106434,"N/A","N/A","N/A","N/A","Night Vision Monoculars",11,59.99,-64,38,61,,2256.08,3660.12,17,3,"SZTOPUV US","China",1,0,"N/A","Large Standard-Size",2.8,3.23,7.36,0.62,33.51,92.45,"02/28/2026",1,8,3,2.23
"https://amazon.com/dp/B0FY5T87SY","https://m.media-amazon.com/images/I/61BmQqCde8L._SX450_.jpg","B0FY5T87SY","NVG Mount for L4G24, G24 Mount Compatible with PVS14 PVS15 PVS18 Night Vision Goggles","AlloTemlass","FBA","Sports & Outdoors",107921,607603241498,"N/A",0607603241498,"N/A","Night Vision Binoculars & Goggles",58,14.99,-33,55,55,,825.08,824.4,19,3.4,"Mechion","China",1,0,"N/A","Large Standard-Size",2.2,3.86,4.09,0.26,17.54,48.37,"12/31/2025",5,6,0,2.88
"https://amazon.com/dp/B09W9LY8Z4","https://m.media-amazon.com/images/I/71PvCyvfMqL._SX450_.jpg","B09W9LY8Z4","Night Vision Goggles, 4K Infrared Night Vision Binoculars with Adults, 3'' Large HD Night Vision Binoculars，Rechargeable Battery and 32GB TF Card for Outdoor Camping","Anyork","FBA","Sports & Outdoors",109632,771077593916,"N/A",0771077593916,"N/A","Night Vision Binoculars & Goggles",60,59.99,-8,16,7,-62,939.41,418.73,923,4.2,"Anyork TECH INC.","China",1,630,-85,"Large Standard-Size",2.72,5.67,7.24,1.05,56.17,154.95,"10/31/2024",48,6,4,0.02
"https://amazon.com/dp/B0FR4L1Y8X","https://m.media-amazon.com/images/I/71qaOo1804L._SX450_.jpg","B0FR4L1Y8X","4K Night Vision Goggles, 4.0"" HD Screen Night Vision Binoculars for Adults with 5000mAh Battery, 10X Zoom 7X Infrared Binoculars with 64GB Card for Photo & Video,Ideal for Camping Wildlife Observation","JUOIFIP","FBA","Sports & Outdoors",110498,"N/A","N/A","N/A","N/A","Night Vision Binoculars & Goggles",63,56.99,-18,45,11,-132,2494.11,737.49,5,5,"AutumnShop","China",1,0,"N/A","Large Standard-Size",3.86,7.01,7.56,1.43,102.99,284.12,"11/30/2025",4,8,2,9.09
"https://amazon.com/dp/B0D6N56YCV","https://m.media-amazon.com/images/I/81zI1JRk41L._SX450_.jpg","B0D6N56YCV","Nightiger Super Night Vision Binoculars with Ranging Function | Big Screen Long Viewing Range, Built-in 7000mAh Rechargeable Battery,10X Digital Zoom, Powerful Infrared Night Vision Goggles for Adults","Nightiger","FBA","Sports & Outdoors",110501,"N/A","N/A","N/A","N/A","Night Vision Binoculars & Goggles",61,296.99,-40,26,26,-72,7843.32,7842.96,59,4.3,"Nightiger-USA","China",1,0,"N/A","Large Standard-Size",3.7,8.74,10.71,3.11,174.37,481.03,"11/30/2025",21,6,2,0.45
"https://amazon.com/dp/B0FS13QW2Q","https://m.media-amazon.com/images/I/718+x-msuuL._SX450_.jpg","B0FS13QW2Q","Night Vision Goggles, Full-Color 4K HD Infrared Goggles Night Vision Binoculars for Hunting with 64GB TF Card - Digital Electronics Gift - Perfect for Wildlife Observation, Security Surveillance","VOOPEAK","FBA","Sports & Outdoors",111371,758918449724,"N/A",0758918449724,"N/A","Night Vision Binoculars & Goggles",61,169.99,-9,29,4,,1975.86,754.48,22,4.4,"luoyus","China",1,0,"N/A","Large Standard-Size",3.11,6.73,7.64,1.39,80.51,222.09,"02/28/2026",6,8,3,1.31
"https://amazon.com/dp/B0DH2KRBS8","https://m.media-amazon.com/images/I/71JfGbtpA1L._SX450_.jpg","B0DH2KRBS8","BUSHBINOC Night Vision Goggles, Night Vision Binoculars 4K, 4.0"" HD Screen Binoculars, 10X Digital NightVision for Adults, 9 Gear Infrared, 4000mAh Battery Gray with 32GB TF Card","BUSHBINOC","FBA","Sports & Outdoors",112271,"N/A","N/A","N/A","N/A","Night Vision Binoculars & Goggles",63,54.99,-36,28,15,-130,2389.53,1495.55,107,4.3,"youlitu","China",2,2634,"N/A","Large Standard-Size",3.11,6.61,7.87,1.59,81.45,224.7,"11/30/2025",17,7,4,0.26
"https://amazon.com/dp/B0FQNZ9KGQ","https://m.media-amazon.com/images/I/81H4FjWtrFL._SX450_.jpg","B0FQNZ9KGQ","Night Vision Goggles, Night Vision Binoculars for Adults, 5000mAh Rechargeable Infrared Binoculars Night Vision with 3.2'' Large Screen, 8X Digital Zoom for Camping, Wildlife Observation, Security.","NoctiView","FBA","Sports & Outdoors",112351,"N/A","N/A","N/A","N/A","Night Vision Binoculars & Goggles",62,129.99,-52,5,7,,346.32,524.42,1,5,"AP Ride","China",1,0,"N/A","Large Standard-Size",4.33,8.51,11.19,3.47,207.6,572.68,"12/31/2025",6,7,0,4.95
"https://amazon.com/dp/B0DLKCCBBT","https://m.media-amazon.com/images/I/714Fc1mYURL._SX450_.jpg","B0DLKCCBBT","Digital Night Vision Monocular, IR Illuminator 850nm Night Vision Rifle Scope for Night Watching & Observations, 4X Digital Zoom, Save Photos & Videos with 32GB TF Card","KOLINLOV","FBM","Sports & Outdoors",112599,081904618256,"N/A",0081904618256,"N/A","Night Vision Monoculars",13,95.99,-33,49,49,-48,4724.17,4723.58,62,3.4,"KOLINLOV","China",2,514,"N/A","Large Standard-Size",3.58,6.93,8.74,1.7,"N/A","N/A","12/31/2024",16,7,0,0.79
"https://amazon.com/dp/B0DW3ZPC1N","https://m.media-amazon.com/images/I/61xKL-Z44SL._SX450_.jpg","B0DW3ZPC1N","MiLESEEY TNV10 PRO 320x240 IR Resolution Thermal Monocular, 13mm 50Hz Aircraft Mg-Al Alloy Handheld Thermal Camera, Night Vision Imager, Hot Spot Tracking","MiLESEEY","FBA","Sports & Outdoors",112860,"N/A","N/A","N/A","N/A","Night Vision Monoculars",12,399.99,-24,10,65,,4070.49,25850.23,131,4,"MILESEEY Outdoor","China",1,0,"N/A","Large Standard-Size",4.49,5.04,9.53,1.41,108.58,299.53,"02/28/2026",13,9,2,0.08
"https://amazon.com/dp/B0DG5SRPBD","https://m.media-amazon.com/images/I/71r3wzoFtBL._SX450_.jpg","B0DG5SRPBD","Night Vision Goggles, 4K Night Vision Binoculars for Adults High Powered, 3.0” HD Night Vision Camera Infrared Goggles Scope and Day for Camping & Outdoor with 32GB TF Card, 10X Digital Zoom & 9 IR","Hittymoon","FBA","Sports & Outdoors",113252,"N/A","N/A","N/A","N/A","Night Vision Binoculars & Goggles",65,69.99,-21,84,51,130,4349.94,2270.31,96,4.4,"Shangzhangli","China",1,457,"N/A","Large Standard-Size",2.64,6.54,7.6,1.32,66.06,182.25,"11/30/2024",18,6,2,0.87
"https://amazon.com/dp/B098RBB5PD","https://m.media-amazon.com/images/I/818Yxd2h9YS._SX450_.jpg","B098RBB5PD","Steiner Predator Series Hunting Binoculars, 10x42 New Model","Steiner","FBM","Sports & Outdoors",113823,840229105663,00840229105663,0840229105663,"N/A","Night Vision Binoculars & Goggles",65,349,-37,25,4,-24,10795.94,1683.52,549,4.6,"Cove Creek Outfitters","USA",11,371,-34,"Large Standard-Size",3.54,6.61,8.86,2.55,"N/A","N/A","10/31/2024",54,8,8,0.04
"https://amazon.com/dp/B0F7RGYKC3","https://m.media-amazon.com/images/I/71ytgMPj3NL._SX450_.jpg","B0F7RGYKC3","GTHUNDER Night Vision Goggles – 4K Video, 36MP Photos, 10X Zoom, 3"" HD Screen, 984ft, 7-Level IR, IP56, 32GB Card – Ideal for Security","GTHUNDER","FBA","Sports & Outdoors",116795,850048244535,"N/A",0850048244535,"N/A","Night Vision Binoculars & Goggles",69,139.99,-55,70,33,16,5617.61,2225.44,1,3,"GTHUNDER","USA",1,0,"N/A","Large Standard-Size",9.25,6.69,3.74,2.58,116.52,321.45,"11/30/2025",10,6,5,70.02
"https://amazon.com/dp/B0FDPZSJ4F","https://m.media-amazon.com/images/I/715hV6Z7bsL._SX450_.jpg","B0FDPZSJ4F","WOSPORTS 48MP 4K Night Vision Goggles, Up to 80X Magnification, True 10XOptical & 8X Digital Zoom, 64GB Card, 1315FT Vision, 5000mAh Rechargeable Battery for Camping Hiking & Security, Gift for Men","WOSPORTS","FBA","Sports & Outdoors",117955,"N/A","N/A","N/A","N/A","Night Vision Binoculars & Goggles",68,129.97,-16,34,18,-79,6856.09,3581.9,51,4.4,"Woot","USA",2,0,"N/A","Large Standard-Size",3.35,6.85,8.7,2.38,100.51,277.28,"10/31/2025",6,8,5,0.67
"https://amazon.com/dp/B0G6ZSG872","https://m.media-amazon.com/images/I/71NMvrKWXlL._SX450_.jpg","B0G6ZSG872","WOSPORTS 48MP 4K Night Vision Goggles, Up to 80X Magnification, True 10XOptical & 8X Digital Zoom, 64GB Card, 1315FT Vision, 5000mAh Rechargeable Battery for Camping Hiking & Security, Gift for Men","WOSPORTS","FBA","Sports & Outdoors",117955,"N/A","N/A","N/A","N/A","Night Vision Binoculars & Goggles",68,199.99,-18,34,9,-79,6856.09,1724.24,51,4.4,"Wohome Technology Co., Limited","China",1,0,"N/A","Large Standard-Size",3.39,6.77,8.74,2.38,100.99,278.59,"10/31/2025",3,7,5,0.67
"https://amazon.com/dp/B0F8NBYMG9","https://m.media-amazon.com/images/I/71NkXqTMfKL._SX450_.jpg","B0F8NBYMG9","Compact Binoculars Night Vision Goggles, 2X30 High-Definition Plastic Binoculars for Camping & Hiking","WOSPORTS","FBA","Sports & Outdoors",119279,"N/A","N/A","N/A","N/A","Night Vision Binoculars & Goggles",69,50.98,"N/A",34,0,-79,6856.09,"-",51,4.4,"Wohome Technology Co., Limited","China",1,0,"N/A","Large Standard-Size",3.31,6.77,8.82,2.36,99.51,274.51,"10/31/2025",9,7,5,0.67
"https://amazon.com/dp/B0FNQ38XSC","https://m.media-amazon.com/images/I/71MQAgLyykL._SX450_.jpg","B0FNQ38XSC","WOSPORTS 4K Night Vision Goggles - 16MP Photo, up to 80x Magnification, 10X Optical & 8X Digital Zoom, 1015FT Vision, 3"" Screen, 5000mAh Rechargeable Battery, Outdoor Camping, Gift for Men","WOSPORTS","FBA","Sports & Outdoors",119282,"N/A","N/A","N/A","N/A","Night Vision Binoculars & Goggles",69,199.99,-59,34,8,-79,6856.09,1549.55,50,4.3,"Wohome Technology Co., Limited","China",1,0,"N/A","Large Standard-Size",3.39,6.65,7.76,2.16,88.08,242.97,"10/31/2025",6,7,5,0.69
"https://amazon.com/dp/B0FL1NCFBS","https://m.media-amazon.com/images/I/81gv27UeqGL._SX450_.jpg","B0FL1NCFBS","Night Vision Goggles - 112MP Night Vision Binoculars for Adults, 4K Infrared Digital Night Vision with with 64GB Card, Tactical Military Grade for Camping Wildlife Security","VOOPEAK","FBA","Sports & Outdoors",120332,758918447843,"N/A",0758918447843,"N/A","Night Vision Binoculars & Goggles",70,89.99,-17,29,9,,1975.86,852.96,123,4.4,"luoyus","China",1,0,"N/A","Large Standard-Size",2.8,6.57,8.15,1.06,75.48,208.23,"02/28/2026",7,8,3,0.23
"https://amazon.com/dp/B0CHRBKM2C","https://m.media-amazon.com/images/I/71UPPPsMkgL._SX450_.jpg","B0CHRBKM2C","CANIS SPORT INC New Reinforced Upgraded Version Night Vision Bridge with Adjustable Field of View for pvs14 Support 2 Optical Night Visions or 1 Digital Night Vision (British Standard)","CANIS SPORT INC","FBA","Sports & Outdoors",120687,786194589537,"N/A",0786194589537,"N/A","Night Vision Binoculars & Goggles",70,35.99,-36,22,22,-28,735.33,735.23,28,4.2,"CANIS SPORT INC","China",3,299,"N/A","Large Standard-Size",1.89,3.78,4.21,0.31,15.15,41.79,"11/30/2025",30,9,1,0.77
"https://amazon.com/dp/B0F48H68JS","https://m.media-amazon.com/images/I/7170GaXr+AL._SX450_.jpg","B0F48H68JS","DDayuanwei Night Vision Goggles NVG Mount for L4G24 PVS14 PVS15 PVS18, Rhino Adjustable Full Metal Aluminum NVG G24 Metal Mount for Helmet","DDayuanwei","FBA","Sports & Outdoors",122210,768657161900,"N/A",0768657161900,"N/A","Night Vision Binoculars & Goggles",71,72.19,-9,26,12,-45,2075.7,936.84,51,4.2,"DDAYUANWEI-US","China",1,0,"N/A","Large Standard-Size",2.68,3.33,4.89,0.54,21.97,60.61,"04/30/2025",11,7,3,0.52
"https://amazon.com/dp/B01IUENHNE","https://m.media-amazon.com/images/I/41sOQaSQBFL._SX450_.jpg","B01IUENHNE","KDSG Night Vision Headmount Assembly for AN/PVS-7 B/D, AN/PVS-14, 6015, 6010, PVS-18 NVG NVD","KDSG","FBM","Sports & Outdoors",122955,762758099261,"N/A",0762758099261,"N/A","Night Vision Binoculars & Goggles",69,24.99,"N/A",8,8,-62,208.14,207.97,71,4.2,"superiortac","USA",1,101,-33,"Large Standard-Size",2.7,7,10.6,0.4,"N/A","N/A","11/30/2025",116,4,0,0.12
"https://amazon.com/dp/B0DRYFYHW1","https://m.media-amazon.com/images/I/51kfrgYT9+L._SX450_.jpg","B0DRYFYHW1","GOWWPUN 3D VR Night Vision Goggles - Rechargeable Head Mounted Binoculars, Built-in Giant Screen, 4K Video, 24MP Photos, 6X Digital Zoom, Includes 32GB TF Cards","GOWWPUN","FBA","Sports & Outdoors",123458,094759844435,"N/A",0094759844435,"N/A","Night Vision Binoculars & Goggles",70,279.99,-19,45,45,-90,12680.81,12680.25,68,4.2,"Gwokpung","China",1,1002,"N/A","Large Standard-Size",4.17,7.48,11.02,2.71,173.06,477.4,"11/30/2025",3,6,0,0.67
"https://amazon.com/dp/B0B9R54KCZ","https://m.media-amazon.com/images/I/51w8JUD0lTL._SX450_.jpg","B0B9R54KCZ","E.T Dragon PVS 14 J Arm Night Vision Goggles NVG Mount Metal Helmet Mount Rhino Mount Compatible with All Models of PVS14","E.T Dragon","FBA","Sports & Outdoors",125337,734134183475,"N/A",0734134183475,"N/A","Night Vision Binoculars & Goggles",70,129.99,43,27,27,92,3500.29,3500.13,59,4.1,"AIMGEAR HUNTINGNSPORTING STORE","China",2,267,-58,"Large Standard-Size",2.72,3.74,4.92,0.77,25.2,69.51,"03/31/2024",43,7,0,0.46
"https://amazon.com/dp/B08TCJ69C1","https://m.media-amazon.com/images/I/512kguof5bS._SX450_.jpg","B08TCJ69C1","AGM Global Vision Taipan TM25-384 Hunting Heat Vision IR Monocular with 384x288 Sensor Ideal for Night Hunting Lightweight Infrared Thermal Monocular Powerful Performance","AGM Global Vision","Amazon","Sports & Outdoors",125955,810027778086,"N/A",0810027778086,"N/A","Night Vision Monoculars",14,1530.8,"N/A",16,2,-102,12455.69,2551.99,875,4.3,"Amazon","N/A",1,0,"N/A","Large Standard-Size",3.5,5.63,8.58,1.83,"N/A","N/A","07/31/2025",61,8,5,0.02
"https://amazon.com/dp/B0DF4TZBFG","https://m.media-amazon.com/images/I/71oFVEgTWOL._SX450_.jpg","B0DF4TZBFG","Night Vision Goggles Night Vision Binoculars for Total Darkness,Best Gifts for Men Him Dad Husband Boyfriend, Gear for Hunting and Camping(Black)","Jadfezy","FBA","Sports & Outdoors",127674,"N/A","N/A","N/A","N/A","Night Vision Binoculars & Goggles",72,54.99,-6,37,22,-60,2051.7,1195.54,205,4.4,"GECKOG","China",1,1641,"N/A","Large Standard-Size",3.03,6.3,7.8,1.17,74.96,206.8,"11/30/2024",19,6,5,0.18
"https://amazon.com/dp/B0DH2FLZ5G","https://m.media-amazon.com/images/I/7121wSIEHiL._SX450_.jpg","B0DH2FLZ5G","Night Vision Goggles Night Vision Binoculars for Total Darkness,Best Gifts for Men Him Dad Husband Boyfriend, Gear for Hunting and Camping(Camouflage)","Jadfezy","FBA","Sports & Outdoors",127678,728161844645,"N/A",0728161844645,"N/A","Night Vision Binoculars & Goggles",72,49.99,-41,37,12,-60,2051.7,624,205,4.4,"GECKOG","China",1,1641,"N/A","Large Standard-Size",3.15,6.97,7.8,1.21,86.14,237.63,"11/30/2024",24,6,5,0.18
"https://amazon.com/dp/B0C7CF4BTV","https://m.media-amazon.com/images/I/713qcKk4DiL._SX450_.jpg","B0C7CF4BTV","PVS15/18 Night Vision Goggles Metal Helmet Mount for L4G24 NVG, Rhino Adjustable Full Metal Aluminum Helmet Mount (Black)","DDayuanwei","FBA","Sports & Outdoors",128491,768657155633,"N/A",0768657155633,"N/A","Night Vision Binoculars & Goggles",73,79.99,-19,35,10,6,2734.24,762.86,51,4.2,"DDAYUANWEI-US","China",1,0,"N/A","Large Standard-Size",2.64,3.66,4.96,0.57,24.13,66.56,"04/30/2025",33,6,3,0.69
"https://amazon.com/dp/B0B11VW29V","https://m.media-amazon.com/images/I/71-XMEIlLpL._SX450_.jpg","B0B11VW29V","Night Vision Goggles for Adults, 4K Infrared Night Vision Binoculars with Rechargeable Battery and Anti-Shake Motion Detection for Camping, Camo","Anyork","FBA","Sports & Outdoors",128830,771077593824,"N/A",0771077593824,"N/A","Night Vision Binoculars & Goggles",74,59.99,-24,16,9,-62,939.41,520.4,923,4.2,"Anyork TECH INC.","China",1,630,-85,"Large Standard-Size",3.03,5.67,7.24,1.06,62.62,172.76,"10/31/2024",46,7,4,0.02
"https://amazon.com/dp/B0C7CDCVFL","https://m.media-amazon.com/images/I/71wGmWT3LlL._SX450_.jpg","B0C7CDCVFL","DDayuanwei PVS15/18 Night Vision Goggles Helmet Mount for L4G24 NVG Metal Helmet Mount, Rhino Adjustable Full Metal Aluminum Helmet Mount (Gold)","DDayuanwei","FBA","Sports & Outdoors",128941,768657155664,"N/A",0768657155664,"N/A","Night Vision Binoculars & Goggles",75,79.99,-19,35,9,6,2734.24,709.22,51,4.2,"DDAYUANWEI-US","China",1,0,"N/A","Large Standard-Size",2.6,3.58,5.04,0.64,23.62,65.16,"04/30/2025",33,6,3,0.69
"https://amazon.com/dp/B0DRJL7PLM","https://m.media-amazon.com/images/I/712bCRE8B-L._SX450_.jpg","B0DRJL7PLM","Night Vision Goggles -4K Night Vision Binoculars with, 10X Zoom, External Tactical Light & Compass，5000mAh Fast Charging, 32G Card, Record Video & Photos, Camping Hunting, Gift for Dad/Men（Black）","Mildhug","FBA","Sports & Outdoors",130328,860013314248,"N/A",0860013314248,"N/A","Night Vision Monoculars",46,32.99,"N/A",64,45,-115,2791.32,1757.02,534,4.2,"YSYDM","China",1,0,"N/A","Large Standard-Size",3.5,7.28,7.44,1.43,95.44,263.29,"11/30/2025",15,7,4,0.12
"https://amazon.com/dp/B0F93LBQC5","https://m.media-amazon.com/images/I/71PHCnFLAuL._SX450_.jpg","B0F93LBQC5","Night Vision Goggles- 4K Night Vision Binoculars for Adults with WIFI, 64GB TF Card in Night Vision,7X IR & 16X Zoom,Military Tactical Equipped with Altitude, Air pressure and Compass Functions","NovaLens","FBA","Sports & Outdoors",131226,"N/A","N/A","N/A","N/A","Night Vision Binoculars & Goggles",76,43.89,-14,46,46,-73,2000.63,2000.08,61,3.5,"NovaLens","China",1,0,"N/A","Large Standard-Size",3.39,6.69,8.39,1.39,95.8,264.27,"11/30/2025",9,8,0,0.75
"https://amazon.com/dp/B0DGX4BG33","https://m.media-amazon.com/images/I/81sOevgPgVL._SX450_.jpg","B0DGX4BG33","AILNJUC Night Vision Goggles Head Mounted, 1312FT Night Vision Binoculars Compatible with Military Tactical Helmet, Infrared Long Focus 8X Digital Zoom/32GB SD Card","AILNJUC","FBA","Sports & Outdoors",132559,747302735864,"N/A",0747302735864,"N/A","Night Vision Binoculars & Goggles",78,129.99,-25,47,16,-106,8383.95,2799.05,219,4.2,"Ymanm","China",1,784,"N/A","Large Standard-Size",4.06,6.73,9.69,2.31,133.3,367.73,"11/30/2024",22,6,0,0.21
"https://amazon.com/dp/B0DXVC81J3","https://m.media-amazon.com/images/I/71oVqtT4oxL._SX450_.jpg","B0DXVC81J3","Night Vision Goggles Night Vision Binoculars for Total Darkness,Best Gifts for Men Him Dad Husband Boyfriend, Gear for Hunting and Camping(Full-Color Black)","Jadfezy","FBA","Sports & Outdoors",135552,"N/A","N/A","N/A","N/A","Night Vision Binoculars & Goggles",77,69.99,-22,37,3,-60,2051.7,231.75,207,4.4,"GECKOG","China",1,1641,"N/A","Large Standard-Size",3.11,6.89,7.91,1.3,85.34,235.41,"11/30/2024",13,7,5,0.18
"https://amazon.com/dp/B06XY6PQNV","https://m.media-amazon.com/images/I/51S5NVSlYAL._SX450_.jpg","B06XY6PQNV","Superior Tactical Mil-Spec Pvs-14 and Pvs-7 Night Vision Eyecup","Superior Tactical LLC S","FBM","Sports & Outdoors",136521,"N/A","N/A","N/A","N/A","Binoculars",313,17.99,290,49,49,350,878.41,877.79,193,4.1,"superiortac","USA",1,363,-50,"Large Standard-Size",1.14,1.93,3.5,0.02,"N/A","N/A","11/30/2024",107,1,0,0.25
"https://amazon.com/dp/B0FJ8F9G31","https://m.media-amazon.com/images/I/71jHnmIhPsL._SX450_.jpg","B0FJ8F9G31","Dsoon Night Vision Goggles, Upgraded Rechargeable Head-Mounted Night Vision Binoculars with Infrared, Hands Free, Tactical Flashlight, 1312FT, 8X Digital Zoom","Dsoon","FBA","Sports & Outdoors",136736,"N/A","N/A","N/A","N/A","Night Vision Binoculars & Goggles",78,128.99,-80,13,8,,1740.21,980.44,38,4.5,"Kymzixx","China",4,0,"N/A","Large Standard-Size",4.17,6.93,9.76,2.34,142,391.73,"02/28/2026",20,8,2,0.35
"https://amazon.com/dp/B0CQNZDNT8","https://m.media-amazon.com/images/I/71zH7+SQA-L._SX450_.jpg","B0CQNZDNT8","VABSCE Night Vision Goggles, True 4K Full-Color Night Vision Binoculars, Built-in Powerful Focusable IR, 6000mAh Rechargeable Battery, Super Large Display, Long Viewing Range, Free 64GB Card (Silver)","VABSCE","FBA","Sports & Outdoors",138526,"N/A","N/A","N/A","N/A","Night Vision Binoculars & Goggles",80,179.99,-34,37,5,-6,5564.25,810.58,1082,4.3,"XCY TECH","China",1,684,-53,"Large Standard-Size",3.9,8.35,8.35,2.73,136.9,377.66,"11/30/2024",27,6,5,0.03
"https://amazon.com/dp/B0F4NP4Z3S","https://m.media-amazon.com/images/I/41MWtrvZO7L._SX450_.jpg","B0F4NP4Z3S","Night Vision Goggles，Qpingan 4K HD Infrared Tactical Night Vision Binoculars for Adults with Head Mounted Dual 1.4"" Screen 8X Digital Zoom 3000mAh Battery 32G Card for Hunting Essentials Gifts for Men","Qpingan","FBA","Sports & Outdoors",139807,"N/A","N/A",8776886347950,"N/A","Night Vision Binoculars & Goggles",81,175.99,-29,35,35,100,6199.85,6199.72,10,4.7,"NightBlazer","N/A",1,0,"N/A","Large Standard-Size",3.78,7.76,10.12,2.49,149.45,412.29,"01/31/2026",11,9,0,3.49
"https://amazon.com/dp/B0DWZNN8X2","https://m.media-amazon.com/images/I/71fQhZnye2L._SX450_.jpg","B0DWZNN8X2","LUNAREX 4K Night Vision Goggles for Adults – Digital Night Vision Binoculars with 8X Zoom, 48MP Camera, 4000mAh Rechargeable Battery, 32GB TF Card, Infrared Night Vision Goggles for Hunting & Outdoor","LUNAREX","FBA","Sports & Outdoors",141271,198715583885,"N/A",0198715583885,"N/A","Night Vision Binoculars & Goggles",84,59.93,-42,16,15,34,940.77,935.74,18,4.2,"NKA Success","United Kingdom of Great Britain and Northern Ireland",1,0,"N/A","Large Standard-Size",3.43,6.61,9.57,1.96,109.24,301.35,"11/30/2025",8,9,2,0.87
"https://amazon.com/dp/B0FPMLNL52","https://m.media-amazon.com/images/I/715CCpwMvML._SX450_.jpg","B0FPMLNL52","LUNAREX 4K Night Vision Goggles for Adults – Digital Night Vision Binoculars with 8X Zoom, 48MP Camera, 4000mAh Rechargeable Battery, 32GB TF Card, Infrared Night Vision Goggles for Hunting & Outdoor","LUNAREX","FBA","Sports & Outdoors",141488,199284517240,"N/A",0199284517240,"N/A","Night Vision Binoculars & Goggles",83,59.93,-48,16,0,34,940.77,"-",18,4.2,"NKA Success","United Kingdom of Great Britain and Northern Ireland",1,0,"N/A","Large Standard-Size",9.3,6.5,3.4,2,103.48,285.46,"11/30/2025",8,8,2,0.87
"https://amazon.com/dp/B0D2ZRPXBJ","https://m.media-amazon.com/images/I/515+XTkUIBL._SX450_.jpg","B0D2ZRPXBJ","Tactical GPNVG 18 Dummy Model,Night Vision Goggles Model,for Tactical Helmet NVG Mount | for Cosplay Display","Shanyingquan","FBA","Sports & Outdoors",141983,"N/A","N/A","N/A","N/A","Night Vision Binoculars & Goggles",83,35.99,-9,70,26,8,2576.44,919.96,75,3.9,"Huenco","China",2,829,"N/A","Large Standard-Size",3.78,5.71,8.82,1.01,95.8,264.27,"09/30/2025",22,7,4,0.93
"https://amazon.com/dp/B0FVLMCGWQ","https://m.media-amazon.com/images/I/71rIYpvhI9L._SX450_.jpg","B0FVLMCGWQ","WOSPORTS 4K Night Vision Goggles – up to 80X Total Magnification, 10X Optical + 8X Digital Zoom, 1315FT Vision Range, 64GB TF Card, 5000mAh Rechargeable Battery, IPX Waterproof NVG, Gifts for Men","WOSPORTS","FBA","Sports & Outdoors",142088,"N/A","N/A","N/A","N/A","Night Vision Binoculars & Goggles",77,199.99,-26,41,8,-135,6951.23,1321.31,88,4.3,"Wohome Technology Co., Limited","China",1,0,"N/A","Large Standard-Size",3.27,6.73,8.98,2.28,99.5,274.48,"11/30/2025",4,7,4,0.46
"https://amazon.com/dp/B0D2ZRPV57","https://m.media-amazon.com/images/I/51wC6nWMXTL._SX450_.jpg","B0D2ZRPV57","AN/PVS31 NVG Dummy Model,No Function Binocular Night Vision Goggle Model with Battery Case,for Tactical Hunting Cosplay","Shanyingquan","FBA","Sports & Outdoors",142504,"N/A","N/A","N/A","N/A","Helmets",183,39.88,-28,70,6,8,2576.44,238.85,75,3.9,"Huenco","China",2,829,"N/A","Large Standard-Size",3.82,5.08,6.73,0.75,65.75,181.39,"09/30/2025",22,7,4,0.93
"https://amazon.com/dp/B0D2ZSRK4V","https://m.media-amazon.com/images/I/51dZ0qBx-8L._SX450_.jpg","B0D2ZSRK4V","AN/PVS31 NVG Dummy Model,No Function Binocular Night Vision Goggle Model with Battery Case,for Tactical Hunting Cosplay","Shanyingquan","FBA","Sports & Outdoors",142510,"N/A","N/A","N/A","N/A","Night Vision Binoculars & Goggles",83,38.99,-30,70,10,8,2576.44,386.5,75,3.9,"Huenco","China",2,829,"N/A","Large Standard-Size",3.86,5.04,6.73,0.75,65.9,181.8,"09/30/2025",22,7,4,0.93
"https://amazon.com/dp/B0D2ZQWD58","https://m.media-amazon.com/images/I/51uiLqi9geL._SX450_.jpg","B0D2ZQWD58","Tactical GPNVG 18 Dummy Model,Night Vision Goggles Model,for Tactical Helmet NVG Mount | for Cosplay Display","Shanyingquan","FBA","Sports & Outdoors",142518,"N/A","N/A","N/A","N/A","Night Vision Binoculars & Goggles",83,35.99,-18,70,29,8,2576.44,1030.64,75,3.9,"Huenco","China",2,829,"N/A","Large Standard-Size",3.7,5.59,9.13,1.03,95.14,262.46,"09/30/2025",22,7,4,0.93
"https://amazon.com/dp/B0BYZ9LKJF","https://m.media-amazon.com/images/I/413TW9GIe-L._SX450_.jpg","B0BYZ9LKJF","Night Vision Goggles（2nd Generation Upgrade）-Night Vision Binoculars,1312FT Digital Infrared Head Mounted Night Vision,Compatible with Military Tactical FastMICH Helmet","PEIKETAO","FBA","Sports & Outdoors",144029,734327986258,"N/A",0734327986258,"N/A","Night Vision Binoculars & Goggles",82,142.4,-38,35,35,-12,5943.86,5943.41,232,4.2,"dabenxiang","China",1,1156,-45,"Large Standard-Size",4.02,6.85,9.8,2.36,135.87,374.81,"10/31/2024",36,8,0,0.15
"https://amazon.com/dp/B0FKVY51JC","https://m.media-amazon.com/images/I/71l+ynNcJHL._SX450_.jpg","B0FKVY51JC","Triton StarStrikeX 1-6x Night Vision LPVO","Triton","FBA","Sports & Outdoors",145440,850071798579,"N/A",0850071798579,"N/A","Night Vision Binoculars & Goggles",85,189.99,-15,58,58,-46,11100.04,11099.92,17,3.8,"Triton Wild","China",1,0,"N/A","Large Standard-Size",2.72,6.42,8.39,1.94,73.76,203.49,"12/31/2025",7,6,0,3.44
"https://amazon.com/dp/B09VGLNPS9","https://m.media-amazon.com/images/I/51Ff82l4h0L._SX450_.jpg","B09VGLNPS9","E.T Dragon Night Vision Goggles NVG Mount Metal Helmet Mount Fully Modular Interface System for PVS14/PVS18/PVS15/PVS7","E.T Dragon","FBA","Sports & Outdoors",145946,791101381722,"N/A",0791101381722,"N/A","Night Vision Binoculars & Goggles",86,94.99,-25,33,33,359,2963.11,2962.67,41,4.2,"AIMGEAR HUNTINGNSPORTING STORE","China",2,185,-19,"Large Standard-Size",2.64,3.66,5,0.64,24.32,67.1,"04/30/2024",47,6,0,0.84
"https://amazon.com/dp/B0F9414W64","https://m.media-amazon.com/images/I/71WOa0sPMNL._SX450_.jpg","B0F9414W64","WISHBETY 4K Night Vision Goggles for Adults,16X Zoom Night Vision Binoculars with 1000FT Infrared Range,5000mAh Rechargeable Battery,3.5"" Screen,Include 32GB Card,Gift for Mens and Outdoor Enthusiasts","WISHBETY","FBA","Sports & Outdoors",147386,"N/A","N/A","N/A","N/A","Night Vision Binoculars & Goggles",86,79.99,-24,2,22,,176.84,1721.97,33,4.3,"XinYi-US","China",1,0,"N/A","Large Standard-Size",3.31,6.89,8.9,2.14,102.19,281.91,"06/30/2025",8,9,0,0.07
"https://amazon.com/dp/B0D9M2494J","https://m.media-amazon.com/images/I/41hikuBFDGL._SX450_.jpg","B0D9M2494J","CANIS SPORT INC New Aluminum Night Vision Goggle j-arm Mount for Helmet Night Vision NVG Mount fit for PVS 14 tan (UK Standard Interface) (TAN)","CANIS SPORT INC","FBA","Sports & Outdoors",148961,027685679635,"N/A",0027685679635,"N/A","Night Vision Binoculars & Goggles",83,46.99,"N/A",23,0,66,999.17,"-",11,4.1,"CANIS SPORT INC","China",0,221,"N/A","Large Standard-Size",2.36,2.76,1.57,0.55,5.16,14.24,"04/30/2025",20,7,2,2.07
"https://amazon.com/dp/B0CY3BYRJ4","https://m.media-amazon.com/images/I/51MUIoqTL0L._SX450_.jpg","B0CY3BYRJ4","LEESEN Rubber Eyecup Fits PVS-14 PVS-18 PVS-7 Night Vision Monocular and Night Vision Goggles for 32-38mm and Above General Purpose Night Vision Eyecup (Color : L1)","LEESEN","FBM","Sports & Outdoors",150213,"N/A","N/A",9556269032180,"N/A","Night Vision Monoculars",16,16.99,-24,22,4,-18,379.19,74.77,7,5,"Cloud Pigeon","China",1,200,"N/A","Small Standard-Size",1.18,0.79,0.39,0.22,"N/A","N/A","01/31/2026",24,2,5,3.2
"https://amazon.com/dp/B01K8TUHO6","https://m.media-amazon.com/images/I/61FCRbUvJZL._SX450_.jpg","B01K8TUHO6","Norotos Shroud Titanium ACH MICH","NOROTOS","FBM","Sports & Outdoors",150544,735255927153,"N/A",0735255927153,"N/A","Night Vision Binoculars & Goggles",88,39.99,-58,36,36,42,1425.65,1425.57,99,4.5,"MODArmory","USA",1,307,253,"Large Standard-Size",1.3,3,5.2,0.15,"N/A","N/A","06/30/2025",115,4,0,0.36
"https://amazon.com/dp/B0DSVFBXZT","https://m.media-amazon.com/images/I/61uSTkOCT8L._SX450_.jpg","B0DSVFBXZT","i4SEE EM10-256 Thermal Monocular, 10mm Focal Lens, 256×192(50Hz) 12μm Night Vision Infrared Scope, 1.43”AMOLED Touchscreen, Handheld Thermal Imaging Monocular for Hunting, Outdoor Camping, Travel","i4SEE","FBA","Sports & Outdoors",152240,"N/A","N/A","N/A","N/A","Night Vision Monoculars",16,329.99,-22,40,32,-74,16031.46,10511.3,34,4,"i4see","USA",1,0,"N/A","Large Standard-Size",5.39,6.73,9.8,1.34,178.98,493.74,"12/31/2025",14,9,2,1.17
"https://amazon.com/dp/B0GDD4LQB3","https://m.media-amazon.com/images/I/51AWk9UozcL._SX450_.jpg","B0GDD4LQB3","Night Vision Goggles with Rangefinder – 4K Video, 18X Zoom Night Vision Binoculars, 5000mAh Rechargeable, 64GB Card, 1200yd Rangefinder & 1968ft Night Vision – for Security, Wildlife Observation","VOOPEAK","FBA","Sports & Outdoors",153122,758675330334,"N/A",0758675330334,"N/A","Night Vision Binoculars & Goggles",90,169.99,"N/A",30,30,,5824.43,5824.35,14,5,"hanhuiyuan","China",1,0,"N/A","Large Standard-Size",3.86,7.68,9.33,2.14,139.25,384.15,"02/28/2026",2,9,2,2.16
"https://amazon.com/dp/B0DSQ2QM7Q","https://m.media-amazon.com/images/I/611Zgi7zfNL._SX450_.jpg","B0DSQ2QM7Q","Oneleaf.ai Commander NV100 Digital Night Vision Goggle, Clip on Night Vision Monocular for Hunting/Observations, 1080P FHD, 328 Yards Clear Nighttime Viewing Range-16mm","oneleaf.ai","FBA","Sports & Outdoors",153664,"N/A","N/A","N/A","N/A","Night Vision Monoculars",16,288.99,-26,21,21,-80,6130.57,6130.26,46,4.3,"Akk Technology Inc","Hong Kong",1,378,"N/A","Large Standard-Size",2.87,5.12,9.88,1.83,73.09,201.64,"11/30/2025",14,5,0,0.47
"https://amazon.com/dp/B0CY3DG7HP","https://m.media-amazon.com/images/I/517WL1JsJJL._SX450_.jpg","B0CY3DG7HP","LEESEN Rubber Eyecup Fits PVS-14 PVS-18 PVS-7 Night Vision Monocular and Night Vision Goggles for 32-38mm and Above General Purpose Night Vision Eyecup (Color : L5)","LEESEN","FBM","Sports & Outdoors",154103,"N/A","N/A",9556269032142,"N/A","Night Vision Monoculars",17,16.99,-6,22,5,-18,379.19,76.86,7,5,"Cloud Pigeon","China",1,200,"N/A","Small Standard-Size",1.18,0.79,0.39,0.22,"N/A","N/A","01/31/2026",24,2,5,3.2
"https://amazon.com/dp/B0CY3GTM5S","https://m.media-amazon.com/images/I/51djSTvRfTL._SX450_.jpg","B0CY3GTM5S","LEESEN Rubber Eyecup Fits PVS-14 PVS-18 PVS-7 Night Vision Monocular and Night Vision Goggles for 32-38mm and Above General Purpose Night Vision Eyecup (Color : L4)","LEESEN","FBM","Sports & Outdoors",154103,"N/A","N/A",9556269032159,"N/A","Night Vision Monoculars",17,16.99,-33,22,4,-18,379.19,72.7,7,5,"Cloud Pigeon","China",1,200,"N/A","Small Standard-Size",1.18,0.79,0.39,0.22,"N/A","N/A","01/31/2026",24,2,5,3.2
"https://amazon.com/dp/B0CY39HFY5","https://m.media-amazon.com/images/I/51Er5pGbBAL._SX450_.jpg","B0CY39HFY5","LEESEN Rubber Eyecup Fits PVS-14 PVS-18 PVS-7 Night Vision Monocular and Night Vision Goggles for 32-38mm and Above General Purpose Night Vision Eyecup (Color : L2)","LEESEN","FBM","Sports & Outdoors",154103,"N/A","N/A",9556269032173,"N/A","Night Vision Monoculars",17,16.99,-32,22,4,-18,379.19,75.24,7,5,"Cloud Pigeon","China",1,200,"N/A","Small Standard-Size",1.18,0.79,0.39,0.22,"N/A","N/A","01/31/2026",24,2,5,3.2
"https://amazon.com/dp/B0CY3BY2GH","https://m.media-amazon.com/images/I/51P59-73I1L._SX450_.jpg","B0CY3BY2GH","LEESEN Rubber Eyecup Fits PVS-14 PVS-18 PVS-7 Night Vision Monocular and Night Vision Goggles for 32-38mm and Above General Purpose Night Vision Eyecup (Color : L3)","LEESEN","FBM","Sports & Outdoors",154104,"N/A","N/A",9556269032166,"N/A","Night Vision Monoculars",17,16.99,-19,22,5,-18,379.19,78.79,7,5,"Cloud Pigeon","China",1,200,"N/A","Small Standard-Size",1.18,0.79,0.39,0.22,"N/A","N/A","01/31/2026",24,2,5,3.2
"https://amazon.com/dp/B0CGL1GMMS","https://m.media-amazon.com/images/I/51+XraLBMdL._SX450_.jpg","B0CGL1GMMS","AZB Tactical Helmet Night Vision Goggles Mount L4G24 NVG Mount for PVS 15/18 GPNVG18","AZB","FBA","Sports & Outdoors",156829,"N/A","N/A","N/A","N/A","Night Vision Binoculars & Goggles",88,20.88,-9,25,13,-56,530.69,268.6,39,3.7,"AZB","China",1,400,-5,"Large Standard-Size",2.2,3.03,3.74,0.24,12.55,34.63,"09/30/2025",31,7,2,0.65
"https://amazon.com/dp/B0D8W2R6NM","https://m.media-amazon.com/images/I/71TWjRWV8hL._SX450_.jpg","B0D8W2R6NM","Night Vision Goggles Head Mounted - 4K Night Vision Binoculars for Adults with 2.7'' Screen, 32GB TF Card for Photos and Videos- 8X Digital Zoom for Hunting & Camping","Sfeoot","FBA","Sports & Outdoors",157713,"N/A","N/A","N/A","N/A","Night Vision Binoculars & Goggles",92,95.99,-31,23,17,,2616.37,1720.61,64,4.1,"HAIJUSHANGWU","China",1,0,"N/A","Large Standard-Size",4.09,7.09,9.84,2.38,143.66,396.31,"12/31/2025",20,8,3,0.37
"https://amazon.com/dp/B0DM9691DW","https://m.media-amazon.com/images/I/71R70LmlKeL._SX450_.jpg","B0DM9691DW","Night Vision Goggles - 4K Night Vision Binoculars for Adults, 3.0” HD Screen 9 Gear Infrared Monocular Camping Night Vision Scope for Men with 32GB TF Card","Hittymoon","FBA","Sports & Outdoors",159003,"N/A","N/A","N/A","N/A","Night Vision Binoculars & Goggles",91,69.99,-17,84,33,130,4349.94,2078.95,96,4.4,"Shangzhangli","China",1,457,"N/A","Large Standard-Size",2.64,6.5,7.56,1.28,65.32,180.18,"11/30/2024",16,6,2,0.87
"https://amazon.com/dp/B0DK327KNZ","https://m.media-amazon.com/images/I/71nCXmq-EZL._SX450_.jpg","B0DK327KNZ","Night Vision Binoculars for Adults & Kids - 4.5'' Screen Infrared Night Vision Goggles Camera with Case, 4K Video & 36MP Photos, 8X Digital Zoom, 7-Level Infrared, 4500mAh Battery for Camping,Security","ZIMOCE","FBA","Sports & Outdoors",161018,"N/A","N/A","N/A","N/A","Night Vision Binoculars & Goggles",94,89.99,-20,44,44,202,3825.77,3825.3,121,4.5,"LKBRVV","China",1,0,"N/A","Large Standard-Size",4.02,7.05,8.7,2.16,124.14,342.45,"06/30/2025",17,7,2,0.36
"https://amazon.com/dp/B09XD65952","https://m.media-amazon.com/images/I/71Yt4Q1F6hL._SX450_.jpg","B09XD65952","TESLONG TTS260 Thermal Imaging Monocular 256x192, IR Night Vision 25Hz,4X Digital Zoom, 8 Color Palettes, Hotspot Tracking, 32GB, USB-C FileTransfer for Hunting, Patrol, Search & Rescue","Teslong","FBA","Sports & Outdoors",162096,"N/A",00850034851471,"N/A","N/A","Night Vision Monoculars",21,399.99,233,23,17,156,12174.48,6686.21,185,4.3,"Teslong","China",2,722,"N/A","Large Standard-Size",3.11,4.8,9.25,1.34,69.52,191.78,"10/31/2025",47,6,2,0.12
"https://amazon.com/dp/B0CYH3KR73","https://m.media-amazon.com/images/I/41hikuBFDGL._SX450_.jpg","B0CYH3KR73","CANIS SPORT INC New Aluminum Night Vision Goggle j-arm Mount for Helmet Night Vision NVG Mount fit for PVS 14(UK Standard Interface)","CANIS SPORT INC","FBA","Sports & Outdoors",162577,714855164090,"N/A",0714855164090,"N/A","Night Vision Binoculars & Goggles",95,46.99,-7,23,23,66,999.17,998.92,11,4.1,"CANIS SPORT INC","China",1,221,"N/A","Large Standard-Size",2.36,2.76,1.57,0.55,5.16,14.24,"04/30/2025",24,7,2,2.07
"https://amazon.com/dp/B0DH2N8LYJ","https://m.media-amazon.com/images/I/41LONCgpzuL._SX450_.jpg","B0DH2N8LYJ","BUSHBINOC Night Vision Goggles, 4K Night Vision Binoculars, 4"" HD Screen Binoculars, 10X Digital NightVision for Adults, 4000mAh Battery Gray, 9 Gear Infrared with 32GB TF Card","BUSHBINOC","FBA","Sports & Outdoors",163298,"N/A","N/A","N/A","N/A","Night Vision Binoculars & Goggles",93,54.99,-47,31,11,-132,2692.48,837.85,107,4.3,"youlitu","China",1,2641,"N/A","Large Standard-Size",3.03,6.57,7.8,1.61,78.18,215.66,"11/30/2025",16,6,4,0.29
"https://amazon.com/dp/B0D6YPL8XH","https://m.media-amazon.com/images/I/61DW+leHuFL._SX450_.jpg","B0D6YPL8XH","E.T Dragon Night Vision Goggles NVG Mount for L4G24 Metal Helmet Mount PVS15/18 (TAN)","E.T Dragon","FBA","Sports & Outdoors",163599,"N/A","N/A","N/A","N/A","Night Vision Binoculars & Goggles",101,98.99,20,36,27,303,3505.55,2576.95,19,4.5,"AIMGEAR HUNTINGNSPORTING STORE","China",1,248,"N/A","Large Standard-Size",2.6,4.45,5.04,0.67,29.33,80.91,"01/31/2026",21,7,2,1.89
"https://amazon.com/dp/B0DSBXKFJD","https://m.media-amazon.com/images/I/61M-ex6wxCL._SX450_.jpg","B0DSBXKFJD","Digital Night Vision Monocular HD 1080P Infrared Night Vision Scope with 5X AI Zoom Video Recording, Hunting Night Vision Camera for Surveillance & Wildlife Observation","KOLINLOV","FBA","Sports & Outdoors",165154,081904618263,"N/A",0081904618263,"N/A","Night Vision Monoculars",19,99.98,-11,30,30,-52,2970.59,2970.45,31,3.6,"KOLINLOV","China",2,556,"N/A","Large Standard-Size",3.74,7.01,8.54,1.5,112.73,310.97,"10/31/2025",14,9,0,0.96
"https://amazon.com/dp/B0BZSBGQTW","https://m.media-amazon.com/images/I/614ZcS+NA8L._SX450_.jpg","B0BZSBGQTW","GOYOJO Night Vision Goggles- NVG10 Night Vision Scope with Photo and Video Shooting, NVG Digital Vision Distance 200M for Hunting, Camping","GOYOJO","FBA","Sports & Outdoors",165197,614166950620,"N/A",0614166950620,"N/A","Night Vision Monoculars",19,206.1,-43,27,12,16,8553.44,2419,279,4.3,"GOYOJO Store","China",1,0,"N/A","Large Standard-Size",3.11,6.61,6.89,1.7,71.31,196.72,"02/28/2026",36,8,2,0.1