"URL","Image URL","ASIN","Title","Brand","Fulfillment","Category","BSR","UPC","GTIN","EAN","ISBN","Subcategory","Subcategory BSR","Price","Price Trend (90 days) (%)","Parent Level Sales","ASIN Sales","Sales Trend (90 days) (%)","Parent Level Revenue","ASIN Revenue","Review Count","Reviews Rating","Seller","Seller Country/Region","Number of Active Sellers","Last Year Sales","Sales Year Over Year (%)","Size Tier","Length","Width","Height","Weight","Storage Fee (Jan - Sep)","Storage Fee (Oct - Dec)","Best Sales Period","Age (Month)","Number of Images","Variation Count","Sales to Reviews"
"https://amazon.com/dp/B0FFB43PBM","https://m.media-amazon.com/images/I/71oQ9LNyE4L._SX450_.jpg","B0FFB43PBM","Head Mounted Night Vision Goggles with Screen for Adults 2000FT - 4K Night Vision Binoculars, Infrared Goggles with 64GB Card with Flashlight 8X Digital Zoom Outdoor Exploration Camping","YUANZIMOO","FBA","Sports & Outdoors",371791,"N/A","N/A","N/A","N/A","Night Vision Binoculars & Goggles",226,99.99,"N/A",1,1,-130,132.84,132.8,13,3.9,"NIANDONG","China",1,0,"N/A","Large Standard-Size",12.2,10.2,4.7,2.3,294.46,812.32,"09/30/2025",9,7,0,0.11
"https://amazon.com/dp/B0FHQQXXMK","https://m.media-amazon.com/images/I/71NXdT5BHsL._SX450_.jpg","B0FHQQXXMK","Night Vision Goggles, 4K Night Vision Binoculars for Adults with 4.5"" HD Display, 8X Digital Zoom, 36MP Photo & Video, 32GB Card Included, 1312ft Full-Dark Viewing for Hunting, Camping & Security","BESTECCT","FBA","Sports & Outdoors",375504,"N/A","N/A","N/A","N/A","Night Vision Binoculars & Goggles",226,48.99,-53,5,4,40,301.6,178.37,55,4.1,"Bestecct Direct","China",1,0,"N/A","Large Standard-Size",3.11,6.26,7.83,1.59,76.75,211.72,"11/30/2025",5,8,3,0.09
"https://amazon.com/dp/B0DCWB66MP","https://m.media-amazon.com/images/I/61eRRGysQ0L._SX450_.jpg","B0DCWB66MP","Tactical Night Vision Goggles Model AN/PVS31 with Adjustable Helmet Mount for Cosplay and Display, No Function (Black)","Gayontech","FBA","Sports & Outdoors",376001,724156209215,"N/A",0724156209215,"N/A","Night Vision Binoculars & Goggles",227,49.99,-28,11,11,,530.95,530.86,15,4.2,"GayongStore","China",1,0,"N/A","Large Standard-Size",9,6,3.5,1.2,95.16,262.5,"02/28/2026",19,7,0,0.71
"https://amazon.com/dp/B0DLBHT26M","https://m.media-amazon.com/images/I/61kVpRexUCL._SX450_.jpg","B0DLBHT26M","Tactical Night Vision Goggles Model PVS15 with Adjustable Helmet Mount for Cosplay and Display, No Function (Tan)","Gayontech","FBM","Sports & Outdoors",376712,724156209246,"N/A",0724156209246,"N/A","Night Vision Binoculars & Goggles",217,42.99,-52,1,8,,27.73,345.3,23,3.7,"GayongStore","China",1,0,"N/A","Large Standard-Size",7.1,5.1,3.3,0.88,"N/A","N/A","02/28/2026",17,7,0,0.03
"https://amazon.com/dp/B0CQZZ38M1","https://m.media-amazon.com/images/I/81lrBSyqIPL._SX450_.jpg","B0CQZZ38M1","4K Night Vision Goggles Binoculars - Infrared Night Vision in 100% Darkness, 3.2'' Large Screen, 8X Digital Zoom, 32GB Card to Save Photos and Videos for Camping Hunting & Security","Diyimin","Amazon","Sports & Outdoors",378123,768381463202,"N/A",0768381463202,"N/A","Night Vision Binoculars & Goggles",216,75.2,-17,6,6,,629.08,582.94,175,4.1,"Amazon","N/A",1,0,"N/A","Large Standard-Size",2.52,6.26,7.64,1.28,"N/A","N/A","01/31/2026",27,7,2,0.04
"https://amazon.com/dp/B0B25TJ31Q","https://m.media-amazon.com/images/I/51NfD6ZPtrL._SX450_.jpg","B0B25TJ31Q","Night Driving Glasses for Men Women,Polarized Night Vision Glasses Anti-Glare Diminish Oncoming Headlights and Reflections","Yogo Vision","FBA","Sports & Outdoors",379410,840217205399,"N/A",0840217205399,"N/A","Night Vision Binoculars & Goggles",238,8.99,-13,19,4,-41,158.85,39.09,183,3.9,"Success Eyewear","USA",1,478,"N/A","Large Standard-Size",1.34,3.5,6.1,0.35,14.4,39.73,"10/31/2025",46,6,6,0.1
"https://amazon.com/dp/B0F4XH7YSC","https://m.media-amazon.com/images/I/71cZPDEszOL._SX450_.jpg","B0F4XH7YSC","Compound Bow Night Vision,4K Monocular Goggle with Photo/Video for Compound Bow/Dual Purpose Bow Hunting (Night Vision+Mounting Bracket)","limaity","FBM","Sports & Outdoors",383205,"N/A","N/A","N/A","N/A","Night Vision Monoculars",72,118.99,"N/A",4,4,,466.09,466.02,1,5,"YLX-","China",1,0,"N/A","Large Standard-Size",8.27,1.97,3.94,1.28,"N/A","N/A","01/31/2026",11,9,3,4.13
"https://amazon.com/dp/B0CP8N943X","https://m.media-amazon.com/images/I/515ptW1jhrL._SX450_.jpg","B0CP8N943X","Armasight Sidekick 320 Mini Thermal Monocular with Armacore 320 Thermal Core, 3-Button Control, Compass, and Image Detail Enhancement","Armasight","FBM","Sports & Outdoors",384657,810081911665,"N/A",0810081911665,"N/A","Night Vision Monoculars",74,1395.3,-25,14,14,-28,20008.21,20008.07,24,4,"17Photo, Electronics and Outdoors","USA",4,279,105,"Large Standard-Size",4.41,5.47,10.16,1.41,"N/A","N/A","09/30/2025",27,6,0,0.6
"https://amazon.com/dp/B0BLBXCKWB","https://m.media-amazon.com/images/I/51v1qCKZxAL._SX450_.jpg","B0BLBXCKWB","Night Vision Goggles, Profey 4K Night Vision Binoculars for Adults, Rechargeable Night Vision Goggles for Hunting & Security, 32GB TF Card to Save Photo, Video, Best for Hunters","Profey","FBA","Sports & Outdoors",386573,774388863464,"N/A",0774388863464,"N/A","Night Vision Binoculars & Goggles",219,56.99,20,3,1,-91,147.59,54.71,376,4.2,"Profey Tech","China",1,0,"N/A","Large Standard-Size",3.15,5.71,7.32,1.06,66.29,182.86,"11/30/2025",18,7,3,0.01
"https://amazon.com/dp/B0CXSS18J7","https://m.media-amazon.com/images/I/71iPGkglFiL._SX450_.jpg","B0CXSS18J7","GTHUNDER 4K Night Vision Goggles, 4000mAH Rechargeable Infrared Digital Night Vision Binoculars, 32GB Card for Video and Photo","GTHUNDER","FBA","Sports & Outdoors",388409,850048244092,"N/A",0850048244092,"N/A","Night Vision Binoculars & Goggles",228,88.39,-46,3,3,-52,266.89,266.76,23,4.2,"GTHUNDER","USA",2,81,"N/A","Large Standard-Size",3.31,7.2,8.03,1.76,96.35,265.79,"11/30/2024",24,7,0,0.13
"https://amazon.com/dp/B0DW8SV9B4","https://m.media-amazon.com/images/I/71L1WhBhyaL._SX450_.jpg","B0DW8SV9B4","T2 Max Android Thermal Night Vision Monocular, 15mm Thermal Scope for Phone, See 1500 Yards, Thermal Scope for Wildlife Observation (Not for iOS)","Thermal Master","FBA","Sports & Outdoors",389493,"N/A","N/A","N/A","N/A","Monoculars",401,399,-4,39,39,519,15374.91,15374.81,13,4.2,"Thermal Master Official","China",1,0,"N/A","Large Standard-Size",3.66,8.35,10,2.36,153.87,424.46,"10/31/2025",13,7,1,2.96
"https://amazon.com/dp/B019XYQGPQ","https://m.media-amazon.com/images/I/81Wm6pNun7L._SX450_.jpg","B019XYQGPQ","Nautical Design Antique Victorian Marine Brass Leather Binocular Sailor Instrument London 1915 Orange for Home & Office Outdoor Camping","collectiblesBuy","FBM","Sports & Outdoors",389672,791756475227,"N/A",0791756475227,"N/A","Night Vision Binoculars & Goggles",232,59,-26,16,12,39,1069.28,697.83,127,4,"collectiblesBuy","India",2,161,6,"Large Standard-Size",6.2,6.5,4,1.7,"N/A","N/A","08/31/2025",122,8,2,0.13
"https://amazon.com/dp/B0FKTJLT4G","https://m.media-amazon.com/images/I/31xk5Vm8glL._SX450_.jpg","B0FKTJLT4G","C2 Thermal Imaging Monocular, 256x192 HD (12μm) Handheld Thermal Scope with 8X Zoom, Hot Spot Tracking, Video Recording, Portable Thermal Monocular for Hunting, Wildlife Observation, Outdoor​","OWLNV","FBA","Sports & Outdoors",390467,"N/A","N/A","N/A","N/A","Night Vision Monoculars",74,399.98,-38,0,0,,"-","-",3,4.6,"Owlnv","China",1,0,"N/A","Large Standard-Size",3.5,5.67,8.66,1.54,86.53,238.69,"11/30/2025",7,13,0,0.01
"https://amazon.com/dp/B0C85X6LNC","https://m.media-amazon.com/images/I/51rj5d5cNeL._SX450_.jpg","B0C85X6LNC","Shanyingquan Tactical Helmet L4G24 NVG Base Mount, Universal NVG Bracket Holder, Goggle Night Vision Mount for PVS15, PVS18, GPNVG18","Shanyingquan","FBA","Sports & Outdoors",390707,"N/A","N/A","N/A","N/A","Night Vision Binoculars & Goggles",235,21.99,-8,10,6,-6,229.33,141.09,28,3.9,"Huenco","China",2,195,-36,"Large Standard-Size",2.09,2.99,4.06,0.27,12.75,35.16,"09/30/2025",33,7,2,0.36
"https://amazon.com/dp/B0C85XBJ9S","https://m.media-amazon.com/images/I/41quWfkEm8L._SX450_.jpg","B0C85XBJ9S","Tactical Helmet L4G24 NVG Base Mount, NVG Bracket Holder,Goggle Night Vision Mount for PVS15, PVS18, GPNVG18","Shanyingquan","FBA","Sports & Outdoors",390707,"N/A","N/A","N/A","N/A","Night Vision Binoculars & Goggles",235,21.99,12,10,4,-6,229.33,87.88,28,3.9,"Huenco","China",2,195,-36,"Large Standard-Size",2.13,3.03,3.94,0.27,12.77,35.24,"09/30/2025",33,6,2,0.36
"https://amazon.com/dp/B0DWK4T9MX","https://m.media-amazon.com/images/I/61-Po5F7vVL._SX450_.jpg","B0DWK4T9MX","GTMEDIA Night Vision Goggles for Adults, 984FT Tactical Night Vision Binoculars, Hands Free Nightvision Goggles for Helmet, 5× Zoom & 850nm Stealth IR, Great Gifts for Men Dad Husband Boyfriend","GTMEDIA","FBA","Sports & Outdoors",390879,758522500538,"N/A",0758522500538,"N/A","Night Vision Binoculars & Goggles",224,118,-35,13,13,-24,1553.55,1553.46,34,4.4,"GT AUDIO","China",1,358,"N/A","Large Standard-Size",3.98,8.78,11.1,1.92,195.29,538.73,"05/31/2025",13,9,0,0.4
"https://amazon.com/dp/B0F1LRPRMV","https://m.media-amazon.com/images/I/61lzLQTDFvL._SX450_.jpg","B0F1LRPRMV","NightCrystal M7 Head-Mounted and Helmet-Mounted Day Night Vision Goggles with Elastic Head Strap, 5X Digital Zoom, NVG with 1.4-inch HD Screen and Adjustable Infrared Flashlight (Without Battery)","NightCrystal","FBM","Sports & Outdoors",392601,663992638349,"N/A",0663992638349,"N/A","Night Vision Binoculars & Goggles",232,59.99,"N/A",0,0,,"-","-",3,3.3,"NightCrystal Hunting Store","China",2,0,"N/A","Large Standard-Size",8.27,3.35,6.5,1.72,"N/A","N/A","09/30/2025",12,9,0,0
"https://amazon.com/dp/B0DLDYXW27","https://m.media-amazon.com/images/I/81H3DXBLapL._SX450_.jpg","B0DLDYXW27","Pulsar Axion XQ30 Compact Thermal Imaging Monocular","Pulsar","FBA","Sports & Outdoors",393663,840284902009,00840284902009,0840284902009,"N/A","Night Vision Monoculars",76,2199.97,-22,23,6,-80,40480.61,12935.55,7,3.7,"ChuckandCO","USA",12,421,"N/A","Large Standard-Size",6.06,6.46,13.11,1.65,258.39,712.81,"11/30/2025",16,8,3,3.24
"https://amazon.com/dp/B0086Y03EA","https://m.media-amazon.com/images/I/4110gReY0DL._SX450_.jpg","B0086Y03EA","Night Optics USA Mil-Spec Headmount Assembly Fits PVS-7/14 A3144268","Night Optics USA","FBM","Sports & Outdoors",394665,029757001573,00029757001573,0029757001573,"N/A","Night Vision Binoculars & Goggles",234,24.99,-4,0,0,-100,"-","-",5,4,"superiortac","USA",2,7,-61,"Large Standard-Size",2.7,6.4,11,0.4,"N/A","N/A","08/31/2024",170,1,0,0
"https://amazon.com/dp/B0CNCTXYHV","https://m.media-amazon.com/images/I/51pqN32JflL._SX450_.jpg","B0CNCTXYHV","Aetheria Cosplay Dummy Night Vision Goggles with Night Vision Mount for PVS15/PVS18/GPNVG18, Four-Tube Binocular Night Vision Cosplay Prop-Black, Non-Functioning","Aetheria","FBM","Sports & Outdoors",395730,"N/A","N/A",7796003401045,"N/A","Night Vision Binoculars & Goggles",228,55.99,-15,2,1,-98,125.91,32.88,77,3.8,"ZhangLindezuimeixiaodian","China",2,218,-84,"Large Standard-Size",9.45,3.94,12.6,1.32,"N/A","N/A","09/30/2024",28,9,2,0.03
"https://amazon.com/dp/B0FQBMNPMM","https://m.media-amazon.com/images/I/41lFjDC8bTL._SX450_.jpg","B0FQBMNPMM","ISHARE Head Mounted Night Vision Goggles, 1312FT Infrared Binoculars for Adults, 8X Zoom 7-Level IR, 32GB Card, IP54 Waterproof for Hunting, Camping, Wildlife Watching & Outdoor Exploration","ISHARE","FBA","Sports & Outdoors",398039,762849949062,"N/A",0762849949062,"N/A","Night Vision Binoculars & Goggles",229,129.99,-28,12,12,94,1441.33,1441.15,3,5,"LWZZCT","China",1,0,"N/A","Large Standard-Size",4.02,9.45,9.76,2.38,186.67,514.96,"11/30/2025",6,7,0,3.85
"https://amazon.com/dp/B0DRY6PDMV","https://m.media-amazon.com/images/I/610p54ercKL._SX450_.jpg","B0DRY6PDMV","Dummy GPNVG 18 NVG Model, Night Vision Goggles Model Head Mounted for Tactical Helmet NVG Mount Airsoft Hunting Cosplay Display Movie Props-No Function (Upgraded GPNVG18 Model, Tan)","Zhongren","FBA","Sports & Outdoors",402766,"N/A","N/A","N/A","N/A","Night Vision Binoculars & Goggles",241,38.99,-23,12,1,57,414.38,28.44,12,4.5,"Zhongren-us","China",1,184,"N/A","Large Standard-Size",7.87,5.91,3.94,0.66,92.17,254.27,"09/30/2024",14,8,6,0.98
"https://amazon.com/dp/B0DGSZB491","https://m.media-amazon.com/images/I/61PbGiWjR2L._SX450_.jpg","B0DGSZB491","Hdlsina Airsoft Tactical PVS15 Night Vision Goggles Dummy Binoculars with Helmet Mount No Function NVG Model for Tactical Decoration and Props(Khaki)","Hdlsina","FBA","Sports & Outdoors",403101,"N/A","N/A","N/A","N/A","Night Vision Binoculars & Goggles",232,45.98,"N/A",3,2,86,151.27,84.14,4,5,"jadedragon","China",1,139,"N/A","Large Standard-Size",9.06,5.51,3.54,1.3,89.04,245.62,"09/30/2025",18,9,2,0.82
"https://amazon.com/dp/B0DL4DDHY7","https://m.media-amazon.com/images/I/51xZMULXr1L._SX450_.jpg","B0DL4DDHY7","Keetopteep Tactical Airsoft Hunting AN/PVS31 Dummy Night Vision Goggles Model with Mount, No Function Night Vision Binoculars & Goggles for Tactical Helmet NVG Mount, Cosplay Prop (Black)","Keetopteep","FBA","Sports & Outdoors",403105,747086917593,"N/A",0747086917593,"N/A","Night Vision Binoculars & Goggles",232,55.99,-19,8,8,-49,443.42,443.27,11,4.3,"Keetopteep","China",1,0,"N/A","Large Standard-Size",3.7,5,6.77,0.97,63.06,173.95,"11/30/2025",17,7,1,0.72
"https://amazon.com/dp/B0D25LCQSZ","https://m.media-amazon.com/images/I/51BsfTawDZL._SX450_.jpg","B0D25LCQSZ","Airsoft Tactical GPNVG 18 Night Vision Goggles Dummy Binoculars No Function NVG Model for Tactical Decoration (Black)","Hdlsina","FBA","Sports & Outdoors",404865,"N/A","N/A","N/A","N/A","Binoculars",1306,39.98,-23,13,6,127,504.75,247.72,11,4.5,"jadedragon","China",1,170,"N/A","Large Standard-Size",7.09,4.72,3.94,0.77,66.36,183.07,"09/30/2024",23,7,2,1.15
"https://amazon.com/dp/B0D251MVJ6","https://m.media-amazon.com/images/I/51jWApvupHL._SX450_.jpg","B0D251MVJ6","Airsoft Tactical GPNVG 18 Night Vision Goggles Dummy Binoculars No Function NVG Model for Tactical Decoration (TAN)","Hdlsina","FBA","Sports & Outdoors",404874,"N/A","N/A","N/A","N/A","Night Vision Binoculars & Goggles",239,39.98,-8,13,6,127,504.75,256.66,11,4.5,"jadedragon","China",1,170,"N/A","Large Standard-Size",3.7,5.67,9.02,1.01,95.27,262.82,"09/30/2024",23,7,2,1.15
"https://amazon.com/dp/B0CVX5VTC7","https://m.media-amazon.com/images/I/71dKSzrDEjL._SX450_.jpg","B0CVX5VTC7","Anyork 4K Night Vision Binoculars,10X Digital Zoom Night Vision Goggles,Rechargeable Battery with Type-C Cable,can Save Photo and Video with 32GB Memory Card","Anyork","FBA","Sports & Outdoors",406127,717225087739,"N/A",0717225087739,"N/A","Night Vision Binoculars & Goggles",240,39.99,-28,4,4,-124,166.27,166.21,51,3.8,"Anyork TECH INC.","China",1,246,"N/A","Large Standard-Size",2.91,5.71,7.24,0.86,60.57,167.08,"11/30/2024",25,7,0,0.08
"https://amazon.com/dp/B0CFJRR7YH","https://m.media-amazon.com/images/I/71EBrPjCSGL._SX450_.jpg","B0CFJRR7YH","WISHBETY Night Vision Goggles,4K Night Vision Binoculars for Adult with 3.5"" HD Screen,32GB TF Card for Photo and Video,9 Gear Infrared and 10X Digital Zoom for Outdoor Enthusiasts and Animal Watchers","WISHBETY","FBA","Sports & Outdoors",406571,"N/A","N/A","N/A","N/A","Binoculars",1174,99.99,32,4,4,-92,442.71,442.51,73,4.3,"XinYi-US","China",1,0,"N/A","Large Standard-Size",3.27,7.01,8.78,1.96,101.33,279.53,"11/30/2025",30,7,3,0.06
"https://amazon.com/dp/B0BPZT136P","https://m.media-amazon.com/images/I/616rNRTTYvL._SX450_.jpg","B0BPZT136P","AN/PVS-7B AN/PVS-7 A3144397 ITT Night Vision Goggle Battery Cap with Tether","Generic","FBM","Sports & Outdoors",408361,765738982836,"N/A",0765738982836,"N/A","Night Vision Binoculars & Goggles",239,34.99,-56,3,3,42,89.46,89.44,5,4.7,"Police and Tactical Supply","USA",1,72,-13,"N/A","N/A","N/A","N/A","N/A","N/A","N/A","09/30/2025",39,2,0,0.51
"https://amazon.com/dp/B0D9G947NF","https://m.media-amazon.com/images/I/71L0f0ChoZL._SX450_.jpg","B0D9G947NF","3D VR Head Mounted Night Vision Goggles & Binoculars for Adult, Rechargeable Infrared Digital Night Vision with Head Strap and Mount, 6X Digital Zoom and FOV 40°, Includes 2 * 32GB Cards","SKIOVEMI","FBA","Sports & Outdoors",412892,"N/A","N/A",1091475293133,"N/A","Night Vision Binoculars & Goggles",246,269,"N/A",4,4,22,993.99,993.91,13,3.8,"SKIOVEMI","China",2,45,"N/A","Large Standard-Size",10.9,6.77,3.9,2.55,144.9,399.71,"11/30/2024",20,7,0,0.29
"https://amazon.com/dp/B0D7MWSZTZ","https://m.media-amazon.com/images/I/61vB-LuIUXL._SX450_.jpg","B0D7MWSZTZ","Tactical Night Vision Goggles Model with Adjustable Helmet Mount for PVS15/PVS18/GPNVG18, No Function (Black)","Gayontech","FBA","Sports & Outdoors",413682,724156209192,"N/A",0724156209192,"N/A","Night Vision Binoculars & Goggles",243,45.99,-15,13,13,,619.67,619.54,13,4.1,"GayongStore","China",1,0,"N/A","Large Standard-Size",3.7,5.71,8.98,1.21,95.52,263.5,"01/31/2026",21,7,0,1.04
"https://amazon.com/dp/B0F3XP638J","https://m.media-amazon.com/images/I/61qMLWBPqML._SX450_.jpg","B0F3XP638J","Night Vision Goggles Head or Helmet Mounted Monocular - 1080P HD Photo and Video Recording with 5X Digital Zoom & Adjustable Infrared 940nm IR, Night Vision 300M for Hunting, Camping, Surveillance","KOLINLOV","FBA","Sports & Outdoors",413884,081904618270,"N/A",0081904618270,"N/A","Night Vision Monoculars",84,99.96,-15,15,15,43,1468.87,1468.61,7,3,"KOLINLOV","China",1,0,"N/A","Large Standard-Size",8.66,6.69,3.54,1.67,103.26,284.85,"11/30/2025",11,7,0,2.1
"https://amazon.com/dp/B0FQNCR33D","https://m.media-amazon.com/images/I/718sSbv7uGL._SX450_.jpg","B0FQNCR33D","4K Night Vision Goggles,Head-Mounted Night Vision Binoculars with 8X Digital Zoom, Rechargeable Infrared Goggles with Screen for Viewing 984ft in 100% Darkness FHD Video for Adult（64GB TF）","Dsoon","FBA","Sports & Outdoors",414201,765026531845,"N/A",0765026531845,"N/A","Night Vision Binoculars & Goggles",247,159.99,581,7,2,-76,1037.27,292.42,33,4.4,"LapseLab US","China",1,0,"N/A","Large Standard-Size",3.5,6.73,8.94,1.98,106.02,292.47,"11/30/2025",5,8,2,0.22
"https://amazon.com/dp/B087S8LTDM","https://m.media-amazon.com/images/I/51lCfgdBsdL._SX450_.jpg","B087S8LTDM","Stealth CAM Shockproof No-Slip 3x20mm HQ Objective Lens High-Resolution 9X Infrared Filter Low Light Night Hunting Digital Monocular","Stealth Cam","Amazon","Sports & Outdoors",414795,813628000273,00813628000273,0813628000273,"N/A","Night Vision Monoculars",83,85.97,-11,10,5,-77,898.86,439.23,41,4,"Amazon","N/A",8,265,-22,"Large Standard-Size",6.73,9.84,10.16,1.43,"N/A","N/A","11/30/2025",71,6,2,0.25
"https://amazon.com/dp/B0DRY32NSR","https://m.media-amazon.com/images/I/61iiyZEdpaL._SX450_.jpg","B0DRY32NSR","Dummy GPNVG 18 NVG Model, Night Vision Goggles Model Head Mounted for Tactical Helmet NVG Mount Airsoft Hunting Cosplay Display Movie Props-No Function (Upgraded GPNVG18 Model, Black)","Zhongren","FBA","Sports & Outdoors",415552,"N/A","N/A","N/A","N/A","Night Vision Binoculars & Goggles",246,38.99,-23,12,1,57,414.38,27.98,12,4.5,"Zhongren-us","China",1,184,"N/A","Large Standard-Size",7.87,5.91,3.94,0.66,92.17,254.27,"09/30/2024",14,8,6,0.98
"https://amazon.com/dp/B0DFW88HMH","https://m.media-amazon.com/images/I/71FQAR2rEML._SX450_.jpg","B0DFW88HMH","3D VR Night Vision Goggles,8K UHD Night Vision Binoculars for Adults, Auto Wake and Seamless 3D Integration Tech,Infrared Goggles, Rechargeable with 8K Photo & 4K Video,(64 TF Card)","Dsoon","FBA","Sports & Outdoors",417012,"N/A","N/A","N/A","N/A","Night Vision Binoculars & Goggles",245,139.99,-42,7,5,-76,1037.27,744.62,33,4.4,"KARU AETO","China",1,0,"N/A","Large Standard-Size",4.06,10.79,10.91,2.54,240.63,663.8,"11/30/2025",17,7,2,0.22
"https://amazon.com/dp/B0DGSZ6B6V","https://m.media-amazon.com/images/I/611b2K-ESPL._SX450_.jpg","B0DGSZ6B6V","Airsoft Tactical PVS15 Night Vision Goggles Dummy Binoculars with Helmet Mount No Function NVG Model for Tactical Decoration and Props(Black)","Hdlsina","FBA","Sports & Outdoors",417642,"N/A","N/A","N/A","N/A","Night Vision Binoculars & Goggles",247,45.98,-17,3,1,86,151.27,66.88,4,5,"jadedragon","China",1,139,"N/A","Large Standard-Size",9.06,5.51,3.54,1.3,89.04,245.62,"09/30/2025",18,7,2,0.82
"https://amazon.com/dp/B0CP21V1Q5","https://m.media-amazon.com/images/I/61bxdyy7WrL._SX450_.jpg","B0CP21V1Q5","JFFCESTORE PVS15/18 GPNVG18 Night Vision Goggles Mount and Airsoft Tactical Helmet Counterweight NVG Pouch Counterbalance Weight Bag (TAN/CAMO Counterbalance Weight Bag)","JFFCESTORE","FBA","Sports & Outdoors",420103,"N/A","N/A","N/A","N/A","Night Vision Binoculars & Goggles",360,15.98,-49,4,1,375,64.9,23.48,1,4,"JFFCESTORE","China",1,12,-73,"Large Standard-Size",6.8,3.5,4.33,0.5,51.88,143.13,"03/31/2024",32,7,3,4.06
"https://amazon.com/dp/B0DZ2799GT","https://m.media-amazon.com/images/I/519u-t7-riL._SX450_.jpg","B0DZ2799GT","MUM/GT-14 Binocular Bridge System NVG Mount Base， Night Vision Adapter Goggles，Versatile Modular Helmet Mount，for PVS-14 Night Vision Monocular Or Dual Binoculars，Lightweight Aluminium","ORPUNA","FBM","Sports & Outdoors",420699,"N/A","N/A","N/A","N/A","Night Vision Binoculars & Goggles",247,189.99,-1,1,1,,262.36,136.72,1,5,"aopn optics","China",1,21,"N/A","N/A","N/A","N/A","N/A","N/A","N/A","N/A","09/30/2025",12,6,2,1.39
"https://amazon.com/dp/B0C467Z5YL","https://m.media-amazon.com/images/I/41A1ZcJupJL._SX450_.jpg","B0C467Z5YL","E.T Dragon NVG Mount Night Vision Goggles PVS 14 J Arm Metal Helmet Mount Rhino Mount Compatible with All Models of PVS14","E.T Dragon","FBA","Sports & Outdoors",420866,734134183543,"N/A",0734134183543,"N/A","Night Vision Binoculars & Goggles",249,98.99,-25,3,3,-107,292.18,292.06,17,3.4,"AIMGEAR HUNTINGNSPORTING STORE","China",1,74,-57,"Large Standard-Size",2.52,3.62,5,0.73,22.96,63.35,"10/31/2024",34,7,0,0.17
"https://amazon.com/dp/B0DLPHQRHX","https://m.media-amazon.com/images/I/81zLbquiJQL._SX450_.jpg","B0DLPHQRHX","Pulsar Axion XQ35 Compact Thermal Imaging Monocular","Pulsar","FBM","Sports & Outdoors",422629,840284901996,"N/A",0840284901996,"N/A","Night Vision Monoculars",83,2499.99,-26,23,3,-80,40480.61,7581.2,5,4.6,"FLORIDA PRIME RETAIL","USA",1,421,"N/A","Large Standard-Size",4.61,9.41,12.52,1.72,"N/A","N/A","11/30/2025",16,8,3,4.53
"https://amazon.com/dp/B0D1TWLFMH","https://m.media-amazon.com/images/I/51E2fi7YcoL._SX450_.jpg","B0D1TWLFMH","Zhongren Dummy Tactical AN/PVS31 Model, Dummy Night Vision Goggles for Tactical Helmet NVG Mount Airsoft Cosplay Display Movie Props-No Function (AN/PVS31 Model, Black)","Zhongren","FBA","Sports & Outdoors",423814,"N/A","N/A","N/A","N/A","Night Vision Binoculars & Goggles",250,34.99,-32,12,2,57,414.38,83.61,12,4.5,"Zhongren-us","China",1,184,"N/A","Large Standard-Size",3.9,5,6.69,0.75,65.68,181.19,"09/30/2024",23,8,6,0.98
"https://amazon.com/dp/B0D1TYFPTV","https://m.media-amazon.com/images/I/51b1EpYPXwL._SX450_.jpg","B0D1TYFPTV","Zhongren Dummy GPNVG 18 NVG Model, Night Vision Goggles Model Head Mounted for Tactical Helmet NVG Mount Airsoft Hunting Cosplay Display Movie Props-No Function (GPNVG18 Model, Black)","Zhongren","FBA","Sports & Outdoors",423814,"N/A","N/A","N/A","N/A","Night Vision Binoculars & Goggles",250,32.99,-25,12,3,57,414.38,98.55,1,4,"Zhongren-us","China",1,184,"N/A","Large Standard-Size",9,5.7,3.8,1,98.15,270.75,"09/30/2024",23,8,6,11.76
"https://amazon.com/dp/B0DYTYPR75","https://m.media-amazon.com/images/I/41fJ8u+Hg6L._SX450_.jpg","B0DYTYPR75","Zhuluck Infrared Night Vision Glasses - UV Protection Driving Glasses, Adjustable Thermal Imaging Eyewear, Night Vision IR Glasses For Outdoor Riding","Zhuluck","FBA","Sports & Outdoors",425322,"N/A","N/A","N/A","N/A","Night Vision Binoculars & Goggles",251,6.99,-35,19,19,-36,131.2,130.9,10,2.8,"ZHUHUAHUA","China",1,0,"N/A","Large Standard-Size",2.2,3.9,7.52,0.07,32.53,89.75,"11/30/2025",13,9,0,2.34
"https://amazon.com/dp/B0CPN38V6B","https://m.media-amazon.com/images/I/31wiu5Po6wL._SX450_.jpg","B0CPN38V6B","Armasight Sidekick 640 Mini Thermal Monocular with Armacore 640 Thermal Core, 3-Button Control, Compass, and Image Detail Enhancement (Gray)","Armasight","FBM","Sports & Outdoors",425411,810081911672,"N/A",0810081911672,"N/A","Night Vision Monoculars",85,2498.3,-39,7,7,-59,17339.66,17339.53,20,3.9,"17Photo, Electronics and Outdoors","USA",5,211,-2,"Large Standard-Size",4.41,5.51,10,1.46,"N/A","N/A","10/31/2024",27,6,0,0.35
"https://amazon.com/dp/B0D1TTPV4J","https://m.media-amazon.com/images/I/41kD8Lvj5mL._SX450_.jpg","B0D1TTPV4J","Zhongren Dummy GPNVG 18 NVG Model, Night Vision Goggles Model Head Mounted for Tactical Helmet NVG Mount Airsoft Hunting Cosplay Display Movie Props-No Function (GPNVG18 Model, Tan)","Zhongren","FBM","Sports & Outdoors",425780,"N/A","N/A","N/A","N/A","Night Vision Binoculars & Goggles",251,34.99,-34,12,2,57,414.38,86.63,12,4.5,"Zhongren-us","China",1,184,"N/A","Large Standard-Size",9,5.7,3.8,1,"N/A","N/A","09/30/2024",23,8,6,0.98
"https://amazon.com/dp/B0GGB98CFR","https://m.media-amazon.com/images/I/71MjnAQEM8L._SX450_.jpg","B0GGB98CFR","Night Vision Goggles 1080P, Digital Night Vision Binoculars with 2.8” IPS Screen, 10X Zoom, Infrared Night Vision up to 2624ft, Rechargeable Night Vision Device for Camping, Wildlife Observation","Generic","FBA","Sports & Outdoors",426643,"N/A","N/A","N/A","N/A","Night Vision Binoculars & Goggles",255,33.69,-65,20,20,,673.5,673.25,4,2.9,"TiKiFuture","N/A",2,0,"N/A","N/A","N/A","N/A","N/A","N/A","N/A","N/A","02/28/2026",2,8,0,5.03
"https://amazon.com/dp/B0DWSF2TT3","https://m.media-amazon.com/images/I/51Vgfg-9KdL._SX450_.jpg","B0DWSF2TT3","Fishing Binocular Glasses, 3X Portable Scope and Glasses, Yellow Filter Independently Manual Focusing Fishing Scope Glasses","Dpofirs","FBA","Sports & Outdoors",426655,"N/A","N/A","N/A","N/A","Night Vision Binoculars & Goggles",254,18.25,-38,8,8,-33,112.69,112.53,1,5,"Xinxakk","China",2,0,"N/A","Large Standard-Size",2.87,2.95,6.93,0.24,29.61,81.67,"01/31/2026",13,8,0,7.58
"https://amazon.com/dp/B0DPKY3PC6","https://m.media-amazon.com/images/I/815fzDqgVdL._SX450_.jpg","B0DPKY3PC6","Night Vision Goggles - 4K Night Vision Binoculars for Adults, 5000mAh Rechargeable Infrared Binoculars with 3'' HD Screen, 32GB MicroSD Card Included, Ideal for Camping & Adventure, Black","CFEIXIN","FBM","Sports & Outdoors",428980,"N/A","N/A","N/A","N/A","Night Vision Binoculars & Goggles",255,49.99,-91,6,6,42,308.28,308.19,51,4,"PianGuanJianCi","N/A",1,474,"N/A","Large Standard-Size",3.03,6.54,8.31,1.41,"N/A","N/A","10/31/2025",14,6,0,0.11
"https://amazon.com/dp/B0DDXKVLGG","https://m.media-amazon.com/images/I/71QX5gry1lL._SX450_.jpg","B0DDXKVLGG","i4SEE M25-384 Thermal Imaging Monocular for Hunting, 10mm Focal Lens 384x288(50Hz) Infrared Night Vision Telescope with Long Battery Life Up to 10 Hours, Thermal Scopes for Outdoor Night Vision","i4SEE","FBA","Sports & Outdoors",429268,"N/A","N/A","N/A","N/A","Night Vision Monoculars",86,699.99,-39,4,2,19,2263.99,1532.4,25,3.6,"i4see","USA",1,126,"N/A","Large Standard-Size",11.81,7.09,6.69,2.78,282.03,778.02,"10/31/2024",18,6,2,0.18
"https://amazon.com/dp/B0DQ7YG36P","https://m.media-amazon.com/images/I/71Zc3ZYjI+L._SX450_.jpg","B0DQ7YG36P","seanme Night Vision Goggles with Camera, 4K Night Vision Binoculars for Adults, 3280FT Infrared, 3"" Large Screen, 8X Digital Zoom, 5000 mAh Battery and 32GB Memory Card for Saving Photos and Videos","seanme","FBA","Sports & Outdoors",430717,"N/A","N/A","N/A","N/A","Night Vision Binoculars & Goggles",255,79.99,154,1,1,-57,82.13,82.07,77,4.3,"seanme","China",1,666,"N/A","Large Standard-Size",3.62,7.83,8.11,2.54,115.74,319.27,"11/30/2025",14,7,2,0.01
"https://amazon.com/dp/B0BNJQFB5V","https://m.media-amazon.com/images/I/61--dWFkv-L._SX450_.jpg","B0BNJQFB5V","Sehnsucht Night Driving Glasses for Women Polarized Anti Glare,Stylish Oversized Night Vision Glasses,Day & Night Sunglasses 8004 Purple","Sehnsucht","FBA","Sports & Outdoors",433816,"N/A","N/A","N/A","N/A","Night Vision Binoculars & Goggles",259,7.99,"N/A",2,0,-55,19.65,"-",58,4.2,"Sehnsucht Glasses","China",0,42,-35,"Large Standard-Size",2.17,2.64,7.13,0.18,20.56,56.73,"07/31/2025",40,7,3,0.04
"https://amazon.com/dp/B0BR39JWFC","https://m.media-amazon.com/images/I/71vEIAGLoiL._SX450_.jpg","B0BR39JWFC","Bozily Night Vision Goggles, 4.5'' HD Screen 4K Night Vision Binoculars, 4000mAH Rechargeable 7 Levels Infrared Binoculars for Adults with 8X Digital Zoom/32GB TF Card for Camping Wild Explore","Bozily","FBA","Sports & Outdoors",433933,771077803374,"N/A",0771077803374,"N/A","Night Vision Binoculars & Goggles",259,56.99,-4,8,8,-86,439.83,439.68,112,4.2,"CozionUS","China",1,170,-72,"Large Standard-Size",3.5,7.17,9.61,1.79,121.42,334.95,"11/30/2024",39,7,0,0.07
"https://amazon.com/dp/B0C5DD963Y","https://m.media-amazon.com/images/I/61GAFe656rL._SX450_.jpg","B0C5DD963Y","oneleaf.ai Find NV200 LRF 50mm 4K Digital Day/Night Vision Binoculars with Laser Rangefinder","oneleaf.ai","FBA","Sports & Outdoors",435998,"N/A","N/A","N/A","N/A","Night Vision Binoculars & Goggles",251,599.99,-18,5,5,114,2828.91,2828.78,5,4.7,"Akk Technology Inc","Hong Kong",1,59,-17,"Large Standard-Size",3.54,10.24,11.42,3.8,208.49,575.15,"10/31/2024",34,7,0,0.94
"https://amazon.com/dp/B0G349P6M2","https://m.media-amazon.com/images/I/71bzhbaB0eL._SX450_.jpg","B0G349P6M2","4K Night Vision Binoculars with Range Finder for Adults – Infrared Night Vision Goggles with 8× Zoom, 36MP Photo & 4K Video Recording – for Hunting, Camping, Wildlife & Home Security","Wurapl","FBA","Sports & Outdoors",437461,741050718827,"N/A",0741050718827,"N/A","Night Vision Binoculars & Goggles",262,108,-28,4,4,,401.5,401.46,20,4.3,"PUDAQ-US","China",1,0,"N/A","Large Standard-Size",3.11,6.1,7.99,1.28,76.32,210.53,"01/31/2026",4,7,0,0.19
"https://amazon.com/dp/B0CN4DZLZL","https://m.media-amazon.com/images/I/51R9SCsDksL._SX450_.jpg","B0CN4DZLZL","SOXICK Night Vision Glasses for Driving, Polarized Sunglasses Anti Glare for Men (Gunmetal Gray)","SOXICK","FBA","Sports & Outdoors",437479,797434723093,"N/A",0797434723093,"N/A","Night Vision Binoculars & Goggles",252,38.68,-7,4,2,100,152.26,67.97,6,4.2,"HURhome","China",1,52,-24,"Large Standard-Size",6.5,2.56,2.36,0.26,19.77,54.54,"11/30/2024",28,1,5,0.65
"https://amazon.com/dp/B0G8D97YJY","https://m.media-amazon.com/images/I/81M3LVursHL._SX450_.jpg","B0G8D97YJY","Handheld Night Vision Monocular with 2"" HD Screen - 800M Detection Range, 5W IR, 10X Zoom for Camping Hunting & Wildlife Observation, Includes Compass & Supports TF Card","Generic","FBM","Sports & Outdoors",439613,"N/A","N/A","N/A","N/A","Night Vision Monoculars",89,30.39,30,2,2,,58.11,58.01,"N/A","N/A","xunyhe","China",1,0,"N/A","N/A","N/A","N/A","N/A","N/A","N/A","N/A","12/31/2025",3,9,0,"N/A"
"https://amazon.com/dp/B0FM8HD86N","https://m.media-amazon.com/images/I/61vXFYbHiSL._SX450_.jpg","B0FM8HD86N","BETTITOPE BS02-13 Thermal Imaging Monocular, 256 x 192 IR Resolution, 13mm Lens 50Hz Thermal Night Vision, Supports Wireless Connections, IP66 Thermal Imaging Camera","BETTITOPE","FBA","Sports & Outdoors",441133,"N/A","N/A","N/A","N/A","Night Vision Monoculars",91,369,-29,12,12,-23,4523.87,4523.76,3,5,"BETTITOPE US","China",1,0,"N/A","Large Standard-Size",2.64,6.02,7.56,1.7,60.49,166.87,"11/30/2025",7,9,0,4.07
"https://amazon.com/dp/B0D1TXNPF7","https://m.media-amazon.com/images/I/616zRc1yDYL._SX450_.jpg","B0D1TXNPF7","Zhongren Dummy Tactical AN/PVS31 Model, Dummy Night Vision Goggles for Tactical Helmet NVG Mount Airsoft Cosplay Display Movie Props-No Function (AN/PVS31 Model, Tan)","Zhongren","FBM","Sports & Outdoors",443576,"N/A","N/A","N/A","N/A","Night Vision Binoculars & Goggles",257,34.99,-27,12,3,57,414.38,88.38,10,5,"Zhongren-us","China",1,184,"N/A","Large Standard-Size",6.7,5.2,3.8,0.77,"N/A","N/A","09/30/2024",23,9,6,1.18
"https://amazon.com/dp/B0G76F8PQZ","https://m.media-amazon.com/images/I/71JCZQiCnYL._SX450_.jpg","B0G76F8PQZ","2026 New Compact 4K Night Vision Goggles with Rechargeable Battery,TF Card for Save Photo&Video,3 inch HD Display Screen Lightweight 10x Night Vision Binocular for Hunting Camping&Security-Green","YINMONE","FBA","Sports & Outdoors",444255,"N/A","N/A","N/A","N/A","Night Vision Binoculars & Goggles",266,39.99,-43,4,4,,183.96,183.88,10,4.1,"Meishan Yuyan Optical technology Co.,ltd","N/A",1,0,"N/A","Large Standard-Size",2.87,6.46,7.95,1.15,74.21,204.71,"12/31/2025",3,9,0,0.4
"https://amazon.com/dp/B0CPLT93TP","https://m.media-amazon.com/images/I/61Mi1J+KCxL._SX450_.jpg","B0CPLT93TP","CANIS SPORT INC M24 Double Dovetail Slot Mount Adapter-Reconnaissance Helmet Mount Fit for Night Vision M250","CANIS SPORT INC","FBM","Sports & Outdoors",444272,714855164021,"N/A",0714855164021,"N/A","Night Vision Binoculars & Goggles",265,69.99,"N/A",0,0,,"-","-",7,3.4,"CANIS SPORT INC","China",1,38,-33,"Large Standard-Size",5,3,2,0.3,"N/A","N/A","08/31/2024",27,9,0,0
"https://amazon.com/dp/B0CM9GZQDR","https://m.media-amazon.com/images/I/51-g2zz6QhL._SX450_.jpg","B0CM9GZQDR","SOXICK Night Vision Glasses for Driving, Polarized Sunglasses for Men, Anti Glare (Black)","SOXICK","FBA","Sports & Outdoors",445711,797434722942,"N/A",0797434722942,"N/A","Night Vision Binoculars & Goggles",266,38.68,-39,4,2,50,137.81,60.63,6,4.2,"HURhome","China",1,53,-22,"Large Standard-Size",6.5,2.56,2.36,0.37,19.77,54.54,"11/30/2024",28,1,5,0.59
"https://amazon.com/dp/B08LH447TS","https://m.media-amazon.com/images/I/61Ejli-D99L._SX450_.jpg","B08LH447TS","Night Vision Goggles, 984ft Digital Infrared Night Vision Binoculars with Camera, Head or Helmet Mounted, Tech Gifts for Men, NVG Goggles for Camping Hunting & Security","GTMEDIA","FBA","Sports & Outdoors",446167,791727533901,"N/A",0791727533901,"N/A","Night Vision Binoculars & Goggles",268,118.99,-39,56,56,106,6658.64,6657.98,29,4.1,"GTmedia","China",1,0,"N/A","Large Standard-Size",4.09,8.03,11.06,1.87,183.17,505.28,"02/28/2026",10,8,2,1.93
"https://amazon.com/dp/B0BXWBQM5T","https://m.media-amazon.com/images/I/51ouBkhGsML._SX450_.jpg","B0BXWBQM5T","PARD USA Digital Night Vision Riflescope 50mm Lens, 2560x1440 0.001lux CMOS, World-First 800x800 Circular Display, 1200m LRF Ballistic Calculator, 350m Range IP67 Wi-Fi, DS35-LRF","Pard","FBA","Sports & Outdoors",446939,850042449608,"N/A",0850042449608,"N/A","Rifle Scopes",1084,499,-10,7,7,,3596.41,3596.26,6,3.7,"PARD USA LLC","USA",1,8,300,"Large Standard-Size",4.2,4.8,15.6,3.35,158.34,436.8,"02/28/2026",30,4,0,1.2
"https://amazon.com/dp/B0CPV9ZL6T","https://m.media-amazon.com/images/I/41-3wkk+4WL._SX450_.jpg","B0CPV9ZL6T","BESTSIGHT Battery 1 pc Indicator + 3pcs Battery(Red Color) Night Vision+1pc Pink Color for Pard Night Vision","BESTSIGHT","FBA","Sports & Outdoors",447887,"N/A","N/A","N/A","N/A","Night Vision Monoculars",81,29.99,-20,4,4,-98,109.51,109.41,11,5,"Bestsight Outdoor","China",1,198,"N/A","Large Standard-Size",3.07,3.82,5.24,0.6,30.94,85.35,"11/30/2024",76,1,0,0.37
"https://amazon.com/dp/B00OGSBM9K","https://m.media-amazon.com/images/I/41Fs4qWM02L._SX450_.jpg","B00OGSBM9K","ITT Dual Battery Cartridge Assembly","ITT","FBA","Sports & Outdoors",449525,852671081266,"N/A",0852671081266,"N/A","Night Vision Monoculars",90,74.99,-12,2,2,,172.31,172.22,4,4.7,"KD Sporting Group","USA",3,12,"N/A","Large Standard-Size",1.02,2.95,3.54,0.02,5.39,14.87,"06/30/2024",137,1,0,0.57
"https://amazon.com/dp/B08BTYNMDX","https://m.media-amazon.com/images/I/51H6AQwF5FL._SX450_.jpg","B08BTYNMDX","DIY 720p Digital Video Recording Hunting Night Vision Rifle Scope Monocular Camera VCR with LCD Display, 850nm Infrared IR Flashlight for Tactical Hunting (MicroSD Card & Battery NOT Included)","megaorei","FBA","Sports & Outdoors",461459,"N/A","N/A",8424511631409,"N/A","Night Vision Monoculars",91,89,114,5,5,59,424.97,424.89,172,3.9,"NightCrystal Store","China",1,221,-27,"Large Standard-Size",3.9,5.67,8.07,2.03,89.79,247.7,"10/31/2024",69,9,0,0.03
"https://amazon.com/dp/B0FF1NTHKJ","https://m.media-amazon.com/images/I/61kXKId8GcL._SX450_.jpg","B0FF1NTHKJ","Tactical Night Vision Goggles GPNVG18 Model, Four-Tube Binocular Night Vision Goggles Model for CS Game and Cosplay Prop, No Function (Tan)","Fucellveca","FBM","Sports & Outdoors",463660,743636581269,"N/A",0743636581269,"N/A","Night Vision Binoculars & Goggles",281,52,"N/A",0,0,-100,"-","-","N/A","N/A","GF Technology","China",1,0,"N/A","N/A","N/A","N/A","N/A","N/A","N/A","N/A","11/30/2025",9,7,2,"N/A"
"https://amazon.com/dp/B0FFSB615H","https://m.media-amazon.com/images/I/71ps+dWbVyL._SX450_.jpg","B0FFSB615H","Night Vision Goggles, 4K Full-Color autofocus Night Vision Binoculars for Adults,Large-Capacity Rechargeable Battery with 32GB TF Card, 20X Digital Zoom，Suitable for Camping & Fishing","AYAYI","FBA","Sports & Outdoors",463822,"N/A","N/A","N/A","N/A","Night Vision Binoculars & Goggles",281,159,-42,9,3,129,1090.44,411.1,9,4.1,"AYAYI","China",1,0,"N/A","Large Standard-Size",3.43,7.83,8.39,2.38,113.45,312.96,"02/28/2026",9,9,3,1.03
"https://amazon.com/dp/B0F93SMJLJ","https://m.media-amazon.com/images/I/511JADsIQIL._SX450_.jpg","B0F93SMJLJ","NUOBESTY Digital Night Vision Telescope Monocular High Definition Scope for Adults Bird Watching Men","NUOBESTY","FBM","Sports & Outdoors",463997,"N/A","N/A","N/A","N/A","Night Vision Monoculars",85,14.99,-4,0,0,-100,"-","-","N/A","N/A","Sarah Zou","China",1,0,"N/A","Large Standard-Size",7.87,3.94,3.94,0.6,"N/A","N/A","12/31/2025",10,9,0,"N/A"
"https://amazon.com/dp/B0DLBKYWNX","https://m.media-amazon.com/images/I/618LRdIskNL._SX450_.jpg","B0DLBKYWNX","Tactical Night Vision Goggles Model PVS15 with Adjustable Helmet Mount for Cosplay and Display, No Function (Black)","Gayontech","FBA","Sports & Outdoors",464643,724156209239,"N/A",0724156209239,"N/A","Night Vision Binoculars & Goggles",275,45.99,-67,4,4,,187.57,187.5,24,3.8,"GayongStore","China",1,0,"N/A","Large Standard-Size",3.46,5.47,7.17,0.86,68.32,188.47,"02/28/2026",17,7,0,0.17
"https://amazon.com/dp/B0DGT9WM5P","https://m.media-amazon.com/images/I/81i+bA7GmHL._SX450_.jpg","B0DGT9WM5P","ESSLNB Night Vision Monocular, 6x32 Night Vision Infrared Monocular, Portable Digital Night Vision Scopes for Day & Night Camping, Surveillance, 1080P Full HD Photo & Video","ESSLNB","FBA","Sports & Outdoors",465162,"N/A","N/A","N/A","N/A","Night Vision Monoculars",93,107.99,-12,3,3,-96,327.89,327.79,187,4.1,"ESSLNB","China",1,0,"N/A","Large Standard-Size",3.11,5.59,8.86,1.12,77.55,213.93,"11/30/2025",18,9,3,0.02
"https://amazon.com/dp/B0DMQCPT4V","https://m.media-amazon.com/images/I/81V-tQ8x2-L._SX450_.jpg","B0DMQCPT4V","Barska NV-1 Digital Night Vision Monocular – Compact Infrared Scope for Day & Night Use – HD Photo/Video, Rechargeable Battery, USB/Micro SD Compatible","Barska","FBM","Sports & Outdoors",465453,790272008605,00790272008605,0790272008605,"N/A","Night Vision Monoculars",94,34.81,-36,0,0,-133,"-","-",5,2.9,"UnbeatableSale Local","USA",4,68,"N/A","Large Standard-Size",2.95,3.98,6.67,0.81,"N/A","N/A","09/30/2025",16,7,0,0
"https://amazon.com/dp/B0D83YFG1Y","https://m.media-amazon.com/images/I/81K9Yr1MqdL._SX450_.jpg","B0D83YFG1Y","PINTY Night Vision Goggles, 4K UHD Digital Vision Scope with 5X Zoom 5000 mAh Rechargeable Battery, 4 in. Photo & Video Recorder with 32GB Storage Card for Day & Night Time Hunting Birdwatching","Pinty","FBM","Sports & Outdoors",465518,"N/A","N/A","N/A","N/A","Night Vision Binoculars & Goggles",274,69.99,-60,2,2,-12,165.52,165.43,54,4.1,"CHToutdoors","Hong Kong",1,113,"N/A","Large Standard-Size",3.9,8.15,10.35,3.64,"N/A","N/A","11/30/2024",21,7,0,0.04
"https://amazon.com/dp/B0B7CG8VVQ","https://m.media-amazon.com/images/I/61yBj9UphCL._SX450_.jpg","B0B7CG8VVQ","Pulsar Merger LRF XP50 Thermal Imaging Binoculars with Laser Range Finder","Pulsar","FBM","Sports & Outdoors",467569,840284900258,00840284900258,0840284900258,"N/A","Night Vision Binoculars & Goggles",275,4999,-27,28,5,-92,132186.13,27539.4,17,4.4,"EuroOptic (✅ Authorized Dealer ✅ Fastest Shipping)","USA",2,328,10,"Large Standard-Size",3.82,7.6,11.81,4.23,"N/A","N/A","12/31/2025",44,9,5,1.64
"https://amazon.com/dp/B0DDPV7V4N","https://m.media-amazon.com/images/I/71DLZ-Lp7XL._SX450_.jpg","B0DDPV7V4N","LVIOE Night Vision Driving Glasses Fit Over Prescription Glasses, Wrap Around Nighttime Anti Glare Polarized N4203","LVIOE","FBA","Sports & Outdoors",468386,"N/A","N/A","N/A","N/A","Sports Sunglasses",3094,12.91,"N/A",6,0,-108,53.33,"-",75,4.2,"LVIOE Vision","China",0,520,"N/A","Large Standard-Size",0.79,0.79,3.94,0.07,1.23,3.39,"11/30/2024",19,6,27,0.08
"https://amazon.com/dp/B0CRKXB2NV","https://m.media-amazon.com/images/I/61obmTMI5KL._SX450_.jpg","B0CRKXB2NV","ATTCL HD Night Driving Glasses for Men - Anti Glare Yellow Lens, Clear Vision Reduces Headlight Glare Yellow Sunglasses 2238","ATTCL","FBA","Sports & Outdoors",471470,"N/A","N/A","N/A","N/A","Night Vision Binoculars & Goggles",280,26.98,-16,36,5,49,961.68,129.67,286,4.4,"ATTCL-USA","China",1,930,-7,"Large Standard-Size",2.64,3.11,6.77,0.31,27.99,77.2,"05/31/2024",26,8,7,0.12
"https://amazon.com/dp/B0FHWVJ38L","https://m.media-amazon.com/images/I/81IG8MybeQL._SX450_.jpg","B0FHWVJ38L","Oaktiv Night Vision Goggles for Adults with 64GB Card – 8X Zoom, IR Flashlight, 48MP Camera, USB-C, Waterproof Design, 10,000mAh Battery","Oaktiv","FBM","Sports & Outdoors",473455,850060559242,"N/A",0850060559242,"N/A","Night Vision Binoculars & Goggles",285,119.99,-9,3,3,100,386.61,386.54,26,4.6,"Oaktiv","USA",1,0,"N/A","Large Standard-Size",10.62,8.46,3.77,3.85,"N/A","N/A","10/31/2025",8,8,0,0.1
"https://amazon.com/dp/B0DCDTXXDM","https://m.media-amazon.com/images/I/61IpB5nmaXL._SX450_.jpg","B0DCDTXXDM","CANIS SPORT INC New Reinforced Upgraded Version Night Vision Bridge with Adjustable Field of View for pvs14 Support 2 Optical Night Visions or 1 Digital Night Vision (British Standard) (TAN)","CANIS SPORT INC","FBA","Sports & Outdoors",474461,085353293149,"N/A",0085353293149,"N/A","Night Vision Binoculars & Goggles",284,22.99,-44,8,8,107,181.01,180.84,2,3,"CANIS SPORT INC","China",1,0,"N/A","Large Standard-Size",2.05,3.19,4.21,0.29,13.86,38.24,"01/31/2026",19,7,0,3.95
"https://amazon.com/dp/B0C8ZQNMX7","https://m.media-amazon.com/images/I/61lno40nM3L._SX450_.jpg","B0C8ZQNMX7","Pulsar Merger LRF XL50 Thermal Imaging Binoculars with Laser Range Finder","Pulsar","FBM","Sports & Outdoors",475106,840284900265,00840284900265,0840284900265,"N/A","Night Vision Binoculars & Goggles",282,7749,12,28,2,-92,132186.13,19203.69,17,4.4,"EuroOptic (✅ Authorized Dealer ✅ Fastest Shipping)","USA",1,328,10,"Large Standard-Size",5.39,9.76,14.33,4.3,"N/A","N/A","12/31/2025",33,9,5,1.64
"https://amazon.com/dp/B0CP2YPFLJ","https://m.media-amazon.com/images/I/31EdOoeDq6L._SX450_.jpg","B0CP2YPFLJ","Firefield Hexcore HD Night Vision Binocular 1-3x","Firefield","Amazon","Sports & Outdoors",477281,840284900043,00840284900043,0840284900043,"N/A","Binoculars",1111,183.5,-2,4,4,-83,819.33,819.2,5,4.6,"Amazon","N/A",5,161,81,"Large Standard-Size",3.54,7.4,12.99,2.11,"N/A","N/A","11/30/2024",28,7,0,0.76
"https://amazon.com/dp/B01KMKUNCW","https://m.media-amazon.com/images/I/31gehi-PpKL._SX450_.jpg","B01KMKUNCW","Superior Tactical ST MILSPEC U.S. Army PVS-14 and PVS-7 J-Arm","Superior Tactical","FBM","Sports & Outdoors",477704,671495073918,"N/A",0671495073918,"N/A","Night Vision Binoculars & Goggles",286,19.99,-34,14,14,39,290.2,289.94,23,3.7,"superiortac","USA",1,115,-11,"Large Standard-Size",1.34,3.66,4.72,0.12,"N/A","N/A","10/31/2024",115,3,0,0.63
"https://amazon.com/dp/B0G2M4NRP7","https://m.media-amazon.com/images/I/612fFkwZ-sL._SX450_.jpg","B0G2M4NRP7","Owlnv 4K Night Vision Scope w/ 940 nm IR (Stealth), True 4K CMOS, 1200 yd Rangefinder + B.C Function, 4–22.4× Zoom, Wi‑Fi, IP67, Silent Lens Cap L3-Plus","OWLNV","FBA","Sports & Outdoors",477722,"N/A","N/A","N/A","N/A","Night Vision",390,699.89,-55,7,2,,4741.04,1527.57,3,5,"Owlnv","China",1,0,"N/A","Large Standard-Size",11.1,3,2.2,1.3,36.88,101.75,"02/28/2026",4,15,2,2.26
"https://amazon.com/dp/B0GPSZR571","https://m.media-amazon.com/images/I/31aG0zzR2XL._SX450_.jpg","B0GPSZR571","Owlnv Night Vision Rifle Scope with Rangefinder, Day/Night Digital Optic, HD CMOS, Variable Zoom, Wi-Fi, IP67 Waterproof – for Hunting & Outdoor Use","OWLNV","FBA","Sports & Outdoors",477745,"N/A","N/A","N/A","N/A","Night Vision",390,699.98,"N/A",7,0,,4741.04,"-",3,5,"Owlnv","China",0,0,"N/A","N/A","N/A","N/A","N/A","N/A","N/A","N/A","02/28/2026",1,15,2,2.26
"https://amazon.com/dp/B0CLXH4P58","https://m.media-amazon.com/images/I/71nkY6K-TNL._SX450_.jpg","B0CLXH4P58","Teslong 2 in 1 Thermal Monocular 256x192, 11mm Focal Lens Thermal Imaging Camera with 3.5 Inch Screen for Hunting, Outdoor Camping, Travel, Inspection for Circuit Break, Leak","Teslong","FBA","Sports & Outdoors",478103,"N/A","N/A","N/A","N/A","Night Vision Monoculars",98,569.99,-30,8,8,-71,4454.02,4453.82,21,4.4,"Teslong","China",1,169,41,"Large Standard-Size",9.49,4.28,2.76,1.43,56.44,155.7,"09/30/2024",23,9,0,0.37
"https://amazon.com/dp/B0CKS84Z4L","https://m.media-amazon.com/images/I/71nOIDHmhiL._SX450_.jpg","B0CKS84Z4L","AGM Global Vision Wolf-7 Pro NW1 – Night Vision Goggle with Gen 2+ ""Level 1"" P45 White Phosphore Night Vision Binoculars, nvg, nv Googles IR Illuminator","AGM Global Vision","FBM","Sports & Outdoors",478627,850038039806,"N/A",0850038039806,"N/A","Night Vision Binoculars & Goggles",283,2630.75,-4,1,1,,4112.99,4112.93,"N/A","N/A","EuroOptic (✅ Authorized Dealer ✅ Fastest Shipping)","USA",3,11,120,"Large Standard-Size",6.46,9.33,10.67,4.63,"N/A","N/A","07/31/2025",29,4,0,"N/A"
"https://amazon.com/dp/B0D4RFW484","https://m.media-amazon.com/images/I/61jpgV-x3oL._SX450_.jpg","B0D4RFW484","TakLite IRIS Digital Night Vision Monocular | 1X PVS-14 Style | 940nm IR Illuminator | 60° FOV | OLED Display | Head-Mounted or Handheld | Hunters & Outdoor Use","TAKLITE","FBA","Sports & Outdoors",478715,642554861401,"N/A",0642554861401,"N/A","Night Vision Monoculars",99,139.94,-13,6,6,-60,657.45,657.28,26,4,"TakLite","USA",1,313,"N/A","Large Standard-Size",2.95,5.35,7.68,1.08,61.03,168.35,"05/31/2025",22,6,0,0.22
"https://amazon.com/dp/B0BNJQ7BWG","https://m.media-amazon.com/images/I/61--dWFkv-L._SX450_.jpg","B0BNJQ7BWG","Sehnsucht Night Driving Glasses for Women Polarized Anti Glare,Stylish Oversized Night Vision Glasses,Day & Night Sunglasses 8004 Black","Sehnsucht","FBA","Sports & Outdoors",482367,"N/A","N/A","N/A","N/A","Night Vision Binoculars & Goggles",292,7.99,-55,2,2,-55,19.65,19.58,58,4.2,"Sehnsucht Glasses","China",1,42,-35,"Large Standard-Size",2.17,2.64,7.13,0.18,20.56,56.73,"07/31/2025",40,7,3,0.04
"https://amazon.com/dp/B0DQSQRFSR","https://m.media-amazon.com/images/I/81TBaAvGaLL._SX450_.jpg","B0DQSQRFSR","Night Vision Goggles, 4K Night Vision Binoculars for Adults, 5000mAh Rechargeable Battery & 32 GB TF Card Infrared Binoculars with Camera, 3'' HD Screen, 8X Digital Zoom to 3280 Ft Clear View, Black","YKSLEMON","FBA","Sports & Outdoors",483611,"N/A","N/A","N/A","N/A","Night Vision Binoculars & Goggles",284,59.99,43,1,1,40,45.72,45.63,38,4.4,"SKYEYESSELL","China",1,534,"N/A","Large Standard-Size",3.5,7.91,8.11,2.56,113.04,311.84,"11/30/2025",10,8,2,0.02
"https://amazon.com/dp/B0D8V9ZFF9","https://m.media-amazon.com/images/I/51zDMe4odrL._SX450_.jpg","B0D8V9ZFF9","Fusion Thermal Vision & Digital Night Vision Goggle - Head & Helmet Mounted, Wide Viewing, 1x Lens, USB Rechargeable Infrared Thermal Heat Monocular NVG for CQB Airsoft, Tactical Training Tool/Toy","Night Operators","FBA","Sports & Outdoors",484204,721750326645,"N/A",0721750326645,"N/A","Night Vision Binoculars & Goggles",295,499,"N/A",4,4,,1892.83,1892.74,25,3.6,"Apex Curated","USA",1,63,"N/A","Large Standard-Size",3.62,6.3,7.52,1.72,86.35,238.2,"08/31/2024",20,7,0,0.15
"https://amazon.com/dp/B0777DN6BK","https://m.media-amazon.com/images/I/71UlrtFsbEL._SX450_.jpg","B0777DN6BK","Astromania Night Vision Binocular/Digital Infrared Night Vision Scope - Hunting IR Telescope with 2"" TFT LCD in-View,1300ft/400M Viewing Range,640x480p HD Photo Camera Video Recorder Display","Astromania","FBA","Sports & Outdoors",484733,"N/A","N/A",6971336220001,"N/A","Night Vision Binoculars & Goggles",286,189.99,-10,0,0,,"-","-",11,4.2,"Astromania Optics","China",1,2,-78,"Large Standard-Size",3.78,8.9,10.67,3,180.64,498.33,"08/31/2024",124,7,0,0
"https://amazon.com/dp/B0DFFM32N5","https://m.media-amazon.com/images/I/71fYQTEa52L._SX450_.jpg","B0DFFM32N5","3.5x32 Digital Night Vision Scope for 22lr Ruger 10/22 (MS-32)","Sniper","FBM","Sports & Outdoors",485137,"N/A","N/A","N/A","N/A","Night Vision Binoculars & Goggles",293,179.99,"N/A",2,2,,448.73,448.65,1,4,"WESTERN TACTICAL SUPPLY INC","USA",2,0,"N/A","Large Standard-Size",10,4,4,2,"N/A","N/A","01/31/2026",75,9,0,2.45
"https://amazon.com/dp/B0DHCJJF49","https://m.media-amazon.com/images/I/71HTDCZaX+L._SX450_.jpg","B0DHCJJF49","Night Vision Goggles,Pozifu 4K Night Vision Binoculars with 3.2"" HD Screen,8X Digital Zoom,64GB TF Card,5200mAh Battery for Hunting,Camping & Security (Black)","Pozifu","FBA","Sports & Outdoors",486224,"N/A","N/A","N/A","N/A","Night Vision Binoculars & Goggles",294,89.99,7,3,3,-90,266.16,265.97,48,4.4,"Goodogood","China",1,132,"N/A","Large Standard-Size",3.43,7.05,11.18,2.49,136.11,375.48,"11/30/2025",18,8,2,0.06
"https://amazon.com/dp/B0DB5HXBMK","https://m.media-amazon.com/images/I/516CLDiP68L._SX450_.jpg","B0DB5HXBMK","Night Vision Goggles,Head-Mounted Night Vision Goggles with Elastic Head Strap,4K Hd Infrared Waterproof with 8X Digital Zoom 1.4 in Hd Screen,3000mAh Rechargeable Lithium Battery for Camping (32GB)","EliteZ","FBA","Sports & Outdoors",490524,"N/A","N/A",6967707565789,"N/A","Night Vision Binoculars & Goggles",296,89.99,-65,8,2,,669.59,204.56,5,3.5,"EliteZ","China",2,45,"N/A","Large Standard-Size",6.69,4.72,1.97,1.02,31.32,86.4,"11/30/2024",20,9,2,1.69
"https://amazon.com/dp/B0DB5GS3FF","https://m.media-amazon.com/images/I/516CLDiP68L._SX450_.jpg","B0DB5GS3FF","Night Vision Goggles,Head-Mounted Night Vision Goggles with Elastic Head Strap,4K Hd Infrared Waterproof with 8X Digital Zoom 1.4 in Hd Screen,3000mAh Rechargeable Lithium Battery for Camping","EliteZ","FBA","Sports & Outdoors",490814,"N/A","N/A",6967707565772,"N/A","Night Vision Binoculars & Goggles",296,69.99,-67,8,6,,669.59,464.71,5,3.5,"EliteZ","China",2,45,"N/A","Large Standard-Size",5.91,5.91,3.15,0.98,55.39,152.81,"11/30/2024",20,9,2,1.69
"https://amazon.com/dp/B0BYHPZ564","https://m.media-amazon.com/images/I/611rTvZCTRL._SX450_.jpg","B0BYHPZ564","oneleaf.ai Commander NV100 HD Night Vision Goggle, Clip on Night Vision Monocular for Hunting/Observations- 16MM","oneleaf.ai","FBA","Sports & Outdoors",490898,"N/A","N/A","N/A","N/A","Monoculars",501,339.98,9,1,1,-104,366.55,366.52,130,4.2,"TEXAS TLC ENTERPRISE","USA",1,97,-86,"Large Standard-Size",2.8,5.12,9.88,1.81,71.31,196.72,"10/31/2024",36,7,0,0.01
"https://amazon.com/dp/B0CW65NQMN","https://m.media-amazon.com/images/I/51eaForBh1L._SX450_.jpg","B0CW65NQMN","Diopter Adjustment 300 Yards Rifle Scopes with Infrared Illuminator, 50MM Lens Hunting Range Finder Monocular, Ballistic Calculation,Night Vision Scope for Hunting, Adjustable Turrets","YWYLL","FBA","Sports & Outdoors",495548,"N/A","N/A","N/A","N/A","Night Vision Monoculars",99,359,-12,2,2,-62,564.72,564.62,10,3.8,"YWYLL","China",2,72,-32,"Large Standard-Size",4.53,3.94,12.6,3.86,113.06,311.9,"12/31/2024",26,7,0,0.16
"https://amazon.com/dp/B0DLKRNCDJ","https://m.media-amazon.com/images/I/61T7tW5EZeL._SX450_.jpg","B0DLKRNCDJ","JAZOON 30x60 Compact Binoculars for Adults and Kids – High Powered Binoculars with Low Light Night Vision, Foldable and Lightweight for Bird Watching, Travel, Hunting, Sports","Jazoon","FBA","Sports & Outdoors",495895,198715579420,"N/A",0198715579420,"N/A","Night Vision Binoculars & Goggles",299,16.99,22,10,10,4800,176.67,176.48,13,3.7,"ZOON PLUS","India",1,114,"N/A","Large Standard-Size",4.29,3.58,1.18,0.36,9.14,25.22,"12/31/2024",16,8,0,0.8
"https://amazon.com/dp/B0DYHTP71V","https://m.media-amazon.com/images/I/81WRr1eMbvL._SX450_.jpg","B0DYHTP71V","Night Vision Goggles - 4K Night Vision Binoculars with 875 Yards Range,48MP,3 Inch Display,10X Digital Zoom,7-Level IR,32GB Card,5000mAh Battery,Gifts Cool Gadgets for Dad","Pozifu","FBA","Sports & Outdoors",497993,739944334253,"N/A",0739944334253,"N/A","Night Vision Binoculars & Goggles",302,59.99,-26,0,0,-141,"-","-",59,4,"Goodogood","China",1,0,"N/A","Large Standard-Size",3.62,5.83,7.52,1.43,79.9,220.43,"11/30/2025",13,9,2,0.01
"https://amazon.com/dp/B091T8LKXB","https://m.media-amazon.com/images/I/51WTDzFNUML._SX450_.jpg","B091T8LKXB","UpaClaire Night Vision Glasses Clip-On Yellow-Green Anti-Glare High-Definition Vision Foggy Rainy Used for Safe Driving Fishing Glasses Reduce Eye Fatigue Ultra-Lightweight for Men and Women","UpaClaire","FBA","Sports & Outdoors",499902,"N/A","N/A",9552203593496,"N/A","Night Vision Binoculars & Goggles",301,9.99,22,6,3,72,95.61,32.8,199,4,"UpaClaire","China",1,97,-53,"Large Standard-Size",1.02,2.48,5.91,0.22,7.53,20.76,"11/30/2024",59,7,3,0.03
"https://amazon.com/dp/B0DXPSPTL4","https://m.media-amazon.com/images/I/617NPMCfTGL._SX450_.jpg","B0DXPSPTL4","Clearview H35L Thermal Imaging Monocular，384×288 Night Vision Scope with Laser Rangefinder,1024×768 Mico-OLED,Thermal Night Vision with WiFi/Remote Control,35 mm Lens","GTGUARD","FBM","Sports & Outdoors",500209,"N/A","N/A","N/A","N/A","Night Vision Monoculars",95,1149.99,-29,0,0,-124,"-","-",10,3.7,"V8 OFFICIAL","China",1,0,"N/A","N/A","N/A","N/A","N/A","N/A","N/A","N/A","11/30/2025",13,8,2,0.02
"https://amazon.com/dp/B0G2M4H4MR","https://m.media-amazon.com/images/I/61aFbTVyk5L._SX450_.jpg","B0G2M4H4MR","Owlnv 4K Night Vision Scope w/ 850 nm IR, True 4K CMOS, 1200 yd Rangefinder & B.C Function, 4–22.4× Zoom, Wi‑Fi, IP67 Waterproof, Silent Lens Cap L3-Plus","OWLNV","FBA","Sports & Outdoors",501108,"N/A","N/A","N/A","N/A","Night Vision",401,699.98,-38,7,5,,4741.04,3213.25,3,5,"Owlnv","China",1,0,"N/A","Large Standard-Size",11.1,3,2.2,1.3,36.88,101.75,"02/28/2026",4,15,2,2.26
"https://amazon.com/dp/B0DSLBJ56F","https://m.media-amazon.com/images/I/81Yfo-j+4WL._SX450_.jpg","B0DSLBJ56F","DOOCK Night Vision Goggles, Full-Color 4K Night Vision Binoculars with 5200mAh Rechargeable, 8X Digital Zoom, 4K UHD Video & 52MP Image, Infrared NVG Goggles for Camping Hunting & Security (Black)","DOOCK","FBA","Sports & Outdoors",501716,"N/A","N/A","N/A","N/A","Night Vision Binoculars & Goggles",299,139.99,"N/A",2,2,-110,249.2,249.15,29,3.6,"DOOCK","China",1,51,"N/A","Large Standard-Size",3.31,6.93,8.47,1.89,97.82,269.84,"02/28/2025",14,7,3,0.06
"https://amazon.com/dp/B0DK8J1GFL","https://m.media-amazon.com/images/I/61fKqvXDbIL._SX450_.jpg","B0DK8J1GFL","MUM/GT-14 Binocular Bridge System NVG Mount Base，Night Vision Goggles Night Vision Adapter，Versatile Modular Helmet Mount，for PVS-14 Night Vision Monocular Or Dual Binoculars，Lightweight Aluminium","ORPUNA","FBM","Sports & Outdoors",501794,"N/A","N/A","N/A","N/A","Night Vision Binoculars & Goggles",306,189.99,-43,1,1,,262.36,125.57,1,5,"aopn optics","China",2,21,"N/A","N/A","N/A","N/A","N/A","N/A","N/A","N/A","09/30/2025",17,7,2,1.39
"https://amazon.com/dp/B0BY2VRWRD","https://m.media-amazon.com/images/I/81KXSmL38rL._SX450_.jpg","B0BY2VRWRD","Metal L4G24 Mount Breakaway Night Vision Goggle Mount for Mounting Helmet CNC Fast OPS PJ MH BJ for pvs 18 /PVS31(Tan)","YSS","FBM","Sports & Outdoors",502403,729162534313,"N/A",0729162534313,"N/A","Night Vision Binoculars & Goggles",307,65.99,4,8,8,74,478.54,478.39,14,4.5,"CANIS SPORT INC","China",2,119,116,"Large Standard-Size",2.64,3.7,5,0.57,"N/A","N/A","05/31/2025",35,7,0,0.58
"https://amazon.com/dp/B0DXR8NFXX","https://m.media-amazon.com/images/I/71E8+zK0MgL._SX450_.jpg","B0DXR8NFXX","Carson NiteMax Digital Night Vision Monocular with Built-in Infrared Illuminator (NV-300)","Carson","FBA","Sports & Outdoors",502857,046876000522,00046876000522,0046876000522,"N/A","Night Vision Monoculars",93,99.99,-20,6,6,-83,612.44,612.24,6,4,"Carson Online Store","USA",4,110,"N/A","Large Standard-Size",1.97,6.22,7.44,0.34,45.87,126.55,"12/31/2025",13,7,0,1.02
"https://amazon.com/dp/B0BZ789CGK","https://m.media-amazon.com/images/I/41ZCSjtCbIL._SX450_.jpg","B0BZ789CGK","Night Vision Goggles, 4K Night Vision Binoculars for Adult, Rechargeable Infrared Binoculars with Camera, 3'' Ultra HD Screen, 32GB TF Card, 8X Digital Zoom, Hunting, Camping, Security","ACPOTEL","FBA","Sports & Outdoors",509969,"N/A","N/A","N/A","N/A","Night Vision Binoculars & Goggles",306,69.99,-84,1,1,-50,80.22,80.16,47,3.9,"ACPOTEL-direct","Hong Kong",1,42,-91,"Large Standard-Size",4.29,8.11,11.85,3.75,207.57,572.62,"11/30/2024",36,9,0,0.02
"https://amazon.com/dp/B0DNK7X5YT","https://m.media-amazon.com/images/I/61d4ejGwttL._SX450_.jpg","B0DNK7X5YT","ATN BlazeHunter 635 LRF 2.5-20x, 640x512 <18 NETD, 12 Micron, 50 Hz, Pro Thermal Imaging Monocular with Built-in Laser Rangefinder","ATN","Amazon","Sports & Outdoors",510040,658175126652,"N/A",0658175126652,"N/A","Night Vision Monoculars",93,2495,-34,9,1,43,17897.08,2589.01,23,3.8,"Amazon","N/A",2,180,"N/A","Large Standard-Size",4.75,7.25,9,3.4,"N/A","N/A","09/30/2025",16,8,5,0.4
"https://amazon.com/dp/B09331NT9Z","https://m.media-amazon.com/images/I/416BDdevoHL._SX450_.jpg","B09331NT9Z","FMA Tactical Aluminum Helmet NVG Flip Mount Adapter for NVG Night Vision Goggles (DE)","FMA","FBM","Sports & Outdoors",511466,761587391577,"N/A",0761587391577,"N/A","Night Vision Binoculars & Goggles",306,19.98,2,3,3,800,58.55,58.49,4,2.7,"Emperion SRL","Italy",1,11,"N/A","N/A","N/A","N/A","N/A","N/A","N/A","N/A","02/28/2026",59,6,0,0.67
"https://amazon.com/dp/B0D5Y3XCXZ","https://m.media-amazon.com/images/I/71b0IvGm4nL._SX450_.jpg","B0D5Y3XCXZ","WARMTUYO Night Vision Goggles, 9 Gear Night Vision Binoculars, 4K Binoculars with Camera, 4000mAh Battery Nightvision, 10X Digital Zoom, 3.5"" HD Display and 32GB TF Card","WARMTUYO","FBA","Sports & Outdoors",512191,"N/A","N/A","N/A","N/A","Night Vision Binoculars & Goggles",313,69.99,-17,4,4,220,304.77,304.67,10,4.1,"WARMTUYO","China",1,67,"N/A","Large Standard-Size",3.31,7.09,8.86,1.96,104.68,288.79,"11/30/2024",21,6,0,0.43
"https://amazon.com/dp/B0CW366L4F","https://m.media-amazon.com/images/I/61eWu0KeOVL._SX450_.jpg","B0CW366L4F","Night Vision Rifle Scope for Hunting Infrared Digital 60mm Lens IP66 Zoom 4.6-18x (WiFi) App Ballistic Calculator Range Finder,Easy Zeroing 940nm Invisible IR wavelight,Outdoor Rifle Hunting Scopes","Guune","FBA","Sports & Outdoors",512854,"N/A","N/A","N/A","N/A","Night Vision Monoculars",97,359,-4,6,6,-70,2185.44,2185.33,32,3.9,"Guune","China",2,107,-43,"Large Standard-Size",4.02,4.61,12.52,3.55,116.82,322.25,"10/31/2024",33,8,0,0.19
"https://amazon.com/dp/B0B1WS2S5F","https://m.media-amazon.com/images/I/41SfVZmEZvL._SX450_.jpg","B0B1WS2S5F","UpaClaire Night Vision Driving Glasses Clip on Anti Glare Wear Over Large-Frame Prescription Glasses","UpaClaire","FBA","Sports & Outdoors",513067,"N/A","N/A",9552203593915,"N/A","Night Vision Binoculars & Goggles",314,22.99,-32,6,2,72,95.61,42.87,199,4,"UpaClaire","China",2,97,-53,"Large Standard-Size",1.06,3.62,7.48,0.22,14.45,39.86,"11/30/2024",46,6,3,0.03
"https://amazon.com/dp/B0CP4RWTJ7","https://m.media-amazon.com/images/I/61DnspQ0AwL._SX450_.jpg","B0CP4RWTJ7","LEESEN Rubber Eyecup Fits PVS-14 Night Vision Monocular and PVS-18 Night Vision Goggles","LEESEN","FBM","Sports & Outdoors",517592,"N/A","N/A",9496269006371,"N/A","Night Vision Monoculars",103,16.99,-42,3,3,-98,43.42,43.29,10,3.4,"Cloud Pigeon","China",1,134,13,"Small Standard-Size",1.18,0.79,0.39,0.22,"N/A","N/A","09/30/2024",28,4,1,0.26
"https://amazon.com/dp/B0DNK7FVY9","https://m.media-amazon.com/images/I/31SnVI--u0L._SX450_.jpg","B0DNK7FVY9","ATN BlazeHunter 335LRF 4-32x, 384x288, <18 NETD, 12 Micron, 50 Hz, Pro Thermal Imaging Monocular with Built-in Laser Rangefinder","ATN","Amazon","Sports & Outdoors",519061,658175126638,00658175126270,0658175126638,"N/A","Night Vision Monoculars",104,1895,-33,9,2,43,17897.08,4424.48,23,3.8,"Amazon","N/A",6,180,"N/A","Large Standard-Size",4.72,7.44,8.94,3.42,"N/A","N/A","09/30/2025",16,1,5,0.4
"https://amazon.com/dp/B0DNJZB9RK","https://m.media-amazon.com/images/I/61--qFi+mZL._SX450_.jpg","B0DNJZB9RK","ATN BlazeHunter 335 4-32x, 384x288, <18 NETD, 12 Micron, 50 Hz, Pro Thermal Imaging Monocular","ATN","Amazon","Sports & Outdoors",519076,658175126621,00658175124740,0658175126621,"N/A","Night Vision Monoculars",104,1496.13,-44,9,4,43,17897.08,5545.6,23,3.8,"Amazon","N/A",7,180,"N/A","Large Standard-Size",3.35,7.17,16.97,4.41,"N/A","N/A","09/30/2025",16,8,5,0.4
"https://amazon.com/dp/B0DNK262G6","https://m.media-amazon.com/images/I/61yYeY1x27L._SX450_.jpg","B0DNK262G6","ATN BlazeHunter 635 2.5-20x, 640x512 <18 NETD, 12 Micron, 50 Hz, Pro Thermal Imaging Monocular","ATN","Amazon","Sports & Outdoors",519800,658175126645,"N/A",0658175126645,"N/A","Night Vision Monoculars",104,2040.45,-33,9,2,43,17897.08,3364.12,23,3.8,"Amazon","N/A",2,180,"N/A","Large Standard-Size",4.72,7.17,8.94,3.44,"N/A","N/A","09/30/2025",16,9,5,0.4
"https://amazon.com/dp/B0DQW66NC9","https://m.media-amazon.com/images/I/61tx6G7AhfL._SX450_.jpg","B0DQW66NC9","GTGUARD AI15 Thermal Monocular 384x288 (50Hz) HD Night Vision Thermal Imaging with 15mm Focal Lens, 8X Zoom, Wi-Fi Hotspot Multiple Scene Modes for Hunting Travel Outdoor Camping","GTGUARD","FBA","Sports & Outdoors",520251,"N/A","N/A","N/A","N/A","Night Vision",434,499,-40,6,6,,3043.65,3043.58,12,3.9,"GTmedia","China",1,0,"N/A","Large Standard-Size",3.46,5.51,10.12,1.94,97.14,267.96,"12/31/2025",15,8,2,0.51
"https://amazon.com/dp/B0CPVJMSVR","https://m.media-amazon.com/images/I/61aeAvp6PeL._SX450_.jpg","B0CPVJMSVR","FMA Airsoft Hunting Tactical GPNVG18 Dummy Model Night Vision Goggles No Function Four-Tube Binoculars & L4G19 NVG Helmet Mount Plastic Bracket Helmet Accessories for Tactical Hunting Cosplay (Black)","Chestnut-YX","FBM","Sports & Outdoors",522766,"N/A","N/A",7758496599234,"N/A","Night Vision Binoculars & Goggles",310,79.9,-33,3,2,,247.29,169.67,"N/A","N/A","Chestnut-YX","China",1,5,-29,"N/A","N/A","N/A","N/A","N/A","N/A","N/A","02/28/2026",27,7,2,"N/A"
"https://amazon.com/dp/B0BSNX9M2F","https://m.media-amazon.com/images/I/411OnI0edhL._SX450_.jpg","B0BSNX9M2F","Magik 1-2 Pc 30x60 Zoom Portable Binoculars Waterproof Hunting Day Night Vision (2 Pack)","Magik","-","Sports & Outdoors",523527,686557742794,"N/A",0686557742794,"N/A","Night Vision Binoculars & Goggles",318,18.69,-33,4,1,,47.95,17.04,"N/A","N/A",,"N/A",1,9,"N/A","N/A","N/A","N/A","N/A","N/A","N/A","N/A","02/28/2026",38,9,2,"N/A"
"https://amazon.com/dp/B0BSNX37FL","https://m.media-amazon.com/images/I/5149OMD8i-L._SX450_.jpg","B0BSNX37FL","Magik 1-2 Pc 30x60 Zoom Portable Binoculars Waterproof Hunting Day Night Vision (1 Pack)","Magik","FBM","Sports & Outdoors",523527,686557742787,"N/A",0686557742787,"N/A","Night Vision Binoculars & Goggles",318,10.39,-40,4,3,,47.95,30.73,"N/A","N/A","Go-Deals","USA",1,9,"N/A","N/A","N/A","N/A","N/A","N/A","N/A","N/A","02/28/2026",38,9,2,"N/A"
"https://amazon.com/dp/B0FFRZTJ15","https://m.media-amazon.com/images/I/71c4Y3M7pEL._SX450_.jpg","B0FFRZTJ15","Night Vision Goggles, 4K Full-Color Night Vision Binoculars for Adults,Large-Capacity Rechargeable Battery with 32GB TF Card, 20X Digital Zoom & 3'' Large Screen，Suitable for Camping & Fishing","AYAYI","FBA","Sports & Outdoors",524346,"N/A","N/A","N/A","N/A","Night Vision Binoculars & Goggles",318,199.99,-22,9,1,129,1090.44,263.88,9,4.1,"AYAYI","China",1,0,"N/A","Large Standard-Size",10.8,7.6,4,2.4,165.3,456,"02/28/2026",9,6,3,1.03
"https://amazon.com/dp/B0FS6H77GW","https://m.media-amazon.com/images/I/61Vt4FXLXdL._SX450_.jpg","B0FS6H77GW","Night Vision Binoculars for Adults with Infrared | 20× Zoom Digital Night Vision Goggles with 4K Photos, 984ft Long Range, HD 3″ Screen, Rechargeable Battery – Best for Hunting, Wildlife, Surveillance","AYAYI","FBA","Sports & Outdoors",524397,"N/A","N/A","N/A","N/A","Night Vision Binoculars & Goggles",319,77.87,-21,9,5,129,1090.44,415.13,9,4.1,"AYAYI","China",1,0,"N/A","Large Standard-Size",4.29,11.26,13.03,1.52,316.9,874.19,"02/28/2026",6,9,3,1.03
"https://amazon.com/dp/B0D14RVFJ6","https://m.media-amazon.com/images/I/715qDxX+W4L._SX450_.jpg","B0D14RVFJ6","Night Vision Goggles, 2K Video Clarity, 10X Digital Zoom, 2.4"" TFT Screen, 850nm Infrared Light, 32GB Storage, Rechargeable Battery, Outdoor Adventures, Camping, Travel","Sheawasy","FBA","Sports & Outdoors",525346,"N/A","N/A","N/A","N/A","Night Vision Binoculars & Goggles",320,39.99,-68,6,6,21,224.03,223.94,24,4.1,"Sheawasy","China",1,86,"N/A","Large Standard-Size",2.83,5.31,6.81,0.93,51.52,142.13,"06/30/2024",23,8,0,0.23
"https://amazon.com/dp/B09HGZV9VS","https://m.media-amazon.com/images/I/51XWq5iBJML._SX450_.jpg","B09HGZV9VS","ATN OTS-XLT Compact Lightweight Thermal Viewer, 2-8x","ATN","Amazon","Sports & Outdoors",526149,658175120391,00658175120391,0658175120391,"N/A","Monoculars",535,599,-15,4,4,-126,2436.11,2436.02,239,4.1,"Amazon","N/A",1,426,-50,"Large Standard-Size",3.7,6.34,10.39,2.03,"N/A","N/A","09/30/2024",54,5,2,0.02
"https://amazon.com/dp/B0CVXSRF52","https://m.media-amazon.com/images/I/41fuD5vQrHL._SX450_.jpg","B0CVXSRF52","CoxiVision 4K Night Vision Goggles - 3.1'' HD Screen, 5X Digital Zoom, 7-Level IR Illuminator Binoculars with 64GB Memory Card and Detachable 4400mAh Battery - Day and Night Photo and Video Recording","CoxiVision","FBA","Sports & Outdoors",526698,"N/A","N/A","N/A","N/A","Night Vision Binoculars & Goggles",314,99.99,-4,5,5,367,410.11,409.95,1,5,"Bao You Hui","China",1,0,"N/A","Large Standard-Size",2.91,5.63,8.54,1.5,70.44,194.32,"02/28/2026",25,7,2,4.56
"https://amazon.com/dp/B01MUCYIFR","https://m.media-amazon.com/images/I/21wSZ75AKfL._SX450_.jpg","B01MUCYIFR","Norotos Mil-Spec Original USGI PVS-7 PVS-14 Night Vision Goggle NVG Rhino Mount MICH/ACH/CVC Helmet Front Bracket Assembly Only, without Screw and Locknut, A3297308, Black","NOROTOS","FBA","Sports & Outdoors",529548,762758099650,"N/A",0762758099650,"N/A","Night Vision Binoculars & Goggles",324,44.95,-25,2,2,-78,111.2,111.12,101,3.8,"KD Sporting Group","USA",3,88,13,"Large Standard-Size",1.5,2.01,4.65,0.12,7.03,19.38,"06/30/2025",110,1,0,0.02
"https://amazon.com/dp/B0CCJ4KGJ7","https://m.media-amazon.com/images/I/51nuCEn5ctL._SX450_.jpg","B0CCJ4KGJ7","Helmet Mount Night Vision Goggles Nylon NVG Tactical Helmet Mount Adjustable Full Nylon Tactical Helmet Mount for L4G24 Nvg Mount (Brown)","Wokyo","FBA","Sports & Outdoors",530948,"N/A","N/A","N/A","N/A","Night Vision Binoculars & Goggles",459,16.99,-29,0,0,-115,"-","-",33,3.5,"Rayone","China",2,171,"N/A","Large Standard-Size",2.28,3.9,4.17,0.26,18.67,51.5,"08/31/2025",32,10,2,0.01
"https://amazon.com/dp/B0DRNWD23X","https://m.media-amazon.com/images/I/61u3vJh-5TL._SX450_.jpg","B0DRNWD23X","Night Vision Monocular 25mm 384x288 (50 Hz) Thermal Imaging Monoculars, 4X Digital Zoom, Detection 3620yd, 5 Mode, 7H+, No-Shutter Tech WiFi Heat Vision Infrared Imager for Hunting Camping","VOTJPYS","FBA","Sports & Outdoors",534984,"N/A","N/A","N/A","N/A","Night Vision Monoculars",105,848.99,169,4,1,-59,3338.55,1087.39,2,5,"VOTJPYS","China",1,71,"N/A","Large Standard-Size",10,3,3,1.1,45.31,125,"11/30/2025",15,7,3,2.06
"https://amazon.com/dp/B0DRNW682M","https://m.media-amazon.com/images/I/61u3vJh-5TL._SX450_.jpg","B0DRNW682M","Night Vision Monocular 19mm 384x288 (50 Hz) Thermal Imaging Monoculars, 4X Digital Zoom, Detection 3620yd, 5 Mode, 7H+, No-Shutter Tech WiFi Heat Vision Infrared Imager for Hunting Camping","VOTJPYS","FBA","Sports & Outdoors",534984,"N/A","N/A","N/A","N/A","Night Vision Monoculars",105,755.99,-11,6,3,-36,4666.14,2449.15,2,5,"VOTJPYS","China",1,73,"N/A","Large Standard-Size",4.37,9.02,11.14,2.38,221.08,609.87,"11/30/2025",15,7,3,2.87
"https://amazon.com/dp/B0DQCRSHY9","https://m.media-amazon.com/images/I/81fspkfwmpL._SX450_.jpg","B0DQCRSHY9","NSSIW Night-Vision-Glasses Women Mens Over-the-Glasses: Wrap-Around Anti Glare Polarized Night Vision Glasses for Driving","NSSIW","FBA","Sports & Outdoors",536888,"N/A","N/A","N/A","N/A","Night Vision Binoculars & Goggles",320,26.99,-16,2,0,-111,40.04,"-",30,4.2,"nssiw","China",1,204,"N/A","Large Standard-Size",2.91,3.74,7.17,0.42,39.31,108.44,"12/31/2025",15,7,11,0.05
"https://amazon.com/dp/B0DRJQT1R9","https://m.media-amazon.com/images/I/71-2Z-Cxd0L._SX450_.jpg","B0DRJQT1R9","T TAKMLY Night Vision Goggles, 2624FT-10X Digital Zoom, 2.8'' HD Screen Infrared Binoculars with 64GB TF Card for Photos and Videos, for Adults Outdoor Camping and Wildlife Observation (Black)","T TAKMLY","FBA","Sports & Outdoors",538048,"N/A","N/A","N/A","N/A","Night Vision Binoculars & Goggles",326,39.99,"N/A",0,0,-100,"-","-",51,3.9,"Eight-nine-ten","China",1,267,"N/A","Large Standard-Size",4.02,5.94,7.48,1.12,89.93,248.07,"04/30/2025",15,9,0,0
"https://amazon.com/dp/B0DQCNM21J","https://m.media-amazon.com/images/I/81MBD-1mLVL._SX450_.jpg","B0DQCNM21J","NSSIW Night-Vision-Glasses Women Mens Over-the-Glasses: Wrap-Around Anti Glare Polarized Night Vision Glasses for Driving","NSSIW","FBA","Sports & Outdoors",538958,"N/A","N/A","N/A","N/A","Night Vision Binoculars & Goggles",327,26.99,"N/A",2,0,-111,40.04,"-",30,4.2,"nssiw","China",1,204,"N/A","Large Standard-Size",3.03,3.62,7.05,0.35,38.93,107.4,"12/31/2025",15,7,11,0.05
"https://amazon.com/dp/B0DQCQR1S9","https://m.media-amazon.com/images/I/71TjkCp4lnL._SX450_.jpg","B0DQCQR1S9","NSSIW Night-Vision-Glasses Women Mens Over-the-Glasses: Wrap-Around Anti Glare Polarized Night Vision Glasses for Driving","NSSIW","FBA","Sports & Outdoors",538979,"N/A","N/A","N/A","N/A","Night Vision Binoculars & Goggles",326,26.99,191,2,0,-111,40.04,"-",30,4.2,"nssiw","China",1,204,"N/A","Large Standard-Size",3.03,3.62,7.05,0.35,38.93,107.4,"12/31/2025",15,7,11,0.05
"https://amazon.com/dp/B0DQCN61GY","https://m.media-amazon.com/images/I/816I-KdXsqL._SX450_.jpg","B0DQCN61GY","NSSIW Night-Vision-Glasses Women Mens Over-the-Glasses: Wrap-Around Anti Glare Polarized Night Vision Glasses for Driving","NSSIW","FBA","Sports & Outdoors",538979,"N/A","N/A","N/A","N/A","Night Vision Binoculars & Goggles",326,23.99,-6,2,0,-111,40.04,"-",32,4.2,"nssiw","China",1,204,"N/A","Large Standard-Size",3.03,3.62,7.05,0.35,38.93,107.4,"12/31/2025",15,7,11,0.06
"https://amazon.com/dp/B0DQCPN5V3","https://m.media-amazon.com/images/I/81jGvZ34aFL._SX450_.jpg","B0DQCPN5V3","NSSIW Night-Vision-Glasses Women Mens Over-the-Glasses: Wrap-Around Anti Glare Polarized Night Vision Glasses for Driving","NSSIW","FBA","Sports & Outdoors",539605,"N/A","N/A","N/A","N/A","Night Vision Binoculars & Goggles",331,23.99,-13,1,0,-116,30.26,"-",30,4.2,"nssiw","China",1,204,"N/A","Large Standard-Size",2.95,3.66,6.93,0.37,37.72,104.05,"12/31/2025",15,7,11,0.04
"https://amazon.com/dp/B08PV7RDCC","https://m.media-amazon.com/images/I/61b4-r-FdYL._SX450_.jpg","B08PV7RDCC","KOLINLOV Digital Night Vision Monocular Scope Camera for Complete Darkness, Hunting Infrared Night Vision Rifle Scope Take Photos and Videos with 32GB Memory Card Megaorei 3","KOLINLOV","FBM","Sports & Outdoors",539917,788125425433,"N/A",0788125425433,"N/A","Night Vision Monoculars",107,92,-33,5,5,-81,432.03,431.94,38,3.8,"KOLINLOV","China",1,47,21,"Large Standard-Size",1.77,4.06,7.95,1.71,"N/A","N/A","11/30/2025",63,9,0,0.12
"https://amazon.com/dp/B0DQCPZ9X4","https://m.media-amazon.com/images/I/81+2sza7mzL._SX450_.jpg","B0DQCPZ9X4","NSSIW Night-Vision-Glasses Women Mens Over-the-Glasses: Wrap-Around Anti Glare Polarized Night Vision Glasses for Driving","NSSIW","FBA","Sports & Outdoors",540077,"N/A","N/A","N/A","N/A","Night Vision Binoculars & Goggles",326,26.99,"N/A",2,0,-111,40.04,"-",32,4.2,"nssiw","China",1,204,"N/A","Large Standard-Size",2.95,3.58,7.05,0.35,37.53,103.54,"12/31/2025",15,7,11,0.05
"https://amazon.com/dp/B0DFXSWLBZ","https://m.media-amazon.com/images/I/81GKGS3D4mL._SX450_.jpg","B0DFXSWLBZ","NOXOWL Night Vision Goggles, True 4K Night Vision Binoculars, Equipped with 50mm Objective Lens, 850nm IR, 3'' HD Screen 4000mAh Rechargeable Battery, Suit for Wildlife Watching and Camping","NOXOWL","FBA","Sports & Outdoors",541077,"N/A","N/A","N/A","N/A","Night Vision Binoculars & Goggles",332,59.99,"N/A",0,0,-108,"-","-",15,4.4,"nanfengshangmaoyouxiangongsi","China",2,30,"N/A","Large Standard-Size",2.64,5.98,8.03,1.1,63.83,176.07,"11/30/2024",18,8,0,0
"https://amazon.com/dp/B0D9C1SZHW","https://m.media-amazon.com/images/I/61QhHplOrJL._SX450_.jpg","B0D9C1SZHW","Bewinner Professional Binocular Glasses, HD Clarity, Lightweight & Portable, Adjustable Focus, 8x Zoom Telescope Glasses with CPL Filters for Fishing, Bird Watching, Sports, Concerts","Bewinner","FBA","Sports & Outdoors",544663,"N/A","N/A","N/A","N/A","Night Vision Binoculars & Goggles",333,45.45,13,4,4,-100,169.59,169.51,1,3,"Sxhlsellon","China",2,87,"N/A","Large Standard-Size",2.8,3.58,6.65,0.4,33.55,92.54,"12/31/2024",20,9,0,3.9
"https://amazon.com/dp/B0CX47QBDJ","https://m.media-amazon.com/images/I/61u3vJh-5TL._SX450_.jpg","B0CX47QBDJ","Night Vision Monocular 35mm 384x288 (50 Hz) Thermal Imaging Monoculars, 4X Digital Zoom, Detection 3620yd, 5 Mode, 7H+, No-Shutter Tech WiFi Heat Vision Infrared Imager for Hunting Camping","VOTJPYS","FBA","Sports & Outdoors",545663,"N/A","N/A","N/A","N/A","Night Vision Monoculars",108,948.99,-13,6,1,-36,4784.73,792.95,2,5,"VOTJPYS","China",1,73,"N/A","Large Standard-Size",4.65,4.76,10.2,2.54,113.67,313.56,"11/30/2025",19,7,3,2.95
"https://amazon.com/dp/B00Z4HVOVS","https://m.media-amazon.com/images/I/61ZCHy4unHL._SX450_.jpg","B00Z4HVOVS","Sky-Watcher Star Adventurer 2i Astro Pack – Motorized DSLR Night Sky Tracker for Portable Nightscapes, Time-Lapse, and Panoramas – Remote Camera Control – Long Exposure Imaging (S20510), Black","Sky-Watcher","Amazon","Sports & Outdoors",546127,050234205108,00050234205108,0050234205108,"N/A","Camera Mounts & Clamps",5897,698,"N/A",0,0,-71,"-","-",212,4.1,"Amazon","N/A",1,99,"N/A","Large Standard-Size",4.96,8.62,9.41,4.92,"N/A","N/A","11/30/2024",130,7,0,0
"https://amazon.com/dp/B0CX1W3986","https://m.media-amazon.com/images/I/71aJDK2J++L._SX450_.jpg","B0CX1W3986","GOYOJO NVG Night Vision Goggles - Helmet Mounted 2K Night Vision Binoculars Adults with 4 Color Modes 4X Magnification, HD Recording & Playback for Hunting Surveillance (Helmet Not Included), Black","GOYOJO","FBM","Sports & Outdoors",550860,658361255692,"N/A",0658361255692,"N/A","Night Vision Monoculars",112,999,"N/A",0,0,-133,"-","-",24,3.8,"HUITEN","China",1,5,"N/A","Large Standard-Size",7.05,7.72,10.59,4.72,"N/A","N/A","01/31/2025",18,7,0,0
"https://amazon.com/dp/B0CHYM2SXF","https://m.media-amazon.com/images/I/71e9jI7N9-L._SX450_.jpg","B0CHYM2SXF","WARMTUYO Night Vision Goggles 4K Binoculars with Camera, 9 Gear Night Vision, 10X Digital Zoom, 4000mAh Battery Nightvision, 3"" HD Display and 32GB TF Card","WARMTUYO","FBA","Sports & Outdoors",551790,769310595964,"N/A",0769310595964,"N/A","Night Vision Binoculars & Goggles",332,87.99,98,2,2,25,208.74,208.65,99,3.4,"WARMTUYO","China",1,4,"N/A","Large Standard-Size",3.31,7.01,8.74,2.01,102.1,281.66,"07/31/2024",30,6,0,0.02
"https://amazon.com/dp/B0DQCQNG91","https://m.media-amazon.com/images/I/81WJtkTPKfL._SX450_.jpg","B0DQCQNG91","NSSIW Night-Vision-Glasses Women Mens Over-the-Glasses: Wrap-Around Anti Glare Polarized Night Vision Glasses for Driving","NSSIW","FBA","Sports & Outdoors",555399,"N/A","N/A","N/A","N/A","Night Vision Binoculars & Goggles",331,26.99,-14,2,0,-111,40.04,"-",30,4.2,"nssiw","China",1,204,"N/A","Large Standard-Size",2.91,3.66,7.09,0.37,38.06,104.99,"12/31/2025",15,7,11,0.05
"https://amazon.com/dp/B0G1SQKR98","https://m.media-amazon.com/images/I/81-YBSrA+lL._SX450_.jpg","B0G1SQKR98","Night Vision Binoculars Nova - 4K 40MP Infrared Night Vision Goggles with 8X Zoom, 3'' HD Screen, 5000mAh Battery, 7-Level IR for Hunting, Camping, Security","Generic","FBM","Sports & Outdoors",555920,"N/A","N/A","N/A","N/A","Night Vision Binoculars & Goggles",333,39.99,-79,2,2,-37,68.87,68.85,1,5,"FaShouJiNia","N/A",1,0,"N/A","N/A","N/A","N/A","N/A","N/A","N/A","N/A","11/30/2025",4,4,0,"N/A"
"https://amazon.com/dp/B0DZ1ZY9RB","https://m.media-amazon.com/images/I/613MhlCM+eL._SX450_.jpg","B0DZ1ZY9RB","okyass Night Vision PVS-14 Disassembly Tool Set Removal and Installation Wrench for PVS14, BNVD1431, DTNVS, and ABMOD3 (Steel)","okyass","FBM","Sports & Outdoors",556384,"N/A","N/A","N/A","N/A","Night Vision Binoculars & Goggles",333,68.88,24,7,2,41,473.91,162.62,1,5,"HuangJinKu","China",2,0,"N/A","Large Standard-Size",4.9,4.3,1.3,0.27,"N/A","N/A","01/31/2026",12,7,2,7.27
"https://amazon.com/dp/B0DZ1Z6M2N","https://m.media-amazon.com/images/I/51jm2zInOPL._SX450_.jpg","B0DZ1Z6M2N","okyass Night Vision PVS-14 Disassembly Tool Set Removal and Installation Wrench for PVS14, BNVD1431, DTNVS, and ABMOD3 (Aluminum)","okyass","FBA","Sports & Outdoors",556396,"N/A","N/A","N/A","N/A","Night Vision Binoculars & Goggles",334,58.88,-43,7,5,41,473.91,310.98,3,5,"HuangJinKu","China",2,0,"N/A","Large Standard-Size",4.9,4.3,1.3,0.27,13.79,38.04,"01/31/2026",12,7,2,2.42
"https://amazon.com/dp/B07YCY75XZ","https://m.media-amazon.com/images/I/61hd++4B6DL._SX450_.jpg","B07YCY75XZ","AGM Global Vision ReachIR LRF 50-640 Thermal Imaging Monocular with Built-in Laser Range Finder, 20mK, 12 Micron, 640x512 (50 Hz)","AGM Global Vision","FBM","Sports & Outdoors",556761,810027770325,"N/A",0810027770325,"N/A","Night Vision Binoculars & Goggles",482,2995,-50,12,2,-38,26196.27,5829.96,4,5,"Sport Optics","USA",6,0,"N/A","Large Standard-Size",6.02,7.32,9.17,3.7,"N/A","N/A","10/31/2025",18,9,2,3.02
"https://amazon.com/dp/B0DKTRC16M","https://m.media-amazon.com/images/I/615QW5U8oUL._SX450_.jpg","B0DKTRC16M","AGM Global Vision ReachIR LRF 25-384 Thermal Imaging Monocular with Built-in Laser Range Finder, 20mK, 12 Micron, 384x288 (50 Hz)","AGM Global Vision","Amazon","Sports & Outdoors",556761,810027777607,"N/A",0810027777607,"N/A","Night Vision Monoculars",129,1724.79,-23,12,6,-38,26196.27,10977.76,4,5,"Amazon","N/A",16,0,"N/A","Large Standard-Size",6.03,7.46,9.15,3.55,"N/A","N/A","10/31/2025",17,9,2,3.02
"https://amazon.com/dp/B0FQNXBQM2","https://m.media-amazon.com/images/I/614xOmE8XwL._SX450_.jpg","B0FQNXBQM2","TRV NVG10 Digital Night Vision Monocular Head Mounted - 1080P HD Night Vision Goggles Video Recording, 6X Zoom, Helmet Mountable for Hunting, Camping","TRV","FBA","Sports & Outdoors",558621,"N/A","N/A","N/A","N/A","Night Vision Monoculars",109,205,-36,6,6,-60,1170.6,1170.49,7,3.9,"TRV Optics","China",2,0,"N/A","Large Standard-Size",4.02,9.76,10.71,1.85,211.56,583.62,"11/30/2025",6,7,0,0.79
"https://amazon.com/dp/B0FMY4LNXT","https://m.media-amazon.com/images/I/71D8lzUr9QL._SX450_.jpg","B0FMY4LNXT","Head-Mounted Night Vision Goggles | Helmet-Compatible 4K 48MP Night Vision Binoculars with 16X Zoom, Built-in Compass/Altimeter & Barometer, App Video & Audio Recording, 3000mAh Rechargeable Battery","PYKRONZ","FBA","Sports & Outdoors",561923,742404860506,"N/A",0742404860506,"N/A","Night Vision Binoculars & Goggles",335,99.99,"N/A",5,0,,340.92,"-",7,5,"PYKRONZ","Hong Kong",1,0,"N/A","Large Standard-Size",7.1,3.1,5.5,0.9,60.95,168.13,"02/28/2026",7,8,3,0.7
"https://amazon.com/dp/B0FQ5R9BJV","https://m.media-amazon.com/images/I/81NJlfgryLL._SX450_.jpg","B0FQ5R9BJV","Night Vision Goggles - 5K Night Vision Binoculars for Adults, 10X Digital Zoom, 4'' UHD IPS Screen and 64GB TF Card for Photos and Videos Perfect for Outdoor Camping and Wildlife Observation","Derowern","FBA","Sports & Outdoors",563959,762849681740,"N/A",0762849681740,"N/A","Night Vision Binoculars & Goggles",336,35.99,18,6,6,-79,242.78,242.68,24,3.7,"Derowern-US","China",1,219,"N/A","Large Standard-Size",3.31,6.18,9.45,1.54,97.32,268.48,"04/30/2025",16,7,1,0.25
"https://amazon.com/dp/B0DYDXXJNM","https://m.media-amazon.com/images/I/51RK7H+ABUL._SX450_.jpg","B0DYDXXJNM","Tactical Night Vision Goggles Model GPNVG18 with Adjustable Helmet Bracket NVG Mount for PVS15/PVS18/GPNVG18, No Function (Black)","Gayontech","FBA","Sports & Outdoors",564065,743636580828,"N/A",0743636580828,"N/A","Night Vision Binoculars & Goggles",338,42.99,-38,4,4,,187.25,187.16,6,3.1,"GayongStore","China",1,0,"N/A","Large Standard-Size",7.8,4.9,7,1.1,134.7,371.58,"02/28/2026",13,7,0,0.71
"https://amazon.com/dp/B0CGV952W1","https://m.media-amazon.com/images/I/51SoD1pYPyL._SX450_.jpg","B0CGV952W1","Aetheria Dummy Model Night Vision Goggles for Tactical Hunting Cosplay GPNVG18 Helmet Mount Set-Four-Tube Binocular-Non-Functioning","Aetheria","FBM","Sports & Outdoors",572139,"N/A","N/A",7840911089670,"N/A","Night Vision Binoculars & Goggles",338,47.99,-6,0,0,-129,"-","-",32,3.4,"ZhangLindezuimeixiaodian","China",1,34,-81,"Large Standard-Size",4.72,3.94,12.6,0.99,"N/A","N/A","09/30/2024",31,5,2,0
"https://amazon.com/dp/B0CGVBBGX4","https://m.media-amazon.com/images/I/61YlvVwPduL._SX450_.jpg","B0CGVBBGX4","Aetheria Cosplay Night Vision Goggles for Tactical Hunting Cosplay GPNVG18 Helmet Mount Set-Four-Tube Binocular-Non-Functioning","Aetheria","FBM","Sports & Outdoors",572147,"N/A","N/A",7840911089687,"N/A","Night Vision Binoculars & Goggles",338,50.89,-6,0,0,-129,"-","-",32,3.4,"ZhangLindezuimeixiaodian","China",1,34,-81,"Large Standard-Size",4.72,3.94,12.6,0.99,"N/A","N/A","09/30/2024",31,2,2,0
"https://amazon.com/dp/B0FJG77NT9","https://m.media-amazon.com/images/I/61IF9fgf1FL._SX450_.jpg","B0FJG77NT9","Tactical Night Vision Goggles Model Support Fold Sideways with Adjustable Helmet Mount for PVS15/PVS18/GPNVG18, No Function (Black)","Gayontech","FBA","Sports & Outdoors",573905,743636581351,"N/A",0743636581351,"N/A","Night Vision Binoculars & Goggles",344,42.99,-20,2,5,-121,73.4,223.65,7,3.7,"GayongStore","China",1,0,"N/A","Large Standard-Size",9,5.7,3.6,1.2,92.98,256.5,"11/30/2025",8,7,0,0.23
"https://amazon.com/dp/B07P6DD49W","https://m.media-amazon.com/images/I/51W+5e0i81L._SX450_.jpg","B07P6DD49W","HME COYOTE LIGHT Pro Durable Lightweight Portable Adjustable Intensity Rechargeable Night Vision Hunting Flashlight | Batteries, Case, Handle, 1"" Scope Mount & Charger Included, Green LED","HME","Amazon","Sports & Outdoors",574795,888151020050,00888151020050,0888151020050,"N/A","Night Vision Monoculars",117,228.48,3,3,2,-103,792.32,426.68,"N/A","N/A","Amazon","N/A",6,64,-30,"Large Standard-Size",6.34,10.35,11.77,2.9,"N/A","N/A","12/31/2024",85,5,3,"N/A"
"https://amazon.com/dp/B0FFGVHSMK","https://m.media-amazon.com/images/I/61ksQMJVMyL._SX450_.jpg","B0FFGVHSMK","ZIYOUHU Thermal Monocular-256x192 (50 Hz) Thermal Imaging Monocular for Hunting, 25mm Focal Lens Thermal Scopes for Night Hunting Camping,Handheld Infrared Thermal Monocular Night Vision","ZIYOUHU","FBA","Sports & Outdoors",576523,"N/A","N/A","N/A","N/A","Night Vision Monoculars",115,399.99,-12,5,5,-53,1808.98,1808.84,5,5,"ZIYOUHU","China",1,0,"N/A","Large Standard-Size",7.8,2.7,2.7,0.9,28.63,78.97,"06/30/2025",22,9,0,0.92
"https://amazon.com/dp/B0CLXPQS8Z","https://m.media-amazon.com/images/I/61KPSNQQlIL._SX450_.jpg","B0CLXPQS8Z","MIRAGETARGET L4 G24 Rhino Mount PVS 14 NVG Mount Night Vision Goggles Helmet Mount Compatible with All Models of PVS 15/PVS 18 (Black)","MIRAGETARGET","FBA","Sports & Outdoors",580201,703663397288,"N/A",0703663397288,"N/A","Night Vision Binoculars & Goggles",343,59.99,-31,6,6,,386.46,386.32,"N/A","N/A","Haike Outdoor Sports INC","USA",1,9,"N/A","Large Standard-Size",2.6,3.58,5,0.6,23.43,64.64,"02/28/2026",28,8,0,"N/A"
"https://amazon.com/dp/B0CP2F3SYY","https://m.media-amazon.com/images/I/715rSo-xVuL._SX450_.jpg","B0CP2F3SYY","Night Vision Goggles, 4K Night Vision Binoculars Gift for Men Adult, 3"" Large Screen, 8X Digital Zoom, Adjustable IR Light, Viewing up to 650FT in Total Darkness, 32GB Card for Camping, Hunting","eoqo","FBA","Sports & Outdoors",582983,"N/A","N/A","N/A","N/A","Night Vision Binoculars & Goggles",353,79.99,-18,5,5,-35,370.61,370.45,7,3.9,"Changxun Tech","Hong Kong",1,119,109,"Large Standard-Size",2.91,5.67,7.64,1.23,63.47,175.08,"02/28/2025",27,7,0,0.69
"https://amazon.com/dp/B0F82Y67FZ","https://m.media-amazon.com/images/I/71snPx6mQ6L._SX450_.jpg","B0F82Y67FZ","Night Vision Goggles, 4K Night Vision Binoculars for Adults, Infrared Night Vision with 5000mAh Rechargeable Battery,32GB TF Card,3'' TFT Screen,1968FT Infrared Binoculars for Hunting,Camping&Travel","CSIHOP","FBA","Sports & Outdoors",583842,"N/A","N/A","N/A","N/A","Night Vision Binoculars & Goggles",346,59.99,"N/A",1,1,,59.99,59.98,10,4.2,"CSIHOP-US","China",1,0,"N/A","Large Standard-Size",3.78,7.87,9.09,2.58,136.15,375.58,"07/31/2025",15,8,0,0.1
"https://amazon.com/dp/B0DP2NKDKP","https://m.media-amazon.com/images/I/71KykZaHanL._SX450_.jpg","B0DP2NKDKP","Night Vision Goggles, Head Mounted Night Vision Binoculars for Adults, with Flashlight, 4K Infrared Digital Night Vision, 3000mAH Rechargeable Battery, 1312FT, 32GB SD Card","YUANZIMOO","FBA","Sports & Outdoors",584286,"N/A","N/A","N/A","N/A","Night Vision Binoculars & Goggles",357,99.99,-67,4,4,433,410.46,410.33,10,3.4,"NIANDONG","China",1,119,"N/A","Large Standard-Size",4.17,6.73,9.88,2.43,139.6,385.1,"05/31/2025",16,6,0,0.37
"https://amazon.com/dp/B0DJSSN6DK","https://m.media-amazon.com/images/I/71HFmPBbBQL._SX450_.jpg","B0DJSSN6DK","Portable Thermal Monocular for Hunting,384x288 Ai15 Night Vision Monocular,1.43"" Large AMOLED Display,Thermal Night Vision with Wi-Fi Hotspot/STA/MIC,12hrs+ Battery Powers","GTGUARD","FBA","Sports & Outdoors",586094,"N/A","N/A","N/A","N/A","Night Vision Monoculars",120,498.99,-52,0,0,-125,"-","-",10,3.7,"V8 OFFICIAL","China",1,0,"N/A","Large Standard-Size",3.39,5.51,10.16,1.96,95.55,263.58,"11/30/2025",17,7,2,0.02
"https://amazon.com/dp/B08T1NBY24","https://m.media-amazon.com/images/I/41c+W83LiCL._SX450_.jpg","B08T1NBY24","RETYLY Night Vision with Flip-Out LED for Activities at Night Especially for","RETYLY","-","Sports & Outdoors",588072,"N/A","N/A",4711709157143,"N/A","Night Vision Binoculars & Goggles",355,13.34,"N/A",0,0,,"-","-","N/A","N/A",,"N/A",1,0,"N/A","Large Standard-Size",9.06,7.87,2.95,0.61,"N/A","N/A","-",51,"N/A",0,"N/A"
"https://amazon.com/dp/B0BNHR8X3S","https://m.media-amazon.com/images/I/61sCE1qOH0L._SX450_.jpg","B0BNHR8X3S","Night Vision Binoculars, Night Vision Goggles for Hunting, 5X Digital Zoom 1080P Infrarednight Vision Monocular for Viewing 984ft/300M in 100% Dark Black","TEQIN","FBA","Sports & Outdoors",589690,"N/A","N/A",6955264039041,"N/A","Night Vision Binoculars & Goggles",359,39.99,-46,1,1,-20,53.15,53.11,41,4,"WindyFashion","China",2,33,-90,"Large Standard-Size",3.03,5.2,6.97,0.9,55.27,152.48,"11/30/2024",40,8,1,0.03
"https://amazon.com/dp/B07S95NTNM","https://m.media-amazon.com/images/I/51W+5e0i81L._SX450_.jpg","B07S95NTNM","HME COYOTE LIGHT Pro Durable Lightweight Portable Adjustable Intensity Rechargeable Night Vision Hunting Flashlight | Batteries, Case, Handle, 1"" Scope Mount & Charger Included, White LED","HME","Amazon","Sports & Outdoors",591170,888151020074,"N/A",0888151020074,"N/A","Night Vision Monoculars",119,224.19,-7,3,1,-103,792.32,318.57,"N/A","N/A","Amazon","N/A",4,64,-30,"Large Standard-Size",4.06,6.77,12.68,2.89,"N/A","N/A","12/31/2024",82,5,3,"N/A"
"https://amazon.com/dp/B09XMWF89J","https://m.media-amazon.com/images/I/41N+ArsLI7L._SX450_.jpg","B09XMWF89J","PARD Night Vision Scope, Hunting Night Vision with IR 940nm, Night Vision Monocular for Hunting, Surveillance, Animal Observation,NV008SP2LRF-940nm","Pard","FBM","Sports & Outdoors",592440,"N/A","N/A","N/A","N/A","Night Vision Monoculars",144,499,"N/A",7,4,-21,3708.06,1949.24,18,4,"PARD","China",1,81,"N/A","Large Standard-Size",3.5,4.76,11.54,2.97,"N/A","N/A","10/31/2025",47,6,2,0.41
"https://amazon.com/dp/B0BFG7H6KZ","https://m.media-amazon.com/images/I/61HLEP1rhTL._SX450_.jpg","B0BFG7H6KZ","Dragon RVX Mag OTG Goggles Light Rose Lumalens Light Rose+Lumalens Dark Smoke","Dragon Alliance","FBM","Sports & Outdoors",595002,886895551076,"N/A",0886895551076,"N/A","Night Vision Binoculars & Goggles",1025,169.95,10,1,0,-97,238.8,"-",8,4.7,"Green Room Extreme Outdoors","USA",2,81,-50,"Large Standard-Size",4.65,6.1,8.35,1.09,"N/A","N/A","11/30/2024",42,4,24,0.17
"https://amazon.com/dp/B0CY16GT91","https://m.media-amazon.com/images/I/41XTLIRxT1L._SX450_.jpg","B0CY16GT91","RIX Thermal Monocular Stride ST6 Thermal Imaging Monocular for Hunting 640x512 (50 Hz), Handheld Thermal Monocular for Hunters, Monocular Thermal Vision","RIX","FBM","Sports & Outdoors",596254,"N/A","N/A","N/A","N/A","Night Vision Monoculars",121,2999,-6,2,2,-69,6317.24,6317.19,7,5,"Freedom USA Sales","USA",2,86,"N/A","Large Standard-Size",4.92,5.98,9.72,3.04,"N/A","N/A","12/31/2024",24,7,0,0.3
"https://amazon.com/dp/B0F4958BYZ","https://m.media-amazon.com/images/I/71T+5PBPMkL._SX450_.jpg","B0F4958BYZ","Night Vision Goggles for Adults, 4K with 58MP Full Color & AI Image Processing, IP66 Waterproof, 5000mAh Rechargeable Battery, 64GB SD Card, Tactical LED Light for Hunting Camping Gifts for Men","JOYNAS","FBA","Sports & Outdoors",596504,"N/A","N/A","N/A","N/A","Night Vision Binoculars & Goggles",360,69.99,-63,2,2,-109,132.83,132.75,22,4.5,"JOYNAS US","China",1,0,"N/A","Large Standard-Size",3.9,8.11,10.28,3.84,163.7,451.59,"05/31/2025",11,9,0,0.08
"https://amazon.com/dp/B09QFYRHKB","https://m.media-amazon.com/images/I/51Y+QtK7NEL._SX450_.jpg","B09QFYRHKB","OWLNV Day&Night Vision Rifle Scope, HD Digital Night Vision Hunting Riflescope Monocular with Rangefinder, WiFi, Gyroscope&E-Compass, IR Illuminator 940nm, iOS & Android Apps Waterproof L3-LRF","OWLNV","FBM","Sports & Outdoors",601488,"N/A","N/A","N/A","N/A","Night Vision Monoculars",123,399.98,"N/A",0,0,,"-","-",1,1,"Owlnv","China",1,3,-73,"Large Standard-Size",3.35,5.24,8.78,2.34,"N/A","N/A","10/31/2024",50,9,0,0
"https://amazon.com/dp/B0D7GV6QBN","https://m.media-amazon.com/images/I/41Mg8Zvz6tL._SX450_.jpg","B0D7GV6QBN","Helmet Mount,NVG Mount Night Vision Goggles Helmet Mount Adjustable Full Nylon Tactical Helmet Mount for L4G24 Nvg Mount for pvs-15/18 pvs 31 Type Mock nvgs Mount (Black-Nylon)","Wokyo","FBA","Sports & Outdoors",602454,"N/A","N/A","N/A","N/A","Night Vision Binoculars & Goggles",367,16.99,-21,5,2,-86,80.34,27.2,6,3.2,"Rayone","China",2,60,"N/A","Large Standard-Size",2.24,4.02,4.37,0.26,19.83,54.7,"08/31/2025",21,9,2,0.76
"https://amazon.com/dp/B0FDW99SWF","https://m.media-amazon.com/images/I/71Wzb2nrkEL._SX450_.jpg","B0FDW99SWF","Bansainong 256x192 Thermal Scope, Thermal Riflescope with Night Vision Scope, 60Hz Refresh Rate, Adjustable 11 Color Palettes, Dual System with High Sensitivity for Outdoor Activities & Hunting （M","Bansainong","FBA","Sports & Outdoors",604102,"N/A","N/A","N/A","N/A","Night Vision Monoculars",124,399.99,"N/A",0,0,-144,"-","-",12,3.7,"Bansainong","China",1,0,"N/A","N/A","N/A","N/A","N/A","N/A","N/A","N/A","10/31/2025",9,9,0,0
"https://amazon.com/dp/B0F9YZPW5M","https://m.media-amazon.com/images/I/51a6fAdXlzL._SX450_.jpg","B0F9YZPW5M","Housoutil Monocular Night Vision Telescope Portable Telescope for Adults for Stargazing Outdoor Activities Hiking Camping","Housoutil","FBM","Sports & Outdoors",604743,"N/A","N/A","N/A","N/A","Night Vision Monoculars",124,18.49,-28,5,5,1150,73.29,73.17,"N/A","N/A","Entertainment First","China",1,0,"N/A","Large Standard-Size",6.69,2.55,2.55,0.48,"N/A","N/A","01/31/2026",10,9,0,"N/A"
"https://amazon.com/dp/B0FRKV435T","https://m.media-amazon.com/images/I/61iT6FkSFcL._SX450_.jpg","B0FRKV435T","Sig Sauer Echo MV50-DV 1.5-24x50mm Dual View Thermal Monocular - Adjustable FOV, Photo & Video Capture, App Control, 10-Hour Runtime - Waterproof IP67 Nighttime Hunting Monocular (SOEC42320)","Sig Sauer","FBM","Sports & Outdoors",605977,798681704194,00798681704194,0798681704194,"N/A","Night Vision Monoculars",127,3599.99,-33,4,4,,16191.02,16190.85,"N/A","N/A","Sports-and-Gadgets","USA",5,0,"N/A","N/A","N/A","N/A","N/A","N/A","N/A","N/A","10/31/2025",6,7,0,"N/A"
"https://amazon.com/dp/B0DBF8T881","https://m.media-amazon.com/images/I/511jDUtQ3FL._SX450_.jpg","B0DBF8T881","Jeekootoop PVS15 Night Vision Goggles Dummy Model With Mount, No Function Binocular for Tactical Helmet NVG Mount, CS Game, Cosplay Prop (Tan)","Jeekootoop","FBM","Sports & Outdoors",611182,747086237806,"N/A",0747086237806,"N/A","Night Vision Binoculars & Goggles",369,49.99,-15,0,0,-129,"-","-",17,3.5,"Jeekootoop","China",1,118,"N/A","N/A","N/A","N/A","N/A","N/A","N/A","N/A","09/30/2025",20,3,2,0
"https://amazon.com/dp/B0DB89H7S1","https://m.media-amazon.com/images/I/51T+-DzUdYL._SX450_.jpg","B0DB89H7S1","Tactical Airsoft Hunting PVS15 Dummy Night Vision Goggles Model with Mount, No Function Binocular Night Vision for Tactical Helmet NVG Mount, CS Game, Cosplay Prop","Jeekootoop","FBA","Sports & Outdoors",611182,747086245177,"N/A",0747086245177,"N/A","Night Vision Binoculars & Goggles",369,49.99,-9,0,0,-135,"-","-",17,3.5,"Jeekootoop","China",2,118,"N/A","Large Standard-Size",3.54,5.28,10.67,0.88,100.41,276.99,"09/30/2025",20,7,2,0
"https://amazon.com/dp/B0FSQJP412","https://m.media-amazon.com/images/I/71bq6wTEhqL._SX450_.jpg","B0FSQJP412","ZOOTEALY 4K Night Vision Binoculars for Adults: 48MP Infrared Night Vision Goggles with 4.0"" Screen - 10X Digital Zoom - 32GB Card - 2600FT Range - 5000mAh Battery for Camping Hunting & Observation","ZOOTEALY","FBA","Sports & Outdoors",611837,"N/A","N/A","N/A","N/A","Night Vision Binoculars & Goggles",371,47.99,-38,4,4,-87,175.09,175.04,4,4.5,"saduoniy","China",1,0,"N/A","Large Standard-Size",3.9,6.89,7.68,1.41,103.9,286.62,"11/30/2025",4,9,0,0.91
"https://amazon.com/dp/B0G63SDN5V","https://m.media-amazon.com/images/I/81mHJ2bZHYL._SX450_.jpg","B0G63SDN5V","WARMTUYO 9 Gear Night Vision Goggles","WARMTUYO","FBA","Sports & Outdoors",614006,"N/A","N/A","N/A","N/A","Night Vision Binoculars & Goggles",378,59.99,"N/A",0,0,-143,"-","-",89,3.8,"WARMTUYO","China",0,0,"N/A","N/A","N/A","N/A","N/A","N/A","N/A","N/A","11/30/2025",3,7,3,0
"https://amazon.com/dp/B0DQNCL88B","https://m.media-amazon.com/images/I/71tukksJY3L._SX450_.jpg","B0DQNCL88B","4K Night Vision Goggles - Night Vision Binoculars for Adult, 10X Digital Zoom, 3'' HD Screen, Up to 1640FT Viewing Range, with 64GB TF Card to Save Photos Videos, Camping Hiking Security Gifts for Men","GOSALISU","FBA","Sports & Outdoors",615209,"N/A","N/A","N/A","N/A","Night Vision Binoculars & Goggles",376,69.99,-33,3,3,-52,242.73,242.65,12,3.5,"GOSALISU","China",1,64,"N/A","Large Standard-Size",2.6,6.57,7.8,1.3,67.08,185.06,"01/31/2025",2,8,0,0.29
"https://amazon.com/dp/B0CWP42PZN","https://m.media-amazon.com/images/I/81mHJ2bZHYL._SX450_.jpg","B0CWP42PZN","WARMTUYO Night Vision Goggles, 4K Binoculars with Camera, 3.5"" HD Display and 32GB TF Card, 9 Gear Night Vision, 16X Digital Zoom, 5000mAh Battery Nightvision","WARMTUYO","FBA","Sports & Outdoors",615404,"N/A","N/A","N/A","N/A","Night Vision Binoculars & Goggles",376,59.99,-36,0,0,-147,"-","-",89,3.8,"WARMTUYO","China",1,0,"N/A","Large Standard-Size",3.35,7.01,8.78,2.05,103.81,286.37,"11/30/2025",26,7,3,0
"https://amazon.com/dp/B0BWSZXCRT","https://m.media-amazon.com/images/I/41C7hXhjqPL._SX450_.jpg","B0BWSZXCRT","Night Vision Goggles, R18 Digital Night Vision Binoculars for Total Dark, 2.4'' 1080p Photo & Video Infrared Night Vision Scope for Hunting Travel Surveillance","LIZHOUMIL","Amazon","Sports & Outdoors",616651,"N/A","N/A",6955384198321,"N/A","Night Vision Binoculars & Goggles",377,47.24,-4,0,0,-150,"-","-",23,3.7,"Amazon","N/A",1,19,-92,"Large Standard-Size",2.91,5.16,6.77,0.88,"N/A","N/A","11/30/2024",37,7,0,0
"https://amazon.com/dp/B0CMZNVBZG","https://m.media-amazon.com/images/I/51Qv6pNPEPL._SX450_.jpg","B0CMZNVBZG","M5 Night Vision Scope, Infrared Digital Night Vision Monocular FHD 1080P Hunting Surveillance in Total Darkness, 32GB Memory Card for Photo and Video Storage","KOLINLOV","FBM","Sports & Outdoors",617500,754525314882,"N/A",0754525314882,"N/A","Night Vision Monoculars",132,99.99,-9,2,2,-44,219.31,219.17,18,3.6,"KOLINLOV","China",1,42,"N/A","N/A","N/A","N/A","N/A","N/A","N/A","N/A","07/31/2024",28,9,0,0.12
"https://amazon.com/dp/B0DBPPDNVJ","https://m.media-amazon.com/images/I/71irVP4rKQL._SX450_.jpg","B0DBPPDNVJ","Night Vision Goggles, COLALY Night Vision Binoculars for Adults 2.8'' Large Screen, 10X Digital Zoom, 2000mAh Battery, Save Photo and Video, Support PC, 2.0MP Infrared Scope for Camping & Security","COLALY","FBM","Sports & Outdoors",618964,"N/A","N/A","N/A","N/A","Night Vision Binoculars & Goggles",382,79.99,-27,2,2,200,130.56,130.5,52,3.5,"Ningqingbaihuo","China",1,21,"N/A","Large Standard-Size",3.78,5.87,7.52,1.08,"N/A","N/A","09/30/2024",19,9,0,0.03
"https://amazon.com/dp/B0CB7KRG4L","https://m.media-amazon.com/images/I/51Q6AQkk0qL._SX450_.jpg","B0CB7KRG4L","PVS-14 Monocular Night Vision Device, Head-Mounted Micro Light Infrared Monocular for Observation and Patrol","MAYD","FBM","Sports & Outdoors",621562,"N/A","N/A",7359500553275,"N/A","Night Vision Monoculars",133,241.88,-22,5,5,1400,1096.16,1096.11,7,3,"ROUASD TOY","China",1,29,"N/A","Large Standard-Size",5.91,3.15,3.94,0.99,"N/A","N/A","11/30/2024",32,9,0,0.71
"https://amazon.com/dp/B0D5MCMLHD","https://m.media-amazon.com/images/I/71jVchhMEYL._SX450_.jpg","B0D5MCMLHD","Gthunder 4K UHD Night Vision Goggles, 4'' IPS HD Rechargeable Night Vision Binoculars for Camping Hunting & Security, Digital Infrared, WiFi, PiP","GTHUNDER","FBA","Sports & Outdoors",622286,850048244221,"N/A",0850048244221,"N/A","Night Vision Binoculars & Goggles",373,119.99,-19,1,1,-109,69.94,69.91,23,3.7,"GTHUNDER","USA",1,39,"N/A","Large Standard-Size",3.11,6.26,9.49,1.52,93.02,256.61,"11/30/2024",19,6,0,0.03
"https://amazon.com/dp/B0BGL5PGXX","https://m.media-amazon.com/images/I/412-aUeTFlL._SX450_.jpg","B0BGL5PGXX","oneleaf.ai Find NV200 True 4K 35mm Night Vision Binoculars, Day/Night Vision Goggles with Rangefinder","oneleaf.ai","FBA","Sports & Outdoors",622928,"N/A","N/A","N/A","N/A","Night Vision Binoculars & Goggles",386,529.98,-9,0,0,-100,"-","-",9,4.6,"Akk Technology Inc","Hong Kong",1,36,-16,"Large Standard-Size",3.5,10.59,11.46,3.73,213.86,589.95,"11/30/2025",42,7,0,0.04
"https://amazon.com/dp/B07X1LLH72","https://m.media-amazon.com/images/I/513k7cnbSvL._SX450_.jpg","B07X1LLH72","Helmet Accessory Improved Version PVS-14 /PVS-18 Single-Barrel Night Vision Model Metal Dumper（Night Vision Goggle NOT Included）","LIVIQILY","FBM","Sports & Outdoors",624540,"N/A","N/A",6925195002193,"N/A","Night Vision Binoculars & Goggles",388,29.99,-37,1,1,,31.23,31.19,465,3.6,"DMAIP","China",1,2,-99,"Large Standard-Size",2.72,2.72,5.59,0.4,"N/A","N/A","09/30/2024",79,7,0,0
"https://amazon.com/dp/B0D7H14246","https://m.media-amazon.com/images/I/51l5A9WalsL._SX450_.jpg","B0D7H14246","Helmet Mount,NVG Mount Night Vision Goggles Helmet Mount Adjustable Full Nylon Tactical Helmet Mount for L4G24 Nvg Mount for pvs-15/18 pvs 31 Type Mock nvgs Mount (Desert-Nylon)","Wokyo","FBA","Sports & Outdoors",626417,"N/A","N/A","N/A","N/A","Night Vision Binoculars & Goggles",378,17.33,-15,5,3,-86,80.34,52.88,6,3.2,"Rayone","China",2,60,"N/A","Large Standard-Size",2.09,3.74,5.39,0.27,21.19,58.46,"08/31/2025",21,9,2,0.76
"https://amazon.com/dp/B0CJFQXC1P","https://m.media-amazon.com/images/I/51jFklcL9SL._SX450_.jpg","B0CJFQXC1P","PARD Night Vision Monocular, Digital Night Vision Goggles for Wildlife Viewing, Hunting & Outdoor. IR Illuminator with 200m, 1024 * 768px, Photos and Videos Playback, WiFi. NV009-850nm","Pard","FBA","Sports & Outdoors",628560,"N/A","N/A","N/A","N/A","Night Vision Monoculars",134,249,-48,4,2,-121,951.2,472.95,11,4,"PARD","China",1,59,"N/A","Large Standard-Size",4.02,5.83,7.48,1.9,88.26,243.48,"11/30/2025",30,8,2,0.35
"https://amazon.com/dp/B0CJFQL29B","https://m.media-amazon.com/images/I/51jFklcL9SL._SX450_.jpg","B0CJFQL29B","PARD Night Vision Monocular, Digital Night Vision Goggles for Wildlife Viewing, Hunting & Outdoor. IR Illuminator with 200m, 1024 * 768px, Photos and Videos Playback, WiFi. NV009-940nm","Pard","FBA","Sports & Outdoors",628590,"N/A","N/A","N/A","N/A","Night Vision Monoculars",134,249,-21,4,2,-121,951.2,478.12,11,4,"PARD","China",1,59,"N/A","Large Standard-Size",3.98,5.71,7.68,1.92,87.74,242.04,"11/30/2025",30,8,2,0.35
"https://amazon.com/dp/B0FNM6GZTV","https://m.media-amazon.com/images/I/81BpxKz+NNL._SX450_.jpg","B0FNM6GZTV","Nightiger Night Vision Binoculars Long Viewing Range, with Ranging Function, Big Screen 10X Digital Zoom,Built-in 7000mAh Rechargeable Battery, 4K Night Vision Goggles for Adults","Nightiger","FBA","Sports & Outdoors",629164,"N/A","N/A","N/A","N/A","Night Vision Binoculars & Goggles",390,359.99,"N/A",3,3,,999.49,999.42,1,5,"Nightiger-USA","China",1,0,"N/A","Large Standard-Size",10.8,7.8,3.5,3,148.44,409.5,"10/31/2025",7,6,0,2.78
"https://amazon.com/dp/B0DRHW81G6","https://m.media-amazon.com/images/I/811DCgxaA3L._SX450_.jpg","B0DRHW81G6","Night Vision Goggles - 4K Night Vision Binoculars for Adults, 5000mAh Rechargeable Infrared Binoculars with 3'' Large Screen, 8X Digital Zoom for Camping Hunting & Security","GibHerz","FBA","Sports & Outdoors",632263,"N/A","N/A","N/A","N/A","Night Vision Binoculars & Goggles",391,99.99,37,0,0,-147,"-","-",13,4.2,"GibHerz-US","China",1,155,"N/A","Large Standard-Size",3.7,7.95,8.74,2.6,129.44,357.07,"03/31/2025",15,6,0,0
"https://amazon.com/dp/B07YCXF1W2","https://m.media-amazon.com/images/I/61spmLacB2L._SX450_.jpg","B07YCXF1W2","AGM Global Vision PVS-7 NL1 Gen 2+""""Level 1"""" Night Vision Goggle","AGM Global Vision","Amazon","Sports & Outdoors",634484,810027770486,"N/A",0810027770486,"N/A","Night Vision Binoculars & Goggles",394,2545.75,-27,3,3,200,6779.41,6779.33,5,3.2,"Amazon","N/A",4,51,410,"Large Standard-Size",4.41,7.2,12.56,2.67,"N/A","N/A","06/30/2025",78,4,0,0.51
"https://amazon.com/dp/B0FMHTLCM1","https://m.media-amazon.com/images/I/71eajA2SK6L._SX450_.jpg","B0FMHTLCM1","4K Digital Night Vision Monocular, 1314FT Nightvision Distance & Manual Focus & Diopter, Night Vision Goggles with Infrared Illuminator, 36MP Photo & 4K Video Recording with 32GB Card","Dumjug","FBA","Sports & Outdoors",635413,"N/A","N/A","N/A","N/A","Night Vision Monoculars",135,139.99,-30,5,5,,756.07,755.96,1,5,"Dumjug Direct","China",1,0,"N/A","Large Standard-Size",3.03,6.73,6.85,0.88,70.33,194.01,"12/31/2025",7,7,0,5.4
"https://amazon.com/dp/B0D1VCB52Z","https://m.media-amazon.com/images/I/61q7Ey0tPKL._SX450_.jpg","B0D1VCB52Z","CANIS SPORT INC New Metal L4G24 Night-Vision arms Mount for PVS18+ Tactical 3-Hole Night Vision NVG Mount Shroud for ACH/MICH/OPS-Core Fast Helmet/Crye, black","CANIS SPORT INC","FBA","Sports & Outdoors",638514,797999632601,"N/A",0797999632601,"N/A","Night Vision Binoculars & Goggles",399,77.99,-5,2,2,117,139.71,139.64,"N/A","N/A","CANIS SPORT INC","China",1,13,"N/A","Large Standard-Size",5.51,5.12,2.76,0.78,39.2,108.14,"01/31/2026",23,7,0,"N/A"
"https://amazon.com/dp/B0DNCPCDGN","https://m.media-amazon.com/images/I/61d5zyQthLL._SX450_.jpg","B0DNCPCDGN","Night Vision Goggles, Night Vision Binoculars with 32GB TF Card, 7 Level IR, 5X Digital Zoom,2000mAh,IP65 Waterproof & for Camping & Security","GTMEDIA","FBA","Sports & Outdoors",638587,"N/A",06977558620346,"N/A","N/A","Night Vision Binoculars & Goggles",398,75.99,-5,0,0,-133,"-","-",15,3.6,"Meilika","China",1,104,"N/A","Large Standard-Size",3.7,6.3,8.66,1.92,101.63,280.37,"01/31/2025",16,7,0,0
"https://amazon.com/dp/B0DTHKXTSB","https://m.media-amazon.com/images/I/31pX4eZ6HlL._SX450_.jpg","B0DTHKXTSB","D Lolylad Night Driving Glasses for Men Women- Polarized anti Glare Night Time Driving Glasses for Night Vision","D Lolylad","FBA","Sports & Outdoors",639693,"N/A","N/A","N/A","N/A","Night Vision Binoculars & Goggles",400,11.99,-7,20,24,,242.4,289.77,10,4.6,"D❤Lolylad","China",1,0,"N/A","Large Standard-Size",1.26,2.4,6.46,0.11,9.84,27.13,"02/28/2026",14,5,0,2.02
"https://amazon.com/dp/B08TV8SLLF","https://m.media-amazon.com/images/I/51mQmOuCV0L._SX450_.jpg","B08TV8SLLF","AGM Global Vision NVG-50 NL1 Dual Tube Night Vision Goggle/Binocular 51 Degree FOV Gen 2+ ""Level 1"", Black","AGM Global Vision","Amazon","Sports & Outdoors",641926,810027773975,00810027773975,0810027773975,"N/A","Night Vision Binoculars & Goggles",395,4599.99,-13,0,0,,"-","-",1,5,"Amazon","N/A",4,13,225,"Large Standard-Size",4.41,5.43,9.76,2.34,"N/A","N/A","09/30/2025",62,9,0,0
"https://amazon.com/dp/B0C8H5PXQK","https://m.media-amazon.com/images/I/51L8MeeIAmL._SX450_.jpg","B0C8H5PXQK","Night Vision L4G69 Helmet Mount, Tactical Airsoft NVG Mount for PVS15 PVS18 GPNVG18 Night Vision Goggles","Shanyingquan","FBA","Sports & Outdoors",643506,"N/A","N/A","N/A","N/A","Night Vision Binoculars & Goggles",398,21.99,1,3,2,200,72.97,53.14,14,3.4,"Huenco","China",2,38,-46,"Large Standard-Size",2.32,3.54,3.98,0.24,16.48,45.46,"09/30/2024",33,7,2,0.24