"URL","Image URL","ASIN","Title","Brand","Fulfillment","Category","BSR","UPC","GTIN","EAN","ISBN","Subcategory","Subcategory BSR","Price","Price Trend (90 days) (%)","Parent Level Sales","ASIN Sales","Sales Trend (90 days) (%)","Parent Level Revenue","ASIN Revenue","Review Count","Reviews Rating","Seller","Seller Country/Region","Number of Active Sellers","Last Year Sales","Sales Year Over Year (%)","Size Tier","Length","Width","Height","Weight","Storage Fee (Jan - Sep)","Storage Fee (Oct - Dec)","Best Sales Period","Age (Month)","Number of Images","Variation Count","Sales to Reviews"
"https://amazon.com/dp/B0C8H5PXQK","https://m.media-amazon.com/images/I/51L8MeeIAmL._SX450_.jpg","B0C8H5PXQK","Night Vision L4G69 Helmet Mount, Tactical Airsoft NVG Mount for PVS15 PVS18 GPNVG18 Night Vision Goggles","Shanyingquan","FBA","Sports & Outdoors",643506,"N/A","N/A","N/A","N/A","Night Vision Binoculars & Goggles",398,21.99,1,3,2,200,72.97,53.14,14,3.4,"Huenco","China",2,38,-46,"Large Standard-Size",2.32,3.54,3.98,0.24,16.48,45.46,"09/30/2024",33,7,2,0.24
"https://amazon.com/dp/B0C8H5YH2H","https://m.media-amazon.com/images/I/51I2kWN3QFL._SX450_.jpg","B0C8H5YH2H","Night Vision L4G69 Helmet Mount, Tactical Airsoft NVG Mount for PVS15 PVS18 GPNVG18 Night Vision Goggles","Shanyingquan","FBA","Sports & Outdoors",643506,"N/A","N/A","N/A","N/A","Night Vision Binoculars & Goggles",398,22.99,4,3,1,200,72.97,19.61,14,3.4,"Huenco","China",2,38,-46,"Large Standard-Size",2.28,3.62,4.13,0.23,17.21,47.49,"09/30/2024",33,7,2,0.24
"https://amazon.com/dp/B0DMFBYZTN","https://m.media-amazon.com/images/I/518x2AqiwXL._SX450_.jpg","B0DMFBYZTN","Metal NVG Night Vision Goggles Helmet Mount and Shroud Combo, Fit for AN/PVS-15 • AN/PVS-18 • AN/PVS-31 (L3Harris BNVD & BNVD1531) • GPNVG-18 (Dovetail) • AN/PSQ-36 FGS (Dovetail), Black","HATSEN","FBM","Sports & Outdoors",644486,719899136492,"N/A",0719899136492,"N/A","Night Vision Binoculars & Goggles",402,99.99,-29,0,0,-150,"-","-","N/A","N/A","relaxed customization","China",1,0,"N/A","N/A","N/A","N/A","N/A","N/A","N/A","N/A","11/30/2025",16,6,0,"N/A"
"https://amazon.com/dp/B0C61J5G7H","https://m.media-amazon.com/images/I/51F+Zxhk-zL._SX450_.jpg","B0C61J5G7H","Night Vision Monocular for Hunting,1080P,Clip on Scope with IR 850nm&940nm,Infrared Hunting Scopes for Rifles,IR Illuminator with WiFi for Day Night Viewing","OWLNV","FBM","Sports & Outdoors",645852,"N/A","N/A","N/A","N/A","Night Vision Monoculars",138,235.98,-18,3,4,,738.84,839.37,11,4.2,"Owlnv","China",1,3,-88,"Large Standard-Size",3,5.6,6.8,1.55,"N/A","N/A","07/31/2024",33,13,0,0.29
"https://amazon.com/dp/B0D6K41TY7","https://m.media-amazon.com/images/I/81-1xH5QYxL._SX450_.jpg","B0D6K41TY7","Nightiger Night Vision Binoculars High Resolution 6x5 Excellent Color Optics Built-in 6000mAh Rechargeable Batteries FHD Night Vision Goggles with Camera Night Vision Monocular Telescope Binoculars","Nightiger","FBA","Sports & Outdoors",646126,"N/A","N/A","N/A","N/A","Night Vision Binoculars & Goggles",405,99.39,-32,0,0,-150,"-","-",35,4.4,"Nightiger-USA","China",1,0,"N/A","Large Standard-Size",3.43,5.67,8.98,1.9,87.93,242.56,"08/31/2025",21,6,0,0
"https://amazon.com/dp/B0D1XS3PKJ","https://m.media-amazon.com/images/I/71xb8vth28L._SX450_.jpg","B0D1XS3PKJ","CANIS SPORT INC New Version PVS-18 Pro Infrared 2.7X 32 Digital Night Vision PVS-18 Pro high-Performance Infrared Lightweight Design for Hunting, black","CANIS SPORT INC","FBA","Sports & Outdoors",647363,797999632625,"N/A",0797999632625,"N/A","Night Vision Binoculars & Goggles",402,200,10,4,4,,885.42,885.34,3,3.3,"KANGSHENG STORE","China",1,0,"N/A","Large Standard-Size",7.5,5.16,3.35,1.3,65.27,180.06,"10/31/2025",23,7,0,1.28
"https://amazon.com/dp/B0CPVK1SF3","https://m.media-amazon.com/images/I/61DApYNS2qL._SX450_.jpg","B0CPVK1SF3","FMA Airsoft Hunting Tactical GPNVG18 Dummy Model Night Vision Goggles No Function Four-Tube Binoculars & L4G19 NVG Helmet Mount Plastic Bracket Helmet Accessories for Tactical Hunting Cosplay (Brown)","Chestnut-YX","FBM","Sports & Outdoors",647394,"N/A","N/A",7758496599241,"N/A","Night Vision Binoculars & Goggles",403,79.9,-29,3,1,,247.29,77.42,"N/A","N/A","Chestnut-YX","China",1,5,-29,"N/A","N/A","N/A","N/A","N/A","N/A","N/A","02/28/2026",27,7,2,"N/A"
"https://amazon.com/dp/B09XWLVMVX","https://m.media-amazon.com/images/I/413jbxK35LL._SX450_.jpg","B09XWLVMVX","LEJUNJIE Tactical Helmet Mounting Bracket for Rhino NVG PVS-14/PVS-7 Night Vision Goggles Mount&Fast ACH PASGT MICH Helmets M88","LEJUNJIE","FBA","Sports & Outdoors",648160,730373423570,"N/A",0730373423570,"N/A","Night Vision Binoculars & Goggles",403,34.99,13,0,0,-136,"-","-",34,3.2,"Lejunjie","China",1,99,15,"Large Standard-Size",3.03,5.87,10.83,0.37,96.98,267.53,"06/30/2025",47,7,1,0
"https://amazon.com/dp/B0DL2TT9XN","https://m.media-amazon.com/images/I/51cPAsDao4L._SX450_.jpg","B0DL2TT9XN","Tactical Airsoft Hunting GPNVG18 Dummy Night Vision Goggles Model with Mount, No Function Night Vision Binoculars & Goggles for Tactical Helmet NVG Mount, Cosplay Prop (Black)","Keetopteep","FBA","Sports & Outdoors",649754,747086917562,"N/A",0747086917562,"N/A","Night Vision Binoculars & Goggles",404,52.99,-14,1,1,-123,54.07,54.02,2,3.5,"Keetopteep","China",1,95,"N/A","Large Standard-Size",3.78,5.75,8.94,1.21,97.83,269.88,"09/30/2025",17,7,1,0.52
"https://amazon.com/dp/B0DZX6V2JQ","https://m.media-amazon.com/images/I/71+hmqiMeDL._SX450_.jpg","B0DZX6V2JQ","Night Vision Goggles True 4K Rechargeable IR Night Vision Binoculars Day Night Use with Photo & Video Digital Zoom Infrared Full-Color Monocular Compact Binoculars High Powered for Adults","Crangcam","FBA","Sports & Outdoors",656605,"N/A","N/A","N/A","N/A","Night Vision Binoculars & Goggles",411,75.99,-42,2,2,600,182.1,181.97,12,4.4,"YIDOHOCK","China",1,0,"N/A","Large Standard-Size",3.5,5.75,9,1.5,91.19,251.56,"11/30/2025",12,6,2,0.2
"https://amazon.com/dp/B0CRSQRN5S","https://m.media-amazon.com/images/I/71h5qhVZ9lL._SX450_.jpg","B0CRSQRN5S","Sheawasy Night Vision Monocular, Digital Infrared Night Vision for 100% Darkness, 1080P FHD Video, 32GB Included, for Travel, Camping, Hunting, Surveillance","Sheawasy","FBA","Sports & Outdoors",658324,"N/A","N/A","N/A","N/A","Night Vision Monoculars",142,45.99,-49,0,0,-108,"-","-",21,3.9,"Sheawasy","China",1,43,-77,"Large Standard-Size",3.31,3.43,6.54,0.77,37.38,103.13,"10/31/2024",26,6,0,0
"https://amazon.com/dp/B0FN7Q6KKC","https://m.media-amazon.com/images/I/61n8pqJ+ZjL._SX450_.jpg","B0FN7Q6KKC","AI-Powered AR Eyewear 48MP Thermal Night Vision Goggles, Sonar Fishing Camera, Dual-Lens Endoscope, Smart Glasses for Hunting, Fishing, Technical Inspections & Repair(Desert Yellow Color)","Generic","FBM","Sports & Outdoors",658345,721776002646,"N/A",0721776002646,"N/A","Night Vision Binoculars & Goggles",407,2299,-22,7,7,,15054.53,15054.48,3,5,"shenzhenshijinmanxiukejiyouxiangongsi","China",1,0,"N/A","Large bulky",16,16,8,4.5,"N/A","N/A","02/28/2026",7,9,0,2.18
"https://amazon.com/dp/B0FX4CQLKD","https://m.media-amazon.com/images/I/61lUKqW3GDL._SX450_.jpg","B0FX4CQLKD","GOYOJO Night Vision Goggles Mount – NVG Helmet Mounting Bracket, Adjustable Night Vision Binocular Connector for Helmet Mount System | Lightweight, Stable, and Quick-Detach Design","GOYOJO","FBM","Sports & Outdoors",660888,"N/A","N/A","N/A","N/A","Night Vision Binoculars & Goggles",412,239,13,4,4,,846.29,846.24,"N/A","N/A","MeasureUp Store","Hong Kong",1,0,"N/A","N/A","N/A","N/A","N/A","N/A","N/A","N/A","02/28/2026",5,9,0,"N/A"
"https://amazon.com/dp/B0DB44DPBB","https://m.media-amazon.com/images/I/71xcK-fRVyL._SX450_.jpg","B0DB44DPBB","US Military Black NVG Bracket for Night Vision Goggles Shroud Norotos Used on ACH/MICH/CVC Helmet Rhino Mount Front Bracket with Screw","Gear Rack","-","Sports & Outdoors",665288,"N/A","N/A","N/A","N/A","Night Vision Binoculars & Goggles",416,29.95,"N/A",1,1,,29.95,29.92,"N/A","N/A",,"N/A",1,0,"N/A","N/A","N/A","N/A","N/A","N/A","N/A","N/A","-",20,"N/A",0,"N/A"
"https://amazon.com/dp/B0C2T48VZG","https://m.media-amazon.com/images/I/41IKkfJwcPL._SX450_.jpg","B0C2T48VZG","oneleaf.ai Find NV200 True 4K 50mm Day/Night Vision Binoculars","oneleaf.ai","FBA","Sports & Outdoors",668153,"N/A","N/A","N/A","N/A","Night Vision Binoculars & Goggles",415,419.99,-12,1,1,-121,438.52,438.48,33,3.5,"Bright Sky Curations","USA",2,31,-80,"Large Standard-Size",3.74,10.67,11.46,3.64,230.25,635.17,"11/30/2024",35,7,0,0.03
"https://amazon.com/dp/B0CLPCMW88","https://m.media-amazon.com/images/I/71q4mEJ8nnL._SX450_.jpg","B0CLPCMW88","AGM Global Vision Neith DC32-4MP 2560 x 1440 Digital Day and Night Vision Clip-On System; Quick Conversion of Daytime Optics Into Night Vision Device; Waterproof and Shockproof","AGM Global Vision","FBM","Sports & Outdoors",668619,810027772374,"N/A",0810027772374,"N/A","Night Vision Monoculars",147,525.08,-45,3,3,-68,1601.95,1601.87,3,3.9,"Freedom USA Sales","USA",6,69,53,"Large Standard-Size",4.61,9.65,13.35,4.34,"N/A","N/A","10/31/2024",29,5,0,0.89
"https://amazon.com/dp/B0CJX2D83C","https://m.media-amazon.com/images/I/61UGEuOcE2L._SX450_.jpg","B0CJX2D83C","AGM Global Vision Wolf-14 NW1 – Night Vision Monocular Gen 2+ P45-White Phosphor Level 1, Black","Generic","Amazon","Sports & Outdoors",669231,810027777256,"N/A",0810027777256,"N/A","Monoculars",696,1950.75,-30,2,2,-62,4080.38,4080.28,7,4.2,"Amazon","N/A",2,69,176,"Large Standard-Size",4.13,7.99,11.54,2.84,"N/A","N/A","10/31/2025",30,5,0,0.26
"https://amazon.com/dp/B0D69ZN24L","https://m.media-amazon.com/images/I/517C1wTXTcL._SX450_.jpg","B0D69ZN24L","Nightiger Night Vision Binoculars High Resolution 6x5 Excellent Color Optics Built-in 6000mAh Rechargeable Batteries HD Night Vision Goggles with Camera Night Vision Monocular Telescope Binoculars","Nightiger","FBA","Sports & Outdoors",672241,"N/A","N/A","N/A","N/A","Night Vision Binoculars & Goggles",418,59.8,-71,0,0,-150,"-","-",17,4.5,"Nightiger-USA","China",1,0,"N/A","Large Standard-Size",3.35,5.63,8.98,1.81,85.27,235.23,"08/31/2025",21,6,0,0
"https://amazon.com/dp/B0DQVSBBQW","https://m.media-amazon.com/images/I/61shkSBzANL._SX450_.jpg","B0DQVSBBQW","Athlon Cronus ATS PRO 35 C-640 Thermal Clip-On, 640x512 Resolution, 1,950-Yard Detection, 7 Color Palettes, OLED Display, Pick Mount (210141)","Athlon Optics","FBM","Sports & Outdoors",672796,813869023420,"N/A",0813869023420,"N/A","Night Vision Binoculars & Goggles",819,2699.99,-12,2,0,-43,3863.85,"-","N/A","N/A","Sportsgear Optics","USA",2,20,"N/A","Large Standard-Size",13,6,7,6,"N/A","N/A","10/31/2025",15,9,4,"N/A"
"https://amazon.com/dp/B0CRHQQ1DX","https://m.media-amazon.com/images/I/61n0Iqan1VL._SX450_.jpg","B0CRHQQ1DX","SUZLAZYR Night Vision Head Strap - Outdoor Helmet Mounted Night Vision Goggles Accessories Elastic Headband for NVG10/NVG30/G1/PVS14","SUZLAZYR","FBM","Sports & Outdoors",673614,"N/A","N/A",1091428702262,"N/A","Night Vision Binoculars & Goggles",419,19.98,-67,1,1,-82,20.36,20.32,10,3.4,"MaoTuo","China",1,37,"N/A","Large Standard-Size",2.36,4.33,4.33,0.22,"N/A","N/A","09/30/2024",26,6,0,0.1
"https://amazon.com/dp/B0F5X4GVH3","https://m.media-amazon.com/images/I/61iT56fWRBL._SX450_.jpg","B0F5X4GVH3","Optics Binocular Glasses, 3X Zoom Opera Glasses, Binoculars Glasses with Polarized Lens, Fishing Binoculars Tool, for Fishing Bird Watching","Dpofirs","FBA","Sports & Outdoors",674406,"N/A","N/A","N/A","N/A","Night Vision Binoculars & Goggles",423,15.35,-33,44,24,349,1106.54,373.75,2,3.5,"Xinxakk","China",2,0,"N/A","Large Standard-Size",6.69,2.76,2.76,0.26,25.59,70.6,"01/31/2026",11,9,3,2.74
"https://amazon.com/dp/B0FSVWQ9XQ","https://m.media-amazon.com/images/I/71X33yTgjLL._SX450_.jpg","B0FSVWQ9XQ","Aimpoint® US Store - 3X-P° Magnifier - 39 mm FlipMount","Aimpoint","FBM","Sports & Outdoors",680200,"N/A",07350004387571,7350004387571,"N/A","Night Vision Monoculars",149,896,-14,1,1,-90,1150.88,1150.84,"N/A","N/A","EuroOptic (✅ Authorized Dealer ✅ Fastest Shipping)","USA",2,0,"N/A","N/A","N/A","N/A","N/A","N/A","N/A","N/A","12/31/2025",6,4,0,"N/A"
"https://amazon.com/dp/B0CKS23QT8","https://m.media-amazon.com/images/I/31bZ2WU78oL._SX450_.jpg","B0CKS23QT8","Athlon Optics Cronus ATS 35M-400 Thermal Monocular, 400X300 @12 Μm Thermal Sensor, 640X400 OLED Display","Athlon Optics","FBM","Sports & Outdoors",680443,813869023154,"N/A",0813869023154,"N/A","Night Vision Monoculars",149,1549.99,-42,1,1,-25,2135.61,1527.97,"N/A","N/A","Sportsgear Optics","USA",2,20,"N/A","Large Standard-Size",6.93,7.09,11.85,3.22,"N/A","N/A","04/30/2024",29,9,2,"N/A"
"https://amazon.com/dp/B0D79J616L","https://m.media-amazon.com/images/I/51n+zW+FkSL._SX450_.jpg","B0D79J616L","BONMIXC Night Vision Binoculars with WiFi & Starlight Lens, 32GB Memory Card Included, Night Vision Goggles for Day and Night, 7-Level-Infrared, High Definition Photography, Video 960P","BONMIXC","FBA","Sports & Outdoors",684918,764256367705,"N/A",0764256367705,"N/A","Night Vision Binoculars & Goggles",430,36.9,-22,0,0,-100,"-","-",3,4,"BonmixcDirect","China",1,41,"N/A","Large Standard-Size",3.35,6.81,8.94,2.05,102.68,283.27,"11/30/2024",16,7,0,0
"https://amazon.com/dp/B0DZ64YPDN","https://m.media-amazon.com/images/I/81OQ5MK+zrL._SX450_.jpg","B0DZ64YPDN","MILBOPAX Night Vision Goggles, 1968FT Infrared Night Vision Binoculars with 5000mAh Rechargeable Battery, 64G Card for 58MP Images & 4K Video, 4"" HD Screen, 5X Dightal Zoom for Camping Hunting","MILBOPAX","FBA","Sports & Outdoors",686547,"N/A","N/A","N/A","N/A","Night Vision Binoculars & Goggles",424,59.99,-32,8,8,,506.62,506.49,8,3.7,"MILBOPAX","China",1,0,"N/A","Large Standard-Size",4.53,9.65,10.31,2.62,226.91,625.97,"02/28/2026",12,8,0,1.06
"https://amazon.com/dp/B07C93W7DS","https://m.media-amazon.com/images/I/51CZmDJTg8L._SX450_.jpg","B07C93W7DS","Predator Tactics Coyote Reaper XXL Infrared LED Bulb Module, 97443","Predator Tactics","FBM","Sports & Outdoors",691568,640265974434,"N/A",0640265974434,"N/A","Night Vision",599,48.97,"N/A",1,1,-100,64.27,64.24,2,5,"Optics Planet (✅Authorized Dealer ✅Fast Shipping)","USA",2,34,"N/A","Large Standard-Size",1.69,3.23,6.66,0.08,"N/A","N/A","01/31/2025",12,1,0,0.71
"https://amazon.com/dp/B0FW57H3YF","https://m.media-amazon.com/images/I/71mWnz8un9L._SX450_.jpg","B0FW57H3YF","Night Vision Goggles for Adults, 4K Night Vision Binoculars 8X Zoom & 5000mAh Rechargeable Battery, 3"" HD Screen & 32GB Card, Infrared Vision, Infrared Binoculars for Hunting, Camping & Security","YingCheng","FBA","Sports & Outdoors",694936,"N/A","N/A","N/A","N/A","Night Vision Binoculars & Goggles",436,59.99,-16,5,5,,319.49,319.36,2,5,"Yonic E-store","China",1,0,"N/A","Large Standard-Size",3.15,7.09,8.66,0.99,97.33,268.5,"12/31/2025",3,8,0,2.66
"https://amazon.com/dp/B0CNXQSR5M","https://m.media-amazon.com/images/I/61-pqA-wDnL._SX450_.jpg","B0CNXQSR5M","JOAXOR Helmet Fast PASGT MICH Helmets M88 Accessories Tactical Night Vision Goggle Mount NVG PVS-7 PVS14 Monocular Bracket","JOAXOR","FBM","Sports & Outdoors",696373,"N/A","N/A","N/A","N/A","Night Vision Binoculars & Goggles",431,19.98,-34,2,2,17,34.53,34.46,5,3.6,"JOAXOR","China",1,21,"N/A","Large Standard-Size",2.64,2.72,5.51,0.39,"N/A","N/A","03/31/2024",28,7,0,0.35
"https://amazon.com/dp/B0DFH7KR7B","https://m.media-amazon.com/images/I/71WOOxb2REL._SX450_.jpg","B0DFH7KR7B","Night Vision Goggles & Night Vision Binoculars with Grip,4K UHD Video,36MP Image,4.5″HD Screen,8X Digital Zoom,400m Range–Perfect for Hunting,Camping&Wildlife Observation","HURYSIN","FBA","Sports & Outdoors",699529,"N/A","N/A","N/A","N/A","Night Vision Binoculars & Goggles",435,69.99,-27,0,0,-135,"-","-",18,4.7,"HURYSIN-US","China",1,51,"N/A","Large Standard-Size",3.15,7.8,8.46,1.54,104.65,288.7,"11/30/2024",19,9,0,0
"https://amazon.com/dp/B0D814JVTN","https://m.media-amazon.com/images/I/51p7+JccJcL._SX450_.jpg","B0D814JVTN","HangTon Power Adapter Cable for PVS-31 Battery Pack to Wilcox GSGM ANVIS AVS-6/9 DPAM AN/PVS-23 AN/PVS31 Night Vision Goggles, Fischer 4 pin to Lemo 4 pin 20""","HangTon","FBA","Sports & Outdoors",701200,"N/A","N/A","N/A","N/A","Night Vision Monoculars",152,69,-40,24,4,55,1593.81,293.92,1,5,"Hangton connect","China",2,344,104,"Large Standard-Size",2,2,2,0.1,4.03,11.11,"03/31/2025",21,5,2,23.86
"https://amazon.com/dp/B0D49JZQZ8","https://m.media-amazon.com/images/I/518-8S4CO1L._SX450_.jpg","B0D49JZQZ8","Night Vision Scope with 3X Telescope, All-Metal Design, Day and Night Vision Capability, Ideal for Hunting, Fishing, Hiking and Outdoor Activities, Black","Generic","FBM","Sports & Outdoors",701982,"N/A","N/A","N/A","N/A","Night Vision Monoculars",153,120,-38,0,0,-100,"-","-",10,3.2,"Explorer01","China",1,16,"N/A","N/A","N/A","N/A","N/A","N/A","N/A","N/A","10/31/2024",22,6,0,0.01
"https://amazon.com/dp/B0FDH7FLVK","https://m.media-amazon.com/images/I/71wFXNleX5L._SX450_.jpg","B0FDH7FLVK","Guide TE211 Thermal Monocular, 10mm Focal Lens, 256×192(50Hz) 12μm Handheld Night Vision Infrared Scope with 6-Hour Battery Life, 20W Quick Charging, Thermal Imaging Monocular for Hunting, Outdoor","Guide Sensmart","FBA","Sports & Outdoors",703794,"N/A","N/A",6970883551859,"N/A","Night Vision Monoculars",154,519,-17,4,4,-59,1988.5,1988.44,"N/A","N/A","RSD Outdoor","USA",2,0,"N/A","Large Standard-Size",10,7,6,1.45,211.46,583.33,"11/30/2025",9,4,0,"N/A"
"https://amazon.com/dp/B0CKS1Y83C","https://m.media-amazon.com/images/I/61jGAhoKGqL._SX450_.jpg","B0CKS1Y83C","Athlon Optics Cronus ATS 35Ml- 400 Thermal Monocular, 400X300 Thermal Sensor, 640X400 OLED Display","Athlon Optics","FBM","Sports & Outdoors",706490,813869023208,00813869023208,0813869023208,"N/A","Night Vision Monoculars",153,1949.99,-38,1,0,-25,2081.5,"-","N/A","N/A","Sportsgear Optics","USA",1,20,"N/A","Large Standard-Size",5.24,5.59,10.55,2.91,"N/A","N/A","04/30/2024",29,7,2,"N/A"
"https://amazon.com/dp/B0FGPNSBB5","https://m.media-amazon.com/images/I/51+4KEDpOHL._SX450_.jpg","B0FGPNSBB5","NVG Protection Cover & Focusing Device Gen2 for 34mm/1.346"" Or 37mm/1.446"" Tube，Adjustable Iris Ring Night Vision Goggles Scope Cap Dust Cover Filter，Fits for an/PVS6 DTNVG PVS14 PVS18 PVS31 Etc","AWETHE","FBM","Sports & Outdoors",707059,"N/A","N/A","N/A","N/A","Night Vision Binoculars & Goggles",443,39.99,1,1,1,-84,48.76,24.03,1,5,"aopn optics","China",2,0,"N/A","N/A","N/A","N/A","N/A","N/A","N/A","N/A","01/31/2026",8,7,2,1.21
"https://amazon.com/dp/B0FGQ25QPW","https://m.media-amazon.com/images/I/51+4KEDpOHL._SX450_.jpg","B0FGQ25QPW","NVG Protection Cover & Focusing Device Gen2 For 34mm/1.346"" Or 37mm/1.446"" Tube，Adjustable Iris Ring Night Vision Goggles Scope Cap Dust Cover Filter，Fits For AN/PVS6 DTNVG PVS14 PVS18 PVS31 Etc","AWETHE","FBM","Sports & Outdoors",707059,"N/A","N/A","N/A","N/A","Night Vision Binoculars & Goggles",443,39.99,-4,1,1,-84,48.76,24.65,1,5,"aopn optics","China",2,0,"N/A","N/A","N/A","N/A","N/A","N/A","N/A","N/A","01/31/2026",8,7,2,1.21
"https://amazon.com/dp/B0CN2ZXDB5","https://m.media-amazon.com/images/I/61+AdwEzeTL._SX450_.jpg","B0CN2ZXDB5","SOXICK Night Driving Glasses for Men, Night Vision Glasses for Driving, Anti-Glare Glasses with UV400 Polarized Lens (Gunmetal Gray)","SOXICK","FBA","Sports & Outdoors",710868,797434723215,"N/A",0797434723215,"N/A","Night Vision Binoculars & Goggles",444,38.88,-12,3,1,-79,98.62,21,10,4.6,"HURhome","China",1,50,317,"Large Standard-Size",6.5,2.56,2.36,0.37,19.77,54.54,"10/31/2025",28,1,5,0.25
"https://amazon.com/dp/B0CN2Z48WV","https://m.media-amazon.com/images/I/61jrbgUN95L._SX450_.jpg","B0CN2Z48WV","SOXICK Night Driving Glasses for Men, Anti-Glare Glasses with UV400 Polarized Lens (Ink Black)","SOXICK","FBA","Sports & Outdoors",710884,797434723185,"N/A",0797434723185,"N/A","Night Vision Binoculars & Goggles",444,38.88,-21,3,0,-79,98.62,"-",10,4.6,"HURhome","China",1,50,317,"Large Standard-Size",6.5,2.56,2.36,0.37,19.77,54.54,"10/31/2025",28,1,5,0.25
"https://amazon.com/dp/B0FW3CS5TL","https://m.media-amazon.com/images/I/61yLj5UdtaL._SX450_.jpg","B0FW3CS5TL","TRV Digital 4X Zoom Night Vision Monocular - Waterproof 2K Night Vision Goggles Head Mounted, for Hunting Wildlife Outdoor Adventures and Camping","TRV","FBA","Sports & Outdoors",711139,"N/A","N/A","N/A","N/A","Night Vision Monoculars",158,369.54,-19,4,4,-103,1324.03,1323.92,1,5,"TRV Optics","China",2,0,"N/A","Large Standard-Size",6.69,2.95,6.69,2.25,66.47,183.38,"12/31/2025",5,7,0,3.59
"https://amazon.com/dp/B0DL31Z77X","https://m.media-amazon.com/images/I/518FzpL8DML._SX450_.jpg","B0DL31Z77X","Keetopteep Tactical Airsoft Hunting PVS15 Dummy Night Vision Goggles Model with Mount, No Function Night Vision Binoculars & Goggles for Tactical Helmet NVG Mount, Cosplay Prop (Black)","Keetopteep","FBA","Sports & Outdoors",718059,747086917586,"N/A",0747086917586,"N/A","Night Vision Binoculars & Goggles",450,49.99,-14,0,0,-100,"-","-","N/A","N/A","Keetopteep","China",1,14,"N/A","Large Standard-Size",5,3,2,1,15.1,41.67,"03/31/2025",17,7,1,"N/A"
"https://amazon.com/dp/B0F2T6Q862","https://m.media-amazon.com/images/I/616RAjxbR1L._SX450_.jpg","B0F2T6Q862","SKIOVEMI 850Nm Day/Night Vision Monocular, Digital Night Vision Scope Video Camera with 4.3 Inch LCD Display and 850Nm Infrared IR Flashlight (Battery NOT Included)","SKIOVEMI","FBM","Sports & Outdoors",727331,"N/A","N/A",1091475296202,"N/A","Night Vision Monoculars",161,99,"N/A",2,2,,178.81,178.79,1,5,"SKIOVEMI","China",1,0,"N/A","N/A","N/A","N/A","N/A","N/A","N/A","N/A","01/31/2026",12,7,0,1.8
"https://amazon.com/dp/B0BLVHHG8T","https://m.media-amazon.com/images/I/51W0wW2rdDL._SX450_.jpg","B0BLVHHG8T","E.T Dragon Night Vision Goggles for Helmet PVS 14 Night Vision NVG Mount Compatible with PVS 14","E.T Dragon","FBA","Sports & Outdoors",729526,734134183499,"N/A",0734134183499,"N/A","Night Vision Binoculars & Goggles",457,28.99,-26,2,2,-86,47.95,47.87,19,3.2,"AIMGEAR HUNTINGNSPORTING STORE","China",1,24,-71,"Large Standard-Size",1.54,2.48,7.01,0.13,13.44,37.07,"10/31/2024",40,7,0,0.08
"https://amazon.com/dp/B09J4VSGXQ","https://m.media-amazon.com/images/I/41Dc7BBykxL._SX450_.jpg","B09J4VSGXQ","Hanlong Airsoft Hunting Tactical GPNVG 18 Night Vision Goggles Dummy NVG Model No Function (Black)","Hanlong","FBM","Sports & Outdoors",732868,785378241629,"N/A",0785378241629,"N/A","Goggles",81,39.97,-8,0,0,-83,"-","-",24,4.3,"zhao66277","China",1,0,"N/A","N/A","N/A","N/A","N/A","N/A","N/A","N/A","11/30/2025",53,6,0,0.02
"https://amazon.com/dp/B0CBPFGGH2","https://m.media-amazon.com/images/I/61z7dytQAwL._SX450_.jpg","B0CBPFGGH2","YSS PVS-18 Night Vision Goggles Picatinny Mount pvs18 Monocular Scope Ring Adapter Aluminum Adapter Picatinny Rail nvg Mount Bubble Level","YSS","FBM","Sports & Outdoors",735198,766157451422,"N/A",0766157451422,"N/A","Night Vision Binoculars & Goggles",460,41.99,25,0,0,-127,"-","-","N/A","N/A","YSSCORP","China",1,0,"N/A","Large Standard-Size",1.6,0.77,2.4,0.12,"N/A","N/A","12/31/2025",32,7,0,"N/A"
"https://amazon.com/dp/B0DXL1DPGH","https://m.media-amazon.com/images/I/61sLc9xbkJL._SX450_.jpg","B0DXL1DPGH","Miasazyr 850nm Infrared Digital LED IR Night Vision Scope Cameras Night Vision Monocular with 4.3 inch Screen for Outdoor Hunting Device","Miasazyr","-","Sports & Outdoors",738982,"N/A","N/A",1092568137150,"N/A","Night Vision Monoculars",166,97.99,"N/A",1,1,,97.99,97.96,"N/A","N/A",,"N/A",1,0,"N/A","N/A","N/A","N/A","N/A","N/A","N/A","N/A","-",13,"N/A",0,"N/A"
"https://amazon.com/dp/B0DF2LD2HH","https://m.media-amazon.com/images/I/719mRI49QHL._SX450_.jpg","B0DF2LD2HH","B50-640 LRF Thermal Binoculars for Hunting， Infrared Heat Night Vision with 50mm Focal Length, 640×480 pix @ < 30 mK NETD Sensor, LRF with 600m Accuracy, OLED High-Definition Display","i4SEE","FBA","Sports & Outdoors",740497,"N/A","N/A","N/A","N/A","Night Vision Binoculars & Goggles",463,2799,-27,0,0,-50,"-","-",4,3.5,"i4see","USA",1,68,"N/A","Large Standard-Size",7.8,9,10.75,6.35,379.95,1048.13,"11/30/2024",18,7,2,0.06
"https://amazon.com/dp/B0829FH5DF","https://m.media-amazon.com/images/I/51PXjEF6+nL._SX450_.jpg","B0829FH5DF","Rexing B1 Night Vision Goggles Binoculars with LCD Screen, Infrared (IR) Digital Camera, Dual Photo + Video Recording for Spotting, Hunting, Tracking up to 300 Meters (Black)","REXING","FBM","Sports & Outdoors",741641,850012807674,00850012807674,0850012807674,"N/A","Night Vision Binoculars & Goggles",465,199.98,-13,0,0,-150,"-","-",316,3.7,"NathanTech","USA",2,19,-86,"Large Standard-Size",3.5,7,9,2.1,"N/A","N/A","11/30/2024",75,6,0,0
"https://amazon.com/dp/B0DDXYT9ML","https://m.media-amazon.com/images/I/71TwIk9QszL._SX450_.jpg","B0DDXYT9ML","i4SEE M35-384 LRF Thermal Monocular, 35mm Focal Lens 384x288(50Hz) Thermal Imaging Monocular Night Vision for Hunting, Handheld Infrared Thermal Scopes","i4SEE","FBA","Sports & Outdoors",751189,"N/A","N/A","N/A","N/A","Night Vision Monoculars",165,899.99,-7,0,0,-88,"-","-",3,3.3,"i4see","USA",1,54,"N/A","Large Standard-Size",6.75,7,11.75,3.1,279.52,771.09,"11/30/2024",18,6,2,0.1
"https://amazon.com/dp/B0DBGG2BPW","https://m.media-amazon.com/images/I/31-n+R8npBL._SX450_.jpg","B0DBGG2BPW","PVS-14 Night Vision Mount Dovetail J Arm NVG Mount NVM-14 NVG Mount PVS 14 Accessories Compatible with All Models of PVS-14","okyass","FBA","Sports & Outdoors",753244,"N/A","N/A","N/A","N/A","Night Vision Binoculars & Goggles",471,58.66,-59,1,1,,70.9,70.87,1,1,"HuangJinKu","China",2,8,"N/A","Large Standard-Size",3,2.6,2.7,0.22,10.6,29.25,"11/30/2024",20,7,0,1.21
"https://amazon.com/dp/B0CCPD4QW5","https://m.media-amazon.com/images/I/41y8hXOnh7L._SX450_.jpg","B0CCPD4QW5","doorslay Night Vision 5X Digital Zoom Night Vision Save 24MP Photos Night Vision monocular Night Vision Goggles","doorslay","FBM","Sports & Outdoors",763022,"N/A","N/A","N/A","N/A","Night Vision Monoculars",173,47.3,-40,3,1,800,129.1,33.74,21,3.4,"zhibeisifei","China",1,21,-85,"Large Standard-Size",2.83,4.21,6.57,0.62,"N/A","N/A","07/31/2024",32,9,2,0.13
"https://amazon.com/dp/B0CCPDCTVL","https://m.media-amazon.com/images/I/61s6+w2yyGL._SX450_.jpg","B0CCPDCTVL","doorslay Night Vision monocular Night Vision Scope 7 Level Digital Night Vision Monocular for Dark Night Vision Goggles","doorslay","FBM","Sports & Outdoors",763418,"N/A","N/A","N/A","N/A","Night Vision Monoculars",171,46.9,-12,3,2,800,129.1,95.19,21,3.4,"zhibeisifei","China",1,21,-85,"Large Standard-Size",2.87,4.09,6.73,0.64,"N/A","N/A","07/31/2024",32,9,2,0.13
"https://amazon.com/dp/B0873CC25S","https://m.media-amazon.com/images/I/51rG-ZjY3fL._SX450_.jpg","B0873CC25S","VITENZI Night Vision Glasses for Men and Women Anti Glare Safety Night and Day Driving Glasses HD Yellow Tinted Sunglasses Wrap Around Sport Rome in Black","VITENZI","FBA","Sports & Outdoors",764667,686457223959,"N/A",0686457223959,"N/A","Night Vision Binoculars & Goggles",476,29.99,"N/A",0,0,300,"-","-",26,4.1,"Crescent Distribution","USA",1,26,-61,"Large Standard-Size",3,3.9,7.8,0.5,45.95,126.75,"10/31/2024",68,6,3,0
"https://amazon.com/dp/B0BH1M4Y6N","https://m.media-amazon.com/images/I/613nHJLHJpL._SX450_.jpg","B0BH1M4Y6N","Armasight PVS-14 3X Lens","Armasight","Amazon","Sports & Outdoors",765341,810081910125,00810081910125,0810081910125,"N/A","Night Vision Monoculars",172,129,-63,3,3,30,430.73,430.7,1,5,"Amazon","N/A",1,0,"N/A","Large Standard-Size",1.81,1.93,6.42,0.41,"N/A","N/A","02/28/2026",41,3,0,3.34
"https://amazon.com/dp/B0873N35YC","https://m.media-amazon.com/images/I/51RmJfD9qeL._SX450_.jpg","B0873N35YC","VITENZI Night Vision Glasses for Men and Women Anti Glare Safety Night and Day Driving Glasses HD Yellow Tinted Sunglasses Wrap Around Sport Rome in Tortoise","VITENZI","FBA","Sports & Outdoors",765568,686457223973,"N/A",0686457223973,"N/A","Night Vision Binoculars & Goggles",480,27.99,"N/A",0,0,300,"-","-",26,4.1,"Crescent Distribution","USA",1,26,-61,"Large Standard-Size",2.8,3.58,7.48,0.52,37.72,104.04,"10/31/2024",68,6,3,0
"https://amazon.com/dp/B0DS8BQF7K","https://m.media-amazon.com/images/I/7182xMCgBpL._SX450_.jpg","B0DS8BQF7K","WARMOUNTS 4K Night Vision Goggle for Adults, Night Vision Binocular with 3.2 Inner HD Display, 36MP Photos, 8X Digital Zoom,7 Level IR, Rechargeable, for Camping, Hunting, Security (Incl. 32GB Card)","WARMOUNTS","FBM","Sports & Outdoors",766603,810139104728,"N/A",0810139104728,"N/A","Night Vision Binoculars & Goggles",480,99.99,-19,3,3,267,393.73,393.61,10,4.8,"Stephanier","China",1,0,"N/A","Large Standard-Size",10.47,7.71,3.58,2.71,"N/A","N/A","11/30/2025",14,7,2,0.34
"https://amazon.com/dp/B0CTG3FX9C","https://m.media-amazon.com/images/I/613NLF+1ykL._SX450_.jpg","B0CTG3FX9C","AMNOUR PVS14 PVS31 Objective Lens Sacrificial Window Protector Cover Night Vision Tube Monocular Protectors, JTSF9648","AMNOUR","FBM","Sports & Outdoors",775392,"N/A","N/A",3440368604200,"N/A","Night Vision Monoculars",175,59.98,-13,1,1,,61.44,61.43,"N/A","N/A","FastenersFocal","China",2,3,200,"Small Standard-Size",1.18,0.79,0.39,0.11,"N/A","N/A","09/30/2025",26,6,1,"N/A"
"https://amazon.com/dp/B0DDXSDMX3","https://m.media-amazon.com/images/I/61J2+iJ78eL._SX450_.jpg","B0DDXSDMX3","I4SEE K25-384 LRF Thermal Imaging Monocular for Hunting – 25mm Focal Lens, 384×288 (50Hz) 12μm Night Vision Infrared Scope, 1920×1080 Full-HD AMOLED Display, 12-Hour Battery Life for Outdoor Use","i4SEE","FBA","Sports & Outdoors",776027,"N/A","N/A","N/A","N/A","Night Vision Monoculars",175,999,-19,0,0,-114,"-","-",7,3.5,"i4see","USA",1,57,"N/A","Large Standard-Size",14,7.6,7,4.48,374.99,1034.44,"12/31/2024",18,8,3,0.03
"https://amazon.com/dp/B0CBCVG8JQ","https://m.media-amazon.com/images/I/71+JGHIaCmL._SX450_.jpg","B0CBCVG8JQ","HALCONTORNO Night Vision Binoculars - Binoculars for Adults, 4K Video with Sound, 42MP Photo, Night Vision Goggles, Hunting Gifts for Men, 2.4G Wi-Fi","HALCONTORNO","FBA","Sports & Outdoors",779828,"N/A","N/A","N/A","N/A","Night Vision Binoculars & Goggles",481,46.99,-21,1,1,-124,46.99,46.96,7,4.6,"WayTo","Hong Kong",1,13,"N/A","Large Standard-Size",2.83,5.16,6.85,1.04,50.36,138.93,"11/30/2024",30,9,0,0.14
"https://amazon.com/dp/B09SBSSJ6K","https://m.media-amazon.com/images/I/51q+5F8CPtL._SX450_.jpg","B09SBSSJ6K","Pulsar Thermal Imaging Front Attachment Proton FXQ30 Kit","Pulsar","FBM","Sports & Outdoors",781962,812495029998,"N/A",0812495029998,"N/A","Night Vision Monoculars",179,2399,-17,3,3,,6287.35,6287.32,2,2.5,"EuroOptic (✅ Authorized Dealer ✅ Fastest Shipping)","USA",2,7,-22,"Large Standard-Size",6.81,12.99,16.1,9.39,"N/A","N/A","07/31/2024",49,14,2,1.31
"https://amazon.com/dp/B0D8K9Z67G","https://m.media-amazon.com/images/I/71mOKgsPRfL._SX450_.jpg","B0D8K9Z67G","BINOCK BTI10 Helmet Thermal Imaging Goggles, 15 mm Lens, 384x288 Matrix, 800m Person Recognition, 1500m Car Recognition Head Mounted Thermal Imaging monocular for Camping Wildlife Observation","BINOCK","FBA","Sports & Outdoors",782914,"N/A","N/A","N/A","N/A","Monoculars",796,1099.99,"N/A",1,1,,1359.34,1359.28,9,3.7,"BINOCK Official Store","China",1,15,"N/A","Large Standard-Size",4.02,9.57,14.02,2.12,271.56,749.12,"10/31/2024",20,8,0,0.13
"https://amazon.com/dp/B0DNDRJ79P","https://m.media-amazon.com/images/I/61IdBT3YOeL._SX450_.jpg","B0DNDRJ79P","BFOCO Polarized Night Vision Glasses With Metalless & Screwless Spring Hinges for Men - Yellow Polarised Sports Sunglasses Night Driving (Glossy Transparent)","BFOCO","FBM","Sports & Outdoors",783626,"N/A","N/A","N/A","N/A","Night Vision Binoculars & Goggles",599,19.99,-7,1,0,-75,13.32,"-",9,3.8,"BFOCO","China",1,36,"N/A","Large Standard-Size",6.3,2.36,1.57,0.17,"N/A","N/A","02/28/2025",16,6,4,0.11
"https://amazon.com/dp/B0CZ15P818","https://m.media-amazon.com/images/I/51wKAarqBIL._SX450_.jpg","B0CZ15P818","Pulsar 3x20 Monocular PL71014 Pulsar 3x20 B Thermal Night Vision Monocular Adapter for Krypton and Proton Thermal Imaging Front attachments Devices","Generic","-","Sports & Outdoors",783673,"N/A","N/A","N/A","N/A","Night Vision Monoculars",178,239,"N/A",1,1,,271.54,271.52,"N/A","N/A",,"N/A",1,2,"N/A","N/A","N/A","N/A","N/A","N/A","N/A","N/A","10/31/2024",24,4,0,"N/A"
"https://amazon.com/dp/B0D8VXYYQ9","https://m.media-amazon.com/images/I/31LXiZTl6gL._SX450_.jpg","B0D8VXYYQ9","Miasazyr NVG10 NVG30 Helmet Mounting Bracket Night Vision Goggles NVG Mount Fast Mounting Breakaway Base Adapters Helmet Accessories","Miasazyr","FBM","Sports & Outdoors",784039,"N/A","N/A",1091985553642,"N/A","Night Vision Binoculars & Goggles",484,49.99,-14,0,0,-113,"-","-",12,3.6,"Samanzyr","China",1,25,"N/A","Large Standard-Size",5,5,1.6,0.4,"N/A","N/A","12/31/2024",20,7,0,0
"https://amazon.com/dp/B0C6FSX3KV","https://m.media-amazon.com/images/I/319CAVYUZwL._SX450_.jpg","B0C6FSX3KV","ZEISS DTI 4/50 Thermal Imaging Camera High-Resolution Monocular for Night Hunting and Wildlife Observation","ZEISS","FBM","Sports & Outdoors",787513,740035017023,"N/A",0740035017023,"N/A","Night Vision Monoculars",179,2498.49,-36,0,0,-150,"-","-",1,5,"Freedom USA Sales","USA",2,26,37,"Large Standard-Size",4.75,10,10.75,3.65,"N/A","N/A","08/31/2025",34,8,0,0
"https://amazon.com/dp/B0FX493GQG","https://m.media-amazon.com/images/I/716+1cVgXAL._SX450_.jpg","B0FX493GQG","3D VR Night Vision Goggles - 4K Night Vision Binoculars,Wide FOV 58° 3600mAh Battery 8X Digital Zoom, 32GB Card to Save Photos and Videos for Camping,Security","GOWWPUN","FBA","Sports & Outdoors",789297,612715189224,"N/A",0612715189224,"N/A","Night Vision Binoculars & Goggles",488,149.99,-29,2,2,-47,640.77,640.65,3,4.7,"Gwokpung","China",1,0,"N/A","Large Standard-Size",10.6,7.4,3.7,2.1,146.12,403.09,"11/30/2025",11,6,0,0.83
"https://amazon.com/dp/B0CRZ5N21G","https://m.media-amazon.com/images/I/51CX0eL1Q4L._SX450_.jpg","B0CRZ5N21G","CEKOCK 850nm Cross Cursor Aiming Digital IR Night Vision Scope for Tactical Hunting with Long Distance Vision and Portable Design，Rechargeable, Not Allowed to Take Photos or Videos, Black","CEKOCK","FBM","Sports & Outdoors",791081,720118390502,"N/A",0720118390502,"N/A","Night Vision Monoculars",182,90,-21,0,0,-50,"-","-",11,3.5,"Explorer01","China",1,18,"N/A","N/A","N/A","N/A","N/A","N/A","N/A","N/A","11/30/2024",26,7,0,0.03
"https://amazon.com/dp/B0FNXCJJZ5","https://m.media-amazon.com/images/I/31gnw5M-L6L._SX450_.jpg","B0FNXCJJZ5","Pard USA Bobcat 640 Thermal Monocular – Night Vision Imaging Optic with 1000m Rangefinder (LRF) – Compact 6-Inch Spotting Scope with 35mm Objective Lens, 2.6X Optical & 8X Digital Zoom","Pard","FBM","Sports & Outdoors",793931,850071106015,"N/A",0850071106015,"N/A","Night Vision Monoculars",185,2399,-33,0,0,,"-","-","N/A","N/A","EuroOptic (✅ Authorized Dealer ✅ Fastest Shipping)","USA",1,0,"N/A","Large Standard-Size",7.75,5.75,4,2,"N/A","N/A","09/30/2025",7,6,0,"N/A"
"https://amazon.com/dp/B0CX3YQQQ5","https://m.media-amazon.com/images/I/71B0B2qVqFL._SX450_.jpg","B0CX3YQQQ5","GOYOJO NVG Night Vision Goggles - Helmet Mounted 2K Night Vision Binoculars Adults with 4 Color Modes 4X Magnification, HD Recording & Playback for Hunting Surveillance (Helmet Included), Black","GOYOJO","FBM","Sports & Outdoors",798647,658361256323,"N/A",0658361256323,"N/A","Night Vision Monoculars",185,1199,-10,1,1,-86,884.56,884.52,6,3.5,"HUITEN","China",1,4,"N/A","Large bulky",11,11,12,6.6,"N/A","N/A","12/31/2025",3,7,0,0.13
"https://amazon.com/dp/B0FXRRLNPQ","https://m.media-amazon.com/images/I/610J3tRSWQL._SX450_.jpg","B0FXRRLNPQ","Night Vision Monocular, Infrared Imager Night Vision, 4X Electronic Zoom, Long Battery Life,Clip-on Night Vision Scope for Night Observation, Range up to 300 m","cdpdmai","FBM","Sports & Outdoors",805705,"N/A","N/A",4953698076498,"N/A","Night Vision Monoculars",190,69.99,-33,2,2,-150,111.77,111.72,"N/A","N/A","cdpdmai-us","China",1,0,"N/A","N/A","N/A","N/A","N/A","N/A","N/A","N/A","11/30/2025",5,7,0,"N/A"
"https://amazon.com/dp/B0DY8236PZ","https://m.media-amazon.com/images/I/61+D6hqB1+L._SX450_.jpg","B0DY8236PZ","SKIOVEMI Night Vision Goggles for Adults, Helmet-Mounted Night Vision Binoculars, 4K Digital Infrared Thermal Goggles Military Tactical Night Vision Monocular","SKIOVEMI","FBM","Sports & Outdoors",807593,"N/A","N/A",1091475295847,"N/A","Night Vision Binoculars & Goggles",493,219,"N/A",3,3,,718.16,718.04,"N/A","N/A","SKIOVEMI","China",1,0,"N/A","N/A","N/A","N/A","N/A","N/A","N/A","N/A","02/28/2026",13,7,0,"N/A"
"https://amazon.com/dp/B0DCZGK886","https://m.media-amazon.com/images/I/71g5j-7xBaL._SX450_.jpg","B0DCZGK886","GUANIEE Night Vision Goggles, Night Vision Binoculars with Built-in Flashlight 1080P Infrared Digital 8X Digital Zoom, Night Vision Monocular 2500mAh Rechargeable Battery with 32GB SD Card","GUANIEE","FBA","Sports & Outdoors",808345,"N/A","N/A","N/A","N/A","Night Vision Binoculars & Goggles",493,69.99,-39,0,0,-120,"-","-",6,5,"GUANIEE","China",1,22,"N/A","Large Standard-Size",3.23,4.61,5.75,0.88,43.11,118.92,"10/31/2024",19,6,0,0
"https://amazon.com/dp/B01MG2EYN4","https://m.media-amazon.com/images/I/616CG9nsMwL._SX450_.jpg","B01MG2EYN4","Superior Tactical LLC S ST Pvs-14 and Pvs-7 Head Mount","Superior Tactical LLC S","FBA","Sports & Outdoors",810060,"N/A","N/A","N/A","N/A","Night Vision Binoculars & Goggles",494,21.99,184,0,0,-50,"-","-",28,3.8,"superiortac","USA",1,23,-69,"Large Standard-Size",2.44,7.76,11.46,0.4,109.2,301.24,"07/31/2024",113,2,0,0
"https://amazon.com/dp/B0FNYY5LZ2","https://m.media-amazon.com/images/I/71rNCne22NL._SX450_.jpg","B0FNYY5LZ2","LN-QE-B50 Quantum Elite 4K Day-Night Vision Binocular 6-36x50 - Ultimate 4K Digital Night Vision with Dual IR Illuminators, Elite Sensor Technology, 1500m Rangefinder for Extreme Performance","Luna Optics","FBM","Sports & Outdoors",810662,850015396236,"N/A",0850015396236,"N/A","Night Vision Binoculars & Goggles",497,1096.15,-11,1,1,133,1589.25,1589.19,1,4,"UnbeatableSale, Inc","USA",3,0,"N/A","Large Standard-Size",12,9,5,3.5,"N/A","N/A","11/30/2025",7,3,0,1.45
"https://amazon.com/dp/B0D91H2QZZ","https://m.media-amazon.com/images/I/61940ZxT9jL._SX450_.jpg","B0D91H2QZZ","GPNVG 18 Night Vision Goggles Dummy Model with NVG Mount for PVS15/PVS18, Four-Tube Binocular Night Vision for Tactical Helmet NVG Mount, Cosplay Prop, CS Game,No Function (Tan)","Partekavo","FBM","Sports & Outdoors",810695,"N/A","N/A","N/A","N/A","Night Vision Binoculars & Goggles",496,65.99,-15,0,0,,"-","-",2,4.6,"Partekavo Shop -US","China",1,0,"N/A","N/A","N/A","N/A","N/A","N/A","N/A","N/A","01/31/2026",20,8,4,0
"https://amazon.com/dp/B0DS8CTNYH","https://m.media-amazon.com/images/I/81yy2B+yxnL._SX450_.jpg","B0DS8CTNYH","WARMOUNTS 4K Night Vision Goggle for Adults, Night Vision Binocular with 4.5'' HD Display, 36MP Photos, 8X Digital Zoom,7 Level IR, Rechargeable, for Camping, Hunting, Security (Incl. 32GB Card)","WARMOUNTS","FBM","Sports & Outdoors",810903,810139104711,"N/A",0810139104711,"N/A","Night Vision Binoculars & Goggles",497,79.99,-14,2,2,-90,201.6,201.55,10,4.2,"Stephanier","China",1,0,"N/A","Large Standard-Size",7.79,6.14,3.14,1.58,"N/A","N/A","11/30/2025",14,7,2,0.2
"https://amazon.com/dp/B0FMJRMB3N","https://m.media-amazon.com/images/I/51Y5OWZVa2L._SX450_.jpg","B0FMJRMB3N","4K Night Vision Goggles with 4.0” IPS Screen, 48MP Photo, 8X Digital Zoom, 180° Rotatable Lens, Day/Night Vision Binoculars with IR up to 1000ft, Built-in Compass, 32H Battery, Tripod Mount","Yatashi","FBA","Sports & Outdoors",812042,850072889245,"N/A",0850072889245,"N/A","Night Vision Binoculars & Goggles",496,89.99,-40,0,0,-130,"-","-",10,4.3,"Home Design Solutions Limited","Hong Kong",1,0,"N/A","Large Standard-Size",4.02,8.46,8.62,2.31,147.6,407.17,"11/30/2025",4,5,0,0
"https://amazon.com/dp/B0DXV24JR4","https://m.media-amazon.com/images/I/71g9-VowTtL._SX450_.jpg","B0DXV24JR4","Night Vision Goggles - 4K Night Vision Binoculars with 5000mAh,Binoculars for Adults-3'' HD Screen for Camping,Security and Wildlife Observation","COLALY","FBM","Sports & Outdoors",813385,"N/A","N/A","N/A","N/A","Night Vision Binoculars & Goggles",498,89.99,-65,0,0,,"-","-",16,4,"Keimany","China",1,0,"N/A","Large Standard-Size",3.46,5.87,7.52,1.43,"N/A","N/A","07/31/2025",13,9,0,0
"https://amazon.com/dp/B0D8L74NPZ","https://m.media-amazon.com/images/I/61ANIaDalQL._SX450_.jpg","B0D8L74NPZ","PVS15 Night Vision Goggles Dummy Model with Night Vision Mount, Binocular Night Vision for Tactical Helmet NVG Mount, CS Game, Cosplay Prop, No Function (Tan)","Partekavo","FBM","Sports & Outdoors",814955,"N/A","N/A","N/A","N/A","Night Vision Binoculars & Goggles",499,56.99,-10,0,0,,"-","-",2,4.6,"Partekavo Shop -US","China",1,0,"N/A","N/A","N/A","N/A","N/A","N/A","N/A","N/A","01/31/2026",20,7,4,0
"https://amazon.com/dp/B005JI1R96","https://m.media-amazon.com/images/I/81cG8oRbUeL._SX450_.jpg","B005JI1R96","Xgen 2.1x Digital Night Vision Viewer","Night Owl Optics","FBA","Sports & Outdoors",814988,635328171547,06353281715472,7337331806005,"N/A","Night Vision Monoculars",194,59.99,-31,1,1,-67,60.01,59.97,184,3.5,"Optics Planet (✅Authorized Dealer ✅Fast Shipping)","USA",2,31,107,"Large Standard-Size",2.28,4.17,6.38,0.4,30.6,84.41,"11/30/2025",175,4,0,0.01
"https://amazon.com/dp/B0BPC5NP95","https://m.media-amazon.com/images/I/51v68OlMpnL._SX450_.jpg","B0BPC5NP95","EastVita Monocular Night Vision Goggles, 1080 Photo & Video Portable Night Vision, 5X Digital Zoom Travel Infrared Monoculars for Day & Night Hunting Camping Travel","EastVita","FBA","Sports & Outdoors",816584,"N/A","N/A",6955266814776,"N/A","Night Vision Monoculars",198,34.99,-25,0,0,-144,"-","-",14,3.2,"Patricia.","China",1,28,"N/A","Large Standard-Size",3.31,3.39,6.54,0.71,36.95,101.92,"11/30/2024",39,8,0,0
"https://amazon.com/dp/B0DWV855G1","https://m.media-amazon.com/images/I/61-8L1wCumL._SX450_.jpg","B0DWV855G1","VISWISS Night Vision Protection and Focusing Device PVS14 PVS18 PVS31 Multi-Function Protection Night Vision Intake Visor(34mm)","VISWISS","FBM","Sports & Outdoors",816713,"N/A","N/A",9556269032814,"N/A","Night Vision Binoculars & Goggles",497,45.99,-137,2,2,,91.98,91.98,"N/A","N/A","Cloud Pigeon","China",1,0,"N/A","Small Standard-Size",1.18,0.79,0.39,0.11,"N/A","N/A","02/28/2026",13,6,2,"N/A"
"https://amazon.com/dp/B0DKTVR79B","https://m.media-amazon.com/images/I/71oZwlHXStL._SX450_.jpg","B0DKTVR79B","T2 Pro Android Thermal Monocular, Hunting Night Vision Scope for Phone, Detect Deer at 1579 Yards, 13mm Lens, Thermal Camera for Outdoor with Tactical Handle and Scope Mount (Not for iOS)","Thermal Master","FBA","Sports & Outdoors",817057,"N/A","N/A","N/A","N/A","Night Vision Monoculars",193,399,13,0,0,-100,"-","-",28,3.5,"Thermal Master Official","China",1,48,"N/A","Large Standard-Size",3.31,7.48,11.54,1.92,143.85,396.83,"01/31/2025",15,6,0,0
"https://amazon.com/dp/B0D6W4WPPZ","https://m.media-amazon.com/images/I/61IpB5nmaXL._SX450_.jpg","B0D6W4WPPZ","YSS New Reinforced Upgraded Version Night Vision Bridge for Night Vision pvs14 Supports 2 Optical Night Visions or 1 Digital Night Vision (UK Standard) (tan)","YSS","FBM","Sports & Outdoors",818994,027685679628,"N/A",0027685679628,"N/A","Night Vision Binoculars & Goggles",499,30,29,1,0,,29.09,"-",3,4.2,"CANIS SPORT INC","China",1,11,"N/A","Large Standard-Size",3.14,1.96,4.33,0.29,"N/A","N/A","09/30/2024",21,8,2,0.37
"https://amazon.com/dp/B09QF8ZR9M","https://m.media-amazon.com/images/I/71Nj5HX5ClL._SX450_.jpg","B09QF8ZR9M","Superior Tactical Night Vision Monoculars I Green Phosphor PVS-14 & Gen 3 Elbit XLSH Image Intensifier I Military Grade, Helmet Mounted, Automated Light Adjustment, Lightweight & Durable","Superior Tactical LLC S","FBM","Sports & Outdoors",819625,671495074779,"N/A",0671495074779,"N/A","Night Vision Monoculars",193,2799,-9,3,3,150,7245.32,7245.25,"N/A","N/A","superiortac","USA",1,0,"N/A","N/A","N/A","N/A","N/A","N/A","N/A","N/A","12/31/2025",52,6,0,"N/A"
"https://amazon.com/dp/B08MVSX9HW","https://m.media-amazon.com/images/I/51xmFpuERZL._SX450_.jpg","B08MVSX9HW","ATN OTS LT Thermal Viewer","ATN","Amazon","Sports & Outdoors",821974,658175116653,"N/A",0658175116653,"N/A","Night Vision Monoculars",195,656.79,-29,0,0,-100,"-","-",67,3.8,"Amazon","N/A",1,54,-33,"Large Standard-Size",3.23,4.45,10,2.01,"N/A","N/A","09/30/2024",65,6,7,0
"https://amazon.com/dp/B08NCXPVPH","https://m.media-amazon.com/images/I/51l7YunNhUL._SX450_.jpg","B08NCXPVPH","ATN OTS LT Thermal Viewer","ATN","Amazon","Sports & Outdoors",822205,658175116677,00658175116677,0658175116677,"N/A","Night Vision Monoculars",194,1349.42,3,0,0,-100,"-","-",67,3.8,"Amazon","N/A",2,54,-33,"Large Standard-Size",2.52,4.17,10.04,2.09,"N/A","N/A","09/30/2024",64,6,7,0
"https://amazon.com/dp/B08NCSY5V7","https://m.media-amazon.com/images/I/51GSQL7AwrL._SX450_.jpg","B08NCSY5V7","ATN OTS LT 320x240, 4-8x Thermal Monocular w/ 60Hz Thermal Sensor, Classic Ergonomic, Comfortable Eye Relief, 10hrs+ Battery Power","ATN","Amazon","Sports & Outdoors",822205,658175116660,"N/A",0658175116660,"N/A","Night Vision Monoculars",194,1777.87,-5,0,0,-100,"-","-",67,3.8,"Amazon","N/A",1,54,-33,"Large Standard-Size",2.99,4.29,9.92,2.02,"N/A","N/A","09/30/2024",64,6,7,0
"https://amazon.com/dp/B08NCP25GK","https://m.media-amazon.com/images/I/51C59oqRIeL._SX450_.jpg","B08NCP25GK","ATN unisex adult Viewer Thermal Monocular, 320, 2-4x, 320x240 US","ATN","Amazon","Sports & Outdoors",822289,658175112563,"N/A",0658175112563,"N/A","Night Vision Monoculars",194,799.67,-50,0,0,-100,"-","-",67,3.8,"Amazon","N/A",1,54,-33,"Large Standard-Size",3.07,4.33,9.88,1.98,"N/A","N/A","09/30/2024",64,6,7,0
"https://amazon.com/dp/B08NC7PFPY","https://m.media-amazon.com/images/I/41226iq4JcL._SX450_.jpg","B08NC7PFPY","ATN unisex adult Viewer Thermal Monocular, 160, 4-8x, 160x120 US","ATN","Amazon","Sports & Outdoors",822289,658175116592,"N/A",0658175116592,"N/A","Night Vision Monoculars",194,760.58,-27,0,0,-100,"-","-",67,3.8,"Amazon","N/A",1,54,-33,"Large Standard-Size",2.99,4.25,10,2,"N/A","N/A","09/30/2024",64,2,7,0
"https://amazon.com/dp/B0D8L772G4","https://m.media-amazon.com/images/I/61zKTnqgTlL._SX450_.jpg","B0D8L772G4","PVS15 Night Vision Goggles Dummy Model with NVG Mount, Binocular Airsoft Night Vision for Tactical Helmet, CS Game, Cosplay Prop, No Function (Black)","Partekavo","FBM","Sports & Outdoors",822543,"N/A","N/A","N/A","N/A","Night Vision Binoculars & Goggles",502,56.99,-17,0,0,,"-","-",2,4.6,"Partekavo Shop -US","China",1,0,"N/A","Large Standard-Size",7,5.5,3.5,0.9,"N/A","N/A","01/31/2026",20,9,4,0
"https://amazon.com/dp/B07YCXWL54","https://m.media-amazon.com/images/I/71lL306lkqL._SX450_.jpg","B07YCXWL54","AGM Global Vision PVS-14 NL2 Night Vision Monocular Gen2+ Lvl2 NVG military grade monocular for hunting High powered digital tactical survival gear nv monocular for helmet, headset night vision device","AGM Global Vision","FBM","Sports & Outdoors",823706,810027770219,"N/A",0810027770219,"N/A","Night Vision Monoculars",196,2495,-9,0,0,-108,"-","-",23,3.9,"EuroOptic (✅ Authorized Dealer ✅ Fastest Shipping)","USA",6,24,-65,"Large Standard-Size",4.53,7.48,12.76,2.05,"N/A","N/A","06/30/2024",78,4,0,0
"https://amazon.com/dp/B0C4B1LKYX","https://m.media-amazon.com/images/I/51KAMSBRdeL._SX450_.jpg","B0C4B1LKYX","oneleaf.ai AD38 Night Vision Scope Adapter-38mm","oneleaf.ai","FBA","Sports & Outdoors",830721,"N/A","N/A","N/A","N/A","Night Vision Binoculars & Goggles",505,29.99,-22,0,0,-120,"-","-",4,5,"Akk Technology Inc","Hong Kong",1,17,-71,"Large Standard-Size",2.36,2.36,2.36,0.16,6.64,18.31,"05/31/2024",34,4,0,0
"https://amazon.com/dp/B0CXX7ZW7P","https://m.media-amazon.com/images/I/71ZFSH8j47L._SX450_.jpg","B0CXX7ZW7P","YSS New Reinforced Upgraded Version Night Vision Bridge for Night Vision pvs14 Supports 2 Optical Night Visions or 1 Digital Night Vision (UK Standard)","YSS","FBM","Sports & Outdoors",833367,714855164076,"N/A",0714855164076,"N/A","Night Vision Binoculars & Goggles",508,28,20,1,1,,29.09,20.79,3,4.2,"CANIS SPORT INC","China",1,11,"N/A","Large Standard-Size",2.05,3.07,4.25,0.28,"N/A","N/A","09/30/2024",24,8,2,0.37
"https://amazon.com/dp/B09SBV6HDW","https://m.media-amazon.com/images/I/51Y356bBbEL._SX450_.jpg","B09SBV6HDW","Sightmark Wraith 4K 1x Monocular","Sightmark","FBA","Sports & Outdoors",834034,812495028915,00812495028915,0812495028915,"N/A","Night Vision Monoculars",201,578.5,-33,1,1,-110,591.41,591.38,14,3.7,"STC Distributors (Serial # Recorded)","USA",6,33,-28,"Large Standard-Size",3.27,5.91,13.66,1.49,132.73,366.16,"12/31/2025",49,9,1,0.07
"https://amazon.com/dp/B0D59BY4ZN","https://m.media-amazon.com/images/I/61BxyPxr+HL._SX450_.jpg","B0D59BY4ZN","Gexmil Night Vision Goggles NVG Mount for L4G24 Metal Helmet PVS15/18 NVG Metal G24","Gexmil","FBA","Sports & Outdoors",837216,"N/A","N/A","N/A","N/A","Night Vision Binoculars & Goggles",509,99.99,-27,0,0,,"-","-",3,1.6,"SZXZM","China",1,13,"N/A","Large Standard-Size",2.64,3.66,5,0.73,24.32,67.1,"09/30/2024",22,6,0,0
"https://amazon.com/dp/B0C7XVCQ71","https://m.media-amazon.com/images/I/71Q0eYns+XL._SX450_.jpg","B0C7XVCQ71","SiOnyx Aurora Full-Color Digital Night Vision Camera","SiOnyx","FBM","Sports & Outdoors",847869,811251020095,"N/A",0811251020095,"N/A","Night Vision Monoculars",201,649.99,"N/A",0,0,,"-","-",88,4.2,"Sports-and-Gadgets","USA",0,39,-9,"N/A","N/A","N/A","N/A","N/A","N/A","N/A","03/31/2024",39,5,2,0
"https://amazon.com/dp/B0FS7CFQL4","https://m.media-amazon.com/images/I/41HbSto8NOL._SX450_.jpg","B0FS7CFQL4","Virgo S2 Mini Thermal Scope 4-in-1 Handheld Rifle Pistol Helmet Mount 256x192 60Hz Thermal Imaging Monocular","Theless Gear","FBM","Sports & Outdoors",849107,762168398497,"N/A",0762168398497,"N/A","Night Vision",721,659,"N/A",0,0,,"-","-","N/A","N/A","Theless Gear","China",1,0,"N/A","N/A","N/A","N/A","N/A","N/A","N/A","N/A","-",6,7,0,"N/A"
"https://amazon.com/dp/B094Y7K5HN","https://m.media-amazon.com/images/I/61x+jqGoFsS._SX450_.jpg","B094Y7K5HN","AISHFP 4K 10-300 X 40 MM Telescope, Super Zoom High Power Scope Night Vision Waterproof Military Monoculars Telescope for Camping Travelling,No Tripod","AISHFP","FBM","Sports & Outdoors",852242,"N/A","N/A",3643616713499,"N/A","Night Vision Monoculars",203,16.65,-64,5,5,-61,53.44,53.35,2,3.9,"sunshaowensx","China",4,0,"N/A","N/A","N/A","N/A","N/A","N/A","N/A","N/A","12/31/2025",58,8,0,2.34
"https://amazon.com/dp/B09JT1VXGG","https://m.media-amazon.com/images/I/71Nj5HX5ClL._SX450_.jpg","B09JT1VXGG","Superior Tactical White Phosphor XLSH Gen 3 PVS-14 Night Vision MonocularsI Helmet Mounted, Waterproof, Rugged & Durable Goggles I Hands- Free & Perfect for Outdoor Adventures","Superior Tactical LLC S","FBM","Sports & Outdoors",853227,671495074748,"N/A",0671495074748,"N/A","Night Vision Monoculars",203,3499,-28,2,2,40,7777.5,7777.45,21,4.5,"superiortac","USA",1,18,13,"N/A","N/A","N/A","N/A","N/A","N/A","N/A","03/31/2024",53,7,0,0.11
"https://amazon.com/dp/B0D91HD4GH","https://m.media-amazon.com/images/I/61-hiBLTDQL._SX450_.jpg","B0D91HD4GH","GPNVG 18 Night Vision Goggles Dummy Model with NVG Mount for PVS15/PVS18, Four-Tube Binocular Night Vision for Tactical Helmet NVG Mount, Cosplay Prop, CS Game,No Function (Black)","Partekavo","FBM","Sports & Outdoors",860879,"N/A","N/A","N/A","N/A","Night Vision Binoculars & Goggles",518,65.99,-45,0,0,,"-","-",2,4,"Partekavo Shop -US","China",1,0,"N/A","Large Standard-Size",10.2,5.1,3.5,1.57,"N/A","N/A","12/31/2025",20,9,0,0
"https://amazon.com/dp/B0DSPKG239","https://m.media-amazon.com/images/I/71wffz0Px8L._SX450_.jpg","B0DSPKG239","4K Video&48MP Image Night Vision GogglesTechnology Gifts for Adults, Infrared Binoculars 3″ Screen,5Ah Battery,8X Digital Zoom,32GB TF Card,IP65 Waterproof for Outdoor, Animals,Camping & Surveillance","San Yare","FBA","Sports & Outdoors",861775,"N/A","N/A","N/A","N/A","Night Vision Binoculars & Goggles",520,69.99,-29,1,1,,70.52,70.46,11,4.4,"San Yare","USA",1,38,"N/A","Large Standard-Size",8.6,7.8,3.7,1.05,124.96,344.72,"04/30/2025",14,8,0,0.08
"https://amazon.com/dp/B0CGQD82JV","https://m.media-amazon.com/images/I/61LKibHptmL._SX450_.jpg","B0CGQD82JV","PVS-14 Light Weight Dual Tube Mounting System IC AN/PVS-14LW，Night Vision Goggles Night Vision Adapter for PVS-14 Night Vision Binoculars Monocular Or Binocular (Color : Black)","LEESEN","FBM","Sports & Outdoors",863523,"N/A","N/A",9496269002083,"N/A","Night Vision Binoculars & Goggles",523,148,-38,0,0,-200,"-","-",5,3.1,"Cloud Pigeon","China",1,14,-76,"N/A","N/A","N/A","N/A","N/A","N/A","N/A","10/31/2024",31,7,2,0
"https://amazon.com/dp/B0CGQDCKT3","https://m.media-amazon.com/images/I/71TaFw3eFfL._SX450_.jpg","B0CGQDCKT3","LEESEN PVS-14 Light Weight Dual Tube Mounting System IC AN/PVS-14LW，Night Vision Goggles Night Vision Adapter for PVS-14 Night Vision Binoculars Monocular Or Binocular (Color : Gold)","LEESEN","FBM","Sports & Outdoors",863596,"N/A","N/A",9496269002076,"N/A","Night Vision Binoculars & Goggles",524,148,-25,0,0,-200,"-","-",5,3.1,"Cloud Pigeon","China",1,14,-76,"N/A","N/A","N/A","N/A","N/A","N/A","N/A","10/31/2024",31,7,2,0
"https://amazon.com/dp/B0DHZVJ49V","https://m.media-amazon.com/images/I/41eXI8L1R8L._SX450_.jpg","B0DHZVJ49V","[2025 Upgrade] 4K Night Vision Monocular with Head Strap - | 1312 FT | 8X Magnification | Head Mounted | Dual IR 850","Dumjug","FBA","Sports & Outdoors",866096,"N/A","N/A","N/A","N/A","Night Vision Binoculars & Goggles",526,197.98,-69,0,0,,"-","-",5,3.6,"Dumjug Direct","China",1,42,"N/A","Large Standard-Size",3.23,5.55,5.63,1.15,50.81,140.18,"03/31/2025",18,6,0,0
"https://amazon.com/dp/B0FNBNZXZG","https://m.media-amazon.com/images/I/61lluasGbVL._SX450_.jpg","B0FNBNZXZG","Night Vision Goggles Mount CNC Metal for l4g24 NVG Mount Adjustable Aluminum Helmet Mounts for PVS15/PVS18 Tactical Night Vision Goggles Head Mounted (Black)","Wokyo","FBM","Sports & Outdoors",870782,"N/A","N/A","N/A","N/A","Night Vision Binoculars & Goggles",531,58.99,53,5,5,,298.18,298.08,"N/A","N/A","Rayone","China",2,0,"N/A","Large Standard-Size",5.11,3.93,2.75,0.55,"N/A","N/A","02/28/2026",7,9,3,"N/A"
"https://amazon.com/dp/B0FWZTQ2DG","https://m.media-amazon.com/images/I/61-9ULms3-L._SX450_.jpg","B0FWZTQ2DG","Night Vision Goggles with Rangefinder, 4K Night Vision Binoculars for Adult with 3.2''HD Screen & 4500mAh Rechargeable Battery, 64GB TF Card, 1600FT Viewing Range for Hunting, Camping","NOEMOCY","FBA","Sports & Outdoors",870855,762949320686,"N/A",0762949320686,"N/A","Night Vision Binoculars & Goggles",532,129.99,-42,0,0,-133,"-","-",3,5,"NOEMOCY","China",1,0,"N/A","Large Standard-Size",5.5,4.7,2.1,0.7,27.33,75.4,"11/30/2025",5,8,0,0.06
"https://amazon.com/dp/B0DMT1GKM8","https://m.media-amazon.com/images/I/61QytPJrPgL._SX450_.jpg","B0DMT1GKM8","DUCO Night-vision Glasses Polarized Night Driving Men's Shooting Glasses","DUCO","FBA","Sports & Outdoors",871338,"N/A","N/A","N/A","N/A","Night Vision Binoculars & Goggles",532,24.98,15,0,0,,"-","-",9,3.5,"Duco Glasses Co., Ltd.","China",2,0,"N/A","Large Standard-Size",2.72,3.19,6.77,0.31,29.57,81.59,"11/30/2025",16,6,0,0
"https://amazon.com/dp/B0DG1FSVHD","https://m.media-amazon.com/images/I/61X3vFBYetL._SX450_.jpg","B0DG1FSVHD","WGFXYBFY NVG30 Helmet Mounted Night Vision Scope,940nm Infrared Night Vision Monocular,3 Levels of Infrared Adjustment,Support WiFi,Can Day and Night Use,Black","WGFXYBFY","FBM","Sports & Outdoors",873119,"N/A","N/A",1092148475825,"N/A","Night Vision Monoculars",206,559.99,"N/A",0,0,,"-","-","N/A","N/A","Xiaofugui Shop","China",1,0,"N/A","N/A","N/A","N/A","N/A","N/A","N/A","N/A","-",18,7,0,"N/A"
"https://amazon.com/dp/B01JN8IAEW","https://m.media-amazon.com/images/I/61tApJAUzWL._SX450_.jpg","B01JN8IAEW","ANVIS Night Vision Goggles Low Profile Battery Pack (LPBP) Battery Cartridge (2 pc)","BEICHI","FBM","Sports & Outdoors",875262,762758099322,"N/A",0762758099322,"N/A","Night Vision Binoculars & Goggles",535,35,1,1,1,100,38.85,38.81,1,5,"KD Sporting Group","USA",1,7,-42,"Large Standard-Size",1,2.7,3.1,0.04,"N/A","N/A","09/30/2024",115,1,0,1.11
"https://amazon.com/dp/B0BLSL9WW3","https://m.media-amazon.com/images/I/41re36aFHOL._SX450_.jpg","B0BLSL9WW3","oneleaf.ai Find NV200 True 4K 35mm Night Vision Binoculars, Night Vision Goggles for Observation/Hunting, Night Viewing Distance up to 600M (Day Viewing Distance up to 6KM)","oneleaf.ai","FBA","Sports & Outdoors",875291,659103618409,"N/A",0659103618409,"N/A","Night Vision Binoculars & Goggles",530,299.98,-4,0,0,-133,"-","-",26,4,"Akk Technology Inc","Hong Kong",3,19,-50,"Large Standard-Size",3.46,10.63,11.3,3.48,209.25,577.24,"11/30/2024",40,7,0,0
"https://amazon.com/dp/B0DN5NV7V7","https://m.media-amazon.com/images/I/61OMfIDxpoL._SX450_.jpg","B0DN5NV7V7","NVG 3rd 2K Resolution 2688x1520 Helmet Mounted Night Vision,Infrared Night Vision Monocular 4X Digital Zoom Visual Distance 300m 20mm Focal Lens for Outdoor Night Vision Hunting (NVG 3rd)","Guune","FBM","Sports & Outdoors",875495,"N/A","N/A","N/A","N/A","Night Vision Monoculars",204,490,"N/A",0,0,-144,"-","-",9,3.6,"shenzhenshijinmanxiukejiyouxiangongsi","China",1,17,"N/A","Large Standard-Size",7.87,7.87,3.54,1.98,"N/A","N/A","10/31/2025",32,9,2,0
"https://amazon.com/dp/B0D7MVMH4H","https://m.media-amazon.com/images/I/61W+vZrMZYL._SX450_.jpg","B0D7MVMH4H","Tactical Night Vision Goggles Model with Adjustable Helmet Mount for PVS15/PVS18/GPNVG18, No Function (Tan)","Gayontech","FBM","Sports & Outdoors",879623,724156209208,"N/A",0724156209208,"N/A","Night Vision Binoculars & Goggles",540,52.99,-40,0,0,,"-","-",6,3.4,"GayongStore","China",1,0,"N/A","Large Standard-Size",9,6,3.5,1.2,"N/A","N/A","-",21,7,0,0
"https://amazon.com/dp/B0DY1F9ZLP","https://m.media-amazon.com/images/I/611RE9dSm3L._SX450_.jpg","B0DY1F9ZLP","Head&Helmet Mounted Night Vision Goggles with Head Strap, 5X Magnification,940nm IR,400M Night Vision Riflescope 1.4“ HD Round Screen, Aluminum Alloy Body, for Hunting, Fishing,Camping,Surveillance","megaorei","FBM","Sports & Outdoors",881624,717097234972,"N/A",0717097234972,"N/A","Night Vision Binoculars & Goggles",542,99.59,44,0,0,-67,"-","-",3,4.2,"megaorei technology","China",1,0,"N/A","Large Standard-Size",8.2,6.5,3.3,1.6,"N/A","N/A","07/31/2025",16,8,0,0
"https://amazon.com/dp/B0BCGXCCT4","https://m.media-amazon.com/images/I/41bw-u03+GS._SX450_.jpg","B0BCGXCCT4","WIRUN Night Vision Glasses Anti-Glare Polarized UV400 Aviator Yellow Safety Night Driving Glasses Eyewear for Men & Women (Golden081)","WIRUN","FBM","Sports & Outdoors",883850,743785941556,"N/A",0743785941556,"N/A","Night Vision Binoculars & Goggles",547,18.57,-18,2,0,,40.95,"-",1,3,"RRDLAY","China",1,9,125,"Large Standard-Size",6,2.5,1.5,0.22,"N/A","N/A","11/30/2025",43,7,8,2.43
"https://amazon.com/dp/B0BCGVFG9W","https://m.media-amazon.com/images/I/5168Cf2P4jS._SX450_.jpg","B0BCGVFG9W","WIRUN Night Vision Glasses Anti-Glare Polarized UV400 Aviator Yellow Safety Night Driving Glasses Eyewear for Men & Women (Silver081)","WIRUN","FBM","Sports & Outdoors",883954,743785941570,"N/A",0743785941570,"N/A","Night Vision Binoculars & Goggles",548,18.57,-69,2,0,,40.95,"-",1,3,"meilijiastore","China",1,9,125,"Large Standard-Size",6,2.5,1.5,0.22,"N/A","N/A","11/30/2025",43,7,8,2.43
"https://amazon.com/dp/B08HXTM26W","https://m.media-amazon.com/images/I/71ifOn53J4L._SX450_.jpg","B08HXTM26W","Digital Infrared Night Vision Binoculars for Camping, Hunting, Surveillance & Bird Watching, 3X Digital Zoom, 984ft Range, 2.31” LCD Display by SIGWEIS","SIGWEIS","FBA","Sports & Outdoors",884015,703355200360,"N/A",0703355200360,"N/A","Night Vision Binoculars & Goggles",545,189.99,-38,0,0,-143,"-","-",73,4,"Sigweis","USA",1,25,-39,"Large Standard-Size",3.78,11.61,13.03,3.15,287.9,794.21,"09/30/2024",66,8,0,0
"https://amazon.com/dp/B0CYH98PZ1","https://m.media-amazon.com/images/I/716D9DljN6L._SX450_.jpg","B0CYH98PZ1","Nightiger Day/Night Vision Binoculars with Ranging Function - Large HD Screen, 10X Digital Zoom, 2624FT Viewing Range, 7000mAh Rechargeable Infrared Night Vision Goggles for Adults","Nightiger","FBA","Sports & Outdoors",886094,"N/A","N/A","N/A","N/A","Night Vision Binoculars & Goggles",542,294.49,1,0,0,,"-","-",7,4.4,"Nightiger-USA","China",1,8,"N/A","Large Standard-Size",10.8,8,3.54,3.19,153.99,424.8,"04/30/2024",24,6,0,0
"https://amazon.com/dp/B0CTCJJ6BZ","https://m.media-amazon.com/images/I/81GUUQLdGPL._SX450_.jpg","B0CTCJJ6BZ","Night Vision Goggles, 1312FT Digital Infrared Head Mounted Night Vision, Nightvision Goggles for Helmet, Compatible with Military Tactical FastMICH Helmet, 8X Digital Zoom/ 32GB SD Card","NICEGREEN LIFE","FBM","Sports & Outdoors",887228,786194233973,"N/A",0786194233973,"N/A","Night Vision Binoculars & Goggles",547,307.98,"N/A",0,0,,"-","-",35,3.5,"SupruniukKK","USA",1,0,"N/A","Large Standard-Size",4.02,6.69,9.72,2.36,"N/A","N/A","03/31/2024",24,8,0,0
"https://amazon.com/dp/B0DB5WY33G","https://m.media-amazon.com/images/I/51tLHSlNFFL._SX450_.jpg","B0DB5WY33G","AGM Global Vision 19-384 Thermal Imaging Monocular 20mK, 12 Micron, 384x288 (50 Hz)","AGM Global Vision","FBM","Sports & Outdoors",887571,810027772657,"N/A",0810027772657,"N/A","Night Vision Monoculars",208,1495,44,0,0,,"-","-",3,5,"Gritr","USA",1,3,"N/A","Large Standard-Size",3.75,8,9,2.75,"N/A","N/A","11/30/2024",20,8,0,0
"https://amazon.com/dp/B0CBCP9YTK","https://m.media-amazon.com/images/I/41Z7NtCyyCL._SX450_.jpg","B0CBCP9YTK","KILOGOGRAPH Night Vision Goggles - Night Binoculars with Night Vision for Adult, 4K Video with Sound, 7 IR Night Vision Binoculars Military Grade, 64GB Memory Card, Hunting Gift (N009 Plus with WiFi)","KILOGOGRAPH","FBA","Sports & Outdoors",888091,"N/A","N/A","N/A","N/A","Night Vision Binoculars & Goggles",550,59.99,-47,2,2,150,122.97,122.9,5,4.2,"heyClub","Hong Kong",1,4,"N/A","Large Standard-Size",7,5,3,0.94,52.86,145.83,"11/30/2024",32,9,1,0.41
"https://amazon.com/dp/B0DFYMTLWD","https://m.media-amazon.com/images/I/7164qtohcEL._SX450_.jpg","B0DFYMTLWD","SKIOVEMI Digital Night Vision Goggles, 3D 36MP 4K Night Vision Binoculars Head-Mounted with 32GB Memory Card to Save Photos/Videos, 8X Digital, 7 Gear Infrared","SKIOVEMI","FBM","Sports & Outdoors",888109,"N/A","N/A",1091475294642,"N/A","Night Vision Binoculars & Goggles",545,239,-8,1,1,50,284.03,283.96,"N/A","N/A","SKIOVEMI","China",1,0,"N/A","N/A","N/A","N/A","N/A","N/A","N/A","N/A","02/28/2026",18,7,0,"N/A"
"https://amazon.com/dp/B0DQGFMF54","https://m.media-amazon.com/images/I/71hxe7Lwm6L._SX450_.jpg","B0DQGFMF54","Night Vision Goggles, 4K UHD Video & 36MP Image Infrared Night Vision Binoculars with 4.5″ Screen, 4500mAh Rechargeable Battery, 32GB TF Card, 8X Digital Zoom, Backlit Silicone Button for Camping","Zonkasion","FBA","Sports & Outdoors",888200,"N/A","N/A","N/A","N/A","Night Vision Binoculars & Goggles",549,59.99,-60,0,0,,"-","-",4,5,"ZHONGYUETONGGUANG","China",1,36,"N/A","Large Standard-Size",6.26,3.11,7.72,1.57,75.67,208.75,"10/31/2025",15,9,0,0
"https://amazon.com/dp/B0DXF8LBYR","https://m.media-amazon.com/images/I/61xYbLnLaaL._SX450_.jpg","B0DXF8LBYR","Plastic Night Vision Binocular Bridge Mount for pvs14 Adjustable for Dovetail L4G24 Helmet Bracket Support 1 Digital or 2 Optical nvg (UK Standard)","CANIS SPORT INC","FBM","Sports & Outdoors",889178,037936644374,"N/A",0037936644374,"N/A","Night Vision Binoculars & Goggles",554,27.99,28,0,0,-102,"-","-",4,4.2,"CANIS SPORT INC","China",1,0,"N/A","Large Standard-Size",2.09,3.03,4.25,0.24,"N/A","N/A","10/31/2025",13,9,0,0.12
"https://amazon.com/dp/B0BCGYM9ZQ","https://m.media-amazon.com/images/I/41LMlmeBN0S._SX450_.jpg","B0BCGYM9ZQ","WIRUN Night Vision Glasses Anti-Glare Polarized UV400 Aviator Yellow Safety Night Driving Glasses Eyewear for Men & Women (Grey025)","WIRUN","FBM","Sports & Outdoors",891345,743785941525,"N/A",0743785941525,"N/A","Night Vision Binoculars & Goggles",548,18.57,-19,2,0,,40.95,"-",1,3,"RRDLAY","China",1,9,125,"Large Standard-Size",6,2.5,1.5,0.22,"N/A","N/A","11/30/2025",43,7,8,2.43
"https://amazon.com/dp/B0BCGXBQR7","https://m.media-amazon.com/images/I/41-wFYavqzS._SX450_.jpg","B0BCGXBQR7","WIRUN Night Vision Glasses Anti-Glare Polarized UV400 Aviator Yellow Safety Night Driving Glasses Eyewear for Men & Women (Black025)","WIRUN","FBM","Sports & Outdoors",891385,743785941549,"N/A",0743785941549,"N/A","Night Vision Binoculars & Goggles",548,18.57,-40,2,0,,40.95,"-",1,3,"meilijiastore","China",1,9,125,"Large Standard-Size",6,2.5,1.5,0.22,"N/A","N/A","11/30/2025",43,7,8,2.43
"https://amazon.com/dp/B07YCX92FV","https://m.media-amazon.com/images/I/61+7hyt1isL._SX450_.jpg","B07YCX92FV","AGM Global Vision Night Vision Monocular PVS-14 3AL1 Gen 3+ Auto-Gated Level 1 NVG Military Grade monocular for Hunting. High Powered Digital Tactical Survival Gear nv monocular for Helmet, Headset","AGM Global Vision","FBM","Sports & Outdoors",893071,810027770264,"N/A",0810027770264,"N/A","Night Vision Monoculars",209,3795,19,2,2,-73,8503.93,8503.87,14,2.3,"Kenzie's Optics","USA",4,30,3,"Large Standard-Size",4.13,9.65,13.19,2.48,"N/A","N/A","10/31/2024",78,9,0,0.16
"https://amazon.com/dp/B0BSFS82FT","https://m.media-amazon.com/images/I/61k6P8pGIwL._SX450_.jpg","B0BSFS82FT","Worth 4 Dot Light, Worth 4 Light Test, Electronic Portable Eye Suppression Check Binocular 4 Dot Light for Children Adults Spectacles Store","YUYTE","FBM","Sports & Outdoors",894343,"N/A","N/A","N/A","N/A","Night Vision Monoculars",208,37.3,-25,3,3,,140.55,140.45,"N/A","N/A","Lyanzhi","China",1,19,46,"Large Standard-Size",9.84,7.48,3.15,0.56,"N/A","N/A","11/30/2024",38,9,0,"N/A"
"https://amazon.com/dp/B0DJ73XZ78","https://m.media-amazon.com/images/I/713jZdikb3L._SX450_.jpg","B0DJ73XZ78","[2024 Upgrade] Night Vision Goggles with Head Strap, Rechargeable Infrared Binoculars 3"" Screen 1312FT Compatible with Fast MICH Helmet for Long Range Airsoft Military Hunting Tactical Gear","Dumjug","FBM","Sports & Outdoors",896110,"N/A","N/A","N/A","N/A","Night Vision Binoculars & Goggles",555,239.08,-54,0,0,,"-","-",10,4.2,"SuccessWorld","USA",1,14,"N/A","Large Standard-Size",3.98,6.73,9.72,2.36,"N/A","N/A","01/31/2025",18,6,0,0
"https://amazon.com/dp/B00MN5GAM2","https://m.media-amazon.com/images/I/21xSoJfYhlL._SX450_.jpg","B00MN5GAM2","Walters 4x12 Monocular, 1.25 Inch Aperture, Manual Focus, 12.5 Degrees FOV, Beginner, Adults, Unisex","N/A","FBM","Sports & Outdoors",900207,"N/A","N/A","N/A","N/A","Night Vision Monoculars",212,164.76,-24,1,1,,209.79,209.71,6,4.5,"Willow Rock Health","USA",3,11,-15,"Large Standard-Size",3.8,2,1.7,0.3,"N/A","N/A","11/30/2025",169,1,0,0.22
"https://amazon.com/dp/B0BCGYH9BM","https://m.media-amazon.com/images/I/414WX3an4CS._SX450_.jpg","B0BCGYH9BM","WIRUN Night Vision Glasses Anti-Glare Polarized UV400 Aviator Yellow Safety Night Driving Glasses Eyewear for Men & Women (Silver025)","WIRUN","FBA","Sports & Outdoors",903110,743785941532,"N/A",0743785941532,"N/A","Night Vision Binoculars & Goggles",561,12.58,-33,2,1,,40.95,8.58,1,3,"RRDLAY","China",2,9,125,"Large Standard-Size",6,2.5,1.5,0.22,11.33,31.25,"11/30/2025",43,7,8,2.43
"https://amazon.com/dp/B0BCGVR2W1","https://m.media-amazon.com/images/I/51QttX+eQWS._SX450_.jpg","B0BCGVR2W1","WIRUN Night Vision Glasses Anti-Glare Polarized UV400 Aviator Yellow Safety Night Driving Glasses Eyewear for Men & Women (Golden025)","WIRUN","FBM","Sports & Outdoors",903110,743785941518,"N/A",0743785941518,"N/A","Night Vision Binoculars & Goggles",561,18.57,-34,2,0,,40.95,"-",1,3,"RRDLAY","China",1,9,125,"Large Standard-Size",6,2.5,1.5,0.22,"N/A","N/A","11/30/2025",43,7,8,2.43
"https://amazon.com/dp/B0BXX6PVGS","https://m.media-amazon.com/images/I/41-pId-uJTL._SX450_.jpg","B0BXX6PVGS","Grey Bear Night Vision Goggles PRO 2, 9X Magnification Infrared Binoculars for Adults, FHD 60FPS Video (REAL*) to Capture Fast Motion, No-Glare IR, 32GB - Hunting, Camping, Hiking, Security (NVB-200F)","Grey Bear","FBA","Sports & Outdoors",903512,759126538026,"N/A",0759126538026,"N/A","Night Vision Binoculars & Goggles",562,59.99,-72,1,1,800,79.76,79.65,19,3.9,"Grey Bear Imaging","Taiwan, Province of China",1,13,-7,"Large Standard-Size",3.23,8.9,9.49,2.43,137.35,378.9,"01/31/2026",36,7,0,0.08
"https://amazon.com/dp/B0FPMHF7RC","https://m.media-amazon.com/images/I/61iT3Vl+3SL._SX450_.jpg","B0FPMHF7RC","Night Vision Goggles 1080P 48MP,3'' HD Display,5X Optical 8X Digital Zoom,IPX4 Waterproof Infrared Night Vision for Camping","DIYUSI","FBA","Sports & Outdoors",903551,"N/A","N/A","N/A","N/A","Night Vision Binoculars & Goggles",564,99,-55,0,0,-140,"-","-","N/A","N/A","WorldWide Co.,LTD","China",1,0,"N/A","Large Standard-Size",4.49,9.13,9.33,2.07,192.56,531.21,"09/30/2025",6,8,0,"N/A"
"https://amazon.com/dp/B09R3LJZKL","https://m.media-amazon.com/images/I/61LF27MJItL._SX450_.jpg","B09R3LJZKL","OWLNV Night Vision Digital Rifle Scope, HD Day & Night Hunting Riflescope Monocular with Rangefinder, WiFi, Gyroscope&E-Compass, IR Illuminator 940nm, iOS & Android Apps Waterproof L3-LRF","OWLNV","FBA","Sports & Outdoors",904447,"N/A","N/A","N/A","N/A","Night Vision Monoculars",213,439.98,-39,1,1,500,442.25,442.23,3,4.1,"Owlnv","China",2,3,-67,"Large Standard-Size",3.19,5.2,8.82,2.34,73.58,202.99,"08/31/2024",50,13,0,0.51
"https://amazon.com/dp/B01JQZKBWG","https://m.media-amazon.com/images/I/81qlpX22k7L._SX450_.jpg","B01JQZKBWG","Neck Cord for PVS-14, PVS-7B/D, 6015 etc Night Vision Device","USGI","FBA","Sports & Outdoors",904688,762758099445,"N/A",0762758099445,"N/A","Night Vision Binoculars & Goggles",563,9.99,-52,1,1,,12.37,12.34,3,3.9,"KD Sporting Group","USA",2,2,-78,"Small Standard-Size",0.39,2.09,3.43,0.02,1.42,3.91,"04/30/2024",115,1,0,0.42
"https://amazon.com/dp/B0DK5Z2M85","https://m.media-amazon.com/images/I/61M45YnsdnL._SX450_.jpg","B0DK5Z2M85","Gen 20/20 Digital Night Vision Monocular for Adults with Photo Capture and 2GB SD Card – 2.3X Magnification, 12° FOV, Surveillance & Hunting, Video Output, Adjustable FPS, and Color Display Options","Night Owl Optics","FBM","Sports & Outdoors",905964,635328171561,"N/A",0635328171561,"N/A","Night Vision Monoculars",212,499,-6,0,0,-100,"-","-",130,4.1,"First Texas Products Corporation","USA",1,0,"N/A","N/A","N/A","N/A","N/A","N/A","N/A","N/A","12/31/2025",95,1,4,0
"https://amazon.com/dp/B004145A42","https://m.media-amazon.com/images/I/61M45YnsdnL._SX450_.jpg","B004145A42","Night Owl Optics iGen 20/20 Digital Night Vision Monocular - 2.3X Magnification, 12° FOV, Surveillance & Hunting, Video Output, Color Display Options, Adjustable Frames Per Second","Night Owl Optics","FBM","Sports & Outdoors",905964,635328171448,"N/A",0635328171448,"N/A","Night Vision Monoculars",212,399,8,0,0,-104,"-","-",130,4.1,"First Texas Products Corporation","USA",1,0,"N/A","N/A","N/A","N/A","N/A","N/A","N/A","N/A","12/31/2025",95,1,4,0
"https://amazon.com/dp/B0BNJR3JM1","https://m.media-amazon.com/images/I/61z6rU6tUKL._SX450_.jpg","B0BNJR3JM1","Sehnsucht Night Driving Glasses Classic Night Vision Glasses for Men Women,Anti Glare Reducing Yellow Night Time Glasses 218Y Black Demi","Sehnsucht","FBA","Sports & Outdoors",906404,"N/A","N/A","N/A","N/A","Night Vision Binoculars & Goggles",564,7.99,-15,0,0,-127,"-","-",26,3.1,"Sehnsucht Glasses","China",1,13,-80,"Large Standard-Size",1.85,2.56,7.52,0.22,17.93,49.46,"03/31/2024",40,6,3,0
"https://amazon.com/dp/B0DZN42XC8","https://m.media-amazon.com/images/I/71Wl3NZslhL._SX450_.jpg","B0DZN42XC8","GOWWPUN Night Vision Goggles Head Mounted 3D VR Night Vision Binoculars Wide FOV 58° with 3600mAh Rechargeable Battery,Save Photo Video,8X Digital Zoom for Camping and Hunting","GOWWPUN","FBA","Sports & Outdoors",906598,094759844480,"N/A",0094759844480,"N/A","Night Vision Binoculars & Goggles",566,179.99,-12,0,0,-80,"-","-",5,3,"Gwokpung","China",1,0,"N/A","Large Standard-Size",4.09,7.48,10.98,2.6,169.12,466.55,"03/31/2025",11,6,0,0
"https://amazon.com/dp/B0F8QQCBHK","https://m.media-amazon.com/images/I/51SIPi4ahoL._SX450_.jpg","B0F8QQCBHK","E.T Dragon Magnifier Flip Mount, Quick Detach, 7075-T6 Aluminum, Compatible with EOTech G33/G43/G45, Holosun HM3X, Sig Juliet, Trijicon, Vortex","E.T Dragon","FBM","Sports & Outdoors",908722,"N/A","N/A","N/A","N/A","Night Vision Binoculars & Goggles",568,34.99,-71,2,2,17,64.23,64.16,2,3.2,"AIMGEAR HUNTINGNSPORTING STORE","China",1,0,"N/A","Large Standard-Size",8,4,3,0.34,"N/A","N/A","12/31/2025",10,8,0,1.83
"https://amazon.com/dp/B0BNKBXMTM","https://m.media-amazon.com/images/I/61v-p6JoUkL._SX450_.jpg","B0BNKBXMTM","Sehnsucht Night Driving Glasses Classic Night Vision Glasses for Men Women,Anti Glare Reducing Yellow Night Time Glasses 218Y Black Orange","Sehnsucht","FBA","Sports & Outdoors",910032,"N/A","N/A","N/A","N/A","Night Vision Binoculars & Goggles",564,9.98,-2,1,0,-127,4.96,"-",26,3.1,"Sehnsucht Glasses","China",1,13,-80,"Large Standard-Size",1.85,2.56,7.52,0.22,17.93,49.46,"03/31/2024",40,6,3,0.02
"https://amazon.com/dp/B0DK5LRS8W","https://m.media-amazon.com/images/I/61M45YnsdnL._SX450_.jpg","B0DK5LRS8W","Night Owl Optics Night Vision Monocular for Adults – 3-6x Digital Viewer with 37mm Lens, Built-in IR Illuminator, Adjustable Frame Rate & Lightweight 9.34oz Design for Wildlife Observation & Security","Night Owl Optics","FBM","Sports & Outdoors",910073,635328171486,"N/A",0635328171486,"N/A","Night Vision Monoculars",215,129,-45,0,0,-104,"-","-","N/A","N/A","First Texas Products Corporation","USA",1,0,"N/A","Large Standard-Size",12,8,4,2,"N/A","N/A","12/31/2025",95,1,4,"N/A"
"https://amazon.com/dp/B0DJWT8XD7","https://m.media-amazon.com/images/I/61M45YnsdnL._SX450_.jpg","B0DJWT8XD7","Night Owl Optics xGen2 Night Vision Monocular with Thermal Imaging - Perfect for Beginners & Kids, with Built-in IR Illuminator, 70yd Range, Mode Selection, and Easy Focus Adjustment","Night Owl Optics","FBM","Sports & Outdoors",910417,635328171455,"N/A",0635328171455,"N/A","Night Vision Monoculars",214,129,-10,0,0,-104,"-","-","N/A","N/A","First Texas Products Corporation","USA",1,0,"N/A","Large Standard-Size",12,8,4,1.5,"N/A","N/A","12/31/2025",95,1,4,"N/A"
"https://amazon.com/dp/B0FZJ3DWGR","https://m.media-amazon.com/images/I/71rz5KAuNuL._SX450_.jpg","B0FZJ3DWGR","Night Vision Goggles - Eagle 4K Night Vision Binoculars for Adults with Dual-Lens Magnified Display, 3 IR Modes, 8X Zoom, 3'' HD Screen, 5000mAh Battery, 64GB Card, for Outdoor & Hunting, Black","BLESSOURCE","FBM","Sports & Outdoors",913144,"N/A","N/A","N/A","N/A","Night Vision Binoculars & Goggles",571,79.99,-50,1,1,200,102.78,102.69,1,5,"BLESSOURCE","China",1,0,"N/A","N/A","N/A","N/A","N/A","N/A","N/A","N/A","11/30/2025",4,9,0,1.24
"https://amazon.com/dp/B0CNSQL5BT","https://m.media-amazon.com/images/I/41PrKvIivzL._SX450_.jpg","B0CNSQL5BT","okyass Tactical PVS-14 NVG Dovetail Shoe Night Vision Goggles Mount Bracket Assembly Couples wit","okyass","FBM","Sports & Outdoors",917622,"N/A","N/A","N/A","N/A","Night Vision Binoculars & Goggles",568,49.99,-21,0,0,-133,"-","-",2,1,"HuangJinKu","China",1,15,-71,"Large Standard-Size",2.76,1.77,0.78,0.17,"N/A","N/A","09/30/2024",28,7,0,0
"https://amazon.com/dp/B08F2V28CN","https://m.media-amazon.com/images/I/41f0xyzm0CL._SX450_.jpg","B08F2V28CN","X-Vision XANR100 Night Vision Rangefinder","X-Vision Night Vision","FBA","Sports & Outdoors",920357,850020714001,"N/A",0850020714001,"N/A","Monoculars",914,168,-29,0,0,,"-","-",7,3.7,"Alpha 1717","USA",1,32,"N/A","Large Standard-Size",2.87,4.45,6.3,0.93,40.51,111.75,"03/31/2025",67,5,0,0
"https://amazon.com/dp/B0DH23LF2Q","https://m.media-amazon.com/images/I/51HNQi11M4L._SX450_.jpg","B0DH23LF2Q","1-10x24 Rifle Scope kit with LED Fast Electric Zoom Switch LPVO Tactical Scope Fast Zooming System 30MM with Crosshair","YWYLL","FBA","Sports & Outdoors",923452,"N/A","N/A","N/A","N/A","Night Vision Monoculars",425,245,"N/A",1,1,,285.2,158.11,3,4.6,"YWYLL","China",2,13,"N/A","Large Standard-Size",16.93,12.99,3.35,5.29,370.57,1022.27,"05/31/2025",18,9,3,0.36
"https://amazon.com/dp/B01BWU1BP4","https://m.media-amazon.com/images/I/418sK97uOHL._SX450_.jpg","B01BWU1BP4","Superior Tactical Pvs-14 Parts Kit","Superior Tactical","FBM","Sports & Outdoors",926406,"N/A","N/A","N/A","N/A","Night Vision",810,849,-29,3,3,,2967.14,2967.07,7,4.7,"superiortac","USA",1,11,-27,"N/A","N/A","N/A","N/A","N/A","N/A","N/A","08/31/2024",121,1,0,0.5
"https://amazon.com/dp/B0DJQV85NK","https://m.media-amazon.com/images/I/61W8yLd8HAL._SX450_.jpg","B0DJQV85NK","WGFXYBFY 4K Head Mounted Night Vision Binoculars,4 Color Effects Night Vision Goggles,7 Levels of Infrared Adjustment with Dual-Screen Binocular Naked Eye 3D Display Screen,for Camping","WGFXYBFY","FBM","Sports & Outdoors",929175,"N/A","N/A",1092148476860,"N/A","Night Vision Binoculars & Goggles",575,239.99,-10,2,2,,584.5,584.39,"N/A","N/A","Xiaofugui Shop","China",1,8,"N/A","N/A","N/A","N/A","N/A","N/A","N/A","N/A","10/31/2025",17,7,0,"N/A"
"https://amazon.com/dp/B0BD49V36N","https://m.media-amazon.com/images/I/6190qdqbhHL._SX450_.jpg","B0BD49V36N","PVS-14 Military IR Binocular Night Vision Device Allowing for Use as a Handheld Device or Helmet-Mounted Night Vision Goggles,Detachable into Two Monocular NightVision Goggles","Teslord","FBM","Sports & Outdoors",929956,767738683751,"N/A",0767738683751,"N/A","Night Vision Binoculars & Goggles",578,2992.5,-26,2,2,500,6433.97,6433.9,"N/A","N/A","Teslord","China",1,5,400,"N/A","N/A","N/A","N/A","N/A","N/A","N/A","02/28/2026",42,7,0,"N/A"
"https://amazon.com/dp/B0D9SVSVGZ","https://m.media-amazon.com/images/I/411yXmMUXIL._SX450_.jpg","B0D9SVSVGZ","Armasight PVS-14 High Preformance Tube 1800+ FOM + 3X Magnifier Lens","Armasight","Amazon","Sports & Outdoors",932113,810081912839,"N/A",0810081912839,"N/A","Night Vision Monoculars",222,4499,-68,1,0,-33,4555.18,"-",2,3.1,"Amazon","N/A",2,0,"N/A","Large Standard-Size",4.65,7.36,12.95,2.91,"N/A","N/A","07/31/2025",20,3,2,0.57
"https://amazon.com/dp/B0D9STMY3B","https://m.media-amazon.com/images/I/71ZrOsx0bKL._SX450_.jpg","B0D9STMY3B","Armasight PVS-14 Bravo Tube 1400+ FOM + 3X Magnifier Lens","Armasight","Amazon","Sports & Outdoors",932165,810081912846,"N/A",0810081912846,"N/A","Night Vision Monoculars",222,3999,-12,1,1,-33,4555.18,4555.15,3,2.5,"Amazon","N/A",1,0,"N/A","Large Standard-Size",4.61,7.32,12.8,2.93,"N/A","N/A","07/31/2025",20,3,2,0.38
"https://amazon.com/dp/B0G64N1DHJ","https://m.media-amazon.com/images/I/61ZK4foynML._SX450_.jpg","B0G64N1DHJ","Night Vision Goggles - 1080P Night Vision Binoculars with 2000mAh Rechargeable Battery, 2.8"" IPS HD Screen & 10X Zoom Binoculars 2600FT/800M Infrared Range,Gifts for Men Dad Husband Boy Friend","ONEJOY","FBM","Sports & Outdoors",935678,"N/A","N/A","N/A","N/A","Night Vision Binoculars & Goggles",579,33.69,-37,2,2,,66.49,66.43,"N/A","N/A","xunyhe","China",1,0,"N/A","N/A","N/A","N/A","N/A","N/A","N/A","N/A","12/31/2025",3,8,0,"N/A"
"https://amazon.com/dp/B0GGXZ1GJC","https://m.media-amazon.com/images/I/81g8Wm377QL._SX450_.jpg","B0GGXZ1GJC","Night Vision Goggles, 4K Night Vision Binoculars, 3'' HD Screen & 10X Digital Zoom, 5000mAh Battery and 32GB TF Card, 1500FT Viewing Range for Camping & Security","VOOPEAK","FBA","Sports & Outdoors",935890,763306487981,"N/A",0763306487981,"N/A","Night Vision Binoculars & Goggles",580,69.99,-4,5,5,,319.29,319.17,5,5,"luoyus","China",1,0,"N/A","Large Standard-Size",7.28,5.51,2.95,0.99,59.68,164.64,"01/31/2026",2,1,0,0.91
"https://amazon.com/dp/B0FS798S99","https://m.media-amazon.com/images/I/71lu-rg1rdL._SX450_.jpg","B0FS798S99","Night Vision Goggles, Anyork 4K Night Vision Binoculars for Adults, 4000mAh Rechargeable Infrared Binoculars with 3'' Large Screen, 5X Digital Zoom for Camping, Includes 32GB TF Card","Anyork","FBA","Sports & Outdoors",936622,717956763513,"N/A",0717956763513,"N/A","Night Vision Binoculars & Goggles",581,49.99,-55,0,0,-140,"-","-","N/A","N/A","Anyork TECH INC.","China",1,0,"N/A","Large Standard-Size",12.3,7.1,3.3,2.7,145.1,400.26,"11/30/2025",6,6,0,"N/A"
"https://amazon.com/dp/B0CCS8R7KN","https://m.media-amazon.com/images/I/61gSw0OCSnL._SX450_.jpg","B0CCS8R7KN","ATN ACMDOVJARM J-Arm Dovetail","ATN","FBM","Sports & Outdoors",939747,658175123767,"N/A",0658175123767,"N/A","Night Vision Monoculars",226,83.61,-14,1,1,,77.35,77.3,1,1,"Optics Planet (✅Authorized Dealer ✅Fast Shipping)","USA",2,8,-70,"Large Standard-Size",5.25,5.37,8.05,0.5,"N/A","N/A","03/31/2024",32,1,0,1.11
"https://amazon.com/dp/B0727ZMXV1","https://m.media-amazon.com/images/I/41HL+MFufSL._SX450_.jpg","B0727ZMXV1","ANAVS-6 night vision goggles used by the military Poster Print (8 x 10)","Posterazzi","Amazon","Sports & Outdoors",940532,"N/A",07434328691672,7434328691672,"N/A","Night Vision Binoculars & Goggles",582,15,31,0,0,-100,"-","-",36,2.7,"Amazon","N/A",1,17,-50,"Small Standard-Size",0.51,8.54,10.98,0.09,"N/A","N/A","09/30/2024",105,1,0,0
"https://amazon.com/dp/B08TRPR2PS","https://m.media-amazon.com/images/I/51dlxhcMqmL._SX450_.jpg","B08TRPR2PS","AGM Global Vision PVS-14 3AW2 Night Vision Monocular with Gen 3 Auto-Gated Level 2"", P45-White Phosphor IIT. Made in USA.","AGM Global Vision","Amazon","Sports & Outdoors",941958,810027773746,"N/A",0810027773746,"N/A","Night Vision Monoculars",225,4139.99,"N/A",1,1,,3976.66,3976.62,"N/A","N/A","Amazon","N/A",2,1,"N/A","Large Standard-Size",4.84,7.48,12.6,2.4,"N/A","N/A","02/28/2026",62,9,0,"N/A"
"https://amazon.com/dp/B000G2IV26","https://m.media-amazon.com/images/I/41JDw75YN+S._SX450_.jpg","B000G2IV26","Alpen Optics PRO 10x25 compact Binocular","Alpen","FBM","Sports & Outdoors",942326,637148103371,00637148103371,5051083198387,"N/A","Binoculars",2131,48.13,"N/A",1,1,,47.01,47,1,5,"M + L","Germany",1,0,"N/A","Large Standard-Size",6.2,5.9,3.1,1.15,"N/A","N/A","-",273,1,0,1.01
"https://amazon.com/dp/B0CQ1KWM6T","https://m.media-amazon.com/images/I/61aCGEAeWRL._SX450_.jpg","B0CQ1KWM6T","YSS L4 G24 NVG Mount Metal Night Vision Helemet Mount for PVS15/PVS18 Night Vision Goggles Dovetail Mount No Shaking Black","YSS","FBA","Sports & Outdoors",945583,714855164038,"N/A",0714855164038,"N/A","Night Vision Binoculars & Goggles",586,86.99,"N/A",0,0,,"-","-","N/A","N/A","DUDUZHU STORE","China",1,14,-64,"Large Standard-Size",4.33,2.17,2.1,0.36,9.93,27.41,"04/30/2024",32,9,0,"N/A"
"https://amazon.com/dp/B0CWTPMVRM","https://m.media-amazon.com/images/I/71MXz8PTRBL._SX450_.jpg","B0CWTPMVRM","GOYOJO NVG 2K Night Vision Goggles for Adults - Helmet Mounted Night Vision Monocular with 4 Color Modes 4X Magnification, HD Recording & Playback for Hunting Surveillance (Helmet Included), Balck","GOYOJO","FBM","Sports & Outdoors",946111,658361254923,"N/A",0658361254923,"N/A","Night Vision Monoculars",227,529,-21,0,0,,"-","-",3,3,"HUITEN","China",1,0,"N/A","N/A","N/A","N/A","N/A","N/A","N/A","N/A","01/31/2025",3,6,0,0
"https://amazon.com/dp/B0D5HNGNSS","https://m.media-amazon.com/images/I/71Lzdn+SHKL._SX450_.jpg","B0D5HNGNSS","4K Night Vision Goggles,Night Vision Binoculars for Adults,3.2'' IPS Screen,Infrared Camera, 10X Digital Zoom,4000mAh Battery Binoculars with 64GB TF Card,WiFi,Hunting & Camping Gear-N002","EMUQUD","FBA","Sports & Outdoors",946979,"N/A","N/A","N/A","N/A","Night Vision Binoculars & Goggles",588,53.74,-29,0,0,-124,"-","-",2,2,"WORLD DATE","China",1,0,"N/A","Large Standard-Size",7,3.5,6,1.6,74.01,204.17,"11/30/2025",22,8,2,0
"https://amazon.com/dp/B0B3NFD471","https://m.media-amazon.com/images/I/71aBXAYI72L._SX450_.jpg","B0B3NFD471","AUPABU IR Night Vision Binoculars for Adults Hunting, Wildlife, Camping and Surveillance 1312ft / 400m with 32GB TF Card and Case Record FHD Photo Video Night Vision Goggles","Aupabu","FBA","Sports & Outdoors",947400,"N/A","N/A","N/A","N/A","Night Vision Binoculars & Goggles",585,169.99,3,1,1,-100,174.68,174.63,16,4.4,"AupabuDirect","China",1,20,82,"Large Standard-Size",3.62,8.23,10.67,3.2,160.05,441.51,"11/30/2024",45,7,2,0.06
"https://amazon.com/dp/B0CFY21NBW","https://m.media-amazon.com/images/I/71imV+pd6bL._SX450_.jpg","B0CFY21NBW","Ruaiok Night Vision Goggles, 4K FHD Infrared Night Vision Binoculars with 8X Digital Zoom, 5000mAh Tactical Light Night Vision Scope, 3'' TFT Screen, 32GB Card, Suitable for Camping, Hunting","Ruaiok","FBM","Sports & Outdoors",954957,768718455276,"N/A",0768718455276,"N/A","Night Vision Binoculars & Goggles",592,148.8,5,0,0,-100,"-","-",59,4.2,"Lilinand","N/A",1,7,-90,"Large Standard-Size",3.74,7.95,8.74,3.16,"N/A","N/A","04/30/2024",31,8,0,0
"https://amazon.com/dp/B0B789GB5W","https://m.media-amazon.com/images/I/51ha-MiLEOL._SX450_.jpg","B0B789GB5W","proSPORT Yellow Lens Sun Glasses Rimless Night Vision Driving Riding Anti Glare Men Women","proSPORT","FBM","Sports & Outdoors",959092,"N/A","N/A","N/A","N/A","Night Vision Binoculars & Goggles",1109,17.99,-19,2,0,,27.27,"-",31,4.1,"bikershades","USA",1,11,"N/A","N/A","N/A","N/A","N/A","N/A","N/A","N/A","05/31/2024",50,6,15,0.05
"https://amazon.com/dp/B0B783PGYZ","https://m.media-amazon.com/images/I/613CblmY4FL._SX450_.jpg","B0B783PGYZ","proSPORT Yellow Sun Glasses Men Women Rimless Night Vision Driving Riding Anti Glare","proSPORT","FBM","Sports & Outdoors",959096,"N/A","N/A","N/A","N/A","Night Vision Binoculars & Goggles",1109,18.89,-24,2,0,,27.27,"-",31,4.1,"bikershades","USA",1,11,"N/A","N/A",6,2,2,"N/A","N/A","N/A","05/31/2024",44,6,15,0.05
"https://amazon.com/dp/B0B789SPJM","https://m.media-amazon.com/images/I/51BcEVUlcAL._SX450_.jpg","B0B789SPJM","proSPORT Yellow Lens Sun Glasses Rimless Night Vision Driving Riding Anti Glare Men Women","proSPORT","FBM","Sports & Outdoors",959096,"N/A","N/A","N/A","N/A","Night Vision Binoculars & Goggles",1109,17.99,-15,2,0,,27.27,"-",31,4.1,"bikershades","USA",1,11,"N/A","N/A","N/A","N/A","N/A","N/A","N/A","N/A","05/31/2024",50,6,15,0.05
"https://amazon.com/dp/B0B789G362","https://m.media-amazon.com/images/I/61bbfxtZAAL._SX450_.jpg","B0B789G362","proSPORT Yellow Sun Glasses Men Women Rimless Night Vision Driving Riding Anti Glare","proSPORT","FBM","Sports & Outdoors",959096,"N/A","N/A","N/A","N/A","Night Vision Binoculars & Goggles",1109,18.89,-13,2,0,,27.27,"-",31,4.1,"bikershades","USA",1,11,"N/A","N/A","N/A","N/A","N/A","N/A","N/A","N/A","05/31/2024",44,6,15,0.05
"https://amazon.com/dp/B0FZB8P62B","https://m.media-amazon.com/images/I/61AqFRqrlBL._SX450_.jpg","B0FZB8P62B","Night Vision Goggles NVG Mount with PVS 14 J ARM Adapter,Aluminum NVG mount Combo J-Arm for Tactical Helmet Mounted,Full Metal Modular Interface Dovetail Compatible with PVS14 Monocular Night-Vision","TACinnovator","FBA","Sports & Outdoors",964665,"N/A","N/A","N/A","N/A","Night Vision Binoculars & Goggles",601,125.99,"N/A",1,1,,125.99,125.97,1,5,"TACinnovator","China",1,0,"N/A","Large Standard-Size",6.69,4.33,2.95,0.9,43.02,118.69,"02/28/2026",4,7,0,1
"https://amazon.com/dp/B0CL3GZ6CR","https://m.media-amazon.com/images/I/51x0EPnIjDL._SX450_.jpg","B0CL3GZ6CR","ATN Binox 4K 4-16X Smart Ultra HD Day/Night Hunting Binoculars w/Built-in Laser Rangefinder, Video Record, Wi-Fi, E-Compass, 16hrs+ Battery Power, Camping, Birdwatching, Sports","Force Technologies","FBA","Sports & Outdoors",967414,850057600025,"N/A",0850057600025,"N/A","Binoculars",2184,999,-49,0,0,-133,"-","-",1,5,"Force-Technologies","USA",1,9,-81,"Large Standard-Size",4.84,5.98,10.24,3.4,149.22,411.64,"08/31/2024",29,7,0,0
"https://amazon.com/dp/B09J4RLV8R","https://m.media-amazon.com/images/I/51hggTnStfL._SX450_.jpg","B09J4RLV8R","Hanlong Tactical Hunting Dummy Night Vision Goggle GPNVG 18 & Plastic L4G24 NVG Mount for Airsoft (Black), One Size","Hanlong","FBM","Sports & Outdoors",980525,785378241681,"N/A",0785378241681,"N/A","Night Vision Binoculars & Goggles",607,59.98,-15,0,0,,"-","-",69,4.1,"zhao66277","China",1,1,-99,"N/A","N/A","N/A","N/A","N/A","N/A","N/A","03/31/2024",53,9,1,0
"https://amazon.com/dp/B0DFPT2K85","https://m.media-amazon.com/images/I/61xYRZc50BL._SX450_.jpg","B0DFPT2K85","Miasazyr Tactical Soft Helmets, Heavy Duty Night Vision Head Strap Adjustable NVG Mount Cap Headband for Night Vision Goggles & Action Camera, Head Harness Compatible with NVG10/NVG30/G1/PVS 14","Miasazyr","FBM","Sports & Outdoors",980667,"N/A","N/A",1091985560954,"N/A","Night Vision Binoculars & Goggles",606,149.99,-12,0,0,-122,"-","-",3,4.6,"Samanzyr","China",1,12,"N/A","Large Standard-Size",12,6,5,1,"N/A","N/A","11/30/2024",18,7,0,0
"https://amazon.com/dp/B0BZV2K73W","https://m.media-amazon.com/images/I/71Y-TKQwcpL._SX450_.jpg","B0BZV2K73W","doorslay Night Vision Scope 4K Digital 3.2"" NightNight Vision Binocularsfor Photo and Video Night Vision Goggles","doorslay","FBA","Sports & Outdoors",981881,"N/A","N/A","N/A","N/A","Night Vision Binoculars & Goggles",608,69.89,"N/A",0,0,,"-","-",6,4.6,"zaiwes","China",1,0,"N/A","Large Standard-Size",2.64,6.18,7.56,1.19,62.1,171.31,"08/31/2024",36,8,0,0
"https://amazon.com/dp/B09333SNTH","https://m.media-amazon.com/images/I/4193hqKk+HL._SX450_.jpg","B09333SNTH","FMA Tactical Aluminum Helmet NVG Flip Mount Adapter for NVG Night Vision Goggles (BK)","FMA","FBM","Sports & Outdoors",985167,761587391560,"N/A",0761587391560,"N/A","Night Vision Binoculars & Goggles",612,23.71,-24,0,0,,"-","-",3,2.7,"zhao66277","China",2,0,"N/A","N/A","N/A","N/A","N/A","N/A","N/A","N/A","08/31/2025",59,7,0,0
"https://amazon.com/dp/B078NHJ9KW","https://m.media-amazon.com/images/I/714KRVO0FOL._SX450_.jpg","B078NHJ9KW","MOD Armory IC PVS-14 J Arm Adapter with NVG Dovetail Shoe or Bayonet Interface (Dovetail)","MOD Armory","FBM","Sports & Outdoors",993044,735255927870,"N/A",0735255927870,"N/A","Sights & Optics",3369,184.99,-34,0,0,-100,"-","-",41,4.5,"MODArmory","USA",1,13,-68,"N/A","N/A","N/A","N/A","N/A","N/A","N/A","04/30/2024",99,1,2,0.01
"https://amazon.com/dp/B0DCWBTW43","https://m.media-amazon.com/images/I/61RmhEPU9TL._SX450_.jpg","B0DCWBTW43","Tactical Night Vision Goggles Model AN/PVS31 with Adjustable Helmet Mount for Cosplay and Display, No Function (Tan)","Gayontech","FBM","Sports & Outdoors",995136,724156209222,"N/A",0724156209222,"N/A","Night Vision Binoculars & Goggles",618,52.99,-57,0,2,,"-",96.81,5,3.1,"GayongStore","China",1,0,"N/A","Large Standard-Size",9,6,3.5,1.2,"N/A","N/A","-",19,7,0,0
"https://amazon.com/dp/B002BVUSSU","https://m.media-amazon.com/images/I/81IBnbbAyYL._SX450_.jpg","B002BVUSSU","Night Owl Optics 5-Power NOXM50 Night Vision Monocular","Night Owl","FBM","Sports & Outdoors",1001476,804066783231,04139052350514,4139052350514,"N/A","Night Vision Monoculars",238,199.99,1,0,0,,"-","-",335,3.6,"First Texas Products Corporation","USA",2,14,-62,"Large Standard-Size",8.8,4.8,2.9,1,"N/A","N/A","05/31/2024",201,5,0,0
"https://amazon.com/dp/B0DNQ93Z48","https://m.media-amazon.com/images/I/61aha4yktYL._SX450_.jpg","B0DNQ93Z48","Thermal Monocular, 384x288 (AI Super Resolution) Thermal Imaging Monocular,1.43"" Large AMOLED Display,Thermal Night Vision with Wi-Fi Hotspot/STA/MIC,12hrs+ Battery Powers","GT AUDIO","FBA","Sports & Outdoors",1002496,"N/A","N/A","N/A","N/A","Night Vision Monoculars",242,499,-71,0,0,,"-","-",5,3.5,"GT AUDIO","China",1,42,"N/A","Large Standard-Size",3.43,5.47,10.04,1.94,94.84,261.63,"02/28/2025",16,9,0,0
"https://amazon.com/dp/B0B1MWP91M","https://m.media-amazon.com/images/I/61uHsEo7M7L._SX450_.jpg","B0B1MWP91M","Guide Sensmart TK451 Thermal Imaging Monocular for Night Hunting -400x300 (50 Hz) High Sensitivity Thermal Vision Monocular, 13.1X Digtal Zoom & 1550yd Detection Range","Guide Sensmart","FBM","Sports & Outdoors",1006735,"N/A","N/A",6970883550494,"N/A","Night Vision Monoculars",244,1299,"N/A",0,0,300,"-","-",5,5,"RSD Outdoor","USA",1,13,"N/A","Large Standard-Size",4.5,7.5,14,4,"N/A","N/A","10/31/2024",20,8,4,0.01
"https://amazon.com/dp/B0DJBD1G4W","https://m.media-amazon.com/images/I/41hfzmcIJ7L._SX450_.jpg","B0DJBD1G4W","Pink Ribbon Shades The NightHawk Night Driving Half Rim Bifocal, 3.00","Pink Ribbon Shades","FBA","Sports & Outdoors",1011247,"N/A","N/A","N/A","N/A","Night Vision Binoculars & Goggles",625,15.99,-10,0,0,-100,"-","-","N/A","N/A","Pink Ribbon Shades, Inc.","USA",1,17,"N/A","Large Standard-Size",4,3,3,0.4,18.12,50,"02/28/2025",17,4,4,"N/A"
"https://amazon.com/dp/B0C4YK81C2","https://m.media-amazon.com/images/I/61t41-LtSeL._SX450_.jpg","B0C4YK81C2","Guide Sensmart TK421 Thermal Imaging Monocular for Night Hunting -400x300 (50 Hz) High Sensitivity Thermal Vision Monocular, 6.8X Digtal Zoom & 1800yd Search Range","Guide Sensmart","FBM","Sports & Outdoors",1013252,"N/A","N/A","N/A","N/A","Night Vision Monoculars",244,949,-21,0,0,300,"-","-",5,5,"RSD Outdoor","USA",1,13,"N/A","Large Standard-Size",7.48,7.87,13.89,4.14,"N/A","N/A","10/31/2024",34,7,4,0.01
"https://amazon.com/dp/B0B1MYC1PL","https://m.media-amazon.com/images/I/61uHsEo7M7L._SX450_.jpg","B0B1MYC1PL","Guide Sensmart TK431 Thermal Vision Monocular – Night Vision for Hunting, 2.3X Optical Zoom, 9.2X Digital Zoom, 400x300 Resolution, 1550yd Detection Range, WiFi Video Streaming, Waterproof","Guide Sensmart","FBM","Sports & Outdoors",1013252,"N/A","N/A",6970883550487,"N/A","Night Vision Monoculars",244,999,-20,0,0,300,"-","-",5,5,"RSD Outdoor","USA",1,13,"N/A","Large Standard-Size",4.5,7.5,14,4,"N/A","N/A","10/31/2024",20,8,4,0.01
"https://amazon.com/dp/B0CHMF1DHT","https://m.media-amazon.com/images/I/619fmibDurL._SX450_.jpg","B0CHMF1DHT","MIRAGETARGET L4 G24 Rhino Mount PVS 14 NVG Helmet Mount Night Vision Goggles Mount Compatible with All Models of PVS 15/PVS 18/PVS 14/PVS 7(TAN)","MIRAGETARGET","FBA","Sports & Outdoors",1014619,734134183635,"N/A",0734134183635,"N/A","Night Vision Binoculars & Goggles",625,58.99,-20,0,0,-122,"-","-","N/A","N/A","Haike Outdoor Sports INC","USA",1,11,"N/A","Large Standard-Size",1,1,1,1,0.5,1.39,"08/31/2024",30,7,0,"N/A"
"https://amazon.com/dp/B004UO6E0M","https://m.media-amazon.com/images/I/81Qd9eImEHL._SX450_.jpg","B004UO6E0M","US ARMY ISSUE - ACH PVS-7/14 NIGHT VISION NVG HELMET RHINO MOUNT","USGI","FBA","Sports & Outdoors",1014867,"N/A","N/A","N/A","N/A","Night Vision Binoculars & Goggles",626,245,"N/A",0,0,,"-","-",51,4.4,"Venture Surplus","N/A",3,1,-98,"Small Standard-Size",0.4,6.1,1.5,0.02,1.84,5.08,"07/31/2024",181,4,0,0
"https://amazon.com/dp/B09XMTYL4H","https://m.media-amazon.com/images/I/41N+ArsLI7L._SX450_.jpg","B09XMTYL4H","PARD Night Vision Scope, Hunting Night Vision with IR 850nm, Night Vision Monocular for Hunting, Surveillance, Animal Observation, NV008SPLRF-850nm","Pard","FBM","Sports & Outdoors",1015806,"N/A","N/A","N/A","N/A","Night Vision Monoculars",247,499,-12,0,0,,"-","-",13,3.5,"PARD","China",1,21,"N/A","Large Standard-Size",4.53,5,11.5,3.35,"N/A","N/A","03/31/2025",47,6,0,0.01
"https://amazon.com/dp/B0C4DT5PM2","https://m.media-amazon.com/images/I/312Wy-jGfVL._SX450_.jpg","B0C4DT5PM2","Leica Calonox Sight SE - Thermal Imaging Monocular with OLED Display and Rechargeable Battery","Leica","FBM","Sports & Outdoors",1016741,"N/A","N/A",4022243505049,"N/A","Night Vision Monoculars",248,2099,-39,4,4,-39,7976.46,7976.37,1,5,"EuroOptic (✅ Authorized Dealer ✅ Fastest Shipping)","USA",3,63,-29,"Large Standard-Size",4.5,4.5,8.5,2.4,"N/A","N/A","09/30/2024",34,7,2,3.79
"https://amazon.com/dp/B01M35ED0T","https://m.media-amazon.com/images/I/61rpzqFQlSL._SX450_.jpg","B01M35ED0T","NightStar 2x42mm Night Vision Binocular, Gen 1, Black, NS42242CC","NightStar","FBM","Sports & Outdoors",1018164,799599164018,00799599164018,0799599164018,"N/A","Night Vision Binoculars & Goggles",628,439,-11,1,1,,494.17,494.1,1,1,"KART IT","USA",2,0,"N/A","N/A","N/A","N/A","N/A","N/A","N/A","N/A","02/28/2026",112,4,0,1.12
"https://amazon.com/dp/B0DJBCB4WL","https://m.media-amazon.com/images/I/41hfzmcIJ7L._SX450_.jpg","B0DJBCB4WL","Pink Ribbon Shades The NightHawk Night Driving Half Rim Bifocal, 2.00","Pink Ribbon Shades","FBM","Sports & Outdoors",1018204,"N/A","N/A","N/A","N/A","Night Vision Binoculars & Goggles",629,15.99,-32,0,0,-100,"-","-","N/A","N/A","Pink Ribbon Shades, Inc.","USA",1,17,"N/A","N/A","N/A","N/A","N/A","N/A","N/A","N/A","02/28/2025",17,4,4,"N/A"
"https://amazon.com/dp/B0DJBCVC4H","https://m.media-amazon.com/images/I/41hfzmcIJ7L._SX450_.jpg","B0DJBCVC4H","Pink Ribbon Shades The NightHawk Night Driving Half Rim Bifocal, 1.50","Pink Ribbon Shades","FBM","Sports & Outdoors",1020566,"N/A","N/A","N/A","N/A","Night Vision Binoculars & Goggles",630,15.99,-8,0,0,-100,"-","-","N/A","N/A","Pink Ribbon Shades, Inc.","USA",1,17,"N/A","N/A","N/A","N/A","N/A","N/A","N/A","N/A","02/28/2025",17,4,4,"N/A"
"https://amazon.com/dp/B0DJBDFPMW","https://m.media-amazon.com/images/I/41hfzmcIJ7L._SX450_.jpg","B0DJBDFPMW","Pink Ribbon Shades The NightHawk Night Driving Half Rim Bifocal, 2.50","Pink Ribbon Shades","FBM","Sports & Outdoors",1020566,"N/A","N/A","N/A","N/A","Night Vision Binoculars & Goggles",630,15.99,-6,0,0,-100,"-","-","N/A","N/A","Pink Ribbon Shades, Inc.","USA",1,17,"N/A","N/A","N/A","N/A","N/A","N/A","N/A","N/A","02/28/2025",17,4,4,"N/A"
"https://amazon.com/dp/B09DS81X7L","https://m.media-amazon.com/images/I/71o0l0bzfGL._SX450_.jpg","B09DS81X7L","PVS-7 Gen 2+ Night Vision Goggles, Infrared Head-Mounted Night Vision Binoculars -Night Goggles for Hunting, Spy, Military, Survival and Tactical","Teslord","FBM","Sports & Outdoors",1024838,632917349301,"N/A",0632917349301,"N/A","Night Vision Binoculars & Goggles",632,1859.29,-59,0,0,,"-","-",5,4.5,"Teslord","China",1,3,-90,"N/A","N/A","N/A","N/A","N/A","N/A","N/A","11/30/2024",55,7,0,0
"https://amazon.com/dp/B0DYDY5SWT","https://m.media-amazon.com/images/I/71PCJiOOODL._SX450_.jpg","B0DYDY5SWT","Tactical Night Vision Goggles Model GPNVG18 with Adjustable Helmet NVG Bracket Mount for Cosplay and Display, No Function (Tan)","Gayontech","FBM","Sports & Outdoors",1026303,743636581344,"N/A",0743636581344,"N/A","Night Vision Binoculars & Goggles",635,49.99,-91,0,0,,"-","-",1,4,"GayongStore","China",1,0,"N/A","Large Standard-Size",8,5,6,1.3,"N/A","N/A","02/28/2026",13,7,0,0.35
"https://amazon.com/dp/B0DC5H4ZRV","https://m.media-amazon.com/images/I/31WYaQoBJwL._SX450_.jpg","B0DC5H4ZRV","AGM Global Vision PVS-7 NW1 Night Vision Goggle with Gen 2+ ""Level 1"", P45-White Phosphor IIT.","AGM Global Vision","Amazon","Sports & Outdoors",1028382,810027779915,"N/A",0810027779915,"N/A","Night Vision Binoculars & Goggles",635,2800.75,-13,1,1,67,4376.08,4376.02,"N/A","N/A","Amazon","N/A",4,5,"N/A","Large bulky",5,7.5,25.5,1,"N/A","N/A","10/31/2025",78,7,0,"N/A"
"https://amazon.com/dp/B0D798Z856","https://m.media-amazon.com/images/I/71zfTDGHp9L._SX450_.jpg","B0D798Z856","Yzpacc Night Vision Goggles Mount for L4G69/ PVS15/PCS18/GPNV18 NVG Helmet Mount for 3-Hole Tactical Airsoft Helmet","Yzpacc","FBA","Sports & Outdoors",1028817,"N/A","N/A","N/A","N/A","Night Vision Binoculars & Goggles",636,6.99,-35,0,0,-133,"-","-",2,4,"Focusacc-US","China",1,10,"N/A","Large Standard-Size",4.29,2.76,3.54,0,21.1,58.2,"06/30/2024",21,9,2,0
"https://amazon.com/dp/B0CQNM8HVZ","https://m.media-amazon.com/images/I/41sbSRZm0bL._SX450_.jpg","B0CQNM8HVZ","okyass NVG Dual BNVS Dovetail Adapter for PVS14,PVS14 Night Vision System Dual Head Bracket (tan)","okyass","FBM","Sports & Outdoors",1030363,"N/A","N/A","N/A","N/A","Night Vision Binoculars & Goggles",638,46.88,-4,1,0,-100,35.28,"-",2,5,"HuangJinKu","China",1,3,-80,"N/A","N/A","N/A","N/A","N/A","N/A","N/A","09/30/2024",27,7,2,0.38
"https://amazon.com/dp/B0CKSLZFKZ","https://m.media-amazon.com/images/I/51THEm9CU3L._SX450_.jpg","B0CKSLZFKZ","Aetheria Dummy Night Vision Goggles with L4G24 Night Vision Mount for PVS15/PVS18/GPNVG18, PVS15 Dual-Tube Binocular Night Vision Goggles (Black)","Aetheria","FBM","Sports & Outdoors",1030954,"N/A","N/A",7840911084576,"N/A","Night Vision Binoculars & Goggles",635,49.99,-10,0,0,,"-","-",7,3.2,"ZhangLindezuimeixiaodian","China",1,2,-96,"Large Standard-Size",9.45,3.94,6.3,0.88,"N/A","N/A","06/30/2024",29,9,0,0
"https://amazon.com/dp/B0FRM17QZS","https://m.media-amazon.com/images/I/71fFDehyOcL._SX450_.jpg","B0FRM17QZS","HOMEE Night Vision Binoculars for Adults, 2.8"" HD Screen Infrared Portable Digital Night Vision Goggles with 10X Digital Zoom,Photo and Video, 2000mAh Rechargeable Battery for Camping (With 64GB Card)","HOMEE","FBA","Sports & Outdoors",1031263,"N/A","N/A","N/A","N/A","Night Vision Binoculars & Goggles",637,49.99,"N/A",0,0,,"-","-","N/A","N/A","HOMEE House","China",1,0,"N/A","Large Standard-Size",7.24,5.59,2.99,1.06,61.01,168.3,"11/30/2025",6,7,0,"N/A"
"https://amazon.com/dp/B0D7GZP27N","https://m.media-amazon.com/images/I/71xXK-M8w3L._SX450_.jpg","B0D7GZP27N","Nightiger Dual IR Night Vision Monocular for Adults Helmet OLED Large Circular Screen 850nm 940nm Rechargeable WiFi Night Vision Goggles HD Camera 4K Video Photo Digital Zoom Night Vision Binocular","Nightiger","FBA","Sports & Outdoors",1031501,"N/A","N/A","N/A","N/A","Night Vision Monoculars",256,159.99,-41,0,0,-78,"-","-",4,3.6,"Nightiger-USA","China",1,13,"N/A","Large Standard-Size",7.48,5.12,3.15,1.1,60.71,167.48,"01/31/2025",21,6,2,0.09
"https://amazon.com/dp/B0CQNJF7Q8","https://m.media-amazon.com/images/I/41pL6VbR8nL._SX450_.jpg","B0CQNJF7Q8","okyass NVG Dual BNVS Dovetail Adapter for PVS14,PVS14 Night Vision System Dual Head Bracket (Black)","okyass","FBM","Sports & Outdoors",1031591,"N/A","N/A","N/A","N/A","Night Vision Binoculars & Goggles",637,46.88,-13,1,0,-100,35.28,"-",2,5,"HuangJinKu","China",1,3,-80,"N/A","N/A","N/A","N/A","N/A","N/A","N/A","09/30/2024",27,7,2,0.38
"https://amazon.com/dp/B01MREL5ZC","https://m.media-amazon.com/images/I/31WMIZmAVJL._SX450_.jpg","B01MREL5ZC","NightStar 2x50mm, Gen-1, Night Vision Monocular, 15 Degrees, Black, NS41250C","NightStar","FBM","Sports & Outdoors",1044645,799599163912,00799599163912,0799599163912,"N/A","Night Vision Monoculars",262,164.99,-42,0,0,-120,"-","-",5,3.3,"KART IT","USA",4,11,22,"N/A","N/A","N/A","N/A","N/A","N/A","N/A","11/30/2025",112,6,0,0
"https://amazon.com/dp/B0CYH7V921","https://m.media-amazon.com/images/I/71M5nL9oDZL._SX450_.jpg","B0CYH7V921","Thermal Scope 12μm 400x300 Thermal Monocular Hunting Night Vision Scope 25mm IP67 Handheld Thermal Night Vision 8X Zoom WiFi Thermal Imaging Monocular,16GB Video Record","YWYLL","FBM","Sports & Outdoors",1051722,"N/A","N/A","N/A","N/A","Night Vision Monoculars",265,1389,-9,0,0,,"-","-",1,5,"shenzhenshijinmanxiukejiyouxiangongsi","China",1,15,"N/A","Large Standard-Size",12.01,10.43,5.31,4.41,"N/A","N/A","09/30/2025",23,6,0,0