"URL","Image URL","ASIN","Title","Brand","Fulfillment","Category","BSR","UPC","GTIN","EAN","ISBN","Subcategory","Subcategory BSR","Price","Price Trend (90 days) (%)","Parent Level Sales","ASIN Sales","Sales Trend (90 days) (%)","Parent Level Revenue","ASIN Revenue","Review Count","Reviews Rating","Seller","Seller Country/Region","Number of Active Sellers","Last Year Sales","Sales Year Over Year (%)","Size Tier","Length","Width","Height","Weight","Storage Fee (Jan - Sep)","Storage Fee (Oct - Dec)","Best Sales Period","Age (Month)","Number of Images","Variation Count","Sales to Reviews"
"https://amazon.com/dp/B0FH2RBHHT","https://m.media-amazon.com/images/I/5120lH0wTXL._SX450_.jpg","B0FH2RBHHT","Vividia CX-0 Series Flexible Non-Articulating USB Inspection Camera Borescope Videoscope with 0.95mm (0.037"") to 2.8mm (0.11"") Diameter for Windows PC MacOS Android (2.0mm Diameter 1.1m Long Probe)","VIVIDIA","FBM","Industrial & Scientific",1284436,"N/A","N/A","N/A","N/A","Borescopes",1739,2990,28,1,1,300,3913.11,1553.94,"N/A","N/A","Oasis Scientific Inc.","USA",1,0,"N/A","Large Standard-Size",13,5,13,4,"N/A","N/A","09/30/2025",42,9,5,"N/A"
"https://amazon.com/dp/B0D8XL8KTQ","https://m.media-amazon.com/images/I/51e-dAw8QnL._SX450_.jpg","B0D8XL8KTQ","Vividia CX-0-09510 Flexible Non-Articulating 400x400 USB Inspection Camera Borescope Videoscope with 0.95mm (0.037) Diameter 1m Long for Windows PC MacOS Android","VIVIDIA","FBM","Industrial & Scientific",1286111,"N/A","N/A","N/A","N/A","Borescopes",1738,5999.98,-15,1,0,300,3913.11,"-","N/A","N/A","Oasis Scientific Inc.","USA",1,0,"N/A","Large Standard-Size",13,5,13,4,"N/A","N/A","09/30/2025",42,9,5,"N/A"
"https://amazon.com/dp/B0FH2QM7GM","https://m.media-amazon.com/images/I/61nTBio2aiL._SX450_.jpg","B0FH2QM7GM","Vividia CX-0 Series Flexible Non-Articulating USB Inspection Camera Borescope Videoscope with 0.95mm (0.037"") to 2.8mm (0.11"") Diameter for Windows PC MacOS Android (2.8mm Diameter 1.2m Long Probe)","VIVIDIA","FBM","Industrial & Scientific",1286128,"N/A","N/A","N/A","N/A","Borescopes",1738,2999.98,91,1,0,300,3913.11,"-","N/A","N/A","Oasis Scientific Inc.","USA",1,0,"N/A","Large Standard-Size",13,5,13,4,"N/A","N/A","09/30/2025",42,9,5,"N/A"
"https://amazon.com/dp/B00QXO5PFC","https://m.media-amazon.com/images/I/61RfIrU38bL._SX450_.jpg","B00QXO5PFC","General Tools DCS16HPART Recording Video Borescope System","General Tools","FBA","Industrial & Scientific",1286603,681035016268,00681035016268,0681035016268,"N/A","Borescopes",1737,2574.51,"N/A",0,0,,"-","-",1,1,"ValueValet","Canada",1,1,"N/A","Large bulky",21.63,12.5,4,9.5,350.49,876.22,"07/31/2024",135,1,0,0
"https://amazon.com/dp/B0C36BH761","https://m.media-amazon.com/images/I/61o2M9K4raS._SX450_.jpg","B0C36BH761","20M Endoscope, 20 Meter 5.5mm USB Endoscope Industrial Inspection Camera, 6 Adjustable LED for Pipe Car Inspection, Leads And Probes, Borescopes","Fafeicy","FBM","Industrial & Scientific",1289390,"N/A","N/A","N/A","N/A","Borescopes",1741,54.28,-10,0,0,200,"-","-","N/A","N/A","Mingsinc","China",1,4,100,"Large Standard-Size",2.72,6.02,6.06,1.26,"N/A","N/A","12/31/2025",34,9,0,"N/A"
"https://amazon.com/dp/B0CCTFJBWW","https://m.media-amazon.com/images/I/71MUopI7MVL._SX450_.jpg","B0CCTFJBWW","Sewer Camera with HD 1200TVL Camera, 9"" LCD Monitor, 200FT Cable Pipe Inspection Camera Drain Sewer Industrial Endoscope Waterproof IP68 Snake Video System Pipe Inspection Camera","AKaSping","FBM","Industrial & Scientific",1289799,"N/A","N/A","N/A","N/A","Borescopes",1742,499.99,-4,0,0,-138,"-","-",1,1,"LuuChain","China",1,8,-50,"N/A","N/A","N/A","N/A","N/A","N/A","N/A","03/31/2024",31,9,1,0
"https://amazon.com/dp/B0DQLNHPYW","https://m.media-amazon.com/images/I/71MD9+SyReL._SX450_.jpg","B0DQLNHPYW","MeetChanning Pro-Grade 1920P HD Endoscope Camera with Lights for Phone and Tablet,Borescope Waterproof Inspection Camera 16.4FT Semi-Rigid for Pipe Inspection & Industrial Use","MeetChanning","FBM","Industrial & Scientific",1297109,"N/A","N/A","N/A","N/A","Borescopes",1741,21.99,-19,0,0,,"-","-","N/A","N/A","MeetChanning","China",1,0,"N/A","Large Standard-Size",8,6,4,1,"N/A","N/A","07/31/2025",15,6,0,"N/A"
"https://amazon.com/dp/B0DBRGSRVJ","https://m.media-amazon.com/images/I/6157BdWpdnL._SX450_.jpg","B0DBRGSRVJ","Industrial Endoscope Camera HD USB Inspection Camera 5.5mm Lens IP67 70° Viewing Angle 1/9"" CMOS Sensor Cable Snake for Equipment Maintenance(1M)","LiebeWH","FBM","Industrial & Scientific",1305666,"N/A","N/A","N/A","N/A","Borescopes",1746,11.18,-15,1,1,25,15.16,15.11,"N/A","N/A","Danyanty","China",1,12,"N/A","Large Standard-Size",4.72,4.72,1.57,0.16,"N/A","N/A","08/31/2025",16,9,6,"N/A"
"https://amazon.com/dp/B08X1HQSNG","https://m.media-amazon.com/images/I/61QpPhOIcSL._SX450_.jpg","B08X1HQSNG","50 Pcs Disposable Camera Sheath Cover Sleeves Endoscope Protect Sheath A04-6A","NSKI","FBM","Industrial & Scientific",1306597,792057393883,"N/A",0792057393883,"N/A","Borescopes",1750,9.4,-17,0,0,-138,"-","-",1,5,"SoHome","China",1,5,"N/A","Large Standard-Size",1.3,2.09,9.41,0.18,"N/A","N/A","11/30/2025",59,9,0,0
"https://amazon.com/dp/B01171MZNA","https://m.media-amazon.com/images/I/41PqVbSYnIL._SX450_.jpg","B01171MZNA","NTS200 Digital Endoscope 7.6mm Waterproof Inspection Camera 1M Probe Cable 4.3 Inch LCD-GOLDEN BLUE","GOLDEN BLUE","FBM","Industrial & Scientific",1310333,762470616432,"N/A",0762470616432,"N/A","Borescopes",1750,168.99,-35,0,0,,"-","-",0,"N/A","totobay_supper","China",1,3,"N/A","N/A","N/A","N/A","N/A","N/A","N/A","N/A","08/31/2025",128,7,0,"N/A"
"https://amazon.com/dp/B097Z1QY5S","https://m.media-amazon.com/images/I/71nqe7S+AVS._SX450_.jpg","B097Z1QY5S","Vividia VS-82330plus Self-Leveling 512Hz Sonde All-in-One 1280x720 HD Pipe Sewer Drain Inspection Camera 10.1"" Monitor 30m L Cable and 23mm Diameter Camera","VIVIDIA","FBM","Industrial & Scientific",1313763,"N/A","N/A","N/A","N/A","Borescopes",1752,2499,-12,1,0,300,2778.67,"-",2,4.5,"Oasis Scientific Inc.","USA",1,7,-42,"N/A","N/A","N/A","N/A","N/A","N/A","N/A","02/28/2025",56,9,3,0.59
"https://amazon.com/dp/B097YYY2DY","https://m.media-amazon.com/images/I/71nqe7S+AVS._SX450_.jpg","B097YYY2DY","Vividia VS-82330 All-in-One HD Pipe Sewer Drain Inspection Camera 10.1"" Monitor 30m L Cable 23mm Camera 512Hz Sonde 12 LED Lights","VIVIDIA","FBM","Industrial & Scientific",1313774,"N/A","N/A","N/A","N/A","Borescopes",1752,2399,-6,1,0,300,2778.67,"-",2,4.5,"Oasis Scientific Inc.","USA",1,7,-42,"N/A","N/A","N/A","N/A","N/A","N/A","N/A","02/28/2025",56,9,3,0.59
"https://amazon.com/dp/B097YXZG2D","https://m.media-amazon.com/images/I/71nqe7S+AVS._SX450_.jpg","B097YXZG2D","Vividia VS-82330 All-in-One HD Pipe Sewer Drain Inspection Camera 10.1"" Monitor 30m L Cable and 23mm Diameter Camera 12 LED Lights (Standard 23mm Camera)","VIVIDIA","FBM","Industrial & Scientific",1313774,"N/A","N/A","N/A","N/A","Borescopes",1752,2299,-12,1,1,300,2778.67,1542.2,2,4.5,"Oasis Scientific Inc.","USA",1,7,-42,"N/A","N/A","N/A","N/A","N/A","N/A","N/A","02/28/2025",56,9,3,0.59
"https://amazon.com/dp/B0D968V7K2","https://m.media-amazon.com/images/I/71y8kL1hhzL._SX450_.jpg","B0D968V7K2","Sewer Camera, 98.4 FT Inspection Camera with 512HZ Locator, 4.3"" LCD Monitor with DVR Function Borescope, Endoscope Camera, Plumbing Camera for Plumber, Homeowners","FHISD","FBM","Industrial & Scientific",1317598,"N/A","N/A","N/A","N/A","Borescopes",1754,749.99,-76,0,0,-100,"-","-","N/A","N/A","chenglongzhai","China",1,0,"N/A","Large bulky",8.09,11.02,15.55,7.7,"N/A","N/A","02/28/2025",20,7,6,"N/A"
"https://amazon.com/dp/B0FW53JTBG","https://m.media-amazon.com/images/I/51y6G2mrPwL._SX450_.jpg","B0FW53JTBG","Borescope Camera, 360-degree Industrial Pipe Endoscope, HD 1080P, Suitable for Car Maintenance and Pipeline Inspection,Industrial Endoscope","COMOAEW","FBM","Industrial & Scientific",1322952,"N/A","N/A",4940099751079,"N/A","Borescopes",1750,145.99,-32,0,0,,"-","-","N/A","N/A","HANGZHOU SANTIWAY INTERNATIONAL","China",4,0,"N/A","Large Standard-Size",0.39,0.39,0.39,3.09,"N/A","N/A","-",5,7,0,"N/A"
"https://amazon.com/dp/B0D8W8D2G2","https://m.media-amazon.com/images/I/71y8kL1hhzL._SX450_.jpg","B0D8W8D2G2","Sewer Camera, 65.6 FT Borescope with 512HZ Locator, 4.3"" LCD Monitor with DVR Function Inspection Camera, Endoscope Camera, Plumbing Camera for Plumber, Homeowners","FHISD","FBM","Industrial & Scientific",1323141,"N/A","N/A","N/A","N/A","Borescopes",1759,729.99,-62,0,0,-100,"-","-","N/A","N/A","chenglongzhai","China",1,0,"N/A","Large bulky",8.09,11.02,15.55,7.7,"N/A","N/A","02/28/2025",20,7,6,"N/A"
"https://amazon.com/dp/B0D969CNRV","https://m.media-amazon.com/images/I/71ctaUk0HkL._SX450_.jpg","B0D969CNRV","Sewer Camera, 65.6 FT Inspection Camera, 4.3"" LCD Screen Endoscope Camera, Scope Camera with 12 Adjustable LED Lights, Plumbing Camera for Plumber, Homeowners","FHISD","FBM","Industrial & Scientific",1323156,"N/A","N/A","N/A","N/A","Borescopes",1759,388.99,-57,0,0,-100,"-","-","N/A","N/A","chenglongzhai","China",1,0,"N/A","Large bulky",8.09,11.02,15.55,7.7,"N/A","N/A","02/28/2025",20,7,6,"N/A"
"https://amazon.com/dp/B0CJVN19FY","https://m.media-amazon.com/images/I/51Qjk4yv3YL._SX450_.jpg","B0CJVN19FY","Bosch Professional Inspection Camera GIC 12V-4-23 C (Cable Length: 150 cm, Orientation Function “Up Indication”, high Resolution Display: 4.3’’ Screen, 800x480px, in Carton Box)","Bosch","FBM","Industrial & Scientific",1326626,"N/A",04059952657301,4059952657301,"N/A","Borescopes",1760,288,-33,0,0,-133,"-","-",16,4.4,"Lowest price.","Korea, Republic of",1,7,"N/A","Large Standard-Size",3.03,8.07,11.77,2.73,"N/A","N/A","10/31/2025",38,12,1,0
"https://amazon.com/dp/B0DFBYXVDD","https://m.media-amazon.com/images/I/61rTFC-FsSL._SX450_.jpg","B0DFBYXVDD","Ubxvamm USB Inspection Camera - Waterproof Endoscope for Mobile Devices - Black","Ubxvamm","FBM","Industrial & Scientific",1327301,"N/A","N/A",7671300076076,"N/A","Borescopes",1764,10.24,-35,1,1,,12.49,12.44,1,1,"MIlsfna","China",2,7,"N/A","N/A","N/A","N/A","N/A","N/A","N/A","N/A","11/30/2025",18,8,1,1.23
"https://amazon.com/dp/B098FVNLN4","https://m.media-amazon.com/images/I/615bKkfkXUS._SX450_.jpg","B098FVNLN4","Borescope Industrial Endoscope, 5.0 inch HD Explosion-Proof Big Screen & Full Body Rainproof, 3.9mm Inspection Camera IP67 Waterproof, 32G TF Card, Built-in Microphone and Speaker","BaiTTang","FBM","Industrial & Scientific",1331509,"N/A","N/A",8134798131126,"N/A","Borescopes",1763,329.99,-33,0,0,-100,"-","-","N/A","N/A","baitang","China",1,3,"N/A","N/A","N/A","N/A","N/A","N/A","N/A","N/A","11/30/2024",56,8,2,"N/A"
"https://amazon.com/dp/B098FKBKF6","https://m.media-amazon.com/images/I/615bKkfkXUS._SX450_.jpg","B098FKBKF6","Borescope Industrial Endoscope, 5.0 inch HD Explosion-Proof Big Screen & Full Body Rainproof, 3.9mm Inspection Camera IP67 Waterproof, 32G TF Card, Built-in Microphone and Speaker","BaiTTang","FBM","Industrial & Scientific",1331610,"N/A","N/A",8134798131133,"N/A","Borescopes",1765,354.99,-19,0,0,-100,"-","-","N/A","N/A","baitang","China",1,3,"N/A","N/A","N/A","N/A","N/A","N/A","N/A","N/A","11/30/2024",56,8,2,"N/A"
"https://amazon.com/dp/B0CM8FRRC8","https://m.media-amazon.com/images/I/61cW2Nwb-TL._SX450_.jpg","B0CM8FRRC8","ADBEN P100 Industrial Endoscope 5.5mm 1080P Digital Borescope IP67 Waterof Snake Scope Camera Handheld Inspection Camera with 2.4"" IPS Screen 6 LED-Lights","ADBEN","FBM","Industrial & Scientific",1332304,"N/A","N/A","N/A","N/A","Borescopes",1764,32.09,-20,0,0,-100,"-","-","N/A","N/A","jia&qing","China",2,4,"N/A","N/A","N/A","N/A","N/A","N/A","N/A","N/A","11/30/2025",28,9,1,"N/A"
"https://amazon.com/dp/B0D54BF8SV","https://m.media-amazon.com/images/I/51YZTnkfQoL._SX450_.jpg","B0D54BF8SV","NGCG Waterproof Duct Inspection Camera With 5-inch Screen Suitable For Plumber Fitting Wall Inspection Carbon Deposition Industrial Endoscope Camera Lens With Screen","NGCG","FBM","Industrial & Scientific",1340334,"N/A","N/A",7627331334067,"N/A","Borescopes",1771,80.99,-47,0,0,-100,"-","-","N/A","N/A","ZNFGHJ","China",2,0,"N/A","N/A","N/A","N/A","N/A","N/A","N/A","N/A","11/30/2025",21,9,5,"N/A"
"https://amazon.com/dp/B0D54CJL4G","https://m.media-amazon.com/images/I/51l9JzHF1EL._SX450_.jpg","B0D54CJL4G","NGCG Waterproof Duct Inspection Camera with 5-inch Screen, Suitable for Plumber Fitting Wall Inspection, Carbon Deposition, Industrial Endoscope Camera Lens with Screen","NGCG","FBM","Industrial & Scientific",1342386,"N/A","N/A",7627331334098,"N/A","Borescopes",1772,85.99,"N/A",0,0,-100,"-","-","N/A","N/A","Shunzhongyong","China",1,0,"N/A","N/A","N/A","N/A","N/A","N/A","N/A","N/A","11/30/2025",21,9,5,"N/A"
"https://amazon.com/dp/B09QBTJB5Z","https://m.media-amazon.com/images/I/61QuGYenQuL._SX450_.jpg","B09QBTJB5Z","Vividia CT-6010 LCD/WiFi Flexible Two-Way Articulating Inspection Camera Borescope Videoscope with 6mm (0.236"") Diameter 1.0m Long Waterproof IP67 Probe","VIVIDIA","FBM","Industrial & Scientific",1344564,"N/A","N/A","N/A","N/A","Borescopes",1773,799.98,-8,0,0,-50,"-","-","N/A","N/A","Oasis Scientific Inc.","USA",1,3,"N/A","N/A","N/A","N/A","N/A","N/A","N/A","N/A","02/28/2025",50,9,0,"N/A"
"https://amazon.com/dp/B0CS6QRM53","https://m.media-amazon.com/images/I/515XS7MsYDL._SX450_.jpg","B0CS6QRM53","ACAGALA Endoscope 0.3MP 3 in 1 Endoscope with Adjustable LEDs 1/2/5 Meters","ACAGALA","FBM","Industrial & Scientific",1353295,764296460732,"N/A",0764296460732,"N/A","Borescopes",1777,10.49,-23,0,0,,"-","-","N/A","N/A","SUNYULAN","China",1,1,"N/A","Large Standard-Size",5.12,5.12,1.18,0.15,"N/A","N/A","06/30/2024",26,9,0,"N/A"
"https://amazon.com/dp/B07DNGSLRT","https://m.media-amazon.com/images/I/31gEk3GGRNL._SX450_.jpg","B07DNGSLRT","Vividia Ablescope UV-400 Articulating 0 to 180 Degree USB Digital Borescope Videoscope with UV/White LED Lights","VIVIDIA","FBM","Industrial & Scientific",1360386,759119544348,"N/A",0759119544348,"N/A","Borescopes",1786,599.98,-40,0,0,,"-","-",0,"N/A","Oasis Scientific Inc.","USA",1,2,"N/A","N/A","N/A","N/A","N/A","N/A","N/A","N/A","02/28/2025",93,9,0,"N/A"
"https://amazon.com/dp/B0FYXRDSL9","https://m.media-amazon.com/images/I/81+llivDreL._SX450_.jpg","B0FYXRDSL9","Sewer Camera with Locator, Industrial Borescope Pipe Camera, Self-Leveling, IP68 Sewer Inspection Cameras System with 7MM Super Flexible Push Cable, Distance Counter, 296Ft(90M), 32GB","SumKea","FBM","Industrial & Scientific",1363121,774882258841,"N/A",0774882258841,"N/A","Borescopes",1790,2699.99,3,1,0,,2900.75,"-","N/A","N/A","SumKea","China",1,0,"N/A","Extra-large 50+ to 70 lb",23.6,14.1,28.7,55.2,"N/A","N/A","12/31/2025",4,8,4,"N/A"
"https://amazon.com/dp/B0FYXWJ6FN","https://m.media-amazon.com/images/I/81+llivDreL._SX450_.jpg","B0FYXWJ6FN","Sewer Camera with Locator, Industrial Borescope Drain Camera, Self-Leveling, IP68 Sewer Inspection Cameras System with 7MM Super Flexible Push Cable, Distance Counter, 200Ft(60M), 32GB","SumKea","FBM","Industrial & Scientific",1363121,774882258834,"N/A",0774882258834,"N/A","Borescopes",1790,2499.99,-6,1,1,,2900.75,2105.96,"N/A","N/A","SumKea","China",1,0,"N/A","Extra-large 50+ to 70 lb",23.6,14.1,28.7,51.8,"N/A","N/A","12/31/2025",4,9,4,"N/A"
"https://amazon.com/dp/B0BW3L6PVB","https://m.media-amazon.com/images/I/51DToIFxF2L._SX450_.jpg","B0BW3L6PVB","AN100-3.9 3-in-1 HD Ductoscope Tpye-C Interface Mobile Handset Pipeline Endoscope USB Output Fibrescope Waterproof Automotive Industrial Equipment Inspection with LED(1M-Softlines)","Natudeco","FBM","Industrial & Scientific",1368054,"N/A","N/A","N/A","N/A","Borescopes",1792,25.31,"N/A",0,0,-100,"-","-","N/A","N/A","Tujuezity-US","China",1,4,"N/A","N/A","N/A","N/A","N/A","N/A","N/A","N/A","02/28/2025",37,9,0,"N/A"
"https://amazon.com/dp/B09MB5Y4MS","https://m.media-amazon.com/images/I/61fzpu-8KsL._SX450_.jpg","B09MB5Y4MS","Mini Camera Endoscope With a Special Focus With Three Interfaces, USB, Micro Usb and Type C Allowing You to See More Clearly at an Ultra Small Distance","Yoidesu","FBM","Industrial & Scientific",1369513,"N/A","N/A","N/A","N/A","Borescopes",1796,16.31,-32,0,0,,"-","-","N/A","N/A","Yoidesu","China",1,1,-67,"Large Standard-Size",5.12,4.72,1.18,0.16,"N/A","N/A","07/31/2024",51,7,0,"N/A"
"https://amazon.com/dp/B0BTHKK24T","https://m.media-amazon.com/images/I/61qLWSAimZL._SX450_.jpg","B0BTHKK24T","Two-Way Articulating Borescope, 5"" IPS Screen Endoscope with Articulated Snake Camera, IP67 Waterproof Borescope Inspection Camera 1080P with Lights for Automotive Aircraft Mechanics（3.3ft）","QIANS","FBA","Industrial & Scientific",1369757,"N/A","N/A","N/A","N/A","Borescopes",1793,239,-6,0,0,,"-","-",4,5,"VXTOOL","China",1,1,-67,"Large Standard-Size",16.5,8.7,3.5,2.7,252.96,697.81,"01/31/2025",37,9,0,0
"https://amazon.com/dp/B09BKXTQXN","https://m.media-amazon.com/images/I/51Rn8-zO8XL._SX450_.jpg","B09BKXTQXN","2M Smartphone Semi Rigid Endoscope,DC5V 7mm USB Semi-Rigid Endoscope Camera with 6PCS LED Lights Flexible Inspection Snake Camera Compatible with Android Smartphone","ihreesy","FBM","Industrial & Scientific",1373543,"N/A","N/A","N/A","N/A","Borescopes",1798,16.19,-15,0,0,-133,"-","-",6,4.1,"Partong Store","China",1,4,-56,"Large Standard-Size",1.42,5.39,5.63,0.33,"N/A","N/A","11/30/2024",55,9,3,0
"https://amazon.com/dp/B0CB1DKVGL","https://m.media-amazon.com/images/I/610Ej61cR+L._SX450_.jpg","B0CB1DKVGL","ACONEE Sewer Camera with 512Hz Locator, 100 ft Snake Camera with 9 Inch Touch HD Screen, DVR and Adjustable LEDs, Self Leveling, 16 GB SD Card, Waterproof IP68, for Sewer and Drainage Pipe","ACONEE","Amazon","Industrial & Scientific",1373976,196336072382,"N/A",0196336072382,"N/A","Borescopes",1796,1189.99,-4,0,0,,"-","-",2,2,"Amazon","N/A",1,3,"N/A","Large bulky",9,16.5,20,16.05,"N/A","N/A","04/30/2025",32,7,0,0
"https://amazon.com/dp/B0CLRVR7SV","https://m.media-amazon.com/images/I/71iQxXkG+wL._SX450_.jpg","B0CLRVR7SV","Bi-Directional Articulating Borescope, 5-Inch Serpentine Camera with Illuminated Video Inspection Mirror for Automotive and Aerospace Mechanics, Men's Gadgets","Aprafie","Amazon","Industrial & Scientific",1377476,196336868855,"N/A",0196336868855,"N/A","Borescopes",1799,111.13,-8,0,0,,"-","-","N/A","N/A","Amazon","N/A",1,0,"N/A","Large Standard-Size",15.75,8.27,3.15,2.77,"N/A","N/A","-",28,6,0,"N/A"
"https://amazon.com/dp/B09BKW9T8R","https://m.media-amazon.com/images/I/51Rn8-zO8XL._SX450_.jpg","B09BKW9T8R","3.5M Smartphone Semi Rigid Endoscope,DC5V 7mm USB Semi-Rigid Endoscope Camera with 6PCS LED Lights Flexible Inspection Snake Camera Compatible with Android Smartphone","ihreesy","FBM","Industrial & Scientific",1379651,"N/A","N/A","N/A","N/A","Borescopes",1801,17.99,-8,0,0,-133,"-","-",6,4.1,"Partong Store","China",1,4,-56,"Large Standard-Size",1.38,5.04,6.18,0.09,"N/A","N/A","11/30/2024",55,9,3,0
"https://amazon.com/dp/B09BKW24YN","https://m.media-amazon.com/images/I/51Rn8-zO8XL._SX450_.jpg","B09BKW24YN","1M Smartphone Semi Rigid Endoscope,DC5V 7mm USB Semi-Rigid Endoscope Camera with 6PCS LED Lights Flexible Inspection Snake Camera Compatible with Android Smartphone","ihreesy","FBM","Industrial & Scientific",1379669,"N/A","N/A","N/A","N/A","Borescopes",1801,17.09,-9,0,0,-133,"-","-",6,4.1,"Partong Store","China",1,4,-56,"Large Standard-Size",1.46,5.98,6.26,0.18,"N/A","N/A","11/30/2024",55,9,3,0
"https://amazon.com/dp/B099WYM3FD","https://m.media-amazon.com/images/I/61UqFy2h7dL._SX450_.jpg","B099WYM3FD","LCD Endoscope Cleaning Gun Visual Direct‑View Injection Industrial Endoscope for Car Air Conditioning Pipe","Hilitand","FBA","Industrial & Scientific",1384291,"N/A","N/A","N/A","N/A","Borescopes",1804,118.8,-8,0,0,,"-","-",1,5,"Simangy","China",1,0,"N/A","Large bulky",4.02,15.43,17.09,3.64,343.18,857.94,"05/31/2024",50,9,0,0
"https://amazon.com/dp/B0DP2QT5FY","https://m.media-amazon.com/images/I/61KlHdscJBL._SX450_.jpg","B0DP2QT5FY","Endoscope Inspection Camera Industrial Endoscope Camera 2.8'' IPS Screen HD1080P Inspection Borescope IP68 Waterproof 8mm/5.5mm LED Lens for Car Pipe Sewer(5m,P100-8MM Lens)","Sweet taize","FBM","Industrial & Scientific",1385837,"N/A","N/A",7425642775582,"N/A","Borescopes",1792,67.5,-41,2,2,,148.51,148.45,"N/A","N/A","TZTDM","China",1,0,"N/A","N/A","N/A","N/A","N/A","N/A","N/A","N/A","01/31/2026",15,7,24,"N/A"
"https://amazon.com/dp/B08XZR6X6N","https://m.media-amazon.com/images/I/612GkTm3U3L._SX450_.jpg","B08XZR6X6N","Vividia VE-8130 Portable Handheld Joystick Angulation Veterinary Endoscope with 8mm (0.31"") Diameter 1.3 Meter Flexible Waterproof Probe and 5"" Monitor for Equine Upper Airway Endoscopy","VIVIDIA","FBM","Industrial & Scientific",1389933,"N/A","N/A","N/A","N/A","Borescopes",1807,3998,-29,0,0,,"-","-","N/A","N/A","Oasis Scientific Inc.","USA",1,0,"N/A","N/A","N/A","N/A","N/A","N/A","N/A","N/A","05/31/2025",60,9,0,"N/A"
"https://amazon.com/dp/B0G2VSFHRL","https://m.media-amazon.com/images/I/711loM8sWFL._SX450_.jpg","B0G2VSFHRL","PROBE360 Articulating Borescope Camera with 5"" 1080P HD Display, 6.2mm IP67 Waterproof Probe, 5X Zoom Industrial Endoscope with 2-Way Steering and Semi-Rigid Cable","Probe360","FBM","Industrial & Scientific",1389960,732468156356,"N/A",0732468156356,"N/A","Borescopes",1809,129.99,121,0,0,,"-","-","N/A","N/A","Shenzhen ShenshijieTechnology Co., Ltd","China",1,0,"N/A","N/A","N/A","N/A","N/A","N/A","N/A","N/A","11/30/2025",3,6,0,"N/A"
"https://amazon.com/dp/B09RQ4WXRL","https://m.media-amazon.com/images/I/71UED9iOsIL._SX450_.jpg","B09RQ4WXRL","Vividia W2430 WiFi/USB Wireless USB 2-Way Articulation Rigid 4mm (0.16"") Diameter Short 16"" Long Borescope Videoscope Inspection Camera for Windows iPhone iPad Android MacOS Chromebook PC","VIVIDIA","FBM","Industrial & Scientific",1392571,"N/A","N/A","N/A","N/A","Borescopes",1808,849.98,-20,1,1,,1127.59,1127.54,"N/A","N/A","Oasis Scientific Inc.","USA",1,2,"N/A","N/A","N/A","N/A","N/A","N/A","N/A","N/A","01/31/2025",62,9,0,"N/A"
"https://amazon.com/dp/B09Q4QBCPF","https://m.media-amazon.com/images/I/71eiEErOCUL._SX450_.jpg","B09Q4QBCPF","Vividia VS-4130PT Pan & Tilt & Zoom (PTZ) Pipe Sewer Drain Tank Video Inspection Camera with 7"" Portable Screen 98ft (30m) Push-Rod Cable and 1.61"" (41mm) Waterproof PT Camera","VIVIDIA","FBM","Industrial & Scientific",1394598,"N/A","N/A","N/A","N/A","Borescopes",1810,2999.98,-28,0,0,,"-","-","N/A","N/A","Oasis Scientific Inc.","USA",1,1,"N/A","N/A","N/A","N/A","N/A","N/A","N/A","N/A","02/28/2025",61,9,0,"N/A"
"https://amazon.com/dp/B01GRK9AFC","https://m.media-amazon.com/images/I/41qVnZ+PcCL._SX450_.jpg","B01GRK9AFC","INSIZE ISV-1H4179 Rigid Borescope, 6.54""","INSIZE","FBM","Industrial & Scientific",1404037,"N/A",06928640323782,6928640323782,"N/A","Borescopes",1819,1439.27,158,0,0,,"-","-","N/A","N/A","CoolPoolTables","USA",1,0,"N/A","Large Standard-Size",3.7,5.67,14.57,2.43,"N/A","N/A","11/30/2025",117,1,0,"N/A"
"https://amazon.com/dp/B0G4GNMZ7H","https://m.media-amazon.com/images/I/91Wuny-vBPL._SX450_.jpg","B0G4GNMZ7H","Sewer Borescope Camera Screen Replacement,10'' Touch Screen for JQKJCAM Sewer Drain Pipe Inspection Camera WP9612F 9613F 9614F 9626F 9607F","JQKJCAM","FBM","Industrial & Scientific",1406194,"N/A","N/A","N/A","N/A","Borescopes",1821,169,-66,1,1,,195.67,195.66,"N/A","N/A","JJKJ Cam","China",1,0,"N/A","N/A",10.24,5.91,3.15,"N/A","N/A","N/A","11/30/2025",3,1,0,"N/A"
"https://amazon.com/dp/B0D5HSCNY1","https://m.media-amazon.com/images/I/61i249YVp1L._SX450_.jpg","B0D5HSCNY1","2600mAh Industrial Endoscope 1080P 4.3 Inch Digital Borescope Inspection Camera Waterproof Snake Camera For Car Engine 4.3 Inch Color Screen Car Inspection Camera Automotive Maintenance Tool Screen To","JzcsdkSIL","FBM","Industrial & Scientific",1410757,"N/A","N/A",7637681144230,"N/A","Borescopes",1816,58.84,-25,0,0,-150,"-","-","N/A","N/A","Lusbees","China",1,0,"N/A","N/A","N/A","N/A","N/A","N/A","N/A","N/A","11/30/2025",7,9,0,"N/A"
"https://amazon.com/dp/B0CCVV1S1F","https://m.media-amazon.com/images/I/41nHUrTYEHL._SX450_.jpg","B0CCVV1S1F","1PCS NEW FOR Endoscope White Balance Cap MH-155","zatagen","FBM","Industrial & Scientific",1411905,"N/A","N/A","N/A","N/A","Borescopes",1822,75.9,"N/A",0,0,,"-","-","N/A","N/A","taijun--mall","China",1,0,"N/A","N/A","N/A","N/A","N/A","N/A","N/A","N/A","-",31,2,0,"N/A"
"https://amazon.com/dp/B0DDY3ZS54","https://m.media-amazon.com/images/I/71CVE6uTKWL._SX450_.jpg","B0DDY3ZS54","Yunseity 1080P HD Digital Endoscope Camera with 4.3inch IPS Screen, 170 Degree Viewing Angle, IP67 Borescope Inspection Camera for Sewer Pipe, with LED Lights (5m / 16.4ft)","Yunseity","FBM","Industrial & Scientific",1412387,"N/A","N/A","N/A","N/A","Borescopes",1829,40.31,-17,0,0,,"-","-","N/A","N/A","Liccx","China",1,0,"N/A","Large Standard-Size",7.87,5.51,3.15,0.91,"N/A","N/A","11/30/2025",18,9,3,"N/A"
"https://amazon.com/dp/B0G38XJ18B","https://m.media-amazon.com/images/I/61RMaQQKTGL._SX450_.jpg","B0G38XJ18B","Anysun Replacement Camera Head with 512hz Transmitter and Self-Leveling Function, IP68 Waterproof Sewer Inspection Camera Head Accessories Only for Anysun HBUD Pranite SYU12 Series","anysun","FBM","Industrial & Scientific",1412777,717639701221,"N/A",0717639701221,"N/A","Borescopes",1831,329.99,"N/A",0,0,,"-","-","N/A","N/A","Nedive","Hong Kong",1,0,"N/A","N/A","N/A","N/A","N/A","N/A","N/A","N/A","-",3,1,0,"N/A"
"https://amazon.com/dp/B0CZ3VVTC4","https://m.media-amazon.com/images/I/41bk8342ZAL._SX450_.jpg","B0CZ3VVTC4","Kircuit USB-C 5V AC/DC Adapter Compatible with Teslong MS450 50ft Sewer Camera 1080P Drain Plumbing Snake Inspection Flexible Borescope Endoscope Duct Fiber 5VDC Power Supply Cord Battery Charger PSU","Kircuit","FBM","Industrial & Scientific",1418563,"N/A","N/A","N/A","N/A","Borescopes",1828,13.79,-6,0,0,,"-","-",1,5,"EPtech","USA",1,1,"N/A","N/A","N/A","N/A","N/A","N/A","N/A","N/A","07/31/2024",23,1,0,0
"https://amazon.com/dp/B08KL2ZGGQ","https://m.media-amazon.com/images/I/91AyDrCabSL._SX450_.jpg","B08KL2ZGGQ","Vividia WPC-1200 Wireless WiFi Telescopic Carbon Fiber Pole Inspection Camera System with 12 Meter (40 Ft) Extendable Pole and Telescopic Camera TVS-100 for iPhone iPad Android Devices","VIVIDIA","FBM","Industrial & Scientific",1422469,"N/A","N/A","N/A","N/A","Borescopes",1835,2999,-41,0,0,,"-","-","N/A","N/A","Oasis Scientific Inc.","USA",1,0,"N/A","N/A","N/A","N/A","N/A","N/A","N/A","N/A","06/30/2024",65,9,0,"N/A"
"https://amazon.com/dp/B0CDH43CHJ","https://m.media-amazon.com/images/I/51Qeo6MMbPL._SX450_.jpg","B0CDH43CHJ","USB Type C Endoscope Camera Inspection Camera with Light, High Definition 5m Length Multi-Purpose Professional Use, IP67 Waterproof","Eujgoov","FBM","Industrial & Scientific",1432697,"N/A","N/A","N/A","N/A","Borescopes",1843,13.91,-23,0,0,-150,"-","-","N/A","N/A","Perfurt","China",1,1,-89,"Large Standard-Size",5.12,4.72,1.57,0.37,"N/A","N/A","04/30/2024",31,9,0,"N/A"
"https://amazon.com/dp/B07SHQLRQ5","https://m.media-amazon.com/images/I/41B0scyufPL._SX450_.jpg","B07SHQLRQ5","Vividia GB-430-WiFi Bundle: Vividia Rigid Gun Borescope GB-430 and VA-B2 WiFi AirBox for iOS Tablets iPhone and Android Phone and Tablet","VIVIDIA","FBM","Industrial & Scientific",1440427,"N/A","N/A","N/A","N/A","Borescopes",1848,299.98,-8,0,0,300,"-","-",0,"N/A","Oasis Scientific Inc.","USA",1,2,100,"N/A","N/A","N/A","N/A","N/A","N/A","N/A","12/31/2025",81,9,0,"N/A"
"https://amazon.com/dp/B0CH52L5R6","https://m.media-amazon.com/images/I/61RKAmQMMeL._SX450_.jpg","B0CH52L5R6","Endoscope with 4 LED Lights, 2560 5MP WiFi Wireless Endoscope Camera, Telephoto Zoom Borescope with Semi-Rigid Cable, 11mm IP68 Waterproof Inspection Camera","NDNCZDHC","FBM","Industrial & Scientific",1441165,"N/A","N/A","N/A","N/A","Borescopes",1849,80.33,-12,0,0,,"-","-","N/A","N/A","Kumhoo","China",1,0,"N/A","N/A","N/A","N/A","N/A","N/A","N/A","N/A","10/31/2025",30,9,0,"N/A"
"https://amazon.com/dp/B09HRF4NBL","https://m.media-amazon.com/images/I/71aW3sg2UFL._SX450_.jpg","B09HRF4NBL","Pipe Inspection Camera, Pipeline Endoscope 7in LCD Display for Slow Draining Pipes for Homeowner Inspection for Wall Inspection(30m)","LZKW","FBM","Industrial & Scientific",1441576,"N/A","N/A",7061019960108,"N/A","Borescopes",1851,527.62,-26,0,0,-150,"-","-",1,3,"Lozakom","China",1,3,"N/A","Large Standard-Size",7.2,13.8,16.4,11.45,"N/A","N/A","11/30/2024",53,9,0,0
"https://amazon.com/dp/B075HSQY3B","https://m.media-amazon.com/images/I/41HqQ+QWH2L._SX450_.jpg","B075HSQY3B","VA-980-WiFi Bundle: Vividia AbleScope VA-980 USB Semi-Flexible Articulating Borescope Plus VA-B2 WiFi AirBox for iPad iPhone and Android","VIVIDIA","FBM","Industrial & Scientific",1444702,759119544102,"N/A",0759119544102,"N/A","Borescopes",1843,460,-34,0,0,,"-","-",4,4.6,"Oasis Scientific Inc.","USA",1,2,-82,"Large Standard-Size",3.94,11.85,13.98,3.39,"N/A","N/A","03/31/2024",102,9,0,0
"https://amazon.com/dp/B0DSTWK4GG","https://m.media-amazon.com/images/I/61On9ddCxCL._SX450_.jpg","B0DSTWK4GG","Happybuy Two-Way Articulating Borescope with Light, 0.25"" Lens Inspection Camera, 5"" IPS HD Screen, Flexible Fiber Optic Snake Scope for Wall, Automotive & Engine Inspection, 4.9FT","Happybuy","FBM","Industrial & Scientific",1446350,"N/A","N/A","N/A","N/A","Borescopes",1854,149.99,-4,0,0,,"-","-","N/A","N/A","Happibuy","China",1,0,"N/A","N/A","N/A","N/A","N/A","N/A","N/A","N/A","-",14,9,0,"N/A"
"https://amazon.com/dp/B0FSJGNTY6","https://m.media-amazon.com/images/I/51lPJGASkxL._SX450_.jpg","B0FSJGNTY6","Sewer Camera Robot,512hz Trainsmitter and Receiver All-Metal Anti-Oxidation and Corrosion Resistant Body IP68 Sewer Pipe Inspection Crawler Camera Robot System (131ft/60M)","SPRIDRAIN","FBM","Industrial & Scientific",1450726,"N/A","N/A","N/A","N/A","Borescopes",1855,9780,-55,0,0,100,"-","-","N/A","N/A","SYANSPAN TECH","China",1,0,"N/A","Extra-large 70+ to 150 lb",22.83,19.67,25.2,83.78,"N/A","N/A","10/31/2025",5,9,2,"N/A"
"https://amazon.com/dp/B0FPWSY57D","https://m.media-amazon.com/images/I/51lPJGASkxL._SX450_.jpg","B0FPWSY57D","Sewer Camera Robot,512hz Trainsmitter and Receiver All-Metal Anti-Oxidation and Corrosion Resistant Body IP68 Sewer Pipe Inspection Crawler Camera Robot System (394ft/120M)","SPRIDRAIN","FBM","Industrial & Scientific",1451215,"N/A","N/A","N/A","N/A","Borescopes",1857,9832,-74,0,0,100,"-","-","N/A","N/A","SYANSPAN TECH","China",2,0,"N/A","Extra-large 70+ to 150 lb",22.83,19.69,25.2,83.78,"N/A","N/A","10/31/2025",6,9,2,"N/A"
"https://amazon.com/dp/B09V77JKJC","https://m.media-amazon.com/images/I/71K4eH-s-1L._SX450_.jpg","B09V77JKJC","Vividia VS-739 Pipe Sewer Drain Tube Inspection Camera with 7"" Portable Monitor 200ft (60m) Push-Rod Cable and 38mm 1.5"" Diameter Waterproof Camera with Self-Leveling and Built-in 512Hz Sonde","VIVIDIA","FBM","Industrial & Scientific",1453485,"N/A","N/A","N/A","N/A","Borescopes",1857,3999,-12,0,0,,"-","-","N/A","N/A","Oasis Scientific Inc.","USA",1,0,"N/A","N/A","N/A","N/A","N/A","N/A","N/A","N/A","-",61,8,0,"N/A"
"https://amazon.com/dp/B08NG6RYG8","https://m.media-amazon.com/images/I/41QiuVjhFiL._SX450_.jpg","B08NG6RYG8","NTS500 5'' LCD Endoscope Borescope 3.9mm 1M / 3M Tube Inspection Camera 1280x720 Pixels 3500mAh Rechargeable Lithium Battery (NTS500-3.9mm-1m)","visiPower","FBM","Industrial & Scientific",1454878,784136171635,"N/A",0784136171635,"N/A","Borescopes",1861,229.77,-89,0,0,-125,"-","-","N/A","N/A","YZY TECH","China",1,4,33,"N/A","N/A","N/A","N/A","N/A","N/A","N/A","11/30/2025",64,8,2,"N/A"
"https://amazon.com/dp/B08NG61D1B","https://m.media-amazon.com/images/I/41QiuVjhFiL._SX450_.jpg","B08NG61D1B","NTS500 5'' LCD Endoscope Borescope 3.9mm 1M / 3M Tube Inspection Camera 1280x720 Pixels 3500mAh Rechargeable Lithium Battery (NTS500-3.9mm-3m)","visiPower","FBM","Industrial & Scientific",1462058,784136171642,"N/A",0784136171642,"N/A","Borescopes",1862,235,-77,0,0,-125,"-","-","N/A","N/A","YZY TECH","China",1,4,33,"N/A","N/A","N/A","N/A","N/A","N/A","N/A","11/30/2025",64,8,2,"N/A"
"https://amazon.com/dp/B0FSGMH3NB","https://m.media-amazon.com/images/I/51G5zbqU+VL._SX450_.jpg","B0FSGMH3NB","Industrial Borescope with 3 in 1 USB Type C USB, USB Endoscope Camera 720P HD, IP67 Inspection Camera with 6 LEDs, 49ft. Semi Cable for Phone Tablet (3.9MM)","ChuyTrading","FBM","Industrial & Scientific",1467818,"N/A","N/A","N/A","N/A","Borescopes",1852,51.39,-36,0,0,-150,"-","-","N/A","N/A","Chuyi Trading","China",1,0,"N/A","Large Standard-Size",9.06,3.94,1.18,0.19,"N/A","N/A","10/31/2025",5,9,2,"N/A"
"https://amazon.com/dp/B0FPWMYBGV","https://m.media-amazon.com/images/I/61ePsfc5sZL._SX450_.jpg","B0FPWMYBGV","Handheld LED Endoscope Cold Light Source, High Brightness Industrial Borescope LED Lights, 10W Without Adaptors","Generic","-","Industrial & Scientific",1468150,"N/A","N/A","N/A","N/A","Borescopes",1870,62.8,"N/A",0,0,,"-","-","N/A","N/A",,"N/A",1,0,"N/A","N/A","N/A","N/A","N/A","N/A","N/A","N/A","-",6,"N/A",2,"N/A"
"https://amazon.com/dp/B07MCX148K","https://m.media-amazon.com/images/I/31A9tpf7AvL._SX450_.jpg","B07MCX148K","Vividia D3160 USB Digital 180 Degree One-Way Articulating Borescope with 5.9mm Diameter 1 Meter Long Camera Probe","VIVIDIA","FBM","Industrial & Scientific",1469820,"N/A","N/A","N/A","N/A","Borescopes",1868,799.98,-14,0,0,-150,"-","-",0,"N/A","Oasis Scientific Inc.","USA",1,3,200,"N/A","N/A","N/A","N/A","N/A","N/A","N/A","09/30/2025",86,9,0,"N/A"
"https://amazon.com/dp/B0B1BF85DS","https://m.media-amazon.com/images/I/61JySbsBk-L._SX450_.jpg","B0B1BF85DS","Vividia SV-1810 Flexible Non-Articulation 1.8mm / 0.071"" Diameter 1 Meter Long Borescope Endoscope Videoscope Inspection Camera with 5"" Touch Screen LCD Monitor","VIVIDIA","FBM","Industrial & Scientific",1471177,"N/A","N/A","N/A","N/A","Borescopes",1867,5899,-41,0,0,,"-","-","N/A","N/A","Oasis Scientific Inc.","USA",1,0,"N/A","N/A","N/A","N/A","N/A","N/A","N/A","N/A","09/30/2025",65,9,0,"N/A"
"https://amazon.com/dp/B0CS4MXR2Y","https://m.media-amazon.com/images/I/71T25GLvzOL._SX450_.jpg","B0CS4MXR2Y","BoxWave Cable Compatible with Depstech Dual Lens 5.0 Video Borescope Inspection Camera (5 in) - USB Expansion Adapter, Add USB Connected Hardware to Your Phone","BoxWave","FBM","Industrial & Scientific",1475970,"N/A","N/A","N/A","N/A","Borescopes",1872,8.95,-12,0,0,,"-","-","N/A","N/A","BoxWave Corporation","USA",1,0,"N/A","N/A","N/A","N/A","N/A","N/A","N/A","N/A","09/30/2025",27,4,0,"N/A"
"https://amazon.com/dp/B0C9P9VBRG","https://m.media-amazon.com/images/I/81kom8gCbLL._SX450_.jpg","B0C9P9VBRG","Vividia V10-550-80PT Pipe Sewer Drain Tube Pan Tilt Zoom Inspection Camera with 10"" LCD Screen 262ft (80m) Push-Rod Cable and 50mm Waterproof PTZ Camera","VIVIDIA","FBM","Industrial & Scientific",1476504,"N/A","N/A","N/A","N/A","Borescopes",1876,5999,-9,0,0,,"-","-","N/A","N/A","Oasis Scientific Inc.","USA",1,0,"N/A","N/A","N/A","N/A","N/A","N/A","N/A","N/A","-",61,9,0,"N/A"
"https://amazon.com/dp/B08HW7PWJZ","https://m.media-amazon.com/images/I/517klcuf5JL._SX450_.jpg","B08HW7PWJZ","Oumefar Black 15 Meter USB Endoscope Digital Inspection Snake Camera Borescope with 2 Megapixel Camera 6 LED Lights for Pipe Car Inspection","Oumefar","FBA","Industrial & Scientific",1491098,"N/A","N/A",8757736453519,"N/A","Borescopes",1884,23.29,-34,0,0,,"-","-","N/A","N/A","Lanxued","China",2,2,-50,"Large Standard-Size",2.72,6.06,6.06,1.11,50.28,138.69,"01/31/2025",66,9,0,"N/A"
"https://amazon.com/dp/B0BPCG1T59","https://m.media-amazon.com/images/I/71b-N2pQ8cL._SX450_.jpg","B0BPCG1T59","200ft Industrial Endoscope Camera with Light & 9"" LCD Screen + 8GB SD for 2"" Dia Pipe, KPfaster Industrial Inspection Mirror System Drain Sewer Camera with Locator Cable Snake Chimney Plumbing","KPfaster","FBM","Industrial & Scientific",1491744,724443983309,"N/A",0724443983309,"N/A","Borescopes",1888,691.99,-33,0,0,,"-","-","N/A","N/A","KPfaster","China",1,0,"N/A","N/A","N/A","N/A","N/A","N/A","N/A","N/A","-",39,9,0,"N/A"
"https://amazon.com/dp/B0DJRS77PP","https://m.media-amazon.com/images/I/71xLMnBvumL._SX450_.jpg","B0DJRS77PP","Kapro 397 Deep Vision Borescope - Industrial Endoscope Camera with Light - IP67 Water Proof - 0.3M Pixel","KAPRO","FBM","Industrial & Scientific",1492595,"N/A","N/A","N/A","N/A","Borescopes",1880,255.55,-32,0,0,,"-","-","N/A","N/A","Kapro Tools Direct","USA",1,0,"N/A","N/A","N/A","N/A","N/A","N/A","N/A","N/A","09/30/2025",17,6,0,"N/A"
"https://amazon.com/dp/B0CH3G1TD2","https://m.media-amazon.com/images/I/61FS9ZSTGlL._SX450_.jpg","B0CH3G1TD2","Industrial Endoscope, 2560P 5MP Digital Borescope Inspection Camera, 14mm IP68 Waterproof Autofocus Sewer Camera with 4 LED Lights, 2m Bendable Cable","NDNCZDHC","FBM","Industrial & Scientific",1501738,"N/A","N/A","N/A","N/A","Borescopes",1898,60,-54,1,1,,68.26,68.24,"N/A","N/A","Kumhoo","China",2,0,"N/A","N/A","N/A","N/A","N/A","N/A","N/A","N/A","09/30/2025",30,8,0,"N/A"
"https://amazon.com/dp/B099CXYS93","https://m.media-amazon.com/images/I/81AsweGVbMS._SX450_.jpg","B099CXYS93","Vividia VS-22330plus Self-Leveling Built-in 512Hz Sonde All-in-One Pipe Sewer Drain Tube Video Inspection Camera with 7"" Portable Screen 98ft (30m) Push-Rod Cable and 23mm (0.91"") Waterproof Camera","VIVIDIA","FBM","Industrial & Scientific",1510224,"N/A","N/A","N/A","N/A","Borescopes",1901,1999,-29,0,0,,"-","-",2,5,"Oasis Scientific Inc.","USA",1,1,-67,"N/A","N/A","N/A","N/A","N/A","N/A","N/A","10/31/2024",61,9,0,0
"https://amazon.com/dp/B08NXK323G","https://m.media-amazon.com/images/I/61vqo3POuUL._SX450_.jpg","B08NXK323G","Handheld Endoscope, P40 8mm 1920 x 1080P IP67 Waterproof Portable Endoscope, 4.3inch Color Display Screen Handheld Endoscope, Borescopes And Fiberscopes","Hyuduo","FBM","Industrial & Scientific",1513550,"N/A","N/A","N/A","N/A","Borescopes",1906,45.81,-26,0,0,,"-","-","N/A","N/A","zohoo","China",1,2,"N/A","Large Standard-Size",8.46,4.92,2.56,0.97,"N/A","N/A","03/31/2025",63,9,0,"N/A"
"https://amazon.com/dp/B0FJFV764P","https://m.media-amazon.com/images/I/717sO+FCgJL._SX450_.jpg","B0FJFV764P","Anysun Sewer Camera Self-Leveling, Distance Count with 7mm Cable, 10'' Color Screen IP68 Waterproof Plumbing Endoscope Drain Snake Camera, 12pcs Light with 32GB TF Card(250FT)","anysun","FBM","Industrial & Scientific",1515481,769016740323,"N/A",0769016740323,"N/A","Borescopes",1906,1099.99,-70,1,1,,1213.84,1213.79,"N/A","N/A","ToBestGift","China",1,0,"N/A","N/A","N/A","N/A","N/A","N/A","N/A","N/A","01/31/2026",7,7,2,"N/A"
"https://amazon.com/dp/B077LBTCH1","https://m.media-amazon.com/images/I/51XuIW+X2tL._SX450_.jpg","B077LBTCH1","Vividia GB-4510 Gun Barrel Rigid 4.0mm Borescope Kit with Mirror Tube and Phone Attachment (Side View)","VIVIDIA","FBM","Industrial & Scientific",1524351,759119544195,"N/A",0759119544195,"N/A","Borescopes",1907,399.98,-48,1,1,,550.67,550.63,4,4.2,"Oasis Scientific Inc.","USA",1,0,"N/A","N/A","N/A","N/A","N/A","N/A","N/A","N/A","11/30/2025",99,9,2,0.35
"https://amazon.com/dp/B0FP44SMVW","https://m.media-amazon.com/images/I/61JziiQsLgL._SX450_.jpg","B0FP44SMVW","Hamwesh Industrial Endoscope, 8mm 1080P HD 70 Degree Digital Borescope Camera with Assist Light for Automotive Pipe Inspection (5m)","Hamwesh","FBA","Industrial & Scientific",1525302,"N/A","N/A","N/A","N/A","Borescopes",1911,44.73,-35,1,1,,63.08,63.02,"N/A","N/A","Catchyi","China",2,0,"N/A","Large Standard-Size",8.66,5.91,2.76,1.15,70.97,195.78,"11/30/2025",6,9,0,"N/A"
"https://amazon.com/dp/B0CM2YRDJX","https://m.media-amazon.com/images/I/71iQxXkG+wL._SX450_.jpg","B0CM2YRDJX","GAOMON Dual Lens Serpentine Pipe Borescope with Illuminated Video Inspection Scope, 5-Inch IPS Screen, IP67 Waterproof LED Lights, 5.5-Feet Long, for Automotive, Aerospace, and Mechanical Inspections","GAOMON","Amazon","Industrial & Scientific",1529021,196336868954,"N/A",0196336868954,"N/A","Borescopes",1909,113.3,-20,0,0,,"-","-","N/A","N/A","Amazon","N/A",1,1,"N/A","Large Standard-Size",3.27,9.41,17.05,3.26,"N/A","N/A","08/31/2024",28,6,0,"N/A"
"https://amazon.com/dp/B0CZNR8LWP","https://m.media-amazon.com/images/I/61okGD+j6vL._SX450_.jpg","B0CZNR8LWP","MekUk Endoscope Endoscope Camera Measuring Tools 4.5 Inch IPS Screen Industrial Endoscope HD Borescope with 6 LED Lights for Automotive, Plumbing","MekUk","FBM","Industrial & Scientific",1530979,"N/A","N/A",7735604773359,"N/A","Borescopes",1916,156.28,"N/A",0,0,,"-","-","N/A","N/A","wuzhihuawangdian","China",1,0,"N/A","Large Standard-Size",8.27,7.09,6.69,3.31,"N/A","N/A","-",23,5,0,"N/A"
"https://amazon.com/dp/B07GB716JW","https://m.media-amazon.com/images/I/21tTu8bqeWL._SX450_.jpg","B07GB716JW","MeterTo HT-660 3.5˝ LCD Industrial Digital Portable Video Borescope Endoscope Inspection Snake Camera 300000 Pixels","MeterTo","FBM","Industrial & Scientific",1534118,680613294067,"N/A",0680613294067,"N/A","Borescopes",1914,169,-67,0,0,,"-","-",1,4,"MeterTo","China",1,5,"N/A","N/A","N/A","N/A","N/A","N/A","N/A","N/A","08/31/2025",91,5,0,0
"https://amazon.com/dp/B0B2S7JKTY","https://m.media-amazon.com/images/I/61pvh1MdTwL._SX450_.jpg","B0B2S7JKTY","Vividia VS-R512 Analog Pipe Inspection Camera Locator Receiver for Underground Sewer Drain Camera with 512hz Sonde Plumbing and Septic Tank Supports All Devices with 512 Hertz Transmitter (Yellow)","VIVIDIA","FBM","Industrial & Scientific",1539731,"N/A","N/A","N/A","N/A","Borescopes",1919,549.98,-14,2,1,,1369.84,680.05,"N/A","N/A","Oasis Scientific Inc.","USA",1,0,"N/A","N/A","N/A","N/A","N/A","N/A","N/A","N/A","08/31/2025",50,7,2,"N/A"
"https://amazon.com/dp/B0B2SBLTLV","https://m.media-amazon.com/images/I/61pvh1MdTwL._SX450_.jpg","B0B2SBLTLV","Vividia VS-R512 Analog Pipe Inspection Camera Locator Receiver for Underground Sewer Drain Camera with 512hz Sonde Plumbing and Septic Tank Supports All Devices with 512 Hertz Transmitter (Black)","VIVIDIA","FBM","Industrial & Scientific",1539731,"N/A","N/A","N/A","N/A","Borescopes",1919,549.98,-18,2,1,,1369.84,689.59,"N/A","N/A","Oasis Scientific Inc.","USA",1,0,"N/A","N/A","N/A","N/A","N/A","N/A","N/A","N/A","08/31/2025",50,7,2,"N/A"
"https://amazon.com/dp/B0FLJDW8G6","https://m.media-amazon.com/images/I/51g1TaD4cBL._SX450_.jpg","B0FLJDW8G6","ERYUE 5.5mm USB 3 in 1 Endoscope Inspection Camera, HD 2.0MP CMOS Borescope with 6 LED Lights, 5M Cable for Android and, IP67 1/9 Inch Sensor with 5M USB Cable, Compatible with","ERYUE","FBM","Industrial & Scientific",1540371,"N/A","N/A","N/A","N/A","Borescopes",1925,11.29,"N/A",1,1,,13.61,13.57,"N/A","N/A","btastbo","China",1,0,"N/A","Large Standard-Size",4.72,4.72,1.57,0.29,"N/A","N/A","-",7,9,0,"N/A"
"https://amazon.com/dp/B0F8PJHQHP","https://m.media-amazon.com/images/I/61Yt1XOdpJL._SX450_.jpg","B0F8PJHQHP","Vividia CF-6030 360° Joystick Articulating Borescope, 6mm/0.24in Diameter, 10ft/3m Flexible IP67 Waterproof Probe, 5"" LCD Monitor","VIVIDIA","FBM","Industrial & Scientific",1544479,"N/A","N/A","N/A","N/A","Borescopes",1928,2999.98,-17,1,0,,1942.34,"-","N/A","N/A","Oasis Scientific Inc.","USA",1,0,"N/A","N/A","N/A","N/A","N/A","N/A","N/A","N/A","07/31/2025",10,9,3,"N/A"
"https://amazon.com/dp/B0F8PJX87C","https://m.media-amazon.com/images/I/71ZUcz+qF+L._SX450_.jpg","B0F8PJX87C","Vividia CF-6010 360° Joystick Articulating Borescope, 6mm/0.24in Diameter, 3.3ft/1m Flexible IP67 Waterproof Probe, 5"" LCD Monitor","VIVIDIA","FBM","Industrial & Scientific",1545075,"N/A","N/A","N/A","N/A","Borescopes",1927,889.98,-14,1,1,,1942.34,696.79,"N/A","N/A","Oasis Scientific Inc.","USA",1,0,"N/A","N/A","N/A","N/A","N/A","N/A","N/A","N/A","07/31/2025",10,9,3,"N/A"
"https://amazon.com/dp/B0F9Z3MCC7","https://m.media-amazon.com/images/I/71ZUcz+qF+L._SX450_.jpg","B0F9Z3MCC7","Vividia CF-6000 Series 360° Joystick Articulating Borescope, 6mm/0.24in Diameter, 3.3ft/1m Flexible IP67 Waterproof Probe, 5"" LCD Monitor","VIVIDIA","FBM","Industrial & Scientific",1545075,"N/A","N/A","N/A","N/A","Borescopes",1927,889.98,"N/A",1,0,,1942.34,"-","N/A","N/A","Oasis Scientific Inc.","USA",0,0,"N/A","N/A","N/A","N/A","N/A","N/A","N/A","N/A","07/31/2025",9,9,3,"N/A"
"https://amazon.com/dp/B0F8PL6FHF","https://m.media-amazon.com/images/I/51t7wpUfTFL._SX450_.jpg","B0F8PL6FHF","Vividia CF-6020 360° Joystick Articulating Borescope, 6mm/0.24in Diameter, 6.6ft/2m Flexible IP67 Waterproof Probe, 5"" LCD Monitor","VIVIDIA","FBM","Industrial & Scientific",1545075,"N/A","N/A","N/A","N/A","Borescopes",1927,1699.98,-9,1,0,,1942.34,"-","N/A","N/A","Oasis Scientific Inc.","USA",1,0,"N/A","N/A","N/A","N/A","N/A","N/A","N/A","N/A","07/31/2025",10,9,3,"N/A"
"https://amazon.com/dp/B08J5V581B","https://m.media-amazon.com/images/I/61SggLiQkeL._SX450_.jpg","B08J5V581B","Vividia VA-150 Two-Way Articulating Borescope Videoscope Inspection Camera with 6.0mm Diameter 80cm Long Probe and 2.7"" LCD Monitor 640x480 Resolution for Automotive Aircraft Mechanics and Technicians","VIVIDIA","FBM","Industrial & Scientific",1545396,"N/A","N/A","N/A","N/A","Borescopes",1925,219,-13,0,0,,"-","-",26,3.9,"Oasis Scientific Inc.","USA",2,2,"N/A","Large Standard-Size",3.11,10.59,13.03,2.38,"N/A","N/A","06/30/2024",66,9,0,0
"https://amazon.com/dp/B0CQXWDFDT","https://m.media-amazon.com/images/I/51fCIhOe5TL._SX450_.jpg","B0CQXWDFDT","Two Way Articulating Borescope, 360 Degree Endoscope Inspection Camera, 3.5in Screen, with, Automotive Mechanics Fiber Optic Scope (1m / 3.3ft)","CCYLEZ","FBM","Industrial & Scientific",1545630,"N/A","N/A","N/A","N/A","Borescopes",1920,177.59,-44,1,0,,188.65,"-","N/A","N/A","Sojare-US","China",1,0,"N/A","Large Standard-Size",12.6,11.81,4.72,3.11,"N/A","N/A","01/31/2026",12,9,2,"N/A"
"https://amazon.com/dp/B0CQXVMRW5","https://m.media-amazon.com/images/I/51BQmQbwxjL._SX450_.jpg","B0CQXVMRW5","Two Way Articulating Borescope, 360 Degree Endoscope Inspection Camera, 3.5in Screen, with, Automotive Mechanics Fiber Optic Scope (/ 9.8ft)","CCYLEZ","FBM","Industrial & Scientific",1545630,"N/A","N/A","N/A","N/A","Borescopes",1920,229.34,-53,1,1,,188.65,140.07,"N/A","N/A","Sojare-US","China",1,0,"N/A","Large Standard-Size",12.6,11.81,4.72,3.31,"N/A","N/A","01/31/2026",12,9,2,"N/A"
"https://amazon.com/dp/B0F9Z5B7TJ","https://m.media-amazon.com/images/I/51t7wpUfTFL._SX450_.jpg","B0F9Z5B7TJ","Vividia CF-D4020 360° Joystick Articulating Dual-Camera Borescope, 4mm/0.16in Diameter, 6.6ft/2m Flexible IP67 Waterproof Probe, 5"" LCD Monitor","VIVIDIA","FBM","Industrial & Scientific",1547401,"N/A","N/A","N/A","N/A","Borescopes",1925,4499.98,-19,1,0,,5225.33,"-","N/A","N/A","Oasis Scientific Inc.","USA",1,0,"N/A","N/A","N/A","N/A","N/A","N/A","N/A","N/A","07/31/2025",9,9,3,"N/A"
"https://amazon.com/dp/B0DRQHQ48D","https://m.media-amazon.com/images/I/618b28W74BL._SX450_.jpg","B0DRQHQ48D","BoxWave Screen Protector Compatible With Thinkcar Endoscope ES401 - ClearTouch Crystal (2-Pack), HD Film Skin - Shields From Scratches","BoxWave","FBM","Industrial & Scientific",1547850,"N/A","N/A","N/A","N/A","Borescopes",1928,31.95,-18,0,0,,"-","-","N/A","N/A","BoxWave Corporation","USA",1,0,"N/A","N/A","N/A","N/A","N/A","N/A","N/A","N/A","11/30/2025",14,6,7,"N/A"
"https://amazon.com/dp/B0F9Z4FQG1","https://m.media-amazon.com/images/I/61Yt1XOdpJL._SX450_.jpg","B0F9Z4FQG1","Vividia CF-D4030 360° Joystick Articulating Dual-Camera Borescope, 4mm/0.16in Diameter, 10ft/3m Flexible IP67 Waterproof Probe, 5"" LCD Monitor","VIVIDIA","FBM","Industrial & Scientific",1551323,"N/A","N/A","N/A","N/A","Borescopes",1931,5499.98,-16,1,0,,5225.33,"-","N/A","N/A","Oasis Scientific Inc.","USA",1,0,"N/A","N/A","N/A","N/A","N/A","N/A","N/A","N/A","07/31/2025",9,9,3,"N/A"
"https://amazon.com/dp/B0CCPJGN71","https://m.media-amazon.com/images/I/617R1IRkNXL._SX450_.jpg","B0CCPJGN71","Sewer Camera,Endoscope Camera Replacement Accessory 33ft Fiberglass Cable Print Meter Counter,17mm Interface Stiff Wire w/Metal Coil,4.8mm Diameter(33ft/10M）","SYANSPAN","FBM","Industrial & Scientific",1555750,"N/A","N/A","N/A","N/A","Borescopes",1933,391.25,-46,0,0,-33,"-","-","N/A","N/A","pipe camera","China",1,0,"N/A","N/A","N/A","N/A","N/A","N/A","N/A","N/A","08/31/2025",31,7,42,"N/A"
"https://amazon.com/dp/B0F3DK2Z4P","https://m.media-amazon.com/images/I/71sKxD3nKhL._SX450_.jpg","B0F3DK2Z4P","2025 Upgraded Two-Way Articulating Borescope, Endoscope Camera with Light, Fexible Snake Inspection Scope, Industrial Inspection Camera 1080 3.4screen (8MM-1M + Memory Card)","RAINPOT","FBM","Industrial & Scientific",1556177,"N/A","N/A","N/A","N/A","Borescopes",1935,119.99,-24,0,0,,"-","-","N/A","N/A","RAINPOT","China",1,0,"N/A","N/A","N/A","N/A","N/A","N/A","N/A","N/A","08/31/2025",11,9,5,"N/A"
"https://amazon.com/dp/B0F3DJ5DNW","https://m.media-amazon.com/images/I/71sKxD3nKhL._SX450_.jpg","B0F3DJ5DNW","2025 Upgraded Two-Way Articulating Borescope, Endoscope Camera with Light, Fexible Snake Inspection Scope, Industrial Inspection Camera 1080 3.4screen (8MM-1M)","RAINPOT","FBM","Industrial & Scientific",1556177,"N/A","N/A","N/A","N/A","Borescopes",1935,115.99,-24,0,0,,"-","-","N/A","N/A","RAINPOT","China",1,0,"N/A","N/A","N/A","N/A","N/A","N/A","N/A","N/A","08/31/2025",11,9,5,"N/A"
"https://amazon.com/dp/B0F3DJSRSV","https://m.media-amazon.com/images/I/51ltHqPG7BL._SX450_.jpg","B0F3DJSRSV","2025 Upgraded Two-Way Articulating Borescope, Endoscope Camera with Light, Fexible Snake Inspection Scope, Industrial Inspection Camera 1080 3.4screen (8MM-1M Connected Phone(No Screen))","RAINPOT","FBM","Industrial & Scientific",1556177,"N/A","N/A","N/A","N/A","Borescopes",1935,109.99,-24,0,0,,"-","-","N/A","N/A","RAINPOT","China",1,0,"N/A","N/A","N/A","N/A","N/A","N/A","N/A","N/A","08/31/2025",11,9,5,"N/A"
"https://amazon.com/dp/B0F3DJ43SQ","https://m.media-amazon.com/images/I/71sKxD3nKhL._SX450_.jpg","B0F3DJ43SQ","2025 Upgraded Two-Way Articulating Borescope, Endoscope Camera with Light, Fexible Snake Inspection Scope, Industrial Inspection Camera 1080 3.4screen (6MM-1M)","RAINPOT","FBM","Industrial & Scientific",1558936,"N/A","N/A","N/A","N/A","Borescopes",1925,125.99,-37,0,0,,"-","-","N/A","N/A","RAINPOT","China",1,0,"N/A","N/A","N/A","N/A","N/A","N/A","N/A","N/A","08/31/2025",11,9,5,"N/A"
"https://amazon.com/dp/B0F8QRCNY7","https://m.media-amazon.com/images/I/7147q6tX48L._SX450_.jpg","B0F8QRCNY7","Sewer Camera,Self-Leveling 512Hz Plumbing Snake Camera with 10"" 1080P Monitor,7MM Thicker Cable,Distance Counter,230FT/70M Pipe Inspection Industrial Borescope with Keyboard,DVR Recorder 32GB","SYOWNFS","FBA","Industrial & Scientific",1561165,"N/A","N/A","N/A","N/A","Borescopes",1940,901.59,-38,0,0,-100,"-","-",2,5,"ENNIO","China",1,0,"N/A","Large bulky",13.5,18.5,22.7,27.1,1837.28,4593.2,"08/31/2025",10,8,4,0
"https://amazon.com/dp/B0F8QQLD4L","https://m.media-amazon.com/images/I/7147q6tX48L._SX450_.jpg","B0F8QQLD4L","Sewer Camera,Self-Leveling 512Hz Plumbing Snake Camera with 10"" 1080P Monitor,7MM Thicker Cable,Distance Counter,165FT/50M Pipe Inspection Industrial Borescope with Keyboard,DVR Recorder 32GB","SYOWNFS","FBA","Industrial & Scientific",1561165,"N/A","N/A","N/A","N/A","Borescopes",1940,854.05,-28,0,0,-100,"-","-",1,5,"ENNIO","China",1,0,"N/A","Large bulky",11.7,15,20.5,21.35,1165.94,2914.84,"08/31/2025",10,8,4,0
"https://amazon.com/dp/B00J7PE7R6","https://m.media-amazon.com/images/I/81-T-UgnR2L._SX450_.jpg","B00J7PE7R6","Vividia Handheld Digital Borescope Microscope for iPhone/iPad/Android/PC with Professional Multi-Functional Metal Stand","VIVIDIA","FBM","Industrial & Scientific",1561413,759119543648,"N/A",0759119543648,"N/A","Borescopes",1935,129.97,-31,0,0,,"-","-",0,"N/A","Oasis Scientific Inc.","USA",1,1,-83,"N/A","N/A","N/A","N/A","N/A","N/A","N/A","10/31/2024",127,9,0,"N/A"
"https://amazon.com/dp/B0DSL994B3","https://m.media-amazon.com/images/I/51vKDFGTpYL._SX450_.jpg","B0DSL994B3","FeiYeup Endoscope Camera with Light, Borescope with Adjustable LED Light,Endoscope Camera,Waterproof Inspection Cameras","FeiYeup","FBM","Industrial & Scientific",1563232,"N/A","N/A",7665810155062,"N/A","Borescopes",1932,10.49,-25,1,1,-25,11.23,11.17,"N/A","N/A","feiqishuo","China",2,7,"N/A","N/A","N/A","N/A","N/A","N/A","N/A","N/A","01/31/2025",14,8,1,"N/A"
"https://amazon.com/dp/B008DYJWRC","https://m.media-amazon.com/images/I/51aElbbI5CL._SX450_.jpg","B008DYJWRC","Klein Tools ET510 Borescope","KLEIN TOOLS","FBM","Industrial & Scientific",1564193,092644695018,00092644695018,0092644695018,"N/A","Borescopes",1938,189.49,-41,0,0,,"-","-",17,4.1,"Voomi Supply","USA",1,0,"N/A","Large Standard-Size",7.5,10.7,2.7,1.7,"N/A","N/A","-",164,6,0,0
"https://amazon.com/dp/B0CN46N7H9","https://m.media-amazon.com/images/I/51D90BcuxLL._SX450_.jpg","B0CN46N7H9","BENBOR Hard-to-reach Places Inspection Tool Endoscope Camera with 6 Led Lights Ip67 Waterproof Borescope for Android Soft 7mm 1M","BENBOR","-","Industrial & Scientific",1565612,"N/A","N/A",7386545421443,"N/A","Borescopes",1927,14.92,-17,0,0,300,"-","-","N/A","N/A",,"N/A",1,12,-14,"N/A","N/A","N/A","N/A","N/A","N/A","N/A","06/30/2024",28,5,9,"N/A"
"https://amazon.com/dp/B0FF38XCJN","https://m.media-amazon.com/images/I/716Ux7jxt7L._SX450_.jpg","B0FF38XCJN","Endoscope Borescope H4-A Inspect Camera Two-Way 360° Steering Endoscope (Mobliephone Endoscope Support Android &iOS) HD 1080P Over-Temperature Protection IP67(H408A-Φ8.5-1M)","PUSILIN","FBM","Industrial & Scientific",1566416,"N/A","N/A","N/A","N/A","Borescopes",1944,193.18,-13,0,0,,"-","-","N/A","N/A","Pusilin","China",1,0,"N/A","N/A","N/A","N/A","N/A","N/A","N/A","N/A","-",8,9,0,"N/A"
"https://amazon.com/dp/B0BXSTW54F","https://m.media-amazon.com/images/I/71C9UkiufBL._SX450_.jpg","B0BXSTW54F","Sewer Camera, 200FT, 9"" Screen, Pipeline Inspection Camera with DVR Function & 8 GB SD Card, Video Pipe Inspection Equipment IP68 Camera with 12 LED Lights, Sewer Drain Camera for Plumber, Homeowners","Futchoy","FBM","Industrial & Scientific",1566633,"N/A","N/A","N/A","N/A","Borescopes",1941,512.16,-9,0,0,-83,"-","-","N/A","N/A","NWKKDZ","China",1,5,400,"Large bulky",20.2,16.5,10.6,17.6,"N/A","N/A","05/31/2025",36,7,0,"N/A"
"https://amazon.com/dp/B07CKZCJYK","https://m.media-amazon.com/images/I/41wM7rlCDmL._SX450_.jpg","B07CKZCJYK","PCE Instruments PCE-VE 200SV1 Industrial Borescope for Visual inspections, Features 1 m / 3.3 ft Probe, 3.5"" Display, Plus LED Lighting, Image Capture, and Waterproof Camera Head","PCE Instruments","FBM","Industrial & Scientific",1567246,"N/A","N/A",4250348717764,"N/A","Borescopes",1948,590.8,3,0,0,,"-","-","N/A","N/A","Tequipment","USA",2,0,"N/A","Large Standard-Size",14.17,9.45,6.69,4.41,"N/A","N/A","11/30/2025",55,2,0,"N/A"
"https://amazon.com/dp/B0C7RSDHGK","https://m.media-amazon.com/images/I/719uSOS-qqL._SX450_.jpg","B0C7RSDHGK","Vividia DA-60 LCD/WiFi Flexible Joystick Articulating Inspection Camera Borescope Videoscope with 6mm (0.24"") Diameter Waterproof IP67 Probe (10m / 32.8ft Long Probe)","VIVIDIA","FBM","Industrial & Scientific",1569012,"N/A","N/A","N/A","N/A","Borescopes",1951,5999.98,-27,2,0,,4134.58,"-","N/A","N/A","Oasis Scientific Inc.","USA",1,18,64,"N/A","N/A","N/A","N/A","N/A","N/A","N/A","10/31/2025",50,9,6,"N/A"
"https://amazon.com/dp/B0C7S63RNJ","https://m.media-amazon.com/images/I/719uSOS-qqL._SX450_.jpg","B0C7S63RNJ","Vividia DA-60 LCD/WiFi Flexible Joystick Articulating Inspection Camera Borescope Videoscope with 6mm (0.24"") Diameter Waterproof IP67 Probe (15m / 49.2ft Long Probe)","VIVIDIA","FBM","Industrial & Scientific",1569012,"N/A","N/A","N/A","N/A","Borescopes",1951,7999.98,-29,2,0,,4134.58,"-","N/A","N/A","Oasis Scientific Inc.","USA",1,18,64,"N/A","N/A","N/A","N/A","N/A","N/A","N/A","10/31/2025",50,9,6,"N/A"
"https://amazon.com/dp/B0C7RSDHGL","https://m.media-amazon.com/images/I/719uSOS-qqL._SX450_.jpg","B0C7RSDHGL","Vividia DA-60 LCD/WiFi Flexible Joystick Articulating Inspection Camera Borescope Videoscope with 6mm (0.24"") Diameter Waterproof IP67 Probe (3m / 9.8ft Long Probe)","VIVIDIA","FBM","Industrial & Scientific",1569623,"N/A","N/A","N/A","N/A","Borescopes",1950,1999.98,-5,2,0,,4134.58,"-","N/A","N/A","Oasis Scientific Inc.","USA",1,18,64,"N/A","N/A","N/A","N/A","N/A","N/A","N/A","10/31/2025",50,9,6,"N/A"
"https://amazon.com/dp/B0C7RQXN8J","https://m.media-amazon.com/images/I/719uSOS-qqL._SX450_.jpg","B0C7RQXN8J","Vividia DA-60 LCD/WiFi Flexible Joystick Articulating Inspection Camera Borescope Videoscope with 6mm (0.24"") Diameter Waterproof IP67 Probe (2m / 6.6ft Long Probe)","VIVIDIA","FBM","Industrial & Scientific",1569623,"N/A","N/A","N/A","N/A","Borescopes",1950,1499.98,-5,2,0,,4134.58,"-","N/A","N/A","Oasis Scientific Inc.","USA",1,18,64,"N/A","N/A","N/A","N/A","N/A","N/A","N/A","10/31/2025",50,9,6,"N/A"
"https://amazon.com/dp/B0C7S2KB2R","https://m.media-amazon.com/images/I/719uSOS-qqL._SX450_.jpg","B0C7S2KB2R","Vividia DA-60 LCD/WiFi Flexible Joystick Articulating Inspection Camera Borescope Videoscope with 6mm (0.24"") Diameter Waterproof IP67 Probe (6m / 19.7ft Long Probe)","VIVIDIA","FBM","Industrial & Scientific",1569623,"N/A","N/A","N/A","N/A","Borescopes",1950,3999.98,-5,2,0,,4134.58,"-","N/A","N/A","Oasis Scientific Inc.","USA",1,18,64,"N/A","N/A","N/A","N/A","N/A","N/A","N/A","10/31/2025",50,9,6,"N/A"
"https://amazon.com/dp/B0DLLMJM11","https://m.media-amazon.com/images/I/612zsHNPbPL._SX450_.jpg","B0DLLMJM11","Borescope Camera, 360° Rotatable IP67 Water Snake Camera 6 Adjustable LED Lights for Phone (Black 2m / 6.6ft Hardwire)","Yunseity","FBM","Industrial & Scientific",1570360,"N/A","N/A","N/A","N/A","Borescopes",1955,12.93,"N/A",0,0,,"-","-","N/A","N/A","Zhiyavex-US","China",1,0,"N/A","Large Standard-Size",5.12,5.12,1.57,0.24,"N/A","N/A","11/30/2025",16,9,3,"N/A"
"https://amazon.com/dp/B071NF8FZC","https://m.media-amazon.com/images/I/615+Sjqbo4S._SX450_.jpg","B071NF8FZC","3-in-1 USB Endoscope Waterproof Semi-Rigid SnakeCable, Borescopes 5.5mm Inspection Camera IP67 Waterproof Snake Camera with 6 Adjustable LED Lights for Type-C & Android & PC, (5M/16ft)","Broaden your eyes","FBM","Industrial & Scientific",1571876,608307334950,"N/A",0608307334950,"N/A","Borescopes",1946,15.99,"N/A",0,0,,"-","-",29,3.4,"EnjoyLife711","China",1,3,50,"Large Standard-Size",4.72,4.72,1.38,0.33,"N/A","N/A","10/31/2024",107,8,0,0
"https://amazon.com/dp/B0C7RZ837B","https://m.media-amazon.com/images/I/719uSOS-qqL._SX450_.jpg","B0C7RZ837B","Vividia DA-60 LCD/WiFi Flexible Joystick Articulating Inspection Camera Borescope Videoscope with 6mm (0.24"") Diameter Waterproof IP67 Probe (1m / 3.3ft Long Probe)","VIVIDIA","FBM","Industrial & Scientific",1575510,"N/A","N/A","N/A","N/A","Borescopes",1953,999.98,6,2,1,,4134.58,519.99,"N/A","N/A","Oasis Scientific Inc.","USA",1,18,64,"N/A","N/A","N/A","N/A","N/A","N/A","N/A","10/31/2025",50,9,6,"N/A"
"https://amazon.com/dp/B0CQV75QMJ","https://m.media-amazon.com/images/I/61mffs2n9IL._SX450_.jpg","B0CQV75QMJ","Unifizz Waterproof Snake Camera with Light 1920P HD Borescope with 8 Adjustable LED Lights Endoscope with 16.4ft Semi-Rigid 7.9mm IP67 Inspection Camera for iOS","Unifizz","FBM","Industrial & Scientific",1579842,"N/A","N/A","N/A","N/A","Borescopes",1959,33.97,"N/A",0,0,,"-","-","N/A","N/A","SmartHouzzz Direct","China",1,0,"N/A","N/A","N/A","N/A","N/A","N/A","N/A","N/A","07/31/2025",26,5,0,"N/A"
"https://amazon.com/dp/B0D869D25D","https://m.media-amazon.com/images/I/61ChrgBKeRL._SX450_.jpg","B0D869D25D","5.0'' IPS Screen Waterproof Industrial Endoscope 8mm Single Lens 10 Meters Lenght Hard Cable HD1080P Sewer Car Piping Inspection Camera Borescope Take Photos Videos","Caruner","FBM","Industrial & Scientific",1599163,"N/A","N/A",8884283712841,"N/A","Borescopes",1970,69.99,-55,2,2,,156.06,156.04,"N/A","N/A","Caruner","China",1,0,"N/A","N/A","N/A","N/A","N/A","N/A","N/A","N/A","06/30/2025",20,9,6,"N/A"
"https://amazon.com/dp/B082SLRHSQ","https://m.media-amazon.com/images/I/51S6GjEGh5L._SX450_.jpg","B082SLRHSQ","Kircuit USB Data PC/Charger Cable Cord for Klein Tools ET510 Borescope Inspection Camera","Kircuit","FBM","Industrial & Scientific",1600960,"N/A","N/A",5292350691853,"N/A","Borescopes",1965,12.89,-28,0,0,,"-","-",1,5,"EPtech","USA",1,0,"N/A","N/A","N/A","N/A","N/A","N/A","N/A","N/A","08/31/2024",75,1,0,0
"https://amazon.com/dp/B083J16ZMZ","https://m.media-amazon.com/images/I/41eLrcdMyJL._SX450_.jpg","B083J16ZMZ","Cal Van Tools 84 WiFi Borescope","Unknown","FBM","Industrial & Scientific",1600991,"N/A","N/A",6012010688608,"N/A","Borescopes",1966,139.99,"N/A",0,0,,"-","-","N/A","N/A","eToolDirect","USA",1,0,"N/A","N/A","N/A","N/A","N/A","N/A","N/A","N/A","06/30/2024",74,1,0,"N/A"
"https://amazon.com/dp/B07198K75P","https://m.media-amazon.com/images/I/717TkIAEwsL._SX450_.jpg","B07198K75P","4UCam 9mm Inspection Camera Color LCD plumbing endoscope waterproof optical scrope","4UCAM EXTEND YOUR VISION","FBM","Industrial & Scientific",1606699,"N/A","N/A","N/A","N/A","Borescopes",1975,49.95,-9,0,0,,"-","-",7,3.7,"4UCam","USA",1,2,-50,"Large Standard-Size",3.3,5.6,10.5,1.1,"N/A","N/A","06/30/2024",106,4,0,0
"https://amazon.com/dp/B07NS1N7TF","https://m.media-amazon.com/images/I/61o2M9K4raS._SX450_.jpg","B07NS1N7TF","Inspection Camera 20-Meter 5.5mm 3 in 1 USB/Micro USB/Type-C Endoscope with 720P Camera for Pipe Car Inspection","FTVOGUE","FBA","Industrial & Scientific",1614512,783335498857,"N/A",0783335498857,"N/A","Borescopes",1975,54.27,-3,0,0,-100,"-","-",12,3.8,"Astyer-X","China",1,2,-33,"Large Standard-Size",2.83,5.98,6.1,1.21,52.12,143.77,"05/31/2024",85,9,0,0
"https://amazon.com/dp/B0F9FX87GM","https://m.media-amazon.com/images/I/51ssMQeUeVL._SX450_.jpg","B0F9FX87GM","Vividia CF-2812 360° Small Diameter Joystick Articulating Borescope, 2.8mm/0.11in Diameter, 3.9ft/1.2m Flexible IP67 Waterproof Probe, 5"" LCD Monitor","VIVIDIA","FBM","Industrial & Scientific",1618346,"N/A","N/A","N/A","N/A","Borescopes",1980,3999.98,-17,1,1,-60,4813.29,3316.27,"N/A","N/A","Oasis Scientific Inc.","USA",1,0,"N/A","N/A","N/A","N/A","N/A","N/A","N/A","N/A","05/31/2025",9,9,2,"N/A"
"https://amazon.com/dp/B0DQKFQ26Q","https://m.media-amazon.com/images/I/61-EMmuZHsL._SX450_.jpg","B0DQKFQ26Q","Sewer Drain Inspection Camera IP68 Endoscope with 12 LED Lights for Pipeline Inspection, Sewer Pipe Inspection Probe with 360-Degree Rotation for Water Pipe Maintenance","Yosoo","FBM","Industrial & Scientific",1618526,"N/A","N/A","N/A","N/A","Borescopes",1981,145.01,-7,0,0,300,"-","-",1,5,"zjchao","China",1,0,"N/A","Large Standard-Size",6.69,3.94,2.36,0.4,"N/A","N/A","12/31/2025",15,9,0,0.18
"https://amazon.com/dp/B099GBS29J","https://m.media-amazon.com/images/I/71ggJD3X6uS._SX450_.jpg","B099GBS29J","Vividia VS-11430 All-in-One Pipe Sewer Drain Tube Video Inspection Camera with 7"" Portable Screen 98ft (30m) Push-Rod Cable and 14mm Waterproof Camera and Built-in 512Hz Sonde & Meter/Foot Counter","VIVIDIA","FBM","Industrial & Scientific",1620341,"N/A","N/A","N/A","N/A","Borescopes",1982,1399,-5,0,0,,"-","-","N/A","N/A","Oasis Scientific Inc.","USA",1,2,"N/A","N/A","N/A","N/A","N/A","N/A","N/A","N/A","06/30/2025",61,9,0,"N/A"
"https://amazon.com/dp/B0FCMZ9NPF","https://m.media-amazon.com/images/I/71ekssTkcBL._SX450_.jpg","B0FCMZ9NPF","Vividia CF-2830 360° Small Diameter Joystick Articulating Borescope, 2.8mm/0.11in Diameter, 10ft/3m Flexible IP67 Waterproof Probe, 5"" LCD Monitor","VIVIDIA","FBM","Industrial & Scientific",1620670,"N/A","N/A","N/A","N/A","Borescopes",1975,4999.98,-26,1,0,-60,4813.29,"-","N/A","N/A","Oasis Scientific Inc.","USA",1,0,"N/A","N/A","N/A","N/A","N/A","N/A","N/A","N/A","05/31/2025",9,9,2,"N/A"
"https://amazon.com/dp/B0F4XLHPWY","https://m.media-amazon.com/images/I/71v7I+K0FJL._SX450_.jpg","B0F4XLHPWY","XINYICONG Sewer Camera 66ft/20m Borescopes Plumbing 3000mAh Battery 0.7""/18mm Pipe Inspection, Snake Camera with Lighting Photo and Video Recording 7"" Screen, 6 Led Lights 16GB Memory Card Included","XINYICONG","FBA","Industrial & Scientific",1620923,"N/A","N/A","N/A","N/A","Borescopes",1983,159.99,-21,0,0,,"-","-","N/A","N/A","XINYICONG","China",1,0,"N/A","Large bulky",16.1,13.7,11.4,15,814.88,2037.21,"06/30/2025",9,8,1,"N/A"
"https://amazon.com/dp/B0DNFC37SG","https://m.media-amazon.com/images/I/61bzI9fXUhL._SX450_.jpg","B0DNFC37SG","Endoscope for Automotive Inspection, Portable Borescope with Display Screen, Visual Ear Spoon, for Automotive Inspection, Pipe Inspection","YWBL-WH","FBM","Industrial & Scientific",1621626,"N/A","N/A","N/A","N/A","Borescopes",1987,20.28,-11,0,0,,"-","-","N/A","N/A","Partgry-T","China",1,0,"N/A","Large Standard-Size",7.09,3.15,1.18,0.17,"N/A","N/A","05/31/2025",15,9,0,"N/A"
"https://amazon.com/dp/B0D2HSC46K","https://m.media-amazon.com/images/I/51JUshqWt9L._SX450_.jpg","B0D2HSC46K","QIUFANGM Sewer Camera Industrial Endoscope HD Micro Inspection Camera, Engine Cylinder Endoscope, Pipeline Camera (Size : 1m)","QIUFANGM","FBM","Industrial & Scientific",1640801,"N/A","N/A",8596386875773,"N/A","Borescopes",1990,87.15,21,0,0,,"-","-","N/A","N/A","我是浩哥","China",3,0,"N/A","Small Standard-Size",1.18,0.79,0.39,0.11,"N/A","N/A","-",22,7,3,"N/A"
"https://amazon.com/dp/B07RJNLX96","https://m.media-amazon.com/images/I/71JUpVrpihL._SX450_.jpg","B07RJNLX96","Pipe Inspection Camera 165FT, Anysun Drain Sewer Industrial Endoscope 12 PCS LED Waterproof IP68 Snake Video System with 7 Inch LCD Monitor 1000TVL Camera with DVR Record(Include 8G SD Card)","anysun","FBM","Industrial & Scientific",1640989,"N/A","N/A","N/A","N/A","Borescopes",1984,559.99,-13,0,0,,"-","-",52,3.9,"ToBestGift","China",1,2,-75,"Large bulky",8.25,17,19,18.05,"N/A","N/A","06/30/2024",83,8,0,0
"https://amazon.com/dp/B0CGQ8CNG9","https://m.media-amazon.com/images/I/61YwzZ9ZCIL._SX450_.jpg","B0CGQ8CNG9","Endoscope Camera, Length of 20m Cable, with Camera and Recording Function, Suitable for Inspection of Pipeline Sewers,Etc.","Cuifati","FBM","Industrial & Scientific",1651878,"N/A","N/A","N/A","N/A","Borescopes",1997,37.16,-19,0,0,-100,"-","-",1,5,"Cuifati3","China",1,2,-33,"Large Standard-Size",5.91,5.91,2.76,1.23,"N/A","N/A","10/31/2025",30,9,0,0
"https://amazon.com/dp/B0CGC8YG5F","https://m.media-amazon.com/images/I/51bpV1wfosL._SX450_.jpg","B0CGC8YG5F","Usatest Inspection Camera, USA-040 Borescope, HD Digital Industrial Endoscope 5.5mm Waterproof Drain Snake Camera 1080P 4.3"" Screen Automotive Plumbing Sewer Wall Camera with Light, 2 Meters Cable","USATEST","FBM","Industrial & Scientific",1655190,"N/A","N/A","N/A","N/A","Borescopes",1997,45.99,-35,0,0,,"-","-",1,1,"Alphaline Tool Corporation","USA",1,1,"N/A","N/A","N/A","N/A","N/A","N/A","N/A","N/A","04/30/2025",30,6,0,0
"https://amazon.com/dp/B0F3JS4FBH","https://m.media-amazon.com/images/I/61OySQXt59L._SX450_.jpg","B0F3JS4FBH","UT663B Industrial Borescope Automotive Pipeline Inspection Inspection,with 8 Adjustable LED Lights | 5.0"" LCD Screen | 360° Rotatable HD 1080P Snake Camera, 8mm Probe Diameter IP67 (UT663B)","UNI-T","FBM","Industrial & Scientific",1661924,"N/A","N/A",6935750566329,"N/A","Borescopes",2001,199.99,-55,1,1,,273.63,273.57,"N/A","N/A","J&Y Instrumentation Tools Store","China",1,0,"N/A","N/A","N/A","N/A","N/A","N/A","N/A","N/A","11/30/2025",11,5,3,"N/A"
"https://amazon.com/dp/B0D9JZYBZC","https://m.media-amazon.com/images/I/61-Boh-bcUL._SX450_.jpg","B0D9JZYBZC","Borescope,Endoscope Camera with Light, Waterproof Snake Camera Inspection Camera with Adjustable LED Light","MEIBAOGE","FBM","Industrial & Scientific",1667278,"N/A","N/A",7645120370843,"N/A","Borescopes",1997,8.36,-53,2,2,,19.33,19.24,"N/A","N/A","fsqqmMY","China",1,13,"N/A","N/A","N/A","N/A","N/A","N/A","N/A","N/A","12/31/2024",20,8,3,"N/A"
"https://amazon.com/dp/B0D2XY34SV","https://m.media-amazon.com/images/I/61lToWs1KUL._SX450_.jpg","B0D2XY34SV","SYANSPAN Sewer Camera with 512Hz Locator,Self-Leveling Endoscope with,10.1'' HD,DVR,IP68,7mm Cable,for Duct Drain Pipe Plumbing (100FT/30M)","SYANSPAN","FBA","Industrial & Scientific",1670545,"N/A","N/A","N/A","N/A","Borescopes",2006,1325.89,4,0,0,,"-","-",5,2.2,"pipe camera","China",1,0,"N/A","Large bulky",14.13,16.63,18.75,29.35,1427.84,3569.6,"08/31/2025",22,9,10,0
"https://amazon.com/dp/B0D2XY3ZMM","https://m.media-amazon.com/images/I/61wVeKOMpQL._SX450_.jpg","B0D2XY3ZMM","Sewer Camera self-Leveling, SYANSPAN Endoscope with Light, HD 1080P Plumbing Snake Cam, Distance Counter 10.1'' Pipe Inspection Camera, 512HZ Locator, DVR Endoscope for Plumber, Homeowners","SYANSPAN","FBA","Industrial & Scientific",1670656,"N/A","N/A","N/A","N/A","Borescopes",2006,1626.26,-21,0,0,,"-","-",5,2.2,"pipe camera","China",1,0,"N/A","Large bulky",14.38,16.75,19,31.9,1483.1,3707.76,"08/31/2025",22,8,10,0
"https://amazon.com/dp/B07L3R1G4Q","https://m.media-amazon.com/images/I/51myYNmXCgL._SX450_.jpg","B07L3R1G4Q","USB Endoscope MASO 2 in 1 IP67 Waterproof Borescope Inspection Camera with 6 Led and 7 M Snake Cable USB Adapter for Android Phone Tablet Device - Cable length: 1M","MASO","FBM","Industrial & Scientific",1673569,754914203063,"N/A",0754914203063,"N/A","Borescopes",2006,15.89,-5,1,1,,23.25,15.84,"N/A","N/A","Senriseus","China",1,2,-50,"Large Standard-Size",5.91,5.51,1.18,0.12,"N/A","N/A","05/31/2024",87,5,3,"N/A"
"https://amazon.com/dp/B07L3Q4XGN","https://m.media-amazon.com/images/I/51myYNmXCgL._SX450_.jpg","B07L3Q4XGN","USB Endoscope MASO 2 in 1 IP67 Waterproof Borescope Inspection Camera with 6 Led and 5.5M Snake Cable USB Adapter for Android Phone Tablet Device - Cable length: 10M","MASO","FBM","Industrial & Scientific",1673576,754914203087,"N/A",0754914203087,"N/A","Borescopes",2006,20.69,-4,1,0,,23.25,"-","N/A","N/A","Senriseus","China",1,2,-50,"Large Standard-Size",5.91,5.12,1.97,0.55,"N/A","N/A","05/31/2024",87,5,3,"N/A"
"https://amazon.com/dp/B0F5JSRL77","https://m.media-amazon.com/images/I/61m94JDhC-L._SX450_.jpg","B0F5JSRL77","Replacement Probe for Vividia NP-0 Series Small Diameter Flexible Non-Articulaiton Video Borescopes (1.4mm Diameter)","VIVIDIA","FBM","Industrial & Scientific",1673674,"N/A","N/A","N/A","N/A","Borescopes",2010,4200,-4,0,0,,"-","-","N/A","N/A","Oasis Scientific Inc.","USA",1,0,"N/A","N/A","N/A","N/A","N/A","N/A","N/A","N/A","11/30/2025",10,2,5,"N/A"
"https://amazon.com/dp/B0F5KF4XWC","https://m.media-amazon.com/images/I/6172ta8xzAL._SX450_.jpg","B0F5KF4XWC","Replacement Probe for Vividia NP-0 Series Small Diameter Flexible Non-Articulaiton Video Borescopes (0.95mm Diameter)","VIVIDIA","FBM","Industrial & Scientific",1674972,"N/A","N/A","N/A","N/A","Borescopes",2009,4450,-11,0,0,,"-","-","N/A","N/A","Oasis Scientific Inc.","USA",1,0,"N/A","N/A","N/A","N/A","N/A","N/A","N/A","N/A","11/30/2025",10,2,5,"N/A"
"https://amazon.com/dp/B0F5JRTBHD","https://m.media-amazon.com/images/I/61m94JDhC-L._SX450_.jpg","B0F5JRTBHD","Replacement Probe for Vividia NP-0 Series Small Diameter Flexible Non-Articulaiton Video Borescopes (1.8mm Diameter)","VIVIDIA","FBM","Industrial & Scientific",1674972,"N/A","N/A","N/A","N/A","Borescopes",2009,3999,-6,0,0,,"-","-","N/A","N/A","Oasis Scientific Inc.","USA",1,0,"N/A","N/A","N/A","N/A","N/A","N/A","N/A","N/A","11/30/2025",10,2,5,"N/A"
"https://amazon.com/dp/B0F4C47P3X","https://m.media-amazon.com/images/I/71QV+vBqWRL._SX450_.jpg","B0F4C47P3X","Vividia NP-0-09510 Flexible Non-Articulation 0.95mm Diameter 1 Meter Long Borescope Videoscope Inspection Camera with 5"" LCD Monitor","VIVIDIA","FBM","Industrial & Scientific",1688782,"N/A","N/A","N/A","N/A","Borescopes",2010,7999,-17,0,0,,"-","-","N/A","N/A","Oasis Scientific Inc.","USA",1,0,"N/A","N/A","N/A","N/A","N/A","N/A","N/A","N/A","04/30/2025",11,9,0,"N/A"
"https://amazon.com/dp/B09WGRSRFQ","https://m.media-amazon.com/images/I/61zkvdFevbL._SX450_.jpg","B09WGRSRFQ","Vividia CL-6010 Flexible USB 2-Way Articulation 6mm (0.24"") Diameter 1m (3ft) Long Borescope Videoscope Inspection Camera for Windows PC MacBook Android MacOS Chromebook","VIVIDIA","FBM","Industrial & Scientific",1689005,"N/A","N/A","N/A","N/A","Borescopes",2018,299.98,-18,0,0,,"-","-","N/A","N/A","Oasis Scientific Inc.","USA",1,0,"N/A","N/A","N/A","N/A","N/A","N/A","N/A","N/A","02/29/2024",62,9,0,"N/A"
"https://amazon.com/dp/B09VCKQXFL","https://m.media-amazon.com/images/I/61JbyKZxw8L._SX450_.jpg","B09VCKQXFL","Hilitand Sewer Camera Receiver, 16.5ft Pipe Inspection Camera with 512Hz Receiver, Plumbing Drain Camera Snake, Pipe Locators Underground Pipeline Inspection Tool(#3)","Hilitand","FBM","Industrial & Scientific",1690187,"N/A","N/A","N/A","N/A","Borescopes",2019,204.16,-11,0,0,,"-","-",1,5,"Serounder-m","China",1,0,"N/A","Large bulky",2.64,4.29,21.81,1.52,"N/A","N/A","-",48,9,0,0
"https://amazon.com/dp/B0D563SDF1","https://m.media-amazon.com/images/I/71+B-Ufxg0L._SX450_.jpg","B0D563SDF1","Sewer Camera with Locator 300FT Self Leveling,9IN 16GB Video Screen 12 Adjustable LEDs,JQKJCAM HD Pipe Sewer Inspection Camera with Light and 7MM Firm Meter Couter Cable for Plumers(100M)","JQKJCAM","FBM","Industrial & Scientific",1698176,"N/A","N/A","N/A","N/A","Borescopes",2024,1208,-59,0,0,,"-","-","N/A","N/A","JJKJ Cam","China",1,0,"N/A","N/A",23.23,18.11,13.78,"N/A","N/A","N/A","-",21,8,0,"N/A"
"https://amazon.com/dp/B096K242BL","https://m.media-amazon.com/images/I/51ZL5v-DvPL._SX450_.jpg","B096K242BL","Borescope Camera, 15m Endoscope Camera, Handheld Flexible for Computer Recording Videos Laptop Phone Pictures","Salaty","FBM","Industrial & Scientific",1698799,"N/A","N/A",9186547880273,"N/A","Borescopes",2025,35.26,"N/A",0,0,,"-","-",3,3.4,"Weiyirot","China",1,0,"N/A","Large Standard-Size",6.3,5.91,2.36,1.16,"N/A","N/A","02/29/2024",57,9,0,0
"https://amazon.com/dp/B0DQXMM4S4","https://m.media-amazon.com/images/I/71jJDYMVeQL._SX450_.jpg","B0DQXMM4S4","Happybuy Sewer Camera, 164 ft/50 m, 4.3"" Pipe Drain Inspection Camera with DVR & LED Lights, Waterproof IP68 Borescope, Industrial Endoscope for Plumbing, Ducts, and Wall Inspection","Happybuy","FBM","Industrial & Scientific",1699147,"N/A","N/A","N/A","N/A","Borescopes",2026,405.99,79,0,0,,"-","-","N/A","N/A","Happibuy","China",1,0,"N/A","N/A","N/A","N/A","N/A","N/A","N/A","N/A","03/31/2025",14,9,0,"N/A"
"https://amazon.com/dp/B07XJBM9YZ","https://m.media-amazon.com/images/I/613U85mcUwL._SX450_.jpg","B07XJBM9YZ","ESC Medicams Endoscopy Camera Full HD Rigid Endoscope 1080p ENT w/Coupler Adapter 2.4MP 60Fps Inbuilt USB Recorder (101.000)","ESC Medicams","-","Industrial & Scientific",1702103,"N/A","N/A","N/A","N/A","Borescopes",2031,2499,3,0,0,,"-","-",3,3.6,,"N/A",1,1,"N/A","Large bulky",10,11,13,8.05,"N/A","N/A","03/31/2025",78,6,0,0
"https://amazon.com/dp/B0D78K5FTY","https://m.media-amazon.com/images/I/61mA-haOGWL._SX450_.jpg","B0D78K5FTY","Endoscope Camera, 4.3inch LCD Screen, 8mm / 0.31inch Borescope Camera, 1080P HD Inspection Camera with 8 LED Lights, IP67 Snake Camera for Sewer (Sanpylrumgb4okse-11)","Sanpyl","FBM","Industrial & Scientific",1703164,"N/A","N/A","N/A","N/A","Borescopes",2017,36.77,-18,0,0,,"-","-","N/A","N/A","Jieweit","China",1,0,"N/A","Large Standard-Size",3.11,5.59,7.72,2.62,"N/A","N/A","05/31/2025",20,1,0,"N/A"
"https://amazon.com/dp/B005AMZ6K2","https://m.media-amazon.com/images/I/61q0rS0wA0L._SX450_.jpg","B005AMZ6K2","Triplett CobraCam 5.5mm Waterproof & Flexible Camera Wand, 3 ft - Works with Triplett Inspection Cameras 8125, 8120, 8115 (CC2-CAM3FM)","Triplett","Amazon","Industrial & Scientific",1715997,614395030810,00614395030810,0614395030810,"N/A","Borescopes",2037,39.6,-27,0,0,-100,"-","-",3,1,"Amazon","N/A",1,28,460,"Large Standard-Size",8.9,7.7,2.2,0.4,"N/A","N/A","11/30/2025",176,1,7,0
"https://amazon.com/dp/B0BTD2SFYV","https://m.media-amazon.com/images/I/612XYUCTHxL._SX450_.jpg","B0BTD2SFYV","Articulating Video Borescope, 5-inch IPS Articulating Endoscope Inspection Camera Two-Way 210° Steering Lens Waterproof Automotive Mechanic Fiber Optic Scope LED Light Control Multilingual","QPKING","FBM","Industrial & Scientific",1717123,"N/A","N/A","N/A","N/A","Borescopes",2038,137,-30,0,0,-150,"-","-","N/A","N/A","QPKING","China",1,3,"N/A","N/A","N/A","N/A","N/A","N/A","N/A","N/A","02/28/2025",37,9,0,"N/A"
"https://amazon.com/dp/B0CL4FCXDW","https://m.media-amazon.com/images/I/61H152pOuhL._SX450_.jpg","B0CL4FCXDW","Sunydog 90mm Guide Wheels Protective Cover for 23mm Pipe Sewer Pipeline Inspection Camera","Sunydog","FBM","Industrial & Scientific",1724379,"N/A","N/A","N/A","N/A","Borescopes",2047,20.29,-11,0,0,,"-","-","N/A","N/A","KIMYILAND","China",1,1,"N/A","Large Standard-Size",2.5,4,6.7,0.3,"N/A","N/A","06/30/2024",29,7,0,"N/A"
"https://amazon.com/dp/B08T8J8H8C","https://m.media-amazon.com/images/I/419-S98CEVL._SX450_.jpg","B08T8J8H8C","P30 Orange Hand-held Endoscopes Industrial 4.3inch High-Definition 1080P Display Screen Borescope with 8 LEDs - 1M","StarNY","FBM","Industrial & Scientific",1727742,765083462939,"N/A",0765083462939,"N/A","Borescopes",2052,87,-64,0,0,,"-","-","N/A","N/A","ZOFABAY","China",1,0,"N/A","N/A","N/A","N/A","N/A","N/A","N/A","N/A","-",61,9,0,"N/A"
"https://amazon.com/dp/B0CB1B8CMZ","https://m.media-amazon.com/images/I/610Ej61cR+L._SX450_.jpg","B0CB1B8CMZ","ACONEE Sewer Camera with 512Hz Locator, 165 ft Snake Camera with 9 Inch Touch HD Screen, DVR and Adjustable LEDs, Self Leveling, 16 GB SD Card, Waterproof IP68, for Sewer and Drainage Pipe","ACONEE","Amazon","Industrial & Scientific",1736811,196336072399,"N/A",0196336072399,"N/A","Borescopes",2058,1799.99,-14,0,0,-150,"-","-",1,2,"Amazon","N/A",1,2,"N/A","Large bulky",9.8,16.55,20,16.85,"N/A","N/A","02/28/2025",32,7,0,0
"https://amazon.com/dp/B073ZHFCFL","https://m.media-amazon.com/images/I/61r+UIt9vTL._SX450_.jpg","B073ZHFCFL","Vividia VQ-3910 Handheld 3.9mm (0.15"") Diameter 2.4"" LCD Screen Borescope Inspection Camera","VIVIDIA","FBM","Industrial & Scientific",1742713,"N/A","N/A","N/A","N/A","Borescopes",2057,159.98,-10,0,0,,"-","-",4,4,"Oasis Scientific Inc.","USA",2,2,100,"Large Standard-Size",2.2,8.62,12.8,0.9,"N/A","N/A","10/31/2025",103,9,0,0
"https://amazon.com/dp/B09814QKSF","https://m.media-amazon.com/images/I/71t77x4EusS._SX450_.jpg","B09814QKSF","Handheld Borescope 1080P HD Digital Industrial Endoscope with 4.3 Inch Detachable Screen & 8mm Dual Lens Snake Camera, 32 GB TF Card, Inspection Tools for Automotive Sewer HVAC Pipe ( Color : 1M )","BaiTTang","FBM","Industrial & Scientific",1746013,"N/A","N/A",8134798147585,"N/A","Borescopes",2059,98,-2,0,0,,"-","-","N/A","N/A","baitang","China",1,5,"N/A","N/A","N/A","N/A","N/A","N/A","N/A","N/A","02/28/2025",56,8,3,"N/A"
"https://amazon.com/dp/B0DSL962KG","https://m.media-amazon.com/images/I/51vKDFGTpYL._SX450_.jpg","B0DSL962KG","FeiYeup Endoscope Camera with Light, Borescope with Adjustable LED Light,Endoscope Camera,Waterproof Inspection Cameras","FeiYeup","FBM","Industrial & Scientific",1748403,"N/A","N/A",7665810155086,"N/A","Borescopes",2060,10.49,-19,0,0,,"-","-","N/A","N/A","feiqishuo","China",2,0,"N/A","N/A","N/A","N/A","N/A","N/A","N/A","N/A","04/30/2025",14,8,0,"N/A"
"https://amazon.com/dp/B09813JSW5","https://m.media-amazon.com/images/I/71t77x4EusS._SX450_.jpg","B09813JSW5","Handheld Borescope 1080P HD Digital Industrial Endoscope with 4.3 Inch Detachable Screen & 8mm Dual Lens Snake Camera, 32 GB TF Card, Inspection Tools for Automotive Sewer HVAC Pipe ( Color : 5M )","BaiTTang","FBM","Industrial & Scientific",1749379,"N/A","N/A",8134798147592,"N/A","Borescopes",2062,99,-25,0,0,,"-","-","N/A","N/A","baitang","China",1,5,"N/A","N/A","N/A","N/A","N/A","N/A","N/A","N/A","02/28/2025",56,8,3,"N/A"
"https://amazon.com/dp/B09814ZGZY","https://m.media-amazon.com/images/I/71t77x4EusS._SX450_.jpg","B09814ZGZY","Handheld Borescope 1080P HD Digital Industrial Endoscope with 4.3 Inch Detachable Screen & 8mm Dual Lens Snake Camera, 32 GB TF Card, Inspection Tools for Automotive Sewer HVAC Pipe ( Color : 10M )","BaiTTang","FBM","Industrial & Scientific",1749397,"N/A","N/A",8134798147608,"N/A","Borescopes",2064,106,-15,0,0,,"-","-","N/A","N/A","baitang","China",1,5,"N/A","N/A","N/A","N/A","N/A","N/A","N/A","N/A","02/28/2025",56,8,3,"N/A"
"https://amazon.com/dp/B08RDWB32N","https://m.media-amazon.com/images/I/61jC5w2Lw2L._SX450_.jpg","B08RDWB32N","Vividia VA-4-3915 Four-Way Articulating 3.9mm Diameter 1.5 Meter Long Videoscope Borescope Inspection Camera for PT6 Aircraft Engine Inspection Pratt & Whitney","VIVIDIA","FBM","Industrial & Scientific",1757769,759119544898,"N/A",0759119544898,"N/A","Borescopes",2069,3999,-16,0,0,,"-","-","N/A","N/A","Oasis Scientific Inc.","USA",1,1,"N/A","Large bulky",10,10,10,5,"N/A","N/A","01/31/2025",65,9,0,"N/A"
"https://amazon.com/dp/B08WJ33PDK","https://m.media-amazon.com/images/I/41g9AS0jfbL._SX450_.jpg","B08WJ33PDK","Vividia VS-749plus All-in-One Pipe Sewer Drain Tube Video Inspection Camera with 7"" Portable Screen 131ft (40m) Push-Rod Cable and 23mm Waterproof Camera with Self-Leveling and Built-in 512Hz Sonde","VIVIDIA","FBM","Industrial & Scientific",1759384,"N/A","N/A","N/A","N/A","Borescopes",2071,2499,-12,0,0,,"-","-",1,5,"Oasis Scientific Inc.","USA",1,4,100,"N/A","N/A","N/A","N/A","N/A","N/A","N/A","01/31/2025",61,9,0,0
"https://amazon.com/dp/B0D7MFCXK3","https://m.media-amazon.com/images/I/7131iPXHGRL._SX450_.jpg","B0D7MFCXK3","Sewer Camera 512Hz Self-Leveling 9MM Cable Plumbing Snake Camera with 24pc Adjustable LEDs,Distance Counter,10.1” 1080P Screen Sewer Inspection Borescope with DVR/Audio Recording 330ft/100M","SYOWNFS","FBA","Industrial & Scientific",1759417,"N/A","N/A","N/A","N/A","Borescopes",2069,4999.99,-11,0,0,,"-","-","N/A","N/A","ENNIO","China",1,7,"N/A","Extra-large 70+ to 150 lb",28.75,27.16,15.35,66.13,3884.37,9710.92,"02/28/2025",20,8,4,"N/A"
"https://amazon.com/dp/B0DP6CSSDB","https://m.media-amazon.com/images/I/71BA9XjAPvL._SX450_.jpg","B0DP6CSSDB","GEERYZHE Endoscope Camera with Light, HD Large Screen Inspection Camera for Pipeline Inspection (10m / 32.8ft)","GEERYZHE","FBM","Industrial & Scientific",1759850,"N/A","N/A",7902140794913,"N/A","Borescopes",2073,45.15,-64,0,0,200,"-","-","N/A","N/A","Zeeshat","China",1,10,"N/A","Large Standard-Size",7.87,5.12,3.15,1.55,"N/A","N/A","10/31/2025",15,8,3,"N/A"
"https://amazon.com/dp/B0DP6G6S2G","https://m.media-amazon.com/images/I/71GmAbcH8qL._SX450_.jpg","B0DP6G6S2G","Endoscope Camera with Light, HD Large Screen Endoscope Camera Inspection Camera with LED Lights for Pipeline Inspection (1m / 3.3ft)","GEERYZHE","FBM","Industrial & Scientific",1759864,"N/A","N/A",7902140794708,"N/A","Borescopes",2073,37.89,-65,0,0,200,"-","-","N/A","N/A","Zeeshat","China",1,10,"N/A","Large Standard-Size",7.87,5.51,3.15,0.82,"N/A","N/A","10/31/2025",15,9,3,"N/A"
"https://amazon.com/dp/B07W73MJYP","https://m.media-amazon.com/images/I/51841lJrADL._SX450_.jpg","B07W73MJYP","Endoscope, 3 In 1 Endoscope 5.5Mm Lens 6Led 5M Cable Ip67 Borescope Inspection Camera","AYNEFY","FBM","Industrial & Scientific",1764488,769963501954,"N/A",0769963501954,"N/A","Borescopes",2075,11.12,-18,0,0,,"-","-",2,2.4,"Zwenyn","China",1,2,-33,"Large Standard-Size",4.72,4.72,1.57,0.29,"N/A","N/A","12/31/2024",79,9,0,0
"https://amazon.com/dp/B0B1S31J9F","https://m.media-amazon.com/images/I/71m5BStaRGL._SX450_.jpg","B0B1S31J9F","Vividia BD-4-6015 & BD-4-6030 LCD 4-Way Articulation Dual-Camera Borescope with 6mm (0.24"") Diameter Flexible Probe and (1.5m Long Probe)","VIVIDIA","FBM","Industrial & Scientific",1767842,"N/A","N/A","N/A","N/A","Borescopes",2076,3999.98,-39,1,1,,5213.86,3576.92,"N/A","N/A","Oasis Scientific Inc.","USA",1,3,"N/A","N/A","N/A","N/A","N/A","N/A","N/A","N/A","12/31/2024",61,9,2,"N/A"
"https://amazon.com/dp/B0B1RXCFHV","https://m.media-amazon.com/images/I/71m5BStaRGL._SX450_.jpg","B0B1RXCFHV","Vividia BD-4-6015 & BD-4-6030 LCD 4-Way Articulation Dual-Camera Borescope with 6mm (0.24"") Diameter Flexible Probe and (3m Long Probe)","VIVIDIA","FBM","Industrial & Scientific",1767899,759119544751,"N/A",0759119544751,"N/A","Borescopes",2076,4999.98,-9,1,0,,5213.86,"-","N/A","N/A","Oasis Scientific Inc.","USA",1,3,"N/A","Large bulky",10,10,10,5,"N/A","N/A","12/31/2024",61,9,2,"N/A"
"https://amazon.com/dp/B0CJM9JWZL","https://m.media-amazon.com/images/I/61BVcdGEHuL._SX450_.jpg","B0CJM9JWZL","Topyond Industrial Endoscope Camera with Light, 1080P HD 8mm Borescope, 2.4"" LCD Screen, 8 LED Lights, Waterproof Snake Camera for Mechanics, Plumbing, Automotive Inspection","Topyond","FBA","Industrial & Scientific",1768909,"N/A","N/A","N/A","N/A","Borescopes",2078,25.3,-54,0,0,,"-","-","N/A","N/A","Jialyduu","China",2,0,"N/A","Small Standard-Size",0.01,0.01,0.01,0.01,0,0,"-",29,9,0,"N/A"
"https://amazon.com/dp/B097PXCJJL","https://m.media-amazon.com/images/I/719fwjDG9ES._SX450_.jpg","B097PXCJJL","720P HD Industrial Endoscope with 5 Inch IPS Screen & 5mm Dual Lens Borescope Camera, IP67 Waterproof, Built-in 32GB Memory Card, Hard Plastic Toolbox, 16.4ft Semi-Rigid Cable","BaiTTang","FBM","Industrial & Scientific",1788030,"N/A","N/A",8134798142740,"N/A","Borescopes",2089,181.45,-35,1,1,,232.81,232.75,"N/A","N/A","baitang","China",1,1,"N/A","N/A","N/A","N/A","N/A","N/A","N/A","N/A","11/30/2024",56,9,0,"N/A"
"https://amazon.com/dp/B08PDVT5N5","https://m.media-amazon.com/images/I/616N0hvyHgL._SX450_.jpg","B08PDVT5N5","Vividia VA-150 Gray Two-Way Articulating Borescope Videoscope Inspection Camera with 6mm Diameter Probe and 2.7"" Monitor and 640x480 Image Resolution","VIVIDIA","FBM","Industrial & Scientific",1790514,759119545109,"N/A",0759119545109,"N/A","Borescopes",2095,219,-5,0,0,,"-","-",1,3,"Oasis Scientific Inc.","USA",1,1,"N/A","Large bulky",10,10,10,5,"N/A","N/A","03/31/2024",63,8,0,0
"https://amazon.com/dp/B07P2JGTNZ","https://m.media-amazon.com/images/I/614RQrYcIQL._SX450_.jpg","B07P2JGTNZ","Pipeline Camera Control Box, Adjustable Camera, Good Image Clarity, Quickly and Accurately Find the Target (only for HBUDS、IHBUDS、Anysuns)","HBUDS","FBM","Industrial & Scientific",1791508,"N/A","N/A",8011657107273,"N/A","Borescopes",2096,70,-2,0,0,-67,"-","-",0,"N/A","AnysonicDirect","China",1,2,100,"N/A","N/A","N/A","N/A","N/A","N/A","N/A","12/31/2025",84,6,0,"N/A"
"https://amazon.com/dp/B0BP7RP3F2","https://m.media-amazon.com/images/I/61SEiBHcGrL._SX450_.jpg","B0BP7RP3F2","Anysun 512Hz Pipe Locator Receiver and 512Hz Sonde Transmitter for Sewer Inspection, Drain Camera Tools for DIYer or Replacement, for Anysun 7D1 Pipe Inspection Camera","anysun","FBM","Industrial & Scientific",1794084,774638983409,"N/A",0774638983409,"N/A","Borescopes",2085,699.99,-26,0,0,,"-","-",1,5,"Yongchangsheng tech","Hong Kong",1,0,"N/A","N/A","N/A","N/A","N/A","N/A","N/A","N/A","11/30/2024",39,7,0,0
"https://amazon.com/dp/B0CKHS2W4V","https://m.media-amazon.com/images/I/715C9wYkfUL._SX450_.jpg","B0CKHS2W4V","Bi-Directional Articulating Borescope 5"" LPS Screen 1080P Lens Endoscope, Dual Lens IP67 Water-Resistant LED Light and Serpentine Tube Scope, Suitable for Home Machinery Or Aerospace 32 GB TF Card","KIMORE","Amazon","Industrial & Scientific",1802100,"N/A","N/A",6955600888104,"N/A","Borescopes",2101,217.85,-27,0,0,,"-","-","N/A","N/A","Amazon","N/A",1,0,"N/A","Large Standard-Size",3.31,9.25,16.93,3.44,"N/A","N/A","11/30/2024",29,5,0,"N/A"
"https://amazon.com/dp/B0DF2KHRCR","https://m.media-amazon.com/images/I/61-Boh-bcUL._SX450_.jpg","B0DF2KHRCR","DIMITU Borescope Endoscope Camera with Light Snake Cameras Inspection Cameras with Adjustable LED Light","DIMITU","FBM","Industrial & Scientific",1803162,"N/A","N/A",7621431687139,"N/A","Borescopes",2103,14.97,-15,0,0,-150,"-","-","N/A","N/A","JYYJGJJ","China",2,0,"N/A","N/A","N/A","N/A","N/A","N/A","N/A","N/A","04/30/2025",18,9,1,"N/A"
"https://amazon.com/dp/B09RQ4KMK2","https://m.media-amazon.com/images/I/71UED9iOsIL._SX450_.jpg","B09RQ4KMK2","Vividia W2460 WiFi/USB Wireless USB 2-Way Articulation Rigid 4mm (0.16"") Diameter Long 28"" Long Borescope Videoscope Inspection Camera for Windows iPhone iPad Android MacOS Chromebook PC","VIVIDIA","FBM","Industrial & Scientific",1803996,"N/A","N/A","N/A","N/A","Borescopes",2104,899.98,-18,0,0,,"-","-","N/A","N/A","Oasis Scientific Inc.","USA",1,0,"N/A","N/A","N/A","N/A","N/A","N/A","N/A","N/A","11/30/2024",62,9,0,"N/A"
"https://amazon.com/dp/B0CLRWJW6K","https://m.media-amazon.com/images/I/61g1RLwNf4L._SX450_.jpg","B0CLRWJW6K","Single Lens Tube Borescope, 5-inch IPS Screen, 1080P HD Lens, IP67 Waterproof LED Light with Illuminated Video Inspection Mirror for Automotive, Aerospace and Mechanical Inspections","Aprafie","Amazon","Industrial & Scientific",1804523,196336868862,"N/A",0196336868862,"N/A","Borescopes",2105,90.13,-22,0,0,,"-","-",1,5,"Amazon","N/A",1,2,"N/A","Large Standard-Size",15.75,8.27,3.15,2.77,"N/A","N/A","03/31/2025",28,6,0,0
"https://amazon.com/dp/B0BDSDCK2X","https://m.media-amazon.com/images/I/41RyYoy+8BL._SX450_.jpg","B0BDSDCK2X","Ddkxndb Car DC Adapter Charger for Klein Tools ET510 Borescope Inspection Camera Power","Ddkxndb","FBM","Industrial & Scientific",1820641,"N/A","N/A","N/A","N/A","Borescopes",2119,11.99,-27,0,0,,"-","-","N/A","N/A","ntnywelcome","China",1,0,"N/A","N/A","N/A","N/A","N/A","N/A","N/A","N/A","-",42,5,0,"N/A"
"https://amazon.com/dp/B0CCW86DF4","https://m.media-amazon.com/images/I/31nahnxpHnL._SX450_.jpg","B0CCW86DF4","Industrial Endoscope with 6 LED Lights, 7mm Probe Camera IP67 for Android Wide Application (2M)","Hyuduo","FBM","Industrial & Scientific",1822454,"N/A","N/A","N/A","N/A","Borescopes",2123,10.95,-45,1,1,-140,12.97,12.93,"N/A","N/A","Mixitech-US","China",1,28,600,"N/A",4.72,4.72,1.57,"N/A","N/A","N/A","11/30/2025",31,9,1,"N/A"
"https://amazon.com/dp/B08DV9R6T4","https://m.media-amazon.com/images/I/41AWsnvNZ+L._SX450_.jpg","B08DV9R6T4","Launch Tech 307010003-7 mm USB Inspection Camera/Borescope","LAUNCH","FBM","Industrial & Scientific",1822588,884508005480,"N/A",0884508005480,"N/A","Borescopes",2124,69.8,-30,1,1,,85.89,85.86,1,5,"KART IT","USA",4,1,"N/A","Large bulky",39.37,9.84,9.84,1.76,"N/A","N/A","01/31/2026",32,1,0,1.22
"https://amazon.com/dp/B0CCW8YT97","https://m.media-amazon.com/images/I/31nahnxpHnL._SX450_.jpg","B0CCW8YT97","Industrial Endoscope with 6 LED Lights, 7mm Probe Camera IP67 Waterproof for Android Wide Application","Hyuduo","FBM","Industrial & Scientific",1823412,"N/A","N/A","N/A","N/A","Borescopes",2122,10.95,"N/A",1,0,-140,12.97,"-","N/A","N/A","Mixitech-US","China",0,28,600,"N/A","N/A","N/A","N/A","N/A","N/A","N/A","11/30/2025",31,9,1,"N/A"
"https://amazon.com/dp/B09Q6HBBVL","https://m.media-amazon.com/images/I/91Gbzqph2CL._SX450_.jpg","B09Q6HBBVL","Vividia VS-749A All-in-One Swimming Pool Pipe Sewer Drain Video Inspection Camera with 7"" Portable Monitor 131ft (40m) Push-Rod Cable and 14mm Diameter Camera","VIVIDIA","FBM","Industrial & Scientific",1825834,"N/A","N/A","N/A","N/A","Borescopes",2114,1999,-39,0,0,,"-","-","N/A","N/A","Oasis Scientific Inc.","USA",1,0,"N/A","N/A","N/A","N/A","N/A","N/A","N/A","N/A","10/31/2024",61,9,0,"N/A"
"https://amazon.com/dp/B0C4LVB24Z","https://m.media-amazon.com/images/I/310fId--p1L._SX450_.jpg","B0C4LVB24Z","7mm Inspection Camera, Adjustable Brightness USB Endoscope 6 LED Lights for Pipeline Repair Plumbing Inspection","CHICIRIS","FBM","Industrial & Scientific",1827347,"N/A","N/A","N/A","N/A","Borescopes",2130,11.58,-21,1,1,,13.3,13.24,"N/A","N/A","Zinboes","China",1,3,"N/A","N/A",4.72,4.72,1.57,"N/A","N/A","N/A","09/30/2024",34,9,1,"N/A"
"https://amazon.com/dp/B09CG416YW","https://m.media-amazon.com/images/I/61qvoV3DbZL._SX450_.jpg","B09CG416YW","UNI-T Industrial Endoscope UT665 Digital Borescope Sewer Camera for Engine HVAC Chimney Inspection Automotive Maintenance, 4 LED Lights 2.4” Screen Handheld Camera Snake Cable 3.3FT/1M IP67 Waterproof","UNI-T","FBM","Industrial & Scientific",1833817,"N/A","N/A","N/A","N/A","Borescopes",2133,98.99,"N/A",0,0,,"-","-",1,1,"UNI-T Direct","China",1,0,"N/A","N/A","N/A","N/A","N/A","N/A","N/A","N/A","09/30/2024",55,8,0,0
"https://amazon.com/dp/B0CNSJ8BZP","https://m.media-amazon.com/images/I/61f3tcIxCeL._SX450_.jpg","B0CNSJ8BZP","Multi-function Iris Analyzer Iridology Camera, New 5.0 Mp USB Iriscope Iris Analyzer Iridology Camera with Pro Iris English Software 30x Iris Lens Adjustable Focus and Driver-Free Analysis Software","JOSKAA","FBM","Industrial & Scientific",1835684,"N/A","N/A",7545691778157,"N/A","Borescopes",2131,238.99,-14,0,0,,"-","-","N/A","N/A","Yang Miemie","China",1,1,"N/A","Large Standard-Size",9.84,8.66,3.54,2.16,"N/A","N/A","02/28/2025",27,9,0,"N/A"
"https://amazon.com/dp/B0C4W1TJ2L","https://m.media-amazon.com/images/I/310fId--p1L._SX450_.jpg","B0C4W1TJ2L","7mm Inspection Camera, 1.3MP USB Endoscope with Adjustable Brightness with 6 LED Lights for Pipeline Repair","CHICIRIS","FBM","Industrial & Scientific",1835693,"N/A","N/A","N/A","N/A","Borescopes",2132,11.58,"N/A",1,0,,13.3,"-","N/A","N/A","Zinboes","China",0,3,"N/A","N/A","N/A","N/A","N/A","N/A","N/A","N/A","09/30/2024",34,9,1,"N/A"
"https://amazon.com/dp/B0CVG1PG9K","https://m.media-amazon.com/images/I/61995qpKZlL._SX450_.jpg","B0CVG1PG9K","Flexible 5.5mm Endoscope Camera Borescope USB Type C Inspection Camera for Car Pipe Sewer Drain","Walfront","FBM","Industrial & Scientific",1838019,"N/A","N/A","N/A","N/A","Borescopes",2134,14.01,-46,0,0,,"-","-","N/A","N/A","Dawnsou","China",1,0,"N/A","Large Standard-Size",5.12,4.72,1.57,0.37,"N/A","N/A","09/30/2024",25,9,0,"N/A"
"https://amazon.com/dp/B0DFB9RLLX","https://m.media-amazon.com/images/I/61-Boh-bcUL._SX450_.jpg","B0DFB9RLLX","Ubxvamm Borescope,Endoscope Camera with Light, Waterproof Snake Cameras Inspection Cameras with Adjustable LED Light","Ubxvamm","FBM","Industrial & Scientific",1849548,"N/A","N/A",7671300009203,"N/A","Borescopes",2137,17.36,-13,0,0,-133,"-","-",1,5,"MIlsfna","China",1,5,"N/A","N/A","N/A","N/A","N/A","N/A","N/A","N/A","02/28/2025",18,8,1,0
"https://amazon.com/dp/B09QC42VS5","https://m.media-amazon.com/images/I/71IX1GRoyHL._SX450_.jpg","B09QC42VS5","Vividia CT-3012S LCD/WiFi Side-View Flexible Two-Way Articulating Inspection Camera Borescope Videoscope with 3.0mm (0.12"") Diameter 1.2m Long Waterproof Probe","VIVIDIA","FBM","Industrial & Scientific",1860154,"N/A","N/A","N/A","N/A","Borescopes",2147,3999.98,-21,0,0,,"-","-","N/A","N/A","Oasis Scientific Inc.","USA",1,0,"N/A","N/A","N/A","N/A","N/A","N/A","N/A","N/A","08/31/2024",50,9,0,"N/A"
"https://amazon.com/dp/B0DFC338TD","https://m.media-amazon.com/images/I/51vKDFGTpYL._SX450_.jpg","B0DFC338TD","Ubxvamm Endoscope Camera with Light, Borescope with Adjustable LED Light,Endoscope Camera,Waterproof Inspection Cameras","Ubxvamm","FBM","Industrial & Scientific",1862494,"N/A","N/A",7671300012883,"N/A","Borescopes",2136,13.33,-16,0,0,,"-","-","N/A","N/A","MIlsfna","China",1,0,"N/A","N/A","N/A","N/A","N/A","N/A","N/A","N/A","-",18,8,0,"N/A"
"https://amazon.com/dp/B0BS8SWWNH","https://m.media-amazon.com/images/I/61ssC0a3-GL._SX450_.jpg","B0BS8SWWNH","Vividia VS-34080 All-in-One Pipe Sewer Drain Tube Inspection Camera with 7"" LCD Screen 262ft (80m) Push-Rod Cable and 40mm / 1.57"" Waterproof Camera with Self-Leveling and Built-in 512Hz Sonde","VIVIDIA","FBM","Industrial & Scientific",1866533,"N/A","N/A","N/A","N/A","Borescopes",2146,3999,-18,0,0,,"-","-","N/A","N/A","Oasis Scientific Inc.","USA",1,0,"N/A","N/A","N/A","N/A","N/A","N/A","N/A","N/A","08/31/2024",61,9,0,"N/A"
"https://amazon.com/dp/B00N19F1UQ","https://m.media-amazon.com/images/I/61+jtsV7b0L._SX450_.jpg","B00N19F1UQ","Ridgid 48093 SeeSnake Compact2 Camera Reel with 100 ft. Cable and Self-Leveling Color Camera Head, 115VAC Line Input","RIDGID","FBM","Industrial & Scientific",1881931,095691480934,00095691480934,0095691480934,"N/A","Borescopes",2159,6752.33,-22,0,0,,"-","-",0,"N/A","AHIA STRING.","USA",6,1,-83,"Extra-large 70+ to 150 lb",19.8,19.8,27,26.35,"N/A","N/A","03/31/2024",142,1,0,"N/A"
"https://amazon.com/dp/B06XXBTJBS","https://m.media-amazon.com/images/I/51s7DAGO-wL._SX450_.jpg","B06XXBTJBS","[SmartFly] HB37S 3.7mm 1 Meter 3.5"" LCD Endoscope Borescope Snake Inspection DVR Vehicle Inspection Pipeline","SmartFly info","FBM","Industrial & Scientific",1882796,763230646997,"N/A",0763230646997,"N/A","Borescopes",2161,249.99,-19,0,0,,"-","-",1,5,"WayPonDEV","China",1,1,"N/A","Large Standard-Size",2.99,9.02,13.31,2.32,"N/A","N/A","07/31/2024",107,9,0,0
"https://amazon.com/dp/B0BZSHSNZH","https://m.media-amazon.com/images/I/61hZWsZHsBL._SX450_.jpg","B0BZSHSNZH","Industrial Endoscope, 8mm 1080P HD Digital Borescope Inspection Camera 4.3 Inch LCD Screen IP67 Waterproof Snake Camera with LED Lights(Green and Black,7m)","Ddewing","FBM","Industrial & Scientific",1883955,"N/A","N/A","N/A","N/A","Borescopes",2161,81.09,-71,0,0,-33,"-","-","N/A","N/A","elesimple","China",1,0,"N/A","Large Standard-Size",8.27,5.51,2.76,1.32,"N/A","N/A","05/31/2025",35,9,9,"N/A"
"https://amazon.com/dp/B0BZSCJBW8","https://m.media-amazon.com/images/I/61hZWsZHsBL._SX450_.jpg","B0BZSCJBW8","Industrial Endoscope, 8mm 1080P HD Digital Borescope Inspection Camera 4.3 Inch LCD Screen IP67 Waterproof Snake Camera with LED Lights(Green and Black,5m)","Ddewing","FBM","Industrial & Scientific",1883955,"N/A","N/A","N/A","N/A","Borescopes",2161,75.29,-67,0,0,-33,"-","-","N/A","N/A","elesimple","China",1,0,"N/A","Large Standard-Size",8.27,5.51,2.76,1.2,"N/A","N/A","05/31/2025",35,9,9,"N/A"
"https://amazon.com/dp/B0BZSFK2HC","https://m.media-amazon.com/images/I/61um9+BZ99L._SX450_.jpg","B0BZSFK2HC","Industrial Endoscope, 8mm 1080P HD Digital Borescope Inspection Camera 4.3 Inch LCD Screen IP67 Waterproof Snake Camera with LED Lights(Green 7m)","Ddewing","FBM","Industrial & Scientific",1884035,"N/A","N/A","N/A","N/A","Borescopes",2161,69.49,-69,0,0,-33,"-","-","N/A","N/A","elesimple","China",1,0,"N/A","Large Standard-Size",8.27,5.51,2.76,1.23,"N/A","N/A","05/31/2025",35,9,9,"N/A"
"https://amazon.com/dp/B0BZSG8VL8","https://m.media-amazon.com/images/I/61BjIz6Ey6L._SX450_.jpg","B0BZSG8VL8","Industrial Endoscope, 8mm 1080P HD Digital Borescope Inspection Camera 4.3 Inch LCD Screen IP67 Waterproof Snake Camera with LED Lights(Yellow 2m)","Ddewing","FBM","Industrial & Scientific",1891668,"N/A","N/A","N/A","N/A","Borescopes",2156,70.49,-70,0,0,-33,"-","-","N/A","N/A","elesimple","China",1,0,"N/A","Large Standard-Size",8.27,5.51,2.76,0.85,"N/A","N/A","05/31/2025",35,9,9,"N/A"
"https://amazon.com/dp/B0CWS7NN8R","https://m.media-amazon.com/images/I/41+0VM0UOVL._SX450_.jpg","B0CWS7NN8R","K Tool International Video Inspection Borescope 5.5MM Imager Diameter","K Tool International","FBM","Industrial & Scientific",1893613,769622911759,"N/A",0769622911759,"N/A","Borescopes",2162,201.67,-15,0,0,,"-","-","N/A","N/A","American-Mechanic","USA",8,1,"N/A","N/A","N/A","N/A","N/A","N/A","N/A","N/A","03/31/2025",24,8,0,"N/A"
"https://amazon.com/dp/B0CQJLW549","https://m.media-amazon.com/images/I/614EgBItLVL._SX450_.jpg","B0CQJLW549","Luejnbogty 3-in-1 Borescope Inspection Camera Built-in 6 IP67 Waterproof USB Type-C Endoscope for Android Smartphones/PC(1M 7Mm), black, 291757A2","Luejnbogty","FBM","Industrial & Scientific",1898612,"N/A","N/A",4712243942370,"N/A","Borescopes",2167,8.4,-15,0,0,,"-","-","N/A","N/A","zhu993xiao","China",1,0,"N/A","Large Standard-Size",4.53,4.13,0.98,0.16,"N/A","N/A","04/30/2025",23,8,0,"N/A"
"https://amazon.com/dp/B0D6X55RWS","https://m.media-amazon.com/images/I/719mKJC2+GL._SX450_.jpg","B0D6X55RWS","BoxWave Screen Protector Compatible with Depstech Triple Lens borescope Inspection Camera (5 in) - ClearTouch Crystal ToughShield 9H (2-Pack), Clear 9H Tough Flexible Film Screen Protector","BoxWave","FBM","Industrial & Scientific",1903019,"N/A","N/A","N/A","N/A","Borescopes",2172,20.95,"N/A",0,0,,"-","-","N/A","N/A","BoxWave Corporation","USA",1,0,"N/A","N/A","N/A","N/A","N/A","N/A","N/A","N/A","-",21,6,0,"N/A"
"https://amazon.com/dp/B099GF6HY2","https://m.media-amazon.com/images/I/714os-aIi3S._SX450_.jpg","B099GF6HY2","Vividia VS-10730 All-in-One Pipe Sewer Drain Tube Video Inspection Camera with 7"" Portable Screen 98ft (30m) Push-Rod Cable and 7mm Waterproof Camera and Built-in Meter/Foot Counter","VIVIDIA","FBM","Industrial & Scientific",1906343,"N/A","N/A","N/A","N/A","Borescopes",2175,1299,-32,0,0,,"-","-","N/A","N/A","Oasis Scientific Inc.","USA",1,1,"N/A","N/A","N/A","N/A","N/A","N/A","N/A","N/A","06/30/2024",61,9,0,"N/A"
"https://amazon.com/dp/B07YD55YZY","https://m.media-amazon.com/images/I/51oPnVoKfpL._SX450_.jpg","B07YD55YZY","WiFi 5.5mm Telephoto Borescopes 5MP Underwater 5-1000CM Focal Endoscope Sewer Pipe Detector Camera Support Android iOS (2M)","visiPower","FBM","Industrial & Scientific",1906937,"N/A","N/A","N/A","N/A","Borescopes",2176,31,-75,0,0,,"-","-","N/A","N/A","YZY TECH","China",1,2,"N/A","N/A","N/A","N/A","N/A","N/A","N/A","N/A","02/28/2025",77,8,3,"N/A"