"URL","Image URL","ASIN","Title","Brand","Fulfillment","Category","BSR","UPC","GTIN","EAN","ISBN","Subcategory","Subcategory BSR","Price","Price Trend (90 days) (%)","Parent Level Sales","ASIN Sales","Sales Trend (90 days) (%)","Parent Level Revenue","ASIN Revenue","Review Count","Reviews Rating","Seller","Seller Country/Region","Number of Active Sellers","Last Year Sales","Sales Year Over Year (%)","Size Tier","Length","Width","Height","Weight","Storage Fee (Jan - Sep)","Storage Fee (Oct - Dec)","Best Sales Period","Age (Month)","Number of Images","Variation Count","Sales to Reviews"
"https://amazon.com/dp/B0CJHBNVVX","https://m.media-amazon.com/images/I/71TNhp619+L._SX450_.jpg","B0CJHBNVVX","Triple Lens Sewer Camera with 50FT Cable, 5"" IPS Screen 1080P HD Snake Camera, Waterproof IP67 Drain Pipe Borescope with Light, Plumbing Inspection Endoscope with 32GB Card & Carrying Case","TURN RAISE","FBA","Industrial & Scientific",34280,"N/A","N/A","N/A","N/A","Borescopes",89,82.29,-37,186,11,-74,14691.77,971.77,597,4.3,"TurnRaiseDirect","China",1,0,"N/A","Large Standard-Size",4.37,7.95,9.65,3.55,168.79,465.63,"12/31/2025",29,9,10,0.31
"https://amazon.com/dp/B0DTP6QXBY","https://m.media-amazon.com/images/I/71XfqV4nlbL._SX450_.jpg","B0DTP6QXBY","TOPDC Endoscope Camera with Light, 1920P HD Scope Camera, 8 LED Adjustable Inspection Borescope for Android and iOS, 16.4ft Semi-Rigid Snake Cable, IP67 Waterproof","TOPDC","FBA","Industrial & Scientific",34317,"N/A","N/A","N/A","N/A","Borescopes",95,24.99,-15,135,134,425,3533.51,3336.56,44,4.3,"TOPDC","China",1,0,"N/A","Large Standard-Size",1.46,4.96,5.2,0.42,18.96,52.3,"01/31/2026",13,9,2,3.07
"https://amazon.com/dp/B0DTNVS1MY","https://m.media-amazon.com/images/I/71f1r+7DwaL._SX450_.jpg","B0DTNVS1MY","TOPDC Two-Way Articulating Borescope Camera with Light, Industrial Endoscope with 0.24in Articulating Snake Camera, 1920P HD Video Inspection Scope for Automotive & Aircraft Mechanics, 6.5ft","TOPDC","FBA","Industrial & Scientific",34365,"N/A","N/A","N/A","N/A","Borescopes",95,119.99,-18,135,2,425,3533.51,195.36,44,4.3,"TOPDC","China",1,0,"N/A","Large Standard-Size",3.03,8.66,12.4,2.4,163.82,451.91,"01/31/2026",13,9,2,3.07
"https://amazon.com/dp/B0C9L96KF7","https://m.media-amazon.com/images/I/71jpuGm37JL._SX450_.jpg","B0C9L96KF7","Borescope Inspection with Light, Industrial Endoscope Camera with 4.3” HD Screen, Waterproof Digital Snake Camera, Semi-Rigid Cable Bore Scope for Home Pipe, Engine, Inside Wall, Duct (11.5 FT)","Anykit","FBA","Industrial & Scientific",34645,"N/A","N/A","N/A","N/A","Borescopes",90,35.99,-17,85,85,823,3261.05,3260.89,424,4.5,"AnyKit","China",2,180,"N/A","Large Standard-Size",2.4,4.84,7.52,0.86,43.98,121.32,"07/31/2024",32,9,0,0.2
"https://amazon.com/dp/B081J3LN61","https://m.media-amazon.com/images/I/71TRX9CGSnL._SX450_.jpg","B081J3LN61","50FT Endoscope Camera with Light, Oiiwak Snake Borescope Endoscope Inspection Camera for Pipe Sewer Drain Plumbing Inspection 1080P HD 4.3"" IPS Screen IP67 Waterproof","Oiiwak","FBA","Industrial & Scientific",34856,738944723289,00738944723289,0738944723289,"N/A","Borescopes",89,79.99,-20,166,166,274,13280.11,13278.31,3083,4,"Oiiwak Tech","China",1,1102,-55,"Large Standard-Size",3.43,6.61,8.74,2.8,99.77,275.22,"04/30/2024",76,8,6,0.05
"https://amazon.com/dp/B0FX99L27P","https://m.media-amazon.com/images/I/81RlKSqQyyL._SX450_.jpg","B0FX99L27P","DEPSTECH Dual Lens Borescope Camera with Light, HD Endoscope, 4.3'' IPS Screen, Inspection IP67 Waterproof, 16.5ft Semi-Rigid Snake Camera Cable for Car Wall Drain Pipe","DEPSTECH","FBA","Industrial & Scientific",35130,"N/A","N/A","N/A","N/A","Borescopes",96,29.99,-41,184,184,,5510.05,5508.09,173,4.5,"DEPSTECH Authorized Store","China",1,0,"N/A","Large Standard-Size",3.07,6.5,8.31,1.46,83.49,230.31,"12/31/2025",3,7,2,1.07
"https://amazon.com/dp/B0CFQG5YLX","https://m.media-amazon.com/images/I/614UGPIJxDL._SX450_.jpg","B0CFQG5YLX","JSE Endoscope Camera with Light, 16.4FT Waterproof Borescope 1920P HD, Semi-Rigid Cable, 8 Adjustable High Brightness LED Lights Inspection Snake Camera for iPhone, Android, iPad","JSE","FBA","Industrial & Scientific",35257,"N/A","N/A","N/A","N/A","Borescopes",93,19.8,-4,173,124,-16,3504.43,2453.68,450,4.2,"JSE-Electronic","China",2,3073,"N/A","Large Standard-Size",1.54,4.84,4.88,0.4,18.31,50.52,"06/30/2024",31,7,5,0.38
"https://amazon.com/dp/B094XGX6GQ","https://m.media-amazon.com/images/I/81UWG4jUEoS._SX450_.jpg","B094XGX6GQ","DEPSTECH 5.5mm Industrial Endoscope, 1080P Digital Borescope Inspection Camera with 4.3"" Screen, IP67 Waterproof Snake Camera with Lights,16.5FT Semi-Rigid Cable, 32GB Card &Photo Capture,Helpful Tool","DEPSTECH","FBA","Industrial & Scientific",35504,"N/A","N/A","N/A","N/A","Borescopes",91,49.99,-7,181,148,-75,9048.5,7415.46,4292,4.4,"Depstech","China",1,4016,-67,"Large Standard-Size",3.03,6.46,8.23,1.15,81.11,223.74,"03/31/2024",58,8,3,0.04
"https://amazon.com/dp/B095K8XHY2","https://m.media-amazon.com/images/I/81MHlyElaIL._SX450_.jpg","B095K8XHY2","DEPSTECH 5.5mm Industrial Endoscope, 1080P Digital Borescope Inspection Camera with 4.3"" Screen, IP67 Waterproof Snake Camera with Lights,16.5FT Semi-Rigid Cable, 32GB Card &Photo Capture (Orange)","DEPSTECH","FBA","Industrial & Scientific",35507,884017421344,"N/A",0884017421344,"N/A","Borescopes",91,49.99,-21,181,33,-75,9048.5,1632.76,4292,4.4,"Depstech","China",2,4016,-67,"Large Standard-Size",3.15,6.46,8.15,1.17,83.5,230.34,"03/31/2024",57,9,3,0.04
"https://amazon.com/dp/B0CZKVWF4B","https://m.media-amazon.com/images/I/71eiLg1sMQL._SX450_.jpg","B0CZKVWF4B","Pemamnov Dual-Lens Endoscope Camera with Light,Borescope with 8 Adjustable LED Lights 1920P HD,16.5ft Semi-Rigid,IP67Waterproof USB Inspection Camera for iPhone,Gadgets for Men…","pemamnov","FBA","Industrial & Scientific",35929,"N/A","N/A","N/A","N/A","Borescopes",96,16.99,-5,522,522,23,8791.33,8788.35,171,4.2,"pemamnov","China",1,6715,"N/A","Large Standard-Size",1.54,4.76,4.88,0.04,18.01,49.68,"06/30/2025",23,6,2,3.05
"https://amazon.com/dp/B0B3159V9P","https://m.media-amazon.com/images/I/71eKS1T-SyL._SX450_.jpg","B0B3159V9P","2026 Autel MaxiVideo MV108S Digital Inspection Camera, 2MP 1920x1080, IP67 Waterproof USB Endoscope, 8.5mm Borescope Snake Camera, 39.37'', LED Light, Work with Autel Scanner & P.C, Up of MV108 MV105S","Autel","FBA","Industrial & Scientific",36105,762917121819,"N/A",0762917121819,"N/A","Borescopes",96,49,-18,178,178,26,8736.4,8736.28,324,4.6,"Autel Direct","China",1,1710,-14,"Large Standard-Size",2.01,6.85,12.64,0.9,87.52,241.43,"10/31/2024",45,9,0,0.56
"https://amazon.com/dp/B0F24VGNJJ","https://m.media-amazon.com/images/I/71S1Vg0YQOL._SX450_.jpg","B0F24VGNJJ","VEVOR Inspection Camera with Light","VEVOR","FBM","Industrial & Scientific",36567,"N/A","N/A","N/A","N/A","Borescopes",98,73.98,"N/A",143,0,-52,8296.05,"-",300,4.3,"Supdear","China",0,0,"N/A","N/A","N/A","N/A","N/A","N/A","N/A","N/A","06/30/2025",11,9,3,0.49
"https://amazon.com/dp/B0CW67ZYP1","https://m.media-amazon.com/images/I/71Y+KgLtvmL._SX450_.jpg","B0CW67ZYP1","Daxiongmao Endoscope Camera with Lights, 1080P HD Two-Way Articulating Borescope, IP67 Waterproof Snake Camera – Ideal for Inspecting Walls, Vents, Automotive Engines, Pipes – A Tool for Men (5ft)","Daxiongmao","FBA","Industrial & Scientific",36570,739944333614,"N/A",0739944333614,"N/A","Borescopes",99,78.26,-60,22,12,,1280.65,930.15,167,4.5,"leersi_jet","China",1,0,"N/A","Large Standard-Size",3.31,9.41,16.93,3,265.49,732.39,"02/28/2026",24,8,2,0.13
"https://amazon.com/dp/B0C8MYZLT1","https://m.media-amazon.com/images/I/71lsmzudntL._SX450_.jpg","B0C8MYZLT1","VEVOR Sewer Camera with 512Hz Locator, Drain Inspection Tool with Self-Leveling, 36X Zoom, Plumbing Camera with Lights-12 LED, 32GB Card","VEVOR","FBM","Industrial & Scientific",36779,"N/A","N/A","N/A","N/A","Borescopes",189,709.99,"N/A",233,0,1,131513.89,"-",180,4,"VEVOR Shop","China",0,2602,104,"N/A","N/A","N/A","N/A","N/A","N/A","N/A","07/31/2025",32,12,7,1.3
"https://amazon.com/dp/B09ZV7KJHL","https://m.media-amazon.com/images/I/71+JNHaSDVL._SX450_.jpg","B09ZV7KJHL","Teslong Two-Way Articulating Borescope with Light, 5-inch IPS Endoscope Inspection Camera with Articulation Head, Automotive Mechanics Fiber Optic Scope-0.33inch","Teslong","FBA","Industrial & Scientific",36789,"N/A","N/A","N/A","N/A","Borescopes",100,279.99,-9,189,189,-67,47753.9,47751.85,570,4.7,"Teslong","China",1,2710,-53,"Large Standard-Size",3.5,8.62,16.61,3.4,252.3,696.01,"03/31/2024",46,8,0,0.33
"https://amazon.com/dp/B0DGTFVHF3","https://m.media-amazon.com/images/I/81xHDqKuUtL._SX450_.jpg","B0DGTFVHF3","VEVOR Endoscope Camera with Light, Triple Lens Borescope with 49.2FT Semi-Rigid Cable, 5"" Screen 1080P Inspection Camera, 8 + 2 LED Lights, IP67 Waterproof Snake Cameras for Auto, Plumbing (32GB Card)","VEVOR","FBM","Industrial & Scientific",36818,197988415312,"N/A",0197988415312,"N/A","Borescopes",98,69.98,30,143,52,-52,8296.05,3148.46,294,4.3,"Supdear","China",1,0,"N/A","Large Standard-Size",11.02,7.68,3.46,2.43,"N/A","N/A","06/30/2025",17,9,3,0.49
"https://amazon.com/dp/B0DN66V72B","https://m.media-amazon.com/images/I/71lYBBRDM+L._SX450_.jpg","B0DN66V72B","SYANSPAN Sewer Camera,4.3"" HD Screen with 16GB DVR Function,Works Underwater Up to 10Meters Drain Pipe Inspection Camera for Home Wall Duct Drain Pipe Plumbing(Fits Pipes>1"" Diameter,164ft/50M)","SYANSPAN","FBA","Industrial & Scientific",37066,"N/A","N/A","N/A","N/A","Borescopes",140,285.99,-13,58,9,-83,15330.3,2626.06,186,4,"pipe camera","China",1,1929,-22,"Large Standard-Size",6.77,11.97,13.74,9.77,560.59,1546.45,"05/31/2024",52,6,24,0.31
"https://amazon.com/dp/B0G6XZS5YP","https://m.media-amazon.com/images/I/817aNJJSKiL._SX450_.jpg","B0G6XZS5YP","Dual-Lens Endoscope Camera with Light, 1080P Borescope Inspection Camera, 4.3"" IPS Screen, 16.5FT Semi-Rigid Cable, 8 LEDs, IP67 Waterproof Inspection Tool for Automotive & Plumbing– Gadgets for Men","EASTBEAR","FBA","Industrial & Scientific",37237,726870777780,"N/A",0726870777780,"N/A","Borescopes",105,32.99,-63,31,7,,970.19,271.51,10,4.3,"EASTBEAR Store","N/A",1,0,"N/A","Large Standard-Size",2.8,5.55,7.28,1,56.9,156.97,"02/28/2026",3,8,2,3.07
"https://amazon.com/dp/B0DHRTVQZB","https://m.media-amazon.com/images/I/71EivduBBGL._SX450_.jpg","B0DHRTVQZB","VEVOR Endoscope Camera with Light, Triple Lens Industrial Borescope, 5"" Screen 1080P Inspection Camera, 8 + 2 Lights, IP67 Waterproof Snake Cameras for Automotive, Plumbing (16.4FT Cable, 32GB Card)","VEVOR","FBM","Industrial & Scientific",37333,197988414100,"N/A",0197988414100,"N/A","Borescopes",102,62.99,19,256,90,-42,12154.55,5649.56,243,4.4,"Supdear","China",3,4082,"N/A","Large Standard-Size",7.68,5.2,3.15,1.21,"N/A","N/A","06/30/2025",17,9,4,1.05
"https://amazon.com/dp/B0B71PT47Q","https://m.media-amazon.com/images/I/71Yz8ed3vHL._SX450_.jpg","B0B71PT47Q","DXZtoz 10FT Articulating Borescope with Light, Two-Way Steering Industrial Endoscope Inspection Camera 0.33in Fiber Optic Snake Camera Waterproof for Electriction Wall Pipeline Inspection","DXZtoz","FBA","Industrial & Scientific",37377,"N/A","N/A","N/A","N/A","Borescopes",104,149.99,-34,158,158,-44,23711.09,23710.93,205,4.3,"DXZtoz-USA","China",1,4333,50,"Large Standard-Size",3.23,9.17,17.17,4.08,256.05,706.33,"02/28/2025",43,6,0,0.77
"https://amazon.com/dp/B0FL6N12SQ","https://m.media-amazon.com/images/I/71FPZl08krL._SX450_.jpg","B0FL6N12SQ","TURN RAISE 210° Two-Way Inspection Sewer Camera with Light, 4.3"" IPS Articulating Endoscope, Industrial Borescope Drain Camera for Inspection Automotive Wall Pipe 5.3FT Cable","TURN RAISE","FBA","Industrial & Scientific",37414,"N/A","N/A","N/A","N/A","Borescopes",100,95.99,-46,186,8,-74,14691.77,742.12,597,4.3,"TurnRaiseDirect","China",1,0,"N/A","Large bulky",2.36,8.66,18.31,1.68,121.39,303.47,"12/31/2025",7,7,10,0.31
"https://amazon.com/dp/B0DGLLDJSD","https://m.media-amazon.com/images/I/7126xcxls9L._SX450_.jpg","B0DGLLDJSD","Triple Lens Sewer Camera 50ft | 5"" IPS Screen Borescope with Light | 1080P HD Drain Snake Camera for Plumbing Pipe HVAC Inspection Cam + Case Green","TURN RAISE","FBA","Industrial & Scientific",37422,"N/A","N/A","N/A","N/A","Borescopes",100,113.99,-14,186,33,-74,14691.77,3567.45,597,4.3,"TurnRaiseDirect","China",1,0,"N/A","Large Standard-Size",4.33,7.76,9.53,3.51,161.22,444.74,"12/31/2025",18,6,10,0.31
"https://amazon.com/dp/B0D69779K8","https://m.media-amazon.com/images/I/71Udf6MrNLL._SX450_.jpg","B0D69779K8","Triple Lens Sewer Inspection Camera, TURN RAISE 5"" IPS Screen Borescope Cam with Light, 1080P HD Drain Camera 16.5FT Semi-Rigid Cable, IP67 Plumbing Snake Endoscope with Carry Case","TURN RAISE","FBA","Industrial & Scientific",37484,"N/A","N/A","N/A","N/A","Borescopes",100,79.99,18,186,16,-74,14691.77,1302.37,597,4.3,"TurnRaiseDirect","China",1,0,"N/A","Large Standard-Size",3.31,7.72,8.62,1.52,110.78,305.59,"12/31/2025",20,9,10,0.31
"https://amazon.com/dp/B0DNDKWY5T","https://m.media-amazon.com/images/I/71lYBBRDM+L._SX450_.jpg","B0DNDKWY5T","SYANSPAN Sewer Camera,4.3"" HD Screen w/ 16GB DVR,8-10h Working Time Low-Temp Resistant Battery Drain Pipe Inspection Camera for Home Wall Duct Drain Pipe Plumbing(Fits Pipes>0.7"" Dia,164ft/50m)","SYANSPAN","FBA","Industrial & Scientific",37520,"N/A","N/A","N/A","N/A","Borescopes",136,281.99,-20,58,8,-83,15330.3,2311.18,187,4,"pipe camera","China",1,1929,-22,"Large Standard-Size",6.5,12,13.5,9.6,530.16,1462.5,"05/31/2024",52,6,24,0.31
"https://amazon.com/dp/B0D9Y7MCRB","https://m.media-amazon.com/images/I/71oAtHU7MdL._SX450_.jpg","B0D9Y7MCRB","Sewer Camera 100ft,SYANSPAN Drain Pipe Camera HD 4.3in Screen with 32GB DVR,Waterproof IP68 Works Underwater Up to 10Meters Sewer Inspection borescopes for Plumber(Fits Pipes>0.7"" Diameter,100ft/30M)","SYANSPAN","FBA","Industrial & Scientific",37520,"N/A","N/A","N/A","N/A","Borescopes",136,243.99,-5,58,19,-83,15330.3,4631.77,186,4,"pipe camera","China",2,1929,-22,"Large Standard-Size",6.85,12.05,13.74,8.27,571,1575.19,"05/31/2024",20,7,24,0.31
"https://amazon.com/dp/B0FMFF8QY2","https://m.media-amazon.com/images/I/71ivsTk36aL._SX450_.jpg","B0FMFF8QY2","Endoscope Camera with Light, 1920P HD borescope Camera,IP67 Waterproof Snake,16.4ft Semi-Rigid Inspection Tool with 8 LED Lights, Borescope for iPhone/Android (Micro-USB/Type-C/Lightning)","ClarVise","FBA","Industrial & Scientific",38071,"N/A","N/A","N/A","N/A","Borescopes",102,16.99,-27,170,170,88,2888.74,2886.89,44,4.2,"ClarVise","China",1,0,"N/A","Large Standard-Size",1.54,5.04,5.12,0.4,20.01,55.19,"12/31/2025",7,9,0,3.95
"https://amazon.com/dp/B0FHWCZ5RB","https://m.media-amazon.com/images/I/819l2MVPkKL._SX450_.jpg","B0FHWCZ5RB","Endoscope Camera with Light, 4.3"" IPS Screen, 16.4 Ft Semi-Rigid IP67 Borescope Camera with Light, 1080P Inspection Camera with 8 LEDs, No App Needed, Waterproof Drain Camera, Cool Gadget for Men","AMYLAC","FBA","Industrial & Scientific",38670,"N/A","N/A",5070002894117,"N/A","Borescopes",102,23.99,-43,245,245,258,5945.42,5942.86,31,4.5,"AMYLAC TRADING LLC","USA",1,0,"N/A","Large Standard-Size",3.23,5.24,7.68,1.06,65.44,180.54,"01/31/2026",7,8,2,7.92
"https://amazon.com/dp/B0DQL6FL87","https://m.media-amazon.com/images/I/81usKBvESoL._SX450_.jpg","B0DQL6FL87","Endoscope Camera with Light 10M, 5in Dual Lens Borescope with Light, Digital-Borescope Inspection Camera, 7.9mm IP67 Waterproof Endoscope, 10M/32.8FT Semi-Rigid for Car Wall Plumbing-6PCS ACCS","Hopefox","FBA","Industrial & Scientific",38792,"N/A","N/A","N/A","N/A","Borescopes",106,19.98,"N/A",186,0,-64,4849.58,"-",672,4.4,"Hopefox Official","China",0,0,"N/A","Large Standard-Size",3.03,5.83,11.02,1.59,98.01,270.37,"11/30/2025",15,8,5,0.28
"https://amazon.com/dp/B09Y1F2MPB","https://m.media-amazon.com/images/I/817dy1iIf+L._SX450_.jpg","B09Y1F2MPB","5mm Dual Lens Inspection Camera, Teslong Borescope with LED Light, HD Industrial Endoscope, 5"" IPS Screen, Waterproof Video Scope Camera, Flexible Cable for Home/Automotive/Pipe/Car/Wall(5FT)","Teslong","FBA","Industrial & Scientific",38806,"N/A","N/A","N/A","N/A","Borescopes",109,95.99,-21,137,127,36,13547.75,12192.92,733,4.5,"Teslong","China",1,1708,"N/A","Large Standard-Size",2.72,9.96,11.54,2.03,157.4,434.21,"11/30/2024",47,9,4,0.19
"https://amazon.com/dp/B0CLG67RHF","https://m.media-amazon.com/images/I/71BYTokuVPL._SX450_.jpg","B0CLG67RHF","Teslong 4-Way Articulating Borescope with Dual Lens Endoscope, 1080P HD Steerable Mechanic Inspection Camera with with LED Light, See in Wall Automotive Engine Scope(0.24inch-5FT)","Teslong","FBA","Industrial & Scientific",39015,"N/A","N/A","N/A","N/A","Borescopes",107,509.99,-22,107,107,105,60835.97,60834.76,49,4.4,"Teslong","China",1,885,"N/A","Large Standard-Size",4.33,13.11,14.88,4.54,425.27,1173.17,"09/30/2025",28,9,0,2.19
"https://amazon.com/dp/B0FPBZ2R5N","https://m.media-amazon.com/images/I/71+vMMLsoaL._SX450_.jpg","B0FPBZ2R5N","VEVOR Sewer Camera, 98 ft/30m, 4.3"" Drain Inspection Tool, IP68 Waterproof Snake Plumbing Camera with Lights - 6 Adjustable LEDs, 4500mAh Battery & 16GB Card for Sewer Line Duct Pipes","VEVOR","FBM","Industrial & Scientific",39163,197988528098,"N/A",0197988528098,"N/A","Borescopes",108,215.99,"N/A",188,49,236,49145.43,10582.87,44,4.3,"VEVOR Shop","China",1,0,"N/A","Large Standard-Size",14.29,12.2,6.69,8.82,"N/A","N/A","01/31/2026",6,9,5,4.28
"https://amazon.com/dp/B0DNMJ1WWW","https://m.media-amazon.com/images/I/71WG+ZUBEkL._SX450_.jpg","B0DNMJ1WWW","VEVOR Sewer Camera, 98 ft/30m, Self-Leveling Drain Inspection Camera with 9"" 1080P HD Screen, 36X Zoom, IP68 Waterproof Plumbing Camera with Lights-12 LED, 32GB Card Snake Camera for Duct Pipe","VEVOR","FBM","Industrial & Scientific",39167,197988811633,"N/A",0197988811633,"N/A","Borescopes",104,356.39,"N/A",58,58,,20678.87,20678.63,12,4.7,"Supdear","China",2,0,"N/A","Large bulky",11.61,12.6,12.6,12.39,"N/A","N/A","09/30/2025",15,12,0,4.86
"https://amazon.com/dp/B08PTVBGBQ","https://m.media-amazon.com/images/I/81Uscy9XeZL._SX450_.jpg","B08PTVBGBQ","5mm Dual Lens Inspection Camera, Teslong Borescope with LED Light, HD Industrial Endoscope, 5"" IPS Screen, Waterproof Video Scope Camera, Flexible Cable for Home/Automotive/Pipe/Car/Wall(16.5FT)","Teslong","FBA","Industrial & Scientific",39264,"N/A","N/A","N/A","N/A","Borescopes",109,129.99,-28,137,10,36,13547.75,1353.31,733,4.5,"Teslong","China",1,1708,"N/A","Large Standard-Size",2.72,9.96,11.65,2.18,158.9,438.35,"11/30/2024",63,10,4,0.19
"https://amazon.com/dp/B0G123VB7K","https://m.media-amazon.com/images/I/71orwzoP3eL._SX450_.jpg","B0G123VB7K","KIRFEIHT Endoscope Camera with Light - Industrial Borescope with 32GB Card, Waterproof Inspection Sewer Camera, 16.4FT Snake Semi-Rigid Cord Endoscope Compatible with PC & Android for HVAC, Plumbing","KIRFEIHT","FBA","Industrial & Scientific",39977,"N/A","N/A","N/A","N/A","Borescopes",106,33.99,17,125,125,,4488.97,4488.83,48,4.5,"TBARGUD US","China",1,0,"N/A","Large Standard-Size",2.8,5.55,8.15,1.01,63.77,175.9,"01/31/2026",2,9,0,2.6
"https://amazon.com/dp/B0D7PYRRKD","https://m.media-amazon.com/images/I/71NlALU6wOL._SX450_.jpg","B0D7PYRRKD","Teslong 3.9mm 4-Way Articulating Borescope with Light, 6'' IPS Endoscope Inspection Camera with 360 Articulated Probe, Flexible Automotive Mechanics Gadgets Fiber Optic Scope Cam (0.15inch-5FT)","Teslong","FBA","Industrial & Scientific",41192,"N/A","N/A","N/A","N/A","Borescopes",115,699.99,7,58,58,44,40687.14,40686.44,27,4.1,"Teslong","China",1,620,"N/A","Large Standard-Size",4.29,13.15,14.84,4.21,421.69,1163.27,"10/31/2025",20,9,0,2.15
"https://amazon.com/dp/B0FLPY94WG","https://m.media-amazon.com/images/I/71r546qqDsL._SX450_.jpg","B0FLPY94WG","Sewer Camera 100ft/30m, 17mm Plumbing Snake Borescope with 8pcs LEDs Light, 4.3"" Screen 1000TVL Pipe Inspection Camera with 8500mAh Battery Without Recorder","GAMWATER","FBA","Industrial & Scientific",41590,614019414972,"N/A",0614019414972,"N/A","Borescopes",109,248.66,-6,30,9,68,6759.35,2104.61,6,4,"huizhoushishanmaikejiyouxiangongsi","China",1,0,"N/A","Large Standard-Size",12,10.44,7.1,7.72,447.83,1235.4,"12/31/2025",7,6,4,5.06
"https://amazon.com/dp/B0FLQ3Y8J5","https://m.media-amazon.com/images/I/71p7T47+fEL._SX450_.jpg","B0FLQ3Y8J5","Sewer Camera 66ft/20m, 17MM Plumbing Snake Borescope with 8pcs LEDs Light, 4.3"" Screen 1000TVL Pipe Inspection Camera with 8500mAh Battery Without Recorde","GAMWATER","FBA","Industrial & Scientific",41635,614019414996,"N/A",0614019414996,"N/A","Borescopes",110,189.86,-18,30,13,68,6759.35,2554.79,5,3.8,"huizhoushishanmaikejiyouxiangongsi","China",2,0,"N/A","Large Standard-Size",7.95,11.06,12.17,6.61,538.75,1486.21,"12/31/2025",7,6,4,6.08
"https://amazon.com/dp/B0FLDQ4P5J","https://m.media-amazon.com/images/I/718mc0YmmsL._SX450_.jpg","B0FLDQ4P5J","Sewer Camera 100FT/30M,Pipe Inspection Camera DVR & Audio Recorder,18MM Borescopes Plumbing Snake with 8500mAh Battery 4.3"" IPS Screen, 8 LEDs HD 1000TVL, Included 32GB Card","GAMWATER","FBA","Industrial & Scientific",41638,614019415184,"N/A",0614019415184,"N/A","Borescopes",110,252.58,-16,30,5,68,6759.35,1395.34,5,3.8,"huizhoushishanmaikejiyouxiangongsi","China",1,0,"N/A","Large Standard-Size",12,10.25,7.1,7.72,439.68,1212.92,"12/31/2025",7,6,4,6.08
"https://amazon.com/dp/B0G2RPNZRS","https://m.media-amazon.com/images/I/71MEbiDXNpL._SX450_.jpg","B0G2RPNZRS","1920P HD Endoscope Camera with Light, 8 Adjustable LED Lights, IP67 Waterproof Borescope, 32.8FT Semi-Rigid Snake Cable, Borescope Inspection Camera Compatible with iPhone Android iOS iPad Smartphone","Douevo","FBA","Industrial & Scientific",41958,768904901969,"N/A",0768904901969,"N/A","Borescopes",110,22.99,100,118,26,,2684.47,611.57,9,4.8,"JingQiBao","China",1,0,"N/A","Large Standard-Size",2.36,5.2,5.39,0.79,33.3,91.87,"01/31/2026",3,8,4,13.07
"https://amazon.com/dp/B0G2QPMPF4","https://m.media-amazon.com/images/I/41sphV9pv6L._SX450_.jpg","B0G2QPMPF4","1920P Dual Lens Borescope with 8 Adjustable LED Lights,Endoscope Camera with Light,IP67 Waterproof Inspection Camera,16.4FT Semi-Rigid Snake Camera for iPhone& Android","Douevo","FBA","Industrial & Scientific",41958,768904901938,"N/A",0768904901938,"N/A","Borescopes",110,19.99,63,118,50,,2684.47,1202.57,9,4.8,"JingQiBao","China",1,0,"N/A","Large Standard-Size",1.54,5.16,5.2,0.46,20.8,57.39,"01/31/2026",3,8,4,13.07
"https://amazon.com/dp/B0G2RMMK9J","https://m.media-amazon.com/images/I/71MEbiDXNpL._SX450_.jpg","B0G2RMMK9J","1920P HD Endoscope Camera with Light, 8 Adjustable LED Lights, IP67 Waterproof Borescope, 16.4FT Semi-Rigid Snake Cable, Borescope Inspection Camera Compatible with iPhone Android iOS iPad Smartphone","Douevo","FBA","Industrial & Scientific",41966,768904901952,"N/A",0768904901952,"N/A","Borescopes",110,17.99,-25,118,42,,2684.47,868.76,9,4.8,"JingQiBao","China",1,0,"N/A","Large Standard-Size",1.54,5.12,5.28,0.44,20.96,57.82,"01/31/2026",3,8,4,13.07
"https://amazon.com/dp/B0DCC7JN6M","https://m.media-amazon.com/images/I/714-GutH6rL._SX450_.jpg","B0DCC7JN6M","Drain Sewer Inspection Camera 150FT,Waterproof 16GB DVR JQKJCAM 17MM/0.67'' Pipe Plumbing Sewer Camera Snake with Light 4.3'' HD Screen Portable Spool for Drain Pipes (50m/165FT)","JQKJCAM","FBA","Industrial & Scientific",42313,"N/A","N/A","N/A","N/A","Borescopes",113,320.34,-18,85,8,53,22594.85,2808.18,61,4.2,"JJKJ Cam","China",1,1018,"N/A","Large Standard-Size",13.39,11.8,6.3,8.8,501.16,1382.52,"12/31/2024",19,9,9,1.39
"https://amazon.com/dp/B0F6NRMP3B","https://m.media-amazon.com/images/I/714-GutH6rL._SX450_.jpg","B0F6NRMP3B","Sewer Camera 200FT,W/4.3‘’ IPS HD 32GB DVR Screen,Waterproof HD JQKJCAM 17MM/0.67'' Plumbing Drain Pipe Snake Camera with Light Meter Counter for Sewer Pipe Wall Inspection (200 ft/60m)","JQKJCAM","FBA","Industrial & Scientific",42317,"N/A","N/A","N/A","N/A","Borescopes",113,380,-12,85,5,53,22594.85,1907.43,62,4.2,"JJKJ Cam","China",1,1018,"N/A","Large Standard-Size",13.4,11.8,6.3,9.26,501.54,1383.55,"12/31/2024",10,9,9,1.37
"https://amazon.com/dp/B0DCCBC2WZ","https://m.media-amazon.com/images/I/71kVBcQCjjL._SX450_.jpg","B0DCCBC2WZ","Sewer Camera Snake 150FT,8500mAh 32GB HD JQKJCAM 23MM/0.9'' Pipe Drain Scope Camera with 12 Light 4.3'' DVR 360°Rotate Screen Distance Counter Waterproof for Plumbing Drain Inspection (50M/165FT)","JQKJCAM","FBA","Industrial & Scientific",42317,"N/A","N/A","N/A","N/A","Borescopes",113,332,-14,85,9,53,22594.85,2953.47,61,4.2,"JJKJ Cam","China",1,1018,"N/A","Large Standard-Size",6.77,12.1,13.5,8.95,556.78,1535.94,"12/31/2024",19,9,9,1.39
"https://amazon.com/dp/B0DCCCBT3B","https://m.media-amazon.com/images/I/714-GutH6rL._SX450_.jpg","B0DCCCBT3B","Sewer Camera 25FT,Waterproof 16GB JQKJCAM Drain Borescope Pipe Inspection Camera with Light Distance Counter,17MM/0.67'' Wall Snake Cameras 30FT for Plumber/Plumbing(10m / 33ft)","JQKJCAM","FBA","Industrial & Scientific",42317,"N/A","N/A","N/A","N/A","Borescopes",113,199.6,-21,85,25,53,22594.85,4921.56,62,4.2,"JJKJ Cam","China",1,1018,"N/A","Large Standard-Size",6,12,13.4,5.8,485.75,1340,"12/31/2024",19,9,9,1.37
"https://amazon.com/dp/B0DCC6DNGD","https://m.media-amazon.com/images/I/416PZt3mrQL._SX450_.jpg","B0DCC6DNGD","Sewer Camera 200FT,8500mAH 32GB HD JQKJCAM Duct Drain Pipe Inspection Camera with 12 Light 4.3"" HD Video Screen,23MM/0.9'' Waterproof Plumbing Snake Cameras for Plumber Inspector (60m)","JQKJCAM","FBA","Industrial & Scientific",42317,"N/A","N/A","N/A","N/A","Borescopes",113,368,-10,85,5,53,22594.85,1872.65,62,4.2,"JJKJ Cam","China",1,1018,"N/A","Large Standard-Size",6.6,12,13.5,9.6,538.31,1485,"12/31/2024",19,9,9,1.37
"https://amazon.com/dp/B08PP4P6WD","https://m.media-amazon.com/images/I/71R-a4bEwjL._SX450_.jpg","B08PP4P6WD","0.197inch Dual Lens Wireless Endoscope Camera, NIDAGE 5.0mm Ultra-Slim Automotive Inspection Camera with 7 LEDs, 1080P Dual Lens Borescope Waterproof for Android & iOS Smartphone Tablet(5FT)","NIDAGE","FBA","Industrial & Scientific",42835,791727101261,"N/A",0791727101261,"N/A","Borescopes",116,55.98,-42,75,75,2,4176.2,4175.34,220,4.3,"TELESION","China",1,825,"N/A","Large Standard-Size",2.05,5.94,7.4,0.55,45.37,125.15,"03/31/2025",62,7,2,0.34
"https://amazon.com/dp/B0DT95GVP1","https://m.media-amazon.com/images/I/81HuIdK-47L._SX450_.jpg","B0DT95GVP1","Ralcam Articulating Borescope, Industrial Endoscope Inspection Camera for Android and iOS Smartphone, 8.5mm HD 1080P with 10FT Semi Rigid Cable","Ralcam","FBA","Industrial & Scientific",42836,"N/A","N/A","N/A","N/A","Borescopes",114,125.99,-20,138,32,27,14712.84,3911.89,204,4.3,"Ralcam","China",2,1991,"N/A","Large Standard-Size",3.43,8.94,16.69,3.57,257.67,710.81,"03/31/2025",13,9,2,0.68
"https://amazon.com/dp/B0FP8L21YT","https://m.media-amazon.com/images/I/71+vMMLsoaL._SX450_.jpg","B0FP8L21YT","VEVOR Sewer Camera, 164 ft/50m, 4.3"" Drain Inspection Camera, IP68 Waterproof Snake Plumbing Tool with Lights - 6 Adjustable LEDs, 4500mAh Battery & 16GB Card for Sewer Line Duct Pipes","VEVOR","FBM","Industrial & Scientific",43423,197988531241,"N/A",0197988531241,"N/A","Borescopes",123,279.99,"N/A",188,9,236,49145.43,2194.01,44,4.3,"VEVOR Shop","China",1,0,"N/A","Large Standard-Size",14.29,12.2,6.69,10.14,"N/A","N/A","01/31/2026",6,9,5,4.28
"https://amazon.com/dp/B0DTHZDGYD","https://m.media-amazon.com/images/I/416e7BQn1uL._SX450_.jpg","B0DTHZDGYD","Teslong 360 Articulating Borescope with Light, 5'' Monitor Industrial Inspection Camera with 4-Way Joystick Articulation, HD Endoscope Camera for Automotive, Pipes, and Mechanics (0.24inch-5FT)","Teslong","FBA","Industrial & Scientific",43661,"N/A","N/A","N/A","N/A","Borescopes",111,449.99,-18,231,231,40,92267.66,92266.52,43,4.4,"Teslong","China",1,0,"N/A","Large Standard-Size",6.02,10.71,14.45,3.7,469.06,1293.96,"01/31/2026",13,9,0,5.37
"https://amazon.com/dp/B0CQTG2RTJ","https://m.media-amazon.com/images/I/71pqpbp4EJL._SX450_.jpg","B0CQTG2RTJ","JSE Endoscope Camera with Light, 16.4FT Waterproof Borescope 1920P HD, Semi-Rigid Cable, 8 Adjustable High Brightness LED Lights Inspection Snake Camera for iPhone, Android, iPad","JSE","FBA","Industrial & Scientific",44036,"N/A","N/A","N/A","N/A","Borescopes",113,19.99,-13,173,29,-16,3504.43,569.45,450,4.2,"JSE-Electronic","China",1,3073,"N/A","Large Standard-Size",1.54,4.96,5.16,0.37,19.84,54.74,"06/30/2024",26,6,5,0.38
"https://amazon.com/dp/B0DFGTYXD5","https://m.media-amazon.com/images/I/71YeAW+AiiL._SX450_.jpg","B0DFGTYXD5","Borecope with Light 5M, 5in Dual Lens Endoscope Camera with Light, Digital Inspection Camera, 7.9mm IP67 Waterproof Endoscope, 5M/16.4FT Semi-Rigid for Car Wall Plumbing-6PCS ACCS","Hopefox","FBA","Industrial & Scientific",44250,"N/A","N/A","N/A","N/A","Borescopes",117,26.99,-28,186,130,-64,4849.58,3517.87,672,4.4,"Hopefox Official","China",1,0,"N/A","Large Standard-Size",2.44,5.87,7.99,1.08,57.62,158.94,"11/30/2025",15,7,5,0.28
"https://amazon.com/dp/B0FHK1Z8WD","https://m.media-amazon.com/images/I/71i6gyy7UyL._SX450_.jpg","B0FHK1Z8WD","Borescope Camera with Light, HOPEFOX Endoscope Inspection Camera with 8+1 Adjustable LEDs, 4.3"" Dual Lens Endoscope with 16.4ft Semi-Rigid Cable, 8mm IP67 Waterproof Lens-Gift&Cool Gadgets for Men","Hopefox","FBA","Industrial & Scientific",44250,"N/A","N/A","N/A","N/A","Borescopes",117,39.99,33,186,20,-64,4849.58,629.17,672,4.4,"Hopefox Official","China",1,0,"N/A","Large Standard-Size",2.28,5.79,8.11,1.01,53.9,148.7,"11/30/2025",8,8,5,0.28
"https://amazon.com/dp/B0FHK1895D","https://m.media-amazon.com/images/I/81usKBvESoL._SX450_.jpg","B0FHK1895D","Borescope Camera with Light, HOPEFOX Endoscope Inspection Camera with 8 Adjustable LEDs, 4.3"" Endoscope with 16.4ft Semi-Rigid Cable, 8mm IP67 Waterproof Lens-Gift&Cool Gadgets for Men","Hopefox","FBA","Industrial & Scientific",44250,"N/A","N/A","N/A","N/A","Borescopes",117,19.99,-10,186,35,-64,4849.58,700.37,672,4.4,"Hopefox Official","China",1,0,"N/A","Large Standard-Size",2.4,5.83,8.15,1.04,57.42,158.39,"11/30/2025",8,8,5,0.28
"https://amazon.com/dp/B0F3124G5Y","https://m.media-amazon.com/images/I/71WQDqTxSdL._SX450_.jpg","B0F3124G5Y","POLEDY Endoscope Camera with Light, 1920P HD Borescope, 8 Adjustable LED Light, IP67 Waterproof 16.4ft Snake Camera, Semi-Rigid Cable Inspection for Android, iOS","POLEDY","FBA","Industrial & Scientific",44384,797417898374,"N/A",0797417898374,"N/A","Borescopes",115,16.99,-19,193,157,-92,3455.47,2659.43,183,4.2,"Shenzhen ZhanTeng Science and Trade Development Group Co., Ltd.","N/A",2,0,"N/A","Large Standard-Size",0.94,6.46,6.5,0.42,19.87,54.82,"11/30/2025",11,6,0,1.05
"https://amazon.com/dp/B0BYZ4P2ST","https://m.media-amazon.com/images/I/71WuOq3YeQL._SX450_.jpg","B0BYZ4P2ST","VEVOR Sewer Camera, 65.6FT Snake Cam with DVR Video, Pipe Inspection Equipment 4.3 inch LCD Screen, Industrial Borescope Endoscope Waterproof IP68 with LED Lights, for Duct HAVC Drain Pipe Plumbing","VEVOR","FBM","Industrial & Scientific",44708,840281540396,"N/A",0840281540396,"N/A","Borescopes",119,239.9,154,109,26,-3,27063,6255.98,94,4.2,"VEVOR Shop","China",2,1814,"N/A","Large Standard-Size",13.8,12.2,6.9,6.5,"N/A","N/A","06/30/2025",35,9,3,1.16
"https://amazon.com/dp/B0CYPV6964","https://m.media-amazon.com/images/I/71++W0S0wRL._SX450_.jpg","B0CYPV6964","VEVOR Sewer Camera, 98.4 ft/30 m, 4.3"" Pipe Drain Inspection Camera with DVR Function and LED Lights, Waterproof IP68 Borescope, Industrial Endoscope for Home Wall Duct Drain Pipe Plumbing","VEVOR","FBM","Industrial & Scientific",44709,197988568742,"N/A",0197988568742,"N/A","Borescopes",119,249.9,47,109,83,-3,27063,20805.74,94,4.2,"Supdear","China",2,1814,"N/A","Large Standard-Size",13.78,11.81,6.3,7.94,"N/A","N/A","06/30/2025",23,9,3,1.16
"https://amazon.com/dp/B0BC82VFKM","https://m.media-amazon.com/images/I/71lvCZwqCjL._SX450_.jpg","B0BC82VFKM","Ralcam Articulating Borescope 6.2mm, 2-Way Endoscope Camera with Articulated Snake Camera, 4.3'' Screen, Video Inspection Camera with Light for Automotive Home Mechanics-6.6FT Flexible Cable","Ralcam","FBA","Industrial & Scientific",44761,"N/A","N/A","N/A","N/A","Borescopes",125,299.99,"N/A",116,0,-14,30475.58,"-",228,4.3,"Ralcam","China",0,0,"N/A","Large Standard-Size",3.62,11.14,13.7,3.28,278.16,767.33,"09/30/2025",42,7,10,0.51
"https://amazon.com/dp/B0DY1KCDWW","https://m.media-amazon.com/images/I/71-mnVQNb8L._SX450_.jpg","B0DY1KCDWW","Sanyipace Pipe Inspection Camera 165FT/50M, Self-Leveling Sewer Camera, Distance Counter, DVR with Speaker, 32GB Card, 10.1"" IPS Screen Plumbing Camera with 12PCS Lights, 5X Zoom, 5mm/0.2-inch Cable","Sanyipace","FBA","Industrial & Scientific",45438,"N/A","N/A","N/A","N/A","Borescopes",119,769.88,-32,128,15,59,126114.1,11792.88,16,3.9,"Yans Minie","China",1,0,"N/A","Large bulky",13,12,11.2,10,566.22,1415.56,"01/31/2026",12,7,6,7.97
"https://amazon.com/dp/B0DYJGWGHB","https://m.media-amazon.com/images/I/71enHmxNcRL._SX450_.jpg","B0DYJGWGHB","Sanyipace Sewer Inspection Camera 230FT/70M, Self-Leveling Drain Pipe Camera, Distance Counter, 5-Level Brightness, 1080P Plumbing Camera for Plumber, 32GB Card, 4500mAh Battery, 5mm/0.2-inch Cable","Sanyipace","FBA","Industrial & Scientific",45500,"N/A","N/A","N/A","N/A","Borescopes",119,869.88,-14,128,9,59,126114.1,8262.61,16,3.9,"Yans Minie","China",1,0,"N/A","Large bulky",11.5,15.05,20.5,21.45,1149.83,2874.57,"01/31/2026",12,7,6,7.97
"https://amazon.com/dp/B0DYDGXG2N","https://m.media-amazon.com/images/I/710SFrniiRL._SX450_.jpg","B0DYDGXG2N","Sanyipace Sewer Camera 100FT/30M, Self-Leveling Drain Camera, DVR with Speaker, 1080P Pipe Camera with Distance Counter, 32GB Card, 5mm/0.2-inch Cable, IP68 Waterproof Plumbing Camrea for Sewer Line","Sanyipace","FBA","Industrial & Scientific",45504,"N/A","N/A","N/A","N/A","Borescopes",119,659.88,-25,128,21,59,126114.1,13745.59,16,3.9,"Yans Minie","China",1,0,"N/A","Large bulky",12,15,20.5,17.9,1195.83,2989.58,"01/31/2026",12,7,6,7.97
"https://amazon.com/dp/B0DRP5QBNB","https://m.media-amazon.com/images/I/71ekjCeo+sL._SX450_.jpg","B0DRP5QBNB","Sanyipace Sewer Camera with Pipe Locator, 7mm/0.28inch Cable, 512Hz, 10.1"" IPS Screen, 32GB Card, 165FT/50M Borescope Inspection Camera, DVR with Speaker, for Drain Pipe Plumbing Inspection","Sanyipace","FBA","Industrial & Scientific",45504,"N/A","N/A","N/A","N/A","Borescopes",119,1099.88,3,128,73,59,126114.1,80516.59,16,3.9,"Yans Minie","China",1,0,"N/A","Large bulky",11.8,21,21,26.86,1686.42,4216.04,"01/31/2026",14,7,6,7.97
"https://amazon.com/dp/B0FPFQD34F","https://m.media-amazon.com/images/I/71jYsqppO7L._SX450_.jpg","B0FPFQD34F","Sanyipace Sewer Inspection Camera, 328FT/100M Drain Camera with Locator, 7MM Stiffer Cable, Self-Leveling, 512Hz Transmitter, 10.1"" Screen Pipe Camera, 32GB Card, Distance Counter","Sanyipace","FBA","Industrial & Scientific",45504,"N/A","N/A","N/A","N/A","Borescopes",119,1439.88,-13,128,4,59,126114.1,5317.46,16,3.9,"Yans Minie","China",1,0,"N/A","Large bulky",14,19,25,35.07,2155.09,5387.73,"01/31/2026",6,7,6,7.97
"https://amazon.com/dp/B0DRP4MKFW","https://m.media-amazon.com/images/I/71dNSSra43L._SX450_.jpg","B0DRP4MKFW","Sanyipace Sewer Camera 230FT/70M with Locator, Self-Leveling Drain Camera with 10.1"" Screen, Pipe Inspection Camera 512Hz, DVR with Speaker, Distance Counter, 1080P Plumbing Camera with 12PCS Lights","Sanyipace","FBA","Industrial & Scientific",45504,"N/A","N/A","N/A","N/A","Borescopes",119,1299.88,96,128,5,59,126114.1,6478.19,16,3.9,"Yans Minie","China",1,0,"N/A","Large bulky",14.4,18.4,24.6,31.7,2112.32,5280.8,"01/31/2026",14,7,6,7.97
"https://amazon.com/dp/B0DN1H5ZBM","https://m.media-amazon.com/images/I/71XFZxzpijL._SX450_.jpg","B0DN1H5ZBM","Sewer Camera 100FT/30M Borescopes Plumbing Snake Pipe Inspection Camera DVR & Audio Recorder 17/22mm with 5600Mah Battery 4.3"" IPS Screen 12 LEDs HD 1000TVL 32GB (22MM Camera)","ESANHAO","FBA","Industrial & Scientific",45527,614019415382,"N/A",0614019415382,"N/A","Borescopes",120,255.43,-23,160,109,,42410.35,28655.48,61,4.3,"ESANHAO","China",1,0,"N/A","Large bulky",10.5,12,14,11.85,571.67,1429.17,"01/31/2026",16,6,2,2.63
"https://amazon.com/dp/B0GDFWSDLF","https://m.media-amazon.com/images/I/41U2gM5vkJL._SX450_.jpg","B0GDFWSDLF","Sewer Camera 100FT/30M Borescopes Plumbing Snake Pipe Inspection Camera DVR & Audio Recorder 17/22MM with 5600Mah Battery 4.3"" IPS Screen 12 LEDs HD 1000TVL 32GB Card (17MM Camera)","ESANHAO","FBA","Industrial & Scientific",45531,"N/A","N/A","N/A","N/A","Borescopes",120,276.68,-8,160,57,,42410.35,15171.44,61,4.3,"ESANHAO","China",1,0,"N/A","Large bulky",14,13,12,12,707.78,1769.44,"01/31/2026",2,6,2,2.63
"https://amazon.com/dp/B0F4JKZWBZ","https://m.media-amazon.com/images/I/81+FaojrLcL._SX450_.jpg","B0F4JKZWBZ","5‘’ Dual Lens Endoscope Camera with Light, 1080P Borescope Inspection Camera with Photo & Video, 7.9mm IP67 Waterproof Sewer with 7 LED Lights,16.5FT Semi-Rigid Cable, Built-in 32G Card","GinoCaco","FBA","Industrial & Scientific",45681,"N/A","N/A","N/A","N/A","Borescopes",126,49.99,-80,5,0,,220.64,"-",47,4.1,"GinoCaco Direct","China",1,0,"N/A","Large Standard-Size",3.74,7.2,9.09,1.9,123.24,339.97,"02/28/2026",11,7,6,0.11
"https://amazon.com/dp/B0FM3D358Z","https://m.media-amazon.com/images/I/81VCQCBQzBL._SX450_.jpg","B0FM3D358Z","33FT Dual Lens Endoscope Camera with Light, 4.3"" Borescope with Photo/Video(Built-in 32GB Card), IP67 Waterproof with 8 LED Lights, Semi-Rigid Snake Cable for Pipe, Engine & HVAC Inspection","GinoCaco","FBA","Industrial & Scientific",45707,762949908433,"N/A",0762949908433,"N/A","Borescopes",128,51.43,"N/A",5,0,,220.64,"-",47,4.2,"GinoCaco Direct","China",1,0,"N/A","Large Standard-Size",3.07,5.71,7.13,1.41,62.93,173.59,"02/28/2026",7,9,6,0.11
"https://amazon.com/dp/B0C2Z9ZK9F","https://m.media-amazon.com/images/I/71S1Vg0YQOL._SX450_.jpg","B0C2Z9ZK9F","VEVOR Triple Lens Inspection Camera with Light, 5"" IPS Screen Industrial Borescope, 8X Zoom 1080P HD Split Screen, 10 LED Lights Scope Camera for Automotive, Plumbing(16.5FT)","VEVOR","FBM","Industrial & Scientific",45873,840281567140,"N/A",0840281567140,"N/A","Borescopes",122,73.99,50,143,29,-52,8296.05,2090.33,300,4.3,"Supdear","China",2,0,"N/A","Large Standard-Size",2.36,7.95,11.14,1.74,"N/A","N/A","06/30/2025",34,9,3,0.48
"https://amazon.com/dp/B0DRP5MDLL","https://m.media-amazon.com/images/I/71td897j0oL._SX450_.jpg","B0DRP5MDLL","Teslong Rifle Borescope for Phone & PC, USB C Gun Bore Scope Cleaning Camera with Lights & Mirror Set, Fits .20 Caliber & Larger, Rigid Probe, Compatible with iPhone 15/16 & USB-C Android Devices","Teslong","FBA","Industrial & Scientific",45922,"N/A","N/A","N/A","N/A","Borescopes",121,109.99,-5,125,125,-17,13798.33,13796.92,47,4.7,"Teslong","China",1,0,"N/A","Large bulky",2,4,31,2,80.37,200.93,"11/30/2025",14,9,0,2.67
"https://amazon.com/dp/B0FD3NRZ5S","https://m.media-amazon.com/images/I/71Me6oFBxCL._SX450_.jpg","B0FD3NRZ5S","DEPSTECH Articulating Borescope Camera with Light, 5"" IPS HD Screen, Industrial Endoscope Inspection Camera with Two-Way Articulated Probe, 0.24'' Flexible Snake Scope for Wall Automotive Engine - 5FT","DEPSTECH","FBA","Industrial & Scientific",46433,"N/A","N/A","N/A","N/A","Borescopes",129,109.99,-49,84,84,205,8381.3,8380.35,103,4.5,"DEPSTECH Authorized Store","China",2,0,"N/A","Large Standard-Size",3.15,8.83,17.69,2.72,247.73,683.39,"10/31/2025",6,9,0,0.8
"https://amazon.com/dp/B0FBX2NSHL","https://m.media-amazon.com/images/I/71p9dqyePrL._SX450_.jpg","B0FBX2NSHL","gogolux Two-Way Articulating Borescope Camera with Light, 1920P HD Articulating Endoscope with Semi-Rigid Snake Camera, IP67 Waterproof Inspection, Gifts/Tools Bore Scope for Men for iPhone","gogolux","FBA","Industrial & Scientific",46456,785804230456,"N/A",0785804230456,"N/A","Borescopes",127,99.99,-18,238,238,,19125.7,19123.19,91,4.3,"Womfenn US Official","China",1,0,"N/A","Large Standard-Size",2.4,7.01,14.45,1.21,122.4,337.65,"01/31/2026",9,8,0,2.61
"https://amazon.com/dp/B0DLS8RHMK","https://m.media-amazon.com/images/I/71IsfO7S-FL._SX450_.jpg","B0DLS8RHMK","Anysun Sewer Camera with Locator, Self Leveling, Distance Counter, 7MM Thicker Cable, Pipe Inspection Cameras with 9'' 1080P Monitor, Video Drain Cam IP68 Waterproof Industrial Borescope (200Ft/60M)","anysun","FBA","Industrial & Scientific",46612,"N/A","N/A","N/A","N/A","Borescopes",123,1599.99,-17,46,5,23,50772.15,8394.92,91,4.1,"Yongchangsheng tech","China",1,669,"N/A","Large bulky",13.5,18.5,20,25.5,1618.75,4046.88,"10/31/2025",14,8,7,0.52
"https://amazon.com/dp/B0G1MM25PR","https://m.media-amazon.com/images/I/61xVv84VBjL._SX450_.jpg","B0G1MM25PR","Anykit 360° 4 Ways Articulating Borescope, Industrial Endoscope with 0.26 in Articulated Snake Camera, Inspection Camera with 6 Adjustable LED Lights Compatible with Phone and Android - 3.3 FT","Anykit","FBA","Industrial & Scientific",46785,"N/A","N/A","N/A","N/A","Borescopes",124,199.99,4,49,49,,9719.12,9719,3,5,"AnyKit","China",1,0,"N/A","Large Standard-Size",3.27,9.17,11.65,2.65,175.88,485.19,"01/31/2026",4,6,0,16.21
"https://amazon.com/dp/B0FHGMHLJR","https://m.media-amazon.com/images/I/71DQkXzNcQL._SX450_.jpg","B0FHGMHLJR","Ralcam Two-Way Articulating Borescope, 5.5mm/0.22in Slim Probe, 5"" Industrial Endoscope Camera with Light, 8X Zoom 5FT Flexible Snake Inspection Scope for Engine, Automotive, HVAC","Ralcam","FBA","Industrial & Scientific",47007,"N/A","N/A","N/A","N/A","Borescopes",125,139.99,1,106,44,,14275.39,6146.5,60,4.6,"Ralcam","China",1,0,"N/A","Large Standard-Size",3.43,8.82,16.77,2.95,255.07,703.63,"01/31/2026",8,8,2,1.77
"https://amazon.com/dp/B07PBW52SF","https://m.media-amazon.com/images/I/71XLTckZHcL._SX450_.jpg","B07PBW52SF","Oiiwak Endoscope Camera with Light, 5.5 mm Borescope, 4.3"" IPS Screen HD Digital Snake Inspection Camera, IP67 Waterproof for Drain, Plumbing, Wall, Automotive- 3.5 m/11.5 ft","Oiiwak","FBA","Industrial & Scientific",47008,738944723166,"N/A",0738944723166,"N/A","Borescopes",127,49.99,-22,155,127,-81,9164.53,6876.01,3835,4.3,"Oiiwak Tech","China",1,0,"N/A","Large Standard-Size",2.64,5.12,8.86,1.1,60.3,166.33,"11/30/2025",83,8,5,0.04
"https://amazon.com/dp/B0FJFX23ZH","https://m.media-amazon.com/images/I/41cnNBGBQEL._SX450_.jpg","B0FJFX23ZH","Sanyipace Sewer Camera 100FT,5"" HD Screen,18mm Pipeline Inspection Camera with 8 LEDs Light,32GB DVR Function, 1080P IP68 Waterproof Camer for Drain Pipe Plumbing Sewer Line Inspection.","Sanyipace","FBA","Industrial & Scientific",47012,"N/A","N/A","N/A","N/A","Borescopes",130,269.99,-16,86,30,-22,18898.47,7964.41,8,3.3,"SanyipaceDirect Store","China",1,0,"N/A","Large bulky",9,10.5,11.5,9.1,352.19,880.47,"01/31/2026",7,8,6,10.81
"https://amazon.com/dp/B0FZT8LXG2","https://m.media-amazon.com/images/I/71i1v81ZAgL._SX450_.jpg","B0FZT8LXG2","RALCAM Two-Way Articulating Borescope, 5"" Industrial Endoscope Camera with Light, 0.24in/6.2mm Slim Probe, 5FT Semi-Rigid Video Inspection for Automotive Engine, HVAC, Mechanical, Wall","Ralcam","FBA","Industrial & Scientific",47012,"N/A","N/A","N/A","N/A","Borescopes",125,129.99,-1,106,63,,14275.39,8128.61,60,4.6,"Ralcam","China",1,0,"N/A","Large Standard-Size",3.46,9.02,16.57,3.11,260.36,718.25,"01/31/2026",4,8,2,1.77
"https://amazon.com/dp/B07SXR6TF6","https://m.media-amazon.com/images/I/71MZrVv2D3L._SX450_.jpg","B07SXR6TF6","Oiiwak Endoscope Camera with Light, 3.9mm Industrial Borescope Inspection Camera, 4.3"" IPS Screen 1080P HD IP68 Waterproof 6 LED Lights for Drain Pipe Wall Automotive, 5FT Semi-Rigid Cable","Oiiwak","FBA","Industrial & Scientific",47017,738944723258,"N/A",0738944723258,"N/A","Borescopes",127,79.99,-16,155,18,-81,9164.53,1422.92,3833,4.3,"Oiiwak Tech","China",1,0,"N/A","Large Standard-Size",3.03,5.55,9.13,1.32,77.3,213.24,"11/30/2025",79,8,5,0.04
"https://amazon.com/dp/B09L5ND94Q","https://m.media-amazon.com/images/I/71Be5LANlYL._SX450_.jpg","B09L5ND94Q","Sanyipace Sewer Camera 165FT/50M with WiFi Wireless Transmission, Drain Camera with Lights, Pipe Sewer Scope Inspection Camera with IP68 Waterproof Camera Probe, 7"" Color Screen, Camera Guide Wheel","Sanyipace","FBA","Industrial & Scientific",47241,"N/A","N/A","N/A","N/A","Borescopes",130,259.99,"N/A",139,3,964,50939.77,882.95,67,3.9,"Urselection","China",0,0,"N/A","Large bulky",7.25,14.2,16,12.95,533.81,1334.54,"01/31/2026",52,7,11,2.08
"https://amazon.com/dp/B0G6XZF1YN","https://m.media-amazon.com/images/I/51R8cHPeUfL._SX450_.jpg","B0G6XZF1YN","Single-Lens Endoscope Camera with Light, 1080P Borescope Inspection Camera, 4.3"" IPS Screen, 16.5FT Semi-Rigid Cable, 8 LEDs, IP67 Waterproof Inspection Tool for Automotive & Plumbing– Gadgets for Men","EASTBEAR","FBA","Industrial & Scientific",47765,726870777766,"N/A",0726870777766,"N/A","Borescopes",128,22.99,-44,31,24,,970.19,698.25,10,4.3,"EASTBEAR Store","N/A",1,0,"N/A","Large Standard-Size",3.11,5.94,7.2,1.01,67.07,185.02,"02/28/2026",3,8,2,3.07
"https://amazon.com/dp/B0BYF9J7V9","https://m.media-amazon.com/images/I/71qoztQCa5L._SX450_.jpg","B0BYF9J7V9","50FT Sewer Inspection Camera, DEPSTECH 1080P Dual Lens Endoscope with Lights, 5"" IPS Screen Borescope Tool, Split Screen, IP67 Waterproof, 7.9mm Snake Scope Drain Camera for Wall Drain Pipe Automotive","DEPSTECH","FBA","Industrial & Scientific",47794,"N/A","N/A","N/A","N/A","Borescopes",129,79.99,-45,104,31,-30,6655.45,2600.32,966,4.4,"Depstech","China",2,2538,-72,"Large Standard-Size",1.65,8.9,13.46,3.95,99.52,274.53,"06/30/2024",36,9,2,0.11
"https://amazon.com/dp/B0GQGLC65Z","https://m.media-amazon.com/images/I/71G5QVgb7hL._SX450_.jpg","B0GQGLC65Z","FOXWELL Elite 220° Two Way Articulating Borescope, Ultra-Slim Industrial Endoscope with Light, IP67 Waterproof Inspection Camera for Automotive, Aircraft, HVAC, Plumbing – 5.3FT Cable","FOXWELL","FBA","Industrial & Scientific",47871,"N/A","N/A","N/A","N/A","Borescopes",137,159.99,"N/A",39,0,,5906.28,"-",52,4.8,"Foxwell US","China",0,0,"N/A","N/A","N/A","N/A","N/A","N/A","N/A","N/A","02/28/2026",0,9,2,0.81
"https://amazon.com/dp/B0CG46T9ZF","https://m.media-amazon.com/images/I/61Yzzs691IL._SX450_.jpg","B0CG46T9ZF","16.4ft Endoscope Camera with Light for iPhone and Android, 1920P HD IP67 Waterproof Borescope with 8 Adjustable LED Lights, Semi-Rigid Snake Camera, 7.9mm Black","MATRIXCAMP","FBA","Industrial & Scientific",47925,"N/A","N/A","N/A","N/A","Borescopes",129,30.99,-13,122,122,-120,3214.74,3213.41,962,4.3,"glowlink","China",2,14256,"N/A","Large Standard-Size",1.46,4.76,4.76,0.42,16.65,45.94,"07/31/2025",30,6,52,0.13
"https://amazon.com/dp/B0DP9S17QP","https://m.media-amazon.com/images/I/71Be5LANlYL._SX450_.jpg","B0DP9S17QP","Sanyipace Sewer Camera 65FT/20M, Self-Leveling Drain Pipe Plumbing Camera with 512Hz Transmitter, Clear Meter Marks, for Plumbers Homeowner Home Inspectors Construction Maintenance Worker","Sanyipace","FBA","Industrial & Scientific",48199,"N/A","N/A","N/A","N/A","Borescopes",131,259.99,-75,139,48,964,50939.77,11901.66,66,3.9,"Urselection","China",1,0,"N/A","Large Standard-Size",7,14,16,11.7,789.44,2177.78,"01/31/2026",14,7,11,2.11
"https://amazon.com/dp/B0DP9TKWT4","https://m.media-amazon.com/images/I/71Be5LANlYL._SX450_.jpg","B0DP9TKWT4","Sanyipace Sewer Camera 100FT/30M with 512Hz Transmitter, Drain Camera Pipe Inspection Camera with Self-Leveling, Clear Meter Marks, IP68 Waterproof, 9"" HD Color Screen, Video Record up to 128GB","Sanyipace","FBA","Industrial & Scientific",48200,"N/A","N/A","N/A","N/A","Borescopes",131,309.99,-43,139,24,964,50939.77,8168.07,66,3.9,"SanyipaceDirect Store","China",1,0,"N/A","Large Standard-Size",7.5,14,16.5,12.2,872.27,2406.25,"01/31/2026",15,7,11,2.11
"https://amazon.com/dp/B0DP9TL922","https://m.media-amazon.com/images/I/71Fn4bh9R5L._SX450_.jpg","B0DP9TL922","Sanyipace Self-Leveling Sewer Camera 165FT/50M, Drain Camera with 512Hz Transmitter, Pipe Plumbing Camera with Meter Marks, IP68 Waterproof Camera Probe, 9"" HD Color Screen, 16GB TF Card","Sanyipace","FBA","Industrial & Scientific",48270,"N/A","N/A","N/A","N/A","Borescopes",131,349.99,-56,139,32,964,50939.77,10832.81,68,3.8,"SanyipaceDirect Store","China",1,0,"N/A","Large Standard-Size",8,14,16,13.6,902.22,2488.89,"01/31/2026",15,7,11,2.05
"https://amazon.com/dp/B0CN38GJNQ","https://m.media-amazon.com/images/I/714zFTf+ibL._SX450_.jpg","B0CN38GJNQ","Sanyipace Pipe Inspection Camera, 165FT/50M Sewer With Distance Counter, 1080P Waterproof Drain for Plumbing Duct Inspection, 9"" Screen, 4500mAh Battery, 12PCS LED Lights, 5X Zoom","Sanyipace","FBA","Industrial & Scientific",48319,"N/A","N/A","N/A","N/A","Borescopes",130,699.88,-30,112,13,16,104749.24,9135.9,65,4.4,"Yans Minie","China",1,1024,"N/A","Large bulky",10.75,13.25,15.25,15,703.94,1759.86,"01/31/2026",25,6,9,1.73
"https://amazon.com/dp/B0C9TP4FVP","https://m.media-amazon.com/images/I/71lybAN6qYL._SX450_.jpg","B0C9TP4FVP","Sanyipace Drain Camera 100FT/30M, 23mm/0.9in FHD Sewer Inspection Camera, 5X Zoom, Distance Counter, 9"" IPS Screen, DVR & Voice Recorder, 16GB Card, for Sewer Line, Pipe, Duct, Plumbing, Plumber, Home","Sanyipace","FBA","Industrial & Scientific",48319,"N/A","N/A","N/A","N/A","Borescopes",130,659.88,-47,112,17,16,104749.24,11220.26,65,4.4,"Yans Minie","China",1,1024,"N/A","Large bulky",11.02,13.23,15.43,14.15,729.33,1823.34,"01/31/2026",32,7,9,1.73
"https://amazon.com/dp/B0DD47VS7S","https://m.media-amazon.com/images/I/51bFjF51Z4L._SX450_.jpg","B0DD47VS7S","DEPSTECH Dual Lens Endoscope, HD Borescope Inspection Camera with Light, 4.3'' IPS Screen, IP67 Waterproof, 16.5ft Semi-Rigid Snake Camera Cable for Car Wall Drain Pipe","DEPSTECH","FBA","Industrial & Scientific",48441,"N/A","N/A","N/A","N/A","Borescopes",132,29.99,-61,125,125,16,3737.7,3736.34,286,4.6,"DEPSTECH Authorized Store","China",1,2426,"N/A","Large Standard-Size",3.07,6.38,8.27,1.41,81.55,224.97,"11/30/2024",16,7,0,0.44
"https://amazon.com/dp/B0BCW5XW19","https://m.media-amazon.com/images/I/51ttCZRvKfL._SX450_.jpg","B0BCW5XW19","Sanyipace Guide Wheels Pipe Pulley of Sewer Camera Probe, for 0.87in/22mm and 0.9in/23mm Diameter Duct Camera Head, Suitable for Pipe Diameters Greater Than 3.7in/95mm Diameter","Sanyipace","FBA","Industrial & Scientific",48479,"N/A","N/A","N/A","N/A","Borescopes",730,28.99,-43,147,8,58,3148.23,234.64,52,4.2,"SanyipaceDirect Store","China",1,1550,212,"Large Standard-Size",3.11,3.78,4.33,0.29,25.63,70.7,"09/30/2025",42,7,6,2.83
"https://amazon.com/dp/B0CYGYXDXZ","https://m.media-amazon.com/images/I/71PTZpu4+VL._SX450_.jpg","B0CYGYXDXZ","Sewer Camera with Self-Leveling, Built-in Distance Counter, Can Connect External Monitor, Zoom in and Out, IP68 Waterproof, 12 pcs Adjustable Light, Plumbing Drain Video Cam with DVR (100FT)","anysun","FBA","Industrial & Scientific",48673,717203891624,"N/A",0717203891624,"N/A","Borescopes",134,499.99,-31,58,3,31,25434.06,1565.82,522,4.3,"ToBestGift","China",1,771,"N/A","Large bulky",8.13,16.88,18.88,16.8,839.67,2099.18,"04/30/2025",23,8,9,0.11
"https://amazon.com/dp/B07PWZ3KKF","https://m.media-amazon.com/images/I/71-VLmkuBGL._SX450_.jpg","B07PWZ3KKF","Sewer Camera 100FT, Can Connect External Monitor, Zoom in and Out, IP68 Waterproof, 12 pcs Adjustable Light, Plumbing Snake Cam with DVR Pipe Video Inspection, for Sewer Line, Drain, Duct, Plumbing","anysun","FBA","Industrial & Scientific",48745,717326221162,"N/A",0717326221162,"N/A","Borescopes",134,379.99,-31,58,11,31,25434.06,4393.43,522,4.3,"ToBestGift","China",1,771,"N/A","Large bulky",8,14.75,16.75,15.1,640.53,1601.33,"04/30/2025",84,7,9,0.11
"https://amazon.com/dp/B09HSC4Q8Y","https://m.media-amazon.com/images/I/71gP6gP6QyL._SX450_.jpg","B09HSC4Q8Y","Sewer Camera with Locator, Anysun 165FT with 512HZ Locator Set and Receiver for Drain Plumbing Video Inspection 7'' LCD HD Screen Waterproof IP68 Cameras with 12pcs LED Light(8GB SD Card-DVR Record)","anysun","FBA","Industrial & Scientific",48745,770887234347,"N/A",0770887234347,"N/A","Borescopes",134,799.99,-25,58,2,31,25434.06,1665.21,522,4.3,"ToBestGift","China",1,771,"N/A","Large bulky",12.4,19.6,25,25.38,1969.07,4922.69,"04/30/2025",53,9,9,0.11
"https://amazon.com/dp/B0CYH6NPFK","https://m.media-amazon.com/images/I/71EcUvEQ2ML._SX450_.jpg","B0CYH6NPFK","Sewer Camera with Self-Leveling, Can Connect External Monitor, Zoom in and Out, IP68 Waterproof, 12 pcs Adjustable Light, Plumbing Cam with DVR, for Sewer Line, Drain, Duct, Plumbing (100FT)","anysun","FBA","Industrial & Scientific",48745,717203891594,"N/A",0717203891594,"N/A","Borescopes",134,429.99,-20,58,9,31,25434.06,3740.17,520,4.3,"ToBestGift","China",1,771,"N/A","Large bulky",7.75,14.75,17,15.1,629.78,1574.44,"04/30/2025",23,8,9,0.11
"https://amazon.com/dp/B0DZNQSLMP","https://m.media-amazon.com/images/I/71I--WSzqFL._SX450_.jpg","B0DZNQSLMP","SCOPIX Articulating Borescope Camera with Screen, 2-Way Flexible Inspection Camera with Light, 1080P HD Endoscope Camera with 0.24” Probe, 5in Display, for Engine, Pipe and Wall Inspection, 5ft","SCOPIX","FBA","Industrial & Scientific",48992,"N/A","N/A","N/A","N/A","Borescopes",136,109.99,-26,108,93,12,11619.17,11070.88,47,4.6,"SCOPIX","China",1,0,"N/A","Large Standard-Size",3.31,9.65,15.86,2.45,255.06,703.6,"01/31/2026",12,7,0,2.3
"https://amazon.com/dp/B0FZJ9MN7Z","https://m.media-amazon.com/images/I/71o5hIqlDcL._SX450_.jpg","B0FZJ9MN7Z","Endoscope Camera with Light, 5"" IPS 1920P HD Borescope with Triple Lens, Inspection Borescope with 16.4FT Semi-Rigid Snake Cable and 32GB Card, IP67 Waterproof Drain Camera for Sewer/Pipe/Automotive","epicmate","FBA","Industrial & Scientific",49203,"N/A","N/A","N/A","N/A","Borescopes",137,79.99,-52,50,50,,3103.7,3103.23,35,4.8,"BESTISAN-Store","China",1,0,"N/A","Large Standard-Size",2.91,5.75,8.43,1.28,71.02,195.91,"12/31/2025",3,8,0,1.52
"https://amazon.com/dp/B0FMF4QPDV","https://m.media-amazon.com/images/I/71i+m4pQi8L._SX450_.jpg","B0FMF4QPDV","Sewer Camera, Self-Leveling Drain Camera 100 ft with Distance Counter, 9"" 1080P HD Plumbing Cameras Snake with 12 LED Lights, IP68 & 32GB DVR, Industrial Endoscope for Duct Sewer Line Pipe Inspection","ONDASHCAM","FBA","Industrial & Scientific",49760,"N/A","N/A","N/A","N/A","Borescopes",135,379.99,-9,113,39,-57,45002.65,14828.31,18,3.8,"HanYuanHK DIRECT","China",1,0,"N/A","Large bulky",12.25,13,14.15,8,730.26,1825.66,"11/30/2025",6,8,10,6.27
"https://amazon.com/dp/B0CT5L1H9B","https://m.media-amazon.com/images/I/71KV1SgJQLL._SX450_.jpg","B0CT5L1H9B","DEPSTECH 7'' IPS Endoscope Camera with Lights, 1080P Triple-Lens Digital Borescope Tool, Inspection Camera with Split Screen, Sound Recording, 16.5ft IP67 Waterproof Snake Cable, 180° Rotation View","DEPSTECH","FBA","Industrial & Scientific",49961,"N/A","N/A","N/A","N/A","Borescopes",132,139.99,-15,69,69,-36,9020.2,9020.06,196,4.7,"Depstech","China",1,1073,"N/A","Large Standard-Size",2.83,8.74,17.63,3.73,219.55,605.64,"06/30/2024",22,8,0,0.35
"https://amazon.com/dp/B0FQNT3LPQ","https://m.media-amazon.com/images/I/61kUpCXFMfL._SX450_.jpg","B0FQNT3LPQ","KeFvoer Endoscope Camera with Light and Grabber, Sewer Borescope Inspection Mirror with Magnetic Pickup, Drain Snake Scope for Automotive Repair & Pipe Cleaning, IP67 Waterproof, 6 LED, 23.6-Inch","KeFvoer","FBA","Industrial & Scientific",50030,"N/A","N/A","N/A","N/A","Borescopes",138,39.9,22,35,35,-35,1406.2,1406.11,4,3.6,"keshiduo","China",1,0,"N/A","Large Standard-Size",4.53,10.2,13.46,1.37,313.13,863.8,"11/30/2025",6,6,0,8.82
"https://amazon.com/dp/B0FKH261T7","https://m.media-amazon.com/images/I/51K7Xs0P6JL._SX450_.jpg","B0FKH261T7","ONDASHCAM Sewer Camera, Self-Leveling Drain Camera 100ft with Meter Counter, 9"" HD Plumbing Cameras Snake with 12 LED Lights, 5100mAh Battery, IP68 & 32GB DVR Recorder, Duct Sewer Line Pipe Inspection","ONDASHCAM","FBA","Industrial & Scientific",50110,"N/A","N/A","N/A","N/A","Borescopes",140,399.99,-12,113,60,-57,45002.65,24161.26,22,3.8,"HanYuanHK DIRECT","China",1,0,"N/A","Large bulky",12,19,22,16.85,1625.56,4063.89,"11/30/2025",7,8,10,5.13
"https://amazon.com/dp/B0FKGYSFW5","https://m.media-amazon.com/images/I/71WMTzvOtbL._SX450_.jpg","B0FKGYSFW5","ONDASHCAM Sewer Camera, Self Leveling Drain Camera 66ft with Meter Counter, 9"" HD Plumbing Cameras Snake with 12 LED Lights, 5100mAh Battery, IP68 & 32GB DVR Recorder, Duct Sewer Line Pipe Inspection","ONDASHCAM","FBA","Industrial & Scientific",50110,"N/A","N/A","N/A","N/A","Borescopes",140,379,"N/A",113,2,-57,45002.65,903.35,19,3.8,"HanYuanHK DIRECT","China",1,0,"N/A","Large bulky",18.66,12.4,21.65,16.6,1623.44,4058.59,"11/30/2025",7,8,10,5.94
"https://amazon.com/dp/B0CR4CKCQ3","https://m.media-amazon.com/images/I/719l1AuHPFL._SX450_.jpg","B0CR4CKCQ3","Dual Lens Endoscope Camera with Light，16.5FT Anhendeler Borescope Inspection Camera, IP67 Waterproof Borescope, 4.3"" IPS Screen, for Automotive, Pipe, Wall, Gadgets for Men","Anhendeler","FBA","Industrial & Scientific",50188,"N/A","N/A","N/A","N/A","Borescopes",139,28.99,-5,40,40,-47,1160.61,1160.07,205,4.4,"Anhendeler","China",1,602,-82,"Large Standard-Size",2.64,5.83,9.92,1.04,76.87,212.06,"11/30/2024",26,7,3,0.19
"https://amazon.com/dp/B0CF9C3QQF","https://m.media-amazon.com/images/I/71fXvsEuVYL._SX450_.jpg","B0CF9C3QQF","DEPSTECH 5"" IPS Screen Borescope with Light, Split Screen View, 1080P HD Sewer Inspection Camera, 16.5FT Plumbing Snake for Home, Automotive","DEPSTECH","FBA","Industrial & Scientific",50445,"N/A","N/A","N/A","N/A","Borescopes",135,47.49,-55,63,63,33,3059.1,3058.92,195,4.5,"DEPSTECH Authorized Store","China",1,474,-49,"Large Standard-Size",3.27,6.34,8.9,1.9,92.9,256.27,"11/30/2024",30,7,0,0.32
"https://amazon.com/dp/B0DFHL8YN5","https://m.media-amazon.com/images/I/51IXLVrfe+L._SX450_.jpg","B0DFHL8YN5","Two-Way Articulating Borescope with Light, UJOYOK Industrial Endoscope with Snake Scope Camera, Borescope Inspection Camera with Light for Automotive & Aircraft Mechanics, 5.5FT","UJOYOK","FBA","Industrial & Scientific",50753,673658147283,"N/A",0673658147283,"N/A","Borescopes",142,105.99,-6,203,203,,21506.7,21504.54,443,4.6,"UJOYOK STORE","China",2,0,"N/A","Large Standard-Size",3.31,9.33,16.97,3.04,263.86,727.88,"01/31/2026",18,7,1,0.46
"https://amazon.com/dp/B091L6L1GV","https://m.media-amazon.com/images/I/81BY7y8lFFL._SX450_.jpg","B091L6L1GV","Industrial Endoscope Borescope Inspection Camera with Light, Dual Lens Snake Drain Bore Scople Digital Cameras 1080P, 4.3 Inch LCD Screen, 16.5FT Semi-Rigid Cable","T TAKMLY","Amazon","Industrial & Scientific",51559,608571700260,"N/A",0608571700260,"N/A","Borescopes",143,39.99,-20,51,51,,1808.07,1807.75,507,4.6,"Amazon","N/A",3,0,"N/A","Large Standard-Size",3.5,9.33,9.8,1.12,"N/A","N/A","12/31/2025",41,8,0,0.1
"https://amazon.com/dp/B076D86Z7S","https://m.media-amazon.com/images/I/81mWG54dObL._SX450_.jpg","B076D86Z7S","DEPSTECH Original Endoscope Case, Wireless Borescope Carrying Bag WiFi & USB Scope Cameras, Upgraded Large-Capacity Hardshell Case, Compatible with 4.3"" Inspection Camera DS300, Black","DEPSTECH","FBA","Industrial & Scientific",52213,657390296317,"N/A",0657390296317,"N/A","Borescopes",145,17.99,-1,73,73,-49,1507.71,1506.85,2979,4.6,"Depstech","China",1,1723,-52,"Large Standard-Size",3.62,7.87,8.58,0.4,123.07,339.5,"11/30/2024",101,7,0,0.02
"https://amazon.com/dp/B0FDF9WVNK","https://m.media-amazon.com/images/I/71+QZTEIitL._SX450_.jpg","B0FDF9WVNK","Dual Lens Articulating Borescope, 5"" Endoscope Camera with Light, 1080P Two-Way Articulated Industrial Flexible Snake Inspection Camera for Auto Home Wall & HVAC-5FT","BESTISAN","FBA","Industrial & Scientific",52287,"N/A","N/A","N/A","N/A","Borescopes",146,94.99,-49,23,64,,2330.84,6288.17,47,4.9,"BESTISAN US","USA",1,0,"N/A","Large Standard-Size",3.43,8.78,16.69,3.15,253.06,698.09,"02/28/2026",13,9,2,0.5
"https://amazon.com/dp/B0G2XTJBJZ","https://m.media-amazon.com/images/I/71w0uXBEiPL._SX450_.jpg","B0G2XTJBJZ","Endoscope Camera with Light, 1920P HD Borescope Camera with Light,Semi-Rigid Inspection Endoscope with 8 Adjustable LED, IP68 Waterproof Drain Scope Camera for for iOS/Android,16.4ft","T SHAREXE","Amazon","Industrial & Scientific",52378,199874102634,00199874102634,0199874102634,"N/A","Borescopes",146,26.99,-44,53,53,,1215.5,1214.87,12,4.8,"Amazon","N/A",2,0,"N/A","Large Standard-Size",1.46,5,5.12,0.42,"N/A","N/A","01/31/2026",26,8,0,4.8
"https://amazon.com/dp/B0D8SDT9HT","https://m.media-amazon.com/images/I/71yBs-5NVeL._SX450_.jpg","B0D8SDT9HT","Ralcam Two-Way Articulating Borescope, Endoscope Camera with Light 0.24in/6.2mm Articulated Inspection Camera, 3.3 FT Semi-Rigid HD Video Snake Scope for Automotive Aircraft Mechanics","Ralcam","FBA","Industrial & Scientific",52417,"N/A","N/A",6977924690294,"N/A","Borescopes",148,102.99,-1,74,52,-70,7300.94,5018.59,184,4.6,"Ralcam","China",1,1804,"N/A","Large Standard-Size",2.99,8.62,12.32,2.06,160.06,441.54,"11/30/2024",20,9,5,0.4
"https://amazon.com/dp/B0G5KYXKVW","https://m.media-amazon.com/images/I/71bqup-jEKL._SX450_.jpg","B0G5KYXKVW","Epicmate Two-Way Articulating Borescope,0.24in Probe, 5"" Inspection Endoscope Camera with Light,Flexible Industrial Boerscope Snake Camera for Automotive, HVAC & Mechanics","BESTISAN","FBA","Industrial & Scientific",52620,"N/A","N/A","N/A","N/A","Borescopes",147,129.99,"N/A",23,7,,2330.84,976.43,45,4.9,"BESTISAN US","USA",1,0,"N/A","Large Standard-Size",2.28,9.72,17.01,0.09,189.79,523.57,"02/28/2026",0,9,2,0.52
"https://amazon.com/dp/B0BMVC1CCJ","https://m.media-amazon.com/images/I/61uiakNV5wL._SX450_.jpg","B0BMVC1CCJ","3 in 1 Endoscope Inspection Camera Borescope HD Camera Waterproof Snake Pipe Drain with 6 Adjustable Led Light Snake Cable USB Adapter for Android Phone Tablet Device(Size:2 M)","Pilarmuture","FBA","Industrial & Scientific",52679,"N/A","N/A","N/A","N/A","Borescopes",146,7.99,4,57,57,9,485.34,484.93,56,3.6,"quality productn","China",2,416,470,"Small Standard-Size",0.71,5.59,7.32,0.11,14.61,40.29,"12/31/2025",39,9,0,1.07
"https://amazon.com/dp/B0DPFBKHT4","https://m.media-amazon.com/images/I/51R2w4tGZIL._SX450_.jpg","B0DPFBKHT4","Sanyipace Drain Camera 512Hz, Self-Leveling Sewer Camera with Distance Counter, 5X Zoom, 4500mAh Battery, Waterproof Pipe Camera for Plumbing Duct Home Inspection, 66FT/20M Cable, Included 16GB Card","Sanyipace","FBA","Industrial & Scientific",52774,"N/A","N/A","N/A","N/A","Borescopes",148,656.34,-75,115,16,33,106257.36,10444.81,65,4.4,"Yans Minie","China",1,0,"N/A","Large bulky",13,10.6,15.2,13.3,678.79,1696.98,"01/31/2026",15,8,9,1.77
"https://amazon.com/dp/B0DPFBK493","https://m.media-amazon.com/images/I/719FZecmuyL._SX450_.jpg","B0DPFBK493","Sanyipace Sewer Camera 100FT/30M, 512Hz Sonde, Self-Leveling Drain Camera, Distance Counter, 5X Zoom, Video & Voice Recorder, 9"" Screen Sewer Pipe Camera for Plumber, Plumbing Camera with 12PCS LEDs","Sanyipace","FBA","Industrial & Scientific",52774,"N/A","N/A","N/A","N/A","Borescopes",148,759.88,-46,115,9,33,106257.36,6796.72,65,4.4,"Yans Minie","China",1,0,"N/A","Large bulky",10.83,13.19,15.55,14.37,719.64,1799.11,"01/31/2026",15,8,9,1.77
"https://amazon.com/dp/B0DPFF4VDN","https://m.media-amazon.com/images/I/71n7ApVzDAL._SX450_.jpg","B0DPFF4VDN","Sanyipace Drain Camera with Locator, Self-Leveling Sewer Camera with 512Hz Transmitter, Distance Counter, 5X Zoom, 4500mAh Battery, 165FT/50M Waterproof Pipe Camera for Plumbing Duct Home Inspection","Sanyipace","FBA","Industrial & Scientific",52780,"N/A","N/A","N/A","N/A","Borescopes",148,1199.88,12,115,46,33,106257.36,55280.13,65,4.4,"Yans Minie","China",1,0,"N/A","Large bulky",10,17,17,20.7,936.57,2341.44,"01/31/2026",15,8,9,1.77
"https://amazon.com/dp/B0DPFF56XL","https://m.media-amazon.com/images/I/71LvMUtaIJL._SX450_.jpg","B0DPFF56XL","Sanyipace Sewer Camera Self-leveling with Locator, 512Hz Drain Camera with Distance Counter, Waterproof 100FT/30M Pipe Camera with 9"" Screen, 1080P, 23mm/0.9in Borescope Inspection Camera for Plumbing","Sanyipace","FBA","Industrial & Scientific",52780,"N/A","N/A","N/A","N/A","Borescopes",148,1099.88,-35,115,5,33,106257.36,6004.77,65,4.4,"Yans Minie","China",1,0,"N/A","Large bulky",10.75,17.25,17.25,19.45,1036.65,2591.62,"01/31/2026",15,8,9,1.77
"https://amazon.com/dp/B0DPFC825X","https://m.media-amazon.com/images/I/71C3t4xOqNL._SX450_.jpg","B0DPFC825X","Sanyipace Pipe Camera with Locator, 512Hz Sewer Camera with Self-Leveling, 23mm/0.9in Drain Camera with Distance Counter, 5X Zoom, Waterproof Plumbing Inspection Camera with 12 PCS Lights, 66FT/20M","Sanyipace","FBA","Industrial & Scientific",52780,"N/A","N/A","N/A","N/A","Borescopes",148,899.88,-29,115,8,33,106257.36,6747.84,65,4.4,"Yans Minie","China",1,0,"N/A","Large bulky",10.8,17.2,17.2,18.6,1035.44,2588.6,"01/31/2026",15,8,9,1.77
"https://amazon.com/dp/B0D8B5ZKFQ","https://m.media-amazon.com/images/I/717BrqfaK5L._SX450_.jpg","B0D8B5ZKFQ","Ginocaco 16.4FT Endoscope with Light, 4.3'' HD 1080P Borescope Inspection Camera, 8 Adjust LED Lights, Semi-Rigid Cable, IP67 Waterproof Scope for HVAC Tool, Gadget Gift for Men","GinoCaco","FBA","Industrial & Scientific",52783,"N/A","N/A","N/A","N/A","Borescopes",151,29.99,33,70,41,-104,2583.49,1242.14,178,4.1,"GinoCaco Direct","China",1,3665,"N/A","Large Standard-Size",2.68,5.67,10.35,1.26,79.18,218.44,"05/31/2025",20,9,3,0.39
"https://amazon.com/dp/B0DHCQF22J","https://m.media-amazon.com/images/I/71OYzVXADZL._SX450_.jpg","B0DHCQF22J","50FT Borescope Camera with Light, 4.3‘’ Endoscope with 8 Adjust Lights, 1080P Inspection Camera with Semi-Rigid Cable, IP67 Waterproof Bore Scope for Automobile Inspection, Cool Gadgets for Men","GinoCaco","FBA","Industrial & Scientific",52783,762949908440,"N/A",0762949908440,"N/A","Borescopes",151,41.99,3,70,20,-104,2583.49,857.54,178,4.1,"GinoCaco Direct","China",1,3665,"N/A","Large Standard-Size",4.06,6.34,10.43,2.18,135.17,372.88,"05/31/2025",17,8,3,0.39
"https://amazon.com/dp/B0D8W215CX","https://m.media-amazon.com/images/I/6139G6+CrLL._SX450_.jpg","B0D8W215CX","Endoscope Camera with Light,1920P HD Endoscope with 5.9ft Semi-Rigid,Endoscope Camera with 8 Adjustable LED Lights,7.9mm IP67 Waterproof","ZOIOT","FBA","Industrial & Scientific",52833,"N/A","N/A","N/A","N/A","Borescopes",149,25.99,-26,95,95,44,2458.74,2457.69,153,4.3,"YFD-US","China",1,302,"N/A","Small Standard-Size",0.75,4.96,5.04,0.22,9.41,25.97,"11/30/2024",20,6,0,0.62
"https://amazon.com/dp/B0DK4KY5S3","https://m.media-amazon.com/images/I/51epLDK7VyL._SX450_.jpg","B0DK4KY5S3","Gatebig Sewer Camera with Locator,165FT/50M,Retractable Handle and Wheels,7MM Cable, 9'' IPS Drain Inspection Camera with DVR,IP68 Plumbing Snake with 12 Lights for Home,Duct Pipe Inspection","Gatebig","FBA","Industrial & Scientific",52957,794969827371,"N/A",0794969827371,"N/A","Borescopes",161,774.66,-20,54,9,44,35693.93,7234.9,14,4.7,"shenzhendongxiangxuedianzikejiyouxiangongsi","China",1,0,"N/A","Large bulky",16,18.5,21.2,29.8,2033.63,5084.07,"12/31/2025",17,9,8,3.88
"https://amazon.com/dp/B0G1MBQ6FX","https://m.media-amazon.com/images/I/71Z51yyAt0L._SX450_.jpg","B0G1MBQ6FX","Gatebig Sewer Camera with Locator,165FT/50M,Pull Handle,Self Leveling,7MM Cable,9'' IPS Drain Inspection Camera with DVR, IP68 Plumbing Snake with 12 LEDs for Home,Duct Pipe Inspection","Gatebig","FBA","Industrial & Scientific",52963,"N/A","N/A","N/A","N/A","Borescopes",161,824.9,"N/A",54,5,44,35693.93,3800.11,14,4.7,"shenzhendongxiangxuedianzikejiyouxiangongsi","China",1,0,"N/A","Large bulky",21.06,17.72,14.57,27.78,1762.08,4405.2,"12/31/2025",4,9,8,4.18
"https://amazon.com/dp/B0D5M795JC","https://m.media-amazon.com/images/I/71o798nhaEL._SX450_.jpg","B0D5M795JC","Anysun Self Leveling Sewer Camera with Locator, Distance Counter, 7MM Thicker Cable, 300Ft/91.5M Pipe Inspection Cameras with 9'' 1080P IPS Screen, IP68 Sewer Drain Cam with DVR Recorder & 32GB Card","anysun","FBA","Industrial & Scientific",53157,"N/A","N/A","N/A","N/A","Borescopes",150,1899.99,-17,46,3,23,50772.15,6584.07,91,4.1,"Yongchangsheng tech","China",1,669,"N/A","Large bulky",13,19,27.5,33.7,2201.27,5503.18,"10/31/2025",19,8,7,0.52
"https://amazon.com/dp/B0D5M8PB92","https://m.media-amazon.com/images/I/71o798nhaEL._SX450_.jpg","B0D5M8PB92","Anysun Sewer Camera with Locator, Self Leveling, Distance Counter, 7MM Thicker Cable, 165Ft/50M Pipe Inspection Cameras with 9'' 1080P Monitor, Video Drain Camera IP68 Industrial Borescope Snake, 32GB","anysun","FBA","Industrial & Scientific",53166,"N/A","N/A","N/A","N/A","Borescopes",151,1407.09,-39,46,8,23,50772.15,10854.38,91,4.1,"Yongchangsheng tech","China",2,669,"N/A","Large bulky",15,15.5,19,24.1,1431.6,3578.99,"10/31/2025",19,8,7,0.52
"https://amazon.com/dp/B0CRRMLGDP","https://m.media-amazon.com/images/I/31pYZZ6gyLL._SX450_.jpg","B0CRRMLGDP","Endoscope Camera with 8 Adjustable LED Lights, Visual Endoscope Camera Compatible with Android and iPhone,for Individuals and Pet","prabensei","FBA","Industrial & Scientific",53327,786402609026,"N/A",0786402609026,"N/A","Borescopes",148,46.99,15,56,56,83,2656.72,2656.61,45,4.5,"HEIYAO Direct Store","China",1,695,"N/A","Large Standard-Size",1.73,3.5,11.5,0.6,35.06,96.71,"03/31/2024",26,5,0,1.24
"https://amazon.com/dp/B0F47SBC8N","https://m.media-amazon.com/images/I/81RVJ97jDjL._SX450_.jpg","B0F47SBC8N","FBLFOBELI Hard Case for MugEasy/SKYBASIC/Daxiongmao/DEPSTECH/Lightswim Borescope Inspection Camera, Fits 4.3'' Screen Borescopes, Lens Industrial Endoscope Carrying Case","FBLFOBELI","FBA","Industrial & Scientific",54083,"N/A","N/A","N/A","N/A","Borescopes",154,14.99,-20,98,98,74,1464.55,1463.43,25,4.9,"FBL Fobeli","China",1,0,"N/A","Large Standard-Size",1.61,5.94,8.27,0.51,39.82,109.85,"01/31/2026",11,8,0,3.91
"https://amazon.com/dp/B0FJLQJ18V","https://m.media-amazon.com/images/I/71FV2Zf+7UL._SX450_.jpg","B0FJLQJ18V","Ralcam Dual Lens Articulating Borescope 5"", 6.5mm Slim Probe, Two-Way Articulated Endoscope Inspection Camera with 5FT Flexible Snake Cable for Engine Automotive HVAC Wall Pipe","Ralcam","FBA","Industrial & Scientific",54209,"N/A","N/A","N/A","N/A","Borescopes",153,139.99,-23,128,16,-4,20218.57,2250.08,104,4.7,"Ralcam","China",1,0,"N/A","Large Standard-Size",3.43,8.9,16.77,3.04,257.75,711.02,"10/31/2025",7,6,3,1.23
"https://amazon.com/dp/B0DSVY5LQD","https://m.media-amazon.com/images/I/71R5GnNyC9L._SX450_.jpg","B0DSVY5LQD","Ralcam Dual Lens Articulating Borescope, 6.5mm Slim Probe, 5"" Endoscope Camera with Light, 5FT Semi-Rigid Cable, Two-Way Articulated Inspection Camera for Automotive Wall Pipe","Ralcam","FBA","Industrial & Scientific",54209,"N/A","N/A","N/A","N/A","Borescopes",153,139.99,-1,128,54,-4,20218.57,7624.39,104,4.7,"Ralcam","China",1,0,"N/A","Large Standard-Size",3.5,8.86,16.77,2.89,262.09,723.02,"10/31/2025",14,8,3,1.23
"https://amazon.com/dp/B0FZTB97PN","https://m.media-amazon.com/images/I/714r8eoIp5L._SX450_.jpg","B0FZTB97PN","RALCAM Dual Lens Articulating Borescope, 10FT Semi-Rigid Inspection Camera with 5"" HD Screen, 8.5mm Slim Waterproof Probe, Two-Way Endoscope Camera with Light for Automotive, HVAC, Pipes","Ralcam","FBA","Industrial & Scientific",54215,"N/A","N/A","N/A","N/A","Borescopes",153,149.99,187,128,57,-4,20218.57,10343.71,104,4.7,"Ralcam","China",1,0,"N/A","Large Standard-Size",3.39,11.85,16.57,3.75,335.13,924.5,"10/31/2025",4,8,3,1.23
"https://amazon.com/dp/B0FHVPYYQ7","https://m.media-amazon.com/images/I/61VZ5ncgfYL._SX450_.jpg","B0FHVPYYQ7","Sanyipace Sewer Camera, 5"" IPS HD Pipe Inspection Camera,Built-in 32GB DVR with Microphone and Speaker, 8 LED Lights,IP68 Waterproof Drain Camer for Sewer Line, Home, Duct Drain Pipe Plumbing","Sanyipace","FBA","Industrial & Scientific",54417,"N/A","N/A","N/A","N/A","Borescopes",154,199.88,-11,86,86,-22,18898.47,17208.32,88,4.3,"SanyipaceDirect Store","China",1,0,"N/A","Large bulky",9,10.5,12,9,367.5,918.75,"01/31/2026",7,8,6,0.98
"https://amazon.com/dp/B0DBZ6Q4YH","https://m.media-amazon.com/images/I/7123tkB4FKL._SX450_.jpg","B0DBZ6Q4YH","DEPSTECH 210° Two-Way Articulating Borescope, 0.24in Ultra-Slim Endoscope Camera with Lights, 4.5” IPS Screen, 5ft Waterproof Flexible Snake Tube, Industrial Inspection Camera for Automotive Mechanics","DEPSTECH","FBA","Industrial & Scientific",54624,"N/A","N/A","N/A","N/A","Borescopes",156,124.99,-29,78,78,-24,7897.25,7896.35,355,4.5,"Depstech","China",2,1988,"N/A","Large Standard-Size",2.87,8.27,17.01,2.54,203.47,561.3,"11/30/2024",19,8,0,0.22
"https://amazon.com/dp/B0DCC5SH93","https://m.media-amazon.com/images/I/71kVBcQCjjL._SX450_.jpg","B0DCC5SH93","Sewer Camera 100FT,W/4.3'' IPS HD 32GB DVR Screen Distance Counter,HD 0.9'' JQKJCAM Drain Scope Sewer Inspection Cameras 100 FT,23MM Plumbing Camera Snake with 12 Light for Pipe Sewer Line (30m)","JQKJCAM","FBA","Industrial & Scientific",54885,"N/A","N/A","N/A","N/A","Borescopes",155,246.92,-28,85,15,53,22594.85,3745.59,62,4.2,"JJKJ Cam","China",1,1018,"N/A","Large Standard-Size",6.73,12.13,13.74,7.5,564.73,1557.87,"12/31/2024",19,9,9,1.37
"https://amazon.com/dp/B0DCC6DLBC","https://m.media-amazon.com/images/I/714-GutH6rL._SX450_.jpg","B0DCC6DLBC","Sewer Camera 50 FT 100FT,W/ 4.3"" IPS HD 16GB DVR Screen,8500mAH 17MM HD JQKJCAM Drain Pipe Plumbing Camera Snake with Light Portable Spool Waterproof for Pipes Wall Inspection","JQKJCAM","FBA","Industrial & Scientific",54909,"N/A","N/A","N/A","N/A","Borescopes",155,259.92,-20,85,18,53,22594.85,4384.88,62,4.2,"JJKJ Cam","China",1,1018,"N/A","Large Standard-Size",6.25,12,13.5,8.5,509.77,1406.25,"12/31/2024",19,9,9,1.37
"https://amazon.com/dp/B0CZKMVL56","https://m.media-amazon.com/images/I/71w6FW9OYYL._SX450_.jpg","B0CZKMVL56","Endoscope Camera with Light, 1920P HD Borescope with 8+1 Adjustable LED Lights, IP67 Waterproof 16.5FT Semi-Rigid Snake Cord Inspection Camera for iPhone, iPad and Android Phone (Single-Lens)","Pipirich","FBA","Industrial & Scientific",54940,721691244800,"N/A",0721691244800,"N/A","Borescopes",158,19.98,-33,46,34,-74,962.14,683.08,168,4.4,"JIGUANGGUOJIMAOYI","China",1,1056,"N/A","Large Standard-Size",1.46,5.04,5.2,0.44,19.26,53.14,"11/30/2024",23,7,2,0.28
"https://amazon.com/dp/B0FP8M3NW4","https://m.media-amazon.com/images/I/71+vMMLsoaL._SX450_.jpg","B0FP8M3NW4","VEVOR Sewer Camera, 66 ft/20m, 4.3"" Drain Inspection Camera, IP68 Waterproof Snake Plumbing Camera with Lights - 6 Adjustable LEDs, 4500mAh Battery & 16GB Card for Sewer Line Duct Pipes","VEVOR","FBM","Industrial & Scientific",55080,197988530046,"N/A",0197988530046,"N/A","Borescopes",156,179.9,"N/A",188,27,236,49145.43,4913.59,44,4.3,"VEVOR Shop","China",1,0,"N/A","Large Standard-Size",14.29,12.2,6.69,8.16,"N/A","N/A","01/31/2026",6,9,5,4.28
"https://amazon.com/dp/B0FPBYF7FW","https://m.media-amazon.com/images/I/71EdEzTFcRL._SX450_.jpg","B0FPBYF7FW","VEVOR Sewer Camera, 98 ft/30m, Self-Leveling Drain Inspection Camera with 4.3"" 1080P HD Screen, IP68 Waterproof Snake Plumbing Camera with Lights - 12 LEDs & 16GB Card for Sewer Line Duct Pipe","VEVOR","FBM","Industrial & Scientific",55080,197988530152,"N/A",0197988530152,"N/A","Borescopes",156,279.9,"N/A",188,43,236,49145.43,12000.49,8,4.2,"VEVOR Shop","China",1,0,"N/A","Large Standard-Size",14.29,12.2,6.69,9.26,"N/A","N/A","01/31/2026",6,9,5,23.53
"https://amazon.com/dp/B0G43L1BD9","https://m.media-amazon.com/images/I/71lLMjTYBEL._SX450_.jpg","B0G43L1BD9","2-Way 180° Articulating Borescope Camera with Light, 6.2mm Ultra-Slim Probe, 4.3"" HD Inspection Camera, 6.6FT Flexible Snake Industrial Endoscope for Automotive Engine Wall","Ralcam","FBA","Industrial & Scientific",56902,"N/A","N/A","N/A","N/A","Borescopes",159,129.99,-19,30,22,,10972.36,2816.36,58,4.2,"AijR","China",1,0,"N/A","Large Standard-Size",3.5,9.25,16.65,2.78,271.39,748.67,"02/28/2026",3,9,5,0.52
"https://amazon.com/dp/B0CTTSWBMV","https://m.media-amazon.com/images/I/81YF-iMF1qL._SX450_.jpg","B0CTTSWBMV","Dual Lens Endoscope Borescope Inspection Camera with 8 Adjustable LED Lights - 1980P Endoscope Camera with 16.5ft Semi Rigid Snake - IP68 Waterproof for iPhone, iPad, Android","CARPDIM","FBA","Industrial & Scientific",57101,"N/A","N/A","N/A","N/A","Borescopes",149,16.99,-21,102,102,-92,1847.42,1846.32,368,4.2,"xinhaotrading","China",1,4439,"N/A","Large Standard-Size",1.5,5.04,5.2,0.42,19.73,54.42,"11/30/2024",25,8,2,0.28
"https://amazon.com/dp/B0CKPG2P7F","https://m.media-amazon.com/images/I/715NoCCxZ0L._SX450_.jpg","B0CKPG2P7F","Anykit Dual Lens Endoscope Camera with Adjustable Lights, Type C Borescope for Sewer, IP67 Waterproof Semi-Rigid Snake Camera, 1080HD Industrial Scope Inspection Cam, Gadgets for Men(16.5 ft)","Anykit","FBA","Industrial & Scientific",57155,"N/A","N/A","N/A","N/A","Borescopes",157,16.1,-43,65,65,-130,1045.33,1045.21,167,4.5,"AnyKit","China",1,2779,34,"Large Standard-Size",1.42,5.35,5.43,0.64,20.77,57.29,"11/30/2025",29,9,3,0.39
"https://amazon.com/dp/B0BG27Q1JS","https://m.media-amazon.com/images/I/71awfokgyDL._SX450_.jpg","B0BG27Q1JS","Teslong Telescopic Endoscope Inspection Camera with Screen & Light, 4.5"" IPS Display Borescope with 5FT Telescoping Pole, IP67 Waterproof Inspection Camera for Ceiling, Wall, Chimney, Automotive &HVAC","Teslong","FBA","Industrial & Scientific",57511,"N/A","N/A","N/A","N/A","Borescopes",158,119.99,-24,60,60,66,7243.57,7242.85,90,4.4,"Teslong","China",1,493,-28,"Large Standard-Size",1.93,7.13,17.99,1.52,124.64,343.83,"01/31/2025",41,7,0,0.67
"https://amazon.com/dp/B0FLNJ8CNL","https://m.media-amazon.com/images/I/710X8kEq2BL._SX450_.jpg","B0FLNJ8CNL","Ralcam 3mm Two-Way Articulating Borescope, 5 Inch HD Industrial Endoscope Inspection Camera with Light, Stainless Steel Flexible Fiber Optic Scope Camera 0.12in Automotive Mechanics Tool","Ralcam","FBA","Industrial & Scientific",58598,"N/A","N/A","N/A","N/A","Borescopes",167,799.99,-10,30,8,,10972.36,6148.74,58,4.2,"AijR","China",1,0,"N/A","Large Standard-Size",3.46,8.82,16.69,2.67,256.43,707.41,"02/28/2026",7,8,5,0.52
"https://amazon.com/dp/B0FJLL4LY1","https://m.media-amazon.com/images/I/71qLoBDjd5L._SX450_.jpg","B0FJLL4LY1","Ralcam 3.9mm Two-Way Articulating Borescope, 5 Inch HD Industrial Endoscope Inspection Camera with Light, Stainless Steel Flexible Fiber Optic Scope Camera 0.15in Automotive Mechanics Tool","Ralcam","FBA","Industrial & Scientific",58604,"N/A","N/A","N/A","N/A","Borescopes",167,329.99,-43,30,16,,10972.36,5332.13,57,4.2,"AijR","China",1,0,"N/A","Large Standard-Size",3.46,8.7,16.7,2.57,253.1,698.2,"02/28/2026",7,8,5,0.53
"https://amazon.com/dp/B0CYGX2KY3","https://m.media-amazon.com/images/I/71EcUvEQ2ML._SX450_.jpg","B0CYGX2KY3","Sewer Camera with Self-Leveling, Can Connect External Monitor, Zoom in and Out, IP68 Waterproof, 12 pcs Adjustable Light, Plumbing Cam with DVR, for Sewer Line, Drain, Duct, Plumbing (165FT)","anysun","FBA","Industrial & Scientific",58787,717203891600,"N/A",0717203891600,"N/A","Borescopes",163,479.99,19,58,5,31,25434.06,2187.58,520,4.3,"ToBestGift","China",1,771,"N/A","Large bulky",8,17,18.75,18.6,826.39,2065.97,"04/30/2025",23,9,9,0.11
"https://amazon.com/dp/B0DXFBLWLJ","https://m.media-amazon.com/images/I/71gsMqHIJ6L._SX450_.jpg","B0DXFBLWLJ","Ralcam Two-Way Articulating Borescope, 0.24in/6.2mm Inspection Endoscope Camera with Light HD 6.6FT Semi-Rigid Cable Video Snake Camera Scope for Automotive Aircraft Mechanics","Ralcam","FBA","Industrial & Scientific",58809,"N/A","N/A","N/A","N/A","Borescopes",168,105.99,"N/A",74,20,-70,7300.94,2014.72,184,4.6,"Ralcam","China",1,1804,"N/A","Large Standard-Size",3.11,8.78,12.48,2.25,171.57,473.3,"11/30/2024",12,8,5,0.4
"https://amazon.com/dp/B0CF1VCDBD","https://m.media-amazon.com/images/I/71STlCN1XnL._SX450_.jpg","B0CF1VCDBD","Dual Lens Endoscope with Light, Teslong USB-C Borescope Inspection Camera with 8+1 LED Lights, Flexible Waterproof Fiber Optic Snake Camera Scope Compatible with iPhone 15, Android Phone(10FT)","Teslong","FBA","Industrial & Scientific",59262,"N/A","N/A","N/A","N/A","Borescopes",160,36.99,-58,54,43,-121,2044.96,1583.46,326,4.3,"Teslong","China",1,3318,"N/A","Large Standard-Size",1.46,5.35,5.43,0.46,21.35,58.91,"11/30/2025",30,9,2,0.17
"https://amazon.com/dp/B08RHKYK1C","https://m.media-amazon.com/images/I/81UhHhlRijL._SX450_.jpg","B08RHKYK1C","NIDAGE Original Endoscope Tool Case, Upgrad Large Capacity Hardshell Carrying Bag Storage Case Compatible with WiFi Borescope, 4.3in Inspection Camera with Cable Less Than 10M, Otoscope, Black Toolbox","NIDAGE","FBA","Industrial & Scientific",59688,791727101308,"N/A",0791727101308,"N/A","Borescopes",161,21.99,-48,44,44,-19,962.42,961.87,132,4.7,"TELESION","China",1,491,94,"Large Standard-Size",3.23,6.61,8.9,0.76,95.65,263.87,"12/31/2025",62,7,0,0.33
"https://amazon.com/dp/B0FW4XF5HJ","https://m.media-amazon.com/images/I/51wAn4LwzfL._SX450_.jpg","B0FW4XF5HJ","ZELCAN 4.3"" Sewer Camera, Sewer Inspection Camera with 100 ft. Cable & Length Markers, Waterproof Drain Pipe Camera with 32GB Card 12 LED Lights, Rechargeable Plumbing Camera for Sewer Pipe Drain","ZELCAN","FBA","Industrial & Scientific",59729,"N/A","N/A","N/A","N/A","Borescopes",167,239.99,"N/A",82,6,-34,32846.16,1414.18,40,4.1,"ZELCAN","China",1,0,"N/A","Large Standard-Size",13.39,7.68,14.96,7.17,774.55,2136.69,"12/31/2025",5,8,10,2.05
"https://amazon.com/dp/B0F9WJQ1WH","https://m.media-amazon.com/images/I/61fU2GBJ8hL._SX450_.jpg","B0F9WJQ1WH","Endoscope with Light,1080P HD Borescope Camera with 8 Adjustable LED Lights 8mm Lens, Inspection Camera with 16.5ft Semi-Rigid Cable, Compatible with for iOS and Android","ILIHOME","FBA","Industrial & Scientific",59916,"N/A","N/A","N/A","N/A","Borescopes",171,14.99,-22,94,94,-71,1404.33,1403.26,408,4.3,"ILIHOME-USA","China",1,0,"N/A","Large Standard-Size",1.54,4.84,5.2,0.42,19.51,53.83,"07/31/2025",9,7,0,0.23
"https://amazon.com/dp/B0CTBJK31P","https://m.media-amazon.com/images/I/710RQEUCceL._SX450_.jpg","B0CTBJK31P","Endoscope Camera with Light, 1920P Dual Lens Borescope with 8+1 LED Light, IP67 Waterproof Portable Borescope Camera with Light for Android, iPhone, iPad (Dual Lens-33FT)","TLMUSE","FBA","Industrial & Scientific",62059,734189050968,"N/A",0734189050968,"N/A","Borescopes",166,21.88,-31,71,18,-78,1291.47,401.12,394,4.2,"TLMUSE Official","China",1,3265,"N/A","Large Standard-Size",1.93,5.24,5.35,0.79,27.24,75.15,"11/30/2024",24,7,3,0.18
"https://amazon.com/dp/B0CR4C4PM3","https://m.media-amazon.com/images/I/71V1AUg9SHL._SX450_.jpg","B0CR4C4PM3","TLMUSE Borescope, Endoscope Camera with Light- 1920P HD Inspection Camera with Light, Dual Lens with 8+1 Adjustable LED Lights, IP67 Waterproof for Android, iPhone, iPad","TLMUSE","FBA","Industrial & Scientific",62060,734189050937,"N/A",0734189050937,"N/A","Borescopes",166,16.66,-47,71,53,-78,1291.47,889.39,394,4.2,"TLMUSE Official","China",1,3265,"N/A","Large Standard-Size",1.54,4.76,5,0.4,18.45,50.91,"11/30/2024",24,7,3,0.18
"https://amazon.com/dp/B0FCF1CC7D","https://m.media-amazon.com/images/I/71B4FErL7EL._SX450_.jpg","B0FCF1CC7D","Dual Lens Articulating Borescope NIDAGE Two-Way Endoscope Camera with Light Articulated Probe, 0.25in Engine Inspection Camera Waterproof Fiber Optic Scope Cam Tool for Automotive Wall Mechanics 5.3FT","NIDAGE","FBA","Industrial & Scientific",62373,"N/A","N/A","N/A","N/A","Borescopes",177,89.99,-15,139,15,39,11468.89,1700.9,90,4.6,"TELESION","China",1,0,"N/A","Large bulky",2.3,8.8,18.4,2.65,120.69,301.73,"01/31/2026",9,7,3,1.54
"https://amazon.com/dp/B0DHRPXGRL","https://m.media-amazon.com/images/I/71Hv-7DpmoL._SX450_.jpg","B0DHRPXGRL","NIDAGE Two-Way Articulating Endoscope Camera with Light, Industrial Borescope with 0.24in Articulated Snake Inspection Camera, Flexible Fiber Optic Scope Cam for Automotive Aircraft Mechanics, 5.2FT","NIDAGE","FBA","Industrial & Scientific",62380,"N/A","N/A","N/A","N/A","Borescopes",177,69.98,-45,139,97,39,11468.89,6775.82,90,4.6,"TELESION","China",1,0,"N/A","Large bulky",2.48,8.82,18.39,1.68,130.36,325.9,"01/31/2026",17,7,3,1.54
"https://amazon.com/dp/B0F5HCGPSJ","https://m.media-amazon.com/images/I/71IgrcK7fML._SX450_.jpg","B0F5HCGPSJ","Nfutreon 32.8FT Flexible Borescope Camera- 4.3"" 1080P HD, IP67 Waterproof Industrial Endoscope Camera for Sewer/Automotive Pipe/Wall Inspection,1pack","Nfutreon","FBA","Industrial & Scientific",62590,799904741453,"N/A",0799904741453,"N/A","Borescopes",175,29.99,-16,75,75,128,2261.37,2260.49,18,4.2,"good-goodfinds","Hong Kong",1,0,"N/A","Large Standard-Size",3.03,6.46,9.02,1.46,88.89,245.22,"01/31/2026",10,9,3,4.19
"https://amazon.com/dp/B0CQYW4MHD","https://m.media-amazon.com/images/I/61ryucDPfNL._SX450_.jpg","B0CQYW4MHD","Sewer Camera Replacement Ultra High Definition 9inch Display Screen w/16GB DVR Video Rcording,JQKJCAM Drain Pipe Borescope Accessory,Monitor of Pipe Inspection Camera SP09A SP09F 9600F WP90F","JQKJCAM","FBA","Industrial & Scientific",63608,"N/A","N/A","N/A","N/A","Borescopes",179,138.9,2,40,40,91,5601.3,5600.79,9,4.3,"JJKJ Cam","China",2,225,"N/A","Large Standard-Size",10.6,9.45,2.36,1.22,119.02,328.34,"01/31/2026",26,9,0,4.46
"https://amazon.com/dp/B0DP8WKC2J","https://m.media-amazon.com/images/I/51tCesLqSQL._SX450_.jpg","B0DP8WKC2J","Sanyipace Pipe Locator 512Hz Receiver Locating Wand for Sewer Camera, Higher-Precision Plumbing Drain Camera Detector Tester Tool for Underground Exploration (Not Included Transmitter)","Sanyipace","FBA","Industrial & Scientific",63944,"N/A","N/A","N/A","N/A","Borescopes",178,399.99,118,44,44,431,17542.02,17541.48,7,3.6,"Urselection","China",1,0,"N/A","Large Standard-Size",9.45,5.71,17.32,5,470.53,1298.03,"12/31/2025",15,6,0,6.26
"https://amazon.com/dp/B0D7644ZYV","https://m.media-amazon.com/images/I/51na97zy-iL._SX450_.jpg","B0D7644ZYV","Sewer Borescope Camera Cable with Distance Counter,Replacement 5mm Rigid Cable 164FT for JQKJCAM Sewer Inspection Camera,Pipe Drain Camera Accessory（164FT/50M for 17mm)","JQKJCAM","FBM","Industrial & Scientific",65076,"N/A","N/A","N/A","N/A","Borescopes",174,262,-82,27,1,20,4861.49,233.46,13,4.2,"JJKJ Cam","China",1,345,"N/A","Large Standard-Size",12.2,5,12.2,5.6,"N/A","N/A","12/31/2025",21,2,22,2.07
"https://amazon.com/dp/B0G2KY5G1Y","https://m.media-amazon.com/images/I/71tGyxiakiL._SX450_.jpg","B0G2KY5G1Y","Borescope Camera with Light, 4.3"" Hd 1920P IP67 Waterproof Industrial Endoscope, 8 Adjustable LEDs 16.4ft Flexible Semi-Rigid Cable for Home, Automotive, HVAC, Cool Gadgets for Men Mechanics","Ennovor","FBA","Industrial & Scientific",65418,"N/A","N/A","N/A","N/A","Borescopes",183,19.99,-38,118,118,,2367.01,2365.69,36,3.9,"Ennovor Explore Store","China",1,0,"N/A","Large Standard-Size",3.23,5.24,7.76,1.12,66.13,182.42,"01/31/2026",3,9,0,3.38
"https://amazon.com/dp/B0FR4KB3KL","https://m.media-amazon.com/images/I/71vqf3lh4mL._SX450_.jpg","B0FR4KB3KL","NIDAGE 2-Way Articulating Borescope 5.5mm Industrial Endoscope with Articulated Probe Flexible Video Inspection Camera with Light, Snake Scope Cam for Automotive Aircraft Mechanics, 4.3FT","NIDAGE","FBA","Industrial & Scientific",65526,"N/A","N/A","N/A","N/A","Borescopes",175,79.99,-21,139,27,39,11468.89,2991.8,90,4.6,"TELESION","China",1,0,"N/A","Large bulky",2.5,9,18.5,2.55,134.9,337.24,"01/31/2026",6,7,3,1.54
"https://amazon.com/dp/B0F9KTCD56","https://m.media-amazon.com/images/I/51la8qlVu2L._SX450_.jpg","B0F9KTCD56","Articulating Borescope Inspection Camera, 180° Rotatable Head, 1M/3.28FT, IP67 Waterproof, 6 LED Lights, Android iOS Compatible","LANTOTEK","FBA","Industrial & Scientific",65759,"N/A","N/A","N/A","N/A","Borescopes",183,45,-35,25,25,467,985.66,985.52,3,4.4,"LANTOTEK","China",1,0,"N/A","Large Standard-Size",2.36,4.17,13.86,1.17,68.67,189.44,"01/31/2026",9,6,0,8.37
"https://amazon.com/dp/B071HYRPND","https://m.media-amazon.com/images/I/41T8Wqz8H+L._SX450_.jpg","B071HYRPND","USB Snake Inspection Camera, FANTRONICS Scope Camera with 8 LED Lights IP67 Waterproof Semi-Rigid Snake Cord USB C Borescope for iPhone, iPad and Android Phone (16.4ft)","FANTRONICS","FBA","Industrial & Scientific",65938,669665422451,"N/A",0669665422451,"N/A","Borescopes",166,18.99,-5,52,52,-85,985.04,984.39,8258,4.1,"My Fantronics","China",1,1980,-59,"Large Standard-Size",2.28,4.69,5.04,0.44,27.13,74.85,"11/30/2024",105,7,0,0.01
"https://amazon.com/dp/B09441WDJ9","https://m.media-amazon.com/images/I/714VFKxqchL._SX450_.jpg","B09441WDJ9","Anysun Sewer Inspection Camera with Locator, 165ft Pipe Camera with 512Hz Sonde Transmitter and Receiver, IP68 Waterproof Industrial Plumbing Endoscope Drain Snake Cam with 7"" LCD Monitor","anysun","FBA","Industrial & Scientific",66320,770456985113,"N/A",0770456985113,"N/A","Borescopes",174,880,-15,50,13,42,54565.28,11100.11,89,4.3,"Yongchangsheng tech","Hong Kong",1,671,"N/A","Large bulky",8.03,19.06,24.41,23.39,1210.74,3026.85,"10/31/2025",58,9,7,0.56
"https://amazon.com/dp/B0B7MGGXJZ","https://m.media-amazon.com/images/I/714VFKxqchL._SX450_.jpg","B0B7MGGXJZ","Anysun Sewer Camera with Locator, Pipe Camera with 512Hz Sonde Transmitter and Receiver, IP68 Waterproof Industrial Plumbing Endoscope Drain Snake Cam with 7"" LCD Monitor, 8G SD Card (100Ft/30M Cable)","anysun","FBA","Industrial & Scientific",66323,774829649893,"N/A",0774829649893,"N/A","Borescopes",174,800,-3,50,20,42,54565.28,15843.19,90,4.2,"Yongchangsheng tech","Hong Kong",1,671,"N/A","Large bulky",8,16.6,21.75,20.06,936.06,2340.14,"10/31/2025",42,9,7,0.55
"https://amazon.com/dp/B0DZMN1941","https://m.media-amazon.com/images/I/61OPq61SwqL._SX450_.jpg","B0DZMN1941","Anykit 360° Articulated Engine Endoscope, Aviation Hole Sight with 0.25"" Convertible Snake Camera, 5"" IPS Video Check Camera with Light for Mechanic Maintenance Technician - 3.28'","Anykit","FBA","Industrial & Scientific",67123,"N/A","N/A","N/A","N/A","Borescopes",179,151.99,-42,73,73,,11522.42,11522.31,8,4.5,"AnyKit","China",1,0,"N/A","Large Standard-Size",3.78,8.58,16.73,3.24,273.18,753.6,"01/31/2026",12,6,0,9.18
"https://amazon.com/dp/B0D8FWGM99","https://m.media-amazon.com/images/I/61MREBaQcYL._SX450_.jpg","B0D8FWGM99","Sewer Camera Cable with Distance Counter,Replacement 5mm Rigid Cable 65.6FT for JQKJCAM Sewer Inspection Camera,Pipe Drain Camera Accessory（65.6FT/20M for 17mm)","JQKJCAM","FBM","Industrial & Scientific",67340,"N/A","N/A","N/A","N/A","Borescopes",190,173,-60,27,3,20,4861.49,560.81,13,4.2,"JJKJ Cam","China",1,345,"N/A","N/A","N/A","N/A","N/A","N/A","N/A","N/A","12/31/2025",20,3,22,2.07
"https://amazon.com/dp/B07HVT2XZL","https://m.media-amazon.com/images/I/71p9XI9ImnL._SX450_.jpg","B07HVT2XZL","5MP Auto-Focus Endoscope, Teslong 3rd Generation USB Borescope with 5.0 Megapixel Inspection Camera, 16.5ft Waterproof Semi-Rigid Cable & Adjustable Led Lights Probe for Android Phone Windows MacBook","Teslong","FBA","Industrial & Scientific",67354,"N/A","N/A","N/A","N/A","Borescopes",172,49.99,-19,71,71,56,3523.99,3523.85,379,4,"Teslong","China",1,656,-11,"Large Standard-Size",2.28,5.67,7.28,1,47.47,130.96,"09/30/2024",89,8,0,0.19
"https://amazon.com/dp/B0D8FSWW5Z","https://m.media-amazon.com/images/I/61MREBaQcYL._SX450_.jpg","B0D8FSWW5Z","Sewer Camera Cable with Distance Counter,Replacement 5mm Rigid Cable 65.6FT for JQKJCAM Sewer Inspection Camera,Pipe Drain Camera Accessory（65.6FT/20M for 23mm)","JQKJCAM","FBM","Industrial & Scientific",67365,"N/A","N/A","N/A","N/A","Borescopes",189,173,-49,27,3,20,4861.49,587.51,13,4.2,"JJKJ Cam","China",1,345,"N/A","Large Standard-Size",13.39,5.12,13.5,2.2,"N/A","N/A","12/31/2025",20,3,22,2.07
"https://amazon.com/dp/B08NJ8627V","https://m.media-amazon.com/images/I/81aOKouW-iL._SX450_.jpg","B08NJ8627V","DEPSTECH Dual Lens Wireless Endoscope, 1080P Scope Snake Camera with 7 LED Lights,0.31In Lens Video HD Inspection Camera,IP67 Waterproof Borescope,16.5FT Cable for Android & iOS Phone or Tablet-Yellow","DEPSTECH","FBA","Industrial & Scientific",67863,"N/A","N/A","N/A","N/A","Borescopes",187,54.99,-111,33,33,-114,1826.06,1826.04,2496,4.3,"Depstech","China",1,0,"N/A","Large Standard-Size",1.97,6.22,6.42,0.9,39.61,109.26,"07/31/2025",64,9,0,0.01
"https://amazon.com/dp/B0D7HMTYPH","https://m.media-amazon.com/images/I/61MREBaQcYL._SX450_.jpg","B0D7HMTYPH","Sewer Camera Cable with Distance Counter,Replacement 5mm Rigid Cable 98.4FT for JQKJCAM Sewer Inspection Camera,Pipe Drain Camera Accessory（98.4FT/30M for 17mm)","JQKJCAM","FBM","Industrial & Scientific",67919,"N/A","N/A","N/A","N/A","Borescopes",188,192,-40,27,2,20,4861.49,323.64,13,4.2,"JJKJ Cam","China",1,345,"N/A","Large Standard-Size",13.39,5,13.5,3.1,"N/A","N/A","12/31/2025",20,3,22,2.07
"https://amazon.com/dp/B0D75S1YZ3","https://m.media-amazon.com/images/I/51na97zy-iL._SX450_.jpg","B0D75S1YZ3","Sewer Camera Cable with Distance Counter,Replacement 5mm Rigid Cable 300FT for JQKJCAM Sewer Inspection Camera,Pipe Drain Camera Accessory（300FT/91.5M for 23mm)","JQKJCAM","FBM","Industrial & Scientific",67922,"N/A","N/A","N/A","N/A","Borescopes",188,456,-49,27,1,20,4861.49,361.15,13,4.2,"JJKJ Cam","China",1,345,"N/A","N/A","N/A","N/A","N/A","N/A","N/A","N/A","12/31/2025",21,5,22,2.07
"https://amazon.com/dp/B0D7HSCM1G","https://m.media-amazon.com/images/I/61MREBaQcYL._SX450_.jpg","B0D7HSCM1G","Sewer Camera Cable with Distance Counter,Replacement 5mm Rigid Cable 98.4FT for JQKJCAM Sewer Inspection Camera,Pipe Drain Camera Accessory（98.4FT/30M for 23mm)","JQKJCAM","FBM","Industrial & Scientific",67926,"N/A","N/A","N/A","N/A","Borescopes",188,179.9,-69,27,2,20,4861.49,341.86,13,4.2,"JJKJ Cam","China",2,345,"N/A","Large Standard-Size",2.36,11.69,11.93,2.4,"N/A","N/A","12/31/2025",20,3,22,2.07
"https://amazon.com/dp/B0D75VF79S","https://m.media-amazon.com/images/I/61MREBaQcYL._SX450_.jpg","B0D75VF79S","Sewer Camera Cable Wire with Distance Counter,Replacement 5mm Rigid Cable 164FT for JQKJCAM Sewer Inspection Camera,Pipe Drain Camera Accessory（164FT/50M for 23mm)","JQKJCAM","FBA","Industrial & Scientific",67927,"N/A","N/A","N/A","N/A","Borescopes",188,262,-32,27,3,20,4861.49,893.97,13,4.2,"JJKJ Cam","China",1,345,"N/A","Large Standard-Size",13.39,5.12,13.5,5.7,465.97,1285.44,"12/31/2025",21,9,22,2.07
"https://amazon.com/dp/B0D8FVZ6Z5","https://m.media-amazon.com/images/I/61MREBaQcYL._SX450_.jpg","B0D8FVZ6Z5","Sewer Camera Cable with Distance Counter,Replacement 5mm Rigid Cable 32.8FT for JQKJCAM Sewer Inspection Camera,Pipe Drain Camera Accessory（32.8FT/10M for 17mm)","JQKJCAM","FBM","Industrial & Scientific",68001,"N/A","N/A","N/A","N/A","Borescopes",189,131.5,-13,27,12,20,4861.49,1558.43,13,4.2,"JJKJ Cam","China",2,345,"N/A","Large Standard-Size",13,5,14,1.65,"N/A","N/A","12/31/2025",20,3,22,2.07
"https://amazon.com/dp/B0CL4MJ6NK","https://m.media-amazon.com/images/I/71x7kxvxrJL._SX450_.jpg","B0CL4MJ6NK","USB C Endoscope Camera with Light, Teslong 1080P HD Dual Lens Snake Borescope Inspection Cam with 8+1 LEDs, 16.5FT Flexible Probe Cable, Fiber Optic Scope Compatible with iPhone 15, Android Phone","Teslong","FBA","Industrial & Scientific",68314,"N/A","N/A","N/A","N/A","Borescopes",190,39.99,-22,54,12,-121,2044.96,461.29,326,4.3,"Teslong","China",1,3318,"N/A","Large Standard-Size",1.34,5.43,5.47,0.68,20.04,55.28,"11/30/2025",26,9,2,0.17
"https://amazon.com/dp/B0FBWTBNTY","https://m.media-amazon.com/images/I/71G7PP1ChbL._SX450_.jpg","B0FBWTBNTY","NIDAGE Two-Way Articulating Endoscope Camera with Light: 7'' IPS Borescope with Articulated Snake Head and 5.3FT Cable 1080P Waterproof Industrial Inspection Camera for Auto Mechanics Wall","NIDAGE","FBA","Industrial & Scientific",68389,"N/A","N/A","N/A","N/A","Borescopes",185,168.98,-12,48,48,-22,8159.26,8158.63,47,4.7,"TELESION","China",1,0,"N/A","Large bulky",3.5,9.5,18.3,3.95,197.19,492.98,"11/30/2025",9,7,0,1.03
"https://amazon.com/dp/B0DPQ2HV9T","https://m.media-amazon.com/images/I/51AEferjy3L._SX450_.jpg","B0DPQ2HV9T","Two-Way Articulating Borescope, Dual Lens Inspection Camera with Light, 6mm Lens Snake Camera for Mechanic Inspections, and Plumbing, .24in Borescope Automotive, Industrial Endoscope, 5ft","Level Up Auto","FBA","Industrial & Scientific",68538,"N/A","N/A","N/A","N/A","Borescopes",191,129.99,-3,129,129,-32,15600.75,15599.46,68,4.4,"Level Up Auto","USA",2,1331,"N/A","Large Standard-Size",3.23,9.53,17.04,2.95,264.08,728.5,"12/31/2025",15,9,0,1.89
"https://amazon.com/dp/B07RGV67HY","https://m.media-amazon.com/images/I/71V+CEuJ6EL._SX450_.jpg","B07RGV67HY","Anysun Sewer Camera 100ft Snake Cam with Distance Counter DVR Video Sewer Pipe Inspection Equipment 7 inch LCD Monitor Duct HVAC 1000TVL Endoscope Waterproof IP68 Camera (8GB SD Card)","anysun","FBA","Industrial & Scientific",68640,699996266981,"N/A",0699996266981,"N/A","Borescopes",180,459.99,-29,58,5,31,25434.06,2258.65,522,4.3,"ToBestGift","China",1,771,"N/A","Large bulky",8.2,17.2,19,17.1,868.44,2171.1,"04/30/2025",82,8,9,0.11
"https://amazon.com/dp/B0B4SDBMPX","https://m.media-amazon.com/images/I/71-VLmkuBGL._SX450_.jpg","B0B4SDBMPX","Sewer Camera 65FT, Can Connect External Monitor, Zoom in and Out, IP68 Waterproof, 12 pcs Adjustable Light, Plumbing Snake Cam with DVR Pipe Video Inspection, for Sewer Line, Drain, Duct, Plumbing","anysun","FBA","Industrial & Scientific",68640,774829649299,"N/A",0774829649299,"N/A","Borescopes",180,329.99,-33,58,13,31,25434.06,4364.35,522,4.3,"ToBestGift","China",1,771,"N/A","Large bulky",9,14,17,15.85,694.17,1735.42,"04/30/2025",44,8,9,0.11
"https://amazon.com/dp/B09HSBR5RG","https://m.media-amazon.com/images/I/71gP6gP6QyL._SX450_.jpg","B09HSBR5RG","Sewer Camera with Locator, Anysun 100FT with 512HZ Locator Set and Receiver for Drain Plumbing Video Inspection 7'' LCD HD Screen Waterproof IP68 Cameras with 12pcs LED Light(8GB SD Card-DVR Record)","anysun","FBA","Industrial & Scientific",68656,770887234323,"N/A",0770887234323,"N/A","Borescopes",180,729.99,"N/A",58,3,31,25434.06,2143.25,522,4.3,"ToBestGift","China",1,771,"N/A","Large bulky",8.2,16.7,21.8,19.8,967.46,2418.64,"04/30/2025",53,9,9,0.11
"https://amazon.com/dp/B07PBZZKJD","https://m.media-amazon.com/images/I/71-VLmkuBGL._SX450_.jpg","B07PBZZKJD","Sewer Camera, Can Connect External Monitor, Zoom in and Out, IP68 Waterproof, 12 pcs Adjustable Light, Plumbing Snake Cam with DVR Pipe Video Inspection, for Sewer Line, Drain, Duct, Plumbing(165FT)","anysun","FBA","Industrial & Scientific",69306,"N/A","N/A","N/A","N/A","Borescopes",178,439.99,-21,58,7,31,25434.06,3114.03,522,4.3,"ToBestGift","China",1,771,"N/A","Large bulky",8.18,17,18.81,18.3,847.69,2119.22,"04/30/2025",84,8,9,0.11
"https://amazon.com/dp/B0DNMF126P","https://m.media-amazon.com/images/I/7147Zyg2IaL._SX450_.jpg","B0DNMF126P","VEVOR Sewer Camera with 512Hz Locator, 98 ft/30 m, Self-Leveling Drain Inspection Camera with 9"" 1080P HD Screen, 36X Zoom, Snake Plumbing Camera with Lights-12 LED, 32GB SD Card for Duct Pipe","VEVOR","FBM","Industrial & Scientific",69743,197988991342,"N/A",0197988991342,"N/A","Borescopes",197,699.99,-11,46,33,-50,29172.14,20141.94,19,3.6,"Supdear","China",1,408,"N/A","Large bulky",11.42,15.75,18.19,16.67,"N/A","N/A","11/30/2025",15,9,2,2.4
"https://amazon.com/dp/B0FXXFZBB6","https://m.media-amazon.com/images/I/71gBd-S9srL._SX450_.jpg","B0FXXFZBB6","Anysun Self-Leveling Sewer Camera with 512Hz Transmitter, Meter Marking, 9'' IPS Screen, 165ft 7mm Cable, HD 1080P Sewer Drain Video Inspection Camera with DVR 32GB, 5100mAh Battery","anysun","FBA","Industrial & Scientific",70017,717839120037,"N/A",0717839120037,"N/A","Borescopes",193,629.99,"N/A",35,6,24,17384.16,3995.39,5,4.8,"HZDZ_Shop","Hong Kong",1,0,"N/A","Large bulky",15.35,14.96,6.69,16.09,498.24,1245.6,"10/31/2025",4,8,9,6.97
"https://amazon.com/dp/B0DYH3JJL5","https://m.media-amazon.com/images/I/71x7kxvxrJL._SX450_.jpg","B0DYH3JJL5","Dual Lens Endoscope with Light, Teslong USB-C Inspection Camera with 8+1 LED Lights, Flexible Waterproof Fiber Optic Snake Scope Compatible with iPhone 15, Android(16.5FT)","Teslong","FBA","Industrial & Scientific",71020,"N/A","N/A","N/A","N/A","Borescopes",199,29.99,-22,64,64,197,1922.58,1921.87,17,4,"Teslong","China",1,0,"N/A","Large Standard-Size",1.38,5.31,5.39,0.64,19.89,54.86,"01/31/2026",12,9,0,3.77
"https://amazon.com/dp/B0DXF586FS","https://m.media-amazon.com/images/I/41I6qrdF+dL._SX450_.jpg","B0DXF586FS","Sewer Camera Head Accessories 6LED Waterproof IP68 for Pipe Drain Endoscope Camera Replacement with Wheel and Protective Cover (0.7inch/17mm)","SYANSPAN","FBA","Industrial & Scientific",71351,"N/A","N/A","N/A","N/A","Borescopes",201,129.99,-40,24,11,8,3041.74,1386.98,51,3.5,"pipe camera","China",2,516,"N/A","Large Standard-Size",2.68,3.98,6.69,0.66,35.87,98.96,"02/28/2025",12,7,2,0.47
"https://amazon.com/dp/B09L16P119","https://m.media-amazon.com/images/I/61pR53yvLiL._SX450_.jpg","B09L16P119","Sewer Camera Head Accessories Ultra-high Definition 12LED Waterproof IP68 for Pipe Drain Endoscope Camera Replacement with Wheel and Protective Cover (0.9inch/23mm)","SYANSPAN","FBA","Industrial & Scientific",71361,"N/A","N/A","N/A","N/A","Borescopes",201,119.49,-50,24,13,8,3041.74,1654.47,51,3.5,"pipe camera","China",1,516,"N/A","Large Standard-Size",2.68,3.98,6.69,0.64,35.93,99.11,"02/28/2025",52,8,2,0.47
"https://amazon.com/dp/B0D62QGRZM","https://m.media-amazon.com/images/I/71tjIDf+c1L._SX450_.jpg","B0D62QGRZM","Endoscope Camera with Light","Pipirich","FBA","Industrial & Scientific",72032,"N/A","N/A","N/A","N/A","Borescopes",187,22.98,"N/A",46,0,-74,962.14,"-",168,4.4,"JIGUANGGUOJIMAOYI","China",0,1056,"N/A","N/A","N/A","N/A","N/A","N/A","N/A","N/A","11/30/2024",21,7,2,0.28
"https://amazon.com/dp/B0FQBWRMHQ","https://m.media-amazon.com/images/I/71n5SFybwnL._SX450_.jpg","B0FQBWRMHQ","ZORLET Dual Lens 360° Articulating Borescope with Light, 5'' HD Monitor 4-Way Joystick Inspection Camera, 0.25in Slim Probe 5.0FT Semi-Rigid Snake Industrial Endoscope Camera for Automotive Mechanics","Zorlet","FBA","Industrial & Scientific",72145,"N/A","N/A","N/A","N/A","Borescopes",203,319.99,-16,37,37,63,11439.73,11439.26,28,4.9,"Shenzhen ShenshijieTechnology Co., Ltd","China",1,0,"N/A","Large Standard-Size",15.8,8.5,4.5,4,304.27,839.37,"01/31/2026",6,9,0,1.31
"https://amazon.com/dp/B0CB6JML8N","https://m.media-amazon.com/images/I/81vwRJ4R2sL._SX450_.jpg","B0CB6JML8N","Endoscope with Light and 16.4ft Semi-Rigid Cable, Handheld Borescope 4.3'' HD 1080P, 8 Adjustable LED Lights, IP67 Waterproof Inspection Camera for Sewer, Gadgets for Men (Single 5m)","SKYEAR","FBA","Industrial & Scientific",72627,785034133046,"N/A",0785034133046,"N/A","Borescopes",189,22.99,"N/A",57,49,-121,1519.4,1122.49,963,4.4,"Nuobeili","China",1,0,"N/A","Large Standard-Size",2.99,5.87,11.06,1.32,97.73,269.61,"11/30/2025",32,8,3,0.06
"https://amazon.com/dp/B0FCFWRV19","https://m.media-amazon.com/images/I/71ZRkuEgYDL._SX450_.jpg","B0FCFWRV19","Dual Lens Borescope with 5"" IPS Screen, Endoscope Camera with Lights 16.5FT Semi-Rigid Cable, 1080P Inspection Camera, Supports Memory Cards with Photo and Video Capabilities","zealtron","FBA","Industrial & Scientific",72650,"N/A","N/A","N/A","N/A","Borescopes",204,39.98,-25,61,61,2829,2433.91,2433.19,155,4.5,"Zealtron","China",2,0,"N/A","Large Standard-Size",3.03,5.63,8.15,1.28,70,193.1,"08/31/2025",8,7,0,0.39
"https://amazon.com/dp/B098XFG46Y","https://m.media-amazon.com/images/I/71WuOq3YeQL._SX450_.jpg","B098XFG46Y","VEVOR Sewer Camera, 164ft/50M 4.3"" Pipe Drain Inspection Camera with DVR Function & Snake Cable, Waterproof IP68 Borescope w/LED Lights, Industrial Endoscope for Home Wall Duct Drain Pipe Plumbing","VEVOR","FBM","Industrial & Scientific",73126,768558017610,00768558017610,0768558017610,"N/A","Borescopes",192,285.99,65,36,36,288,10289.43,10288.92,107,3.9,"Suplander","China",1,708,-46,"Large Standard-Size",6.42,12.13,13.86,9.19,"N/A","N/A","08/31/2024",54,9,1,0.34
"https://amazon.com/dp/B0D5M8F5Z3","https://m.media-amazon.com/images/I/71Wc4xa-bPL._SX450_.jpg","B0D5M8F5Z3","Anysun Sewer Camera Self Leveling with Distance Counter, 7MM Thicker Cable, 165Ft/50M Pipe Inspection Camera with 9'' 1080P IPS Screen, Video Drain Camera IP68 Industrial Borescope Snake, 32GB Card","anysun","FBA","Industrial & Scientific",73208,"N/A","N/A","N/A","N/A","Borescopes",200,799.99,-25,61,12,317,50949.65,9774.65,29,4.3,"Yongchangsheng tech","China",1,519,"N/A","Large bulky",11,15.05,19,20.85,1019.36,2548.4,"03/31/2025",20,7,9,2.12
"https://amazon.com/dp/B0D5M7WTV8","https://m.media-amazon.com/images/I/71Wc4xa-bPL._SX450_.jpg","B0D5M7WTV8","Anysun Self Leveling Sewer Inspection Camera with Distance Counter, 7MM Thicker Cable, 100Ft with 9'' 1080P Screen & DVR, IP68 Waterproof Drain Pipe Camera Borescope with Light, 32GB Card","anysun","FBA","Industrial & Scientific",73302,"N/A","N/A","N/A","N/A","Borescopes",201,699.99,-27,61,19,317,50949.65,13572.33,29,4.3,"Yongchangsheng tech","China",1,519,"N/A","Large bulky",11.3,15.3,18.75,17.7,1050.55,2626.37,"03/31/2025",20,7,9,2.12
"https://amazon.com/dp/B0FFMFVCWX","https://m.media-amazon.com/images/I/51T6O533iwL._SX450_.jpg","B0FFMFVCWX","Anysun Self Leveling Sewer Camera 512Hz with Distance Counter, MIC, 7MM Thicker Cable, 300Ft Pipe Inspection Cameras with 9'' 1080P Screen, Video Drain Cam IP68 Industrial Borescope Snake, 32GB Card","anysun","FBA","Industrial & Scientific",73312,717661515162,"N/A",0717661515162,"N/A","Borescopes",201,1099.99,-33,61,5,317,50949.65,5251.44,29,4.3,"Yongchangsheng tech","China",1,519,"N/A","Large bulky",4,13.6,20.7,28.85,364.93,912.33,"03/31/2025",7,8,9,2.12
"https://amazon.com/dp/B0DSZT4GNC","https://m.media-amazon.com/images/I/81PEy8k1IGL._SX450_.jpg","B0DSZT4GNC","JYTONE Endoscope Camera with Light, 5.5mm Waterproof Borescope with 4.3"" HD Screen, 33ft Semi-Rigid Cable for Automotive, Plumbing, Pipe Inspection","JYTONE","FBA","Industrial & Scientific",73796,"N/A","N/A","N/A","N/A","Borescopes",208,50.99,15,57,13,-71,2562.29,653.26,103,4.4,"ERYUHAIAN","China",2,0,"N/A","Large Standard-Size",3.19,6.06,10.83,1.66,105.39,290.74,"12/31/2025",14,7,3,0.55
"https://amazon.com/dp/B0FFML9DVK","https://m.media-amazon.com/images/I/71qN-gNQnGL._SX450_.jpg","B0FFML9DVK","Anysun Self Leveling Sewer Camera 512Hz with Distance Counter, MIC, 7MM Thicker Cable, 165Ft Pipe Inspection Cameras with 9'' 1080P Screen, Video Drain Cam IP68 Industrial Borescope Snake, 32GB Card","anysun","FBA","Industrial & Scientific",73823,717661515179,"N/A",0717661515179,"N/A","Borescopes",199,899.99,-44,61,7,317,50949.65,5922.54,29,4.3,"Yongchangsheng tech","China",1,519,"N/A","Large bulky",11.9,17.4,19.5,19.25,1308.5,3271.26,"03/31/2025",7,8,9,2.12
"https://amazon.com/dp/B0DL8LJTWM","https://m.media-amazon.com/images/I/71ea5lTNwDL._SX450_.jpg","B0DL8LJTWM","Teslong 2.0MP HD AF Auto Focus Borescope, 16.5ft Flexible Endoscope with Adjustable Lights, USB-C Inspection Camera for Plumbing, Automotive, Wall, for iPhone 15/16 & Android, Long Focus & Autofocus","Teslong","FBA","Industrial & Scientific",74601,"N/A","N/A","N/A","N/A","Borescopes",204,42.99,-14,83,83,56,3579.72,3579.6,78,4.2,"Teslong","China",1,621,"N/A","Large Standard-Size",1.42,5.39,5.43,0.68,20.91,57.69,"01/31/2026",16,8,0,1.1
"https://amazon.com/dp/B0BMV9MMSX","https://m.media-amazon.com/images/I/61uiakNV5wL._SX450_.jpg","B0BMV9MMSX","3 in 1 Endoscope Inspection Camera Borescope HD Camera Waterproof Snake Pipe Drain with 6 Adjustable Led Light Snake Cable USB Adapter for Android Phone Tablet Device(Size:1 M)","Pilarmuture","FBA","Industrial & Scientific",74617,"N/A","N/A","N/A","N/A","Borescopes",196,7.99,57,108,108,,957.9,956.7,71,3.3,"demingzi","China",3,573,149,"Large Standard-Size",1.06,4.29,5.43,0.07,12.43,34.29,"01/31/2026",39,9,0,1.52
"https://amazon.com/dp/B0CZL3XTYQ","https://m.media-amazon.com/images/I/71tjIDf+c1L._SX450_.jpg","B0CZL3XTYQ","[Dual-Lens] Endoscope Camera with Light, 1920P HD Borescope with 8+1 Adjustable LED Lights, IP67 Waterproof 16.5FT Semi-Rigid Snake Cord Inspection Camera for iPhone, iPad and Android Phone","Pipirich","FBA","Industrial & Scientific",75445,721691244794,"N/A",0721691244794,"N/A","Borescopes",196,22.98,-30,46,12,-74,962.14,278.37,167,4.4,"JIGUANGGUOJIMAOYI","China",1,1056,"N/A","Large Standard-Size",1.42,5.12,5.16,0.42,18.89,52.1,"11/30/2024",23,7,2,0.28
"https://amazon.com/dp/B0FFGZC3WX","https://m.media-amazon.com/images/I/71MBkC6oDvL._SX450_.jpg","B0FFGZC3WX","Teslong Dual Lens 360 Articulating Borescope with Light, 5'' Monitor Industrial Inspection Camera with 4-Way Joystick Articulation, HD Endoscope Camera for Automotive and Mechanics (0.24inch-5FT)","Teslong","FBA","Industrial & Scientific",75694,"N/A","N/A","N/A","N/A","Borescopes",207,499.99,-13,34,34,-39,16868.08,16867.63,21,3.9,"Teslong","China",1,0,"N/A","Large Standard-Size",6.02,10.71,14.57,3.62,472.96,1304.71,"10/31/2025",8,9,0,1.61
"https://amazon.com/dp/B0G6RFHSQT","https://m.media-amazon.com/images/I/71iAaFSOR9L._SX450_.jpg","B0G6RFHSQT","SXHELECOK Dual-Lens Industrial Borescope Camera with 5"" IPS Screen & 9 LEDs, 1080P High Def Pipe Inspection Camera, IP67 Waterproof Snake Cable, 32GB Card for Automotive Sewer Inspection, 7.9mm Probe","SXHELECOK","FBA","Industrial & Scientific",76009,"N/A","N/A","N/A","N/A","Borescopes",209,75.99,-34,1,1,,94.15,94.09,6,5,"SXHELECOK","N/A",1,0,"N/A","Large Standard-Size",3.62,6.3,8.11,1.5,93.12,256.88,"01/31/2026",2,9,0,0.2
"https://amazon.com/dp/B0FHCQYXRP","https://m.media-amazon.com/images/I/71c2bWo0-ML._SX450_.jpg","B0FHCQYXRP","Ralcam Two-Way Articulating Borescope with 10FT Semi-Rigid Cable, 0.33in/8.5mm Inspection Endoscope Camera with Light HD Video Snake Camera Scope for Automotive Aircraft Mechanics","Ralcam","FBA","Industrial & Scientific",76317,"N/A","N/A","N/A","N/A","Borescopes",203,129.99,"N/A",74,2,-70,7300.94,266.63,184,4.6,"Ralcam","China",1,1804,"N/A","Large Standard-Size",3.11,8.7,12.48,3,170.01,468.99,"11/30/2024",8,9,5,0.4