"URL","Image URL","ASIN","Title","Brand","Fulfillment","Category","BSR","UPC","GTIN","EAN","ISBN","Subcategory","Subcategory BSR","Price","Price Trend (90 days) (%)","Parent Level Sales","ASIN Sales","Sales Trend (90 days) (%)","Parent Level Revenue","ASIN Revenue","Review Count","Reviews Rating","Seller","Seller Country/Region","Number of Active Sellers","Last Year Sales","Sales Year Over Year (%)","Size Tier","Length","Width","Height","Weight","Storage Fee (Jan - Sep)","Storage Fee (Oct - Dec)","Best Sales Period","Age (Month)","Number of Images","Variation Count","Sales to Reviews"
"https://amazon.com/dp/B0F3X5MSMM","https://m.media-amazon.com/images/I/61kR6lJX15L._SX450_.jpg","B0F3X5MSMM","Zorlet 360 Articulating Borescope, 5"" Monitor, 6.2mm Industrial Inspection Camera with 4-Way Joystick Articulation and 5.0FT Semi-Rigid Snake Tube, HD Endoscope for Automotive, Pipe & Equipment","Zorlet","FBA","Industrial & Scientific",141329,"N/A","N/A","N/A","N/A","Borescopes",318,299.99,-36,15,4,-53,4158.36,1207.57,33,4.5,"Shenzhen ShenshijieTechnology Co., Ltd","China",1,0,"N/A","Large Standard-Size",4.61,8.66,15.71,3.84,315.77,871.09,"07/31/2025",11,9,2,0.45
"https://amazon.com/dp/B0FJL74Z8H","https://m.media-amazon.com/images/I/71zcEawnMFL._SX450_.jpg","B0FJL74Z8H","Zorlet Two-Way Articulating Borescope Camera with Light, Industrial Endoscope Inspection Camera with 0.25 in Slim Articulated Probe, Waterproof Snake Scope for Mechanics & Engine Inspection - 5FT","Zorlet","FBA","Industrial & Scientific",141687,"N/A","N/A","N/A","N/A","Borescopes",316,109.99,-14,15,15,,1600.32,1600.05,33,4.8,"Shenzhen ShenshijieTechnology Co., Ltd","China",1,0,"N/A","Large Standard-Size",4.53,8.86,15.83,3.02,319.88,882.43,"01/31/2026",7,9,2,0.44
"https://amazon.com/dp/B0FRRDSPY5","https://m.media-amazon.com/images/I/61ab6xwoTtL._SX450_.jpg","B0FRRDSPY5","Dual-Lens 4in1 Endoscope Camera with Light, Borescope Camera with Light for iPhone Andriod PC, 1920HD Endoscope for iPhone with 8 Adjustable LED Lights, Waterproof IP67 Industrial Inspection Borescope","Trizotek","FBA","Industrial & Scientific",141691,"N/A","N/A","N/A","N/A","Borescopes",317,25.99,-25,9,2,-40,190.64,62.63,18,3.9,"Demeter Gift Store","China",1,0,"N/A","Large Standard-Size",1.5,7.05,8.86,0.37,47.17,130.13,"09/30/2025",5,7,2,0.55
"https://amazon.com/dp/B0D6YV2362","https://m.media-amazon.com/images/I/710ZmoKRZEL._SX450_.jpg","B0D6YV2362","Dual Lens Endoscope Inspection Camera by AURTEC, Dual HD Lens, IP68 Waterproof, 16.5FT/5M Semi-Rigid Cable, Borescope Camera with LED Lights, Compatible with Android and iOS Devices","AURTEC","FBA","Industrial & Scientific",141761,"N/A","N/A","N/A","N/A","Borescopes",318,29.99,"N/A",5,2,-12,151.91,45.78,268,4.2,"AURTEC","China",1,130,"N/A","Large Standard-Size",2.01,4.8,4.84,0.4,23.51,64.86,"02/28/2025",21,6,3,0.02
"https://amazon.com/dp/B0G1R33CDS","https://m.media-amazon.com/images/I/71bhvb5RhpL._SX450_.jpg","B0G1R33CDS","Two-Way Articulating Borescope Camera with Light, 1080P HD Snake Camera with 360° Rotation, 5ft IP67 Waterproof for Mechanics & Plumbers, Borescope with Articulating Head for iPhone & Android","ZZQIN","FBA","Industrial & Scientific",142136,717203057990,"N/A",0717203057990,"N/A","Borescopes",326,61.9,-300,1,1,,34.38,34.37,2,4.2,"ziqinmaoyi","N/A",1,0,"N/A","Large Standard-Size",1.93,6.38,12.76,1.08,79.11,218.22,"02/28/2026",4,10,2,0.28
"https://amazon.com/dp/B0DGMZ92CH","https://m.media-amazon.com/images/I/51s2Jjh2OXL._SX450_.jpg","B0DGMZ92CH","Pipe Sewer Inspection Camera Protective Cover, Plastic Sewer Camera Guide Wheel, Easy to Install Pipe Inspection Camera Accessories for 17 to 18mm Endoscope Part Accessory","Asixxsix","FBA","Industrial & Scientific",142578,"N/A","N/A","N/A","N/A","Borescopes",327,16.77,-21,26,26,46,438.05,437.84,3,4.3,"Guoenir","China",2,0,"N/A","Large Standard-Size",0.94,3.35,3.46,0.04,5.52,15.22,"10/31/2025",18,9,0,8.75
"https://amazon.com/dp/B0D7HQ7MQQ","https://m.media-amazon.com/images/I/716pWcQLxnL._SX450_.jpg","B0D7HQ7MQQ","Anysun Sewer Camera Self-Leveling, Distance Counter, 7MM Diameter Cable, Microphone/DVR, 100FT/30M Sewer Pipe Inspection Camera with 9'' HD 1080P IPS Screen, Plumbing Camera IP68 Waterproof -32GB Card","anysun","FBA","Industrial & Scientific",143440,"N/A","N/A","N/A","N/A","Borescopes",321,659.99,-25,11,4,-72,9273.06,2488.6,12,4.2,"HZDZ_Shop","Hong Kong",1,336,"N/A","Large bulky",11.8,17.2,19.7,17.54,1295.75,3239.37,"06/30/2025",20,8,6,0.95
"https://amazon.com/dp/B0D72YBNYG","https://m.media-amazon.com/images/I/71QsCH6WdWL._SX450_.jpg","B0D72YBNYG","Anysun Sewer Camera Self-Leveling, 512Hz Transmitter, Distance Counter, 7MM Diameter Cable, Microphone/DVR, 300FT/91.5M Pipe Inspection Camera, 9'' HD 1080P IPS Screen Plumbing Camera IP68-32GB","anysun","FBA","Industrial & Scientific",143440,"N/A","N/A","N/A","N/A","Borescopes",321,1099.99,-39,11,1,-72,9273.06,700.81,12,4.2,"HZDZ_Shop","Hong Kong",1,336,"N/A","Large bulky",12.5,19,23,29.55,1770.25,4425.64,"06/30/2025",21,7,6,0.95
"https://amazon.com/dp/B0DWS2LD48","https://m.media-amazon.com/images/I/71thH0MISlL._SX450_.jpg","B0DWS2LD48","Anysun Self-Leveling Sewer Camera with Distance Counter, 0.28in/7mm Diameter 165ft Cable, 9'' 1080P IPS Screen, Pipe Inspection Camera with DVR Recording-32GB","anysun","FBA","Industrial & Scientific",143585,717690767655,"N/A",0717690767655,"N/A","Borescopes",324,799.99,-8,11,3,-72,9273.06,2200.01,13,4.3,"HZDZ_Shop","Hong Kong",1,336,"N/A","Large bulky",15,12,9,17,525,1312.5,"06/30/2025",13,8,6,0.95
"https://amazon.com/dp/B0D72Y2V4Y","https://m.media-amazon.com/images/I/71thH0MISlL._SX450_.jpg","B0D72Y2V4Y","Anysun Sewer Camera Self-Leveling, 512Hz Transmitter, Distance Counter, 7MM Diameter Cable, Microphone/DVR, 200FT/60M Pipe Inspection Camera, 9'' HD 1080P IPS Screen Plumbing Camera IP68-32GB","anysun","FBA","Industrial & Scientific",143585,"N/A","N/A","N/A","N/A","Borescopes",324,929.99,-31,11,1,-72,9273.06,1224.67,12,4.2,"HZDZ_Shop","Hong Kong",1,336,"N/A","Large bulky",11.2,15.5,18.7,21.05,1052.05,2630.12,"06/30/2025",21,7,6,0.95
"https://amazon.com/dp/B0D736PNX1","https://m.media-amazon.com/images/I/71thH0MISlL._SX450_.jpg","B0D736PNX1","Anysun Sewer Camera Self-Leveling, 512Hz Transmitter, Distance Counter, 7MM Diameter Cable, Microphone/DVR, 165FT/50M Pipe Inspection Camera, 9'' HD 1080P IPS Screen Plumbing Camera IP68-32GB","anysun","FBA","Industrial & Scientific",143585,"N/A","N/A","N/A","N/A","Borescopes",324,999.99,-32,11,1,-72,9273.06,930.16,12,4.2,"HZDZ_Shop","Hong Kong",1,336,"N/A","Large bulky",10.9,15.3,18.5,20.15,999.85,2499.62,"06/30/2025",21,7,6,0.95
"https://amazon.com/dp/B0D7HRSBK7","https://m.media-amazon.com/images/I/71sUyIXhObL._SX450_.jpg","B0D7HRSBK7","Anysun Sewer Camera Self-Leveling, Distance Counter, 7MM Diameter Cable, Microphone/DVR, 300FT/91.5M Sewer Pipe Inspection Camera with 9'' HD 1080P IPS Screen, Plumbing Camera IP68 Waterproof -32GB","anysun","FBA","Industrial & Scientific",143585,"N/A","N/A","N/A","N/A","Borescopes",324,899.99,-30,11,2,-72,9273.06,1728,12,4.2,"HZDZ_Shop","Hong Kong",2,336,"N/A","Large bulky",13,19.5,22.6,29.28,1856.65,4641.63,"06/30/2025",20,7,6,0.95
"https://amazon.com/dp/B0CWCW5ZQR","https://m.media-amazon.com/images/I/61wuvgiFibL._SX450_.jpg","B0CWCW5ZQR","Endoscope Camera, USB Industrial Borescope with 6 LED Lights, 7mm Probe Pipe Inspection Snake Camera IP67 Waterproof for Android, for Windows(1 Meter / 3.3ft)","Yuecoom","FBA","Industrial & Scientific",143833,"N/A","N/A","N/A","N/A","Borescopes",323,12.69,-19,7,7,-114,87.52,87.36,22,2.9,"Duyonzz","China",1,258,"N/A","Large Standard-Size",1.46,4.76,4.92,0.15,17.21,47.49,"11/30/2025",24,9,0,0.3
"https://amazon.com/dp/B0DSHGG8VW","https://m.media-amazon.com/images/I/719-w+QCPhL._SX450_.jpg","B0DSHGG8VW","Two-Way Articulating Borescope Camera with Light, GODIAG Industrial Endoscope with 0.33in Articulated Snake Cam, Video Inspection Scope with Light for Automotive Aircraft Mechanics- 5.5FT","GODIAG","FBA","Industrial & Scientific",144462,889327085668,"N/A",0889327085668,"N/A","Borescopes",326,85.99,-34,12,4,179,911.78,342.61,61,4.4,"GODIAG SHOP","China",1,219,"N/A","Large Standard-Size",2.91,9.45,17.48,2.85,242.27,668.33,"02/28/2025",12,7,2,0.2
"https://amazon.com/dp/B0G5NDX4TT","https://m.media-amazon.com/images/I/71kZXlTsQ0L._SX450_.jpg","B0G5NDX4TT","Inspection Camera with Light,1920P HD Industrial Endoscope with 5"" IPS Screen,Two-Way Articulating Borescope with 0.23in Snake Cable Camera for Pipe/Sewer/Automotive/Wall","epicmate","FBA","Industrial & Scientific",144729,"N/A","N/A","N/A","N/A","Borescopes",324,149.99,-132,10,10,,1599.9,1599.88,13,4.7,"BESTISAN-Store","China",1,0,"N/A","Large Standard-Size",2.44,9.69,16.81,1.61,200.1,552.01,"02/28/2026",1,9,0,0.77
"https://amazon.com/dp/B0FPQYQN2G","https://m.media-amazon.com/images/I/71S+PNuKtZL._SX450_.jpg","B0FPQYQN2G","Sanyipace Heavy-Duty Sewer Camera 328FT/100M, Self-Leveling, 0.27in Rigid Cable w/ 512Hz Transmitter, Real-Time Distance Counter, Plumbing Camera with Microphone Speaker, DVR Recorder, 32GB TF Card","Sanyipace","FBA","Industrial & Scientific",144858,"N/A","N/A","N/A","N/A","Borescopes",330,1999.99,-1,23,4,827,44720.66,7718.49,45,4,"Urselection","China",1,55,224,"Extra-large 50+ to 70 lb",12.25,22.5,27.25,38.85,2434.05,6085.12,"01/31/2026",6,6,11,0.52
"https://amazon.com/dp/B0FCMPMFB8","https://m.media-amazon.com/images/I/71UAfGy7Q4L._SX450_.jpg","B0FCMPMFB8","ESANHAO Sewer Camera 100ft Drain Pipe Camera Plumbing Snake 8500mAh Battery, 23mm HD, 12LEDs, DVR Recording, 32GB TF Card Included","ESANHAO","FBA","Industrial & Scientific",145368,"N/A","N/A","N/A","N/A","Borescopes",327,259.99,-21,39,39,-19,10039.98,10039.48,16,4.8,"ESANHAO Store","China",1,0,"N/A","Large Standard-Size",7.64,12.83,15.31,8.29,755.86,2085.14,"09/30/2025",8,7,0,2.41
"https://amazon.com/dp/B0BHKH6JFR","https://m.media-amazon.com/images/I/713wfsTzFUL._SX450_.jpg","B0BHKH6JFR","Sewer Camera Self Leveling, Anysun Sewer Inspection Camera 200ft with 9'' Monitor and DVR Recorder with 32GB Card, Meter Marker, 12 Adjustable Lights","anysun","FBA","Industrial & Scientific",146473,774829651384,"N/A",0774829651384,"N/A","Borescopes",323,659.99,-22,20,2,250,12680.94,1350.67,32,4.5,"Nedive","Hong Kong",1,258,"N/A","Large bulky",11.5,17.25,19.7,20,1266.48,3166.19,"03/31/2024",41,7,5,0.64
"https://amazon.com/dp/B0D17T3N3P","https://m.media-amazon.com/images/I/71+qCQSBz2L._SX450_.jpg","B0D17T3N3P","Julaiwy Industrial Endoscope Borescope Camera with Light, Borescope Inspection Camera, Industrial Cameras 1080P HD 4.3"" Screen, IP67 Waterproof Snake Cameras with 8 LED lights, Gadgets for Men, 16.5Ft","Julaiwy","FBA","Industrial & Scientific",146955,"N/A","N/A","N/A","N/A","Borescopes",328,29.9,-2,10,10,-123,288.07,287.83,54,4.4,"Kecowl","China",1,266,"N/A","Large Standard-Size",2.99,4.88,7.32,1.12,53.77,148.34,"11/30/2024",23,8,0,0.18
"https://amazon.com/dp/B0C3D3JM9K","https://m.media-amazon.com/images/I/71gcyMUIhtL._SX450_.jpg","B0C3D3JM9K","Sewer Camera with Locator, Anysun Self Leveling Sewer Inspection Camera 100ft with Meter Marker and DVR, 9'' HD Monitor with 12 Adjustable Lights(32GB Card)","anysun","FBA","Industrial & Scientific",147444,774196181149,"N/A",0774196181149,"N/A","Borescopes",321,1059.99,-19,39,6,56,37013.48,6506.58,158,4.2,"Nedive","Hong Kong",1,650,5,"Large bulky",13,19,20.5,22.15,1640.95,4102.37,"02/28/2025",34,7,8,0.25
"https://amazon.com/dp/B093SVJZRZ","https://m.media-amazon.com/images/I/81HI4fp-8LL._SX450_.jpg","B093SVJZRZ","Anysun 100ft Pipe Video Inspection Camera with 512Hz Sonde and Receiver, Waterproof Drain Plumbing Camera Snake with 7' LCD Monitor DVR Recorder (8GB SD Card Included)","anysun","FBA","Industrial & Scientific",147447,770456789292,"N/A",0770456789292,"N/A","Borescopes",321,659.99,-39,38,10,54,35853.15,6874.19,158,4.2,"Nedive","Hong Kong",1,652,5,"Large bulky",7.9,16.5,21.5,20.1,908.23,2270.56,"02/28/2025",58,7,8,0.24
"https://amazon.com/dp/B0DNMGM6MH","https://m.media-amazon.com/images/I/71DURb8Ep3L._SX450_.jpg","B0DNMGM6MH","VEVOR Sewer Camera, 165 ft/50m, Self-Leveling Drain Camera with 512Hz Transmitter, Distance Counter, 9"" Screen 1080P HD Snake Plumbing Cameras with Lights-12 LED & 32GB Card for Duct Pipe","VEVOR","FBM","Industrial & Scientific",148836,197988808756,"N/A",0197988808756,"N/A","Borescopes",333,755.9,228,41,41,235,31079.73,31079.6,9,3.7,"Supdear","China",1,277,"N/A","Large bulky",17.72,17.32,14.76,31.09,"N/A","N/A","10/31/2025",15,12,0,5.92
"https://amazon.com/dp/B0DK6RFMLT","https://m.media-amazon.com/images/I/71nKFY7AeIL._SX450_.jpg","B0DK6RFMLT","N150 Articulating Borescope, 210° Two-Way Endoscope Camera with 0.24in IP67 Waterproof Probe, 3.3FT Flexible Hose, Borescope Tool for Appliances, Automotive HVAC and Industrial Machinery","MR CARTOOL","FBA","Industrial & Scientific",149387,"N/A","N/A","N/A","N/A","Borescopes",334,86.8,-4,9,2,-133,578.86,160.43,13,4,"MR CARTOOL DIRECT","China",1,0,"N/A","Large Standard-Size",3.19,8.54,12.64,2.18,173.37,478.26,"10/31/2025",16,8,2,0.67
"https://amazon.com/dp/B0F8V51XJ7","https://m.media-amazon.com/images/I/71pVgPzwfCL._SX450_.jpg","B0F8V51XJ7","Two-Way Articulating Borescope with Light, Industrial Endoscope Camera with 0.24in/6.25mm Articulated Probe, IP67 Waterproof Snake Inspection Scope for Mechanic Aircraft Automotive Engine","MR CARTOOL","FBA","Industrial & Scientific",149550,"N/A","N/A","N/A","N/A","Borescopes",337,59.47,-27,9,7,-133,578.86,418.31,13,4,"MR CARTOOL DIRECT","China",1,0,"N/A","Large Standard-Size",2.91,12.05,15.39,1.65,271.7,749.53,"10/31/2025",10,9,2,0.67
"https://amazon.com/dp/B0G7G3DN5G","https://m.media-amazon.com/images/I/71xkmdc9Y7L._SX450_.jpg","B0G7G3DN5G","Endoscope Camera with Light, Dual Lens Industrial Borescope Camera with 8 LED Lights, IP67 Waterproof Sewer Inspection Camera with 4.3"" LCD Screen and 16.5FT Flexible Cable for Sewer, Pipe, Car Engine","KERUI","FBA","Industrial & Scientific",150035,"N/A","N/A","N/A","N/A","Borescopes",317,59.99,-34,15,15,,818.75,818.64,4,5,"Safety KERUI-US","China",1,0,"N/A","Large Standard-Size",1,1,1,0.5,0.5,1.39,"01/31/2026",3,9,0,3.65
"https://amazon.com/dp/B0CSDPRBWN","https://m.media-amazon.com/images/I/71PeZPHQNTL._SX450_.jpg","B0CSDPRBWN","Danculpe Self-Leveling Sewer Camera with 512Hz Locator, 165FT/50M & 7MM Cable, Distance Counter, 10"" IPS Drain Pipe Inspection Camera with DVR, 12 Adjustable LEDs for Home, Duct Plumbing","Danculpe","FBA","Industrial & Scientific",150309,794969827579,"N/A",0794969827579,"N/A","Borescopes",333,799.99,"N/A",13,1,1525,8500.34,1114.03,16,4.2,"hainanshengtianaikejiyouxiangongsi","China",1,0,"N/A","Large bulky",16.25,18,23,34,2180.21,5450.52,"01/31/2026",26,6,5,0.83
"https://amazon.com/dp/B0CCJ5R7RF","https://m.media-amazon.com/images/I/611XYYBfbqL._SX450_.jpg","B0CCJ5R7RF","Endoscope Camera with Light, 1920P HD Borescope with 8 Adjustable LED Lights, with iOS System,not for 15+","OKUBOX","FBA","Industrial & Scientific",150921,701807732650,"N/A",0701807732650,"N/A","Borescopes",337,13.99,-19,18,18,-79,257.59,257.25,214,3.9,"OKUBOX","China",1,1731,8,"Large Standard-Size",1.26,5.31,5.55,0.37,18.71,51.63,"03/31/2025",31,6,0,0.09
"https://amazon.com/dp/B0DKBSW4WR","https://m.media-amazon.com/images/I/71IsfO7S-FL._SX450_.jpg","B0DKBSW4WR","Anysun Sewer Camera Self Leveling with Locator, 7MM Stronger Pushrod, Meter Marker, 32GB Card, 9'' HD Monitor, 300Ft/91.5M Sewer Pipe Drain Inspection Camera IP68 with DVR Industrial Borescope Snake","anysun","FBA","Industrial & Scientific",151162,"N/A","N/A","N/A","N/A","Borescopes",369,1499.99,-35,12,1,93,9133.06,985.93,4,3.6,"Yongchangsheng tech","China",1,100,"N/A","Large bulky",14.5,19.45,21,29.6,1919.34,4798.34,"01/31/2026",14,8,9,3.11
"https://amazon.com/dp/B0C5F2VF9C","https://m.media-amazon.com/images/I/618I0bzDskL._SX450_.jpg","B0C5F2VF9C","Zooke Drain Pipeline Inspection Replacement, 0.9inch/23mm Sewer Camera Accessories 12LED Waterproof IP68 for Pipe Drain, Professional Waterproof Endoscope Camera Replacement","Zooke","FBA","Industrial & Scientific",153579,"N/A","N/A",7679546282183,"N/A","Borescopes",340,108.93,3,3,3,,385.21,385.1,1,1,"Yixvtn-US","China",2,12,"N/A","Large Standard-Size",2.99,4.09,7.05,0.44,43.47,119.91,"12/31/2024",21,9,0,2.57
"https://amazon.com/dp/B0B2ZPN8RH","https://m.media-amazon.com/images/I/71p5pF63noL._SX450_.jpg","B0B2ZPN8RH","Autel MaxiVideo MV108S Inspection Camera - 8.5mm Diameter, Imager USB Endoscope with Light, 1920x1080 HD 2MP Borescope for Autel Scanner & PC, Upgraded Waterproof Inspection Camera and Cable USB","Autel","FBA","Industrial & Scientific",154488,793101650846,"N/A",0793101650846,"N/A","Borescopes",340,49,-27,11,11,,517.53,517.44,55,4.7,"Autel Powerful","China",1,0,"N/A","Large Standard-Size",1.85,6.93,12.56,0.84,81.07,223.65,"01/31/2026",45,7,2,0.19
"https://amazon.com/dp/B0D9NXWB82","https://m.media-amazon.com/images/I/71cpmS-45FL._SX450_.jpg","B0D9NXWB82","150 FT Sewer Camera Snake,with 12 LED 32GB Card 4.3'' Video Screen,HD JQKJCAM Plumbing Pipe Drain Inspection Camera with Light Distance Counter for Plumber Householder(50M/165FT)","JQKJCAM","FBA","Industrial & Scientific",155451,"N/A","N/A","N/A","N/A","Borescopes",345,332,-28,20,2,145,5416.42,666.59,14,4.3,"JJKJ Cam","China",1,131,"N/A","Large Standard-Size",13.39,11.8,6.3,9.26,501.16,1382.52,"05/31/2024",19,8,19,1.44
"https://amazon.com/dp/B0D9NT979V","https://m.media-amazon.com/images/I/71cpmS-45FL._SX450_.jpg","B0D9NT979V","Sewer Camera 100FT,W/ 4.3'' IPS HD 32GB DVR Screen,JQKJCAM HD 0.9'' Snake Sewer Drain Iinspection Camera with 12 Light Meter Counter,23MM Sewer Line Cameras Waterproof for Pipes Plumber (30m)","JQKJCAM","FBA","Industrial & Scientific",155587,"N/A","N/A","N/A","N/A","Borescopes",342,246.99,-26,20,5,145,5416.42,1260.02,14,4.3,"JJKJ Cam","China",1,131,"N/A","Large Standard-Size",6.5,12.1,14,8.3,554.37,1529.31,"05/31/2024",19,8,19,1.44
"https://amazon.com/dp/B0D9NVPM2Q","https://m.media-amazon.com/images/I/71GCNJ0pVaL._SX450_.jpg","B0D9NVPM2Q","150 FT Sewer Camera Snake,with 32GB Card 4.3'' Video Screen,JQKJCAM Sewer Inspection Pipe Drain Camera with Light Meter Counter,17MM/0.67'' Plumbing Borescope for Plumber Householder(50M)","JQKJCAM","FBA","Industrial & Scientific",155592,"N/A","N/A","N/A","N/A","Borescopes",342,332.6,-12,20,1,145,5416.42,462.48,14,4.3,"JJKJ Cam","China",1,131,"N/A","Large Standard-Size",13.39,11.8,6.3,9.26,501.16,1382.52,"05/31/2024",19,8,19,1.44
"https://amazon.com/dp/B0FZGNG588","https://m.media-amazon.com/images/I/81J5NSngbvL._SX450_.jpg","B0FZGNG588","5"" Dual-View Handle Endoscope Camera,2MP Front&Side Lens,IP67 Waterproof 5M Semi-Rigid Cable,360° Probe Control,4-Level LED,3X Zoom,Video&Photo Recording,Inspection Camera for Industrial Use,32GB Card","HOAYVKJ","FBA","Industrial & Scientific",155880,768904902461,"N/A",0768904902461,"N/A","Borescopes",346,59.99,129,7,2,,276.64,114.85,9,4.9,"HOAYVKJ-US","China",1,0,"N/A","Large Standard-Size",11.81,6.3,3.54,1.5,132.61,365.81,"01/31/2026",4,9,2,0.78
"https://amazon.com/dp/B0FK29787B","https://m.media-amazon.com/images/I/81DDddwWxAL._SX450_.jpg","B0FK29787B","Anysun 9'' Sewer Camera Self Leveling, 7MM Fiberglass Cable, Length Marker, 5100mAh, IPS Screen, HD 1080P with DVR - 32GB, IP68 Sewer Scope Pipe Drain Plumbing Inspection Cameras Borescope Snake-100Ft","anysun","FBA","Industrial & Scientific",155973,"N/A","N/A","N/A","N/A","Borescopes",347,439.99,-14,9,7,,4032.05,3008.23,1,5,"Yongchangsheng tech","China",1,0,"N/A","Large bulky",18,18,10,16,1050,2625,"11/30/2025",4,7,2,8.68
"https://amazon.com/dp/B0CMTX8ZM6","https://m.media-amazon.com/images/I/71XLL7Il9PL._SX450_.jpg","B0CMTX8ZM6","DEPSTECH Upgraded 5'' IPS Endoscope Camera with Light, 1080P HD Borescope for Sewer Inspection, Waterproof Drain Pipe Plumbing Camera, Cool Tech Gadgets for Men","DEPSTECH","FBA","Industrial & Scientific",157416,"N/A","N/A","N/A","N/A","Borescopes",336,81.69,-54,19,19,-59,1650.47,1650.17,700,4.5,"DEPSTECH Authorized Store","China",1,0,"N/A","Large Standard-Size",2.8,11.5,14.33,4.45,232.32,640.87,"08/31/2025",27,9,2,0.03
"https://amazon.com/dp/B00SUZ0P7U","https://m.media-amazon.com/images/I/71xGojiBMwL._SX450_.jpg","B00SUZ0P7U","2026 Autel MaxiVideo MV105S Digital Inspection Camera, 5.5mm Ultra-Slim Probe 90° Wide-Angle Borescope, IP67 Waterproof USB Endoscope Snake Camera w/LED Lights & 3.3ft Cable, for Autel Scanners & PC","Autel","FBA","Industrial & Scientific",158606,701160468920,"N/A",0701160468920,"N/A","Borescopes",332,49,7,2,2,-97,113.11,112.98,189,4.5,"UBking","China",1,129,-18,"Large Standard-Size",2.6,6.89,9.84,0.86,88.75,244.82,"12/31/2024",133,7,0,0.01
"https://amazon.com/dp/B0GJ6YM2NJ","https://m.media-amazon.com/images/I/41Z2HgcotqL._SX450_.jpg","B0GJ6YM2NJ","Vividia ME-410i Joystick Articulating Borescope 4mm Diameter 1m Flexible IP67 Waterproof Probe for iOS & Android","VIVIDIA","FBM","Industrial & Scientific",158944,"N/A","N/A","N/A","N/A","Borescopes",351,399.98,"N/A",3,1,,1076.59,264.15,6,4,"Oasis Scientific Inc.","USA",1,0,"N/A","N/A","N/A","N/A","N/A","N/A","N/A","N/A","01/31/2026",42,9,2,0.56
"https://amazon.com/dp/B0FC639HC1","https://m.media-amazon.com/images/I/71Qeg9Lvk2L._SX450_.jpg","B0FC639HC1","Sewer Camera with 18mm 512hz Transmit,Pipe Inspection Camera 7"" DVR Waterproof IP68 Borescope Plumbing Drain Endoscope 32GB Card for Home Wall Duct Drain Pipe Plumbing","JINXINEBAY","FBA","Industrial & Scientific",159454,"N/A","N/A","N/A","N/A","Borescopes",344,334.37,-25,13,13,-23,4739.56,4739.28,2,3.5,"31yoosee","China",1,0,"N/A","Large bulky",10.75,12.9,14.5,13,651.64,1629.11,"12/31/2025",9,6,2,6.57
"https://amazon.com/dp/B0FSS5Q37H","https://m.media-amazon.com/images/I/71EXeW4bJvL._SX450_.jpg","B0FSS5Q37H","AUTOOL Dual Lens Borescope, 4.3” IPS Screen HD Inspection Camera, 0.25inch Endoscope 3FT Semi-Rigid Cable, 210° Articulation, 6 LED Lights, IP67 Waterproof, 32GB SD Card","AUTOOL","FBA","Industrial & Scientific",160038,"N/A","N/A",6970039380043,"N/A","Borescopes",353,169.99,"N/A",28,4,102,3746.41,697.19,18,4.5,"AUTOOL-DIRECT","China",1,215,"N/A","Large Standard-Size",9.6,9.6,5.1,2.3,236.64,652.8,"10/31/2025",5,9,4,1.54
"https://amazon.com/dp/B0FP4TT49F","https://m.media-amazon.com/images/I/81hKy-cGFfL._SX450_.jpg","B0FP4TT49F","Anysun Sewer Camera with 512Hz Sonde Transmitter, 100ft Plumbing Camera Snake with DVR Recorder, Inspection Cam with 7"" LCD Monitor with Fiber Optic Cable Wire","anysun","FBA","Industrial & Scientific",160811,717308720591,"N/A",0717308720591,"N/A","Borescopes",358,499.92,92,3,1,-62,1258.02,404.92,139,4.3,"HZDZ_Shop","Hong Kong",1,101,-53,"Large bulky",8.27,16.54,18.5,17.64,819.8,2049.51,"07/31/2024",6,7,4,0.02
"https://amazon.com/dp/B0CTMW2TW9","https://m.media-amazon.com/images/I/61o4gRe+pyL._SX450_.jpg","B0CTMW2TW9","JQKJCAM Sewer Camera Battery 12V 4500mAh, Drain Pipe Borescope Replacement Accessory,Rechargeable Battery for Sewer Inspection Borescope Camera 9600A/9600B/WP90A/WP90B(17/23mm Camera Head)","JQKJCAM","FBA","Industrial & Scientific",160827,"N/A","N/A","N/A","N/A","Borescopes",357,158,"N/A",0,0,-106,"-","-",2,5,"JJKJ Cam","China",1,118,"N/A","Large Standard-Size",4.4,3.15,2.44,0.9,17.03,46.97,"04/30/2025",25,7,3,0
"https://amazon.com/dp/B0FB3HPFB2","https://m.media-amazon.com/images/I/71XOE2WnqGL._SX450_.jpg","B0FB3HPFB2","Anysun Sewer Camera with Locator, Distance Counter, Self-Leveling & 7mm Push Cable, 100FT Pipe Inspection Camera with 512Hz Transmitter, 9” 1080P IPS Screen, DVR 32GB – for Plumbers & Inspectors","anysun","FBA","Industrial & Scientific",161960,750880022523,"N/A",0750880022523,"N/A","Borescopes",353,1049.99,"N/A",14,8,265,20719.98,10739.55,14,4.3,"HZDZ_Shop","Hong Kong",2,0,"N/A","Large bulky",15,10,15,15,729.17,1822.92,"05/31/2025",9,11,4,1
"https://amazon.com/dp/B0D72K42F5","https://m.media-amazon.com/images/I/71e59boqEGL._SX450_.jpg","B0D72K42F5","Anysun Sewer Camera with Locator, Distance Counter, Self-Leveling & 7mm Push Cable, 165FT Pipe Inspection Camera with 512Hz Transmitter, 9” 1080P IPS Screen, DVR 32GB – for Plumbers & Inspectors","anysun","FBA","Industrial & Scientific",162183,"N/A","N/A","N/A","N/A","Borescopes",354,1159.99,-8,14,4,265,20719.98,6072.84,14,4.3,"HZDZ_Shop","Hong Kong",1,0,"N/A","Large bulky",15.5,15.5,19,20,1479.32,3698.29,"05/31/2025",21,8,4,1
"https://amazon.com/dp/B0DBHT7F23","https://m.media-amazon.com/images/I/61aCGizHj6L._SX450_.jpg","B0DBHT7F23","Teslong Endoscope Replacement Cable with Light, Dual Lens Inspection Camera 8mm/0.31inch Waterproof Probe Compatible with NTS500, NTS300(3.3FT)","Teslong","FBA","Industrial & Scientific",163233,"N/A","N/A","N/A","N/A","Borescopes",355,69.99,32,10,10,525,718.69,718.49,6,4.8,"Teslong","China",1,126,"N/A","Large Standard-Size",1.93,5.63,6.73,0.46,36.82,101.57,"09/30/2024",19,6,0,1.71
"https://amazon.com/dp/B0FHHF2V6P","https://m.media-amazon.com/images/I/819kFsOWuML._SX450_.jpg","B0FHHF2V6P","Hialemi Portable 9'' Sewer Camera with 512Hz Transmitter - 7MM/ 164Ft/ 50M Self Leveling Drain Camera & Meter Counter & 5X Zoom - 145° Plumbing Pipe Inspection Cam - 1080P IPS Screen & DVR 32GB","Hialemi","FBA","Industrial & Scientific",163306,"N/A","N/A","N/A","N/A","Borescopes",355,999.99,-10,17,3,-8,14600.56,2918.69,13,4.5,"Hialemi-US Direct","China",1,0,"N/A","Large bulky",13,16,21,25.9,1415.56,3538.89,"11/30/2025",8,9,6,1.53
"https://amazon.com/dp/B0CQC5KQ3X","https://m.media-amazon.com/images/I/715Q9nUNQ7L._SX450_.jpg","B0CQC5KQ3X","Sanyipace Sewer Camera 100FT/30M with DVR Recorder, Drain Camera with Lights, Pipe Sewer Scope Inspection Camera with IP68 Waterproof Camera Probe, 9"" Color Screen, 16GB TF Card, Camera Guide Wheel","Sanyipace","FBA","Industrial & Scientific",164591,"N/A","N/A","N/A","N/A","Borescopes",347,2199.99,-12,25,2,643,48371.87,5257.85,45,4,"Urselection","China",1,57,235,"Large bulky",16.4,20.4,20.9,42.3,2266.02,5665.06,"01/31/2026",21,6,11,0.56
"https://amazon.com/dp/B0FSRJ2WMT","https://m.media-amazon.com/images/I/71YQIYhwtfL._SX450_.jpg","B0FSRJ2WMT","Endoscope Camera with Light, 1920P HD Borescope Camera with 8 Adjustable LED Lights, 5.9ft Bellows Endoscope with Light, IP67 Waterproof 8mm Endoscope for iOS and Android","ZOIOT","FBA","Industrial & Scientific",165648,"N/A","N/A","N/A","N/A","Borescopes",359,29.99,"N/A",8,0,-118,250.32,"-",34,3.7,"YFD-US","China",0,0,"N/A","N/A","N/A","N/A","N/A","N/A","N/A","N/A","12/31/2025",7,9,1,0.25
"https://amazon.com/dp/B0CP3YBTT4","https://m.media-amazon.com/images/I/61VZRWkC4rL._SX450_.jpg","B0CP3YBTT4","Sanyipace Sewer Camera Type-c Adapter, US Plug, Battery Power Charger Adapter for Pipe Inspection Camera, Model: S8417D, Sewer Camera Accessories","Sanyipace","FBA","Industrial & Scientific",166013,"N/A","N/A","N/A","N/A","Borescopes",341,25.99,-22,1,1,200,20.02,19.97,1,5,"Yans Minie","China",1,0,"N/A","Large Standard-Size",1.85,2.99,3.58,0.13,9.97,27.5,"10/31/2025",27,5,0,0.75
"https://amazon.com/dp/B0CRNQK3SF","https://m.media-amazon.com/images/I/7168d1FQwmL._SX450_.jpg","B0CRNQK3SF","MATRIXCAMP Dual Lens Borescope, Endoscope Camera with Light for iPhone, iPad, Android, 1920P IP67 Waterproof,16.5FT Semi-Rigid Snake Camera,9 Adjustable Lights,Cool Gadgets for Men","MATRIXCAMP","FBA","Industrial & Scientific",168146,"N/A","N/A","N/A","N/A","Borescopes",367,19.99,"N/A",11,11,-119,222.96,222.75,200,4.3,"glowlink","China",1,3317,"N/A","Large Standard-Size",1.57,4.84,5.2,0.44,19.89,54.88,"11/30/2024",25,6,12,0.06
"https://amazon.com/dp/B0C45QGF4G","https://m.media-amazon.com/images/I/713aKQlNJML._SX450_.jpg","B0C45QGF4G","HBUDS Sewer Camera 100ft, 0.67in/17mm Probe Drain Camera, 4.3"" Color Monitor Borescope Endoscope, Rechargeable Battery Duct Septic Chimney Pipe Inspection Camera Snake w/DVR 16GB TF Card","HBUDS","FBA","Industrial & Scientific",168362,"N/A","N/A","N/A","N/A","Borescopes",352,349.99,11,9,4,,6879.83,1421.9,4,4.7,"Hanxuan tech","China",1,0,"N/A","Large bulky",7.76,15.55,15.71,9.11,614.35,1535.86,"01/31/2026",34,7,5,2.17
"https://amazon.com/dp/B0CBRVN4CW","https://m.media-amazon.com/images/I/71rLHUI9q0L._SX450_.jpg","B0CBRVN4CW","Sewer Camera 100ft/30m 4.3"" Pipe Inspection Camera with 16G DVR IP68 Waterproof Borescope w/LED Lights,Industrial Drain Endoscope for Home Wall Duct Drain Pipe Plumbing (101FT/30M)","SYOWNFS","FBA","Industrial & Scientific",168478,"N/A","N/A","N/A","N/A","Borescopes",366,289.99,-9,4,1,7,1123.67,341.94,39,4,"ENNIO","China",1,171,-51,"Large bulky",11.5,12.48,14.17,12.26,659.06,1647.66,"04/30/2024",32,7,4,0.1
"https://amazon.com/dp/B00J9RZQGS","https://m.media-amazon.com/images/I/61kHiN6ig1L._SX450_.jpg","B00J9RZQGS","Klein Tools 69455 Borescope Extension, 17 mm x 1 m","KLEIN TOOLS","Amazon","Industrial & Scientific",168654,092644694554,00092644694554,0092644694554,"N/A","Borescopes",344,22.36,-18,0,0,,"-","-",4,5,"Amazon","N/A",2,11,57,"Large Standard-Size",0.94,7.09,8.58,0.73,"N/A","N/A","08/31/2025",149,1,0,0
"https://amazon.com/dp/B0DRNW1YY9","https://m.media-amazon.com/images/I/81Sl2S+YqTL._SX450_.jpg","B0DRNW1YY9","Teslong Ultra-Thin 3.9mm Industrial Endoscope with Lights, 6"" IPS Screen Hnadle Borescope Automotive Mechanic Inspection Camera with 6000mAh Battery, 5FT Flexible Waterproof Gooseneck Probe","Teslong","FBA","Industrial & Scientific",169822,"N/A","N/A","N/A","N/A","Borescopes",371,329.99,-27,7,7,-37,2261.98,2261.82,19,4.6,"Teslong","China",1,116,"N/A","Large Standard-Size",4.29,13.11,14.88,4.28,421.3,1162.21,"10/31/2025",14,8,0,0.36
"https://amazon.com/dp/B0CP7Q7W54","https://m.media-amazon.com/images/I/71qWgWKFNlL._SX450_.jpg","B0CP7Q7W54","Sanyipace 7MM Sewer Camera, 512Hz Sonde Drain Camera, Self-Leveling Pipe Camera for Plumber, 10.1"" Touch Screen, 165FT/50M Borescope Inspection Camera, Distance Counter, Waterproof Plumbing Camera","Sanyipace","FBA","Industrial & Scientific",170105,"N/A","N/A","N/A","N/A","Borescopes",347,1299.88,-76,12,2,,15193.44,2499.61,14,3.8,"Yans Minie","China",1,0,"N/A","Large bulky",16.5,19.37,21,33.5,2175.09,5437.72,"02/28/2026",27,7,4,0.82
"https://amazon.com/dp/B0BWVD82JL","https://m.media-amazon.com/images/I/51BFznWqAmL._SX450_.jpg","B0BWVD82JL","HD Pipe Inspection Borescope Endoscope with 3.9mm USB-C for Mobile Phones and 5m Flexible Cord","Walfront","FBA","Industrial & Scientific",170506,"N/A","N/A","N/A","N/A","Borescopes",359,24.92,-22,2,2,25,50.27,50.22,4,2.5,"Luoyuu","China",2,0,"N/A","Large Standard-Size",1.46,5.08,5.16,0.28,19.21,52.99,"12/31/2025",36,9,0,0.49
"https://amazon.com/dp/B0CZDGRGNZ","https://m.media-amazon.com/images/I/51JUZ+EWUbL._SX450_.jpg","B0CZDGRGNZ","Sanyipace Sewer Camera Probe with Self-Leveling, 512Hz Sone, 1080P FHD Borescope, 12 PCS LED Lights, Plumbing Accessories, IP68 Waterproof (ONLY for Sanyipace Sewer Camera, Model: S610ASMKTCP)","Sanyipace","FBA","Industrial & Scientific",170584,"N/A","N/A","N/A","N/A","Borescopes",373,289.99,-28,15,3,12,2833.42,782.74,1,5,"Yans Minie","China",1,0,"N/A","Large Standard-Size",7.1,4,1.6,0.6,22.88,63.11,"12/31/2025",23,7,8,14.86
"https://amazon.com/dp/B0D2SP5BDK","https://m.media-amazon.com/images/I/51MDV7OCKZL._SX450_.jpg","B0D2SP5BDK","Sanyipace Sewer Camera Probe, 1080P Resolution, 23mm/0.9in Drain Camera Probe, 12pcs LED Lights, IP68 Waterproof, Sewer Camera Accessories, Plumbing Tools (Model: S8951DM)","Sanyipace","FBA","Industrial & Scientific",170729,"N/A","N/A","N/A","N/A","Borescopes",376,269.99,"N/A",15,3,12,2833.42,721.6,1,5,"Yans Minie","China",1,0,"N/A","Large Standard-Size",1.54,3.94,7.01,0.37,21.33,58.84,"12/31/2025",22,7,8,14.86
"https://amazon.com/dp/B0CST61RTM","https://m.media-amazon.com/images/I/51IbiqCsEfL._SX450_.jpg","B0CST61RTM","Sanyipace Sewer Inspection Camera Probe, 0.67in/17mm Camera Lens, 8pcs LED Lights, 1000TVL, IP68 Waterproof (ONLY for Sanyipace Sewer Camera, Model: S8417D)","Sanyipace","FBA","Industrial & Scientific",170732,"N/A","N/A","N/A","N/A","Borescopes",376,139.99,-29,15,10,12,2833.42,1328.78,1,5,"Yans Minie","China",1,0,"N/A","Large Standard-Size",4.7,1.2,1.2,0.2,3.41,9.4,"12/31/2025",25,4,8,14.86
"https://amazon.com/dp/B0FMRQ7Q5C","https://m.media-amazon.com/images/I/71Jcewz4gML._SX450_.jpg","B0FMRQ7Q5C","Sewer Camera with 512Hz Transmitter,100FT/30M 23mm Pipe Inspection Camera DVR & Audio Self-Leveling with Keyboard Meter Counter 10"" IPS Screen, Plumbing Snake Borescope 12 LEDs HD 1000TVL,32GB Card","GAMWATER","FBA","Industrial & Scientific",172350,614019415023,"N/A",0614019415023,"N/A","Borescopes",368,654.22,-19,5,4,20,3226.95,2304.56,1,5,"huizhoushishanmaikejiyouxiangongsi","China",2,0,"N/A","Large bulky",13.7,15.9,18.4,24.3,1298.91,3247.28,"10/31/2025",6,6,4,4.72
"https://amazon.com/dp/B09WMH43L3","https://m.media-amazon.com/images/I/71ZM7MeD1rL._SX450_.jpg","B09WMH43L3","Teslong Endoscope Replacement Cable with Light, Triple Lens Inspection Camera 7.9mm/0.3inch Waterproof Probe Compatible with NTS500, NTS300(10FT)","Teslong","FBA","Industrial & Scientific",172390,"N/A","N/A","N/A","N/A","Borescopes",361,89.99,150,17,17,,1494.52,1494.25,9,4.8,"Teslong","China",1,154,"N/A","Large Standard-Size",2.44,8.74,8.78,1.12,94.3,260.15,"11/30/2024",47,6,0,1.85
"https://amazon.com/dp/B0FDR3H2YQ","https://m.media-amazon.com/images/I/511SeYQsFoL._SX450_.jpg","B0FDR3H2YQ","Digital Camera Borescope, Endoscope Camera with 4.3"" IPS 1920P HD Screen, 16.4FT Long with 8 LED Lights 8MM Semi-Rigid Cord Waterproof Bore Scope","Mephwiuo","FBA","Industrial & Scientific",172743,758483987430,"N/A",0758483987430,"N/A","Borescopes",376,21.99,-50,5,5,267,110.01,109.9,1,4,"Mephwiuo","China",1,0,"N/A","Large Standard-Size",2.13,5.24,7.2,0.97,40.46,111.61,"01/31/2026",8,7,0,4.71
"https://amazon.com/dp/B0F7XSRSBR","https://m.media-amazon.com/images/I/71+5StWglcL._SX450_.jpg","B0F7XSRSBR","Endoscope Camera with Light, 1920P HD Borescope Camera for iPhone, 16.4 Ft Semi-Rigid Snake Camera - 8 Adjustable LEDs, IP67 Waterproof Inspection Tools for iOS and Android, Cool Gadgets for Men","Ennovor","FBA","Industrial & Scientific",172826,"N/A","N/A","N/A","N/A","Borescopes",377,16.99,-20,21,21,,364.27,363.94,22,3.5,"ENNOVOR","China",1,0,"N/A","Large Standard-Size",1.5,4.76,4.92,0.42,17.69,48.79,"01/31/2026",5,9,0,0.98
"https://amazon.com/dp/B0FSXSQWQY","https://m.media-amazon.com/images/I/71pa2axUtvL._SX450_.jpg","B0FSXSQWQY","Sanyipace Sewer Camera 66FT/20M,7"" IPS Pop-up Screen,20X Digital Zoom,Waterproof Drain Camera with Distance Counter,Plumbing Camera with MIC & Speaker,32GB Card for Sewer Line Plumbing Inspection","Sanyipace","FBA","Industrial & Scientific",173255,"N/A","N/A","N/A","N/A","Borescopes",378,299.99,181,4,3,,1329.67,886.53,6,4.7,"SanyipaceDirect Store","China",1,0,"N/A","Large bulky",11.1,12.75,13.5,13.1,619.17,1547.93,"12/31/2025",5,8,6,0.67
"https://amazon.com/dp/B0FSXYGCBP","https://m.media-amazon.com/images/I/71YyB6Pj1qL._SX450_.jpg","B0FSXYGCBP","Sanyipace Sewer Camera 165FT/50M,7"" IPS Pop-Up Screen Plumbing Camera, Built-in 32GB DVR with Mic&Speaker,20X Digital Zoom,Distance Counter,IP68 Waterproof Drain Camera for Plumbers Homeowners","Sanyipace","FBA","Industrial & Scientific",173430,"N/A","N/A","N/A","N/A","Borescopes",380,419.88,"N/A",4,1,,1329.67,443.02,6,4.7,"SanyipaceDirect Store","China",1,0,"N/A","Large bulky",11,12.5,13.5,15.15,601.56,1503.91,"12/31/2025",5,8,6,0.67
"https://amazon.com/dp/B0D3BNBGQS","https://m.media-amazon.com/images/I/61vVWHoOsiL._SX450_.jpg","B0D3BNBGQS","WP9600FTR Sewer Camera Head with 512HZ Transmitter Guide Wheel Protector Cover,Replacement Accessory/Parts of 23mm/0.9'' JQKJCAM Drain Sewer Inspection Camera with Locator 12 Lights(WP90F SP09F)","JQKJCAM","FBA","Industrial & Scientific",173785,"N/A","N/A","N/A","N/A","Borescopes",379,272,-18,7,7,,1904.2,1904.15,"N/A","N/A","JJKJ Cam","China",1,0,"N/A","Large Standard-Size",3.9,3,2.1,0.66,12.37,34.13,"01/31/2026",22,7,0,"N/A"
"https://amazon.com/dp/B0G1Y9LGVV","https://m.media-amazon.com/images/I/71JfUvPpcAL._SX450_.jpg","B0G1Y9LGVV","4-Way 360° Articulating Borescope, 5"" HD Screen 6.2mm/0.24 in Slim Inspection Camera with Detachable Joystick & 4.0Ft Semi-Rigid Cable for Automotive,HVAC,Mechanical","PLAYOCCAR","FBA","Industrial & Scientific",173821,"N/A","N/A","N/A","N/A","Borescopes",367,216.6,-58,12,4,,1407.04,859.2,2,5,"PLAYOCCAR","China",1,0,"N/A","Large Standard-Size",3.62,11.14,12.8,2.98,259.88,716.92,"02/28/2026",4,7,2,6.21
"https://amazon.com/dp/B0CWN8HV4Q","https://m.media-amazon.com/images/I/71BjUWFhgBL._SX450_.jpg","B0CWN8HV4Q","Anysun Self-Leveling Sewer Inspection Camera with 512Hz Transmitter, Distance Counter, 7MM Thicker Cable, 330FT/100M Pipe Cam, 10"" IPS 1080P Screen and DVR/Audio Recording - 16GB","anysun","FBA","Industrial & Scientific",173997,"N/A","N/A","N/A","N/A","Borescopes",379,1699.99,-21,8,1,1450,8552.3,1377.21,24,4.1,"HZDZ_Shop","Hong Kong",1,67,"N/A","Large bulky",11.7,22.1,25.9,41,2170.31,5425.78,"11/30/2024",25,7,4,0.33
"https://amazon.com/dp/B0FPF1BG8T","https://m.media-amazon.com/images/I/81J4t-7HTtL._SX450_.jpg","B0FPF1BG8T","OKK Sewer Camera with 512Hz Locator, 9"" Self-Leveling Drain Camera 100ft, Distance Counter, 7mm Push Cable, IP68 Waterproof, DVR with Mic, 32GB Card, 5100mAh Battery, Professional Plumbing Camera","okk","FBA","Industrial & Scientific",174005,717308725497,"N/A",0717308725497,"N/A","Borescopes",372,1099.99,-55,9,9,,9594.66,9594.5,2,5,"LRDZ_Shop","China",1,0,"N/A","Large bulky",20,18,12,15,1400,3500,"02/28/2026",6,8,4,4.36
"https://amazon.com/dp/B0CW53H8RH","https://m.media-amazon.com/images/I/61aTSJ5FH0L._SX450_.jpg","B0CW53H8RH","23MM Sewer Camera Head Replacement,with Guide Wheel Protective Cover,Accessories Parts of JQKJCAM 9622A 9616A 9604A WP90A 9600A Pipe Drain Camera Plumbing Bore Scope Snake with 12PCS Lights","JQKJCAM","FBA","Industrial & Scientific",174075,"N/A","N/A","N/A","N/A","Borescopes",365,119,-31,13,13,-66,1580.65,1580.54,7,2.5,"JJKJ Cam","China",2,212,"N/A","Large Standard-Size",2.64,4.02,6.73,0.64,35.96,99.2,"10/31/2025",24,9,0,1.89
"https://amazon.com/dp/B0FLXR4H4W","https://m.media-amazon.com/images/I/71DabcxohBL._SX450_.jpg","B0FLXR4H4W","HBUDS Sewer Camera, Self Leveling Drain Camera 65ft with Meter Counter, 7mm Thick Cable, 9"" HD Screen 1080P Plumbing Cameras Snake with Light, 5100mAh Battery Duct Pipe Video Inspection Cam DVR 32GB","HBUDS","FBA","Industrial & Scientific",174672,769016776537,"N/A",0769016776537,"N/A","Borescopes",381,399.99,-17,16,6,-6,7227.37,2319.62,153,4.1,"ZI QUN","China",1,0,"N/A","Large bulky",21.5,18,12.5,16.5,1567.71,3919.27,"12/31/2025",7,7,10,0.11
"https://amazon.com/dp/B0FP26Y1ZQ","https://m.media-amazon.com/images/I/51Jfy+xafML._SX450_.jpg","B0FP26Y1ZQ","HBUDS Sewer Camera, Self Leveling Drain Camera 200ft with Meter Counter, 7mm Thick Cable, 9"" HD Screen 1080P Plumbing Cameras Snake with Light, 5100mAh Battery Duct Pipe Video Inspection Cam DVR 32GB","HBUDS","FBA","Industrial & Scientific",174679,769016779651,"N/A",0769016779651,"N/A","Borescopes",381,549.99,-10,16,2,-6,7227.37,904.35,153,4.1,"Hanxuan tech","China",1,0,"N/A","Large bulky",12.5,18,21.5,20.9,1567.71,3919.27,"12/31/2025",6,7,10,0.11
"https://amazon.com/dp/B0FY3BCW4L","https://m.media-amazon.com/images/I/71FODI+6jxL._SX450_.jpg","B0FY3BCW4L","HBUDS Sewer Camera with 512Hz Sonde, Self Leveling 230ft Drain Camera with Meter Counter, 7mm Cable, 9"" HD Screen 1080P Plumbing Cameras Snake with Light, 5100mAh Battery Pipe Inspection DVR 32GB","HBUDS","FBA","Industrial & Scientific",174846,717839117365,"N/A",0717839117365,"N/A","Borescopes",383,699.99,"N/A",16,1,-6,7227.37,863.11,153,4.1,"Hanxuan tech","China",1,0,"N/A","Large bulky",18.6,12.4,21.6,20,1614.48,4036.2,"12/31/2025",4,7,10,0.11
"https://amazon.com/dp/B0FM1V5N8N","https://m.media-amazon.com/images/I/71BpCXIvTZL._SX450_.jpg","B0FM1V5N8N","7"" Sewer Camera w/DVR Function,HD 1080P Screen Plumbing Drain Pipe Inspection Cam, Industrial Borescope Camera w/light,4x Zoom,IP68 Waterproof, 32GB Card, for Sewer Line, Home,Duct Drain Pipe Plumbing","Liwogi","FBA","Industrial & Scientific",174880,"N/A","N/A","N/A","N/A","Borescopes",363,329.99,10,1,1,-113,439.62,439.52,"N/A","N/A","Hot car parts","China",1,0,"N/A","Large Standard-Size",7.91,13.98,16.14,15.76,898.59,2478.88,"11/30/2025",7,9,3,"N/A"
"https://amazon.com/dp/B0CYSS11DP","https://m.media-amazon.com/images/I/71nZmy7kGgL._SX450_.jpg","B0CYSS11DP","Anysun Sewer Camera with 512hz sonde, Self Leveling Sewer Inspection Camera 100ft with 7MM Cable and Meter Marker, 9'' Monitor and DVR, 12 Adjustable Lights(32GB Card)","anysun","FBA","Industrial & Scientific",175222,774049583823,"N/A",0774049583823,"N/A","Borescopes",357,699.99,-15,34,19,114,24841.69,13484.09,15,4.2,"Nedive","Hong Kong",1,409,"N/A","Large bulky",11.5,17.2,19.5,16.7,1249.99,3124.97,"08/31/2025",23,7,3,2.26
"https://amazon.com/dp/B076CH47TD","https://m.media-amazon.com/images/I/31-ilAlMIsL._SX450_.jpg","B076CH47TD","Jonard Tools FIM-200 Fiber Optic Inspection Microscope 200x with FC/SC/ST and LC Adapters","Jonard Tools","Amazon","Industrial & Scientific",176530,811490019065,00811490019065,0811490019065,"N/A","Borescopes",360,237.95,"N/A",7,2,15,1648.03,440.29,50,4.2,"Amazon","N/A",4,154,-12,"Large Standard-Size",2.83,3.46,10.87,1.67,"N/A","N/A","05/31/2024",101,7,3,0.15
"https://amazon.com/dp/B0FVSJCK2J","https://m.media-amazon.com/images/I/615tY9pbeVL._SX450_.jpg","B0FVSJCK2J","Slim 5.5mm Endoscope Camera for iPhone 17/16/15/14/13/12/11 Pro Max & iPad, USB-C Direct Plug Borescope Camera Compatible with Samsung Galaxy S25/S24/S23/S22/S21+,16.5FT/5M Semi Rigid Inspection Cam","LUKZATEN","FBA","Industrial & Scientific",176851,"N/A","N/A","N/A","N/A","Borescopes",375,21.95,"N/A",3,3,,64.45,64.39,1,5,"Lukzaten US","China",1,0,"N/A","Large Standard-Size",5.91,3.94,1.57,0.35,18.43,50.85,"10/31/2025",5,9,0,2.93
"https://amazon.com/dp/B0C8161FYD","https://m.media-amazon.com/images/I/71CRr9pNAcL._SX450_.jpg","B0C8161FYD","Luxonis OAK-D Pro PoE OV9782 - Fixed Foxus","Luxonis","FBM","Industrial & Scientific",177726,850033682045,"N/A",0850033682045,"N/A","Borescopes",373,599,-37,0,0,,"-","-","N/A","N/A","Luxonis","USA",1,3,"N/A","Large Standard-Size",7.5,5.1,1.7,0.9,"N/A","N/A","02/28/2025",33,6,0,"N/A"
"https://amazon.com/dp/B0FF36VMQT","https://m.media-amazon.com/images/I/71sG08sCPUL._SX450_.jpg","B0FF36VMQT","FDGSAB Sewer Camera with 512Hz Locator, 20/30/50m, 7"" Pipeline Inspection kit with DVR Function, IP68, 12 Adjustable LEDs, A 32GB Card for Sewer Line, Home, Duct Drain Pipe Plumbing","FDGSAB","FBA","Industrial & Scientific",178158,"N/A","N/A","N/A","N/A","Borescopes",378,599.99,"N/A",10,0,-8,5947.74,"-",1,5,"sijifeng","China",0,0,"N/A","N/A","N/A","N/A","N/A","N/A","N/A","N/A","01/31/2026",8,7,3,9.73
"https://amazon.com/dp/B0FJRT1PLG","https://m.media-amazon.com/images/I/71rkLzul8eL._SX450_.jpg","B0FJRT1PLG","Dual-Lens Endoscope Camera with Light, 1920P HD Industrial Borescope with 4.3"" IPS, 7 LED Lights & 32GB Card, IP67 Waterproof Inspection Camera with 16.5ft Semi-Rigid Cable for Sewer HVAC Car Repair","DTVSUBS","FBA","Industrial & Scientific",178606,"N/A","N/A","N/A","N/A","Borescopes",374,39.99,-25,4,1,-91,141.2,43.27,1,5,"Bison America","USA",1,0,"N/A","Large Standard-Size",2.64,5.12,8.82,1.06,60.02,165.58,"12/31/2025",6,7,2,3.79
"https://amazon.com/dp/B0F64LBZW5","https://m.media-amazon.com/images/I/81Zzff2aTlL._SX450_.jpg","B0F64LBZW5","GearView 210°Articulating Borescope Camera - Inspection Camera 6 Light, Endoscope with 6.2mm IP67 Waterproof Probe, 3X Zoom 2-Way Borescope with Flexible Cablegabg","GearView","FBA","Industrial & Scientific",179180,762849245232,"N/A",0762849245232,"N/A","Borescopes",385,69.99,-23,14,13,-65,1047.45,877.47,22,3.4,"GearView","China",1,0,"N/A","Large Standard-Size",3.54,11.14,12.64,2.23,250.96,692.31,"09/30/2025",10,7,2,0.65
"https://amazon.com/dp/B0DQY8XVZT","https://m.media-amazon.com/images/I/71buxscaTkL._SX450_.jpg","B0DQY8XVZT","Industrial Endoscope Inspection Camera, 4.3"" IPS Borescope Sewer Camera with IP67 Waterproof Snake Camera with 8 LED Lights, 1080P Digital Borescope Inspection Camera 65.6FT Semi-Rigid Cable","Jebousike","FBA","Industrial & Scientific",179694,"N/A","N/A","N/A","N/A","Borescopes",372,55.99,-14,1,0,-83,56.25,"-","N/A","N/A","Jebousike","China",1,69,"N/A","Large Standard-Size",3.86,8.19,11.14,2.46,177.24,488.92,"05/31/2025",14,7,6,"N/A"
"https://amazon.com/dp/B08R9VC1RB","https://m.media-amazon.com/images/I/71SzBw5Q9zL._SX450_.jpg","B08R9VC1RB","Wireless Rifle Borescope NIDAGE 0.2inch Rifle Bore Scope Gun Cleaning Camera Fits .20 Caliber and Larger, Visual Barrel Gun Endoscope with 3.28FT Cable, Side View Mirror for Bore Cleaning Inspection","NIDAGE","FBA","Industrial & Scientific",180447,791727101292,"N/A",0791727101292,"N/A","Borescopes",369,52.99,-13,28,28,-44,1492.54,1492.41,73,4.2,"TELESION","China",1,204,-37,"Large Standard-Size",1.89,7.32,7.48,0.68,52.1,143.73,"02/29/2024",62,7,0,0.39
"https://amazon.com/dp/B076CNDVFL","https://m.media-amazon.com/images/I/61g8NdfCXFL._SX450_.jpg","B076CNDVFL","Jonard Tools FIM-400 Fiber Optic Inspection Microscope 400x with FC/SC/ST and LC Adapters","Jonard Tools","Amazon","Industrial & Scientific",180970,811490019072,00811490019072,6018008378384,"N/A","Borescopes",375,223.12,-8,7,5,15,1648.03,1207.41,50,4.2,"Amazon","N/A",8,154,-12,"Large Standard-Size",3,3.4,10.8,1.7,"N/A","N/A","05/31/2024",101,7,3,0.15
"https://amazon.com/dp/B0CTMXJG7V","https://m.media-amazon.com/images/I/61UA4uTBhTL._SX450_.jpg","B0CTMXJG7V","JQKJCAM Sewer Camera Battery,12V 4500mAh Borescope Battery Box for Sewer Camera with 512HZ Sonde 9600F SP09F WP90F,Input 12.6V Output LED 9V Output Camera 9V for Pipe Inspection Camera with Locator","JQKJCAM","FBM","Industrial & Scientific",181007,"N/A","N/A","N/A","N/A","Borescopes",376,159.99,"N/A",0,0,-106,"-","-",1,4,"JJKJ Cam","China",1,118,"N/A","Large Standard-Size",4.4,3.15,2.44,0.9,"N/A","N/A","04/30/2025",25,9,3,0
"https://amazon.com/dp/B0DBDJ3FK2","https://m.media-amazon.com/images/I/313cgmjL4CL._SX450_.jpg","B0DBDJ3FK2","Endoscope 4-Piece Accessories Hook Magnet Side View Mirror Set, 8-Piece Accessories, Suitable for Kinpthy W400 W400-B Series","Kinpthy","FBA","Industrial & Scientific",181150,"N/A","N/A",4853862805414,"N/A","Borescopes",391,9.99,-16,50,50,-36,503.88,503.28,25,4.4,"Kinoscope","China",1,643,"N/A","Small Standard-Size",0.75,2.91,2.99,0.04,3.29,9.06,"11/30/2025",19,6,0,2.02
"https://amazon.com/dp/B0D2R7QG47","https://m.media-amazon.com/images/I/719-w+QCPhL._SX450_.jpg","B0D2R7QG47","Two-Way Articulating Borescope with Light, GODIAG Industrial Endoscope with Snake Scope Camera, Borescope Inspection Camera with Light for Automotive & Aircraft Mechanics (3.3FT Cord)","GODIAG","FBA","Industrial & Scientific",182043,889327074273,"N/A",0889327074273,"N/A","Borescopes",379,75.99,-40,12,8,179,911.78,568.91,63,4.4,"GODIAG SHOP","China",1,219,"N/A","Large Standard-Size",3.23,9.45,17.01,2.58,261.41,721.12,"02/28/2025",21,7,2,0.2
"https://amazon.com/dp/B0G356J23V","https://m.media-amazon.com/images/I/41kMwpc5huL._SX450_.jpg","B0G356J23V","3 in 1 Inspection Camera with Light, HD Inspection Camera Borescope, IP67 Waterproof Borescope with 6 Adjustable LED Light Snake Cable USB Adapter for Android Phone PC(1 M)","Vornetil","FBA","Industrial & Scientific",183406,"N/A","N/A","N/A","N/A","Borescopes",375,7.89,-1,87,65,,701.42,512.28,"N/A","N/A","brocade yjq","N/A",1,0,"N/A","Small Standard-Size",5.91,5.51,0.39,0.13,6.45,17.8,"01/31/2026",3,9,6,"N/A"
"https://amazon.com/dp/B0DP32X7SS","https://m.media-amazon.com/images/I/71l-3JKJyCL._SX450_.jpg","B0DP32X7SS","Sewer Camera Self-Leveling 200FT with 512Hz Sonde Transmitter, Built-in Distance Counter with 7mm Cable, 9"" HD Screen, Zoom, Portable Wheeled Suitcase Design for Drain, Pipe, and Industrial Use","PeachLeaf","FBA","Industrial & Scientific",183502,717504238715,"N/A",0717504238715,"N/A","Borescopes",394,769.99,-10,1,1,-63,394.28,394.25,1,5,"YoJo-Tech","China",1,76,"N/A","Extra-large 50+ to 70 lb",17,21.5,23.4,37.5,2771.71,6929.27,"02/28/2025",15,8,4,0.52
"https://amazon.com/dp/B0C1NZPCLW","https://m.media-amazon.com/images/I/51MUnVec-7S._SX450_.jpg","B0C1NZPCLW","Endoscope, Industrial Borescope 3.9mm Lens Type C USB Snake Camera, High Definition Inspection Camera (5m Cord)","Hilitand","FBA","Industrial & Scientific",183958,"N/A","N/A","N/A","N/A","Borescopes",396,27.66,-9,0,0,-110,"-","-",1,5,"Simangy","China",2,28,"N/A","Large Standard-Size",1.46,5.16,10.24,0.26,38.84,107.14,"11/30/2025",35,9,0,0
"https://amazon.com/dp/B0FY1F412M","https://m.media-amazon.com/images/I/71oAJPi4abL._SX450_.jpg","B0FY1F412M","Dual-Lens Endoscope Camera with Light, POLEDY 1920P HD Borescope, 8 Adjustable LED Light, IP67 Waterproof, 16.4ft Snake Camera, Semi-Rigid Cable Inspection for Android, iOS","POLEDY","FBA","Industrial & Scientific",184840,797457691393,"N/A",0797457691393,"N/A","Borescopes",378,19.99,206,193,53,-92,3455.47,1051.09,180,4.2,"Shenzhen ZhanTeng Science and Trade Development Group Co., Ltd.","N/A",2,0,"N/A","Large Standard-Size",1.46,5.04,5.12,0.42,18.97,52.33,"11/30/2025",4,7,0,1.07
"https://amazon.com/dp/B0F26K9HW6","https://m.media-amazon.com/images/I/71XOJ2dF21L._SX450_.jpg","B0F26K9HW6","Endoscope Camera with Light, Single-Lens 1920P HD Borescope with 8 Adjustable LED Lights, Endoscopic Visualizer for iPhone & Android, 16.4ft Semi-Rigid Boroscope Inspection Tool","medetayi","FBA","Industrial & Scientific",184918,"N/A","N/A","N/A","N/A","Borescopes",380,14.99,-23,14,14,-112,213.38,213.12,59,4.2,"Xunshiwenhua Shop","China",2,0,"N/A","Large Standard-Size",1.69,5.16,5.35,0.42,23.49,64.8,"07/31/2025",11,7,2,0.24
"https://amazon.com/dp/B0CXR3J9ZS","https://m.media-amazon.com/images/I/41Z956wbGmL._SX450_.jpg","B0CXR3J9ZS","Vividia VA-400i USB One-Way Articulation Rigid Borescope Inspection Camera for iOS Phone Tablet Android Windows PC","VIVIDIA","FBA","Industrial & Scientific",185251,"N/A","N/A","N/A","N/A","Borescopes",383,299.98,-21,14,14,9,4108.96,4108.83,8,4.2,"SmokeDaddy LLC","USA",3,235,19,"Large bulky",2.5,4,28.5,2.65,92.36,230.9,"05/31/2025",24,9,0,1.71
"https://amazon.com/dp/B0BXSQX9FQ","https://m.media-amazon.com/images/I/61AiAbqmjCL._SX450_.jpg","B0BXSQX9FQ","Endoscope, 3-in-1 Type-C USB Inspection Camera, 6 Adjustable Led Light,Inspection Camera Borescope,for Android Mobile Phone Tablet PC Desktop Computer, Waterproof (Size:2m)","BNYTXV","FBA","Industrial & Scientific",185831,"N/A","N/A","N/A","N/A","Borescopes",384,9.99,-3,25,25,78,254.4,254.01,48,3.2,"nianjiekou","China",1,223,519,"Large Standard-Size",0.94,5.28,5.43,0.11,13.57,37.43,"12/31/2025",36,9,0,0.53
"https://amazon.com/dp/B0DQY8P187","https://m.media-amazon.com/images/I/71iWD1+iRFL._SX450_.jpg","B0DQY8P187","Endoscope Camera with Light, 4.3"" Inspection Camera, 1920P HD Borescope Camera with 8 LED Lights, IP67 Waterproof Snake Sewer Camera, 32.8FT Semi-Rigid Cord Drain Pipe Camera Cool Gadgets Tool","Jebousike","FBA","Industrial & Scientific",186421,"N/A","N/A","N/A","N/A","Borescopes",391,52.98,-26,1,0,-83,56.25,"-","N/A","N/A","Jebousike","China",1,69,"N/A","Large Standard-Size",1.38,3.39,4.06,0.26,9.53,26.28,"05/31/2025",14,7,6,"N/A"
"https://amazon.com/dp/B07L3M35C8","https://m.media-amazon.com/images/I/61CuWHITg-L._SX450_.jpg","B07L3M35C8","USB Endoscope MASO 5.5MM 2 in 1 IP67 Waterproof Borescope Inspection Camera with 6 Led and 5.5M Snake Cable USB Adapter for Android Phone Tablet Device - Cable length: 3.5M","MASO","FBM","Industrial & Scientific",187193,754914203001,"N/A",0754914203001,"N/A","Borescopes",400,18.69,-7,0,0,-33,"-","-",19,3.1,"Senriseus","China",1,11,83,"Large Standard-Size",0.94,5.04,5.75,0.21,"N/A","N/A","12/31/2025",87,8,4,0
"https://amazon.com/dp/B0BTH4WYWX","https://m.media-amazon.com/images/I/61bSQVnyiyL._SX450_.jpg","B0BTH4WYWX","AUTOOL Borescope Camera with Light, 210° Two-Way Endoscope Inspection Camera, 6.45mm Steering Len, 6 LED Light, HD 1080P Video Borescope Compatible with Android and iOS Phone with 3FT Snake Cable","AUTOOL","FBA","Industrial & Scientific",187877,"N/A","N/A",6972697787820,"N/A","Borescopes",392,125.99,-9,28,16,108,3821.3,1986.54,18,4.5,"AUTOOL-DIRECT","China",1,217,"N/A","Large Standard-Size",3.5,8.66,16.65,2.31,254.08,700.92,"10/31/2025",37,9,4,1.56
"https://amazon.com/dp/B0D1CJD7PL","https://m.media-amazon.com/images/I/61bSQVnyiyL._SX450_.jpg","B0D1CJD7PL","AUTOOL Two-Way Articulating Borescope with Light Endoscope Inspection Camera SVB305 SVB302","AUTOOL","FBA","Industrial & Scientific",187885,"N/A","N/A","N/A","N/A","Borescopes",390,114.94,"N/A",28,0,108,3821.3,"-",18,4.5,"AUTOOL-DIRECT","China",0,217,"N/A","N/A","N/A","N/A","N/A","N/A","N/A","N/A","10/31/2025",23,9,4,1.56
"https://amazon.com/dp/B0BTHFGGMW","https://m.media-amazon.com/images/I/61rb66q6G6L._SX450_.jpg","B0BTHFGGMW","AUTOOL Two-Way 210° Endoscope Camera with Light, 0.21inch Borescope Inspection Camera, 5-inch 1080P Articulating Borescope with LED Light 3FT Flexible Cable, 32GB SD Card","AUTOOL","FBA","Industrial & Scientific",187885,"N/A","N/A",6972697787837,"N/A","Borescopes",390,145.99,-14,28,8,108,3821.3,1107.38,18,4.5,"AUTOOL-DIRECT","China",1,217,"N/A","Large Standard-Size",3.46,8.5,16.57,2.67,245.35,676.84,"10/31/2025",37,8,4,1.56
"https://amazon.com/dp/B09L15Q1YW","https://m.media-amazon.com/images/I/51KNrcuad0L._SX450_.jpg","B09L15Q1YW","Sewer Camera Head Accessories Self-Leveling 512Hz Sonde Transmitter for Industrial Pipe Endoscope Inspection Camera with Wheel and Protective Cover（Dia:0.9inch/23mm）","SYANSPAN","FBM","Industrial & Scientific",188344,"N/A","N/A","N/A","N/A","Borescopes",394,399.99,-49,3,3,143,1246.42,1246.3,1,5,"pipe camera","China",2,43,-81,"Large Standard-Size",6.7,3.9,2,1.1,"N/A","N/A","04/30/2024",52,7,1,3.13
"https://amazon.com/dp/B0F38222C5","https://m.media-amazon.com/images/I/71iiOIb0TJL._SX450_.jpg","B0F38222C5","LONGCAN Two-Way Articulating Borescope with Light, Video Industrial Endoscope Inspection Camera with 0.33in Articulated Scope for Engine Aircraft Mechanics, Automotive Engine Inspect Tool-3.3FT","LONGCAN","FBA","Industrial & Scientific",189382,"N/A","N/A",5724305634030,"N/A","Borescopes",401,89,-16,0,0,,"-","-",2,5,"LONGCUN","China",1,0,"N/A","Large Standard-Size",16.54,9.84,2.76,2.31,225.82,622.95,"09/30/2025",28,10,0,0
"https://amazon.com/dp/B0FL1ZH8S1","https://m.media-amazon.com/images/I/713I-JrBdRL._SX450_.jpg","B0FL1ZH8S1","EIXAUP Sewer Camera 100 FT, 4.3"" HD Screen, 23mm Industrial Endoscope with Light,32GB Card, Portable Drain Camera with 8500mAh Battery,Ideal for Plumbers and Homeowners(No DVR)","EIXAUP","FBA","Industrial & Scientific",190053,"N/A","N/A","N/A","N/A","Borescopes",391,223.99,-20,33,25,265,7694.57,5486.14,6,4.8,"SYST","China",1,0,"N/A","Large Standard-Size",12,10.5,7,8,444.06,1225,"01/31/2026",7,7,3,5.53
"https://amazon.com/dp/B0CRV5JNY1","https://m.media-amazon.com/images/I/71JuHHh0QML._SX450_.jpg","B0CRV5JNY1","JINXINEBAY Sewer Pipe Inspection Camera, IPS Monitor 32GB TF Card DVR, IP68 1200TVL HD Camera 65/100FT Fiberglass Cable, 5600mAh Battery Night Vision, for Home/Contractor/Plumber (4.3 inch/65FT)","JINXINEBAY","FBA","Industrial & Scientific",190372,"N/A","N/A","N/A","N/A","Borescopes",397,219.99,-19,50,37,73,11362.56,7824.05,50,4.3,"JINXINEBAY Store","China",1,0,"N/A","Large bulky",8.1,11.3,16.1,7.05,477.57,1193.92,"01/31/2026",26,7,5,1.01
"https://amazon.com/dp/B0CRV7GPRM","https://m.media-amazon.com/images/I/71JuHHh0QML._SX450_.jpg","B0CRV7GPRM","JINXINEBAY Sewer Pipe Inspection Camera, IPS Monitor 32GB TF Card DVR, IP68 1200TVL HD Camera 65/100FT Fiberglass Cable, 5600mAh Battery Night Vision, for Home/Contractor/Plumber (4.3 inch/100FT)","JINXINEBAY","FBA","Industrial & Scientific",190395,"N/A","N/A","N/A","N/A","Borescopes",396,269.99,-6,50,13,73,11362.56,3538.14,50,4.3,"JINXINEBAY Store","China",1,0,"N/A","Large bulky",8.18,11.25,15.5,8,462.26,1155.64,"01/31/2026",26,7,5,1.01
"https://amazon.com/dp/B0DD2S2MXB","https://m.media-amazon.com/images/I/71XTozV+2IL._SX450_.jpg","B0DD2S2MXB","UNIOJO 5.2mm Borescope, Endoscope Camera with Light, IP67 Waterproof Sewer Camera with 4.3"" LCD Screen, 1080P HD with 8 LED Lights, 32GB Card, Carrying Case, Gadgets for Men & Tools for Men","UNIOJO","FBA","Industrial & Scientific",190415,"N/A","N/A","N/A","N/A","Borescopes",404,31.99,-51,5,11,,145.6,362.39,251,4.1,"UNIOJO","China",2,0,"N/A","Large Standard-Size",2.24,5.43,7.6,0.95,46.54,128.39,"02/28/2026",19,9,4,0.02
"https://amazon.com/dp/B0CQR83M83","https://m.media-amazon.com/images/I/71ERHQzr8fL._SX450_.jpg","B0CQR83M83","Sewer Pipe Inspection Camera,Sewer Camera 1080P HD 4.3"" IPS Screen,with 12 Adjustable LEDs, IP68 Waterproof Drain 1200TVL Pipeline Industrial Endoscope for Wall Duct Pipe Plumbing(JXEY220231222)","JINXINEBAY","FBA","Industrial & Scientific",190823,764749683053,"N/A",0764749683053,"N/A","Borescopes",398,278.99,-19,5,5,7,1393.77,1393.63,27,3.6,"31yoosee","China",1,134,"N/A","Large bulky",12,12,14,12.3,653.33,1633.33,"04/30/2024",26,6,1,0.19
"https://amazon.com/dp/B0FJ28BDRM","https://m.media-amazon.com/images/I/71GJg4R05wL._SX450_.jpg","B0FJ28BDRM","Dual Lens Industrial Endoscope with 4.3"" IPS Screen, 1080P Borescope, 16.5FT Detachable & Waterproof Cable, 64GB Card, 8 LED Lights for Sewer/Drain/Auto Inspection","Douevo","FBA","Industrial & Scientific",191093,768904902140,"N/A",0768904902140,"N/A","Borescopes",384,33.99,-16,22,13,-40,752.09,413.04,6,4.6,"JingQiBao","China",1,0,"N/A","Large Standard-Size",7,4,2,0.9,28.19,77.78,"09/30/2025",7,8,5,3.72
"https://amazon.com/dp/B0D9JZP3YH","https://m.media-amazon.com/images/I/51vKDFGTpYL._SX450_.jpg","B0D9JZP3YH","Endoscope Camera with Light, Borescope with Adjustable LED Light,Endoscope Camera,Waterproof Inspection Camera","MEIBAOGE","FBA","Industrial & Scientific",191132,"N/A","N/A",7645120370461,"N/A","Borescopes",406,12.99,-30,24,5,35,290.16,65.32,17,3.5,"YinQiBeauty","China",1,349,"N/A","Large Standard-Size",1.1,5.2,5.51,0.2,15.9,43.86,"11/30/2025",20,8,4,1.43
"https://amazon.com/dp/B0C3VSPVLS","https://m.media-amazon.com/images/I/5198B5Pue-L._SX450_.jpg","B0C3VSPVLS","Endoscope Cable Camera for iPhone,1080P HD Borescope with 8 Adjustable LED Light, IP68 Waterproof 8MM Semi-Rigid Snake Camera for iPhone 14/13/12/11/Pro/Pro Max/Plus/Mini, 6.6FT / 2M","LUKZATEN","FBA","Industrial & Scientific",191218,617037578350,"N/A",0617037578350,"N/A","Borescopes",399,23.5,-12,18,5,331,419.28,113.23,13,4.3,"Lukzaten US","China",1,123,38,"Large Standard-Size",6.3,5.5,0.8,0.16,13.96,38.5,"02/28/2025",34,9,4,1.4
"https://amazon.com/dp/B0D9K3BNRY","https://m.media-amazon.com/images/I/51vKDFGTpYL._SX450_.jpg","B0D9K3BNRY","Endoscope Camera with Light, Borescope with Adjustable LED Light,Endoscope Camera,Waterproof Inspection Camera","MEIBAOGE","FBA","Industrial & Scientific",191312,"N/A","N/A",7645120370454,"N/A","Borescopes",407,12.99,-20,24,6,35,290.16,80.66,17,3.5,"YinQiBeauty","China",1,349,"N/A","Large Standard-Size",1.3,5.2,5.24,0.17,17.8,49.1,"11/30/2025",20,8,4,1.43
"https://amazon.com/dp/B0DNW97B3J","https://m.media-amazon.com/images/I/711uUjuSdaL._SX450_.jpg","B0DNW97B3J","Anysun Sewer Camera with 512hz Sonde 150ft, Self Leveling Sewer Inspection Camera with Distance Counter, 7MM Diameter Cable with Trolley and Wheels, 9"" HD Monitor with DVR Drain Pipe Camera(32GB Card)","anysun","FBA","Industrial & Scientific",191722,717504238029,"N/A",0717504238029,"N/A","Borescopes",409,849.99,-40,14,10,7,11916.6,8655.64,2,5,"Nedive","Hong Kong",1,0,"N/A","Large bulky",15,19,23,29.45,2124.31,5310.76,"07/31/2025",13,7,2,6.9
"https://amazon.com/dp/B0D73JD9QK","https://m.media-amazon.com/images/I/61FITHUjm2L._SX450_.jpg","B0D73JD9QK","PLAYOCCAR articulating borescope Camera with Light 360°Rotating Lens 4-Way Upgraded Version, Waterproof IP67 Endoscope Camera (with Articulated Snake Inspection Camera), Endoskopkamera mit Licht 308","PLAYOCCAR","FBA","Industrial & Scientific",191979,"N/A","N/A","N/A","N/A","Borescopes",395,99,"N/A",1,1,,104,103.98,"N/A","N/A","PLAYOCCAR","China",1,6,"N/A","Large Standard-Size",13.78,11.81,3.54,3.2,290.34,800.94,"05/31/2025",21,7,0,"N/A"
"https://amazon.com/dp/B0CRKG9Y8G","https://m.media-amazon.com/images/I/71vsacwJjIL._SX450_.jpg","B0CRKG9Y8G","Pipe Snake Sewer Camera 100ft,Waterproof 16GB DVR JQKJCAM 0.67in/17mm Plumbing Borescope Camera for Drain Hole Wall Inspection, Cable wtih Length Marks (30M)","JQKJCAM","FBM","Industrial & Scientific",192259,"N/A","N/A","N/A","N/A","Borescopes",393,302,-40,20,3,145,5416.42,797.44,14,4.3,"JJKJ Cam","China",1,131,"N/A","Large Standard-Size",6.77,11.89,13.31,8.35,"N/A","N/A","05/31/2024",26,7,19,1.44
"https://amazon.com/dp/B0DSV7NH64","https://m.media-amazon.com/images/I/618mp01iZML._SX450_.jpg","B0DSV7NH64","Endoscope Camera with Light ELROTONEG, Borescope with 4.3"" LCD Screen, Inspection Camera HD with 8 Adjust LED Lights, 6.56 ft Semi-Rigid Cable, IP68 Waterproof Snake Camera","ELROTONEG","FBA","Industrial & Scientific",192923,"N/A","N/A","N/A","N/A","Borescopes",415,18.99,-30,42,42,-34,797.56,797.01,12,4.7,"ELROTONEG STORE OFFICIAL","USA",1,0,"N/A","Large Standard-Size",1.81,5.51,10.28,0.82,51.62,142.39,"11/30/2025",14,9,0,3.5
"https://amazon.com/dp/B0CRKGM7L8","https://m.media-amazon.com/images/I/71dGmlv98eL._SX450_.jpg","B0CRKGM7L8","JQKJCAM 23mm Rigid Sewer Camera - 100FT Waterproof Borescope for Hole Drain Wall Inspection, 16GB DVR Plumbing Camera with 12 LED Lights (30M)","JQKJCAM","FBM","Industrial & Scientific",193351,"N/A","N/A","N/A","N/A","Borescopes",403,315,-44,20,2,145,5416.42,548.47,14,4.3,"JJKJ Cam","China",1,131,"N/A","Large Standard-Size",6.61,11.97,13.31,8.65,"N/A","N/A","05/31/2024",26,7,19,1.44
"https://amazon.com/dp/B0FMKFY56V","https://m.media-amazon.com/images/I/51yDKlmywUL._SX450_.jpg","B0FMKFY56V","Sewer Camera 100ft/30M 7"" Rainproof IPS Screen Pipe Drain Inspection Camera DVR Recorder with Meter Marker 23MM 1080P Industrial Borescope 32G Card for Drain Pipe Plumbing","SYOWNFS","FBA","Industrial & Scientific",193969,"N/A","N/A","N/A","N/A","Borescopes",416,284.05,-29,24,6,347,6216.88,1605.31,5,4.4,"ENNIO","China",1,0,"N/A","Large Standard-Size",8,13.5,16.5,11.2,897.19,2475,"09/30/2025",7,7,4,4.79
"https://amazon.com/dp/B0FMKG8RJK","https://m.media-amazon.com/images/I/717VNXCSkCL._SX450_.jpg","B0FMKG8RJK","Sewer Camera 66ft/20M 7"" Rainproof IPS Screen Pipe Drain Inspection Camera DVR Recorder with Meter Marker 23MM 1080P Industrial Borescope 32G Card for Drain Pipe Plumbing","SYOWNFS","FBA","Industrial & Scientific",193969,"N/A","N/A","N/A","N/A","Borescopes",416,251.79,-41,24,18,347,6216.88,4611.12,6,4.3,"ENNIO","China",1,0,"N/A","Large bulky",12.99,11.66,16.93,7.87,831.02,2077.54,"09/30/2025",7,7,4,4
"https://amazon.com/dp/B00GY7C9ZW","https://m.media-amazon.com/images/I/61UAUlmbW8L._SX450_.jpg","B00GY7C9ZW","Vividia Ablescope VA-400 v5 Rigid One-Way Articulating USB Borescope 8.5mm/0.33"" Diameter 42cm/16.5"" IP67 Waterproof Probe","VIVIDIA","FBA","Industrial & Scientific",194865,858499002834,"N/A",0858499002834,"N/A","Borescopes",398,235.8,-12,15,15,8,3475.88,3475.76,202,3.9,"SmokeDaddy LLC","USA",4,190,-44,"Large bulky",3,4.4,28,2.55,119.78,299.44,"03/31/2024",147,9,0,0.07
"https://amazon.com/dp/B0B2VN9NCN","https://m.media-amazon.com/images/I/71YI0sEgguL._SX450_.jpg","B0B2VN9NCN","anysun Pipe Camera's Kit Cable Used for Brand HBUDS Sewer Camera 100ft Extension Cable for Pipe Cam,100ft Cable Parts for Pipe Inspection Cam Mode 7D1 / 7D3A/ 9D3A (30m/100ft)","anysun","FBM","Industrial & Scientific",196103,774980345498,"N/A",0774980345498,"N/A","Borescopes",410,229.92,54,1,1,-57,288.44,205.6,14,4.4,"HZDZ_Shop","Hong Kong",1,99,-35,"N/A","N/A","N/A","N/A","N/A","N/A","N/A","11/30/2024",45,3,2,0.08
"https://amazon.com/dp/B0B2VGF8L5","https://m.media-amazon.com/images/I/71YI0sEgguL._SX450_.jpg","B0B2VGF8L5","Pipe Camera's Kit Cable Used for Brand Anysun HBUDS Sewer Camera 165ft Extension Cable for Pipe Camera,165ft Cable Parts for Pipe Inspection Camera(50M/165FT Cable) (50m/165ft)","anysun","FBM","Industrial & Scientific",196114,774980345511,"N/A",0774980345511,"N/A","Borescopes",408,299.99,-31,1,0,-57,288.44,"-",14,4.4,"HZDZ_Shop","Hong Kong",1,99,-35,"N/A","N/A","N/A","N/A","N/A","N/A","N/A","11/30/2024",45,3,2,0.08
"https://amazon.com/dp/B07T7G66P8","https://m.media-amazon.com/images/I/81bcRBHka7L._SX450_.jpg","B07T7G66P8","Sewer Camera,100ft Plumbing Drain Camera with DVR 30M Cable Industrial Endoscope Waterproof IP68 Cable Snake Video System with 7 Inch LCD Monitor 1000TVL DVR Recorder","anysun","FBA","Industrial & Scientific",196171,699953439793,"N/A",0699953439793,"N/A","Borescopes",404,399.99,-20,3,2,-62,1258.02,622.69,139,4.3,"HZDZ_Shop","Hong Kong",1,101,-53,"Large bulky",7.2,14.9,16.9,15,587.56,1468.89,"07/31/2024",80,6,4,0.02
"https://amazon.com/dp/B0FQ4ZS2ZK","https://m.media-amazon.com/images/I/71GaX44AOPL._SX450_.jpg","B0FQ4ZS2ZK","Two-Way 210° Articulating Borescope, Steering Snake Inspection Endoscope with 4.3in HD IPS Screen,6 LED Lights, IP67 Waterproof Endoscope for Mechanics A/C Wall Pipe Inspection - 3.28FT","Generic","FBA","Industrial & Scientific",196340,"N/A","N/A","N/A","N/A","Borescopes",419,84.99,-13,4,4,-16,344.65,344.54,1,5,"Masai One-Stop Automotive Repair Tools","China",1,0,"N/A","Large Standard-Size",16.15,8.66,2.76,2.43,194.35,536.13,"01/31/2026",6,9,0,4.07
"https://amazon.com/dp/B0FN38759M","https://m.media-amazon.com/images/I/71Y4Y6wr-xL._SX450_.jpg","B0FN38759M","Ralcam Two-Way 210° Articulating Borescope, 6.2mm Slim Probe USB-C Flexible Endoscope Inspection Camera Compatible with iPhone & Android for Engine, Pipe & HVAC Inspection","Ralcam","FBA","Industrial & Scientific",197080,"N/A","N/A","N/A","N/A","Borescopes",393,69.99,"N/A",9,11,14,601.51,791.11,31,4,"AijR","China",1,0,"N/A","Large Standard-Size",2.83,7.13,12.05,1.17,122.42,337.7,"10/31/2025",6,9,2,0.28
"https://amazon.com/dp/B0CYSTX8HK","https://m.media-amazon.com/images/I/71nZmy7kGgL._SX450_.jpg","B0CYSTX8HK","Anysun Sewer Camera with 512hz sonde, Self Leveling Sewer Inspection Camera 150ft with 7MM Cable and Meter Marker, 9'' Monitor and DVR, 12 Adjustable Lights(32GB Card)","anysun","FBA","Industrial & Scientific",197324,774049583830,"N/A",0774049583830,"N/A","Borescopes",402,729.99,-19,33,10,130,24398.35,7200.49,15,4.2,"Nedive","Hong Kong",1,409,"N/A","Large bulky",11.5,17.2,19.5,18.15,1249.99,3124.97,"08/31/2025",23,7,3,2.21
"https://amazon.com/dp/B0CRGX2SGZ","https://m.media-amazon.com/images/I/71cFjAuEEGL._SX450_.jpg","B0CRGX2SGZ","Japanese Company Borescope with Night Vision Function AMTORIN Endoscope Camera Diameter 0.34inch Night Vision Scope Camera 5"" IPS Screen 16.5FT Cable 32GB IP67 8 LED Lights","AMTorin","FBA","Industrial & Scientific",198624,"N/A","N/A","N/A","N/A","Borescopes",418,69.99,-18,6,6,-85,384,383.82,66,3.8,"AMTorin","Japan",1,108,11,"Large Standard-Size",3.86,9.21,10.71,1.9,191.64,528.66,"10/31/2024",25,8,0,0.08
"https://amazon.com/dp/B0FB97HY5R","https://m.media-amazon.com/images/I/71mIfO6YNeL._SX450_.jpg","B0FB97HY5R","Two-Way Articulating Borescope with 0.24in/6.25mm Camera & Light, IP67 Waterproof Industrial Endoscope, Flexible Snake Tube for Automotive/Aircraft Engine Inspection","BELEY","FBA","Industrial & Scientific",198667,"N/A","N/A","N/A","N/A","Borescopes",424,65.99,-25,48,38,,2787.47,2006.28,20,4.4,"BELEY DIRECT","China",1,0,"N/A","Large Standard-Size",2.99,8.31,12.13,1.65,151.75,418.61,"01/31/2026",9,8,2,2.4
"https://amazon.com/dp/B0BLTX4VFJ","https://m.media-amazon.com/images/I/71LprGmMT7L._SX450_.jpg","B0BLTX4VFJ","Autel MaxiVIDEO MV108S Digital Inspection Camera - 2MP 1080P, Up of MV108/MV105S, IP67 Waterproof Industrial Endoscope, 8 LED Lights (Hook/Mirror/Magnet Included), Work w/PC & Autel Scanners","Autel","FBA","Industrial & Scientific",198918,792499186142,"N/A",0792499186142,"N/A","Borescopes",417,49,-20,16,16,-57,786.49,786.37,14,4.7,"Autel Exclusive","China",1,141,"N/A","Large Standard-Size",2.64,5.2,9.92,0.99,68.56,189.14,"11/30/2025",40,8,0,1.15
"https://amazon.com/dp/B0C3D9GLTK","https://m.media-amazon.com/images/I/61veFzcyv8L._SX450_.jpg","B0C3D9GLTK","Anysun Sewer Inspection Camera - 100ft with 7"" Monitor, DVR, 16GB Card, 12 Lights, Plumbing Pipe Camera for Plumber & Homeowner","anysun","FBA","Industrial & Scientific",199408,774196181262,"N/A",0774196181262,"N/A","Borescopes",407,379.99,-24,5,5,-45,1811.84,1811.69,16,4.8,"Nedive","Hong Kong",1,167,"N/A","Large bulky",8.3,14.6,16.1,14.4,632.27,1580.67,"01/31/2025",34,7,0,0.3
"https://amazon.com/dp/B0F6WZPTJZ","https://m.media-amazon.com/images/I/612qOALStNL._SX450_.jpg","B0F6WZPTJZ","VEVOR Endoscope Camera with 49.2FT Semi-Rigid Cable, 1920P HD Borescope for Android & iOS, Industrial Inspection Tool with Light - 8 LED, 2X Zoom, IP67 Waterproof Snake Camera for Auto, Plumbing","VEVOR","FBM","Industrial & Scientific",199877,197988676607,"N/A",0197988676607,"N/A","Borescopes",426,28.99,-35,27,3,-47,670.59,96.58,61,3.8,"VEVOR Shop","China",1,0,"N/A","Large Standard-Size",2.91,5.71,5.98,1.48,"N/A","N/A","06/30/2025",10,9,3,0.45
"https://amazon.com/dp/B0F6CTJM12","https://m.media-amazon.com/images/I/619FVVvKV0L._SX450_.jpg","B0F6CTJM12","VEVOR Endoscope Camera with Light, 1920P HD Borescope for Android & iOS, 8 LED Lights Inspection Camera with 10FT Semi-Rigid Cable, 2X Zoom, IP67 Waterproof Snake Scope Camera for Auto, Plumbing","VEVOR","FBM","Industrial & Scientific",199887,197988678908,"N/A",0197988678908,"N/A","Borescopes",426,23.99,-8,27,12,-47,670.59,290.97,61,3.8,"VEVOR Shop","China",1,0,"N/A","Large Standard-Size",6.02,5.43,1.18,0.35,"N/A","N/A","06/30/2025",10,9,3,0.45
"https://amazon.com/dp/B0CWLBH81V","https://m.media-amazon.com/images/I/71vA2AtfdNL._SX450_.jpg","B0CWLBH81V","Anysun Self-Leveling Sewer Inspection Camera - 100ft, 9"" Monitor & DVR, 12 Lights, Plumbing Pipe Camera for Plumbers & Homeowners (16GB Card)","anysun","FBA","Industrial & Scientific",200819,774049887051,"N/A",0774049887051,"N/A","Borescopes",424,369.99,-9,5,5,350,1857.4,1857.21,9,3.4,"Nedive","Hong Kong",1,105,"N/A","Large bulky",8.38,14,16.25,14,617.83,1544.58,"09/30/2024",34,7,2,0.56
"https://amazon.com/dp/B0G25T561Y","https://m.media-amazon.com/images/I/317gWMT7N2L._SX450_.jpg","B0G25T561Y","Pipe Inspection Camera with 9 Inch 1080P Display, DVR Recording, 512Hz Locator, 30ft/50ft Fiberglass Cable, HD Stainless Steel Probe for Sewer Drain Plumbing HVAC Inspection","Festisoul","FBM","Industrial & Scientific",200997,"N/A","N/A",6967803648492,"N/A","Borescopes",409,584.24,-18,16,16,814,9908.24,9908,3,5,"Miandongbu","China",1,0,"N/A","Large bulky",18.7,13.39,9.84,18.52,"N/A","N/A","01/31/2026",4,8,5,5.39
"https://amazon.com/dp/B08QYX32R7","https://m.media-amazon.com/images/I/81hKy-cGFfL._SX450_.jpg","B08QYX32R7","Sewer Camera 165ft , 512Hz Sonde Transmitter Plumbing Camera Snake with DVR Recorder, Inspection Cam with 7"" LCD Monitor with Fiber Optic Cable Wire (8 GB SD Card Included) (165ft/50m)","anysun","FBA","Industrial & Scientific",201152,779880273070,"N/A",0779880273070,"N/A","Borescopes",423,569.92,-23,3,0,-62,1258.02,"-",139,4.3,"HZDZ_Shop","Hong Kong",1,101,-53,"Large bulky",8.13,16.88,19,18.55,845.01,2112.52,"07/31/2024",63,9,4,0.02
"https://amazon.com/dp/B0CTJQJQ2S","https://m.media-amazon.com/images/I/71RFMyyTo-L._SX450_.jpg","B0CTJQJQ2S","WOVTE Endoscope With Light, 16.5ft Snake Camera, IP67 Waterproof Borescope, 1920P Inspection With 8 Adjustable LED Lights for Android/iPhone-No WiFi Required, Black, AN112","WOVTE","FBA","Industrial & Scientific",201587,"N/A","N/A","N/A","N/A","Borescopes",425,16.99,"N/A",5,0,-104,138.33,"-",182,4.3,"ProChosen Official","China",1,1321,"N/A","Large Standard-Size",1.46,4.72,5.08,0.4,17.63,48.62,"11/30/2024",25,7,3,0.03
"https://amazon.com/dp/B09KFGS7WN","https://m.media-amazon.com/images/I/516iRcNJkGL._SX450_.jpg","B09KFGS7WN","Vivida ME-610i Joystick Articulating Borescope 6mm Diameter 1m Flexible IP67 Waterproof Probe for iOS & Android","VIVIDIA","FBM","Industrial & Scientific",201812,"N/A","N/A","N/A","N/A","Borescopes",426,299.98,-45,3,3,,1105.29,783.56,6,4,"Oasis Scientific Inc.","USA",2,0,"N/A","Large Standard-Size",3.35,9.25,11.5,2.29,"N/A","N/A","01/31/2026",53,9,2,0.57
"https://amazon.com/dp/B0CSF5LRG4","https://m.media-amazon.com/images/I/71yU2yzmuGL._SX450_.jpg","B0CSF5LRG4","Sewer Camera 150FT WiFi,Portable JQKJCAM Sewer Drain Pipe Inspection Snake Camera with 12 Light Guide Wheel,9 Inch HD Monitor,50M/165FT Distance Counter Cable","JQKJCAM","FBA","Industrial & Scientific",201998,"N/A","N/A","N/A","N/A","Borescopes",410,378.1,-3,6,1,13,1865.05,277,11,4,"JJKJ Cam","China",1,198,"N/A","Large bulky",7,14.5,16,15.75,526.3,1315.74,"02/28/2025",26,7,14,0.51
"https://amazon.com/dp/B0B3DH6L6Q","https://m.media-amazon.com/images/I/61QqGFleDiL._SX450_.jpg","B0B3DH6L6Q","Sanyipace Sewer Camera Probe with 512Hz Transmitter, Without Self-Leveling Function, 12pcs LED Lights, Drain Camera Head (ONLY for Sanyipace: F929DJTX, 9723WF, 9723D, 9300D)","Sanyipace","FBM","Industrial & Scientific",202184,"N/A","N/A","N/A","N/A","Borescopes",427,209.99,"N/A",11,1,1400,2456.23,201.16,3,4.7,"SanyipaceDirect Store","China",1,210,"N/A","Large Standard-Size",2.05,2.05,6.89,0.33,"N/A","N/A","05/31/2025",45,6,5,3.63
"https://amazon.com/dp/B0BCK4ZV3G","https://m.media-amazon.com/images/I/51ZPRVdSJBL._SX450_.jpg","B0BCK4ZV3G","Sanyipace Sewer Camera Probe with 512Hz Transmitter & Self-Leveling Function, 12 LED Lights, 1080P FHD, IP68 Waterproof (ONLY for Sanyipace Model Number: F5800ADJKABTX, F5100DJKABTX)","Sanyipace","FBA","Industrial & Scientific",202190,"N/A","N/A","N/A","N/A","Borescopes",427,319.99,-19,11,4,1400,2456.23,1308.5,3,4.7,"SanyipaceDirect Store","China",1,210,"N/A","Large Standard-Size",1.54,3.94,7.13,0.44,21.78,60.09,"05/31/2025",42,5,5,3.63
"https://amazon.com/dp/B09XDVLN1X","https://m.media-amazon.com/images/I/41gxLaDTNWL._SX450_.jpg","B09XDVLN1X","Sanyipace HD Camera Probe for Sewer Camera, 12pcs LED Lights, IP68 Waterproof, Drain Camera Head (ONLY for Sanyipace Model Number: 9723WF, 9723D, 9300D, S8968DM)","Sanyipace","FBM","Industrial & Scientific",202408,"N/A","N/A","N/A","N/A","Borescopes",429,169.99,-45,11,3,1400,2456.23,489.73,3,4.7,"SanyipaceDirect Store","China",1,210,"N/A","Large Standard-Size",2.05,6.34,6.77,0.26,"N/A","N/A","05/31/2025",47,6,5,3.63
"https://amazon.com/dp/B0FGH213B8","https://m.media-amazon.com/images/I/51nBGuMnTrL._SX450_.jpg","B0FGH213B8","JINXINEBAY Sewer Pipe Inspection Camera, IPS Monitor 32GB TF Card DVR, IP68 1200TVL HD Camera 65/100FT Fiberglass Cable, 5600mAh Battery Night Vision, for Home/Contractor/Plumber (7 inch/100FT)","JINXINEBAY","-","Industrial & Scientific",203023,"N/A","N/A","N/A","N/A","Borescopes",413,299.99,"N/A",50,0,73,11362.56,"-","N/A","N/A",,"N/A",1,0,"N/A","Large bulky",12.1,8.4,16,8.82,"N/A","N/A","01/31/2026",8,"N/A",5,"N/A"
"https://amazon.com/dp/B0DCS7LDWG","https://m.media-amazon.com/images/I/71e0dF+6jrL._SX450_.jpg","B0DCS7LDWG","Sanyipace Sewer Camera 230FT/70M with 512Hz Transmitter, Self-Leveling, Drain Plumbing Pipe Inspection Camera with Mic Speaker, DVR Recorder, 16GB TF Card, 9mm Rigid Cable, Pipe Pulley Guide Wheel","Sanyipace","FBA","Industrial & Scientific",203560,"N/A","N/A","N/A","N/A","Borescopes",428,2299.99,"N/A",23,2,827,44720.66,3610.06,45,4,"Urselection","China",1,55,224,"Extra-large 70+ to 150 lb",14.76,28.35,31.5,58.42,4271.64,10679.09,"01/31/2026",19,7,11,0.52
"https://amazon.com/dp/B0DCSBF3FL","https://m.media-amazon.com/images/I/71Offtk4Y-L._SX450_.jpg","B0DCSBF3FL","Sanyipace Sewer Camera 328FT/100M with 512Hz Transmitter, Self-Leveling, Drain Plumbing Pipe Inspection Camera with Mic Speaker, DVR Recorder, 16GB TF Card, 9mm Rigid Cable, Pipe Pulley Guide Wheel","Sanyipace","FBA","Industrial & Scientific",203564,"N/A","N/A","N/A","N/A","Borescopes",427,2499.99,"N/A",23,1,827,44720.66,2142.37,45,4,"Urselection","China",1,55,224,"Extra-large 70+ to 150 lb",15.75,29.25,32.75,68.85,4889.47,12223.68,"01/31/2026",19,7,11,0.52
"https://amazon.com/dp/B0FPR1WXYW","https://m.media-amazon.com/images/I/71U52BDc5OL._SX450_.jpg","B0FPR1WXYW","Sanyipace Self-Leveling Sewer Camera 165FT/50M, Drain Inspection Camera with 512Hz Transmitter, Real-Time Distance Counter, 10"" IPS Screen Microphone Speaker, 0.27in Rigid Cable, 32GB TF Card Included","Sanyipace","FBA","Industrial & Scientific",203564,"N/A","N/A","N/A","N/A","Borescopes",427,1599.99,-16,23,7,827,44720.66,10779.71,45,4,"Urselection","China",1,55,224,"Extra-large 50+ to 70 lb",12,23,27,30.5,2415,6037.5,"01/31/2026",6,6,11,0.52
"https://amazon.com/dp/B0DYNS468T","https://m.media-amazon.com/images/I/51WTr4Twz3L._SX450_.jpg","B0DYNS468T","Dual-Lens Endoscope Camera with Light - 2.4"" LCD Screen Inspection Cameras,IP67 Waterproof Borescope,HD 1080P Endoscope Camera 16.5ft Semi-Rigid Cord for Sewer,Gifts for Men Tools and Gadgets","WINWEND","FBA","Industrial & Scientific",203797,"N/A","N/A","N/A","N/A","Borescopes",408,29.99,-25,6,6,-90,194.45,194.25,26,4.4,"POWEHIGH","China",1,0,"N/A","Large Standard-Size",3.27,4.96,9.61,0.99,78.47,216.48,"11/30/2025",12,7,0,0.25
"https://amazon.com/dp/B0DK5CBMVL","https://m.media-amazon.com/images/I/713f81mk3NL._SX450_.jpg","B0DK5CBMVL","[Dual Lens] Endoscope Inspection Camera by AURTEC, Dual HD Lens, IP68 Waterproof, 11.5FT/3.5M Semi-Rigid Cable, Borescope Camera with LED Lights, Compatible with Android and iOS Devices","AURTEC","FBA","Industrial & Scientific",203893,"N/A","N/A","N/A","N/A","Borescopes",411,26.99,"N/A",5,3,-12,151.91,85.38,269,4.2,"AURTEC","China",1,130,"N/A","Large Standard-Size",1.46,4.84,5.16,0.31,18.32,50.53,"02/28/2025",17,6,3,0.02
"https://amazon.com/dp/B08QC2X5VL","https://m.media-amazon.com/images/I/51CFCJLkggL._SX450_.jpg","B08QC2X5VL","Teslong Endoscope Replacement Cable with Light, Dual Lens Inspection Camera 8mm/0.31inch Waterproof Probe Compatible with NTS500, NTS300(10FT)","Teslong","FBA","Industrial & Scientific",203940,"N/A","N/A","N/A","N/A","Borescopes",429,79.99,-14,13,13,488,1004.54,1004.3,6,4.5,"Teslong","China",1,114,"N/A","Large Standard-Size",2,5.3,6.3,1,33.62,92.75,"09/30/2025",63,6,0,2.09
"https://amazon.com/dp/B0DPFGJX73","https://m.media-amazon.com/images/I/71Zd-7s-xrL._SX450_.jpg","B0DPFGJX73","Dual Lens Industrial Endoscope, 1920p Borescope with 8+1 Adjustable Led Light, Endoscope with 16.5ft Semi-Rigid Cable Snake Camera/ 7.9mm Ip67 Waterproof Camera for iPhone, Ipad, Samsung","Suntony","FBA","Industrial & Scientific",204207,721545609687,"N/A",0721545609687,"N/A","Borescopes",416,30.3,-13,30,30,-70,602.28,601.83,89,4.3,"Suntony Store","China",1,484,"N/A","Large Standard-Size",1.5,5.04,5.08,0.42,19.34,53.34,"06/30/2025",18,7,0,0.34
"https://amazon.com/dp/B0D4C8Q2XR","https://m.media-amazon.com/images/I/71vYXbdWEEL._SX450_.jpg","B0D4C8Q2XR","Triplett BR300CAM-10M Replacement Borescope 8mm Camera Probe 8mm for BR300, 10M Cable","Triplett","Amazon","Industrial & Scientific",205027,614395004200,00614395004200,0614395004200,"N/A","Borescopes",412,27.61,-74,11,2,-31,1813.67,63.17,5,4.2,"Amazon","N/A",2,201,"N/A","Large Standard-Size",6,6,2,0.55,"N/A","N/A","09/30/2025",37,1,17,2.3
"https://amazon.com/dp/B0FL1TPZSQ","https://m.media-amazon.com/images/I/71o6aYa-MvL._SX450_.jpg","B0FL1TPZSQ","Sewer Camera Self-Leveling, 166ft Drain Camera with Meter Counter, 9-inch HD, Plumbing Cameras Snake with 12 LED Lights, 5100mAh Battery, IP68 & 32GB DVR Recording for Duct Sewer Line Pipe Inspection","okk","FBA","Industrial & Scientific",205841,"N/A","N/A","N/A","N/A","Borescopes",420,599.99,94,6,1,-131,3126.46,783.06,2,5,"ZOZUS-DIRECT","China",1,0,"N/A","Large bulky",14,13,12,12,707.78,1769.44,"11/30/2025",7,8,2,3
"https://amazon.com/dp/B0FL1SGLYN","https://m.media-amazon.com/images/I/71o6aYa-MvL._SX450_.jpg","B0FL1SGLYN","Sewer Camera Self-Leveling, 100ft Drain Camera with Meter Counter, 9-inch HD, Plumbing Cameras Snake with 12 LED Lights, 5100mAh Battery, IP68 & 32GB DVR Recording for Duct Sewer Line Pipe Inspection","okk","FBA","Industrial & Scientific",205872,"N/A","N/A","N/A","N/A","Borescopes",420,499.99,104,6,5,-131,3126.46,2343.21,2,5,"ZOZUS-DIRECT","China",1,0,"N/A","Large bulky",14,13,12,12,707.78,1769.44,"11/30/2025",7,8,2,3
"https://amazon.com/dp/B0D72WK614","https://m.media-amazon.com/images/I/71e59boqEGL._SX450_.jpg","B0D72WK614","Anysun Sewer Camera with Locator, Distance Counter, Self-Leveling & 7mm Push Cable, 300FT Pipe Inspection Camera with 512Hz Transmitter, 9” 1080P IPS Screen, DVR 32GB – for Plumbers & Inspectors","anysun","FBA","Industrial & Scientific",206452,"N/A","N/A","N/A","N/A","Borescopes",421,1649.99,-20,14,2,265,20719.98,3907.06,14,4.3,"HZDZ_Shop","Hong Kong",1,0,"N/A","Extra-large 50+ to 70 lb",12.2,22.4,27,37.55,2391.2,5978,"05/31/2025",21,8,4,1
"https://amazon.com/dp/B0DCS5S333","https://m.media-amazon.com/images/I/71uH3UnA0nL._SX450_.jpg","B0DCS5S333","Sanyipace Sewer Camera 165FT/50M with 512Hz Transmitter, Self-Leveling, Drain Plumbing Pipe Inspection Camera with Mic Speaker, DVR Recorder, 16GB TF Card, 9mm Rigid Cable, Pipe Pulley Guide Wheel","Sanyipace","FBA","Industrial & Scientific",206971,"N/A","N/A","N/A","N/A","Borescopes",422,2099.99,"N/A",23,3,827,44720.66,6158.36,45,4,"Urselection","China",1,55,224,"Extra-large 70+ to 150 lb",16,29.5,32.5,60,4971.3,12428.24,"01/31/2026",19,7,11,0.52
"https://amazon.com/dp/B0DNMH4MR6","https://m.media-amazon.com/images/I/71bLSpAVNGL._SX450_.jpg","B0DNMH4MR6","VEVOR Sewer Camera with 512Hz Locator, 98 ft/30 m, 9"" Drain Inspection Camera with Self-Leveling, 36X Zoom, Plumbing Camera with Lights-12 LED, 32GB Card, IP68 Waterproof Snake Camera for Duct Pipe","VEVOR","FBM","Industrial & Scientific",207058,197988808633,"N/A",0197988808633,"N/A","Borescopes",432,727.9,-15,11,11,50,7328.47,7328.35,11,4.4,"Suplander","China",2,176,"N/A","Large bulky",7.17,16.3,23.15,16.8,"N/A","N/A","03/31/2025",15,12,0,0.97
"https://amazon.com/dp/B0DKR99QBW","https://m.media-amazon.com/images/I/71epd65UyZL._SX450_.jpg","B0DKR99QBW","Triplett BR510 Waterproof High Definition Borescope with 360° Articulating Camera","Triplett","Amazon","Industrial & Scientific",207094,614395005658,00614395005658,0614395005658,"N/A","Borescopes",418,575.57,-28,11,0,-31,1813.67,"-",5,4.2,"Amazon","N/A",2,201,"N/A","Large Standard-Size",17,9,3.5,2.7,"N/A","N/A","09/30/2025",16,4,17,2.3
"https://amazon.com/dp/B0FJQXBS5V","https://m.media-amazon.com/images/I/61P+jz1uNZL._SX450_.jpg","B0FJQXBS5V","4in1 Endoscope Camera with Light, Borescope for iPhone Andriod PC, 1920HD Endoscope Camera for iPhone with 8 Adjustable LED Lights, IP67 Waterproof Inspection Industrial Borescope Tool (Single Lens)","Trizotek","FBA","Industrial & Scientific",207199,"N/A","N/A","N/A","N/A","Borescopes",418,19.99,-63,9,6,-40,190.64,127.76,18,3.9,"Demeter Gift Store","China",1,0,"N/A","Large Standard-Size",1.34,7.32,8.58,0.4,42.37,116.89,"09/30/2025",7,7,2,0.55
"https://amazon.com/dp/B0CNZSQS12","https://m.media-amazon.com/images/I/71RSw6T4jOL._SX450_.jpg","B0CNZSQS12","Endoscope Camera with Light, 16.4ft Semi-Rigid Snake Inspection Camera, 1920P HD Borescope with 8 Adjustable LED Lights, 7.9mm IP67 Waterproof Drain Pipe Borescope for iOS and Android","Twxfzl","FBA","Industrial & Scientific",207265,755502998712,"N/A",0755502998712,"N/A","Borescopes",432,28.99,66,43,43,-52,1060.15,1059.61,114,4.2,"Gubfcd","China",1,888,-42,"Large Standard-Size",1.5,4.84,5.04,0.4,18.42,50.82,"03/31/2024",27,7,0,0.37
"https://amazon.com/dp/B0FHH9FMXD","https://m.media-amazon.com/images/I/81C8u584GvL._SX450_.jpg","B0FHH9FMXD","Hialemi Portable 9'' Sewer Camera with Locator - 7MM/300Ft/91.5M Self Leveling Drain Camera & 512Hz Sonde & Meter Counter & 5X Zoom - 145° Plumbing Pipe Inspection Cam - 1080P IPS Screen & DVR 32GB","Hialemi","FBA","Industrial & Scientific",207389,"N/A","N/A","N/A","N/A","Borescopes",423,1549.99,-15,17,1,-8,14600.56,1930.45,13,4.5,"Hialemi-US Direct","China",1,0,"N/A","Large bulky",24.8,18.9,14.17,32.5,2152.92,5382.29,"11/30/2025",8,9,6,1.53
"https://amazon.com/dp/B0FHHKPFVH","https://m.media-amazon.com/images/I/81be30oGylL._SX450_.jpg","B0FHHKPFVH","Hialemi Portable 9'' Sewer Camera with 512Hz Transmitter - 100Ft/30M Self Leveling Drain Camera & Meter Counter & 5X Zoom - 145° Plumbing Pipe Inspection Cam with Lights - 1080P IPS Screen & DVR 32GB","Hialemi","FBA","Industrial & Scientific",207418,"N/A","N/A","N/A","N/A","Borescopes",423,699.99,-16,17,4,-8,14600.56,2962.97,13,4.5,"Hialemi-US Direct","China",1,0,"N/A","Large bulky",12.5,16,21,22.55,1361.11,3402.78,"11/30/2025",8,9,6,1.53
"https://amazon.com/dp/B0FQ5FBYPW","https://m.media-amazon.com/images/I/816Bi2J4UlL._SX450_.jpg","B0FQ5FBYPW","Hialemi Portable 9'' Sewer Camera Pipe Inspector 100Ft/30M - Self Leveling & Meter Counter 145° & 5X Zoom Drain Plumbing Camera with 12 Adjustable Lights - 1080P IPS HD Screen with DVR 32GB","Hialemi","FBA","Industrial & Scientific",207420,"N/A","N/A","N/A","N/A","Borescopes",423,649.99,28,17,7,-8,14600.56,4248.03,12,4.4,"Hialemi-US Direct","China",1,0,"N/A","Large bulky",13.11,15.94,21.57,22.22,1460.78,3651.96,"11/30/2025",6,8,6,1.41
"https://amazon.com/dp/B077CMZHLM","https://m.media-amazon.com/images/I/71eXzolivaS._SX450_.jpg","B077CMZHLM","Pipe Pipeline Inspection Camera, Drain Sewer Industrial Endoscope HBUDS Waterproof IP68 Snake Video System with 7 Inch LCD Monitor 1000TVL Camera","HBUDS","FBM","Industrial & Scientific",207494,758762725319,"N/A",0758762725319,"N/A","Borescopes",426,399.99,173,17,4,-20,7278.14,1732.57,153,4.1,"ZI QUN","China",1,0,"N/A","Large bulky",8,15,17.15,14,"N/A","N/A","12/31/2025",100,7,10,0.11
"https://amazon.com/dp/B0D97DVVN3","https://m.media-amazon.com/images/I/71od6mmLLQL._SX450_.jpg","B0D97DVVN3","Teslong Autofocus Articulating Borescope, 5-inch IPS Endoscope Inspection Camera with Two-Way Articulation Auto Focus Probe, Industrial Fiber Optic Scope for Automotive Mechanics (0.24inch-5FT)","Teslong","FBA","Industrial & Scientific",207750,"N/A","N/A","N/A","N/A","Borescopes",434,309.99,-34,15,15,18,4607.23,4606.96,45,4.2,"Teslong","China",1,195,"N/A","Large Standard-Size",3.5,8.66,16.65,3.22,254.08,700.92,"06/30/2025",20,9,0,0.33
"https://amazon.com/dp/B0DBHT4HVX","https://m.media-amazon.com/images/I/31kOY8SNniL._SX450_.jpg","B0DBHT4HVX","Teslong Endoscope Replacement Cable with Light, Single Lens Inspection Camera 3.9mm/0.15inch Waterproof Probe Compatible with NTS500, NTS300(3.3FT)","Teslong","FBA","Industrial & Scientific",208671,"N/A","N/A","N/A","N/A","Borescopes",422,69.99,-26,11,11,-50,796.1,795.89,3,5,"Teslong","China",1,198,"N/A","Large Standard-Size",1.34,8.74,8.78,0.29,51.77,142.82,"10/31/2025",19,5,0,3.8
"https://amazon.com/dp/B07Z92T89L","https://m.media-amazon.com/images/I/51rNpkx-PxL._SX450_.jpg","B07Z92T89L","3 in 1 Endoscope Borescope Snake Camera 3.9mm Lens Borescope Inspection Direct Plug 1280x720 HD Camera for Android TypeC Mobile Phone (1M Cable)","Walfront","FBA","Industrial & Scientific",209991,"N/A","N/A","N/A","N/A","Borescopes",437,22.23,-30,3,3,14,55.6,55.46,15,3.2,"nineone","China",2,61,-35,"Large Standard-Size",1.46,5,5.2,0.15,19.06,52.57,"02/28/2025",76,9,0,0.18
"https://amazon.com/dp/B0FHHHT9RV","https://m.media-amazon.com/images/I/819kFsOWuML._SX450_.jpg","B0FHHHT9RV","Hialemi Portable 9'' Sewer Camera with 512Hz Transmitter - 7MM/ 300Ft/ 91.5M Self Leveling Drain Camera & Meter Counter & 5X Zoom - 145° Plumbing Pipe Inspection Cam - 1080P IPS Screen & DVR 32GB","Hialemi","FBA","Industrial & Scientific",209996,"N/A","N/A","N/A","N/A","Borescopes",437,1299.99,-32,17,2,-8,14600.56,2539.57,12,4.4,"Hialemi-US Direct","China",1,0,"N/A","Large bulky",14.5,18.75,24.75,36.15,2180.66,5451.66,"11/30/2025",8,9,6,1.41
"https://amazon.com/dp/B0F9NMV4DC","https://m.media-amazon.com/images/I/51XiCjlMPaL._SX450_.jpg","B0F9NMV4DC","Sanyipace 512Hz Pipe Locator - Compatible with Sewer Camera 512Hz Transmitter, 16.5ft Range, 10H Battery, 3.5"" Screen, Far/Near Modes for Pipes, HVAC, Drain, Ideal for Plumber, Electrician, Contractor","Sanyipace","FBA","Industrial & Scientific",210740,"N/A","N/A","N/A","N/A","Borescopes",423,399.88,-300,0,0,,"-","-",4,4.7,"Yans Minie","China",1,0,"N/A","Large Standard-Size",5.7,9.45,17.32,5.07,469.71,1295.75,"02/28/2026",9,7,3,0.05
"https://amazon.com/dp/B0DD44JGJZ","https://m.media-amazon.com/images/I/71Yp8OzGS5L._SX450_.jpg","B0DD44JGJZ","Sewer Camera with Locator, PRANITE Self Leveling Drain Camera 100FT with 512hz Transmitter, DVR Recorder, Rotate Image, Sewer Camera Endoscope IP68 Waterproof for Inspection (16GB SD Card)","PRANITE","FBA","Industrial & Scientific",210755,717018403500,"N/A",0717018403500,"N/A","Borescopes",426,699.99,-29,5,1,,3181.1,949.57,17,4.4,"dengwencai","China",1,41,"N/A","Large bulky",11.81,15.47,16.69,14.44,988.19,2470.48,"02/28/2025",19,7,5,0.29
"https://amazon.com/dp/B0FF9YGSVY","https://m.media-amazon.com/images/I/71YQIYhwtfL._SX450_.jpg","B0FF9YGSVY","Endoscope Camera with Light, 1920P HD Borescope Camera with 8 Adjustable LED Lights, 5.9ft Bellows Endoscope with Light, IP67 Waterproof 8mm Endoscope for iOS and Android (5004 PRO)","ZOIOT","FBA","Industrial & Scientific",211711,"N/A","N/A","N/A","N/A","Borescopes",439,29.99,-21,8,8,-118,250.32,250.11,34,3.7,"YFD-US","China",1,0,"N/A","Large Standard-Size",0.87,6.57,6.57,0.36,18.85,52,"12/31/2025",26,9,1,0.25
"https://amazon.com/dp/B0DXP948KX","https://m.media-amazon.com/images/I/81N3LH9OCWL._SX450_.jpg","B0DXP948KX","Anysun Sewer Camera with Locator 300ft, Self Leveling Sewer Inspection Camera with Distance Counter, 7MM Diameter Cable with Trolley and Wheels, 9"" HD Monitor with DVR Drain Pipe Camera(32GB Card)","anysun","FBA","Industrial & Scientific",211717,717690769673,"N/A",0717690769673,"N/A","Borescopes",426,1599.99,-20,11,3,15,17222.95,4718.6,1,5,"Nedive","Hong Kong",1,0,"N/A","Extra-large 70+ to 150 lb",18,24,24,48,3360,8400,"12/31/2025",12,7,2,11.28
"https://amazon.com/dp/B0B2JT9WQD","https://m.media-amazon.com/images/I/81NdNQ2Q4KL._SX450_.jpg","B0B2JT9WQD","Anysun Sewer Inspection Camera - 100ft with 512Hz Transmitter, Receiver & 7"" LCD Monitor - IP68 Waterproof Pipe Camera DVR Recorder (8GB SD Card)","anysun","FBA","Industrial & Scientific",213632,774980345238,"N/A",0774980345238,"N/A","Borescopes",443,699.99,-17,8,4,1450,8552.3,2650.69,24,4.1,"HZDZ_Shop","Hong Kong",1,67,"N/A","Large bulky",8,17,21.25,19.75,936.57,2341.44,"11/30/2024",48,7,4,0.33
"https://amazon.com/dp/B0CP3Y7Y2B","https://m.media-amazon.com/images/I/71BjUWFhgBL._SX450_.jpg","B0CP3Y7Y2B","Anysun Self-Leveling Sewer Camera with 512Hz Transmitter, Distance Counter, 7MM Thicker Cable, 165FT/50M Pipe Camera, 10'' IPS 1080P Screen Sewer Inspection Camera with DVR/Audio Recording-16GB","anysun","FBA","Industrial & Scientific",213638,"N/A","N/A","N/A","N/A","Borescopes",443,1299.99,-45,8,2,1450,8552.3,3007.23,24,4.1,"HZDZ_Shop","Hong Kong",1,67,"N/A","Large bulky",11.8,22.1,26,35.3,2197.31,5493.28,"11/30/2024",27,7,4,0.33
"https://amazon.com/dp/B0DLGVF1ZQ","https://m.media-amazon.com/images/I/71WVzoN7pOL._SX450_.jpg","B0DLGVF1ZQ","KUUAUX Endoscope Camera with Light, 1920P HD Endoscope with 8 Adjustable LED Lights, 16.4Ft Semi-Rigid Cable, 8mm Probe IP67 Waterproof Inspection Camera for Android & iOS Devices","KUUAUX","FBA","Industrial & Scientific",214222,"N/A","N/A","N/A","N/A","Borescopes",443,14.99,-39,6,6,,93.64,93.45,33,4.2,"KUUAUX","China",1,34,"N/A","Large Standard-Size",4.72,4.72,1.4,0.44,15.7,43.32,"03/31/2025",16,6,0,0.19
"https://amazon.com/dp/B0BHXKF1S9","https://m.media-amazon.com/images/I/71wzvsFA0OL._SX450_.jpg","B0BHXKF1S9","Vividia DA-40 LCD/WiFi Flexible Joystick Articulating Inspection Camera Borescope Videoscope with 4mm (0.16"") Diameter Waterproof IP67 Probe (3m Long Probe)","VIVIDIA","FBM","Industrial & Scientific",214302,"N/A","N/A","N/A","N/A","Borescopes",433,2390,-46,4,1,1500,7759.47,1938.23,"N/A","N/A","Oasis Scientific Inc.","USA",1,14,600,"N/A","N/A","N/A","N/A","N/A","N/A","N/A","01/31/2026",50,9,3,"N/A"
"https://amazon.com/dp/B0CLXVWW2R","https://m.media-amazon.com/images/I/41hgdmeYb3L._SX450_.jpg","B0CLXVWW2R","Borescope Inspection Camera 1.3MP Waterproof Snake Camera with 6 LED Lights, 7mm Lens, USB Connectivity for Phones & PC by beertoy","beertoy","FBA","Industrial & Scientific",214600,"N/A","N/A",7500704957530,"N/A","Borescopes",448,7.99,-21,5,5,-79,40.31,40.1,2,5,"tegongse","China",2,24,-14,"Large Standard-Size",1.38,4.76,4.84,0.15,16,44.15,"03/31/2024",28,9,0,2.53
"https://amazon.com/dp/B01N4QY6B2","https://m.media-amazon.com/images/I/71UZU8tPTAL._SX450_.jpg","B01N4QY6B2","Vividia Ablescope VA-W03A WiFi Box USB to WiFi Converter for iPhones/iPad for USB Digital Borescopes and Microscopes","VIVIDIA","FBA","Industrial & Scientific",215922,759119544072,"N/A",0759119544072,"N/A","Borescopes",450,108,-27,8,8,169,807.97,807.88,48,3.6,"SmokeDaddy LLC","USA",3,102,-35,"Large Standard-Size",2.6,5,7.4,0.55,48.43,133.61,"04/30/2024",109,9,0,0.16
"https://amazon.com/dp/B0CS2CX8TR","https://m.media-amazon.com/images/I/5196SKmMFSL._SX450_.jpg","B0CS2CX8TR","Sanyipace 512Hz Pipe Locator Underground, Plumbing Tools, Sewer Camera Accessories, 3000mAh Battery Powered, Rechargeable Receiver Locating Wand - Blue & Black","Sanyipace","FBA","Industrial & Scientific",216289,"N/A","N/A","N/A","N/A","Borescopes",454,379.88,-22,17,13,7,6391.43,4666.71,4,4.7,"Yans Minie","China",1,0,"N/A","Large Standard-Size",4.41,11.54,14.09,4.06,361.02,995.92,"12/31/2025",26,4,3,4.37
"https://amazon.com/dp/B07L3M9TK2","https://m.media-amazon.com/images/I/61CuWHITg-L._SX450_.jpg","B07L3M9TK2","USB Endoscope MASO 5.5MM 2 in 1 IP67 Waterproof Borescope Inspection Camera with 6 Led and 5.5M Snake Cable USB Adapter for Android Phone Tablet Device - Cable Length: 2 M","MASO","FBM","Industrial & Scientific",218671,754914202998,"N/A",0754914202998,"N/A","Borescopes",440,16.99,5,0,0,-33,"-","-",19,3.1,"Senriseus","China",1,11,83,"Large Standard-Size",0.9,4.8,5.1,0.15,"N/A","N/A","12/31/2025",87,8,4,0
"https://amazon.com/dp/B07L3LHZJD","https://m.media-amazon.com/images/I/61CuWHITg-L._SX450_.jpg","B07L3LHZJD","USB Endoscope MASO 5.5MM 2 in 1 IP67 Waterproof Borescope Inspection Camera with 6 Led and 5.5M Snake Cable USB Adapter for Android Phone Tablet Device - Cable length: 5M","MASO","FBM","Industrial & Scientific",218671,754914203018,"N/A",0754914203018,"N/A","Borescopes",440,20.29,-29,0,0,-33,"-","-",19,3.1,"Senriseus","China",1,11,83,"Large Standard-Size",6.3,5.71,1.97,0.25,"N/A","N/A","12/31/2025",87,8,4,0
"https://amazon.com/dp/B0D59Y7B2D","https://m.media-amazon.com/images/I/71F7JiFrCaL._SX450_.jpg","B0D59Y7B2D","Hijoy Articulating Borescope Camera with Light - Two-Way Endoscope with 8 Adjustable LED Lights | 5"" LCD Screen | 1920P HD Inspection Cameras with 0.33in Articulated Snake Camera for Men | S30","Hijoy","FBA","Industrial & Scientific",220555,735550191600,"N/A",0735550191600,"N/A","Borescopes",444,100.99,-111,15,15,,1514.85,1514.68,113,4.4,"Hijoy-US","China",1,15,"N/A","Large Standard-Size",3.23,9.37,17.01,2.91,259.19,715.01,"01/31/2026",17,9,0,0.14
"https://amazon.com/dp/B0FMRKCJK5","https://m.media-amazon.com/images/I/71Jcewz4gML._SX450_.jpg","B0FMRKCJK5","Sewer Camera with 512Hz Sonde Transmitter,165FT/50M 23mm Pipe Inspection Camera DVR & Audio Self-Leveling, Keyboard Meter Counter 10"" IPS Screen, Plumbing Snake Borescope 12 LEDs HD 1000TVL, 32GB Card","GAMWATER","FBA","Industrial & Scientific",220938,614019415016,"N/A",0614019415016,"N/A","Borescopes",448,749.53,-11,5,1,20,3226.95,922.15,1,5,"huizhoushishanmaikejiyouxiangongsi","China",2,0,"N/A","Large bulky",14.41,16.45,19.09,28,1466.49,3666.23,"10/31/2025",6,6,4,4.72
"https://amazon.com/dp/B0FK26RNRZ","https://m.media-amazon.com/images/I/81DDddwWxAL._SX450_.jpg","B0FK26RNRZ","Anysun 9'' Sewer Camera Self Leveling, 7MM Fiberglass Cable, Length Marker, 5100mAh, IPS Screen, HD 1080P with DVR - 32GB, IP68 Sewer Scope Pipe Drain Plumbing Inspection Cameras Borescope Snake-165Ft","anysun","FBA","Industrial & Scientific",221705,"N/A","N/A","N/A","N/A","Borescopes",443,469.99,"N/A",9,2,,4032.05,1023.51,1,5,"Yongchangsheng tech","China",1,0,"N/A","Large bulky",18,18,10,16,1050,2625,"11/30/2025",4,7,2,8.68
"https://amazon.com/dp/B0DKHMFTVN","https://m.media-amazon.com/images/I/81frA27mhEL._SX450_.jpg","B0DKHMFTVN","Endoscope Camera with Light & 32GB Card, 1080P HD Borescope Inspection Camera 4.3"" IPS Screen, 5.5mm IP67 Waterproof Probe with 6 Adjustable LEDs,16.4FT Semi-Rigid Cable, Tools, Gadgets for Men","AukonVee","FBA","Industrial & Scientific",221765,"N/A","N/A","N/A","N/A","Borescopes",439,28.99,-42,12,6,,450.84,163.93,50,4.4,"Shenzhen Qiuchen Electronics Co., LTD","China",1,0,"N/A","Large Standard-Size",2.87,5.51,8.23,1.04,65.53,180.76,"12/31/2025",16,9,3,0.23
"https://amazon.com/dp/B0D7VDMM6J","https://m.media-amazon.com/images/I/41ej-9Ry+SL._SX450_.jpg","B0D7VDMM6J","Julaiwy Borescope Camera with 8 LED Light, Industrial Endoscope Cameras with Light 4.3"" IPS 1920P HD Screen, Inspection Camera with 16.5ft Semi-Rigid Cable Waterproof, Sewer Drain Pipe Snake Cameras","Julaiwy","FBA","Industrial & Scientific",222451,"N/A","N/A","N/A","N/A","Borescopes",449,26.9,-13,28,28,-79,758.05,757.63,42,4.4,"Kecowl","China",1,220,"N/A","Large Standard-Size",2.72,5.71,10.43,1.23,81.56,224.99,"11/30/2024",20,9,0,0.69
"https://amazon.com/dp/B0FXXGFLTL","https://m.media-amazon.com/images/I/71tl9ajHo3L._SX450_.jpg","B0FXXGFLTL","Anysun Self-Leveling Sewer Camera with 512Hz Transmitter, Meter Marking, 9'' IPS Screen, HD 1080P Resolution, 5100mAh Battery, 165ft 5mm Cable Sewer Drain Video Inspection Camera with DVR-32GB","anysun","FBA","Industrial & Scientific",222950,717839120006,"N/A",0717839120006,"N/A","Borescopes",441,699.99,169,35,3,24,17384.16,2397.73,5,4.8,"HZDZ_Shop","Hong Kong",1,0,"N/A","Large bulky",15.35,14.96,6.69,16.09,498.24,1245.6,"10/31/2025",4,7,9,6.97
"https://amazon.com/dp/B0FQPK66F7","https://m.media-amazon.com/images/I/7186TNp6btL._SX450_.jpg","B0FQPK66F7","3.9mm Small Hole Borescope, Aperture Endoscope Camera - Suitable for. 20 Caliber and Larger Pipes, Gun Barrel Inspection Tool, Suitable for Android and iOS Smartphones iPhone, iPad, Samsung","StrongTools","FBA","Industrial & Scientific",223074,"N/A","N/A","N/A","N/A","Borescopes",450,35.99,-1,25,25,67,892.15,891.99,27,3.7,"StrongTools","China",1,0,"N/A","Large Standard-Size",2.2,4.69,5.16,0.31,26.82,73.99,"01/31/2026",6,8,0,0.92
"https://amazon.com/dp/B0BGVMK125","https://m.media-amazon.com/images/I/71wzvsFA0OL._SX450_.jpg","B0BGVMK125","Vividia DA-40 LCD/WiFi Flexible Joystick Articulating Inspection Camera Borescope Videoscope with 4mm (0.16"") Diameter Waterproof IP67 Probe (1m Long Probe)","VIVIDIA","FBM","Industrial & Scientific",223484,"N/A","N/A","N/A","N/A","Borescopes",459,1500,-8,4,2,1500,7759.47,3525.72,"N/A","N/A","Oasis Scientific Inc.","USA",1,14,600,"N/A","N/A","N/A","N/A","N/A","N/A","N/A","01/31/2026",50,9,3,"N/A"
"https://amazon.com/dp/B0BGVQXBVG","https://m.media-amazon.com/images/I/71wzvsFA0OL._SX450_.jpg","B0BGVQXBVG","Vividia DA-40 LCD/WiFi Flexible Joystick Articulating Inspection Camera Borescope Videoscope with 4mm (0.16"") Diameter Waterproof IP67 Probe (1.5m Long Probe)","VIVIDIA","FBM","Industrial & Scientific",223484,"N/A","N/A","N/A","N/A","Borescopes",459,1899,-19,4,1,1500,7759.47,2295.22,"N/A","N/A","Oasis Scientific Inc.","USA",1,14,600,"N/A","N/A","N/A","N/A","N/A","N/A","N/A","01/31/2026",50,9,3,"N/A"
"https://amazon.com/dp/B0FNJXTJTN","https://m.media-amazon.com/images/I/61xOUOzTTwL._SX450_.jpg","B0FNJXTJTN","Borescope, Endoscope 3-in-1 USB HD Inspection Camera with 16.5FT Semi-Rigid Snake Cable, 8mm Waterproof IP67 Industrial Endoscope for Android, iOS and PC","HOERCAAL","FBA","Industrial & Scientific",224216,"N/A","N/A","N/A","N/A","Borescopes",449,13.99,-46,5,5,-118,113.19,113.02,9,3.4,"Mei Wang Mei","China",1,0,"N/A","Large Standard-Size",1.1,6.5,6.57,0.49,23.65,65.24,"12/31/2025",6,6,0,0.56
"https://amazon.com/dp/B08P4D75VT","https://m.media-amazon.com/images/I/51SHGMJvSFL._SX450_.jpg","B08P4D75VT","Oumefar USB Endoscope 3 in 1 Borescope 5.5mm Lens 6LED 5M Megapixels HD Endoscope Cable IP67 Inspection Camera for Plumbing Wall Vent Sewer Inspections","Oumefar","FBA","Industrial & Scientific",224666,"N/A","N/A",9588081357653,"N/A","Borescopes",463,10.49,-53,4,4,56,43.69,43.58,3,2.9,"Lanxued","China",2,13,550,"Large Standard-Size",1.3,4.88,5,0.32,15.97,44.05,"01/31/2026",63,8,0,1.29
"https://amazon.com/dp/B09WMFVTWJ","https://m.media-amazon.com/images/I/81znhrYb6cL._SX450_.jpg","B09WMFVTWJ","Teslong Endoscope Replacement Cable with Light, Triple Lens Inspection Camera 7.9mm/0.3inch Waterproof Probe Compatible with NTS500, NTS300(16.5FT)","Teslong","FBA","Industrial & Scientific",225012,"N/A","N/A","N/A","N/A","Borescopes",451,99.99,-28,14,14,391,1387.49,1387.24,8,4.6,"Teslong","China",1,101,"N/A","Large Standard-Size",2.44,8.82,9.61,1.98,104.13,287.24,"03/31/2025",47,6,0,1.73
"https://amazon.com/dp/B0F28ZLLZL","https://m.media-amazon.com/images/I/41pC7lCQP9L._SX450_.jpg","B0F28ZLLZL","Sewer Camera 100ft, 4.3"" Pipe Snake Camera with DVR Function, Drain Plumbing Inspection with LED Light, 17mm/0.67in Waterproof Industrial Endoscope for Home Wall Duct Drain Pipe (30m/98ft)","BlessFly","FBA","Industrial & Scientific",225642,602835080921,"N/A",0602835080921,"N/A","Borescopes",458,258.99,-16,17,3,154,3826.99,664.91,13,4.2,"Blessfly Smart","China",1,0,"N/A","Large Standard-Size",15.3,12.4,7.1,7.77,678.18,1870.85,"08/31/2025",11,7,3,1.34
"https://amazon.com/dp/B0F28YDS26","https://m.media-amazon.com/images/I/71thtTwBz1L._SX450_.jpg","B0F28YDS26","Sewer Camera, 4.3"" Pipe Snake Camera with DVR Function, Drain Plumbing Inspection with LED Light, 17mm/0.67in Waterproof Industrial Endoscope for Home Wall Duct Drain Pipe (20m/65ft)","BlessFly","FBA","Industrial & Scientific",225777,602835080914,"N/A",0602835080914,"N/A","Borescopes",457,239.99,-5,17,5,154,3826.99,1136.21,12,4.1,"Blessfly Smart","China",1,0,"N/A","Large Standard-Size",15.3,12.4,7.1,7.08,678.18,1870.85,"08/31/2025",11,7,3,1.45
"https://amazon.com/dp/B0FF3619XZ","https://m.media-amazon.com/images/I/71sG08sCPUL._SX450_.jpg","B0FF3619XZ","FDGSAB Sewer Camera with 512Hz Locator, 20/30/50m, 7"" Pipeline Inspection kit with DVR Function, IP68, 12 Adjustable LEDs, A 32GB Card for Sewer Line, Home, Duct Drain Pipe Plumbing (9618FTR-30)","FDGSAB","FBA","Industrial & Scientific",226113,"N/A","N/A","N/A","N/A","Borescopes",458,649.99,-43,10,2,-8,5947.74,1426.74,1,5,"sijifeng","China",1,0,"N/A","Large bulky",15.2,14,10.6,13.9,731.01,1827.52,"01/31/2026",8,7,3,9.73
"https://amazon.com/dp/B0FF365GVM","https://m.media-amazon.com/images/I/71sG08sCPUL._SX450_.jpg","B0FF365GVM","FDGSAB Sewer Camera with 512Hz Locator, 20/30/50m, 7"" Pipeline Inspection kit with DVR Function, IP68, 12 Adjustable LEDs, A 32GB Card for Sewer Line, Home, Duct Drain Pipe Plumbing (9618FTR-20)","FDGSAB","FBA","Industrial & Scientific",226232,"N/A","N/A","N/A","N/A","Borescopes",459,599.99,-12,10,8,-8,5947.74,4520.7,1,5,"sijifeng","China",1,0,"N/A","Large bulky",15.2,14,10.6,13.9,731.01,1827.52,"01/31/2026",8,7,3,9.73
"https://amazon.com/dp/B0DQYBZDX5","https://m.media-amazon.com/images/I/71rfZw4NMRL._SX450_.jpg","B0DQYBZDX5","Dual Lens Industrial Endoscope, 1080P Digital Borescope Inspection Camera, 7.9mm IP67 Waterproof Camera, Sewer Camera with 4.3"" LCD Screen, 8 LED Lights, 16.5FT Semi-Rigid Cable","Jebousike","FBA","Industrial & Scientific",226253,"N/A","N/A","N/A","N/A","Borescopes",451,46.98,-24,1,0,-83,56.25,"-",16,4.6,"Jebousike","China",1,69,"N/A","Large Standard-Size",8.07,5.3,3.15,1.1,67.83,187.12,"05/31/2025",14,7,6,0.07
"https://amazon.com/dp/B0DQY9BM4H","https://m.media-amazon.com/images/I/71LRZvpCcHL._SX450_.jpg","B0DQY9BM4H","Dual Lens Borescope, Endoscope Camera with Light, IP67 Waterproof Endoscope, 1080P HD Inspection Camera, Borescope Camera with Light, Snake Camera, 32.8ft Endoscope Camera, Gadgets for Men (4.3”)","Jebousike","FBA","Industrial & Scientific",226255,"N/A","N/A","N/A","N/A","Borescopes",451,53.98,-16,1,0,-83,56.25,"-","N/A","N/A","Jebousike","China",1,69,"N/A","Large Standard-Size",3.11,5.35,7.83,1.44,65.69,181.21,"05/31/2025",14,7,6,"N/A"
"https://amazon.com/dp/B0DQYBRYMF","https://m.media-amazon.com/images/I/71B-79RH4bL._SX450_.jpg","B0DQYBRYMF","Endoscope Camera with Light, Jebousike 1080P HD Borescope Inspection Camera with 4.3"" IPS Screen, 98.4FT Flexible Sewer Camera, IP67 Waterproof Plumbing Snake Camera, Cool Gadgets for Men, Women","Jebousike","FBA","Industrial & Scientific",226255,"N/A","N/A","N/A","N/A","Borescopes",451,60.99,-5,1,0,-83,56.25,"-","N/A","N/A","Jebousike","China",1,69,"N/A","Large Standard-Size",11,8.07,3.93,3.4,175.64,484.54,"05/31/2025",14,7,6,"N/A"
"https://amazon.com/dp/B0FSXJJGV5","https://m.media-amazon.com/images/I/71AJMMGqZRL._SX450_.jpg","B0FSXJJGV5","Sanyipace Sewer Inspection Camera, 165FT/50M Borescope Inspection Camera with Distance Counter, 20X Digital Zoom, 7"" IPS Pop-up Screen, Waterproof Plumbing Camera with Lights, for Drain Pipe Duct","Sanyipace","FBA","Industrial & Scientific",226290,"N/A","N/A","N/A","N/A","Borescopes",449,449.88,-32,4,1,-22,1394.28,445.12,"N/A","N/A","Yans Minie","China",1,0,"N/A","Large bulky",11,12,13,15.2,556.11,1390.28,"12/31/2025",5,7,3,"N/A"
"https://amazon.com/dp/B0D5TN5XHW","https://m.media-amazon.com/images/I/814lRch5BEL._SX450_.jpg","B0D5TN5XHW","7 Inches Monitor 100ft/30m with Distance Mark Plumbing Snake Pipe Inspection Video Camera,DVR Recorder Waterproof IP68 Drain Sewer Pipeline Industrial Endoscope System…","Generic","FBA","Industrial & Scientific",227039,"N/A","N/A","N/A","N/A","Borescopes",450,279,-32,3,3,-37,771.28,771.22,8,4.1,"Puteca security shop","China",1,133,"N/A","Large Standard-Size",6.02,13.3,15.24,9.96,614.34,1694.73,"08/31/2025",21,9,0,0.32
"https://amazon.com/dp/B0FDVH213N","https://m.media-amazon.com/images/I/71qg29ashsL._SX450_.jpg","B0FDVH213N","Sewer Camera 66FT/20M Borescopes Pipe Inspection Camera with 16G DVR/Audio Recorder 5600mA Battery 17MM 4.3inch Screen Industrial Plumbing Snake Drain Endoscope","SYOWNFS","FBA","Industrial & Scientific",227314,"N/A","N/A","N/A","N/A","Borescopes",462,243.66,1,5,4,29,1278.09,930.62,1,5,"ENNIO","China",1,0,"N/A","Large bulky",11.2,12.3,13.8,11.6,616.09,1540.23,"12/31/2025",8,7,2,5.16
"https://amazon.com/dp/B0FDWF88RF","https://m.media-amazon.com/images/I/71qg29ashsL._SX450_.jpg","B0FDWF88RF","Sewer Camera 100FT/30M Borescopes Pipe Inspection Camera with 16G DVR/Audio Recorder 5600mA Battery 17MM 4.3inch Screen Industrial Plumbing Snake Drain Endoscope","SYOWNFS","FBA","Industrial & Scientific",227314,"N/A","N/A","N/A","N/A","Borescopes",462,261.71,-6,5,1,29,1278.09,347.21,1,5,"ENNIO","China",1,0,"N/A","Large bulky",11.18,12.36,14.25,12.17,638.15,1595.36,"12/31/2025",8,7,2,5.16