"URL","Image URL","ASIN","Title","Brand","Fulfillment","Category","BSR","UPC","GTIN","EAN","ISBN","Subcategory","Subcategory BSR","Price","Price Trend (90 days) (%)","Parent Level Sales","ASIN Sales","Sales Trend (90 days) (%)","Parent Level Revenue","ASIN Revenue","Review Count","Reviews Rating","Seller","Seller Country/Region","Number of Active Sellers","Last Year Sales","Sales Year Over Year (%)","Size Tier","Length","Width","Height","Weight","Storage Fee (Jan - Sep)","Storage Fee (Oct - Dec)","Best Sales Period","Age (Month)","Number of Images","Variation Count","Sales to Reviews"
"https://amazon.com/dp/B07P2JLJNN","https://m.media-amazon.com/images/I/71MxKI62loL._SX450_.jpg","B07P2JLJNN","30M Cable for Sewer Camera (7D1-30M-Cable)(Only for Brands: HBUDS, IHBUDS, Anysuns)","HBUDS","FBM","Industrial & Scientific",352914,"N/A","N/A",8011657107259,"N/A","Borescopes",747,219.99,-54,4,1,,972.36,305.64,13,3.9,"Hanxuan tech","China",1,59,-16,"N/A","N/A","N/A","N/A","N/A","N/A","N/A","03/31/2025",84,7,3,0.35
"https://amazon.com/dp/B07P2JPKW6","https://m.media-amazon.com/images/I/71NUzkoEUDL._SX450_.jpg","B07P2JPKW6","20M 65ft Replacement Cable for HBUDS Sewer Camera (20M/30M/50M Cable Optional) Model:7D1","HBUDS","FBM","Industrial & Scientific",352921,"N/A","N/A",8011657107303,"N/A","Borescopes",747,199.99,-64,4,2,,972.36,494.49,13,3.9,"Hanxuan tech","China",1,59,-16,"N/A","N/A","N/A","N/A","N/A","N/A","N/A","03/31/2025",84,7,3,0.35
"https://amazon.com/dp/B0C7LWWYZ5","https://m.media-amazon.com/images/I/61aj+Zj7s+L._SX450_.jpg","B0C7LWWYZ5","Vividia CX-4010i Flexible Joystick Articulating 1280x720 HD USB Inspection Camera Borescope Videoscope with 4mm (0.16"") Diameter 1m Long for iPhone iPad and for Android Devices","VIVIDIA","FBM","Industrial & Scientific",353316,"N/A","N/A","N/A","N/A","Borescopes",671,899.98,-23,1,1,-20,1167.12,1167.09,"N/A","N/A","Oasis Scientific Inc.","USA",1,10,"N/A","Large Standard-Size",13,5,13,4,"N/A","N/A","12/31/2025",42,9,0,"N/A"
"https://amazon.com/dp/B0G34PXC7N","https://m.media-amazon.com/images/I/71z6GZ6FEJL._SX450_.jpg","B0G34PXC7N","4-Way 360° Articulating Borescope with 6 Light, Endoscope Camera with 6.2mm Probe, 8X Zoom 5.0FT Semi-Rigid Cable Inspection Camera for Automotive Engine Pipe HVAC","Mrcartool","FBA","Industrial & Scientific",354341,"N/A","N/A","N/A","N/A","Borescopes",668,216.6,90,8,8,,1922.54,1922.44,2,5,"MR CARTOOL DIRECT","China",1,0,"N/A","Large Standard-Size",11.81,9.84,2.36,2.2,138.26,381.4,"01/31/2026",3,9,0,4.22
"https://amazon.com/dp/B07SLVDMBK","https://m.media-amazon.com/images/I/510gKK+ZClL._SX450_.jpg","B07SLVDMBK","Vividia GB-460 USB Digital Manual Focus Gun Barrel Borescope Camera with 4mm Diameter and 24"" (60 cm) Long Insertion Tube (with WiFi Box)","VIVIDIA","FBM","Industrial & Scientific",354441,"N/A","N/A","N/A","N/A","Borescopes",670,249.98,-28,3,1,22,633.7,214,13,3.9,"Oasis Scientific Inc.","USA",2,30,76,"Large bulky",2.9,4.5,30.9,2.6,"N/A","N/A","12/31/2025",81,9,2,0.23
"https://amazon.com/dp/B0DG8MWP8M","https://m.media-amazon.com/images/I/71Gck12aymL._SX450_.jpg","B0DG8MWP8M","Anysun Sewer Camera with Locator with Distance Count and Self-Leveling, 512Hz Sonde IP68 Waterproof Cam, 9"" Pipe Drain Inspection with 12pcs Light, DVR with 32GB Card, 7mm Cable(200FT)","anysun","FBA","Industrial & Scientific",356178,717331218690,"N/A",0717331218690,"N/A","Borescopes",648,1299.99,-27,5,1,,5678.9,965.18,9,3.3,"ToBestGift","China",1,0,"N/A","Large bulky",13.2,18.7,20.5,25.1,1639.89,4099.72,"01/31/2026",36,7,5,0.52
"https://amazon.com/dp/B0CPYFT4YL","https://m.media-amazon.com/images/I/61AgFT82AKL._SX450_.jpg","B0CPYFT4YL","NIDAGE Two-Way 210° Articulating Borescope 0.24in Endoscope Camera with Light 5'' IPS Video Inspection Camera Flexible Fiber Optic Snake Scope Cam for Mechanic Wall Automotive Aircraft, 5.2FT","NIDAGE","FBA","Industrial & Scientific",357204,"N/A","N/A","N/A","N/A","Borescopes",660,69.88,"N/A",0,0,-133,"-","-",54,4.2,"TELESION","China",1,181,"N/A","Large bulky",3,9,19,3,166.25,415.63,"08/31/2024",27,7,2,0
"https://amazon.com/dp/B091V47C3Y","https://m.media-amazon.com/images/I/819taH80biL._SX450_.jpg","B091V47C3Y","Vividia PM-70 2.0MP Handheld USB Digital Borescope Endoscope Microscope with 7mm Tube Diameter","VIVIDIA","FBM","Industrial & Scientific",359573,759119545277,"N/A",0759119545277,"N/A","Borescopes",667,149.98,-13,2,2,-33,287.88,287.82,1,4,"Oasis Scientific Inc.","USA",1,21,40,"N/A","N/A","N/A","N/A","N/A","N/A","N/A","12/31/2025",59,7,0,1.91
"https://amazon.com/dp/B08QCN6B9G","https://m.media-amazon.com/images/I/71P-NOb5YyL._SX450_.jpg","B08QCN6B9G","Teslong Endoscope Replacement Cable with Light, Dual Lens Inspection Camera 5.5mm/0.21inch Waterproof Probe Compatible with NTS500, NTS300(10FT)","Teslong","FBA","Industrial & Scientific",359824,"N/A","N/A","N/A","N/A","Borescopes",668,99.99,149,3,3,,337.31,337.23,14,5,"Teslong","China",1,37,"N/A","Large Standard-Size",2.01,5.75,6.5,0.73,37.82,104.34,"09/30/2024",63,6,0,0.24
"https://amazon.com/dp/B0DB1NNBGK","https://m.media-amazon.com/images/I/71EJycPhIOL._SX450_.jpg","B0DB1NNBGK","5"" Dual Lens Endoscope Camera, 1080P HD Borescope with Light, 16.5FT Flexible Cable, IP67 Waterproof Snake Camera for Plumbing, Wall, and Automotive Inspections","KOOPOOL","FBA","Industrial & Scientific",360639,"N/A","N/A","N/A","N/A","Borescopes",672,48.99,-8,4,1,-143,122.97,45.27,20,4.3,"KOOPOOL US","China",1,0,"N/A","Large Standard-Size",3.03,6.73,9.02,1.5,92.61,255.47,"11/30/2025",19,8,2,0.18
"https://amazon.com/dp/B0DB1NN75K","https://m.media-amazon.com/images/I/71cJOGCjb2L._SX450_.jpg","B0DB1NN75K","4.3"" HD Endoscope Camera, IP67 Waterproof Inspection Borescope, 1080P Snake Camera with 8 LED Lights, 16.4FT Semi-Rigid Cable, Digital Sewer Camera for Home & Industrial Use","KOOPOOL","FBA","Industrial & Scientific",360639,"N/A","N/A","N/A","N/A","Borescopes",672,29.99,22,4,3,-143,122.97,77.5,20,4.3,"KOOPOOL US","China",1,0,"N/A","Large Standard-Size",2.99,6.77,9.09,1.54,92.64,255.56,"11/30/2025",19,7,2,0.18
"https://amazon.com/dp/B0C37GBVZZ","https://m.media-amazon.com/images/I/31Ttj+zoY6L._SX450_.jpg","B0C37GBVZZ","23mm Sewer Inspection Camera Head, Stainless Steel Professional IP68 Pipe Drain Endoscope Camera Accessory with 12 LED Lights","Marhynchus","FBA","Industrial & Scientific",360856,"N/A","N/A","N/A","N/A","Borescopes",671,169.42,-1,4,4,129,541.3,541.22,"N/A","N/A","tanzqioo","China",2,21,"N/A","Large Standard-Size",6.69,3.94,2.76,0.4,36.56,100.86,"05/31/2024",31,9,0,"N/A"
"https://amazon.com/dp/B0G58HV3CX","https://m.media-amazon.com/images/I/61gfDxQvezL._SX450_.jpg","B0G58HV3CX","Endoscope Camera with Light,16.4ft Dual-Lens Borescope Tools with 8 Adjustable LED Lights, Endoscope with Semi-Rigid Snake Camera, IP67 Waterproof Inspection Borescope for iOS and Android","COOVIE","FBA","Industrial & Scientific",361313,"N/A","N/A","N/A","N/A","Borescopes",675,25.99,-52,12,4,,316.63,104.69,16,4.7,"Alice Windowshop","China",1,0,"N/A","Large Standard-Size",1.5,4.8,4.8,0.1,17.4,48,"01/31/2026",3,7,2,0.73
"https://amazon.com/dp/B09HKVBX9V","https://m.media-amazon.com/images/I/4194DvStFoL._SX450_.jpg","B09HKVBX9V","ANYSUN Sewer Camera's Accessories- Connection Line","anysun","FBA","Industrial & Scientific",361876,770887234248,"N/A",0770887234248,"N/A","Borescopes",683,29.99,-32,9,9,115,273.88,273.67,5,3.6,"ToBestGift","China",1,78,-52,"Small Standard-Size",0.1,0.1,0.1,0.1,0,0,"01/31/2025",34,2,0,1.83
"https://amazon.com/dp/B0DRYV39G6","https://m.media-amazon.com/images/I/61I155JhY0L._SX450_.jpg","B0DRYV39G6","CleerView 3.9mm HD USB-C Endoscope for Android, 1280P Waterproof Borescope Camera with 6 LED Lights, 3.5M/11.5ft Flexible Cable for Pipe Inspection, Automotive, HVAC DIY","lvifloae","FBA","Industrial & Scientific",363362,"N/A","N/A","N/A","N/A","Borescopes",669,21.99,-45,10,5,256,240.78,115.27,2,4.5,"beiyuanwangluo","China",2,0,"N/A","Large Standard-Size",4.72,4.72,1.57,0.26,17.7,48.82,"06/30/2025",14,9,3,4.93
"https://amazon.com/dp/B0FYP9SDDX","https://m.media-amazon.com/images/I/61NtkkxhQVL._SX450_.jpg","B0FYP9SDDX","Blessfly Sewer Camera with 512Hz Locator, Pipeline Inspection Camera with 7inch Monitor and 98ft/30m Cable, IP68 Waterproof DVR Recording with 32GB SD Card for Sewer Line, Home, Duct Drain Plumbing","BlessFly","FBA","Industrial & Scientific",365802,683125200304,"N/A",0683125200304,"N/A","Borescopes",681,699.99,-29,4,4,,2960.77,2960.6,7,4.8,"Blessfly Smart","China",1,0,"N/A","Large bulky",17,17,14,15,1311.2,3278.01,"11/30/2025",11,7,0,0.6
"https://amazon.com/dp/B0CP638V8G","https://m.media-amazon.com/images/I/51HxylvRPCL._SX450_.jpg","B0CP638V8G","Replacement Screen for Anysun 9DX Series Sewer Inspection Camera","anysun","FBM","Industrial & Scientific",366061,774049912852,"N/A",0774049912852,"N/A","Borescopes",667,129.99,"N/A",2,2,,256.37,256.28,"N/A","N/A","Nedive","Hong Kong",1,68,"N/A","N/A","N/A","N/A","N/A","N/A","N/A","N/A","03/31/2025",27,1,0,"N/A"
"https://amazon.com/dp/B0DL9J7SQ5","https://m.media-amazon.com/images/I/61uIRTgLriL._SX450_.jpg","B0DL9J7SQ5","Anysun 5860 Model Sewer Camear Monitor Replacement, Only for Anysun 5860 Serie Sewer Camera System","anysun","FBM","Industrial & Scientific",368183,"N/A","N/A","N/A","N/A","Borescopes",687,199.99,-13,5,5,300,905.44,905.34,1,5,"Yongchangsheng tech","China",2,37,"N/A","Large Standard-Size",12,8,1,1.5,"N/A","N/A","05/31/2025",16,2,0,4.56
"https://amazon.com/dp/B0CWY87BLX","https://m.media-amazon.com/images/I/61FNXe4dFgL._SX450_.jpg","B0CWY87BLX","【Dual-Lens BORESCOPE Inspection Camera HD with Light】 Endoscope with Adjustable LED - Compatible with iPhone, Samsung, iPad, iOS & Android - 3.0MP HD, IP67 Waterproof, 16.5ft/5m","EmbraceYe","FBA","Industrial & Scientific",368954,860011616757,"N/A",0860011616757,"N/A","Borescopes",686,39.89,-9,1,1,-105,39.89,39.85,41,4.1,"EmbraceYe","China",2,93,"N/A","Large Standard-Size",1.69,4.96,5.24,0.53,22.11,61.01,"06/30/2024",24,8,0,0.02
"https://amazon.com/dp/B0G57ZTV6S","https://m.media-amazon.com/images/I/71qGSBZZ70L._SX450_.jpg","B0G57ZTV6S","1920P HD Type-C Borescope Inspection Camera with 8 Adjustable LED Lights, 16.4FT Semi-Rigid Snake Cable, IP67 Waterproof, Fiber Optic Scope Compatible with iPhone, iPad, Samsung & Android/iOS Devices","NOUSV","FBA","Industrial & Scientific",369050,"N/A","N/A","N/A","N/A","Borescopes",686,16.49,35,17,17,,337.2,336.92,2,4.5,"aileking-us","China",1,0,"N/A","Large Standard-Size",5.12,5.12,1.54,0.34,20.25,55.86,"01/31/2026",3,9,0,"N/A"
"https://amazon.com/dp/B0FLQ9SYGS","https://m.media-amazon.com/images/I/71nE2g929SL._SX450_.jpg","B0FLQ9SYGS","Sewer Camera Self Leveling, Drain Camera 100ft with Meter Counter, 9"" HD 1080p Plumbing Cameras with 12 LED Lights, Waterproof IP68 & 32GB DVR, Industrial Endoscope for Duct Sewer Line Pipe Inspection","OnBeam","FBA","Industrial & Scientific",373143,769016776766,"N/A",0769016776766,"N/A","Borescopes",904,499.99,-48,12,4,111,7090.38,2248.37,3,5,"weigangus","China",1,0,"N/A","Large bulky",12.12,13.25,14.01,14.3,729.12,1822.81,"10/31/2025",7,7,7,3.84
"https://amazon.com/dp/B0G58JRBW8","https://m.media-amazon.com/images/I/61w7v5nG4wL._SX450_.jpg","B0G58JRBW8","Endoscope Camera with Light, 1920P HD Borescope Tools with 8 Adjustable LED Lights, Endoscope with Semi-Rigid Snake Camera, Inspection Borescope for iOS and Android 16.4ft Single Lens","COOVIE","FBA","Industrial & Scientific",373328,"N/A","N/A","N/A","N/A","Borescopes",685,18.99,107,12,8,,316.63,211.71,16,4.7,"Alice Windowshop","China",1,0,"N/A","Large Standard-Size",1.5,5,5,0.6,18.88,52.08,"01/31/2026",3,7,2,0.73
"https://amazon.com/dp/B0D8119TJ5","https://m.media-amazon.com/images/I/71DZJ1LECYL._SX450_.jpg","B0D8119TJ5","Sewer Camera with Locator, 9"" IPS 1080P Drain Camera with Self Leveling, Distance Counter, DVR Function, 7mm Cable, 100 ft Sewer Scope with 512Hz Sonde, IP68 Waterproof, 32GB Card for Pipe Plumbing","OnBeam","FBA","Industrial & Scientific",373632,762736109388,"N/A",0762736109388,"N/A","Borescopes",905,1299.99,-17,12,2,111,7090.38,2142.55,3,5,"weigangus","China",1,0,"N/A","Large bulky",15.5,15.5,19,21.45,1479.32,3698.29,"10/31/2025",20,7,7,3.84
"https://amazon.com/dp/B0DP2M9559","https://m.media-amazon.com/images/I/41E5aGCQ4OL._SX450_.jpg","B0DP2M9559","DIIOOMIEEU USB Snake Inspection Camera USB Borescope Scope Camera with 6 LED Lights for Phone for Piece","DIIOOMIEEU","FBA","Industrial & Scientific",374734,"N/A","N/A",7680440054257,"N/A","Borescopes",693,12.77,-17,3,3,-36,32.11,32.06,"N/A","N/A","YisiyuanTc","China",2,0,"N/A","Large Standard-Size",1.5,4.8,4.84,0.15,17.52,48.33,"03/31/2025",15,9,0,"N/A"
"https://amazon.com/dp/B0GCJWGWT9","https://m.media-amazon.com/images/I/71hVLOJU-mL._SX450_.jpg","B0GCJWGWT9","OKK Professional 100ft Sewer & Drain Inspection Camera Kit-Features a 9"" IPS Screen-1080P HD Self-Leveling Camera Head IP68 Waterproof, Built-in DVR with 32GB Card, 5100mAh Battery 7mm Cable","okk","-","Industrial & Scientific",375497,"N/A","N/A","N/A","N/A","Borescopes",694,499.99,"N/A",0,0,,"-","-","N/A","N/A",,"N/A",1,0,"N/A","Large bulky",14,13,12,12,"N/A","N/A","-",2,"N/A",2,"N/A"
"https://amazon.com/dp/B0CZNQKW3L","https://m.media-amazon.com/images/I/519ufJ9yo8L._SX450_.jpg","B0CZNQKW3L","Endoscope Camera with Light, Bidirectional 180°Steering Articulating Borescope, 8.5mm Waterproof Pipe Camera with 4.5"" Screen, Automotive Steering Endoscopes F408B","SYANSPAN","FBM","Industrial & Scientific",376673,"N/A","N/A","N/A","N/A","Borescopes",697,119.99,"N/A",0,0,,"-","-","N/A","N/A","pipe camera","China",1,0,"N/A","N/A","N/A","N/A","N/A","N/A","N/A","N/A","-",23,9,0,"N/A"
"https://amazon.com/dp/B0DCY6XC2Q","https://m.media-amazon.com/images/I/81eixOMhbEL._SX450_.jpg","B0DCY6XC2Q","Industrial Endoscope Camera 1920P HD, 16.4ft Borescope Snake with 6 LED Lights, IP67 Waterproof Inspection Camera for Automotive Engine, Pipe, HVAC - Compatible with iPhone Android USB-C","weapengsen","FBA","Industrial & Scientific",377430,"N/A","N/A","N/A","N/A","Borescopes",697,17.39,"N/A",1,1,-84,10.99,10.94,43,4.1,"Lewei Supplies City","China",1,202,"N/A","Large Standard-Size",1.46,5.16,5.35,0.44,20.29,55.98,"06/30/2025",19,8,0,0.01
"https://amazon.com/dp/B0CXCW4FDC","https://m.media-amazon.com/images/I/51nuO7u2JvL._SX450_.jpg","B0CXCW4FDC","Endoscope Camera with Light iPhone: 1920P HD Borescope with 6 Adjustable LED Lights, Endoscope with Semi-Rigid Snake Camera, 7.9mm IP67 Waterproof Inspection Camera for iOS iPhone, Android","OKUBOX","FBA","Industrial & Scientific",378599,701807732407,"N/A",0701807732407,"N/A","Borescopes",698,15.99,"N/A",6,6,,90.77,90.61,59,3.8,"OKUBOX","China",1,125,"N/A","Large Standard-Size",0.94,6.46,6.57,0.46,20.2,55.71,"05/31/2025",24,6,0,0.1
"https://amazon.com/dp/B0FLQ1TFBW","https://m.media-amazon.com/images/I/71Q5fEh99zL._SX450_.jpg","B0FLQ1TFBW","Anysun Sewer Camera Self Leveling 165ft, Sewer Inspection Camera with Meter Marker,HD Screen, DVR, 12 Adjustable LED Lights, 5mm Cable, 5100mAh Rechargeable Battery, 32GB Card","anysun","FBA","Industrial & Scientific",378939,769016774052,"N/A",0769016774052,"N/A","Borescopes",698,429.99,-35,7,2,15,2773.36,868.72,1,5,"Nedive","Hong Kong",1,0,"N/A","Large bulky",13,12,12,16,606.67,1516.67,"11/30/2025",7,6,2,"N/A"
"https://amazon.com/dp/B0DP2J6VDQ","https://m.media-amazon.com/images/I/61M9N5emJ4L._SX450_.jpg","B0DP2J6VDQ","CYTGOUPER C Type 3 in 1 Endoscope Camera,High Definition Waterproof Mobile Phone Endoscope 3.9mm Endoscope Borescope Android for Fiberscopes (3.5m Flexible Cord)","CYTGOUPER","FBA","Industrial & Scientific",379474,"N/A","N/A","N/A","N/A","Borescopes",700,22.09,-42,9,9,1400,198.29,198.17,2,4.7,"Cytliamnb","China",2,49,"N/A","Large Standard-Size",1.46,4.8,5,0.22,17.61,48.59,"02/28/2025",15,9,3,4.49
"https://amazon.com/dp/B0CVXKQ5YB","https://m.media-amazon.com/images/I/71l6UgGLFHL._SX450_.jpg","B0CVXKQ5YB","4.3"" inch Pipe Drain Inspection Camera, 100FT/30M Sewer Camera with DVR Function & Snake Cable, Waterproof IP68 Borescope w/LED Lights Industrial Endoscope for Plumber Wall Duct Drain Pipe Plumbing","VicSec","FBA","Industrial & Scientific",381743,"N/A","N/A","N/A","N/A","Borescopes",713,259.99,-24,7,7,188,1813.62,1813.46,29,3.8,"HOTSALE-US","China",1,97,"N/A","Large bulky",11.18,12.36,14.17,11.93,634.56,1586.41,"12/31/2024",24,6,0,0.24
"https://amazon.com/dp/B0DXP75RHR","https://m.media-amazon.com/images/I/71T4crbkP0L._SX450_.jpg","B0DXP75RHR","Anysun Sewer Camera with 512hz Sonde 100ft, Self Leveling Sewer Inspection Camera with Distance Counter, 7MM Diameter Cable with 12PCS LED Lights, 9"" HD Monitor with DVR(32GB Card)","anysun","FBA","Industrial & Scientific",381868,717690769680,"N/A",0717690769680,"N/A","Borescopes",694,699.99,-40,11,2,,7509.44,1445.84,"N/A","N/A","Nedive","Hong Kong",1,0,"N/A","Large bulky",16,11,18,10,1026.67,2566.67,"10/31/2025",12,7,2,"N/A"
"https://amazon.com/dp/B0B6YNP8N2","https://m.media-amazon.com/images/I/51x9k8Re4lL._SX450_.jpg","B0B6YNP8N2","Anysun Screen for 7D1 Sewer Camera, 7 Inch LCD Monitor","anysun","FBM","Industrial & Scientific",383167,774829649862,"N/A",0774829649862,"N/A","Borescopes",707,129.99,-44,1,1,,160.6,160.58,"N/A","N/A","HZDZ_Shop","Hong Kong",1,12,100,"N/A","N/A","N/A","N/A","N/A","N/A","N/A","05/31/2025",43,2,0,"N/A"
"https://amazon.com/dp/B0DCZFWVH8","https://m.media-amazon.com/images/I/71wK-rCMgBL._SX450_.jpg","B0DCZFWVH8","YINCORD Industrial Endoscope - Handheld Snake Camera with 16.4ft/5m Flexible Cable, 1080P HD IP67 Waterproof 8mm Probe, 4.3"" IPS Screen, 8 LED Lights for Home Wall Pipe Automotive","YINCORD","FBA","Industrial & Scientific",385366,"N/A","N/A","N/A","N/A","Borescopes",712,29.69,-36,5,5,222,150.35,150.25,33,3.9,"YINCORD DIRECT","China",1,49,"N/A","Large Standard-Size",3.03,5.24,5.63,1.12,44.99,124.12,"11/30/2024",19,9,0,0.15
"https://amazon.com/dp/B0F2HS45VV","https://m.media-amazon.com/images/I/7100EeUhHPL._SX450_.jpg","B0F2HS45VV","Okk Sewer Camera with Locator, Drain Camera 300ft, Pipe Inspection with 512Hz Sonde, Self-Leveling, Industrial Endoscope with DVR, 9"" LCD, Meter Counter, 7mm Cable, IP68 Waterproof, 12 LEDs, 32GB Card","okk","FBA","Industrial & Scientific",386443,"N/A","N/A","N/A","N/A","Borescopes",712,1699.99,-27,6,0,-7,5630.2,"-",10,4.4,"ZOZUS-DIRECT","China",1,0,"N/A","Large bulky",14.5,19.5,21,30.35,1924.27,4810.68,"12/31/2025",11,8,11,0.59
"https://amazon.com/dp/B0DWMQTVC2","https://m.media-amazon.com/images/I/51LRhjWxc4L._SX450_.jpg","B0DWMQTVC2","Sanyipace Sewer Camera Replacement Parts, ONLY for Sanyipace S8417D Model","Sanyipace","FBA","Industrial & Scientific",388127,"N/A","N/A","N/A","N/A","Borescopes",714,39.99,29,4,3,,201.34,133.02,"N/A","N/A","Yans Minie","China",1,0,"N/A","Large Standard-Size",3,3,2.5,0.5,11.33,31.25,"01/31/2026",13,1,5,"N/A"
"https://amazon.com/dp/B0DWMLN6VW","https://m.media-amazon.com/images/I/51LRhjWxc4L._SX450_.jpg","B0DWMLN6VW","Sanyipace Distance Counter for Sewer Camera, ONLY for Sanyipace S610ASMKTCP Model","Sanyipace","FBA","Industrial & Scientific",388131,"N/A","N/A","N/A","N/A","Borescopes",714,59.99,-23,4,1,,201.34,68.13,"N/A","N/A","Yans Minie","China",1,0,"N/A","Large Standard-Size",3,3,2.6,0.5,11.78,32.5,"01/31/2026",13,1,5,"N/A"
"https://amazon.com/dp/B0CYPT6GYX","https://m.media-amazon.com/images/I/61IhY+HIciL._SX450_.jpg","B0CYPT6GYX","Endoscope Camera with Light,Inspection Camera 16.4ft Gadgets for Men 1080P HD Endoscope with 8 Adjustable LED Lights","ZOIOT","FBA","Industrial & Scientific",388251,"N/A","N/A","N/A","N/A","Borescopes",725,21.99,10,0,0,-132,"-","-",31,3.6,"YFD-US","China",1,115,"N/A","Large Standard-Size",0.98,6.5,8.66,0.46,27.77,76.62,"11/30/2025",26,1,0,0
"https://amazon.com/dp/B0FKMN1RH3","https://m.media-amazon.com/images/I/716l5-WJ4GL._SX450_.jpg","B0FKMN1RH3","3 in 1 for Android TypeC Mobile Phone 3.9mm Lens High Definition Waterproof Endoscope Lens High Definition Waterproof Endoscope (1m Cable) (2PCS 3.5 Meters Soft Cord)","lvifloae","FBM","Industrial & Scientific",391393,"N/A","N/A","N/A","N/A","Borescopes",721,40.99,-34,10,2,256,240.78,62.33,2,4.5,"beiyuanwangluo","China",1,0,"N/A","N/A","N/A","N/A","N/A","N/A","N/A","N/A","06/30/2025",7,1,3,4.93
"https://amazon.com/dp/B0DRYWKBNR","https://m.media-amazon.com/images/I/61koHW1WmiL._SX450_.jpg","B0DRYWKBNR","3 in 1 for Android TypeC Mobile Phone 3.9mm Lens High Definition Waterproof Endoscope Lens High Definition Waterproof Endoscope (1m Cable) (5 Meters Soft Cord)","lvifloae","FBM","Industrial & Scientific",391407,"N/A","N/A","N/A","N/A","Borescopes",720,22.39,-17,10,3,256,240.78,62.77,2,4.5,"beiyuanwangluo","China",1,0,"N/A","Large Standard-Size",6.3,6.3,1.57,0.29,"N/A","N/A","06/30/2025",14,9,3,4.93
"https://amazon.com/dp/B082PG2GT6","https://m.media-amazon.com/images/I/61FY-07wr1L._SX450_.jpg","B082PG2GT6","Forbest Sewer Drain Inspection Camera, 130ft Fiberglass Cable, 7"" LCD Monitor, DVR Recorder & Battery, 512Hz Sonde Transmitter, Borescope Snake Camera, IP68 Waterproof Lens with Lights, Plumbing Tool","Forbest","FBM","Industrial & Scientific",392521,"N/A","N/A","N/A","N/A","Borescopes",724,949,"N/A",7,3,-12,6203.91,3120.53,23,2.9,"Forbest Products Co.","USA",1,113,12,"Large bulky",12.5,14,14,15.7,"N/A","N/A","12/31/2024",75,7,4,0.3
"https://amazon.com/dp/B0CKSLNNM3","https://m.media-amazon.com/images/I/81t9L+QRaqL._SX450_.jpg","B0CKSLNNM3","Oiiwak Dual Lens Articulating Borescope, 5"" IPS Endoscope Camera with Light Inspection Snake Bore Scope Camera for Wall Automotive Aircraft Plumbing House","Oiiwak","FBA","Industrial & Scientific",392723,"N/A","N/A","N/A","N/A","Borescopes",734,119.99,-64,0,0,-94,"-","-",29,4,"Oiiwak Tech","China",1,72,"N/A","Large bulky",2.99,8.58,18.39,3.02,152.89,382.23,"10/31/2024",29,9,2,0.01
"https://amazon.com/dp/B07VXJMNBJ","https://m.media-amazon.com/images/I/618WePEJOkL._SX450_.jpg","B07VXJMNBJ","USB Endosecope, 3 in 1 Endoscope 5.5mm Lens Borescope Inspection Camera with 6 Adjustable LED 5M Cable Scope Camera IP67 for Android/XP/W7/W8/VISTA/W10","Zerone","FBA","Industrial & Scientific",393118,781593845277,"N/A",0781593845277,"N/A","Borescopes",718,13.38,-39,7,7,-18,83.46,83.36,67,3.7,"Deelair","China",2,50,"N/A","Large Standard-Size",1.46,4.84,4.84,0.26,17.22,47.5,"05/31/2024",79,9,0,0.1
"https://amazon.com/dp/B0FF4X5J9S","https://m.media-amazon.com/images/I/71rIoHcUHnL._SX450_.jpg","B0FF4X5J9S","TIANSIAO Dual Lens Endoscope Camera with Light, 1920P HD Borescope with 4.3"" IPS Screen, IP67 Waterproof Inspection Camera with 8 Adjustable LEDs, 16.5ft Semi-Rigid Cable, 32GB Card-Black","Tiansiao","FBA","Industrial & Scientific",393188,"N/A","N/A","N/A","N/A","Borescopes",728,43.99,-24,5,5,-68,220.61,220.49,13,5,"TIANXIAO US","N/A",1,0,"N/A","Large Standard-Size",2.44,4.96,7.17,0.99,43.69,120.52,"08/31/2025",8,7,0,0.42
"https://amazon.com/dp/B0FC2JNN33","https://m.media-amazon.com/images/I/51Q4k2NnK2L._SX450_.jpg","B0FC2JNN33","Sewer Camera with Locator, Drain Camera 200ft, Pipe Inspection with 512Hz Sonde, Self-Leveling, Industrial Endoscope with DVR, 9"" LCD, Meter Counter, 7mm Cable, IP68 Waterproof, 12 LEDs, 32GB Card","okk","FBA","Industrial & Scientific",393396,"N/A","N/A","N/A","N/A","Borescopes",726,1599.99,-17,6,1,-7,5630.2,832.15,10,4.4,"ZOZUS-DIRECT","China",1,0,"N/A","Large bulky",17,12,18,23,1190,2975,"12/31/2025",5,8,11,0.59
"https://amazon.com/dp/B0FC2LZ7N9","https://m.media-amazon.com/images/I/71DEh7FcilL._SX450_.jpg","B0FC2LZ7N9","Sewer Camera, Self-Leveling Drain Camera with 7mm Thicker Cable, 200ft/60M Range, 9"" 1080P HD Monitor, IP68 Waterproof for Pipe Inspection, DVR Snake Cam with Distance Counter & 32GB Card","okk","FBA","Industrial & Scientific",393396,"N/A","N/A","N/A","N/A","Borescopes",726,699.99,-6,6,1,-7,5630.2,1031.23,10,4.4,"ZOZUS-DIRECT","China",1,0,"N/A","Extra-large 50+ to 70 lb",16.62,21.62,23.5,26.25,2736.52,6841.3,"12/31/2025",8,8,11,0.59
"https://amazon.com/dp/B0FG34XWLP","https://m.media-amazon.com/images/I/71DEh7FcilL._SX450_.jpg","B0FG34XWLP","Sewer Camera, Self-Leveling Drain Camera with 7mm Thicker Cable, 100ft/30M Range, 9"" 1080P HD Monitor, IP68 Waterproof for Pipe Inspection, DVR Snake Cam with Distance Counter & 32GB Card","okk","FBA","Industrial & Scientific",393396,"N/A","N/A","N/A","N/A","Borescopes",726,499,-20,6,2,-7,5630.2,944.03,10,4.4,"ZOZUS-DIRECT","China",1,0,"N/A","Large bulky",16.4,11.8,18.9,16.3,1185.31,2963.28,"12/31/2025",8,8,11,0.59
"https://amazon.com/dp/B0F2HRPDK1","https://m.media-amazon.com/images/I/712yPdIX9WL._SX450_.jpg","B0F2HRPDK1","Okk Sewer Camera with Locator, Drain Camera 150ft, Pipe Inspection with 512Hz Sonde, Self-Leveling, Industrial Endoscope with DVR, 9"" LCD, Meter Counter, 7mm Cable, IP68 Waterproof, 12 LEDs, 32GB Card","okk","FBA","Industrial & Scientific",393422,"N/A","N/A","N/A","N/A","Borescopes",726,1499.99,-22,6,1,-7,5630.2,894.56,10,4.4,"ZOZUS-DIRECT","China",1,0,"N/A","Large bulky",13,19,20.5,23.8,1640.95,4102.37,"12/31/2025",11,8,11,0.59
"https://amazon.com/dp/B0FLJWZXKK","https://m.media-amazon.com/images/I/71SKu0OAY+L._SX450_.jpg","B0FLJWZXKK","PRANITE Self-Leveling Sewer Camera with Metre Marking, 165ft Cable 7MM Thicker Dran Camera, 9'' IPS Screen w/DVR, 5100mAh Rechargeable Battery for Pipeline Inspection (32GB Card)","PRANITE","-","Industrial & Scientific",394348,769016772546,"N/A",0769016772546,"N/A","Borescopes",729,499.99,"N/A",0,0,,"-","-","N/A","N/A",,"N/A",1,0,"N/A","Large bulky",21,18,12,16,"N/A","N/A","12/31/2025",7,"N/A",3,"N/A"
"https://amazon.com/dp/B0D8VTS9DS","https://m.media-amazon.com/images/I/71htSK47TEL._SX450_.jpg","B0D8VTS9DS","Autel MaxiVideo MV108S Digital Inspection Camera, 2025 Upgrade MV108/MV105S IP67 Waterproof 8.5mm Borescope 39.37'' 2MP Camera + LED Light 1920x1080 Compatible with Autel Scanner & PC","Autel","FBA","Industrial & Scientific",394585,792499858506,"N/A",0792499858506,"N/A","Borescopes",738,49,-33,3,3,-62,128.13,128.06,10,4.8,"Autel Global Distributor","USA",1,85,"N/A","Large Standard-Size",2,6.55,12.5,0.8,82.44,227.43,"10/31/2025",20,6,0,0.26
"https://amazon.com/dp/B087RC1Z7P","https://m.media-amazon.com/images/I/71ad-eDVD3L._SX450_.jpg","B087RC1Z7P","Sewer Camera Pipe Inspection Anysun Waterproof IP68 Plumbing Camera with DVR Recorder (Red-30M)","anysun","FBA","Industrial & Scientific",395895,192408495844,"N/A",0192408495844,"N/A","Borescopes",860,500,-35,4,2,-25,4170.24,1076.5,169,3.9,"Yongchangsheng tech","Hong Kong",1,134,-46,"Large bulky",8,17.1,18.75,16.8,831.25,2078.13,"03/31/2024",70,8,8,0.02
"https://amazon.com/dp/B0DSG3K2FS","https://m.media-amazon.com/images/I/71T4crbkP0L._SX450_.jpg","B0DSG3K2FS","Anysun Sewer Camera with 512hz Sonde 150ft, Self Leveling Sewer Inspection Camera with Distance Counter, 7MM Diameter Cable with 12PCS LED Lights, 9"" HD Monitor with DVR(32GB Card)","anysun","FBA","Industrial & Scientific",396637,717504241821,"N/A",0717504241821,"N/A","Borescopes",720,649.99,"N/A",11,9,,7509.44,6063.34,"N/A","N/A","Nedive","Hong Kong",1,0,"N/A","Large bulky",11.8,17.5,19.5,18.5,1304.97,3262.41,"10/31/2025",14,7,2,"N/A"
"https://amazon.com/dp/B0F212TN9N","https://m.media-amazon.com/images/I/51baThekuBL._SX450_.jpg","B0F212TN9N","SG Store 1 Set 7.9mm Endoscope Hook Magnet Protective Cap Accessories Compatible with DEPSTECH DS300 DS520 WF028 DS350 DS500 DS600 DS450 Dual Lens Inspection Camera","SG Store","FBA","Industrial & Scientific",397105,"N/A","N/A",4895253941790,"N/A","Borescopes",718,9.09,-6,8,8,775,74.47,74.33,"N/A","N/A","Sundry Goods Store","Hong Kong",1,0,"N/A","Small Standard-Size",0.67,2.95,4.65,0.04,4.62,12.75,"10/31/2025",11,7,0,"N/A"
"https://amazon.com/dp/B0F2SD9VBX","https://m.media-amazon.com/images/I/71MzP-kZDtL._SX450_.jpg","B0F2SD9VBX","Teslong USB-C Adapter Cable for NTG100 Rifle Borescope – Compatible with iPhone 15/16 and Android Devices","Teslong","FBA","Industrial & Scientific",398627,"N/A","N/A","N/A","N/A","Borescopes",723,19.9,-22,5,5,-57,93.65,93.49,3,3.6,"Teslong","China",1,0,"N/A","Large Standard-Size",0.94,5.12,5.35,0.22,12.96,35.76,"12/31/2025",11,4,0,1.56
"https://amazon.com/dp/B0CR3HNJFP","https://m.media-amazon.com/images/I/31AAtrUEO6L._SX450_.jpg","B0CR3HNJFP","Adjustable","DIKHEE","FBM","Industrial & Scientific",399332,"N/A","N/A","N/A","N/A","Borescopes",740,45,-65,1,1,-94,47.52,47.49,19,3.6,"Protector Dental  store","Hong Kong",1,127,-49,"Large Standard-Size",1.61,3.5,11.46,0.57,"N/A","N/A","02/28/2025",26,9,0,0.06
"https://amazon.com/dp/B0F2HP61PW","https://m.media-amazon.com/images/I/71wTDW5euXL._SX450_.jpg","B0F2HP61PW","Okk Sewer Camera with Locator, Drain Camera 100ft, Pipe Inspection with 512Hz Sonde, Self-Leveling, Industrial Endoscope with DVR, 9"" LCD, Meter Counter, 7mm Cable, IP68 Waterproof, 12 LEDs, 32GB Card","okk","FBA","Industrial & Scientific",400430,"N/A","N/A","N/A","N/A","Borescopes",726,1199.99,-11,6,1,-7,5630.2,1290.97,10,4.4,"ZOZUS-DIRECT","China",1,0,"N/A","Large bulky",13,19,20.5,22.15,1640.95,4102.37,"12/31/2025",11,8,11,0.59
"https://amazon.com/dp/B0FK4M9ZNV","https://m.media-amazon.com/images/I/81Xncch-YAL._SX450_.jpg","B0FK4M9ZNV","Sewer Camera with Locator, 10""HD Industrial Borescope Drain Camera with Self Leveling, IP68 Endoscope Pipe Inspection Cameras with Keypad, 7MM Cable 200Ft/60M(Length), Distance Counter, DVR, 32GB","SumKea","FBM","Industrial & Scientific",401096,774882256700,"N/A",0774882256700,"N/A","Borescopes",819,1399.99,-19,10,2,-23,9953.51,2227.29,2,5,"SumKea","China",1,0,"N/A","Extra-large 70+ to 150 lb",24.4,22,19.69,53.24,"N/A","N/A","09/30/2025",7,9,4,4.75
"https://amazon.com/dp/B0FK4K2Y6W","https://m.media-amazon.com/images/I/815LBRWx+QL._SX450_.jpg","B0FK4K2Y6W","Sewer Inspection Camera with 512Hz Locator, 250Ft/10"" HD, Self-Leveling Pipe Inspection Camera for HVAC/Pool/Petrol Pipes, High-Rise Drains, Pest Detection, Urban Sewers Maintenance, Pros & DIYers","SumKea","FBM","Industrial & Scientific",401102,774882256717,"N/A",0774882256717,"N/A","Borescopes",819,1499.99,-39,10,1,-23,9953.51,1419.54,2,5,"SumKea","China",1,0,"N/A","Extra-large 70+ to 150 lb",24.4,21.98,19.69,54.89,"N/A","N/A","09/30/2025",7,9,4,4.75
"https://amazon.com/dp/B0B316VKXM","https://m.media-amazon.com/images/I/71STE+DmMbL._SX450_.jpg","B0B316VKXM","Autel MaxiVideo MV108S Digital Inspection Camera, 2026 8.5mm 1080P HD Semi-Rigid Snake Camera, IP67 Waterproof USB Borescope Industrial Endoscope w/LED Light, Upgrade of MV108 MV105S MV105","Autel","FBA","Industrial & Scientific",401568,762917121833,"N/A",0762917121833,"N/A","Borescopes",749,49,-11,11,11,320,532.46,532.36,21,4.3,"Autel Official","Hong Kong",1,50,-54,"Large Standard-Size",2.05,6.85,12.83,0.9,90.71,250.23,"02/29/2024",45,7,0,0.52
"https://amazon.com/dp/B0DZP8NKCB","https://m.media-amazon.com/images/I/71UT4FMo+UL._SX450_.jpg","B0DZP8NKCB","Sewer Camera with Locator Self Leveling,9’’16GB HD Video Screen,JQKJCAM Drain Snake Sewer Pipe Inspection Camera 100FT Waterproof with 12 Light Meter Counter for Plumber Inspector (30M)","JQKJCAM","FBA","Industrial & Scientific",402367,"N/A","N/A","N/A","N/A","Borescopes",745,736.8,-27,3,3,,2024.46,2024.37,1,5,"JJKJ Cam","China",1,0,"N/A","Large bulky",10.75,15.5,17.63,16.85,952,2380,"01/31/2026",12,7,2,2.8
"https://amazon.com/dp/B0DGCX6G3L","https://m.media-amazon.com/images/I/71EIeHISHlL._SX450_.jpg","B0DGCX6G3L","Anysun Sewer Camera Self Leveling with Locator, Distance Counter, 165Ft Sewer Inspection Cameras with 9'' 1080P IPS Monitor, Video Pipe Drain Cam IP68 Industrial Borescope Snake, 16GB Card","anysun","FBA","Industrial & Scientific",402988,"N/A","N/A","N/A","N/A","Borescopes",733,899.99,-26,6,2,400,5231.27,1505.91,1,5,"Yongchangsheng tech","China",1,63,"N/A","Large bulky",11.5,15.25,15.5,14,880.93,2202.34,"02/28/2025",16,8,2,6.26
"https://amazon.com/dp/B0DGCZ99ZM","https://m.media-amazon.com/images/I/71EIeHISHlL._SX450_.jpg","B0DGCZ99ZM","Anysun Sewer Camera with Locator, Self-Leveling, Distance Counter, 100ft Pipe Inspection Camera, DVR Recorder, 9'' 1080P IPS Monitor, IP68 Waterproof, Black","anysun","FBA","Industrial & Scientific",403000,"N/A","N/A","N/A","N/A","Borescopes",733,799.99,-3,6,5,400,5231.27,3725.02,1,5,"Yongchangsheng tech","China",1,63,"N/A","Large bulky",12,15.5,16.5,12,994.58,2486.46,"02/28/2025",16,8,2,6.26
"https://amazon.com/dp/B0CQK1GSHP","https://m.media-amazon.com/images/I/81mwVnAddzL._SX450_.jpg","B0CQK1GSHP","Anysun Self-Leveling Sewer Camera with Locator, 9'' Pipe Drain Inspection System, 100ft Meter Marker Cable, DVR, 12 Adjustable Lights for Plumbing Snake","anysun","FBA","Industrial & Scientific",404221,"N/A","N/A","N/A","N/A","Borescopes",756,799.99,-39,3,2,300,2845.43,1620.35,36,4.2,"HZDZ_Shop","Hong Kong",1,83,"N/A","Large bulky",9.09,16.93,22.32,21.19,1113.16,2782.91,"06/30/2024",26,7,5,0.08
"https://amazon.com/dp/B0DM3DF65X","https://m.media-amazon.com/images/I/61DHiFQE84L._SX450_.jpg","B0DM3DF65X","CHEOTIME 23mm Pipe Sewer Inspection Camera Protective Cover, 120mm Guide Wheels Protect The Pipe Video Inspection Camera in The Pipe Walls, Pipe Inspection Camera Accessories","CHEOTIME","FBA","Industrial & Scientific",405274,"N/A","N/A","N/A","N/A","Borescopes",749,27.59,3,4,4,70,119.38,119.29,"N/A","N/A","Chuxvif","China",2,0,"N/A","Large Standard-Size",2.64,3.94,6.81,0.34,35.61,98.24,"12/31/2025",16,9,0,"N/A"
"https://amazon.com/dp/B0BDLYBFPQ","https://m.media-amazon.com/images/I/41SLjzZS3CL._SX450_.jpg","B0BDLYBFPQ","Sewer Camera Replacements,SYANSPAN 4.3/7/9inch Screen for Sewer Camera,DVR LCD Display Monitor for Pipe Inspection Camera,Accessory for Industrial Pipe Endoscope","SYANSPAN","FBM","Industrial & Scientific",406918,"N/A","N/A","N/A","N/A","Borescopes",752,129,"N/A",2,0,-31,221.49,"-","N/A","N/A","pipe camera","China",0,0,"N/A","N/A","N/A","N/A","N/A","N/A","N/A","N/A","07/31/2025",42,4,4,"N/A"
"https://amazon.com/dp/B0CQYVL939","https://m.media-amazon.com/images/I/61aeA0+ytqL._SX450_.jpg","B0CQYVL939","1080P Sewer Camera Head Accessories,0.9inch/23mm High Definition 12LED Waterproof IP68,Only for JQKJCAM SP09A Pipe Drain Camera Replacement with Wheel and Protector Cover","JQKJCAM","FBM","Industrial & Scientific",407550,"N/A","N/A","N/A","N/A","Borescopes",754,139.99,"N/A",1,1,,202.69,202.65,5,2.7,"JJKJ Cam","China",1,95,"N/A","Large Standard-Size",6.7,3.94,2.76,0.69,"N/A","N/A","02/28/2025",26,9,0,0.37
"https://amazon.com/dp/B00PWKZCHE","https://m.media-amazon.com/images/I/61IHm26OVCL._SX450_.jpg","B00PWKZCHE","General Tools PCS55 PalmScope Compact Borescope Video Inspection Camera , Grey","General Tools","FBM","Industrial & Scientific",407818,681035016718,00681035016718,0681035016718,"N/A","Borescopes",764,89.97,-34,2,2,,123.74,123.72,13,3.8,"Dwater","USA",3,18,80,"Large Standard-Size",2.95,6.22,11.3,1.04,"N/A","N/A","02/28/2025",135,6,0,0.12
"https://amazon.com/dp/B0DHXGJRX8","https://m.media-amazon.com/images/I/710JGH+-FBL._SX450_.jpg","B0DHXGJRX8","Sewer Camera 100ft,SYANSPAN 4.3in HD Screen,32GB SD Card DVR,12 LED Lights,Fiberglass Cable w/Meter Counter,8500mAh Battery Pipe Snake Camera for Plumber(30M/100ft,32GB DVR)","SYANSPAN","FBA","Industrial & Scientific",408360,"N/A","N/A","N/A","N/A","Borescopes",1129,299.99,10,1,0,-113,320.77,"-",4,3.2,"pipe camera","China",1,0,"N/A","Large Standard-Size",13,12.6,6.3,8.25,519.55,1433.25,"05/31/2025",17,8,4,0.31
"https://amazon.com/dp/B0F739ZGX4","https://m.media-amazon.com/images/I/61Bb3jbO6XL._SX450_.jpg","B0F739ZGX4","Drain Camera Roller Guide Wheel for 23mm/0.6in Pipes - SPRIDRAIN Anti-Scratch Protector with Smooth Pulleys | Sewer Inspection Accessory (23mm/0.9in)","SPRIDRAIN","FBA","Industrial & Scientific",408543,"N/A","N/A","N/A","N/A","Borescopes",756,19.99,53,4,4,,86.1,85.97,"N/A","N/A","SYANSPAN TECH","China",1,0,"N/A","Large Standard-Size",12,12,7.5,0.4,543.75,1500,"02/28/2026",10,7,2,"N/A"
"https://amazon.com/dp/B0DGQ1RFJD","https://m.media-amazon.com/images/I/51G5zbqU+VL._SX450_.jpg","B0DGQ1RFJD","Sunicon 3 in 1 Industrial Borescope, 1.5m IP67 Endoscope Borescope Snake Camera Waterproof Inspection Camera Type C Micro USB Endoscope with 6 LED Lights for Android Phone Tablet Device(3.9MM)","Sunicon","FBA","Industrial & Scientific",411537,"N/A","N/A","N/A","N/A","Borescopes",753,48.49,-3,6,6,2300,321.21,321.06,"N/A","N/A","Rockyee","China",2,0,"N/A","Large Standard-Size",9.06,3.94,1.18,0.19,21.2,58.48,"01/31/2026",18,9,2,"N/A"
"https://amazon.com/dp/B0CW3HP3KV","https://m.media-amazon.com/images/I/41wqzKpExEL._SX450_.jpg","B0CW3HP3KV","Sewer Inspection Camera 23mm IP68 12 LED Lights 15mm Thread Diameter Pipe Drain Endoscope Accessory","Walfront","FBA","Industrial & Scientific",413038,"N/A","N/A","N/A","N/A","Borescopes",753,143.96,-4,1,1,400,197.53,197.48,"N/A","N/A","nineone","China",2,20,"N/A","Large Standard-Size",2.52,4.13,6.57,0.4,34.48,95.12,"10/31/2025",24,9,0,"N/A"
"https://amazon.com/dp/B0BJ733KVW","https://m.media-amazon.com/images/I/71+aZFCoehL._SX450_.jpg","B0BJ733KVW","Anysun Sewer Camera - 1080P HD Drain Snake with 9"" IPS Monitor and 100ft Cable, IP68 Waterproof Pipe Inspection Camera with DVR Recording and 16GB Memory Card","anysun","FBA","Industrial & Scientific",413863,717021375726,"N/A",0717021375726,"N/A","Borescopes",776,439.99,-20,2,2,,1239.59,715.14,37,4.3,"HZDZ_Shop","Hong Kong",1,0,"N/A","Large bulky",10,13.25,15.25,10.85,654.83,1637.08,"01/31/2026",41,6,3,0.06
"https://amazon.com/dp/B0DSG5V4KZ","https://m.media-amazon.com/images/I/71I0fDmTq+L._SX450_.jpg","B0DSG5V4KZ","Anysun Sewer Camera with Locator, Self Leveling Sewer Inspection Camera with Distance Counter, 7MM Diameter Cable 200ft with 12PCS LED Lights, 9"" HD Monitor with DVR(32GB Card)","anysun","FBA","Industrial & Scientific",417097,717504241845,"N/A",0717504241845,"N/A","Borescopes",777,1039.99,-24,5,1,-27,4923.04,1324.61,3,4.6,"Nedive","Hong Kong",1,0,"N/A","Extra-large 50+ to 70 lb",17.8,20.7,23,29.9,2746.39,6865.98,"10/31/2025",14,7,2,1.6
"https://amazon.com/dp/B0F6C2CN27","https://m.media-amazon.com/images/I/714U1yh4ZYL._SX450_.jpg","B0F6C2CN27","1920P Dual-Lens Lighting HD Endoscope, 8+1 Adjustable LED Light, IP67 Waterproof 3FT Round Wire. Available for Android and iOS Smartphones, iPhone, iPad, Samsung (3FT/1M)","BYDGUMEI","FBA","Industrial & Scientific",417212,722302380382,"N/A",0722302380382,"N/A","Borescopes",772,12.99,"N/A",6,6,,68.36,68.19,1,1,"Baowengu","China",1,0,"N/A","Large Standard-Size",1.61,5.04,5.12,0.18,20.92,57.7,"01/31/2026",10,9,2,6.09
"https://amazon.com/dp/B0C76FCT81","https://m.media-amazon.com/images/I/61wgE0+-AvL._SX450_.jpg","B0C76FCT81","Vividia CX-6078i Joystick Articulating 1280x720 Inspection Camera Borescope with 6mm (0.236"") Diameter for Apple iOS Phones Tablets and Android Devices (Semi-Rigid Probe Short)","VIVIDIA","FBM","Industrial & Scientific",417517,"N/A","N/A","N/A","N/A","Borescopes",773,599.98,-18,6,3,533,3580.96,1511.6,1,5,"Oasis Scientific Inc.","USA",1,38,171,"N/A","N/A","N/A","N/A","N/A","N/A","N/A","09/30/2025",33,9,3,5.59
"https://amazon.com/dp/B0C762VM9D","https://m.media-amazon.com/images/I/61hoaPC+0qL._SX450_.jpg","B0C762VM9D","Vividia CX-60150i Joystick Articulating 1280x720 Inspection Camera Borescope with 6mm (0.236"") Diameter for Apple iOS Phones Tablets and for Android Devices (Semi-Rigid Long Probe)","VIVIDIA","-","Industrial & Scientific",417561,"N/A","N/A","N/A","N/A","Borescopes",773,899.98,-24,6,1,533,3580.96,738.21,1,5,,"N/A",1,38,171,"N/A","N/A","N/A","N/A","N/A","N/A","N/A","09/30/2025",33,3,3,5.59
"https://amazon.com/dp/B0DDWXDS9W","https://m.media-amazon.com/images/I/61lcUZ-mfIL._SX450_.jpg","B0DDWXDS9W","Two-Way Articulating Borescope, Inspection Endoscope Camera with 7.9mm Snake Gooseneck Camera IP67 Probe, 1080P Inspection Camera for iPhone, Android, Cell Phone not Include (3.3FT)","LotaTools","FBA","Industrial & Scientific",418081,"N/A","N/A","N/A","N/A","Borescopes",776,69.99,"N/A",0,0,,"-","-",29,4.4,"LotaTools","China",1,10,"N/A","Large Standard-Size",3.23,9.37,16.97,2.18,258.58,713.33,"11/30/2024",21,8,2,0
"https://amazon.com/dp/B08Z9THK1B","https://m.media-amazon.com/images/I/717am8N275L._SX450_.jpg","B08Z9THK1B","DrainTrain Video Camera Roller Skid for Pipe Inspection. Works with Any Camera up to 1.375"" or 35mm in Diameter. Centers Cameras in 3"" (75mm) Pipes","CPI Products","FBM","Industrial & Scientific",418980,858724002578,"N/A",0858724002578,"N/A","Borescopes",778,135,66,3,3,-20,427.24,427.16,14,3.4,"Handy Products by Cavallero Products","USA",1,40,-58,"Large Standard-Size",4.49,4.61,7.24,0.53,"N/A","N/A","06/30/2024",59,8,0,0.23
"https://amazon.com/dp/B0BDLZNS72","https://m.media-amazon.com/images/I/41SLjzZS3CL._SX450_.jpg","B0BDLZNS72","SYANSPAN 4.3inch Screen for Sewer Camera,DVR LCD Display Monitor for Pipe Inspection Camera,Accessory for Industrial Pipe Endoscope(16GB SD Card)","SYANSPAN","FBM","Industrial & Scientific",420717,"N/A","N/A","N/A","N/A","Borescopes",765,129,-43,2,2,-31,221.49,221.47,"N/A","N/A","pipe camera","China",1,0,"N/A","Large Standard-Size",2.56,4.09,6.93,0.75,"N/A","N/A","07/31/2025",42,4,4,"N/A"
"https://amazon.com/dp/B0DTDY464M","https://m.media-amazon.com/images/I/61EIK+QLciL._SX450_.jpg","B0DTDY464M","Gzpce Two-Way Articulating Endoscope with Light, Industrial Endoscopic with 5"" IPS Screen,6.4mm IP67 Waterproof Borescope,Snake Camera with 3.28FT Semi-Rigid Cable,32GB SD Card","gzpce","FBA","Industrial & Scientific",420998,"N/A","N/A","N/A","N/A","Borescopes",782,89.9,-60,21,21,,1371.72,1371.63,2,5,"gzpce","China",1,0,"N/A","Large Standard-Size",2.91,8.39,17.09,2.58,210.07,579.51,"01/31/2026",19,8,0,10.72
"https://amazon.com/dp/B0DSG3KJY1","https://m.media-amazon.com/images/I/71I0fDmTq+L._SX450_.jpg","B0DSG3KJY1","Anysun Sewer Camera with Locator, Self Leveling Sewer Inspection Camera with Distance Counter, 7MM Diameter Cable 150ft with 12PCS LED Lights, 9"" HD Monitor with DVR(32GB Card)","anysun","FBA","Industrial & Scientific",423344,717504241838,"N/A",0717504241838,"N/A","Borescopes",787,999.99,-42,5,4,-27,4923.04,3598.21,3,4.6,"Nedive","Hong Kong",1,0,"N/A","Large bulky",13.58,19.09,21.1,24.29,1772.69,4431.72,"10/31/2025",14,7,2,1.6
"https://amazon.com/dp/B08NFVFC1M","https://m.media-amazon.com/images/I/71+aZFCoehL._SX450_.jpg","B08NFVFC1M","Anysun Sewer Camera, 1080P HD Drain Snake Camera with 9'' IPS Monitor and 65ft Cable, Duct Camera IP68 Waterproof Pipe Inspection Camera with DVR Recording Funcation and 16GB Memory Card","anysun","FBM","Industrial & Scientific",423562,779880272660,"N/A",0779880272660,"N/A","Borescopes",779,799.99,"N/A",2,1,,1239.59,524.32,37,4.3,"HZDZ_Shop","Hong Kong",1,0,"N/A","N/A","N/A","N/A","N/A","N/A","N/A","N/A","01/31/2026",64,1,3,0.06
"https://amazon.com/dp/B0F9KZ44WV","https://m.media-amazon.com/images/I/71EaE1PQcaL._SX450_.jpg","B0F9KZ44WV","Sewer Camera 100ft,SPRIDRAIN Drain Pipe Camera HD 5in Screen with 32GB DVR,Waterproof IP68 Works Underwater Up to 10Meters Sewer Inspection borescopes for Plumber(Fits Pipes>0.7"" Diameter,100ft/30M)","SPRIDRAIN","FBA","Industrial & Scientific",425841,"N/A","N/A","N/A","N/A","Borescopes",790,229.99,"N/A",6,6,540,1418.97,1418.82,3,3.1,"SYANSPAN TECH","China",2,0,"N/A","Large Standard-Size",11.2,8,12,11,541.33,1493.33,"10/31/2025",6,6,0,2.06
"https://amazon.com/dp/B0CS5TZ5DQ","https://m.media-amazon.com/images/I/71RTY6nNMLL._SX450_.jpg","B0CS5TZ5DQ","JQKJCAM 23m Borescope Camera with Light, IP68 Waterproof, 9 in 1080P Monitor & Meter Counter","JQKJCAM","FBA","Industrial & Scientific",426734,"N/A","N/A","N/A","N/A","Borescopes",794,399,"N/A",5,0,180,1769.63,"-",12,4.2,"JJKJ Cam","China",0,104,-76,"N/A",12.2,11.81,11.42,"N/A","N/A","N/A","08/31/2024",26,8,9,0.38
"https://amazon.com/dp/B0CCWLPBS5","https://m.media-amazon.com/images/I/51hBxe8xnvL._SX450_.jpg","B0CCWLPBS5","Industrial Endoscope, 3 in 1 for Android TypeC Mobile Phone 3.9mm Lens High Definition Waterproof Endoscope (1m Cable)","Qiilu","FBA","Industrial & Scientific",427006,"N/A","N/A","N/A","N/A","Borescopes",797,18.59,-59,1,0,-12,19.76,"-",3,2.9,"Eugee","China",2,51,-2,"Large Standard-Size",1.54,5.12,5.24,0.13,20.72,57.15,"06/30/2025",31,9,2,0.33
"https://amazon.com/dp/B0CCWSFBFP","https://m.media-amazon.com/images/I/61NlFPTjeQL._SX450_.jpg","B0CCWSFBFP","Endoscope 3.9Mm Endoscope Plastic 3 in 1 for Typece Phone 3.9Mm Lens High Definition Endoscope(1M Cable) (5m Cord)","Qiilu","FBM","Industrial & Scientific",427810,"N/A","N/A","N/A","N/A","Borescopes",799,19.69,-4,1,1,-12,19.76,14.88,3,2.9,"Eugee","China",1,51,-2,"Large Standard-Size",1.5,5,5.28,0.26,"N/A","N/A","06/30/2025",31,9,2,0.33
"https://amazon.com/dp/B0BWVCMWT4","https://m.media-amazon.com/images/I/51Z80GmO4XL._SX450_.jpg","B0BWVCMWT4","3 in 1 High Definition Endoscope Pipe Inspection Borescope TypeC USB Mobile Phone 3.9mm for Borescopes and Fiberscopes (3.5m Flexible Cord)","Walfront","FBA","Industrial & Scientific",428184,"N/A","N/A","N/A","N/A","Borescopes",788,21.03,18,6,6,1000,156.27,156.13,5,3.6,"Luoyuu","China",1,0,"N/A","Large Standard-Size",1.46,4.84,4.96,0.26,17.62,48.6,"01/31/2026",36,9,0,1.25
"https://amazon.com/dp/B0C7631F4R","https://m.media-amazon.com/images/I/61wegKyS0WL._SX450_.jpg","B0C7631F4R","Vividia CX-6010i Joystick Articulating 1280x720 Inspection Camera Borescope with 6mm (0.236"") Diameter for Apple iOS Phones Tablets and Android Devices (Flexible Probe)","VIVIDIA","FBM","Industrial & Scientific",428430,"N/A","N/A","N/A","N/A","Borescopes",789,599.98,2,6,2,533,3580.96,1330.71,1,5,"Oasis Scientific Inc.","USA",1,38,171,"N/A","N/A","N/A","N/A","N/A","N/A","N/A","09/30/2025",33,9,3,5.59
"https://amazon.com/dp/B0DD7L4ZDR","https://m.media-amazon.com/images/I/71wKHBjtt7L._SX450_.jpg","B0DD7L4ZDR","ESANHAO Sewer Camera 100ft Drain Snake Plumbing Inspection Camera 5"" Screen with Video Recording DVR Included 32GB TF-Card","ESANHAO","FBA","Industrial & Scientific",430216,"N/A","N/A","N/A","N/A","Borescopes",803,289.99,-51,3,3,-33,811.81,811.7,12,4.2,"ESANHAO Store","China",1,0,"N/A","Large bulky",11.3,12.4,15.4,12.46,699.3,1748.26,"07/31/2025",20,7,0,0.23
"https://amazon.com/dp/B0DRNZXBBX","https://m.media-amazon.com/images/I/41HdOwYjVlL._SX450_.jpg","B0DRNZXBBX","Larlarsa Industrial Endoscope Borescope with Light, 8mm Dual Lens 1080P HD IP67 Waterproof Snake Camera with 4.3"" LCD, 8 LEDs & Semi-Rigid Cable - Inspection Tool for Industrial Use (32GB Included)","Larlarsa","FBA","Industrial & Scientific",431217,"N/A","N/A","N/A","N/A","Borescopes",802,28.99,-2,4,4,550,126.79,126.66,1,5,"AutoFittings","China",1,0,"N/A","Large Standard-Size",6.42,3.19,8.19,1.34,84.45,232.96,"06/30/2025",14,7,3,4.36
"https://amazon.com/dp/B08P2BY32L","https://m.media-amazon.com/images/I/91svNuhEqRL._SX450_.jpg","B08P2BY32L","Jonard Tools Wispy CF-200 Multipurpose Wireless Inspection Camera - WiFi Borescope & Cable Pulling Tool with Telescoping Pole, Wrist Band & Rod Adapters","Jonard Tools","Amazon","Industrial & Scientific",432400,810053350133,"N/A",0810053350133,"N/A","Borescopes",798,198.42,-12,3,3,-70,669.42,669.33,49,3.9,"Amazon","N/A",7,97,-41,"Large Standard-Size",2.64,7.17,12.17,1.54,"N/A","N/A","12/31/2024",63,5,0,0.07
"https://amazon.com/dp/B0DNYYDCJL","https://m.media-amazon.com/images/I/61jAlr5kYPL._SX450_.jpg","B0DNYYDCJL","Endoscope Camera with Light, USB Snake Borescope with 6 Adjustable LED Lights, 1920P HD IP67 Waterproof 16.5FT Inspection Cord Snake Camera for Type C Phone,Android,PC Tablet","WAYVOSE","FBM","Industrial & Scientific",433258,"N/A","N/A","N/A","N/A","Borescopes",805,33.98,-50,0,0,-118,"-","-",15,3.5,"YuPicks","China",1,0,"N/A","Large Standard-Size",1.34,5.12,5.16,0.37,"N/A","N/A","05/31/2025",12,6,0,0.02
"https://amazon.com/dp/B0CYLK8H3Q","https://m.media-amazon.com/images/I/71nlxLRxRtL._SX450_.jpg","B0CYLK8H3Q","ESANHAO Sewer Camera with 512Hz Transmitter & Distance Counter 9"" HD Screen Self-Leveling Borescope Camera with Light Inspection for Plumber, Homeowners(12pcs White Lights,16GB DVR,164ft/50m)","ESANHAO","FBA","Industrial & Scientific",433952,"N/A","N/A","N/A","N/A","Borescopes",805,599.99,-51,0,0,-67,"-","-",5,2.8,"ESANHAO Store","China",1,27,"N/A","Large bulky",10.6,12.6,14.2,14.7,614.62,1536.56,"06/30/2024",22,9,0,0.06
"https://amazon.com/dp/B0CS68V7GR","https://m.media-amazon.com/images/I/71RTY6nNMLL._SX450_.jpg","B0CS68V7GR","Sewer Camera 50FT,W/ 12 Bright LED 9'' Ultra HD 16GB DVR Screen (Clearer Image),1080P 23MM JQKJCAM Wall Duct Plumbing Drain Inspection Camera with Light Meter Counter for Sewer Pipes (20M/66FT)","JQKJCAM","FBA","Industrial & Scientific",434889,"N/A","N/A","N/A","N/A","Borescopes",798,421.6,-10,4,3,180,1713.38,1265.17,12,4.2,"JJKJ Cam","China",1,105,-76,"Large bulky",11.5,12,12,11.4,536.67,1341.67,"08/31/2024",26,8,9,0.37
"https://amazon.com/dp/B003IFRITU","https://m.media-amazon.com/images/I/51w3W4BAbIL._SX450_.jpg","B003IFRITU","RIDGID 37098 6-mm Imager Head Accessory with 1-meter Cable, Camera Head, RIDGID SeeSnake Parts","RIDGID","Amazon","Industrial & Scientific",436148,095691370983,00095691370983,0095691370983,"N/A","Borescopes",806,174.5,20,1,1,80,240.65,240.59,28,4.1,"Amazon","N/A",4,46,-29,"Large Standard-Size",1.22,7.52,10.35,0.51,"N/A","N/A","04/30/2025",177,6,0,0.05
"https://amazon.com/dp/B0DD47VS99","https://m.media-amazon.com/images/I/61LSxgVjBbL._SX450_.jpg","B0DD47VS99","3 in 1 USB Endoscope, 7mm Diameter 2m Cable Fiber Optic Snake Camera for Phone, Type C USB MicroUSB Borescope Camera for Industrial Mechanical Pipeline Inspection","Yoidesu","FBA","Industrial & Scientific",436253,"N/A","N/A","N/A","N/A","Borescopes",801,14.68,-6,2,2,-67,22.74,22.7,2,1,"Licavuy-US","China",2,35,"N/A","Small Standard-Size",5.12,4.72,0.39,0.11,4.79,13.22,"02/28/2025",19,9,0,0.83
"https://amazon.com/dp/B0FPF369GV","https://m.media-amazon.com/images/I/71E2FDk-xlL._SX450_.jpg","B0FPF369GV","Two-Way Articulating Borescope with Light, 0.24in Industrial Endoscope Inspection Camera, 5-inch IPS Screen 5ft Waterproof Flexible Snake Tube 5000mAh Battery for Car Wall Pipeline Machine Maintenance","THCLUS","FBA","Industrial & Scientific",436275,744985685042,"N/A",0744985685042,"N/A","Borescopes",811,95.88,-41,7,7,53,669.91,669.73,5,5,"THCLUS","China",1,0,"N/A","Large Standard-Size",15.94,8.46,2.76,2.65,187.39,516.93,"09/30/2025",6,7,0,2.32
"https://amazon.com/dp/B0C38SVCCV","https://m.media-amazon.com/images/I/51khcECrJvL._SX450_.jpg","B0C38SVCCV","0.9inch/23mm Sewer Camera Head Wheel Replacement,Compatible with 23mm Pipe Inspection Cameras Head,Stainless Steel & Rubber (1-Pack)","SYANSPAN","FBA","Industrial & Scientific",436638,"N/A","N/A","N/A","N/A","Borescopes",804,20.99,-6,2,2,-116,32.92,32.86,1,4,"pipe camera","China",2,0,"N/A","Large Standard-Size",6.7,3.9,2,0.5,26.31,72.58,"11/30/2025",52,4,0,1.6
"https://amazon.com/dp/B0CS62GR4D","https://m.media-amazon.com/images/I/71u5YkefJoL._SX450_.jpg","B0CS62GR4D","1080P Sewer Camera 100FT,w/ 12 LED 9'' Ultra HD 16GB DVR Screen (Clearer Image),JQKJCAM Snake Drain Pipe Sewer Inspection Camera with Ligh Meter Counter for Duct Plumbing (30M/100 ft)","JQKJCAM","FBA","Industrial & Scientific",436978,"N/A","N/A","N/A","N/A","Borescopes",809,426,-16,5,1,180,1769.63,465.83,12,4.2,"JJKJ Cam","China",1,104,-76,"Large bulky",11.1,12,12,12.45,518,1295,"08/31/2024",26,7,9,0.38
"https://amazon.com/dp/B0CYL6LHWC","https://m.media-amazon.com/images/I/51gg85psmJL._SX450_.jpg","B0CYL6LHWC","ANYSUN Sewer Camera's Accessories Camera (Buil-t-in 512hz Sonde and Self-Leveling Function)","anysun","FBM","Industrial & Scientific",438426,774049583311,"N/A",0774049583311,"N/A","Borescopes",805,319.99,25,2,2,150,768.46,768.37,1,5,"ToBestGift","China",1,29,"N/A","N/A","N/A","N/A","N/A","N/A","N/A","N/A","01/31/2025",23,4,0,2.41
"https://amazon.com/dp/B0FZK5ZFHF","https://m.media-amazon.com/images/I/61Y2S4+p1qL._SX450_.jpg","B0FZK5ZFHF","ChoosePRO HD1080P Sewer Camera Replacement Head, 0.9 in / 23mm, Compatible with PipeX1, X1PRO, X2 & X3 Series, with 6-LED, IP68 Waterproof","ChoosePRO","FBA","Industrial & Scientific",438490,"N/A","N/A","N/A","N/A","Borescopes",817,119.99,"N/A",2,2,,239.98,239.95,"N/A","N/A","ChoosePRO Direct","Hong Kong",1,0,"N/A","Large Standard-Size",0.8,2.2,2.5,0.1,2.22,6.11,"-",4,1,0,"N/A"
"https://amazon.com/dp/B0G26V2RDN","https://m.media-amazon.com/images/I/51hjl8senjL._SX450_.jpg","B0G26V2RDN","SUNGOOYUE Detachable 360 Degree Rotating Plastic Periscope for Teaching, Multi Purpose Periscope for Indoor Use, Convenient Rotatable","SUNGOOYUE","FBA","Industrial & Scientific",439878,"N/A","N/A","N/A","N/A","Borescopes",818,12.26,"N/A",0,0,,"-","-","N/A","N/A","Densive","China",2,0,"N/A","Large Standard-Size",11.81,2.76,1.97,0.3,32.26,88.99,"-",4,9,0,"N/A"
"https://amazon.com/dp/B07V2CZBKY","https://m.media-amazon.com/images/I/61X796stUQL._SX450_.jpg","B07V2CZBKY","QiQibaby New 5.0 MP USB Iriscope Iris Analyzer Iridology Camera with pro Iris English Software 30X Iris Lens Adjustable Focus","QiQiBaby","FBA","Industrial & Scientific",439970,789659477486,"N/A",0789659477486,"N/A","Borescopes",815,248.88,15,2,2,,502.07,502.01,2,2.2,"QiQiBaby","China",1,28,-48,"Large Standard-Size",3.66,8.62,9.88,2.03,157.06,433.28,"01/31/2025",80,4,0,1.01
"https://amazon.com/dp/B07Z93MGXQ","https://m.media-amazon.com/images/I/61S0Jtk5SHL._SX450_.jpg","B07Z93MGXQ","3 in 1 USB C Endoscope Borescope Snake Camera for Android Phone 3.9mm Lens 1280x720 HD Video Inspection Camera IP67 Borescope Inspection Camera","Walfront","FBA","Industrial & Scientific",440953,"N/A","N/A","N/A","N/A","Borescopes",816,14.26,-48,4,4,,52.67,52.6,2,3.8,"nineone","China",2,11,-39,"Large Standard-Size",1.54,4.88,4.88,0.22,18.46,50.94,"09/30/2024",76,9,0,1.78
"https://amazon.com/dp/B0D9WTGCXC","https://m.media-amazon.com/images/I/71vYXbdWEEL._SX450_.jpg","B0D9WTGCXC","Triplett BR300CAM-5M-5.5MM Replacement Borescope 5.5mm Camera Probe 5.5mm for BR300, 5M Cable","Triplett","Amazon","Industrial & Scientific",442752,614395005504,"N/A",0614395005504,"N/A","Borescopes",826,12.11,-41,2,2,,27.13,27.08,3,4.4,"Amazon","N/A",1,0,"N/A","Large Standard-Size",6,6,2,0.55,"N/A","N/A","02/28/2026",19,1,0,0.74
"https://amazon.com/dp/B0FXGJWK71","https://m.media-amazon.com/images/I/71IYopAeSQL._SX450_.jpg","B0FXGJWK71","Endoscope Camera with Light, 4.3"" 1080P HD Display & 16.5 FT Cable Borescope Inspection with 180° Image Rotation, 8 LEDs, Plug-and-Play USB-C, 1800mAh Battery, Waterproof Probe with Accessories","MZYSKJ","FBA","Industrial & Scientific",442769,"N/A","N/A","N/A","N/A","Borescopes",828,32.99,"N/A",2,2,-115,65.98,65.98,2,5,"MZYSKJ","China",1,0,"N/A","Large Standard-Size",8,6,3,1,72.5,200,"12/31/2025",4,9,0,1
"https://amazon.com/dp/B0FN3VHJHH","https://m.media-amazon.com/images/I/817JoFFHeWL._SX450_.jpg","B0FN3VHJHH","HBUDS Sewer Camera with Locator 150ft, Self Leveling Drain Cameras with Distance Counter, 7mm Thickness Cable, 9"" IPS 1080P HD Plumbing Camera Snake with Light, Pipe Inspection Cam with MIC/DVR 32GB","HBUDS","FBA","Industrial & Scientific",444150,769016779569,"N/A",0769016779569,"N/A","Borescopes",830,1099.99,152,9,2,,6879.83,2612.81,4,4.7,"ZI QUN","China",1,0,"N/A","Large bulky",19,13,23,22,1841.06,4602.66,"01/31/2026",6,7,5,2.17
"https://amazon.com/dp/B0FN3SSZLX","https://m.media-amazon.com/images/I/817JoFFHeWL._SX450_.jpg","B0FN3SSZLX","HBUDS Sewer Camera with Locator 200ft, Self Leveling Drain Cameras with Distance Counter, 7mm Thickness Cable, 9"" IPS 1080P HD Plumbing Camera Snake with Light, Pipe Inspection Cam with MIC/DVR 32GB","HBUDS","FBA","Industrial & Scientific",444150,769016779576,"N/A",0769016779576,"N/A","Borescopes",830,1199.99,152,9,1,,6879.83,1686.47,4,4.7,"ZI QUN","China",1,0,"N/A","Large bulky",19,13,23,23,1841.06,4602.66,"01/31/2026",6,7,5,2.17
"https://amazon.com/dp/B0FN3VCKJS","https://m.media-amazon.com/images/I/817JoFFHeWL._SX450_.jpg","B0FN3VCKJS","HBUDS Sewer Camera with Locator 300ft, 7mm Thickness Cable, Self Leveling Drain Camera with Distance Counter, 12V 2650mAh Battery 9"" Color HD Pipe Plumbing Cameras Snake with Light","HBUDS","FBA","Industrial & Scientific",444164,769016779583,"N/A",0769016779583,"N/A","Borescopes",829,1399.99,"N/A",9,1,,6879.83,1158.13,4,4.7,"ZI QUN","China",1,0,"N/A","Large bulky",19,13,28,32,2241.3,5603.24,"01/31/2026",6,7,5,2.17
"https://amazon.com/dp/B0DN99FBY9","https://m.media-amazon.com/images/I/71dGhgXnCYL._SX450_.jpg","B0DN99FBY9","Julaiwy Snake Camera with Light, Bore Scope Camera with Light, Drain Cameras 1080P HD 4.3"" Screen, Waterproof Borescope Cameras with 8 LED Lights, Gadgets for Men, Tools for Dad, Borescopes, 16.5Ft","Julaiwy","FBA","Industrial & Scientific",444817,"N/A","N/A","N/A","N/A","Borescopes",832,29.9,-32,3,3,67,94.74,94.66,30,4.3,"Kecowl","China",1,72,"N/A","Large Standard-Size",3.03,5.2,7.05,1.12,55.93,154.28,"02/28/2025",16,7,0,0.11
"https://amazon.com/dp/B0FR5HTWXN","https://m.media-amazon.com/images/I/51PG5zHkN9L._SX450_.jpg","B0FR5HTWXN","Equus Products 3381 HD Borescope Inspection Camera","Innova","FBM","Industrial & Scientific",445053,042173033812,"N/A",0042173033812,"N/A","Borescopes",834,109.74,228,0,0,,"-","-","N/A","N/A","American-Mechanic","USA",4,0,"N/A","N/A",8.75,6,2,"N/A","N/A","N/A","12/31/2025",11,4,0,"N/A"
"https://amazon.com/dp/B09P4WNYBB","https://m.media-amazon.com/images/I/71pWu+F1IlL._SX450_.jpg","B09P4WNYBB","16.5FT Triple Lens Probe, 7.9mm/0.3inch Diameter Semi-Rigid Cable Compatible with MS450 Inspection Camera","Teslong","FBA","Industrial & Scientific",446861,"N/A","N/A","N/A","N/A","Borescopes",827,79.99,1,3,3,25,256.3,256.18,9,4.7,"Teslong","China",1,41,-71,"Large Standard-Size",1.85,5.59,6.54,0.44,34.04,93.9,"06/30/2024",50,6,0,0.35
"https://amazon.com/dp/B0FXR5L4WM","https://m.media-amazon.com/images/I/81eHoVPHKdL._SX450_.jpg","B0FXR5L4WM","Endoscope Camera with Light,1920P HD Borescope with 8 Adjustable LED Lights, Endoscope Inspection with Semi-Rigid Cable for iOS and Android Micrometer Accessories 18ft","Ditomil","FBA","Industrial & Scientific",447091,"N/A","N/A","N/A","N/A","Borescopes",838,14.99,"N/A",0,0,,"-","-","N/A","N/A","DitomilDirect","N/A",1,0,"N/A","Small Standard-Size",7.87,3.94,0.75,0.4,11.68,32.21,"11/30/2025",4,7,0,"N/A"
"https://amazon.com/dp/B0D9JFTZX5","https://m.media-amazon.com/images/I/71aCD9xqgGL._SX450_.jpg","B0D9JFTZX5","Teslong Articulating Borescope, Autofocus 5-inch IPS Industrial Endoscope Inspection Camera with Two-Way Articulation Auto Focus Probe, Fiber Optic Scope for Automotive Mechanics (0.33inch-5FT)","Teslong","FBA","Industrial & Scientific",447939,"N/A","N/A","N/A","N/A","Borescopes",830,289.99,-33,5,5,-71,1304.65,1304.52,22,4.9,"Teslong","China",1,94,"N/A","Large Standard-Size",3.43,8.7,16.61,3.44,249.55,688.42,"01/31/2025",20,9,0,0.2
"https://amazon.com/dp/B0CNWH9FC4","https://m.media-amazon.com/images/I/615LqqlLiHL._SX450_.jpg","B0CNWH9FC4","Perfect Part Endoscope - 3-in-1 Micro USB, Type C & USB Borescope Inspection Camera for Android Smartphones, Tablets & Laptops, HD Waterproof Camera with 6 LEDs","THE PERFECT PART","FBM","Industrial & Scientific",449082,647168703185,"N/A",0647168703185,"N/A","Borescopes",838,9.89,-17,4,1,1500,41.55,11.12,15,3,"The Perfect Part Inc.","USA",1,64,-55,"N/A","N/A","N/A","N/A","N/A","N/A","N/A","02/28/2025",27,8,3,0.27
"https://amazon.com/dp/B0CNWHTXFT","https://m.media-amazon.com/images/I/615LqqlLiHL._SX450_.jpg","B0CNWHTXFT","Perfect Part Endoscope - 3-in-1 Micro USB, Type C & USB Borescope Inspection Camera for Android Smartphones, Tablets & Laptops, HD Waterproof Camera with 6 LEDs","THE PERFECT PART","FBM","Industrial & Scientific",449540,647168703208,"N/A",0647168703208,"N/A","Borescopes",843,15.39,"N/A",4,1,1500,41.55,8.83,15,3,"The Perfect Part Inc.","USA",1,64,-55,"N/A","N/A","N/A","N/A","N/A","N/A","N/A","02/28/2025",27,8,3,0.27
"https://amazon.com/dp/B0CNWGW5JH","https://m.media-amazon.com/images/I/615LqqlLiHL._SX450_.jpg","B0CNWGW5JH","Perfect Part Endoscope - 3-in-1 Micro USB, Type C & USB Borescope Inspection Camera for Android Smartphones, Tablets & Laptops, HD Waterproof Camera with 6 LEDs","THE PERFECT PART","FBM","Industrial & Scientific",449789,647168703192,"N/A",0647168703192,"N/A","Borescopes",844,9.44,-14,4,2,1500,41.55,21.25,15,3,"The Perfect Part Inc.","USA",1,64,-55,"N/A","N/A","N/A","N/A","N/A","N/A","N/A","02/28/2025",27,8,3,0.27
"https://amazon.com/dp/B0CYPT5V6H","https://m.media-amazon.com/images/I/51yXM-Bg8LL._SX450_.jpg","B0CYPT5V6H","Endoscope Camera with Light,Inspection Camera 16.4ft Gadgets for Men 1080P HD Endoscope with 8 Adjustable LED Lights","ZOIOT","FBA","Industrial & Scientific",450845,"N/A","N/A","N/A","N/A","Borescopes",837,29.99,-48,0,0,-133,"-","-",25,4.1,"YFD-US","China",1,15,"N/A","Large Standard-Size",1.18,6.42,6.54,0.46,24.94,68.81,"09/30/2024",23,1,0,0
"https://amazon.com/dp/B0FCMKN9ZB","https://m.media-amazon.com/images/I/71Pwx7m-1WL._SX450_.jpg","B0FCMKN9ZB","ESANHAO Sewer Camera with Selfleveling, Distance Count, 512Hz Transmitter, 9"" 1080P HD Monitor Drain Plumbing Camera with DVR, IP68 Waterproof, 7mm Cable 165ft, 32GB Card Included","ESANHAO","FBA","Industrial & Scientific",451323,"N/A","N/A","N/A","N/A","Borescopes",826,599.99,34,6,6,,3567.17,3567.01,1,5,"ESANHAO Store","China",1,0,"N/A","Large bulky",12.75,15.75,20.75,25.85,1350.37,3375.93,"01/31/2026",8,7,0,5.96
"https://amazon.com/dp/B0CPDH2CWJ","https://m.media-amazon.com/images/I/71Ncby6shIL._SX450_.jpg","B0CPDH2CWJ","ESANHAO Sewer Camera 100ft wiht Self Leveling 512Hz Transmitter Inspection Endoscope with Light Waterproof Plumbing Camera for Plumber, Homeowners","ESANHAO","FBA","Industrial & Scientific",452181,"N/A","N/A","N/A","N/A","Borescopes",847,399.99,-9,4,4,333,1723.53,1723.4,28,3.4,"ESANHAO Store","China",1,0,"N/A","Large bulky",11.25,12,14,12.5,612.5,1531.25,"06/30/2025",27,7,4,0.15
"https://amazon.com/dp/B0FF36481C","https://m.media-amazon.com/images/I/71mxeXqTYpL._SX450_.jpg","B0FF36481C","NTG200H Focus and Fold Rifle Borescope with 4.5/5-inch IPS Screen All-in-One Firearm Inspection Camera with 26-inch Focus and Fold Rigid Probe(NTG200H+MS450)","PUSILIN","FBM","Industrial & Scientific",452394,"N/A","N/A","N/A","N/A","Borescopes",836,298.77,-16,2,2,-60,676.26,676.18,1,5,"Pusilin","China",1,0,"N/A","N/A","N/A","N/A","N/A","N/A","N/A","N/A","10/31/2025",8,7,0,2.26
"https://amazon.com/dp/B0CMQPNSB2","https://m.media-amazon.com/images/I/51841lJrADL._SX450_.jpg","B0CMQPNSB2","USB 3 in 1 Endoscope Camera with Light, Borescope Inspection Camera, 5.5mm Lens, IP67, 6 Adjustable LED Lights, 5m Cable, 2.0MP CMOS HD","YWBL-WH","FBA","Industrial & Scientific",452492,"N/A","N/A","N/A","N/A","Borescopes",846,14.26,-5,3,3,-104,48.44,48.36,4,4,"Partgry-T","China",2,29,"N/A","Large Standard-Size",1.34,4.72,4.8,0.37,15.29,42.19,"12/31/2025",28,9,0,0.86
"https://amazon.com/dp/B089Q4DBPT","https://m.media-amazon.com/images/I/51yfhnkG8LL._SX450_.jpg","B089Q4DBPT","Autel MaxiVideo MV108S Inspection Camera, Waterproof Endoscope Video Scope for Autel MX900 / TS900 / MK808 S / MK906 / MS909 / Ultra","Autel","FBA","Industrial & Scientific",454934,791319285553,"N/A",0791319285553,"N/A","Borescopes",846,49,-13,3,3,43,159.26,159.18,57,4.6,"Autel Tools","China",1,35,-10,"Large Standard-Size",2.05,6.61,12.56,0.86,85.69,236.38,"01/31/2025",69,9,0,0.06
"https://amazon.com/dp/B0C7G8J4C9","https://m.media-amazon.com/images/I/41ZQaJ25u1L._SX450_.jpg","B0C7G8J4C9","0.67inch/17mm Sewer Camera Head Protective Cover with Screwdriver,Sewer Camera Accessories","SYANSPAN","FBM","Industrial & Scientific",454965,"N/A","N/A","N/A","N/A","Borescopes",847,29.99,-46,0,0,-126,"-","-",7,2.5,"pipe camera","China",1,60,"N/A","Large Standard-Size",2.52,3.94,6.73,0.13,"N/A","N/A","12/31/2024",33,1,0,0.01
"https://amazon.com/dp/B0D1N9HZWX","https://m.media-amazon.com/images/I/41YCuXHtwhL._SX450_.jpg","B0D1N9HZWX","Endoscope Camera with Light,Triple Lens 1080P HD Borescope,16.4ft/5M Cable,2MP IP67 Waterproof Inspection Camera,2600mAh Battery,8GB Storage (M60-3lens-8GB-5M)","SYANSPAN","FBA","Industrial & Scientific",455296,"N/A","N/A","N/A","N/A","Borescopes",855,39.99,-28,3,1,-37,111.74,42.16,34,4.5,"pipe camera","China",1,65,"N/A","Large Standard-Size",3.03,7.48,13.11,1.3,149.6,412.68,"11/30/2024",23,9,4,0.08
"https://amazon.com/dp/B0D1RGVN7P","https://m.media-amazon.com/images/I/61h7D0ltsVL._SX450_.jpg","B0D1RGVN7P","Endoscope Camera with Light,Triple Lens Sewer Camera,16.4ft/5M Cable,1080P IPS HD Screen,2MP, IP67 Waterproof Borescope,2600mAh Battery, 8GB Storage","SYANSPAN","FBA","Industrial & Scientific",455296,"N/A","N/A","N/A","N/A","Borescopes",855,39.99,-36,3,1,-37,111.74,49.93,34,4.5,"pipe camera","China",1,65,"N/A","Large Standard-Size",3.39,6.34,11.81,1.17,127.8,352.54,"11/30/2024",23,7,4,0.08
"https://amazon.com/dp/B0D1RHPK3R","https://m.media-amazon.com/images/I/71C7qXBtwVL._SX450_.jpg","B0D1RHPK3R","Endoscope Camera with 4.3"" Screen, Triple Lens, 1080P 32GB Card, 33FT Cable, Zoom, Inspection Camera for Home","SYANSPAN","FBA","Industrial & Scientific",456231,"N/A","N/A","N/A","N/A","Borescopes",852,64.99,-33,3,0,-33,117.33,"-",34,4.5,"pipe camera","China",1,65,"N/A","Large Standard-Size",14,3,11,1.68,232.6,641.67,"11/30/2024",23,7,4,0.08
"https://amazon.com/dp/B0DFCNZM93","https://m.media-amazon.com/images/I/71cZhb1+rgL._SX450_.jpg","B0DFCNZM93","HD Screen Endoscope Camera with LED Light, Flexible Borescope for Pipeline & Car Inspections, Portable, 2000mAh Battery, Waterproof, Single Lens Design","Irosiy","FBM","Industrial & Scientific",459145,"N/A","N/A","N/A","N/A","Borescopes",858,90.4,-14,0,0,-133,"-","-",16,4.9,"Saulesh's Store","N/A",2,19,"N/A","Large Standard-Size",3.11,5.24,7.68,1.15,"N/A","N/A","02/28/2025",18,9,0,0
"https://amazon.com/dp/B0BLTY4HNG","https://m.media-amazon.com/images/I/71g5XbcqXvL._SX450_.jpg","B0BLTY4HNG","Autel MV480 MaxiVideo Inspection Camera Industrial Endoscope Semi-Rigid Flexible Cable 10-Level Adjustable LED Light Dual Front and Side Cameras High Resolution Advanced MV108 MV105 MV160 MV400 MV460","Autel","FBA","Industrial & Scientific",459783,792499186159,"N/A",0792499186159,"N/A","Borescopes",861,249,-10,2,2,75,508.97,508.92,3,5,"Autel Exclusive","China",1,8,"N/A","Large Standard-Size",5.75,11.85,14.88,5.73,510.46,1408.17,"12/31/2025",40,6,0,0.68
"https://amazon.com/dp/B09DPPM9D7","https://m.media-amazon.com/images/I/611dTrVI4QL._SX450_.jpg","B09DPPM9D7","Yuhoo 3-in-1 USB Endoscope, Type-C Inspection Camera for Industrial HD Cameras Endoscope, IP67 Waterproof WiFi Borescope Endoscope Snake Camera with 6 Adjustable Led Light(Size:2m)","DazzyD","FBA","Industrial & Scientific",460598,627653374533,"N/A",0627653374533,"N/A","Borescopes",855,9.99,114,1,1,-121,14.62,14.56,56,2.9,"mashalikegb","China",1,118,27,"Large Standard-Size",0.83,5.31,6.1,0.12,13.5,37.24,"08/31/2025",54,7,0,0.03
"https://amazon.com/dp/B0D6VQMF5T","https://m.media-amazon.com/images/I/71JZL5LSQUL._SX450_.jpg","B0D6VQMF5T","Sewer Camera 100ft Plumbing Drain Camera with 30M Cable Industrial Endoscope IP68 Waterproof Snake Inspection 7 Inch 1000TVL DVR Recording IPS Screen","ESANHAO","FBA","Industrial & Scientific",463882,614019415429,"N/A",0614019415429,"N/A","Borescopes",856,389.99,-34,0,0,-150,"-","-",14,4,"ESANHAO","China",1,68,"N/A","Large bulky",9.5,14.22,17.45,18.4,763.95,1909.87,"01/31/2025",21,6,0,0
"https://amazon.com/dp/B0FN75D9PF","https://m.media-amazon.com/images/I/71v0vIwD84L._SX450_.jpg","B0FN75D9PF","Hialemi 10'' Sewer Camera with 512Hz Transmitter - 7MM/328Ft/100M Self Leveling Drain Camera & Meter Counter & 5X Zoom - 145° Plumbing Pipe Inspection Cam - 1080P IPS Adjustable Monitor with Keyboard","Hialemi","FBA","Industrial & Scientific",465708,"N/A","N/A","N/A","N/A","Borescopes",867,1599.99,-25,5,1,-50,7985.09,2407.31,6,5,"Hialemi-US Direct","China",1,0,"N/A","Extra-large 50+ to 70 lb",27,22,12,40.7,2310,5775,"12/31/2025",6,9,2,0.87
"https://amazon.com/dp/B0FN6YTR51","https://m.media-amazon.com/images/I/71v0vIwD84L._SX450_.jpg","B0FN6YTR51","Hialemi 10'' Sewer Camera with 512Hz Transmitter - 7MM/200Ft/60M Self Leveling Drain Camera & Meter Counter & 5X Zoom - 145° Plumbing Pipe Inspection Cam - 1080P IPS Adjustable Monitor with Keyboard","Hialemi","FBA","Industrial & Scientific",465713,"N/A","N/A","N/A","N/A","Borescopes",866,1499.99,-6,5,4,-50,7985.09,5577.5,6,5,"Hialemi-US Direct","China",1,0,"N/A","Extra-large 50+ to 70 lb",26.9,22.2,12,35.03,2322.59,5806.46,"12/31/2025",6,9,2,0.87
"https://amazon.com/dp/B0CP21T8K9","https://m.media-amazon.com/images/I/715FGzvHnZL._SX450_.jpg","B0CP21T8K9","Oiiwak Sewer Camera, 230FT Plumbing Pipe Inspection Cameras with 512Hz Self-Leveling Distance Counter, 10.1” 1080P Touch Screen, IP68 Waterproof Drain Borescope with DVR Recorder/Audio","Oiiwak","FBA","Industrial & Scientific",466819,"N/A","N/A","N/A","N/A","Borescopes",866,1399.99,-11,3,0,100,2046.7,"-",4,4.2,"Oiiwak Tech","China",1,0,"N/A","Large bulky",14.5,17,19,29.7,1517.8,3794.5,"10/31/2025",27,7,3,0.63
"https://amazon.com/dp/B0FNRD2QCN","https://m.media-amazon.com/images/I/71y7UNI6TDL._SX450_.jpg","B0FNRD2QCN","Anysun Sewer Camera Self-Leveling, Pipe Inspection Camera with Distance Counter, 200FT 7mm Cable Reel, 10” HD Monitor DVR, Waterproof Plumbing Cam with Wheels, Pull Handle & Keyboard","anysun","FBM","Industrial & Scientific",466958,717308720577,"N/A",0717308720577,"N/A","Borescopes",862,1299.99,108,3,2,,4221.02,2315.98,"N/A","N/A","HZDZ_Shop","Hong Kong",1,0,"N/A","Large bulky",18,16,10,26.46,"N/A","N/A","11/30/2025",6,6,4,"N/A"
"https://amazon.com/dp/B0FNRCXV95","https://m.media-amazon.com/images/I/71y7UNI6TDL._SX450_.jpg","B0FNRCXV95","Anysun Sewer Camera Self-Leveling, Pipe Inspection Camera with Distance Counter, 250FT 7mm Cable Reel, 10” HD Monitor DVR, Waterproof Plumbing Cam with Wheels, Pull Handle & Keyboard","anysun","FBM","Industrial & Scientific",466963,717308720584,"N/A",0717308720584,"N/A","Borescopes",862,1369.99,195,3,1,,4221.02,1188.57,"N/A","N/A","HZDZ_Shop","Hong Kong",1,0,"N/A","Large bulky",18,16,10,26.46,"N/A","N/A","11/30/2025",6,6,4,"N/A"
"https://amazon.com/dp/B084RWJKYJ","https://m.media-amazon.com/images/I/613Fo1hoiQL._SX450_.jpg","B084RWJKYJ","RIDGID 63628 200' Mini SeeSnake Self Leveling TruSense Sewer Camera Reel, Sewer Inspection","RIDGID","FBM","Industrial & Scientific",467076,095691636287,"N/A",0095691636287,"N/A","Borescopes",869,8494.54,23,4,4,38,33748.57,33748.49,5,5,"Toolup","USA",18,43,-23,"Large bulky",12.5,21,23,35,"N/A","N/A","03/31/2025",73,17,0,0.86
"https://amazon.com/dp/B0F64R5J6N","https://m.media-amazon.com/images/I/71lVyvrgpbL._SX450_.jpg","B0F64R5J6N","GearView Articulating Borescope Camera with Light, 210° Dual-Direction Inspection Scope with 5"" 1080P Screen, 6.2mm IP67 Waterproof Probe, 6 LED Lights, 3X Zoom, for Automotive, Sewer, Plumbing, HVAC","GearView","FBA","Industrial & Scientific",467743,762849245263,"N/A",0762849245263,"N/A","Borescopes",870,139.99,-28,2,1,-104,253.25,149.71,34,3.8,"GearView","China",1,0,"N/A","Large Standard-Size",3.82,11.14,12.76,2.54,273.26,753.82,"09/30/2025",10,8,3,0.05
"https://amazon.com/dp/B0FNRBN288","https://m.media-amazon.com/images/I/71FMsjMCUHL._SX450_.jpg","B0FNRBN288","Anysun Sewer Camera with Locator, Self-Leveling Pipe Inspection Camera with Distance Counter, 200FT 7mm Cable Reel, 10” HD Monitor DVR, Waterproof Plumbing Cam with Wheels, Pull Handle & Keyboard","anysun","FBM","Industrial & Scientific",468354,717308720553,"N/A",0717308720553,"N/A","Borescopes",871,1799.99,"N/A",3,0,,4221.02,"-","N/A","N/A","HZDZ_Shop","Hong Kong",1,0,"N/A","Large bulky",18,16,10,26.46,"N/A","N/A","11/30/2025",6,7,4,"N/A"
"https://amazon.com/dp/B0D1CG3JXK","https://m.media-amazon.com/images/I/714pbs8TW4L._SX450_.jpg","B0D1CG3JXK","Anysun Replacement Cable with Meter Marker and Box, Sewer Inspection Camera Part Only for Anysun 9DX23 Series Sewer Camera","anysun","FBM","Industrial & Scientific",472356,774049586831,"N/A",0774049586831,"N/A","Borescopes",877,369.94,-46,1,1,40,540.42,540.38,4,2.7,"Nedive","Hong Kong",1,34,"N/A","N/A","N/A","N/A","N/A","N/A","N/A","N/A","10/31/2025",23,4,0,0.37
"https://amazon.com/dp/B0F98KMM3C","https://m.media-amazon.com/images/I/718Mz-Iyj+L._SX450_.jpg","B0F98KMM3C","Borescope Camera with Light, 4.3"" IPS Screen Endoscope, No Phone No App Inspection Camera with Light, 16.4ft Semi-Rigid Cable, 8LED Industrial Endoscope with 32GB Card for Auto, Pipe & Home Inspection","Julaiwy","FBA","Industrial & Scientific",473841,"N/A","N/A","N/A","N/A","Borescopes",878,35,55,0,0,,"-","-","N/A","N/A","Kecowl","China",1,0,"N/A","Large Standard-Size",2.13,5.59,7.17,0.99,42.98,118.57,"11/30/2025",9,9,0,"N/A"
"https://amazon.com/dp/B0FNN3VSSR","https://m.media-amazon.com/images/I/71u5yMtOs9L._SX450_.jpg","B0FNN3VSSR","Endoscope Camera with 4.3"" Screen, 8 LED Lights, 8mm Borescope, IP67 Waterproof Snake Inspection Camera with Semi-Rigid Cable for Automotive, Plumbing, HVAC, Home DIY (5M (16.4FT))","AOERWEI","FBA","Industrial & Scientific",475260,"N/A","N/A","N/A","N/A","Borescopes",875,32.99,-14,3,2,,104.36,52.75,7,4.8,"SCOPIQ","China",1,0,"N/A","Large Standard-Size",3.39,5.87,13.43,1.19,134.25,370.34,"12/31/2025",6,7,3,0.48
"https://amazon.com/dp/B08QCP8YFM","https://m.media-amazon.com/images/I/61E-f5AWFSL._SX450_.jpg","B08QCP8YFM","Teslong Endoscope Replacement Cable with Light, Single Lens Inspection Camera 5.5mm/0.21inch Waterproof Probe Compatible with NTS500, NTS300(3.3FT)","Teslong","FBA","Industrial & Scientific",475543,"N/A","N/A","N/A","N/A","Borescopes",882,59.99,-9,2,2,333,97.6,97.55,18,4.8,"Teslong","China",1,55,"N/A","Large Standard-Size",1.93,5.63,6.61,0.33,36.16,99.75,"01/31/2025",63,5,0,0.09
"https://amazon.com/dp/B09LYXMSPK","https://m.media-amazon.com/images/I/41Yddbw8gHL._SX450_.jpg","B09LYXMSPK","Autel MaxiVideo MV105 Inspection Camera, USB Digital Waterproof Borescope, 39.37 '' Flexible Cable Industrial Endoscope, Compatible with PC MK808/MS906S/MK906/MS908/MK908/MS909/MS919/Ultra/UltraLite","Autel","FBA","Industrial & Scientific",477610,792499541590,"N/A",0792499541590,"N/A","Borescopes",885,44.99,6,3,3,83,147.95,147.84,10,4.5,"Autel Tools","China",1,9,-68,"Large Standard-Size",2.56,5.2,9.21,0.86,61.73,170.28,"02/29/2024",52,9,0,0.33
"https://amazon.com/dp/B0FFGFYVK9","https://m.media-amazon.com/images/I/71xpKIfEuvL._SX450_.jpg","B0FFGFYVK9","𝟐𝟎𝟐𝟔 𝐧𝐞𝐰 HD 1080P Sewer Camera with DVR 32GB, 4.3"" IPS Drain Camera (Plug and Play), HD 1080P Pipe Inspection Camera, 5000mAh, Endoscope Camera with 4-Level LED Lights, Cable Marking, 100ft/30M","ChoosePRO","FBA","Industrial & Scientific",478713,"N/A","N/A","N/A","N/A","Borescopes",879,259.99,"N/A",0,0,-133,"-","-",11,3.7,"ChoosePRO Direct","Hong Kong",1,0,"N/A","Large bulky",6.97,14.02,16.19,7.17,512.71,1281.78,"10/31/2025",8,6,0,0
"https://amazon.com/dp/B0F4VZKFMV","https://m.media-amazon.com/images/I/71n2WgL897L._SX450_.jpg","B0F4VZKFMV","GearView 360°Articulating Borescope Camera - 5"" HD 1080P Inspection Camera Screen with 6 Light, Endoscope with 6.2mm IP67 Waterproof Probe, 3X Zoom 4-Way Borescope with Flexible Cable","GearView","FBA","Industrial & Scientific",479575,762849245485,"N/A",0762849245485,"N/A","Borescopes",880,249.99,-29,2,0,-104,253.25,"-",34,3.8,"深圳市佰屹达电子科技有限公司","N/A",1,0,"N/A","Large Standard-Size",3.7,11.02,12.71,2.49,260.92,719.77,"09/30/2025",14,8,3,0.05
"https://amazon.com/dp/B0D7HS5BWL","https://m.media-amazon.com/images/I/71DFd403-UL._SX450_.jpg","B0D7HS5BWL","OnBeam Sewer Camera 100ft, Drain Camera with DVR Recorder, 4.3"" Plumbing Cameras Snake with 8 Adjustable LED Lights, Waterproof IP68 & 16GB, Industrial Endoscope for Duct Sewer Line Pipe Inspection","OnBeam","FBA","Industrial & Scientific",483848,762736106820,"N/A",0762736106820,"N/A","Borescopes",888,399.99,-16,1,1,-60,431.29,431.25,5,4.4,"weigangus","China",1,48,"N/A","Large bulky",7.48,15.59,15.67,9.44,592.19,1480.47,"03/31/2025",20,7,0,0.23
"https://amazon.com/dp/B0DD7BC489","https://m.media-amazon.com/images/I/71OHdLvMsnL._SX450_.jpg","B0DD7BC489","PRANITE 100ft Sewer & Drain Line Inspection Camera for Plumbers & Contractors - Self-Leveling Probe, 7″ HD Monitor, DVR Recordable, IP68 Waterproof, Meter Counter","PRANITE","FBA","Industrial & Scientific",484277,717018397106,"N/A",0717018397106,"N/A","Borescopes",885,399.99,-16,2,1,17,989.54,291.45,1,5,"dengwencai","China",1,0,"N/A","Large bulky",16.14,8.07,14,13,590.95,1477.37,"12/31/2025",19,8,6,2.49
"https://amazon.com/dp/B0FVXM6M2B","https://m.media-amazon.com/images/I/71kJ6Ef9I5L._SX450_.jpg","B0FVXM6M2B","Hayve 4.3inch Industrial Endoscope, 1920P Digital Borescope Inspection Camera, [Photo& Video] IP67 Waterproof Sewer Camera with 6 LED Lights,16.5FT Semi-Rigid Cable,32 GB Card","Hayve","FBA","Industrial & Scientific",486849,726852694791,"N/A",0726852694791,"N/A","Borescopes",891,28.99,-1,1,1,-117,42.49,42.45,2,4.1,"Hayve","China",1,0,"N/A","Large Standard-Size",2.8,5.51,8.15,1.04,63.31,174.64,"10/31/2025",5,7,0,0.71
"https://amazon.com/dp/B0C7S32LYT","https://m.media-amazon.com/images/I/71ADplPvliL._SX450_.jpg","B0C7S32LYT","Vividia VA-650 LCD/WiFi Two-Way Articulating Borescope Inspection Camera with 0.25"" Diameter 3.3ft Long Probe, 1280x720 Resolution, IPS 5"" LCD Monitor","VIVIDIA","FBM","Industrial & Scientific",487304,"N/A","N/A","N/A","N/A","Borescopes",903,299.98,-4,2,2,100,572.64,572.55,"N/A","N/A","Oasis Scientific Inc.","USA",1,29,222,"N/A","N/A","N/A","N/A","N/A","N/A","N/A","06/30/2025",54,9,0,"N/A"
"https://amazon.com/dp/B0CCPJD5C4","https://m.media-amazon.com/images/I/61XVEJBoNGL._SX450_.jpg","B0CCPJD5C4","Sewer Camera with Locator，512hz Signal Transmitter Camera Head Accessorie for Industrial Drain Pipe Endoscope Camera with Wheel and Protective Cover(0.9inch/23mm,512hz)","SYANSPAN","FBA","Industrial & Scientific",487520,"N/A","N/A","N/A","N/A","Borescopes",893,389,-21,1,1,-50,519,518.93,2,4.1,"pipe camera","China",2,0,"N/A","Large Standard-Size",6.7,3.9,2,1.1,26.31,72.58,"11/30/2025",31,9,0,0.68
"https://amazon.com/dp/B0D2XW2KTQ","https://m.media-amazon.com/images/I/71UW4923c+L._SX450_.jpg","B0D2XW2KTQ","SYANSPAN 164ft Sewer Camera Snake with Light - 9"" HD Monitor, IP68 Waterproof, 16GB DVR, 12pcs Adjustable LED, Self-Leveling Drain Camera for Plumbing, Pipe Inspection & Industrial Maintenance (50m)","SYANSPAN","FBA","Industrial & Scientific",488052,"N/A","N/A","N/A","N/A","Borescopes",896,429.99,-47,1,1,,852.82,322.83,1,4,"pipe camera","China",2,77,"N/A","Large bulky",7.09,15.12,16.42,13.47,570.45,1426.12,"04/30/2025",22,7,5,1.47
"https://amazon.com/dp/B0D2XVFHBP","https://m.media-amazon.com/images/I/61oxNYWd5YL._SX450_.jpg","B0D2XVFHBP","SYANSPAN Self Leveling Sewer Inspection Camera with 512hz Locator,50M/165ft Cable Portable Pipe Inspection Camera with 9"" HD Color Monitor,DVR 16GB,Meter Counter","SYANSPAN","FBA","Industrial & Scientific",488052,"N/A","N/A","N/A","N/A","Borescopes",896,699.99,-37,1,0,,852.82,"-",1,4,"pipe camera","China",1,77,"N/A","Large bulky",6.97,16.38,22.6,19,836.18,2090.45,"04/30/2025",22,8,5,1.47
"https://amazon.com/dp/B0D2XS87FF","https://m.media-amazon.com/images/I/61h7Sog-zgL._SX450_.jpg","B0D2XS87FF","SYANSPAN Sewer Camera with Locator and self-Leveling,Portable Pipe Camera Snake 66ft with HD Color Screen,Video 16GB","SYANSPAN","FBA","Industrial & Scientific",488052,"N/A","N/A","N/A","N/A","Borescopes",896,736.6,-36,1,0,,852.82,"-",1,4,"pipe camera","China",1,77,"N/A","Large bulky",6.7,16.1,21.8,16.9,762.08,1905.2,"04/30/2025",22,8,5,1.47
"https://amazon.com/dp/B0FNN4ZG8D","https://m.media-amazon.com/images/I/71u5yMtOs9L._SX450_.jpg","B0FNN4ZG8D","Endoscope Camera with 4.3"" Screen, 8 LED Lights, 8mm Borescope, IP67 Waterproof Snake Inspection Camera with Semi-Rigid Cable for Automotive, Plumbing, HVAC, Home DIY (2M (6.5FT))","AOERWEI","FBA","Industrial & Scientific",488203,"N/A","N/A","N/A","N/A","Borescopes",897,28.99,1244,3,2,,104.36,51.39,7,4.8,"SCOPIQ","China",1,0,"N/A","Large Standard-Size",9.06,5.51,2.36,0.66,59.36,163.75,"12/31/2025",6,7,3,0.48
"https://amazon.com/dp/B0C4K1RRPP","https://m.media-amazon.com/images/I/4149fW+iMiL._SX450_.jpg","B0C4K1RRPP","THE PERFECT PART HD LED Ear Endoscope Otoscope Camera Wax Pick Cleaning Tool Cleaner Removal Kit","THE PERFECT PART","FBM","Industrial & Scientific",488890,647168708579,"N/A",0647168708579,"N/A","Borescopes",901,12.59,21,6,6,,71.21,71.09,5,3.5,"The Perfect Part Inc.","USA",1,24,-4,"Large Standard-Size",7,2.5,1,0.85,"N/A","N/A","12/31/2024",34,8,0,1.14
"https://amazon.com/dp/B0B9R8GCW8","https://m.media-amazon.com/images/I/71baptefq9L._SX450_.jpg","B0B9R8GCW8","Oiiwak Sewer Camera, 100FT Sewer Pipe Video Inspection Camera with 9'' LCD Monitor for Snake Drain Plumbing Pipe, 720P DVR Recorder, 12 LEDs, IP68 Waterproof 23MM Industrial Borescope, 16GB SD Card","Oiiwak","FBA","Industrial & Scientific",490139,631978282817,"N/A",0631978282817,"N/A","Borescopes",906,699.99,-30,3,1,100,2046.7,997.29,4,4.2,"Oiiwak Tech","China",1,0,"N/A","Large bulky",12,17,20,16,1322.22,3305.56,"10/31/2025",43,9,3,0.63
"https://amazon.com/dp/B01403J8AU","https://m.media-amazon.com/images/I/61X6ZwjCLML._SX450_.jpg","B01403J8AU","Vividia TVS-500DVR Telescopic Pole Video Inspection Camera Borescope System 4.6 Meter Long with DVR Recording, 5"" LCD Screen and Sturdy Case","VIVIDIA","FBM","Industrial & Scientific",490272,"N/A","N/A","N/A","N/A","Borescopes",901,849.98,-6,1,1,-80,1044.39,1044.31,5,2.1,"Oasis Scientific Inc.","USA",1,33,22,"Large bulky",5.6,12.2,37.6,15.7,"N/A","N/A","12/31/2025",131,9,0,0.25
"https://amazon.com/dp/B0FLK3ZTQX","https://m.media-amazon.com/images/I/71B6cxhQNkL._SX450_.jpg","B0FLK3ZTQX","PRANITE Sewer Inspection Camera with Self-Leveling Lens, 9'' HD Screen, 7mm Waterproof Cable with Meter Marking, 32GB TF Card, IP68 Pipe Inspection Endoscope for Drain, Plumbing, and Duct Maintenance","PRANITE","FBA","Industrial & Scientific",490374,769016776711,"N/A",0769016776711,"N/A","Borescopes",901,379.99,"N/A",2,1,17,989.54,530.06,1,5,"dengwencai","China",1,0,"N/A","Large bulky",17.71,12.59,19.68,16.6,1422.05,3555.12,"12/31/2025",7,7,6,2.49
"https://amazon.com/dp/B0DD7FSGGK","https://m.media-amazon.com/images/I/71lo9uU15FL._SX450_.jpg","B0DD7FSGGK","PRANITE Sewer Camera Self Leveling, Drain Camera 164 ft, Inspection Camera with Meter Counter, Plumbing Camera Snake with Light, 7'' HD Screen Drain Pipe Camera with DVR, IP68 Waterproof, 16GB Card","PRANITE","FBA","Industrial & Scientific",490649,717331217747,"N/A",0717331217747,"N/A","Borescopes",895,469.99,-18,2,0,17,989.54,"-",1,5,"dengwencai","China",1,0,"N/A","Large bulky",17,7.68,16.14,17.86,682.9,1707.25,"12/31/2025",19,8,6,2.49
"https://amazon.com/dp/B09917WMZM","https://m.media-amazon.com/images/I/71iMU2mjF5S._SX450_.jpg","B09917WMZM","Vividia FM-130 All-in-One LCD/HDMI Digital Forensic Document Examination Analyzer Camera with White/Blue/IR/UVA/UVC/Laser","VIVIDIA","FBM","Industrial & Scientific",496595,"N/A","N/A","N/A","N/A","Borescopes",908,399.99,-7,2,2,25,851.35,851.26,1,5,"Oasis Scientific Inc.","USA",1,15,200,"N/A","N/A","N/A","N/A","N/A","N/A","N/A","10/31/2025",56,9,0,2.14
"https://amazon.com/dp/B0DJ7JVYZF","https://m.media-amazon.com/images/I/81ma3YQa5FL._SX450_.jpg","B0DJ7JVYZF","Anysun Sewer Camera with Locator, Self Leveling Sewer Inspection Camera 200ft with Distance Counter, 9'' 1080P IPS Monitor and Video Recorder with MIC, 7MM Cable with 12 Lights(32GB Card)","anysun","FBA","Industrial & Scientific",498887,717813048753,"N/A",0717813048753,"N/A","Borescopes",905,999.99,-22,3,3,200,2658.21,2658.14,2,3,"Nedive","Hong Kong",1,0,"N/A","Large bulky",15.45,15.75,19.05,21.2,1502.27,3755.68,"01/31/2026",15,8,0,1.34
"https://amazon.com/dp/B01IB26MP0","https://m.media-amazon.com/images/I/61HSvxFT+XL._SX450_.jpg","B01IB26MP0","M12 M-SPECTOR FLEX 3'FTINS CAMERA CABLE KIT","Milwaukee","FBM","Industrial & Scientific",499055,045242344239,"N/A",0045242344239,"N/A","Borescopes",913,569.99,-32,0,0,-143,"-","-",13,4.4,"AHIA STRING.","USA",3,9,-78,"Large Standard-Size",5.35,13.54,17.17,8.25,"N/A","N/A","02/29/2024",116,3,0,0
"https://amazon.com/dp/B0CMY35BTX","https://m.media-amazon.com/images/I/51bcEU9FFiL._SX450_.jpg","B0CMY35BTX","3 in 1 Endoscope 3.9mm Lens Type C Inspection Camera IP67 Borescope Snake Camera with 6 Adjustable LED Lights 1 Meter Soft Cord","Walfront","FBA","Industrial & Scientific",502823,"N/A","N/A","N/A","N/A","Borescopes",922,18.08,-12,6,6,110,105.25,105.16,2,3,"Dawnsou","China",2,35,"N/A","Large Standard-Size",5.12,5.12,1.57,0.15,20.77,57.29,"02/28/2025",28,9,0,2.89
"https://amazon.com/dp/B0GGH63SJ2","https://m.media-amazon.com/images/I/818Ta+gX5YL._SX450_.jpg","B0GGH63SJ2","Worscale 100FT/30M Sewer Camera Push Cable Replacement, Waterproof Semi-Rigid Stainless Steel Cable, Flexible Pipe Inspection Cable Compatible with Anysun, HBUDS & PRANITE Models 7D1, 7D3A, 9D3A","Worscale","FBM","Industrial & Scientific",508652,717974550980,"N/A",0717974550980,"N/A","Borescopes",912,239.99,-5,4,4,,1043.01,1042.92,"N/A","N/A","ALITEL Store","N/A",1,0,"N/A","N/A","N/A","N/A","N/A","N/A","N/A","N/A","02/28/2026",2,2,3,"N/A"
"https://amazon.com/dp/B0B5ZS5R25","https://m.media-amazon.com/images/I/71YJ0PCXhQL._SX450_.jpg","B0B5ZS5R25","EIXAUP Self Leveling Sewer Camera 165 ft/ 50 m, Built-in 512Hz Transmitter, 10.1"" 1080P HD Monitor, IP68 Waterproof, 7mm Thicker Cable, Audio/DVR Recorder, 12 Pcs LED Lights, 16GB Card","EIXAUP","FBA","Industrial & Scientific",509468,726679815690,"N/A",0726679815690,"N/A","Borescopes",930,589.99,-23,1,1,,643.05,642.99,12,3.2,"SYST","China",1,22,29,"Large bulky",13,17.5,23.5,21.55,1732.58,4331.45,"03/31/2025",44,7,0,0.09
"https://amazon.com/dp/B0FF35R4LL","https://m.media-amazon.com/images/I/71LoyHjWPFL._SX450_.jpg","B0FF35R4LL","Articulating Borescope TD450s Articulating Single/Dual Lens Inspection Camera Stainless Steel Tube All-in-One Articulating Inspection Camera That Can Look Around Corners(1*len-8.5mm-1.5m)","PUSILIN","FBM","Industrial & Scientific",510373,"N/A","N/A","N/A","N/A","Borescopes",914,204.59,-28,2,2,,313.11,313.03,"N/A","N/A","Pusilin","China",1,0,"N/A","N/A","N/A","N/A","N/A","N/A","N/A","N/A","07/31/2025",8,8,0,"N/A"
"https://amazon.com/dp/B072DS7LQN","https://m.media-amazon.com/images/I/619Ej1GIlZL._SX450_.jpg","B072DS7LQN","Vividia Ablescope VA-980 Semi-Flexible USB Digital Inspection Camera Borescope with 180 Degree Articulating 8.5mm Diameter Probe","VIVIDIA","FBA","Industrial & Scientific",511242,759119544096,"N/A",0759119544096,"N/A","Borescopes",925,399.95,-14,4,4,,1585.38,1585.33,26,4,"DollarsNsense","USA",2,16,-30,"Large Standard-Size",4.6,12.1,15.3,3.9,428.76,1182.78,"12/31/2024",106,9,0,0.15
"https://amazon.com/dp/B0FN3Y7DYM","https://m.media-amazon.com/images/I/71QhAi4xHxL._SX450_.jpg","B0FN3Y7DYM","Self-Leveling Sewer Camera with 512Hz Locator, Distance Counter, 7mm Semi-Rigid Cable, 9 Inch 1080P IPS Screen, 23mm Waterproof Pipe Inspection Camera (200ft/60m)","PRANITE","FBA","Industrial & Scientific",514880,769016776698,"N/A",0769016776698,"N/A","Borescopes",907,1499.99,"N/A",3,3,,5075.15,5075.07,"N/A","N/A","dengwencai","China",1,0,"N/A","Large bulky",21,19,14,27,1810.28,4525.69,"01/31/2026",6,8,3,"N/A"
"https://amazon.com/dp/B0885RH9PV","https://m.media-amazon.com/images/I/71vbH7yGsKL._SX450_.jpg","B0885RH9PV","Vividia VA-450 LCD/WiFi Two-Way Articulating Borescope Videoscope Inspection Camera with 5.5mm Diameter 1m Probe and IPS 4.5"" LCD Monitor and Wireless for iOS and Android Devices and Side-View Mirror","VIVIDIA","FBM","Industrial & Scientific",518132,"N/A","N/A","N/A","N/A","Borescopes",930,899.98,7,2,2,,1973.68,1973.6,8,5,"Oasis Scientific Inc.","USA",2,9,-10,"N/A","N/A","N/A","N/A","N/A","N/A","N/A","08/31/2024",70,8,0,0.27
"https://amazon.com/dp/B0FQK1QNT3","https://m.media-amazon.com/images/I/41KlMt1Zo4L._SX450_.jpg","B0FQK1QNT3","Willsily Drain Inspection Camera,4.3"" Industrial Endoscope with DVR Function and LED Lights IP68 Waterproof Sewer Camera 8-10H Battery Borescope for Home Drain Pipe Plumbing(98.4ft/30m)","Willsily","FBA","Industrial & Scientific",518692,"N/A","N/A","N/A","N/A","Borescopes",923,240,-44,4,1,-62,912.48,273.52,6,4.1,"WILLSILY","China",1,0,"N/A","Large Standard-Size",12.2,11.02,4.72,9.7,319.49,881.36,"11/30/2025",6,8,3,0.68
"https://amazon.com/dp/B08X9WQ65K","https://m.media-amazon.com/images/I/51SZJldIj3L._SX450_.jpg","B08X9WQ65K","Pipeline Inspection Camera HD Pipe Sewer Camera's Kit Replace Use for 7D1 Series from Brand Anysun","anysun","FBM","Industrial & Scientific",519705,779880273377,"N/A",0779880273377,"N/A","Borescopes",931,179.94,-4,1,1,-80,253.82,253.79,"N/A","N/A","Nedive","Hong Kong",1,8,-20,"N/A","N/A","N/A","N/A","N/A","N/A","N/A","02/29/2024",60,1,0,"N/A"
"https://amazon.com/dp/B006PEZ58M","https://m.media-amazon.com/images/I/51XNFJNK1cL._SX450_.jpg","B006PEZ58M","Milwaukee 2313-20 M12 M-Spector 360 Tool Only","Milwaukee","FBM","Industrial & Scientific",522188,045242262281,00045242262281,0045242262281,"N/A","Borescopes",938,232.25,-49,1,1,,254.2,254.16,39,3.9,"91AMBITIONS LLC","USA",2,14,-53,"Large Standard-Size",4.9,9.4,10.6,1.6,"N/A","N/A","06/30/2024",171,3,0,0.03
"https://amazon.com/dp/B0CK9NCS7L","https://m.media-amazon.com/images/I/51g5Wlj4DxL._SX450_.jpg","B0CK9NCS7L","23mm Sewer Inspection Camera Head, IP68, 12 LED Lights, Steel with Highly Spring for Professional Use","Luqeeg","FBM","Industrial & Scientific",524802,"N/A","N/A","N/A","N/A","Borescopes",938,135.06,-12,1,1,400,194.59,194.51,"N/A","N/A","luqeeg","China",1,0,"N/A","Large Standard-Size",6.69,3.94,2.76,0.4,"N/A","N/A","09/30/2025",29,9,0,"N/A"
"https://amazon.com/dp/B0FLY8VL86","https://m.media-amazon.com/images/I/71DQL9D7DLL._SX450_.jpg","B0FLY8VL86","Willsily Drain Inspection Camera,4.3"" Industrial Endoscope with DVR Function and LED Lights IP68 Waterproof Sewer Camera 8-10H Battery Borescope for Home Drain Pipe Plumbing(65.6 ft/20m)","Willsily","FBA","Industrial & Scientific",526090,"N/A","N/A","N/A","N/A","Borescopes",939,210,-47,4,2,-62,912.48,497.26,6,4.1,"WILLSILY","China",1,0,"N/A","Large Standard-Size",6.81,12.44,13.62,10.49,581.14,1603.16,"11/30/2025",7,8,3,0.68
"https://amazon.com/dp/B0DRFVVGHK","https://m.media-amazon.com/images/I/71Vp7BD82pL._SX450_.jpg","B0DRFVVGHK","ESANHAO Sewer Camera with Locator Distance Counter Sewer Inspection Pipe Camera 9"" 1080P Screen Self Leveling & 7mm Thicker Cable 328ft/100m 32GB Card","ESANHAO","FBA","Industrial & Scientific",527351,"N/A","N/A","N/A","N/A","Borescopes",934,1299.99,-19,3,0,-27,1360.97,"-",5,5,"ESANHAO Store","China",1,0,"N/A","Large bulky",14,20,21,33.35,1905.56,4763.89,"12/31/2025",13,7,4,0.52
"https://amazon.com/dp/B0DP2199Z8","https://m.media-amazon.com/images/I/71bOTl398CL._SX450_.jpg","B0DP2199Z8","ESANHAO Sewer Camera 100ft with Digital Distance Counter & Light Borescope Inspection Camera 9"" AHD Screen for Plumber, Homeowners(IP68 Waterproof 16GB)","ESANHAO","FBA","Industrial & Scientific",527351,"N/A","N/A","N/A","N/A","Borescopes",934,359.99,-6,3,2,-27,1360.97,544.66,5,5,"ESANHAO Store","China",1,0,"N/A","Large bulky",14.17,12.6,10.63,11.02,615.12,1537.8,"12/31/2025",15,6,4,0.52
"https://amazon.com/dp/B0FB3815Z5","https://m.media-amazon.com/images/I/716H8SnI5qL._SX450_.jpg","B0FB3815Z5","Articulating Borescope 2-Way 210°- JESERAL 8.5mm Lens Endoscope camera with 6 light, HD1080P Inspection Camera with Steering Probe, Compatible with Android&iOS Phone, scope with 3.3FT Semi-Rigid Cable","Jeseral","FBA","Industrial & Scientific",527649,"N/A","N/A","N/A","N/A","Borescopes",935,109.99,-28,3,3,-93,306.88,306.74,6,5,"JESERAL","China",1,0,"N/A","Large Standard-Size",3.23,7.4,14.92,2.14,179.55,495.3,"11/30/2025",9,7,0,0.47
"https://amazon.com/dp/B0DP2284K1","https://m.media-amazon.com/images/I/716SM9pHxhL._SX450_.jpg","B0DP2284K1","ESANHAO Sewer Pipe Camera with Distance Counter & Light Borescope Inspection Camera with 9"" AHD Screen for Plumber, Homeowners(IP68 Waterproof 16GB) (30M with Self Balancing)","ESANHAO","FBA","Industrial & Scientific",530547,"N/A","N/A","N/A","N/A","Borescopes",942,459.99,-34,3,1,-27,1360.97,337.2,5,5,"ESANHAO Store","China",1,0,"N/A","Large bulky",10.75,12.55,14.3,13.2,625.22,1563.05,"12/31/2025",15,7,4,0.52
"https://amazon.com/dp/B0F2HHW8MQ","https://m.media-amazon.com/images/I/41yxipZjddL._SX450_.jpg","B0F2HHW8MQ","Sewer Camera,7"" HD IPS Screen Drain Camera with DVR Distance Marker,17MM 8PC Lights IP68 Waterproof Borescope Drain Pipe Endoscope 32GB Card,for Plumbers and Homeowners","JINXINEBAY","FBA","Industrial & Scientific",531356,"N/A","N/A","N/A","N/A","Borescopes",934,278.99,-30,2,2,-104,576.36,576.23,9,4.1,"31yoosee","China",1,0,"N/A","Large bulky",10.9,13.2,15.3,11.3,713.41,1783.51,"10/31/2025",11,4,0,0.23
"https://amazon.com/dp/B0DQB3TC3C","https://m.media-amazon.com/images/I/714nvoIzFBL._SX450_.jpg","B0DQB3TC3C","Dual Lens Articulating Borescope Camera with Light,6.2mm Industrial Endoscope Inspection Camera with Articulated Snake Cameras，HD Video Scope for Automotive Engine HVAC Inspection - 3.28FT","PUSILIN","FBA","Industrial & Scientific",533039,"N/A","N/A","N/A","N/A","Borescopes",951,168,-7,4,3,80,576.84,415.15,15,4.4,"Pusilin","China",1,0,"N/A","Large Standard-Size",12.4,8.46,2.95,0.95,156.06,430.5,"10/31/2025",14,9,3,0.24
"https://amazon.com/dp/B0DQBN6SNW","https://m.media-amazon.com/images/I/71c0OFqpoOL._SX450_.jpg","B0DQBN6SNW","Two-Way Articulating Borescope Camera with Light, Industrial Endoscope Featuring a 3.9mm Articulated Snake Camera, 4.3"" Endoscope Camera with 3.2FT Semi-Rigid Inspection Camera with Light","PUSILIN","FBM","Industrial & Scientific",533056,"N/A","N/A","N/A","N/A","Borescopes",951,179.99,-12,4,1,80,576.84,161.5,15,4.4,"Pusilin","China",1,0,"N/A","Large Standard-Size",12.4,8.46,2.95,2.09,"N/A","N/A","10/31/2025",14,8,3,0.24
"https://amazon.com/dp/B07SJP5RL2","https://m.media-amazon.com/images/I/71lOlO3vW8L._SX450_.jpg","B07SJP5RL2","Vividia PM-40 Handheld 4.0mm Diameter USB Digital Microscope Borescope Endoscope Camera with Metal Stand for Windows/MacBook/Android Phone and Tablet","VIVIDIA","FBM","Industrial & Scientific",533634,"N/A","N/A","N/A","N/A","Borescopes",950,199.98,-13,3,3,450,545.1,544.98,0,"N/A","Oasis Scientific Inc.","USA",1,10,25,"N/A","N/A","N/A","N/A","N/A","N/A","N/A","01/31/2026",99,9,0,"N/A"
"https://amazon.com/dp/B0DG8V6BSC","https://m.media-amazon.com/images/I/81JgT5MWQvL._SX450_.jpg","B0DG8V6BSC","Sewer Camera 100FT with 512HZ Sonde, Anysun 9"" HD Screen Pipe Drain Inspection with 12pcs Light, DVR Recorder with 32GB Card, IP68 Waterproof Plumbing Cam, 7mm Cable with Depth Marker","anysun","FBM","Industrial & Scientific",535661,717331218737,"N/A",0717331218737,"N/A","Borescopes",944,599.99,-17,1,1,300,699.84,499.6,22,3.4,"ToBestGift","China",1,26,"N/A","Large bulky",19,16,10,9,"N/A","N/A","02/28/2025",37,7,5,0.05
"https://amazon.com/dp/B071S8J2X8","https://m.media-amazon.com/images/I/5188FePa5OL._SX450_.jpg","B071S8J2X8","400X Fiber Optic Video Inspection Probe and Display KOMSHINE KIP-600V Real-time Video Recording + TF Card 4000mAH Large Capacity Optic Cable Connector Scope Inspector 400 Magnification","KOMSHINE","FBA","Industrial & Scientific",537244,"N/A","N/A",6929102228119,"N/A","Borescopes",963,535,-30,1,1,11,723.82,723.8,12,3.4,"Just fiber optic","China",2,40,-44,"Large Standard-Size",3.9,7.87,11.93,1.83,184.36,508.57,"07/31/2024",105,9,0,0.11
"https://amazon.com/dp/B0C6YFZJYF","https://m.media-amazon.com/images/I/51-dGuen7fL._SX450_.jpg","B0C6YFZJYF","Sewer Camera 100ft Fiberglass Cable Print Meter Counter,23mm Interface Yellow Stiff Wire,4.8mm Diameter(100ft/30M）","SYANSPAN","FBM","Industrial & Scientific",537789,"N/A","N/A","N/A","N/A","Borescopes",956,169,"N/A",0,0,-100,"-","-",2,3.7,"pipe camera","China",1,0,"N/A","Large Standard-Size",5.39,13.78,14.02,3.02,"N/A","N/A","07/31/2025",33,7,41,0.13
"https://amazon.com/dp/B0BVMFRKGZ","https://m.media-amazon.com/images/I/81Q512LuBYL._SX450_.jpg","B0BVMFRKGZ","Sewer Camera 150FT with 512HZ Sonde, Anysun 9"" HD Screen Pipe Drain Inspection with 12pcs Light, DVR Recorder with 32GB Card, IP68 Waterproof Plumbing Cam, 7mm Cable with Depth Marker","anysun","FBM","Industrial & Scientific",538267,772123255536,"N/A",0772123255536,"N/A","Borescopes",953,699.99,-20,1,0,300,699.84,"-",22,3.4,"ToBestGift","China",1,26,"N/A","Large bulky",12.2,17.1,19.8,18.5,"N/A","N/A","02/28/2025",37,7,5,0.05
"https://amazon.com/dp/B0FXXB799G","https://m.media-amazon.com/images/I/71qPLqPQH7L._SX450_.jpg","B0FXXB799G","Hialemi 3.9mm 4-Way Articulating Borescope with Joystick, 5"" IPS Screen Endoscope Camera with Light, 360° Articulated Probe, 3.94FT Flexible Fiber Optic Scope Cam(0.15inch), 1080P Mechanics Inspection","Hialemi","FBA","Industrial & Scientific",538778,"N/A","N/A","N/A","N/A","Borescopes",957,449.99,-75,1,0,,484.39,"-",9,4.8,"Hialemi-US Direct","China",1,0,"N/A","Large Standard-Size",5.75,10.79,14.21,3.17,443.7,1223.99,"02/28/2026",4,5,2,0.13
"https://amazon.com/dp/B0FXLZZPF2","https://m.media-amazon.com/images/I/715A74A6PTL._SX450_.jpg","B0FXLZZPF2","Hialemi 6.4mm 4-Way Articulating Borescope with Joystick, 5"" IPS Screen Endoscope Camera with Light, 360° Articulated Probe, 5.0FT Semi-Rigid Snake, IP67 Waterproof, 1080P 32GB Mechanics Inspection","Hialemi","FBA","Industrial & Scientific",538787,"N/A","N/A","N/A","N/A","Borescopes",957,399.99,-34,1,1,,484.39,295.5,8,4.8,"Hialemi-US Direct","China",1,0,"N/A","Large Standard-Size",5.75,10.83,14.21,3.42,445.31,1228.45,"02/28/2026",4,4,2,0.15
"https://amazon.com/dp/B0DFHVCQNG","https://m.media-amazon.com/images/I/51+bWTfCarL._SX450_.jpg","B0DFHVCQNG","Pipe Sewer Inspection Camera Protective Cover, Wheel Plastic Pipe Camera Protective Cover for Endoscope Part Accessory","Heayzoki","FBA","Industrial & Scientific",544754,"N/A","N/A","N/A","N/A","Borescopes",960,15.73,-27,4,4,,69.85,69.68,"N/A","N/A","Wendryer","China",2,0,"N/A","Large Standard-Size",3.15,3.15,0.79,0.07,3.93,10.85,"01/31/2026",18,9,0,"N/A"
"https://amazon.com/dp/B0DK6XRYRH","https://m.media-amazon.com/images/I/618kwaUM97L._SX450_.jpg","B0DK6XRYRH","Anysun 5860 Model Sewer Camear Black Control Box Replacement, Including Monitor and Battery, Only for Anysun 5860 Serie Sewer Camera System","anysun","FBM","Industrial & Scientific",548058,"N/A","N/A","N/A","N/A","Borescopes",963,299.99,4,0,0,,"-","-","N/A","N/A","Yongchangsheng tech","China",1,0,"N/A","N/A","N/A","N/A","N/A","N/A","N/A","N/A","09/30/2025",16,3,0,"N/A"
"https://amazon.com/dp/B0BGBNFSV2","https://m.media-amazon.com/images/I/61t9pe2ZltL._SX450_.jpg","B0BGBNFSV2","ESANHAO 17MM Sewer Camera, Pipe Inspection Camera with 16GB TF Card, 9"" Monitor, AHD 720P, 25M/82ft, Silver, Waterproof","ESANHAO","FBA","Industrial & Scientific",548869,614019415528,"N/A",0614019415528,"N/A","Borescopes",971,278.99,-4,0,0,,"-","-",13,3.5,"ESANHAO","China",1,13,-89,"Large Standard-Size",5.39,9.65,11.34,6.17,296.96,819.21,"10/31/2024",41,6,0,0.01
"https://amazon.com/dp/B09GG4W335","https://m.media-amazon.com/images/I/611dTrVI4QL._SX450_.jpg","B09GG4W335","3 in 1 Endoscope Inspection Camera, Industrial Borescope Black Hd Camera, Waterproof Snake Tube Camera Digital Semi-Rigid Borescope (Size:5m/196.8inch)","Denpetec","FBM","Industrial & Scientific",549428,627654166694,"N/A",0627654166694,"N/A","Borescopes",976,51.48,-7,1,0,-75,46.15,"-",255,3.4,"Dreamology shop","USA",1,7,-95,"Large Standard-Size",1.65,5.08,6.34,0.22,"N/A","N/A","05/31/2024",54,7,6,0
"https://amazon.com/dp/B0DCJMR14T","https://m.media-amazon.com/images/I/71CoU+pZD5L._SX450_.jpg","B0DCJMR14T","Anysun Self Leveling Sewer Inspection Camera - 165ft, 9"" 1080P IPS Screen, DVR 16GB Card, IP68 Waterproof Plumbing Drain Camera with 12 Lights","anysun","FBA","Industrial & Scientific",549655,717018396840,"N/A",0717018396840,"N/A","Borescopes",964,699.99,-22,1,1,250,831.58,831.5,8,3.7,"Nedive","Hong Kong",1,30,"N/A","Large bulky",11.5,15.5,16.5,16,953.14,2382.86,"02/28/2025",19,7,0,0.15
"https://amazon.com/dp/B0FLPWZMNV","https://m.media-amazon.com/images/I/719L+bFbuSL._SX450_.jpg","B0FLPWZMNV","Anysun Sewer Camera with Locator, Self Leveling Sewer Inspection Camera 200ft with Distance Counter, 9'' 1080P IPS Monitor and Video Recorder with MIC, 7MM Cable with 12 Lights(32GB Card)","anysun","FBM","Industrial & Scientific",554079,769016774069,"N/A",0769016774069,"N/A","Borescopes",970,999.99,-38,5,1,33,4649.34,1349.03,1,5,"Nedive","Hong Kong",1,0,"N/A","Large bulky",15,16,19,24,"N/A","N/A","01/31/2026",7,8,4,4.77
"https://amazon.com/dp/B0FF2ZRL3J","https://m.media-amazon.com/images/I/71KHLXKc-NL._SX450_.jpg","B0FF2ZRL3J","Borescopes endoscopes TF600 4-Way Articulating Inspection Camera with Modular Design 4-Way Articulating Borescopes 1920x1080 Resolution Photos & Videos(3.9mm-1.55M)","PUSILIN","FBM","Industrial & Scientific",554779,"N/A","N/A","N/A","N/A","Borescopes",973,1198.68,-4,3,3,,3539.04,3539.02,"N/A","N/A","Pusilin","China",1,0,"N/A","N/A","N/A","N/A","N/A","N/A","N/A","N/A","10/31/2025",8,8,0,"N/A"
"https://amazon.com/dp/B0BTYF8KX6","https://m.media-amazon.com/images/I/71hE5pu0H7L._SX450_.jpg","B0BTYF8KX6","Anysun Self-Leveling Sewer Camera with Locator, 9'' IPS Monitor, 100ft Cable, IP68 Waterproof Pipe Inspection Camera, DVR Recording Function, 16GB Memory Card","anysun","FBA","Industrial & Scientific",554855,"N/A","N/A","N/A","N/A","Borescopes",977,499.99,-29,2,2,,998.78,998.69,5,3.5,"HZDZ_Shop","Hong Kong",1,0,"N/A","Large bulky",10,13.5,15,10.85,656.25,1640.63,"01/31/2026",37,6,0,0.36
"https://amazon.com/dp/B0CSMV9Q1L","https://m.media-amazon.com/images/I/71LBY4aZ8vL._SX450_.jpg","B0CSMV9Q1L","150 FT Sewer Camera,W/ 9'' HD 16GB DVR Monitor Big Spool(Easier to Push Cable),JQKJCAM 17MM Drain Snake Sewer Pipe Inspection Cameras with Light for Pipes,Waterproof 0.67'' Sewer Scope (50M/165FT)","JQKJCAM","FBA","Industrial & Scientific",554901,"N/A","N/A","N/A","N/A","Borescopes",968,489.5,"N/A",2,2,75,1061.08,725.44,3,4.5,"JJKJ Cam","China",1,76,"N/A","Large bulky",12.24,17.63,20.04,16.71,1401.44,3503.61,"09/30/2024",25,8,10,0.69
"https://amazon.com/dp/B0F4X1ZCXC","https://m.media-amazon.com/images/I/71CtOuPB1FL._SX450_.jpg","B0F4X1ZCXC","200 FT Sewer Camera Self Leveling (Upright Image),W/ 9'' HD16GB DVR Screen Big Spool (Easier to Push Cable), JQKJCAM 23MM Drain Pipe Sewer Inspection Camera Snake with 12 Light for Plumber (61M)","JQKJCAM","FBA","Industrial & Scientific",554901,"N/A","N/A","N/A","N/A","Borescopes",968,661,-28,2,1,75,1061.08,335.54,3,4.5,"JJKJ Cam","China",1,76,"N/A","Large bulky",11.75,17.25,19.75,18.05,1297.29,3243.23,"09/30/2024",11,9,10,0.69
"https://amazon.com/dp/B0DN1BBTTB","https://m.media-amazon.com/images/I/51vKDFGTpYL._SX450_.jpg","B0DN1BBTTB","GAOSHA Inspection Cameras Borescope,Endoscope, Waterproof Snake Cameras Inspection Cameras with Adjustable LED Light","GAOSHA","FBA","Industrial & Scientific",555866,"N/A","N/A",7651490795285,"N/A","Borescopes",970,9.99,-11,1,1,100,12.58,12.51,"N/A","N/A","QDAzij4","China",4,5,"N/A","Small Standard-Size",0.04,0.39,0.39,0,0,0.01,"11/30/2024",16,8,0,"N/A"