"URL","Image URL","ASIN","Title","Brand","Fulfillment","Category","BSR","UPC","GTIN","EAN","ISBN","Subcategory","Subcategory BSR","Price","Price Trend (90 days) (%)","Parent Level Sales","ASIN Sales","Sales Trend (90 days) (%)","Parent Level Revenue","ASIN Revenue","Review Count","Reviews Rating","Seller","Seller Country/Region","Number of Active Sellers","Last Year Sales","Sales Year Over Year (%)","Size Tier","Length","Width","Height","Weight","Storage Fee (Jan - Sep)","Storage Fee (Oct - Dec)","Best Sales Period","Age (Month)","Number of Images","Variation Count","Sales to Reviews"
"https://amazon.com/dp/B0FDVH213N","https://m.media-amazon.com/images/I/71qg29ashsL._SX450_.jpg","B0FDVH213N","Sewer Camera 66FT/20M Borescopes Pipe Inspection Camera with 16G DVR/Audio Recorder 5600mA Battery 17MM 4.3inch Screen Industrial Plumbing Snake Drain Endoscope","SYOWNFS","FBA","Industrial & Scientific",227314,"N/A","N/A","N/A","N/A","Borescopes",462,243.66,1,5,4,29,1278.09,930.62,1,5,"ENNIO","China",1,0,"N/A","Large bulky",11.2,12.3,13.8,11.6,616.09,1540.23,"12/31/2025",8,7,2,5.16
"https://amazon.com/dp/B0FDWF88RF","https://m.media-amazon.com/images/I/71qg29ashsL._SX450_.jpg","B0FDWF88RF","Sewer Camera 100FT/30M Borescopes Pipe Inspection Camera with 16G DVR/Audio Recorder 5600mA Battery 17MM 4.3inch Screen Industrial Plumbing Snake Drain Endoscope","SYOWNFS","FBA","Industrial & Scientific",227314,"N/A","N/A","N/A","N/A","Borescopes",462,261.71,-6,5,1,29,1278.09,347.21,1,5,"ENNIO","China",1,0,"N/A","Large bulky",11.18,12.36,14.25,12.17,638.15,1595.36,"12/31/2025",8,7,2,5.16
"https://amazon.com/dp/B08HH9899J","https://m.media-amazon.com/images/I/61KFDmh6LRL._SX450_.jpg","B08HH9899J","Camera Head for Pipe Inspection Camera Waterproof (IP68) Industrial Endoscope Video Inspection System Camera Head","anysun","FBM","Industrial & Scientific",227562,779675573187,"N/A",0779675573187,"N/A","Borescopes",463,179.99,2,3,3,,517.84,517.73,21,4,"HZDZ_Shop","Hong Kong",1,42,-63,"N/A","N/A","N/A","N/A","N/A","N/A","N/A","03/31/2024",66,5,0,0.14
"https://amazon.com/dp/B07L3N316J","https://m.media-amazon.com/images/I/61CuWHITg-L._SX450_.jpg","B07L3N316J","USB Endoscope MASO 5.5MM 2 in 1 IP67 Waterproof Borescope Inspection Camera with 6 Led and 5.5M Snake Cable USB Adapter for Android Phone Tablet Device - Cable length: 1M","MASO","FBA","Industrial & Scientific",228353,754914202981,"N/A",0754914202981,"N/A","Borescopes",467,16.29,-12,0,0,-33,"-","-",19,3.1,"Senriseus","China",2,11,83,"Large Standard-Size",7.09,5.51,0.79,0.11,15.48,42.72,"12/31/2025",87,8,4,0
"https://amazon.com/dp/B072JCVB6T","https://m.media-amazon.com/images/I/716MR-eVGNL._SX450_.jpg","B072JCVB6T","Professional Borescope Camera Case for Depstech USB, Wireless Endoscope, Goodan, Shekar, Pancellent, Fantronics, Sokos, BlueFire, Smart Divider, Designed Accessories Pockets for USB, Side View Mirror","CaseSack","FBA","Industrial & Scientific",229382,729680113144,"N/A",0729680113144,"N/A","Borescopes",460,15.98,-2,8,8,-29,122.62,122.42,275,4.3,"Casesack","Hong Kong",2,126,8,"Large Standard-Size",2.5,5.5,7,0.34,48.46,133.68,"06/30/2025",103,7,0,0.03
"https://amazon.com/dp/B0DKJXC83Y","https://m.media-amazon.com/images/I/517loDenTEL._SX450_.jpg","B0DKJXC83Y","Accessories Sewer Camera Head with 512Hz Sonde Transmitter, Waterproof Pipe Inspection Camera Lens Parts for Anysun, HBUDS, Aukfa 7D1 Drain Pipe Camera（IP68）","Stove Stoppaz","FBM","Industrial & Scientific",229567,717813046056,"N/A",0717813046056,"N/A","Borescopes",467,299.99,-62,0,0,150,"-","-",1,5,"pingweiusa","China",1,0,"N/A","N/A","N/A","N/A","N/A","N/A","N/A","N/A","07/31/2025",16,4,4,0.31
"https://amazon.com/dp/B0DKJYWXFH","https://m.media-amazon.com/images/I/517loDenTEL._SX450_.jpg","B0DKJYWXFH","Sewer Camera Head Replacement with Self-Leveling – Compatible with PRANITE, HBUDS, Anysun, OKK, ONDASHCAM, SumKea for 9DX23 and 7D3A Sewer Cameras, IP68 Waterproof, 12 LEDs","Stove Stoppaz","FBM","Industrial & Scientific",229567,717813046063,"N/A",0717813046063,"N/A","Borescopes",467,259.99,-73,0,0,150,"-","-",1,5,"pingweiusa","China",1,0,"N/A","N/A","N/A","N/A","N/A","N/A","N/A","N/A","07/31/2025",16,5,4,0.31
"https://amazon.com/dp/B0DKJXTNRS","https://m.media-amazon.com/images/I/6151EVRADXL._SX450_.jpg","B0DKJXTNRS","Sewer Camera Head Replacement with Self-Leveling Function,Compatible with PRANITE HBUDS Anysun Sewer Camera Head 512Hz Sonde IP68 Waterproof Inspection Accessories","Stove Stoppaz","FBM","Industrial & Scientific",229567,717813046087,"N/A",0717813046087,"N/A","Borescopes",467,319.99,-74,0,0,150,"-","-",1,5,"pingweiusa","China",1,0,"N/A","N/A","N/A","N/A","N/A","N/A","N/A","N/A","07/31/2025",16,9,4,0.31
"https://amazon.com/dp/B0DKJXPTZ9","https://m.media-amazon.com/images/I/61-iCjEP6yL._SX450_.jpg","B0DKJXPTZ9","Accessories Sewer Camera Head, Waterproof Pipe Inspection Camera Lens Parts for Anysun, HBUDS, Aukfa 7D1 Drain Pipe Camera（IP68）","Stove Stoppaz","FBM","Industrial & Scientific",229567,717813046070,"N/A",0717813046070,"N/A","Borescopes",467,179.99,-73,0,0,150,"-","-",1,5,"pingweiusa","China",1,0,"N/A","N/A","N/A","N/A","N/A","N/A","N/A","N/A","07/31/2025",16,4,4,0.31
"https://amazon.com/dp/B0D45364BG","https://m.media-amazon.com/images/I/718KsJKSVoL._SX450_.jpg","B0D45364BG","BlueFire Upgraded Endoscope Camera with Light, 1920P HD Borescope, 16.4ft Semi-Rigid Snake Camera for Android and iOS Smartphone, Tablet, Black, IP67 Waterproof","BlueFire","FBA","Industrial & Scientific",230058,"N/A","N/A","N/A","N/A","Borescopes",462,25.99,-12,9,3,-47,193.63,66.97,25,4.1,"BlueFire Tech","China",1,195,"N/A","Large Standard-Size",4.72,4.72,1.38,0.28,15.48,42.72,"11/30/2024",22,7,2,0.36
"https://amazon.com/dp/B0D44TM8G1","https://m.media-amazon.com/images/I/71YjiAToUOL._SX450_.jpg","B0D44TM8G1","Endoscope Borescope with 8+1 Adjustable LED Lights, 11.5/16.4 FT Semi-Rigid Cable Snake Camera, IP67 Inspection Camera for Android and iOS Smartphone, Tablet (11.5 FT), Black","BlueFire","FBA","Industrial & Scientific",230058,"N/A","N/A","N/A","N/A","Borescopes",462,19.99,-26,9,6,-47,193.63,126.41,25,4.1,"BlueFire Tech","China",1,195,"N/A","Large Standard-Size",1.46,4.88,4.96,0.33,17.79,49.08,"11/30/2024",22,7,2,0.36
"https://amazon.com/dp/B0DWMNLK1B","https://m.media-amazon.com/images/I/71l9W3cjBiL._SX450_.jpg","B0DWMNLK1B","Sanyipace Sewer Camera Replacement Cable, ONLY S610ASMKTCP Model, 7mm/0.28-Inch Diameter, 165FT/50M","Sanyipace","FBA","Industrial & Scientific",230069,"N/A","N/A","N/A","N/A","Borescopes",468,259.99,-64,15,4,,2272.24,1088.46,2,2.8,"Yans Minie","China",1,0,"N/A","Large bulky",18.5,16.5,7,4,692.47,1731.16,"02/28/2026",13,1,9,7.48
"https://amazon.com/dp/B0DMVH4B71","https://m.media-amazon.com/images/I/71lVYza5INL._SX450_.jpg","B0DMVH4B71","Endoscope Camera with Light, Anhendeler 1080P HD Borescope 4.3"" IPS Screen, IP67 Waterproof Snake Camera， for Automotive, Pipe, Wall Inspection","Anhendeler","FBA","Industrial & Scientific",230507,"N/A","N/A","N/A","N/A","Borescopes",457,29.99,-12,16,11,-61,434.18,333.82,1079,4.3,"Anhendeler","China",1,239,-84,"Large Standard-Size",2.91,5.24,6.69,0.97,51.36,141.68,"05/31/2024",16,6,5,0.01
"https://amazon.com/dp/B0F4QR3BF1","https://m.media-amazon.com/images/I/61mta6++hhL._SX450_.jpg","B0F4QR3BF1","1920P HD Dual Lens Endoscope Camera Semi-Rigid Snake Cable IP67 Waterproof 8LED Lights Dimmable HD Industrial Pipeline Inspection Probe Compatible with Smartphones Endoscope Camera (16.4ft)","LAUREII","FBA","Industrial & Scientific",230591,"N/A","N/A","N/A","N/A","Borescopes",454,19.5,-46,16,2,190,282.9,44.48,38,4.1,"Laureii Direct","China",1,0,"N/A","Large Standard-Size",1.46,5.08,5.16,0.42,19.21,52.99,"06/30/2025",11,8,3,0.42
"https://amazon.com/dp/B0F4QQK5BN","https://m.media-amazon.com/images/I/61hd6KToPLL._SX450_.jpg","B0F4QQK5BN","1920P HD Dual Lens Endoscope Camera Semi-Rigid Snake Cable IP67 Waterproof 8LED Lights Dimmable HD Industrial Pipeline Inspection Probe Compatible with Smartphones Endoscope Camera (3.5ft)","LAUREII","FBA","Industrial & Scientific",230591,"N/A","N/A","N/A","N/A","Borescopes",454,26,-46,16,9,190,282.9,147.38,38,4.1,"Laureii Direct","China",1,0,"N/A","Large Standard-Size",1.46,5.08,5.12,0.18,19.12,52.74,"06/30/2025",11,8,3,0.42
"https://amazon.com/dp/B07VD9DDK4","https://m.media-amazon.com/images/I/41A1ZLEoqWL._SX450_.jpg","B07VD9DDK4","WiFi Boroscope","Cal-Van Tools","FBM","Industrial & Scientific",230910,047084000847,"N/A",0047084000847,"N/A","Borescopes",463,70.64,-6,12,12,129,881.94,881.73,77,4.3,"ToolDesk","USA",28,244,-7,"Large Standard-Size",2.05,4.13,4.49,0.31,"N/A","N/A","08/31/2025",80,1,0,0.16
"https://amazon.com/dp/B0DYDPG8WK","https://m.media-amazon.com/images/I/71qAIA60LfL._SX450_.jpg","B0DYDPG8WK","Dual-Lens Industrial Borescope Camera with 5 inch IPS Screen, 32GB Memory Card, Photo/Video Recording Enabled, 16.5FT/5M Semi-Rigid Cable with 8+1 Adjustable LEDs, IP67 Waterproof","KozyOne","FBA","Industrial & Scientific",230954,"N/A","N/A","N/A","N/A","Borescopes",472,59.99,-43,4,4,,223.17,223.12,37,4.8,"KozyOne US","China",1,0,"N/A","Large Standard-Size",2.36,5.71,7.99,1.06,54.26,149.69,"06/30/2025",12,6,0,0.1
"https://amazon.com/dp/B0D7TKYY9D","https://m.media-amazon.com/images/I/512ZI-DqXaL._SX450_.jpg","B0D7TKYY9D","JQKJCAM Sewer Camera Protector Cover with Screwdriver, for 23mm/0.9In Industrial Borescope Camera Head,Drain Camera Protector Accessory","JQKJCAM","FBM","Industrial & Scientific",230970,"N/A","N/A","N/A","N/A","Borescopes",471,16.9,-80,1,1,,19.22,19.17,2,4.5,"JJKJ Cam","China",1,0,"N/A","N/A","N/A","N/A","N/A","N/A","N/A","N/A","10/31/2025",20,2,0,0.57
"https://amazon.com/dp/B0CPD74BPR","https://m.media-amazon.com/images/I/61m7bGmJVaL._SX450_.jpg","B0CPD74BPR","BusoTh Inspection Camera, 70° Viewing Angle USB Endoscope 1.3MP Flexible Cable with 6 LED Lights for Pipeline Repair (2M), USB Snake Inspection Scope Industrial Endoscope Camera","BusoTh","FBA","Industrial & Scientific",231008,"N/A","N/A",7790169240067,"N/A","Borescopes",471,5.23,-47,1,1,,13.32,13.23,"N/A","N/A","Yixvtn-US","China",2,6,-33,"N/A",4.72,4.72,1.57,"N/A","N/A","N/A","11/30/2024",27,9,2,"N/A"
"https://amazon.com/dp/B0F2HJD3C6","https://m.media-amazon.com/images/I/71usxjqjG1L._SX450_.jpg","B0F2HJD3C6","Sewer Camera,7"" HD IPS Screen Drain Camera with DVR Distance Marker,23MM 12PC Lights IP68 Waterproof Borescope Drain Pipe Endoscope 32GB Card,for Plumbers and Homeowners (17MM Camera/20M)","JINXINEBAY","FBA","Industrial & Scientific",234167,"N/A","N/A","N/A","N/A","Borescopes",458,279.99,-16,2,1,20,666.46,169.23,3,5,"31yoosee","China",1,0,"N/A","Large bulky",10.75,13.38,15,10.4,699.2,1747.99,"07/31/2025",11,6,3,0.79
"https://amazon.com/dp/B0DSKVN1Z9","https://m.media-amazon.com/images/I/714EpYSYcfL._SX450_.jpg","B0DSKVN1Z9","Dual Lens Endoscope Camera with Light, 1080P Borescope Inspection Camera with 5"" IPS Screen, 32.8FT Semi-Rigid, 8+1 LEDs & 32GB Card, 7.9mm IP67 Waterproof Sewer Snake Cam for Car Plumbing Wall","Amailtom","FBA","Industrial & Scientific",234411,"N/A","N/A","N/A","N/A","Borescopes",475,48.77,-15,1,1,67,51.36,51.33,26,4.3,"Amaiton","China",1,0,"N/A","Large Standard-Size",3.07,6.22,11.06,1.63,106.4,293.51,"02/28/2025",14,9,0,0.04
"https://amazon.com/dp/B071ZHXRZZ","https://m.media-amazon.com/images/I/51epBJViJEL._SX450_.jpg","B071ZHXRZZ","Komshine Fiber Optic Inspection Video Probe KIP-600V 400X Magnification Real-time Video Recording + 4 UPC Tips + 3.5 inch HD LCD Display + 4,000mAh Large Battery Capacity FTTX Tool","KOMSHINE","FBA","Industrial & Scientific",234693,"N/A","N/A",7849717739994,"N/A","Borescopes",526,535,-26,9,2,-76,1608.19,824.55,3,5,"Just fiber optic","China",2,154,54,"Large Standard-Size",3.86,8.03,11.97,1.74,186.73,515.11,"11/30/2024",106,9,4,3.03
"https://amazon.com/dp/B0DJWQD2QZ","https://m.media-amazon.com/images/I/61L220Wl9AL._SX450_.jpg","B0DJWQD2QZ","Vividia VA-106i Flexible One-Way Articulating Digital USB Camera Borescope Videoscope with 6mm (0.24"") Diameter 0.6m (24"") Long for iOS & Android Devices & Windows PCs","VIVIDIA","FBM","Industrial & Scientific",234786,"N/A","N/A","N/A","N/A","Borescopes",476,299.98,-51,0,0,,"-","-","N/A","N/A","Oasis Scientific Inc.","USA",1,0,"N/A","N/A","N/A","N/A","N/A","N/A","N/A","N/A","05/31/2025",24,2,0,"N/A"
"https://amazon.com/dp/B0FY1FZNR6","https://m.media-amazon.com/images/I/61nwk2K57pL._SX450_.jpg","B0FY1FZNR6","Articulating Borescope Camera with Light, 3.9 mm Two-Way 180° Probe, 1080P HD Industrial Endoscope Inspection Camera with 4.3'' IPS Screen, Borescope for Automotive, Engine, Mechanical Inspect","EFUTONPRO","FBA","Industrial & Scientific",234858,"N/A","N/A","N/A","N/A","Borescopes",476,112.99,"N/A",3,3,,305.58,305.49,"N/A","N/A","Supermarket2010","China",1,0,"N/A","Large Standard-Size",11.02,5.51,2.36,1.1,72.26,199.34,"01/31/2026",4,5,0,"N/A"
"https://amazon.com/dp/B0DQYBYJ4F","https://m.media-amazon.com/images/I/71cyHXEUZcL._SX450_.jpg","B0DQYBYJ4F","Dual Lens Endoscope Camera with Light - Inspection Borescope Camera with 4.3"" IPS Screen, 1920P HD Snake Camera with 8 LED Lights, 3.3FT Semi-Rigid Cord Bore Scope, IP67 Waterproof Endoscope for Sewer","Jebousike","FBA","Industrial & Scientific",234983,"N/A","N/A","N/A","N/A","Borescopes",478,44.99,-25,1,0,-83,56.25,"-","N/A","N/A","Jebousike","China",1,69,"N/A","Large Standard-Size",3.11,5.43,7.83,0.78,66.66,183.88,"05/31/2025",14,8,6,"N/A"
"https://amazon.com/dp/B0BWVD4WJP","https://m.media-amazon.com/images/I/51cKvt29OeL._SX450_.jpg","B0BWVD4WJP","3 in 1 High Definition Endoscope Pipe Inspection Borescope TypeC USB Mobile Phone 3.9mm for Borescopes and Fiberscopes (1 Meter Flexible Cord)","Walfront","FBA","Industrial & Scientific",234984,"N/A","N/A","N/A","N/A","Borescopes",466,22.86,-16,4,4,21,71.36,71.21,13,3.1,"Luoyuu","China",2,0,"N/A","Large Standard-Size",1.42,4.76,4.92,0.13,16.73,46.15,"10/31/2025",36,9,0,0.32
"https://amazon.com/dp/B0CS68VYN9","https://m.media-amazon.com/images/I/71u5YkefJoL._SX450_.jpg","B0CS68VYN9","Sewer Camera 150ft,W/ 12 Bright LED 9'' Ultra HD 16GB DVR Screen (Clearer Image),1080P JQKJCAM Drain Endoscope Pipe Camera Snake with Light Meter Counter for Sewer Plumbing Inspection (50M/165FT)","JQKJCAM","FBA","Industrial & Scientific",235483,"N/A","N/A","N/A","N/A","Borescopes",470,510.22,-13,0,0,,"-","-",4,4.3,"JJKJ Cam","China",1,7,"N/A","Large bulky",11.18,11.73,12.36,11.95,525.29,1313.24,"01/31/2025",26,8,0,0
"https://amazon.com/dp/B0FJ28PT7K","https://m.media-amazon.com/images/I/71VQaPDDDPL._SX450_.jpg","B0FJ28PT7K","Borescope Camera with Light, 1080P HD with 8 LEDs, 4.3"" Inspection Camera with 32.8FT Semi-Rigid Cable, 8mm IP67 Waterproof Lens, 64GB Card Included for Sewer/Drain","Douevo","FBA","Industrial & Scientific",235539,"N/A","N/A","N/A","N/A","Borescopes",461,36.99,-12,22,6,-40,752.09,223.82,"N/A","N/A","JingQiBao","China",1,0,"N/A","Large Standard-Size",7.28,4.92,2.36,1.3,42.56,117.4,"09/30/2025",7,8,5,"N/A"
"https://amazon.com/dp/B0F2HTBKBY","https://m.media-amazon.com/images/I/81lyDIFaKtL._SX450_.jpg","B0F2HTBKBY","Okk Sewer Camera, Drain Camera with Meter Counter, Pipe Inspection with Self-Leveling, Industrial Endoscope with DVR, 7"" LCD Plumbing Snake Endoscope 65ft Cable, IP68 Waterproof, 12 LEDs, 16GB Card","okk","FBA","Industrial & Scientific",235868,"N/A","N/A","N/A","N/A","Borescopes",464,559.99,"N/A",9,0,82,4769.53,"-",5,4.7,"ZOZUS-DIRECT","China",0,0,"N/A","Large bulky",8.4,14.2,16.2,13.4,626.22,1565.55,"12/31/2025",11,9,8,1.81
"https://amazon.com/dp/B0FX4FQC6Y","https://m.media-amazon.com/images/I/71aspBzG38L._SX450_.jpg","B0FX4FQC6Y","Ralcam Articulating Borescope Endoscope Camera with Light, 210° Dual-Direction Snake Camera for Automotive Inspection, 6.2mm Probe, 4.3"" HD Screen, 6 Adjustable LEDs, IP67 Waterproof Semi-Rigid Cable","Ralcam","FBA","Industrial & Scientific",237124,"N/A","N/A","N/A","N/A","Borescopes",471,108.99,-23,22,22,-82,2405.9,2405.57,8,4.5,"Ralcam","China",1,0,"N/A","Large Standard-Size",3.03,8.66,12.44,2.23,164.34,453.37,"11/30/2025",4,9,3,2.76
"https://amazon.com/dp/B0F2HQK5HL","https://m.media-amazon.com/images/I/71-NrGRCqIL._SX450_.jpg","B0F2HQK5HL","Okk Sewer Camera, Drain Camera with Meter Counter, Pipe Inspection with Self-Leveling, Industrial Endoscope with DVR, 7"" LCD Plumbing Snake Endoscope 100ft Cable, IP68 Waterproof, 12 LEDs, 16GB Card","okk","FBA","Industrial & Scientific",237851,"N/A","N/A","N/A","N/A","Borescopes",469,439.99,-2,9,4,82,4769.53,1558.65,5,4.7,"ZOZUS-DIRECT","China",1,0,"N/A","Large bulky",8.5,14.68,16.5,14.1,667.23,1668.07,"12/31/2025",11,8,8,1.81
"https://amazon.com/dp/B08QCZQMJ4","https://m.media-amazon.com/images/I/71aKFLKToHL._SX450_.jpg","B08QCZQMJ4","Teslong Endoscope Replacement Cable with Light, Single Lens Inspection Camera 5.5mm/0.21inch Waterproof Probe Compatible with NTS500, NTS300(10FT)","Teslong","FBA","Industrial & Scientific",239481,"N/A","N/A","N/A","N/A","Borescopes",473,69.99,-29,5,5,-79,372.24,372.11,4,4.5,"Teslong","China",1,75,"N/A","Large Standard-Size",2.2,8.5,9,0.9,84.73,233.75,"10/31/2024",63,5,0,1.33
"https://amazon.com/dp/B0F28XLQLS","https://m.media-amazon.com/images/I/71thtTwBz1L._SX450_.jpg","B0F28XLQLS","Sewer Camera 10m/32ft, 4.3"" Pipe Snake Camera with DVR Function, Drain Plumbing Inspection with LED Light, 17mm/0.67in Waterproof Industrial Endoscope for Home Wall Duct Drain Pipe (10m/32ft)","BlessFly","FBA","Industrial & Scientific",240405,602835080907,"N/A",0602835080907,"N/A","Borescopes",470,199.99,-13,17,10,154,3826.99,2025.46,12,4.1,"Blessfly Smart","China",1,0,"N/A","Large Standard-Size",7.64,12.64,15.31,6.22,744.37,2053.45,"08/31/2025",11,7,3,1.45
"https://amazon.com/dp/B0F2LLZDKS","https://m.media-amazon.com/images/I/61dNhLmMEPL._SX450_.jpg","B0F2LLZDKS","Two-Way Articulating Borescope with Light for iPhone and Andriod Users, Inspection Camera Industrial Endoscope with 8.5mm Articulated Probe Waterproof Lens, 3.3ft Semi-Rigid Gooseneck Tube","zealtron","FBA","Industrial & Scientific",240902,"N/A","N/A","N/A","N/A","Borescopes",471,49.99,-20,10,10,-69,503.97,503.86,233,3.9,"Zealtron","China",1,0,"N/A","Large Standard-Size",2.28,9.72,16.97,1.41,189.7,523.32,"05/31/2025",11,9,0,0.04
"https://amazon.com/dp/B0CB1XV6SJ","https://m.media-amazon.com/images/I/31MR1zBx-mL._SX450_.jpg","B0CB1XV6SJ","Sewer IP68 Pipeline Inspection Camera Probe with 12 LED Lights for Pipe Drain Endoscope Replacement","LiebeWH","FBA","Industrial & Scientific",243981,"N/A","N/A","N/A","N/A","Borescopes",493,175.49,-24,13,13,75,2277.21,2277.08,10,3.2,"Vinnier bm","China",2,125,-9,"Large Standard-Size",2.6,3.9,6.73,0.41,34.33,94.7,"01/31/2025",32,9,0,1.3
"https://amazon.com/dp/B0DNYTF8L4","https://m.media-amazon.com/images/I/71eQj19HuWL._SX450_.jpg","B0DNYTF8L4","VEVOR 165 ft/50m Self-Leveling Pipeline Inspection Camera with 9"" 1080P HD Screen, 36X Zoom, IP68 Waterproof, 32GB Card, Black","VEVOR","FBM","Industrial & Scientific",244290,197988808244,"N/A",0197988808244,"N/A","Borescopes",475,489.9,"N/A",8,8,,3898.5,3898.28,8,3.3,"Suplander","China",2,0,"N/A","Large bulky",11.81,12.6,12.68,13.89,"N/A","N/A","10/31/2025",14,9,2,0.97
"https://amazon.com/dp/B08X1X82DD","https://m.media-amazon.com/images/I/41f5sX1HPAL._SX450_.jpg","B08X1X82DD","USB Snake Inspection Camera, 2.0 MP IP67 Waterproof USB C Borescope, Type-C Scope Camera with 8 Adjustable LED Lights for Android, PC2","AIATE","FBA","Industrial & Scientific",244936,"N/A","N/A",4817447515754,"N/A","Borescopes",489,15.9,-15,22,22,319,295.2,294.84,1191,3.7,"DDLOVEPP","China",1,129,-55,"Large Standard-Size",1.46,4.76,4.84,0.35,16.93,46.72,"03/31/2024",60,5,0,0.02
"https://amazon.com/dp/B0F5PNMVD9","https://m.media-amazon.com/images/I/61RolBu+zPL._SX450_.jpg","B0F5PNMVD9","Zealtron Two-Way Articulating Borescope with Light, 5 Inch IPS Screen Industrial Endoscope with 0.24in/6.2mm Articulated Probe, 5ft Highly Resilient Snake Cable Inspection Camera for Wall Automotive","zealtron","FBA","Industrial & Scientific",246468,"N/A","N/A","N/A","N/A","Borescopes",491,89.99,-28,11,11,-94,1027.51,1027.27,220,4.4,"Zealtron","China",1,0,"N/A","Large Standard-Size",2.24,9.72,16.97,1.46,186.43,514.3,"07/31/2025",10,8,0,0.05
"https://amazon.com/dp/B0DK91NK8Q","https://m.media-amazon.com/images/I/71tntAivRaL._SX450_.jpg","B0DK91NK8Q","4.5 Inch Dual-Lens Industrial Endoscope, 1080P Photo Video Borescope Inspection Camera, 5.5mm IP67 Waterproof Snake Camera, 8+1 LED Lights, 16.5FT Cable, 32GB","AukonVee","FBA","Industrial & Scientific",247136,"N/A","N/A","N/A","N/A","Borescopes",491,49.99,3,12,3,,450.84,143.67,50,4.4,"Shenzhen Qiuchen Electronics Co., LTD","China",1,0,"N/A","Large Standard-Size",2.91,5.55,8.19,1.06,66.6,183.71,"12/31/2025",16,8,3,0.23
"https://amazon.com/dp/B0FJ283NPH","https://m.media-amazon.com/images/I/41ZwpR+RnOL._SX450_.jpg","B0FJ283NPH","Dual Lens Industrial Endoscope with 4.3 IPS Screen, 1080P Borescope Camera, 32.8FT Detachable & Waterproof Cable with 64GB Card, 8 LED Lights for Sewer/Drain/Auto","Douevo","FBA","Industrial & Scientific",248600,"N/A","N/A","N/A","N/A","Borescopes",481,39.99,-36,22,3,-40,752.09,114.84,"N/A","N/A","JingQiBao","China",1,0,"N/A","Large Standard-Size",7.28,4.92,2.36,1.3,42.56,117.4,"09/30/2025",7,8,5,"N/A"
"https://amazon.com/dp/B0DBVC7H92","https://m.media-amazon.com/images/I/51eL31jlghL._SX450_.jpg","B0DBVC7H92","17MM Sewer Camera Guide Wheel,JQKJCAM Sewer Camera Roller Guide Accessory/Parts,90MM/3.5'' Protector Cover with Pulleys for 0.67'' Pipe Drain Duct Inspection Camera","JQKJCAM","FBA","Industrial & Scientific",249957,"N/A","N/A","N/A","N/A","Borescopes",501,22.8,-17,7,7,-73,153.95,153.79,7,3.9,"JJKJ Cam","China",1,0,"N/A","Large Standard-Size",1.85,4.13,6.38,0.29,24.54,67.7,"07/31/2025",19,6,0,0.97
"https://amazon.com/dp/B0DD486VRX","https://m.media-amazon.com/images/I/71Yp8OzGS5L._SX450_.jpg","B0DD486VRX","Self-Leveling Sewer Camera with 512Hz Locator, PRANITE 9"" 1080P IPS Drain Camera 165ft with 12 LED Lights, DVR Recorder, IP68 Waterproof for Inspect Sewer, Plumbing, Duct – 16GB Card","PRANITE","FBA","Industrial & Scientific",250307,717018403524,"N/A",0717018403524,"N/A","Borescopes",476,799.99,-32,5,1,,3181.1,537.21,17,4.4,"dengwencai","China",1,41,"N/A","Large bulky",11.89,15.55,16.57,15.74,992.84,2482.1,"02/28/2025",19,7,5,0.29
"https://amazon.com/dp/B0C9L5V3J9","https://m.media-amazon.com/images/I/71qY2x+S9-L._SX450_.jpg","B0C9L5V3J9","Anykit Dual Lens Borescope,1080P Industrial Endoscope with Light, IP67 Waterproof Inspection Cam, Sewer Camera with 4.0"" IPS Screen, Waterproof 16.5ft Snake Camera, 32GB Card","Anykit","FBA","Industrial & Scientific",250670,"N/A","N/A","N/A","N/A","Borescopes",502,79.99,-22,12,12,-127,929.52,929.28,145,4.5,"AnyKit","China",1,789,56,"Large Standard-Size",3.39,7.44,8.35,1.21,106.03,292.5,"10/31/2025",32,7,2,0.08
"https://amazon.com/dp/B0DJQMW9CJ","https://m.media-amazon.com/images/I/614FCZM0r2L._SX450_.jpg","B0DJQMW9CJ","Endoscope Camera with Light 1920P HD, 6FT Semi-Rigid Snake, 8 Adjustable LED Light, 8mm IP67 Waterproof Inspection Camera for iOS","ZOIOT","FBA","Industrial & Scientific",250785,"N/A","N/A","N/A","N/A","Borescopes",486,25.99,-11,20,20,16,521.24,520.91,49,3.5,"YFD-US","China",1,325,"N/A","Large Standard-Size",0.83,5,5.04,0.2,10.53,29.05,"05/31/2025",17,7,0,0.41
"https://amazon.com/dp/B0FNN7VV63","https://m.media-amazon.com/images/I/71O4yW5C1kL._SX450_.jpg","B0FNN7VV63","Two-Way Articulating Borescope 1080P, Industrial Endoscope Camera with Light, Inspection Snake Camera with 5.5mm Probe for Automotive Aircraft Home Mechanics (5.5FT)","gogolux","FBA","Industrial & Scientific",250952,722302655268,"N/A",0722302655268,"N/A","Borescopes",485,109.99,-20,18,18,11,2315.86,2315.66,27,4.8,"Womfenn US Official","China",1,0,"N/A","Large Standard-Size",3.27,8.7,14.68,2.76,210.27,580.04,"12/31/2025",6,7,0,0.68
"https://amazon.com/dp/B0F2MLQ4F3","https://m.media-amazon.com/images/I/71wL6DCJetL._SX450_.jpg","B0F2MLQ4F3","Danculpe Sewer Camera with 66FT/20M, Distance Counter, 360° Rotating Dual-Lens Inspection Camera with DVR, 7"" High Definition High Bnightness, Portable Endoscope with 12 LED Lights for Duct Pipe","Danculpe","FBA","Industrial & Scientific",251099,"N/A","N/A","N/A","N/A","Borescopes",504,429.99,-32,18,5,,7977.49,2213.52,13,4,"hainanshengtianaikejiyouxiangongsi","China",1,0,"N/A","Large bulky",17,8,17,13,749.26,1873.15,"12/31/2025",11,7,4,1.41
"https://amazon.com/dp/B0BYX2KPDF","https://m.media-amazon.com/images/I/41Yx+50uMdL._SX450_.jpg","B0BYX2KPDF","USB Endoscope for OTG Android Phone, Laptop, 5.5mm Borescope Inspection Camera Waterproof with USB Type C, Micro-USB Plug 3in1, Pure Copper Cord with 6 LED Lights, Compatible with Most Phone, PC (10m)","iW899Bytto","FBM","Industrial & Scientific",251184,"N/A","N/A","N/A","N/A","Borescopes",487,22.99,-53,5,0,-35,78.38,"-",1,5,"InWorld","Hong Kong",1,34,17,"Large Standard-Size",5.24,4.72,1.65,0.51,"N/A","N/A","10/31/2024",35,6,3,4.54
"https://amazon.com/dp/B0BYX3PGP9","https://m.media-amazon.com/images/I/41Yx+50uMdL._SX450_.jpg","B0BYX3PGP9","USB Endoscope for OTG Android Phone, Laptop, 5.5mm Borescope Inspection Camera Waterproof with USB Type C, Micro-USB Plug 3in1, Pure Copper Cord with 6 LED Lights, Compatible with Most Phone, PC (5m)","iW899Bytto","FBM","Industrial & Scientific",251212,"N/A","N/A","N/A","N/A","Borescopes",487,18.99,-35,5,1,-35,78.38,15.16,1,5,"InWorld","Hong Kong",1,34,17,"Large Standard-Size",5.2,4.72,1.65,0.27,"N/A","N/A","10/31/2024",35,6,3,4.54
"https://amazon.com/dp/B0BYX25G5L","https://m.media-amazon.com/images/I/41Yx+50uMdL._SX450_.jpg","B0BYX25G5L","USB Endoscope for OTG Android Phone, Laptop, 5.5mm Borescope Inspection Camera Waterproof with USB Type C, Micro-USB Plug 3in1, Pure Copper Cord with 6 LED Lights, Compatible with Most Phone, PC (2m)","iW899Bytto","FBM","Industrial & Scientific",251212,"N/A","N/A","N/A","N/A","Borescopes",487,15.99,-18,5,3,-35,78.38,53.09,1,5,"InWorld","Hong Kong",1,34,17,"Large Standard-Size",4.53,3.98,0.98,0.18,"N/A","N/A","10/31/2024",35,6,3,4.54
"https://amazon.com/dp/B0FKB6Q7DF","https://m.media-amazon.com/images/I/71ueIKG9ogL._SX450_.jpg","B0FKB6Q7DF","Anysun Self-Leveling Sewer Camera with Meter Marking, 9'' IPS Screen, HD 1080P Resolution, 5100mAh Battery, 165ft 5mm Cable Sewer Drain Video Inspection Camera with DVR Recorder and 32GB SD Card","anysun","FBA","Industrial & Scientific",251412,769016773888,"N/A",0769016773888,"N/A","Borescopes",476,429.99,-22,35,16,24,17384.16,6790.75,5,4.8,"HZDZ_Shop","Hong Kong",1,0,"N/A","Large bulky",12.48,13.3,14.17,15.96,762.22,1905.55,"10/31/2025",6,7,9,6.97
"https://amazon.com/dp/B0CY2CTSH8","https://m.media-amazon.com/images/I/71uoyEa9lJL._SX450_.jpg","B0CY2CTSH8","Danculpe Self-Leveling Sewer Camera with Locator, Distance Counter, 100FT/30M, 10'' LCD Pipe Inspection Camera with DVR, IP68 Waterproof Industrial Plumbing Cameras 12 LEDs & 16GB Card","Danculpe","FBA","Industrial & Scientific",251966,794969825988,"N/A",0794969825988,"N/A","Borescopes",492,750.99,-34,18,2,,7977.49,1629.33,13,4,"hainanshengtianaikejiyouxiangongsi","China",1,0,"N/A","Large bulky",8.4,19.2,25,23.1,1306.67,3266.67,"12/31/2025",24,8,4,1.41
"https://amazon.com/dp/B00CBKFJ9Y","https://m.media-amazon.com/images/I/51GdMrYHHwL._SX450_.jpg","B00CBKFJ9Y","Supereyes NA002-1 Digital Borescope Side View Mirror Set 30 45 60 Degrees for Supereyes Borescope N005 N013J N015 Series …","Supereyes","FBA","Industrial & Scientific",252433,045635335783,"N/A",0045635335783,"N/A","Borescopes",493,10,-15,21,21,450,208.03,207.91,537,4,"Supereyes Official","China",2,157,44,"Small Standard-Size",0.3,3.8,4.9,0.05,2.81,7.76,"06/30/2025",155,2,0,0.04
"https://amazon.com/dp/B0DLS22PKT","https://m.media-amazon.com/images/I/71IsfO7S-FL._SX450_.jpg","B0DLS22PKT","Anysun Sewer Camera Self Leveling with Locator, 7MM Stronger Pushrod, Meter Marker, 32GB Card, 9'' HD Monitor, 100Ft/30M Sewer Pipe Drain Inspection Camera IP68 with DVR Industrial Borescope Snake","anysun","FBA","Industrial & Scientific",252955,"N/A","N/A","N/A","N/A","Borescopes",635,1299.99,-21,12,1,93,9133.06,1120.25,4,3.6,"Yongchangsheng tech","China",1,100,"N/A","Large bulky",13,19,20.5,22,1640.95,4102.37,"01/31/2026",14,8,9,3.11
"https://amazon.com/dp/B0CNLB131J","https://m.media-amazon.com/images/I/71iWpnE8PyL._SX450_.jpg","B0CNLB131J","ANYSUN Sewer Camera's Accessories- 9' Screen (Only Support Model：9DX23)","anysun","FBM","Industrial & Scientific",253187,774182335877,"N/A",0774182335877,"N/A","Borescopes",480,129.99,-43,9,9,,1163.03,1162.9,2,5,"ToBestGift","China",1,0,"N/A","N/A","N/A","N/A","N/A","N/A","N/A","N/A","01/31/2026",27,3,2,4.47
"https://amazon.com/dp/B0B6VSJ8PJ","https://m.media-amazon.com/images/I/61UpFV4DskL._SX450_.jpg","B0B6VSJ8PJ","0 Degree HD 1080P USB Endoscope Camera for Lap Training","medclimber","FBM","Industrial & Scientific",253514,"N/A","N/A",8711544224624,"N/A","Borescopes",497,55,-40,5,5,,285.76,285.72,1,5,"Medclimber","China",1,64,94,"N/A","N/A","N/A","N/A","N/A","N/A","N/A","07/31/2025",43,4,0,5.2
"https://amazon.com/dp/B0G35R4DCN","https://m.media-amazon.com/images/I/518JZtFvk6L._SX450_.jpg","B0G35R4DCN","Hialemi 10"" Sewer Camera with 512Hz Sonde & Wheels, Self Leveling Plumbing Camera & Distance Counter & 5X Zoom - 145° Pipe Inspection Camera with Lights, 1080P IPS Screen & DVR 32GB(7MM-164Ft/50M)","Hialemi","FBA","Industrial & Scientific",253919,"N/A","N/A","N/A","N/A","Borescopes",492,1499.99,"N/A",3,20,,4789.17,29997.26,4,5,"Hialemi-US Direct","China",1,0,"N/A","Large bulky",24.8,18.89,14.17,26.46,2152.47,5381.17,"02/28/2026",3,9,5,0.74
"https://amazon.com/dp/B0G8HPL9XB","https://m.media-amazon.com/images/I/71Xc7tnnBJL._SX450_.jpg","B0G8HPL9XB","5"" IPS Dual Lens Endoscope Camera with Lights, 1080P Photo Video Inspection Borescope, IP67 Waterproof Endoscope 16.5FT Industrial Snake Camera with 32GB Card","AukonVee","FBA","Industrial & Scientific",256200,"N/A","N/A","N/A","N/A","Borescopes",491,49.99,130,12,3,,450.84,142.78,50,4.4,"Shenzhen Qiuchen Electronics Co., LTD","China",1,0,"N/A","Large Standard-Size",2.83,5.59,8.15,1.1,64.91,179.07,"12/31/2025",2,8,3,0.23
"https://amazon.com/dp/B0D3F7FFWF","https://m.media-amazon.com/images/I/71rrJym2s2L._SX450_.jpg","B0D3F7FFWF","Sewer Camera with 512Hz Locator,100ft/30m,7"" Self Leveling Sewer Inspection Camera with DVR Function, IP68 Camera with 12 Adjustable LEDs,Duct Drain Pipe Plumbing","SYOWNFS","FBA","Industrial & Scientific",257019,"N/A","N/A","N/A","N/A","Borescopes",494,664.05,"N/A",8,5,,5072.03,3654.07,"N/A","N/A","ENNIO","China",1,0,"N/A","Large bulky",13.25,11.66,11,12.12,550.75,1376.87,"01/31/2026",22,8,8,"N/A"
"https://amazon.com/dp/B0DZFTBJXN","https://m.media-amazon.com/images/I/71PANvOw1-L._SX450_.jpg","B0DZFTBJXN","BORESOEIL 360° Articulating Borescope, 5.0FT 0.25in HD 1080P Flexible Snake Camera with Light, 5"" IPS Screen for Plumbing & Machinery Inspection, Waterproof Endoscope","Boresoeil","FBA","Industrial & Scientific",259428,732468183048,"N/A",0732468183048,"N/A","Borescopes",506,289.99,-14,9,3,48,2366.2,811.18,18,4.5,"jeetscope","China",1,0,"N/A","Large Standard-Size",4.61,8.82,15.86,3.57,324.67,895.65,"06/30/2025",11,8,2,0.52
"https://amazon.com/dp/B0GMTRXT21","https://m.media-amazon.com/images/I/41DZOYvlI9L._SX450_.jpg","B0GMTRXT21","KLARAY US18-UD80 Dual-Lens Articulating Borescope with 5” IPS Screen, Industrial Inspection Camera for Pipe, Vent, and Machinery Inspection","Klaray","Amazon","Industrial & Scientific",260570,199284303157,"N/A",0199284303157,"N/A","Borescopes",498,130.99,-67,2,2,,287.91,287.86,"N/A","N/A","Amazon","N/A",1,0,"N/A","Large Standard-Size",3.03,10.95,14.74,3.06,"N/A","N/A","02/28/2026",1,8,0,"N/A"
"https://amazon.com/dp/B0F7LGXGBM","https://m.media-amazon.com/images/I/71gQh54eOnL._SX450_.jpg","B0F7LGXGBM","Dual Lens Industrial Endoscope, 1080P Digital Borescope Inspection Camera with Light, 5.0mm Sewer Camera with 4.3"" IPS Screen, 7 LED Lights, 16.5FT Semi-Rigid Cable, 32GB Card (JR501)","DTVSUBS","FBA","Industrial & Scientific",261156,"N/A","N/A","N/A","N/A","Borescopes",501,35.99,-11,4,3,-91,141.2,97.77,9,4.6,"Bison America","USA",1,0,"N/A","Large Standard-Size",2.68,5.08,8.74,1.06,59.91,165.26,"12/31/2025",6,7,2,0.42
"https://amazon.com/dp/B01MSPT4BG","https://m.media-amazon.com/images/I/41GrpkJHpML._SX450_.jpg","B01MSPT4BG","axGear Android Endoscope Waterproof Snake Borescope USB Inspection Camera 30ft 10M","axGear","FBA","Industrial & Scientific",261765,094276896412,"N/A",0094276896412,"N/A","Borescopes",519,12.99,"N/A",0,0,-150,"-","-",62,3.6,"accXpress","Canada",1,27,4,"Large Standard-Size",1.97,5.24,5.28,0.57,27.38,75.53,"02/28/2025",111,8,0,0
"https://amazon.com/dp/B0F4QQLWK5","https://m.media-amazon.com/images/I/61N8y7s2VML._SX450_.jpg","B0F4QQLWK5","1920P HD Dual Lens Endoscope Camera Semi-Rigid Snake Cable IP67 Waterproof 8LED Lights Dimmable HD Industrial Pipeline Inspection Probe Compatible with Smartphones Endoscope Camera (9.9ft)","LAUREII","FBA","Industrial & Scientific",262850,"N/A","N/A","N/A","N/A","Borescopes",503,28,-38,16,5,190,282.9,90.61,38,4.1,"Laureii Direct","China",1,0,"N/A","Large Standard-Size",1.46,5.08,5.16,0.29,19.27,53.15,"06/30/2025",11,8,3,0.42
"https://amazon.com/dp/B0F2HS29VB","https://m.media-amazon.com/images/I/71+AZV+HFoL._SX450_.jpg","B0F2HS29VB","Okk Sewer Camera with Locator, Drain Camera 100ft with 512Hz Sonde, Pipe Inspection with Self-Leveling, Industrial Endoscope with DVR, 9"" LCD, Meter Counter, IP68 Waterproof, 12 LEDs, 16GB Card","okk","FBA","Industrial & Scientific",263796,"N/A","N/A","N/A","N/A","Borescopes",518,879.99,-35,9,1,82,4769.53,575.94,5,4.7,"ZOZUS-DIRECT","China",1,0,"N/A","Large bulky",9,16.5,21.38,20.8,1028.91,2572.28,"12/31/2025",11,7,8,1.81
"https://amazon.com/dp/B0DKNMQQF9","https://m.media-amazon.com/images/I/81lyDIFaKtL._SX450_.jpg","B0DKNMQQF9","Okk Sewer Camera, Drain Camera with 512Hz Sonde, Pipe Inspection with Self-Leveling, Industrial Endoscope with DVR, 7"" LCD Plumbing Snake Endoscope 100ft Cable, IP68 Waterproof, 12 LEDs, 16GB Card","okk","FBA","Industrial & Scientific",263880,"N/A","N/A","N/A","N/A","Borescopes",519,559.99,-28,9,1,82,4769.53,785.65,5,4.7,"ZOZUS-DIRECT","China",1,0,"N/A","Large Standard-Size",16,7,14,15,789.44,2177.78,"12/31/2025",16,9,8,1.81
"https://amazon.com/dp/B0G35VRX24","https://m.media-amazon.com/images/I/71-MTGCIo4L._SX450_.jpg","B0G35VRX24","Hialemi 10"" Sewer Camera with Locator & Wheels, Self Leveling Plumbing Camera & Distance Counter & 5X Zoom - 145° Pipe Inspection Camera with Lights, 1080P IPS Screen & DVR 32GB(7MM-200Ft/60M)","Hialemi","FBA","Industrial & Scientific",264526,"N/A","N/A","N/A","N/A","Borescopes",520,1899.99,"N/A",3,7,,4789.17,13547.75,4,5,"Hialemi-US Direct","China",1,0,"N/A","Large bulky",24.8,18.9,14.17,27.56,2152.92,5382.29,"02/28/2026",3,9,5,0.74
"https://amazon.com/dp/B0F2HHQ8MX","https://m.media-amazon.com/images/I/71F94GZp0uL._SX450_.jpg","B0F2HHQ8MX","Sewer Camera,7"" HD IPS Screen Drain Camera with DVR Distance Marker,23MM 12PC Lights IP68 Waterproof Borescope Drain Pipe Endoscope 32GB Card,for Plumbers and Homeowners (23MM Camera/20M)","JINXINEBAY","FBA","Industrial & Scientific",265957,"N/A","N/A","N/A","N/A","Borescopes",506,278.99,-17,2,1,20,666.46,335.27,3,5,"31yoosee","China",1,0,"N/A","Large bulky",10.6,13.2,15,10.85,680.17,1700.42,"07/31/2025",11,6,3,0.79
"https://amazon.com/dp/B0F2HHZQZ6","https://m.media-amazon.com/images/I/71w3DdAvvGL._SX450_.jpg","B0F2HHZQZ6","Sewer Camera,7"" HD IPS Screen Drain Camera with DVR Distance Marker,23MM 12PC Lights IP68 Waterproof Borescope Drain Pipe Endoscope 32GB Card,for Plumbers and Homeowners (23MM Camera/30M)","JINXINEBAY","FBA","Industrial & Scientific",265957,"N/A","N/A","N/A","N/A","Borescopes",506,279.99,-9,2,1,20,666.46,161.79,3,5,"31yoosee","China",1,0,"N/A","Large bulky",10.9,13.3,15.2,11.55,714.11,1785.28,"07/31/2025",11,6,3,0.79
"https://amazon.com/dp/B0BYNTWRTF","https://m.media-amazon.com/images/I/61QpZazva-L._SX450_.jpg","B0BYNTWRTF","KAOLALI Endoscope Sewer Camera with Light Pipeline Inspection Endoscope Camera 5” high Resolution Screen 6 LED Light with DVR Function Snake Cable Waterproof for Sewer Line Home Pipe Plumbing","KAOLALI","FBA","Industrial & Scientific",266185,"N/A","N/A","N/A","N/A","Borescopes",508,209.99,-12,4,1,,719.4,206.45,3,3.8,"JULE","China",1,19,"N/A","Large Standard-Size",7.13,13.89,16.02,6.68,798.78,2203.54,"10/31/2024",36,8,4,1.22
"https://amazon.com/dp/B0D3F71GSQ","https://m.media-amazon.com/images/I/71F++ZKtQkL._SX450_.jpg","B0D3F71GSQ","Sewer Camera with Locator 100ft/30M 9"" 1080P IPS Screen Self-Leveling 12pcs Lights Plumbing Snake Drain Camera Meter Counter,IP68 Waterproof Sewer Inspection Borescopes with DVR 16GB","SYOWNFS","FBA","Industrial & Scientific",266257,"N/A","N/A","N/A","N/A","Borescopes",523,699,"N/A",8,2,,5072.03,1417.71,"N/A","N/A","ENNIO","China",1,0,"N/A","Large bulky",13.75,15,16,18.85,1069.44,2673.61,"01/31/2026",22,8,8,"N/A"
"https://amazon.com/dp/B0D9NVFZNM","https://m.media-amazon.com/images/I/71GCNJ0pVaL._SX450_.jpg","B0D9NVFZNM","Sewer Pipe Snake Camera 25FT,with 32GB Card 4.3'' Video Screen,HD JQKJCAM Duct Sewer Drain Inspection Camera with Light Meter Counter,17MM/0.67‘’ Industrial Endoscope for Pipes(10M/33FT)","JQKJCAM","FBA","Industrial & Scientific",266546,"N/A","N/A","N/A","N/A","Borescopes",511,228,-17,20,7,145,5416.42,1680.68,14,4.3,"JJKJ Cam","China",2,131,"N/A","Large Standard-Size",13.39,11.8,6.3,7,501.16,1382.52,"05/31/2024",19,8,19,1.44
"https://amazon.com/dp/B0F2MPZPQP","https://m.media-amazon.com/images/I/719kBnfBi0L._SX450_.jpg","B0F2MPZPQP","Danculpe Sewer Camera Self-Leveling with Distance Counter, 100FT/30M & 7MM Cable, 10"" IPS Pipe Inspection Camera (Trolley with Wheels), IP68 Drain Camera with DVR, 12 Adjustable LEDs for Plumbing","Danculpe","FBA","Industrial & Scientific",266700,"N/A","N/A","N/A","N/A","Borescopes",530,650.99,-2,17,3,,10908.52,1966.12,16,4.2,"hainanshengtianaikejiyouxiangongsi","China",1,0,"N/A","Extra-large 50+ to 70 lb",16.89,18.9,22.6,32.45,2338,5845,"01/31/2026",11,7,5,1.07
"https://amazon.com/dp/B0DL5LQ7RQ","https://m.media-amazon.com/images/I/81lyDIFaKtL._SX450_.jpg","B0DL5LQ7RQ","Okk Sewer Camera, Drain Camera with 512Hz Sonde, Pipe Inspection with Self-Leveling, Industrial Endoscope with DVR, 7"" LCD Plumbing Snake Endoscope 165ft Cable, IP68 Waterproof, 12 LEDs, 16GB Card","okk","FBA","Industrial & Scientific",267560,"N/A","N/A","N/A","N/A","Borescopes",512,599.99,-6,9,1,82,4769.53,612.8,5,4.7,"ZOZUS-DIRECT","China",1,0,"N/A","Large bulky",8.9,17,19,17.85,931.62,2329.04,"12/31/2025",16,9,8,1.81
"https://amazon.com/dp/B0F2HSPM63","https://m.media-amazon.com/images/I/71-NrGRCqIL._SX450_.jpg","B0F2HSPM63","Okk Sewer Camera, Drain Camera with Meter Counter, Pipe Inspection with Self-Leveling, Industrial Endoscope with DVR, 7"" LCD Plumbing Snake Endoscope 165ft Cable, IP68 Waterproof, 12 LEDs, 16GB Card","okk","FBA","Industrial & Scientific",267571,"N/A","N/A","N/A","N/A","Borescopes",512,499.99,4,9,2,82,4769.53,1235.66,5,4.7,"ZOZUS-DIRECT","China",1,0,"N/A","Large bulky",7.75,16.25,17,15.9,693.82,1734.56,"12/31/2025",11,8,8,1.81
"https://amazon.com/dp/B0F4L1ZK72","https://m.media-amazon.com/images/I/71ESxcs4mLL._SX450_.jpg","B0F4L1ZK72","200 FT Sewer Camera,Upgraded 5'' IPS 32GB DVR Audio Screen,23MM/0.9'' JQKJCAM Snake Pipe Sewer Inspection Camera with 12 Light Meter Counter Portable Spool for Drain Plumbing (60M)","JQKJCAM","FBA","Industrial & Scientific",267874,"N/A","N/A","N/A","N/A","Borescopes",524,389.9,300,10,1,67,2681.39,538.47,6,3.9,"JJKJ Cam","China",2,0,"N/A","Large Standard-Size",13.39,11.81,6.3,9.92,501.41,1383.2,"12/31/2025",11,9,10,1.71
"https://amazon.com/dp/B0DNWBJWZF","https://m.media-amazon.com/images/I/81N3LH9OCWL._SX450_.jpg","B0DNWBJWZF","Anysun Sewer Camera with Locator 200ft, Self Leveling Sewer Inspection Camera with Distance Counter, 7MM Diameter Cable with Trolley and Wheels, 9"" HD Monitor with DVR Drain Pipe Camera(32GB Card)","anysun","FBA","Industrial & Scientific",268454,717504238043,"N/A",0717504238043,"N/A","Borescopes",526,1499.99,-17,11,8,15,17222.95,12503.93,1,5,"Nedive","Hong Kong",1,0,"N/A","Extra-large 50+ to 70 lb",18,21.25,23.25,26,2882.03,7205.08,"12/31/2025",13,7,2,11.28
"https://amazon.com/dp/B0CZ3WL4SV","https://m.media-amazon.com/images/I/51DjxYegh+L._SX450_.jpg","B0CZ3WL4SV","Kircuit 12.6V AC/DC Adapter Compatible with Anysun 7D1 7D1-DC Sewer Camera Pipe Inspection Plumbing Snake DVR Recorder 100ft Pipeline Drain Endoscope 12.6VDC Power Supply Cord Cable Battery Charger","Kircuit","FBM","Industrial & Scientific",268456,"N/A","N/A","N/A","N/A","Borescopes",520,23.79,"N/A",0,0,,"-","-","N/A","N/A","EPtech","USA",1,0,"N/A","N/A","N/A","N/A","N/A","N/A","N/A","N/A","-",23,4,0,"N/A"
"https://amazon.com/dp/B0D6L3V6K3","https://m.media-amazon.com/images/I/31Td+Wu8F7L._SX450_.jpg","B0D6L3V6K3","Vividia Grabber Borescope Retrieval Pickup Tool with USB Camera, LED Lights, Detachable Magnet for iOS/Android (Diameter 6mm Probe)","VIVIDIA","FBM","Industrial & Scientific",270040,"N/A","N/A","N/A","N/A","Borescopes",530,169.98,-41,13,3,-43,1949.32,543.74,4,3.7,"Oasis Scientific Inc.","USA",1,136,"N/A","N/A","N/A","N/A","N/A","N/A","N/A","N/A","12/31/2025",21,9,2,3.15
"https://amazon.com/dp/B0D6L54LZG","https://m.media-amazon.com/images/I/517ITemE2CL._SX450_.jpg","B0D6L54LZG","Vividia Grabber Borescope Retrieval Pickup Tool with USB Camera, LED Lights, Detachable Magnet for iOS/Android (Diameter 8mm Probe)","VIVIDIA","FBA","Industrial & Scientific",270065,"N/A","N/A","N/A","N/A","Borescopes",531,149.98,-3,13,9,-43,1949.32,1405.2,5,3.9,"Oasis Scientific Inc.","USA",2,136,"N/A","Large Standard-Size",15,8.5,2.75,2,176.53,486.98,"12/31/2025",21,9,2,2.52
"https://amazon.com/dp/B0CPSPM6W4","https://m.media-amazon.com/images/I/71apFKAo1pL._SX450_.jpg","B0CPSPM6W4","Sewer Camera with 512Hz Sonde Transmitter 7MM Thick Cable 328FT/100M Self-Leveling Pipe Inspection Drain Plumbing Camera with 10"" IPS DVR Screen IP68 Waterproof with Distance Counter","ESANHAO","FBA","Industrial & Scientific",270513,614019415450,"N/A",0614019415450,"N/A","Borescopes",517,1794.43,-7,0,0,,"-","-",8,4,"ESANHAO","China",1,0,"N/A","Extra-large 50+ to 70 lb",12,22,27,40.7,2310,5775,"12/31/2025",27,6,3,0.03
"https://amazon.com/dp/B0BRYYQ9TV","https://m.media-amazon.com/images/I/715Lja-MmML._SX450_.jpg","B0BRYYQ9TV","Anysun All-in-1 Sewer Camera - 512Hz, Distance Counter, Self-Leveling, 1-Touch Video/Audio, 100Ft Pipe Inspection Camera with 9"" 1080P Screen, IP68 Industrial Borescope, 16GB","anysun","FBA","Industrial & Scientific",270668,772168843231,"N/A",0772168843231,"N/A","Borescopes",653,999.99,"N/A",10,3,300,12385.89,3382.43,59,3.7,"Yongchangsheng tech","China",1,217,-36,"Large bulky",15.3,17,21,28.55,1770.13,4425.31,"02/29/2024",37,7,9,0.17
"https://amazon.com/dp/B07Z8YD7SH","https://m.media-amazon.com/images/I/417e+Puj1UL._SX450_.jpg","B07Z8YD7SH","3 in 1 Endoscope Borescope Snake Camera Type C USB Endoscope for Android Mobile Phone 3.9mm Lens Borescope Inspection, 1280x720 Video Inspection Camera (5M)","Walfront","FBM","Industrial & Scientific",271105,"N/A","N/A","N/A","N/A","Borescopes",521,27.88,6,20,20,1100,521.24,521.01,9,4.4,"nineone","China",2,122,336,"Large Standard-Size",1.38,5,5.2,0.4,"N/A","N/A","10/31/2025",76,9,0,2.2
"https://amazon.com/dp/B0DGTKV8CY","https://m.media-amazon.com/images/I/71GY4emsUhL._SX450_.jpg","B0DGTKV8CY","Anysun Sewer Camera Self Leveling with 512Hz Sonde, 9MM 330Ft Thicker Cable w/Wheel, 32MM IP68 Camera, Distance Counter, 1-Touch Video/Audio, 10"" Adjustable Screen, Pipe Inspection Camera w/ 32G Card","anysun","FBA","Industrial & Scientific",272280,"N/A","N/A","N/A","N/A","Borescopes",521,2499.99,-33,1,1,-20,2905.56,2905.48,"N/A","N/A","Yongchangsheng tech","China",1,0,"N/A","Extra-large 70+ to 150 lb",16,27.5,29,55,4135.19,10337.96,"07/31/2025",14,9,2,"N/A"
"https://amazon.com/dp/B0FYLV8TND","https://m.media-amazon.com/images/I/71k6HMmn28L._SX450_.jpg","B0FYLV8TND","Hialemi Two-Way Articulating Borescope with Probe Hover Lock, 6.2mm Endoscope Camera with Light, 5"" IPS/ 1080P/ 0.24in, 5.0FT Semi-Rigid Snake Camera, Industrial Endoscope for Mechanical Inspection","Hialemi","FBA","Industrial & Scientific",274601,"N/A","N/A","N/A","N/A","Borescopes",537,129.99,54,2,2,,290.76,290.74,19,5,"Hialemi-US Direct","China",1,0,"N/A","Large Standard-Size",3.5,8.82,16.69,3.06,259.4,715.58,"12/31/2025",4,9,0,0.12
"https://amazon.com/dp/B0B31HCHNB","https://m.media-amazon.com/images/I/71feyxR9H2L._SX450_.jpg","B0B31HCHNB","Autel MaxiVideo MV108S Digital Inspection Camera, 2026 Upgrade MV108/ MV105S/ MV105, 2MP 1920x1080, IP67 Waterproof Industrial Endoscope, 39.37'' Flexible Snake Cable, Compatible w/Autel Scanner & PC","Autel","FBA","Industrial & Scientific",275435,762917121895,"N/A",0762917121895,"N/A","Borescopes",529,49,-12,16,16,17,775.65,775.54,51,4.7,"Autel Store","China",1,194,-40,"Large Standard-Size",2.01,6.85,12.68,0.88,87.9,242.48,"10/31/2024",45,7,0,0.31
"https://amazon.com/dp/B0FJLSVGS7","https://m.media-amazon.com/images/I/61AHJXgEg3L._SX450_.jpg","B0FJLSVGS7","Sewer Camera 100ft 7"" Pipe Drain Inspection Camera DVR Borescope Waterproof IP68 23mm Endoscope 2650Mah Battery HD 1000TVL Included 32GB Card for Home Wall Duct Drain Pipe","JINXINEBAY","FBA","Industrial & Scientific",277244,"N/A","N/A","N/A","N/A","Borescopes",540,318.99,-10,4,1,-37,1088.63,409.16,3,5,"31yoosee","China",1,0,"N/A","Large Standard-Size",8,13.18,17,10.9,902.46,2489.56,"12/31/2025",7,6,2,1.19
"https://amazon.com/dp/B0FJLV7ZB1","https://m.media-amazon.com/images/I/71ymYTKIDRL._SX450_.jpg","B0FJLV7ZB1","Sewer Camera 100ft 7"" Pipe Drain Inspection Camera DVR Borescope Waterproof IP68 18mm Endoscope HD 1000TVL Included 32GB Card for Home Wall Duct Drain Pipe","JINXINEBAY","FBA","Industrial & Scientific",277253,"N/A","N/A","N/A","N/A","Borescopes",540,273.49,-55,4,2,-37,1088.63,679.31,3,5,"31yoosee","China",1,0,"N/A","Large Standard-Size",8,13.25,16.75,10.7,893.91,2465.97,"12/31/2025",7,7,2,1.19
"https://amazon.com/dp/B09HTJP92P","https://m.media-amazon.com/images/I/51fH8feACrL._SX450_.jpg","B09HTJP92P","ANYSUN Sewer Camera's Accessories Camera with 512hz Sonde","anysun","FBM","Industrial & Scientific",278291,770887234361,"N/A",0770887234361,"N/A","Borescopes",532,299.99,-15,10,10,52,3099.57,3099.36,5,2.9,"ToBestGift","China",1,100,67,"N/A","N/A","N/A","N/A","N/A","N/A","N/A","10/31/2025",53,4,0,2.07
"https://amazon.com/dp/B0BBV4TK4N","https://m.media-amazon.com/images/I/71Uo-8xZ84L._SX450_.jpg","B0BBV4TK4N","Sewer Camera,9 inch Pipe Inspection Camera 30m with Self-Leveling 512Hz Locator Signal,Drain Inspection with 12pc LED Lights,DVR Recording Funcation for inspect The Pipeline, Sewer (100FT/30M)","JINXINEBAY","FBA","Industrial & Scientific",278412,755524886271,"N/A",0755524886271,"N/A","Borescopes",544,439.99,-46,1,1,300,517.83,517.77,3,4.4,"31yoosee","China",1,17,"N/A","Large bulky",15.7,17.3,21.1,32.5,1857.26,4643.15,"03/31/2025",42,8,3,0.39
"https://amazon.com/dp/B0BZ86J4JN","https://m.media-amazon.com/images/I/71c-Iy0MhwL._SX450_.jpg","B0BZ86J4JN","Autel MaxiVideo MV108S Digital Inspection Camera Work with PC MX808 MX900 MS906Pro MS908 MS909 MS919 Ultra, Video Inspection Scope, Waterproof Imager Head, USB Industrial Endoscope, IP67 Waterproof","Autel","FBA","Industrial & Scientific",278635,792499187316,"N/A",0792499187316,"N/A","Borescopes",533,49,-23,3,3,-57,161.05,160.98,1,5,"Autel America Continent","USA",1,16,"N/A","Large Standard-Size",9,5,3,0.86,67.97,187.5,"12/31/2025",35,8,0,3.29
"https://amazon.com/dp/B0D4PP5W9S","https://m.media-amazon.com/images/I/41wK+KjA-2L._SX450_.jpg","B0D4PP5W9S","Triple Lens 1080P Borescope with 50FT Semi-Rigid Cable, 5"" IPS Screen Endoscope Camera with Lights, 1080P Industrial Borescope with 32G Storage Card,IP67 Waterproof Drain Camera","ALIESTFDNO","FBA","Industrial & Scientific",279159,"N/A","N/A",6977772634860,"N/A","Borescopes",536,64.99,-44,16,16,184,1058.34,1058.08,52,3.9,"Lingborx","China",1,433,"N/A","Large Standard-Size",3.43,6.5,8.27,2.2,92.83,256.08,"07/31/2025",21,8,0,0.32
"https://amazon.com/dp/B0FN3Y3BQ9","https://m.media-amazon.com/images/I/41dkSJRDE9L._SX450_.jpg","B0FN3Y3BQ9","Self-Leveling Sewer Camera with 512Hz Sonde, Distance Counter, 7mm Semi-Rigid Cable, 9 Inch 1080P IPS Screen, 23mm Waterproof Pipe Inspection Camera for Plumber (100ft/30m)","PRANITE","FBA","Industrial & Scientific",279230,769016776650,"N/A",0769016776650,"N/A","Borescopes",541,699.99,-80,5,5,,3436.99,3436.87,"N/A","N/A","dengwencai","China",1,0,"N/A","Large bulky",19,16,11,18,1083.7,2709.26,"01/31/2026",6,8,2,"N/A"
"https://amazon.com/dp/B0CMPGM2BC","https://m.media-amazon.com/images/I/51841lJrADL._SX450_.jpg","B0CMPGM2BC","Borescope Endoscope 3 in 1 USB Inspection Camera 5.5mm Lens 6LED 5M Cable IP67 Y102","Walfront","FBA","Industrial & Scientific",280712,"N/A","N/A","N/A","N/A","Borescopes",540,12.64,-21,3,3,114,43.84,43.78,3,4.4,"Gytibedv-US","China",2,24,"N/A","Large Standard-Size",4.72,4.72,1.57,0.29,17.7,48.82,"12/31/2024",28,9,0,1.04
"https://amazon.com/dp/B0DZ66K1CC","https://m.media-amazon.com/images/I/61ikHUIkFXL._SX450_.jpg","B0DZ66K1CC","VEVOR 100 ft/30 m Drain Inspection Camera with 7"" Screen, IP68 Waterproof, 12 LED Lights, 16GB SD Card for Sewer Line, Duct Drain Pipe Plumbing","VEVOR","FBM","Industrial & Scientific",281876,197988857686,"N/A",0197988857686,"N/A","Borescopes",543,289.9,5,9,9,100,2618.2,2617.99,4,2.8,"Suplander","China",2,0,"N/A","Large bulky",16.54,7.48,14.96,11.9,"N/A","N/A","03/31/2025",12,12,0,2.26
"https://amazon.com/dp/B09YTHSDYY","https://m.media-amazon.com/images/I/71pz0TQ8bVL._SX450_.jpg","B09YTHSDYY","Autel MaxiVideo MV108S USB Endoscope, Waterproof 8.5mm Imager Inspection Camera with Light, 1920x1080 HD 2MP Borescope for Autel Scanner & PC, Upgrade of MV108 MV105, Snake Camera with 1M Cable","Autel","FBA","Industrial & Scientific",285105,"N/A","N/A","N/A","N/A","Borescopes",556,49,-4,6,6,-65,301.71,301.61,24,4.7,"Autel Original","China",1,103,-20,"Large Standard-Size",2.05,6.61,12.64,0.84,86.23,237.89,"10/31/2024",46,7,0,0.26
"https://amazon.com/dp/B0FY1PCQ5B","https://m.media-amazon.com/images/I/71PJCiq42nL._SX450_.jpg","B0FY1PCQ5B","Endoscope with Light, 1920P HD Borescope with 8 Adjustable LED Lights, 9.8FT Semi-Rigid Snake Camera, IP67 Waterproof Inspection Tool for iPhone & Android - Dual Lens(Black) 01","PAPIBLU","-","Industrial & Scientific",285913,"N/A","N/A","N/A","N/A","Borescopes",537,20.99,"N/A",0,0,,"-","-",7,2.5,,"N/A",1,0,"N/A","Large Standard-Size",1.54,5,5.16,0.33,"N/A","N/A","-",4,7,0,0
"https://amazon.com/dp/B0FB8Z249H","https://m.media-amazon.com/images/I/417ta913hdL._SX450_.jpg","B0FB8Z249H","2-Way Articulating Borescope Camera with Light, 0.24 in Endoscope, 1080P HD Snake Inspection Camera, 4.3"" Screen, 5FT Flexible Cable for Sewer Pipe Plumbing HVAC Automotive Wall, Video & Photo, DEERFO","DEERFO","FBA","Industrial & Scientific",286740,"N/A","N/A","N/A","N/A","Borescopes",551,79.99,70,9,9,71,621.82,621.68,64,4.5,"YEZHU","China",1,0,"N/A","Large Standard-Size",3.23,9.37,16.93,2.73,257.97,711.65,"09/30/2025",9,9,0,0.14
"https://amazon.com/dp/B0FSXGP3LF","https://m.media-amazon.com/images/I/61flo74-8CL._SX450_.jpg","B0FSXGP3LF","Sanyipace Sewer Camera 100FT/30M, 20X Digital Zoom Drain Camera, Pipe Camera with Distance Counter, 7"" IPS Pop-up Screen, Built-in Speaker, Plumbing Camera with 12PCS Lights, for Plumber Homeowner","Sanyipace","FBA","Industrial & Scientific",287269,"N/A","N/A","N/A","N/A","Borescopes",541,359.88,-61,4,3,-22,1394.28,948.98,"N/A","N/A","Yans Minie","China",1,0,"N/A","Large bulky",11.25,12.5,13.5,13.7,615.23,1538.09,"12/31/2025",5,7,3,"N/A"
"https://amazon.com/dp/B0DBHXHWVG","https://m.media-amazon.com/images/I/61Ohm3MgqeL._SX450_.jpg","B0DBHXHWVG","10FT Dual Lens Probe, 8mm/0.31inch Diameter Semi-Rigid Cable Compatible with MS450 Inspection Camera","Teslong","FBA","Industrial & Scientific",288431,"N/A","N/A","N/A","N/A","Borescopes",544,54.99,33,7,7,967,365.91,365.82,1,5,"Teslong","China",1,68,"N/A","Large Standard-Size",1.81,5.63,6.57,0.42,33.71,92.99,"07/31/2025",19,7,0,6.65
"https://amazon.com/dp/B0C2ZNYCLG","https://m.media-amazon.com/images/I/31yHAHzXALL._SX450_.jpg","B0C2ZNYCLG","0.67inch/17mm Sewer Camera Head Accessories,6 Pcs Adjustable LED Lights,Waterproof IP68 for Pipe Drain Endoscope Camera Replacement with Protective Cover","SYANSPAN","FBA","Industrial & Scientific",289358,"N/A","N/A","N/A","N/A","Borescopes",553,111.99,-11,1,1,-33,142.85,142.78,5,3.1,"pipe camera","China",2,28,"N/A","Large Standard-Size",2.52,4.06,6.77,0.24,34.84,96.1,"05/31/2025",52,9,0,0.25
"https://amazon.com/dp/B0G43VX91H","https://m.media-amazon.com/images/I/7186rfcCxIL._SX450_.jpg","B0G43VX91H","Endoscope Camera with Light, Dual Lens 1080P HD Inspection Camera, 8 LED, 6.5FT 8MM Thick Semi-Rigid Snake Cameras, IP67 Waterproof Inspection Tool for iPhone 15-11, Android & Type-C Phones","SumKea","FBA","Industrial & Scientific",289734,774882258902,"N/A",0774882258902,"N/A","Borescopes",554,19.99,-150,1,1,,14.6,14.58,1,5,"SumKea","China",1,0,"N/A","Large Standard-Size",1.54,3.9,5.91,0.22,17.87,49.3,"02/28/2026",1,8,9,0.73
"https://amazon.com/dp/B0FLPXZR53","https://m.media-amazon.com/images/I/71Q5fEh99zL._SX450_.jpg","B0FLPXZR53","Anysun Sewer Camera Self Leveling 100ft, Sewer Inspection Camera with Meter Marker,HD Screen, DVR, 12 Adjustable LED Lights, 5mm Cable, 5100mAh Rechargeable Battery, 32GB Card","anysun","FBA","Industrial & Scientific",290435,769016774045,"N/A",0769016774045,"N/A","Borescopes",544,369.99,-20,7,5,15,2773.36,1904.34,"N/A","N/A","Nedive","Hong Kong",1,0,"N/A","Large bulky",13,12,12,15,606.67,1516.67,"11/30/2025",7,6,2,"N/A"
"https://amazon.com/dp/B06XKDL1YR","https://m.media-amazon.com/images/I/41xvvfdtD8L._SX450_.jpg","B06XKDL1YR","RIDGID 36848 Model Micro CA-150 Hand-Held Inspection Camera, Borescope","RIDGID","FBA","Industrial & Scientific",290812,095691368485,00095691368485,0095691368485,"N/A","Borescopes",563,328.3,-48,11,11,161,2575.59,2575.41,98,4.1,"AP Forge","USA",17,150,-12,"Large bulky",5.2,15.24,15.27,5.97,392.17,980.42,"03/31/2024",107,19,0,0.11
"https://amazon.com/dp/B0DBYQ2F4S","https://m.media-amazon.com/images/I/71iYnbkGKTL._SX450_.jpg","B0DBYQ2F4S","WOSHIJIE Sewer Camera, 9-Inch Pipe Inspection Camera with Dvr and Self-Leveling, 512hz, Ip68 Waterproof, Suitable for Sewage Pipes, Household, Ventilation and Drainage Pipes (30M)","WOSHIJIE","FBM","Industrial & Scientific",290983,"N/A","N/A","N/A","N/A","Borescopes",552,509.99,-66,1,1,,657.99,475.61,"N/A","N/A","fish hawk","China",1,0,"N/A","Large bulky",11.13,15.38,17.5,16.75,"N/A","N/A","01/31/2026",19,3,2,"N/A"
"https://amazon.com/dp/B0D9NV4JPY","https://m.media-amazon.com/images/I/71GCNJ0pVaL._SX450_.jpg","B0D9NV4JPY","Sewer Camera 100FT,W/ 4.3'' IPS HD 32GB Video Screen,17MM HD 8500mAh JQKJCAM Plumbing Sewer Drain Snake Camera with Light Meter Counter,0.67'' Sewer Scope for Drain Pipe Line Inspection(30M)","JQKJCAM","FBA","Industrial & Scientific",291098,"N/A","N/A","N/A","N/A","Borescopes",550,259.99,5,10,3,400,2427.43,752.7,4,5,"JJKJ Cam","China",1,0,"N/A","Large Standard-Size",6.38,12,13.5,8.05,520.37,1435.5,"01/31/2026",19,7,2,2.45
"https://amazon.com/dp/B0FQH83G11","https://m.media-amazon.com/images/I/81ZcsX5JauL._SX450_.jpg","B0FQH83G11","OKK Sewer Camera with 512Hz Locator, Professional 9"" Self-Leveling Drain Camera 200ft, Distance Counter, 7mm Cable, Pull Handle, Wheels, IP68 Waterproof, DVR with Mic, 32GB Card, 5100mAh Battery","okk","FBA","Industrial & Scientific",291410,717308726951,"N/A",0717308726951,"N/A","Borescopes",551,1499.99,-74,21,21,,31120.72,31120.47,1,5,"LRDZ_Shop","China",1,0,"N/A","Large bulky",20,19,14,21,1724.07,4310.19,"02/28/2026",6,8,3,20.75
"https://amazon.com/dp/B0G3ZQDT5B","https://m.media-amazon.com/images/I/61DAMFD97EL._SX450_.jpg","B0G3ZQDT5B","Endoscope Camera with Light[360°Rotation],1920P HD Articulating Borescope with Semi-Rigid Snake Camera, IP67 Waterproof Inspection,Gifts/Tools Bore Scope Girls for Men for iPhone","ZOIOT","FBA","Industrial & Scientific",292529,"N/A","N/A","N/A","N/A","Borescopes",560,99.99,-87,2,2,,245.92,245.85,"N/A","N/A","YFD-US","China",1,0,"N/A","Large Standard-Size",2.44,4.25,13.78,0.77,72,198.63,"01/31/2026",2,6,0,"N/A"
"https://amazon.com/dp/B0DD47YYC6","https://m.media-amazon.com/images/I/71G+erUDnvL._SX450_.jpg","B0DD47YYC6","Sewer Camera 165Ft with 512-Hz Self-Leveling, PRANITE 9-Inch 1080P IPS Screen Sewer Inspection Camera with DVR Recorder, IP68 Waterproof Pipe Camera Endoscope Rotate Image (16GB SD Card)","PRANITE","FBA","Industrial & Scientific",293382,717018403494,"N/A",0717018403494,"N/A","Borescopes",562,569.99,-32,5,3,,3181.1,1693.95,17,4.4,"dengwencai","China",1,41,"N/A","Large Standard-Size",14.5,11.8,8,16.5,689.15,1901.11,"02/28/2025",19,6,5,0.29
"https://amazon.com/dp/B0D6SDNFRH","https://m.media-amazon.com/images/I/71GJk2ihNEL._SX450_.jpg","B0D6SDNFRH","HBUDS Sewer Camera with Locator 100ft, 7mm Cable, Self Leveling Drain Cameras with Distance Counter, 9"" 1080P HD Plumbing Camera Snake with Light, Pipe Inspection Cam with Built-in Mic and DVR 32GB","HBUDS","FBA","Industrial & Scientific",293934,774049592283,"N/A",0774049592283,"N/A","Borescopes",566,1199.99,-25,6,2,-55,7952.48,2381,8,4.4,"Hanxuan tech","China",1,211,"N/A","Large bulky",15,15.2,19,21.15,1403.89,3509.72,"03/31/2025",21,8,5,0.75
"https://amazon.com/dp/B0C5FPC8MB","https://m.media-amazon.com/images/I/71nUcCRUeKL._SX450_.jpg","B0C5FPC8MB","MagnetPal Telescoping Magnetic Pickup Tool with HD Borescope Camera – Extendable Magnet Stick with LED Light, Flexible Reach, USB Rechargeable, and Strong Magnetic Tip for Inspection and Retrieval","MagnetPAL","FBA","Industrial & Scientific",296768,701931003138,"N/A",0701931003138,"N/A","Borescopes",563,79.99,-37,7,7,-14,391.29,391.15,27,3.7,"RUD Products","USA",1,50,6,"Large Standard-Size",1.57,3.98,12.91,0.66,40.61,112.04,"11/30/2025",33,5,0,0.27
"https://amazon.com/dp/B0CRDRNHHD","https://m.media-amazon.com/images/I/614mEQb9gxL._SX450_.jpg","B0CRDRNHHD","Sewer Drain Camera 100FT,Waterproof 0.9''/23MM JQKJCAM Snake Plumbing Sewer Line Inspection Camera 100 Foot wtih 12 Light 16GB Card 4.3‘’ Screen 8500mAh Battery Meter Counter for Pipes (30m)","JQKJCAM","FBA","Industrial & Scientific",297281,"N/A","N/A","N/A","N/A","Borescopes",572,244,-20,10,7,400,2427.43,1674.42,4,5,"JJKJ Cam","China",1,0,"N/A","Large Standard-Size",6.25,12,13.75,8.8,519.21,1432.29,"01/31/2026",26,8,2,2.45
"https://amazon.com/dp/B0FGH475P3","https://m.media-amazon.com/images/I/61nIQruLQGL._SX450_.jpg","B0FGH475P3","Milwaukee Electric - M12. AUTO Technician BORESCOPE","Milwaukee","FBM","Industrial & Scientific",298858,045242821525,00045242821525,0045242821525,"N/A","Borescopes",576,431.14,-13,20,20,92,8493.18,8493.07,1,5,"BoxYeah","USA",3,0,"N/A","Large Standard-Size",7,5,2,1,"N/A","N/A","08/31/2025",7,3,0,19.76
"https://amazon.com/dp/B0G48DS4ZD","https://m.media-amazon.com/images/I/61uLV2NPSJL._SX450_.jpg","B0G48DS4ZD","Industrial Endoscope Camera, 2MP HD 1080P Borescope with 8 LED Lights, IP67 Waterproof Hard Wire, 6 Accessories for Car Repair/Pipe Inspection/Home Appliance Maintenance (Type-C Compatible)","Bifrgmy","FBA","Industrial & Scientific",299205,"N/A","N/A","N/A","N/A","Borescopes",576,30.97,-10,17,17,,536.44,536.14,8,3.6,"Bifrostore","N/A",1,0,"N/A","Large Standard-Size",4.1,4.7,1.5,1,14.55,40.15,"01/31/2026",3,8,2,2.17
"https://amazon.com/dp/B0DDXT2242","https://m.media-amazon.com/images/I/71D-I+o7eTL._SX450_.jpg","B0DDXT2242","Anysun Sewer Camera with 512Hz Sonde Transmitter, Self Leveling & Distance Counter, 100Ft Pipe Inspection Camera with DVR Recorder, 9'' 1080P IPS Monitor, IP68 Waterproof, 16GB Card","anysun","FBA","Industrial & Scientific",301130,"N/A","N/A","N/A","N/A","Borescopes",604,499.99,-45,19,4,,8866.84,1926.34,10,3.3,"Yongchangsheng tech","China",1,181,"N/A","Large bulky",11.3,12.48,14.76,13.69,674.56,1686.41,"07/31/2025",15,7,5,1.86
"https://amazon.com/dp/B0C2ZMPFDD","https://m.media-amazon.com/images/I/71-mApkcnJL._SX450_.jpg","B0C2ZMPFDD","HBUDS Sewer Camera with 512hz Sonde 100ft, Self-Leveling, 9"" 1080P HD Drain Camera, Plumbing Camera Snake with Light, IP68 Waterproof Inspection Camera, Drain Pipe Cameras with DVR 16GB","HBUDS","FBA","Industrial & Scientific",301145,"N/A","N/A","N/A","N/A","Borescopes",583,599.99,-18,6,1,,3231.94,571.86,59,3.9,"Hanxuan tech","China",1,0,"N/A","Large bulky",10,13.25,15.1,10.84,648.39,1620.98,"01/31/2026",35,7,5,0.1
"https://amazon.com/dp/B0C458FHZG","https://m.media-amazon.com/images/I/71o8AB6njdL._SX450_.jpg","B0C458FHZG","HBUDS Sewer Camera 165ft/50M, Drain Camera, 9 inch HD Monitor Plumbing Camera Snake with Light, IP68 Waterproof Sewer Inspection Camera, Duct Chimney Drain Pipe Cameras with DVR for Plumber &Homeowner","HBUDS","FBA","Industrial & Scientific",301145,"N/A","N/A","N/A","N/A","Borescopes",583,399.99,-21,6,2,,3231.94,829.41,59,3.9,"Hanxuan tech","China",1,0,"N/A","Large bulky",10.47,13.35,15.12,11.93,684.9,1712.24,"01/31/2026",34,7,5,0.1
"https://amazon.com/dp/B0CXHZXNXG","https://m.media-amazon.com/images/I/71o8AB6njdL._SX450_.jpg","B0CXHZXNXG","HBUDS Sewer Camera 100ft, 9 inch HD Color Screen Drain Camera, Plumbing Camera Snake with Light, IP68 Waterproof Sewer Inspection Camera, Drain Pipe Cameras with DVR 16GB for Plumber & Homeowner","HBUDS","FBA","Industrial & Scientific",301145,774049882193,"N/A",0774049882193,"N/A","Borescopes",583,399.99,-24,6,2,,3231.94,812.51,59,3.9,"Hanxuan tech","China",1,0,"N/A","Large bulky",10.56,13.44,15.17,11.83,697.74,1744.35,"01/31/2026",40,7,5,0.1
"https://amazon.com/dp/B0BX9GDLTV","https://m.media-amazon.com/images/I/71YUOrr1cBL._SX450_.jpg","B0BX9GDLTV","HBUDS Sewer Camera with Locator 165ft, Self-Leveling, 9'' 1080P HD Screen, Plumbing Snake with Light, IP68 Waterproof Inspection Camera, Drain Pipe with DVR 16GB","HBUDS","FBM","Industrial & Scientific",301145,"N/A","N/A","N/A","N/A","Borescopes",583,999.99,-21,6,0,,3231.94,"-",59,3.9,"ZI QUN","China",1,0,"N/A","Large bulky",10.7,15.4,16.55,15.95,"N/A","N/A","01/31/2026",40,7,5,0.1
"https://amazon.com/dp/B079FVGB5N","https://m.media-amazon.com/images/I/71+hVj6eECL._SX450_.jpg","B079FVGB5N","HBUDS Sewer Camera with Locator 100ft, Self-Leveling, 9'' 1080P HD Screen Drain Camera, Plumbing Camera Snake with Light, IP68 Waterproof Sewer Inspection Camera, Drain Pipe Cameras with DVR Recorder","HBUDS","FBA","Industrial & Scientific",301148,736364156472,"N/A",0736364156472,"N/A","Borescopes",581,899.99,-39,6,1,,3231.94,565.85,59,3.9,"ZI QUN","China",1,0,"N/A","Large bulky",11.5,15.4,16.4,14.9,941.25,2353.13,"01/31/2026",97,7,5,0.1
"https://amazon.com/dp/B0F3DK6N13","https://m.media-amazon.com/images/I/71RNruY25RL._SX450_.jpg","B0F3DK6N13","Sewer Camera 100FT,Upgraded 5'' IPS 32GB DVR Audio Screen,1080P Waterproof JQKJCAM Plumbing Drain Camera 50FT Snake with Light Meter Counter,17MM Flexible Borescope for Duct Pipes Inspection(30m)","JQKJCAM","FBA","Industrial & Scientific",301314,"N/A","N/A","N/A","N/A","Borescopes",580,356,-25,10,3,67,2681.39,805.98,5,4.2,"JJKJ Cam","China",1,0,"N/A","Large Standard-Size",13.39,11.8,6.3,7.6,501.16,1382.52,"12/31/2025",11,9,10,2.05
"https://amazon.com/dp/B0F3DKNDY2","https://m.media-amazon.com/images/I/71RNruY25RL._SX450_.jpg","B0F3DKNDY2","Sewer Camera 25FT,5'' IPS 32GB Video & Audio Screen,17MM/0.67'' JQKJCAM Sewer Drain Inspection Camera,Waterproof Pipe Borescope Plumbing Snake Cameras with 6 Light Meter Counter (10M/33FT)","JQKJCAM","FBA","Industrial & Scientific",301314,"N/A","N/A","N/A","N/A","Borescopes",580,249,-19,10,6,67,2681.39,1336.46,6,3.9,"JJKJ Cam","China",1,0,"N/A","Large Standard-Size",13.39,11.8,6.3,6,501.16,1382.52,"12/31/2025",11,9,10,2.05
"https://amazon.com/dp/B0CPSLLVRZ","https://m.media-amazon.com/images/I/71apFKAo1pL._SX450_.jpg","B0CPSLLVRZ","Sewer Camera with 512Hz Sonde Transmitter 7MM Thick Cable 165FT/50M Self-Leveling Pipe Inspection Camera with 10"" IPS DVR Screen IP68 Waterproof Drain","ESANHAO","FBA","Industrial & Scientific",301498,614019415467,"N/A",0614019415467,"N/A","Borescopes",570,1488.88,-13,0,0,,"-","-",8,4,"ESANHAO","China",1,0,"N/A","Extra-large 50+ to 70 lb",12.05,22.2,26.85,35.03,2327.71,5819.27,"12/31/2025",27,6,3,0.03
"https://amazon.com/dp/B0FS5XY5M3","https://m.media-amazon.com/images/I/719Su68Dz3L._SX450_.jpg","B0FS5XY5M3","Sewer Camera 100 FT, 7"" 1080P Screen & DVR,10X Zoom, Plumbing Cameras with Lights-6 LED, 32GB Card, IP68 Waterproof Snake Cameras for Duct Pipe,12V 4500mAh Battery Sewer Inspection Camera","Seenezader","FBA","Industrial & Scientific",301532,"N/A","N/A","N/A","N/A","Borescopes",581,258,"N/A",6,6,,1474.56,1474.48,1,5,"JYGX-Direct","N/A",1,0,"N/A","Large Standard-Size",16,14,7,11.46,789.44,2177.78,"01/31/2026",5,6,0,5.53
"https://amazon.com/dp/B07ZPWDP1N","https://m.media-amazon.com/images/I/516lgHlu4eL._SX450_.jpg","B07ZPWDP1N","Supereyes Otoscope, Upgraded 4mm Ultra-Thin Ear Endoscope, 1.0 Megapixels HD Ear Video Inspection Camera, USB Ear Borescope Waterproof with Flexible Shaped Hose for iOS & Android Smartphone","Supereyes","FBA","Industrial & Scientific",302924,"N/A","N/A",5059116217562,"N/A","Borescopes",574,299,-22,0,0,-135,"-","-",2,1.9,"Supereyes Official","China",1,21,11,"Large Standard-Size",3.15,7.72,8.86,0.94,108.39,299.02,"03/31/2024",76,8,0,0
"https://amazon.com/dp/B0DLWJFYC3","https://m.media-amazon.com/images/I/71ZZulUlkNL._SX450_.jpg","B0DLWJFYC3","Self Leveling Sewer Camera with 512Hz Transmitter 100ft, 7mm Thicker Cable Drain Camera with Distance Counter, 9"" 1080P HD Pipe Plumbing Inspection Cameras Snake with Light, Video/Audio Record 32GB","HBUDS","FBA","Industrial & Scientific",303913,717813337338,"N/A",0717813337338,"N/A","Borescopes",1151,799.99,-40,4,2,-59,3456.69,1244.22,1,5,"Hanxuan tech","China",1,159,"N/A","Large bulky",11,15.6,18.7,18.25,1039.93,2599.82,"07/31/2024",16,7,5,3.88
"https://amazon.com/dp/B0D6SVHCMW","https://m.media-amazon.com/images/I/71dtvMbI+BL._SX450_.jpg","B0D6SVHCMW","HBUDS Sewer Camera with Locator 300ft, 7mm Cable, Self Leveling Drain Cameras with Distance Counter, 9"" 1080P HD Plumbing Camera Snake with Light, Pipe Inspection Cam with Built-in Mic and DVR 32GB","HBUDS","FBA","Industrial & Scientific",304020,774049592320,"N/A",0774049592320,"N/A","Borescopes",589,1799.99,-20,7,1,-49,8698.71,1096.42,8,4.4,"Hanxuan tech","China",1,212,"N/A","Large bulky",12.5,19,27.25,33.05,2097.37,5243.42,"03/31/2025",21,8,5,0.82
"https://amazon.com/dp/B0FKB5XRTJ","https://m.media-amazon.com/images/I/71ueIKG9ogL._SX450_.jpg","B0FKB5XRTJ","Anysun Self-Leveling Sewer Camera with Meter Marking, 9'' IPS Screen, HD 1080P Resolution, 5100mAh Battery, 100ft 5mm Cable Sewer Drain Video Inspection Camera with DVR Recorder and 32GB SD Card","anysun","FBA","Industrial & Scientific",306324,769016773871,"N/A",0769016773871,"N/A","Borescopes",589,329.99,-19,7,7,,2154.76,2154.56,1,1,"HZDZ_Shop","Hong Kong",1,0,"N/A","Large bulky",12.17,13.46,14.13,14.35,750.11,1875.26,"01/31/2026",6,7,0,6.53
"https://amazon.com/dp/B07SLVFB8Z","https://m.media-amazon.com/images/I/21IeG2zm+dL._SX450_.jpg","B07SLVFB8Z","Vividia GB-460 USB Digital Manual Focus Gun Barrel Borescope Endoscope Videoscope Inspection Camera with 4mm Diameter and 24"" (60 cm) Long Insertion Tube (Without WiFi Box) for PC Mac Android Devices","VIVIDIA","FBM","Industrial & Scientific",307621,"N/A","N/A","N/A","N/A","Borescopes",585,199.98,-10,3,2,22,633.7,419.55,13,3.9,"Oasis Scientific Inc.","USA",1,30,76,"Large bulky",2.75,3.31,31.06,2.25,"N/A","N/A","12/31/2025",81,8,2,0.23
"https://amazon.com/dp/B0DCFMGJM4","https://m.media-amazon.com/images/I/81OsRwrvuZL._SX450_.jpg","B0DCFMGJM4","Anysun Sewer Camera 512Hz, Self-Leveling & Distance Counter, 7mm Thicker Cable, Keyboard, 10"" IPS Adjustable Monitor,1-Touch Video/Audio, Drain Pipe Inspection Camera IP68 with DVR & 16GB Card - 165Ft","anysun","FBA","Industrial & Scientific",308502,"N/A","N/A","N/A","N/A","Borescopes",686,1580,-10,10,1,300,12385.89,1685.67,59,3.7,"Yongchangsheng tech","China",1,217,-36,"Large bulky",11.5,22.5,26.5,22.5,2222.14,5555.34,"02/29/2024",17,8,9,0.17
"https://amazon.com/dp/B0CNLH8RZF","https://m.media-amazon.com/images/I/81OsRwrvuZL._SX450_.jpg","B0CNLH8RZF","Anysun Sewer Camera with 512Hz Sonde, Self-Leveling, Distance Counter, Keyboard, 1-Touch Video/Audio, 7mm Thicker Cable, 330Ft Sewer Inspection Camera with 10"" IPS Adjustable Monitor, IP68 Waterproof","anysun","FBA","Industrial & Scientific",309268,"N/A","N/A","N/A","N/A","Borescopes",693,1699.99,-29,11,1,217,12871.66,1194.92,59,3.7,"Yongchangsheng tech","Hong Kong",1,213,-36,"Extra-large 50+ to 70 lb",12.25,22.5,26.5,43.5,2367.06,5917.64,"05/31/2024",26,8,9,0.18
"https://amazon.com/dp/B0B39DWD8J","https://m.media-amazon.com/images/I/61+WRS7w72L._SX450_.jpg","B0B39DWD8J","Sanyipace Video Cable for Sewer Camera, ONLY 9-inch Drain Camera (Model: 9300D, 929DJTX)","Sanyipace","FBM","Industrial & Scientific",309450,"N/A","N/A","N/A","N/A","Borescopes",1303,25.99,"N/A",1,0,,25.99,"-",5,5,"SanyipaceDirect Store","China",1,0,"N/A","Large Standard-Size",4,2,2,0.2,"N/A","N/A","05/31/2025",45,6,4,0.2
"https://amazon.com/dp/B0BYNSX26K","https://m.media-amazon.com/images/I/61QpZazva-L._SX450_.jpg","B0BYNSX26K","KAOLALI Endoscope Camera with Light Endoscope Sewer Pipeline Inspection Camera 6 LED Light with DVR Function and Snake Cable 5” high Resolution Screen Waterproof for Home Pipe Sewer Plumbing","KAOLALI","FBA","Industrial & Scientific",310148,"N/A","N/A","N/A","N/A","Borescopes",594,189.99,-31,4,3,,719.4,512.79,3,3.8,"JULE","China",1,19,"N/A","Large Standard-Size",16.14,13.98,6.89,6.3,782.72,2159.22,"10/31/2024",36,8,4,1.22
"https://amazon.com/dp/B0CR46T8ZR","https://m.media-amazon.com/images/I/61ySRRPza8L._SX450_.jpg","B0CR46T8ZR","USB-C Direct Plug Endoscope Camera for iPhone 15/Pro/Pro Max, 2in1 Borescope Camera Cord IP68 Waterproof Snake Inspection Camera for iPhone, iPad, Samsung, iOS & Android (3.3ft Semi-Rigid Cable)","LUKZATEN","FBA","Industrial & Scientific",310161,"N/A","N/A","N/A","N/A","Borescopes",595,18.95,"N/A",1,1,,24.97,24.94,9,4.2,"Lukzaten US","China",1,34,-47,"Large Standard-Size",4.72,4.72,1.38,0.15,15.48,42.72,"06/30/2024",27,9,0,0.15
"https://amazon.com/dp/B0CJFX7FMY","https://m.media-amazon.com/images/I/51FVHo9vWEL._SX450_.jpg","B0CJFX7FMY","Pipe Inspection Camera Accessory, 23mm Sewer Inspection Camera, Stainless Steel Professional IP68 Pipe Drain, Leak Detection Tools","Hyuduo","FBA","Industrial & Scientific",310414,"N/A","N/A","N/A","N/A","Borescopes",592,167.29,-24,9,9,600,1505.34,1505.18,1,5,"Mixitech-US","China",2,0,"N/A","Large Standard-Size",2.48,3.94,6.85,0.44,33.68,92.91,"01/31/2026",29,9,0,9.29
"https://amazon.com/dp/B0FC2KMHZ3","https://m.media-amazon.com/images/I/71uRv6JLtcL._SX450_.jpg","B0FC2KMHZ3","Sewer Camera with Locator 150ft, Self-Leveling Sewer Inspection Camera, Distance Counter, 7mm Cable & Mobile Trolley Wheels, Drain Camera with HD 9"" Monitor DVR 32GB Card","okk","-","Industrial & Scientific",311044,"N/A","N/A","N/A","N/A","Borescopes",579,1299.99,"N/A",0,0,,"-","-","N/A","N/A",,"N/A",1,0,"N/A","Large bulky",17,14,12,15,"N/A","N/A","-",9,"N/A",2,"N/A"
"https://amazon.com/dp/B0D73FFM5L","https://m.media-amazon.com/images/I/71RyPH-6BGL._SX450_.jpg","B0D73FFM5L","Anysun All-in-1 Sewer Camera 512Hz, Self-Leveling, Distance Counter, 7MM/0.28'' Thicker Cable, Keyboard, 1-Touch Video/Audio, 131Ft Pipe Inspection Cameras with 9"" 1080P Screen Drain Cam IP68, 16GB","anysun","FBA","Industrial & Scientific",311171,"N/A","N/A","N/A","N/A","Borescopes",689,1199.99,-22,10,3,300,12385.89,3029.75,59,3.7,"Yongchangsheng tech","China",1,217,-36,"Large bulky",15.8,17,21,31.22,1827.97,4569.93,"02/29/2024",19,8,9,0.17
"https://amazon.com/dp/B0CHH8NY8G","https://m.media-amazon.com/images/I/71x2rV2nLbL._SX450_.jpg","B0CHH8NY8G","Anykit Endoscope Camera with Light,1080P Dual Lens Endoscope，6"" IPS Screen Borescope, Plumbing Snake Inspection Camera with Split Screen, 32GB Card, Plumbing Snake Camera for Home (16.5FT)","Anykit","FBA","Industrial & Scientific",312765,"N/A","N/A","N/A","N/A","Borescopes",604,149.99,-5,4,4,-59,444.7,444.57,23,4.7,"AnyKit","China",2,239,-48,"Large Standard-Size",4.29,13.15,14.88,5.42,422.63,1165.88,"05/31/2024",28,8,2,0.16
"https://amazon.com/dp/B0DJ7P9SMN","https://m.media-amazon.com/images/I/81G8Ga784KL._SX450_.jpg","B0DJ7P9SMN","Sewer Camera Self-Leveling, 9'' HD Plumbing Pipe Camera with Depth Marking, Zoom, and Adjustable Brightness LED Lights, Ideal for Drain, Pipes, Wells, Machinery, and Industrial Applications","PeachLeaf","FBA","Industrial & Scientific",313153,717331238971,"N/A",0717331238971,"N/A","Borescopes",594,489.99,"N/A",18,1,,8382.04,572.42,1,5,"YoJo-Tech","China",1,0,"N/A","Extra-large 50+ to 70 lb",16,20,22,30,2281.48,5703.7,"01/31/2026",17,7,13,18.22
"https://amazon.com/dp/B0DJ7PQ6BP","https://m.media-amazon.com/images/I/81IFtMfANRL._SX450_.jpg","B0DJ7PQ6BP","Sewer Camera Self-Leveling 300FT, Built-in 512HZ Transmitter, 7MM Cable, 9'' HD Plumbing Camera with Depth Marking, 1080P IPS Screen & DVR 32GB and Adjustable LED Lights","PeachLeaf","FBA","Industrial & Scientific",313153,717331239213,"N/A",0717331239213,"N/A","Borescopes",594,759.99,"N/A",18,2,,8382.04,1227.41,1,5,"YoJo-Tech","China",1,0,"N/A","Large bulky",14.37,19.49,21.57,27.73,1957.78,4894.44,"01/31/2026",17,8,13,18.22
"https://amazon.com/dp/B0DJ7Q8YNX","https://m.media-amazon.com/images/I/81IFtMfANRL._SX450_.jpg","B0DJ7Q8YNX","Sewer Camera Self-Leveling 200FT, Built-in 512HZ Transmitter, 7MM Cable, 9'' HD Plumbing Camera with Depth Marking, 1080P IPS Screen & DVR 32GB and Adjustable LED Lights","PeachLeaf","FBA","Industrial & Scientific",313173,717331239183,"N/A",0717331239183,"N/A","Borescopes",594,599.99,-77,18,2,,8382.04,1164.47,1,5,"YoJo-Tech","China",1,0,"N/A","Large bulky",12.17,18.5,21.61,19.91,1576.74,3941.86,"01/31/2026",17,7,13,18.22
"https://amazon.com/dp/B0DQFQD48H","https://m.media-amazon.com/images/I/51vKDFGTpYL._SX450_.jpg","B0DQFQD48H","QWQJ Borescope Endoscope Camera with Light Snake Cameras Inspection Cameras with Adjustable LED Light","QWQJ","FBA","Industrial & Scientific",313219,"N/A","N/A",7696760156007,"N/A","Borescopes",595,9,-23,4,4,36,37.94,37.87,"N/A","N/A","SXmans","China",2,40,"N/A","Small Standard-Size",0.39,0.39,0.39,0,0.03,0.08,"02/28/2025",15,9,2,"N/A"
"https://amazon.com/dp/B0CRRKZ4BC","https://m.media-amazon.com/images/I/71kjIEtSajL._SX450_.jpg","B0CRRKZ4BC","Jebousike Endoscope Camera with Light,1080P HD Borescope with 8 LED Lights 6.6FT Semi-Rigid Snake Cabl, IP67 Waterproof Industrial Inspection Camera Compatible for Android, iPhone, iPad-(Black)","Jebousike","FBA","Industrial & Scientific",314062,"N/A","N/A","N/A","N/A","Borescopes",605,17.99,110,7,4,-57,124.55,68.05,33,3.6,"Jebousike","China",1,168,-58,"Small Standard-Size",1.96,1.96,0.62,0.22,1.2,3.31,"11/30/2024",26,8,3,0.2
"https://amazon.com/dp/B0CRRJPDN4","https://m.media-amazon.com/images/I/71C+m9gtUEL._SX450_.jpg","B0CRRJPDN4","Endoscope Camera with Light, 1920P HD Borescope with 8 Adjustable LED Lights, Endoscope with 3.3ft Semi-Rigid Snake Camera, 8mm IP67 Waterproof Inspection Camera for iOS& Android-Gift for Men","Jebousike","FBA","Industrial & Scientific",314062,"N/A","N/A","N/A","N/A","Borescopes",605,18.99,181,7,2,-57,124.55,36.26,33,3.6,"Jebousike","China",1,168,-58,"Small Standard-Size",1.96,1.96,0.62,0.22,1.2,3.31,"11/30/2024",26,8,3,0.2
"https://amazon.com/dp/B0F6TYDVT4","https://m.media-amazon.com/images/I/717wEvh18uL._SX450_.jpg","B0F6TYDVT4","Sewer Camera 100ft,SPRIDRAIN Drain Pipe Camera HD 5in Screen with 32GB DVR,Waterproof IP68 Works Underwater Up to 10Meters Sewer Inspection borescopes for Plumber(Fits Pipes>0.9"" Diameter,100ft/30M)","SPRIDRAIN","FBA","Industrial & Scientific",314164,"N/A","N/A","N/A","N/A","Borescopes",584,244.99,-13,7,2,4,1688.69,454.6,2,5,"SYANSPAN TECH","China",2,0,"N/A","Large Standard-Size",12,12,7.5,8.6,543.75,1500,"10/31/2025",10,9,2,3.67
"https://amazon.com/dp/B0CRRGTJ4N","https://m.media-amazon.com/images/I/71B4nQLId5L._SX450_.jpg","B0CRRGTJ4N","Jebousike USB Endoscope with 8 LED Lights, Borescope Snake Camera, IP67 Waterproof Inspection Camera for Phone & Tablet (11.5 ft)","Jebousike","FBA","Industrial & Scientific",314342,"N/A","N/A","N/A","N/A","Borescopes",609,19.99,-13,7,1,-57,124.55,19.89,33,3.6,"Jebousike","China",2,168,-58,"Small Standard-Size",1.96,1.96,0.62,0.22,1.2,3.31,"11/30/2024",26,8,3,0.2
"https://amazon.com/dp/B0DJ7PB3TN","https://m.media-amazon.com/images/I/81G8Ga784KL._SX450_.jpg","B0DJ7PB3TN","Sewer Camera Self-Leveling, 9'' HD Plumbing Pipe Camera with Depth Marking, Zoom, and Adjustable Brightness LED Lights, Ideal for Drain, Pipes, Wells, Machinery, and Industrial Applications.","PeachLeaf","FBA","Industrial & Scientific",314581,717331238957,"N/A",0717331238957,"N/A","Borescopes",595,429.99,"N/A",18,6,,8382.04,2449.86,1,5,"YoJo-Tech","China",1,0,"N/A","Large bulky",11.4,17.1,19.8,19.5,1250.87,3127.16,"01/31/2026",17,7,13,18.22
"https://amazon.com/dp/B07846C89X","https://m.media-amazon.com/images/I/51rmaOqrt8L._SX450_.jpg","B07846C89X","SereneLife Fiber Optic Otoscope/Auriscope Home Ear Inspection Tool DIY, 3X Magnification, Bright LED, Includes Reusable Ear Tips, Travel Case, Battery Operated For All Ages & Pets","SereneLife","Amazon","Industrial & Scientific",315021,842893106243,00842893106243,0842893106243,"N/A","Borescopes",592,14.05,-3,16,16,292,149.93,149.77,156,3.7,"Amazon","N/A",1,67,14,"Large Standard-Size",1.18,2.8,8.31,0.22,"N/A","N/A","11/30/2024",99,5,1,0.1
"https://amazon.com/dp/B0F23DYJPT","https://m.media-amazon.com/images/I/7116UZ66R3L._SX450_.jpg","B0F23DYJPT","EIXAUP Sewer Camera 100 ft, 23 MM Pipe Inspection Camera with 12pcs LED Lights, 7"" 1080P HD Monitor with DVR Function, IP68 Waterproof, Meter Marker, Included 32GB Card(30 m)","EIXAUP","FBA","Industrial & Scientific",315048,"N/A","N/A","N/A","N/A","Borescopes",599,263.99,-35,11,11,,2780.2,2779.97,8,3.4,"SYST","China",1,0,"N/A","Large bulky",11.14,13.3,15.39,10.67,738.96,1847.39,"05/31/2025",11,6,0,1.32
"https://amazon.com/dp/B07TWMBLJF","https://m.media-amazon.com/images/I/61WPIXTixQL._SX450_.jpg","B07TWMBLJF","QiQibaby 12 MP High Resolution CCD USB Iriscope Diagnostic Eye Camera with 12MP HD 30x Iris Lens and Driver-Free Analysis Software (English Version)","QiQiBaby","FBA","Industrial & Scientific",315983,789659477509,"N/A",0789659477509,"N/A","Borescopes",599,369.74,-30,5,5,,2032.48,2032.32,7,4.6,"QiQiBaby","China",2,15,400,"Large Standard-Size",9.3,3.8,2.59,2.6,46.08,127.13,"09/30/2025",80,9,0,0.77
"https://amazon.com/dp/B0CQ28WJT1","https://m.media-amazon.com/images/I/61yuyLd+lQL._SX450_.jpg","B0CQ28WJT1","Anysun 512Hz Sewer Camera Head Transmitter, Sewer Camera Head Replacement Locator 0.9inch / 23mm Camera Head Built-in 512Hz Sonde Transmitter for Anysun HBUDS Pipe Inspection Camera","anysun","FBM","Industrial & Scientific",316368,"N/A","N/A","N/A","N/A","Borescopes",608,299.99,-40,1,1,900,322.25,322.2,2,3.3,"HZDZ_Shop","Hong Kong",1,14,-50,"N/A","N/A","N/A","N/A","N/A","N/A","N/A","12/31/2024",27,4,0,0.54
"https://amazon.com/dp/B0FJXR9R62","https://m.media-amazon.com/images/I/71x-f1lZOdL._SX450_.jpg","B0FJXR9R62","Sewer Camera,100FT/30M 4.3"" Pipe Drain Inspection with DVR Function and LED Lights,18mm Borescopes Plumbing 8500Mah Battery Waterproof IP68 Endoscope HD 1000TVL 32GB Card (18mm Camera)","JINXINEBAY","FBA","Industrial & Scientific",316833,"N/A","N/A","N/A","N/A","Borescopes",602,279.99,-16,13,11,-36,3393.65,2771.53,4,3.6,"31yoosee","China",1,0,"N/A","Large Standard-Size",7.83,12.64,15.55,8.05,774.84,2137.5,"12/31/2025",7,7,0,3.26
"https://amazon.com/dp/B0F2DXHV3Q","https://m.media-amazon.com/images/I/61Sq2+01KsL._SX450_.jpg","B0F2DXHV3Q","Orange A-600 Handheld 400x Fiber Optic end face Detector Magnifier Fiber Optic Microscope 5-inch high-Definition Touch Screen for SC/FC/ST/LC UPC Male/Female Head Interface Fiber Inspector (A-600U)","SAIVXIAN","FBA","Industrial & Scientific",317494,"N/A","N/A","N/A","N/A","Borescopes",606,478,-19,5,5,171,2242.87,2242.79,1,2,"cheukcen","China",1,0,"N/A","Large Standard-Size",10.43,3.39,5.98,1.72,106.45,293.67,"08/31/2025",11,9,0,4.71
"https://amazon.com/dp/B0BVZD1XBM","https://m.media-amazon.com/images/I/51FmDWQTqWL._SX450_.jpg","B0BVZD1XBM","Sanyipace FHD Camera Probe for Sewer Camera, 12pcs LED Lights, IP68 Waterproof, Drain Camera Head (ONLY for Sanyipace Model Number: F927ADFB, S8951DM)","Sanyipace","FBM","Industrial & Scientific",318186,"N/A","N/A","N/A","N/A","Borescopes",591,169.99,"N/A",11,3,2200,2428.4,447.46,3,4.7,"SanyipaceDirect Store","China",1,210,"N/A","N/A",1.97,6.69,1.97,"N/A","N/A","N/A","05/31/2025",37,3,5,3.57
"https://amazon.com/dp/B0D1FNRCPV","https://m.media-amazon.com/images/I/519yvEB+IaL._SX450_.jpg","B0D1FNRCPV","HBUDS Protective Cover for Sewer Camera Head Probe, Suitable for 0.87in/22mm and 0.9in/23mm Diameter Drain Pipe Camera Head, Protective Case Compatible with Model: 7D3A/7D1","HBUDS","FBM","Industrial & Scientific",318681,717203890870,"N/A",0717203890870,"N/A","Borescopes",612,15.99,-50,0,0,-100,"-","-","N/A","N/A","Hanxuan tech","China",1,12,"N/A","N/A","N/A","N/A","N/A","N/A","N/A","N/A","03/31/2025",23,4,0,"N/A"
"https://amazon.com/dp/B0D2VSZZXD","https://m.media-amazon.com/images/I/61FCckyWYdL._SX450_.jpg","B0D2VSZZXD","Endoscope Camera for iPhone 15/14/13/12/11 Pro Max & iPad, USB-C Direct Plug Borescope Camera Compatible with Samsung Galaxy S24/S23/S22/S21 Ultra, 33FT/10M Long Flexible Soft Inspection Snake Cam","LUKZATEN","FBA","Industrial & Scientific",320205,"N/A","N/A","N/A","N/A","Borescopes",602,24.95,-26,12,12,-14,298.42,298.31,15,3.6,"Lukzaten US","China",1,205,"N/A","Large Standard-Size",2.45,6.1,6.1,0.5,45.9,126.62,"05/31/2025",22,9,0,0.8
"https://amazon.com/dp/B0DHZPH6NN","https://m.media-amazon.com/images/I/61dB+dwFvQL._SX450_.jpg","B0DHZPH6NN","VNisenllc Handheld High Brightness Industrial Endoscope Cold Light Source LED 10W with 3 Adaptors","VNisenllc","FBM","Industrial & Scientific",320682,717392803385,"N/A",0717392803385,"N/A","Borescopes",587,68,-43,14,10,533,2112.5,687.4,3,5,"Northwolf","China",1,115,"N/A","Large Standard-Size",7,4.33,3.35,0.9,"N/A","N/A","02/28/2025",17,7,3,4.61
"https://amazon.com/dp/B0DWDK327H","https://m.media-amazon.com/images/I/41sALnC2ODL._SX450_.jpg","B0DWDK327H","Sewer Camera w/DVR Function, 4.3"" HD 1080P Screen Pipeline Inspection Camera, IP68 Waterproof Pipe Plumbing Snake Cam with 32GB Card, for Sewer Line, Home, Duct Drain Pipe Plumbing (30M/100FT)","Liwogi","FBA","Industrial & Scientific",321008,"N/A","N/A","N/A","N/A","Borescopes",611,242.99,-23,14,10,119,3616.93,2518.5,4,4,"Hot car parts","China",1,0,"N/A","Large Standard-Size",7.32,13.86,15.86,7.43,810.13,2234.83,"07/31/2025",13,9,2,3.47
"https://amazon.com/dp/B0DWDXPYQ1","https://m.media-amazon.com/images/I/71prh2CfSNL._SX450_.jpg","B0DWDXPYQ1","Sewer Camera w/DVR Function, 4.3"" HD 1080P Screen Pipeline Inspection Camera, IP68 Waterproof Pipe Plumbing Snake Cam with 32GB Card, for Sewer Line, Home, Duct Drain Pipe Plumbing (50M/165FT)","Liwogi","FBA","Industrial & Scientific",321017,"N/A","N/A","N/A","N/A","Borescopes",611,289.99,-33,14,4,119,3616.93,1098.13,2,5,"Hot car parts","China",1,0,"N/A","Large Standard-Size",13.7,6.7,16,9.15,739.42,2039.78,"07/31/2025",13,9,2,6.95
"https://amazon.com/dp/B0DLNRQN9J","https://m.media-amazon.com/images/I/61tgcsP6MfL._SX450_.jpg","B0DLNRQN9J","Gzpce Borescope,Dual Lens Endoscope Camera with Light,Scope Sewer,Snake Inspection Endoscope,Articulating Industrial Endoscope","gzpce","FBA","Industrial & Scientific",323240,"N/A","N/A","N/A","N/A","Borescopes",600,29.99,-32,9,5,-79,225.47,161.07,14,4.8,"gzpce","China",1,390,"N/A","Large Standard-Size",1.14,5.31,5.47,0.4,16.67,45.99,"12/31/2025",16,6,3,0.65
"https://amazon.com/dp/B0G7Y5XVQM","https://m.media-amazon.com/images/I/718LNnr7B-L._SX450_.jpg","B0G7Y5XVQM","IP68 Waterproof Self-Leveling Sewer Camera with Locator, 200FT 7MM Fiberglass Cable & 512Hz Sonde, 10-inch HD DVR Monitor with 5X Zoom, 4500mAh Battery for Professional Plumber","Powerwill","FBM","Industrial & Scientific",323692,717639659324,"N/A",0717639659324,"N/A","Borescopes",613,1398.99,-29,12,9,,17278.5,12366.55,23,4.6,"di fan hua","N/A",1,0,"N/A","Extra-large 50+ to 70 lb",22.41,19.69,22.05,54.89,"N/A","N/A","02/28/2026",31,8,5,0.53
"https://amazon.com/dp/B0G7T5ZVQL","https://m.media-amazon.com/images/I/718LNnr7B-L._SX450_.jpg","B0G7T5ZVQL","IP68 Waterproof Self-Leveling Sewer Camera with Locator, 246FT 7MM Fiberglass Cable & 512Hz Sonde, 10-inch HD DVR Monitor with 5X Zoom, 4500mAh Battery for Professional Plumber","Powerwill","FBM","Industrial & Scientific",325142,717639659300,"N/A",0717639659300,"N/A","Borescopes",614,1498.99,-39,12,3,,17278.5,4911.75,23,4.6,"di fan hua","N/A",1,0,"N/A","Extra-large 50+ to 70 lb",22.41,19.69,22.05,54.89,"N/A","N/A","02/28/2026",2,8,5,0.53
"https://amazon.com/dp/B0F23DPKBV","https://m.media-amazon.com/images/I/71y87-KoJ1L._SX450_.jpg","B0F23DPKBV","EIXAUP Sewer Camera 100 ft, 17 MM Pipe Inspection Camera with 8 Pcs LED Lights, 7"" 1080P HD Monitor with DVR Function, IP68 Waterproof, Meter Marker, Included 32GB Card(30 m)","EIXAUP","FBA","Industrial & Scientific",326489,"N/A","N/A","N/A","N/A","Borescopes",618,263.99,-4,3,3,1300,910.31,910.17,7,3.4,"SYST","China",1,0,"N/A","Large bulky",11.18,13.3,15.59,10.67,751.25,1878.12,"09/30/2025",11,7,0,0.49
"https://amazon.com/dp/B0F2H52LH5","https://m.media-amazon.com/images/I/618xL9VxpeL._SX450_.jpg","B0F2H52LH5","BAOSHLA A-600 5-inch Touch Screen Fiber Optic Microscope 400x Fiber Optic Cleaning Microscope SCUPC FCUPC STUPC LCUPC Male/Female Interface Adapter Handheld end face Inspector Real time Video Probe","BAOSHLA","FBA","Industrial & Scientific",326752,"N/A","N/A","N/A","N/A","Borescopes",607,478,-15,5,5,,2440.82,2440.72,"N/A","N/A","BAOSHLA","China",1,0,"N/A","Large Standard-Size",10.43,3.39,5.98,1.72,106.45,293.67,"01/31/2026",11,9,0,"N/A"
"https://amazon.com/dp/B0DK7BF3ZJ","https://m.media-amazon.com/images/I/71Hwx1leViL._SX450_.jpg","B0DK7BF3ZJ","Anysun Sewer Camera with Locator, Self-Leveling Pipe Camera 150ft with 0.28in/7mm Fiberglass Cable and Meter Marker, 9'' HD Sewer Inspection Camera with DVR Recording Funcation and 32GB Memory Card","anysun","FBA","Industrial & Scientific",327369,717813045929,"N/A",0717813045929,"N/A","Borescopes",619,1099.99,-50,1,1,-133,1235.2,1235.15,2,4.5,"HZDZ_Shop","Hong Kong",1,53,"N/A","Large bulky",13.5,19.1,20.9,24,1746.46,4366.14,"01/31/2025",16,6,2,0.52
"https://amazon.com/dp/B0DJSSV6X9","https://m.media-amazon.com/images/I/61d8+8-DywL._SX450_.jpg","B0DJSSV6X9","Dearsee ZX2-D1 Two-Way Articulating Borescope with Light, 0.25in Industrial Endoscope Inspection Camera, 5-inch IPS Articulated Snake Camera, 8X Zoom Video Inspection Scope - 10FT","Dearsee","FBA","Industrial & Scientific",327976,729162039696,"N/A",0729162039696,"N/A","Borescopes",608,159.9,-36,12,12,50,998.99,998.79,7,4.2,"Dearsee","China",1,55,"N/A","Large Standard-Size",2.99,10.24,16.26,1.87,250.65,691.45,"01/31/2025",17,7,0,1.68
"https://amazon.com/dp/B0DDC5M678","https://m.media-amazon.com/images/I/71ZnyenINoL._SX450_.jpg","B0DDC5M678","PRANITE Sewer Camera with Locator, Drain Camera 100 FT Self-Leveling, 9'' HD Screen, Plumbing Snake with Light, IP68 Waterproof Drain Pipe Cameras with DVR Recorder","PRANITE","FBA","Industrial & Scientific",328936,717331217778,"N/A",0717331217778,"N/A","Borescopes",611,629.99,8,10,10,,6296.13,6295.96,3,5,"dengwencai","China",1,0,"N/A","Large bulky",14.57,12,9.65,15.4,546.78,1366.95,"02/28/2026",19,8,6,3.27
"https://amazon.com/dp/B0DJ7N2XDC","https://m.media-amazon.com/images/I/81G8Ga784KL._SX450_.jpg","B0DJ7N2XDC","Sewer Camera Self-Leveling, 9'' HD Plumbing Pipe Camera with Depth Marking, Zoom, and Adjustable Brightness LED Lights, Ideal for Drain, Pipes, Wells, Machinery, and Industrial Applications.","PeachLeaf","FBA","Industrial & Scientific",330696,717331238940,"N/A",0717331238940,"N/A","Borescopes",617,399.99,-41,18,8,,8382.04,2967.17,1,5,"YoJo-Tech","China",1,0,"N/A","Large bulky",11.97,17.32,19.92,16.38,1338.37,3345.92,"01/31/2026",17,7,13,18.22
"https://amazon.com/dp/B0DBYX15CV","https://m.media-amazon.com/images/I/71iYnbkGKTL._SX450_.jpg","B0DBYX15CV","WOSHIJIE Sewer Camera, 9-Inch Pipe Inspection Camera with Dvr and Self-Leveling, 512hz, Ip68 Waterproof, Suitable for Sewage Pipes, Household, Ventilation and Drainage Pipes (50M)","WOSHIJIE","FBA","Industrial & Scientific",331717,"N/A","N/A","N/A","N/A","Borescopes",624,569.99,-46,1,0,,657.99,"-","N/A","N/A","fish hawk","China",2,0,"N/A","Large bulky",15,13,13,16.75,821.53,2053.82,"01/31/2026",19,3,2,"N/A"
"https://amazon.com/dp/B0F9KZTNX4","https://m.media-amazon.com/images/I/61txZrn0Q+L._SX450_.jpg","B0F9KZTNX4","Gzpce Dual Lens Industrial Endoscope, 1080P Digital Borescope Inspection Camera,4.3"" IPS Screen, 1920P HD with 9 LED Lights, 16.4FT Semi-Rigid Cord Bore Scope, IP67 Waterproof Snake Camera","gzpce","FBA","Industrial & Scientific",332502,672108061469,"N/A",0672108061469,"N/A","Borescopes",794,35.8,-27,9,3,-7,287.02,92.81,1,5,"gzpce","China",1,0,"N/A","Large Standard-Size",2.8,5.55,8.31,1.04,64.9,179.03,"11/30/2025",9,7,2,9.3
"https://amazon.com/dp/B0CY7SW9GD","https://m.media-amazon.com/images/I/71RmAuv--RL._SX450_.jpg","B0CY7SW9GD","Sewer Camera with Locator Self Leveling 100FT,9'' HD 32GB Screen,JQKJCAM Plumbing Drain Camera and Locator,23MM Pipe Camera Snake with 12 Light Meter Counter for Precise Sewer Inspection (30M)","JQKJCAM","FBA","Industrial & Scientific",338246,"N/A","N/A","N/A","N/A","Borescopes",637,664.99,-72,7,1,-24,4274.91,561.26,20,3.9,"JJKJ Cam","China",1,189,"N/A","Large bulky",11.2,15.5,17.9,16.8,1007.04,2517.6,"08/31/2024",24,9,7,0.37
"https://amazon.com/dp/B0FM7QKR3S","https://m.media-amazon.com/images/I/71KblyV2I0L._SX450_.jpg","B0FM7QKR3S","JINXINEBAY 10 Inch IPS Sewer Inspection Camera with 512Hz Locator, 1080P AHD, 50M Cable, DVR, Auto Self-Leveling, 5X Zoom, TF Card, LED Lights for Pipe/Wall/Drain (165FT)","JINXINEBAY","FBA","Industrial & Scientific",338285,"N/A","N/A","N/A","N/A","Borescopes",635,799.99,-9,22,6,85,17340.37,4768.63,7,4.8,"JINXINEBAY Store","China",1,0,"N/A","Large bulky",13.5,16,18.5,28.05,1295,3237.5,"01/31/2026",7,8,4,3.15
"https://amazon.com/dp/B0FM7X3P5X","https://m.media-amazon.com/images/I/71-C0anQ4qL._SX450_.jpg","B0FM7X3P5X","JINXINEBAY 10 Inch IPS Sewer Inspection Camera with 512Hz Locator, 1080P AHD, 50M Cable, DVR, Auto Self-Leveling, 5X Zoom, TF Card, LED Lights for Pipe/Wall/Drain (100FT/512hz Locator)","JINXINEBAY","FBA","Industrial & Scientific",338291,"N/A","N/A","N/A","N/A","Borescopes",635,899.99,-39,22,3,85,17340.37,3099.62,7,4.8,"JINXINEBAY Store","China",1,0,"N/A","Large bulky",14,18.5,20,30.05,1678.7,4196.76,"01/31/2026",7,7,4,3.15
"https://amazon.com/dp/B0FMDTV17J","https://m.media-amazon.com/images/I/71-C0anQ4qL._SX450_.jpg","B0FMDTV17J","JINXINEBAY 10 Inch IPS Sewer Inspection Camera with 512Hz Locator, 1080P AHD, 50M Cable, DVR, Auto Self-Leveling, 5X Zoom, TF Card, LED Lights for Pipe/Wall/Drain (165FT/512hz Locator)","JINXINEBAY","FBA","Industrial & Scientific",338291,"N/A","N/A","N/A","N/A","Borescopes",635,999.99,-14,22,2,85,17340.37,2072.1,7,4.8,"JINXINEBAY Store","China",1,0,"N/A","Large bulky",14,18.5,20,32.35,1678.7,4196.76,"01/31/2026",7,8,4,3.15
"https://amazon.com/dp/B0FM3HCZBK","https://m.media-amazon.com/images/I/71Co3rOrm3L._SX450_.jpg","B0FM3HCZBK","JINXINEBAY 10 Inch IPS Sewer Inspection Camera with 512Hz Locator, 1080P AHD, 50M Cable, DVR, Auto Self-Leveling, 5X Zoom, TF Card, LED Lights for Pipe/Wall/Drain (100FT)","JINXINEBAY","FBA","Industrial & Scientific",338306,"N/A","N/A","N/A","N/A","Borescopes",635,699.99,"N/A",22,11,85,17340.37,7399.33,7,4.8,"JINXINEBAY Store","China",1,0,"N/A","Large bulky",14,16,18.5,25.7,1342.96,3357.41,"01/31/2026",7,7,4,3.15
"https://amazon.com/dp/B0F6BG1FT7","https://m.media-amazon.com/images/I/61SOxqnnYaL._SX450_.jpg","B0F6BG1FT7","Upgraded Articulating Borescope with Light, 5'' 1080P HD Display Industrial Endoscope Inspection Camera, for Wall Automotive Engine Inspect, Snake Camera for Automotive HVAC and Industrial Mechanics","ALIESTFDNO","FBA","Industrial & Scientific",338575,"N/A","N/A","N/A","N/A","Borescopes",634,89.99,14,2,2,-100,119.76,119.7,15,4.6,"Lingborx","China",1,0,"N/A","Large Standard-Size",2.24,9.8,17.13,1.92,189.32,522.27,"10/31/2025",10,7,1,0.1
"https://amazon.com/dp/B0DSJG76KX","https://m.media-amazon.com/images/I/71ss+JCg+AL._SX450_.jpg","B0DSJG76KX","Sanyipace Sewer Camera 165FT/50M with Wheels and Retractable Handle, Self-Leveling, Support 512Hz Locator, Meter Counter, Video Audio Record, Speaker, Keyboard Input, 5x Zoom, 10"" HD Screen, 7mm Cable","Sanyipace","FBA","Industrial & Scientific",339357,"N/A","N/A","N/A","N/A","Borescopes",636,1059.99,20,5,2,,4664.08,1866.47,34,4,"Urselection","China",1,0,"N/A","Extra-large 50+ to 70 lb",16.3,19.5,24,35.7,2472.17,6180.42,"01/31/2026",14,7,10,0.15
"https://amazon.com/dp/B0DSJGPDB6","https://m.media-amazon.com/images/I/71TF7c7ORCL._SX450_.jpg","B0DSJGPDB6","Sanyipace Trolley Sewer Camera 100FT/30M with Self-Leveling, Retractable Handle, Equipped 512Hz Transmitter, Distance Counter, Microphone Speaker Keyboard, 10"" Color Screen, 7mm Cable","Sanyipace","FBA","Industrial & Scientific",339364,"N/A","N/A","N/A","N/A","Borescopes",636,859.99,-12,5,3,,4664.08,2064.55,34,4,"Urselection","China",1,0,"N/A","Large bulky",16,19,23,33,2265.93,5664.81,"01/31/2026",14,7,10,0.15
"https://amazon.com/dp/B0FPQQXHRW","https://m.media-amazon.com/images/I/71RTlA-Hr1L._SX450_.jpg","B0FPQQXHRW","Sanyipace Locator 512Hz, Underground Pipe Locator, Underground Cable Location Device, Sewer Camera Accessories, 3000mAh Battery Powered, Rechargeable Receiver Locating Wand - Blue & Black","Sanyipace","FBA","Industrial & Scientific",339477,"N/A","N/A","N/A","N/A","Borescopes",636,999.99,-1,5,1,,4664.08,732.7,34,4,"Urselection","China",1,0,"N/A","Large bulky",15.88,17.25,22,31.95,1953.02,4882.55,"01/31/2026",6,7,10,0.15
"https://amazon.com/dp/B0DP1Z4V17","https://m.media-amazon.com/images/I/71KEZQfH-7L._SX450_.jpg","B0DP1Z4V17","ESANHAO Sewer Camera 100ft, 4500mAh Battery, 0.9in/23mm Pipe Inspection Camera, Video & Audio Recording, Distance Counter,Snake Camera with Light (with Digital Distance Count)","ESANHAO","FBA","Industrial & Scientific",340982,"N/A","N/A","N/A","N/A","Borescopes",630,329.99,-38,6,5,,2429.25,1567.38,3,5,"ESANHAO Store","China",1,0,"N/A","Large bulky",11.22,12.56,14.61,13.71,667.23,1668.08,"02/28/2026",14,7,4,2.11
"https://amazon.com/dp/B0D4CFGXRL","https://m.media-amazon.com/images/I/713bQRNn7ZL._SX450_.jpg","B0D4CFGXRL","S50 Bndoscopy, 6mm Diameter 10.0MP Camera, 720° Steering, 1920 * 1080p High-Definition IPS Screen, Inspection Endoscope, Suitable for Automobile and Aircraft Mechanical Video Inspection Range","LIIAMOAR","FBA","Industrial & Scientific",341087,"N/A","N/A","N/A","N/A","Borescopes",639,218.49,-11,12,1,31,1073.53,244.39,30,4.4,"LIIAMOAR","China",1,0,"N/A","Large Standard-Size",11.4,4.3,12.6,2.86,310.97,857.85,"09/30/2025",21,8,4,0.39
"https://amazon.com/dp/B0D4CLNVT3","https://m.media-amazon.com/images/I/71V-7KvdrjL._SX450_.jpg","B0D4CLNVT3","Borescope, 7'' IPS Dual Lens 210° Two-Way Articulating Endoscope, 6 mm Tiny Flexible Snake Dual Camera with Light for Automotive and Aircraft Mechanical Video Inspection Scope","LIIAMOAR","FBA","Industrial & Scientific",341093,"N/A","N/A","N/A","N/A","Borescopes",639,189.99,-30,12,2,31,1073.53,305.98,30,4.4,"LIIAMOAR","China",1,0,"N/A","Large Standard-Size",15.7,8.2,3.2,2.8,207.41,572.18,"09/30/2025",23,8,4,0.39
"https://amazon.com/dp/B0DTPVML4K","https://m.media-amazon.com/images/I/718zf-Q4jTL._SX450_.jpg","B0DTPVML4K","JQKJCAM Sewer Camera Self Leveling 100FT,w/ 9"" HD 16GB Monitor,Waterproof 23MM Plumbing Drain Camera Snake with 12 Light Meter Counter for Pipes Inspection (30M)","JQKJCAM","FBA","Industrial & Scientific",342891,"N/A","N/A","N/A","N/A","Borescopes",644,532.94,-37,7,3,-24,4274.91,1774.23,3,5,"JJKJ Cam","China",1,189,"N/A","Large bulky",10.75,11.75,12,12.15,491.22,1228.04,"08/31/2024",13,8,7,2.43
"https://amazon.com/dp/B0DPG3263Z","https://m.media-amazon.com/images/I/718zf-Q4jTL._SX450_.jpg","B0DPG3263Z","Sewer Camera Self Leveling,9"" HD 16GB Screen JQKJCAM Drain Pipe Plumbing Camera Snake with 12 LED Light Meter Counter for Home Industrial Pipe Inspection (10M/32.8FT)","JQKJCAM","FBA","Industrial & Scientific",342911,"N/A","N/A","N/A","N/A","Borescopes",644,559,103,7,2,-24,4274.91,1264.14,3,5,"JJKJ Cam","China",1,189,"N/A","Large bulky",11,11.8,12.2,10.85,513.19,1282.98,"08/31/2024",15,8,7,2.43
"https://amazon.com/dp/B0CY83QTD4","https://m.media-amazon.com/images/I/71RmAuv--RL._SX450_.jpg","B0CY83QTD4","Self Leveling Sewer Camera with Locator 150FT,9"" 16GB HD Screen,JQKJCAM Drain Pipe Plumbing Sewer Scope Camera Snake with 12 Light Meter Counter for Precise Home Industrial Pipe Inspection (50M/165FT)","JQKJCAM","FBA","Industrial & Scientific",342943,"N/A","N/A","N/A","N/A","Borescopes",644,735,-14,7,1,-24,4274.91,674.95,21,4,"JJKJ Cam","China",1,189,"N/A","Large bulky",11.14,15.98,17.87,19.09,1030.93,2577.33,"08/31/2024",24,9,7,0.35
"https://amazon.com/dp/B0CHMT32JF","https://m.media-amazon.com/images/I/71nLbm117-L._SX450_.jpg","B0CHMT32JF","DEPSTECH 50FT Sewer Inspection Camera with 1080P Dual Lens, Led Light, 5"" IPS Screen, Split Screen, IP67 Waterproof Endoscope, 7.9mm Borescope Probe","DEPSTECH","FBA","Industrial & Scientific",343534,"N/A","N/A","N/A","N/A","Borescopes",646,119.99,-24,1,1,-123,143.18,143.11,144,4.1,"Depstech","China",1,32,-97,"Large Standard-Size",3.07,8.98,13.46,4.08,186.83,515.38,"02/29/2024",28,9,0,0.01
"https://amazon.com/dp/B0DP1ZV47C","https://m.media-amazon.com/images/I/71RHLbpmT9L._SX450_.jpg","B0DP1ZV47C","ESANHAO Sewer Camera 100ft, 4500mAh Battery, 0.9in/23mm Pipe Inspection Camera, Video & Audio Recording, Distance Counter,Snake Camera with Light (with Self-Leveling)","ESANHAO","FBA","Industrial & Scientific",343657,"N/A","N/A","N/A","N/A","Borescopes",647,359.99,-31,6,3,,2429.25,904.43,5,4.6,"ESANHAO Store","China",1,0,"N/A","Large bulky",11,12.5,14.2,13.45,632.75,1581.89,"02/28/2026",14,7,4,1.26
"https://amazon.com/dp/B0DHZQCZM4","https://m.media-amazon.com/images/I/41IqamkepbL._SX450_.jpg","B0DHZQCZM4","VNisenllc Industrial Endoscope Camera 0° Detector with Light Handheld High Brightness Borescope LED Mini Cold Light Source","VNisenllc","FBM","Industrial & Scientific",345551,717392803378,"N/A",0717392803378,"N/A","Borescopes",651,382,-11,14,4,533,2112.5,1424.82,3,5,"Northwolf","China",1,115,"N/A","N/A","N/A","N/A","N/A","N/A","N/A","N/A","02/28/2025",17,7,3,4.61
"https://amazon.com/dp/B0D1CLV28L","https://m.media-amazon.com/images/I/71JbFdkIuCL._SX450_.jpg","B0D1CLV28L","Borescope with Dual Cameras Rotating 360°, 5.0 MP Pixel HD Camera, 5 Inch IPS Screen, 16.5 ft Snake Pipe Inspection Endoscope for Automotive and Aircraft Mechanical Video Inspection Scope Black","LIIAMOAR","FBA","Industrial & Scientific",345578,"N/A","N/A","N/A","N/A","Borescopes",652,104.48,-25,12,3,31,1073.53,327.54,30,4.4,"LIIAMOAR","China",1,0,"N/A","Large Standard-Size",12.6,11,4.4,3.3,307.04,847,"09/30/2025",23,8,4,0.39
"https://amazon.com/dp/B0D16Y8FZM","https://m.media-amazon.com/images/I/61gVSVjmQIL._SX450_.jpg","B0D16Y8FZM","Borescope, Lighted Endoscope Camera, 2.0 MP HD Inspection, 4.3 Inch IPS Screen 1080P HD, IP67 Waterproof Pipe Snake Camera, 16.5ft Semi-Rigid Sewer Lens","LIIAMOAR","FBA","Industrial & Scientific",345581,"N/A","N/A","N/A","N/A","Borescopes",653,33.97,-28,12,6,31,1073.53,195.19,30,4.4,"LIIAMOAR","China",1,0,"N/A","Large Standard-Size",3.07,5.87,10.94,1.34,99.26,273.82,"09/30/2025",23,7,4,0.39
"https://amazon.com/dp/B0DG8LQGF3","https://m.media-amazon.com/images/I/71Gck12aymL._SX450_.jpg","B0DG8LQGF3","Sewer Camera with Locator with Self-Leveling and Distance Count, 512Hz Sonde IP68 Waterproof Cam, 9"" Pipe Drain Inspection with 12pcs Light, DVR with 32GB Card, 7mm Cable (250FT)","anysun","FBA","Industrial & Scientific",346144,717331218706,"N/A",0717331218706,"N/A","Borescopes",639,1369.99,-42,5,0,,5678.9,"-",9,3.3,"ToBestGift","China",1,0,"N/A","Large bulky",18,9,10,17,525,1312.5,"01/31/2026",36,8,5,0.52
"https://amazon.com/dp/B0DLW66T4W","https://m.media-amazon.com/images/I/71qG0Erf4-L._SX450_.jpg","B0DLW66T4W","Anysun Sewer Camera with Locator, Self Leveling Sewer Camera 100ft with Distance Counter, 10.1"" HD Monitor with Keypad and 7MM Cable, 5X Zoom(16GB Card)","anysun","FBA","Industrial & Scientific",348209,717813335990,"N/A",0717813335990,"N/A","Borescopes",656,999.99,-6,5,3,-42,5092.95,3466.91,4,2.8,"Nedive","Hong Kong",1,0,"N/A","Large bulky",15.5,17.4,24.8,30.25,2167.59,5418.97,"09/30/2025",16,7,2,1.21
"https://amazon.com/dp/B0DXPBQBHG","https://m.media-amazon.com/images/I/71qG0Erf4-L._SX450_.jpg","B0DXPBQBHG","Anysun Sewer Camera with Locator, Self Leveling Sewer Camera 165ft with Distance Counter, 10.1"" HD Monitor with Keypad and 7MM Cable, 5X Zoom(16GB Card)","anysun","FBA","Industrial & Scientific",348236,717690769659,"N/A",0717690769659,"N/A","Borescopes",657,1199.99,-26,5,1,-42,5092.95,1625.79,4,2.8,"Nedive","Hong Kong",1,0,"N/A","Large bulky",15.7,17.4,24.6,33,2177.85,5444.63,"09/30/2025",12,7,2,1.21
"https://amazon.com/dp/B073FFTKFR","https://m.media-amazon.com/images/I/91xFIdtjiYS._SX450_.jpg","B073FFTKFR","CaseSack Carrying Case for Industrial Endoscope, Large-Capacity design, universal for Endoscope.","CaseSack","FBM","Industrial & Scientific",348240,729680113519,"N/A",0729680113519,"N/A","Borescopes",658,24.68,4,3,3,-111,70.18,70.08,103,4.4,"Casesack","Hong Kong",1,17,-59,"Large Standard-Size",2.48,10,10.67,0.68,"N/A","N/A","03/31/2024",104,7,0,0.03
"https://amazon.com/dp/B0G584RGRQ","https://m.media-amazon.com/images/I/71CYp9Z-bhL._SX450_.jpg","B0G584RGRQ","Dual-Lens Endoscope Camera with Light, 1920P HD Borescope with 8 Adjustable LEDs, 16.4FT Semi-Rigid Snake Cord, IP68 Waterproof Inspection Tool for iPhone, Android, Automotive, Plumbing, HVAC (7.9mm)","NOUSV","FBA","Industrial & Scientific",348527,"N/A","N/A","N/A","N/A","Borescopes",658,26.99,33,10,10,,247.32,247.14,1,5,"aileking-us","China",1,0,"N/A","Large Standard-Size",5.12,5.12,1.54,0.34,20.25,55.86,"01/31/2026",3,9,0,9.58
"https://amazon.com/dp/B0D9GC35PW","https://m.media-amazon.com/images/I/81M1qpgy1zL._SX450_.jpg","B0D9GC35PW","Turn Raise Original Endoscope Camera Carrying Case, Wireless Borescope Storage Bag for WiFi & USB Scope Camera, Large-Capacity Hardshell Organizer for 5"" Screen Inspection Camera Cable Less Than 15m","TURN RAISE","FBA","Industrial & Scientific",349360,"N/A","N/A","N/A","N/A","Borescopes",660,29.99,21,5,5,-106,136.62,136.49,8,5,"TurnRaiseDirect","China",1,137,"N/A","Large Standard-Size",4.06,7.64,8.98,0.79,140.24,386.87,"11/30/2025",20,7,0,0.57
"https://amazon.com/dp/B0BXT1XWGK","https://m.media-amazon.com/images/I/71PGPg+S1gL._SX450_.jpg","B0BXT1XWGK","Sewer Camera with Locator with Self-Leveling and Distance Count, 512Hz Sonde IP68 Waterproof Cam, 9"" Pipe Drain Inspection with 12pcs Light, DVR with 32GB Card, 7mm Cable (150FT)","anysun","FBA","Industrial & Scientific",349907,772123252399,00772123252399,0772123252399,"N/A","Borescopes",662,1199.99,-22,5,1,,5678.9,1314.57,9,3.3,"ToBestGift","China",1,0,"N/A","Large bulky",13.5,19.1,20.8,23.65,1738.1,4345.25,"01/31/2026",36,8,5,0.52
"https://amazon.com/dp/B0BXSZHSYF","https://m.media-amazon.com/images/I/71Gck12aymL._SX450_.jpg","B0BXSZHSYF","Sewer Camera with Locator with Self-Leveling and Distance Count, 512Hz Sonde IP68 Waterproof Cam, 9"" Pipe Drain Inspection with 12pcs Light, DVR with 32GB Card, 7mm Cable (100FT)","anysun","FBA","Industrial & Scientific",349944,772123252405,"N/A",0772123252405,"N/A","Borescopes",662,1139.99,-40,5,2,,5678.9,2291.6,9,3.3,"ToBestGift","China",1,0,"N/A","Large bulky",13,19,20.9,22,1672.97,4182.42,"01/31/2026",36,8,5,0.52
"https://amazon.com/dp/B0DG8KZYNW","https://m.media-amazon.com/images/I/71Gck12aymL._SX450_.jpg","B0DG8KZYNW","Sewer Camera with Locator 300ft with Self-Leveling and Distance Count, 512Hz Sonde IP68 Waterproof Cam, 9"" Pipe Drain Inspection with 12pcs Light, DVR with 32GB Card, 7mm Cable","anysun","FBA","Industrial & Scientific",350761,717331218720,"N/A",0717331218720,"N/A","Borescopes",661,1459.99,-17,5,0,,5678.9,"-",9,3.3,"ToBestGift","China",1,0,"N/A","Large bulky",19,11,10,18,677.31,1693.29,"01/31/2026",36,8,5,0.52
"https://amazon.com/dp/B0F6V19NNQ","https://m.media-amazon.com/images/I/71udZI1xgpL._SX450_.jpg","B0F6V19NNQ","Sewer Camera 100ft,SPRIDRAIN Drain Pipe Camera HD 4.3in Screen with 32GB DVR,Waterproof IP68 Works Underwater Up to 10Meters Sewer Inspection borescopes for Plumber(Fits Pipes>0.7"" Diameter,100ft/30M)","SPRIDRAIN","FBA","Industrial & Scientific",351027,"N/A","N/A","N/A","N/A","Borescopes",664,224.99,-12,7,5,4,1688.69,1233.88,2,5,"SYANSPAN TECH","China",1,0,"N/A","Large Standard-Size",12,12,7.5,8.6,543.75,1500,"10/31/2025",10,9,2,3.67
"https://amazon.com/dp/B07P2JLJNN","https://m.media-amazon.com/images/I/71MxKI62loL._SX450_.jpg","B07P2JLJNN","30M Cable for Sewer Camera (7D1-30M-Cable)(Only for Brands: HBUDS, IHBUDS, Anysuns)","HBUDS","FBM","Industrial & Scientific",352914,"N/A","N/A",8011657107259,"N/A","Borescopes",747,219.99,-54,4,1,,972.36,305.64,13,3.9,"Hanxuan tech","China",1,59,-16,"N/A","N/A","N/A","N/A","N/A","N/A","N/A","03/31/2025",84,7,3,0.35