"URL","Image URL","ASIN","Title","Brand","Fulfillment","Category","BSR","UPC","GTIN","EAN","ISBN","Subcategory","Subcategory BSR","Price","Price Trend (90 days) (%)","Parent Level Sales","ASIN Sales","Sales Trend (90 days) (%)","Parent Level Revenue","ASIN Revenue","Review Count","Reviews Rating","Seller","Seller Country/Region","Number of Active Sellers","Last Year Sales","Sales Year Over Year (%)","Size Tier","Length","Width","Height","Weight","Storage Fee (Jan - Sep)","Storage Fee (Oct - Dec)","Best Sales Period","Age (Month)","Number of Images","Variation Count","Sales to Reviews"
"https://amazon.com/dp/B00UW6OQYI","https://m.media-amazon.com/images/I/71cUIa4aAgL._SX450_.jpg","B00UW6OQYI","Vividia TVS-300DVR Telescopic Industrial Video Inspection Camera System 3 Meter Long with DVR Recording, 5"" LCD Screen and Sturdy Case","VIVIDIA","FBM","Industrial & Scientific",858828,759119543921,"N/A",0759119543921,"N/A","Borescopes",1374,799.98,-12,0,0,-130,"-","-",2,3.6,"Oasis Scientific Inc.","USA",1,7,133,"Large bulky",5.5,11.7,37.75,15.2,"N/A","N/A","11/30/2025",131,9,0,0
"https://amazon.com/dp/B09QBDSQ19","https://m.media-amazon.com/images/I/519KvjGBfHL._SX450_.jpg","B09QBDSQ19","Vividia CT-4010 LCD/WiFi Flexible Two-Way Articulating Inspection Camera Borescope Videoscope with 4mm (0.16"") Diameter 1.0m Long Waterproof IP67 Probe","VIVIDIA","FBM","Industrial & Scientific",859913,"N/A","N/A","N/A","N/A","Borescopes",1379,999.98,-3,1,1,200,1149.2,1149.12,"N/A","N/A","Oasis Scientific Inc.","USA",1,4,-43,"N/A","N/A","N/A","N/A","N/A","N/A","N/A","09/30/2024",50,4,0,"N/A"
"https://amazon.com/dp/B093XGQSNL","https://m.media-amazon.com/images/I/81Ik+iq2NmL._SX450_.jpg","B093XGQSNL","Video Snake Wall Inspection System","Video Snake","FBA","Industrial & Scientific",860523,"N/A","N/A","N/A","N/A","Borescopes",1400,1499.99,"N/A",2,0,20,3425.19,"-",24,3.1,"ValueValet","Canada",0,20,122,"N/A","N/A","N/A","N/A","N/A","N/A","N/A","02/28/2025",58,9,7,0.1
"https://amazon.com/dp/B0DDT8R3BJ","https://m.media-amazon.com/images/I/71fsTd8D8KL._SX450_.jpg","B0DDT8R3BJ","Anysun Sewer Inspection Camera with Locator, Self Leveling, Distance Counter, 7MM 165 Ft Cable, Pipe Camera with 10'' Color Screen DVR, IP68 Waterproof Plumbing Snake Camera for Pipe Inspection","anysun","FBA","Industrial & Scientific",861160,"N/A","N/A","N/A","N/A","Borescopes",1379,899.99,-7,0,0,-200,"-","-",2,3.6,"HZDZ_Shop","Hong Kong",1,0,"N/A","Large bulky",15.5,17.5,24.75,34,2175.65,5439.13,"04/30/2025",17,7,0,0
"https://amazon.com/dp/B0CRYQXBMT","https://m.media-amazon.com/images/I/71dEZHXMLSL._SX450_.jpg","B0CRYQXBMT","JINXINEBAY 9'' Monitor Sewer Camera,HD 1000TVL,0.072ft/22mm Endoscope with 12pcs LED Lights, IP68 Waterproof Pipe Drain Inspection Camera with DVR 16GB TF Card (30M/98.4FT)","JINXINEBAY","FBA","Industrial & Scientific",861358,"N/A","N/A","N/A","N/A","Borescopes",1384,259.99,-49,0,0,-150,"-","-",4,4.6,"JINXINEBAY Store","China",1,8,"N/A","Large Standard-Size",7,14,16,12.1,789.44,2177.78,"06/30/2024",26,8,3,0
"https://amazon.com/dp/B0D3KPCPP1","https://m.media-amazon.com/images/I/71dEZHXMLSL._SX450_.jpg","B0D3KPCPP1","JINXINEBAY 9'' Monitor Sewer Camera,HD 1000TVL,0.072ft/22mm Endoscope with 12pcs LED Lights, IP68 Waterproof Pipe Drain Inspection Camera with DVR 16GB TF Card (10M/33FT)","JINXINEBAY","FBA","Industrial & Scientific",861359,"N/A","N/A","N/A","N/A","Borescopes",1384,199.99,-41,0,0,-150,"-","-",4,4.6,"JINXINEBAY Store","China",1,8,"N/A","Large bulky",14.8,7.59,16.4,14.32,597.02,1492.56,"06/30/2024",22,8,3,0
"https://amazon.com/dp/B0CRYC49DZ","https://m.media-amazon.com/images/I/71dEZHXMLSL._SX450_.jpg","B0CRYC49DZ","JINXINEBAY 9'' Monitor Sewer Camera,HD 1000TVL,0.072ft/22mm Endoscope with 12pcs LED Lights, IP68 Waterproof Pipe Drain Inspection Camera with DVR 16GB TF Card (20M/65.6FT)","JINXINEBAY","FBA","Industrial & Scientific",861359,"N/A","N/A","N/A","N/A","Borescopes",1384,239.99,-49,0,0,-150,"-","-",4,4.6,"JINXINEBAY Store","China",1,8,"N/A","Large Standard-Size",7,14,16,11.57,789.44,2177.78,"06/30/2024",26,8,3,0
"https://amazon.com/dp/B0DG594PYN","https://m.media-amazon.com/images/I/81pZUEil2qL._SX450_.jpg","B0DG594PYN","Sewer Camera Self Leveling with Distance Counter & Keyboard, 7MM Thicker Pushrod, 10.1'' Large HD Monitor, 100Ft/30M Sewer Pipe Inspection Camera IP68 with DVR & SD Card Industrial Borescope Snake","MACMORE","FBA","Industrial & Scientific",861772,"N/A","N/A","N/A","N/A","Borescopes",1380,550,-30,0,0,-133,"-","-",1,1,"DCCSHOP","China",1,16,"N/A","Large bulky",15.83,17.4,17.48,26.83,1560.33,3900.82,"02/28/2025",15,7,0,0
"https://amazon.com/dp/B0DLNMQVG5","https://m.media-amazon.com/images/I/61pEnN8kovL._SX450_.jpg","B0DLNMQVG5","Endoscope Camera with Light","gogolux","FBM","Industrial & Scientific",862386,"N/A","N/A",6949312306490,"N/A","Borescopes",1381,29.9,-1,0,0,,"-","-",3,4.2,"Womfenn US Official","China",1,1,"N/A","N/A","N/A","N/A","N/A","N/A","N/A","N/A","12/31/2024",16,1,0,0
"https://amazon.com/dp/B07PV16M5L","https://m.media-amazon.com/images/I/61l4otnNQcL._SX450_.jpg","B07PV16M5L","Video Snake SWJ-3388T Wall Inspection System, Black","Video Snake","FBA","Industrial & Scientific",862521,811640014315,"N/A",0811640014315,"N/A","Borescopes",1401,1499.99,-83,2,2,20,3425.19,3425.13,24,3.1,"ValueValet","Canada",1,20,122,"Extra-large 50+ to 70 lb",14.1,23.5,27.2,30.85,2920.79,7301.97,"02/28/2025",119,9,7,0.1
"https://amazon.com/dp/B0DFBX5K4H","https://m.media-amazon.com/images/I/51vKDFGTpYL._SX450_.jpg","B0DFBX5K4H","Ubxvamm Endoscope Camera with Light, Borescope with Adjustable LED Light,Endoscope Camera,Waterproof Inspection Cameras","Ubxvamm","FBM","Industrial & Scientific",867444,"N/A","N/A",7671300024862,"N/A","Borescopes",1388,11.16,1,1,0,,6.12,"-",1,5,"MIlsfna","China",2,7,"N/A","N/A","N/A","N/A","N/A","N/A","N/A","N/A","09/30/2024",18,8,6,0.55
"https://amazon.com/dp/B0DFBTRKSG","https://m.media-amazon.com/images/I/51vKDFGTpYL._SX450_.jpg","B0DFBTRKSG","Ubxvamm Endoscope Camera with Light, Borescope with Adjustable LED Light,Endoscope Camera,Waterproof Inspection Cameras","Ubxvamm","FBM","Industrial & Scientific",867444,"N/A","N/A",7671300047502,"N/A","Borescopes",1388,10.35,-22,1,0,,6.12,"-",1,5,"qiqiaokejiyouxiangongsi","China",1,7,"N/A","N/A","N/A","N/A","N/A","N/A","N/A","N/A","09/30/2024",18,8,6,0.55
"https://amazon.com/dp/B0DFBSJYXG","https://m.media-amazon.com/images/I/51vKDFGTpYL._SX450_.jpg","B0DFBSJYXG","Ubxvamm Endoscope Camera with Light, Borescope with Adjustable LED Light,Endoscope Camera,Waterproof Inspection Cameras","Ubxvamm","FBM","Industrial & Scientific",867444,"N/A","N/A",7671300024855,"N/A","Borescopes",1388,12.95,-26,1,0,,6.12,"-",1,5,"MIlsfna","China",1,7,"N/A","N/A","N/A","N/A","N/A","N/A","N/A","N/A","09/30/2024",18,8,6,0.55
"https://amazon.com/dp/B0D5VQGVGX","https://m.media-amazon.com/images/I/71k9k2OtLgL._SX450_.jpg","B0D5VQGVGX","Vividia UV-100 Semi-Rigid USB UV White LED Light Inspection Camera Borescope with Side-View Camera","VIVIDIA","FBM","Industrial & Scientific",868620,"N/A","N/A","N/A","N/A","Borescopes",1386,299.98,-37,0,0,,"-","-","N/A","N/A","Oasis Scientific Inc.","USA",1,5,"N/A","N/A","N/A","N/A","N/A","N/A","N/A","N/A","10/31/2024",21,9,0,"N/A"
"https://amazon.com/dp/B0FKGNSWW8","https://m.media-amazon.com/images/I/71dQtIEOejL._SX450_.jpg","B0FKGNSWW8","Self-Leveling Sewer Camera, 200ft Cable Pipe Cameras System, HD1200TVL Stainless Steel Shell Infinitely Dimmable 12PCS LED IP68 Waterproof Inspection-Camera W/ 9-Inch Monitor, 8G Memory Card","HCYHSLH","FBM","Industrial & Scientific",871207,758483466980,"N/A",0758483466980,"N/A","Borescopes",1390,421.66,-20,0,0,300,"-","-","N/A","N/A","Himarll","China",1,0,"N/A","Large bulky",20.23,16.54,10.63,17.63,"N/A","N/A","01/31/2026",7,10,0,"N/A"
"https://amazon.com/dp/B0FF9J7JSP","https://m.media-amazon.com/images/I/71bZ7DAcm7L._SX450_.jpg","B0FF9J7JSP","VEVOR Sewer Pipe Inspection Robot, 394FT Pipeline Detection Crawling Robot with 2MP Front/Rear Cameras & Touchscreen Tablet, IP68 Plumbing Camera with Lights & Distance Counter for Industrial Pipes","VEVOR","FBM","Industrial & Scientific",874315,197988146971,"N/A",0197988146971,"N/A","Borescopes",1389,7119.99,"N/A",0,0,-139,"-","-","N/A","N/A","VEVOR Shop","China",1,0,"N/A","Extra-large 70+ to 150 lb",31.1,22.44,18.9,83.33,"N/A","N/A","11/30/2025",8,9,2,"N/A"
"https://amazon.com/dp/B07PWYL7YW","https://m.media-amazon.com/images/I/61F06wD7+GL._SX450_.jpg","B07PWYL7YW","Vividia ME-610 Industrial Automotive Articulating Videoscope Borescope Inspection Camera with Detachable 6mm x 1m Joystick-Controlled 360 Degree Articulation Probe","VIVIDIA","FBM","Industrial & Scientific",875395,"N/A","N/A","N/A","N/A","Borescopes",1397,1299.98,-6,1,1,-25,1079.92,1079.9,3,4.3,"Oasis Scientific Inc.","USA",1,3,-63,"N/A","N/A","N/A","N/A","N/A","N/A","N/A","10/31/2024",83,7,0,0.27
"https://amazon.com/dp/B0CSG8YHJ4","https://m.media-amazon.com/images/I/61zmKw04zSL._SX450_.jpg","B0CSG8YHJ4","Garvee Sewer Camera with 512Hz Locator, 165ft Snake Self-Leveling Camera, 9"" 1080P HD Screen Pipe Inspection Camera, DVR and Adjustable LEDs, 16 GB SD Card, IP68 Camera.For Sewer Line, Duct Drain Pipe","Garvee","-","Industrial & Scientific",879574,198290787500,"N/A",0198290787500,"N/A","Borescopes",1404,1799.99,-116,1,1,,1799.99,1799.98,"N/A","N/A",,"N/A",1,0,"N/A","N/A","N/A","N/A","N/A","N/A","N/A","N/A","01/31/2026",26,6,0,"N/A"
"https://amazon.com/dp/B09L16F7YB","https://m.media-amazon.com/images/I/61I3x9vt+pL._SX450_.jpg","B09L16F7YB","0.9inch/23mm Sewer Camera Head Accessories Self-Leveling for Industrial Drain Pipe Endoscope Camera with Wheel and Protective Cover","SYANSPAN","FBM","Industrial & Scientific",883376,"N/A","N/A","N/A","N/A","Borescopes",1404,368.99,-65,0,0,,"-","-",2,2.4,"pipe camera","China",1,2,"N/A","Large Standard-Size",6.7,3.9,2,1.1,"N/A","N/A","05/31/2024",52,6,0,0
"https://amazon.com/dp/B0C9SKGWZ9","https://m.media-amazon.com/images/I/51Qeo6MMbPL._SX450_.jpg","B0C9SKGWZ9","Endoscope, IP67 Borescope Inspection 2.0 Megapixels HD Snake Camera for Android and iOS Smartphone, Phone, PAD, Black, Compatible with Micro U","Yunseity","FBA","Industrial & Scientific",883797,"N/A","N/A","N/A","N/A","Borescopes",1405,14.47,-9,0,0,,"-","-",1,4,"Liccx","China",2,5,-74,"Large Standard-Size",5.12,4.72,1.57,0.37,19.17,52.89,"08/31/2024",32,9,0,0
"https://amazon.com/dp/B0FF9HZ75C","https://m.media-amazon.com/images/I/71bZ7DAcm7L._SX450_.jpg","B0FF9HZ75C","VEVOR Sewer Pipe Inspection Robot, 197FT Pipeline Detection Crawling Robot with 2MP Front/Rear Cameras & Touchscreen Tablet, IP68 Plumbing Camera with Lights & Distance Counter for Industrial Pipes","VEVOR","FBM","Industrial & Scientific",883875,197988145882,"N/A",0197988145882,"N/A","Borescopes",1408,6299.9,-39,0,0,-139,"-","-","N/A","N/A","VEVOR Shop","China",1,0,"N/A","Extra-large 70+ to 150 lb",31.1,22.44,18.9,74.08,"N/A","N/A","11/30/2025",8,9,2,"N/A"
"https://amazon.com/dp/B0CH8XVVD2","https://m.media-amazon.com/images/I/61CrSA3uKZL._SX450_.jpg","B0CH8XVVD2","Endoscope Borescope Camera Industrial 7mm IP67 USB Pipe Inspection for Measuring Pipes (1M)","Walfront","FBA","Industrial & Scientific",884354,"N/A","N/A","N/A","N/A","Borescopes",1406,13.01,-18,0,0,-144,"-","-","N/A","N/A","numuqia-US","China",2,15,"N/A","Large Standard-Size",4.72,4.72,1.57,0.15,17.7,48.82,"10/31/2025",30,9,1,"N/A"
"https://amazon.com/dp/B07BZB3XDF","https://m.media-amazon.com/images/I/61paBHc2tvL._SX450_.jpg","B07BZB3XDF","USB 3 in 1 Endoscope Inspection Camera 0.3 Megapixels IP67 Snake Camera with 6 Adjustable Led Light for Android Micro/Type C/USB PC – 1.5M Black","Walfront","FBM","Industrial & Scientific",886078,654936735552,"N/A",0654936735552,"N/A","Borescopes",1408,17.57,-32,1,1,50,19.5,19.46,26,3,"nineone","China",1,8,14,"Large Standard-Size",1.22,4.72,4.8,0.2,"N/A","N/A","02/29/2024",95,9,0,0.04
"https://amazon.com/dp/B0DJT7SPXW","https://m.media-amazon.com/images/I/71+fe6lLfDL._SX450_.jpg","B0DJT7SPXW","Endoscope(E01) for Ulefone Armor 33/30/28/27/26/24/21/19/18/13/9 Series, Pad 4 Ultra/Pad 3 Pro/Pad 2/Pad Series, IP67 Waterproof 3 in 1, Practical Inspection Tool","Ulefone","FBA","Industrial & Scientific",887452,"N/A","N/A","N/A","N/A","Borescopes",1409,69.99,-11,0,0,-133,"-","-",3,4.6,"SMART TECH PHONE","China",1,0,"N/A","Large Standard-Size",3.94,1.97,5.91,0.44,23.04,63.57,"07/31/2025",17,7,0,0
"https://amazon.com/dp/B0DFYYPLQS","https://m.media-amazon.com/images/I/61LSxgVjBbL._SX450_.jpg","B0DFYYPLQS","Industrial Borescope Camera 7mm Diameter 2m Cable USB-C 2MP for Pipeline Inspection Aluminum Alloy","Bewinner","FBM","Industrial & Scientific",892547,"N/A","N/A","N/A","N/A","Borescopes",1410,13.62,-27,1,1,500,16.29,16.25,"N/A","N/A","Bewinner","China",2,8,"N/A","Small Standard-Size",5.12,4.72,0.39,0.11,"N/A","N/A","08/31/2025",18,9,0,"N/A"
"https://amazon.com/dp/B06XNWQ96Z","https://m.media-amazon.com/images/I/61U6wUQTxKL._SX450_.jpg","B06XNWQ96Z","PK Power AC/DC Adapter for Snapon BK6000 Borescope Inspection Camera 12VDC Power Supply Cord Cable PS Wall Home Battery Charger Mains PSU (Note: NOT Fit 5V DC Type. Thanks.)","PKPOWER","FBM","Industrial & Scientific",900389,794959584710,"N/A",0794959584710,"N/A","Borescopes",1409,13.89,-39,0,0,,"-","-",1,5,"PK-Power","China",1,8,"N/A","N/A","N/A","N/A","N/A","N/A","N/A","N/A","09/30/2025",108,5,0,0
"https://amazon.com/dp/B01FLYOCGM","https://m.media-amazon.com/images/I/41n4sAvIwFL._SX450_.jpg","B01FLYOCGM","Supereyes Y003 5.4mm Waterproof Handheld USB Digital Microscope Magnifier Borescope Endoscope with Side Mirrors","Supereyes","FBA","Industrial & Scientific",900712,646437195454,"N/A",0646437195454,"N/A","Borescopes",1423,75,-22,0,0,100,"-","-",14,3,"Supereyes Official","China",1,13,-28,"Large Standard-Size",1.77,3.62,7.4,0.45,23.91,65.97,"02/28/2025",118,9,0,0
"https://amazon.com/dp/B0FLY67WHM","https://m.media-amazon.com/images/I/61cr6vnYZIL._SX450_.jpg","B0FLY67WHM","Saker T40 Endoscope","Saker","FBM","Industrial & Scientific",905421,"N/A","N/A","N/A","N/A","Borescopes",1425,59.99,-18,0,0,,"-","-","N/A","N/A","SAKER BM","China",1,0,"N/A","N/A","N/A","N/A","N/A","N/A","N/A","N/A","09/30/2025",7,9,0,"N/A"
"https://amazon.com/dp/B0B3HLDBN6","https://m.media-amazon.com/images/I/61lzmm0gVDL._SX450_.jpg","B0B3HLDBN6","Video Image-Scaling 98ft Sewer Camera HD 1080P Distanc Counter 10.1inch Pipe Inspection Camera 512HZ Locator 10-50M Self-Leveling Video Audio Recording Endoscop for for Plumber, Homeowners(30m)","SYANSPAN","FBM","Industrial & Scientific",905547,"N/A","N/A","N/A","N/A","Borescopes",1425,1490.23,-65,0,0,100,"-","-","N/A","N/A","pipe camera","China",1,5,-44,"Large bulky",16.54,14.17,18.9,33.07,"N/A","N/A","02/28/2025",45,7,5,"N/A"
"https://amazon.com/dp/B0CRRWDNC5","https://m.media-amazon.com/images/I/510BFgxdy9L._SX450_.jpg","B0CRRWDNC5","Sewer Camera Big Guide Wheel Expandable,JQKJCAM Pipe Sewer Inspection Camera Accessory Parts Attachment for 0.9''/23MM Camera Head,Protector Standing and Skid for Drain Borescope","JQKJCAM","FBM","Industrial & Scientific",905688,"N/A","N/A","N/A","N/A","Borescopes",1426,186,-66,0,0,,"-","-",10,3.9,"JJKJ Cam","China",1,0,"N/A","Large Standard-Size",13.78,7.09,5.1,3.57,"N/A","N/A","08/31/2025",26,6,0,0
"https://amazon.com/dp/B0B3HFW1YN","https://m.media-amazon.com/images/I/61lzmm0gVDL._SX450_.jpg","B0B3HFW1YN","Video Image-Scaling 65ft Sewer Camera HD 1080P Distanc Counter 10.1inch Pipe Inspection Camera 512HZ Locator 10-50M Self-Leveling Video Audio Recording Endoscop for for Plumber, Homeowners(20m)","SYANSPAN","FBM","Industrial & Scientific",906662,"N/A","N/A","N/A","N/A","Borescopes",1420,1370,"N/A",0,0,100,"-","-","N/A","N/A","pipe camera","China",0,5,-44,"Large bulky",16.54,14.17,18.9,33.07,"N/A","N/A","02/28/2025",45,7,5,"N/A"
"https://amazon.com/dp/B0B3H6FHZ2","https://m.media-amazon.com/images/I/61lzmm0gVDL._SX450_.jpg","B0B3H6FHZ2","Video Image-Scaling 131ft Sewer Camera HD 1080P Distanc Counter 10.1inch Pipe Inspection Camera 512HZ Locator 10-50M Self-Leveling Video Audio Recording Endoscop for for Plumber, Homeowners(40m)","SYANSPAN","FBM","Industrial & Scientific",908172,"N/A","N/A","N/A","N/A","Borescopes",1430,1517.79,-74,0,0,100,"-","-","N/A","N/A","pipe camera","China",1,5,-44,"Large bulky",16.54,14.17,18.9,33.07,"N/A","N/A","02/28/2025",45,7,5,"N/A"
"https://amazon.com/dp/B0B3HJ8W92","https://m.media-amazon.com/images/I/61lzmm0gVDL._SX450_.jpg","B0B3HJ8W92","Video Image-Scaling 33ft Sewer Camera HD 1080P Distanc Counter 10.1inch Pipe Inspection Camera 512HZ Locator 10-50M Self-Leveling Video Audio Recording Endoscop for for Plumber, Homeowners(10m)","SYANSPAN","FBM","Industrial & Scientific",908189,"N/A","N/A","N/A","N/A","Borescopes",1430,1370,-67,0,0,100,"-","-","N/A","N/A","pipe camera","China",1,5,-44,"Large bulky",16.54,14.17,18.9,33.07,"N/A","N/A","02/28/2025",45,7,5,"N/A"
"https://amazon.com/dp/B0DK9PRGJT","https://m.media-amazon.com/images/I/81d0hSA7LIL._SX450_.jpg","B0DK9PRGJT","Sewer Camera with 512Hz Transmitter, Self-Leveling, Distance Counter, 5X Zoom, IP68 Waterproof, 1.26""/32mm Camera, 0.35''/9mm Cable with Wheel, 10"" IPS Monitor, Speaker & Mic, DVR with 32GB (250FT)","PeachLeaf","FBM","Industrial & Scientific",909446,717331239251,"N/A",0717331239251,"N/A","Borescopes",1436,2899.99,-8,0,0,-75,"-","-",2,5,"YoJo-Tech","China",1,0,"N/A","Extra-large 70+ to 150 lb",26,15,27,49,"N/A","N/A","04/30/2025",16,7,3,0
"https://amazon.com/dp/B0DK9ND8DN","https://m.media-amazon.com/images/I/81d0hSA7LIL._SX450_.jpg","B0DK9ND8DN","Sewer Camera with 512Hz Transmitter, Self-Leveling, Distance Counter, 5X Zoom, IP68 Waterproof, 1.26""/32mm Camera, 0.35''/9mm Cable with Wheel, 10"" IPS Monitor, Speaker & Mic, DVR with 32GB (200FT)","PeachLeaf","FBM","Industrial & Scientific",909465,717331239275,"N/A",0717331239275,"N/A","Borescopes",1436,2699.99,3,0,0,-75,"-","-",2,5,"YoJo-Tech","China",1,0,"N/A","Extra-large 70+ to 150 lb",26,15,27,48,"N/A","N/A","04/30/2025",16,7,3,0
"https://amazon.com/dp/B09KKVNQFW","https://m.media-amazon.com/images/I/31xBw45rgPL._SX450_.jpg","B09KKVNQFW","Vividia TVS-360 Telescopic Carbon Fiber Pole 1920x1080 Full HD Waterproof Pan-Tilt Inspection Camera with 7"" LCD Monitor (Max. 5m Long Pole)","VIVIDIA","FBM","Industrial & Scientific",910204,"N/A","N/A","N/A","N/A","Borescopes",1437,2999.98,-37,1,1,,4185.76,2860.42,"N/A","N/A","Oasis Scientific Inc.","USA",1,15,400,"N/A","N/A","N/A","N/A","N/A","N/A","N/A","04/30/2025",52,9,2,"N/A"
"https://amazon.com/dp/B09KKGZR9G","https://m.media-amazon.com/images/I/31xBw45rgPL._SX450_.jpg","B09KKGZR9G","Vividia TVS-360 Telescopic Carbon Fiber Pole 1920x1080 Full HD Waterproof Pan-Tilt Inspection Camera with 7"" LCD Monitor (Max. 8.5m Long Pole)","VIVIDIA","FBM","Industrial & Scientific",910477,"N/A","N/A","N/A","N/A","Borescopes",1430,3999.98,-25,1,0,,4185.76,"-","N/A","N/A","Oasis Scientific Inc.","USA",1,15,400,"N/A","N/A","N/A","N/A","N/A","N/A","N/A","04/30/2025",52,9,2,"N/A"
"https://amazon.com/dp/B0B3HBFCPJ","https://m.media-amazon.com/images/I/61lzmm0gVDL._SX450_.jpg","B0B3HBFCPJ","SYANSPAN Sewer Inspection Camera HD 1080P 10.1"" Pipe Inspection Camera 512Hz Locator 10-50M Self-Leveling Video Audio Recording Endoscope for Plumber, Homeowners","SYANSPAN","FBM","Industrial & Scientific",911323,"N/A","N/A","N/A","N/A","Borescopes",1434,1541.95,-60,0,0,100,"-","-","N/A","N/A","pipe camera","China",1,5,-44,"Large bulky",16.54,14.17,18.9,33.07,"N/A","N/A","02/28/2025",45,7,5,"N/A"
"https://amazon.com/dp/B0FF36FMFD","https://m.media-amazon.com/images/I/71TeicBC9uL._SX450_.jpg","B0FF36FMFD","Articulating Borescopes TD500 3.9/8.5 mm Single/Dual Lens Inspection Camera All-in-One Articulating Inspection Camera 1920x1080 Resolution Photos & Videos(Single len-3.9mm-1.55)","PUSILIN","FBM","Industrial & Scientific",911570,"N/A","N/A","N/A","N/A","Borescopes",1430,442.76,-31,0,0,,"-","-","N/A","N/A","Pusilin","China",1,0,"N/A","N/A","N/A","N/A","N/A","N/A","N/A","N/A","01/31/2026",8,9,0,"N/A"
"https://amazon.com/dp/B0D3BNVFHN","https://m.media-amazon.com/images/I/71nBILcStKL._SX450_.jpg","B0D3BNVFHN","SYANSPAN Sewer Inspection Camera - 9"" 1080P HD Screen, 512Hz Transmitter & Receiver, 16GB DVR, Self-Leveling (40M/131ft)","SYANSPAN","FBA","Industrial & Scientific",912807,"N/A","N/A","N/A","N/A","Borescopes",1436,1449.99,-63,1,0,200,1467.18,"-",2,5,"pipe camera","China",1,13,"N/A","Large bulky",9.61,16.54,20.08,17.11,1034.35,2585.87,"12/31/2024",22,7,4,0.56
"https://amazon.com/dp/B0CLR1L4N7","https://m.media-amazon.com/images/I/71RrJKkuPqL._SX450_.jpg","B0CLR1L4N7","Articulating Borescope Inspection Camera HD1080P, Endoscope Automotive Scope with 8GB Memory Card, 5"" LCD Display, 3 Level LED Light and lP67 Waterproof Camera Lens Diameter 6.35mm","MOTOCOCHE","FBA","Industrial & Scientific",914654,"N/A","N/A","N/A","N/A","Borescopes",1441,94.49,-41,0,0,-100,"-","-",1,5,"MOTOCOCHE Direct","China",1,1,-92,"Large Standard-Size",8.6,3.5,16.5,2.76,250.05,689.79,"06/30/2024",28,7,0,0
"https://amazon.com/dp/B0FT33Q1BX","https://m.media-amazon.com/images/I/61li9lNP1RL._SX450_.jpg","B0FT33Q1BX","Endoscope with Light,1080P HD Borescope Camera with 8 Adjustable LED Lights 8mm Lens, Inspection Camera with 16.5ft Semi-Rigid Cable, Compatible with for iOS and Android","Acrbiutu","FBA","Industrial & Scientific",914999,"N/A","N/A","N/A","N/A","Borescopes",1440,17.99,-20,1,1,167,19.94,19.89,2,3.2,"Acrbiutu","Hong Kong",1,0,"N/A","Large Standard-Size",3.94,3.94,1.18,0.04,9.22,25.43,"10/31/2025",5,6,0,0.55
"https://amazon.com/dp/B08B8HXBCP","https://m.media-amazon.com/images/I/51841lJrADL._SX450_.jpg","B08B8HXBCP","Y102 USB IP67 Endoscope USB 3 in 1 Endoscope 5.5mm Lens 6LED 5M Cable Borescope Inspection Camera","Walfront","FBM","Industrial & Scientific",917629,"N/A","N/A","N/A","N/A","Borescopes",1434,12.23,-16,0,0,-127,"-","-",4,2.2,"Luoyuu","China",1,5,-29,"Large Standard-Size",1.42,4.96,5.04,0.04,"N/A","N/A","08/31/2024",68,9,0,0
"https://amazon.com/dp/B003WEABLO","https://m.media-amazon.com/images/I/71BKXB8kmlL._SX450_.jpg","B003WEABLO","General Tools & Instruments P18ART-1SM Borescope Probe For Borescopes, Articulating Soft Metal, 1-Meter x 5.5 mm","General Tools","Amazon","Industrial & Scientific",918728,681035014196,00681035014196,0681035014196,"N/A","Borescopes",1443,1260.29,4,0,0,,"-","-",1,5,"Amazon","N/A",1,10,11,"Large Standard-Size",12.5,15,2.9,3.15,"N/A","N/A","04/30/2024",187,1,17,0
"https://amazon.com/dp/B07P2K31M6","https://m.media-amazon.com/images/I/71tqlFZp7gL._SX450_.jpg","B07P2K31M6","Pipeline Camera Control Box, Adjustable Camera, Good Image Clarity, Quickly and Accurately Find The Target (only for HBUDS、IHBUDS、Anysuns) (with DVR)","HBUDS","FBM","Industrial & Scientific",918923,"N/A","N/A",8011657107280,"N/A","Borescopes",1446,99,-12,1,1,-43,99,98.98,1,5,"AnysonicDirect","China",1,9,-53,"N/A","N/A","N/A","N/A","N/A","N/A","N/A","03/31/2024",84,6,1,1
"https://amazon.com/dp/B0CPL36CD9","https://m.media-amazon.com/images/I/61dZjSYDYAL._SX450_.jpg","B0CPL36CD9","Endoscope Camera with Light,Inspection Camera 16.4ft Gadgets for Men 1080P HD Endoscope with 8 Adjustable LED Lights(9.8ft)","ZOIOT","FBA","Industrial & Scientific",919959,"N/A","N/A","N/A","N/A","Borescopes",1444,20.99,-57,1,1,,23.25,23.22,30,3.6,"YFD-US","China",1,15,"N/A","Large Standard-Size",1.34,4.88,5.04,0.29,16.59,45.77,"08/31/2024",26,6,2,0.04
"https://amazon.com/dp/B0BBQ62JRF","https://m.media-amazon.com/images/I/31hsSdXy2GL._SX450_.jpg","B0BBQ62JRF","USB Endoscope 1.3MP 7mm Pipe Inspection Camera Endoscope IP67 Borescope Inspection Snake Camera for Measuring Pipes(1 Meter / 3.3ft)","Walfront","FBA","Industrial & Scientific",924678,"N/A","N/A","N/A","N/A","Borescopes",1451,12.4,-54,0,0,300,"-","-",8,2.9,"nineone","China",2,11,-27,"Large Standard-Size",1.34,5.04,5.08,0.15,17.25,47.58,"05/31/2024",42,9,0,0.01
"https://amazon.com/dp/B0F2MS1GPF","https://m.media-amazon.com/images/I/51841lJrADL._SX450_.jpg","B0F2MS1GPF","ZDETGU Y102 USB 3-in- Borescope Camera with 5 5mm Lens 6LED Lights 5M Cable IP67 for and Compatible HD Inspection Camera","ZDETGU","FBM","Industrial & Scientific",924985,"N/A","N/A","N/A","N/A","Borescopes",1443,11.63,-18,0,0,-143,"-","-","N/A","N/A","Zhuoyut","China",1,0,"N/A","Large Standard-Size",4.72,4.72,1.57,0.29,"N/A","N/A","10/31/2025",11,9,0,"N/A"
"https://amazon.com/dp/B0BZVN4HY8","https://m.media-amazon.com/images/I/6109EUddLWL._SX450_.jpg","B0BZVN4HY8","IPG For Industrial Endoscope Inspection Camera 4.3"" LCD Screen Protector (2 Units) Hydrogel Invisible Screen Guard - HD Quality/Self-Healing/Bubble -Free for Endoscope","IPG","FBA","Industrial & Scientific",933303,810108535249,"N/A",0810108535249,"N/A","Borescopes",1464,14.95,-26,0,0,-87,"-","-",1,1,"iMotiw","USA",1,6,50,"Large Standard-Size",9,4,0.8,0.06,14.5,40,"05/31/2024",72,7,0,0.06
"https://amazon.com/dp/B0CW9R7FV8","https://m.media-amazon.com/images/I/51sX0D4PsiL._SX450_.jpg","B0CW9R7FV8","0.15in (3.9mm) Ultra Thin Two-Way Articulating Turnable Borescope with Dimmable Light, Flexible Cable, Screen Rotation, Waterproof Probe, 3-Step Zoom","aokiinn","FBA","Industrial & Scientific",937145,"N/A","N/A",4589938347747,"N/A","Borescopes",1467,295,8,0,0,-100,"-","-","N/A","N/A","KS TOOLS","Taiwan, Province of China",1,7,"N/A","Large Standard-Size",3.11,8.78,14.61,2.82,200.85,554.08,"02/28/2025",24,6,0,"N/A"
"https://amazon.com/dp/B0FNQSLBVH","https://m.media-amazon.com/images/I/71h5B+UJIPL._SX450_.jpg","B0FNQSLBVH","Sewer Camera with Self-Leveling, 9'' 1080P HD Screen, 165ft Plumbing Snake with Light, IP68 Waterproof Inspection Camera, Drain Pipe with DVR 16GB","DYTesa","FBM","Industrial & Scientific",938079,"N/A","N/A",6967790319481,"N/A","Borescopes",1469,729.99,-6,0,0,-140,"-","-","N/A","N/A","ZBL Industrial","China",1,0,"N/A","Large bulky",19.88,17.52,12.01,17.42,"N/A","N/A","10/31/2025",6,7,2,"N/A"
"https://amazon.com/dp/B0D9WSXMS3","https://m.media-amazon.com/images/I/71TJ84VXVTL._SX450_.jpg","B0D9WSXMS3","Triplett BR350CAM-5M-5.5MM Replacement Borescope Camera Probe for BR350, 5M Cable","Triplett","FBM","Industrial & Scientific",938540,614395005528,"N/A",0614395005528,"N/A","Borescopes",1459,134.99,-10,0,0,-33,"-","-",1,4,"Test Equipment Depot","USA",1,6,"N/A","Large Standard-Size",6,6,2,0.55,"N/A","N/A","12/31/2025",19,1,0,0.17
"https://amazon.com/dp/B0DG4X2Y18","https://m.media-amazon.com/images/I/81VipcrgHIL._SX450_.jpg","B0DG4X2Y18","Sewer Camera Self Leveling, 7MM Thicker Pushrod, Keyboard, Distance Counter, 10.1'' Large HD Monitor, Sewer Inspection Camera IP68 with DVR & SD Card Industrial Borescope Snake (164Ft, with Locator)","MACMORE","FBA","Industrial & Scientific",941955,"N/A","N/A","N/A","N/A","Borescopes",1474,999.99,-55,1,1,-100,1182.09,1182.06,1,5,"DCCSHOP","China",1,0,"N/A","Large bulky",16,17.5,25,34,2268.52,5671.3,"05/31/2025",15,8,0,1.18
"https://amazon.com/dp/B0C7GJNTB9","https://m.media-amazon.com/images/I/515XS7MsYDL._SX450_.jpg","B0C7GJNTB9","Splenssy Endoscope Camera with Light, 0.3 MP 7mm Lens HD Borescope with 6 Adjustable LED Lights, Endoscope with Semi-Rigid Snake Cable, IP67 Waterproof Inspection Camera","Splenssy","FBM","Industrial & Scientific",942446,"N/A","N/A","N/A","N/A","Borescopes",1471,10.49,-6,0,0,,"-","-",1,3,"Slimpsa","China",1,2,"N/A","Small Standard-Size",1.57,1.57,0.39,0.1,"N/A","N/A","06/30/2024",33,7,0,0
"https://amazon.com/dp/B003YHA006","https://m.media-amazon.com/images/I/71UJJHDorYL._SX450_.jpg","B003YHA006","General Tools Obedient Borescope Probe Extension #P230-1X for use with General Tools DCS 200 and DCS 300 Borescopes, 3.3-Foot","General Tools","Amazon","Industrial & Scientific",943568,681035013878,00681035013878,0681035013878,"N/A","Borescopes",1467,11.94,-34,0,0,-100,"-","-",17,4.5,"Amazon","N/A",1,12,-40,"Large Standard-Size",1.97,7.95,7.99,0.63,"N/A","N/A","12/31/2024",194,1,3,0
"https://amazon.com/dp/B0DH3XC89T","https://m.media-amazon.com/images/I/61SRJ4UfpQL._SX450_.jpg","B0DH3XC89T","Endoscope Camera, Professional Industrial Snake Camera 1080P HD Inspection 4.3in LCD Display with Light for Sewer (CCYLEZwoz27h140m-11)","CCYLEZ","FBM","Industrial & Scientific",946289,"N/A","N/A","N/A","N/A","Borescopes",1478,38.02,-41,0,0,-125,"-","-","N/A","N/A","Sojare-US","China",1,8,"N/A","Large Standard-Size",7.87,5.12,3.15,1.2,"N/A","N/A","09/30/2024",18,9,2,"N/A"
"https://amazon.com/dp/B0DH3VY6YN","https://m.media-amazon.com/images/I/611WIsn45XL._SX450_.jpg","B0DH3VY6YN","Endoscope Camera, Professional Industrial Snake Camera 1080P HD Inspection 4.3in LCD Display with Light for Sewer (CCYLEZwoz27h140m-12)","CCYLEZ","FBM","Industrial & Scientific",946313,"N/A","N/A","N/A","N/A","Borescopes",1477,43.4,-41,0,0,-125,"-","-","N/A","N/A","Sojare-US","China",1,8,"N/A","Large Standard-Size",11.02,5.91,3.15,1.88,"N/A","N/A","09/30/2024",18,9,2,"N/A"
"https://amazon.com/dp/B0DHQYYRYH","https://m.media-amazon.com/images/I/61SRJ4UfpQL._SX450_.jpg","B0DHQYYRYH","Endoscope Camera, Professional Industrial Snake Camera 1080P HD Inspection 4.3in LCD Display with Light for Sewer","CCYLEZ","FBM","Industrial & Scientific",948207,"N/A","N/A","N/A","N/A","Borescopes",1475,38.02,"N/A",0,0,-125,"-","-","N/A","N/A","Sojare-US","China",0,8,"N/A","N/A","N/A","N/A","N/A","N/A","N/A","N/A","09/30/2024",18,9,2,"N/A"
"https://amazon.com/dp/B0DPHZ3VMV","https://m.media-amazon.com/images/I/613WnwAKzJL._SX450_.jpg","B0DPHZ3VMV","Endoscope Camera with Light, 3.9MM Type C/USB HD Borescope Inspection Camera, 15-20mm Depth of Field, Wide Angle Borescope Camera","Gugxiom","FBM","Industrial & Scientific",949006,"N/A","N/A","N/A","N/A","Borescopes",1481,101.48,15,0,0,,"-","-","N/A","N/A","Xicchekai","China",2,0,"N/A","Large Standard-Size",5.51,5.12,1.57,0.17,"N/A","N/A","-",15,9,0,"N/A"
"https://amazon.com/dp/B08VVWVM7P","https://m.media-amazon.com/images/I/81Gz4mCTTLL._SX450_.jpg","B08VVWVM7P","Vividia VA-880 USB 2-Way Articulating Automotive Borescope Diagnostic Inspection Camera 8.5mm 0.335"" Diameter 1m Long Probe for Mechanics Technician (WiFi Box + VA-880 Scope)","VIVIDIA","FBM","Industrial & Scientific",950738,"N/A","N/A","N/A","N/A","Borescopes",1488,400,-36,0,0,-100,"-","-","N/A","N/A","Oasis Scientific Inc.","USA",1,7,-36,"N/A","N/A","N/A","N/A","N/A","N/A","N/A","02/29/2024",127,9,3,"N/A"
"https://amazon.com/dp/B08VWBR4LJ","https://m.media-amazon.com/images/I/71hKbG2ZKlL._SX450_.jpg","B08VWBR4LJ","Vividia VA-880 USB 2-Way Articulating Automotive Borescope Diagnostic Inspection Camera 8.5mm 0.335"" Diameter 1m Long Probe for Mechanics Technician (VA-880 Scope only)","VIVIDIA","FBM","Industrial & Scientific",950825,"N/A","N/A","N/A","N/A","Borescopes",1490,360,-25,0,0,-100,"-","-","N/A","N/A","Oasis Scientific Inc.","USA",1,7,-36,"N/A","N/A","N/A","N/A","N/A","N/A","N/A","02/29/2024",127,9,3,"N/A"
"https://amazon.com/dp/B08VW1BRHJ","https://m.media-amazon.com/images/I/71yEr7zImEL._SX450_.jpg","B08VW1BRHJ","Vividia VA-880 USB 2-Way Articulating Automotive Borescope Diagnostic Inspection Camera 8.5mm 0.335"" Diameter 1m Long Probe for Mechanics Technician (LCD Monitor + VA-880 Scope)","VIVIDIA","FBM","Industrial & Scientific",950825,"N/A","N/A","N/A","N/A","Borescopes",1490,420,-12,0,0,-100,"-","-","N/A","N/A","Oasis Scientific Inc.","USA",1,7,-36,"N/A","N/A","N/A","N/A","N/A","N/A","N/A","02/29/2024",127,9,3,"N/A"
"https://amazon.com/dp/B0C5Y56CY9","https://m.media-amazon.com/images/I/51MpLbqq7xL._SX450_.jpg","B0C5Y56CY9","Sewer Camera Robot,512hz Trainsmitter and Receiver All-Metal Anti-Oxidation and Corrosion Resistant Body IP68 Sewer Pipe Inspection Crawler Camera Robot System(394ft/120M) (131ft/60M)","SYANSPAN","FBM","Industrial & Scientific",957581,"N/A","N/A","N/A","N/A","Borescopes",1484,9934.99,-73,0,0,,"-","-",2,5,"pipe camera","China",1,10,"N/A","Extra-large 70+ to 150 lb",25.2,22.83,19.69,83.78,"N/A","N/A","08/31/2025",33,9,2,0.05
"https://amazon.com/dp/B0CZ39YJNZ","https://m.media-amazon.com/images/I/81rf1tw+2NL._SX450_.jpg","B0CZ39YJNZ","Self Leveling Sewer Camera with Locator 100FT,10 Inch 1080P Touch Screen Auto Meter Counter,32GB JQKJCAM HD 512HZ Drain Pipe Inspection Camera with 12 Light 7MM Cable & Keyboard (30m)","JQKJCAM","FBM","Industrial & Scientific",962182,"N/A","N/A","N/A","N/A","Borescopes",1491,1231.2,-54,0,0,-150,"-","-",1,5,"JJKJ Cam","China",1,9,"N/A","Large bulky",14.37,17.01,19.33,31.53,"N/A","N/A","03/31/2025",23,8,0,0
"https://amazon.com/dp/B0C5Y4DY97","https://m.media-amazon.com/images/I/51MpLbqq7xL._SX450_.jpg","B0C5Y4DY97","Sewer Camera Robot,512hz Trainsmitter and Receiver All-Metal Anti-Oxidation and Corrosion Resistant Body IP68 Sewer Pipe Inspection Crawler Camera Robot System(394ft/120M) (394ft/120M)","SYANSPAN","FBM","Industrial & Scientific",964827,"N/A","N/A","N/A","N/A","Borescopes",1495,9934.99,-71,0,0,,"-","-",2,5,"pipe camera","China",1,10,"N/A","Extra-large 70+ to 150 lb",25.2,22.83,19.69,83.78,"N/A","N/A","08/31/2025",33,9,2,0
"https://amazon.com/dp/B0G8DN7V2G","https://m.media-amazon.com/images/I/71ya2mDn2UL._SX450_.jpg","B0G8DN7V2G","Articulating Borescope, 6mm Handheld Industrial Endoscope with 360° Rotation - 4.3 Inch LCD Screen, Semi-Rigid Cable for Pipeline & Appliance Testing, Blockage Troubleshoot, Auto Focus, 6mm, 4.3IN","Generic","FBM","Industrial & Scientific",967489,"N/A","N/A","N/A","N/A","Borescopes",1495,69.3,-4,1,1,,69.3,69.28,"N/A","N/A","xunyhe","China",1,0,"N/A","N/A","N/A","N/A","N/A","N/A","N/A","N/A","01/31/2026",2,8,0,"N/A"
"https://amazon.com/dp/B0CS6RPTTQ","https://m.media-amazon.com/images/I/515XS7MsYDL._SX450_.jpg","B0CS6RPTTQ","ACAGALA Endoscope 0.3MP Endoscope 3 in 1 Endoscope with Adjustable LEDs 1/2/5 Meters","ACAGALA","FBM","Industrial & Scientific",970879,764296428688,"N/A",0764296428688,"N/A","Borescopes",1504,11.59,-17,2,2,,26.17,26.08,"N/A","N/A","SUNYULAN","China",1,3,"N/A","Large Standard-Size",5.12,5.12,1.18,0.15,"N/A","N/A","01/31/2026",26,9,0,"N/A"
"https://amazon.com/dp/B0FX26D4SD","https://m.media-amazon.com/images/I/71LB6KyyZCL._SX450_.jpg","B0FX26D4SD","Sewer Borescope Camera Cable Replacement,7mm Thicker Cable 164FT for 23mm JQKJCAM Sewer Inspection Camera WP9612,9614,9607,Pipe Drain Camera Accessory（164FT/50M for 23mm)","JQKJCAM","FBM","Industrial & Scientific",977236,"N/A","N/A","N/A","N/A","Borescopes",1501,332,-43,0,0,-115,"-","-","N/A","N/A","JJKJ Cam","China",1,0,"N/A","N/A","N/A","N/A","N/A","N/A","N/A","N/A","11/30/2025",4,6,4,"N/A"
"https://amazon.com/dp/B0BSG5GQ9Q","https://m.media-amazon.com/images/I/61TG1W4RphL._SX450_.jpg","B0BSG5GQ9Q","Vividia ME-610X Joystick Articulating Videoscope Borescope Inspection Camera 6mm D 1m L All-Way 360 Degree Waterproof Probe 1280x720 Pixels 3.5"" LCD for Auto Mechanics Technicians Industrial Engineers","VIVIDIA","FBM","Industrial & Scientific",979366,"N/A","N/A","N/A","N/A","Borescopes",1501,1299.98,3,0,0,,"-","-","N/A","N/A","Oasis Scientific Inc.","USA",1,6,20,"N/A","N/A","N/A","N/A","N/A","N/A","N/A","01/31/2025",83,9,0,"N/A"
"https://amazon.com/dp/B0CDQ3JW1Y","https://m.media-amazon.com/images/I/61QgO+bFGwL._SX450_.jpg","B0CDQ3JW1Y","USB Industrial Endoscope with 6 LED Lights 7mm Probe Pipe Inspection Camera IP67 for Measuring Pipes (2M)","FTVOGUE","FBM","Industrial & Scientific",982660,"N/A","N/A","N/A","N/A","Borescopes",1507,11.01,-28,0,0,-100,"-","-",1,1,"Astyer-X","China",1,14,40,"Large Standard-Size",4.72,4.72,1.57,0.19,"N/A","N/A","11/30/2024",31,9,2,0
"https://amazon.com/dp/B0CDQ58VBY","https://m.media-amazon.com/images/I/51we07itVzL._SX450_.jpg","B0CDQ58VBY","USB Industrial Endoscope with 6 LED Lights 7mm Probe Pipe Inspection Camera IP67 for Measuring Pipes (1M)","FTVOGUE","FBM","Industrial & Scientific",985728,"N/A","N/A","N/A","N/A","Borescopes",1506,11.39,-13,0,0,-100,"-","-",1,1,"Astyer-X","China",1,14,40,"Large Standard-Size",4.72,4.72,1.57,0.15,"N/A","N/A","11/30/2024",31,9,2,0
"https://amazon.com/dp/B0CS6MRF2Z","https://m.media-amazon.com/images/I/614HPEWClzL._SX450_.jpg","B0CS6MRF2Z","Auttoop 5.5 mm Borescope Inspection Snake Camera Waterproof,USB C Endoscope for Phone, Computer, 16.4 Ft Semi-Rigid Cord with 6 LED Lights, Compatible with Windows","Auttoop","FBA","Industrial & Scientific",989259,"N/A","N/A","N/A","N/A","Borescopes",1507,22.65,-56,0,0,-150,"-","-","N/A","N/A","SmartHouzzz Direct","China",2,0,"N/A","Large Standard-Size",2.6,6.57,6.81,0.49,58.58,161.61,"09/30/2025",25,8,0,"N/A"
"https://amazon.com/dp/B0DGXHW6JJ","https://m.media-amazon.com/images/I/51vKDFGTpYL._SX450_.jpg","B0DGXHW6JJ","NIHUIFA Borescope Endoscope Camera with Light Snake Cameras Inspection Cameras with Adjustable LED Light","NIHUIFA","FBM","Industrial & Scientific",992143,"N/A","N/A",7679970003019,"N/A","Borescopes",1512,8.99,-12,4,2,125,35.01,18.38,"N/A","N/A","LIuquei","China",1,10,"N/A","N/A","N/A","N/A","N/A","N/A","N/A","N/A","11/30/2024",14,9,3,"N/A"
"https://amazon.com/dp/B0DGXPF1G5","https://m.media-amazon.com/images/I/51vKDFGTpYL._SX450_.jpg","B0DGXPF1G5","NIHUIFA Borescope Endoscope Camera with Light Snake Cameras Inspection Cameras with Adjustable LED Light","NIHUIFA","FBM","Industrial & Scientific",992415,"N/A","N/A",7679970002906,"N/A","Borescopes",1512,13.99,-41,4,0,125,35.01,"-","N/A","N/A","LIuquei","China",1,10,"N/A","N/A","N/A","N/A","N/A","N/A","N/A","N/A","11/30/2024",15,9,3,"N/A"
"https://amazon.com/dp/B0F1LS9SDZ","https://m.media-amazon.com/images/I/51lirNiw4cL._SX450_.jpg","B0F1LS9SDZ","Launch Tech USA Launch Videoscope/Borescope","Launch Tech USA","FBM","Industrial & Scientific",993500,"N/A","N/A",6927135005158,"N/A","Borescopes",1514,276.78,93,0,0,,"-","-","N/A","N/A","KART IT","USA",7,0,"N/A","Large Standard-Size",7,5,3,1,"N/A","N/A","12/31/2025",12,4,0,"N/A"
"https://amazon.com/dp/B0DGXP7DHW","https://m.media-amazon.com/images/I/51vKDFGTpYL._SX450_.jpg","B0DGXP7DHW","NIHUIFA Borescope Endoscope Camera with Light Snake Cameras Inspection Cameras with Adjustable LED Light","NIHUIFA","FBM","Industrial & Scientific",995447,"N/A","N/A",7679970003002,"N/A","Borescopes",1515,9.99,-17,4,1,125,35.01,9.96,"N/A","N/A","LIuquei","China",1,10,"N/A","N/A","N/A","N/A","N/A","N/A","N/A","N/A","11/30/2024",18,9,3,"N/A"
"https://amazon.com/dp/B0FJ26NLQ2","https://m.media-amazon.com/images/I/714u6X8VlgL._SX450_.jpg","B0FJ26NLQ2","Anysun Sewer Camera with Locator, Self-Leveling, Distance Counter, 7MM Thicker 200FT Cable, Pipe Inspection Camera w/ 10” Monitor, DVR, IP68 Waterproof Cam w/Pull Handle, Wheels & Keyboard","anysun","FBM","Industrial & Scientific",998288,769016740293,"N/A",0769016740293,"N/A","Borescopes",1515,1799.99,-5,0,0,-100,"-","-",1,5,"HZDZ_Shop","Hong Kong",1,0,"N/A","Large bulky",18,16,10,26.46,"N/A","N/A","11/30/2025",7,7,4,0.02
"https://amazon.com/dp/B0DCGKCVYX","https://m.media-amazon.com/images/I/71CVE6uTKWL._SX450_.jpg","B0DCGKCVYX","Endoscope Camera with Light, 4.3 Inch Screen, 170 Degree Viewing Angle, IP67 HD Borescope, Flexible Sewer Camera for Pipelines, 10m/32.81ft","VELATEMOR","FBA","Industrial & Scientific",1003368,"N/A","N/A","N/A","N/A","Borescopes",1516,44.48,-16,0,0,300,"-","-","N/A","N/A","Yuxianh","China",2,0,"N/A","Large Standard-Size",7.87,5.51,3.15,1,68.82,189.85,"08/31/2025",19,9,0,"N/A"
"https://amazon.com/dp/B01HS86AU0","https://m.media-amazon.com/images/I/81KFftP789L._SX450_.jpg","B01HS86AU0","PCE Instruments PCE-IVE 320 for Video inspections, captures Clear visuals with 4.5"" Display and 1 m / 3.3 ft Probe, Plus LED Lighting and Image Storage","PCE Instruments","FBM","Industrial & Scientific",1009111,"N/A","N/A",4250348714329,"N/A","Borescopes",1513,2691.74,23,0,0,,"-","-","N/A","N/A","Fanatical Trading","China",2,4,"N/A","Large Standard-Size",2.76,5.12,5.12,30.86,"N/A","N/A","02/28/2025",114,8,0,"N/A"
"https://amazon.com/dp/B0CSJQMN4F","https://m.media-amazon.com/images/I/81qUOdf6+mL._SX450_.jpg","B0CSJQMN4F","JINXINEBAY Sewer Camera,Self-Leveling,512Hz Transmitter,10'' IPS Monitor,98.4ft Industrial Endoscope,0.28in/7mm Fiberglass Cable,1080P IP68 Waterproof Pipe Inspection Camera with DVR and 16GB Card","JINXINEBAY","FBA","Industrial & Scientific",1011565,"N/A","N/A","N/A","N/A","Borescopes",1520,619.99,-5,0,0,-109,"-","-","N/A","N/A","JINXINEBAY Store","China",1,0,"N/A","Large bulky",17.4,15.6,21,30.8,1847.3,4618.25,"11/30/2025",25,7,0,"N/A"
"https://amazon.com/dp/B0D97V45MK","https://m.media-amazon.com/images/I/71JBy7z+Q7L._SX450_.jpg","B0D97V45MK","Sewer Camera,165Ft/50M 512Hz Self-Leveling Pipe Inspection Camera with 9"" 1080P Monitor, Distance Counter,0.28in/7mm Thicker Cable Plumbing Snake Borescope,16GB Card","SYOWNFS","FBA","Industrial & Scientific",1012398,"N/A","N/A","N/A","N/A","Borescopes",1527,788.49,-57,0,0,100,"-","-",1,1,"ENNIO","China",1,13,"N/A","Large bulky",11,15.5,19,19.8,1049.84,2624.59,"09/30/2024",20,9,4,0.23
"https://amazon.com/dp/B0D97SD7Q6","https://m.media-amazon.com/images/I/71JBy7z+Q7L._SX450_.jpg","B0D97SD7Q6","Sewer Camera,197Ft/60M 512Hz Self-Leveling Pipe Inspection Camera with 9"" 1080P Monitor, Distance Counter,0.28in/7mm Thicker Cable Plumbing Snake Borescope,16GB Card","SYOWNFS","FBA","Industrial & Scientific",1012413,"N/A","N/A","N/A","N/A","Borescopes",1526,859.99,-52,0,0,100,"-","-",1,1,"ENNIO","China",1,13,"N/A","Large bulky",18.89,15.35,11,22.26,1033.66,2584.15,"09/30/2024",20,9,4,0.23
"https://amazon.com/dp/B0CKRRFPWY","https://m.media-amazon.com/images/I/61tphKTgZKL._SX450_.jpg","B0CKRRFPWY","Industrial Borescope, IP67 Waterproof Inspection Endoscope 640x480 Resolution USB 5V Wide Compatibility for Pipe","Airshi","FBM","Industrial & Scientific",1015864,"N/A","N/A","N/A","N/A","Borescopes",1523,9.33,"N/A",0,0,-100,"-","-","N/A","N/A","hongculier-US","China",0,14,"N/A","N/A","N/A","N/A","N/A","N/A","N/A","N/A","03/31/2025",29,9,4,"N/A"
"https://amazon.com/dp/B0CKRTVL2R","https://m.media-amazon.com/images/I/61tphKTgZKL._SX450_.jpg","B0CKRTVL2R","Industrial Borescope, IP67 Waterproof Inspection Endoscope 640x480 Resolution USB 5V Wide Compatibility for Pipe (3.5M)","Airshi","FBM","Industrial & Scientific",1017474,"N/A","N/A",7321275315754,"N/A","Borescopes",1534,9.33,-6,0,0,-100,"-","-","N/A","N/A","hongculier-US","China",1,14,"N/A","N/A",5.12,5.12,1.57,"N/A","N/A","N/A","03/31/2025",29,9,4,"N/A"
"https://amazon.com/dp/B08J1T3N7V","https://m.media-amazon.com/images/I/51F1WzQvy7L._SX450_.jpg","B08J1T3N7V","Vividia AbleScope VA-408 USB Rigid Long Articulating Borescope with 180 Degree One-Way Articulation 8.5mm Diameter and 31 Inch Long Probe and 1280x720 Pixel Resolution","VIVIDIA","FBM","Industrial & Scientific",1017749,"N/A","N/A","N/A","N/A","Borescopes",1533,499.98,"N/A",0,0,,"-","-","N/A","N/A","Oasis Scientific Inc.","USA",0,7,40,"N/A","N/A","N/A","N/A","N/A","N/A","N/A","04/30/2024",66,8,3,"N/A"
"https://amazon.com/dp/B0F489HT24","https://m.media-amazon.com/images/I/71IIpnOYzYL._SX450_.jpg","B0F489HT24","Sewer Camera,Pipe Drain Inspection Camera with DVR, Plumbing Snake Cam with 7'' HD 1080P IPS Screen,16x Zoom,32GB Card,100FT/30M,IP68 Waterproof Sewer Pipe Inspection Borescope for Industrial Plumber","Liwogi","FBA","Industrial & Scientific",1018508,"N/A","N/A","N/A","N/A","Borescopes",1527,329.99,-21,0,0,,"-","-","N/A","N/A","Hot car parts","China",1,0,"N/A","Large bulky",10.24,11.02,14.17,13.67,518.2,1295.49,"09/30/2025",11,9,0,"N/A"
"https://amazon.com/dp/B08J27J2QY","https://m.media-amazon.com/images/I/71CkgU4Tq-L._SX450_.jpg","B08J27J2QY","Vividia AbleScope VA-408 USB Rigid Long Articulating Borescope with 180 Degree One-Way Articulation 8.5mm Diameter and 31 Inch Long Probe and 1280x720 Pixel Resolution (VA-408 and LCD Screen)","VIVIDIA","FBM","Industrial & Scientific",1019020,"N/A","N/A","N/A","N/A","Borescopes",1534,649.98,-39,0,0,,"-","-","N/A","N/A","Oasis Scientific Inc.","USA",1,7,40,"N/A","N/A","N/A","N/A","N/A","N/A","N/A","04/30/2024",66,6,3,"N/A"
"https://amazon.com/dp/B0DDCTNDTF","https://m.media-amazon.com/images/I/51SCnZNpV0L._SX450_.jpg","B0DDCTNDTF","2324-21 Drain Camera, Inspection Camera, Borescope for Milwaukee M12 12V 360 Cordless M-Spector 10' Inspection Camera Kit","UDBU","FBM","Industrial & Scientific",1019678,"N/A","N/A","N/A","N/A","Borescopes",1534,599.99,11,0,0,,"-","-","N/A","N/A","✪Golden Alliance✪","USA",1,4,"N/A","N/A","N/A","N/A","N/A","N/A","N/A","N/A","12/31/2024",19,7,0,"N/A"
"https://amazon.com/dp/B07DCHNNN4","https://m.media-amazon.com/images/I/717oGSzynYL._SX450_.jpg","B07DCHNNN4","USB Snake Inspection Camera 3 in 1 Endoscope Inspection Camera 20M 720P Borescope Inspection Camera with 8 Adjustable LED for Pipe Car Inspection","Akozon","FBM","Industrial & Scientific",1019758,741870989278,"N/A",0741870989278,"N/A","Borescopes",1536,46.69,-12,0,0,,"-","-",151,3.5,"Miyinla-Z","China",1,3,-67,"Large Standard-Size",2.68,5.91,5.98,1.23,"N/A","N/A","11/30/2024",93,10,0,0
"https://amazon.com/dp/B0D2HN1DMY","https://m.media-amazon.com/images/I/71NMz43vhfL._SX450_.jpg","B0D2HN1DMY","Sewer Camera, SYANSPAN Pipe Borescope 9"" HD 32GB DVR Screen Inspection Camera with Locator 512Hz, Waterproof 12pcs LED Lights Self Leveling Drain Camera for Plumbing Camera (30M/100ft)","SYANSPAN","FBA","Industrial & Scientific",1020592,"N/A","N/A","N/A","N/A","Borescopes",1534,1059.99,-28,0,0,33,"-","-",2,2,"pipe camera","China",1,13,"N/A","Large bulky",12.99,17.6,22.64,20.44,1677.42,4193.56,"02/28/2025",22,9,6,0
"https://amazon.com/dp/B0D2HNX2FL","https://m.media-amazon.com/images/I/71NMz43vhfL._SX450_.jpg","B0D2HNX2FL","Sewer Camera self-Leveling, SYANSPAN Sewer Camera Inspection Camera, DVR Endoscope Camera with Light, Waterproof Borescope with 9'' HD Screen, Drain Sewer Camera, 165ft/50M-Blue","SYANSPAN","FBA","Industrial & Scientific",1020847,"N/A","N/A","N/A","N/A","Borescopes",1534,1119.99,-61,0,0,33,"-","-",2,2,"pipe camera","China",1,13,"N/A","Large bulky",13.15,17.48,22.68,21.98,1689.49,4223.71,"02/28/2025",22,9,6,0
"https://amazon.com/dp/B0GCMK1YTF","https://m.media-amazon.com/images/I/81W3M6wSKXL._SX450_.jpg","B0GCMK1YTF","Sewer Camera Video Pipe Inspection 65Ft, Zoom for Pros & Diyers Clearing Drains, HVAC, Pools, Mains, High-Rise Stacks, Oil/Gas Lines, Kitchen Clogs, IP68 Waterproof, 12 PCS Adjustable LED, 7''Screen","SumKea","FBM","Industrial & Scientific",1021732,774882258988,"N/A",0774882258988,"N/A","Borescopes",1536,369.99,"N/A",2,2,,939.18,668.28,"N/A","N/A","SumKea","China",1,0,"N/A","Large bulky",16.9,7.8,14.9,43.6,"N/A","N/A","01/31/2026",2,9,3,"N/A"
"https://amazon.com/dp/B08J1SHSCJ","https://m.media-amazon.com/images/I/51F1WzQvy7L._SX450_.jpg","B08J1SHSCJ","Vividia AbleScope VA-408 USB Rigid Long Articulating Borescope with 180 Degree One-Way Articulation 8.5mm Diameter and 31 Inch Long Probe and 1280x720 Pixel Resolution (VA-408 USB only)","VIVIDIA","FBM","Industrial & Scientific",1021733,"N/A","N/A","N/A","N/A","Borescopes",1539,499.98,-4,0,0,,"-","-","N/A","N/A","Oasis Scientific Inc.","USA",1,7,40,"N/A","N/A","N/A","N/A","N/A","N/A","N/A","04/30/2024",66,8,3,"N/A"
"https://amazon.com/dp/B08J1Y8QHK","https://m.media-amazon.com/images/I/51F1WzQvy7L._SX450_.jpg","B08J1Y8QHK","Vividia AbleScope VA-408 USB Rigid Long Articulating Borescope with 180 Degree One-Way Articulation 8.5mm Diameter and 31 Inch Long Probe and 1280x720 Pixel Resolution (VA-408 and WiFi Box)","VIVIDIA","FBM","Industrial & Scientific",1021733,"N/A","N/A","N/A","N/A","Borescopes",1539,579.98,-19,0,0,,"-","-","N/A","N/A","Oasis Scientific Inc.","USA",1,7,40,"N/A","N/A","N/A","N/A","N/A","N/A","N/A","04/30/2024",66,7,3,"N/A"
"https://amazon.com/dp/B0GCMFN8DT","https://m.media-amazon.com/images/I/81W3M6wSKXL._SX450_.jpg","B0GCMFN8DT","164Ft Sewer Camera Video Drain Inspection, Spot Clogs in Kitchen Sinks, HVAC Ducts, Pool Lines, Condo Stacks, Municipal Mains Or Oil Pipes—Pro Tool & DIY Friendly, IP68 Waterproof, 7''Screen, DVR","SumKea","FBM","Industrial & Scientific",1021991,774882258957,"N/A",0774882258957,"N/A","Borescopes",1536,499.99,"N/A",2,1,,939.18,270.71,"N/A","N/A","SumKea","China",1,0,"N/A","Large bulky",19,7.8,16.9,38.5,"N/A","N/A","01/31/2026",2,9,3,"N/A"
"https://amazon.com/dp/B0D2HPH1F2","https://m.media-amazon.com/images/I/7192VkOiRML._SX450_.jpg","B0D2HPH1F2","Sewer Camera, SYANSPAN Pipe Borescope 9"" HD 32GB DVR Screen Inspection Camera, Self Leveling Drain Camera with Locator 512Hz Waterproof 12pcs LED Lights for Plumbing Camera (50m/165ft)","SYANSPAN","FBA","Industrial & Scientific",1023812,"N/A","N/A","N/A","N/A","Borescopes",1535,1119.99,-25,0,0,33,"-","-",2,2,"pipe camera","China",1,13,"N/A","Large bulky",13.07,17.68,22.56,21.96,1689.43,4223.59,"02/28/2025",22,9,6,0
"https://amazon.com/dp/B09Q6DPQ7Z","https://m.media-amazon.com/images/I/41dkXRUBPwL._SX450_.jpg","B09Q6DPQ7Z","Vividia VS-749Bplus All-in-One Pipe Sewer Drain Tube Video Inspection Camera with 7"" Portable Screen 115ft (35m) Push-Rod Cable and 23mm Waterproof Camera with Self-Leveling and Built-in 512Hz Sonde","VIVIDIA","FBM","Industrial & Scientific",1030564,"N/A","N/A","N/A","N/A","Borescopes",1545,2599,-34,0,0,-150,"-","-",2,5,"Oasis Scientific Inc.","USA",1,7,40,"N/A","N/A","N/A","N/A","N/A","N/A","N/A","10/31/2025",61,9,0,0
"https://amazon.com/dp/B07RYBTQPC","https://m.media-amazon.com/images/I/613iRlNhcLL._SX450_.jpg","B07RYBTQPC","Dino-Lite Medical Trichoscope | Dino-Med Edge Series | USB Only | AF4115ZT(W)-T","Dino-Lite","FBM","Industrial & Scientific",1034165,728795351236,"N/A",0728795351236,"N/A","Borescopes",1550,669,-26,1,1,-120,730,729.95,0,"N/A","MediScope","USA",1,19,-60,"N/A","N/A","N/A","N/A","N/A","N/A","N/A","10/31/2024",25,7,2,"N/A"
"https://amazon.com/dp/B0CZ3W6W7B","https://m.media-amazon.com/images/I/41bk8342ZAL._SX450_.jpg","B0CZ3W6W7B","Kircuit USB-C 5V AC/DC Adapter Compatible with DEPSTECH DS520 USDS520DL USDS520DL-15 Dual Lens Borescope Sewer Inspection Camera Endoscope 5"" Screen Pipe Snake 5VDC Power Supply Cord Battery Charger","Kircuit","FBM","Industrial & Scientific",1038504,"N/A","N/A","N/A","N/A","Borescopes",1547,14.79,-28,0,0,400,"-","-","N/A","N/A","EPtech","USA",1,4,"N/A","N/A","N/A","N/A","N/A","N/A","N/A","N/A","01/31/2025",23,1,0,"N/A"
"https://amazon.com/dp/B0CMD25GSF","https://m.media-amazon.com/images/I/71C9UkiufBL._SX450_.jpg","B0CMD25GSF","Dodoam Sewer Camera, 200FT, 9"" Screen Pipeline Inspection Camera with DVR Function & 8 GB SD Card, Waterproof IP68 Borescope w/LED Lights, Industrial Endoscope（US Stock）","Dodoam","FBM","Industrial & Scientific",1045073,"N/A","N/A","N/A","N/A","Borescopes",1539,469.99,-23,0,0,,"-","-","N/A","N/A","ChiLizi","China",1,0,"N/A","N/A","N/A","N/A","N/A","N/A","N/A","N/A","09/30/2025",28,9,0,"N/A"
"https://amazon.com/dp/B0D14SJ93Q","https://m.media-amazon.com/images/I/41ndRGy5osL._SX450_.jpg","B0D14SJ93Q","3.9mm Borescope High Definition Inspection Camera, 6 LED Lights Flexible Endoscope Camera for Car Industry (Soft Cord 1m)","Fafeicy","FBM","Industrial & Scientific",1045686,"N/A","N/A","N/A","N/A","Borescopes",1553,22.47,-39,1,1,,31.42,31.4,1,1,"Omuuy","China",1,1,"N/A","Large Standard-Size",4.72,4.72,1.57,0.15,"N/A","N/A","11/30/2024",23,9,0,1.18
"https://amazon.com/dp/B003629WRQ","https://m.media-amazon.com/images/I/31jFVSq9FlL._SX450_.jpg","B003629WRQ","Solar Eclipse SE001CAM Wall and Pipe Inspection Camera with 2.4"" Color LCD Monitor","Solar Eclipse","FBM","Industrial & Scientific",1047761,989898181353,"N/A",0989898181353,"N/A","Borescopes",1557,69.98,-6,0,0,-100,"-","-",216,3.7,"Oasis Scientific Inc.","USA",1,2,-80,"Large Standard-Size",14.9,11.5,3.2,1.55,"N/A","N/A","09/30/2024",193,6,0,0
"https://amazon.com/dp/B0B14ZT6GT","https://m.media-amazon.com/images/I/61LjnGnjKIL._SX450_.jpg","B0B14ZT6GT","Wall Charger AC Power Adapter for Extech BR250 BR200 borescope Inspection Camera","onerbl","FBM","Industrial & Scientific",1050360,"N/A","N/A",4741640299640,"N/A","Borescopes",1559,10.84,-43,0,0,-143,"-","-","N/A","N/A","GreatComputerParts","China",1,5,"N/A","N/A","N/A","N/A","N/A","N/A","N/A","N/A","02/28/2025",46,4,0,"N/A"
"https://amazon.com/dp/B0FJ543JXH","https://m.media-amazon.com/images/I/717R9wvDaJL._SX450_.jpg","B0FJ543JXH","Sewer Camera 100ft,SPRIDRAIN Drain Pipe Camera HD 5in Screen with 32GB DVR,Waterproof IP68 Works Underwater Up to 10Meters Sewer Inspection borescopes for Plumber(Fits Pipes>0.7"" Diameter,100ft/30M)","SPRIDRAIN","FBM","Industrial & Scientific",1052913,"N/A","N/A","N/A","N/A","Borescopes",1559,259.99,-49,0,0,-133,"-","-",1,5,"SYANSPAN TECH","China",1,0,"N/A","Large Standard-Size",11.2,8,12,11,"N/A","N/A","10/31/2025",6,8,0,0
"https://amazon.com/dp/B0FZHRL3BH","https://m.media-amazon.com/images/I/71WT4Btzs5L._SX450_.jpg","B0FZHRL3BH","Sewer Inspection Camera with 512HZ Self-Leveling Adjustable LEDs Dual-Lens Borescope 1080P Sewer Camera Meter Counter 5/7MM Fiberglass Cable for Sewer, Drain & Duct Pipe Plumbing","VISIOPROBE","FBA","Industrial & Scientific",1056545,"N/A","N/A","N/A","N/A","Borescopes",1559,1399,"N/A",0,0,,"-","-",2,5,"VISIOPROBE DIRRECT","N/A",1,0,"N/A","Extra-large 50+ to 70 lb",15,19,25,40,2309.03,5772.57,"-",4,8,0,0
"https://amazon.com/dp/B0FYPQBWQV","https://m.media-amazon.com/images/I/71Pvb5OLPfL._SX450_.jpg","B0FYPQBWQV","98.4 FT Sewer Camera Snake Kit w/512Hz Locator | IP68 Waterproof Plumbing Cam, 9"" LCD, DVR (16GB Card), 4500MAh Rechargeable Battery, 12 LEDs for Fast Drain Clog Detection","Sunvasagoo","FBM","Industrial & Scientific",1061076,199913215448,"N/A",0199913215448,"N/A","Borescopes",1563,633.7,-4,0,0,,"-","-",2,5,"Michaelar","China",1,0,"N/A","Large bulky",14.76,8.86,20.87,18.52,"N/A","N/A","11/30/2025",4,9,4,0
"https://amazon.com/dp/B0CMV7M4JG","https://m.media-amazon.com/images/I/71aDB50loAL._SX450_.jpg","B0CMV7M4JG","5in LCD Industrial Endoscope Borescope Handheld Inspection Camera Borescope IP67 for Car Maintenance, Pipelin Repair, Mechanical Inspection (10m / 32.8ft)","Hilitand","FBA","Industrial & Scientific",1065192,"N/A","N/A","N/A","N/A","Borescopes",1568,60.18,-37,0,0,50,"-","-","N/A","N/A","Simangy","China",2,12,500,"Large Standard-Size",1.85,7.48,10.28,1.52,71.61,197.54,"05/31/2025",28,9,1,"N/A"
"https://amazon.com/dp/B0CKRRQ5W4","https://m.media-amazon.com/images/I/61B-3gi1mfL._SX450_.jpg","B0CKRRQ5W4","Industrial Borescope, IP67 Waterproof Inspection Endoscope 640x480 Resolution USB 5V Wide Compatibility for Pipe (5M)","Airshi","FBM","Industrial & Scientific",1066375,"N/A","N/A",7394289797847,"N/A","Borescopes",1567,10.16,-54,0,0,-100,"-","-","N/A","N/A","hongculier-US","China",1,14,"N/A","N/A",5.12,5.12,1.57,"N/A","N/A","N/A","03/31/2025",29,9,4,"N/A"
"https://amazon.com/dp/B0FK5LD87G","https://m.media-amazon.com/images/I/71V0MCbAGhL._SX450_.jpg","B0FK5LD87G","Sewer Camera, Self-Leveling Distance Counter Borescope Pipe Inspection Camera with Pull Rod,9"" HD 1080P Screen DVR/Audio Recorder 32G Card 7mm Cable Plumbing Snake Endoscope IP68 Waterproof","SYOWNFS","FBA","Industrial & Scientific",1067502,"N/A","N/A","N/A","N/A","Borescopes",1568,883.49,-6,0,0,-100,"-","-","N/A","N/A","ENNIO","China",1,0,"N/A","Large bulky",12.5,16,20.5,25.15,1328.7,3321.76,"10/31/2025",7,7,4,"N/A"
"https://amazon.com/dp/B07YD2RJQF","https://m.media-amazon.com/images/I/419RbcIfmcL._SX450_.jpg","B07YD2RJQF","WiFi 3.9mm 2MP Telephoto Borescopes Endoscope Waterproof USB Pipe Car Inspection Camera 3 cm-8 cm Focal 6 White LED Bright Light Support Android, Windows & MacBook PC, iOS (1M)","visiPower","FBM","Industrial & Scientific",1075030,"N/A","N/A","N/A","N/A","Borescopes",1575,30,-64,3,3,,93.72,93.69,"N/A","N/A","YZY TECH","China",1,8,"N/A","N/A","N/A","N/A","N/A","N/A","N/A","N/A","02/28/2026",77,9,3,"N/A"
"https://amazon.com/dp/B00LDZ20WW","https://m.media-amazon.com/images/I/71-n+zgtEhL._SX450_.jpg","B00LDZ20WW","Vividia Mini 3.9mm Photo & Video Recordable Flexible Inspection Camera Borescope Endoscope with Wireless 3.5"" LCD Monitor","VIVIDIA","FBM","Industrial & Scientific",1076310,759119543679,"N/A",0759119543679,"N/A","Borescopes",1576,269.98,-32,0,0,,"-","-",1,3,"Oasis Scientific Inc.","USA",1,3,-57,"N/A","N/A","N/A","N/A","N/A","N/A","N/A","07/31/2024",140,9,0,0
"https://amazon.com/dp/B0CL51QQD7","https://m.media-amazon.com/images/I/611wLmDD6XL._SX450_.jpg","B0CL51QQD7","Pilipane Ultra Thin 5 5mm Endoscope Camera, 3 in 1 USB Borescope for Accurate Inspections(5M)","Pilipane","FBM","Industrial & Scientific",1078729,"N/A","N/A","N/A","N/A","Borescopes",1563,15.02,-48,0,0,-83,"-","-","N/A","N/A","Haedaxua-US","China",1,0,"N/A","N/A","N/A","N/A","N/A","N/A","N/A","N/A","11/30/2025",29,7,0,"N/A"
"https://amazon.com/dp/B0D99PRPLG","https://m.media-amazon.com/images/I/41rwKoe1ILL._SX450_.jpg","B0D99PRPLG","Vividia TVS-810 Telescopic Pole Video Inspection Camera Borescope System 8 Meter (26 FT) Long with DVR Recording, 10"" LCD Screen and Sturdy Case","VIVIDIA","FBM","Industrial & Scientific",1081762,"N/A","N/A","N/A","N/A","Borescopes",1581,2399.98,-28,0,0,,"-","-","N/A","N/A","Oasis Scientific Inc.","USA",1,0,"N/A","N/A","N/A","N/A","N/A","N/A","N/A","N/A","10/31/2025",35,9,0,"N/A"
"https://amazon.com/dp/B0C7LV1WSY","https://m.media-amazon.com/images/I/71A2KD+dZAL._SX450_.jpg","B0C7LV1WSY","Vividia CXM-6010 Flexible Joystick Articulation Video Borescope 1 Meter Long Videoscope Inspection Camera Endoscope with 4.5"" LCD Monitor (6mm Camera Head Diameter)","VIVIDIA","FBM","Industrial & Scientific",1087698,"N/A","N/A","N/A","N/A","Borescopes",1580,799.98,-13,0,0,-100,"-","-","N/A","N/A","Oasis Scientific Inc.","USA",1,6,-63,"Large bulky",20.5,16,6,12,"N/A","N/A","02/29/2024",65,9,2,"N/A"
"https://amazon.com/dp/B0C7LV2PLL","https://m.media-amazon.com/images/I/71A2KD+dZAL._SX450_.jpg","B0C7LV2PLL","Vividia CXM-4010 Flexible Joystick Articulation Video Borescope 1 Meter Long Videoscope Inspection Camera Endoscope with 4.5"" LCD Monitor (4mm Camera Head Diameter)","VIVIDIA","FBM","Industrial & Scientific",1089387,"N/A","N/A","N/A","N/A","Borescopes",1588,999.98,-39,0,0,-100,"-","-","N/A","N/A","Oasis Scientific Inc.","USA",1,6,-63,"Large bulky",20.5,16,6,12,"N/A","N/A","02/29/2024",65,9,2,"N/A"
"https://amazon.com/dp/B0CNV5RBBH","https://m.media-amazon.com/images/I/71DLXTycWkL._SX450_.jpg","B0CNV5RBBH","BoxWave Screen Protector Compatible with Depstech Triple Lens borescope Inspection Camera (5 in) - ClearTouch Anti-Glare (2-Pack), Anti-Fingerprint Matte Film Skin","BoxWave","FBM","Industrial & Scientific",1089647,"N/A","N/A","N/A","N/A","Borescopes",1586,14.95,-22,0,0,,"-","-","N/A","N/A","BoxWave Corporation","USA",1,5,"N/A","N/A","N/A","N/A","N/A","N/A","N/A","N/A","03/31/2025",28,7,0,"N/A"
"https://amazon.com/dp/B0CCS5TZT6","https://m.media-amazon.com/images/I/71JR1+vVXtL._SX450_.jpg","B0CCS5TZT6","Sewer Camera,SYANSPAN 4.3""Pipe Drain Inspection Camera with Snake Cable,Waterproof IP68 Borescope w/LED Lights,Industrial Endoscope for Home Wall Duct Drain Pipe Plumbing(No DVR,33ft/10M)","SYANSPAN","FBM","Industrial & Scientific",1089996,"N/A","N/A","N/A","N/A","Borescopes",1581,207.99,-71,0,0,50,"-","-","N/A","N/A","pipe camera","China",1,16,-11,"Large Standard-Size",12.6,6.3,12.99,7.05,"N/A","N/A","08/31/2025",31,9,20,"N/A"
"https://amazon.com/dp/B0CCS47QP1","https://m.media-amazon.com/images/I/71lypjjOvuL._SX450_.jpg","B0CCS47QP1","Sewer Camera,SYANSPAN 4.3""Pipe Drain Inspection Camera with Red Fiberglass Stiff Snake Cable,Dia 17mm Borescope w/LED Lights,Industrial Endoscope for Drain Pipe Plumbing(No DVR,66ft/20M)","SYANSPAN","FBM","Industrial & Scientific",1092218,"N/A","N/A","N/A","N/A","Borescopes",1581,223.99,-65,0,0,50,"-","-","N/A","N/A","pipe camera","China",1,16,-11,"Large Standard-Size",12.6,6.3,12.99,7.72,"N/A","N/A","08/31/2025",31,7,20,"N/A"
"https://amazon.com/dp/B0CCS3M34T","https://m.media-amazon.com/images/I/71JR1+vVXtL._SX450_.jpg","B0CCS3M34T","SYANSPAN Sewer Camera,Borescope Camera with Light,4.3""Sewer Drain Pipe Inspection Camera Endoscope for Home Wall Duct Drain Pipe Plumbing(No DVR,164ft/50M)","SYANSPAN","FBM","Industrial & Scientific",1092339,"N/A","N/A","N/A","N/A","Borescopes",1572,313.99,-83,0,0,50,"-","-","N/A","N/A","pipe camera","China",1,16,-11,"Large Standard-Size",12.6,6.3,12.99,9.92,"N/A","N/A","08/31/2025",31,7,20,"N/A"
"https://amazon.com/dp/B0FZHMSV2C","https://m.media-amazon.com/images/I/715TR484RPL._SX450_.jpg","B0FZHMSV2C","Sewer Camera, 98.4 ft/30 m 1080P Plumbers Inspection Camera with 9"" IPS Monitor and 98.4ft Cable, IP68 Waterproof Snake Camera with 12 LEDs, High-Intensity Fiber Tube, DVR & 16G TF Card","VISIOPROBE","FBA","Industrial & Scientific",1092803,"N/A","N/A","N/A","N/A","Borescopes",1569,599,"N/A",0,0,,"-","-",1,5,"VISIOPROBE DIRRECT","N/A",1,0,"N/A","Large bulky",15.35,12.99,9.84,10.14,636.3,1590.75,"12/31/2025",4,9,0,0
"https://amazon.com/dp/B0CVZVDNMP","https://m.media-amazon.com/images/I/713L7km2+-L._SX450_.jpg","B0CVZVDNMP","Anysun Sewer Camera Cable Bracket, 230Ft/70M, Only for Anysun 5100 All-in-One Pipe Inspection Camera System","anysun","FBM","Industrial & Scientific",1094511,774049881295,"N/A",0774049881295,"N/A","Borescopes",1583,699.99,-42,0,0,,"-","-",1,2,"Yongchangsheng tech","Hong Kong",1,1,"N/A","N/A","N/A","N/A","N/A","N/A","N/A","N/A","08/31/2024",24,2,0,0
"https://amazon.com/dp/B0DTLFY4BW","https://m.media-amazon.com/images/I/51mQBWbqTwL._SX450_.jpg","B0DTLFY4BW","Endoscope Camera Mobile Phone PC USB Type C 3 in 1 for Android with LED Light for Automobile 5meter Hard Wire 5.5mm","KIMISS","FBA","Industrial & Scientific",1094815,"N/A","N/A","N/A","N/A","Borescopes",1585,13.79,-42,0,0,,"-","-","N/A","N/A","Jazutaq","China",2,0,"N/A","Large Standard-Size",5.12,4.72,1.97,0.36,23.96,66.11,"-",13,9,0,"N/A"
"https://amazon.com/dp/B0CCS44KS1","https://m.media-amazon.com/images/I/71qLLopoucL._SX450_.jpg","B0CCS44KS1","Sewer Camera 100ft,SYANSPAN 23mm Sewer Inspection Camera,16GB DVR Video Recording Endoscope Borescope w/ 8500mAh Low Temperature Resistant Battery(100ft/30M,16GB DVR)","SYANSPAN","FBM","Industrial & Scientific",1095349,"N/A","N/A","N/A","N/A","Borescopes",1591,289.99,-61,0,0,50,"-","-","N/A","N/A","pipe camera","China",1,16,-11,"Large Standard-Size",12.6,6.3,12.99,8.38,"N/A","N/A","08/31/2025",31,7,20,"N/A"
"https://amazon.com/dp/B0CCS3ZG6M","https://m.media-amazon.com/images/I/71lypjjOvuL._SX450_.jpg","B0CCS3ZG6M","Sewer Camera 100ft,SYANSPAN 4.3""Pipe Drain Inspection Camera with Red Fiberglass Stiff Snake Cable,Dia 17mm Industrial Endoscope for Home Wall Duct(No DVR,100ft/30M)","SYANSPAN","FBM","Industrial & Scientific",1095883,"N/A","N/A","N/A","N/A","Borescopes",1589,249.99,-70,0,0,50,"-","-","N/A","N/A","pipe camera","China",1,16,-11,"Large Standard-Size",12.6,6.3,12.99,8.38,"N/A","N/A","08/31/2025",31,7,20,"N/A"
"https://amazon.com/dp/B08PDNH3LV","https://m.media-amazon.com/images/I/619dbx274XL._SX450_.jpg","B08PDNH3LV","Lyman Borecam Pro: Wireless Bore Camera","Lyman","FBM","Industrial & Scientific",1100021,011516040596,"N/A",0011516040596,"N/A","Borescopes",1590,309.99,-7,0,0,,"-","-",5,2.4,"OnAdventure","USA",1,1,-100,"Large bulky",2.5,3.5,29.5,1.4,"N/A","N/A","02/29/2024",63,4,0,0
"https://amazon.com/dp/B00Z19DSWW","https://m.media-amazon.com/images/I/61lu0NilCSL._SX450_.jpg","B00Z19DSWW","General Tools DCS660A Wet/Dry Recording Video Inspection System with 1 Meter Long & 8mm Diameter Camera Tipped Probe","General Tools","Amazon","Industrial & Scientific",1101738,681035017470,00681035017470,0681035017470,"N/A","Borescopes",1593,245.37,-9,0,0,,"-","-",2,4.7,"Amazon","N/A",3,4,"N/A","Large Standard-Size",4.88,10.71,13.23,3.45,"N/A","N/A","02/28/2025",129,7,0,0
"https://amazon.com/dp/B0DR88HN2D","https://m.media-amazon.com/images/I/517ngJpFztL._SX450_.jpg","B0DR88HN2D","Sewer Camera Head, 23mm Sewer Inspection Camera Pipe Inspection Camera Sewer Pipe Accessories with 12 LED Lights for Professional IP68 Water 15mm Thread Diameter Pipe","Ymiko","FBA","Industrial & Scientific",1102023,"N/A","N/A","N/A","N/A","Borescopes",1582,156.76,"N/A",1,1,,208.04,207.97,"N/A","N/A","WYANG188","China",2,0,"N/A","Large Standard-Size",6.69,3.94,2.36,0.4,31.34,86.45,"12/31/2025",14,9,0,"N/A"
"https://amazon.com/dp/B0792F5YN9","https://m.media-amazon.com/images/I/71Nc0t-PjcL._SX450_.jpg","B0792F5YN9","Omnihil AC/DC Power Adapter Compatible with General Tools DCS1800 Wireless Video Borescope System Power Supply","OMNIHIL","FBM","Industrial & Scientific",1105334,665611164932,"N/A",0665611164932,"N/A","Borescopes",1595,14.96,-21,0,0,-150,"-","-","N/A","N/A","OMNIHIL","USA",1,4,33,"Large Standard-Size",3,2,2,0.31,"N/A","N/A","10/31/2025",97,5,0,"N/A"
"https://amazon.com/dp/B0GDMCTD4J","https://m.media-amazon.com/images/I/51SCyFqDhmL._SX450_.jpg","B0GDMCTD4J","Drain Sewer Pipeline Industrial Endoscop 512Hz Transmitter Image Self-Leveling Camera Head MAOTEWANG Well Pipe Inspection Camera","YZQMGCXG","-","Industrial & Scientific",1106752,"N/A","N/A",4588333165956,"N/A","Borescopes",1591,329.99,"N/A",0,0,,"-","-","N/A","N/A",,"N/A",2,0,"N/A","Large Standard-Size",3.94,3.94,3.94,0.11,"N/A","N/A","-",2,"N/A",0,"N/A"
"https://amazon.com/dp/B0BGVKMLDF","https://m.media-amazon.com/images/I/61fEwiZOYvL._SX450_.jpg","B0BGVKMLDF","Vividia DA-2812 LCD/WiFi Flexible Joystick Articulating Inspection Camera Borescope Videoscope with 2.8mm (0.11"") Diameter 1.2m (3.9ft) Long Waterproof IP67 Probe","VIVIDIA","FBM","Industrial & Scientific",1107089,"N/A","N/A","N/A","N/A","Borescopes",1598,3999.98,-28,0,0,,"-","-","N/A","N/A","Oasis Scientific Inc.","USA",1,4,"N/A","N/A","N/A","N/A","N/A","N/A","N/A","N/A","04/30/2025",50,9,0,"N/A"
"https://amazon.com/dp/B09Q6KJSY3","https://m.media-amazon.com/images/I/41TMc-OTf3L._SX450_.jpg","B09Q6KJSY3","Vividia TVS-800 Telescopic Pole Video Inspection Camera Borescope System 8 Meter (26 FT) Long with DVR Recording, 7"" LCD Screen and Sturdy Case","VIVIDIA","FBM","Industrial & Scientific",1110392,"N/A","N/A","N/A","N/A","Borescopes",1597,1999.98,-45,0,0,,"-","-","N/A","N/A","Oasis Scientific Inc.","USA",1,0,"N/A","N/A","N/A","N/A","N/A","N/A","N/A","N/A","07/31/2025",131,6,0,"N/A"
"https://amazon.com/dp/B008UCZBT0","https://m.media-amazon.com/images/I/41SYPIe5obL._SX450_.jpg","B008UCZBT0","Vividia USB Flexible Inspection Camera Borescope Endoscope with 5x Zoom Function and 11.2mm Camera Head Outer Diameter","VIVIDIA","FBM","Industrial & Scientific",1112705,858499002544,"N/A",0858499002544,"N/A","Borescopes",1597,49.98,-15,0,0,,"-","-",4,2.4,"Oasis Scientific Inc.","USA",1,3,200,"Large Standard-Size",14,8.5,2.4,2.55,"N/A","N/A","07/31/2025",163,7,0,0
"https://amazon.com/dp/B007ROP3FO","https://m.media-amazon.com/images/I/41eJFgtZucL._SX450_.jpg","B007ROP3FO","Supereyes 7 mm 100X Waterproof USB Borescope Endoscope Flexible Inspection Camera with LED","Supereyes","FBA","Industrial & Scientific",1113599,848454011353,"N/A",0848454011353,"N/A","Borescopes",1599,39.9,4,0,0,,"-","-",102,4,"Supereyes Official","China",2,5,400,"Large Standard-Size",7.2,5,2.7,0.95,48.94,135,"02/28/2025",167,7,0,0
"https://amazon.com/dp/B0CTJ4DB4L","https://m.media-amazon.com/images/I/71aDB50loAL._SX450_.jpg","B0CTJ4DB4L","Inspection Camera, Inspection Camera 5.5mm, Digital Endoscope 4.3inch Screen, 1080P, 11.5FT Cable, Automotive Plumbing, Borescopes (10m / 32.8ft)","Hilitand","FBM","Industrial & Scientific",1115639,"N/A","N/A","N/A","N/A","Borescopes",1596,77.34,-34,0,0,-133,"-","-","N/A","N/A","Simangy","China",1,0,"N/A","Small Standard-Size",0.39,0.39,0.39,0,"N/A","N/A","07/31/2025",25,9,0,"N/A"
"https://amazon.com/dp/B08JVLFW54","https://m.media-amazon.com/images/I/71+lbW2d2VL._SX450_.jpg","B08JVLFW54","Vividia NP-2011 Flexible Non-Articulation 2mm Diameter 1.1 Meter Long Borescope Endoscope Videoscope Inspection Camera with 5"" LCD Monitor","VIVIDIA","FBM","Industrial & Scientific",1116560,"N/A","N/A","N/A","N/A","Borescopes",1601,4999,-58,0,0,-125,"-","-","N/A","N/A","Oasis Scientific Inc.","USA",1,3,"N/A","N/A","N/A","N/A","N/A","N/A","N/A","N/A","11/30/2025",65,9,0,"N/A"
"https://amazon.com/dp/B0DJ83168F","https://m.media-amazon.com/images/I/61rTFC-FsSL._SX450_.jpg","B0DJ83168F","wengjack USB Phone Inspections Camera Endoscope USB Inspections Camera Inspections Camera","wengjack","FBM","Industrial & Scientific",1120935,"N/A","N/A",7683000242446,"N/A","Borescopes",1605,9.9,75,0,0,-75,"-","-","N/A","N/A","ABALAX U.S.","China",2,0,"N/A","N/A","N/A","N/A","N/A","N/A","N/A","N/A","12/31/2025",5,9,0,"N/A"
"https://amazon.com/dp/B0CLVT2TD7","https://m.media-amazon.com/images/I/51Qeo6MMbPL._SX450_.jpg","B0CLVT2TD7","gernie Endoscope Camera 5.5Mm Hard Wire Light Cable Mobile Phone USB Car for Led 5M Hard Wire 5Meter Endoscopes","Gernie","FBM","Industrial & Scientific",1122520,"N/A","N/A",7795785218537,"N/A","Borescopes",1605,13.94,-21,1,1,,15.74,15.71,"N/A","N/A","Wenteru","China",1,2,"N/A","Large Standard-Size",5.12,4.72,1.57,0.37,"N/A","N/A","02/28/2025",28,9,0,"N/A"
"https://amazon.com/dp/B0FCG5JRN9","https://m.media-amazon.com/images/I/61YCqNgmfcL._SX450_.jpg","B0FCG5JRN9","UNI-T Inspection Camera UT663B 1m/2m/3m Industrial Borescope Inspection Camera with 5 inch Screen 180° Turning High Definition Visual Endoscope(UT663B 1M)","UNI-T","FBM","Industrial & Scientific",1125760,"N/A","N/A","N/A","N/A","Borescopes",1610,182,"N/A",1,1,300,259.04,127.45,"N/A","N/A","Yuqiao--Store","Hong Kong",1,0,"N/A","Large Standard-Size",7.87,4.72,5.12,2.2,"N/A","N/A","07/31/2025",9,7,3,"N/A"
"https://amazon.com/dp/B0B5VLRKBM","https://m.media-amazon.com/images/I/61JbyKZxw8L._SX450_.jpg","B0B5VLRKBM","Cuifati 512hz Sewer Camera Locator, 512hz Pipe Locator Receiver and Transmitter for Sewer Camera, 5 Meters/6 Level Strength/10 Hours Working(CA)","Cuifati","FBM","Industrial & Scientific",1125823,"N/A","N/A","N/A","N/A","Borescopes",1610,204.16,-48,0,0,-150,"-","-",2,1,"Cuifati3","China",1,5,"N/A","Large bulky",2.56,4.02,21.46,1.5,"N/A","N/A","08/31/2024",44,9,1,0
"https://amazon.com/dp/B0DZHP2ZXX","https://m.media-amazon.com/images/I/41sr1v5Z6uL._SX450_.jpg","B0DZHP2ZXX","Sewer Camera 66FT,9inch 8GB DVR Monitor,23MM/0.9"" Plumbing Bores Cope Camera,Waterproof Drain Inspection borescopes with 12 Light Meter Counter for Pipes Larger Than 1Inch(20M/66FT)","SYANSPAN","FBA","Industrial & Scientific",1127384,"N/A","N/A","N/A","N/A","Borescopes",1609,369,-73,1,0,300,395.15,"-",4,5,"pipe camera","China",1,0,"N/A","Large bulky",7,15,16,11.1,544.44,1361.11,"10/31/2025",12,1,6,0.29
"https://amazon.com/dp/B0C14788YZ","https://m.media-amazon.com/images/I/71sZPUndCWL._SX450_.jpg","B0C14788YZ","Sewer Camera 100ft Sewer Inspection Camera with Distance Counter and Keyboard 7"" Screen IP68 Waterproof Industrial Endoscope Snake Camera 17MM Drain Pipe Inspection Camera","ESANHAO","FBA","Industrial & Scientific",1128382,614019415498,"N/A",0614019415498,"N/A","Borescopes",1614,599.99,-5,0,0,,"-","-",15,4,"ESANHAO","China",1,4,"N/A","Large bulky",9,14.05,16.75,18.05,686.4,1716,"08/31/2024",35,8,0,0
"https://amazon.com/dp/B07SGNF588","https://m.media-amazon.com/images/I/61nRqwa+cxL._SX450_.jpg","B07SGNF588","Vividia GB-430 USB Digital Manual Focus Gun Barrel Borescope Endoscope Videoscope Inspection Camera with 4mm (0.158"") Diameter and 12"" (30 cm) Long Insertion Tube","VIVIDIA","FBM","Industrial & Scientific",1129892,"N/A","N/A","N/A","N/A","Borescopes",1616,249.98,-36,0,0,100,"-","-",0,"N/A","Oasis Scientific Inc.","USA",1,5,"N/A","N/A","N/A","N/A","N/A","N/A","N/A","N/A","03/31/2024",81,9,0,"N/A"
"https://amazon.com/dp/B0FCG5N9V2","https://m.media-amazon.com/images/I/61LEAc8S7PL._SX450_.jpg","B0FCG5N9V2","UNI-T Inspection Camera UT663B 1m/2m/3m Industrial Borescope Inspection Camera with 5 inch Screen 180° Turning High Definition Visual Endoscope(UT663B 3M)","UNI-T","FBM","Industrial & Scientific",1130504,"N/A","N/A","N/A","N/A","Borescopes",1616,278,"N/A",1,0,300,259.04,"-","N/A","N/A","Yuqiao--Store","Hong Kong",1,0,"N/A","Large Standard-Size",7.87,4.72,5.12,2.2,"N/A","N/A","07/31/2025",9,7,3,"N/A"
"https://amazon.com/dp/B0CJ7CLRD1","https://m.media-amazon.com/images/I/619XjDgPcoL._SX450_.jpg","B0CJ7CLRD1","Pipeline Phone Borescope, 2MP Phone Endoscope Camera Type C Single Lens Industrial Pipeline Mobile Phone Borescope for Home Appliance, Borescopes","Hilitand","FBA","Industrial & Scientific",1131851,"N/A","N/A","N/A","N/A","Borescopes",1615,27.18,84,0,0,-114,"-","-","N/A","N/A","Simangy","China",1,5,400,"Large Standard-Size",1.42,4.72,4.92,0.18,16.59,45.77,"11/30/2025",29,9,0,"N/A"
"https://amazon.com/dp/B0FCGBDMJJ","https://m.media-amazon.com/images/I/61LEAc8S7PL._SX450_.jpg","B0FCGBDMJJ","UNI-T Inspection Camera UT663B 1m/2m/3m Industrial Borescope Inspection Camera with 5 inch Screen 180° Turning High Definition Visual Endoscope(UT663B 2M)","UNI-T","FBM","Industrial & Scientific",1133128,"N/A","N/A","N/A","N/A","Borescopes",1617,218,-20,1,0,300,259.04,"-","N/A","N/A","Yuqiao--Store","Hong Kong",1,0,"N/A","Large Standard-Size",7.87,4.72,5.12,2.2,"N/A","N/A","07/31/2025",9,7,3,"N/A"
"https://amazon.com/dp/B0FWKRH94Y","https://m.media-amazon.com/images/I/51NHLyMV-dL._SX450_.jpg","B0FWKRH94Y","YDuupxe Endoscope Camera with Light, 5.5mm IP67 Waterproof Borescope, 16.4FT Semi- Snake Camera with USB C Micro USB Adapters for Android, Home Automotive Inspection Tool","YDuupxe","FBA","Industrial & Scientific",1135354,"N/A","N/A","N/A","N/A","Borescopes",1620,13.29,-27,0,0,-67,"-","-","N/A","N/A","Sonrzo","N/A",2,0,"N/A","Large Standard-Size",5.12,4.72,1.97,0.36,23.96,66.11,"10/31/2025",5,9,0,"N/A"
"https://amazon.com/dp/B0FWBB6W27","https://m.media-amazon.com/images/I/71-vJJJOH2L._SX450_.jpg","B0FWBB6W27","Sewer Camera w/DVR Function,7"" HD 1080P Screen Drain Inspection Cam, IP68 Waterproof Pipe Plumbing Cam w/32GB Card, for Sewer Line Home Duct Drain Pipe Plumbing (100FT/30M/ HD Camera)","Liwogi","FBA","Industrial & Scientific",1138431,"N/A","N/A","N/A","N/A","Borescopes",1622,289.99,142,1,1,,345.01,214.21,"N/A","N/A","Hot car parts","China",1,0,"N/A","Large Standard-Size",12.7,6.7,14,7.43,599.77,1654.53,"01/31/2026",5,9,2,"N/A"
"https://amazon.com/dp/B0FWB82H9C","https://m.media-amazon.com/images/I/713E4SUyFUL._SX450_.jpg","B0FWB82H9C","Sewer Camera w/DVR Function,7"" HD 1080P Screen Drain Inspection Cam, IP68 Waterproof Pipe Plumbing Cam w/32GB Card, for Sewer Line Home Duct Drain Pipe Plumbing (100FT/30M/Self-Leveling Camera)","Liwogi","FBA","Industrial & Scientific",1138463,"N/A","N/A","N/A","N/A","Borescopes",1622,329.99,"N/A",1,0,,345.01,"-","N/A","N/A","Hot car parts","China",1,0,"N/A","Large Standard-Size",12.7,6.7,14,7.43,599.77,1654.53,"01/31/2026",5,10,2,"N/A"
"https://amazon.com/dp/B0DGXLYP21","https://m.media-amazon.com/images/I/51iK+8AILiL._SX450_.jpg","B0DGXLYP21","Sewer Camera Robot, 4WD，512HZ Locator，200W Rotatable Dual Lenses Camera，IP68 All-Metal Body, Pipe Inspection Robot(394ft/120M) (394FT)","YATOU BOX","FBM","Industrial & Scientific",1143808,"N/A","N/A","N/A","N/A","Borescopes",1625,9666,-14,0,0,-150,"-","-",1,4,"ruianshiyuanqingxieliaojiagongchang","N/A",1,0,"N/A","Extra-large 70+ to 150 lb",26,24,22,83.78,"N/A","N/A","11/30/2025",16,9,1,0
"https://amazon.com/dp/B0DGPXTZJQ","https://m.media-amazon.com/images/I/61-Boh-bcUL._SX450_.jpg","B0DGPXTZJQ","YUELER Borescope,Endoscope Camera with Light, Waterproof Snake Cameras Inspection Cameras with Adjustable LED Light","YUELER","FBM","Industrial & Scientific",1149208,"N/A","N/A",7671930043028,"N/A","Borescopes",1629,17.99,-35,0,0,-120,"-","-","N/A","N/A","RUImiand","China",1,14,"N/A","N/A","N/A","N/A","N/A","N/A","N/A","N/A","10/31/2025",18,9,4,"N/A"
"https://amazon.com/dp/B0FLWS2HBV","https://m.media-amazon.com/images/I/713i-fzU-6L._SX450_.jpg","B0FLWS2HBV","Endoscope Camera with Light, 1080P HD Borescope with 8 Adjustable Lights, 5"" Endoscope with 16.4ft Semi-Rigid Snake Camera, IP67 Waterproof Borescopese for Sewer, Cool Gadgets & Tools for Men","Lumiscp","FBA","Industrial & Scientific",1151343,"N/A","N/A","N/A","N/A","Borescopes",1625,109.99,68,0,0,,"-","-","N/A","N/A","Lumiscp Direct","China",1,0,"N/A","Large Standard-Size",3.62,6.77,9.25,1.76,114.13,314.85,"11/30/2025",7,7,0,"N/A"
"https://amazon.com/dp/B0DRGNX1W8","https://m.media-amazon.com/images/I/51FVHo9vWEL._SX450_.jpg","B0DRGNX1W8","Gsycle 23mm Sewer Inspection Camera, Pipe Inspection Camera with 12 LED Lights, IP68 Water Resistant, Silver, USB, 5MP, 1080p, Auto Focus","Gsycle","FBM","Industrial & Scientific",1153022,"N/A","N/A","N/A","N/A","Borescopes",1631,124.89,"N/A",0,0,,"-","-","N/A","N/A","Chophin-US","China",1,0,"N/A","Large Standard-Size",6.69,3.94,2.36,0.4,"N/A","N/A","12/31/2025",14,9,0,"N/A"
"https://amazon.com/dp/B0DPRHDXQG","https://m.media-amazon.com/images/I/61rTFC-FsSL._SX450_.jpg","B0DPRHDXQG","ROYALEAD USB Phone Inspections Camera, Portable Borescope, Portable Inspections Camera, Black, Waterproof, 640x480 Resolution, For Auto Repairs, Equipment Maintenance, Household Tasks","ROYALEAD","FBM","Industrial & Scientific",1159755,"N/A","N/A",7696920079559,"N/A","Borescopes",1634,8.98,-13,0,0,,"-","-","N/A","N/A","HEziej","China",1,0,"N/A","N/A","N/A","N/A","N/A","N/A","N/A","N/A","06/30/2025",15,9,3,"N/A"
"https://amazon.com/dp/B081R9QQMB","https://m.media-amazon.com/images/I/61sWJl0iyJL._SX450_.jpg","B081R9QQMB","Endoscope, Fydun USB Endoscope 1pc Black 15-Meter USB Endoscope with 2-Megapixel Camera for Pipe Car Inspection","Fydun","FBM","Industrial & Scientific",1161019,738585349169,"N/A",0738585349169,"N/A","Borescopes",1639,31.39,-24,1,1,-60,20.6,20.56,"N/A","N/A","Miyinla-Z","China",1,6,20,"N/A","N/A","N/A","N/A","N/A","N/A","N/A","08/31/2024",57,9,0,"N/A"
"https://amazon.com/dp/B0BNLNCQS7","https://m.media-amazon.com/images/I/61Q8cUQIztL._SX450_.jpg","B0BNLNCQS7","Wohler VIS Camera Trolley","Wohler","Amazon","Industrial & Scientific",1161583,"N/A","N/A",4262383840758,"N/A","Borescopes",1633,746.35,-27,0,0,,"-","-","N/A","N/A","Amazon","N/A",2,4,-43,"Large Standard-Size",6.5,12.25,12.4,3,"N/A","N/A","06/30/2024",39,3,0,"N/A"
"https://amazon.com/dp/B0FTVK5G3D","https://m.media-amazon.com/images/I/81O7xE-CsVL._SX450_.jpg","B0FTVK5G3D","200Ft Sewer Camera Self-Leveling for HVAC, Pool, High-Rise Drains, Retractable Handle/Wheels for Municipal Engineering Oil/Gas Pipeline Construction Sites, 10'' HD, IP68, 7MM Cable, Pros/DIYers, DVR","SumKea","FBM","Industrial & Scientific",1164323,774882258513,"N/A",0774882258513,"N/A","Borescopes",1639,1199.99,-12,1,1,,1551.73,623.29,1,5,"SumKea","China",1,0,"N/A","Extra-large 50+ to 70 lb",23.6,21.2,16.5,48.5,"N/A","N/A","11/30/2025",1,9,4,1.15
"https://amazon.com/dp/B0FTVFRYT3","https://m.media-amazon.com/images/I/81pvM0icJAL._SX450_.jpg","B0FTVFRYT3","Sewer Camera with Locator, Industrial Borescope Drain Camera with Self-Leveling, 10""HD Endoscope Pipe Cameras with Keypad, 7MM Cable 200Ft/60M(Length), IP68 Waterproof, Distance Counter, DVR, 5X Zoom","SumKea","FBM","Industrial & Scientific",1164581,774882258568,"N/A",0774882258568,"N/A","Borescopes",1640,1599.99,-7,1,0,,1551.73,"-",1,5,"SumKea","China",1,0,"N/A","Extra-large 50+ to 70 lb",23.6,21.2,17.7,53.2,"N/A","N/A","11/30/2025",1,9,4,1.15
"https://amazon.com/dp/B0FTVHBSHD","https://m.media-amazon.com/images/I/81PcgMjnpfL._SX450_.jpg","B0FTVHBSHD","Sewer Camera 250Ft Self-Leveling for HVAC/Pool, High-Rise Drains, Retractable Handle/Wheels for Municipal Engineering Oil/Gas Pipeline Construction Sites, Pros & DIYers, 10'' HD, IP68, 7MM Cable","SumKea","FBM","Industrial & Scientific",1164587,774882258575,"N/A",0774882258575,"N/A","Borescopes",1640,1699.99,45,1,0,,1551.73,"-",1,5,"SumKea","China",1,0,"N/A","Extra-large 50+ to 70 lb",23.6,21.2,18.3,54.8,"N/A","N/A","11/30/2025",1,9,4,1.15
"https://amazon.com/dp/B09QD468XR","https://m.media-amazon.com/images/I/61C86ScwdKL._SX450_.jpg","B09QD468XR","Vividia BD-8050U USB Dual Camera Borescope with 8mm (0.32"") Diameter 5m (16ft) Long Semi-Rigid Probe for Windows PC MacBook Chromebook and Android Devices","VIVIDIA","FBM","Industrial & Scientific",1165122,"N/A","N/A","N/A","N/A","Borescopes",1640,149,-19,0,0,,"-","-","N/A","N/A","Oasis Scientific Inc.","USA",1,0,"N/A","N/A","N/A","N/A","N/A","N/A","N/A","N/A","03/31/2024",61,9,0,"N/A"
"https://amazon.com/dp/B0FTVF57DZ","https://m.media-amazon.com/images/I/81XFLMSQ4JL._SX450_.jpg","B0FTVF57DZ","Sewer Camera Self-Leveling, Distance Counter, 250Ft Pipe Inspection Camera for Ducts/Walls/Rivers/Caves, Precise Fault Detection, 10” HD, 7MM Cable, IP68 Waterproof, Pull Handle, Wheels/Keyboard, DVR","SumKea","FBM","Industrial & Scientific",1165417,774882258537,"N/A",0774882258537,"N/A","Borescopes",1637,1299.99,-11,1,0,,1551.73,"-",1,5,"SumKea","China",1,0,"N/A","Extra-large 50+ to 70 lb",17.7,21.2,15.7,50.5,"N/A","N/A","11/30/2025",1,9,4,1.15
"https://amazon.com/dp/B01HS8697E","https://m.media-amazon.com/images/I/71QnAeGHNLL._SX450_.jpg","B01HS8697E","PCE Instruments PCE-VE 200 Industrial Borescope, for Visual inspections in Hard-to-Reach Areas, Features 1 m / 3.3 ft Probe, 3.5"" Display, Plus LED Lighting and Image/Video Storage","PCE Instruments","FBM","Industrial & Scientific",1165597,"N/A","N/A",4250348715104,"N/A","Borescopes",1638,628.3,3,0,0,,"-","-","N/A","N/A","Cherise Trading","China",2,1,"N/A","Large Standard-Size",2.99,8.9,12.83,1.85,"N/A","N/A","10/31/2024",56,8,0,"N/A"
"https://amazon.com/dp/B0FSZYFMRW","https://m.media-amazon.com/images/I/51PFOcruIkL._SX450_.jpg","B0FSZYFMRW","Sumkea New Upgrade 512hz Locator and 512hz Sonde Transmitter Kit with Box for Sewer Inspection Camera, Only for Sumkea Sewer Camera 10DX1, 10DZ, 7DVE, 7DA, L09D, 7GY60A","SumKea","FBM","Industrial & Scientific",1172325,774882705222,"N/A",0774882705222,"N/A","Borescopes",1646,369.99,-20,0,0,-150,"-","-","N/A","N/A","SumKea","China",1,0,"N/A","Large Standard-Size",14.25,7.28,8.46,33.95,"N/A","N/A","11/30/2025",5,9,0,"N/A"
"https://amazon.com/dp/B08C52QS6Y","https://m.media-amazon.com/images/I/51bqA89-d1L._SX450_.jpg","B08C52QS6Y","USB Endoscope 7mm Focus Camera Lens 1.5M Waterproof 6 LED Android Endoscope Mini USB Cable Endoscope","Oumij1","FBM","Industrial & Scientific",1173295,"N/A","N/A",8407376155525,"N/A","Borescopes",1648,9.83,49,0,0,-143,"-","-",3,2,"Oumij1","China",1,2,-78,"Large Standard-Size",1.6,5.2,5.2,0.2,"N/A","N/A","08/31/2024",68,8,0,0
"https://amazon.com/dp/B0FN5ZJD5Z","https://m.media-amazon.com/images/I/71EDH1T0JqL._SX450_.jpg","B0FN5ZJD5Z","Hilitand Industrial Endoscope Borescope Camera with Light IP67 4.3in LCD 1080P HD Dual Lens 8mm for Sewer Drain Pipe Car Inspection (5m / 16.4ft)","Hilitand","FBM","Industrial & Scientific",1176022,"N/A","N/A","N/A","N/A","Borescopes",1641,44.08,-7,0,0,-100,"-","-","N/A","N/A","Simangy","China",1,0,"N/A","Large Standard-Size",7.87,5.12,3.15,1.15,"N/A","N/A","12/31/2025",6,9,2,"N/A"
"https://amazon.com/dp/B00APAM27Y","https://m.media-amazon.com/images/I/81VLgxyw-GL._SX450_.jpg","B00APAM27Y","Vividia Mini 8mm USB Flexible Inspection Camera Borescope Endoscope Microscope with Manual Focus and Mirrors for Side View","VIVIDIA","FBM","Industrial & Scientific",1178295,858499002636,"N/A",0858499002636,"N/A","Borescopes",1649,259.98,-7,0,0,,"-","-",2,3,"Oasis Scientific Inc.","USA",1,2,-33,"N/A","N/A","N/A","N/A","N/A","N/A","N/A","01/31/2025",159,9,0,0
"https://amazon.com/dp/B0FPQRJL3Z","https://m.media-amazon.com/images/I/71lyPEveaQL._SX450_.jpg","B0FPQRJL3Z","Anysun Sewer Camera Self-Leveling with 512Hz Sonde, 9"" HD Screen DVR Recorder, IP68 Waterproof Plumbing Pipe Borescope Inspection, 7mm Cable with Meter Marks(150FT)","anysun","FBM","Industrial & Scientific",1187884,717308725589,"N/A",0717308725589,"N/A","Borescopes",1660,759.99,-35,0,0,,"-","-",50,4.1,"ToBestGift","China",1,0,"N/A","Large bulky",8.5,12.5,12.5,13,"N/A","N/A","-",27,7,0,0
"https://amazon.com/dp/B0FTMXTZ1P","https://m.media-amazon.com/images/I/61kH+1PvA8L._SX450_.jpg","B0FTMXTZ1P","Vividia G-810N BlueEye Grabber Borescope & Retreival Tool with USB Camera, LED Lights, Detachable Magnet Ring, 8mm Diameter Probe (G-810N)","VIVIDIA","FBM","Industrial & Scientific",1189667,"N/A","N/A","N/A","N/A","Borescopes",1664,99.98,-23,0,0,-100,"-","-","N/A","N/A","Oasis Scientific Inc.","USA",1,0,"N/A","N/A","N/A","N/A","N/A","N/A","N/A","N/A","09/30/2025",5,9,2,"N/A"
"https://amazon.com/dp/B004D7CZF4","https://m.media-amazon.com/images/I/61eJfngyWjL._SX450_.jpg","B004D7CZF4","RIDGID 35188 SeeSnake L100C MicroReel Video Inspection Camera with Sonde and Counter, Pipe Inspection Camera and Transmitter (CA-350 Compatible),Black","RIDGID","FBM","Industrial & Scientific",1191971,095691351883,00095691351883,0095691351883,"N/A","Borescopes",1661,5499,-23,1,1,-87,6030.7,6030.66,4,3.8,"America Tools","USA",1,6,"N/A","Large bulky",8.58,15.51,20.63,15.85,"N/A","N/A","11/30/2025",182,3,0,0.27
"https://amazon.com/dp/B0B1BGF915","https://m.media-amazon.com/images/I/71ZoW5gupqL._SX450_.jpg","B0B1BGF915","Vividia PM-190 USB 12MP Digital Borescope Endoscope Microscope with 19mm Tube Diameter and Max. 12 Mega-Pixel Resolution","VIVIDIA","FBM","Industrial & Scientific",1193148,"N/A","N/A","N/A","N/A","Borescopes",1665,399.98,-23,0,0,-150,"-","-","N/A","N/A","Oasis Scientific Inc.","USA",1,1,"N/A","N/A","N/A","N/A","N/A","N/A","N/A","N/A","11/30/2025",59,5,0,"N/A"
"https://amazon.com/dp/B0CNSG5LZN","https://m.media-amazon.com/images/I/71sX7ygdTUL._SX450_.jpg","B0CNSG5LZN","JOSKAA Iridology Camera, 5.0 Mp USB Iriscope Iris Analyzer Iridology Camera with Pro Iris English Software 30x Iris Lens Adjustable Focus, Multi-Function Iris Analysis Software for Beauty Salon, SPA","JOSKAA","FBM","Industrial & Scientific",1193246,"N/A","N/A",7545691778027,"N/A","Borescopes",1666,238.99,-35,0,0,,"-","-","N/A","N/A","Yang Miemie","China",1,5,"N/A","Large Standard-Size",9.84,8.66,3.54,2.18,"N/A","N/A","08/31/2025",27,9,0,"N/A"
"https://amazon.com/dp/B0FJXKBV6W","https://m.media-amazon.com/images/I/610AVUa+LPL._SX450_.jpg","B0FJXKBV6W","BINBINNIAO S20 6mm Lens 360° Rotation Pipeline Detector Turnable Handheld Endoscope for Home Appliance Testing Blockage Troubleshoot(S20-6mm-4.3INCH)","BINBINNIAO","FBM","Industrial & Scientific",1205722,"N/A","N/A",4124990775284,"N/A","Borescopes",1672,155.54,-41,0,0,-100,"-","-","N/A","N/A","Yunyin Trading","China",2,0,"N/A","Large Standard-Size",0.39,0.39,0.39,2.2,"N/A","N/A","07/31/2025",7,6,3,"N/A"
"https://amazon.com/dp/B0DF5G8PYJ","https://m.media-amazon.com/images/I/51TirbjSlQL._SX450_.jpg","B0DF5G8PYJ","Respicefinem USB Endoscope 3 in 1 Endoscope Borescope Inspection Camera with 6 Adjustable LED 1.5M Flexible Cable IP67 TypeC USB Video Compatible with PhonesTabletsComputers","Respicefinem","FBM","Industrial & Scientific",1208069,"N/A","N/A","N/A","N/A","Borescopes",1676,17.16,"N/A",0,0,,"-","-","N/A","N/A","FACIO","China",2,0,"N/A","Large Standard-Size",4.72,4.72,1.18,0.22,"N/A","N/A","12/31/2025",18,9,0,"N/A"
"https://amazon.com/dp/B0CNV59R6S","https://m.media-amazon.com/images/I/71-5Epw9stL._SX450_.jpg","B0CNV59R6S","BoxWave Screen Protector Compatible with Depstech Triple Lens borescope (7 in) - ClearTouch Crystal (2-Pack), HD Film Skin - Shields from Scratches","BoxWave","FBM","Industrial & Scientific",1208773,"N/A","N/A","N/A","N/A","Borescopes",1677,19.95,1,0,0,-150,"-","-","N/A","N/A","BoxWave Corporation","USA",1,0,"N/A","N/A","N/A","N/A","N/A","N/A","N/A","N/A","05/31/2025",28,6,0,"N/A"
"https://amazon.com/dp/B09QC11C9X","https://m.media-amazon.com/images/I/61xUVlQORZL._SX450_.jpg","B09QC11C9X","Vividia CT-7510HT LCD/WiFi Flexible High Temperature Two-Way Articulating Inspection Camera Borescope Videoscope with 7.5mm (0.295"") Diameter 1.0m Long Waterproof Probe and Air Cooling Channel","VIVIDIA","FBM","Industrial & Scientific",1212450,"N/A","N/A","N/A","N/A","Borescopes",1683,1999.98,-9,0,0,,"-","-","N/A","N/A","Oasis Scientific Inc.","USA",1,2,100,"N/A","N/A","N/A","N/A","N/A","N/A","N/A","10/31/2025",50,9,0,"N/A"
"https://amazon.com/dp/B0FNXCCPZ7","https://m.media-amazon.com/images/I/61w6RcwZGtL._SX450_.jpg","B0FNXCCPZ7","Luocute Borescope Camera with Light, 1080P HD Digital Endoscope with 8 Adjustable LEDs 2m Cable, 4.3in LCD Screen Inspection Camera 8mm IP67 Water Resistants Sewer Cam","Luocute","FBM","Industrial & Scientific",1214512,"N/A","N/A","N/A","N/A","Borescopes",1669,53.47,-27,1,1,,66.19,66.14,"N/A","N/A","Gudinice","China",1,0,"N/A","Large Standard-Size",7.48,5.51,1.97,0.82,"N/A","N/A","09/30/2025",6,9,0,"N/A"
"https://amazon.com/dp/B07SRDQC59","https://m.media-amazon.com/images/I/411pgXVPS5L._SX450_.jpg","B07SRDQC59","Vividia D3245 USB Digital 2-Way Articulating 180 Degree Borescope Videoscope Inspection Camera with 4.5mm Diameter 1.5 Meter Long Camera Probe for PC MacOS Android for Diesel and PT6 Turbine Engines","VIVIDIA","FBM","Industrial & Scientific",1227958,"N/A","N/A","N/A","N/A","Borescopes",1696,1399.98,-19,0,0,-143,"-","-",1,5,"Oasis Scientific Inc.","USA",1,4,33,"N/A","N/A","N/A","N/A","N/A","N/A","N/A","10/31/2025",81,9,0,0
"https://amazon.com/dp/B0F3VYBY11","https://m.media-amazon.com/images/I/71UW4923c+L._SX450_.jpg","B0F3VYBY11","SYANSPAN Sewer Camera with WiFi,9inch Monitor,23MM/0.9In Plumbing Bores Cope borescopes,Waterproof Snake Camera with 12 Light Meter Counter for 1Inch Pipe or Bigger(30M/98FT)","SYANSPAN","FBA","Industrial & Scientific",1231271,"N/A","N/A","N/A","N/A","Borescopes",1692,320,-24,1,1,300,395.15,383.47,4,5,"pipe camera","China",2,0,"N/A","Large bulky",6.97,14.92,16.45,12.17,554.39,1385.96,"10/31/2025",11,1,6,0.29
"https://amazon.com/dp/B0DZHMR933","https://m.media-amazon.com/images/I/71pVUgAkK4L._SX450_.jpg","B0DZHMR933","SYANSPAN Sewer Camera,7inch 8GB DVR Monitor,23MM/0.9In Plumbing Bores Cope borescopes,Waterproof Drain Inspection Camera with 12 Light Meter Counter for 1Inch 2Inch Pipe or Bigger(20M/66FT)","SYANSPAN","FBM","Industrial & Scientific",1231285,"N/A","N/A","N/A","N/A","Borescopes",1692,369,-61,1,0,300,395.15,"-",4,5,"pipe camera","China",1,0,"N/A","Large bulky",7.09,14.88,15.91,10.85,"N/A","N/A","10/31/2025",12,8,6,0.29
"https://amazon.com/dp/B0FD4GDCDK","https://m.media-amazon.com/images/I/51yg3ZDsL0L._SX450_.jpg","B0FD4GDCDK","Vividia ME-610A 360° Joystick Articulating Borescope, 6mm/0.24in Diameter, 3.3ft/1m Flexible IP67 Waterproof Probe, 5"" LCD Monitor","VIVIDIA","FBM","Industrial & Scientific",1231384,"N/A","N/A","N/A","N/A","Borescopes",1694,490,1,0,0,-100,"-","-","N/A","N/A","Oasis Scientific Inc.","USA",1,0,"N/A","N/A","N/A","N/A","N/A","N/A","N/A","N/A","07/31/2025",9,9,2,"N/A"
"https://amazon.com/dp/B0FD5JSHV6","https://m.media-amazon.com/images/I/51qou0FR9IL._SX450_.jpg","B0FD5JSHV6","Vividia ME-610A 360° Joystick Articulating Borescope, 6mm/0.24in Diameter, 3.3ft/1m Flexible IP67 Waterproof Probe, 5"" LCD Monitor","VIVIDIA","FBM","Industrial & Scientific",1231405,"N/A","N/A","N/A","N/A","Borescopes",1693,590,"N/A",0,0,-100,"-","-","N/A","N/A","Oasis Scientific Inc.","USA",0,0,"N/A","N/A","N/A","N/A","N/A","N/A","N/A","N/A","07/31/2025",9,9,2,"N/A"
"https://amazon.com/dp/B09Q7DHVMS","https://m.media-amazon.com/images/I/41hUxE5B-FL._SX450_.jpg","B09Q7DHVMS","Vividia TVS-507 Telescopic Pole Video Inspection Camera Borescope System 5 Meter (16 FT) Long with DVR Recording 7"" LCD Screen and Sturdy Carry Case","VIVIDIA","FBM","Industrial & Scientific",1232113,"N/A","N/A","N/A","N/A","Borescopes",1698,1699.98,1,0,0,-150,"-","-","N/A","N/A","Oasis Scientific Inc.","USA",1,0,"N/A","N/A","N/A","N/A","N/A","N/A","N/A","N/A","07/31/2025",131,9,0,"N/A"
"https://amazon.com/dp/B0FD54M2V2","https://m.media-amazon.com/images/I/51qou0FR9IL._SX450_.jpg","B0FD54M2V2","Vividia ME-410A 360° Joystick Articulating Borescope, 4mm/0.16in Diameter, 3.3ft/1m Flexible IP67 Waterproof Probe, 4.3"" LCD Monitor","VIVIDIA","FBM","Industrial & Scientific",1234126,"N/A","N/A","N/A","N/A","Borescopes",1683,590,-36,0,0,-100,"-","-","N/A","N/A","Oasis Scientific Inc.","USA",1,0,"N/A","N/A","N/A","N/A","N/A","N/A","N/A","N/A","07/31/2025",9,9,2,"N/A"
"https://amazon.com/dp/B0FF3B1VGM","https://m.media-amazon.com/images/I/61N6sSpAv7L._SX450_.jpg","B0FF3B1VGM","Borescopes endoscopes NTG150W inspect Camera 45-INCH WI-FI Flexible Rifle BORESCOPE with WI-FI Adaptor Portable Firearm Barrel Inspection with USB WiFi for iOS, Android, PC, & OSX","PUSILIN","FBM","Industrial & Scientific",1236022,"N/A","N/A","N/A","N/A","Borescopes",1699,161.12,-3,0,0,-150,"-","-","N/A","N/A","Pusilin","China",1,0,"N/A","N/A","N/A","N/A","N/A","N/A","N/A","N/A","07/31/2025",8,8,0,"N/A"
"https://amazon.com/dp/B0C26NC87X","https://m.media-amazon.com/images/I/61t-saIdwyL._SX450_.jpg","B0C26NC87X","Vividia VK-0-09510 Flexible Non-Articulation 0.95mm / 0.037"" Diameter 1 Meter Long Borescope Endoscope Videoscope Inspection Camera with 5"" LCD Monitor","VIVIDIA","FBM","Industrial & Scientific",1237909,"N/A","N/A","N/A","N/A","Borescopes",1701,7999,-15,0,0,,"-","-","N/A","N/A","Oasis Scientific Inc.","USA",1,0,"N/A","Large bulky",20.5,16,6,12,"N/A","N/A","09/30/2025",65,9,0,"N/A"
"https://amazon.com/dp/B0FF3645PN","https://m.media-amazon.com/images/I/81ldmcHtDjL._SX450_.jpg","B0FF3645PN","Borescopes endoscopes TF600 4-Way Articulating Inspection Camera with Modular Design 4-Way Articulating Borescopes 1920x1080 Resolution Photos & Videos(6.5mm-1.55M)","PUSILIN","FBM","Industrial & Scientific",1249474,"N/A","N/A","N/A","N/A","Borescopes",1712,838.72,-11,0,0,,"-","-","N/A","N/A","Pusilin","China",1,0,"N/A","N/A","N/A","N/A","N/A","N/A","N/A","N/A","-",8,8,0,"N/A"
"https://amazon.com/dp/B07NCZXTHX","https://m.media-amazon.com/images/I/61y9DyoVToL._SX450_.jpg","B07NCZXTHX","Vividia D3145 USB Digital 180 Degree One-Way Articulating Borescope with 4.5mm Diameter 1 Meter Long Camera Probe for Diesel Engines for PC Mac Android Phone Tablet Chromebook","VIVIDIA","FBM","Industrial & Scientific",1249720,"N/A","N/A","N/A","N/A","Borescopes",1715,949.98,-10,0,0,-150,"-","-",0,"N/A","Oasis Scientific Inc.","USA",1,2,100,"N/A","N/A","N/A","N/A","N/A","N/A","N/A","04/30/2024",85,9,0,"N/A"
"https://amazon.com/dp/B0BQZNM59X","https://m.media-amazon.com/images/I/417LxfNiHzL._SX450_.jpg","B0BQZNM59X","Endoscope Camera, Wireless USB Inspection Camera, Waterproof Borescope Inspection Camera with 6 LED Light, 3-in-1 HD Type C, for PC/Laptop/Computer/Android(Size:2m)","Generic","FBM","Industrial & Scientific",1249828,"N/A","N/A","N/A","N/A","Borescopes",1714,13.99,-36,0,0,,"-","-","N/A","N/A","Maiwoda","China",1,0,"N/A","N/A","N/A","N/A","N/A","N/A","N/A","N/A","-",38,9,0,"N/A"
"https://amazon.com/dp/B0DN65NBT2","https://m.media-amazon.com/images/I/51wa2luoCsL._SX450_.jpg","B0DN65NBT2","HGIYA Borescopes 5.5mm Endoscope Inspection Snake Camera Borescope Micro USB Type-c USB 3 in 1 Waterproof Tube Sink Drain Pipe Camera with 6 Led Light for PC Laptop Computer OTG Phone","HGIYA","FBM","Industrial & Scientific",1261161,"N/A","N/A",8855142637872,"N/A","Borescopes",1716,88.99,-66,0,0,-113,"-","-","N/A","N/A","fangzi-shop","China",1,0,"N/A","N/A","N/A","N/A","N/A","N/A","N/A","N/A","11/30/2025",16,7,3,"N/A"
"https://amazon.com/dp/B0DJ3HWK77","https://m.media-amazon.com/images/I/61XTWpd4K3L._SX450_.jpg","B0DJ3HWK77","Heayzoki 120mm Guide Wheels for Sewer Camera Probe, Pipe Pulley for 23mm Pipeline Inspection Camera","Heayzoki","FBA","Industrial & Scientific",1267101,"N/A","N/A","N/A","N/A","Borescopes",1720,21.66,-36,0,0,,"-","-","N/A","N/A","Wendryer","China",2,0,"N/A","Large Standard-Size",6.69,3.94,2.76,0.33,36.56,100.86,"09/30/2025",17,9,0,"N/A"
"https://amazon.com/dp/B0CFVZZ2TN","https://m.media-amazon.com/images/I/61ttW-KeseL._SX450_.jpg","B0CFVZZ2TN","Vividia NP-1411 Flexible Non-Articulation 1.4mm Diameter 1.1 Meter Long Borescope Endoscope Videoscope Inspection Camera with 5"" LCD Monitor","VIVIDIA","FBM","Industrial & Scientific",1267635,"N/A","N/A","N/A","N/A","Borescopes",1722,6999,-33,0,0,,"-","-","N/A","N/A","Oasis Scientific Inc.","USA",1,0,"N/A","N/A","N/A","N/A","N/A","N/A","N/A","N/A","09/30/2025",65,9,0,"N/A"
"https://amazon.com/dp/B0D4TD9DJJ","https://m.media-amazon.com/images/I/71EHrdfVgIL._SX450_.jpg","B0D4TD9DJJ","ESANHAO Sewer Camera with self-Leveling & 512Hz Transmitter Drain Snake 164ft Plumbing Inspection Camera 5"" Screen DVR Included 16GB TF-Card (50M)","ESANHAO","FBA","Industrial & Scientific",1269665,"N/A","N/A","N/A","N/A","Borescopes",1722,499.99,-25,0,0,-125,"-","-",1,5,"ESANHAO Store","China",1,0,"N/A","Large bulky",10.4,12.1,14.2,13.85,579.1,1447.74,"11/30/2025",20,8,0,0
"https://amazon.com/dp/B0DGPWCCYB","https://m.media-amazon.com/images/I/61-Boh-bcUL._SX450_.jpg","B0DGPWCCYB","YUELER Borescope,Endoscope Camera with Light, Waterproof Snake Cameras Inspection Cameras with Adjustable LED Light","YUELER","FBM","Industrial & Scientific",1270330,"N/A","N/A",7671930043004,"N/A","Borescopes",1723,16.99,-24,0,0,-120,"-","-","N/A","N/A","RUImiand","China",1,14,"N/A","N/A","N/A","N/A","N/A","N/A","N/A","N/A","10/31/2025",18,9,4,"N/A"
"https://amazon.com/dp/B0CJFKRBGZ","https://m.media-amazon.com/images/I/611wLmDD6XL._SX450_.jpg","B0CJFKRBGZ","Borescope Camera 5.5mm / 0.22in 3 in 1 USB Borescope Camera IP67 Inspection Endoscope for Inspection Maintenance (1M)","Hilitand","FBM","Industrial & Scientific",1271384,"N/A","N/A","N/A","N/A","Borescopes",1724,12.13,-6,2,1,25,19.31,10.64,"N/A","N/A","Simangy","China",2,8,33,"N/A",5.12,5.12,1.57,"N/A","N/A","N/A","02/28/2025",29,9,4,"N/A"
"https://amazon.com/dp/B0CJFHVXMN","https://m.media-amazon.com/images/I/611wLmDD6XL._SX450_.jpg","B0CJFHVXMN","Borescope Camera 5.5mm / 0.22in 3 in 1 USB Borescope Camera IP67 Inspection Endoscope for Inspection Maintenance (5M)","Hilitand","FBM","Industrial & Scientific",1276114,"N/A","N/A","N/A","N/A","Borescopes",1729,13.32,-14,2,0,25,19.31,"-","N/A","N/A","Simangy","China",2,8,33,"N/A",5.12,5.12,1.57,"N/A","N/A","N/A","02/28/2025",20,9,4,"N/A"
"https://amazon.com/dp/B0CJFKZWVM","https://m.media-amazon.com/images/I/61O0p3hNoQL._SX450_.jpg","B0CJFKZWVM","Borescope Camera 5.5mm / 0.22in 3 in 1 USB Borescope Camera IP67 Inspection Endoscope for Inspection Maintenance (3.5M)","Hilitand","FBM","Industrial & Scientific",1276114,"N/A","N/A","N/A","N/A","Borescopes",1729,13.08,-19,2,0,25,19.31,"-","N/A","N/A","Muxizac-US","China",1,8,33,"N/A",5.12,5.12,1.57,"N/A","N/A","N/A","02/28/2025",25,9,4,"N/A"
"https://amazon.com/dp/B0BWJMD13W","https://m.media-amazon.com/images/I/71eOtxt1PKL._SX450_.jpg","B0BWJMD13W","Sewer Camera with Locator,512Hz Self-Leveling Drain Endoscope Camera with 9'' IPS Monitor, IP68 Waterproof 100FT Cable Pipe Inspection Camera with DVR Recording and 16GB Memory Card","SYOWNFS","FBA","Industrial & Scientific",1279981,"N/A","N/A","N/A","N/A","Borescopes",1734,569.05,-17,0,0,-100,"-","-","N/A","N/A","ENNIO","China",1,1,"N/A","Large bulky",11,16.3,17,17.35,987.81,2469.53,"12/31/2024",36,7,0,"N/A"
"https://amazon.com/dp/B0B1BLYGHC","https://m.media-amazon.com/images/I/61aq071CHiL._SX450_.jpg","B0B1BLYGHC","Vividia CL-4010 Flexible USB 2-Way Articulation 4mm (0.16"") Diameter 1m (3ft) Long Borescope Videoscope Inspection Camera for Windows PC MacBook Android MacOS Chromebook","VIVIDIA","FBM","Industrial & Scientific",1282356,"N/A","N/A","N/A","N/A","Borescopes",1733,499.98,-7,0,0,-100,"-","-","N/A","N/A","Oasis Scientific Inc.","USA",1,3,"N/A","N/A","N/A","N/A","N/A","N/A","N/A","N/A","12/31/2025",62,9,0,"N/A"
"https://amazon.com/dp/B0DHZMTS64","https://m.media-amazon.com/images/I/719ouarITZL._SX450_.jpg","B0DHZMTS64","WILDERNESSHOME Explore Hidden Spaces Like Never Before with Our Tools - Endoscope Camera with Light - 4.3"" IPS Screen, 8 LED Lights, and IP67 Waterproof Design, 16.4FT Semi-Rigid Cord Bore Scope","WILDERNESSHOME","FBM","Industrial & Scientific",1283479,606092031023,"N/A",0606092031023,"N/A","Borescopes",1733,40.99,-14,0,0,100,"-","-","N/A","N/A","zhengzhouchongyumaoyiyouxiangongsi","China",1,0,"N/A","Large Standard-Size",7.76,5.31,3.15,1.12,"N/A","N/A","07/31/2025",17,8,0,"N/A"
"https://amazon.com/dp/B0FH2RY79S","https://m.media-amazon.com/images/I/51e-dAw8QnL._SX450_.jpg","B0FH2RY79S","Vividia CX-0 Series Flexible Non-Articulating USB Inspection Camera Borescope Videoscope with 0.95mm (0.037"") to 2.8mm (0.11"") Diameter for Windows PC MacOS Android (1.8mm Diameter 1.1m Long Probe)","VIVIDIA","FBM","Industrial & Scientific",1284427,"N/A","N/A","N/A","N/A","Borescopes",1739,3599,"N/A",1,0,300,3913.11,"-","N/A","N/A","Oasis Scientific Inc.","USA",1,0,"N/A","Large Standard-Size",13,5,13,4,"N/A","N/A","09/30/2025",42,9,5,"N/A"
"https://amazon.com/dp/B0FH2RBHHT","https://m.media-amazon.com/images/I/5120lH0wTXL._SX450_.jpg","B0FH2RBHHT","Vividia CX-0 Series Flexible Non-Articulating USB Inspection Camera Borescope Videoscope with 0.95mm (0.037"") to 2.8mm (0.11"") Diameter for Windows PC MacOS Android (2.0mm Diameter 1.1m Long Probe)","VIVIDIA","FBM","Industrial & Scientific",1284436,"N/A","N/A","N/A","N/A","Borescopes",1739,2990,28,1,1,300,3913.11,1553.94,"N/A","N/A","Oasis Scientific Inc.","USA",1,0,"N/A","Large Standard-Size",13,5,13,4,"N/A","N/A","09/30/2025",42,9,5,"N/A"