"URL","Image URL","ASIN","Title","Brand","Fulfillment","Category","BSR","UPC","GTIN","EAN","ISBN","Subcategory","Subcategory BSR","Price","Price Trend (90 days) (%)","Parent Level Sales","ASIN Sales","Sales Trend (90 days) (%)","Parent Level Revenue","ASIN Revenue","Review Count","Reviews Rating","Seller","Seller Country/Region","Number of Active Sellers","Last Year Sales","Sales Year Over Year (%)","Size Tier","Length","Width","Height","Weight","Storage Fee (Jan - Sep)","Storage Fee (Oct - Dec)","Best Sales Period","Age (Month)","Number of Images","Variation Count","Sales to Reviews"
"https://amazon.com/dp/B0FHCQYXRP","https://m.media-amazon.com/images/I/71c2bWo0-ML._SX450_.jpg","B0FHCQYXRP","Ralcam Two-Way Articulating Borescope with 10FT Semi-Rigid Cable, 0.33in/8.5mm Inspection Endoscope Camera with Light HD Video Snake Camera Scope for Automotive Aircraft Mechanics","Ralcam","FBA","Industrial & Scientific",76317,"N/A","N/A","N/A","N/A","Borescopes",203,129.99,"N/A",74,2,-70,7300.94,266.63,184,4.6,"Ralcam","China",1,1804,"N/A","Large Standard-Size",3.11,8.7,12.48,3,170.01,468.99,"11/30/2024",8,9,5,0.4
"https://amazon.com/dp/B0BVML78W1","https://m.media-amazon.com/images/I/71f1ucrlQyL._SX450_.jpg","B0BVML78W1","DEPSTECH Endoscope, 7'' IPS Screen Borescope Camera with Light, Triple-Lens Inspection Camera with Sound Recording, 1080P HD 7.9 mm Snake Camera, 16.5ft Gooseneck Camera for Automotive Wall Pipe HVAC","DEPSTECH","FBA","Industrial & Scientific",76338,"N/A","N/A","N/A","N/A","Borescopes",190,104.39,-55,77,77,65,8024.39,8023.51,190,4.6,"DEPSTECH Authorized Store","China",1,774,-37,"Large Standard-Size",4.92,11.97,14.41,6.31,427.27,1178.67,"03/31/2024",37,8,0,0.4
"https://amazon.com/dp/B0F6CP46VD","https://m.media-amazon.com/images/I/611QKUY7QAL._SX450_.jpg","B0F6CP46VD","VEVOR Endoscope Camera with Light, Dual Lens Borescope for Android & iOS, 1920P HD Inspection Camera with 8 + 1 LED Light, 2X Zoom, 16.4FT Snake Cable, IP67 Waterproof Snake Camera for Auto, Plumbing","VEVOR","FBM","Industrial & Scientific",76346,197988674665,"N/A",0197988674665,"N/A","Borescopes",210,23.99,-31,22,10,-17,537.8,238.78,25,4.2,"VEVOR Shop","China",1,0,"N/A","Large Standard-Size",6.02,5.43,1.18,0.44,"N/A","N/A","09/30/2025",10,9,2,0.9
"https://amazon.com/dp/B0GL4F1PJ6","https://m.media-amazon.com/images/I/4184HiWWYtL._SX450_.jpg","B0GL4F1PJ6","Klaray UW19-MP60 Two-Way Articulating Borescope with Light, 6mm Inspection Camera for iPhone & Android, Type-C & Lightning Compatible Flexible Snake Camera for Automotive Engine Inspection, 3.3FT","Klaray","-","Industrial & Scientific",76357,199284234642,"N/A",0199284234642,"N/A","Borescopes",216,77.99,"N/A",0,0,,"-","-","N/A","N/A",,"N/A",1,0,"N/A","Large Standard-Size",3,8.5,14.75,2,"N/A","N/A","-",1,"N/A",0,"N/A"
"https://amazon.com/dp/B0FDB5C1T6","https://m.media-amazon.com/images/I/71b-EjmkssL._SX450_.jpg","B0FDB5C1T6","Preciva Endoscope Camera with Dual Lenses, 1920P HD Borescope Camera with 8 Adjustable LED Lights, 16.5ft Semi-Rigid for iOS and Android","Preciva","FBA","Industrial & Scientific",76474,"N/A","N/A","N/A","N/A","Borescopes",211,19.99,2,17,17,-34,358.33,358.13,34,4.4,"TPSKJ","China",1,0,"N/A","Large Standard-Size",1.54,5,8.78,0.4,34.04,93.9,"10/31/2025",9,8,0,0.51
"https://amazon.com/dp/B08QCCZHC6","https://m.media-amazon.com/images/I/617amPgvC6L._SX450_.jpg","B08QCCZHC6","Teslong Endoscope Replacement Cable with Light, Dual Lens Inspection Camera 5.5mm/0.21inch Waterproof Probe Compatible with NTS500, NTS300(3.3FT)","Teslong","FBA","Industrial & Scientific",76508,"N/A","N/A","N/A","N/A","Borescopes",198,89.99,-21,64,64,-51,5755,5754.24,50,4.6,"Teslong","China",1,700,"N/A","Large Standard-Size",1.85,5.63,6.46,0.31,33.88,93.45,"10/31/2025",63,6,0,1.28
"https://amazon.com/dp/B0FLXRVP6M","https://m.media-amazon.com/images/I/616DcFZihUL._SX450_.jpg","B0FLXRVP6M","THINKCAR TES102 Endoscope Camera with Light, 0.21 Inch HD Borescope with 6 Adjustable LED Light, IP67 Waterproof Semi-Rigid Snake Camera, One Click Snapshot Inspection Borescope","thinkcar","FBA","Industrial & Scientific",76698,768297281662,"N/A",0768297281662,"N/A","Borescopes",212,59.98,-11,42,42,1,2525.8,2525.25,23,4.1,"THINKCAR OFFICIAL","China",1,0,"N/A","Large Standard-Size",1.93,5.16,11.5,0.62,57.66,159.06,"10/31/2025",7,8,0,1.83
"https://amazon.com/dp/B0CLLJSCJ9","https://m.media-amazon.com/images/I/713wfsTzFUL._SX450_.jpg","B0CLLJSCJ9","Sewer Camera Self Leveling, Anysun Sewer Inspection Camera 100ft with 9'' Monitor and DVR Recorder with 32GB Card, Meter Marker, 12 Adjustable Lights","anysun","FBA","Industrial & Scientific",76766,774182346200,"N/A",0774182346200,"N/A","Borescopes",198,499.99,-20,20,7,250,12680.94,4087.35,32,4.5,"Nedive","Hong Kong",1,258,"N/A","Large bulky",11.5,17.5,19.5,16.65,1271.79,3179.47,"03/31/2024",41,7,5,0.64
"https://amazon.com/dp/B0DBXZBFRL","https://m.media-amazon.com/images/I/71XBmg2VLFL._SX450_.jpg","B0DBXZBFRL","Borescope1920P HD Endoscopic Camera - with 8 Adjustable LEDs, 16.4ft Semi-Rigid Serpentine Camera, 7.9mm IP67 Waterproof Inspection Tool for iOS and Android Devices Gift","UNAZZUE","FBA","Industrial & Scientific",76829,"N/A","N/A","N/A","N/A","Borescopes",213,15.99,-9,53,53,-100,900.37,899.71,55,4.5,"yushunhui","China",1,1405,"N/A","Large Standard-Size",1.54,5.08,5.12,0.55,20.17,55.63,"11/30/2025",19,9,0,0.96
"https://amazon.com/dp/B0D14P2NKP","https://m.media-amazon.com/images/I/610MBkedNML._SX450_.jpg","B0D14P2NKP","Endoscope Borescope Camera with Light, 4.3"" IPS HD Garage Inspection Camera Tools, IP67 Waterproof Drain Pipe Borescope, 8 LEDs, 16.5FT Semi-Rigid Cable for Sewer, Automotive Engine, HVAC, Pipe","Binazon","FBA","Industrial & Scientific",77940,"N/A","N/A","N/A","N/A","Borescopes",195,27.99,-36,22,22,86,603.32,603,64,4.2,"Binazon","China",1,237,"N/A","Large Standard-Size",3.03,4.8,7.28,1.08,53.31,147.06,"11/30/2024",23,8,0,0.35
"https://amazon.com/dp/B0C4H7RJY7","https://m.media-amazon.com/images/I/813dsUQyBwL._SX450_.jpg","B0C4H7RJY7","Triple Lens Borescope with 7"" IPS Screen, Teslong 1080P HD Industrial Endoscope Inspection Camera with Light, 16.5FT Flexible Automotive Mechanic Scope Tool, Waterproof Pipe Snake Camera in Wall Cam","Teslong","FBA","Industrial & Scientific",78828,"N/A","N/A","N/A","N/A","Borescopes",204,329.99,-8,37,37,16,12290.03,12289.51,66,4.4,"Teslong","China",1,525,-11,"Large Standard-Size",4.29,13.07,14.72,5.67,415.54,1146.33,"02/28/2025",34,8,0,0.56
"https://amazon.com/dp/B0FH6P1X48","https://m.media-amazon.com/images/I/61SxlucacLL._SX450_.jpg","B0FH6P1X48","3.9mm Two-Way Articulating Borescope Camera with Light, Industrial Endoscope Inspection Camera with Light, 5FT Flexible Semi-Rigid Cable for Wall Automotive Engine Plumbing HVAC Inspect","ZEENSUY","FBA","Industrial & Scientific",79002,"N/A","N/A","N/A","N/A","Borescopes",215,159.99,-12,60,16,526,5693.06,2485.01,32,4.5,"拾你","China",1,0,"N/A","Large Standard-Size",3.35,9.5,15.92,2.34,255.09,703.69,"01/31/2026",8,8,2,1.88
"https://amazon.com/dp/B0FH6LPBYH","https://m.media-amazon.com/images/I/61G2YU0mtOL._SX450_.jpg","B0FH6LPBYH","Two-Way Articulating Borescope Camera with Light, Industrial Endoscope Inspection Camera with Light, 0.24in Articulated Probe, 5FT Flexible Snake Scope for Wall Automotive Engine Plumbing HVAC Inspect","ZEENSUY","FBA","Industrial & Scientific",79002,"N/A","N/A","N/A","N/A","Borescopes",215,79.99,-36,60,45,526,5693.06,3207.53,32,4.5,"拾你","China",1,0,"N/A","Large Standard-Size",3.31,9.65,15.79,2.45,253.93,700.49,"01/31/2026",8,8,2,1.88
"https://amazon.com/dp/B0DNMHPJR6","https://m.media-amazon.com/images/I/71rYq7RNmFL._SX450_.jpg","B0DNMHPJR6","VEVOR Sewer Camera with 512Hz Locator,165 ft/50 m, Self-Leveling Drain Inspection Camera with 9"" 1080P HD Screen, 36X Zoom, Snake Plumbing Camera with Lights-12 LED, 32GB SD Card for Duct Pipe","VEVOR","FBM","Industrial & Scientific",79065,197988991458,"N/A",0197988991458,"N/A","Borescopes",216,725.9,-29,46,13,-50,29172.14,9029.79,19,3.6,"Supdear","China",1,408,"N/A","Large bulky",17.91,15.55,11.42,18.08,"N/A","N/A","11/30/2025",15,9,2,2.4
"https://amazon.com/dp/B0FJXP9R3F","https://m.media-amazon.com/images/I/71x-f1lZOdL._SX450_.jpg","B0FJXP9R3F","Sewer Camera,100FT/30M 4.3"" Pipe Drain Inspection with DVR Function and LED Lights,23mm Borescopes Plumbing 8500Mah Battery Waterproof IP68 Endoscope HD 1000TVL 32GB Card (23mm Camera)","JINXINEBAY","FBA","Industrial & Scientific",79202,"N/A","N/A","N/A","N/A","Borescopes",210,220.84,-19,13,5,-36,3393.65,1249.61,3,5,"31yoosee","China",1,0,"N/A","Large Standard-Size",7.83,12.68,15.31,8.33,765.3,2111.17,"12/31/2025",7,7,0,4.34
"https://amazon.com/dp/B0DKR2SJ3B","https://m.media-amazon.com/images/I/715BFCLXqKL._SX450_.jpg","B0DKR2SJ3B","Triplett BR400A Waterproof High Definition Borescope with 360° Rotating Dual Camera","Triplett","FBM","Industrial & Scientific",79297,614395005641,00614395005641,0614395005641,"N/A","Borescopes",214,549.99,"N/A",11,0,-31,1813.67,"-",6,3.6,"Test Equipment Depot","USA",1,201,"N/A","Large Standard-Size",10,7.5,3.5,2.05,"N/A","N/A","09/30/2025",16,6,17,1.91
"https://amazon.com/dp/B0CM3FBXJT","https://m.media-amazon.com/images/I/71JoCWcXHbL._SX450_.jpg","B0CM3FBXJT","VEVOR Sewer Inspection Camera, 300 ft/91.5 m, 9"" Pipeline Camera w/DVR & 512Hz Locator, IP68 Waterproof, 12 LEDs, 16 GB SD Card for Sewer, Drain & Duct Pipe Plumbing","VEVOR","FBM","Industrial & Scientific",80020,840281561728,00840281561728,0840281561728,"N/A","Borescopes",206,879.99,43,64,64,-93,55623.41,55622.62,27,4.1,"VEVOR Shop","China",2,1061,"N/A","Large bulky",21,16,12,25.1,"N/A","N/A","11/30/2025",28,12,3,2.36
"https://amazon.com/dp/B07GVD47J2","https://m.media-amazon.com/images/I/61MKvhVzw5L._SX450_.jpg","B07GVD47J2","BlueFire Upgraded 1080P 8.2mm Semi-Rigid Inspection Camera, 2 MP HD WiFi Borescope Snake Camera, Zoomable Focus 1800mAh Battery Wireless Endoscope for Android and iOS Smartphone, Tablet (49.2FT)","BlueFire","FBA","Industrial & Scientific",80066,"N/A","N/A","N/A","N/A","Borescopes",218,39.99,-25,47,7,146,1261.92,264.01,810,4,"BlueFire Tech","China",1,364,-20,"Large Standard-Size",2.36,5.94,6.54,1.68,46.16,127.33,"11/30/2024",90,7,3,0.06
"https://amazon.com/dp/B0FLJN7FVT","https://m.media-amazon.com/images/I/71qTAkf2eoL._SX450_.jpg","B0FLJN7FVT","Sewer Camera 66FT/20M Pipe Inspection Camera DVR & Audio Recorder,18MM Borescopes Plumbing Snake with 8500mAh Battery 4.3"" IPS Screen, 8 LEDs HD 1000TVL, Included 32GB Card","GAMWATER","FBA","Industrial & Scientific",80181,614019414989,"N/A",0614019414989,"N/A","Borescopes",225,256.38,-28,30,3,68,6759.35,704.13,5,3.8,"huizhoushishanmaikejiyouxiangongsi","China",1,0,"N/A","Large Standard-Size",12,10.23,7.1,7.72,438.82,1210.55,"12/31/2025",7,6,4,6.08
"https://amazon.com/dp/B09WMFTQYB","https://m.media-amazon.com/images/I/61aCGizHj6L._SX450_.jpg","B09WMFTQYB","Teslong Endoscope Replacement Cable with Light, Triple Lens Inspection Camera 7.9mm/0.3inch Waterproof Probe Compatible with NTS500, NTS300(3.3FT)","Teslong","FBA","Industrial & Scientific",80408,"N/A","N/A","N/A","N/A","Borescopes",201,79.99,-28,35,35,-6,2801.99,2801.52,50,4.7,"Teslong","China",1,561,"N/A","Large Standard-Size",1.93,5.63,6.5,0.6,35.56,98.09,"07/31/2025",47,6,0,0.72
"https://amazon.com/dp/B0DD781TXP","https://m.media-amazon.com/images/I/713wfsTzFUL._SX450_.jpg","B0DD781TXP","Sewer Camera Self Leveling, Anysun Sewer Inspection Camera 300ft with 9'' Monitor and DVR Recorder with 32GB Card, Meter Marker, 12 Adjustable Lights","anysun","FBA","Industrial & Scientific",80593,717331217716,"N/A",0717331217716,"N/A","Borescopes",221,799.99,-18,20,1,250,12680.94,1103.7,32,4.5,"Nedive","Hong Kong",1,258,"N/A","Large bulky",13.2,19,20.5,24.6,1666.19,4165.49,"03/31/2024",41,7,5,0.64
"https://amazon.com/dp/B0FRMFNFHL","https://m.media-amazon.com/images/I/71zXfYqguzL._SX450_.jpg","B0FRMFNFHL","LumenScope Articulating Borescope Camera with Light,Two-Way Industrial Endoscope Inspection Camera with 0.24In Articulated Probe, 5.3FT Flexible Snake Bore Scope Cam for Automotive Engine Inspect","LumenScope","FBA","Industrial & Scientific",80926,"N/A","N/A","N/A","N/A","Borescopes",220,79.59,-3,102,102,171,7276.38,7275.34,22,4.9,"SHU HUI LAI","N/A",1,0,"N/A","Large Standard-Size",2.4,8.6,16,2.65,166.27,458.67,"01/31/2026",5,8,0,4.64
"https://amazon.com/dp/B0DSZR774M","https://m.media-amazon.com/images/I/71PDwWogfXL._SX450_.jpg","B0DSZR774M","Anysun Self-Leveling Sewer Camera with Locator, Drain Camera 100ft Cable 9'' IPS Monitor, IP68 Waterproof Pipe Inspection Camera with DVR Recording Funcation and 16GB Memory Card","anysun","FBA","Industrial & Scientific",81391,717504242637,"N/A",0717504242637,"N/A","Borescopes",220,799.99,-31,8,6,,7162.88,4981.69,20,4.3,"HZDZ_Shop","Hong Kong",1,0,"N/A","Large bulky",11.5,15.5,16.5,14.75,953.14,2382.86,"01/31/2026",14,7,2,0.39
"https://amazon.com/dp/B0DD6KFQKW","https://m.media-amazon.com/images/I/71dp-dPx77L._SX450_.jpg","B0DD6KFQKW","Sewer Camera with Locator, Anysun Self Leveling Sewer Inspection Camera 250ft with Meter Marker and DVR, 9'' HD Monitor with 12 Adjustable Lights(32GB Card)","anysun","FBA","Industrial & Scientific",82420,717018396833,"N/A",0717018396833,"N/A","Borescopes",230,1299.99,-35,38,3,54,35853.15,4062.55,157,4.2,"Nedive","Hong Kong",1,652,5,"Large bulky",14.6,19.5,21,27.7,1937.54,4843.85,"02/28/2025",31,7,8,0.24
"https://amazon.com/dp/B0FJ2QDNG9","https://m.media-amazon.com/images/I/71mNtTk5TVL._SX450_.jpg","B0FJ2QDNG9","Endoscope Camera with Light,Borescope Cameras with 4.3"" IPS 1920P HD Inspection Kamera IP67 Waterproof with 8 Adjustable LEDs 16.5 FT Semi-Rigid Cable Borescopes for Sewer Drain Pipe Cool Gadgets","CARPDIM","FBA","Industrial & Scientific",82686,"N/A","N/A","N/A","N/A","Borescopes",219,23.99,"N/A",206,206,72,4733.05,4730.85,59,4.4,"xinhaotrading","China",1,0,"N/A","Large Standard-Size",2.13,5.35,7.24,0.97,41.54,114.59,"01/31/2026",7,8,0,3.49
"https://amazon.com/dp/B0G4G1GPG8","https://m.media-amazon.com/images/I/518dlthhAPL._SX450_.jpg","B0G4G1GPG8","Endoscope for Oral, 1920P HD Camera with 8 Adjustable LED Lights Oral Video Camera Home Teeth Inspection Compatible with Android and iOS, iPhone (Purple)","Yiko","FBA","Industrial & Scientific",83164,746253623404,"N/A",0746253623404,"N/A","Borescopes",224,29.99,"N/A",12,12,,357.88,357.71,10,4.9,"Baiyexing","China",1,0,"N/A","Large Standard-Size",9.8,3,1,0.11,14.8,40.83,"01/31/2026",3,7,3,1.19
"https://amazon.com/dp/B09YGNWL44","https://m.media-amazon.com/images/I/81kjPZcxXCL._SX450_.jpg","B09YGNWL44","Dual Lens Endoscope Camera with Light, Teslong 4.5"" HD Snake Borescope Inspection Camera, 0.2inch Automotive Scope Camera with Flexible Cable, Industrial Fiber Optic for Engine Mechanic(5FT)","Teslong","FBA","Industrial & Scientific",83368,"N/A","N/A","N/A","N/A","Borescopes",210,89.99,-10,47,47,22,4269.32,4268.71,175,4.3,"Teslong","China",1,737,"N/A","Large Standard-Size",2.91,6.73,8.07,1.26,79.57,219.51,"11/30/2024",46,9,0,0.27
"https://amazon.com/dp/B0GCMZ9GMP","https://m.media-amazon.com/images/I/61Dg9gNI55L._SX450_.jpg","B0GCMZ9GMP","Endoscope Camera for iPhone,1920P HD Cable Snake Camera Plug and Play with Semi-Rigid Endoscope for iPhone, IP67 Waterproof Endoscope Camera for Android for iOS","DynamiKsounds","FBA","Industrial & Scientific",83376,753853805833,"N/A",0753853805833,"N/A","Borescopes",220,18.99,-44,32,6,,594.28,114.76,19,3.8,"DynamiKsounds","China",1,0,"N/A","Large Standard-Size",1,1,1,0,0.5,1.39,"01/31/2026",2,6,6,1.71
"https://amazon.com/dp/B09GC5Z4GD","https://m.media-amazon.com/images/I/71qnfmN721L._SX450_.jpg","B09GC5Z4GD","Triplett BR500 High Definition Articulating Videoscope with Waterproof 6mm Camera and 3.5"" Color TFT LCD Display","Triplett","Amazon","Industrial & Scientific",83417,614395003692,"N/A",0614395003692,"N/A","Borescopes",226,755,-48,11,0,-31,1813.67,"-",6,3.6,"Amazon","N/A",2,201,"N/A","Large bulky",7,16.13,17.75,10.75,"N/A","N/A","09/30/2025",51,3,17,1.91
"https://amazon.com/dp/B0DKQPKJFC","https://m.media-amazon.com/images/I/71TfBYNZk1L._SX450_.jpg","B0DKQPKJFC","Triplett BR400ACAM-10M Replacement Camera for BR400A Borescope with 10M Cable","Triplett","Amazon","Industrial & Scientific",83417,614395005719,"N/A",0614395005719,"N/A","Borescopes",226,178.3,-12,11,1,-31,1813.67,104.74,5,4.2,"Amazon","N/A",2,201,"N/A","Large Standard-Size",6,6,2,0.95,"N/A","N/A","09/30/2025",16,3,17,2.3
"https://amazon.com/dp/B09TBK4QZG","https://m.media-amazon.com/images/I/41nXh4B3tTL._SX450_.jpg","B09TBK4QZG","Triplett BR300 High Definition Forward View Videoscope with Waterproof 5.5mm Camera and 5"" Color LCD Display","Triplett","Amazon","Industrial & Scientific",83419,614395004187,"N/A",0614395004187,"N/A","Borescopes",226,144.07,5,11,1,-31,1813.67,96.79,5,4.2,"Amazon","N/A",10,201,"N/A","Large Standard-Size",3.31,7.28,9.53,1.77,"N/A","N/A","09/30/2025",48,2,17,2.3
"https://amazon.com/dp/B09GCMF723","https://m.media-amazon.com/images/I/71zOR5g06ML._SX450_.jpg","B09GCMF723","Triplett BR750 High Definition Articulating Videoscope with Waterproof 6mm Camera, Joystick Controller, and 5"" Color TFT LCD Display","Triplett","FBM","Industrial & Scientific",83528,614395003777,"N/A",0614395003777,"N/A","Borescopes",225,1280,-38,11,0,-31,1813.67,"-",5,4.2,"ZRM Industries","USA",2,201,"N/A","Large bulky",17.5,6.9,15.75,12,"N/A","N/A","09/30/2025",51,3,17,2.3
"https://amazon.com/dp/B0BQWZCGFY","https://m.media-amazon.com/images/I/61M-z7ZtKoL._SX450_.jpg","B0BQWZCGFY","Triplett SBR2M Waterproof Security Camera Borescope","Triplett","Amazon","Industrial & Scientific",83528,614395004682,"N/A",0614395004682,"N/A","Borescopes",225,89.95,84,11,1,-31,1813.67,74.38,6,3.6,"Amazon","N/A",1,201,"N/A","Large Standard-Size",1.3,4.41,6.18,0.3,"N/A","N/A","09/30/2025",38,4,17,1.91
"https://amazon.com/dp/B0B47ZH5C1","https://m.media-amazon.com/images/I/71JOc3rUQyL._SX450_.jpg","B0B47ZH5C1","Triplett BR260CAM-2M Replacement Camera for BR260 Videoscope with 2M Cable","Triplett","Amazon","Industrial & Scientific",83528,614395004385,"N/A",0614395004385,"N/A","Borescopes",225,50,87,11,2,-31,1813.67,77.9,5,4.2,"Amazon","N/A",2,201,"N/A","Large Standard-Size",6,6,2,0.57,"N/A","N/A","09/30/2025",45,1,17,2.3
"https://amazon.com/dp/B0D9WVH12B","https://m.media-amazon.com/images/I/71TJ84VXVTL._SX450_.jpg","B0D9WVH12B","Triplett BR330CAM-10M Replacement Borescope Camera Probe for BR330, 10M Cable","Triplett","Amazon","Industrial & Scientific",83540,614395005214,"N/A",0614395005214,"N/A","Borescopes",225,109.72,56,11,1,-31,1813.67,86.97,5,4.2,"Amazon","N/A",1,201,"N/A","Large Standard-Size",6,6,2,0.95,"N/A","N/A","09/30/2025",19,1,17,2.3
"https://amazon.com/dp/B0DD78SXJF","https://m.media-amazon.com/images/I/713wfsTzFUL._SX450_.jpg","B0DD78SXJF","Sewer Camera Self Leveling, Anysun Sewer Inspection Camera 250ft with 9'' Monitor and DVR Recorder with 32GB Card, Meter Marker, 12 Adjustable Lights","anysun","FBA","Industrial & Scientific",83595,717331217709,"N/A",0717331217709,"N/A","Borescopes",231,639.99,-8,20,5,250,12680.94,2924.69,32,4.5,"Nedive","Hong Kong",1,258,"N/A","Large bulky",13.2,19,20.5,22.8,1666.19,4165.49,"03/31/2024",41,7,5,0.64
"https://amazon.com/dp/B07DNQ9KC4","https://m.media-amazon.com/images/I/61Fv-gKlVZL._SX450_.jpg","B07DNQ9KC4","BlueFire Upgraded 1080P 5.5mm Semi-Rigid Inspection Camera, 2 MP HD WiFi Borescope Snake Camera, Zoomable Focus 1800mA Battery Wireless Endoscope for Android and iOS Smartphone, Tablet (11.5FT)","BlueFire","FBA","Industrial & Scientific",83769,"N/A","N/A","N/A","N/A","Borescopes",206,25.99,-11,47,14,146,1261.92,351.93,810,4,"BlueFire Tech","China",1,364,-20,"Large Standard-Size",2.32,4.49,4.88,0.57,25.59,70.6,"11/30/2024",93,7,3,0.06
"https://amazon.com/dp/B09KBSMWJ3","https://m.media-amazon.com/images/I/51p2PF8y8dL._SX450_.jpg","B09KBSMWJ3","DEPSTECH Accessories Including Hook Magnet Protective Cap Reset Pin, for DEPSTECH DS300 DS520 WF028 DS350 DS500 DS600 DS450 Dual Lens Inspection Camera, 7.9mm Dia Probe - Black","DEPSTECH","FBA","Industrial & Scientific",84056,"N/A","N/A","N/A","N/A","Borescopes",213,16.99,-31,23,23,-11,382.28,381.93,149,4.3,"Depstech","China",1,197,-10,"Large Standard-Size",0.87,3.46,3.78,0.04,5.73,15.8,"03/31/2024",52,9,2,0.15
"https://amazon.com/dp/B0FJF9SXSR","https://m.media-amazon.com/images/I/61mWqdKWkWL._SX450_.jpg","B0FJF9SXSR","Two-Way Flexible Endoscope Camera with Light,Inspection Endoscope, 0.24-inch Probe Scope Cameras, 4.3-inch Display Snake Camera, Borescopes for Automotive Inspection and Machinery Maintenanc, 3.3ft","SCOPIX","FBA","Industrial & Scientific",84084,"N/A","N/A","N/A","N/A","Borescopes",232,89.99,-35,108,69,12,11619.17,6179.67,2,5,"SCOPIX","China",1,0,"N/A","Large Standard-Size",3.23,6.61,15.07,1.87,161.99,446.87,"01/31/2026",7,9,0,54.02
"https://amazon.com/dp/B0DFQ8D1PW","https://m.media-amazon.com/images/I/81ErWmzGTIL._SX450_.jpg","B0DFQ8D1PW","ZELCAN Self-Leveling Sewer Camera, Drain Camera 230FT with 9 in. LCD Screen, Waterproof IP68 Borescope Plumbing with 12 LED Lights, Included 32GB Card, with 512Hz Transmitter(Without Locator)","ZELCAN","FBA","Industrial & Scientific",84099,"N/A","N/A","N/A","N/A","Borescopes",216,719.99,2,82,9,-34,32846.16,6385.51,40,4.1,"ZELCAN","China",1,0,"N/A","Large bulky",11.2,15.5,19,19.6,1068.93,2672.31,"12/31/2025",18,8,10,2.05
"https://amazon.com/dp/B07SQ4FLYX","https://m.media-amazon.com/images/I/51G6dQjZTrL._SX450_.jpg","B07SQ4FLYX","Dual Lens Endoscope with 5"" Monitor, Teslong NTS500 Industrial Waterproof Borescope Inspection Camera with 0.21in Front & Side-View Double Lens with 9.8FT Probe, 5-Inch IPS LCD Screen & Case","Teslong","FBA","Industrial & Scientific",84239,"N/A","N/A","N/A","N/A","Borescopes",227,269.99,-13,66,66,18,15682.84,15682.04,628,4.7,"Teslong","China",1,900,8,"Large Standard-Size",3.24,11.15,13.25,3.13,241.01,664.85,"10/31/2025",89,9,0,0.1
"https://amazon.com/dp/B0GF7RS23B","https://m.media-amazon.com/images/I/61wGEVbOT8L._SX450_.jpg","B0GF7RS23B","MUCAR E021 USB Endoscope Borescope, 720P Borescope with 6 Adjustable LED Light, Compatible with PC and MUCAR Scanners","mucar","FBA","Industrial & Scientific",84578,"N/A","N/A","N/A","N/A","Borescopes",217,69.99,"N/A",6,6,,419.94,419.87,6,4.6,"MUCAR OFFICIAL","China",1,0,"N/A","Large Standard-Size",11.8,8.3,2,1.25,98.62,272.06,"-",2,11,0,"N/A"
"https://amazon.com/dp/B0FR1JJ8PR","https://m.media-amazon.com/images/I/41SbYPb2k3L._SX450_.jpg","B0FR1JJ8PR","Visual Endoscope Camera, Endoscope Camera 8 Adjustable LED Lights, Compatible with Android and iPhone","prabensei","FBA","Industrial & Scientific",85238,"N/A","N/A","N/A","N/A","Borescopes",231,45.99,-6,15,15,,704.21,704.1,3,2.9,"HEIYAO Direct Store","China",1,0,"N/A","Large Standard-Size",8.86,3.27,1.18,0.35,17.21,47.48,"12/31/2025",6,5,0,5.11
"https://amazon.com/dp/B0D5M8FK1L","https://m.media-amazon.com/images/I/71Wc4xa-bPL._SX450_.jpg","B0D5M8FK1L","Anysun Sewer Camera Self Leveling with Distance Counter, 7MM Thicker Cable, 300Ft/91.5M Pipe Inspection Cameras with 9'' 1080P Screen, IP68 Waterproof Sewer Drain Cam with DVR Recorder & 32GB Card","anysun","FBA","Industrial & Scientific",85736,"N/A","N/A","N/A","N/A","Borescopes",236,1099.99,-2,61,5,317,50949.65,5744.87,29,4.3,"Yongchangsheng tech","China",1,519,"N/A","Large bulky",13,19,22.5,29.5,1801.04,4502.6,"03/31/2025",20,7,9,2.12
"https://amazon.com/dp/B0FFMQ54P9","https://m.media-amazon.com/images/I/71qN-gNQnGL._SX450_.jpg","B0FFMQ54P9","Anysun Self Leveling Sewer Camera 512Hz with Distance Counter, MIC, 7MM Thicker Cable, 100Ft Pipe Inspection Cameras with 9'' 1080P Screen, Video Drain Cam IP68 Industrial Borescope Snake, 32GB Card","anysun","FBA","Industrial & Scientific",85766,717661515186,"N/A",0717661515186,"N/A","Borescopes",235,799.99,-31,61,13,317,50949.65,10682.44,29,4.3,"Yongchangsheng tech","China",1,519,"N/A","Large bulky",11.8,17.2,19.7,16.85,1295.75,3239.37,"03/31/2025",7,8,9,2.05
"https://amazon.com/dp/B0F9959W84","https://m.media-amazon.com/images/I/81Ps7vTrvYL._SX450_.jpg","B0F9959W84","4.3"" Borescope Camera – 1920P Endoscope Camera with Light, 16FT Semi-Rigid Cable Inspection Camera, IP67 Waterproof Scope Snake for Automotive/Pipe/Engine/HVAC/Tools Gadgets for Men","GinoCaco","FBA","Industrial & Scientific",85980,"N/A","N/A","N/A","N/A","Borescopes",222,26.99,-134,5,2,,220.64,46.28,46,4.1,"GinoCaco Direct","China",1,0,"N/A","Large Standard-Size",2.2,5.71,7.13,0.99,45.09,124.4,"02/28/2026",8,9,6,0.11
"https://amazon.com/dp/B0FWJGCBZR","https://m.media-amazon.com/images/I/61NKDWf7IZL._SX450_.jpg","B0FWJGCBZR","Endoscope Camera with Light,1920P HD Borescope Tools with 8 Adjustable LED Lights, Endoscope with Semi-Rigid Snake Camera, Inspection Borescope for iOS and Android-16.4ft Single Lens ﻿","DynamiKsounds","FBA","Industrial & Scientific",86090,753853805529,"N/A",0753853805529,"N/A","Borescopes",232,17.98,-21,32,27,,594.28,478.95,21,3.9,"DynamiKsounds","China",1,0,"N/A","Large Standard-Size",1,1,1,0.3,0.5,1.39,"01/31/2026",5,9,6,1.55
"https://amazon.com/dp/B0DZ2DWH1G","https://m.media-amazon.com/images/I/71N1X2N3dSL._SX450_.jpg","B0DZ2DWH1G","EIXAUP Sewer Camera Self Leveling with Distance Counter, 200 ft/60 m, 7mm Thicker Cable, 7"" IPS 1080P Monitor, 12 Adjustable Lights, IP68 Pipe Inspection Camera with DVR and 32GB Card","EIXAUP","FBA","Industrial & Scientific",86194,"N/A","N/A","N/A","N/A","Borescopes",237,615.99,-10,47,8,314,22481.75,5030.94,1,5,"SYST","China",1,0,"N/A","Large bulky",11.5,15.7,18.5,18.85,1082.46,2706.16,"09/30/2025",12,7,7,46.68
"https://amazon.com/dp/B0CPDLCW1B","https://m.media-amazon.com/images/I/71A4eV97YzL._SX450_.jpg","B0CPDLCW1B","Ulefone uSmart Endoscope E02 for Ulefone Armor 30/29/28/27/26/24/21/18/Pad Series, IP67 Waterproof, 2M Semi-Rigid, 5.5 mm Borescope Dual Camera, 7 LED Lights","Ulefone","FBA","Industrial & Scientific",86489,"N/A","N/A","N/A","N/A","Borescopes",233,79.99,-21,20,5,61,1438.97,419.75,161,4.2,"Ulefone Direct - US","China",2,312,2,"Large Standard-Size",1.57,5,8.46,0.47,33.44,92.24,"06/30/2024",26,7,2,0.12
"https://amazon.com/dp/B0FR9KWW83","https://m.media-amazon.com/images/I/71cQEGntOyL._SX450_.jpg","B0FR9KWW83","Endoscope Camera with Light, 4.3"" HD Display, 5.5mm Waterproof Borescope, 6.6ft Semi-Rigid Cable, 6 LED Plumbing Camera for Pipe, Car Engine, and Drain Inspection","JYTONE","FBA","Industrial & Scientific",87108,"N/A","N/A","N/A","N/A","Borescopes",235,28.99,-33,27,27,-67,781.91,781.56,32,4.8,"ERYUHAIAN","China",1,0,"N/A","Large Standard-Size",3.23,6.06,11.02,1.01,108.6,299.59,"11/30/2025",6,7,0,0.9
"https://amazon.com/dp/B09LTXDJBP","https://m.media-amazon.com/images/I/717u1SF6doL._SX450_.jpg","B09LTXDJBP","BlueFire Dual Lens Wireless Endoscope,1080P 8.0mm Semi-Rigid HD Inspection Camera, Zoomable Focus 1800mA Battery Dual Camera Borescope for Android and iOS Smartphones, Tablet (11.5FT)","BlueFire","FBA","Industrial & Scientific",87126,"N/A","N/A","N/A","N/A","Borescopes",217,30.99,"N/A",15,15,-88,451.72,451.53,46,4.3,"BlueFire Tech","China",1,295,32,"Large Standard-Size",2.2,4.37,4.8,0.59,23.3,64.27,"12/31/2025",52,6,0,0.32
"https://amazon.com/dp/B0GKQFBN85","https://m.media-amazon.com/images/I/819FJCENgWL._SX450_.jpg","B0GKQFBN85","KLARAY US23-MD62 Two-Way Articulating Borescope with Light, Industrial Inspection Camera with 6.2mm Articulated Probe, Flexible Mechanic Snake Scope for Automotive Engine Inspection – 3.3FT","Klaray","Amazon","Industrial & Scientific",88310,199284518803,"N/A",0199284518803,"N/A","Borescopes",242,129.99,4,4,4,,478.83,478.75,1,5,"Amazon","N/A",1,0,"N/A","Large Standard-Size",3.7,11,17.8,3.7,"N/A","N/A","01/31/2026",1,9,0,3.69
"https://amazon.com/dp/B0CR3JKML1","https://m.media-amazon.com/images/I/51v+SkEGDvL._SX450_.jpg","B0CR3JKML1","Endoscope Camera for iPhone 14/13/12/11 Pro/Pro Max,1920P Inspection Camera with 8 Adjustable LED Lights, IP68 Waterproof Borescope Snake Camera for iPhone & iPad (16.5ft Semi-Rigid Cable)","LUKZATEN","FBA","Industrial & Scientific",89154,"N/A","N/A","N/A","N/A","Borescopes",218,21.95,-4,23,23,44,498.17,498.03,22,4.2,"Lukzaten US","China",1,230,16,"Large Standard-Size",1.46,4.76,4.8,0.4,16.79,46.33,"06/30/2025",27,9,0,1.08
"https://amazon.com/dp/B0DYHGQ1GL","https://m.media-amazon.com/images/I/71wshQNPzsL._SX450_.jpg","B0DYHGQ1GL","HANMATEK Industrial Endoscope, 4.3-Inch TFT Screen, 16.5ft Flexible Cable, IP67 Waterproof, 8mm Camera with Adjustable LED Lights, USB-C Charging, 4 Hours Battery Life, 180° Rotating Display IE01","HANMATEK","FBA","Industrial & Scientific",89644,"N/A","N/A","N/A","N/A","Borescopes",238,21.99,-52,107,96,,2430.93,2117.16,392,4.5,"HANMATEK US-Official store","China",1,0,"N/A","Large Standard-Size",2.48,6.81,7.72,1.28,65.64,181.09,"01/31/2026",10,9,2,0.27
"https://amazon.com/dp/B0FHH166CS","https://m.media-amazon.com/images/I/71Tu0KYdOlL._SX450_.jpg","B0FHH166CS","HANMATEK 1080P Industrial Endoscope, 4.3-Inch TFT Screen, 16.5ft Flexible Cable, 8mm Camera with Adjustable LED Lights, 1 Million Pixels, Photo/Video Recording,USB-C Charging","HANMATEK","FBA","Industrial & Scientific",89650,"N/A","N/A","N/A","N/A","Borescopes",238,29.99,-37,107,10,,2430.93,312.41,28,4.4,"HANMATEK US-Official store","China",1,0,"N/A","Large Standard-Size",2.6,6.81,7.76,1.28,69.18,190.83,"01/31/2026",7,9,2,0.26
"https://amazon.com/dp/B0CMTV6VNZ","https://m.media-amazon.com/images/I/71L6C25SHwL._SX450_.jpg","B0CMTV6VNZ","Sewer Camera 100ft/30m,0.9in/22mm Pipe Inspection Camera with 12pcs LEDs Light, 4.3"" Screen 1000TVL Plumbing Snake Borescope with 4500mAh Battery DVR Recorder, Included 16GB Card","SYOWNFS","FBA","Industrial & Scientific",89831,"N/A","N/A","N/A","N/A","Borescopes",238,260.05,-28,62,36,40,16875.03,9433,89,4.1,"ENNIO","China",1,1261,-16,"Large bulky",8.6,11,15.5,8.25,475.19,1187.97,"02/28/2025",28,7,4,0.7
"https://amazon.com/dp/B0DP9QQZC1","https://m.media-amazon.com/images/I/717mx0ETEpL._SX450_.jpg","B0DP9QQZC1","Sanyipace Sewer Camera 165FT/50M, 0.67in/17mm Pipe Inspection Camera with Light, 5600mAh Battery, Meter Maker, Mic & Speaker, 4.3"" Screen, 8 LEDs, 1000TVL Plumbing Snake Camera, Included 32GB Card","Sanyipace","FBA","Industrial & Scientific",90717,"N/A","N/A","N/A","N/A","Borescopes",240,359.99,"N/A",73,6,113,19275.58,2112.11,139,4.3,"Yans Minie","China",1,0,"N/A","Large bulky",11.02,12.52,14,13.5,625.98,1564.94,"01/31/2026",15,7,6,0.52
"https://amazon.com/dp/B0DJLM28ZL","https://m.media-amazon.com/images/I/71W2tuT5afL._SX450_.jpg","B0DJLM28ZL","Sanyipace Sewer Camera 100FT/30M, 0.67in/17mm Pipe Inspection Camera with Light, 5600mAh Battery, Mic & Speaker, 4.3"" Screen, 8 LEDs, 1000TVL Plumbing Snake Camera, Included 16GB Card","Sanyipace","FBA","Industrial & Scientific",90717,"N/A","N/A","N/A","N/A","Borescopes",240,299.98,"N/A",73,9,113,19275.58,2741.76,139,4.3,"Yans Minie","China",1,0,"N/A","Large bulky",11,12.25,14.5,11.9,633.2,1583,"01/31/2026",17,7,6,0.52
"https://amazon.com/dp/B0FKGVXXJB","https://m.media-amazon.com/images/I/71f9Mem98SL._SX450_.jpg","B0FKGVXXJB","Sanyipace Self-Leveling Sewer Camera 165FT/50M with Wheels and Retractable Handle, Drain Camera with 512Hz Probe, Meter Counter, Video & Audio Record Speaker, Keyboard Input, 5X Zoom, 10"" HD Screen","Sanyipace","FBA","Industrial & Scientific",90932,"N/A","N/A","N/A","N/A","Borescopes",242,1119.99,-23,3,2,230,2763.39,2373.9,64,4.1,"Urselection","China",1,0,"N/A","Large bulky",14,17.1,20,33.3,1551.67,3879.17,"01/31/2026",2,9,4,0.04
"https://amazon.com/dp/B0FLV8WV88","https://m.media-amazon.com/images/I/71U2KkMnQRL._SX450_.jpg","B0FLV8WV88","Sanyipace Sewer Camera 165FT/50M with 512Hz Transmitter,10"" HD Screen,Self-Leveling,Distance Counter,Inspection Camera with [Mic+Speaker+Audio Video] Record,32GB,Ideal for Plumbers and Home(7mm Cable)","Sanyipace","FBA","Industrial & Scientific",90932,"N/A","N/A","N/A","N/A","Borescopes",242,999.99,-31,3,4,230,2763.39,4324.78,64,4.1,"Urselection","China",1,0,"N/A","Large bulky",12.8,15.59,18.31,27.09,1184.1,2960.25,"01/31/2026",7,9,4,0.04
"https://amazon.com/dp/B0GR9W2G2N","https://m.media-amazon.com/images/I/71RuVpUHR5L._SX450_.jpg","B0GR9W2G2N","Sanyipace Sewer Camera,S850+S860","Sanyipace","FBA","Industrial & Scientific",90932,"N/A","N/A","N/A","N/A","Borescopes",242,899.99,"N/A",3,0,,2763.39,"-",2,5,"Urselection","China",0,0,"N/A","N/A","N/A","N/A","N/A","N/A","N/A","N/A","-",0,9,4,"N/A"
"https://amazon.com/dp/B0FLVB6GYH","https://m.media-amazon.com/images/I/71RuVpUHR5L._SX450_.jpg","B0FLVB6GYH","Sanyipace Sewer Camera with 512Hz Transmitter,10"" Plumbing Camera with Distance Counter, IP68 Camera with 12 Adjustable LEDs,32GB DVR for Sewer Line,Home,Duct Drain Pipe Plumbing（100ft/30m,7mm Cable","Sanyipace","FBA","Industrial & Scientific",91049,"N/A","N/A","N/A","N/A","Borescopes",241,899.99,-45,3,7,230,2763.39,6262.31,1,5,"Urselection","China",1,0,"N/A","Large bulky",13.11,15.55,18.54,24.93,1224.86,3062.15,"01/31/2026",7,9,4,2.8
"https://amazon.com/dp/B07RYN9QPC","https://m.media-amazon.com/images/I/41HprMYMlgL._SX450_.jpg","B07RYN9QPC","Endoscope, Ihong Android OTG 1.5M Waterproof Snake HD Video Borescope Soft Wire with USB Type-C 6 Led Lights Security Cable Compatible with Samsung Galaxy/Sony/Nexus Android Smartphone Computer","DEFLECTAIR","FBA","Industrial & Scientific",91227,"N/A","N/A","N/A","N/A","Borescopes",235,9.99,-9,53,53,-12,532.51,531.85,1040,3.5,"Putian Cai Nei Trading Co., Ltd.","China",1,353,-16,"Large Standard-Size",1.26,4.76,5.08,0.13,15.34,42.32,"02/28/2025",81,8,0,0.05
"https://amazon.com/dp/B0BTNSJ4PZ","https://m.media-amazon.com/images/I/71IZI6WfOxL._SX450_.jpg","B0BTNSJ4PZ","5FT Dual Lens Probe, 5mm/0.2inch Diameter Semi-Rigid Cable Compatible with MS450 Inspection Camera","Teslong","FBA","Industrial & Scientific",91324,"N/A","N/A","N/A","N/A","Borescopes",220,59.99,-9,40,40,62,2425.26,2425.12,11,4.6,"Teslong","China",1,298,"N/A","Large Standard-Size",1.85,5.63,6.54,0.24,34.3,94.61,"01/31/2026",37,6,0,3.67
"https://amazon.com/dp/B0GFM2VQJ5","https://m.media-amazon.com/images/I/619XG9dSYXL._SX450_.jpg","B0GFM2VQJ5","Endoscope Camera with Light of SIX Adjustable LED Lights IP67 Waterproof Snake Camera Inspection Borescope with Claw Grip for iPhone ipad and Android Phone(Type c)","ToolVigyrx","FBA","Industrial & Scientific",91435,"N/A","N/A",8712111152883,"N/A","Borescopes",242,39.99,"N/A",5,5,,208.2,208.13,"N/A","N/A","jilianweilai","N/A",1,0,"N/A","Large bulky",28.11,2,1.65,0.57,30.06,75.16,"02/28/2026",2,9,0,"N/A"
"https://amazon.com/dp/B008H1EAOQ","https://m.media-amazon.com/images/I/31m23GaGGmL._SX450_.jpg","B008H1EAOQ","RIDGID 40043 Micro CA-25 Hand-Held Inspection Camera with 4' Cable, Borescope, Red","RIDGID","Amazon","Industrial & Scientific",91958,637262214366,00095691400437,0095691400437,"N/A","Borescopes",237,88.16,-20,30,30,-45,3251.4,3251.23,328,4.5,"Amazon","N/A",13,352,-17,"Large Standard-Size",4.29,10.98,14.8,4.94,"N/A","N/A","09/30/2024",163,7,0,0.09
"https://amazon.com/dp/B0DDXDMTPR","https://m.media-amazon.com/images/I/713wfsTzFUL._SX450_.jpg","B0DDXDMTPR","Sewer Camera Self Leveling, Anysun Sewer Inspection Camera 150ft with 9'' Monitor and DVR Recorder with 32GB Card, Meter Marker, 12 Adjustable Lights","anysun","FBA","Industrial & Scientific",92337,717331218638,"N/A",0717331218638,"N/A","Borescopes",245,599.99,-5,20,5,250,12680.94,3213.66,32,4.5,"Nedive","Hong Kong",1,258,"N/A","Large bulky",12.25,17.25,19.25,18.3,1318.26,3295.64,"03/31/2024",18,7,5,0.64
"https://amazon.com/dp/B0G2L4ZXFW","https://m.media-amazon.com/images/I/71HjL5+m-dL._SX450_.jpg","B0G2L4ZXFW","Sewer Camera with Self-Leveling and Distance Count, 512Hz Sonde IP68 Waterproof Cam, 9"" Pipe Drain Inspection with 12pcs Light, DVR with 32GB Card, 7mm Cable (200FT)","anysun","FBA","Industrial & Scientific",92987,717639149382,"N/A",0717639149382,"N/A","Borescopes",246,849.99,"N/A",32,2,59,21433.9,1844.68,89,4.3,"ToBestGift","China",1,0,"N/A","Large bulky",16,13,11,10,741.48,1853.7,"01/31/2026",3,8,12,0.36
"https://amazon.com/dp/B0G1C9X4XH","https://m.media-amazon.com/images/I/71pd6+XH1dL._SX450_.jpg","B0G1C9X4XH","Sewer Camera with Self-Leveling and Distance Count, IP68 Waterproof Cam, 9"" Pipe Drain Inspection with 12pcs Light, DVR with 32GB Card, 7mm Cable (100FT)","anysun","FBA","Industrial & Scientific",92987,717639148316,"N/A",0717639148316,"N/A","Borescopes",246,599.99,"N/A",32,7,59,21433.9,4665.66,89,4.3,"ToBestGift","China",1,0,"N/A","Large bulky",17,16,13,19,1145.93,2864.81,"01/31/2026",4,7,12,0.36
"https://amazon.com/dp/B0DQH18QGD","https://m.media-amazon.com/images/I/71ubwZVoOzL._SX450_.jpg","B0DQH18QGD","Self-Leveling Sewer Camera 300FT, Anysun 9"" HD Screen DVR Recorder with 32GB Card, IP68 Waterproof Plumbing Cam Pipe Borescope Drain Inspection with 12pcs LED Light, 7mm Cable with Meter Marks","anysun","FBA","Industrial & Scientific",92999,717504240985,"N/A",0717504240985,"N/A","Borescopes",246,799.99,"N/A",32,3,59,21433.9,2738.51,89,4.3,"ToBestGift","China",1,0,"N/A","Large bulky",12.2,16.54,10.24,17.64,669.46,1673.66,"01/31/2026",15,7,12,0.36
"https://amazon.com/dp/B0FKG3KVM7","https://m.media-amazon.com/images/I/61kZzGAeOQL._SX450_.jpg","B0FKG3KVM7","Two-Way Rotatable Flexible Borescope Camera with Light 0.24-inch Ultra-Thin Snake Borescope, 4.3-inch Display Inspection Camera,Snake Cameras for Automotive Inspection and Machinery Maintenance 3.3ft","SCOPIX","FBA","Industrial & Scientific",93606,"N/A","N/A","N/A","N/A","Borescopes",247,99.99,-24,108,12,12,11619.17,1304.52,1,5,"SCOPIX","China",1,0,"N/A","Large Standard-Size",2.91,8.74,12.52,2.18,160.32,442.26,"01/31/2026",7,8,0,108.04
"https://amazon.com/dp/B0CQYQQ78G","https://m.media-amazon.com/images/I/71MukEyJfTL._SX450_.jpg","B0CQYQQ78G","Anysun Sewer Camera with 512Hz Sonde, Self-Leveling 9"" HD Screen DVR Recorder, 32GB Card, IP68 Waterproof Plumbing Pipe Borescope Inspection, 7mm Cable with Meter Marks(300FT)","anysun","FBA","Industrial & Scientific",93687,774049901870,"N/A",0774049901870,"N/A","Borescopes",223,899.99,-72,32,1,59,21433.9,982.91,89,4.3,"ToBestGift","China",1,0,"N/A","Large bulky",13.9,18.9,20.9,24.55,1779.37,4448.43,"01/31/2026",26,8,12,0.36
"https://amazon.com/dp/B0CBS872G4","https://m.media-amazon.com/images/I/71ubwZVoOzL._SX450_.jpg","B0CBS872G4","Self-Leveling Sewer Camera 200FT, Anysun 9"" HD Screen DVR Recorder with 32GB Card, IP68 Waterproof Plumbing Cam Pipe Borescope Drain Inspection with 12pcs LED Light, 7mm Cable with Meter Marks","anysun","FBA","Industrial & Scientific",93699,774196188766,"N/A",0774196188766,"N/A","Borescopes",223,659.99,-18,32,6,59,21433.9,3833.91,89,4.3,"ToBestGift","China",1,0,"N/A","Large bulky",12.13,17.36,19.92,20.64,1359.39,3398.48,"01/31/2026",32,7,12,0.36
"https://amazon.com/dp/B0BJKTWZBV","https://m.media-amazon.com/images/I/71ubwZVoOzL._SX450_.jpg","B0BJKTWZBV","Self-Leveling Sewer Camera 100FT, Anysun 9"" HD Screen Pipe Borescope Drain Inspection with 12pcs LED Light, DVR Recorder with 32GB Card, IP68 Waterproof Plumbing Cam, 7mm Cable with Meter Marks","anysun","FBA","Industrial & Scientific",93882,774638981412,"N/A",0774638981412,"N/A","Borescopes",224,539.99,-24,32,11,59,21433.9,6474.71,89,4.3,"ToBestGift","China",1,0,"N/A","Large bulky",11.5,17.3,19.75,16.4,1273.37,3183.43,"01/31/2026",40,7,12,0.36
"https://amazon.com/dp/B08D9GDQD5","https://m.media-amazon.com/images/I/71EVKoAubeL._SX450_.jpg","B08D9GDQD5","Teslong Rigid Rifle Borescope, 0.2inch Rod Digital Gun Barrel Bore Scope Gun Cleaning Camera-Fits .20 Caliber & Larger Hunting Shooting Firearms, 26inch Long Insertion Tube & 4.5inch 1080P HD Screen","Teslong","FBA","Industrial & Scientific",94667,"N/A","N/A","N/A","N/A","Borescopes",248,149.99,-2,46,46,-61,6951.63,6951.45,395,4.7,"Teslong","China",1,792,-7,"Large bulky",1.97,4.09,30.39,2.75,79.35,198.38,"02/28/2025",67,7,0,0.12
"https://amazon.com/dp/B0DG95BKNW","https://m.media-amazon.com/images/I/71LCg8UNbZL._SX450_.jpg","B0DG95BKNW","Anysun Sewer Camera with Locator Set, Self-Leveling, 7mm Cable with Depth Marking, IP68 Waterproof Plumbing Endoscope Drain Snake Camera with 9'' Color Screen, 12pcs Light, Recorder with 32GB(200FT)","anysun","FBA","Industrial & Scientific",94966,717331218829,"N/A",0717331218829,"N/A","Borescopes",248,1129.99,-38,18,3,,19114.05,3674.28,8,4.8,"ToBestGift","China",1,0,"N/A","Large bulky",14.4,19.4,21.05,28.2,1905.73,4764.32,"01/31/2026",18,8,10,2.23
"https://amazon.com/dp/B0DFQ95DW2","https://m.media-amazon.com/images/I/81HZP4kjbBL._SX450_.jpg","B0DFQ95DW2","ZELCAN Self-Leveling Sewer Camera with Locator, Drain Camera 165FT with 9 in. LCD Screen, Waterproof IP68 Borescope Plumbing with 12 LED Lights, with 512Hz Transmitter and Receiver(32GB Card)","ZELCAN","FBA","Industrial & Scientific",96113,"N/A","N/A","N/A","N/A","Borescopes",249,859.99,-27,82,7,-34,32846.16,5446.65,40,4.1,"ZELCAN","China",1,0,"N/A","Large bulky",11.7,15.4,16.2,18,945.95,2364.86,"12/31/2025",18,8,10,2.05
"https://amazon.com/dp/B0DFQ9JP9J","https://m.media-amazon.com/images/I/81Ugpjm6cJL._SX450_.jpg","B0DFQ9JP9J","ZELCAN Sewer Camera, Drain Camera 165FT with 4.3 in. LCD Screen, Waterproof IP68 Borescope Plumbing Camera with 12 LED Lights with 5300mAh Battery DVR Recorder, Included 32GB Card","ZELCAN","FBA","Industrial & Scientific",96227,"N/A","N/A","N/A","N/A","Borescopes",248,299.99,-11,82,13,-34,32846.16,3666.74,40,4.1,"ZELCAN","China",1,0,"N/A","Large bulky",11,12.5,14,14.4,623.84,1559.61,"12/31/2025",18,8,10,2.05
"https://amazon.com/dp/B0FW4Z33X3","https://m.media-amazon.com/images/I/81KKUhbNWPL._SX450_.jpg","B0FW4Z33X3","ZELCAN 10.1"" Self-Leveling Sewer Camera with 512Hz Locator, Sewer Inspection Camera with 165 ft. Cable & Digital Length Counter, Rechargeable Drain Pipe Camera with Keyboard Wheels 12 LED Lights","ZELCAN","FBA","Industrial & Scientific",96227,"N/A","N/A","N/A","N/A","Borescopes",248,1199.99,"N/A",82,5,-34,32846.16,5480.58,40,4.1,"ZELCAN","China",1,0,"N/A","Extra-large 70+ to 150 lb",30.71,23.03,16.14,36.27,3699.32,9248.29,"12/31/2025",5,9,10,2.05
"https://amazon.com/dp/B0DFQ87GD9","https://m.media-amazon.com/images/I/81QHmLjDrZL._SX450_.jpg","B0DFQ87GD9","ZELCAN Sewer Camera, Drain Camera 100FT with 4.3 in. LCD Screen, Waterproof IP68 Borescope Plumbing with 12 LED Lights with 5300mAh Battery DVR Recorder, Included 32GB Card","ZELCAN","FBA","Industrial & Scientific",96227,"N/A","N/A","N/A","N/A","Borescopes",248,279.99,-9,82,17,-34,32846.16,4472.21,40,4.1,"ZELCAN","China",1,0,"N/A","Large bulky",10.75,12.25,14,12.4,597.47,1493.68,"12/31/2025",18,8,10,2.05
"https://amazon.com/dp/B0DFQ9X24L","https://m.media-amazon.com/images/I/81dmXU5+sZL._SX450_.jpg","B0DFQ9X24L","ZELCAN Sewer Camera, Drain Camera 66FT with 4.3 in. LCD Screen, Waterproof IP68 Borescope Plumbing with 12 LED Lights with 5300mAh Battery DVR Recorder, Included 32GB Card","ZELCAN","FBA","Industrial & Scientific",96227,"N/A","N/A","N/A","N/A","Borescopes",248,239.99,-16,82,26,-34,32846.16,5979.1,40,4.1,"ZELCAN","China",1,0,"N/A","Large bulky",10.75,12.5,14,12,609.66,1524.16,"12/31/2025",18,8,10,2.05
"https://amazon.com/dp/B0CQ55VS2B","https://m.media-amazon.com/images/I/61hkols6rZL._SX450_.jpg","B0CQ55VS2B","LSOSVSEU 23mm Pipe Sewer Inspection Camera Protective Cover, 90mm Guide Wheels Protect The Pipe Video Inspection Camera in The Pipe Walls, Pipe Inspection Camera Accessories","LSOSVSEU","FBA","Industrial & Scientific",96336,"N/A","N/A","N/A","N/A","Borescopes",236,24.99,-9,9,9,322,223.1,222.9,13,3.8,"Outdoor Relax","China",1,146,-59,"Large Standard-Size",1.89,3.78,5.35,0.22,19.24,53.09,"06/30/2024",27,9,0,0.69
"https://amazon.com/dp/B0BTP4K3H7","https://m.media-amazon.com/images/I/71qlRabB19L._SX450_.jpg","B0BTP4K3H7","VEVOR Sewer Camera, 150FT, 9"" Screen Pipeline Inspection Camera with DVR Function & 8 GB SD Card, Waterproof IP68 Borescope w/LED Lights, Industrial Endoscope for Home Wall Duct Drain Pipe Plumbing","VEVOR","FBM","Industrial & Scientific",97160,840349912929,"N/A",0840349912929,"N/A","Borescopes",287,509.99,-26,38,9,-44,21328.99,4511.73,86,3.9,"Suplander","China",1,917,-5,"Large bulky",19,16,13,15.5,"N/A","N/A","03/31/2024",37,11,7,0.45
"https://amazon.com/dp/B0BV2VFMVZ","https://m.media-amazon.com/images/I/71qlRabB19L._SX450_.jpg","B0BV2VFMVZ","VEVOR Sewer Camera, 393 ft/120 m, 9"" Screen Pipeline Inspection Camera with DVR Function, Waterproof IP68 Cameras w/12 Adjustable LEDs, w/ 16 GB SD Card, for Sewer Line, Home, Duct Drain Pipe Plumbing","VEVOR","FBM","Industrial & Scientific",97160,840281561704,"N/A",0840281561704,"N/A","Borescopes",287,739.9,-26,38,3,-44,21328.99,2047.88,86,3.9,"Suplander","China",1,917,-5,"Large bulky",21,16,12,23.1,"N/A","N/A","03/31/2024",37,9,7,0.45
"https://amazon.com/dp/B0BV2Q92RJ","https://m.media-amazon.com/images/I/71eyWMyGlYL._SX450_.jpg","B0BV2Q92RJ","VEVOR Sewer Camera, 300 ft/91.5 m, 9"" Screen Pipeline Inspection Camera with DVR Function, Waterproof IP68 Camera w/12 Adjustable LEDs, w/a 16 GB SD Card for Sewer Line, Home, Duct Drain Pipe Plumbing","VEVOR","FBM","Industrial & Scientific",97160,840281561674,"N/A",0840281561674,"N/A","Borescopes",287,656.9,12,38,4,-44,21328.99,2907.88,86,3.9,"Suplander","China",1,917,-5,"Large bulky",21,17,12,20.9,"N/A","N/A","03/31/2024",37,9,7,0.45
"https://amazon.com/dp/B0FF4V4CTW","https://m.media-amazon.com/images/I/71lRMFtaRdL._SX450_.jpg","B0FF4V4CTW","1920P HD Borescope with 8 Adjustable LED Lights,Endoscope Camera with Light,IP67 Waterproof Snake Inspection Borescope for iPhone Android,Semi-Rigid Cable for Automotive Plumbing HVAC","Douevo","FBA","Industrial & Scientific",97165,768904902133,"N/A",0768904902133,"N/A","Borescopes",251,17.99,196,97,97,,1919.18,1918.07,16,4.3,"JingQiBao","China",1,0,"N/A","Large Standard-Size",1.54,5.24,5.94,0.42,24.13,66.57,"01/31/2026",6,7,0,6.04
"https://amazon.com/dp/B0BV2SYJDK","https://m.media-amazon.com/images/I/71vkc+-D25L._SX450_.jpg","B0BV2SYJDK","VEVOR Sewer Camera, 165 ft/50 m, 9"" Screen Pipeline Inspection Camera with DVR Function, Waterproof IP68 Camera w/12 Adjustable LEDs, w/a 16 GB SD Card for Sewer Line, Home, Duct Drain Pipe Plumbing","VEVOR","FBM","Industrial & Scientific",97172,840281561681,"N/A",0840281561681,"N/A","Borescopes",287,499.99,6,38,13,-44,21328.99,6220.29,88,3.8,"Suplander","China",1,917,-5,"Large bulky",18,16,16,25.8,"N/A","N/A","03/31/2024",37,11,7,0.44
"https://amazon.com/dp/B0BV2V59XB","https://m.media-amazon.com/images/I/71qbqgQ1IML._SX450_.jpg","B0BV2V59XB","VEVOR Sewer Camera, 230 ft/70 m, 9"" Screen Pipeline Inspection Camera with DVR Function, 12 Adjustable LEDs, 16 GB SD Card, Waterproof IP68 for Sewer Line, Home, Duct Drain Pipe Plumbing","VEVOR","FBM","Industrial & Scientific",97359,840281561698,00197988567998,0840281561698,"N/A","Borescopes",288,569.9,-2,38,7,-44,21328.99,3778.46,86,3.9,"Suplander","China",2,917,-5,"Large bulky",23.03,17.72,12.91,19.07,"N/A","N/A","03/31/2024",37,9,7,0.45
"https://amazon.com/dp/B0FL7HD4PD","https://m.media-amazon.com/images/I/81qaJEXKSzL._SX450_.jpg","B0FL7HD4PD","Sewer Camera 100FT/30M 23mm Pipe Inspection Camera DVR & Audio Recorder with 7"" IPS Screen, Plumbing Snake Borescope 12 LEDs HD 1000TVL, Included 32GB Card","GAMWATER","FBA","Industrial & Scientific",97791,614019415177,"N/A",0614019415177,"N/A","Borescopes",245,289.88,-22,25,25,152,6503.3,6503.19,6,3.8,"huizhoushishanmaikejiyouxiangongsi","China",1,0,"N/A","Large Standard-Size",16.9,13,7.88,11.1,871.63,2404.49,"10/31/2025",7,6,0,4.16
"https://amazon.com/dp/B09J4FLG34","https://m.media-amazon.com/images/I/61VVXQG6R+L._SX450_.jpg","B09J4FLG34","BlueFire Upgraded 1080P 5.5mm Semi-Rigid Inspection Camera, 2 MP HD WiFi Borescope Snake Camera, Zoomable Focus 1800mA Battery Wireless Endoscope for Android and iOS Smartphone, Tablet (4.9FT)","BlueFire","FBA","Industrial & Scientific",97913,"N/A","N/A","N/A","N/A","Borescopes",252,23.99,-11,47,27,146,1261.92,645.14,810,4,"BlueFire Tech","China",1,364,-20,"Large Standard-Size",2.28,4.88,5.31,0.44,29.83,82.29,"11/30/2024",53,7,3,0.06
"https://amazon.com/dp/B0CC1LCRYL","https://m.media-amazon.com/images/I/71W2tuT5afL._SX450_.jpg","B0CC1LCRYL","Sanyipace Sewer Camera 100FT/30M, 5600mAh Battery, 0.67in/17mm Pipe Inspection with Light, DVR & Audio Recorder, 4.3"" Screen, 8 LEDs, 1000TVL Plumbing Snake, Included 16GB Card","Sanyipace","FBA","Industrial & Scientific",97995,"N/A","N/A","N/A","N/A","Borescopes",246,299.88,"N/A",71,13,93,18679.61,3859.17,139,4.3,"Yans Minie","China",1,0,"N/A","Large bulky",11,12,14,12.05,598.89,1497.22,"01/31/2026",29,7,6,0.51
"https://amazon.com/dp/B0CQYR4PX4","https://m.media-amazon.com/images/I/71LCg8UNbZL._SX450_.jpg","B0CQYR4PX4","Anysun Sewer Camera with Locator Set 300ft, Self-Leveling, 7mm Cable with Meter Marking, IP68 Waterproof Plumbing Endoscope Drain Snake Camera with 9'' Color Screen, 12pcs Light, Recorder with 32GB","anysun","FBA","Industrial & Scientific",98347,774049901818,"N/A",0774049901818,"N/A","Borescopes",247,1259.99,-39,18,2,,19114.05,1883.47,8,4.8,"ToBestGift","China",1,0,"N/A","Large bulky",14.5,19.7,21.4,30.15,1981.04,4952.59,"01/31/2026",26,8,10,2.23
"https://amazon.com/dp/B0D63F96LB","https://m.media-amazon.com/images/I/61bdv57u5EL._SX450_.jpg","B0D63F96LB","Sewer Camera Replacement 9inch Display Screen w/8GB DVR Video Rcording,JQKJCAM WP9600A WP90A Pipe Inspection Camera Drain Pipeline Endoscope System Monitor","JQKJCAM","FBA","Industrial & Scientific",99844,"N/A","N/A","N/A","N/A","Borescopes",253,124.99,-20,16,16,820,1959.43,1959.36,7,1.8,"JJKJ Cam","China",1,164,"N/A","Large Standard-Size",10.6,9.45,2.36,1.22,119.02,328.34,"05/31/2025",26,6,0,2.73
"https://amazon.com/dp/B0D2H6N6KD","https://m.media-amazon.com/images/I/71VaZ+hIaGL._SX450_.jpg","B0D2H6N6KD","Articulating Borescope Camera - JESERAL 5"" HD 1080P Inspection Camera Screen with 6 Led Light, Endoscope with 6.2mm Len IP67 Waterproof Probe, 3X Zoom Borescope with Semi-Rigid 5FT Cable for Mechanic","Jeseral","FBA","Industrial & Scientific",99985,"N/A","N/A","N/A","N/A","Borescopes",242,69.98,-50,19,6,-76,1320.01,423.2,119,4.4,"JESERAL","China",1,1321,"N/A","Large Standard-Size",5.2,10.63,16.61,3.64,462.26,1275.19,"06/30/2025",22,6,3,0.16
"https://amazon.com/dp/B0D2H2C95S","https://m.media-amazon.com/images/I/81vTITE492L._SX450_.jpg","B0D2H2C95S","Articulating Borescope 2-Way 210° - JESERAL 6.2mm Len Endoscope camera with 6 light, HD1080P Inspection Camera with Steering Probe, Compatible with Android&iOS Phone, scope with 3.3FT Semi-Rigid Cable","Jeseral","FBA","Industrial & Scientific",100190,"N/A","N/A","N/A","N/A","Borescopes",243,69.96,-50,19,13,-76,1320.01,896.41,119,4.4,"JESERAL","China",1,1321,"N/A","Large Standard-Size",3.23,7.48,15.07,2.34,183.31,505.69,"06/30/2025",22,7,3,0.16
"https://amazon.com/dp/B0D2ZPKZ3G","https://m.media-amazon.com/images/I/31evEUDu8SL._SX450_.jpg","B0D2ZPKZ3G","Anysun Black Camera Cover Protective Cover for 22mm & 23mm Sewer Camera Pipe Inspection Camera, 2pcs","anysun","FBA","Industrial & Scientific",100772,774049595765,"N/A",0774049595765,"N/A","Borescopes",244,21.99,-37,17,17,32,393.58,393.28,1,5,"Yongchangsheng tech","Hong Kong",1,69,"N/A","Small Standard-Size",0.59,0.59,0.39,0.4,0.07,0.19,"01/31/2026",22,2,0,17.28
"https://amazon.com/dp/B0DG92JLVS","https://m.media-amazon.com/images/I/71LCg8UNbZL._SX450_.jpg","B0DG92JLVS","Anysun Sewer Camera with Locator Set, Self-Leveling, 7mm Cable with Depth Marking, IP68 Waterproof Plumbing Endoscope Drain Snake Camera with 9'' Color Screen, 12pcs Light, Recorder with 32GB(150FT)","anysun","FBA","Industrial & Scientific",101454,717331218843,"N/A",0717331218843,"N/A","Borescopes",255,1059.99,-39,18,5,,19114.05,5485.42,8,4.8,"ToBestGift","China",1,0,"N/A","Large bulky",13.6,19.7,21.1,23.7,1832.03,4580.07,"01/31/2026",18,8,10,2.23
"https://amazon.com/dp/B0FFXZGVQJ","https://m.media-amazon.com/images/I/71LCg8UNbZL._SX450_.jpg","B0FFXZGVQJ","Anysun Sewer Camera 100ft with Locator Set, Self-Leveling, 7mm Cable with Depth Marking, IP68 Waterproof Plumbing Endoscope Drain Snake Camera with 9'' Color Screen, 12pcs Light, Recorder with 32GB","anysun","FBA","Industrial & Scientific",101454,717661515308,"N/A",0717661515308,"N/A","Borescopes",255,969.99,-23,18,6,,19114.05,5958.04,9,3.9,"ToBestGift","China",1,0,"N/A","Large bulky",18,14,20,22,1633.33,4083.33,"01/31/2026",18,8,10,2.23
"https://amazon.com/dp/B0FZSZV9DJ","https://m.media-amazon.com/images/I/71n5hQuGOVL._SX450_.jpg","B0FZSZV9DJ","ZORLET Dual Lens Two-Way Articulating Borescope Camera with Light, 5"" Inspection Camera Endoscope, 0.25in Slim Probe, Waterproof 5.0FT Snake Camera for Automotive, Mechanics & Engine Inspection","Zorlet","FBA","Industrial & Scientific",101615,"N/A","N/A","N/A","N/A","Borescopes",256,129.99,-7,3,3,,352.06,351.99,24,4.7,"Shenzhen ShenshijieTechnology Co., Ltd","China",1,0,"N/A","Large Standard-Size",4.53,8.78,15.79,2.95,316.19,872.25,"12/31/2025",4,9,0,0.11
"https://amazon.com/dp/B0BMV9JB4J","https://m.media-amazon.com/images/I/61uiakNV5wL._SX450_.jpg","B0BMV9JB4J","3 in 1 Endoscope Inspection Camera Borescope HD Camera Waterproof Snake Pipe Drain with 6 Adjustable Led Light Snake Cable USB Adapter for Android Phone Tablet Device(Size:1.5 M)","Pilarmuture","FBA","Industrial & Scientific",102094,"N/A","N/A","N/A","N/A","Borescopes",246,7.49,-11,11,11,125,91.95,91.73,30,3.2,"quality productn","China",1,61,49,"Small Standard-Size",0.71,5.51,7.36,0.09,14.48,39.94,"04/30/2024",39,9,0,0.36
"https://amazon.com/dp/B0F1Y5TN2Q","https://m.media-amazon.com/images/I/71mn7lAcF0L._SX450_.jpg","B0F1Y5TN2Q","Anysun 9"" Replacement Screen for Sewer Camera Mode 9DX23, High-Resolution LCD Screen, Compatible with Anysun HBUDS Pipe Inspection Cameras System-CR110-9DX23","anysun","FBM","Industrial & Scientific",102144,717382442068,"N/A",0717382442068,"N/A","Borescopes",258,129.99,-10,19,9,121,2430.16,1219.87,"N/A","N/A","HZDZ_Shop","Hong Kong",1,0,"N/A","N/A","N/A","N/A","N/A","N/A","N/A","N/A","11/30/2025",11,2,2,"N/A"
"https://amazon.com/dp/B0FY4YCYG7","https://m.media-amazon.com/images/I/71IYOR5S8vL._SX450_.jpg","B0FY4YCYG7","Anysun 9"" Replacement Screen for Sewer Camera Mode 9DX7 & 9DX1, High-Resolution LCD Screen, Compatible with Anysun HBUDS Pipe Inspection Cameras System-CR110-9DX7 / 9DX1","anysun","FBA","Industrial & Scientific",102146,717839120334,"N/A",0717839120334,"N/A","Borescopes",258,129.99,-14,19,9,121,2430.16,1210.03,"N/A","N/A","HZDZ_Shop","Hong Kong",1,0,"N/A","Large Standard-Size",8,5,2,10,40.28,111.11,"11/30/2025",4,2,2,"N/A"
"https://amazon.com/dp/B0DXP6S228","https://m.media-amazon.com/images/I/71jH9Pxg9TL._SX450_.jpg","B0DXP6S228","Dual-Lens Endoscope Camera with Light, Borescope with 5"" IPS Screen, Photo & Record Video Inspection Cameras with 32G SD Card, IP67 Waterproof Snake Camera, Tools Cool Gadgets for Men (16.5FT)","WINWEND","FBA","Industrial & Scientific",103211,"N/A","N/A","N/A","N/A","Borescopes",259,45.96,-10,20,20,-88,949.06,948.76,49,4.4,"POWEHIGH","China",1,0,"N/A","Large Standard-Size",2.99,5.91,11.03,1.13,98.13,270.71,"04/30/2025",12,9,0,0.41
"https://amazon.com/dp/B0D2Z14P81","https://m.media-amazon.com/images/I/71mdLVIBjIL._SX450_.jpg","B0D2Z14P81","JINMEI Hard EVA Carrying Case Compatible with MugEasy/Daxiongmao/DEPSTECH Borescope Inspection Camera,Lens Industrial Endoscope storage case (5M-10M line can also be accommodated)","JINMEI","FBA","Industrial & Scientific",103382,"N/A","N/A","N/A","N/A","Borescopes",259,19.99,-21,24,24,-2,472.21,471.86,31,4.4,"JINMEI STORE","China",1,262,"N/A","Large Standard-Size",3.5,7.83,8.31,0.44,114.66,316.3,"11/30/2024",22,8,0,0.76
"https://amazon.com/dp/B0FKB5FTTH","https://m.media-amazon.com/images/I/71ay9ZiiBSL._SX450_.jpg","B0FKB5FTTH","Anysun Self-Leveling Sewer Camera with 9'' Screen, 100ft 7mm Cable, Sewer Drain Video Inspection Camera with DVR Recorder and 32GB SD Card, Plumbing Snake Cam for Pipe Inspection","anysun","FBA","Industrial & Scientific",103496,769016773895,"N/A",0769016773895,"N/A","Borescopes",255,449.99,-28,35,9,24,17384.16,4199.45,5,4.8,"HZDZ_Shop","Hong Kong",1,0,"N/A","Large bulky",12.68,18.78,21.89,16.93,1689.29,4223.23,"10/31/2025",6,7,9,6.97
"https://amazon.com/dp/B0CP6P5C3M","https://m.media-amazon.com/images/I/71bjXFpn8TL._SX450_.jpg","B0CP6P5C3M","Ralcam 360° Articulating Borescope Camera with Light, 4-Way Joystick Endoscope Inspection Camera, 5 inch 6.0mm Waterproof Snake Scope for Mechanics Automotive Wall Pipe Engine 3.3FT","Ralcam","FBA","Industrial & Scientific",105472,717977777438,"N/A",0717977777438,"N/A","Borescopes",265,399.99,-10,26,2,,10433.31,673.63,40,4.4,"Ralcam","China",1,0,"N/A","Large Standard-Size",3.94,1.97,5.91,3.64,23.04,63.57,"01/31/2026",60,9,3,0.65
"https://amazon.com/dp/B0G48WTXYF","https://m.media-amazon.com/images/I/71a1WQf+vbL._SX450_.jpg","B0G48WTXYF","Ralcam Dual Lens 360° Articulating Borescope 5 Inch, 4-Way 180° Endoscope Camera with Light, 6.5mm Slim Probe, 5FT Semi-Rigid Snake Camera for Automotive HVAC Pipe Inspection","Ralcam","FBA","Industrial & Scientific",105561,"N/A","N/A","N/A","N/A","Borescopes",264,399.99,"N/A",26,13,,10433.31,5587.53,40,4.4,"Ralcam","China",1,0,"N/A","Large Standard-Size",3.66,12.44,14.09,3.44,322.99,891,"01/31/2026",3,7,3,0.65
"https://amazon.com/dp/B0F8BN91TL","https://m.media-amazon.com/images/I/712Fz1BbU7L._SX450_.jpg","B0F8BN91TL","4-Way 360° Articulating Borescope, Ralcam Joystick 5"" Endoscope Camera with Light, 6.2mm/0.24in Slim Snake Inspection Camera with 5.0ft Semi-Rigid Cable for Engine, Pipe, HVAC Inspection","Ralcam","FBA","Industrial & Scientific",105574,"N/A","N/A","N/A","N/A","Borescopes",264,329.99,-18,26,11,,10433.31,4171.66,40,4.4,"Ralcam","China",1,0,"N/A","Large Standard-Size",3.66,12.28,14.06,3.37,318.16,877.67,"01/31/2026",10,8,3,0.65
"https://amazon.com/dp/B0FS68V4ZV","https://m.media-amazon.com/images/I/71qpTwd8vmL._SX450_.jpg","B0FS68V4ZV","DEPSTECH DS700SE Triple Lens Endoscope Camera with Lights: 7'' IPS Screen and 16.5FT Flexible Cable Inspection Snake Camera, Industrial Borescope with Video and Sound Recording for Auto, Sewer, Pipe","DEPSTECH","FBA","Industrial & Scientific",105762,"N/A","N/A","N/A","N/A","Borescopes",266,89.99,-50,48,48,-9,4429.82,4429.22,16,4.7,"DEPSTECH Authorized Store","China",1,0,"N/A","Large Standard-Size",2.91,8.62,17.56,3.68,221.77,611.78,"11/30/2025",4,8,0,2.99
"https://amazon.com/dp/B0CZ74N3K3","https://m.media-amazon.com/images/I/61q4qsX9meL._SX450_.jpg","B0CZ74N3K3","WP9600FTR 512HZ Sewer Camera Head Replacement Parts Self Leveling with Locator 12 Lights Guide Wheel Protective Cover,Accessory for 23MM JQKJCAM Pipe Drain Sewer Inspection Camera SP09F WP90F WP9612","JQKJCAM","FBA","Industrial & Scientific",106411,"N/A","N/A","N/A","N/A","Borescopes",266,319,-12,33,33,193,10626.5,10626.36,3,3,"JJKJ Cam","China",1,0,"N/A","Large Standard-Size",0.9,6.69,0.9,0.88,2.73,7.53,"01/31/2026",23,9,0,11.1
"https://amazon.com/dp/B0FR8Z7CBR","https://m.media-amazon.com/images/I/71FsP4mzQeL._SX450_.jpg","B0FR8Z7CBR","Sewer Camera 100FT, Sewer Pipe Inspection Camera,can Zoom in and Out, 5"" 1080P Screen & DVR, 5000mAh Battery, IP68 Waterproof, 6 LED Lights, 32GB Card","Seenezader","FBA","Industrial & Scientific",106483,"N/A","N/A","N/A","N/A","Borescopes",267,248,16,69,69,77,17153.89,17153.77,10,4.3,"JYGX-Direct","N/A",1,0,"N/A","Large Standard-Size",7.24,13.94,16.3,7.54,828.26,2284.84,"01/31/2026",5,6,0,6.87
"https://amazon.com/dp/B0DPF4RZNY","https://m.media-amazon.com/images/I/61C9SPoHxIL._SX450_.jpg","B0DPF4RZNY","Endoscope Camera with Light, Borescope Camera with 4.3"" IPS Screen, 1080P HD with 8 LED Lights, 16.4FT Semi-Rigid Cord Bore Scope,IP67 Waterproof Sewer Borescope,Gadgets for Men & Tools for Men","COOVIE","FBA","Industrial & Scientific",106858,"N/A","N/A","N/A","N/A","Borescopes",267,24.99,-28,58,58,-85,1453.18,1452.49,51,4.4,"Alice Windowshop","China",1,515,"N/A","Large Standard-Size",2.95,5.2,7.09,1.12,54.76,151.06,"11/30/2025",15,7,0,1.14
"https://amazon.com/dp/B0FF1WH9GJ","https://m.media-amazon.com/images/I/71XbmMZQPYL._SX450_.jpg","B0FF1WH9GJ","Zealtron Dual Lens Endoscope Camera with Light, 5.0'' IPS Screen Inspection Camera, 1080P HD Handheld Borescope with 8 LED Lights, 7.9mm IP67 Waterproof Lens with 16.5ft Semi-Rigid Cable","zealtron","FBA","Industrial & Scientific",106995,"N/A","N/A","N/A","N/A","Borescopes",268,37.99,-21,38,38,4,1792.18,1792.08,90,4.6,"Zealtron","China",1,0,"N/A","Large Standard-Size",2.99,6.22,10.87,1.39,101.78,280.78,"01/31/2026",8,7,2,0.43
"https://amazon.com/dp/B0C2ZBB6V5","https://m.media-amazon.com/images/I/71SjUR4hqIL._SX450_.jpg","B0C2ZBB6V5","HBUDS Sewer Camera Self Leveling, 100ft Drain Pipe Cameras with Meter Counter, 12V 4500mAh Battery Plumbing Snake Camera with Light, 7"" Color HD Duct Chimney Sewer Inspection Cam, DVR Recorder 16GB","HBUDS","FBA","Industrial & Scientific",107364,774196180999,"N/A",0774196180999,"N/A","Borescopes",257,399.99,-27,21,6,-43,10570.04,2320.24,92,4,"ZI QUN","China",1,1151,-40,"Large bulky",8.2,14.4,16.5,13.8,631.4,1578.5,"02/28/2025",43,7,6,0.23
"https://amazon.com/dp/B07SR2LHBT","https://m.media-amazon.com/images/I/71DAtpJx1lL._SX450_.jpg","B07SR2LHBT","HBUDS Pipe Camera, 50M/165ft Cable, 7 Inch LCD, Black, Wired, IP68 Waterproof","HBUDS","FBM","Industrial & Scientific",107375,699930210209,"N/A",0699930210209,"N/A","Borescopes",257,499.99,-62,21,3,-43,10570.04,1512.83,66,4.2,"Hanxuan tech","China",1,1151,-40,"Large bulky",8.6,17.2,18.8,17.9,"N/A","N/A","02/28/2025",81,7,6,0.33
"https://amazon.com/dp/B0C2ZBWZSK","https://m.media-amazon.com/images/I/61Hphsvh9qL._SX450_.jpg","B0C2ZBWZSK","HBUDS Sewer Camera Self Leveling, 65ft Drain Pipe Inspection Camera with 7"" Color HD Display, 12V 4500mAh Battery, DVR 16GB","HBUDS","FBA","Industrial & Scientific",107379,774196179764,"N/A",0774196179764,"N/A","Borescopes",257,379.99,-18,21,6,-43,10570.04,2371.63,223,4.1,"Hanxuan tech","China",1,1151,-40,"Large bulky",8.3,14,16.1,13.1,606.28,1515.71,"02/28/2025",43,7,6,0.1
"https://amazon.com/dp/B0CGMZ6V4N","https://m.media-amazon.com/images/I/71QWzbQekLL._SX450_.jpg","B0CGMZ6V4N","HBUDS Self Leveling Sewer Inspection Camera with Locator 165ft, 9"" Color Monitor Drain Pipe Cameras with 512Hz Sonde and Receiver, 12V 4500mAh Rechargeable Battery Plumbing Camera Snake with DVR 16GB","HBUDS","FBA","Industrial & Scientific",107379,717021376044,"N/A",0717021376044,"N/A","Borescopes",257,979.99,-22,21,1,-43,10570.04,1140.92,12,3.6,"ZI QUN","China",1,1151,-40,"Large bulky",8.5,17.8,24.17,23.85,1185.11,2962.78,"02/28/2025",30,7,6,1.79
"https://amazon.com/dp/B0CMTV1YRC","https://m.media-amazon.com/images/I/71L6C25SHwL._SX450_.jpg","B0CMTV1YRC","Sewer Camera 165ft/50m,0.9in/22mm Pipe Inspection Camera with 12pcs LEDs Light, 4.3"" Screen 1000TVL Plumbing Snake Borescope with 4500mAh Battery DVR Recorder, Included 16GB Card","SYOWNFS","FBA","Industrial & Scientific",107803,"N/A","N/A","N/A","N/A","Borescopes",259,322.73,-9,62,8,40,16875.03,2701.77,89,4.1,"ENNIO","China",1,1261,-16,"Large bulky",8.25,11.13,15.75,9.4,468.68,1171.69,"02/28/2025",28,7,4,0.7
"https://amazon.com/dp/B0CMX4SD6M","https://m.media-amazon.com/images/I/71L6C25SHwL._SX450_.jpg","B0CMX4SD6M","Sewer Camera,0.9in/22mm Pipe Inspection Camera with 12pcs LEDs Light, 4.3"" Screen 1000TVL Plumbing Snake Borescopes with 4500mAh Battery DVR Recorder, Included 16GB Card (66FT/20M)","SYOWNFS","FBA","Industrial & Scientific",107813,"N/A","N/A","N/A","N/A","Borescopes",259,265.99,-19,62,18,40,16875.03,4739.32,90,4,"ENNIO","China",1,1261,-16,"Large bulky",8.58,11.02,15.98,7.6,489.65,1224.14,"02/28/2025",28,7,4,0.69
"https://amazon.com/dp/B0DKJ73NT4","https://m.media-amazon.com/images/I/71ya60GCvLL._SX450_.jpg","B0DKJ73NT4","FDGSAB Sewer Camera, 20/50m, 7"" Screen Pipeline Inspection Camera Waterproof IP68 w/12 Adjustable LEDs, DVR Function Have 32GB SD Card .for Sewer Line, Duct Drain Pipe Plumbing (98.4ft/30M)","FDGSAB","FBA","Industrial & Scientific",110024,"N/A","N/A","N/A","N/A","Borescopes",270,299.99,-26,30,7,-56,9057.82,2125.37,19,4.2,"sijifeng","China",1,420,"N/A","Large bulky",10.63,13,13.25,10.5,593.39,1483.46,"12/31/2025",16,7,6,1.58
"https://amazon.com/dp/B0DKJ6W4TC","https://m.media-amazon.com/images/I/71ya60GCvLL._SX450_.jpg","B0DKJ6W4TC","FDGSAB Sewer Camera, 20/50m, 7"" Screen Pipeline Inspection Camera Waterproof IP68 w/12 Adjustable LEDs, DVR Function Have 32GB SD Card .for Sewer Line, Duct Drain Pipe Plumbing (66ft/20M DVR)","FDGSAB","FBA","Industrial & Scientific",110036,"N/A","N/A","N/A","N/A","Borescopes",269,309.99,-24,30,5,-56,9057.82,1597.75,19,4.2,"sijifeng","China",1,420,"N/A","Large bulky",10.8,13.1,13.1,9.85,600.64,1501.59,"12/31/2025",16,7,6,1.58
"https://amazon.com/dp/B0DKJFCHS5","https://m.media-amazon.com/images/I/71ya60GCvLL._SX450_.jpg","B0DKJFCHS5","FDGSAB Sewer Camera, 20/50m, 7"" Screen Pipeline Inspection Camera Waterproof IP68 w/12 Adjustable LEDs, DVR Function Have 32GB SD Card .for Sewer Line, Duct Drain Pipe Plumbing (66ft/20M)","FDGSAB","FBA","Industrial & Scientific",110120,"N/A","N/A","N/A","N/A","Borescopes",269,269.99,-17,30,10,-56,9057.82,2763.15,19,4.2,"sijifeng","China",1,420,"N/A","Large bulky",10.75,13.13,13.13,9.85,600.6,1501.49,"12/31/2025",16,7,6,1.58
"https://amazon.com/dp/B0DKJ8HHDT","https://m.media-amazon.com/images/I/71ya60GCvLL._SX450_.jpg","B0DKJ8HHDT","FDGSAB Sewer Camera, 20/50m, 7"" Screen Pipeline Inspection Camera Waterproof IP68 w/12 Adjustable LEDs, DVR Function Have 32GB SD Card .for Sewer Line, Duct Drain Pipe Plumbing (164ft/50M)","FDGSAB","FBA","Industrial & Scientific",110120,"N/A","N/A","N/A","N/A","Borescopes",269,329.99,-21,30,3,-56,9057.82,1020.42,20,4.2,"sijifeng","China",1,420,"N/A","Large bulky",10.75,13.13,13.25,12,606.08,1515.21,"12/31/2025",16,7,6,1.5
"https://amazon.com/dp/B0FBW54TJD","https://m.media-amazon.com/images/I/71l+5V1UcBL._SX450_.jpg","B0FBW54TJD","Industrial Borescope Camera with Lighting, 4.3"" Borescope, 1080P HD Inspection Camera, 8 LED Lights, 16.4FT Semi-Rigid Cable, IP67 Waterproof Endoscope, Used for Pipes, Automobiles, Sewer","HOAYVKJ","FBA","Industrial & Scientific",110508,"N/A","N/A","N/A","N/A","Borescopes",271,32.39,-25,7,5,,276.64,161.52,15,4.8,"HOAYVKJ-US","China",1,0,"N/A","Large Standard-Size",1.93,5.51,7.87,1.17,42.14,116.24,"01/31/2026",9,6,2,0.44
"https://amazon.com/dp/B0DSZNLHLW","https://m.media-amazon.com/images/I/81PEy8k1IGL._SX450_.jpg","B0DSZNLHLW","JYTONE Endoscope Camera with Light, 5.5mm Waterproof Borescope with 4.3"" HD Screen, 16.5ft Semi-Rigid Cable for Automotive, Plumbing, Pipe Inspection","JYTONE","FBA","Industrial & Scientific",110871,"N/A","N/A","N/A","N/A","Borescopes",271,45.99,11,57,34,-71,2562.29,1548.82,103,4.4,"ZHIYUE TECH","China",1,0,"N/A","Large Standard-Size",3.11,6.02,10.83,1.28,102.08,281.61,"12/31/2025",14,7,3,0.55
"https://amazon.com/dp/B0DD716469","https://m.media-amazon.com/images/I/71myxpMtEEL._SX450_.jpg","B0DD716469","Sewer Camera with Locator, Anysun Self Leveling Sewer Inspection Camera 300ft with Meter Marker and DVR, 9'' HD Monitor with 12 Adjustable Lights(32GB Card)","anysun","FBA","Industrial & Scientific",112408,717331217594,"N/A",0717331217594,"N/A","Borescopes",272,1399.99,-16,38,2,54,35853.15,2781.29,157,4.2,"Nedive","Hong Kong",1,652,5,"Large bulky",15,19.2,21.1,29.35,1969.33,4923.33,"02/28/2025",31,7,8,0.24
"https://amazon.com/dp/B0DCGG7X5L","https://m.media-amazon.com/images/I/61yO6Sf1zgL._SX450_.jpg","B0DCGG7X5L","LAUNCH VSP-600 Endoscope 5.5mm Ultra-Thin, Lens HD Wide Application Videoscope Borescope high Definition Multi-Angle Imaging One-Click Snapshot IP67 Waterproof with 2000mm USB Cable","LAUNCH","FBA","Industrial & Scientific",112835,850052860202,"N/A",0850052860202,"N/A","Borescopes",273,59.99,-59,3,3,-112,175.46,175.39,20,4.7,"Launch Direct","China",2,228,"N/A","Large Standard-Size",11.42,5.12,1.97,0.67,57.99,159.98,"02/28/2025",19,7,0,0.15
"https://amazon.com/dp/B09TBMGC5B","https://m.media-amazon.com/images/I/717RgX+nvCL._SX450_.jpg","B09TBMGC5B","Triplett BR350 High Definition Forward and Side View Videoscope with Dual Waterproof 5mm Cameras and 5"" Color LCD Display","Triplett","Amazon","Industrial & Scientific",113198,614395004217,"N/A",0614395004217,"N/A","Borescopes",264,234.73,-21,11,0,-31,1813.67,"-",5,4.2,"Amazon","N/A",6,201,"N/A","Large Standard-Size",3.23,7.28,9.57,1.84,"N/A","N/A","09/30/2025",48,1,17,2.3
"https://amazon.com/dp/B0F54F5S7T","https://m.media-amazon.com/images/I/71zjsLnca-L._SX450_.jpg","B0F54F5S7T","1920P HD Endoscope Camera with Light, 4.3'' Color LCD Screen Borescope, IP67 Waterproof Inspection Camera with 8 Adjustable LED Lights,16.5ft Semi-Rigid Cable (Black)","Ferdiiz","FBA","Industrial & Scientific",113262,"N/A","N/A",6976790936628,"N/A","Borescopes",275,37.89,-15,47,5,,1659.8,199.55,96,4.7,"Ferdiiz Endoscope-JN","China",1,0,"N/A","Large Standard-Size",2.8,5.55,10.91,1.23,85.2,235.03,"12/31/2025",6,9,2,0.49
"https://amazon.com/dp/B0GGQM678V","https://m.media-amazon.com/images/I/718eujd3CAL._SX450_.jpg","B0GGQM678V","Dual-Lens Endoscope with Light, Endoscope Camera with Light with 4.3"" IPS Screen,1920P HD with 8 LED Lights,16.4ft Semi-Rigid Cable and Back LED Light,IP67 Waterproof Endoscope Cool Gadgets for Men","Ferdiiz","FBA","Industrial & Scientific",113384,766717620503,"N/A",0766717620503,"N/A","Borescopes",274,34.99,"N/A",47,42,,1659.8,1459.94,84,4.7,"Ferdiiz  PY-NA","China",1,0,"N/A","Large Standard-Size",2.05,5.24,7.36,1.04,39.81,109.81,"12/31/2025",2,8,2,0.51
"https://amazon.com/dp/B0D2WGHKZQ","https://m.media-amazon.com/images/I/41qv+FCzHHL._SX450_.jpg","B0D2WGHKZQ","HD Endoscope Camera with Light,Type C and Lighting Borescope for Android and iPhone iOS,16.4 Ft,1920P","hyxghBU","FBA","Industrial & Scientific",113401,797430904632,"N/A",0797430904632,"N/A","Borescopes",276,37.69,19,8,8,61,350.55,350.42,19,4.1,"hyxghBU Store","China",1,128,"N/A","Large Standard-Size",1.14,6.5,6.54,0.46,24.4,67.31,"08/31/2024",22,9,0,0.41
"https://amazon.com/dp/B0BTDDX3LD","https://m.media-amazon.com/images/I/71PDwWogfXL._SX450_.jpg","B0BTDDX3LD","Anysun Self-Leveling Sewer Camera with Locator, Drain Camera with 9'' IPS Monitor and 165ft Cable, IP68 Waterproof Pipe Inspection Camera with DVR Recording Funcation and 16GB Memory Card","anysun","FBA","Industrial & Scientific",113822,"N/A","N/A","N/A","N/A","Borescopes",268,899.99,-23,8,2,,7711.86,2304.51,20,4.3,"HZDZ_Shop","Hong Kong",1,0,"N/A","Large bulky",11.75,15.25,17.25,16.4,1001.71,2504.27,"01/31/2026",37,7,2,0.42
"https://amazon.com/dp/B07RRNCV3G","https://m.media-amazon.com/images/I/61mpDGKmelL._SX450_.jpg","B07RRNCV3G","HBUDS Self Leveling Sewer Inspection Camera with Locator 100ft, 9"" Color Monitor Drain Pipe Cameras with 512Hz Sonde and Receiver, 12V 4500mAh Rechargeable Battery Plumbing Camera Snake with DVR 16GB","HBUDS","FBA","Industrial & Scientific",114515,699938561143,"N/A",0699938561143,"N/A","Borescopes",268,899.99,-15,21,2,-43,10570.04,1543.77,39,4.1,"Hanxuan tech","China",1,1151,-40,"Large bulky",8.75,16.5,21.5,20.5,1005.95,2514.87,"02/28/2025",84,8,6,0.55
"https://amazon.com/dp/B0D2HVFB6Y","https://m.media-amazon.com/images/I/713-ouSdr0L._SX450_.jpg","B0D2HVFB6Y","Sewer Camera 100FT Self Leveling (Upright Images),W/ 12LED 7''HD 16GB DVR Monitor Meter Counter,23MM/0.9'' JQKJCAM Pipe Drain Camera Snake 100 FT with Light Waterproof for Plumbing Inspection (30M)","JQKJCAM","FBA","Industrial & Scientific",115550,"N/A","N/A","N/A","N/A","Borescopes",278,379.04,-11,6,2,10,2528.55,735.58,4,2.6,"JJKJ Cam","China",1,163,"N/A","Large bulky",7,14.75,16,11.6,535.37,1338.43,"12/31/2024",22,9,25,1.44
"https://amazon.com/dp/B0D2HW4WDH","https://m.media-amazon.com/images/I/71ZlFPOjnML._SX450_.jpg","B0D2HW4WDH","Sewer Camera with Locator Self Leveling 150FT,HD 23MM/0.9'' JQKJCAM Plumbing Drain Sewer Scope Camera Snake with 12 Light 9''HD 16GB Screen Meter Counter for Pipe Line Inspection (165FT/50M)","JQKJCAM","FBA","Industrial & Scientific",115554,"N/A","N/A","N/A","N/A","Borescopes",277,658.35,-33,6,1,10,2528.55,567.66,4,2.6,"JJKJ Cam","China",1,163,"N/A","Large bulky",7,16,22,18,798.52,1996.3,"12/31/2024",22,9,25,1.44
"https://amazon.com/dp/B0CVZS9V8V","https://m.media-amazon.com/images/I/61QXinI7dVL._SX450_.jpg","B0CVZS9V8V","23MM Sewer Camera Roller Guide Wheels,90mm/3.5'' Skid Protective Cover with Pulleys for 0.9'' Pipe Drain Duct Inspection Camera,JQKJCAM Plumbing Borescope Camera Accessories/Parts","JQKJCAM","FBA","Industrial & Scientific",115689,"N/A","N/A","N/A","N/A","Borescopes",269,23.5,-9,36,36,135,820.23,820.09,12,4.5,"JJKJ Cam","China",1,0,"N/A","Large Standard-Size",1.5,4,5.9,0.3,17.82,49.17,"09/30/2025",24,7,0,3.27
"https://amazon.com/dp/B0DKJ61PW6","https://m.media-amazon.com/images/I/71ya60GCvLL._SX450_.jpg","B0DKJ61PW6","FDGSAB Sewer Camera, 20/50m, 7"" Screen Pipeline Inspection Camera Waterproof IP68 w/12 Adjustable LEDs, DVR Function Have 32GB SD Card .for Sewer Line, Duct Drain Pipe Plumbing (164ft/50M DVR)","FDGSAB","FBA","Industrial & Scientific",115784,"N/A","N/A","N/A","N/A","Borescopes",276,369.99,-15,30,2,-56,9057.82,701.46,19,4.2,"sijifeng","China",1,420,"N/A","Large bulky",10.8,13.3,13.3,12.1,619.12,1547.79,"12/31/2025",16,7,6,1.58
"https://amazon.com/dp/B0DKJ3N5C7","https://m.media-amazon.com/images/I/71ya60GCvLL._SX450_.jpg","B0DKJ3N5C7","FDGSAB Sewer Camera, 20/50m, 7"" Screen Pipeline Inspection Camera Waterproof IP68 w/12 Adjustable LEDs, DVR Function Have 32GB SD Card .for Sewer Line, Duct Drain Pipe Plumbing (98.4ft/30M DVR)","FDGSAB","FBA","Industrial & Scientific",115800,"N/A","N/A","N/A","N/A","Borescopes",276,339.99,-13,30,2,-56,9057.82,848.56,19,4.2,"sijifeng","China",1,420,"N/A","Large bulky",13.2,13.2,13.4,10.6,756.65,1891.63,"12/31/2025",16,7,6,1.58
"https://amazon.com/dp/B0D5S76D9T","https://m.media-amazon.com/images/I/41Y9bZW3xCL._SX450_.jpg","B0D5S76D9T","Klein Tools 69462 Replacement 5.5 mm 9.8-Foot Waterproof Snake, LEDs, Inspection Camera Cable for Klein Utility Borescope Cat. No. ET17","KLEIN TOOLS","Amazon","Industrial & Scientific",115840,092644694622,00092644694622,0092644694622,"N/A","Borescopes",265,48.52,-11,27,15,130,1706.45,749.66,7,3.8,"Amazon","N/A",1,0,"N/A","Large Standard-Size",1.3,7.36,10.94,0.26,"N/A","N/A","01/31/2026",21,7,3,3.84
"https://amazon.com/dp/B0F62RBVSF","https://m.media-amazon.com/images/I/81S2rYQyWCL._SX450_.jpg","B0F62RBVSF","360°Articulating Borescope Camera - JESERAL 5"" HD 1080P Inspection Camera Screen with 6 Light, Endoscope with 6.2mm IP67 Waterproof Probe, 3X Zoom 4-Way Borescope Engine with 1M Flexible Cable","Jeseral","FBA","Industrial & Scientific",116460,"N/A","N/A","N/A","N/A","Borescopes",277,308.99,-39,4,2,-111,1092.09,523.61,38,4.1,"JESERAL","China",1,0,"N/A","Large Standard-Size",3.66,11.26,13.04,2.48,270.57,746.39,"06/30/2025",10,9,3,0.09
"https://amazon.com/dp/B0B47D3T1D","https://m.media-amazon.com/images/I/71NdPs9N3lL._SX450_.jpg","B0B47D3T1D","Triplett BR260 High Definition Videoscope with Waterproof 5.5mm Camera, 3"" Color LCD Display, and 2M Cable","Triplett","Amazon","Industrial & Scientific",116494,614395004378,"N/A",0614395004378,"N/A","Borescopes",274,87.77,-29,11,1,-31,1813.67,90.65,5,4.2,"Amazon","N/A",8,201,"N/A","Large Standard-Size",3.82,5.79,11.73,1.51,"N/A","N/A","09/30/2025",45,3,17,2.3
"https://amazon.com/dp/B09TBLMGMB","https://m.media-amazon.com/images/I/7175iQg1cKL._SX450_.jpg","B09TBLMGMB","Triplett BR300CAM-5M Replacement Camera for BR300 Videoscope with 5M Cable","Triplett","Amazon","Industrial & Scientific",116497,614395004194,"N/A",0614395004194,"N/A","Borescopes",274,85.71,-25,11,1,-31,1813.67,92.6,5,4.2,"Amazon","N/A",2,201,"N/A","Large Standard-Size",2.48,5.35,7.99,0.52,"N/A","N/A","09/30/2025",48,1,17,2.3
"https://amazon.com/dp/B0G15X3PZ2","https://m.media-amazon.com/images/I/71KAVhAUvpL._SX450_.jpg","B0G15X3PZ2","Kcapyn Sewer Camera 100FT/30M Pipe Inspection Borescope Endoscope Camera with Light 6 LEDs 5"" IPS Screen 17MM Plumbing Snake 5000 Mah Battery,1080P High-Definition Industrial Sewer Camera","KCapyn","FBA","Industrial & Scientific",116888,"N/A","N/A","N/A","N/A","Borescopes",280,258.99,-133,3,3,,704.4,704.36,4,5,"XIPUKA SECURITY STORE","N/A",1,0,"N/A","Large Standard-Size",15.98,12.01,7.87,9.26,760.9,2099.05,"02/28/2026",2,9,2,0.68
"https://amazon.com/dp/B08DV62166","https://m.media-amazon.com/images/I/61mv61zhBuL._SX450_.jpg","B08DV62166","Ulefone uSmart Endoscope E01 for Ulefone Armor 30/29/28/27/26/24/21/18/Pad Series, IP67 Waterproof 3-in-1, 2M Semi-Rigid, 5.5 mm Borescope Inspection Camera, 6 LED Lights","Ulefone","FBA","Industrial & Scientific",117345,"N/A","N/A",6978200491086,"N/A","Borescopes",276,69.99,-14,20,15,61,1438.97,1018.79,161,4.2,"U Phone Products Shop","China",2,312,2,"Large Standard-Size",1.57,5,8.46,0.29,33.44,92.24,"06/30/2024",67,7,2,0.12
"https://amazon.com/dp/B0DYP4MVQ5","https://m.media-amazon.com/images/I/71XOMUtKeWL._SX450_.jpg","B0DYP4MVQ5","EIXAUP Sewer Camera Self Leveling with 512Hz Sonde Transmitter,100 ft/30 m, 7"" IPS 1080P Monitor, Distance Counter, 12 Adjustable Lights, IP68 Pipe Inspection Camera with DVR and 32GB Card","EIXAUP","FBA","Industrial & Scientific",117971,"N/A","N/A","N/A","N/A","Borescopes",281,517.99,-12,47,13,314,22481.75,6527.33,1,5,"SYST","China",1,0,"N/A","Large bulky",11.15,13.51,15.25,12.92,744.47,1861.16,"09/30/2025",12,7,7,46.68
"https://amazon.com/dp/B0DM8TJGN1","https://m.media-amazon.com/images/I/71XOMUtKeWL._SX450_.jpg","B0DM8TJGN1","EIXAUP Sewer Camera Self Leveling, Sewer Inspection Camera 100 ft/30 m with Distance Counter, 7'' IPS 1080P Monitor and DVR Recorder, IP68 Waterproof, 12 Adjustable LED Lights(16GB Card)","EIXAUP","FBA","Industrial & Scientific",117973,"N/A","N/A","N/A","N/A","Borescopes",281,369.99,-9,47,22,314,22481.75,7815.83,8,4.6,"SYST","China",1,0,"N/A","Large bulky",11,13.3,15.5,12.8,734.89,1837.22,"09/30/2025",16,7,7,5.84
"https://amazon.com/dp/B0DYP3S7NW","https://m.media-amazon.com/images/I/71SdpvpE6mL._SX450_.jpg","B0DYP3S7NW","EIXAUP Sewer Camera Self Leveling with 512Hz Locator,100 ft/30 m, 7"" IPS 1080P Monitor, Distance Counter, 12 Adjustable Lights, IP68 Pipe Inspection Camera with DVR and 32GB Card","EIXAUP","FBA","Industrial & Scientific",117977,"N/A","N/A","N/A","N/A","Borescopes",280,729.99,-23,47,4,314,22481.75,3106.6,10,4.7,"SYST","China",1,0,"N/A","Large bulky",11.75,15,16.25,16.6,928.17,2320.42,"09/30/2025",12,7,7,4.67
"https://amazon.com/dp/B0DSBP3BV4","https://m.media-amazon.com/images/I/81S2rYQyWCL._SX450_.jpg","B0DSBP3BV4","360°Articulating Borescope Camera - JESERAL 5"" HD 1080P Inspection Camera Screen with 6 Light, Endoscope with 6.2mm IP67 Waterproof Probe, 3X Zoom 4-Way Borescope with Flexible Cable","Jeseral","FBA","Industrial & Scientific",118334,"N/A","N/A","N/A","N/A","Borescopes",273,308.99,"N/A",4,1,-111,1092.09,392.73,38,4.1,"JESERAL","China",0,0,"N/A","Large Standard-Size",3.7,11.3,13.19,2.62,277.65,765.94,"06/30/2025",14,9,3,0.09
"https://amazon.com/dp/B0DWMRM5G9","https://m.media-amazon.com/images/I/71NccOnAqQL._SX450_.jpg","B0DWMRM5G9","Sanyipace Drain Camera 100FT/30M, Self-Leveling Sewer Camera with 512Hz Transmitter, 7MM Thick Cable, Pipe Camera with Distance Counter, Wireless Keyboard, IP68 Waterproof Plumbing Camera with Lights","Sanyipace","FBA","Industrial & Scientific",118513,"N/A","N/A","N/A","N/A","Borescopes",279,1099.88,-40,9,4,,11543.57,4100.8,13,3.6,"Yans Minie","China",1,0,"N/A","Large bulky",16,18.5,20,29.2,1918.52,4796.3,"02/28/2026",13,7,4,0.69
"https://amazon.com/dp/B0FRSSTC51","https://m.media-amazon.com/images/I/71BY6BHjMmL._SX450_.jpg","B0FRSSTC51","Oiiwak Sewer Camera 100ft, Drain Pipe Inspection Camera with 7"" IPS HD Screen, DVR & Audio Recorder Industrial Borescope Camera for Plumbing Drain Pipe Inspection, IP68 Waterproof, 32GB Card, 12 LEDs","Oiiwak","FBA","Industrial & Scientific",119473,"N/A","N/A","N/A","N/A","Borescopes",283,439.99,"N/A",6,6,,2511.48,2511.35,78,4.3,"Oiiwak Tech","China",1,8,"N/A","Large Standard-Size",16.73,12.99,7.68,11.07,840.31,2318.11,"11/30/2024",1,9,7,0.07
"https://amazon.com/dp/B0F9SST8K9","https://m.media-amazon.com/images/I/71gZdZxT1KL._SX450_.jpg","B0F9SST8K9","𝟐𝟎𝟐𝟔 𝐧𝐞𝐰 7” Sewer Camera, HD 1080P w/DVR-32GB, IPS Screen,[Quick-Unlock Y Clamp] Plumbing Snake Pipe Inspection Camera, [Thicker Cable Reel] Drain Camera, 5000mAh, [360°+180° Rotate] 100ft/30m","FishPro","FBA","Industrial & Scientific",121330,"N/A","N/A","N/A","N/A","Borescopes",372,329.99,-23,25,10,,8188.41,3396.03,15,4.2,"FishPRO® Direct","Hong Kong",1,0,"N/A","Large bulky",7.09,17.32,15.16,9.26,603.02,1507.54,"02/28/2026",9,6,3,1.63
"https://amazon.com/dp/B0D7RL6YN5","https://m.media-amazon.com/images/I/61bvuTHwmHL._SX450_.jpg","B0D7RL6YN5","Inspection Endoscope, Industrial Borescope Camera with 4.3"" IPS Screen, 1920P HD Snake Camera with 8 LED Lights, 16.5FT Semi-Rigid Cord Bore Scope - Cool Gadgets Tool","COOVIE","FBA","Industrial & Scientific",121368,"N/A","N/A","N/A","N/A","Borescopes",288,38.99,-18,42,42,26,1230.33,1229.88,56,4.1,"Alice Windowshop","China",1,396,"N/A","Large Standard-Size",2.64,5.67,10.31,1.23,77.7,214.34,"01/31/2026",20,7,0,0.75
"https://amazon.com/dp/B0F9SSJNB5","https://m.media-amazon.com/images/I/71pXmgLsXpL._SX450_.jpg","B0F9SSJNB5","𝟐𝟎𝟐𝟓 𝐍𝐞𝐰 7” Trolley Sewer Camera, HD 1080P w/DVR-32GB,Telescoping Aluminum Handle & 2 Wheels for Sewer Pipe Camera，IPS Screen,5000mAh Battery, USB-C, [360° Rotate] Drain Cam,165ft/50m","FishPro","FBA","Industrial & Scientific",121434,"N/A","N/A","N/A","N/A","Borescopes",374,499,-35,25,5,,8188.41,2354.45,15,4.2,"FishPRO® Direct","Hong Kong",1,0,"N/A","Large bulky",9,19.5,21.75,18.4,1237.03,3092.58,"02/28/2026",11,7,3,1.63
"https://amazon.com/dp/B0CP86DPTW","https://m.media-amazon.com/images/I/71G1OkA08qL._SX450_.jpg","B0CP86DPTW","Endoscope Camera with Light for iPhone Android – 1920P Snake Borescope with 8 LED, IP67 Waterproof Inspection Tool for Drain Pipe Engine Plumbing (16.4FT Semi-Rigid Cable)","iiazimps","FBA","Industrial & Scientific",121449,796826352651,"N/A",0796826352651,"N/A","Borescopes",289,17.09,-37,31,31,-17,533.18,532.81,116,4.2,"IIAZIMPS","China",1,455,-64,"Large Standard-Size",1.5,4.84,4.88,0.37,17.81,49.12,"11/30/2024",27,6,0,0.27
"https://amazon.com/dp/B07PBF6DX5","https://m.media-amazon.com/images/I/71dixVdUUML._SX450_.jpg","B07PBF6DX5","T TAKMLY 5.5mm Endoscope Borescope Inspection Camera with Light for iPhone, OTG Android Phone, Snake Drain Scope Cameras Bore Scope Borescopes, IP67 Waterproof 16.4FT Semi-Rigid Cable","T TAKMLY","FBA","Industrial & Scientific",122557,713869882136,"N/A",0713869882136,"N/A","Borescopes",284,20.99,148,49,49,-45,1020.47,1019.86,10372,4,"T TAKMLY STORE","China",1,0,"N/A","Large Standard-Size",2.05,4.25,4.88,0.4,21.41,59.05,"10/31/2025",84,6,2,0
"https://amazon.com/dp/B0FM7J1T7G","https://m.media-amazon.com/images/I/61Yooy16+ZL._SX450_.jpg","B0FM7J1T7G","Sanyipace Drain Camera with Locator, Self-Leveling Sewer Camera 100FT/30M, 7MM Cable Pipe Camera with 512Hz Sonde, Distance Counter, Touch Control, Wireless Keyboard, for Plumbing Inspection","Sanyipace","FBA","Industrial & Scientific",123011,"N/A","N/A","N/A","N/A","Borescopes",284,1459.88,"N/A",6,9,414,9034.02,13748.08,15,3.6,"Yans Minie","China",1,0,"N/A","Extra-large 50+ to 70 lb",17,21,24.5,37.7,2834.51,7086.28,"12/31/2025",7,7,4,0.41
"https://amazon.com/dp/B0FLJZKLXX","https://m.media-amazon.com/images/I/61lI91SofmL._SX450_.jpg","B0FLJZKLXX","Sanyipace 7MM Cable Sewer Camera with Locator, 165FT/50M Drain Camera with 512Hz Transmitter, Self-Leveling Inspection Camera with Distance Counter, 10.1"" Touch Screen, Wireless Keyboard, 32GB Card","Sanyipace","FBA","Industrial & Scientific",123157,"N/A","N/A","N/A","N/A","Borescopes",285,1599.88,167,6,2,414,9034.02,3280.32,15,3.6,"Yans Minie","China",1,0,"N/A","Large bulky",24,18,14,40,1960,4900,"12/31/2025",7,7,4,0.41
"https://amazon.com/dp/B0FSQFN58Q","https://m.media-amazon.com/images/I/61x+0iwaOoL._SX450_.jpg","B0FSQFN58Q","Zealtron Two-Way Articulating Borescope with Light, 3.9mm Articulating Probe Industrial Endoscope Camera with 3.3ft/1m Self-Resetting Tube, 5"" IPS Screen Inspection Camera with Light for Engine/Pipe","zealtron","FBA","Industrial & Scientific",123380,"N/A","N/A","N/A","N/A","Borescopes",292,189.99,-17,36,36,568,6847.99,6847.87,22,4.3,"Zealtron","China",1,0,"N/A","Large Standard-Size",2.25,10.05,17.06,1.55,194.22,535.79,"01/31/2026",5,8,0,1.64
"https://amazon.com/dp/B0DCGT58W8","https://m.media-amazon.com/images/I/51P2GXMXyDL._SX450_.jpg","B0DCGT58W8","Klein Tools 69464 Replacement 5.5 mm 4.9-Foot Armored Waterproof Snake, LEDs, Inspection Camera for Klein Plumber's Borescope Cat. No. ET18","KLEIN TOOLS","FBM","Industrial & Scientific",123622,092644694646,"N/A",0092644694646,"N/A","Borescopes",285,69.88,-11,27,8,130,1706.45,597.87,7,3.8,"KART IT","USA",3,0,"N/A","Small Standard-Size",7,7,0.75,0.37,"N/A","N/A","01/31/2026",19,10,3,3.84
"https://amazon.com/dp/B0DLF296HZ","https://m.media-amazon.com/images/I/51NkeXGaE0L._SX450_.jpg","B0DLF296HZ","Klein Tools 69473 Borescope, 9 mm 10-Foot Armored Waterproof Gooseneck Snake, LED Lights, Endoscope Digital Inspection Camera for Android Phones","KLEIN TOOLS","FBM","Industrial & Scientific",123756,092644694738,"N/A",0092644694738,"N/A","Borescopes",286,91.81,-9,27,4,130,1706.45,358.38,7,3.8,"KART IT","USA",4,0,"N/A","Large Standard-Size",0.87,6.77,7.99,0.66,"N/A","N/A","01/31/2026",16,13,3,3.84
"https://amazon.com/dp/B0FQJP4QXD","https://m.media-amazon.com/images/I/71uxoAcIFkL._SX450_.jpg","B0FQJP4QXD","Anysun All in 1 Sewer Camera with Locator & Wheels & Pull Handle, 7MM Cable, Self Leveling, Distance Counter, 32GB Card, 9'' HD Monitor, Pipe Drain Inspection Camera IP68 Borescope (300FT/91.5M)","anysun","FBA","Industrial & Scientific",124080,717931041766,"N/A",0717931041766,"N/A","Borescopes",288,2009.99,-30,6,2,,11202.86,3371.84,1,5,"Yongchangsheng tech","China",1,0,"N/A","Extra-large 50+ to 70 lb",18.25,21.25,23.5,47.7,2953.48,7383.7,"12/31/2025",6,8,3,5.81
"https://amazon.com/dp/B0G19BQFW7","https://m.media-amazon.com/images/I/71uxoAcIFkL._SX450_.jpg","B0G19BQFW7","Anysun All in 1 Sewer Camera with Locator & Wheels & Pull Handle, 7MM Cable, Self Leveling, Distance Counter, 32GB Card, 9'' HD Monitor, Pipe Drain Inspection Camera IP68 Borescope (200FT/60M)","anysun","FBA","Industrial & Scientific",124087,717639146169,"N/A",0717639146169,"N/A","Borescopes",288,1999.99,"N/A",6,1,,11202.86,1726.18,1,5,"Yongchangsheng tech","China",1,0,"N/A","Large bulky",20,20,16,28,2074.07,5185.19,"12/31/2025",3,8,3,5.81
"https://amazon.com/dp/B0DHRQ9KM1","https://m.media-amazon.com/images/I/71TMrzDaETL._SX450_.jpg","B0DHRQ9KM1","Sewer Camera 100FT/30M, Wohuole Pipe Inspection Camera with 6pcs LEDs Light, 5"" 1080P HD Screen, Plumbing Snake Borescope with 5000mAh Battery DVR Recorder, Included 32GB Card","wohuole","FBA","Industrial & Scientific",124549,"N/A","N/A","N/A","N/A","Borescopes",287,205,-20,16,16,136,3265.77,3265.64,19,3.6,"QX Direct US","China",2,0,"N/A","Large Standard-Size",16.02,13.66,6.69,7.36,737.64,2034.88,"08/31/2025",9,6,2,0.84
"https://amazon.com/dp/B085L57J5W","https://m.media-amazon.com/images/I/71sBhHVrnBL._SX450_.jpg","B085L57J5W","Autel MaxiVideo MV480 Inspection Camera, 1080P HD Industrial Endoscope with Light, Dual Cameras, 10-Level Adjustable LED, 7X Zoom, Snake Borescope with Audio Annotation, 360°Rotation, Up of MV460","Autel","FBA","Industrial & Scientific",124803,706597653284,"N/A",0706597653284,"N/A","Borescopes",288,249,-6,23,23,92,5641.5,5641.37,43,4.5,"Autelonline","China",1,286,10,"Large Standard-Size",5.87,12.01,15.2,5.62,539.51,1488.31,"04/30/2025",72,9,0,0.53
"https://amazon.com/dp/B0G356HWH5","https://m.media-amazon.com/images/I/61uiakNV5wL._SX450_.jpg","B0G356HWH5","3 in 1 Inspection Camera with Light, HD Inspection Camera Borescope, IP67 Waterproof Borescope with 6 Adjustable LED Light Snake Cable USB Adapter for Android Phone PC(1.5 M)","Vornetil","FBA","Industrial & Scientific",125657,"N/A","N/A","N/A","N/A","Borescopes",294,7.64,-34,87,22,,701.42,188.01,"N/A","N/A","brocade yjq","N/A",1,0,"N/A","Small Standard-Size",7.87,6.3,0.63,0.15,15.73,43.39,"01/31/2026",3,4,6,"N/A"
"https://amazon.com/dp/B0G357B1VN","https://m.media-amazon.com/images/I/41kMwpc5huL._SX450_.jpg","B0G357B1VN","3 in 1 Inspection Camera with Light, HD Inspection Camera Borescope, IP67 Waterproof Borescope with 6 Adjustable LED Light Snake Cable USB Adapter for Android Phone PC(2 M)","Vornetil","-","Industrial & Scientific",125692,"N/A","N/A","N/A","N/A","Borescopes",294,8.89,"N/A",87,0,,701.42,"-","N/A","N/A",,"N/A",1,0,"N/A","Small Standard-Size",7.87,5.51,0.67,0.15,"N/A","N/A","01/31/2026",3,"N/A",6,"N/A"
"https://amazon.com/dp/B0F7F941JH","https://m.media-amazon.com/images/I/716RWcVhHaL._SX450_.jpg","B0F7F941JH","SPRIDRAIN Sewer Camera Head Replacement, 12 Lights Guide Wheel Protective Cover, Accessory Parts for 23MM/0.9In Plumbing Pipe Drain Camera","SPRIDRAIN","FBA","Industrial & Scientific",126049,"N/A","N/A","N/A","N/A","Borescopes",275,119.99,-8,46,46,,5541.51,5540.93,1,5,"SYANSPAN TECH","China",2,0,"N/A","Large Standard-Size",2.64,3.98,6.69,0.71,35.39,97.63,"01/31/2026",10,9,0,46.19
"https://amazon.com/dp/B0C2Z5XR8S","https://m.media-amazon.com/images/I/61Hphsvh9qL._SX450_.jpg","B0C2Z5XR8S","HBUDS Sewer Camera, Self-Leveling Drain Pipe Cameras with Meter Counter, 12V 4500mAh Battery Plumbing Snake Camera Light, 7'' Color HD Duct Chimney Inspection DVR Recorder 16GB 7D3A,165ft","HBUDS","FBA","Industrial & Scientific",126273,774196180968,"N/A",0774196180968,"N/A","Borescopes",294,499.99,-16,21,3,-43,10570.04,1679.67,14,4,"Hanxuan tech","China",1,1151,-40,"Large bulky",7.75,16.25,17,16.3,693.82,1734.56,"02/28/2025",43,7,6,1.53
"https://amazon.com/dp/B07KM4J3DL","https://m.media-amazon.com/images/I/61imEYJCDgL._SX450_.jpg","B07KM4J3DL","BlueFire Upgraded Super Long 1080P Semi-Rigid Wireless Endoscope, 2 MP HD WiFi Borescope Inspection Camera, Zoomable Focus 1800mA Battery Snake Camera for Android & iOS Smartphone Tablet (15M)","BlueFire","FBA","Industrial & Scientific",127859,"N/A","N/A","N/A","N/A","Borescopes",296,40.99,-10,10,10,109,439.17,439.01,203,3.8,"BlueFire Tech","China",1,103,-54,"Large Standard-Size",2.44,5.87,6.5,1.63,46.87,129.3,"04/30/2024",88,6,0,0.05
"https://amazon.com/dp/B0D9K3J5W8","https://m.media-amazon.com/images/I/51vKDFGTpYL._SX450_.jpg","B0D9K3J5W8","MEIBAOGE Endoscope Camera With Adjustable LED Light, Waterproof Inspection Borescope, 1 Meter Soft Cord","MEIBAOGE","FBA","Industrial & Scientific",127994,"N/A","N/A",7645120370430,"N/A","Borescopes",298,10.99,-8,24,13,35,290.16,143.56,17,3.5,"YisiyuanTc","China",1,349,"N/A","Large Standard-Size",1.26,5.12,5.16,0.13,16.76,46.23,"11/30/2025",20,8,4,1.43
"https://amazon.com/dp/B0FK275RZK","https://m.media-amazon.com/images/I/51VjeaoIFfL._SX450_.jpg","B0FK275RZK","Anysun 9'' Sewer Camera Self Leveling, Length Marker, 5100mAh, IPS Screen, HD 1080P with DVR - 32GB, IP68 Sewer Pipe Cam, Sewer Scope Pipe Drain Plumbing Inspection Cameras Borescope Snake (165Ft/50M)","anysun","FBA","Industrial & Scientific",128003,717974552199,"N/A",0717974552199,"N/A","Borescopes",292,399.99,"N/A",44,13,10,17348.99,5174.61,9,3.8,"Yongchangsheng tech","China",2,0,"N/A","Large bulky",12,12,12,8,560,1400,"12/31/2025",6,7,3,4.91
"https://amazon.com/dp/B0FK294Z6X","https://m.media-amazon.com/images/I/714dmq3IZTL._SX450_.jpg","B0FK294Z6X","Anysun 9'' Sewer Camera Self Leveling, Length Marker, 5100mAh, IPS Screen, HD 1080P with DVR - 32GB, IP68 Sewer Pipe Cam, Sewer Scope Pipe Drain Plumbing Inspection Cameras Borescope Snake (100Ft/30M)","anysun","FBA","Industrial & Scientific",128010,717405597249,"N/A",0717405597249,"N/A","Borescopes",292,399.99,-9,44,31,10,17348.99,12173.66,8,4,"Yongchangsheng tech","China",1,0,"N/A","Large bulky",13,13.3,14.1,14.55,790.06,1975.14,"12/31/2025",6,7,3,5.52
"https://amazon.com/dp/B0FPQTBND3","https://m.media-amazon.com/images/I/71dXwv5hl+L._SX450_.jpg","B0FPQTBND3","Sanyipace Sewer Camera 230FT/70M with Self-Leveling, Pipe Inspection Camera w/h 512Hz Probe, Real-Time Feet/Meter Counter, Bulit-In Microphone Speaker, Keyboard Input, 32GB TF Card, 0.27in Rigid Cable","Sanyipace","FBA","Industrial & Scientific",128603,"N/A","N/A","N/A","N/A","Borescopes",294,1799.99,"N/A",23,5,827,44720.66,9563.13,45,4,"Urselection","China",1,55,224,"Large bulky",11.75,22.25,26.5,33.6,2245.22,5613.04,"01/31/2026",6,6,11,0.52
"https://amazon.com/dp/B0CBMQLGRZ","https://m.media-amazon.com/images/I/71rLHUI9q0L._SX450_.jpg","B0CBMQLGRZ","Sewer Camera 66ft/20m 4.3"" Pipe Inspection Camera with 16G DVR IP68 Waterproof Borescope w/LED Lights,Industrial Drain Endoscope for Home Wall Duct Drain Pipe Plumbing","SYOWNFS","FBA","Industrial & Scientific",128714,"N/A","N/A","N/A","N/A","Borescopes",300,256.49,-26,4,2,7,1123.67,592.53,39,4,"ENNIO","China",1,171,-51,"Large bulky",11.61,12.28,14.25,11.51,658.4,1646,"04/30/2024",32,7,4,0.1
"https://amazon.com/dp/B0CBRW4N9Y","https://m.media-amazon.com/images/I/71su6wkPIAL._SX450_.jpg","B0CBRW4N9Y","Sewer Camera 165ft/50m 4.3"" Pipe Inspection Camera with 16G DVR IP68 Waterproof Borescope w/LED Lights,Industrial Drain Endoscope for Home Wall Duct Drain Pipe Plumbing (50M/165FT)","SYOWNFS","FBA","Industrial & Scientific",128721,"N/A","N/A","N/A","N/A","Borescopes",300,329.99,-21,4,1,7,1123.67,188.87,39,4,"ENNIO","China",1,171,-51,"Large bulky",11.5,12.5,14.2,13.45,661.52,1653.79,"04/30/2024",32,7,4,0.1
"https://amazon.com/dp/B0FLXTG78F","https://m.media-amazon.com/images/I/71DabcxohBL._SX450_.jpg","B0FLXTG78F","HBUDS Sewer Camera 100ft, Self Leveling Drain Camera with Meter Counter, 7mm Thick Cable, 9"" HD Screen 1080P Plumbing Cameras Snake with Light, 5100mAh Battery Duct Pipe Video Inspection Cam DVR 32GB","HBUDS","FBA","Industrial & Scientific",129038,769016776544,"N/A",0769016776544,"N/A","Borescopes",301,399.99,-25,16,3,-6,7227.37,1482.74,3,3.5,"Hanxuan tech","China",1,0,"N/A","Large bulky",21.5,18,12.5,17.6,1567.71,3919.27,"12/31/2025",7,7,10,5.45
"https://amazon.com/dp/B0DDGXHPYT","https://m.media-amazon.com/images/I/71zYIUFcrAL._SX450_.jpg","B0DDGXHPYT","[Dual-Lens] Borescope Camera with Light, 1920P HD Endoscope with 8+1 Adjustable LED Lights, IP67 Waterproof 16.5ft Semi-Rigid Snake Cable Inspection Camera for iPhone, iPad and Android Phone (Type C)","Camii","FBA","Industrial & Scientific",130714,"N/A","N/A","N/A","N/A","Borescopes",295,25.99,-20,46,33,18,1623.89,864.69,77,3.9,"Camii-Direct","China",1,601,"N/A","Large Standard-Size",1.02,6.46,6.5,0.46,21.56,59.49,"06/30/2025",18,9,3,0.6
"https://amazon.com/dp/B0DDH1FWHT","https://m.media-amazon.com/images/I/71Unn1G2LrL._SX450_.jpg","B0DDH1FWHT","Borescope,Camii Endoscope Camera with Light,1920P Snake Scope Inspection Cameras with 8 Adjustable LED Lights, Endoscope with 10ft Semi-Rigid Cable Snake Camera for iPhone, iPad,","Camii","FBA","Industrial & Scientific",130825,"N/A","N/A","N/A","N/A","Borescopes",297,59.99,"N/A",46,13,18,1623.89,758.65,77,3.9,"Camii-Direct","China",1,601,"N/A","Large Standard-Size",0.87,6.5,6.54,0.29,18.62,51.37,"06/30/2025",18,8,3,0.6
"https://amazon.com/dp/B0CYSJHBGQ","https://m.media-amazon.com/images/I/71nZmy7kGgL._SX450_.jpg","B0CYSJHBGQ","Anysun Sewer Camera with 512hz sonde, Self Leveling Sewer Inspection Camera 200ft with 7MM Cable and Meter Marker, 9'' Monitor and DVR, 12 Adjustable Lights(32GB Card)","anysun","FBA","Industrial & Scientific",130890,774049583854,"N/A",0774049583854,"N/A","Borescopes",297,797.99,-1,33,5,130,24398.35,3937.81,15,4.2,"Nedive","Hong Kong",1,409,"N/A","Large bulky",12,17,20,20.1,1322.22,3305.56,"08/31/2025",23,7,3,2.21
"https://amazon.com/dp/B0FWQ9CYQ1","https://m.media-amazon.com/images/I/71UPtkIYaQL._SX450_.jpg","B0FWQ9CYQ1","LAUNCH VSP-600 Endoscope 5.5mm Ultra-Thin, Lens HD Wide Application Videoscope Borescope Camera with Light high Definition Multi-Angle Imaging One-Click Snapshot IP67 Waterproof with 2000mm USB Cable","LAUNCH","FBA","Industrial & Scientific",131805,860014855511,"N/A",0860014855511,"N/A","Borescopes",301,55.99,2,4,4,,248.39,248.32,1,4,"LAUNCH brand store","N/A",1,0,"N/A","Large Standard-Size",5.12,1.97,11.42,0.66,57.91,159.76,"12/31/2025",4,9,0,"N/A"
"https://amazon.com/dp/B097SPRWSL","https://m.media-amazon.com/images/I/61Z9d46TpiS._SX450_.jpg","B097SPRWSL","LAUNCH Tech VSP-600 USB Endoscope, 0.21 Inch Snake IP67 Waterproof HD Videoscope Borescope, Suitable for X431 V PRO3S+ Scanner & Android Phone, with 6 Adjustable LED Lights","LAUNCH","FBA","Industrial & Scientific",132548,"N/A","N/A","N/A","N/A","Borescopes",301,59.92,-13,25,25,-20,1483.27,1482.91,101,4.2,"UCar Technology CO.,ltd","China",2,225,-38,"Large Standard-Size",1.97,5.36,11.43,0.67,60.76,167.63,"07/31/2024",56,7,0,0.25
"https://amazon.com/dp/B0CQYQY1CC","https://m.media-amazon.com/images/I/71LCg8UNbZL._SX450_.jpg","B0CQYQY1CC","Anysun Sewer Camera with Locator Set, Self-Leveling, 7mm Cable with Depth Marking, IP68 Waterproof Plumbing Endoscope Drain Snake Camera with 9'' Color Screen, 12pcs Light, Recorder with 32GB(250FT)","anysun","FBA","Industrial & Scientific",134547,774049901849,"N/A",0774049901849,"N/A","Borescopes",306,1199.99,-15,17,2,,18482.72,2394.3,9,3.9,"ToBestGift","China",1,0,"N/A","Large bulky",15,19.9,21.3,25.85,2060.48,5151.2,"01/31/2026",26,8,10,2.16
"https://amazon.com/dp/B0D9M3Q7FK","https://m.media-amazon.com/images/I/71kBroHRSnL._SX450_.jpg","B0D9M3Q7FK","Two-Way Articulating Borescope Camera with Light, KAIWEETS 0.33in Industrial Endoscope Camera with Light, 5FT Flexible Snake Inspection Scope for Automotive and Aircraft Mechanics","KAIWEETS","FBA","Industrial & Scientific",135145,"N/A","N/A","N/A","N/A","Borescopes",301,119.99,"N/A",14,14,-134,1736.05,1735.89,562,4.4,"KAIWEETS Direct","China",1,4593,"N/A","Large Standard-Size",3.31,9.37,17.04,3.13,266.08,734.01,"02/28/2025",19,9,3,0.03
"https://amazon.com/dp/B0DGD1YS48","https://m.media-amazon.com/images/I/71l+JOm5XEL._SX450_.jpg","B0DGD1YS48","FOXWELL VS300 Car Endoscope, USB Micro-USB Type-C, 5.5mm Snake Camera, 1280 * 720P, IP67 Waterproof, 6 Brightness Adjustable LED Lights, Suitable for FOXWELL NT809BT, NT909,NT1009, Android Phone, PC","FOXWELL","FBA","Industrial & Scientific",135276,"N/A","N/A","N/A","N/A","Borescopes",304,69.99,-16,6,6,-73,450.12,449.94,31,4.1,"OBDZON","China",1,153,"N/A","Large Standard-Size",1.85,5.98,11.85,0.79,66,182.08,"02/28/2025",18,7,0,0.21
"https://amazon.com/dp/B0FC5K4J6L","https://m.media-amazon.com/images/I/71D7lY3WEVL._SX450_.jpg","B0FC5K4J6L","Two-Way Articulating Borescope,4'' HD Screen Endoscope Camera with Light,4 FT Snake Inspection Camera for Automotive, HVAC & Mechanics","PLAYOCCAR","FBA","Industrial & Scientific",135405,"N/A","N/A","N/A","N/A","Borescopes",304,67.16,-87,12,8,,1407.04,518.96,51,4.6,"PLAYOCCAR","China",1,0,"N/A","Large Standard-Size",2.8,12.05,14.61,1.68,247.64,683.16,"02/28/2026",9,10,2,0.24
"https://amazon.com/dp/B0BW4PM53X","https://m.media-amazon.com/images/I/51jj2g8eJnL._SX450_.jpg","B0BW4PM53X","Dual View WiFi Borescope","Cal-Van Tools","FBM","Industrial & Scientific",135419,047084000861,00047084000861,0047084000861,"N/A","Borescopes",306,137.91,-8,10,10,80,1335.45,1335.36,3,5,"National Tool Warehouse","USA",21,140,7,"Large Standard-Size",2.13,4.06,4.84,0.35,"N/A","N/A","05/31/2025",37,1,0,3.22
"https://amazon.com/dp/B0DR8WQ1Y8","https://m.media-amazon.com/images/I/819GmmYXsIL._SX450_.jpg","B0DR8WQ1Y8","Dual Lens Endoscope Camera with Light, 1080P Borescope with 32GB Card - IP68 & 4.5"" Sewer Inspection Camera with 16.5FT Semi-Rigid Cable, Birthday Gifts for Men, Tools Cool Gadgets - Yellow","ADvancore","FBA","Industrial & Scientific",135704,"N/A","N/A","N/A","N/A","Borescopes",308,49.99,-36,49,23,-122,2860.09,1129.02,3,5,"ADvancore","China",1,0,"N/A","Large Standard-Size",3.5,5.39,9.09,1.23,86.34,238.17,"11/30/2025",12,6,8,16.47
"https://amazon.com/dp/B0DR8W47C6","https://m.media-amazon.com/images/I/81pq7SNgG0L._SX450_.jpg","B0DR8W47C6","[Triple-Lens] Endoscope Camera with Light, 1080P Borescope with 32GB Card - IP68 & 4.5"" Sewer Inspection Camera with 16.5FT Semi-Rigid Cable, Mens Gifts for Fathers, Dad, Tools for Men, Husbands","ADvancore","FBA","Industrial & Scientific",135704,"N/A","N/A","N/A","N/A","Borescopes",308,61.99,-33,49,14,-122,2860.09,875.81,8,4.8,"ADvancore","China",1,0,"N/A","Large Standard-Size",3.23,5.51,9.06,1.26,81.18,223.95,"11/30/2025",12,6,8,6.18
"https://amazon.com/dp/B0DR8ZGWQB","https://m.media-amazon.com/images/I/81x8cZAhZAL._SX450_.jpg","B0DR8ZGWQB","Gifts for Men, Triple Lens Endoscope Camera with Light, 1080P Industrial Borescope with 32GB Card - IP68 & 4.5"" Sewer Inspection Camera with 16.5FT Semi-Rigid Cable, Cool Tools for Men","ADvancore","FBA","Industrial & Scientific",135706,"N/A","N/A","N/A","N/A","Borescopes",308,65.99,-2,49,9,-122,2860.09,562.22,8,4.8,"ADvancore","China",1,0,"N/A","Large Standard-Size",3.5,5.47,9.02,1.21,86.94,239.84,"11/30/2025",14,6,8,6.18
"https://amazon.com/dp/B0FBGHY3H6","https://m.media-amazon.com/images/I/61q2NU+Nz8L._SX450_.jpg","B0FBGHY3H6","ILIHOME Dual Lens Borescope with Light, 1080P Industrial Endoscope Inspection Camera, 7.9mm IP67 Waterproof, Sewer Camera with 4.3"" IPS Screen,8 LED Lights,16.5FT Semi-Rigid Cable.","ILIHOME","FBA","Industrial & Scientific",136075,"N/A","N/A","N/A","N/A","Borescopes",308,29.99,-13,245,57,-61,6244.05,1695.11,141,4.4,"ILIHOME-USA","China",1,0,"N/A","Large Standard-Size",2.83,5.75,8.5,1.1,69.64,192.11,"10/31/2025",8,8,6,1.74
"https://amazon.com/dp/B0C3D3SXDN","https://m.media-amazon.com/images/I/71XeEVBSW5L._SX450_.jpg","B0C3D3SXDN","Sewer Camera with Locator, Anysun Self Leveling Sewer Inspection Camera 150ft with Meter Marker and DVR, 9'' HD Monitor with 12 Adjustable Lights(32GB Card)","anysun","FBA","Industrial & Scientific",136819,774196181170,"N/A",0774196181170,"N/A","Borescopes",310,1099.99,-21,39,5,56,37013.48,5447.5,157,4.2,"Nedive","Hong Kong",1,650,5,"Large bulky",13.62,18.81,20.98,23.74,1741.87,4354.67,"02/28/2025",34,7,8,0.25
"https://amazon.com/dp/B093SXC6X7","https://m.media-amazon.com/images/I/81pEAtrPxtS._SX450_.jpg","B093SXC6X7","Sewer Camera with Locator, Anysun 165ft Pipe Video Inspection Camera with 512Hz Sonde and Receiver, 7” LCD Monitor DVR Recorder, IP68 Waterproof (8GB SD Card Included)","anysun","FBA","Industrial & Scientific",136819,770456789353,"N/A",0770456789353,"N/A","Borescopes",310,699.99,-30,38,8,54,35853.15,5911.48,158,4.2,"Nedive","Hong Kong",1,652,5,"Large bulky",7.75,19,23.5,23,1121.42,2803.54,"02/28/2025",58,7,8,0.24
"https://amazon.com/dp/B0C3D545P1","https://m.media-amazon.com/images/I/71e60m+TBWL._SX450_.jpg","B0C3D545P1","Sewer Camera with Locator, Anysun Self Leveling Sewer Inspection Camera 200ft with Meter Marker and DVR, 9'' HD Monitor with 12 Adjustable Lights(32GB Card)","anysun","FBA","Industrial & Scientific",137032,774196181200,00774196181200,0774196181200,"N/A","Borescopes",311,1299.99,-24,39,3,56,37013.48,4273.67,157,4.2,"Nedive","Hong Kong",1,650,5,"Large bulky",13,19,20,25.4,1600.93,4002.31,"02/28/2025",34,7,8,0.25
"https://amazon.com/dp/B0FD9X6PY8","https://m.media-amazon.com/images/I/71a9I9KNwxL._SX450_.jpg","B0FD9X6PY8","EIXAUP Sewer Camera, 100 ft/30 m, 4.3"" Pipe Drain Inspection Camera with DVR Function and 12 Pcs LED Lights, IP68 Waterproof 23 mm Industrial Endoscope, Meter Marker, Included 32GB Card","EIXAUP","FBA","Industrial & Scientific",137547,"N/A","N/A","N/A","N/A","Borescopes",315,253.99,-34,33,9,265,7694.57,2208.2,6,4.8,"SYST","China",1,0,"N/A","Large Standard-Size",15,12,7,8,634.38,1750,"01/31/2026",9,7,3,5.53
"https://amazon.com/dp/B0F3X42K51","https://m.media-amazon.com/images/I/61kR6lJX15L._SX450_.jpg","B0F3X42K51","Zorlet 360 Articulating Borescope, 5"" Monitor, 6.2mm Industrial Inspection Camera with 4-Way Joystick Articulation and 3.3FT Semi-Rigid Snake Tube, HD Endoscope for Automotive, Pipe & Equipment","Zorlet","FBA","Industrial & Scientific",137799,"N/A","N/A","N/A","N/A","Borescopes",307,269.99,-19,15,11,-53,4158.36,2950.41,32,4.5,"Shenzhen ShenshijieTechnology Co., Ltd","China",1,0,"N/A","Large Standard-Size",16,8.5,4.6,4,314.97,868.89,"07/31/2025",11,9,2,0.47
"https://amazon.com/dp/B0G1C1XPW5","https://m.media-amazon.com/images/I/71pd6+XH1dL._SX450_.jpg","B0G1C1XPW5","Sewer Camera with Self-Leveling and Distance Count, IP68 Waterproof Cam, 9"" Pipe Drain Inspection with 12pcs Light, DVR with 32GB Card, 7mm Cable (200FT)","anysun","FBA","Industrial & Scientific",140567,717639148323,"N/A",0717639148323,"N/A","Borescopes",324,739.99,"N/A",32,1,59,21433.9,892.59,89,4.3,"ToBestGift","China",1,0,"N/A","Large bulky",16,15,13,17,1011.11,2527.78,"01/31/2026",4,7,12,0.36
"https://amazon.com/dp/B0CSF6W2LT","https://m.media-amazon.com/images/I/71yU2yzmuGL._SX450_.jpg","B0CSF6W2LT","Sewer Camera 100FT,w/ 9'' 16GB DVR Monitor,Portable JQKJCAM Plumbing Drain Camera Snake with 12 Light Roller Guide Wheel Distance Counter & Suitcase for Plumber Pipe Sewer Line Inspection(30M","JQKJCAM","FBA","Industrial & Scientific",140794,"N/A","N/A","N/A","N/A","Borescopes",314,312.55,-42,6,3,13,1865.05,974.68,11,4,"JJKJ Cam","China",1,198,"N/A","Large bulky",6.97,15.07,16.1,12.17,548.04,1370.11,"02/28/2025",26,7,14,0.51
"https://amazon.com/dp/B0DDG3FMPV","https://m.media-amazon.com/images/I/81HZoHO+hBL._SX450_.jpg","B0DDG3FMPV","[Dual-Lens] Inspection Endoscope, Industrial Borescope Camera with Light, IP67 Waterproof Drain Pipe Scope Camera, 16.5ft Semi-Rigid Cord Borescope with Light, 1080 HD Screen(32GB Capacity)","COOVIE","FBA","Industrial & Scientific",140910,"N/A","N/A","N/A","N/A","Borescopes",325,44.99,-29,26,26,-28,1174.07,1173.95,28,4.2,"Alice Windowshop","China",1,207,"N/A","Large Standard-Size",3.82,5.2,10.43,1.34,104.31,287.75,"12/31/2025",18,6,0,0.93
"https://amazon.com/dp/B0CSF5YNCV","https://m.media-amazon.com/images/I/71yU2yzmuGL._SX450_.jpg","B0CSF5YNCV","Sewer Camera 150FT,9 Inch 16GB DVR Screen,JQKJCAM 23MM/0.9'' Sewer Drain Bore Scope,Waterproof Pipe Plumbing Inspection Camera with 12 Light Meter Counter for 1'' 2Inch Pipe or Bigger (50M/165FT","JQKJCAM","FBA","Industrial & Scientific",140934,"N/A","N/A","N/A","N/A","Borescopes",317,366.5,-2,6,2,13,1865.05,613.15,11,4,"JJKJ Cam","China",1,198,"N/A","Large bulky",6.88,14.13,16.25,13.6,511.95,1279.88,"02/28/2025",26,7,14,0.51
"https://amazon.com/dp/B0F3X5MSMM","https://m.media-amazon.com/images/I/61kR6lJX15L._SX450_.jpg","B0F3X5MSMM","Zorlet 360 Articulating Borescope, 5"" Monitor, 6.2mm Industrial Inspection Camera with 4-Way Joystick Articulation and 5.0FT Semi-Rigid Snake Tube, HD Endoscope for Automotive, Pipe & Equipment","Zorlet","FBA","Industrial & Scientific",141329,"N/A","N/A","N/A","N/A","Borescopes",318,299.99,-36,15,4,-53,4158.36,1207.57,33,4.5,"Shenzhen ShenshijieTechnology Co., Ltd","China",1,0,"N/A","Large Standard-Size",4.61,8.66,15.71,3.84,315.77,871.09,"07/31/2025",11,9,2,0.45