"URL","Image URL","ASIN","Title","Brand","Fulfillment","Category","BSR","UPC","GTIN","EAN","ISBN","Subcategory","Subcategory BSR","Price","Price Trend (90 days) (%)","Parent Level Sales","ASIN Sales","Sales Trend (90 days) (%)","Parent Level Revenue","ASIN Revenue","Review Count","Reviews Rating","Seller","Seller Country/Region","Number of Active Sellers","Last Year Sales","Sales Year Over Year (%)","Size Tier","Length","Width","Height","Weight","Storage Fee (Jan - Sep)","Storage Fee (Oct - Dec)","Best Sales Period","Age (Month)","Number of Images","Variation Count","Sales to Reviews"
"https://amazon.com/dp/B0BR7MKHF9","https://m.media-amazon.com/images/I/61r3hsmOb8L._SX450_.jpg","B0BR7MKHF9","Endoscope Camera with Light,1920P HD Borescope Tools with 8 Adjustable LED Lights, Endoscope with Semi-Rigid Snake Camera, IP67 Waterproof Inspection Borescope for iOS and Android-16.4ft Triple Lens","Kinpthy","FBA","Industrial & Scientific",334,768415695555,"N/A",0768415695555,"N/A","Borescopes",1,35.99,"N/A",248,0,,7536.31,"-",5948,4.3,"Sun Endoscope","China",0,0,"N/A","Large Standard-Size",1.46,4.84,6.57,0.4,23.37,64.48,"02/28/2026",38,7,7,0.04
"https://amazon.com/dp/B0GS976R7H","https://m.media-amazon.com/images/I/41mwgwsECiL._SX450_.jpg","B0GS976R7H","Kinpthy Endoscope Camera with Light, 1920P HD Borescope Tools with 8 Adjustable LED Lights, Endoscope with Semi-Rigid Snake Camera, Inspection Borescope","Kinpthy","FBA","Industrial & Scientific",336,"N/A","N/A","N/A","N/A","Borescopes",1,15.99,"N/A",248,0,,7536.31,"-",5946,4.3,"ClairvoyancePro","China",0,0,"N/A","N/A","N/A","N/A","N/A","N/A","N/A","N/A","02/28/2026",6,7,6,"N/A"
"https://amazon.com/dp/B0C4V5LWWL","https://m.media-amazon.com/images/I/61oRhqttqJL._SX450_.jpg","B0C4V5LWWL","Endoscope Camera with Light, 1920P HD Borescope Tools with 8 Adjustable LED Lights, Endoscope with Semi-Rigid Snake Camera, Inspection Borescope for iOS and Android - 16.4ft Single Lens","Kinpthy","FBA","Industrial & Scientific",352,673132973261,"N/A",0673132973261,"N/A","Borescopes",1,25.98,"N/A",751,0,,24155.18,"-",5931,4.3,"Sun Endoscope","China",4,0,"N/A","Large Standard-Size",1.61,4.8,5.16,0.42,20.08,55.38,"02/28/2026",34,7,6,0.13
"https://amazon.com/dp/B0BF64PP4F","https://m.media-amazon.com/images/I/41ll0tSV68L._SX450_.jpg","B0BF64PP4F","Endoscope Camera with Light,1920P HD Borescope Tools with 8 Adjustable LED Lights, Endoscope with Semi-Rigid Snake Camera, IP67 Waterproof Inspection Borescope for iOS and Android-32.8ft Single Lens","Kinpthy","FBA","Industrial & Scientific",355,635416049994,"N/A",0635416049994,"N/A","Borescopes",1,35.99,"N/A",248,0,,7536.31,"-",5948,4.3,"Kinoscope","China",4,0,"N/A","Large Standard-Size",2.24,5.39,5.63,0.77,34.22,94.41,"02/28/2026",42,7,6,0.04
"https://amazon.com/dp/B0C9JR3N4W","https://m.media-amazon.com/images/I/41kcNrz-HDL._SX450_.jpg","B0C9JR3N4W","Endoscope Camera with Light,1920P HD Borescope Tools with 8 Adjustable LED Lights, Endoscope with Semi-Rigid Snake Camera, IP67 Waterproof Inspection Borescope for iOS and Android-16.4ft Dual-Lens","Kinpthy","FBA","Industrial & Scientific",360,768502895158,"N/A",0768502895158,"N/A","Borescopes",1,35.99,-300,248,181,,7536.31,6507.03,5931,4.3,"Sun Endoscope","China",3,0,"N/A","Large Standard-Size",1.46,4.96,10.24,0.02,37.33,102.99,"02/28/2026",32,7,6,0.04
"https://amazon.com/dp/B0G23FH94K","https://m.media-amazon.com/images/I/41YaA86-FoL._SX450_.jpg","B0G23FH94K","Kinpthy Endoscope Camera with Light, 1920P HD Borescope Tools with 8 Adjustable LED Lights, Endoscope with Semi-Rigid Snake Camera, Inspection Borescope for iOS - 16.3ft Single Line Single Lens","Kinpthy","FBA","Industrial & Scientific",360,725878216918,"N/A",0725878216918,"N/A","Borescopes",1,14.98,-300,248,48,,7536.31,716.52,5947,4.3,"ClairvoyancePro","China",1,0,"N/A","Large Standard-Size",1.46,4.72,4.8,0.42,16.65,45.94,"02/28/2026",4,7,6,0.04
"https://amazon.com/dp/B0G23P5N7X","https://m.media-amazon.com/images/I/61qRAF7gBTL._SX450_.jpg","B0G23P5N7X","Endoscope Camera with Light, 1920P HD Borescope Tools with 8 Adjustable LED Lights, Endoscope with Semi-Rigid Snake Camera, Inspection Borescope for iOS and Android - 16.3ft Dual Line Single Lens","Kinpthy","FBA","Industrial & Scientific",374,725878216925,"N/A",0725878216925,"N/A","Borescopes",1,15.99,-300,248,20,,7536.31,312.07,5947,4.3,"ClairvoyancePro","China",1,0,"N/A","Large Standard-Size",1.5,4.81,4.89,0.4,17.76,49,"02/28/2026",4,7,6,0.04
"https://amazon.com/dp/B0CJY5C9QX","https://m.media-amazon.com/images/I/41Oteo3SE0L._SX450_.jpg","B0CJY5C9QX","Teslong Two-Way Articulating Borescope with Light, Industrial Endoscope Inspection Camera with Articulated Probe, Flexible Mechanic Fiber Optic Snake Scope Cam for Wall Automotive Engine Inspect-5FT","Teslong","FBA","Industrial & Scientific",462,"N/A","N/A","N/A","N/A","Borescopes",2,103.99,-34,8150,8150,-10,951152.81,951111.04,1434,4.7,"Teslong","China",1,64473,288,"Large Standard-Size",3.5,8.74,16.61,3.15,255.81,705.69,"11/30/2025",28,9,0,5.68
"https://amazon.com/dp/B0FZGWDVTK","https://m.media-amazon.com/images/I/71pooPRtVML._SX450_.jpg","B0FZGWDVTK","Endoscope with Light, 1920P HD Borescope with 8 Adjustable LED Lights, 16.4FT Semi-Rigid Snake Camera, IP67 Waterproof Inspection Tool for iPhone & Android - Single Lens (Red) 7t11","PAPIBLU","FBA","Industrial & Scientific",588,"N/A","N/A","N/A","N/A","Borescopes",3,29.99,"N/A",2940,0,,59944.46,"-",486,4.3,"PAPIBLU Store","China",1,0,"N/A","Large Standard-Size",1.34,4.96,5,0.42,16.72,46.11,"01/31/2026",4,7,14,6.05
"https://amazon.com/dp/B0FC2GLGL2","https://m.media-amazon.com/images/I/719X3QIt2-L._SX450_.jpg","B0FC2GLGL2","Endoscope with Light, 1920P HD Borescope with 8 Adjustable LED Lights, 16.4FT Semi-Rigid Snake Camera, IP67 Waterproof Inspection Tool for iPhone & Android - Single Lens (Yellow)","PAPIBLU","FBA","Industrial & Scientific",588,"N/A","N/A","N/A","N/A","Borescopes",3,23.98,"N/A",2940,0,,59944.46,"-",486,4.3,"PAPIBLU Store","China",1,0,"N/A","Large Standard-Size",5.1,5,1.38,0.45,17.72,48.87,"01/31/2026",9,7,14,6.05
"https://amazon.com/dp/B0FC2J5LXT","https://m.media-amazon.com/images/I/710Q90WL8LL._SX450_.jpg","B0FC2J5LXT","Endoscope with Light, 1920P HD Borescope with 8 Adjustable LED Lights, 16.4FT Semi-Rigid Snake Camera, IP67 Waterproof Inspection Tool for iPhone & Android - Dual Lens (Yellow)","PAPIBLU","FBA","Industrial & Scientific",588,"N/A","N/A","N/A","N/A","Borescopes",3,24.98,"N/A",2940,0,,59944.46,"-",486,4.3,"PAPIBLU Store","China",1,0,"N/A","Large Standard-Size",1.46,5,5.08,0.4,18.67,51.51,"01/31/2026",9,7,14,6.05
"https://amazon.com/dp/B0FZH2C8YH","https://m.media-amazon.com/images/I/71mjsewnfmL._SX450_.jpg","B0FZH2C8YH","Endoscope with Light, 1920P HD Borescope with 8 Adjustable LED Lights, 32.8FT Semi-Rigid Snake Camera, IP67 Waterproof Inspection Tool for iPhone & Android - Dual Lens (Red)","PAPIBLU","FBA","Industrial & Scientific",605,"N/A","N/A","N/A","N/A","Borescopes",3,33.99,"N/A",2940,74,,59944.46,2523.02,486,4.3,"PAPIBLU Store","China",1,0,"N/A","Large Standard-Size",1.97,5,5.04,0.73,24.97,68.89,"01/31/2026",4,7,14,6.05
"https://amazon.com/dp/B0FZH16S2N","https://m.media-amazon.com/images/I/719X3QIt2-L._SX450_.jpg","B0FZH16S2N","Endoscope with Light, 1920P HD Borescope with 8 Adjustable LED Lights, 32.8FT Semi-Rigid Snake Camera, IP67 Waterproof Inspection Tool for iPhone & Android - Single Lens (Yellow)","PAPIBLU","FBA","Industrial & Scientific",605,"N/A","N/A","N/A","N/A","Borescopes",3,33.99,"N/A",2940,155,,59944.46,5276.09,475,4.4,"PAPIBLU Store","China",1,0,"N/A","Large Standard-Size",5.1,5,1.5,0.45,19.26,53.13,"01/31/2026",4,7,14,6.19
"https://amazon.com/dp/B0FZGZ5X3Z","https://m.media-amazon.com/images/I/71mjsewnfmL._SX450_.jpg","B0FZGZ5X3Z","Endoscope with Light, 1920P HD Borescope with 8 Adjustable LED Lights, 16.4FT Semi-Rigid Snake Camera, IP67 Waterproof Inspection Tool for iPhone & Android - Dual Lens (Red) 7t9","PAPIBLU","FBA","Industrial & Scientific",605,"N/A","N/A","N/A","N/A","Borescopes",3,29.99,"N/A",2940,0,,59944.46,"-",486,4.3,"PAPIBLU Store","China",1,0,"N/A","Large Standard-Size",1.34,5,5.08,0.42,17.11,47.21,"01/31/2026",4,7,14,6.05
"https://amazon.com/dp/B0FC2HS5GZ","https://m.media-amazon.com/images/I/41pDC8ZurxL._SX450_.jpg","B0FC2HS5GZ","Endoscope with Light, 1920P HD Borescope with 8 Adjustable LED Lights, 16.4FT Semi-Rigid Snake Camera, IP67 Waterproof Inspection Tool for iPhone & Android - Dual Lens (Black)","PAPIBLU","FBA","Industrial & Scientific",605,"N/A","N/A","N/A","N/A","Borescopes",3,18.89,-27,2940,3863,,59944.46,75493.97,493,4.3,"PAPIBLU Store","China",2,0,"N/A","Large Standard-Size",1.38,5,5.16,0.44,17.93,49.45,"01/31/2026",8,7,14,5.96
"https://amazon.com/dp/B0FZGZMVP3","https://m.media-amazon.com/images/I/719X3QIt2-L._SX450_.jpg","B0FZGZMVP3","Endoscope with Light, 1920P HD Borescope with 8 Adjustable LED Lights, 9.8FT Semi-Rigid Snake Camera, IP67 Waterproof Inspection Tool for iPhone & Android - Single Lens (Yellow)","PAPIBLU","FBA","Industrial & Scientific",605,"N/A","N/A","N/A","N/A","Borescopes",3,24.99,"N/A",2940,0,,59944.46,"-",486,4.3,"PAPIBLU Store","China",1,0,"N/A","Large Standard-Size",5.1,5,1.5,0.45,19.26,53.13,"01/31/2026",4,7,14,6.05
"https://amazon.com/dp/B0FY1QX78V","https://m.media-amazon.com/images/I/41DY32x9YzL._SX450_.jpg","B0FY1QX78V","Endoscope with Light, 1920P HD Borescope with 8 Adjustable LED Lights, 9.8FT Semi-Rigid Snake Camera, IP67 Waterproof Inspection Tool for iPhone & Android - Single Lens (Black)","PAPIBLU","FBA","Industrial & Scientific",615,"N/A","N/A","N/A","N/A","Borescopes",3,19.99,"N/A",2940,240,,59944.46,4804.06,492,4.3,"PAPIBLU Store","China",1,0,"N/A","Large Standard-Size",1.34,5,5.04,0.33,16.98,46.84,"01/31/2026",4,7,14,5.98
"https://amazon.com/dp/B0FZGW1HM5","https://m.media-amazon.com/images/I/710Q90WL8LL._SX450_.jpg","B0FZGW1HM5","Endoscope with Light, 1920P HD Borescope with 8 Adjustable LED Lights, 32.8FT Semi-Rigid Snake Camera, IP67 Waterproof Inspection Tool for iPhone & Android - Dual Lens (Yellow)","PAPIBLU","FBA","Industrial & Scientific",632,"N/A","N/A","N/A","N/A","Borescopes",3,26.99,"N/A",2940,45,,59944.46,1215.11,475,4.4,"PAPIBLU Store","China",1,0,"N/A","Large Standard-Size",5.1,5,1.5,0.45,19.26,53.13,"01/31/2026",4,7,14,6.19
"https://amazon.com/dp/B0FC2K8FN2","https://m.media-amazon.com/images/I/71HSgqwSoxL._SX450_.jpg","B0FC2K8FN2","Endoscope with Light, 1920P HD Borescope with 8 Adjustable LED Lights, 16.4FT Semi-Rigid Snake Camera, IP67 Waterproof Inspection Tool for iPhone & Android - Single Lens (Black)","PAPIBLU","FBA","Industrial & Scientific",632,"N/A","N/A","N/A","N/A","Borescopes",3,15.29,-26,2940,493,,59944.46,8615.67,493,4.3,"PAPIBLU Store","China",2,0,"N/A","Large Standard-Size",1.54,4.96,5.08,0.4,19.54,53.89,"01/31/2026",9,7,14,5.96
"https://amazon.com/dp/B0FZGV4YHJ","https://m.media-amazon.com/images/I/71pooPRtVML._SX450_.jpg","B0FZGV4YHJ","Endoscope with Light, 1920P HD Borescope with 8 Adjustable LED Lights, 32.8FT Semi-Rigid Snake Camera, IP67 Waterproof Inspection Tool for iPhone & Android - Single Lens (Black)","PAPIBLU","FBA","Industrial & Scientific",678,"N/A","N/A","N/A","N/A","Borescopes",3,33.99,"N/A",2940,109,,59944.46,2824.73,486,4.3,"PAPIBLU Store","China",0,0,"N/A","Large Standard-Size",2.05,4.96,5.12,0.75,26.21,72.31,"01/31/2026",4,7,14,6.05
"https://amazon.com/dp/B0DJNWC2TK","https://m.media-amazon.com/images/I/71h6oIVJEKL._SX450_.jpg","B0DJNWC2TK","Endoscope Camera with Light, 1920P HD Borescope Camera with 8 Adjustable LED Lights, 32.8ft Semi-Rigid Snake Camera with Light, IP67 Waterproof 7.9mm Inspection Camera for iOS and Android","Ennovor","FBA","Industrial & Scientific",870,"N/A",06976790930428,"N/A","N/A","Borescopes",4,34.99,-7,976,88,-45,22893.93,2551.1,4452,4.3,"ENNOVOR","China",1,0,"N/A","Large Standard-Size",1.14,8.7,8.74,0.77,43.71,120.59,"10/31/2025",13,9,3,0.22
"https://amazon.com/dp/B0C3R381FC","https://m.media-amazon.com/images/I/914XwmdITML._SX450_.jpg","B0C3R381FC","Daxiongmao Endoscope Camera with Light, 1080P HD Borescope, IP67 Waterproof Snake Camera – Ideal for Inspecting Walls, Vents, Automotive Engines, Pipes – A Great Gift Tool for Men (16.5ft)","Daxiongmao","FBA","Industrial & Scientific",1378,749686627292,"N/A",0749686627292,"N/A","Borescopes",4,39.99,"N/A",1717,1561,-77,61724.16,53938.48,4142,4.5,"leersi_jet","China",1,0,"N/A","Large Standard-Size",2.32,5.75,8.15,1.01,54.78,151.13,"11/30/2025",34,9,2,0.41
"https://amazon.com/dp/B0DJKQTXRT","https://m.media-amazon.com/images/I/71Njs-ytrbL._SX450_.jpg","B0DJKQTXRT","Endoscope Camera with Light, Dual-Lens 1920P HD Borescope with 8+1 Adjustable LED Lights, 16.4ft Semi-Rigid Snake Camera, IP67 Waterproof 7.9mm Inspection Tools for iOS and Android","Ennovor","FBA","Industrial & Scientific",1428,"N/A",06976790930503,"N/A","N/A","Borescopes",4,27.99,-39,976,179,-45,22893.93,4974.03,4452,4.3,"ENNOVOR","China",2,0,"N/A","Large Standard-Size",1.02,7.87,11.3,0.46,45.85,126.49,"10/31/2025",12,9,3,0.22
"https://amazon.com/dp/B0DGFBJYG2","https://m.media-amazon.com/images/I/616fQZ2qjdL._SX450_.jpg","B0DGFBJYG2","Acoath Endoscope Camera with Light, Dual-Lens 1920P HD Borescope with 8 Adjustable LED Lights, IP67 Waterproof Boroscope Inspection Tools, 9.8ft Semi-Rigid Snake Camera for iOS & Android","Acoath","FBA","Industrial & Scientific",1539,"N/A","N/A","N/A","N/A","Borescopes",5,23.99,-27,2897,584,-100,82417.3,15010.21,1540,4.4,"AcoathDirect","Hong Kong",1,50972,"N/A","Large Standard-Size",1.46,5.2,5.35,0.33,20.45,56.41,"11/30/2025",18,9,3,1.88
"https://amazon.com/dp/B0BYHMRHG1","https://m.media-amazon.com/images/I/51PxNn4OFtL._SX450_.jpg","B0BYHMRHG1","Daxiongmao Endoscope Camera with Light, Borescope Camera with 4.3"" IPS Screen, 1920P HD with 8 LED Lights, 50 FT Semi-Rigid Cord Bore Scope, IP67 Waterproof for Sewer, Tools for Men","Daxiongmao","FBA","Industrial & Scientific",1551,739944331672,"N/A",0739944331672,"N/A","Borescopes",5,49.99,-20,1717,156,-77,61724.16,7776.95,4142,4.5,"leersi_jet","China",1,0,"N/A","Large Standard-Size",3.39,5.83,8.11,1.94,80.7,222.62,"11/30/2025",36,7,2,0.42
"https://amazon.com/dp/B0DGFC3D9H","https://m.media-amazon.com/images/I/618PaPIpgyL._SX450_.jpg","B0DGFC3D9H","Acoath Endoscope Camera with Light, Dual-Lens 1920P HD Borescope with 8 Adjustable LED Lights, IP67 Waterproof Boroscope Inspection Tools, 33ft Semi-Rigid Snake Camera for iOS & Android","Acoath","FBA","Industrial & Scientific",1640,"N/A","N/A","N/A","N/A","Borescopes",6,29.99,-39,2897,674,-100,82417.3,21884.65,1540,4.4,"AcoathDirect","Hong Kong",1,50972,"N/A","Large Standard-Size",2.36,5.12,5.47,0.82,33.31,91.89,"11/30/2025",18,9,3,1.88
"https://amazon.com/dp/B0DGFBCH38","https://m.media-amazon.com/images/I/61VpmC0yw+L._SX450_.jpg","B0DGFBCH38","Acoath Endoscope Camera with Light, Dual-Lens 1920P HD Borescope with 8 Adjustable LED Lights, IP67 Waterproof Boroscope Inspection Tools, 16.4ft Semi-Rigid Snake Camera for iOS & Android","Acoath","FBA","Industrial & Scientific",1642,"N/A","N/A","N/A","N/A","Borescopes",6,25.49,-22,2897,1639,-100,82417.3,45497.5,1540,4.4,"AcoathDirect","Hong Kong",1,50972,"N/A","Large Standard-Size",1.46,5.12,5.31,0.46,19.98,55.13,"11/30/2025",18,9,3,1.88
"https://amazon.com/dp/B0CMCSGPJC","https://m.media-amazon.com/images/I/71MrfcH3dDL._SX450_.jpg","B0CMCSGPJC","[Dual-Lens] Endoscope Camera with Light, 1920P HD Borescope with 8+1 Adjustable LED Lights, IP67 Waterproof 16.5FT Semi-Rigid Snake Cord Inspection Camera for iPhone, iPad and Android Phone (Type C)","Elecshion","FBA","Industrial & Scientific",1783,"N/A","N/A","N/A","N/A","Borescopes",6,24.69,-15,3163,2985,-23,100355.86,95021.24,1295,4.3,"HFCT","China",1,0,"N/A","Large Standard-Size",1.53,5,5.19,0.4,19.99,55.14,"11/30/2025",28,6,2,2.44
"https://amazon.com/dp/B0DNMM3S49","https://m.media-amazon.com/images/I/71d38cvBa0L._SX450_.jpg","B0DNMM3S49","[Dual-Lens] Endoscope Camera with Light, 1920P HD Borescope with 8+1 Adjustable LED Lights, IP67 Waterproof Inspection Camera 16.5FT Semi-Rigid Snake Cord for iOS & Android (2 Interface)","Elecshion","FBA","Industrial & Scientific",1861,"N/A","N/A","N/A","N/A","Borescopes",7,29.99,-16,3140,180,-22,100547.62,5403.79,1295,4.3,"HFCT","China",1,0,"N/A","Large Standard-Size",1.46,5.16,5.2,0.4,19.72,54.41,"11/30/2025",15,7,2,2.42
"https://amazon.com/dp/B0CZHT2VHS","https://m.media-amazon.com/images/I/41mgSMDyTNL._SX450_.jpg","B0CZHT2VHS","Endoscope Camera with Light, 1920P HD Borescope Camera with 8 Adjustable LED Lights, 16.4ft Semi-Rigid Snake Camera with Light, IP67 Waterproof 7.9mm Inspection Camera for iOS and Android","Ennovor","FBA","Industrial & Scientific",2098,759135519658,00759135519658,0759135519658,"N/A","Borescopes",7,22.99,-8,1053,773,-11,24682.93,16827.12,4452,4.3,"ENNOVOR","China",5,0,"N/A","Large Standard-Size",1.06,7.91,7.91,0.57,33.39,92.11,"10/31/2025",20,9,3,0.24
"https://amazon.com/dp/B0C4FBM6GV","https://m.media-amazon.com/images/I/71FnS5k7feL._SX450_.jpg","B0C4FBM6GV","Endoscope Camera with Light, 1920P HD Bore Scope Borescope with 8 Lights, Waterproof 16.4FT Semi-Rigid Cord for Pipe Inspection, Industrial Endoscope for Phones(Black)","MugEasy","FBA","Industrial & Scientific",2605,199284820951,"N/A",0199284820951,"N/A","Borescopes",8,17.99,-76,115,93,,3061.43,1747.15,1206,4.4,"EndoscopePro","China",4,0,"N/A","Large Standard-Size",1.5,4.84,4.88,0.4,17.84,49.21,"02/28/2026",34,7,2,0.1
"https://amazon.com/dp/B0CGT1N3VR","https://m.media-amazon.com/images/I/71T4RHqplvS._SX450_.jpg","B0CGT1N3VR","DEPSTECH DS300 Dual Lens Industrial Endoscope","DEPSTECH","FBA","Industrial & Scientific",2797,"N/A","N/A","N/A","N/A","Borescopes",7,52.99,"N/A",1601,0,-82,94947.68,"-",6977,4.5,"DEPSTECH Authorized Store","China",0,31284,20,"N/A","N/A","N/A","N/A","N/A","N/A","N/A","11/30/2025",30,8,2,0.23
"https://amazon.com/dp/B0FXR9VFSV","https://m.media-amazon.com/images/I/81fifTcL+KL._SX450_.jpg","B0FXR9VFSV","Endoscope Camera with Light,1920P HD Borescope with 8 Adjustable LED Lights, Endoscope with Semi-Rigid Snake Cable, IP67 Waterproof Inspection Borescope for iOS and Android-16.4ft Single Lens","Ditomil","FBA","Industrial & Scientific",3007,"N/A","N/A","N/A","N/A","Borescopes",8,14.99,-27,1291,1291,,19351.21,19338.17,68,4.3,"DitomilDirect","N/A",2,0,"N/A","Small Standard-Size",0.71,9.77,9.89,0.49,34.54,95.28,"01/31/2026",4,7,0,18.98
"https://amazon.com/dp/B0FM82MR7C","https://m.media-amazon.com/images/I/71DFZ562nrL._SX450_.jpg","B0FM82MR7C","Endoscope Camera with Light, 1920P HD Bore Scope Borescope with 8 Lights, Waterproof 16.4FT Semi-Rigid Cord for Pipe Inspection, Industrial Endoscope for Phones(Dual Lens)","MugEasy","FBA","Industrial & Scientific",3110,602838453036,"N/A",0602838453036,"N/A","Borescopes",9,35.99,-39,44,261,,1283.37,6565.59,1206,4.4,"EmdoscopeZ","China",1,0,"N/A","Large Standard-Size",2.56,6.73,7.68,0.62,66.62,183.77,"02/28/2026",7,7,2,0.04
"https://amazon.com/dp/B0928Q3T42","https://m.media-amazon.com/images/I/71T4RHqplvS._SX450_.jpg","B0928Q3T42","DEPSTECH Dual Lens Industrial Endoscope, 1080P Digital Borescope Inspection Camera, 7.9mm IP67 Waterproof Sewer Camera with 4.3"" LCD Screen, 7 LED Lights, 16.5FT Semi-Rigid Cable, 32GB Card-Black","DEPSTECH","FBA","Industrial & Scientific",3246,755749903739,"N/A",0755749903739,"N/A","Borescopes",10,69.99,-29,1665,1595,-83,100155.75,95608.64,6977,4.5,"DEPSTECH Authorized Store","China",2,31250,19,"Large Standard-Size",3.07,6.5,8.35,1.37,83.89,231.42,"11/30/2025",59,8,2,0.24
"https://amazon.com/dp/B09DKKJGS7","https://m.media-amazon.com/images/I/718zh092x4L._SX450_.jpg","B09DKKJGS7","DEPSTECH Dual Lens Industrial Endoscope, 1080P Digital Borescope Inspection Camera, 7.9mm IP67 Waterproof, Sewer Camera with 4.3"" LCD Screen, 7 LED Lights, 16.5FT Semi-Rigid Cable, 32GB Card - Orange","DEPSTECH","FBA","Industrial & Scientific",3246,"N/A","N/A","N/A","N/A","Borescopes",10,72.99,-41,1601,67,-82,94947.68,4300.11,6977,4.5,"DEPSTECH Authorized Store","China",2,31284,20,"Large Standard-Size",3.11,6.42,8.15,1.34,81.93,226.01,"11/30/2025",54,9,2,0.23
"https://amazon.com/dp/B0FQVC7FBH","https://m.media-amazon.com/images/I/81Go+aw3BIL._SX450_.jpg","B0FQVC7FBH","SKYBASIC Industrial Endoscope Borescope Camera with Light, 4.3'' HD Digital Handheld Waterproof Sewer Tools Snake Inspection Camera with 8 LED Lights 65.6FT Semi-Rigid Cable, Cool Gift Gadgets for Men","SKYBASIC","FBA","Industrial & Scientific",3759,"N/A","N/A","N/A","N/A","Borescopes",12,46.54,-13,1369,135,63,43897.54,7411.46,2727,4.4,"PENGERKEJI","China",1,0,"N/A","Large Standard-Size",3.82,7.17,7.95,2.38,109.63,302.42,"01/31/2026",6,8,3,0.5
"https://amazon.com/dp/B0BS1CFFH8","https://m.media-amazon.com/images/I/41x-615Ky+L._SX450_.jpg","B0BS1CFFH8","Triple Lens Endoscope Camera with Light with 50FT Semi-Rigid Cable, DEPSTECH 5"" IPS Screen Sewer Inspection Camera, 1080P Industrial Borescope, Split Screen, Waterproof Drain Pipe Tool, Carrying Case","DEPSTECH","FBA","Industrial & Scientific",3820,"N/A","N/A","N/A","N/A","Borescopes",12,89.99,-20,945,115,-26,99509.88,14089.1,1460,4.3,"Depstech","China",1,0,"N/A","Large Standard-Size",2.91,8.9,13.3,3.88,173.42,478.41,"10/31/2025",38,9,2,0.65
"https://amazon.com/dp/B0FQVDJ14T","https://m.media-amazon.com/images/I/81Go+aw3BIL._SX450_.jpg","B0FQVDJ14T","SKYBASIC Industrial Endoscope Borescope Camera with Light, 4.3'' HD Digital Handheld Waterproof Sewer Tools Snake Inspection Camera with 8 LED Lights 32.8FT Semi-Rigid Cable, Cool Gift Gadgets for Men","SKYBASIC","FBA","Industrial & Scientific",3902,"N/A","N/A","N/A","N/A","Borescopes",13,39.98,21,1369,149,63,43897.54,6409.37,2727,4.4,"PENGERKEJI","China",1,0,"N/A","Large Standard-Size",3.15,5.63,7.76,1.54,69.29,191.14,"01/31/2026",6,8,3,0.5
"https://amazon.com/dp/B0BL7RK5JJ","https://m.media-amazon.com/images/I/71r2kw5dlNL._SX450_.jpg","B0BL7RK5JJ","Triple Lens Endoscope Camera with Light, DEPSTECH 5"" IPS Screen Endoscope Camera, 1080P Sewer Camera & Split Screen, 180° Rotation, IP67 Snake Cable, 8 Lights, Gadget for Automotive Mechanical Repair","DEPSTECH","FBA","Industrial & Scientific",3903,"N/A","N/A","N/A","N/A","Borescopes",12,85.47,-12,945,830,-26,99509.88,85414.4,1460,4.3,"Depstech","China",2,0,"N/A","Large Standard-Size",3.27,6.38,9.02,1.83,94.74,261.36,"10/31/2025",40,9,2,0.65
"https://amazon.com/dp/B08519F2W9","https://m.media-amazon.com/images/I/81vQqyPM20L._SX450_.jpg","B08519F2W9","Teslong Inspection Camera, Dual Lens Borescope Camera with Light, NTS300 5"" IPS Industrial Endoscope, 1080P Waterproof Flexible Mechanic Fiber Optic Snake Scope Cam for Wall Automotive Engine (3.3FT)","Teslong","FBA","Industrial & Scientific",3933,"N/A","N/A","N/A","N/A","Borescopes",13,139.99,-15,1171,223,-38,181554.07,31258.52,3599,4.5,"Teslong","China",1,14285,"N/A","Large Standard-Size",4.29,11.57,13.3,3.33,332.37,916.87,"11/30/2025",72,9,4,0.33
"https://amazon.com/dp/B0DH1XWTKK","https://m.media-amazon.com/images/I/71tI6IQjyDL._SX450_.jpg","B0DH1XWTKK","Endoscope Camera with Light: Dual Lens Industrial Endoscope Borescope - 1080P HD Borescope Camera with Light- 16.4FT Flexible Waterproof Inspection Bore Scope for Plumbing Automotive Sewer","TGJOR","FBA","Industrial & Scientific",3990,797409341857,"N/A",0797409341857,"N/A","Borescopes",16,39.99,-21,2063,625,-63,81022.18,20751.58,1007,4.5,"Macmason","USA",4,0,"N/A","Large Standard-Size",2.44,5.31,7.99,1.08,52.12,143.78,"11/30/2025",18,7,4,2.05
"https://amazon.com/dp/B0CC27QRQ6","https://m.media-amazon.com/images/I/815uIwgUtsL._SX450_.jpg","B0CC27QRQ6","1920P Snake Inspection Borescope, Pancellent Type C Endoscope, Scope Camera with 8 LED Lights for Android and iOS Smartphone, iPhone, iPad, Samsung (16.5 FT/5M)","pancellent","FBA","Industrial & Scientific",3997,754469800397,"N/A",0754469800397,"N/A","Borescopes",16,22.43,-21,2334,1231,12,47472.21,25127.91,1864,4.4,"One Discount","Hong Kong",1,0,"N/A","Large Standard-Size",2.28,5.2,5.2,0.6,31.05,85.65,"06/30/2025",15,8,2,1.25
"https://amazon.com/dp/B0B28HRSBP","https://m.media-amazon.com/images/I/710je2VzO3L._SX450_.jpg","B0B28HRSBP","DXZtoz Two-Way Articulating Borescope with Light, Video Industrial Endoscope Inspection Camera with 0.33in Articulated Scope for Engine Automotive Aircraft Mechanics- 5.5FT","DXZtoz","FBA","Industrial & Scientific",4080,"N/A","N/A","N/A","N/A","Borescopes",14,139.39,-25,1309,1309,-74,182462.09,182448.9,1667,4.6,"DXZtoz-USA","China",1,27443,60,"Large Standard-Size",3.11,8.62,14.72,3.11,198.68,548.08,"11/30/2025",45,6,0,0.79
"https://amazon.com/dp/B0BV98JZ22","https://m.media-amazon.com/images/I/81Go+aw3BIL._SX450_.jpg","B0BV98JZ22","SKYBASIC Industrial Endoscope Borescope Camera with Light, 4.3'' HD Digital Handheld Waterproof Sewer Tools Snake Inspection Camera with 8 LED Lights 16.5FT Semi-Rigid Cable, Gadgets for Men","SKYBASIC","FBA","Industrial & Scientific",4125,"N/A","N/A","N/A","N/A","Borescopes",14,26.99,-13,1369,1085,63,43897.54,30064.37,2727,4.4,"PENGERKEJI","China",1,0,"N/A","Large Standard-Size",3.15,5.35,7.72,1.15,65.52,180.74,"01/31/2026",37,8,3,0.5
"https://amazon.com/dp/B0F1CXQ3YS","https://m.media-amazon.com/images/I/81--qbmCjTL._SX450_.jpg","B0F1CXQ3YS","Endoscope Camera with Light, 1920P HD Borescope Inspection Camera with 4.3"" IPS Screen, AukonVee IP67 Waterproof with 8 LEDs & 16.5ft Semi-Rigid Snake Camera for Automotive Pipe Tools Gadgets for Men","AukonVee","FBA","Industrial & Scientific",4165,"N/A","N/A","N/A","N/A","Borescopes",15,29.99,-18,1850,1330,1,61658.63,39881.92,478,4.5,"Shenzhen Qiuchen Electronics Co., LTD","China",1,0,"N/A","Large Standard-Size",2.72,5.55,7.24,1.06,55.03,151.8,"10/31/2025",12,9,2,3.87
"https://amazon.com/dp/B0FGD1CNPW","https://m.media-amazon.com/images/I/71OkUuNTZqL._SX450_.jpg","B0FGD1CNPW","Borescope Dual Lens Endoscope Camera with Light, 4.3"" IPS 1920P HD Inspection Camera, 7.9mm IP67 Waterproof with 8+1 Adjustable LEDs, 16.5FT Semi-Rigid Snake Cable for Mechanic, Cool Gadgets for Men","AukonVee","FBA","Industrial & Scientific",4165,"N/A","N/A","N/A","N/A","Borescopes",15,39.99,-30,1850,520,1,61658.63,21762.01,478,4.5,"Shenzhen Qiuchen Electronics Co., LTD","China",1,0,"N/A","Large Standard-Size",2.95,5.55,7.17,0.97,59.1,163.04,"10/31/2025",8,9,2,3.87
"https://amazon.com/dp/B0DH1XMKHX","https://m.media-amazon.com/images/I/71P2ANHmODL._SX450_.jpg","B0DH1XMKHX","Two-Way Articulating Borescope Camera with Light: Borescope Industrial Endoscope Camera - Flexible Waterproof Inspection Bore Scope for Plumbing Automotive Sewer","TGJOR","FBA","Industrial & Scientific",4267,797409341895,"N/A",0797409341895,"N/A","Borescopes",16,89.99,-20,2063,66,-63,81022.18,5051.79,1007,4.5,"Macmason","USA",1,0,"N/A","Large Standard-Size",2.05,5.55,12.71,0.99,72.81,200.84,"11/30/2025",18,7,4,2.05
"https://amazon.com/dp/B0DWSKVF5H","https://m.media-amazon.com/images/I/7151iHyMsAL._SX450_.jpg","B0DWSKVF5H","Endoscope Camera with Light: 5"" Dual-Lens Inspection Borescope Camera for Sewer - 16.4ft Waterproof Industrial Endoscope - Flexible Snake Bore Scope for Plumbing Automotive","TGJOR","FBA","Industrial & Scientific",4267,797387548743,"N/A",0797387548743,"N/A","Borescopes",16,49.99,-27,2063,994,-63,81022.18,42877.35,1007,4.5,"Macmason","USA",1,0,"N/A","Large Standard-Size",2.4,6.14,8.54,1.04,63.44,175.02,"11/30/2025",13,7,4,2.05
"https://amazon.com/dp/B08519V6GW","https://m.media-amazon.com/images/I/51J791wpJcL._SX450_.jpg","B08519V6GW","Teslong Inspection Camera, Dual Lens Borescope Camera with Light, NTS300 5"" IPS Industrial Endoscope, 1080P Waterproof Flexible Mechanic Fiber Optic Snake Scope Cam for Wall Automotive Engine (10FT)","Teslong","FBA","Industrial & Scientific",4372,"N/A","N/A","N/A","N/A","Borescopes",16,149.99,-36,1171,132,-38,181554.07,19761.22,3599,4.5,"Teslong","China",1,14285,"N/A","Large Standard-Size",4.29,11.69,13.23,3.97,334.05,921.51,"11/30/2025",72,9,4,0.33
"https://amazon.com/dp/B07TV2BFVR","https://m.media-amazon.com/images/I/810+tddgNZL._SX450_.jpg","B07TV2BFVR","Teslong Inspection Camera, Dual Lens Borescope Camera with Light, NTS300 5"" IPS Industrial Endoscope, 1080P Waterproof Flexible Mechanic Fiber Optic Snake Scope Cam for Wall Automotive Engine (16.5FT)","Teslong","FBA","Industrial & Scientific",4375,"N/A","N/A","N/A","N/A","Borescopes",16,159.99,-24,1171,816,-38,181554.07,130533.97,3599,4.5,"Teslong","China",1,14285,"N/A","Large Standard-Size",4.21,11.77,13.3,4.67,331.81,915.33,"11/30/2025",80,9,4,0.33
"https://amazon.com/dp/B0CTK6H91J","https://m.media-amazon.com/images/I/81FjwcRqaWL._SX450_.jpg","B0CTK6H91J","0.216 in Ultra-Thin Snake Inspection Borescope, Pancellent Type C Endoscope, Scope 1920P with 6 LED Lights for Android and iOS Smartphone, iPhone, iPad, Samsung (16.5FT)","pancellent","FBA","Industrial & Scientific",4403,754469800465,"N/A",0754469800465,"N/A","Borescopes",17,22.43,-16,2334,1103,12,47472.21,22327.41,400,4.4,"One Discount","Hong Kong",1,0,"N/A","Large Standard-Size",1.46,4.88,5.2,0.42,18.61,51.33,"06/30/2025",17,7,2,5.84
"https://amazon.com/dp/B0DWSNQWJ1","https://m.media-amazon.com/images/I/71g1VZcnmfL._SX450_.jpg","B0DWSNQWJ1","Endoscope Camera with Light: 4.3"" Inspection Borescope Camera for Sewer - 16.4ft Waterproof Industrial Endoscope - Flexible Snake Bore Scope for Plumbing Automotive","TGJOR","FBA","Industrial & Scientific",4563,797387548729,"N/A",0797387548729,"N/A","Borescopes",16,35.99,-28,2063,379,-63,81022.18,12332.55,1007,4.5,"Macmason","USA",1,0,"N/A","Large Standard-Size",2.44,6.02,8.82,0.88,65.23,179.94,"11/30/2025",13,7,4,2.05
"https://amazon.com/dp/B0DQWPHX21","https://m.media-amazon.com/images/I/71-Rr5AjQdL._SX450_.jpg","B0DQWPHX21","Anykit USB Endoscope Camera with 8 Adjustable LED Lights, Borescope with Semi-Rigid Snake Camera, IP67 Waterproof Inspection Cam Compatible with iPhone and Android Devices (33ft)","Anykit","FBA","Industrial & Scientific",4643,"N/A","N/A","N/A","N/A","Borescopes",18,39.99,"N/A",1041,177,-85,35096.75,7088.01,330,4.4,"AnyKit","China",1,0,"N/A","Large Standard-Size",2.24,5.39,5.87,1.15,35.75,98.62,"11/30/2025",12,9,4,3.16
"https://amazon.com/dp/B0DQW68W1T","https://m.media-amazon.com/images/I/71NNX-k3XML._SX450_.jpg","B0DQW68W1T","Anykit USB Endoscope Camera with 8 Adjustable LED Lights, Borescope with Semi-Rigid Snake Camera, IP67 Waterproof Inspection Cam Compatible with iPhone and Android Devices (9.8 ft)","Anykit","FBA","Industrial & Scientific",4646,"N/A","N/A","N/A","N/A","Borescopes",18,29.99,-21,1041,609,-85,35096.75,17636.71,330,4.4,"AnyKit","China",1,0,"N/A","Large Standard-Size",1.42,5.35,5.43,0.46,20.76,57.26,"11/30/2025",12,9,4,3.16
"https://amazon.com/dp/B0FGDC15DP","https://m.media-amazon.com/images/I/415rywOUUWL._SX450_.jpg","B0FGDC15DP","Anykit USB Endoscope Camera with 8 Adjustable LED Lights, Borescope with Semi-Rigid Snake Camera, IP67 Waterproof Inspection Cam Compatible with iPhone and Android Devices (50 ft)","Anykit","FBA","Industrial & Scientific",4647,"N/A","N/A","N/A","N/A","Borescopes",18,49.99,-13,1041,84,-85,35096.75,4217.11,330,4.4,"AnyKit","China",1,0,"N/A","Large Standard-Size",2.13,6.3,6.42,1.41,43.37,119.65,"11/30/2025",7,8,4,3.16
"https://amazon.com/dp/B0DQWS9NDW","https://m.media-amazon.com/images/I/71cpf7OziSL._SX450_.jpg","B0DQWS9NDW","Anykit USB Endoscope Camera with 8 Adjustable LED Lights, Borescope with Semi-Rigid Snake Camera, IP67 Waterproof Inspection Cam Compatible with iPhone and Android Devices (16.5 ft)","Anykit","FBA","Industrial & Scientific",4698,"N/A","N/A","N/A","N/A","Borescopes",17,35.99,5,1041,171,-85,35096.75,6148.53,330,4.4,"AnyKit","China",1,0,"N/A","Large Standard-Size",1.46,5.31,5.35,0.68,20.88,57.61,"11/30/2025",12,9,4,3.16
"https://amazon.com/dp/B0BXSMSS7M","https://m.media-amazon.com/images/I/81Zwo0Na2zL._SX450_.jpg","B0BXSMSS7M","Daxiongmao Endoscope Camera with Light, 1080P HD Borescope with 8 Adjustable Lights, IP67 Waterproof Snake Camera, Ideal for Inspecting Walls, Vents, Automotive Engines, Pipes - Tool for Men (16.4 ft)","Daxiongmao","FBA","Industrial & Scientific",4743,739944331634,"N/A",0739944331634,"N/A","Borescopes",19,41.99,-12,1210,730,-79,56201.58,26196.42,2076,4.4,"leersi_jet","China",1,0,"N/A","Large Standard-Size",3.19,6.02,12.52,1.23,121.08,334.02,"11/30/2025",36,9,3,0.58
"https://amazon.com/dp/B0CJC65Q9P","https://m.media-amazon.com/images/I/71zYq4Q7FML._SX450_.jpg","B0CJC65Q9P","Daxiongmao Endoscope Camera with Light, 1080P HD Borescope, IP67 Waterproof Snake Camera – Ideal for Inspecting Walls, Vents, Automotive Engines, Pipes – A Great Gift Tool for Men (33ft)","Daxiongmao","FBA","Industrial & Scientific",4855,739944332570,"N/A",0739944332570,"N/A","Borescopes",19,59.99,-23,1210,342,-79,56201.58,20541.98,2076,4.4,"leersi_jet","China",1,0,"N/A","Large Standard-Size",3.7,6.1,12.64,1.65,143.63,396.23,"11/30/2025",6,7,3,0.58
"https://amazon.com/dp/B0FMY9WR1H","https://m.media-amazon.com/images/I/610NER6Q-SL._SX450_.jpg","B0FMY9WR1H","Vorth Endoscope Camera with Light, 1920P HD Borescope with 8 LED Lights, 16.5 FT Semi-Rigid Snake Inspection Camera, IP67 Waterproof Drain Pipe Borescope Mens Tool for iOS and Android","Vorth","FBA","Industrial & Scientific",5138,797465557018,"N/A",0797465557018,"N/A","Borescopes",20,16.99,-21,898,768,-32,18826.97,15597.48,310,4.3,"VorthDirect","China",1,0,"N/A","Large Standard-Size",1.46,5,5.2,0.46,19.06,52.57,"11/30/2025",6,9,2,2.9
"https://amazon.com/dp/B0DH24P6NY","https://m.media-amazon.com/images/I/81JP1OoYSxL._SX450_.jpg","B0DH24P6NY","Teslong 50FT Sewer Camera, Dual Lens Borescope with Light, 4.3"" HD Drain Plumbing Endoscope Inspection Camera, Home Waterproof Flexible in Wall Cam Pipe Tools, Snake Scope for Air Duct HVAC","Teslong","FBA","Industrial & Scientific",5405,450371942896,00450371942896,0450371942896,"N/A","Borescopes",21,99.99,-39,1148,81,337,77804.17,7073.73,139,4.5,"Teslong","China",1,5197,"N/A","Large Standard-Size",3.07,9.96,14.13,3.26,217.53,600.08,"01/31/2026",18,9,3,8.26
"https://amazon.com/dp/B0DH1ZGT5X","https://m.media-amazon.com/images/I/71No7KjLKIL._SX450_.jpg","B0DH1ZGT5X","Dual Lens Endoscope Camera with Light, Teslong 4.3"" HD Snake Borescope Inspection Camera, Automotive Scope Cam with Flexible Cable, Home Waterproof Fiber Optic for Sewer Drain Pipe (3.3FT)","Teslong","FBA","Industrial & Scientific",5412,"N/A","N/A","N/A","N/A","Borescopes",21,69.99,-18,1148,346,337,77804.17,20206.22,139,4.5,"Teslong","China",1,5197,"N/A","Large Standard-Size",3.78,7.56,10.79,1.34,155.24,428.26,"01/31/2026",18,8,3,8.26
"https://amazon.com/dp/B0DGGM7X88","https://m.media-amazon.com/images/I/71mKaL7S47L._SX450_.jpg","B0DGGM7X88","Dual Lens Endoscope Camera with Light, Teslong 4.3"" HD Snake Borescope Inspection Camera, Automotive Scope Cam with Flexible Cable, Home Waterproof Fiber Optic for Sewer Drain Pipe (16.5FT)","Teslong","FBA","Industrial & Scientific",5816,"N/A","N/A","N/A","N/A","Borescopes",21,79.99,-30,1148,721,337,77804.17,50514.96,139,4.5,"Teslong","China",1,5197,"N/A","Large Standard-Size",4.06,7.56,10.59,1.74,163.65,451.45,"01/31/2026",18,9,3,8.26
"https://amazon.com/dp/B0DT4H7QQM","https://m.media-amazon.com/images/I/71wx32xXA9L._SX450_.jpg","B0DT4H7QQM","Teslong Two-Way Articulating Borescope, 5.5mm Slim Probe, 5.0'' Industrial Endoscope with Light, 5FT Flexible Snake Scope for Automotive, HVAC & Mechanics","Teslong","FBA","Industrial & Scientific",5878,"N/A","N/A","N/A","N/A","Borescopes",21,139.99,-10,1352,1352,13,178555.44,178552.11,286,4.6,"Teslong","China",2,10397,"N/A","Large Standard-Size",3.46,8.62,16.73,2.69,251.22,693.02,"10/31/2025",14,9,0,4.76
"https://amazon.com/dp/B0FNMZP57S","https://m.media-amazon.com/images/I/71tpf9qbiuL._SX450_.jpg","B0FNMZP57S","Teslong 50FT USB-C Borescope Inspection Camera with Light, Flexible Waterproof Endoscope Snake Cable, Compatible Only with iPhone 15/16, USB-C iPads & Android Phones for DIY Pipe & Drain Inspection","Teslong","FBA","Industrial & Scientific",5947,"N/A","N/A","N/A","N/A","Borescopes",24,49.99,-22,1320,119,-14,38240.74,5429.78,1045,4.4,"Teslong","China",1,13097,"N/A","Large Standard-Size",2.09,6.18,6.42,1.48,41.75,115.17,"11/30/2024",6,9,3,1.26
"https://amazon.com/dp/B0C1GFBTDC","https://m.media-amazon.com/images/I/71aoW5wI5oL._SX450_.jpg","B0C1GFBTDC","USB C Endoscope Camera with Light, Teslong Type-C Snake Borescope Camera with 8 LED Lights, 10FT Flexible Waterproof Inspection Cam, Fiber Optic Scope Compatible with iPhone 15/16/17, Android Phone","Teslong","FBA","Industrial & Scientific",6033,"N/A","N/A","N/A","N/A","Borescopes",24,29.99,-26,1320,1201,-14,38240.74,32799.28,1045,4.4,"Teslong","China",1,13097,"N/A","Large Standard-Size",1.42,5.35,5.39,0.44,20.62,56.87,"11/30/2024",35,9,3,1.26
"https://amazon.com/dp/B0DK965BZP","https://m.media-amazon.com/images/I/71Bg-gNmDnL._SX450_.jpg","B0DK965BZP","Teslong Endoscope Borescope with Light, Snake Inspection Camera for Automotive Engine, Waterproof Fiber Optic Camera for Mechanics - Ideal for Wall, Vent, Wire Video Scope (16.5FT)","Teslong","FBA","Industrial & Scientific",6103,"N/A","N/A","N/A","N/A","Borescopes",23,49.99,-24,1387,1387,-62,61231.02,61230.9,391,4.5,"Teslong","China",1,12742,"N/A","Large Standard-Size",1.85,9.29,9.92,1.12,85.88,236.91,"11/30/2025",16,9,0,3.59
"https://amazon.com/dp/B0F62WJY8N","https://m.media-amazon.com/images/I/71oLSPHGXML._SX450_.jpg","B0F62WJY8N","DEPSTECH 10FT Articulating Endoscope Camera with Light: Dual Lens Industrial Borescope with 4.5"" Screen and Flexible Cable, Video Inspection Snake Scope Camera Tool for Wall, Auto, Pipe, Mechanics","DEPSTECH","FBA","Industrial & Scientific",6671,"N/A","N/A","N/A","N/A","Borescopes",25,159.99,-12,753,478,-35,110469.39,76476.57,372,4.6,"Depstech","China",1,0,"N/A","Large Standard-Size",3.11,8.54,17.09,3.22,228.53,630.42,"10/31/2025",8,9,2,2.02
"https://amazon.com/dp/B0FMY9V1KD","https://m.media-amazon.com/images/I/61sFaUK7vGL._SX450_.jpg","B0FMY9V1KD","Vorth Endoscope Camera with Light, 1920P HD Borescope with 8 LED Lights, 33 FT Semi-Rigid Snake Inspection Camera, IP67 Waterproof Drain Pipe Borescope Mens Tool for iOS and Android","Vorth","FBA","Industrial & Scientific",6819,797465557025,"N/A",0797465557025,"N/A","Borescopes",26,22.09,-45,898,130,-32,18826.97,3220.63,310,4.3,"VorthDirect","China",1,0,"N/A","Large Standard-Size",2.24,5.08,5.35,0.82,30.65,84.55,"11/30/2025",6,9,2,2.9
"https://amazon.com/dp/B0DT16R78W","https://m.media-amazon.com/images/I/41QSI+ntNlL._SX450_.jpg","B0DT16R78W","DEPSTECH Dual Lens Two-Way Articulating Borescope Camera with Light, 4.5"" Screen and 5FT Flexible Snake Scope Industrial Endoscope, Inspection Video Camera Tool for Wall, Engine, Auto, Mechanics","DEPSTECH","FBA","Industrial & Scientific",7180,"N/A","N/A","N/A","N/A","Borescopes",26,99.99,-27,753,275,-35,110469.39,33991.98,372,4.6,"Depstech","China",2,0,"N/A","Large Standard-Size",2.83,8.46,17.2,2.87,207.84,573.35,"10/31/2025",10,8,2,2.02
"https://amazon.com/dp/B0F13TJ58Y","https://m.media-amazon.com/images/I/71q0gKBZxFL._SX450_.jpg","B0F13TJ58Y","Endoscope Camera with Light,Inspection Camera with 4.3"" IPS Screen,1920P HD with 8 LED Lights,16.4ft Semi-Rigid Cable and Back with LED Light,IP67 Waterproof Borescope, Cool Gadgets for Men","Ferdiiz","FBA","Industrial & Scientific",7547,797457523878,00797457523878,0797457523878,"N/A","Borescopes",28,19.99,-39,548,78,,16476.87,1666.53,294,4,"Ferdiiz Endoscope-JN","China",1,0,"N/A","Large Standard-Size",2.13,5.28,7.28,1.01,41.13,113.46,"02/28/2026",12,8,6,1.86
"https://amazon.com/dp/B0CJY6SWBN","https://m.media-amazon.com/images/I/41Gli0h4WOL._SX450_.jpg","B0CJY6SWBN","Articulating Borescope with Dual Lens Endoscope Camera, Teslong Two-Way Articulated Industrial Inspection Camera with LED Light, Flexible Mechanic Fiber Optic Snake Scope Cam for Wall Automotive-5FT","Teslong","FBA","Industrial & Scientific",7878,"N/A","N/A","N/A","N/A","Borescopes",27,149.99,-19,1065,1065,-37,140762.77,140762.2,426,4.6,"Teslong","China",1,10244,191,"Large Standard-Size",3.5,9.82,17.21,3.13,297.81,821.54,"11/30/2025",27,9,0,2.56
"https://amazon.com/dp/B0DD6YVBHD","https://m.media-amazon.com/images/I/81JIm8ujCBL._SX450_.jpg","B0DD6YVBHD","DEPSTECH 50ft Sewer Camera, 1080P HD Triple Lens Borescope, 5"" IPS Screen Endoscope with Light, IP67 Waterproof Plumbing Drain Pipe Snake Inspection Camera with 32G Card, Carry Case","DEPSTECH","FBA","Industrial & Scientific",7942,"N/A","N/A","N/A","N/A","Borescopes",29,99.99,-35,805,805,20,85659.64,85654.52,322,4.4,"Depstech","China",2,8165,"N/A","Large Standard-Size",2.91,8.86,13.5,3.2,175.41,483.89,"10/31/2025",16,9,0,2.5
"https://amazon.com/dp/B0D54NQWZH","https://m.media-amazon.com/images/I/61ZtyftUijL._SX450_.jpg","B0D54NQWZH","Klein Tools ET17 Utility Borescope with 5.5 mm 9.8-Foot Waterproof Gooseneck Snake, LEDs, 4.3-Inch LCD, Attachments, Endoscope Inspection Camera","KLEIN TOOLS","Amazon","Industrial & Scientific",8129,092644694615,00092644694615,0092644694615,"N/A","Borescopes",30,102.88,-40,651,323,-39,86784,33194.57,140,4.4,"Amazon","N/A",4,6568,"N/A","Large Standard-Size",2.64,7.68,9.17,1.34,"N/A","N/A","11/30/2025",21,15,3,4.65
"https://amazon.com/dp/B0CW65T636","https://m.media-amazon.com/images/I/71XcSOrzm8L._SX450_.jpg","B0CW65T636","Endoscope Camera with Light - 4.3"" LCD Screen Inspection Cameras,IP67 Waterproof Borescope with 8 Adjustable LED Lights,HD 1080P Endoscope Camera 16.5ft Semi-Rigid Cord,gifts for men tools and gadgets","WINWEND","FBA","Industrial & Scientific",8164,739944333584,"N/A",0739944333584,"N/A","Borescopes",29,29.96,-26,986,986,-37,29544.57,29534.58,401,4.5,"POWEHIGH","China",1,9882,"N/A","Large Standard-Size",3.11,5.24,7.76,1.08,63.67,175.64,"11/30/2025",24,8,1,2.46
"https://amazon.com/dp/B0C3B32Q9Z","https://m.media-amazon.com/images/I/817fAE6+dSL._SX450_.jpg","B0C3B32Q9Z","DXZtoz Dual-Lens Articulating Borescope with Light, 5'' Screen Engine Endoscope Inspection Camera with 0.33in Articulated Snake Camera, 1080P Videoscope for Automotive Home Mechanics-5FT","DXZtoz","FBA","Industrial & Scientific",8258,"N/A","N/A","N/A","N/A","Borescopes",30,135.99,-23,848,848,23,111434.15,111430.53,530,4.5,"DXZtoz-USA","China",1,11904,100,"Large Standard-Size",3.9,10.91,14.76,3.73,316.19,872.25,"06/30/2025",34,6,0,1.6
"https://amazon.com/dp/B0DCHMC6L8","https://m.media-amazon.com/images/I/51nf8-GfQtL._SX450_.jpg","B0DCHMC6L8","Klein Tools ET18 Plumbing Borescope with 5.5 mm 4.9-Foot Armored Waterproof Gooseneck Snake, LEDs, 4.3-Inch LCD, Endoscope Inspection Camera","KLEIN TOOLS","Amazon","Industrial & Scientific",8307,092644694639,"N/A",0092644694639,"N/A","Borescopes",30,139.99,-26,641,67,-40,84713.98,9305.98,140,4.4,"Amazon","N/A",4,6566,"N/A","Large Standard-Size",2.72,7.72,9.13,1.5,"N/A","N/A","11/30/2025",19,12,3,4.58
"https://amazon.com/dp/B0DLDS8N7D","https://m.media-amazon.com/images/I/61RmFzDkOhL._SX450_.jpg","B0DLDS8N7D","Klein Tools ET19 Wi-Fi Pro Borescope with Dual-Lens, 5.5 mm 9.8-Foot Armored Waterproof Gooseneck Snake, LEDs, 4.3-Inch LCD, Endoscope Inspection","KLEIN TOOLS","Amazon","Industrial & Scientific",8317,092644694721,"N/A",0092644694721,"N/A","Borescopes",30,169.99,-12,641,243,-40,84713.98,41294.21,140,4.4,"Amazon","N/A",2,6566,"N/A","Large Standard-Size",2.72,7.76,9.09,1.81,"N/A","N/A","11/30/2025",16,14,3,4.58
"https://amazon.com/dp/B0CL4KT182","https://m.media-amazon.com/images/I/71wiGYsY9+L._SX450_.jpg","B0CL4KT182","Teslong 50FT USB-C Borescope Camera with Light, Only Compatible with iPhone 15/16/17 Android Phones, 50 ft Flexible Waterproof Endoscope for DIY Pipe Inspection with Drain Snake","Teslong","FBA","Industrial & Scientific",8705,"N/A","N/A","N/A","N/A","Borescopes",32,39.99,-9,833,833,39,33296.4,33296.28,852,4.2,"Teslong","China",1,11143,"N/A","Large Standard-Size",2.13,6.22,6.46,1.48,42.99,118.59,"04/30/2025",26,9,3,0.98
"https://amazon.com/dp/B0F5Q2YXY5","https://m.media-amazon.com/images/I/61+u21fRlwL._SX450_.jpg","B0F5Q2YXY5","Borescope Camera with Light, 1080P HD Endoscope with 8 Adjustable LEDs, 4.3"" Inspection Camera with 16.4ft Semi-Rigid Cable, 8mm IP67 Waterproof Lens-Father's Day Gift&Cool Gadgets for Men","ILIHOME","FBA","Industrial & Scientific",8965,"N/A","N/A","N/A","N/A","Borescopes",32,24.99,-10,8,311,,203.62,7743.55,411,4.4,"ILIHOME-USA","China",1,0,"N/A","Large Standard-Size",2.91,5.71,8.54,1.17,71.44,197.09,"06/30/2025",10,9,0,0.02
"https://amazon.com/dp/B0FC28BL5R","https://m.media-amazon.com/images/I/61bvfgi2dPL._SX450_.jpg","B0FC28BL5R","Triple Lens Endoscope Camera with Light,7 ""IPS Screen Sewer Camera,1920 P HD 8 mm Snake Camera,8+2 Adjustable LED Lights, 16.5FT Semi-Rigid Cable,5200 mAh with Pipelines,Walls,Pipe HVAC(32GCard)","Ferdiiz","FBA","Industrial & Scientific",9104,797457572517,00797457572517,0797457572517,"N/A","Borescopes",33,69.99,-17,548,14,,16476.87,1042.17,293,4,"Ferdiiz  PY-NA","China",1,0,"N/A","Large Standard-Size",3.9,8.03,11.85,3.02,186.77,515.23,"02/28/2026",6,1,6,1.87
"https://amazon.com/dp/B0F13SV3DP","https://m.media-amazon.com/images/I/71gUPMEEeSL._SX450_.jpg","B0F13SV3DP","Endoscope Camera with Light,Inspection Camera with 4.3"" IPS Screen,1920P HD with 8 LED Lights,32.8ft Semi-Rigid Cable and Back LED Light,IP67 Waterproof Borescope, Cool Gadgets for Men","Ferdiiz","FBA","Industrial & Scientific",9104,797457523892,00797457523892,0797457523892,"N/A","Borescopes",33,20.99,-48,548,34,,16476.87,808.95,294,4,"Ferdiiz  PY-NA","China",1,0,"N/A","Large Standard-Size",2.68,5.24,7.48,1.39,52.79,145.64,"02/28/2026",12,8,6,1.86
"https://amazon.com/dp/B0F13SHCYH","https://m.media-amazon.com/images/I/51Dz2TRL83L._SX450_.jpg","B0F13SHCYH","Dual-Lens Borescope with Light,Endoscope Camera with Light with 4.3"" IPS Screen,1920P HD with 8 LED Lights,32.8ft Semi-Rigid Cable and Back LED Light,IP67 Waterproof Borescope, Cool Gadgets for Men","Ferdiiz","FBA","Industrial & Scientific",9108,797457523908,00797457523908,0797457523908,"N/A","Borescopes",33,33.99,-27,548,23,,16476.87,803.03,293,4,"Ferdiiz  PY-NA","China",2,0,"N/A","Large Standard-Size",2.64,5.39,7.48,1.43,53.58,147.81,"02/28/2026",12,8,6,1.87
"https://amazon.com/dp/B0F13BKB4P","https://m.media-amazon.com/images/I/71r5xbU5CTL._SX450_.jpg","B0F13BKB4P","Dual-Lens Endoscope with Light, Endoscope Camera with Light with 4.3"" IPS Screen,1920P HD with 8 LED Lights,16.4ft Semi-Rigid Cable and Back LED Light,IP67 Waterproof Endoscope Cool Gadgets for Men","Ferdiiz","FBA","Industrial & Scientific",9121,797457523885,00797457523885,0797457523885,"N/A","Borescopes",33,23.99,-44,548,381,,16476.87,11053.44,294,4,"Ferdiiz  PY-NA","China",1,0,"N/A","Large Standard-Size",2.09,5.28,7.32,1.01,40.59,111.96,"02/28/2026",12,8,6,1.86
"https://amazon.com/dp/B0FC2BD267","https://m.media-amazon.com/images/I/71u-JrjugAL._SX450_.jpg","B0FC2BD267","Dual Lens Endoscope Camera with Light,7 ""IPS Screen Sewer Camera,1920 P HD 8 mm Snake Camera,8+2 Adjustable LED Lights, 16.5FT Semi-Rigid Cable,5200 mAh with Pipelines,Walls,Pipe HVAC(32GCard)","Ferdiiz","FBA","Industrial & Scientific",9121,797457572524,00797457572524,0797457572524,"N/A","Borescopes",33,59.99,-25,548,18,,16476.87,1096.86,294,4,"Ferdiiz Endoscope-JN","China",1,0,"N/A","Large Standard-Size",3.78,8.03,11.93,3.02,182.31,502.93,"02/28/2026",9,9,6,1.86
"https://amazon.com/dp/B0FYX5KL3L","https://m.media-amazon.com/images/I/71HySbGbKML._SX450_.jpg","B0FYX5KL3L","CTEOUNPT Endoscope Camera with Light, 1920P HD Borescope Inspection Camera with 8 Adjustable LEDs, IP67 Waterproof Semi-Rigid Snake Cable for Android, iPhone, and iPad(32.8ft, Single Lens)","CTEOUNPT","FBA","Industrial & Scientific",9336,"N/A","N/A","N/A","N/A","Borescopes",34,28.99,-30,768,42,-1,20166.65,1208.27,212,4.5,"FUBRAIN","China",1,0,"N/A","Large Standard-Size",2.24,5,5.28,0.75,29.77,82.13,"01/31/2026",3,7,4,3.62
"https://amazon.com/dp/B0FRZYLZXT","https://m.media-amazon.com/images/I/81rTiJkeNdL._SX450_.jpg","B0FRZYLZXT","Vorth Endoscope Camera with Light, 4.3"" IPS Screen 1080P Borescope with 8 LED Lights, 16.5 FT Semi-Rigid Cable Snake Camera, IP67 Waterproof Sewer Inspection Men Tool Single Lens","Vorth","FBA","Industrial & Scientific",9530,"N/A","N/A","N/A","N/A","Borescopes",34,23.99,-33,404,216,-59,10140.37,5260.62,236,4.6,"VorthDirect","China",1,0,"N/A","Large Standard-Size",3.19,5.67,7.76,1.17,70.67,194.94,"11/30/2025",5,9,6,1.71
"https://amazon.com/dp/B0DMWHM8FP","https://m.media-amazon.com/images/I/718ZsbSFt9L._SX450_.jpg","B0DMWHM8FP","[Dual Lens] Endoscope Camera with Light, 1920P HD Borescope with 8 Adjustable LED Lights, Borescope with 32.8ft Semi-Rigid Snake Camera with Light, 7.9mm IP67 Waterproof Endoscope for iOS and Android","Ferdiiz","FBA","Industrial & Scientific",9531,"N/A",06976790930916,"N/A","N/A","Borescopes",35,22.99,-13,522,57,-61,8736.79,1314.8,1287,4.5,"Ferdiiz Endoscope-JN","China",2,0,"N/A","Large Standard-Size",1.02,8.43,8.54,0.82,37.1,102.33,"11/30/2025",15,9,4,0.41
"https://amazon.com/dp/B0DMK8VRYF","https://m.media-amazon.com/images/I/71iqZ+Del3L._SX450_.jpg","B0DMK8VRYF","Endoscope Camera with Light, 1920P HD Borescope with 8 Adjustable LED Lights, Borescope with 16.4ft Semi-Rigid Snake Camera with Light, 7.9mm IP67 Waterproof Inspection Endoscope for iOS and Android","Ferdiiz","FBA","Industrial & Scientific",9557,"N/A",06976790930695,"N/A","N/A","Borescopes",35,13.99,-32,522,374,-61,8736.79,5592,1287,4.5,"Ferdiiz  PY-NA","China",3,0,"N/A","Large Standard-Size",0.94,7.09,7.13,0.46,24.02,66.27,"11/30/2025",15,9,4,0.41
"https://amazon.com/dp/B0FGJ8WVGP","https://m.media-amazon.com/images/I/71L+bcoNxzL._SX450_.jpg","B0FGJ8WVGP","Anykit Articulating Borescope, 210° Two-Way 0.22in Slim Probe Endoscope with High-Brightness LED Lights, 4.3"" IPS HD Video Inspection Snake Camera for Automotive Engine Inspect - 4FT","Anykit","FBA","Industrial & Scientific",10194,"N/A","N/A","N/A","N/A","Borescopes",34,79.99,-5,682,682,10,52771.85,52764.91,76,4.6,"AnyKit","China",1,0,"N/A","Large Standard-Size",3.27,8.74,15.16,1.5,218.14,601.76,"11/30/2025",6,9,0,9.22
"https://amazon.com/dp/B0FYX7DVDS","https://m.media-amazon.com/images/I/71LMcVi+2ZL._SX450_.jpg","B0FYX7DVDS","CTEOUNPT Endoscope Camera with Light, 1920P HD Borescope Inspection Camera with 8 Adjustable LEDs, IP67 Waterproof Semi-Rigid Snake Cable for Android, iPhone, and iPad(32.8ft, Dual Lens)","CTEOUNPT","FBA","Industrial & Scientific",10339,"N/A","N/A","N/A","N/A","Borescopes",36,32.99,10,768,70,-1,20166.65,2317.63,217,4.4,"FUBRAIN","China",1,0,"N/A","Large Standard-Size",2.13,5.04,5.55,0.75,30,82.75,"01/31/2026",3,7,4,3.54
"https://amazon.com/dp/B0DNCRGXL8","https://m.media-amazon.com/images/I/61RqPHVg9OL._SX450_.jpg","B0DNCRGXL8","CTEOUNPT Endoscope Camera with Light, 1920P HD Borescope Inspection Camera with 8 Adjustable LEDs, IP67 Waterproof Semi-Rigid Snake Cable for Android, iPhone, and iPad(16.4ft, Dual Lens)","CTEOUNPT","FBA","Industrial & Scientific",10341,"N/A","N/A","N/A","N/A","Borescopes",36,27.99,11,768,220,-1,20166.65,6152.49,217,4.4,"FUBRAIN","China",1,0,"N/A","Large Standard-Size",1.46,5.04,5.16,0.42,19.12,52.74,"01/31/2026",14,8,4,3.54
"https://amazon.com/dp/B0DMK6P7V5","https://m.media-amazon.com/images/I/71XPIf4nBSL._SX450_.jpg","B0DMK6P7V5","Dual Lens Endoscope Camera with Light, 1920P HD Borescope with 8 Adjustable LED Lights, Borescope with 16.4ft Semi-Rigid Snake Camera with Light, 7.9mm IP67 Waterproof Endoscope for iOS and Android","Ferdiiz","Amazon","Industrial & Scientific",10398,797457523823,06976790930701,0797457523823,"N/A","Borescopes",35,29.99,-25,522,91,-61,8736.79,1824.66,1287,4.5,"Amazon","N/A",1,0,"N/A","Large Standard-Size",0.98,7.13,7.2,0.46,"N/A","N/A","11/30/2025",15,10,4,0.41
"https://amazon.com/dp/B0DXKXXNLJ","https://m.media-amazon.com/images/I/716zv718x-L._SX450_.jpg","B0DXKXXNLJ","3.9mm Endoscope Camera with Light NIDAGE 1920P HD Industrial Borescope Inspection Camera with 4.3"" IPS Screen, 5FT Semi-Rigid Cable, IP67 Waterproof Snake Cam for Car Engine Aircraft Mechanic Tools","NIDAGE","FBA","Industrial & Scientific",10460,"N/A","N/A","N/A","N/A","Borescopes",38,39.98,-10,458,458,,18326.05,18321.33,130,4.5,"TELESION","China",1,0,"N/A","Large Standard-Size",2.56,5.08,10.31,0.71,67.51,186.22,"01/31/2026",12,7,0,3.64
"https://amazon.com/dp/B0FKM8K5QX","https://m.media-amazon.com/images/I/81prQ4ilfTL._SX450_.jpg","B0FKM8K5QX","DEPSTECH Inspection Endoscope Camera with Lights: Triple Lens 5"" IPS Screen Snake Camera with 16.5FT Flexible Cable, Waterproof 1080P Industrial Borescope Tool for Auto, Wall, Sewer, Pipe, Mechanics","DEPSTECH","FBA","Industrial & Scientific",10618,"N/A","N/A","N/A","N/A","Borescopes",38,74.99,-15,960,960,-31,62837.94,62832.96,234,4.7,"DEPSTECH Authorized Store","China",1,0,"N/A","Large Standard-Size",3.03,6.38,8.31,1.5,80.87,223.08,"11/30/2025",5,7,0,4.21
"https://amazon.com/dp/B0FXL4JXC5","https://m.media-amazon.com/images/I/71IQ2n8qasL._SX450_.jpg","B0FXL4JXC5","Hialemi 3.9mm Borescope, 5"" IPS Screen 1080P Endoscope Camera with Light, Inspection Camera, 5FT Semi-Rigid Snake, IP67 Waterproof Industrial Borescope with 32GB for Automotive Aircraft Mechanic Tools","Hialemi","FBA","Industrial & Scientific",10631,"N/A","N/A","N/A","N/A","Borescopes",39,69.99,-5,102,102,,7165.23,7164.08,27,4.6,"Hialemi-US Direct","China",1,0,"N/A","Large Standard-Size",3.23,6.77,9.53,1.1,104.92,289.44,"01/31/2026",4,9,0,3.94
"https://amazon.com/dp/B0FPLN5VB7","https://m.media-amazon.com/images/I/51WQ-5rS4nL._SX450_.jpg","B0FPLN5VB7","Dual Lens Endoscope Camera with Light, FFXET 4.3"" IPS 1080P HD Inspection Camera, 8 Adjustable LEDs, 16.4ft Semi-Rigid Snake Cable, IP67 Waterproof, Borescope for Automotive,Sewer,HVAC,Wall, Men Tools","FFXET","FBA","Industrial & Scientific",10640,726852694623,"N/A",0726852694623,"N/A","Borescopes",37,37.99,-45,501,193,,16457.21,7348.97,53,4.1,"FFXET","N/A",1,0,"N/A","Large Standard-Size",2.83,5.55,7.24,1.04,57.25,157.94,"01/31/2026",6,9,3,9.45
"https://amazon.com/dp/B0FPL965MM","https://m.media-amazon.com/images/I/71OQWbR6kSL._SX450_.jpg","B0FPL965MM","FFXET Endoscope Camera with Light, 2.8"" IPS 1080P HD Handheld Borescope, 8 Adjustable LEDs, 16.4ft Semi-Rigid Snake Inspection Camera, IP67 Waterproof, for Automotive,Sewer,HVAC,Men Tools Cool Gadgets","FFXET","FBA","Industrial & Scientific",10641,726852694616,"N/A",0726852694616,"N/A","Borescopes",37,26.99,-48,501,84,,16457.21,2262.29,53,4.1,"FFXET","N/A",1,0,"N/A","Large Standard-Size",3.07,4.76,9.76,0.99,71.81,198.09,"01/31/2026",6,8,3,9.45
"https://amazon.com/dp/B0FPLZH5CM","https://m.media-amazon.com/images/I/71sGT+eIO6L._SX450_.jpg","B0FPLZH5CM","FFXET Borescope Camera with Light, 4.3"" IPS 1080P HD Handheld Endoscope, 8 Adjustable LEDs, 16.4ft Semi-Rigid Snake Cable, IP67 Waterproof, Inspection Camera for Automotive,Sewer, HVAC,Wall, Men Tools","FFXET","FBA","Industrial & Scientific",10641,726852694630,"N/A",0726852694630,"N/A","Borescopes",37,29.99,-64,501,270,,16457.21,8087.26,53,4.1,"FFXET","N/A",1,0,"N/A","Large Standard-Size",3.15,5.08,11.77,1.28,94.83,261.59,"01/31/2026",6,9,3,9.45
"https://amazon.com/dp/B0DNCQ3HYR","https://m.media-amazon.com/images/I/61-7WO1mAEL._SX450_.jpg","B0DNCQ3HYR","CTEOUNPT Endoscope Camera with Light, 1920P HD Borescope Inspection Camera with 8 Adjustable LEDs, IP67 Waterproof Semi-Rigid Snake Cable for Android, iPhone, and iPad(16.4ft, Single Lens)","CTEOUNPT","FBA","Industrial & Scientific",11147,"N/A","N/A","N/A","N/A","Borescopes",41,19.99,12,768,437,-1,20166.65,10480.83,217,4.4,"FUBRAIN","China",1,0,"N/A","Large Standard-Size",1.54,5.04,5.04,0.4,19.7,54.33,"01/31/2026",14,8,4,3.54
"https://amazon.com/dp/B0F6N3MTVX","https://m.media-amazon.com/images/I/71dT7xq+vqL._SX450_.jpg","B0F6N3MTVX","Vorth Endoscope Camera with Light, 4.3"" IPS Screen 1080P Tools Borescope with 8 LED Lights，Semi-Rigid Cable Snake Camera，IP67 Waterproof Sewer Inspection Men Tool","Vorth","FBA","Industrial & Scientific",11244,"N/A","N/A","N/A","N/A","Borescopes",42,24.98,"N/A",404,0,-59,10140.37,"-",240,4.5,"VorthDirect","China",0,0,"N/A","N/A","N/A","N/A","N/A","N/A","N/A","N/A","11/30/2025",10,9,6,1.73
"https://amazon.com/dp/B0FRZYS8J4","https://m.media-amazon.com/images/I/81UmoRGiRcL._SX450_.jpg","B0FRZYS8J4","Vorth Endoscope Camera with Light, 4.3"" IPS Screen 1080P Tools Borescope with 8 LED Lights，Semi-Rigid Cable Snake Camera, IP67 Waterproof Sewer Inspection Men Tool - 16.5FT-Dual Lens","Vorth","FBA","Industrial & Scientific",11587,"N/A","N/A","N/A","N/A","Borescopes",40,29.99,-41,404,90,-59,10140.37,2751.9,236,4.6,"VorthDirect","China",1,0,"N/A","Large Standard-Size",3.19,5.27,7.76,1.08,65.68,181.19,"11/30/2025",5,9,6,1.71
"https://amazon.com/dp/B0F6MVVXSZ","https://m.media-amazon.com/images/I/71dT7xq+vqL._SX450_.jpg","B0F6MVVXSZ","Vorth Endoscope Camera with Light, 4.3"" IPS Screen 1080P Borescope with 8 LED Lights, 16.5 FT Semi-Rigid Cable Snake Camera, IP67 Waterproof Sewer Inspection Men Tool - Dual Lens","Vorth","FBA","Industrial & Scientific",11588,762849743035,"N/A",0762849743035,"N/A","Borescopes",40,24.98,-12,404,31,-59,10140.37,770.46,240,4.5,"VorthDirect","China",1,0,"N/A","Large Standard-Size",3.11,5.35,7.83,1.08,65.69,181.21,"11/30/2025",10,9,6,1.68
"https://amazon.com/dp/B0GGLZCT28","https://m.media-amazon.com/images/I/81nO-xpPVcL._SX450_.jpg","B0GGLZCT28","T Takmly Two-Way Articulating Borescope Camera, 0.23in Industrial Endoscope Inspection Camera with LED Light, 4.3'' IPS 1080P HD Screen, 5.5FT Flexible Snake Bore Scope for Automotive Wall Mechanics","T TAKMLY","FBA","Industrial & Scientific",11875,"N/A","N/A","N/A","N/A","Borescopes",42,139.99,-115,272,0,,13893.74,"-",97,4.7,"Eight-nine-ten","China",1,0,"N/A","Large Standard-Size",9.25,3.19,16.85,3.2,250.31,690.5,"02/28/2026",2,8,3,2.8
"https://amazon.com/dp/B0DYDXH1NQ","https://m.media-amazon.com/images/I/81tF1FQLpPL._SX450_.jpg","B0DYDXH1NQ","Teslong Dual Lens Endoscope with Light, Mechanic Borescope Inspection Camera, Fiber Optic Scope, Flexible Snake Probe for Automotive, HVAC, Wall & Home Inspections (16.5FT)","Teslong","FBA","Industrial & Scientific",12096,"N/A","N/A","N/A","N/A","Borescopes",42,59.99,-23,730,730,-42,40538.52,40534.74,110,4.4,"Teslong","China",1,0,"N/A","Large Standard-Size",1.85,9.37,9.88,1.12,86.23,237.87,"11/30/2025",12,9,0,6.69
"https://amazon.com/dp/B0FJR2Y5B9","https://m.media-amazon.com/images/I/81qe2iiCCCL._SX450_.jpg","B0FJR2Y5B9","T TAKMLY Endoscope Camera with Light, Dual Lens 1080P Industrial Borescope with 8 LED Lights, 4.3'' Inspection Snake Cameras, 16.4FT Semi-Rigid Cable, IP67 Waterproof (Blue)","T TAKMLY","FBA","Industrial & Scientific",12156,"N/A","N/A","N/A","N/A","Borescopes",43,49.99,-83,272,267,,13893.74,13358.37,100,4.7,"T TAKMLY STORE","China",2,0,"N/A","Large Standard-Size",3.23,5.24,7.68,1.1,65.44,180.54,"02/28/2026",7,9,3,2.72
"https://amazon.com/dp/B0FZ851CGL","https://m.media-amazon.com/images/I/81gQ6V1WEIL._SX450_.jpg","B0FZ851CGL","T Takmly Two-Way Articulating Borescope Camera, 0.33in Industrial Endoscope Inspection Camera with LED Light, 4.3'' IPS 1080P HD Screen, 5.5FT Flexible Snake Bore Scope for Automotive Wall Mechanics","T TAKMLY","FBA","Industrial & Scientific",12156,"N/A","N/A","N/A","N/A","Borescopes",43,119.99,64,272,17,,13893.74,2094.95,100,4.7,"Eight-nine-ten","China",1,0,"N/A","Large Standard-Size",3.66,9.33,17.09,2.73,293.82,810.54,"02/28/2026",4,9,3,2.72
"https://amazon.com/dp/B0F2H49C2D","https://m.media-amazon.com/images/I/712AUPIpp6L._SX450_.jpg","B0F2H49C2D","Teslong Two-Way Articulating Borescope with Light, USB-C Endoscope Inspection Camera with 5FT Semi-Rigid Probe, Flexible Snake Scope for Home Repair, Automotive, Compatible with iPhone 15/16 & Android","Teslong","FBA","Industrial & Scientific",12264,"N/A","N/A","N/A","N/A","Borescopes",45,79.99,-24,840,840,573,62018.67,62010.15,147,4.3,"Teslong","China",1,0,"N/A","Large Standard-Size",3.5,8.6,16.7,1.95,253.08,698.15,"01/31/2026",11,9,0,5.84
"https://amazon.com/dp/B0C2P7KP5D","https://m.media-amazon.com/images/I/816TezgUnVL._SX450_.jpg","B0C2P7KP5D","1920P Endoscope Snake Inspection Camera, Lightswim Type C Borescope, Scope Camera with 8 LED Lights for Android and iOS Smartphone, iPhone, iPad, Samsung (16.5 FT/5M)","Lightswim","FBA","Industrial & Scientific",12783,792483804939,"N/A",0792483804939,"N/A","Borescopes",45,19.88,-24,1340,947,10,30655.82,19133.81,1945,4.4,"Bigger Lily store","China",1,0,"N/A","Large Standard-Size",2.24,5.12,5.24,0.6,30.26,83.47,"11/30/2025",34,8,2,0.69
"https://amazon.com/dp/B0DSFQV89R","https://m.media-amazon.com/images/I/81fpTYSU3pL._SX450_.jpg","B0DSFQV89R","Industrial HD Digital Borescope, Lightswim 1080P 4.3"" IPS Endoscope Inspection Camera with Handheld IP67 Waterproof Snake Sewer with 8 LED Lights 16.5ft Semi-Rigid Cable","Lightswim","FBA","Industrial & Scientific",12809,792483423314,"N/A",0792483423314,"N/A","Borescopes",45,28.4,79,1340,393,10,30655.82,11511.1,435,4.6,"Bigger Lily store","China",1,0,"N/A","Large Standard-Size",3.19,5.24,7.87,1.19,66.2,182.61,"11/30/2025",14,7,2,3.08
"https://amazon.com/dp/B08QCMT89N","https://m.media-amazon.com/images/I/71alONQNGYL._SX450_.jpg","B08QCMT89N","50ft Sewer Camera, Teslong 1080P Drain Plumbing Snake Inspection Camera with Light, 50 ft Flexible Borescope Endoscope Duct Fiber Optic Scope Cam","Teslong","FBA","Industrial & Scientific",12958,"N/A","N/A","N/A","N/A","Borescopes",47,109.99,-19,378,37,6,31340.37,4106.19,2322,4.3,"Teslong","China",1,4427,"N/A","Large Standard-Size",3.9,9.37,9.65,3,177.54,489.78,"05/31/2025",66,9,4,0.16
"https://amazon.com/dp/B0D3J7337C","https://m.media-amazon.com/images/I/71m1pCG0pFL._SX450_.jpg","B0D3J7337C","1920P HD 16.4FT Dual-Lens Endoscope with Light, Borescope Camera with 9 Adjustable LED Lights, Semi-Rigid Snake USB Type C for iPhone, Android and iOS Smartphones, iPad, Samsung. KEEMIKA","KEEMIKA","FBA","Industrial & Scientific",13045,"N/A","N/A","N/A","N/A","Borescopes",48,21.47,-36,686,78,-56,12225.43,1627.85,403,4.3,"KEEMIKA","USA",1,0,"N/A","Large Standard-Size",1.46,4.8,4.88,0.42,17.22,47.5,"11/30/2025",20,9,6,1.7
"https://amazon.com/dp/B0F2PQTT1G","https://m.media-amazon.com/images/I/81JhDbWkMAL._SX450_.jpg","B0F2PQTT1G","1920P HD Endoscope Camera with 8 Light, 9.8ft Ultra-Maneuverable Borescope for Smartphones, Handy Tangle-Free Snake Lightweight Inspection, Semi-Rigid Cable for Android and iOS, iPhone, iPad, Tablets","KEEMIKA","FBA","Industrial & Scientific",13078,"N/A","N/A","N/A","N/A","Borescopes",48,16.97,-27,686,608,-56,12225.43,10590.59,403,4.3,"KEEMIKA","USA",1,0,"N/A","Large Standard-Size",1.65,4.76,5.16,0.37,20.4,56.29,"11/30/2025",11,9,6,1.7
"https://amazon.com/dp/B0D5QZBDRX","https://m.media-amazon.com/images/I/71F9EyQogiL._SX450_.jpg","B0D5QZBDRX","Endoscope Camera with Light, 4.3"" HD 1920P Industrial Borescope Inspection Camera, IP67 Waterproof with 8 Adjustable LEDs, 32.8ft Semi-Rigid Snake Cable for Sewer, Automotive Engine, Pipe, HVAC","Ennovor","Amazon","Industrial & Scientific",13510,797457523854,06976790930367,0797457523854,"N/A","Borescopes",48,24.29,-36,198,165,-91,5966.97,4898.77,588,4.5,"Amazon","N/A",3,6109,"N/A","Large Standard-Size",3.23,5.43,7.72,1.15,"N/A","N/A","11/30/2025",17,8,3,0.34
"https://amazon.com/dp/B0DJKT5GJS","https://m.media-amazon.com/images/I/71nZeEbl6qL._SX450_.jpg","B0DJKT5GJS","Dual-Lens Endoscope Camera with Light, 4.3"" HD 1920P Borescope Snake Inspection Camera, IP67 Waterproof 8 Adjustable LEDs 16.4ft Semi-Rigid Tool Kit for Automotive Plumbing DIY Cool Gadgets","Ennovor","FBA","Industrial & Scientific",13527,797457523847,"N/A",0797457523847,"N/A","Borescopes",48,32.99,-25,198,23,-91,5966.97,732.59,141,4.4,"ENNOVOR","China",1,6109,"N/A","Large Standard-Size",3.11,5.24,7.76,1.1,63.59,175.43,"11/30/2025",13,10,3,1.4
"https://amazon.com/dp/B0DRP8LPF8","https://m.media-amazon.com/images/I/719ZhICY0KL._SX450_.jpg","B0DRP8LPF8","Teslong Rifle Borescope for Phone & PC, USB C Bore Scope Camera with Lights & Mirror Set, Fits .20 Caliber & Larger, Flexible Gun Cleaning Camera, Compatible with iPhone 15/16 & USB-C Android Devices","Teslong","FBA","Industrial & Scientific",13601,"N/A","N/A","N/A","N/A","Borescopes",47,65.99,-2,550,550,-10,36309.09,36303.43,180,4.4,"Teslong","China",1,0,"N/A","Large Standard-Size",1.57,8.66,8.74,1.1,60.02,165.58,"11/30/2025",14,9,0,3.13
"https://amazon.com/dp/B086X1XGN1","https://m.media-amazon.com/images/I/81TGFXG8PCL._SX450_.jpg","B086X1XGN1","Dual Lens Endoscope Camera with Light, Teslong 4.5"" HD Snake Borescope Inspection Camera, Automotive Scope Cam with Flexible Cable, Home Waterproof Fiber Optic for Sewer Drain Pipe (16.5FT)","Teslong","FBA","Industrial & Scientific",13845,"N/A","N/A","N/A","N/A","Borescopes",48,79.99,-26,378,340,6,31340.37,27230.12,2322,4.3,"Teslong","China",1,4427,"N/A","Large Standard-Size",2.99,6.73,8.07,1.63,81.76,225.54,"05/31/2025",71,8,4,0.16
"https://amazon.com/dp/B0G4GGYXBC","https://m.media-amazon.com/images/I/61TCKY7e7uL._SX450_.jpg","B0G4GGYXBC","Endoscope Camera with Light, 1920P HD Borescope Camera with 8 Adjustable LED, 16.4FT Semi-Rigid Snake, IP67 Waterproof 8mm Inspection for iOS and Android (Single-Lens)","Vafafinder","FBA","Industrial & Scientific",13903,"N/A","N/A","N/A","N/A","Borescopes",49,19.99,-15,563,183,,13506.09,4004.77,53,4.6,"Wayfinder Gift store","China",1,0,"N/A","Large Standard-Size",1.34,5.35,5.47,0.44,19.75,54.48,"01/31/2026",3,8,2,10.62
"https://amazon.com/dp/B0G4GP489T","https://m.media-amazon.com/images/I/61bPOaEvhwL._SX450_.jpg","B0G4GP489T","Borescope Camera with Light,16.4FT Semi Rigid Snake, 1920P HD Borescope Camera with 8 Adjustable LED, Borescope for iPhone IP67 Waterproof Automotive Engine Plumbing HVAC Inspection 8 mm (Dual-Lens)","Vafafinder","FBA","Industrial & Scientific",13903,"N/A","N/A","N/A","N/A","Borescopes",49,24.99,-15,563,380,,13506.09,9495.46,53,4.6,"Wayfinder Gift store","China",1,0,"N/A","Large Standard-Size",1.26,5.39,5.47,0.42,18.7,51.6,"01/31/2026",3,9,2,10.62
"https://amazon.com/dp/B0CHW4FLS7","https://m.media-amazon.com/images/I/716OSMONYAL._SX450_.jpg","B0CHW4FLS7","Articulating Borescope with Dual Lens Endoscope, Teslong 5-inch IPS Automotive Inspection Camera with Two-Way Articulation Tip, 6+1 LED Lights, Mechanics Fiber Optic Scope-Dia. 0.25 inch & L 5.0 feet","Teslong","FBA","Industrial & Scientific",13947,"N/A","N/A","N/A","N/A","Borescopes",50,299.99,-20,376,376,41,103121.02,103118.82,213,4.2,"Teslong","China",1,2908,87,"Large Standard-Size",3.5,8.58,16.69,3.28,252.34,696.11,"10/31/2025",28,8,0,1.78
"https://amazon.com/dp/B0FFGLYF7M","https://m.media-amazon.com/images/I/81kTRWGxdRL._SX450_.jpg","B0FFGLYF7M","𝟐𝟎𝟐𝟔 𝐧𝐞𝐰 7” Sewer Camera, HD 1080P w/DVR-32GB,[360°Rotate] IPS Screen,[Quick-Unlock Y Clamp] Pipe Inspection Camera, [Thicker Cable Reel] Drain Camera, 5000mAh,Cable Marking,100ft/30m","ChoosePRO","FBA","Industrial & Scientific",14671,"N/A","N/A","N/A","N/A","Borescopes",162,299.99,-80,568,29,,170286.49,8739.27,84,4.5,"ChoosePRO Direct","Hong Kong",1,0,"N/A","Large bulky",7.2,16.42,18.22,11.09,698.07,1745.17,"01/31/2026",8,6,6,6.76
"https://amazon.com/dp/B0DRSCP6DN","https://m.media-amazon.com/images/I/71ixwa+xBIL._SX450_.jpg","B0DRSCP6DN","Acoath Borescope, Endoscope Camera with Light, Dual-Lens 1080P Industrial Inspection Camera, 5"" IPS Screen, 32GB Card, IP67 Waterproof Sewer Tools - 16.5FT","Acoath","FBA","Industrial & Scientific",14756,762949465530,"N/A",0762949465530,"N/A","Borescopes",51,29.99,17,635,125,-19,61210.29,5961.38,188,4.6,"AcoathDirect","Hong Kong",1,0,"N/A","Large Standard-Size",3.15,7.76,13.35,1.28,164.3,453.23,"11/30/2025",14,9,4,3.38
"https://amazon.com/dp/B0FFT6SJHW","https://m.media-amazon.com/images/I/71a6RfsNrDL._SX450_.jpg","B0FFT6SJHW","Two-Way Articulating Borescope Camera with Light, 0.25in Slim Probe, Industrial Endoscope Inspection Camera with Light, 5.3FT Flexible Snake Scope for Automotive, HVAC and Aircraft Mechanics","KAIWEETS","FBA","Industrial & Scientific",15242,"N/A","N/A","N/A","N/A","Borescopes",52,119.99,-11,458,458,1229,54952.12,54947.39,81,4.7,"KAIWEETS Direct","China",1,0,"N/A","Large Standard-Size",3.03,8.82,12.44,2.34,167.38,461.74,"01/31/2026",8,9,0,5.59
"https://amazon.com/dp/B0D2KRN3XR","https://m.media-amazon.com/images/I/81ZqiQcZsOL._SX450_.jpg","B0D2KRN3XR","Endoscope Camera with Light, 1920P HD Borescope Inspection Camera with 4.3"" IPS Screen, IP67 Waterproof with 8 LEDs & 16.5ft Semi-Rigid Snake Camera for Automotive Pipe Tools Gadgets for Men","COOVIE","FBA","Industrial & Scientific",15427,"N/A","N/A","N/A","N/A","Borescopes",81,25.99,-31,563,518,-18,15893.6,13909.74,265,4.4,"Alice Windowshop","China",1,0,"N/A","Large Standard-Size",2.91,8.23,9.65,1.1,116.36,320.99,"11/30/2025",22,8,4,2.12
"https://amazon.com/dp/B0FG71K4QD","https://m.media-amazon.com/images/I/71MdBHTnOWL._SX450_.jpg","B0FG71K4QD","𝟐𝟎𝟐𝟔 𝐧𝐞𝐰 7” Trolley Sewer Camera, HD 1080P w/DVR-32GB,[Quick-Unlock Y Clamp] Sewer Pipe Camera,Telescoping Aluminum Handle (3 Adjustable Heights),5000mAh, [360°Rotate] Drain Camera,165ft/50m","ChoosePRO","FBA","Industrial & Scientific",15923,"N/A","N/A","N/A","N/A","Borescopes",221,499.99,"N/A",568,1,,170286.49,393.82,84,4.5,"ChoosePRO Direct","Hong Kong",1,0,"N/A","Large bulky",9,19,21,18,1163.75,2909.38,"01/31/2026",8,6,6,6.76
"https://amazon.com/dp/B0FFGDMNSX","https://m.media-amazon.com/images/I/71WyORtnf-L._SX450_.jpg","B0FFGDMNSX","𝟐𝟎𝟐𝟔 𝐧𝐞𝐰 9” Sewer Camera, HD 1080P w/DVR-32GB, [All-in-One Design with Magnetic Box] Drain Pipe Inspection Camera, [One Big Screw Unlock] Sewer Pipe Cam, 4500mAh, Cable Markers, 100ft/30m","ChoosePRO","FBA","Industrial & Scientific",15924,"N/A","N/A","N/A","N/A","Borescopes",221,399.99,-47,568,25,,170286.49,9950,84,4.5,"ChoosePRO Direct","Hong Kong",1,0,"N/A","Large Standard-Size",7.72,13.89,16.14,15.06,871.36,2403.76,"01/31/2026",8,6,6,6.76
"https://amazon.com/dp/B0CCTS2XCR","https://m.media-amazon.com/images/I/71h1xhXdF5L._SX450_.jpg","B0CCTS2XCR","Anykit Borescope Inspection Camera with Light, Industrial Endoscope Camera, Snake Cam, Semi-Rigid Cable Bore Scope (10FT)","Anykit","FBA","Industrial & Scientific",16108,"N/A","N/A","N/A","N/A","Borescopes",53,31.98,"N/A",263,0,,8948.66,"-",198,4.5,"AnyKit","China",0,0,"N/A","Large Standard-Size",2.2,4.72,7.72,0.77,40.36,111.34,"01/31/2026",31,8,4,1.33
"https://amazon.com/dp/B0CP538LN1","https://m.media-amazon.com/images/I/71qnB1PoxQL._SX450_.jpg","B0CP538LN1","WINWEND Endoscope Camera with Light - IP67 Waterproof Borescope Camera with 8 Adjustable LED Lights | 4.3"" LCD Screen Borescope | HD 1080P Inspection Cameras with 16.5ft Semi-Rigid Cord Tools for Men","WINWEND","FBA","Industrial & Scientific",16755,739944333201,"N/A",0739944333201,"N/A","Borescopes",55,31.96,-31,1008,1008,-79,30849.6,30845.62,1274,4.5,"POWEHIGH","China",1,23351,26,"Large Standard-Size",3.07,5.98,11.14,1.23,102.97,284.05,"11/30/2025",27,7,0,0.8
"https://amazon.com/dp/B0G1MGRCZ1","https://m.media-amazon.com/images/I/71h1xhXdF5L._SX450_.jpg","B0G1MGRCZ1","Anykit Borescope Inspection Camera with Light, Industrial Endoscope Camera with 0.3 Slim Probe, 4.3” HD Screen Digital Snake Cam, Semi-Rigid Cable Bore Scope for Pipe, Engine, Inside Wall(16.5 FT)","Anykit","FBA","Industrial & Scientific",16899,"N/A","N/A","N/A","N/A","Borescopes",54,31.98,"N/A",280,228,,9512.93,7566,197,4.5,"AnyKit","China",2,0,"N/A","Large Standard-Size",2.2,4.72,7.68,0.9,40.15,110.76,"01/31/2026",4,8,4,1.42
"https://amazon.com/dp/B0G33NS5WQ","https://m.media-amazon.com/images/I/71-ukywHHTL._SX450_.jpg","B0G33NS5WQ","Endoscope Camera with Light, Dual-Lens 1920P HD Borescope Tools with 8+1 Adjustable LED Lights, 16.4FT Semi-Rigid Snake Cord IP67 Waterproof Inspection Camera for iPhone, iPad, iOS and Android Phone","CMRVBNQ","FBA","Industrial & Scientific",16976,"N/A","N/A","N/A","N/A","Borescopes",54,19.99,-23,129,129,,2666.79,2665.36,58,4.5,"SZLSD Technology","China",1,0,"N/A","Large Standard-Size",1.61,5.08,5.16,0.4,21.25,58.61,"12/31/2025",3,8,0,2.26
"https://amazon.com/dp/B0F8B96XV6","https://m.media-amazon.com/images/I/71YuiqtOYEL._SX450_.jpg","B0F8B96XV6","Two-Way Articulating Borescope Camera with Light,360°Rotation,1920P, 6.2 mm Industrial Endoscope IP67 Waterproof Flexible Semi-Rigid Cable for Automotive, Pipe Inspection","Vafafinder","FBA","Industrial & Scientific",17040,"N/A","N/A","N/A","N/A","Borescopes",54,79.73,3,358,31,,24554.41,2456.59,66,4.6,"Wayfinder Gift store","China",1,0,"N/A","Large Standard-Size",3.35,9.88,17.63,1.98,293.78,810.44,"01/31/2026",10,9,2,5.43
"https://amazon.com/dp/B0DPX48VZB","https://m.media-amazon.com/images/I/71v2dWBsIXL._SX450_.jpg","B0DPX48VZB","DEPSTECH Two-Way Articulating Borescope Camera with Light, Industrial Endoscope with Articulated Probe, Flexible Mechanic Snake Inspection Camera for Wall Automotive Engine Inspect-5FT","DEPSTECH","FBA","Industrial & Scientific",17096,"N/A","N/A","N/A","N/A","Borescopes",55,103.99,-53,614,559,,64486.64,56406.81,446,4.7,"DEPSTECH Authorized Store","China",1,0,"N/A","Large Standard-Size",2.87,8.74,17.56,2.95,221.77,611.77,"01/31/2026",11,8,3,1.38
"https://amazon.com/dp/B0CXSTNWTW","https://m.media-amazon.com/images/I/71e8Z7snoTL._SX450_.jpg","B0CXSTNWTW","Dual Lens Articulating Borescope, DEPSTECH Endoscope Camera with Light, Articulated Probe, Flexible Snake Inspection Camera for Wall, Automotive Engine Inspect-4.92FT","DEPSTECH","FBA","Industrial & Scientific",17587,"N/A","N/A","N/A","N/A","Borescopes",57,135.29,-42,656,56,,68935.41,8281.74,447,4.7,"DEPSTECH Authorized Store","China",2,0,"N/A","Large Standard-Size",2.87,8.78,17.56,3.28,223.07,615.36,"01/31/2026",21,8,3,1.47
"https://amazon.com/dp/B0DCNM5MGW","https://m.media-amazon.com/images/I/71-M18-zSxL._SX450_.jpg","B0DCNM5MGW","Anykit Borescope Inspection Camera with Light, Industrial Endoscope Camera with 0.3 Slim Probe, 4.3” HD Screen Digital Snake Cam, Semi-Rigid Cable Bore Scope for Pipe, Engine, Inside Wall (33 FT)","Anykit","FBA","Industrial & Scientific",17619,"N/A","N/A","N/A","N/A","Borescopes",56,36.99,-52,280,53,,9512.93,1945.77,197,4.5,"AnyKit","China",3,0,"N/A","Large Standard-Size",2.32,4.76,7.68,1.19,42.7,117.79,"01/31/2026",19,9,4,1.42
"https://amazon.com/dp/B07C9C6P5D","https://m.media-amazon.com/images/I/61VA6LSbGtL._SX450_.jpg","B07C9C6P5D","NIDAGE Wireless Endoscope Camera with Light HD Waterproof WiFi Borescope Flexible 5.5MM Automotive Snake Inspection Camera Compatible Android and iOS Smartphones, iPhone, iPad, 4.92FT","NIDAGE","FBA","Industrial & Scientific",17812,612292111458,"N/A",0612292111458,"N/A","Borescopes",58,26.99,-10,341,341,-25,9212.48,9208.96,5543,4.3,"TELESION","China",1,5852,-40,"Large Standard-Size",1.93,4.88,5.12,0.35,24.28,66.98,"11/30/2024",98,6,0,0.06
"https://amazon.com/dp/B08GL4465F","https://m.media-amazon.com/images/I/51eH9ygCDuL._SX450_.jpg","B08GL4465F","Klein Tools ET16 Borescope, 8 mm 10-Foot Armored Waterproof Gooseneck Snake, LED Lights, Endoscope Digital Inspection Camera for Android Phones","KLEIN TOOLS","Amazon","Industrial & Scientific",17842,092644692987,00092644692987,0092644692987,"N/A","Borescopes",60,39.97,-27,198,169,109,9216.74,6740.95,1247,4.1,"Amazon","N/A",8,0,"N/A","Large Standard-Size",2.05,7.24,8.58,1.26,"N/A","N/A","11/30/2025",66,14,4,0.16
"https://amazon.com/dp/B07Q78WXFP","https://m.media-amazon.com/images/I/418eVbDuEPL._SX450_.jpg","B07Q78WXFP","Klein Tools ET20 Wi-Fi Borescope, 9 mm 6-Foot Armored Waterproof Gooseneck Snake, LED Lights, Rechargeable Battery, Endoscope Inspection Camera","KLEIN TOOLS","Amazon","Industrial & Scientific",17843,092644692314,00092644692314,0092644692314,"N/A","Borescopes",60,107.99,-33,198,12,109,9216.74,1266.49,1248,4.1,"Amazon","N/A",6,0,"N/A","Large Standard-Size",2.13,7.72,10.55,1.5,"N/A","N/A","11/30/2025",83,11,4,0.16
"https://amazon.com/dp/B0D1VGWHJ4","https://m.media-amazon.com/images/I/713mX1hgAZL._SX450_.jpg","B0D1VGWHJ4","NIDAGE Dual Lens Borescope Inspection Camera 1920P HD Endoscope Camera with Light Waterproof Industrial Endoscope 11.5FT Flexible Snake Cam with 4.3'' IPS Screen, Mechanic Scope Cam Gift for Men","NIDAGE","FBA","Industrial & Scientific",17953,"N/A","N/A","N/A","N/A","Borescopes",57,32.98,-21,427,427,,14496.88,14496.77,424,4.7,"TELESION","China",1,5976,"N/A","Large Standard-Size",2.6,5.08,10.31,0.93,68.53,189.06,"03/31/2025",23,7,0,1.02
"https://amazon.com/dp/B0DRSF5Q5Z","https://m.media-amazon.com/images/I/71B7lpj4tZL._SX450_.jpg","B0DRSF5Q5Z","Acoath Borescope, Endoscope Camera with Light, Dual-Lens 1080P Industrial Inspection Camera, 5"" IPS Screen, 32GB Card, IP67 Waterproof Sewer Tools - 9.8FT","Acoath","FBA","Industrial & Scientific",18883,762949465547,"N/A",0762949465547,"N/A","Borescopes",59,25.99,-4,635,117,-19,61210.29,5252.62,130,4.4,"AcoathDirect","Hong Kong",1,0,"N/A","Large Standard-Size",3.19,5.35,7.83,1.12,67.35,185.8,"11/30/2025",14,9,4,4.88
"https://amazon.com/dp/B0FZJ4CQB6","https://m.media-amazon.com/images/I/711nTIY+FKL._SX450_.jpg","B0FZJ4CQB6","Acoath Two-Way Articulating Borescope, Endoscope Camera with Light, Dual-Lens 1080P Industrial Inspection Camera, 4.3"" IPS Screen, 32GB Card, IP67 Waterproof Sewer Tools - 5FT","Acoath","FBA","Industrial & Scientific",18885,"N/A","N/A","N/A","N/A","Borescopes",59,80.99,-36,635,393,-19,61210.29,49994.23,18,4.6,"AcoathDirect","Hong Kong",1,0,"N/A","Large Standard-Size",3.23,9.41,16.97,2.93,259.69,716.38,"11/30/2025",4,11,4,35.28
"https://amazon.com/dp/B0CT2CX59S","https://m.media-amazon.com/images/I/81LTYJcQwUL._SX450_.jpg","B0CT2CX59S","Dual-Lens Endoscope Camera with Light, DEPSTECH 1080P HD Borescope with 5"" IPS Screen, 16.5FT Flexible Sewer Plumbing Snake Camera, Cool Gadgets for Men, Women","DEPSTECH","FBA","Industrial & Scientific",21607,"N/A","N/A","N/A","N/A","Borescopes",65,47.49,-55,264,179,-66,15772.7,8500.11,1335,4.6,"DEPSTECH Authorized Store","China",2,0,"N/A","Large Standard-Size",3.11,6.42,8.31,1.57,83.48,230.28,"11/30/2025",23,7,4,0.2
"https://amazon.com/dp/B0DPHJSPBY","https://m.media-amazon.com/images/I/81Pwk09DwZL._SX450_.jpg","B0DPHJSPBY","FOXWELL Two-Way Articulating Borescope with Light, 0.24in Industrial Endoscope Inspection Camera with IPS HD Screen, Flexible Snake Scope for Automotive, Engine, HVAC, Pipe & Home Inspection – 5.3FT","FOXWELL","FBA","Industrial & Scientific",21716,"N/A","N/A","N/A","N/A","Borescopes",63,129.99,-21,229,238,-78,36203.41,30607,184,4.6,"Foxwell US","China",1,0,"N/A","Large Standard-Size",3.11,8.78,12.48,2.4,171.57,473.3,"11/30/2025",15,9,3,1.25
"https://amazon.com/dp/B0F8QLHGZR","https://m.media-amazon.com/images/I/816uf5BMNNL._SX450_.jpg","B0F8QLHGZR","FOXWELL Dual Lens Articulating Borescope, 0.25in Slim 220° Two-Way Endoscope Camera with LED Light, IPS HD Screen, IP67 Waterproof Snake Camera for Automotive, Pipe, Wall & Engine Inspection – 5.3FT","FOXWELL","FBA","Industrial & Scientific",21758,"N/A","N/A","N/A","N/A","Borescopes",63,189.99,-16,10,154,,1743.15,32828.58,184,4.6,"Foxwell US","China",1,0,"N/A","Large Standard-Size",3.07,8.82,12.4,2.43,169.05,466.33,"01/31/2026",10,9,3,0.05
"https://amazon.com/dp/B0DT45G8F3","https://m.media-amazon.com/images/I/71Z8BTsRbFL._SX450_.jpg","B0DT45G8F3","Epicmate Sewer Camera 50ft-Endoscope Camera with Light,5"" IPS Triple Lens Industrial Borescope 1080P Snake Drain Camera with Lights,IP67 Waterproof Plumbing Pipe Auto Wall Inspection Camera(32G Card)","BESTISAN","FBA","Industrial & Scientific",22074,"N/A","N/A","N/A","N/A","Borescopes",64,125.99,-16,429,323,-35,51965.41,40442.01,154,4.6,"BESTISAN US","USA",1,0,"N/A","Large Standard-Size",3.35,6.54,8.31,2.14,91.66,252.87,"11/30/2025",13,9,2,2.78
"https://amazon.com/dp/B0FNPY88X9","https://m.media-amazon.com/images/I/71UlMRBH8+L._SX450_.jpg","B0FNPY88X9","Epicmate Triple Lens Sewer Inspection Camera-5"" IPS Endoscope with Lights 1080P Industrial Borescope with 16.5 ft, Borescope Camera with Light IP67 Waterproof Drain Pipe Drain Snake with 32G Card","BESTISAN","FBA","Industrial & Scientific",22075,"N/A","N/A","N/A","N/A","Borescopes",64,109.99,26,429,106,-35,51965.41,11518.96,154,4.6,"BESTISAN US","USA",1,0,"N/A","Large Standard-Size",2.8,5.71,8.46,1.32,68.1,187.86,"11/30/2025",4,8,2,2.78
"https://amazon.com/dp/B0BVMFYQNS","https://m.media-amazon.com/images/I/51t2+Y-Nq-L._SX450_.jpg","B0BVMFYQNS","VEVOR Triple Lens Endoscope Camera, 4.5"" IPS Screen Borescope Inspection Camera with 1080P Lens, 10 Adjustable Light, 2860 mAh Battery, Waterproof & Oilproof Endoscope for Auto, Wall, Drain Inspection","VEVOR","FBM","Industrial & Scientific",22165,840281558858,"N/A",0840281558858,"N/A","Borescopes",63,65.9,38,252,186,-64,15082.32,11568.77,664,4.5,"Suplander","China",2,6806,"N/A","Large Standard-Size",3.11,5.75,7.91,1.21,"N/A","N/A","06/30/2025",37,9,3,0.38
"https://amazon.com/dp/B0DJGFZQ5X","https://m.media-amazon.com/images/I/51MmDnSxPTL._SX450_.jpg","B0DJGFZQ5X","VEVOR Endoscope Camera with Light, Dual Lens Borescope with 49.2FT Semi-Rigid Cable, 4.3"" Screen 1080P Inspection Camera, 8 + 1 LED Lights, 4X Zoom, IP67 Waterproof Snake Camera for Auto, Plumbing","VEVOR","Amazon","Industrial & Scientific",22191,197988413011,"N/A",0197988413011,"N/A","Borescopes",63,51.59,-5,270,69,-90,16182.75,3758.9,664,4.5,"Amazon","N/A",2,6807,"N/A","Large Standard-Size",11.22,5.79,3.15,1.98,"N/A","N/A","06/30/2025",17,9,3,0.41
"https://amazon.com/dp/B0DD351NSB","https://m.media-amazon.com/images/I/81BLsgmcW9L._SX450_.jpg","B0DD351NSB","50FT Triple Lens Sewer Camera, DEPSTECH Borescope with 5"" IPS Screen, 1080P Endoscope with Light, Flexible Snake Inspection for Wall, Plumbing, Automotive Engine Inspect","DEPSTECH","FBA","Industrial & Scientific",22239,"N/A","N/A","N/A","N/A","Borescopes",66,86.49,-55,264,85,-66,15772.7,7271.51,1335,4.6,"DEPSTECH Authorized Store","China",2,0,"N/A","Large Standard-Size",2.95,8.86,13.23,3.24,174.1,480.27,"11/30/2025",16,9,4,0.2
"https://amazon.com/dp/B0DNFL72B5","https://m.media-amazon.com/images/I/71M8medx8RL._SX450_.jpg","B0DNFL72B5","DXZtoz Dual-Lens Articulating Borescope with Light, 6.5mm Thin Articulated Industrial Endoscope Inspection Camera, 5'' Dual Screen HD Engine Scope for Aircraft Automotive Mechanic Electrician-5FT","DXZtoz","FBA","Industrial & Scientific",22296,"N/A","N/A","N/A","N/A","Borescopes",64,159.99,137,134,134,334,21390.01,21389.86,41,4.7,"DXZtoz-USA","China",1,0,"N/A","Large Standard-Size",3.39,9.21,17.17,3.02,269.9,744.56,"10/31/2025",6,6,0,3.26
"https://amazon.com/dp/B0CNPWHCQG","https://m.media-amazon.com/images/I/81UjhMHW3fL._SX450_.jpg","B0CNPWHCQG","Triple Lens Borescope Inspection Camera, Teslong Professional Endoscope with Light, Digital Video Scope Camera, 5"" IPS Screen, Waterproof Flexible Cable for Automotive/Home/Wall/Pipe/Car (10FT)","Teslong","FBA","Industrial & Scientific",22431,"N/A","N/A","N/A","N/A","Borescopes",66,169.99,-18,469,44,-10,70544.2,6554.51,353,4.5,"Teslong","China",1,3022,"N/A","Large Standard-Size",4.21,11.73,13.03,3.9,324.27,894.53,"11/30/2025",27,9,3,1.33
"https://amazon.com/dp/B07Q86XGN2","https://m.media-amazon.com/images/I/81ghH0lopsL._SX450_.jpg","B07Q86XGN2","Triple Lens Borescope Inspection Camera, Teslong Professional Endoscope with Light, Digital Video Scope Camera, 5"" IPS Screen, Waterproof Flexible Cable for Automotive/Home/Wall/Pipe/Car (16.5FT)","Teslong","FBA","Industrial & Scientific",22435,"N/A","N/A","N/A","N/A","Borescopes",66,179.99,-43,469,332,-10,70544.2,50764.57,353,4.5,"Teslong","China",1,3022,"N/A","Large Standard-Size",4.29,11.65,13.27,4.65,333.91,921.13,"11/30/2025",53,9,3,1.33
"https://amazon.com/dp/B09NBRQ4ST","https://m.media-amazon.com/images/I/81rIPtQHtXL._SX450_.jpg","B09NBRQ4ST","Triple Lens Borescope Inspection Camera, Teslong Professional Endoscope with Light, Digital Video Scope Camera, 5"" IPS Screen, Waterproof Flexible Cable for Automotive/Home/Wall/Pipe/Car (5FT)","Teslong","FBA","Industrial & Scientific",22438,"N/A","N/A","N/A","N/A","Borescopes",66,159.99,-25,469,93,-10,70544.2,13222.08,353,4.5,"Teslong","China",1,3022,"N/A","Large Standard-Size",4.29,11.5,13.27,3.53,329.61,909.27,"11/30/2025",50,9,3,1.33
"https://amazon.com/dp/B0D5R2L7GX","https://m.media-amazon.com/images/I/710mGNkG-AL._SX450_.jpg","B0D5R2L7GX","Endoscope Camera with Light, 4.3"" HD 1920P Borescope Snake Inspection Camera, IP67 Waterproof 8 Adjustable LEDs 32.8ft Semi-Rigid Tool Kit for Automotive Plumbing DIY Cool Gadgets","Ennovor","FBA","Industrial & Scientific",22484,797457523861,"N/A",0797457523861,"N/A","Borescopes",62,34.99,-30,198,10,-91,5966.97,333.53,463,4.2,"ENNOVOR","China",1,6109,"N/A","Large Standard-Size",3.39,5.47,7.8,1.48,72.72,200.61,"11/30/2025",17,9,3,0.43
"https://amazon.com/dp/B0FGXN5HBK","https://m.media-amazon.com/images/I/61WI+725k4L._SX450_.jpg","B0FGXN5HBK","Zealtron Two-Way Articulating Borescope with Light, 6.2mm Probe Industrial Endoscope Camera with 1.5m Self-Resetting Tube, 5"" IPS Screen Inspection Camera with Light for Engine/Pipe","zealtron","FBA","Industrial & Scientific",22599,"N/A","N/A","N/A","N/A","Borescopes",67,139.99,-31,106,70,-37,14835.37,7193.75,140,4.5,"Zealtron","China",1,0,"N/A","Large Standard-Size",2.28,9.69,17.04,1.63,189.54,522.87,"09/30/2025",8,7,4,0.76
"https://amazon.com/dp/B0F21RD15V","https://m.media-amazon.com/images/I/516amdltZjL._SX450_.jpg","B0F21RD15V","Zealtron 360° Joystick Articulating Borescope with Light,5'' Monitor 6.2mm Slim Probe Endoscope Inspection Camera,4-Way Articulating Borescope with 5ft Resilient Gooseneck Cable-Dual Battery Pack","zealtron","FBA","Industrial & Scientific",22600,"N/A","N/A","N/A","N/A","Borescopes",67,249.99,-18,106,36,-37,14835.37,7641.09,140,4.5,"Zealtron","China",1,0,"N/A","Large Standard-Size",3.35,12.32,14.37,4.01,298.6,823.72,"09/30/2025",11,8,4,0.76
"https://amazon.com/dp/B0FJFD212D","https://m.media-amazon.com/images/I/71j+RevHkvL._SX450_.jpg","B0FJFD212D","Ralcam 4-Way 360° Articulating Borescope, 6.2mm Ultra-Slim Waterproof Inspection Camera with Light, 4.3"" HD Screen, 4X Zoom, 6.6FT Semi-Rigid Endoscope for Engine, Pipe, HVAC & Automotive","Ralcam","FBA","Industrial & Scientific",22836,"N/A","N/A","N/A","N/A","Borescopes",68,259.99,-2,179,142,5,42077.41,35042.22,202,4.3,"AijR","China",1,2583,"N/A","Large Standard-Size",3.62,11.22,13.63,3.6,278.72,768.89,"11/30/2024",7,9,5,0.89
"https://amazon.com/dp/B0C64RBKJL","https://m.media-amazon.com/images/I/71zKJHRQPIL._SX450_.jpg","B0C64RBKJL","Ralcam 360° Articulating Borescope, 6.2mm/0.24in Slim Probe, Joystick 4 Ways Endoscope Inspection Camera with Light, 3.3 FT Flexible Snake Tube for Automotive, HVAC, Mechanics","Ralcam","FBA","Industrial & Scientific",22868,"N/A","N/A",6977924690270,"N/A","Borescopes",68,239.99,-51,112,44,,27389.56,10355.37,202,4.3,"AijR","China",1,0,"N/A","Large Standard-Size",3.7,11.3,13.58,3.62,285.86,788.58,"02/28/2026",33,9,5,0.55
"https://amazon.com/dp/B0F8VS1FV6","https://m.media-amazon.com/images/I/81-mwQeNV6L._SX450_.jpg","B0F8VS1FV6","Two-Way Endoscope Camera with Light [360°Rotation],1920P HD,Borescope for iPhone IP67 Waterproof Automotive Engine Plumbing HVAC Inspection 6.2 mm Lens Industrial","Vafafinder","FBA","Industrial & Scientific",23127,"N/A","N/A","N/A","N/A","Borescopes",63,67.73,-14,358,327,,24554.41,22095.15,66,4.6,"Wayfinder Gift store","China",2,0,"N/A","Large Standard-Size",3.03,5.91,11.14,0.86,100.44,277.07,"01/31/2026",10,9,2,5.43
"https://amazon.com/dp/B0G6XZYHRW","https://m.media-amazon.com/images/I/715+P7zfHrL._SX450_.jpg","B0G6XZYHRW","EASTBEAR Dual-Lens Endoscope Camera with Light, 1920P HD Borescope with 8 Adjustable LEDs, 16.4FT Semi-Rigid Snake Cable, IP67 Waterproof Inspection Camera for iOS & Android - Black","EASTBEAR","FBA","Industrial & Scientific",23842,726870777797,"N/A",0726870777797,"N/A","Borescopes",65,29.99,-46,59,48,,1737.17,1437.48,26,4.4,"EASTBEAR Store","N/A",1,0,"N/A","Large Standard-Size",1.58,4.93,5.12,0.41,20.08,55.39,"01/31/2026",3,7,2,2.27
"https://amazon.com/dp/B0G6L4JSWF","https://m.media-amazon.com/images/I/71goc1fh8bL._SX450_.jpg","B0G6L4JSWF","Dual-Lens Borescope with Light, Endoscope Camera with Light with 4.3"" IPS Screen,1920P HD with 8 LED Lights,16.4ft Semi-Rigid Cable and Back LED Light,IP67 Waterproof Borescope, Cool Gadgets for Men","Ferdiiz","FBA","Industrial & Scientific",24307,766717620367,"N/A",0766717620367,"N/A","Borescopes",71,19.99,11,157,157,,3432.72,3431.01,51,4.5,"Ferdiiz Endoscope-JN","China",1,0,"N/A","Large Standard-Size",2.13,5.35,7.28,1.01,41.77,115.22,"12/31/2025",3,8,2,3.09
"https://amazon.com/dp/B07TTQF24F","https://m.media-amazon.com/images/I/71ZulnzRO+L._SX450_.jpg","B07TTQF24F","Teslong Rifle Borescope, Bore Camera Gun Cleaning Camera - Fits .20 Caliber & Larger-Hunting Shooting Firearms Visual Barrel Inspection Tool w/3 Right-Angle Mirrors and Carrying Case(45inch-Flexible)","Teslong","FBA","Industrial & Scientific",25526,"N/A","N/A","N/A","N/A","Borescopes",73,55.99,-4,321,321,-39,17984.06,17983.92,2156,4.4,"Teslong","China",1,4902,-28,"Large Standard-Size",1.42,8.74,8.78,0.95,54.76,151.05,"12/31/2024",80,9,0,0.15
"https://amazon.com/dp/B0C9GR791B","https://m.media-amazon.com/images/I/71w7mWJNv6L._SX450_.jpg","B0C9GR791B","VEVOR Articulating Borescope Camera with Light, Two-Way Articulated Endoscope Inspection Camera with 6.4mm Tiny Lens, 5"" IPS 1080P HD Screen, 8X Zoom, 8 LED Light Snake Camera for Automotive, Plumbing","VEVOR","FBM","Industrial & Scientific",25547,840349911793,"N/A",0840349911793,"N/A","Borescopes",71,99.9,21,187,187,-93,17936.97,17936.85,506,4.6,"Suplander","China",2,3535,16,"Large Standard-Size",3.31,9.8,17.24,2.01,"N/A","N/A","11/30/2025",32,10,0,0.37
"https://amazon.com/dp/B0FNWQ6R4X","https://m.media-amazon.com/images/I/711-vAhCdOL._SX450_.jpg","B0FNWQ6R4X","Epicmate Triple Lens Endoscope Camera with Light- 5"" 1080P HD Handheld Borescope with 50FT Semi-Rigid Cable, Waterproof Sewer Inspection Camera with 32GB Card, Drain Plumbing Camera & Gifts for Men","epicmate","FBA","Industrial & Scientific",25744,"N/A","N/A","N/A","N/A","Borescopes",74,95.99,-2,182,182,19,17851.63,17849.77,34,4.7,"BESTISAN US","USA",1,0,"N/A","Large Standard-Size",3.31,6.22,10.91,2.18,113.09,311.97,"11/30/2025",6,8,0,5.52
"https://amazon.com/dp/B0FKN58TQ2","https://m.media-amazon.com/images/I/51-TwsdTA3L._SX450_.jpg","B0FKN58TQ2","Triple Lens Borescope with 5"" IPS Screen, 1920P HD Inspection Endoscope Camera with 50FT Semi-Rigid Snake Cable & 32GB Card, IP67 Waterproof Plumbing Camera for Sewer/Automotive/Drain Pipe","epicmate","FBA","Industrial & Scientific",26349,"N/A","N/A","N/A","N/A","Borescopes",77,122.99,-30,225,225,52,24499.43,24497.84,59,4.5,"BESTISAN-Store","China",1,0,"N/A","Large Standard-Size",3.5,6.5,8.23,2.12,94.27,260.05,"12/31/2025",6,9,0,3.95
"https://amazon.com/dp/B0FCMDKKZC","https://m.media-amazon.com/images/I/71pGzz048fL._SX450_.jpg","B0FCMDKKZC","50FT Triple Lens 5"" IPS Borescope Inspection Camera, Ginocaco 1080P Digital Video Endoscope with Light, Waterproof Scope Camera with Semi-Rigid Cable, Drain Pipe Tool, Carrying Case, 32G Card","GinoCaco","FBA","Industrial & Scientific",26506,"N/A","N/A","N/A","N/A","Borescopes",76,99.99,"N/A",5,0,,220.64,"-",46,4.1,"GinoCaco Direct","China",1,0,"N/A","Large Standard-Size",4.69,6.89,9.29,2.73,151.14,416.94,"02/28/2026",9,7,6,0.11
"https://amazon.com/dp/B0F9X12NH3","https://m.media-amazon.com/images/I/817CBpykm+L._SX450_.jpg","B0F9X12NH3","Endoscope Camera with Light, Handheld Borescope Inspection Camera with 4.3"" IPS Screen, AukonVee IP67 Waterproof with 8 Adjustable LED Lights & 16.5FT Semi-Rigid Snake Camera, Bore Scope Tools for Men","AukonVee","FBA","Industrial & Scientific",27108,"N/A","N/A","N/A","N/A","Borescopes",78,30.99,-41,214,175,,6349.48,5255.27,104,4.4,"Shenzhen Qiuchen Electronics Co., LTD","China",1,0,"N/A","Large Standard-Size",3.27,4.96,11.77,1.28,96.11,265.14,"12/31/2025",7,9,3,2.06
"https://amazon.com/dp/B0GKBXR1ZR","https://m.media-amazon.com/images/I/71cAKjwOdSL._SX450_.jpg","B0GKBXR1ZR","Klein Tools ET21 WiFi Borescope with Light, Inspection Camera for iPhone and Android, Waterproof Camera, IP67 Rated, Adjustable LED Lighting","KLEIN TOOLS","Amazon","Industrial & Scientific",27122,092644694868,"N/A",0092644694868,"N/A","Borescopes",74,69.99,"N/A",213,16,42,9905.02,1143.97,1247,4.1,"Amazon","N/A",1,0,"N/A","Large Standard-Size",7.12,2,8.5,0.75,"N/A","N/A","11/30/2025",1,8,4,0.17
"https://amazon.com/dp/B0FCMCJD8F","https://m.media-amazon.com/images/I/71aNBY2Of0L._SX450_.jpg","B0FCMCJD8F","Triple Lens 5"" IPS Borescope Inspection Camera, Ginocaco 1080P Digital Video Endoscope with Light, Waterproof Scope Camera with 16.5FT Semi-Rigid Cable, Drain Pipe Tool, Carrying Case, 32G Card","GinoCaco","FBA","Industrial & Scientific",27977,"N/A","N/A","N/A","N/A","Borescopes",79,69.99,-136,5,0,,220.64,"-",46,4.1,"GinoCaco Direct","China",1,0,"N/A","Large Standard-Size",3.62,6.89,9.21,1.83,115.65,319.05,"02/28/2026",9,7,6,0.11
"https://amazon.com/dp/B0F9F5ZNK2","https://m.media-amazon.com/images/I/51tr9l3+EdL._SX450_.jpg","B0F9F5ZNK2","Dual Lens Endoscope Camera with Light, 4.3"" Borescope with Photo/Video Function & Free(Built in 32GB Card), 16.4FT Semi-Rigid Snake Cable with IP67 Waterproof for Pipe, Engine & HVAC Inspection","GinoCaco","FBA","Industrial & Scientific",28022,"N/A","N/A","N/A","N/A","Borescopes",79,49.99,"N/A",5,3,,220.64,133.24,46,4.1,"GinoCaco Direct","China",1,0,"N/A","Large Standard-Size",2.32,5.71,7.17,1.01,47.82,131.92,"02/28/2026",9,9,6,0.11
"https://amazon.com/dp/B0CQT6TS2T","https://m.media-amazon.com/images/I/71TVFMMMINL._SX450_.jpg","B0CQT6TS2T","Endoscope Camera with Light, 1920P Borescope Camera with 8+1 Adjustable LED Lights, Semi-Rigid Cable 16.5FT, IP67 Waterproof for iPhone, iPad, Samsung,Cool Gadgets for Men","Elecshion","FBA","Industrial & Scientific",28059,"N/A","N/A","N/A","N/A","Borescopes",79,19.99,"N/A",260,64,-53,6527.7,1412.16,881,4.4,"elecshion","China",1,8428,"N/A","Large Standard-Size",1.46,5,5.16,0.42,18.96,52.32,"11/30/2024",26,7,2,0.3
"https://amazon.com/dp/B0CCHSCYCL","https://m.media-amazon.com/images/I/71apSWYGV-L._SX450_.jpg","B0CCHSCYCL","Endoscope Camera with Light, 1920P Borescope Camera with 8+1 Adjustable LED Lights, Semi-Rigid Cable 16.5FT, IP67 Waterproof for iPhone, iPad, Samsung,Cool Gadgets for Men","Elecshion","FBA","Industrial & Scientific",28059,"N/A","N/A","N/A","N/A","Borescopes",79,25.99,-30,260,197,-53,6527.7,5112.71,881,4.4,"elecshion","China",1,8428,"N/A","Large Standard-Size",1.38,5.16,5.24,0.4,18.74,51.68,"11/30/2024",31,7,2,0.3
"https://amazon.com/dp/B0DG8SMHX6","https://m.media-amazon.com/images/I/71YMXm1i+7L._SX450_.jpg","B0DG8SMHX6","Triple Lens Inspection Drain Camera, 5"" IPS Split Screen Borescope with Light & 32GB Card, 1080P HD Sewer Camera 16.5FT Semi-Rigid Cable, IP67 Plumbing Snake Endoscope Probe for HVAC + Case","TURN RAISE","FBA","Industrial & Scientific",28069,"N/A","N/A","N/A","N/A","Borescopes",74,40.49,-56,186,22,-74,14691.77,895.12,597,4.3,"TurnRaiseDirect","China",1,0,"N/A","Large Standard-Size",3.19,7.64,8.66,1.54,106.21,293.01,"12/31/2025",18,9,10,0.31
"https://amazon.com/dp/B0B8HKQFPD","https://m.media-amazon.com/images/I/61YLh7D6vcL._SX450_.jpg","B0B8HKQFPD","Daxiongmao Endoscope Camera with Light, 1080P HD Borescope, IP67 Waterproof Snake Camera – Ideal for Inspecting Walls, Vents, Automotive Engines, Pipes – A Great Gift Tool for Men","Daxiongmao","FBA","Industrial & Scientific",28182,739944331504,"N/A",0739944331504,"N/A","Borescopes",80,31.98,-133,47,19,,1565.62,592.73,2852,4.5,"leersi_jet","China",1,0,"N/A","Large Standard-Size",2.72,5.16,9.69,0.9,68.47,188.89,"02/28/2026",43,9,2,0.02
"https://amazon.com/dp/B0D8TBXFTJ","https://m.media-amazon.com/images/I/71PfbwW+IBL._SX450_.jpg","B0D8TBXFTJ","Borescope Camera with Light, Video Inspection Scope with 8 LED Lights, 1920P HD Industrial Endoscope with 4.3'' IPS Screen,16.4 ft Detachable Flexible Snake Endoscope, 32G TF Card, for Car, Mechanics","SVBONY","FBA","Industrial & Scientific",28732,"N/A","N/A","N/A","N/A","Borescopes",80,27.54,-55,144,144,18733,4571.98,4571.23,25,4.2,"SVBONY Direct","China",1,363,"N/A","Large Standard-Size",3.03,5.79,10.67,1.34,94.25,259.99,"01/31/2026",20,9,0,5.74
"https://amazon.com/dp/B0DSW1DKTZ","https://m.media-amazon.com/images/I/71TwncoANdL._SX450_.jpg","B0DSW1DKTZ","Ralcam 360° Articulating Borescope Dual Lens, 5'' Joystick 4 Ways Industrial Endoscope Camera with Light, 6.5mm Slim Probe, 5.0FT Semi-Rigid Snake Inspection Camera for Automotive Mechanics","Ralcam","FBA","Industrial & Scientific",29276,"N/A","N/A","N/A","N/A","Borescopes",82,299.99,-5,125,102,-20,33207.4,27115.63,226,4.2,"Ralcam","China",1,0,"N/A","Large Standard-Size",3.7,11.3,13.74,3.77,289.27,798,"09/30/2025",14,8,10,0.55
"https://amazon.com/dp/B0FJLPG74M","https://m.media-amazon.com/images/I/71lvCZwqCjL._SX450_.jpg","B0FJLPG74M","Ralcam 360° Articulating Borescope Dual Lens 5'', Joystick 4-Way Industrial Endoscope Camera with Light, 0.25in Slim Probe Flexible Inspection Camera for Automotive Mechanics","Ralcam","FBA","Industrial & Scientific",29283,"N/A","N/A","N/A","N/A","Borescopes",82,299.99,-22,125,22,-20,33207.4,6090.44,226,4.2,"Ralcam","China",1,0,"N/A","Large Standard-Size",3.58,11.42,13.63,3.7,280.56,773.95,"09/30/2025",7,7,10,0.55
"https://amazon.com/dp/B0C1B657ST","https://m.media-amazon.com/images/I/41KZ7N2NLoL._SX450_.jpg","B0C1B657ST","VEVOR Sewer Camera with 512Hz Locator, 131 ft/40 m, 7"" Pipeline Inspection Camera with DVR Function, IP68 Camera with 12 Adjustable LEDs, A 16 GB SD Card for Sewer Line, Home, Duct Drain Pipe Plumbing","VEVOR","FBM","Industrial & Scientific",29306,840281567195,"N/A",0840281567195,"N/A","Borescopes",152,589.99,57,233,39,1,131513.89,19520.94,180,4,"Suplander","China",2,2602,104,"Large bulky",6.77,16.06,22.05,18.25,"N/A","N/A","07/31/2025",35,9,7,1.29
"https://amazon.com/dp/B0GDFG41PS","https://m.media-amazon.com/images/I/71G5QVgb7hL._SX450_.jpg","B0GDFG41PS","FOXWELL Y406D-Elite Dual Lens 2-Way 220° Articulating Borescope, 0.25in Ultra-Slim Probe, HD IPS Display, IP67 Waterproof, Flexible Camera for Automotive, HVAC, Plumbing & Industrial Inspections 5.3FT","FOXWELL","FBA","Industrial & Scientific",29562,"N/A","N/A","N/A","N/A","Borescopes",83,159.99,"N/A",39,10,,5906.28,1940.5,52,4.8,"Foxwell US","China",1,0,"N/A","Large Standard-Size",2.64,8.86,12.52,2.29,147.44,406.73,"02/28/2026",2,9,2,0.77
"https://amazon.com/dp/B0GDFRH4J8","https://m.media-amazon.com/images/I/71oP+017dTL._SX450_.jpg","B0GDFRH4J8","FOXWELL Y400-Elite 220° Two-Way Articulating Borescope, 0.24in Ultra-Slim Industrial Endoscope with Light, IP67 Waterproof Inspection Camera for Automotive, Pipes, HVAC and Aircraft Mechanics – 5.3FT","FOXWELL","FBA","Industrial & Scientific",29564,"N/A","N/A","N/A","N/A","Borescopes",83,129.99,"N/A",39,35,,5906.28,5252.94,51,4.8,"Foxwell US","China",1,0,"N/A","Large Standard-Size",3.11,8.78,12.48,2.38,171.57,473.3,"02/28/2026",2,9,2,0.77
"https://amazon.com/dp/B0CLG4LHWP","https://m.media-amazon.com/images/I/71VmfKJjQXL._SX450_.jpg","B0CLG4LHWP","Teslong 3.9mm Two-Way Articulating Borescope with Light, 5-inch IPS Endoscope Inspection Camera with Articulated Probe, Flexible Automotive Mechanics Gadgets Fiber Optic Scope Cam-0.15inch","Teslong","FBA","Industrial & Scientific",29781,"N/A","N/A","N/A","N/A","Borescopes",82,279.99,-28,99,99,34,32269.43,32268.33,105,4,"Teslong","China",1,1058,"N/A","Large Standard-Size",3.43,8.66,16.65,2.8,249,686.9,"11/30/2024",26,9,0,0.94
"https://amazon.com/dp/B0C1BN96WB","https://m.media-amazon.com/images/I/71uv55KYOCL._SX450_.jpg","B0C1BN96WB","VEVOR Sewer Camera with 512Hz Locator,100 ft/30 m, 7"" Pipeline Inspection Camera with DVR Function, IP68 Camera with 12 Adjustable LEDs, A 16 GB SD Card for Sewer Line, Home, Duct Drain Pipe Plumbing","VEVOR","FBM","Industrial & Scientific",29877,840349934969,"N/A",0840349934969,"N/A","Borescopes",148,547.9,"N/A",233,31,1,131513.89,17151.17,180,4,"Suplander","China",2,2602,104,"Large bulky",22.4,15.8,7.1,15,"N/A","N/A","07/31/2025",35,9,7,1.29
"https://amazon.com/dp/B082JCSB4Z","https://m.media-amazon.com/images/I/71v54pE5ElL._SX450_.jpg","B082JCSB4Z","Innova 3380 Automotive Borescope with Light, 2.7"" Inspection Camera, 39"" Extension, IP67 Waterproof Digital Scope","Innova","FBA","Industrial & Scientific",30425,042173033805,00042173033805,0042173033805,"N/A","Borescopes",84,59.99,-30,162,162,22,9704.75,9704.63,80,4.5,"DereksAuto","USA",1,1565,703,"Large Standard-Size",2.32,6.06,9.61,0.9,68.02,187.65,"10/31/2025",75,6,0,2.02
"https://amazon.com/dp/B0FCRFV5TX","https://m.media-amazon.com/images/I/81CLnSAV8gL._SX450_.jpg","B0FCRFV5TX","Daxiongmao Endoscope Camera with Light, 1080P HD Borescope, IP67 Waterproof Snake Camera – Ideal for Inspecting Walls, Vents, Automotive Engines, Pipes – A Great Tool for Men","Daxiongmao","FBA","Industrial & Scientific",30572,"N/A","N/A","N/A","N/A","Borescopes",85,33.99,-41,18,73,,661.28,2607.11,2851,4.5,"leersi_jet","China",1,0,"N/A","Large Standard-Size",2.17,5.28,7.32,0.75,42.23,116.49,"02/28/2026",9,7,2,0.01
"https://amazon.com/dp/B013BJX63O","https://m.media-amazon.com/images/I/71AtILDQZKL._SX450_.jpg","B013BJX63O","Autel MaxiVideo MV108S Digital Inspection Camera, 2026 Newer of MV108, 8.5mm USB Industrial Endoscope IP67 Waterproof 1920P HD Borescope Camera 39.5'' Flexible Cord Snake Cameras for Autel Tool & P.C","Autel","FBA","Industrial & Scientific",30682,761560704837,69373572012690,0761560704837,"N/A","Borescopes",86,49,-31,76,76,1,3734.67,3734.57,310,4.6,"Autel Choice","China",1,1396,58,"Large Standard-Size",2.01,6.85,12.64,0.88,87.52,241.43,"02/28/2025",127,9,0,0.25
"https://amazon.com/dp/B0DNMFPQ9L","https://m.media-amazon.com/images/I/71bLSpAVNGL._SX450_.jpg","B0DNMFPQ9L","VEVOR Sewer Camera with 512Hz Locator, 165 ft/50 m, 9"" Drain Inspection Camera with Self-Leveling, 36X Zoom, Plumbing Cameras with Lights-12 LED, 32GB Card, IP68 Waterproof Snake Cameras for Duct Pipe","VEVOR","FBM","Industrial & Scientific",31130,197988809722,"N/A",0197988809722,"N/A","Borescopes",122,749.9,12,233,11,1,131513.89,7929.07,180,4,"Suplander","China",2,2602,104,"Large bulky",16.14,7.09,22.44,19.4,"N/A","N/A","07/31/2025",15,12,7,1.29
"https://amazon.com/dp/B0DNYWC4RS","https://m.media-amazon.com/images/I/71vZtxA08KL._SX450_.jpg","B0DNYWC4RS","VEVOR Sewer Camera, 165 ft/50 m, 7"" Screen Pipeline Inspection Camera with DVR Function, Waterproof IP68 Camera, 12pcs Adjustable LED, with a 16 GB SD Card for Sewer Line, Duct Drain Pipe Plumbing","VEVOR","FBM","Industrial & Scientific",31130,197988809333,"N/A",0197988809333,"N/A","Borescopes",122,336.99,19,233,56,1,131513.89,18200.7,180,4,"Suplander","China",2,2602,104,"Large bulky",16.34,7.09,14.76,14.11,"N/A","N/A","07/31/2025",13,9,7,1.29
"https://amazon.com/dp/B0DJGFL6B8","https://m.media-amazon.com/images/I/71L68QCfapL._SX450_.jpg","B0DJGFL6B8","VEVOR Endoscope Camera with Light, Dual Lens Industrial Borescope, 4.3"" Screen 1080P Inspection Camera, 8 + 1 Lights, 4X Zoom, IP67 Waterproof Snake Camera for Auto, Plumbing (16.4FT Cable, 32GB Card)","VEVOR","Amazon","Industrial & Scientific",31297,197988412045,"N/A",0197988412045,"N/A","Borescopes",82,45.9,50,256,166,-42,12154.55,6504.66,243,4.4,"Amazon","N/A",1,4082,"N/A","Large Standard-Size",7.76,5.31,3.15,1.1,"N/A","N/A","06/30/2025",17,9,4,1.05
"https://amazon.com/dp/B0CG6953FL","https://m.media-amazon.com/images/I/7197M6YiACL._SX450_.jpg","B0CG6953FL","Endoscope Camera with Light, Borescope with 6 LED Lights,Endoscope with 9.8ft Semi-Rigid Snake Camera,IP67 Waterproof Inspection Borescope Camera with Light for Android iPhone iPad, Tools for Men","SIBOST","FBA","Industrial & Scientific",31441,698746890285,"N/A",0698746890285,"N/A","Borescopes",84,22.99,-27,165,165,-114,3797.24,3795.43,1035,4.3,"SIBOST","China",2,6516,"N/A","Large Standard-Size",0.91,7.05,7.09,0.44,22.9,63.17,"11/30/2025",30,7,2,0.16
"https://amazon.com/dp/B0D7BJRPHX","https://m.media-amazon.com/images/I/71EsbJaK+aL._SX450_.jpg","B0D7BJRPHX","210° Two-Way Inspection Sewer Camera with Light, 7"" IPS Articulating Endoscope, Industrial Borescope 0.24in Slim Probe Drain Camera for Inspection Automotive Wall Pipe 5.3FT Cable","TURN RAISE","FBA","Industrial & Scientific",31594,"N/A","N/A","N/A","N/A","Borescopes",86,169.99,-40,186,13,-74,14691.77,1039.9,597,4.3,"TurnRaiseDirect","China",1,0,"N/A","Large bulky",3.58,9.53,18.15,3.97,200.68,501.69,"12/31/2025",20,7,10,0.31
"https://amazon.com/dp/B0D7BYFDX2","https://m.media-amazon.com/images/I/71wc4ItRkaL._SX450_.jpg","B0D7BYFDX2","210° Two-Way Articulating Borescope Dual Lens, 7"" IPS Sewer Camera with Light, Industrial Endoscope 0.25in Tiny Probe Snake Camera for Inspection Automotive Wall Pipe 5.3FT Cable","TURN RAISE","FBA","Industrial & Scientific",31594,"N/A","N/A","N/A","N/A","Borescopes",86,99.99,-59,186,6,-74,14691.77,629.6,597,4.3,"TurnRaiseDirect","China",1,0,"N/A","Large bulky",3.54,9.37,18.11,3.84,194.86,487.15,"12/31/2025",20,7,10,0.31
"https://amazon.com/dp/B0CS5R7THJ","https://m.media-amazon.com/images/I/7164rkGW-4L._SX450_.jpg","B0CS5R7THJ","Triple Lens Sewer Inspection Camera, 50FT Semi-Rigid Cable, 5"" IPS Screen Industrial Borescope, IP67 Pipe Snake Camera, 32G Storage Card, Carrying Case","TURN RAISE","FBA","Industrial & Scientific",31638,"N/A","N/A","N/A","N/A","Borescopes",86,99.99,71,186,32,-74,14691.77,3218.03,597,4.3,"TurnRaiseDirect","China",1,0,"N/A","Large Standard-Size",4.21,7.87,9.57,3.46,159.77,440.74,"12/31/2025",29,9,10,0.31
"https://amazon.com/dp/B0FMJD4CHD","https://m.media-amazon.com/images/I/71V+UmOwjVL._SX450_.jpg","B0FMJD4CHD","Endoscope Camera with Light 1920P HD Industrial Borescope with 4.3"" IPS Screen, 11.5FT Semi-Rigid Cable, IP67 Waterproof Inspection Snake Camera for Car Engine, Mechanical Tools, Pipeline Inspection","TURN RAISE","FBA","Industrial & Scientific",31642,"N/A","N/A","N/A","N/A","Borescopes",86,37.99,-35,186,29,-74,14691.77,1064.99,597,4.3,"TurnRaiseDirect","China",1,0,"N/A","Large Standard-Size",2.28,5,9.49,0.82,54.54,150.46,"12/31/2025",6,6,10,0.31
"https://amazon.com/dp/B0CJC8KTBM","https://m.media-amazon.com/images/I/71HhC87QeUL._SX450_.jpg","B0CJC8KTBM","Daxiongmao Endoscope Camera with Light, Dual Lens 1080p HD Borescope, IP67 Waterproof Snake Camera – Ideal for Inspecting Walls, Vents, Automotive Engines, Pipes – A Great Tool Gift for Men (16.5ft)","Daxiongmao","FBA","Industrial & Scientific",32603,739944332556,"N/A",0739944332556,"N/A","Borescopes",90,39.98,-86,22,16,,1280.65,620,169,4.5,"leersi_jet","China",1,0,"N/A","Large Standard-Size",3.15,5.55,7.87,1.12,69.27,191.09,"02/28/2026",13,8,2,0.13
"https://amazon.com/dp/B0FQC32XV7","https://m.media-amazon.com/images/I/71UAKNA5MhL._SX450_.jpg","B0FQC32XV7","DEPSTECH Dual Lens Borescope Camera with Light, Two-Way Articulating Borescope, 5"" IPS Dual View Endoscope with 0.33in Slim Probe, 1080P Waterproof Inspection Camera for Wall Auto Engine Inspect-5FT","DEPSTECH","FBA","Industrial & Scientific",33349,"N/A","N/A","N/A","N/A","Borescopes",91,109.99,-39,132,132,-7,14188.42,14186.95,82,4.7,"DEPSTECH Authorized Store","China",1,0,"N/A","Large Standard-Size",3.11,8.82,17.48,3.02,241.4,665.92,"12/31/2025",4,9,0,1.65
"https://amazon.com/dp/B0B3TKT4SH","https://m.media-amazon.com/images/I/41bKBOwc8gL._SX450_.jpg","B0B3TKT4SH","Inspection Camera NIDAGE Wireless Endoscope 2025 Top Tiny WiFi Borescope 3.9mm 1080P HD Endoscope Camera with Light IP67 Waterproof Semi-Rigid Snake Cam for iPhone, Android, Tablet, 5FT","NIDAGE","FBA","Industrial & Scientific",33384,"N/A","N/A","N/A","N/A","Borescopes",86,35.99,-24,156,156,247,5628.47,5628.34,137,4.3,"TELESION","China",1,1335,31,"Large Standard-Size",1.93,4.96,5.04,0.29,24.29,67.01,"12/31/2024",45,7,0,1.16
"https://amazon.com/dp/B0G6Y3W5BF","https://m.media-amazon.com/images/I/71mlK6wnM6L._SX450_.jpg","B0G6Y3W5BF","EASTBEAR Single-Lens Endoscope Camera with Light, 1920P HD Borescope with 8 Adjustable LEDs, 16.4FT Semi-Rigid Snake Cable, IP67 Waterproof Inspection Camera for iOS & Android - Black","EASTBEAR","FBA","Industrial & Scientific",33508,726870777759,"N/A",0726870777759,"N/A","Borescopes",92,26.99,"N/A",59,11,,1737.17,299,25,4.3,"EASTBEAR Store","N/A",1,0,"N/A","Large Standard-Size",1.46,4.84,5.12,0.42,18.18,50.14,"01/31/2026",3,7,2,2.36
"https://amazon.com/dp/B08Y5S32YV","https://m.media-amazon.com/images/I/71c2UsiLHsL._SX450_.jpg","B08Y5S32YV","Two-Way Articulating Borescope for Smartphone&iPhone, Ralcam 8.5mm/0.33inch Endoscope Camera with Light, HD 1080P Inspection Camera Automotive Tool","Ralcam","FBA","Industrial & Scientific",33640,724118701306,"N/A",0724118701306,"N/A","Borescopes",88,99.99,-25,138,86,27,14712.84,8622.1,204,4.3,"Ralcam","China",1,1991,"N/A","Large Standard-Size",2.99,8.7,12.44,2.12,162.92,449.45,"03/31/2025",60,8,2,0.68
"https://amazon.com/dp/B0DBCFYL2H","https://m.media-amazon.com/images/I/71hsBn7Q8rL._SX450_.jpg","B0DBCFYL2H","HertzEagle Endoscope Camera with Light Compatible with iPhone and Android, 16.5ft IP67 Waterproof Snake Camera, Borescope, 8 Adjustable Lights","HertzEagle","FBA","Industrial & Scientific",33709,"N/A","N/A","N/A","N/A","Borescopes",93,18.99,-38,149,149,-27,2652.86,2652.22,55,4.5,"HertzEagle","China",1,1398,"N/A","Large Standard-Size",1.54,4.84,4.92,0.37,18.46,50.93,"10/31/2025",17,6,1,2.7
"https://amazon.com/dp/B0C5LY3YRL","https://m.media-amazon.com/images/I/71xtVETvO-L._SX450_.jpg","B0C5LY3YRL","Triple Lens Sewer Camera with 50ft, 5"" IPS Screen Borescope with Light, 1080P HD Endoscope IP67 Drain Pipe Snake Drain Camera, 32G Card Semi-Rigid Cable for Plumbing Inspection + Case","TURN RAISE","FBA","Industrial & Scientific",34271,"N/A","N/A","N/A","N/A","Borescopes",89,79.44,-28,186,15,-74,14691.77,1257.91,597,4.3,"TurnRaiseDirect","China",1,0,"N/A","Large Standard-Size",4.21,7.99,9.65,3.57,163.5,451.04,"12/31/2025",20,9,10,0.31
"https://amazon.com/dp/B0CJHBNVVX","https://m.media-amazon.com/images/I/71TNhp619+L._SX450_.jpg","B0CJHBNVVX","Triple Lens Sewer Camera with 50FT Cable, 5"" IPS Screen 1080P HD Snake Camera, Waterproof IP67 Drain Pipe Borescope with Light, Plumbing Inspection Endoscope with 32GB Card & Carrying Case","TURN RAISE","FBA","Industrial & Scientific",34280,"N/A","N/A","N/A","N/A","Borescopes",89,82.29,-37,186,11,-74,14691.77,971.77,597,4.3,"TurnRaiseDirect","China",1,0,"N/A","Large Standard-Size",4.37,7.95,9.65,3.55,168.79,465.63,"12/31/2025",29,9,10,0.31