"URL","Image URL","ASIN","Title","Brand","Fulfillment","Category","BSR","UPC","GTIN","EAN","ISBN","Subcategory","Subcategory BSR","Price","Price Trend (90 days) (%)","Parent Level Sales","ASIN Sales","Sales Trend (90 days) (%)","Parent Level Revenue","ASIN Revenue","Review Count","Reviews Rating","Seller","Seller Country/Region","Number of Active Sellers","Last Year Sales","Sales Year Over Year (%)","Shipping Details","Length","Width","Height","Weight","Storage Fee (Jan - Sep)","Storage Fee (Oct - Dec)","Best Sales Period","Listing Age (Months)","Number of Images","Variation Count","Sales to Reviews"
"https://amazon.com/dp/B08ZWDP7SC","https://m.media-amazon.com/images/I/71ZgSllDViL._SX450_.jpg","B08ZWDP7SC","WEN 73012T 300-Pound Capacity Pneumatic Rolling Mechanic Stool","WEN","Amazon","Automotive",1220,044459731122,00044459731122,0044459731122,"N/A","Roller Seats",1,31.88,-39,2538,2538,323,84272.54,84247.02,11657,4.6,"Amazon","N/A",1,37459,97,"Large bulky",5.32,16.26,16.45,12.05,"N/A","N/A","05/31/2025",60,5,2,0.22
"https://amazon.com/dp/B0D12JNRNZ","https://m.media-amazon.com/images/I/71o--YzBEDL._SX450_.jpg","B0D12JNRNZ","MaxWorks 50957 Ergonomic Seat Mechanic Stool Chair 22.9"" L x 13.9"" W x 17"" H, with 4pcs 2.5"" Swivel Casters, with Tool Tray for Workshop, Garage, Auto Repair - 300 Lbs Capacity","MaxWorks","Amazon","Automotive",2344,812351039574,"N/A",0812351039574,"N/A","Roller Seats",88,54.99,-41,2453,76,102,92387.17,4171.32,958,4.6,"Amazon","N/A",1,22540,"N/A","Large bulky",6.6,14,24.2,9.9,"N/A","N/A","11/30/2025",19,7,2,2.56
"https://amazon.com/dp/B0DS5PN7NC","https://m.media-amazon.com/images/I/51S7SzsfhnL._SX450_.jpg","B0DS5PN7NC","FreekyFit Shop Stool with Backrest, Mechanic Garage Stool for Workshop, Adjustable Shop Stools Chair, Padded Workbench Stools for Men Women, 300 LBS Capacity, 360° Swivel PVC Seat, Heavy Duty, Yellow","FreekyFit","FBA","Automotive",3418,"N/A","N/A","N/A","N/A","Roller Seats",3,88.99,-29,1451,221,55,123935.99,19644.4,448,4.5,"FreekyFit","China",1,10463,"N/A","Large bulky",8.3,15.6,16.2,18.4,679.77,1699.43,"02/28/2026",13,9,5,3.24
"https://amazon.com/dp/B0D1BHQD2T","https://m.media-amazon.com/images/I/51k4d7pcw5L._SX450_.jpg","B0D1BHQD2T","FreekyFit Shop Stool with Backrest, Mechanic Garage Stool for Workshop, Adjustable Shop Stools Chair, Padded Workbench Stools for Men Women, 300 LBS Capacity, 360° Swivel PVC Seat, Heavy Duty, Black","FreekyFit","FBA","Automotive",3419,"N/A","N/A","N/A","N/A","Roller Seats",3,85.99,-30,1451,772,55,123935.99,64518.25,463,4.5,"FreekyFit","China",1,10463,"N/A","Large bulky",8.5,15.5,16.3,19.47,695.96,1739.89,"02/28/2026",22,9,5,3.13
"https://amazon.com/dp/B0DS5PR2QQ","https://m.media-amazon.com/images/I/510ZyyvrVzL._SX450_.jpg","B0DS5PR2QQ","FreekyFit Shop Stool with Backrest, Mechanic Garage Stool for Workshop, Adjustable Shop Stools Chair, Padded Workbench Stools for Men Women, 300 LBS Capacity, 360° Swivel PVC Seat, Heavy Duty, Pink","FreekyFit","FBA","Automotive",3419,"N/A","N/A","N/A","N/A","Roller Seats",3,88.99,-35,1451,78,55,123935.99,6907.21,448,4.5,"FreekyFit","China",1,10463,"N/A","Large bulky",8.3,15.5,16.2,18.85,675.41,1688.53,"02/28/2026",15,9,5,3.24
"https://amazon.com/dp/B0FFRZMRZV","https://m.media-amazon.com/images/I/515vLLFCI0L._SX450_.jpg","B0FFRZMRZV","FreekyFit Shop Stool with Backrest, Mechanic Garage Stool for Workshop, Adjustable Shop Stools Chair, Padded Workbench Stools for Men Women, 300 LBS Capacity, 360° Swivel PVC Seat, Heavy Duty, Blue","FreekyFit","FBA","Automotive",3710,"N/A","N/A","N/A","N/A","Roller Seats",2,88.99,-12,1451,169,55,123935.99,14611.43,464,4.5,"FreekyFit","China",1,10463,"N/A","Large bulky",8.5,15.6,16.4,18.7,704.74,1761.86,"02/28/2026",7,9,5,3.13
"https://amazon.com/dp/B0D1B1CJYW","https://m.media-amazon.com/images/I/51KOPXf6wZL._SX450_.jpg","B0D1B1CJYW","FreekyFit Shop Stool with Backrest, Mechanic Garage Stool for Workshop, Adjustable Shop Stools Chair, Padded Workbench Stools for Men Women, 300 LBS Capacity, 360° Swivel PVC Seat, Heavy Duty, Red","FreekyFit","FBA","Automotive",3765,"N/A","N/A","N/A","N/A","Roller Seats",3,82.99,-30,1451,211,55,123935.99,18242.46,463,4.5,"FreekyFit","China",1,10463,"N/A","Large bulky",8.8,15.9,16,18.5,725.51,1813.78,"02/28/2026",22,9,5,3.13
"https://amazon.com/dp/B0FGXQDTB1","https://m.media-amazon.com/images/I/61k7sCVw0RL._SX450_.jpg","B0FGXQDTB1","Rolling Shop Stool with Wheels, Garage Mechanic Stool Chair with Backrest, Height Adjustable Heavy Duty Swivel Task Chair, Adjustable Footrest with Storage Tray for Garage Kitchen Salon Tattoo (Red)","FREEKYROCK","FBA","Automotive",3882,"N/A","N/A","N/A","N/A","Roller Seats",3,139.99,-30,1305,423,65,174022.6,56738.09,215,4.5,"FK Factory Directly","China",1,0,"N/A","Large bulky",11,16.75,17,21.8,1015.08,2537.7,"11/30/2025",8,9,3,6.07
"https://amazon.com/dp/B0FGXQ5PN5","https://m.media-amazon.com/images/I/61zHgvfllwL._SX450_.jpg","B0FGXQ5PN5","Rolling Shop Stool with Wheels, Garage Mechanic Stool Chair with Backrest, Height Adjustable Heavy Duty Swivel Task Chair, Adjustable Footrest with Storage Tray for Garage Kitchen Salon Tattoo (Black)","FREEKYROCK","FBA","Automotive",3898,"N/A","N/A","N/A","N/A","Roller Seats",3,139.99,-37,1305,732,65,174022.6,97047.42,215,4.5,"FK Factory Directly","China",1,0,"N/A","Large bulky",11.2,16.2,17,21.8,999.6,2499,"11/30/2025",8,9,3,6.07
"https://amazon.com/dp/B0G8JGHQK2","https://m.media-amazon.com/images/I/61YmjWO6f+L._SX450_.jpg","B0G8JGHQK2","Rolling Shop Stool with Wheels, Garage Mechanic Stool Chair with Backrest, Height Adjustable Heavy Duty Swivel Task Chair, Adjustable Footrest with Storage Tray for Garage Kitchen Salon Tattoo (Blue)","FREEKYROCK","FBA","Automotive",3922,"N/A","N/A","N/A","N/A","Roller Seats",4,139.99,"N/A",1292,145,64,172192.82,19544.9,211,4.5,"FK Factory Directly","China",1,0,"N/A","Large bulky",10.5,17,17,21.6,983.4,2458.51,"11/30/2025",2,9,3,6.12
"https://amazon.com/dp/B0FXKM871K","https://m.media-amazon.com/images/I/71bd5pC04qL._SX450_.jpg","B0FXKM871K","Big RED Rolling Mechanic Stool with Tool Tray, Pneumatic Garage Seat, Adjustable Height Form 17""-22"",Storage Workshop Chair for Auto Repair","BIG RED","Amazon","Automotive",4804,810151423456,"N/A",0810151423456,"N/A","Roller Seats",4,53.99,-55,1082,70,10,28059.75,3716.38,6977,4.6,"Amazon","N/A",1,0,"N/A","Large bulky",6.3,15.75,15.75,14.4,"N/A","N/A","11/30/2025",5,6,2,0.16
"https://amazon.com/dp/B000COC67E","https://m.media-amazon.com/images/I/61sy+7HljnL._SX450_.jpg","B000COC67E","Torin TR6300 Red Rolling Creeper Garage/Shop Seat: Padded Mechanic Stool with Tool Tray Large","BIG RED","Amazon","Automotive",4805,810151421988,00810151421988,8017337110182,"N/A","Roller Seats",4,24.07,-28,1082,1011,10,28059.75,24332.83,6977,4.6,"Amazon","N/A",1,0,"N/A","Large bulky",4.75,14.4,15.5,9.8,"N/A","N/A","11/30/2025",244,7,2,0.16
"https://amazon.com/dp/B097DGQTLP","https://m.media-amazon.com/images/I/71IbIlOBFKL._SX450_.jpg","B097DGQTLP","VEVOR Mechanic Stool 300 LBS Capacity Garage Stool Gift for Men, Heavy Duty Rolling Mechanics Seat, with Three Slide Out Tool Trays and Drawer, Tools for Automotive Auto Repair","VEVOR","Amazon","Automotive",6078,614198608919,"N/A",0614198608919,"N/A","Roller Seats",5,55.9,-15,919,919,5,51974.74,51974.61,1270,4.4,"Amazon","N/A",3,14392,"N/A","Large bulky",10.7,12,22.7,14.05,"N/A","N/A","11/30/2025",57,12,0,0.72
"https://amazon.com/dp/B0DRYFNXHH","https://m.media-amazon.com/images/I/71OL3KnRfHL._SX450_.jpg","B0DRYFNXHH","FREEKYROCK Rolling Stool with Wheels, Adjustable Height Pneumatic Garage Work Mechanic Stool Seat with Backrest, 400 LBS Capacity 360° Swivel Mechanic Crepper Chair with Tool Tray Storage, Pink","FREEKYROCK","FBA","Automotive",6809,"N/A","N/A","N/A","N/A","Roller Seats",7,152.99,-30,751,66,22,115105.16,9990.78,254,4.4,"FK Factory Directly","China",1,0,"N/A","Large bulky",13,18,23,29.6,1744.17,4360.42,"11/30/2025",11,9,6,2.96
"https://amazon.com/dp/B0DRYFQ974","https://m.media-amazon.com/images/I/718CJ9dywKL._SX450_.jpg","B0DRYFQ974","FREEKYROCK Rolling Stool with Wheels, Adjustable Height Pneumatic Garage Work Mechanic Stool Seat with Backrest, 400 LBS Capacity 360° Swivel Mechanic Crepper Chair with Tool Tray Storage, Yellow","FREEKYROCK","FBA","Automotive",6867,"N/A","N/A","N/A","N/A","Roller Seats",5,152.99,-16,751,130,22,115105.16,19562.7,254,4.4,"FK Factory Directly","China",1,0,"N/A","Large bulky",12.5,18,22.75,24.95,1658.85,4147.14,"11/30/2025",11,9,6,2.96
"https://amazon.com/dp/B0FD359J1W","https://m.media-amazon.com/images/I/71u-GEGFHwL._SX450_.jpg","B0FD359J1W","FREEKYROCK Rolling Stool with Wheels, Adjustable Height Pneumatic Garage Work Mechanic Stool Seat with Backrest, 400 LBS Capacity 360° Swivel Mechanic Crepper Chair with Tool Tray Storage, Blue","FREEKYROCK","FBA","Automotive",6867,"N/A","N/A","N/A","N/A","Roller Seats",5,157.99,-45,751,100,22,115105.16,15613.45,260,4.4,"FK Factory Directly","China",1,0,"N/A","Large bulky",12.2,17.7,22.9,25.5,1602.55,4006.39,"11/30/2025",9,9,6,2.89
"https://amazon.com/dp/B0FD3TPT51","https://m.media-amazon.com/images/I/71ExZrHRVHL._SX450_.jpg","B0FD3TPT51","FREEKYROCK Rolling Stool with Wheels, Adjustable Height Pneumatic Garage Work Mechanic Stool Seat with Backrest, 400 LBS Capacity 360° Swivel Mechanic Crepper Chair with Tool Tray Storage, Gray","FREEKYROCK","FBA","Automotive",7748,"N/A","N/A","N/A","N/A","Roller Seats",7,157.99,-29,782,72,33,119251.99,10988.45,255,4.4,"FK Factory Directly","China",1,0,"N/A","Large bulky",12.4,17.8,22.7,30.35,1623.72,4059.31,"11/30/2025",9,9,6,3.06
"https://amazon.com/dp/B0FD3VMZZ4","https://m.media-amazon.com/images/I/710Mhmd2-DL._SX450_.jpg","B0FD3VMZZ4","FREEKYROCK Rolling Stool with Wheels, Adjustable Height Pneumatic Garage Work Mechanic Stool Seat with Backrest, 400 LBS Capacity 360° Swivel Mechanic Crepper Chair with Tool Tray Storage, Black","FREEKYROCK","FBA","Automotive",7786,"N/A","N/A","N/A","N/A","Roller Seats",6,157.99,-28,751,108,22,115105.16,16806.4,260,4.4,"FK Factory Directly","China",1,0,"N/A","Large bulky",11.5,17.8,22.8,25.9,1512.51,3781.26,"11/30/2025",9,9,6,2.89
"https://amazon.com/dp/B0DRYG8GKK","https://m.media-amazon.com/images/I/513bpTCs7XL._SX450_.jpg","B0DRYG8GKK","FREEKYROCK Rolling Stool with Wheels, Adjustable Height Pneumatic Garage Work Mechanic Stool Seat with Backrest, 400 LBS Capacity 360° Swivel Mechanic Crepper Chair with Tool Tray Storage, Red","FREEKYROCK","FBA","Automotive",7940,"N/A","N/A","N/A","N/A","Roller Seats",7,155.99,-29,751,278,22,115105.16,42593.23,254,4.4,"FK Factory Directly","China",1,0,"N/A","Large bulky",12.3,18,23,25.25,1650.25,4125.63,"11/30/2025",11,9,6,2.96
"https://amazon.com/dp/B0DGTBTX4P","https://m.media-amazon.com/images/I/71ITMuh4JxL._SX450_.jpg","B0DGTBTX4P","VEVOR Foldable Z Garage Creeper, 40 in, 450 lbs Load Capacity Rolling Folding Mechanic Creeper Stool, with 6 Universal Wheels Padded Seat Steel Frame, Lay Down or Sit Chair for Garage Shop or Home","VEVOR","Amazon","Automotive",9627,197988583516,"N/A",0197988583516,"N/A","Creepers",7,46.72,217,815,270,406,36121.86,14095.78,1493,4.2,"Amazon","N/A",4,14130,"N/A","Large bulky",4.8,16.2,34.3,19.15,"N/A","N/A","10/31/2025",18,9,3,0.55
"https://amazon.com/dp/B0DGTHGFKS","https://m.media-amazon.com/images/I/711UIXrznSL._SX450_.jpg","B0DGTHGFKS","VEVOR Foldable Z Garage Creeper, 36 in, 300 lbs Load Capacity Rolling Folding Mechanic Creeper Stool, with 6 Wheels Tool Tray Padded Seat Steel Frame, Lay Down or Sit Chair for Garage Shop or Home","VEVOR","Amazon","Automotive",9635,197988584605,"N/A",0197988584605,"N/A","Creepers",7,45.9,216,802,74,386,35481.34,3438.44,1493,4.2,"Amazon","N/A",4,14165,"N/A","Large bulky",21.65,4.53,17.32,13.89,"N/A","N/A","10/31/2025",18,12,3,0.54
"https://amazon.com/dp/B0CZ74NQS5","https://m.media-amazon.com/images/I/61WhbL3Gj7L._SX450_.jpg","B0CZ74NQS5","FreekyFit Rolling Shop Stool with Wheels, Garage Work Mechanic Stool with Backrest, Roller Mechanic Chair, Adjustable Height, 360° Swivel, Tool Tray Storage, 330 LBS Capacity, Heavy Duty, Yellow","FreekyFit","FBA","Automotive",10131,"N/A","N/A","N/A","N/A","Roller Seats",7,113.99,-42,555,152,-26,62068.88,16867.53,490,4.4,"FreekyFit","China",1,7058,"N/A","Large bulky",15.4,17.1,17.9,19.95,1527.62,3819.04,"11/30/2025",24,9,6,1.13
"https://amazon.com/dp/B0F38CSY5L","https://m.media-amazon.com/images/I/71+WU6YwKeL._SX450_.jpg","B0F38CSY5L","FreekyFit Rolling Stool with Blue Wheels,Heavy Duty Garage Work Mechanic Rolling Shop Stool with Backrest, Adjustable Height 360°Swivel Roller Mechanic Chair with 2 Tool Trays, 330 LBS Capacity","FreekyFit","FBA","Automotive",10131,"N/A","N/A","N/A","N/A","Chairs & Sofas",335,123.99,-19,546,30,-17,61257.56,3668,489,4.4,"FreekyFit","China",1,7066,"N/A","Large bulky",15.5,17.5,17.5,19.8,1538.34,3845.85,"11/30/2025",10,9,6,1.12
"https://amazon.com/dp/B0F38FMVFZ","https://m.media-amazon.com/images/I/71nw-0trM-L._SX450_.jpg","B0F38FMVFZ","FreekyFit Rolling Stool with Red Wheels, Heavy Duty Garage Work Mechanic Rolling Shop Stool with Backrest, Adjustable Height 360°Swivel Roller Mechanic Chair with 2 Tool Trays, 330 LBS Capacity","FreekyFit","FBA","Automotive",10664,"N/A","N/A","N/A","N/A","Chairs & Sofas",479,123.99,-36,546,9,-17,61257.56,1150.86,489,4.4,"FreekyFit","China",1,7066,"N/A","Large bulky",15.59,17.5,17.5,19.6,1547.27,3868.18,"11/30/2025",10,9,6,1.12
"https://amazon.com/dp/B0BZTT3M68","https://m.media-amazon.com/images/I/61H6DxlnRpL._SX450_.jpg","B0BZTT3M68","VEVOR Rolling Creeper Garage/Shop Seat, 250 LBS Capacity Padded Rolling Workshop Stool with Tool Tray Storage, Mechanic Stool for Garage, Shop, Auto Repair, Black","VEVOR","Amazon","Automotive",11153,840281566419,"N/A",0840281566419,"N/A","Roller Seats",7,25,28,662,662,35,16215.52,16215.25,1336,4.5,"Amazon","N/A",4,14752,"N/A","Large bulky",3.82,14.65,17.17,8.51,"N/A","N/A","11/30/2025",36,9,0,0.5
"https://amazon.com/dp/B0DXZGPC8L","https://m.media-amazon.com/images/I/719ymNm1ySL._SX450_.jpg","B0DXZGPC8L","FreekyFit Rolling Shop Stool with Wheels, Garage Work Mechanic Stool with Backrest, Roller Mechanic Chair, Adjustable Height, 360° Swivel, Tool Tray Storage, 330 LBS Capacity, Heavy Duty, Blue","FreekyFit","FBA","Automotive",11176,"N/A","N/A","N/A","N/A","Roller Seats",8,113.99,-34,546,106,-17,61257.56,11759.04,489,4.4,"FreekyFit","China",1,7066,"N/A","Large bulky",15.6,17.1,17.5,20.25,1512.88,3782.19,"11/30/2025",11,9,6,1.12
"https://amazon.com/dp/B0CZ71K5LH","https://m.media-amazon.com/images/I/610RU92FmbL._SX450_.jpg","B0CZ71K5LH","FreekyFit Rolling Shop Stool with Wheels, Garage Work Mechanic Stool with Backrest, Roller Mechanic Chair, Adjustable Height, 360° Swivel, Tool Tray Storage, 330 LBS Capacity, Heavy Duty, Red","FreekyFit","FBA","Automotive",11177,"N/A","N/A","N/A","N/A","Roller Seats",8,113.99,-18,555,95,-26,62068.88,10490.2,490,4.4,"FreekyFit","China",1,7058,"N/A","Large bulky",16,17,17,19.75,1498.52,3746.3,"11/30/2025",24,9,6,1.13
"https://amazon.com/dp/B0CZ73SSLG","https://m.media-amazon.com/images/I/61T7-EehjkL._SX450_.jpg","B0CZ73SSLG","FreekyFit Rolling Shop Stool with Wheels, Garage Work Mechanic Stool with Backrest, Roller Mechanic Chair, Adjustable Height, 360° Swivel, Tool Tray Storage, 330 LBS Capacity, Heavy Duty, Black","FreekyFit","FBA","Automotive",11177,"N/A","N/A","N/A","N/A","Roller Seats",8,113.99,-33,555,162,-26,62068.88,18039.99,490,4.4,"FreekyFit","China",1,7058,"N/A","Large bulky",15.5,17,17.5,19.75,1494.39,3735.97,"11/30/2025",24,9,6,1.13
"https://amazon.com/dp/B0170TMDRQ","https://m.media-amazon.com/images/I/61--pnontNL._SX450_.jpg","B0170TMDRQ","Torin TR6100W BlackJack Rolling Creeper Garage/Shop Seat: Padded Mechanic Stool with Tool Tray Storage, Black","Torin","Amazon","Automotive",11812,615268361000,"N/A",0615268361000,"N/A","Creepers",12,17.62,-40,1536,1145,-76,48947.37,20178.14,3476,4.6,"Amazon","N/A",1,16381,31,"Large bulky",4.72,14.57,15.35,9.7,"N/A","N/A","11/30/2024",114,7,4,0.44
"https://amazon.com/dp/B0CD4HTF76","https://m.media-amazon.com/images/I/71-7b-YAuTL._SX450_.jpg","B0CD4HTF76","FreekyFit Rolling Shop Stool for Garage with Casters, DO02-Adjustable Height 360° Swivel Shop Seat with Tool Tray Storage, 330 LBS Capacity Padded Mechanic Stool, Magnetic Tool Hold, Heavy Duty, Red","FreekyFit","FBA","Automotive",11928,197644847914,"N/A",0197644847914,"N/A","Roller Seats",10,142.49,-19,455,144,-5,66957.86,21201.68,581,4.4,"FreekyFit","China",1,6315,-3,"Large bulky",15.5,18,18.5,26.2,1672.71,4181.77,"11/30/2025",32,9,4,0.78
"https://amazon.com/dp/B0DXZHCK2T","https://m.media-amazon.com/images/I/71ifQUEpr1L._SX450_.jpg","B0DXZHCK2T","FreekyFit Rolling Shop Stool for Garage with Casters, DO02-Adjustable Height 360° Swivel Shop Seat with Tool Tray Storage, 330 LBS Capacity Padded Mechanic Stool, Magnetic Tool Hold, Heavy Duty, Blue","FreekyFit","FBA","Automotive",12657,"N/A","N/A","N/A","N/A","Roller Seats",9,132.49,-9,455,114,-5,66957.86,16805.18,577,4.4,"FreekyFit","China",1,6315,-3,"Large bulky",15.25,18,18,27.8,1601.25,4003.13,"11/30/2025",11,9,4,0.79
"https://amazon.com/dp/B0CD4GXFYT","https://m.media-amazon.com/images/I/71E6qwyM8TL._SX450_.jpg","B0CD4GXFYT","FreekyFit Rolling Shop Stool for Garage with Casters, DO02-Adjustable Height 360° Swivel Shop Seat with Tool Tray Storage, 330 LBS Capacity Padded Mechanic Stool, Magnetic Tool Hold, Heavy Duty,Yellow","FreekyFit","FBA","Automotive",12820,197644844760,"N/A",0197644844760,"N/A","Roller Seats",9,149.99,"N/A",455,74,-5,66957.86,10984.79,581,4.4,"FreekyFit","China",1,6315,-3,"Large bulky",15.75,18.2,18.25,26.7,1695.35,4238.37,"11/30/2025",32,9,4,0.78
"https://amazon.com/dp/B0DRYGJVVZ","https://m.media-amazon.com/images/I/61L4Wnsi1gL._SX450_.jpg","B0DRYGJVVZ","FREEKYROCK Rolling Shop Stool with Wheels, Heavy Duty Garage Work Mechanic Stool with Backrest, Adjustable Height 360°Swivel Rolling Chair with Tool Tray Storage, 330 LBS Capacity, Red","FREEKYROCK","FBA","Automotive",13698,774882317005,"N/A",0774882317005,"N/A","Roller Seats",10,119.69,-28,402,51,-13,44073.59,6178.45,259,4.6,"FK Factory Directly","China",1,0,"N/A","Large bulky",16.5,17.25,17.38,30.25,1603.12,4007.81,"11/30/2025",11,9,8,1.55
"https://amazon.com/dp/B0FP8ZQWB4","https://m.media-amazon.com/images/I/61dxOqlgRqL._SX450_.jpg","B0FP8ZQWB4","FREEKYROCK Rolling Shop Stool with Wheels, Heavy Duty Garage Work Mechanic Stool, Adjustable Height 22.44""-28.94"", 360°Swivel Rolling Chair with Tool Tray Storage, 330 LBS Capacity, Black","FREEKYROCK","FBA","Automotive",13800,"N/A","N/A","N/A","N/A","Roller Seats",10,109.18,-23,402,21,-13,44073.59,2162.45,260,4.6,"FK Factory Directly","China",1,0,"N/A","Large bulky",15.4,17.9,18.2,24.85,1625.88,4064.71,"11/30/2025",5,9,8,1.55
"https://amazon.com/dp/B0DRYD7WFY","https://m.media-amazon.com/images/I/61BNBWgi5hL._SX450_.jpg","B0DRYD7WFY","FREEKYROCK Rolling Shop Stool with Wheels, Heavy Duty Garage Work Mechanic Stool with Backrest, Adjustable Height 360°Swivel Rolling Chair with Tool Tray Storage, 330 LBS Capacity, Yellow","FREEKYROCK","FBA","Automotive",13800,774882316985,"N/A",0774882316985,"N/A","Roller Seats",10,119.69,-26,402,9,-13,44073.59,1019.11,259,4.6,"FK Factory Directly","China",1,0,"N/A","Large bulky",15.5,18.25,18.25,28.2,1673.02,4182.56,"11/30/2025",11,9,8,1.55
"https://amazon.com/dp/B0FP8X462R","https://m.media-amazon.com/images/I/61STZAD4BwL._SX450_.jpg","B0FP8X462R","FREEKYROCK Rolling Shop Stool with Wheels, Heavy Duty Garage Work Mechanic Stool, Adjustable Height 22.44""-28.94"", 360°Swivel Rolling Chair with Tool Tray Storage, 330 LBS Capacity, Red","FREEKYROCK","FBA","Automotive",13938,"N/A","N/A","N/A","N/A","Roller Seats",11,109.18,-30,402,26,-16,44095.68,2787.36,260,4.6,"FK Factory Directly","China",1,0,"N/A","Large bulky",15.3,18.1,18.3,25,1642.35,4105.87,"11/30/2025",5,9,8,1.55
"https://amazon.com/dp/B0CD4GFZ3Z","https://m.media-amazon.com/images/I/71wTYazWF8L._SX450_.jpg","B0CD4GFZ3Z","FreekyFit Rolling Shop Stool for Garage with Casters, DO02-Adjustable Height 360° Swivel Shop Seat with Tool Tray Storage, 330 LBS Capacity Padded Mechanic Stool, Magnetic Tool Hold, Heavy Duty, Black","FreekyFit","FBA","Automotive",13995,197644299386,"N/A",0197644299386,"N/A","Roller Seats",9,149.99,-46,455,122,-5,66957.86,17965.68,581,4.4,"FreekyFit","China",1,6315,-3,"Large bulky",15.5,18.25,18.25,26.85,1673.02,4182.56,"11/30/2025",32,9,4,0.78
"https://amazon.com/dp/B0FL7PNQX3","https://m.media-amazon.com/images/I/61MaaZ95-zL._SX450_.jpg","B0FL7PNQX3","JOSTZHXIN Low Height Rolling Stool Height Adjustable Low Roller Seat, Swivel Small Chair Mechanic Stool, Short Stools for Home Office Garage Shop (Style 2)","JOSTZHXIN","FBA","Automotive",14012,"N/A","N/A","N/A","N/A","Roller Seats",11,39.99,-33,392,32,31,16654.28,1285.59,75,4.1,"YISTAR-Direct","China",1,0,"N/A","Large Standard-Size",7.87,13.86,14.02,10.23,770.01,2124.17,"02/28/2026",8,8,4,5.23
"https://amazon.com/dp/B0FKB8KGX1","https://m.media-amazon.com/images/I/61unoXT2EIL._SX450_.jpg","B0FKB8KGX1","HYDRAULIC PRO Adjustable Height Rolling Mechanic Stool, 300 LBS Garage Chair on Wheels, Rolling Workshop Stool with Cushioned Seat and Tool Trays, Ideal for Garage, Workshop, and Auto Repair","HYDRAULIC PRO","FBA","Automotive",14124,"N/A","N/A","N/A","N/A","Roller Seats",12,64.59,-57,216,216,46,13678.93,13677.13,21,4.6,"Hydraulic Pro US","China",1,0,"N/A","Large bulky",7.75,18.25,18.5,14.35,847.97,2119.93,"10/31/2025",8,7,0,10.27
"https://amazon.com/dp/B0DRYBKYFT","https://m.media-amazon.com/images/I/71YJAc2CiOL._SX450_.jpg","B0DRYBKYFT","FREEKYROCK Rolling Shop Stool with Wheels, Garage Mechanic Shop Chair with Handle Backrest, Adjustable Height Work Stool, Roller Seat with Tool Tray Storage, Heavy Duty, 330 LBS Capacity, Yellow","FREEKYROCK","FBA","Automotive",14126,774882316947,"N/A",0774882316947,"N/A","Roller Seats",10,105.97,-33,402,22,-13,44073.59,2332.24,259,4.6,"FK Factory Directly","China",1,0,"N/A","Large bulky",16.1,17.2,17.6,21.5,1579.47,3948.67,"11/30/2025",11,9,8,1.55
"https://amazon.com/dp/B0DRYD1CMT","https://m.media-amazon.com/images/I/61L9qK5z2ML._SX450_.jpg","B0DRYD1CMT","FREEKYROCK Rolling Shop Stool with Wheels, Garage Mechanic Shop Chair with Handle Backrest, Adjustable Height Work Stool, Roller Seat with Tool Tray Storage, Heavy Duty, 330 LBS Capacity, Black","FREEKYROCK","FBA","Automotive",14126,774882316954,"N/A",0774882316954,"N/A","Roller Seats",10,105.97,-16,402,113,-13,44073.59,12117.76,259,4.6,"FK Factory Directly","China",1,0,"N/A","Large bulky",15.47,17.44,18.15,21.01,1586.93,3967.32,"11/30/2025",11,9,8,1.55
"https://amazon.com/dp/B0FL7PWWXQ","https://m.media-amazon.com/images/I/61-9CgOE7DL._SX450_.jpg","B0FL7PWWXQ","JOSTZHXIN Low Height Rolling Stool Height Adjustable Low Roller Seat, Swivel Small Chair Mechanic Stool, Short Stools for Home Office Garage Shop","JOSTZHXIN","FBA","Automotive",14147,"N/A","N/A","N/A","N/A","Roller Seats",11,39.99,"N/A",392,0,31,16654.28,"-",75,4.1,"YISTAR-Direct","China",0,0,"N/A","N/A","N/A","N/A","N/A","N/A","N/A","N/A","02/28/2026",8,8,4,5.3
"https://amazon.com/dp/B0DRYFFNGL","https://m.media-amazon.com/images/I/617UTbsRm6L._SX450_.jpg","B0DRYFFNGL","FREEKYROCK Rolling Shop Stool with Wheels, Heavy Duty Garage Work Mechanic Stool with Backrest, Adjustable Height 360°Swivel Rolling Chair with Tool Tray Storage, 330 LBS Capacity, Black","FREEKYROCK","FBA","Automotive",14168,774882316978,"N/A",0774882316978,"N/A","Roller Seats",12,119.69,-42,402,9,-13,44073.59,1110.15,259,4.6,"FK Factory Directly","China",1,0,"N/A","Large bulky",15.4,18,18.1,29.45,1625.98,4064.96,"11/30/2025",11,9,8,1.55
"https://amazon.com/dp/B0DRYCRBPD","https://m.media-amazon.com/images/I/71YCWMyGYGL._SX450_.jpg","B0DRYCRBPD","FREEKYROCK Rolling Shop Stool with Wheels, Garage Mechanic Shop Chair with Handle Backrest, Adjustable Height Work Stool, Roller Seat with Tool Tray Storage, Heavy Duty, 330 LBS Capacity, Red","FREEKYROCK","FBA","Automotive",14211,774882316923,"N/A",0774882316923,"N/A","Roller Seats",12,105.97,-34,402,151,-13,44073.59,16305.29,259,4.6,"FK Factory Directly","China",1,0,"N/A","Large bulky",15.25,17.25,17.25,21,1470.59,3676.48,"11/30/2025",11,9,8,1.55
"https://amazon.com/dp/B0FL7N9PFL","https://m.media-amazon.com/images/I/61QPLMEya-L._SX450_.jpg","B0FL7N9PFL","JOSTZHXIN Low Height Rolling Stool Height Adjustable Low Roller Seat, Swivel Small Chair Mechanic Stool, Short Stools for Home Office Garage Shop (Style 1)","JOSTZHXIN","FBA","Automotive",14238,"N/A","N/A","N/A","N/A","Roller Seats",11,38.99,-5,392,71,31,16654.28,2750.65,75,4.1,"YISTAR-Direct","China",1,0,"N/A","Large Standard-Size",7.76,13.62,13.66,9.68,726.88,2005.2,"02/28/2026",8,8,4,5.23
"https://amazon.com/dp/B0FL7RBDNG","https://m.media-amazon.com/images/I/61-9CgOE7DL._SX450_.jpg","B0FL7RBDNG","JOSTZHXIN Low Height Roller Stool Height Adjustable, Mechanic Stool Low Rolling Chair, Footstool Modern Roller Seat for Salon SPA Home Office Garage Shop (Style 3)","JOSTZHXIN","FBA","Automotive",14272,"N/A","N/A","N/A","N/A","Roller Seats",11,39.99,-18,392,158,31,16654.28,6331.67,75,4.1,"YISTAR-Direct","China",1,0,"N/A","Large Standard-Size",7.83,13.58,13.89,9.68,744.39,2053.48,"02/28/2026",8,8,4,5.23
"https://amazon.com/dp/B0CXJ2VRPH","https://m.media-amazon.com/images/I/71v4FTcXhFL._SX450_.jpg","B0CXJ2VRPH","DNA Motoring Adjustable Height Pneumatic Garage Seat Rolling Mechanic Stool with Tool Tray Storage,300lbs Max Weight Capacity, Blue,TOOLS-00480","DNA MOTORING","Amazon","Automotive",16064,194286212384,"N/A",0194286212384,"N/A","Roller Seats",13,85.25,4,488,28,-5,24511.79,2450,317,4.4,"Amazon","N/A",1,0,"N/A","Large bulky",5,17,19,12.15,"N/A","N/A","11/30/2025",24,7,5,1.54
"https://amazon.com/dp/B0FD9HTZQS","https://m.media-amazon.com/images/I/61XBe+iPzoL._SX450_.jpg","B0FD9HTZQS","DNA Motoring Adjustable Height Pneumatic Garage Seat Rolling Mechanic Stool with Tool Tray Storage,300lbs Max Weight Capacity, Green, TOOLS-00480-GR","DNA MOTORING","Amazon","Automotive",18973,194286366810,"N/A",0194286366810,"N/A","Roller Seats",15,53.99,"N/A",494,33,-9,24549.59,1763.77,314,4.4,"Amazon","N/A",1,0,"N/A","Large bulky",5.25,17.25,19,12.35,"N/A","N/A","11/30/2025",9,8,5,1.57
"https://amazon.com/dp/B0BM4C2L13","https://m.media-amazon.com/images/I/71fKe-F3KOL._SX450_.jpg","B0BM4C2L13","DNA Motoring TOOLS-00253 Adjustable Height Pneumatic Garage Seat Rolling Mechanic Stool with Tool Tray Storage,300lbs Max Weight Capacity","DNA MOTORING","Amazon","Automotive",18974,194286149055,"N/A",0194286149055,"N/A","Roller Seats",15,53.99,-10,488,425,-5,24511.79,20170.28,317,4.4,"Amazon","N/A",1,0,"N/A","Large bulky",5,17.4,18.8,12.65,"N/A","N/A","11/30/2025",40,7,5,1.54
"https://amazon.com/dp/B0G7C4PKSL","https://m.media-amazon.com/images/I/619atIGXMJL._SX450_.jpg","B0G7C4PKSL","FLOLXNB Rolling Stool Low Roller Seat PU Leather, Rolling Chair Height Adjustable, Garage Stool with Wheels for Manicure Mechanic Home Office Garage Shop (Style 3)","FLOLXNB","FBA","Automotive",20561,"N/A","N/A","N/A","N/A","Roller Seats",16,37.19,"N/A",288,57,,12243.7,2163.14,18,4.4,"XINLONG-Direct","China",1,0,"N/A","Large Standard-Size",13.7,13.4,7,6.4,646.99,1784.81,"02/28/2026",3,9,3,15.98
"https://amazon.com/dp/B0G7B6M843","https://m.media-amazon.com/images/I/61YbjWj5rNL._SX450_.jpg","B0G7B6M843","FLOLXNB Rolling Stool Low Roller Seat PU Leather, Rolling Chair Height Adjustable, Garage Stool with Wheels for Manicure Mechanic Home Office Garage Shop (Style 1)","FLOLXNB","FBA","Automotive",20561,"N/A","N/A","N/A","N/A","Roller Seats",16,46.99,"N/A",288,122,,12243.7,5709.41,18,4.4,"XINLONG-Direct","China",1,0,"N/A","Large bulky",7.7,14.8,14.9,10.95,550.28,1375.7,"02/28/2026",3,9,3,15.98
"https://amazon.com/dp/B0G7BZ7L5T","https://m.media-amazon.com/images/I/61jBks9byyL._SX450_.jpg","B0G7BZ7L5T","FLOLXNB Rolling Stool Low Roller Seat PU Leather, Rolling Chair Height Adjustable, Garage Stool with Wheels for Manicure Mechanic Home Office Garage Shop (Style 2)","FLOLXNB","FBA","Automotive",20569,"N/A","N/A","N/A","N/A","Roller Seats",16,39.99,"N/A",288,109,,12243.7,4370.53,18,4.4,"XINLONG-Direct","China",1,0,"N/A","Large Standard-Size",13.78,13.78,7.45,6.3,712.25,1964.82,"02/28/2026",3,9,3,15.98
"https://amazon.com/dp/B0DPZYV6FZ","https://m.media-amazon.com/images/I/61tTPwnMvIL._SX450_.jpg","B0DPZYV6FZ","FreekyFit Mechanic Rolling Stool with Wheels, Car Creeper Seat with Large Tool Tray Storage for Auto Repair Shops, Garage Shop Stool on Wheels for Men, Padded Mechanic Chair, 250 LBS Capacity, Black","FreekyFit","FBA","Automotive",23350,"N/A","N/A","N/A","N/A","Roller Seats",18,35.99,"N/A",355,85,-1,22605.04,3046.65,277,4.3,"FreekyFit","China",1,0,"N/A","Large bulky",3.3,15,15.3,8.45,245.44,613.59,"11/30/2025",14,9,8,1.28
"https://amazon.com/dp/B0DRYLYK9J","https://m.media-amazon.com/images/I/61KuRpwYM2L._SX450_.jpg","B0DRYLYK9J","FreekyFit Rolling Shop Stool with Wheels, Mechanic Garage Stool Chair with Adjustable Height 15.55""-18.3"", Heavy Duty Swivel Roller Seat for Garage, Salon and Tattoo Beauty, Red","FreekyFit","FBA","Automotive",23350,"N/A","N/A","N/A","N/A","Roller Seats",18,89.99,-7,355,61,-1,22605.04,5249.44,277,4.3,"FreekyFit","China",1,0,"N/A","Large bulky",7.2,20,20.75,16.25,968.33,2420.83,"11/30/2025",44,9,8,1.28
"https://amazon.com/dp/B0FC2DZYB7","https://m.media-amazon.com/images/I/61m7h8vzWtL._SX450_.jpg","B0FC2DZYB7","FreekyFit Rolling Shop Stool with Wheels,Mechanic Garage Stool Chair with Adjustable Height 15.55""-18.3"",Heavy Duty Swivel Roller Seat for Garage,Salon and Tattoo Beauty, Blue","FreekyFit","FBA","Automotive",23364,"N/A","N/A","N/A","N/A","Roller Seats",18,89.99,-41,355,38,-1,22605.04,3265.79,278,4.3,"FreekyFit","China",1,0,"N/A","Large bulky",7,19,21,16.3,905.14,2262.85,"11/30/2025",11,9,8,1.26
"https://amazon.com/dp/B0DRYLVN4D","https://m.media-amazon.com/images/I/61rx-UH+t9L._SX450_.jpg","B0DRYLVN4D","FreekyFit Rolling Shop Stool with Wheels,Mechanic Garage Stool Chair with Adjustable Height 15.55""-18.3"",Heavy Duty Swivel Roller Seat for Garage,Salon and Tattoo Beauty, Black","FreekyFit","FBA","Automotive",23364,"N/A","N/A","N/A","N/A","Roller Seats",18,89.99,-15,355,61,-1,22605.04,5207.11,277,4.3,"FreekyFit","China",1,0,"N/A","Large bulky",7.5,18.5,20.5,16,921.79,2304.47,"11/30/2025",44,9,8,1.28
"https://amazon.com/dp/B0FC2H8WYB","https://m.media-amazon.com/images/I/61Zq9-l9fqL._SX450_.jpg","B0FC2H8WYB","FreekyFit Rolling Shop Stool with Wheels,Mechanic Garage Stool Chair with Adjustable Height 15.55""-18.3"",Heavy Duty Swivel Roller Seat for Garage,Salon and Tattoo Beauty, Yellow","FreekyFit","FBA","Automotive",23364,"N/A","N/A","N/A","N/A","Roller Seats",18,89.99,-14,355,38,-1,22605.04,3219.23,278,4.3,"FreekyFit","China",1,0,"N/A","Large bulky",7,18.5,20,15.8,839.35,2098.38,"11/30/2025",8,9,8,1.26
"https://amazon.com/dp/B0DPZNHGL5","https://m.media-amazon.com/images/I/618wu4jVxnL._SX450_.jpg","B0DPZNHGL5","FreekyFit Mechanic Rolling Stool with Wheels, Car Creeper Seat with Large Tool Tray Storage for Auto Repair Shops, Garage Shop Stool on Wheels for Men, Padded Mechanic Chair, 250 LBS Capacity, Grey","FreekyFit","FBA","Automotive",23364,"N/A","N/A","N/A","N/A","Roller Seats",18,35.99,-24,355,73,-1,22605.04,2614.13,277,4.3,"FreekyFit","China",1,0,"N/A","Large bulky",3.25,15.25,15.75,8.4,252.98,632.44,"11/30/2025",14,9,8,1.28
"https://amazon.com/dp/B0FLCR3GDS","https://m.media-amazon.com/images/I/71FmAlSM3AL._SX450_.jpg","B0FLCR3GDS","Big RED 250lb Red Rolling Automotive Creeper Garage/Shop Seat: Padded Mechanic Stool with Tool Large Tray Suitable for garages, Repair Shops","BIG RED","Amazon","Automotive",23527,810151427959,"N/A",0810151427959,"N/A","Creepers",37,29.09,-29,425,147,-88,17707.05,3687.24,2905,4.5,"Amazon","N/A",1,0,"N/A","Large bulky",15,15.5,5.7,11,"N/A","N/A","12/31/2025",8,7,4,0.15
"https://amazon.com/dp/B000COC67O","https://m.media-amazon.com/images/I/61hrulNuSbL._SX450_.jpg","B000COC67O","BIG RED TR6350 Torin Rolling Pneumatic Creeper Garage/Shop Seat: Padded Adjustable Mechanic Stool with Tool Tray Storage, Red Large","BIG RED","Amazon","Automotive",23650,615268363509,00615268363509,0615268363509,"N/A","Roller Seats",33,55.99,-19,426,89,-91,17719.58,5004.45,2905,4.5,"Amazon","N/A",1,0,"N/A","Large bulky",6.45,15.45,16,13.98,"N/A","N/A","12/31/2025",235,7,4,0.15
"https://amazon.com/dp/B0FXFFLCHG","https://m.media-amazon.com/images/I/616Ht3hM-FL._SX450_.jpg","B0FXFFLCHG","JOSTZHXIN Garage Mechanic Stool Chair Rolling Shop Chair, Height Adjustable Garage Shop Seat, Low Stools with Storage Tray, Rolling Stool for Salon SPA Tattoo (Style 2)","JOSTZHXIN","FBA","Automotive",23762,"N/A","N/A","N/A","N/A","Roller Seats",21,64.99,-24,202,94,103,12466.24,6353.89,23,4.3,"YISTAR-Direct","China",1,0,"N/A","Large bulky",7.8,14.8,14.8,11.85,553.68,1384.21,"02/28/2026",5,9,4,8.78
"https://amazon.com/dp/B0FZR489YD","https://m.media-amazon.com/images/I/617nDeRfI3L._SX450_.jpg","B0FZR489YD","JOSTZHXIN Garage Mechanic Stool Chair Rolling Shop Chair, Height Adjustable Garage Shop Seat, Low Stools with Storage Tray, Rolling Stool for Salon SPA Tattoo (Style 3)","JOSTZHXIN","FBA","Automotive",23766,"N/A","N/A","N/A","N/A","Roller Seats",20,45.99,-33,202,44,103,12466.24,2264.52,23,4.3,"YISTAR-Direct","China",1,0,"N/A","Large Standard-Size",7.56,13.74,13.78,10.3,720.66,1988.04,"02/28/2026",5,8,4,8.78
"https://amazon.com/dp/B0FXFBZZST","https://m.media-amazon.com/images/I/61Tlr-xf5RL._SX450_.jpg","B0FXFBZZST","JOSTZHXIN Garage Mechanic Stool Chair Rolling Shop Chair, Height Adjustable Garage Shop Seat, Low Stools with Storage Tray, Rolling Stool for Salon SPA Tattoo (Style 1)","JOSTZHXIN","FBA","Automotive",24175,"N/A","N/A","N/A","N/A","Roller Seats",19,57.99,-31,202,64,103,12466.24,3846.5,24,4.3,"YISTAR-Direct","China",1,0,"N/A","Large Standard-Size",7.91,13.46,13.54,10.19,725.8,2002.2,"02/28/2026",5,9,4,8.42
"https://amazon.com/dp/B0DB57WZ9G","https://m.media-amazon.com/images/I/61+RTnYSE7L._SX450_.jpg","B0DB57WZ9G","FreekyFit Rolling Shop Stool with Wheels, Adjustable Garage Mechanic Stool Seat Shop Roller Work Chair Mobile Rolling Seat with Tool Tray, 2 Cup Holders, 4"" Casters, 350 LBS, Heavy-Duty, Red","FreekyFit","FBA","Automotive",24199,"N/A","N/A","N/A","N/A","Roller Seats",19,108.17,-23,268,131,-14,31086.47,15246.4,280,4.2,"FreekyFit","China",1,3304,"N/A","Large bulky",13,18,22.7,23.7,1721.42,4303.54,"11/30/2025",18,9,4,0.93
"https://amazon.com/dp/B0DY13DDPB","https://m.media-amazon.com/images/I/616uqzxnPSL._SX450_.jpg","B0DY13DDPB","FreekyFit Rolling Stool with Wheels, Adjustable Shop Stool Mechanic Chair Seat Garage Shop Roller Work Chair Mobile Rolling Seat with Tool Tray, 2 Cup Holders, 4"" Casters, 350 LBS, Heavy-Duty, Blue","FreekyFit","FBA","Automotive",24199,"N/A","N/A","N/A","N/A","Roller Seats",19,108.17,-32,278,120,2,31882.07,13801.71,280,4.2,"FreekyFit","China",1,3304,"N/A","Large bulky",12,18,21,26,1470,3675,"11/30/2025",13,9,4,0.99
"https://amazon.com/dp/B0DB56ZNH6","https://m.media-amazon.com/images/I/61aTFM+t0TL._SX450_.jpg","B0DB56ZNH6","FreekyFit Rolling Stool with Wheels, Adjustable Shop Stool Mechanic Seat, Garage Shop Roller Work Chair, Mobile Rolling Seat with Tool Tray, 2 Cup Holders, 4"" Casters, 350 LBS, Heavy-Duty, Black","FreekyFit","FBA","Automotive",24200,"N/A","N/A","N/A","N/A","Roller Seats",19,108.17,-31,268,25,-14,31086.47,2872.1,280,4.2,"FreekyFit","China",1,3304,"N/A","Large bulky",12.5,18,22.5,25.75,1640.63,4101.56,"11/30/2025",18,9,4,0.93
"https://amazon.com/dp/B0FGYDXKGQ","https://m.media-amazon.com/images/I/71IVI6OxTTL._SX450_.jpg","B0FGYDXKGQ","Rolling Shop Stool Chair with Wheels, Mechanic Garage Stool on Wheels, Auto Car Detailing Stools Seat with Tool Tray Storage for Garage Work, Workshop, Home, Garden, DIY, 300 LBS Capacity,Red","FreekyFit","FBA","Automotive",26078,"N/A","N/A","N/A","N/A","Roller Seats",22,48.5,-30,326,216,124,16940.66,11172.01,92,4.3,"FreekyFit","China",1,0,"N/A","Large bulky",5,15,16,14.4,388.89,972.22,"11/30/2025",6,9,2,3.55
"https://amazon.com/dp/B08KTRJQZF","https://m.media-amazon.com/images/I/61KI2Ur6AaL._SX450_.jpg","B08KTRJQZF","Big RED ATRHL6201R Torin Heavy Duty Rolling Pneumatic Creeper Garage/Shop Seat: Padded Adjustable Mechanic Stool with Tool Tray Storage, Red Large,15.36"" D x 15.36"" W x 4.73"" H","BIG RED","Amazon","Automotive",26210,810151423449,00810151423449,0810151423449,"N/A","Roller Seats",32,46.05,38,426,172,-91,17719.58,8049.47,2905,4.5,"Amazon","N/A",1,0,"N/A","Large bulky",5.12,15.75,16.14,12.35,"N/A","N/A","12/31/2025",65,8,4,0.15
"https://amazon.com/dp/B0G7BKDCNW","https://m.media-amazon.com/images/I/61Xsjzuk-tL._SX450_.jpg","B0G7BKDCNW","FLOLXNB Garage Mechanic Stool with Storage Tray,Low Height Rolling Shop Stools, Rolling Mechanics Seat Chair Height Adjustable, Rolling Shop Chair, Work Stool Creeper Seat (Style 3)","FLOLXNB","FBA","Automotive",26313,"N/A","N/A","N/A","N/A","Roller Seats",21,45.99,"N/A",183,79,,9542.16,3714.57,22,4.4,"XINLONG-Direct","China",1,0,"N/A","Large Standard-Size",7.95,13.51,13.71,9.18,741.37,2045.16,"02/28/2026",3,8,3,8.34
"https://amazon.com/dp/B0G79ZS23X","https://m.media-amazon.com/images/I/61ByE+JvW4L._SX450_.jpg","B0G79ZS23X","FLOLXNB Garage Mechanic Stool with Storage Tray,Low Height Rolling Shop Stools, Rolling Mechanics Seat Chair Height Adjustable, Rolling Shop Chair, Work Stool Creeper Seat (Style 1)","FLOLXNB","FBA","Automotive",26314,"N/A","N/A","N/A","N/A","Roller Seats",21,64.99,-11,183,41,,9542.16,2656.12,23,4.5,"XINLONG-Direct","China",1,0,"N/A","Large bulky",7.7,14.7,14.8,11.8,542.89,1357.23,"02/28/2026",3,8,3,7.98
"https://amazon.com/dp/B0DDMNWYMX","https://m.media-amazon.com/images/I/61cFO-TP5eL._SX450_.jpg","B0DDMNWYMX","Torin Big RED TR6300-3 250lbs Red Rolling Automotive Creeper Garage/Shop Seat: Padded Mechanic Stool with Tool Large Tray Suitable for garages, Repair Shops","Torin","Amazon","Automotive",27330,810151423470,"N/A",0810151423470,"N/A","Creepers",18,28.33,-18,29,29,-128,889.32,889.01,41,4.6,"Amazon","N/A",1,0,"N/A","Large bulky",4.74,14.75,15.25,9.75,"N/A","N/A","11/30/2025",19,7,2,0.7
"https://amazon.com/dp/B0FGYD4SLT","https://m.media-amazon.com/images/I/71HBYFO3uWL._SX450_.jpg","B0FGYD4SLT","Rolling Shop Stool Chair with Wheels, Mechanic Garage Stool on Wheels, Auto Car Detailing Stools Seat with Tool Tray Storage for Garage Work, Workshop, Home, Garden, DIY, 300 LBS Capacity, Yellow","FreekyFit","FBA","Automotive",27904,"N/A","N/A","N/A","N/A","Roller Seats",23,75.99,-26,326,110,124,16940.66,5766.2,92,4.3,"FreekyFit","China",1,0,"N/A","Large bulky",5.25,15,16,14.5,408.33,1020.83,"11/30/2025",8,9,2,3.55
"https://amazon.com/dp/B0G7BLT1BK","https://m.media-amazon.com/images/I/61KM2eArJNL._SX450_.jpg","B0G7BLT1BK","FLOLXNB Garage Mechanic Stool with Storage Tray,Low Height Rolling Shop Stools, Rolling Mechanics Seat Chair Height Adjustable, Rolling Shop Chair, Work Stool Creeper Seat (Style 2)","FLOLXNB","FBA","Automotive",28362,"N/A","N/A","N/A","N/A","Roller Seats",23,49.99,-27,183,63,,9542.16,3170.93,21,4.4,"XINLONG-Direct","China",1,0,"N/A","Large Standard-Size",7.95,13.5,13.58,10.56,733.8,2024.27,"02/28/2026",3,8,3,8.74
"https://amazon.com/dp/B0FZTC32TS","https://m.media-amazon.com/images/I/71e2PDP0phL._SX450_.jpg","B0FZTC32TS","YELLOW JACKET Pneumatic Rolling Mechanic Stool with Wheels 250lb Capacity Adjustable Height Garage Shop Seat with Tool Tray for Auto Repair Workshop","YELLOW JACKET","FBA","Automotive",28461,"N/A","N/A","N/A","N/A","Roller Seats",24,41.99,1031,238,17,,9557.73,725.62,82,4.4,"YELLOW JACKET","China",1,0,"N/A","Large bulky",5.5,15.9,16,12.3,453.44,1133.61,"02/28/2026",5,6,3,2.9
"https://amazon.com/dp/B0DFH2RVVW","https://m.media-amazon.com/images/I/71ia3sKu8DL._SX450_.jpg","B0DFH2RVVW","YELLOW JACKET Rolling Mechanic Stool with Wheels Pneumatic Garage Shop Seat Adjustable Height Roller Mechanics Creeper Chair with Tool Tray for Auto Repair","YELLOW JACKET","FBA","Automotive",30308,"N/A","N/A","N/A","N/A","Roller Seats",24,39.99,-2,238,221,,9557.73,8831.86,82,4.4,"YELLOW JACKET","China",1,0,"N/A","Large bulky",6.1,16.22,16.89,12.32,541.57,1353.93,"02/28/2026",19,6,3,2.9
"https://amazon.com/dp/B0DQCTW3RP","https://m.media-amazon.com/images/I/71tVbozB8kL._SX450_.jpg","B0DQCTW3RP","YELLOW JACKET Mechanic Rolling Stool 250 Lbs Capacity, Garage Stool on Wheels with Tool Tray Storage, Work Stools with Wheels for Garage, Shop, Mechanic Chair with Wheels, Auto Repair","YELLOW JACKET","FBA","Automotive",31732,"N/A","N/A","N/A","N/A","Roller Seats",25,28.49,-31,288,204,,8972.82,6011.37,168,4.4,"YELLOW JACKET","China",1,0,"N/A","Large Standard-Size",4.72,13.94,15.59,8.86,516.45,1424.68,"02/28/2026",15,7,2,1.72
"https://amazon.com/dp/B0FTZY993T","https://m.media-amazon.com/images/I/61NpObS6KKL._SX450_.jpg","B0FTZY993T","YELLOW JACKET Work Stools with Wheels for Garage 250 Lbs Capacity, Garage Stool on Wheels with Tool Tray Storage, Mechanic Rolling Stool, Shop, Mechanic Chair with Wheels, Auto Repair","YELLOW JACKET","FBA","Automotive",33056,"N/A","N/A","N/A","N/A","Roller Seats",27,29.99,-39,169,169,,5062.36,5060.54,15,4.5,"YELLOW JACKET","China",1,0,"N/A","Large Standard-Size",4.92,13.7,14.96,8.84,507.68,1400.51,"02/28/2026",6,7,0,11.25
"https://amazon.com/dp/B0BZTSSJMH","https://m.media-amazon.com/images/I/611UprDJTDL._SX450_.jpg","B0BZTSSJMH","VEVOR Mechanic Stool, 250 LBS Rolling Pneumatic Creeper Garage/Shop Seat, Adjustable Height 16-22 inch in Padded Rolling Workshop Stool with Tool Tray, for Garage, Shop, Auto Repair, Black+Orange","VEVOR","Amazon","Automotive",35409,840281566426,"N/A",0840281566426,"N/A","Roller Seats",30,37.9,-31,195,195,-34,7181.76,7181.62,695,4.5,"Amazon","N/A",4,5957,"N/A","Large bulky",6.06,16.54,16.73,10.71,"N/A","N/A","11/30/2025",36,9,0,0.28
"https://amazon.com/dp/B0DS5R4SJX","https://m.media-amazon.com/images/I/619adkIjANL._SX450_.jpg","B0DS5R4SJX","FreekyFit Garage Stool, Adjustable Height Swivel Work Mechanic Shop Stool with Backrest, Pneumatic Shop Chair for Home, Workshop, 300 LBS Capacity, 360° Rotation, Heavy Duty, Pink","FreekyFit","FBA","Automotive",35441,"N/A","N/A","N/A","N/A","Roller Seats",27,72.99,-29,196,11,3,13955.71,771.13,302,4.2,"FreekyFit","China",1,2911,"N/A","Large bulky",7.6,15.75,15.75,16.7,610.97,1527.42,"12/31/2024",14,9,3,0.65
"https://amazon.com/dp/B08KTS3S5Y","https://m.media-amazon.com/images/I/61KI2Ur6AaL._SX450_.jpg","B08KTS3S5Y","Torin ATRHL6201B Heavy Duty Rolling Pneumatic Creeper Garage/Shop Seat: Padded Adjustable Mechanic Stool with Tool Tray Storage, Red 250 LBS","Torin","Amazon","Automotive",39974,615268262017,"N/A",0615268262017,"N/A","Creepers",31,32.99,-13,93,93,-104,3628.2,3627.72,1294,4.4,"Amazon","N/A",1,3479,"N/A","Large bulky",5.5,15.8,15.8,14.3,"N/A","N/A","11/30/2024",65,7,1,0.07
"https://amazon.com/dp/B0D9QGQGVS","https://m.media-amazon.com/images/I/61skBOSuU8L._SX450_.jpg","B0D9QGQGVS","FreekyFit Adjustable Shop Stool,Garage Mechanic Stool Chair,Work Seat for Workshop, Adjustable Height, 360° Swivel Padded Square Seat,Tool Storage, 350 LBS Capacity, Heavy Duty, Black","FreekyFit","FBA","Automotive",48244,"N/A","N/A","N/A","N/A","Roller Seats",35,109.99,-22,127,10,-33,14487.6,1129.88,150,4.4,"FreekyFit","China",1,0,"N/A","Large bulky",7.75,14.85,23,22.85,857.83,2144.57,"11/30/2025",19,9,7,0.82
"https://amazon.com/dp/B0DKFBG96M","https://m.media-amazon.com/images/I/61TIFJAuM7L._SX450_.jpg","B0DKFBG96M","YELLOW JACKET Rolling Garage Seat Adjustable Pneumatic Shop Creeper Seat 300Lbs Mechanic Stool with Wheels and Removable Tool Tray Storage Workshop Chair for Auto Repair","YELLOW JACKET","FBA","Automotive",48308,"N/A","N/A","N/A","N/A","Roller Seats",38,49.99,"N/A",151,0,-69,8120.62,"-",111,4.4,"YELLOW JACKET","China",0,3315,"N/A","N/A","N/A","N/A","N/A","N/A","N/A","N/A","11/30/2025",17,7,2,1.37
"https://amazon.com/dp/B0BJ2HM7P3","https://m.media-amazon.com/images/I/71SBcpc0QkL._SX450_.jpg","B0BJ2HM7P3","Goplus Rolling Garage Stool, 16”-22” Adjustable Mechanic Stool with Universal Wheels, Removable Magnetic Tool Tray, 2” Thick Padded Cushion, 330LBS Capacity, Roller Creeper Seat, Shop Chair","Goplus","FBM","Automotive",48738,798470730090,"N/A",0798470730090,"N/A","Roller Seats",37,46.99,-24,155,124,-77,7325.79,5864.32,284,4.5,"GoplusUS","USA",2,3655,"N/A","Large bulky",5.4,17.4,17.8,13.55,"N/A","N/A","11/30/2025",41,9,3,0.54
"https://amazon.com/dp/B0DJX4H7T6","https://m.media-amazon.com/images/I/61zpPrbSo8L._SX450_.jpg","B0DJX4H7T6","BILITOOLS Rolling Shop Stool, 21.5""-29.5"" Adjustable Garage Mechanic Stool, 330LBS Capacity 360°Swivel Padded Seat Shop Chair with Wheels Backrest Tool Storage Shelf for Work Shop&Auto Repair GIF","BILITOOLS","FBA","Automotive",52810,"N/A","N/A","N/A","N/A","Roller Seats",41,126.99,-36,213,213,,27726.7,27725.94,31,4.7,"BILITOOLS","China",1,746,"N/A","Large bulky",16.25,16.5,20.5,24.45,1781.29,4453.23,"02/28/2026",17,8,0,6.88
"https://amazon.com/dp/B0DFH3GSWY","https://m.media-amazon.com/images/I/61TIFJAuM7L._SX450_.jpg","B0DFH3GSWY","YELLOW JACKET Rolling Garage Seat with Wheels Adjustable Height Pneumatic Mechanic Stool 300Lbs Heavy Duty Shop Creeper Seat with 4 Removable Storage Tool Tray Workshop Chair for Auto Repair","YELLOW JACKET","FBA","Automotive",53525,"N/A","N/A","N/A","N/A","Roller Seats",40,49.99,-26,151,75,-69,8120.62,3942.67,112,4.4,"YELLOW JACKET","China",1,3315,"N/A","Large bulky",4,17,18,13,396.67,991.67,"11/30/2025",19,7,2,1.37
"https://amazon.com/dp/B0D1BSBDCJ","https://m.media-amazon.com/images/I/61oPLTNbyNL._SX450_.jpg","B0D1BSBDCJ","FreekyFit Garage Stool, Adjustable Height Swivel Work Mechanic Shop Stool with Backrest, Pneumatic Shop Chair for Home, Workshop, 300 LBS Capacity, 360° Rotation, Heavy Duty, Black","FreekyFit","FBA","Automotive",55340,"N/A","N/A","N/A","N/A","Roller Seats",35,72.99,-21,190,150,2,13481.94,10638.06,302,4.2,"FreekyFit","China",1,2941,"N/A","Large bulky",7.72,16.89,16.93,16.95,715.4,1788.5,"12/31/2024",22,9,3,0.6
"https://amazon.com/dp/B0D1B59FHX","https://m.media-amazon.com/images/I/61pKnxIEcRL._SX450_.jpg","B0D1B59FHX","FreekyFit Garage Stool, Adjustable Height Swivel Work Mechanic Shop Stool with Backrest, Pneumatic Shop Chair for Home, Workshop, 300 LBS Capacity, 360° Rotation, Heavy Duty, Red","FreekyFit","FBA","Automotive",55366,"N/A","N/A","N/A","N/A","Roller Seats",35,72.99,-7,190,29,2,13481.94,2066.56,302,4.2,"FreekyFit","China",1,2941,"N/A","Large bulky",7.5,15.5,15.75,17.25,593.36,1483.4,"12/31/2024",22,9,3,0.6
"https://amazon.com/dp/B0DZXGRKRH","https://m.media-amazon.com/images/I/71teJXGr+xL._SX450_.jpg","B0DZXGRKRH","Big RED Torin 260lbs Red Rolling Automotive Creeper Garage/Shop Seat: Padded Mechanic Stool with Tool Large Tray for garages, Repair Shops","BIG RED","Amazon","Automotive",56026,810151426877,"N/A",0810151426877,"N/A","Creepers",37,45.09,-2,91,24,-49,4173.82,1132.54,1,5,"Amazon","N/A",1,1689,-94,"Large Standard-Size",12,12,6,10.37,"N/A","N/A","11/30/2024",12,1,6,90.85
"https://amazon.com/dp/B0D41J3J77","https://m.media-amazon.com/images/I/61jJwdxcItL._SX450_.jpg","B0D41J3J77","YELLOW JACKET Pneumatic Shop Creeper Seat Adjustable Mechanic Stool with Wheels 300Lbs and Removable Tool Tray Storage Workshop Chair for Auto Repair","YELLOW JACKET","FBA","Automotive",58982,"N/A","N/A","N/A","N/A","Roller Seats",37,52.99,-19,151,76,-69,8120.62,4177.64,111,4.4,"YELLOW JACKET","China",1,3315,"N/A","Large bulky",5.35,17.48,19.37,12.37,587.04,1467.6,"11/30/2025",21,7,2,1.36
"https://amazon.com/dp/B0DHP9WNMX","https://m.media-amazon.com/images/I/710GuRPyQmL._SX450_.jpg","B0DHP9WNMX","YELLOW JACKET Garage Mechanics Seat with Two Tool Tray and A Drawer, Mechanic Stool with Wheels 300 lbs Capacity, Workshop Creeper Seat for Auto Repair Work","YELLOW JACKET","FBA","Automotive",59708,"N/A","N/A","N/A","N/A","Chairs & Sofas",258,58.99,-11,132,132,-79,7551.73,7551.58,97,4.6,"YELLOW JACKET","China",1,1355,"N/A","Large bulky",10.63,12.05,23.07,14.29,957.47,2393.68,"11/30/2025",18,7,0,1.37
"https://amazon.com/dp/B001EKDWYG","https://m.media-amazon.com/images/I/31mjoXVZkpL._SX450_.jpg","B001EKDWYG","Performance Tool W85010 Swivel Seat Bar Stool for Mechanic Garages and Workshops, Black, 0.6x9.8x5.8-Inches","Performance Tool","FBA","Automotive",59983,039564850103,00039564850103,0039564850103,"N/A","Roller Seats",42,59.99,-18,114,21,35,7983.45,1273.62,2522,4.1,"OxBow","USA",62,2788,-19,"Large bulky",4,21.25,27,12.9,743.75,1859.38,"11/30/2024",198,8,9,0.05
"https://amazon.com/dp/B08NTVLFMJ","https://m.media-amazon.com/images/I/61cubuk9VUL._SX450_.jpg","B08NTVLFMJ","Performance Tool W85033 Extra-Thick Big Top Pneumatic Rolling Shop Stool for Mechanic Garages and Workshops, Black, 19x19x18.5-Inches","Performance Tool","FBM","Automotive",62823,039564013782,00039564013782,0039564013782,"N/A","Roller Seats",43,79.01,-15,114,11,35,7983.45,855.79,2522,4.1,"Homestead Supply & More ✅","USA",22,2788,-19,"Large bulky",7.8,18.8,19.1,12.2,"N/A","N/A","11/30/2024",64,9,9,0.05
"https://amazon.com/dp/B0D9QF5LRB","https://m.media-amazon.com/images/I/61D5VR5P1ML._SX450_.jpg","B0D9QF5LRB","FreekyFit Adjustable Tall Shop Stool, Mechanic Garage Bar Stool Chair, Work Metal Chair for Workshop,360° Swivel Padded Seat, Tool Tray Storage, 350 LBS Capacity, Heavy Duty, Red","FreekyFit","FBA","Automotive",63171,"N/A","N/A","N/A","N/A","Roller Seats",41,119.99,-20,127,13,-33,14487.6,1539.56,150,4.4,"FreekyFit","China",1,0,"N/A","Large bulky",6.7,14.8,29.7,21.9,954.42,2386.04,"11/30/2025",19,8,7,0.85
"https://amazon.com/dp/B0DK34F2RH","https://m.media-amazon.com/images/I/61v5mxHSExL._SX450_.jpg","B0DK34F2RH","FreekyFit Adjustable Tall Shop Stool, Mechanic Garage Bar Stool Chair, Work Metal Chair for Workshop,360° Swivel Padded Seat, Tool Tray Storage, 350 LBS Capacity, Heavy Duty, Black","FreekyFit","FBA","Automotive",63171,"N/A","N/A","N/A","N/A","Roller Seats",41,109.99,-16,127,51,-33,14487.6,5746.71,150,4.4,"FreekyFit","China",1,0,"N/A","Large bulky",6.5,15,30.25,22.8,955.82,2389.54,"11/30/2025",19,8,7,0.85
"https://amazon.com/dp/B0D9QFDDCJ","https://m.media-amazon.com/images/I/61f3Knj88lL._SX450_.jpg","B0D9QFDDCJ","FreekyFit Adjustable Shop Stool,Garage Mechanic Stool Chair,Work Seat for Workshop, Adjustable Height, 360° Swivel Padded Square Seat,Tool Storage, 350 LBS Capacity, Heavy Duty, Blue","FreekyFit","FBA","Automotive",63171,"N/A","N/A","N/A","N/A","Roller Seats",41,119.99,-23,127,17,-33,14487.6,1933.12,150,4.4,"FreekyFit","China",1,0,"N/A","Large bulky",7.6,15,22.4,22.8,827.56,2068.89,"11/30/2025",19,9,7,0.85
"https://amazon.com/dp/B0F28XPP8H","https://m.media-amazon.com/images/I/61SSz4eEwvL._SX450_.jpg","B0F28XPP8H","FreekyFit Adjustable Shop Stool,Garage Mechanic Stool Chair,Work Seat for Workshop, Adjustable Height, 360° Swivel Padded Square Seat,Tool Storage, 350 LBS Capacity, Heavy Duty, Red","FreekyFit","FBA","Automotive",63171,"N/A","N/A","N/A","N/A","Roller Seats",41,119.99,"N/A",127,16,-33,14487.6,1802.21,150,4.4,"FreekyFit","China",1,0,"N/A","Large bulky",7.6,15.67,23.27,23.17,898.1,2245.24,"11/30/2025",12,9,7,0.81
"https://amazon.com/dp/B0C361C9TW","https://m.media-amazon.com/images/I/71EOPdcH5UL._SX450_.jpg","B0C361C9TW","HOXWELL Durable Mechanic Seat with Wheels - Heavy Duty Rolling Stool Car Detailing Creeper Seat with Tool Tray for Workshop, Auto Repair Shop and Home","HOXWELL","FBA","Automotive",69090,740907183894,"N/A",0740907183894,"N/A","Creepers",46,57.99,-25,62,62,339,3598.44,3598.35,118,4.4,"RBNB","China",1,1024,-8,"Large bulky",6.5,14.25,24,9.95,720.42,1801.04,"11/30/2024",35,7,0,0.53
"https://amazon.com/dp/B0DMSSCQ6N","https://m.media-amazon.com/images/I/61nSCBl4uGL._SX450_.jpg","B0DMSSCQ6N","Goplus Mechanic Stool, Rolling Garage Chair with 16”-22” Adjustable Height, Removable Magnetic Tool Tray, 2” Thick Padded Cushion, Universal Wheels, 330LBS, Roller Creeper Seat (Black)","Goplus","FBM","Automotive",79825,798470379763,"N/A",0798470379763,"N/A","Roller Seats",47,54.99,-37,147,6,-68,6970.68,317.27,284,4.5,"GoplusUS","USA",2,3649,"N/A","Large bulky",5,19,19,14.65,"N/A","N/A","11/30/2025",16,9,3,0.52
"https://amazon.com/dp/B0FDXBCP3B","https://m.media-amazon.com/images/I/61txpc3qtXL._SX450_.jpg","B0FDXBCP3B","KinShare Upgraded Low-Profile Rolling Stool with 360° Smooth Rubber Wheels – Heavy-Duty 450lbs, PU Seat & Anti-Tip Base | Ideal for Home, Office, Salon, Workshop, Mechanic, Garage, Black","KinShare","FBA","Automotive",81796,"N/A","N/A","N/A","N/A","Roller Seats",49,42.99,"N/A",26,15,-35,1163.17,655.54,41,4.5,"KinShare","China",1,0,"N/A","Large Standard-Size",13.7,13.4,7.48,6.17,691.36,1907.19,"01/31/2026",11,10,9,0.64
"https://amazon.com/dp/B0GL36F1HF","https://m.media-amazon.com/images/I/71M1wMOf8rL._SX450_.jpg","B0GL36F1HF","Vyper Elevated Steel Max EZ-Lift Shop Chair with Backrest, Rolling Stool for Workbench Height, 400 lb Capacity, Industrial Casters, Adjustable Ergonomic Mechanic Seat - 24"" - 29.5"", Blue Legs","Vyper Industrial","-","Automotive",88690,850066491584,"N/A",0850066491584,"N/A","Roller Seats",50,617.5,"N/A",11,7,,7370.3,4290.94,"N/A","N/A",,"N/A",1,0,"N/A","Large bulky",24,24,9,41,"N/A","N/A","02/28/2026",0,"N/A",3,"N/A"
"https://amazon.com/dp/B08B3YYBW6","https://m.media-amazon.com/images/I/61FqFPxGc4L._SX450_.jpg","B08B3YYBW6","AR7451B Torin Heavy Duty Rolling Creeper Garage/Shop Seat: Padded Mechanic Stool with Tool Tray Storage and Cup Holder, Black","Torin","Amazon","Automotive",88966,810104648592,00810104648592,0810104648592,"N/A","Creepers",53,94.49,-38,68,9,-26,2565.16,700.78,96,4.7,"Amazon","N/A",1,1078,9,"Large bulky",10,11,18,22.1,"N/A","N/A","11/30/2024",69,9,5,0.7
"https://amazon.com/dp/B0DP44Q7TH","https://m.media-amazon.com/images/I/61CnMJHIPWL._SX450_.jpg","B0DP44Q7TH","HYDRAULIC PRO Automotive Creeper Seat with Rolling Wheels, 300 LBS Capacity Mechanic Stool, Heavy Duty Garage Stool with Soft Padded Cushion and Tool Trays, Foldable Design for Easy Storage","HYDRAULIC PRO","FBA","Automotive",93353,"N/A","N/A","N/A","N/A","Creepers",58,149.97,22,42,42,96,6269.77,6269.65,18,4.5,"Hydraulic Pro US","China",1,405,"N/A","Large bulky",7.75,16.63,24.75,23.65,1033.75,2584.36,"11/30/2025",16,7,0,2.35
"https://amazon.com/dp/B087YJ8K24","https://m.media-amazon.com/images/I/61-cFcvOG9L._SX450_.jpg","B087YJ8K24","Torin ATR6300B Rolling Creeper Garage/Shop Seat: Padded Mechanic Stool with Tool Tray Storage, Black Large","Torin","Amazon","Automotive",96056,810151421971,00810151421971,0810151421971,"N/A","Creepers",57,26.37,-34,68,41,-26,2565.16,1038.62,341,4.5,"Amazon","N/A",1,1078,9,"Large bulky",5.03,14.55,15.75,9.85,"N/A","N/A","11/30/2024",70,7,5,0.2
"https://amazon.com/dp/B0FZHJRXTC","https://m.media-amazon.com/images/I/61flCE5GNkL._SX450_.jpg","B0FZHJRXTC","Torin 400lb Rolling Automotive Creeper Garage/Shop Seat: Padded Mechanic Stool with Tool Large Tray Suitable for garages, Repair Shops,Black","Torin","Amazon","Automotive",99727,810151429083,"N/A",0810151429083,"N/A","Creepers",59,59.39,-81,95,8,93,2971.21,558.15,15,4.7,"Amazon","N/A",1,0,"N/A","Large bulky",17.7,10.4,10.6,22.7,"N/A","N/A","11/30/2025",5,7,2,6.35
"https://amazon.com/dp/B0GL3FMWTB","https://m.media-amazon.com/images/I/715aSmSm1+L._SX450_.jpg","B0GL3FMWTB","Vyper Elevated Steel Max EZ-Lift Shop Chair with Backrest, Rolling Stool for Workbench Height, 400 lb Capacity, Industrial Casters, Adjustable Ergonomic Mechanic Seat - 24"" - 29.5"", Black Legs","Vyper Industrial","-","Automotive",101070,850066491560,"N/A",0850066491560,"N/A","Roller Seats",57,617.5,"N/A",11,5,,7370.3,3079.28,"N/A","N/A",,"N/A",1,0,"N/A","Large bulky",24,24,9,41,"N/A","N/A","02/28/2026",0,7,3,"N/A"
"https://amazon.com/dp/B0G3PTPB22","https://m.media-amazon.com/images/I/61mnLe6LlgL._SX450_.jpg","B0G3PTPB22","LWADALN Garage Mechanic Stool with Backrest, Height Adjustable Heavy Duty Swivel Task Chair, Rolling Workshop Stool with Tool Tray Storage, Mechanic Chair for Garage, Shop, Auto Repair (Style 1)","LWADALN","FBA","Automotive",101555,"N/A","N/A","N/A","N/A","Roller Seats",58,118.99,-29,57,57,,6724.57,6723.92,1,5,"WANLONGDA-Direct","China",1,0,"N/A","Large bulky",10.2,14.41,17.48,19.07,832.63,2081.56,"02/28/2026",4,9,0,56.53
"https://amazon.com/dp/B0DMSV1CF2","https://m.media-amazon.com/images/I/71Pg8ie+TwL._SX450_.jpg","B0DMSV1CF2","Goplus Mechanic Stool, Rolling Garage Chair with 16”-22” Adjustable Height, Removable Magnetic Tool Tray, 2” Thick Padded Cushion, Universal Wheels, 330LBS, Roller Creeper Seat (Yellow & Black)","Goplus","FBM","Automotive",107457,798470379428,"N/A",0798470379428,"N/A","Roller Seats",57,46.99,-21,147,24,-68,6970.68,1132.59,285,4.5,"GoplusUS","USA",1,3649,"N/A","Large bulky",5.5,19,19.8,14.45,"N/A","N/A","11/30/2025",16,9,3,0.52
"https://amazon.com/dp/B0FJQS47CW","https://m.media-amazon.com/images/I/61TBeF8g0nL._SX450_.jpg","B0FJQS47CW","Big RED Creeper Garage/Shop Seat: Heavy Duty Rolling Pneumatic Padded Adjustable Mechanic Stool with Tool Tray Storage, Red Large","BIG RED","Amazon","Automotive",108601,810151427898,"N/A",0810151427898,"N/A","Roller Seats",61,39.28,-17,61,61,-18,2483.64,2483.13,25,4.3,"Amazon","N/A",1,0,"N/A","Large bulky",18,18,18,13,"N/A","N/A","10/31/2025",8,7,0,2.43
"https://amazon.com/dp/B0FZT9D3QK","https://m.media-amazon.com/images/I/61SLICBdVUL._SX450_.jpg","B0FZT9D3QK","YELLOW JACKET Mechanic Creeper Stool, 40 Inches Extended 2-in-1 Foldable Z-Creeper Rolling Garage Seat with Wheels, Heavy Duty Steel Auto Repair Garage Stool for Shop, 330 LBS Capacity","YELLOW JACKET","FBA","Automotive",114562,"N/A","N/A","N/A","N/A","Creepers",67,59.99,"N/A",4,6,,188.02,337.52,1,5,"YELLOW JACKET","China",1,0,"N/A","Large bulky",6,17.5,26.5,16.25,901.74,2254.34,"03/31/2026",0,8,2,3.64
"https://amazon.com/dp/B0DRYGLSXH","https://m.media-amazon.com/images/I/71A1Km4iyaL._SX450_.jpg","B0DRYGLSXH","Rolling Mechanic Shop Stool with Wheels, Garage Mechanics Stool with 2 Layer Repair Tools Tray, Padded 360° Swivel Automotive Roller Creeper Seat Shop Chair, Heavy Duty, 330 LBS Capacity, Yellow","FREEKYROCK","FBA","Automotive",115455,774882317067,"N/A",0774882317067,"N/A","Roller Seats",62,77.6,-23,48,22,-45,4307.24,1908.02,65,4.5,"FK Factory Directly","China",1,0,"N/A","Large bulky",8.9,15.8,20.4,24.2,929.65,2324.14,"11/30/2025",10,9,4,0.74
"https://amazon.com/dp/B0DRYH88SS","https://m.media-amazon.com/images/I/41897xbfQ9L._SX450_.jpg","B0DRYH88SS","Rolling Mechanic Shop Stool with Wheels, Garage Mechanics Stool with 2 Layer Repair Tools Tray, Padded 360° Swivel Automotive Roller Creeper Seat Shop Chair, Heavy Duty, 330 LBS Capacity, Black","FREEKYROCK","FBA","Automotive",116021,774882317012,"N/A",0774882317012,"N/A","Roller Seats",62,79.99,-18,48,14,-45,4307.24,1243.09,64,4.5,"FK Factory Directly","China",1,0,"N/A","Large bulky",8.9,17.04,20.28,22.77,996.72,2491.79,"11/30/2025",10,9,4,0.74
"https://amazon.com/dp/B0D83R18P6","https://m.media-amazon.com/images/I/61IdeG59iHL._SX450_.jpg","B0D83R18P6","DNA Motoring Rolling Padded Seat Adjustable Height Seat 330lbs Capacity Rolling Mechanic Creeper Stool, W/Tool Storage Drawer & Tray, Black/Yellow,TOOLS-00599","DNA MOTORING","Amazon","Automotive",120585,194286219949,"N/A",0194286219949,"N/A","Creepers",135,109.99,5,27,4,-56,2850.12,435.33,68,4.3,"Amazon","N/A",1,729,"N/A","Large bulky",15.5,16.5,16.5,22,"N/A","N/A","11/30/2025",21,6,9,0.4
"https://amazon.com/dp/B0D83T5RK8","https://m.media-amazon.com/images/I/61r4stjOQEL._SX450_.jpg","B0D83T5RK8","DNA Motoring Rolling Padded Seat Adjustable Height Seat 330lbs Capacity Rolling Mechanic Creeper Stool, W/Tool Storage Drawer & Tray, Black, TOOLS-00601","DNA MOTORING","Amazon","Automotive",120595,194286219925,"N/A",0194286219925,"N/A","Roller Seats",79,104.99,-32,27,5,-56,2850.12,531.46,9,3.6,"Amazon","N/A",1,729,"N/A","Large bulky",9.8,17,17,16.6,"N/A","N/A","11/30/2025",21,7,9,3.01
"https://amazon.com/dp/B0DT5VQGCY","https://m.media-amazon.com/images/I/61Gfvq3ocuL._SX450_.jpg","B0DT5VQGCY","DNA Motoring Rolling Shop Stool, Adjustable Height Padded Rolling Seat, Pneumatic Roller Mechanic Stool for Garages, w/Tool Storage Tray, 300lbs Capacity, TOOLS-00636-BK-RD","DNA MOTORING","Amazon","Automotive",120614,194286324230,"N/A",0194286324230,"N/A","Roller Seats",79,117.99,"N/A",27,2,-56,2850.12,233.15,68,4.3,"Amazon","N/A",1,729,"N/A","Large bulky",9.5,23,23,20.9,"N/A","N/A","11/30/2025",14,7,9,0.4
"https://amazon.com/dp/B0DT5QWHSC","https://m.media-amazon.com/images/I/61yGysDz-kL._SX450_.jpg","B0DT5QWHSC","DNA Motoring Rolling Shop Stool, Adjustable Height Padded Rolling Seat, Pneumatic Roller Mechanic Stool for Garages, w/Tool Storage Tray, 300lbs Capacity, TOOLS-00636-BK-BL","DNA MOTORING","Amazon","Automotive",129923,194286324247,"N/A",0194286324247,"N/A","Roller Seats",101,115.23,"N/A",27,4,-56,2850.12,455.33,3,2.9,"Amazon","N/A",1,729,"N/A","Large bulky",9.5,22.4,23.1,21.15,"N/A","N/A","11/30/2025",14,7,9,9.04
"https://amazon.com/dp/B0GL3QLH66","https://m.media-amazon.com/images/I/71HxhBYQ5LL._SX450_.jpg","B0GL3QLH66","Vyper Robust Steel Max EZ-Lift Shop Chair with Backrest, Heavy-Duty Garage Rolling Stool, 400 lb Capacity and Industrial Casters, Adjustable Ergonomic Mechanic Seat - 17"" - 22.5"", Black Legs","Vyper Industrial","FBA","Automotive",130454,850066491362,"N/A",0850066491362,"N/A","Roller Seats",65,625,3745,15,7,,9197.68,4116.17,"N/A","N/A","Vyper Industrial","USA",1,0,"N/A","Large bulky",24,24,9,38,1680,4200,"02/28/2026",1,7,3,"N/A"
"https://amazon.com/dp/B08W9LLLVC","https://m.media-amazon.com/images/I/510PYxkWULL._SX450_.jpg","B08W9LLLVC","Dayton Home Office/Garden Rolling Seat (Burgundy) Pneumatic, Short Stool with Adjustable Height 13""-15"", Perfect for Home Office, Gardening, Garage Mechanic, School and Lab","MAYAKOBA","FBM","Automotive",130774,"N/A","N/A",9612197419681,"N/A","Roller Seats",69,87.99,-24,39,5,-64,3646.76,441.99,590,4.5,"Madison & Park","USA",1,1135,-37,"Large bulky",18,19,9,18,"N/A","N/A","12/31/2024",61,9,8,0.07
"https://amazon.com/dp/B0BPC4D589","https://m.media-amazon.com/images/I/61hp4l0bJDL._SX450_.jpg","B0BPC4D589","DNA Motoring 3-Drawer Mechanic Roller Seat, Rolling Creeper Garage/Shop Seat with Tool Trays, Rolling Tool Chest Stool with Tool Box, Padded Seat Cushion, 350lbs Capacity, Red, Black, TOOLS-00262","DNA MOTORING","Amazon","Automotive",131255,194286152031,00194286152031,0194286152031,"N/A","Roller Seats",68,95.99,"N/A",43,6,471,3631.88,577.66,166,4.1,"Amazon","N/A",1,0,"N/A","Large bulky",14.17,16.54,20.79,26.2,"N/A","N/A","11/30/2025",39,7,7,0.26
"https://amazon.com/dp/B0FXKRXMF1","https://m.media-amazon.com/images/I/71WZjR2A1iL._SX450_.jpg","B0FXKRXMF1","Torin 250lb Rolling Automotive Creeper Garage/Shop Seat: Padded Mechanic Stool with Tool Large Tray Suitable for garages, Repair Shops,Black","Torin","Amazon","Automotive",132104,810151428857,"N/A",0810151428857,"N/A","Creepers",72,32.24,-9,99,88,96,3182.95,2466.5,15,4.7,"Amazon","N/A",1,0,"N/A","Large bulky",15,15.5,5.7,11,"N/A","N/A","11/30/2025",5,6,2,6.59
"https://amazon.com/dp/B09TT8MQ44","https://m.media-amazon.com/images/I/611zfD5coaL._SX450_.jpg","B09TT8MQ44","VEVOR Rolling Garage Stool, 300LBS Capacity, Adjustable Height from 24 in to 28.7 in, Mechanic Seat with 360-degree Swivel Wheels and Tool Tray, for Workshop, Auto Repair Shop, Yellow","VEVOR","FBM","Automotive",133685,810087875213,"N/A",0810087875213,"N/A","Roller Seats",67,79.9,-19,93,85,36,6757.77,5884.59,517,3.6,"Coshar","China",1,911,"N/A","Large bulky",13.2,16.8,16.9,22.6,"N/A","N/A","11/30/2024",49,9,2,0.18
"https://amazon.com/dp/B08W9WG8Z3","https://m.media-amazon.com/images/I/51w7qPRXUaL._SX450_.jpg","B08W9WG8Z3","MAYAKOBA Dayton Rolling Stool with Backrest – Storm Gray Pneumatic Seat, Adjustable Height 13""-15"", Ergonomic Design for Home Office, Garage, Gardening, Lab, School, Mechanic Tasks","MAYAKOBA","FBM","Automotive",134729,"N/A","N/A",9612197419643,"N/A","Roller Seats",70,99.99,-7,39,4,-64,3646.76,390.01,590,4.5,"Madison & Park","USA",1,1135,-37,"Large bulky",18,19,9,18,"N/A","N/A","12/31/2024",61,8,8,0.07
"https://amazon.com/dp/B00863OHZW","https://m.media-amazon.com/images/I/71SzfKb1+DL._SX450_.jpg","B00863OHZW","Traxion 2-230 Monster Rolling Padded Mechanic Stool Seat Garage Shop Roller Work Chair with Wheels and Tool Tray, Heavy-Duty 400-lb Capacity, All-Terrain 5"" Casters, Black Red","Traxion","Amazon","Automotive",135603,856213002597,00856213002597,5694411174310,"N/A","Roller Seats",70,139.99,8,40,40,-57,5566.96,5566.75,967,4.3,"Amazon","N/A",24,1043,"N/A","Large bulky",10.24,22.05,22.44,21.78,"N/A","N/A","09/30/2024",166,8,0,0.04
"https://amazon.com/dp/B0BQJ58BMM","https://m.media-amazon.com/images/I/71Dyf6zAeKL._SX450_.jpg","B0BQJ58BMM","Durable Mechanic Stool Chair with Wheels, Heavy Duty Garage Shop Stool On Wheels, Rolling Stool Car Detailing Creeper Seat with Tool Tray for Workshop, Auto Repair Shop and Home","ROBLOCK","FBA","Automotive",139607,"N/A","N/A","N/A","N/A","Creepers",75,56.99,-4,34,34,-45,2075.53,2075.4,163,4.4,"ROBLOCK","China",1,1235,-20,"Large bulky",6.5,14,23.75,9.9,700.41,1751.01,"11/30/2024",39,7,0,0.21
"https://amazon.com/dp/B08W9XHQPX","https://m.media-amazon.com/images/I/51sFXNhm96L._SX450_.jpg","B08W9XHQPX","MAYAKOBA Dayton Rolling Stool with Backrest – Red Pneumatic Seat, Adjustable Height 13""-15"", Ergonomic Design for Home Office, Garage, Gardening, Lab, School, Mechanic Tasks","MAYAKOBA","FBM","Automotive",151353,"N/A","N/A",9612197419636,"N/A","Roller Seats",76,82.99,-33,39,9,-64,3646.76,787.51,590,4.5,"Madison & Park","USA",1,1135,-37,"Large bulky",18,19,9,18,"N/A","N/A","12/31/2024",61,8,8,0.07
"https://amazon.com/dp/B08W8H3PRK","https://m.media-amazon.com/images/I/91EKI7Wse9L._SX450_.jpg","B08W8H3PRK","Dayton Home Office/Garden Rolling Seat (Cashmere) Pneumatic, Short Stool with Adjustable Height 13""-15"", Perfect for Home Office, Gardening, Garage Mechanic, School and Lab","MAYAKOBA","FBM","Automotive",152104,"N/A","N/A",9612197419698,"N/A","Roller Seats",76,99.99,-11,39,4,-64,3646.76,372.03,590,4.5,"Madison & Park","USA",1,1135,-37,"Large bulky",18,19,9,18,"N/A","N/A","12/31/2024",61,5,8,0.07
"https://amazon.com/dp/B0DF35QB28","https://m.media-amazon.com/images/I/61nOopJ2OwL._SX450_.jpg","B0DF35QB28","Wrist-B Low Rolling Stool with Back Support Roller Seats, Roller Chair PU Leather Low Stool with Wheels Foot Step Chair for Home,Shop,Office,Garage,Mechanic,Auto Repair,Library,Manicure","Wrist-B","FBA","Automotive",153440,"N/A","N/A","N/A","N/A","Roller Seats",76,59.99,"N/A",23,5,-65,1373.9,281.55,24,3.3,"XiaoYingL","China",1,576,"N/A","Large Standard-Size",13.56,13.18,7.3,6.39,656.86,1812.03,"08/31/2025",19,6,12,0.98
"https://amazon.com/dp/B0CFLHGZZM","https://m.media-amazon.com/images/I/71HSRCgUt1L._SX450_.jpg","B0CFLHGZZM","DNA Motoring 3-Drawer Rolling Mechanic Seat Garage Shop Roller Stool with Tray and Storage Slots, 242lbs / 110kg Weight Capacity,TOOLS-00142","DNA MOTORING","Amazon","Automotive",155503,194286106348,"N/A",0194286106348,"N/A","Roller Seats",80,79.99,"N/A",43,24,471,3631.88,1955.35,166,4.1,"Amazon","N/A",1,0,"N/A","Large bulky",12,15.25,16,23.4,"N/A","N/A","11/30/2025",31,7,7,0.26
"https://amazon.com/dp/B0FKMY9KGT","https://m.media-amazon.com/images/I/51tZQsNxoXL._SX450_.jpg","B0FKMY9KGT","Low Rolling Stool Chair Low Roller Seat Low Stool with Wheel Low Chair Movable Mini Stools for Home Office Garage Pedicure Mechanic Cleaning Floor (Pink)","FLOLXNB","FBA","Automotive",157470,"N/A","N/A","N/A","N/A","Roller Seats",76,28.99,-16,47,13,160,1349.42,371.22,18,3.9,"XINLONG-Direct","China",1,0,"N/A","Large Standard-Size",16.73,12,6.3,3.6,636.79,1756.65,"09/30/2025",8,8,3,2.59
"https://amazon.com/dp/B0FKMXCTFM","https://m.media-amazon.com/images/I/51WMy+27NvL._SX450_.jpg","B0FKMXCTFM","Low Rolling Stool Chair Low Roller Seat Low Stool with Wheel Low Chair Movable Mini Stools for Home Office Garage Pedicure Mechanic Cleaning Floor (Black)","FLOLXNB","FBA","Automotive",157470,"N/A","N/A","N/A","N/A","Roller Seats",76,28.99,-22,47,8,160,1349.42,236.78,19,3.7,"XINLONG-Direct","China",1,0,"N/A","Large Standard-Size",5.67,13.19,17.01,5.97,640.48,1766.85,"09/30/2025",8,8,3,2.45
"https://amazon.com/dp/B0FKMYB13M","https://m.media-amazon.com/images/I/51GcP519KoL._SX450_.jpg","B0FKMYB13M","Low Rolling Stool Chair Low Roller Seat Low Stool with Wheel Low Chair Movable Mini Stools for Home Office Garage Pedicure Mechanic Cleaning Floor (Blue)","FLOLXNB","FBA","Automotive",157486,"N/A","N/A","N/A","N/A","Roller Seats",76,28.99,-32,47,26,160,1349.42,740.54,18,3.9,"XINLONG-Direct","China",1,0,"N/A","Large Standard-Size",16.73,12,6.3,3.6,636.79,1756.65,"09/30/2025",8,8,3,2.59
"https://amazon.com/dp/B0BVXBVT7F","https://m.media-amazon.com/images/I/61zgRDRjffL._SX450_.jpg","B0BVXBVT7F","Maxshine Detailing Creeper Seat with Built-in Storage – 2-in-1 Modular Rolling Garage Stool with Tool Tray – Mechanic Shop Seat for Car Detailing, Polishing, Repairs & Auto Care","Maxshine","FBA","Automotive",162957,719704935883,"N/A",0719704935883,"N/A","Creepers",82,123.99,-14,44,4,-38,3161.56,512.53,65,4,"Maxshine","USA",2,783,1003,"Large bulky",11.5,12.28,23.58,18.14,1079.16,2697.89,"11/30/2025",37,8,5,0.68
"https://amazon.com/dp/B0FDXZWRJR","https://m.media-amazon.com/images/I/61txpc3qtXL._SX450_.jpg","B0FDXZWRJR","KinShare Upgraded Low-Profile Rolling Stool with 360° Smooth Rubber Wheels – Heavy-Duty 450lbs, PU Seat & Anti-Tip Base | Ideal for Home, Office, Salon, Workshop, Mechanic, Garage, Grey","KinShare","FBA","Automotive",163999,"N/A","N/A","N/A","N/A","Roller Seats",77,42.99,"N/A",28,0,-26,1245.61,"-",42,4.5,"KinShare","China",0,0,"N/A","Large Standard-Size",13.7,13.4,7.48,6.17,691.36,1907.19,"01/31/2026",11,10,9,0.67
"https://amazon.com/dp/B0F9NR3TFB","https://m.media-amazon.com/images/I/61Wwode2egL._SX450_.jpg","B0F9NR3TFB","VEVOR Mechanic Stool Dual Storage Trays Rolling Stool and Garage Stool with Adjustable Height 23.6–29.5 in,Soft Waterproof Cushion 360° Swivel Casters 330 LBS Capacity Heavy Duty","VEVOR","Amazon","Automotive",169366,197988879336,"N/A",0197988879336,"N/A","Roller Seats",85,92.9,-57,20,5,,1496.61,454.06,119,3.9,"Amazon","N/A",1,0,"N/A","Large bulky",18.9,18.9,12.4,23.94,"N/A","N/A","02/28/2026",10,9,2,0.17
"https://amazon.com/dp/B0DRYH2FBJ","https://m.media-amazon.com/images/I/61N6AeitmPL._SX450_.jpg","B0DRYH2FBJ","Rolling Mechanic Shop Stool with Wheels, Garage Mechanics Stool with 2 Layer Repair Tools Tray, Padded 360° Swivel Automotive Roller Creeper Seat Shop Chair, Heavy Duty, 330 LBS Capacity, Pink","FREEKYROCK","FBA","Automotive",175004,774882317043,"N/A",0774882317043,"N/A","Roller Seats",82,79.98,"N/A",48,0,-45,4307.24,"-",64,4.5,"FK Factory Directly","China",0,0,"N/A","Large bulky",8.54,16.34,20.67,23.94,934.75,2336.87,"11/30/2025",10,9,4,0.74
"https://amazon.com/dp/B0GJRLTZ8Z","https://m.media-amazon.com/images/I/61nAWR8yomL._SX450_.jpg","B0GJRLTZ8Z","Auto Dynasty Rolling Mechanic Stool, 250 LBS Capacity Rolling Creeper Garage/Shop Seat, Padded Shop Stool with Tool Tray Storage for Garage, Workshop, Auto Repair (Black)","Auto Dynasty","FBA","Automotive",179412,"N/A","N/A","N/A","N/A","Roller Seats",88,30.02,150,25,25,,726.48,726.34,"N/A","N/A","Auto Dynasty","USA",2,0,"N/A","Large bulky",14.8,15.43,4.65,9.04,344.13,860.33,"02/28/2026",2,8,0,"N/A"
"https://amazon.com/dp/B0BJ5N6NTV","https://m.media-amazon.com/images/I/71JxGLVczVL._SX450_.jpg","B0BJ5N6NTV","Goplus Rolling Mechanic Stool, Shop Stool Creeper Seat with Removable Padded Seat, 2 Drawers, Tool Tray, Twin Can Holder, Universal Wheels, Round Garage Workshop Chair, 330 Lbs Max Capacity (Red)","Goplus","Amazon","Automotive",181569,"N/A","N/A","N/A","N/A","Creepers",95,59.99,-22,11,11,,636.84,636.76,108,4.3,"Amazon","N/A",2,0,"N/A","Large bulky",10,13.75,14.25,16.85,"N/A","N/A","02/28/2026",41,6,2,0.1
"https://amazon.com/dp/B0DZXPJ77H","https://m.media-amazon.com/images/I/71YtJsysAmL._SX450_.jpg","B0DZXPJ77H","DWVO Mechanic Stool, 300 LBS Garage Stool on Wheels, Heavy Duty Rolling Mechanics Seat, Rolling Stools Seat with Wheels for Automotive Auto Repair, Shop","DWVO","Amazon","Automotive",203991,197839561021,"N/A",0197839561021,"N/A","Roller Seats",91,56.87,-15,38,35,,1959.63,1731.62,20,4,"Amazon","N/A",1,0,"N/A","Large bulky",23.03,10.63,12.4,13.22,"N/A","N/A","05/31/2025",12,7,2,1.91
"https://amazon.com/dp/B0GL3Q38WC","https://m.media-amazon.com/images/I/71HxhBYQ5LL._SX450_.jpg","B0GL3Q38WC","Vyper Robust Steel Max EZ-Lift Shop Chair with Backrest, Heavy-Duty Garage Rolling Stool, 400 lb Capacity and Industrial Casters, Adjustable Ergonomic Mechanic Seat - 17"" - 22.5""","Vyper Industrial","FBA","Automotive",208796,"N/A","N/A","N/A","N/A","Roller Seats",89,625,"N/A",15,0,,9197.68,"-","N/A","N/A","Vyper Industrial","USA",0,0,"N/A","N/A","N/A","N/A","N/A","N/A","N/A","N/A","02/28/2026",2,7,3,"N/A"
"https://amazon.com/dp/B0CCDS5NYQ","https://m.media-amazon.com/images/I/81AsFcaB-dL._SX450_.jpg","B0CCDS5NYQ","YITAHOME Mechanic Stool 330 LBS with Wheels, Heavy Duty Rolling Mechanics Seat, Rolling Tool Seat for Automotive Auto Repair","YITAHOME","FBM","Automotive",215113,840332337081,"N/A",0840332337081,"N/A","Roller Seats",86,59.98,-22,71,69,-37,4090.23,3952.56,181,4.5,"YITAMOTOR","USA",2,0,"N/A","Large bulky",10.52,12.25,23,13.15,"N/A","N/A","11/30/2025",29,7,2,0.39
"https://amazon.com/dp/B0G396Z72T","https://m.media-amazon.com/images/I/61+yFIYpfaL._SX450_.jpg","B0G396Z72T","S.Walt Rolling Mechanic Stool with Wheels, Creeper Seat with 3 Built-in Tool Drawers, Side Tool Tray & Rear Bottle Tray for Shop & Work, Garage Use (14"" L × 16"" W × 14"" H)","S.Walt","-","Automotive",221294,"N/A","N/A","N/A","N/A","Roller Seats",90,74.99,"N/A",20,2,-26,1448.87,155.5,"N/A","N/A",,"N/A",1,0,"N/A","Large bulky",19,13,15,30,"N/A","N/A","11/30/2025",4,"N/A",3,"N/A"
"https://amazon.com/dp/B09FJFDVQM","https://m.media-amazon.com/images/I/61wac6MyXrL._SX450_.jpg","B09FJFDVQM","DNA Motoring TOOLS-00189 Mechanic Stool - 25-1/2"" x 13"" x 12"" (L x H x W), Rolling Work Seat w/Lockable Swivel Wheels and Storage Tool Tray","DNA MOTORING","Amazon","Automotive",224001,194286110178,"N/A",0194286110178,"N/A","Roller Seats",98,49.98,-45,22,5,-41,1338.5,244.33,218,4,"Amazon","N/A",1,1133,"N/A","Large bulky",10.5,11.6,22.8,13.1,"N/A","N/A","04/30/2025",55,9,6,0.1
"https://amazon.com/dp/B09FJF64LZ","https://m.media-amazon.com/images/I/61Y0n1DVtgL._SX450_.jpg","B09FJF64LZ","DNA Motoring TOOLS-00188 Mechanic Stool - 23"" x 13.5"" x 10.5"" (L x H x W), Rolling Work Seat w/Lockable Swivel Wheels and Storage Tool Tray","DNA MOTORING","Amazon","Automotive",224040,194286110154,"N/A",0194286110154,"N/A","Roller Seats",98,40.49,14,22,8,-41,1338.5,365.36,218,4,"Amazon","N/A",1,1133,"N/A","Large bulky",6.1,14.9,23.4,6.75,"N/A","N/A","04/30/2025",55,7,6,0.1
"https://amazon.com/dp/B0GL7WKJ3K","https://m.media-amazon.com/images/I/61poTtIOJKL._SX450_.jpg","B0GL7WKJ3K","Goplus 2-in-1 Z-Shaped Rolling Garage Stool, 36"" Folding Flat Automotive Creeper with Padded Seat & 6 Swivel Casters, Convertible Mechanic Stool for Auto Workshop & Repair","Goplus","FBM","Automotive",225519,798470086340,"N/A",0798470086340,"N/A","Creepers",104,44.99,"N/A",31,6,,1512.97,318.65,3,5,"GoplusUS","USA",2,0,"N/A","Large bulky",23,19,5,16,"N/A","N/A","02/28/2026",2,9,4,10.4
"https://amazon.com/dp/B0GQ3F3G8Y","https://m.media-amazon.com/images/I/614y-5G8PHL._SX450_.jpg","B0GQ3F3G8Y","Lexdiwer Mechanic Stool 400 LBS Capacity Garage Stool Gift for Men, Heavy Duty Rolling Mechanics Seat, Tools for Automotive Auto Repair (Black)","Lexdiwer","-","Automotive",235666,"N/A","N/A","N/A","N/A","Roller Seats",94,99.98,"N/A",7,7,,909.93,909.93,"N/A","N/A",,"N/A",1,0,"N/A","Large bulky",21.26,6.69,14.17,22.93,"N/A","N/A","-",1,"N/A",4,"N/A"
"https://amazon.com/dp/B0CY3Q9QPR","https://m.media-amazon.com/images/I/71MqEIon+UL._SX450_.jpg","B0CY3Q9QPR","Creepers Automotive Stool Chair - Mechanic Stool with Wheels and Tool Storage Tray - 300lb Capacity Shop Chair for Garage by Stalwart (Red and Black)","Stalwart","Amazon","Automotive",236215,197315413325,"N/A",0197315413325,"N/A","Roller Seats",97,51.95,7,10,10,100,468.2,468.03,2,5,"Amazon","N/A",1,65,"N/A","Large bulky",6.69,14.17,24.02,10.25,"N/A","N/A","11/30/2025",24,10,0,5.14
"https://amazon.com/dp/B09P4T5HML","https://m.media-amazon.com/images/I/5127azl8WlL._SX450_.jpg","B09P4T5HML","DNA MOTORING TOOLS-00191 Adjustable Height Pneumatic Mechanic Creeper Garage/Rolling Stool, Heavy Duty Roller Seat with Storage Tool Tray, Max Load 250 lbs","DNA MOTORING","Amazon","Automotive",243521,194286110185,"N/A",0194286110185,"N/A","Creepers",234,58.88,-18,22,4,-41,1338.5,261.92,217,3.9,"Amazon","N/A",1,1133,"N/A","Large bulky",6.81,18,18.5,18.6,"N/A","N/A","04/30/2025",51,7,6,0.1
"https://amazon.com/dp/B07YHB8KFB","https://m.media-amazon.com/images/I/51lNo1-PNYL._SX450_.jpg","B07YHB8KFB","Parts-Diyer Mechanics Roller Seat, 300 LBS Capacity Rolling Creeper Garage Padded Rolling Workshop Stool with Tool Tray Storage Creeper Seat Mechanic Stool with Wheels Creepers Automotive","Parts-Diyer","FBM","Automotive",245769,385606315384,"N/A",0385606315384,"N/A","Creepers",114,35.99,-49,11,11,153,351.45,351.31,10,4.3,"Qp-SUNROAD","China",1,126,688,"Large bulky",5.5,15.3,16,9.55,"N/A","N/A","06/30/2025",74,8,0,1.06
"https://amazon.com/dp/B0BPSRC27G","https://m.media-amazon.com/images/I/61s2y1oIFlL._SX450_.jpg","B0BPSRC27G","M-AUTO Heavy Duty Garage Rolling Work Seat 300LBS Capacity Mechanics Stool with Wheels, Equipment Tray and Tool Rack, Rectangle Mechanic Roll Chair, Red, (M-AUTO A03-RS-004-RD)","M-AUTO","Amazon","Automotive",252210,840256408874,"N/A",0840256408874,"N/A","Roller Seats",101,59.99,-15,29,14,98,1737.99,870.52,155,4.3,"Amazon","N/A",1,463,-59,"Large Standard-Size",5,11.5,17.56,14.69,"N/A","N/A","11/30/2024",39,9,2,0.19
"https://amazon.com/dp/B0BVVGKVFJ","https://m.media-amazon.com/images/I/61YYk9KpOgL._SX450_.jpg","B0BVVGKVFJ","Magshion Garage Creeper Seats on Wheels, Length 40"" 330 lbs Capacity 2 in 1 Folding Mechanic Creeper Garage Stool Lay Down or Sit (Black)","Magshion","FBM","Automotive",262333,"N/A","N/A","N/A","N/A","Creepers",120,58.99,90,22,2,-129,1605.33,138.2,229,4.5,"MAGshion","USA",1,1983,-38,"Large bulky",4.2,17.5,24.5,14.3,"N/A","N/A","11/30/2024",37,9,15,0.1
"https://amazon.com/dp/B0BVVJ619R","https://m.media-amazon.com/images/I/61jHFU6Ub7L._SX450_.jpg","B0BVVJ619R","Magshion 40"" Triplex Folding Creeper and Rolling Seat 2-in-1 330 lbs Capacity Foldable Mechanic Creeper Garage Stool Lay Down or Sit (Red)","Magshion","FBM","Automotive",262378,"N/A","N/A","N/A","N/A","Creepers",120,59.99,11,22,2,-129,1605.33,122.2,228,4.5,"MAGshion","USA",1,1983,-38,"Large bulky",3.75,17.5,24.5,14.6,"N/A","N/A","11/30/2024",34,9,15,0.1
"https://amazon.com/dp/B0F6V4FBJL","https://m.media-amazon.com/images/I/61txpc3qtXL._SX450_.jpg","B0F6V4FBJL","KinShare Upgraded Low-Profile Rolling Stool with 360° Smooth Rubber Wheels – Heavy-Duty 450lbs, PU Seat & Anti-Tip Base | Ideal for Home, Office, Salon, Workshop, Mechanic, Garage, Matte White","KinShare","FBA","Automotive",263391,"N/A","N/A","N/A","N/A","Roller Seats",102,42.99,"N/A",28,0,-26,1245.61,"-",42,4.5,"KinShare","China",0,0,"N/A","Large Standard-Size",13.4,13.4,6.6,6.3,596.66,1645.97,"01/31/2026",11,10,9,0.67
"https://amazon.com/dp/B0DCL3JYN5","https://m.media-amazon.com/images/I/51ZTXi0JQzL._SX450_.jpg","B0DCL3JYN5","Kaleurrier Low Height Rolling Stool - Heavy Duty Short Stool Chair with Wheels Low to Ground - Small Roller Seat Stools for Home Office Kitchen Repair Shop Mechanic Pedicure Garage Library White","Kaleurrier","FBA","Automotive",265259,716695950369,"N/A",0716695950369,"N/A","Roller Seats",98,49,-14,35,11,14,1693.98,561.38,17,4,"Shenzhen Karrie","China",1,0,"N/A","Large bulky",8.86,15.2,15.27,7.85,666.44,1666.1,"10/31/2025",19,9,3,2.03
"https://amazon.com/dp/B0DCKQMTW8","https://m.media-amazon.com/images/I/51QN+0pK9tL._SX450_.jpg","B0DCKQMTW8","Kaleurrier Low Height Rolling Stool - Heavy Duty Short Stool Chair with Wheels Low to Ground - Small Roller Seat Stools for Home Office Kitchen Repair Shop Mechanic Pedicure Garage Library Camel","Kaleurrier","FBA","Automotive",265294,716695950352,"N/A",0716695950352,"N/A","Roller Seats",98,49,-24,35,12,14,1693.98,577.2,17,4,"Shenzhen Karrie","China",1,0,"N/A","Large bulky",8.82,15.24,15.55,7.87,677.37,1693.43,"10/31/2025",19,8,3,2.03
"https://amazon.com/dp/B0FRWY7BC3","https://m.media-amazon.com/images/I/51Lr7XoRMxL._SX450_.jpg","B0FRWY7BC3","Rolling Stool with Back Rest VAPAA TAIDE Roller Chair Heavy Duty Rolling Stools with Wheels for Home Office Garage Mechanic Flooring Cleaning Shop Grey","Vapaa taide","FBA","Automotive",270179,"N/A","N/A","N/A","N/A","Roller Seats",101,37.52,-35,2,9,,87.44,448.1,21,4.1,"FreieKunst - US","China",1,0,"N/A","Large bulky",9,15,15,6,656.25,1640.63,"02/28/2026",6,8,0,0.08
"https://amazon.com/dp/B0D34X7GH5","https://m.media-amazon.com/images/I/61lNnyf+epL._SX450_.jpg","B0D34X7GH5","Goplus Rolling Garage Stool, 22.5”-27.5” Adjustable Mechanic Chair with Padded Seat, 330LBS Capacity, Tool Tray, Heavy Duty Creeper Seat, 360° Swivel Shop Stool for Workshop","Goplus","FBM","Automotive",281548,"N/A","N/A","N/A","N/A","Roller Seats",108,79.99,-29,30,15,978,2421.95,1194.75,72,4,"GoplusUS","USA",1,0,"N/A","Large bulky",19,18,18,29,"N/A","N/A","11/30/2025",23,9,3,0.42
"https://amazon.com/dp/B0GFW8WXRC","https://m.media-amazon.com/images/I/71O49RFAEfL._SX450_.jpg","B0GFW8WXRC","Frassie 2-in-1 Rolling Mechanic Stool Garage Creeper Seat with Modular Removable Cushion Tool Tray Heavy Duty 300 LBS Capacity for Auto Repair","Frassie","-","Automotive",297407,"N/A","N/A","N/A","N/A","Roller Seats",109,119.99,"N/A",2,2,,239.98,239.96,"N/A","N/A",,"N/A",1,0,"N/A","Large bulky",2.1,12.5,25.5,20.85,"N/A","N/A","-",2,"N/A",0,"N/A"
"https://amazon.com/dp/B0GJZDGTHB","https://m.media-amazon.com/images/I/712c5PX2rML._SX450_.jpg","B0GJZDGTHB","MOTOOS Mechanic Stool with Wheels,300 LBS Capacity Garage Stool,Heavy Duty Rolling Mechanics Seat with Slide Out Tool Trays and Drawer,Tools for Automotive Auto Repair RED","MOTOOS","FBM","Automotive",298919,"N/A","N/A","N/A","N/A","Roller Seats",110,39.99,1003,20,20,,836.37,836.26,"N/A","N/A","Mt-Roadstar","China",1,0,"N/A","N/A","N/A","N/A","N/A","N/A","N/A","N/A","02/28/2026",2,7,0,"N/A"
"https://amazon.com/dp/B0DQBPC3QV","https://m.media-amazon.com/images/I/61NOTKILkmL._SX450_.jpg","B0DQBPC3QV","Auto Dynasty Mechanic Stool, Adjustable Rolling Pneumatic Creeper Garage Shop Seat with Tool Tray, 300 LBS Roller Seat for Workshop Auto Repair, Adjustable Height 15.7"" to 21"", Yellow","Auto Dynasty","FBM","Automotive",330849,"N/A","N/A","N/A","N/A","Roller Seats",111,47.1,-9,17,1,-79,872.17,71.46,58,4.5,"Auto Dynasty","USA",1,861,"N/A","N/A","N/A","N/A","N/A","N/A","N/A","N/A","11/30/2025",15,7,7,0.3
"https://amazon.com/dp/B0GL3LQT5H","https://m.media-amazon.com/images/I/71Mfq5V7c3L._SX450_.jpg","B0GL3LQT5H","Vyper Robust Steel Max EZ-Lift Shop Chair with Backrest, Heavy-Duty Garage Rolling Stool, 400 lb Capacity and Industrial Casters, Adjustable Ergonomic Mechanic Seat - 17"" - 22.5"", Blue Legs","Vyper Industrial","FBA","Automotive",332020,850066491386,"N/A",0850066491386,"N/A","Roller Seats",114,593.75,"N/A",15,5,,9197.68,2932.06,"N/A","N/A","Vyper Industrial","USA",1,0,"N/A","Large bulky",24,24,9,38,1680,4200,"02/28/2026",0,7,3,"N/A"
"https://amazon.com/dp/B0GL3PFZ9W","https://m.media-amazon.com/images/I/71k8rhpvq2L._SX450_.jpg","B0GL3PFZ9W","Vyper Robust Steel Max EZ-Lift Shop Chair with Backrest, Heavy-Duty Garage Rolling Stool, 400 lb Capacity and Industrial Casters, Adjustable Ergonomic Mechanic Seat - 17"" - 22.5"", Red Legs","Vyper Industrial","FBA","Automotive",332039,850066491379,"N/A",0850066491379,"N/A","Roller Seats",114,625,2726,15,3,,9197.68,2149.29,"N/A","N/A","Vyper Industrial","USA",1,0,"N/A","Large bulky",24,24,9,38,1680,4200,"02/28/2026",0,7,3,"N/A"
"https://amazon.com/dp/B0F1FDGMJH","https://m.media-amazon.com/images/I/61KGzWjvlML._SX450_.jpg","B0F1FDGMJH","Auto Dynasty Mechanic Stool, Adjustable Rolling Pneumatic Creeper Garage Shop Seat with Tool Tray, 300 LBS Roller Seat for Workshop Auto Repair, Adjustable Height 15.7"" to 21"", Purple","Auto Dynasty","FBM","Automotive",332594,"N/A","N/A","N/A","N/A","Roller Seats",111,46.65,8,17,4,-79,872.17,189.6,56,4.6,"Auto Dynasty","USA",1,861,"N/A","N/A","N/A","N/A","N/A","N/A","N/A","N/A","11/30/2025",12,7,7,0.31
"https://amazon.com/dp/B0D5PZT8LD","https://m.media-amazon.com/images/I/611pEwMiyqL._SX450_.jpg","B0D5PZT8LD","Auto Dynasty Mechanic Stool, Adjustable Rolling Pneumatic Creeper Garage Shop Seat with Tool Tray, 300 LBS Roller Seat for Workshop Auto Repair, Adjustable Height 15.7"" to 21"", Black/Blue","Auto Dynasty","FBM","Automotive",332600,"N/A","N/A","N/A","N/A","Roller Seats",111,50.05,-27,17,2,-79,872.17,89.85,56,4.6,"Auto Dynasty","USA",1,861,"N/A","Large bulky",19,17.5,5,12.3,"N/A","N/A","11/30/2025",22,7,7,0.31
"https://amazon.com/dp/B0G34TFPV6","https://m.media-amazon.com/images/I/71AKHbUtoGL._SX450_.jpg","B0G34TFPV6","HOMCOM Rolling Mechanic Stool, 300 LBS Capacity Pneumatic Creeper Garage Stool with 360° Wheels, Backrest, Heavy Duty Roller Seat Padded Shop Chair with Tool Tray Storage, Adjustable Height (Blue)","HOMCOM","FBM","Automotive",333612,196393121375,"N/A",0196393121375,"N/A","Roller Seats",116,94.99,-22,9,5,-42,902.74,441.51,14,3.1,"Aosom Direct","USA",1,0,"N/A","Large bulky",18.82,18.82,13.98,24.3,"N/A","N/A","11/30/2025",4,9,2,0.67
"https://amazon.com/dp/B08D118MFG","https://m.media-amazon.com/images/I/71dOymQ7w5L._SX450_.jpg","B08D118MFG","Torin ATR7211 Blackjack Rolling Creeper Garage/Shop Seat: Padded Mechanic Stool with Tool Tray Storage, Black, Large","Torin","Amazon","Automotive",347875,615268861005,"N/A",0615268861005,"N/A","Creepers",136,26.7,-6,11,11,-11,295.71,295.6,103,4.6,"Amazon","N/A",1,39,-95,"Large bulky",5.3,14.7,15.2,10.3,"N/A","N/A","07/31/2024",68,7,0,0.11
"https://amazon.com/dp/B0FMRVRSP6","https://m.media-amazon.com/images/I/61pvyt5U9fL._SX450_.jpg","B0FMRVRSP6","S.Walt Rolling Mechanic Stool with Wheels, Creeper Seat with 3 Built-in Tool Drawers, Side Tool Tray & Rear Bottle Tray for Shop & Work, Garage Use (14"" L × 15"" W × 15"" H)","S.Walt","FBM","Automotive",353540,"N/A","N/A","N/A","N/A","Roller Seats",112,74.99,-12,20,13,-26,1448.87,943.62,7,4.8,"S.Walt","China",1,0,"N/A","Large Standard-Size",6.3,13.78,16.93,20.28,"N/A","N/A","11/30/2025",7,7,3,2.86
"https://amazon.com/dp/B0F1FGWVTM","https://m.media-amazon.com/images/I/61kBvghAEvL._SX450_.jpg","B0F1FGWVTM","Auto Dynasty Mechanic Stool, Adjustable Rolling Pneumatic Creeper Garage Shop Seat with Tool Tray, 300 LBS Roller Seat for Workshop Auto Repair, Adjustable Height 15.7"" to 21"", Sky Blue","Auto Dynasty","FBM","Automotive",364847,"N/A","N/A","N/A","N/A","Roller Seats",113,46.65,-20,17,3,-79,872.17,141.11,58,4.5,"Auto Dynasty","USA",1,861,"N/A","N/A","N/A","N/A","N/A","N/A","N/A","N/A","11/30/2025",12,7,7,0.3
"https://amazon.com/dp/B0G1SW36B3","https://m.media-amazon.com/images/I/71MJ30sbC0L._SX450_.jpg","B0G1SW36B3","PRIJESSE Mechanic Stool, Garage Stool, 300 LBS Capacity Heavy Duty Rolling Mechanics Seat with Two Tool Trays and Drawer, Tools for Automotive Auto Repair","PRIJESSE","FBM","Automotive",375547,"N/A","N/A","N/A","N/A","Roller Seats",118,54.99,-18,15,15,27,845.29,845.16,3,2.5,"PRIJESSE","China",1,0,"N/A","N/A","N/A","N/A","N/A","N/A","N/A","N/A","11/30/2025",4,7,0,5.12
"https://amazon.com/dp/B0G5YRGQ29","https://m.media-amazon.com/images/I/61mRIeJc6mL._SX450_.jpg","B0G5YRGQ29","Toolsempire 40"" Z Garage Creeper, 2-in-1 Folding Creeper with Padded Seat & 6 Wheels, Low Profile Mechanic Creeper Seat Automotive Stool for Workshop, Auto Repair, 350 lbs Capacity","Toolsempire","FBM","Automotive",381296,"N/A","N/A","N/A","N/A","Creepers",135,49.99,-34,0,0,-133,"-","-",1,5,"Toolsempire","Hong Kong",1,0,"N/A","Large bulky",25.8,17.9,6.3,18.3,"N/A","N/A","12/31/2025",3,9,0,0.25
"https://amazon.com/dp/B0F9P8FJ1W","https://m.media-amazon.com/images/I/61qiln0e+-L._SX450_.jpg","B0F9P8FJ1W","Magshion Garage Creeper Seats on Wheels, Length 40"" 330 lbs Capacity 2 in 1 Folding Mechanic Creeper Garage Stool Lay Down or Sit (Gray)","Magshion","FBM","Automotive",417818,"N/A","N/A","N/A","N/A","Creepers",147,56.99,"N/A",21,2,-129,1573.1,100.07,229,4.5,"MAGshion","USA",1,1976,-38,"Large bulky",24,18,4,13,"N/A","N/A","11/30/2024",9,9,15,0.09
"https://amazon.com/dp/B0FNQBM953","https://m.media-amazon.com/images/I/61KDmIMOdmL._SX450_.jpg","B0FNQBM953","POLARBEAR Mechanic Creeper 40"" Z Creeper Seat, 2 in 1 Rolling Folding Car Stool, Automotive Chair with 6 Mute Swivel Casters, Under Car Auto Repair for Man Gift 500 lbs Capacity Black","POLARBEAR","FBA","Automotive",418069,"N/A","N/A","N/A","N/A","Creepers",148,59.99,60,5,5,32,292.91,292.82,21,4.5,"POLARBEAR-Fashion","China",1,0,"N/A","Large bulky",7.48,22.04,16.14,17.63,862.31,2155.76,"10/31/2025",7,9,0,0.23
"https://amazon.com/dp/B0DQBBVK6Z","https://m.media-amazon.com/images/I/61q6qSMgnQL._SX450_.jpg","B0DQBBVK6Z","Auto Dynasty Mechanic Stool, Adjustable Rolling Pneumatic Creeper Garage Shop Seat with Tool Tray, 300 LBS Roller Seat for Workshop Auto Repair, Adjustable Height 15.7"" to 21"", Orange","Auto Dynasty","FBA","Automotive",430901,"N/A","N/A","N/A","N/A","Roller Seats",121,47.1,-13,17,3,-79,872.17,135.7,58,4.5,"Auto Dynasty","USA",2,861,"N/A","Large bulky",17.13,4.72,18.9,11,495.23,1238.07,"11/30/2025",15,7,7,0.3
"https://amazon.com/dp/B0GFDD8QZT","https://m.media-amazon.com/images/I/61pWEQ02oAL._SX450_.jpg","B0GFDD8QZT","QCUNMAG Rolling Mechanic Stool with Wheels Pneumatic Garage Shop Seat Adjustable Height Roller Mechanics Creeper Chair with Tool Tray for Workshop Auto Repair (Red)","QCUNMAG","FBA","Automotive",442608,"N/A","N/A","N/A","N/A","Roller Seats",124,34.99,-28,12,12,,432.98,432.89,5,4.2,"QCUNMAG-US","China",2,0,"N/A","Large bulky",15.35,14.9,3.7,10,274.25,685.62,"02/28/2026",1,9,2,2.47
"https://amazon.com/dp/B0FRXPG254","https://m.media-amazon.com/images/I/612xiixr1mL._SX450_.jpg","B0FRXPG254","Japard Low Rolling Stool with Wheels High Backrest Garage Mechanic Roller Seat Chair, PU Leather Padded, Heavy Duty 220 lbs, Black","Japard","FBM","Automotive",450347,"N/A","N/A",4573613805936,"N/A","Roller Seats",129,32.45,-18,12,12,,454.43,454.29,3,4.2,"Japard","Japan",2,0,"N/A","Large bulky",6.8,15,15.5,7.2,"N/A","N/A","01/31/2026",6,8,0,6.12
"https://amazon.com/dp/B0FJXXTM5F","https://m.media-amazon.com/images/I/61EsWY9VaQL._SX450_.jpg","B0FJXXTM5F","Rolling Mechanic Stool, 300 LBS Capacity, 16"" to 21"" Height Adjustable Shop Stool with Soft Cushion, Tool Tray & 3"" 360° Lockable Swivel Wheels for Garage, Auto Repair, Workshop, ‌Heavy Duty, Black","GarveeTech","Amazon","Automotive",472051,199641808837,"N/A",0199641808837,"N/A","Roller Seats",132,79.97,9,2,0,-10,125.07,"-",3,5,"Amazon","N/A",1,0,"N/A","Large bulky",10,17,17.5,18.65,"N/A","N/A","11/30/2025",3,5,4,0.56
"https://amazon.com/dp/B0CLP45DHS","https://m.media-amazon.com/images/I/71JGKjO-hVL._SX450_.jpg","B0CLP45DHS","Pro-Lift Mechanic Roller Seat with Tool Box - 3-Drawer Rolling Tool Chest Stool with Padded Seat Cushion for Garage Creeper – 400 Lbs Capacity","Pro-LifT","Amazon","Automotive",476850,652597469960,"N/A",0652597469960,"N/A","Creepers",155,119.99,-51,11,11,53,1268.29,1268.09,11,4.5,"Amazon","N/A",2,80,-24,"Large bulky",15.9,15.9,18.4,28.6,"N/A","N/A","11/30/2025",28,9,0,0.98
"https://amazon.com/dp/B0D34XS128","https://m.media-amazon.com/images/I/61URX9imQSL._SX450_.jpg","B0D34XS128","Goplus Rolling Garage Stool, 22.5”-27.5” Adjustable Mechanic Chair with Padded Seat, 330LBS Capacity, Tool Tray, Heavy Duty Creeper Seat, 360° Swivel Shop Stool for Workshop","Goplus","Amazon","Automotive",481925,"N/A","N/A","N/A","N/A","Roller Seats",124,79.99,-17,30,15,978,2421.95,1226.65,72,4,"Amazon","N/A",1,0,"N/A","Large bulky",19,18,18,29,"N/A","N/A","11/30/2025",23,9,3,0.42
"https://amazon.com/dp/B0CBB9WMLC","https://m.media-amazon.com/images/I/61pi27J0yzL._SX450_.jpg","B0CBB9WMLC","Nightcore Pneumatic Adjustable Rolling Mechanic Stool, Heavy Duty Rolling Garage Stool w/Multiple Tool Storage Tray & Padded Seat Cushion, 330 LBS Weight Swivel Capacity, Black & Red","Generic","Amazon","Automotive",484829,798470102743,"N/A",0798470102743,"N/A","Roller Seats",127,58.24,-28,1,1,-110,68.4,68.34,4,5,"Amazon","N/A",1,21,"N/A","Large bulky",6.1,17.3,18,13.75,"N/A","N/A","11/30/2024",32,8,3,0.3
"https://amazon.com/dp/B0G4R5BFNB","https://m.media-amazon.com/images/I/61NQJITBaKL._SX450_.jpg","B0G4R5BFNB","SUNROAD Mechanic Stool,Rolling Garage Seat Adjustable Pneumatic Shop Creeper Seat 300Lbs Mechanic Stool with Wheels and Removable Tool Tray Storage Workshop Chair for Auto Repair","SUNROAD","FBM","Automotive",498628,"N/A","N/A","N/A","N/A","Creepers",152,34.99,-18,15,15,-18,516.67,516.52,4,1.9,"Qp-SUNROAD","China",1,0,"N/A","N/A","N/A","N/A","N/A","N/A","N/A","N/A","12/31/2025",4,9,0,3.69
"https://amazon.com/dp/B0DQBRLKTB","https://m.media-amazon.com/images/I/61QVLLQpEPL._SX450_.jpg","B0DQBRLKTB","Auto Dynasty Mechanic Stool, Adjustable Rolling Pneumatic Creeper Garage Shop Seat with Tool Tray, 300 LBS Roller Seat for Workshop Auto Repair, Adjustable Height 15.7"" to 21"", Green","Auto Dynasty","FBM","Automotive",514443,"N/A","N/A","N/A","N/A","Roller Seats",128,58.88,6,17,1,-79,872.17,70.86,59,4.5,"Auto Dynasty","USA",1,861,"N/A","N/A","N/A","N/A","N/A","N/A","N/A","N/A","11/30/2025",15,7,7,0.3
"https://amazon.com/dp/B0D886CXNV","https://m.media-amazon.com/images/I/61DTPfFA5yL._SX450_.jpg","B0D886CXNV","Auto Dynasty Mechanic Stool, Adjustable Rolling Pneumatic Creeper Garage Shop Seat with Tool Tray, 300 LBS Roller Seat for Workshop Auto Repair, Adjustable Height 15.7"" to 21"", Black/Red","Auto Dynasty","FBM","Automotive",514463,"N/A","N/A","N/A","N/A","Roller Seats",127,45.5,-24,17,4,-79,872.17,172.56,56,4.6,"Auto Dynasty","USA",1,861,"N/A","Large bulky",5,17.25,19.1,12.15,"N/A","N/A","11/30/2025",40,7,7,0.31
"https://amazon.com/dp/B081TGLLRK","https://m.media-amazon.com/images/I/71mCD1E6bhL._SX450_.jpg","B081TGLLRK","Powerbuilt Rolling Shop Stool with Adjustable Height, Mechanic Detailer Garage Seat with Padding - 240250, Red","Powerbuilt","Amazon","Automotive",528895,028907550152,"N/A",0028907550152,"N/A","Roller Seats",133,94.92,-20,29,8,12,2677.83,802.97,340,4.5,"Amazon","N/A",4,0,"N/A","Large bulky",7.8,22.6,23.2,15,"N/A","N/A","06/30/2025",74,7,3,0.08
"https://amazon.com/dp/B09ZPX3QTG","https://m.media-amazon.com/images/I/813rPtwfBVL._SX450_.jpg","B09ZPX3QTG","OEMTOOLS 24904 Mechanic Stool and Step Stool, Rolling Stool Adjustable, Shop Stool 300 Lb. Capacity, Thick Padded Shop Chair Vinyl Seat, Work Seat Five Swivel Casters for Easy Maneuverability","OEMTOOLS","Amazon","Automotive",572109,076812249043,"N/A",0076812249043,"N/A","Roller Seats",140,94.99,-13,10,10,42,954.31,954.08,65,4,"Amazon","N/A",1,159,-39,"Large bulky",6.5,16,18.25,18.5,"N/A","N/A","11/30/2024",47,7,0,0.15
"https://amazon.com/dp/B0F9WRNGSS","https://m.media-amazon.com/images/I/71kx1xyQOYL._SX450_.jpg","B0F9WRNGSS","Nilight Rolling Creeper Garage/Shop Seat, 250 LBS Capacity Padded Mechanic Stool with Tool Tray Storage, Auto Repair, Black","Nilight","Amazon","Automotive",574604,840323928861,00840323928861,0840323928861,"N/A","Roller Seats",147,33.28,-16,21,11,-77,725.96,400.55,33,4.2,"Amazon","N/A",2,0,"N/A","Large bulky",4.5,15.5,16.68,8.7,"N/A","N/A","11/30/2025",10,8,2,0.62
"https://amazon.com/dp/B0DKSQJ5ZZ","https://m.media-amazon.com/images/I/61kBKkn9QwL._SX450_.jpg","B0DKSQJ5ZZ","AVGVLIJ Mechanic Roller Seat with Tool Box, 3-Drawer Rolling Tool Chest Stool with Padded Seat Cushion, 350 LBS Capacity Padded Mechanic Stool with Side Tool Trays for Home, Garage, Workshop","AVGVLIJ","FBM","Automotive",586032,797387273195,"N/A",0797387273195,"N/A","Roller Seats",135,59.99,-36,7,7,-46,410.35,410.27,4,5,"Lifelong Research","China",1,77,"N/A","N/A","N/A","N/A","N/A","N/A","N/A","N/A","11/30/2025",17,9,0,1.71
"https://amazon.com/dp/B0CQX92XFQ","https://m.media-amazon.com/images/I/71PjDYKaZbL._SX450_.jpg","B0CQX92XFQ","Goplus Rolling Mechanic Stool, Shop Stool Creeper Seat with Removable Padded Seat, 2 Drawers, Tool Tray, Twin Can Holder, Universal Wheels, Round Garage Workshop Chair, 330 Lbs Max Capacity (Yellow)","Goplus","-","Automotive",586722,"N/A","N/A","N/A","N/A","Creepers",181,59.99,"N/A",11,0,,636.84,"-","N/A","N/A",,"N/A",2,0,"N/A","Large bulky",15,14,10,16.85,"N/A","N/A","02/28/2026",1,"N/A",2,"N/A"
"https://amazon.com/dp/B0FWBK911Z","https://m.media-amazon.com/images/I/614ugXt8MZL._SX450_.jpg","B0FWBK911Z","Big RED 250lb Black Rolling Automotive Creeper Garage/Shop Seat: Padded Mechanic Stool with Tool Large Tray Suitable for garages, Repair Shops,6300-black","BIG RED","Amazon","Automotive",633304,810151428765,"N/A",0810151428765,"N/A","Roller Seats",140,26.99,-25,39,39,24,1011.54,1011.2,7,5,"Amazon","N/A",1,0,"N/A","Large bulky",15,15.6,5.6,11,"N/A","N/A","11/30/2025",5,7,0,5.64
"https://amazon.com/dp/B0FJXVXHY9","https://m.media-amazon.com/images/I/61PiYdKGwML._SX450_.jpg","B0FJXVXHY9","Rolling Mechanic Stool, 300 LBS Capacity, 18"" to 22"" Height Adjustable Shop Stool with Soft Cushion, Tool Tray & 3"" 360° Lockable Swivel Wheels for Garage, Auto Repair, Workshop, ‌Heavy Duty, Black","GarveeTech","Amazon","Automotive",653232,199641808844,"N/A",0199641808844,"N/A","Roller Seats",148,100.04,-27,2,1,-27,132.41,72.6,3,5,"Amazon","N/A",1,0,"N/A","Large bulky",8.8,16.8,17.2,16.2,"N/A","N/A","11/30/2025",7,5,4,0.57
"https://amazon.com/dp/B0G397NRRF","https://m.media-amazon.com/images/I/71xtJBUSX1L._SX450_.jpg","B0G397NRRF","S.Walt Rolling Mechanic Stool with Wheels, Creeper Seat with 3 Built-in Tool Drawers & 2 Fold-Down Side Tool Trays for Shop & Work, Garage Use","S.Walt","FBM","Automotive",654254,"N/A","N/A","N/A","N/A","Roller Seats",156,79.99,-9,20,4,-26,1448.87,349.29,7,4.8,"S.Walt","China",1,0,"N/A","Large bulky",19,13,15,30,"N/A","N/A","11/30/2025",4,9,3,2.86
"https://amazon.com/dp/B0DF3445X5","https://m.media-amazon.com/images/I/61wYzfe9N8L._SX450_.jpg","B0DF3445X5","Wrist-B Low Rolling Stool with Back Support Roller Seats, Roller Chair PU Leather Low Stool with Wheels Foot Step Chair for Home,Shop,Office,Garage,Mechanic,Auto Repair,Library,Manicure","Wrist-B","FBA","Automotive",670146,"N/A","N/A","N/A","N/A","Roller Seats",143,58.99,-31,26,10,-54,1514.57,616.25,24,3.3,"XiaoYingL","China",1,581,"N/A","Large bulky",8.39,13.86,13.98,7.83,526.84,1317.09,"08/31/2025",19,6,12,1.07
"https://amazon.com/dp/B0FKB26312","https://m.media-amazon.com/images/I/711dn3PdOML._SX450_.jpg","B0FKB26312","HOMCOM Rolling Mechanic Stool, 300 LBS Capacity Pneumatic Creeper Garage Stool with 360° Wheels, Backrest, Heavy Duty Roller Seat Padded Shop Chair with Tool Tray Storage, Adjustable Height (Yellow)","HOMCOM","FBM","Automotive",675569,196393122136,"N/A",0196393122136,"N/A","Roller Seats",145,104.99,-55,9,5,-42,902.74,460.96,14,3.1,"Aosom Direct","USA",1,0,"N/A","Large bulky",18.82,18.82,13.98,24.3,"N/A","N/A","11/30/2025",6,9,2,0.67
"https://amazon.com/dp/B0DWN8VRM9","https://m.media-amazon.com/images/I/71XQBHhVCnL._SX450_.jpg","B0DWN8VRM9","YITAHOME Mechanic Stool with Wheels, 300 LBS Capacity Garage Stool, Heavy Duty Rolling Mechanics Seat, Rolling Stools Seat for Automotive Auto Repair","YITAHOME","FBM","Automotive",722460,197839538252,"N/A",0197839538252,"N/A","Roller Seats",159,61.24,-14,4,4,-55,237.43,237.34,14,3.9,"YITAMOTOR","USA",2,0,"N/A","Large bulky",23.03,10.63,12.4,13.2,"N/A","N/A","05/31/2025",13,7,0,0.29
"https://amazon.com/dp/B0CDBWJBT8","https://m.media-amazon.com/images/I/61LSLCDERJL._SX450_.jpg","B0CDBWJBT8","IRONMAX Rolling Mechanic Stool, Adjustable Shop Stool Creeper Seat with Removable Tool Tray, Padded Plush Cushion, Universal Wheels, Heavy Duty Metal Frame, 330 LBS Max Load","IRONMAX","FBM","Automotive",746784,798470104846,"N/A",0798470104846,"N/A","Creepers",200,60.06,-25,18,12,1733,947.81,628.43,17,4.7,"Happytools","China",1,0,"N/A","Large bulky",19,18,6,14,"N/A","N/A","10/31/2025",32,8,3,1.03
"https://amazon.com/dp/B0BPSNH41H","https://m.media-amazon.com/images/I/61cOikscB+L._SX450_.jpg","B0BPSNH41H","M-AUTO Garage Roller Seat Heavy Duty Rolling Shop Mechanic Creeper/Shop Stool with Tool Tray and Equipment Rack, 300LBS Capacity Creeper Seat with 5 Rollers for Detailing Car, Red","M-AUTO","Amazon","Automotive",748368,840256408904,"N/A",0840256408904,"N/A","Creepers",210,109.99,8,3,1,-22,242.57,80.71,17,3.3,"Amazon","N/A",1,57,-3,"Large bulky",5.98,16.1,18.66,23.46,"N/A","N/A","11/30/2024",38,9,2,0.2
"https://amazon.com/dp/B0BPSNJPXH","https://m.media-amazon.com/images/I/61+QByPUN9L._SX450_.jpg","B0BPSNJPXH","M-AUTO Garage Roller Seat Heavy Duty Rolling Shop Mechanic Creeper/Shop Stool with Tool Tray and Equipment Rack, 300LBS Capacity Creeper Seat with 5 Rollers for Detailing Car, Red","M-AUTO","Amazon","Automotive",748379,840256408898,"N/A",0840256408898,"N/A","Creepers",210,59.99,-66,3,3,-22,242.57,161.64,17,3.3,"Amazon","N/A",1,57,-3,"Large bulky",6,15.8,17.5,23.55,"N/A","N/A","11/30/2024",39,9,2,0.2
"https://amazon.com/dp/B088K1HJ4F","https://m.media-amazon.com/images/I/61ntrpapQ2L._SX450_.jpg","B088K1HJ4F","Torin ATR6350B Rolling Pneumatic Creeper Garage/Shop Seat: Padded Adjustable Mechanic Stool with Tool Tray Storage, Black","Torin","Amazon","Automotive",752041,615268963525,"N/A",0615268963525,"N/A","Creepers",210,50.99,-49,8,2,162,287.03,115.31,38,4.5,"Amazon","N/A",1,122,-15,"Large bulky",6.4,16.1,17.2,13.9,"N/A","N/A","10/31/2024",70,8,2,0.22
"https://amazon.com/dp/B0F9WPVPL9","https://m.media-amazon.com/images/I/710nlvrM-FL._SX450_.jpg","B0F9WPVPL9","Nilight Rolling Mechanic Seat, 250 LBS Capacity Padded Mechanic Stool with Tool Tray Storage, Auto Repair, Red","Nilight","Amazon","Automotive",774393,840323928878,00840323928878,0840323928878,"N/A","Roller Seats",159,36.99,-2,21,9,-77,725.96,325.04,33,4.2,"Amazon","N/A",2,0,"N/A","Large bulky",4.5,17.5,17.5,6,"N/A","N/A","11/30/2025",10,8,2,0.62
"https://amazon.com/dp/B0F13JLLZJ","https://m.media-amazon.com/images/I/71jrZ2ViWML._SX450_.jpg","B0F13JLLZJ","VEVOR Mechanic Stool, 300 lbs Capacity, Black, Industrial Style, Plastic Seat, Wheels, 360 Swivel, Tool Tray, Screwdriver Rack","VEVOR","Amazon","Automotive",774821,197988508786,"N/A",0197988508786,"N/A","Roller Seats",162,44.04,-133,1,1,,54.56,54.55,11,4.6,"Amazon","N/A",3,0,"N/A","Large Standard-Size",5.08,11.46,17.87,14.99,"N/A","N/A","03/31/2026",12,9,3,0.11
"https://amazon.com/dp/B0F3W7M5B1","https://m.media-amazon.com/images/I/51FPCLOGWlL._SX450_.jpg","B0F3W7M5B1","Rolling Stool with Back Rest VAPAA TAIDE Roller Chair Heavy Duty Rolling Stools with Wheels for Home Office Garage Mechanic Flooring Cleaning Shop Black","Vapaa taide","FBA","Automotive",786499,"N/A","N/A","N/A","N/A","Roller Seats",170,52.89,-5,2,7,,111.15,369.32,21,4.1,"FreieKunst - US","China",1,0,"N/A","Large bulky",9.57,15.24,15.31,10.6,723.63,1809.07,"02/28/2026",12,6,0,0.11
"https://amazon.com/dp/B0DR83WYBL","https://m.media-amazon.com/images/I/61aklHDnoWL._SX450_.jpg","B0DR83WYBL","PM PERFORMOTOR Adjustable Height Pneumatic Garage Seat Rolling Mechanic Stool with Tool Tray Storage,300lbs Max Weight Capacity, Yellow,PM-TOL-ATS-YL","PM PERFORMOTOR","Amazon","Automotive",794161,840398410131,"N/A",0840398410131,"N/A","Roller Seats",169,62.89,-38,8,6,-58,486.13,353.44,17,4.5,"Amazon","N/A",1,317,"N/A","Large bulky",5,17.25,19,12.25,"N/A","N/A","05/31/2025",15,7,5,0.46
"https://amazon.com/dp/B0D7GMH425","https://m.media-amazon.com/images/I/71ewA7J9MML._SX450_.jpg","B0D7GMH425","CTR Rolling Mechanic Shop Stool with Magnetic Tool Tray, Heavy Duty Work Stool, Adjustable Garage & Workbench Stool with Wheels, Creeper Seat Shop Chair","CTR","FBA","Automotive",839359,711709111941,"N/A",0711709111941,"N/A","Roller Seats",172,74.98,2,7,7,-67,518.59,518.49,56,4.4,"CTR Auto Parts","USA",1,581,"N/A","Large bulky",5,15,16,13.45,388.89,972.22,"11/30/2025",21,9,0,0.13