"URL","Image URL","ASIN","Title","Brand","Fulfillment","Category","BSR","UPC","GTIN","EAN","ISBN","Subcategory","Subcategory BSR","Price","Price Trend (90 days) (%)","Parent Level Sales","ASIN Sales","Sales Trend (90 days) (%)","Parent Level Revenue","ASIN Revenue","Review Count","Reviews Rating","Seller","Seller Country/Region","Number of Active Sellers","Last Year Sales","Sales Year Over Year (%)","Shipping Details","Length","Width","Height","Weight","Storage Fee (Jan - Sep)","Storage Fee (Oct - Dec)","Best Sales Period","Listing Age (Months)","Number of Images","Variation Count","Sales to Reviews"
"https://amazon.com/dp/B0BWSNSTLT","https://m.media-amazon.com/images/I/51VEpXhAiRL._SX450_.jpg","B0BWSNSTLT","DEWALT PRO Backpack on Wheels","DEWALT","Amazon","Tools & Home Improvement",7184,885911906500,"N/A",0885911906500,"N/A","Tool Bags",20,119,-40,1181,194,-34,106903.47,23061.76,1948,4.7,"Amazon","N/A",5,18568,-12,"Large bulky",9,14,19,8.7,"N/A","N/A","11/30/2024",37,9,5,0.61
"https://amazon.com/dp/B0C7J6PKJ2","https://m.media-amazon.com/images/I/71bt1jM3n1L._SX450_.jpg","B0C7J6PKJ2","Klein Tools 62800BP Backpack Tool Bag, Tradesman Pro Extra-Large 40-Pocket Electrician Jobsite Backpack with Molded Bottom, Charging Port","KLEIN TOOLS","Amazon","Tools & Home Improvement",7700,092644628009,00092644628009,0092644628009,"N/A","Tool Bags",21,119.99,-15,1411,686,-2,158751.57,82279.11,239,4.8,"Amazon","N/A",9,15794,"N/A","Large bulky",11.02,15.75,20.87,9.08,"N/A","N/A","11/30/2025",33,12,3,5.9
"https://amazon.com/dp/B0C7J2L2F8","https://m.media-amazon.com/images/I/71j9CWffB7L._SX450_.jpg","B0C7J2L2F8","Klein Tools 62800BPCAMO Backpack Tool Bag, Tradesman Pro Extra-Large 40-Pocket Jobsite Camo Tool Backpack with Molded Bottom, Charging Port","KLEIN TOOLS","Amazon","Tools & Home Improvement",8817,092644628016,00092644628016,0092644628016,"N/A","Tool Bags",23,129.99,-10,1411,132,-2,158751.57,17170.52,148,4.7,"Amazon","N/A",2,15794,"N/A","Extra-large 50+ to 70 lb",16,19,24,10.3,"N/A","N/A","11/30/2025",33,11,3,9.53
"https://amazon.com/dp/B00MK9UY0A","https://m.media-amazon.com/images/I/61LmP-mOWqL._SX450_.jpg","B00MK9UY0A","Klein Tools 55421BP-14 Tool Backpack, Heavy Duty Tradesman Pro Tool Bag Organizer with 39 Pockets, Molded Bottom","KLEIN TOOLS","Amazon","Tools & Home Improvement",8821,767674898806,00092644554674,7241870549500,"N/A","Tool Bags",24,99.97,-20,1411,593,-2,158751.57,59294.63,5254,4.7,"Amazon","N/A",16,15794,"N/A","Large bulky",8.74,16.1,20.87,6.33,"N/A","N/A","11/30/2025",139,9,3,0.27
"https://amazon.com/dp/B0BWSQN5DL","https://m.media-amazon.com/images/I/51S6O9sA7uL._SX450_.jpg","B0BWSQN5DL","DEWALT Tool Backpack, Tool Storage and Organization, Durable and Water Resistant (DWST560102)","DEWALT","Amazon","Tools & Home Improvement",11583,885911906296,"N/A",0885911906296,"N/A","Tool Bags",29,89.98,-18,999,999,-11,91477.05,91476.16,1089,4.8,"Amazon","N/A",13,10868,711,"Large bulky",8.03,15.25,19,7.23,"N/A","N/A","11/30/2025",37,10,0,0.93
"https://amazon.com/dp/B0DSK296J8","https://m.media-amazon.com/images/I/61AS0KqD61L._SX450_.jpg","B0DSK296J8","Klein Tools 62482 Tool Backpack, Tool-Station Pro Heavy-Duty Organizer with 27 Pockets, Large Interior, Molded Bottom, Electrician Tool Bag","KLEIN TOOLS","Amazon","Tools & Home Improvement",17003,092644624827,"N/A",0092644624827,"N/A","Tool Bags",49,99.98,-34,546,207,,55532.81,20660.65,522,4.7,"Amazon","N/A",5,0,"N/A","Large bulky",10.8,15.5,21.7,9.1,"N/A","N/A","02/28/2026",14,13,3,1.05
"https://amazon.com/dp/B00DYQLXHG","https://m.media-amazon.com/images/I/71IzNdltRfL._SX450_.jpg","B00DYQLXHG","Veto Pro Pac Tech Pac Tool Backpack – Heavy-Duty Weatherproof Tool Bag with 46 Pockets, Waterproof Molded Base & Ergonomic Padded Straps & EVA Back Padding for Technicians and Contractors","Veto","FBM","Tools & Home Improvement",26228,851578000363,00851578000363,7241870521131,"N/A","Tool Bags",78,314.95,-16,635,298,14,219155.02,93931.7,2602,4.8,"CoastalTool","USA",7,7668,10,"Large bulky",9.84,16.38,20.71,10.45,"N/A","N/A","11/30/2024",151,4,8,0.24
"https://amazon.com/dp/B0DWS971Q8","https://m.media-amazon.com/images/I/81OqBEtXZ2L._SX450_.jpg","B0DWS971Q8","Rexmica Tool Bag Backpack for Men with 3 Tool Pouches, Heavy-Duty Tool Storage Organizer Bag with Padded Shoulder & Waist Support, Tactical Work Tool Bag for Electrician, Repairman, HVAC Techs, Khaki","Rexmica","FBA","Tools & Home Improvement",26833,"N/A","N/A","N/A","N/A","Tool Bags",82,54.99,1,458,144,-28,25174.38,7913.45,288,4.4,"Lujin Direct","China",1,5987,"N/A","Large Standard-Size",5.04,9.25,13.82,2.82,324.38,894.84,"11/30/2025",13,8,2,1.62
"https://amazon.com/dp/B0CYC5286V","https://m.media-amazon.com/images/I/41DfQMaE2bL._SX450_.jpg","B0CYC5286V","Rexmica Tool Bag Backpack for Men with 3 Tool Pouches, Heavy-Duty Tool Storage Organizer Bag with Padded Shoulder & Waist Support, Tactical Work Tool Bag for Electrician, Repairman, HVAC Techs, Black","Rexmica","FBA","Tools & Home Improvement",27710,"N/A","N/A","N/A","N/A","Tool Bags",84,54.99,19,486,335,-22,26732.07,18435.81,288,4.4,"Lujin Direct","China",1,6013,"N/A","Large Standard-Size",3.54,9.84,14.65,2.87,257.16,709.4,"11/30/2025",24,8,2,1.69
"https://amazon.com/dp/B0GKP7DS61","https://m.media-amazon.com/images/I/91sVqMO8aLL._SX450_.jpg","B0GKP7DS61","CLC Work Gear 55532 36-Pocket Tool Backpack – Heavy-Duty Ballistic Polyester Contractor Backpack with Laptop Compartment, Reinforced Glasses Case & Padded Straps","Custom Leathercraft","Amazon","Tools & Home Improvement",28998,084298555329,"N/A",0084298555329,"N/A","Tool Bags",87,119,"N/A",400,12,123,50261.43,1371.2,4678,4.5,"Amazon","N/A",1,4997,"N/A","Large bulky",8.98,13.7,18.82,5.85,"N/A","N/A","11/30/2025",2,9,3,0.09
"https://amazon.com/dp/B0FWX41NHS","https://m.media-amazon.com/images/I/918EKl8M8EL._SX450_.jpg","B0FWX41NHS","Tool Backpack Bag, Electrician Tool Bag 78-Pockets & Loops Tools Bag HVAC Tool Bags for Men, Heavy Duty Storage Construction tools Backpack (style1-Yellow)","LOKASS","FBA","Tools & Home Improvement",32415,"N/A","N/A","N/A","N/A","Tool Bags",97,99.99,-49,446,23,,41939.19,2343.71,126,4.5,"AMZBAG","China",1,0,"N/A","Large Standard-Size",7.91,12.52,17.24,6.22,859.59,2371.29,"02/28/2026",5,7,11,3.54
"https://amazon.com/dp/B0FWXJ2HKG","https://m.media-amazon.com/images/I/91uNDrua6vL._SX450_.jpg","B0FWXJ2HKG","Tool Backpack Bag, Electrician Tool Bag 78-Pockets & Loops Tools Bag HVAC Tool Bags for Men, Heavy Duty Storage Construction tools Backpack (style1-Blue)","LOKASS","FBA","Tools & Home Improvement",32416,"N/A","N/A","N/A","N/A","Tool Bags",97,99.99,-49,446,23,,41939.19,2259.62,126,4.5,"AMZBAG","China",1,0,"N/A","Large bulky",8.82,12.32,16.85,6.24,593.37,1483.42,"02/28/2026",5,7,11,3.54
"https://amazon.com/dp/B0G1RMKSHW","https://m.media-amazon.com/images/I/91mX2g+thgL._SX450_.jpg","B0G1RMKSHW","Tool Backpack Bag, Electrician Tool Bag 78-Pockets & Loops Tools Bag HVAC Tool Bags for Men, Heavy Duty Storage Construction tools Backpack (style1+4pcs)","LOKASS","FBA","Tools & Home Improvement",32580,"N/A","N/A","N/A","N/A","Tool Bags",107,119.99,-42,446,7,,41939.19,781.22,126,4.5,"AMZBAG","China",1,0,"N/A","Large Standard-Size",6,11,14,7.7,465.21,1283.33,"02/28/2026",8,9,11,3.54
"https://amazon.com/dp/B0FWXKCZVK","https://m.media-amazon.com/images/I/91UcyFBYp1L._SX450_.jpg","B0FWXKCZVK","Tool Backpack Bag, Electrician Tool Bag 78-Pockets & Loops Tools Bag HVAC Tool Bags for Men, Heavy Duty Storage Construction tools Backpack (style1-Pink)","LOKASS","FBA","Tools & Home Improvement",32690,"N/A","N/A","N/A","N/A","Tool Bags",99,99.99,-32,446,27,,41939.19,2715.6,126,4.5,"AMZBAG","China",1,0,"N/A","Large bulky",7.87,12.71,18.19,6.24,589.65,1474.14,"02/28/2026",5,7,11,3.54
"https://amazon.com/dp/B0FWXKSS6Z","https://m.media-amazon.com/images/I/91uoHXKhyoL._SX450_.jpg","B0FWXKSS6Z","Tool Backpack Bag, Electrician Tool Bag 78-Pockets & Loops Tools Bag HVAC Tool Bags for Men, Heavy Duty Storage Construction tools Backpack (style1-Purple)","LOKASS","FBA","Tools & Home Improvement",32690,"N/A","N/A","N/A","N/A","Tool Bags",99,99.99,-30,446,24,,41939.19,2392.13,126,4.5,"AMZBAG","China",1,0,"N/A","Large bulky",8.23,12.83,16.97,6.24,580.7,1451.75,"02/28/2026",5,7,11,3.54
"https://amazon.com/dp/B0000DYVCY","https://m.media-amazon.com/images/I/81FjvV18zKL._SX450_.jpg","B0000DYVCY","Custom Leathercraft1132 75-Pocket Tool Backpack","Custom Leathercraft","Amazon","Tools & Home Improvement",32914,913602272754,00611104317149,7241870549319,"N/A","Tool Bags",99,164.95,-18,409,301,112,51464.61,42942.25,4678,4.5,"Amazon","N/A",11,4997,"N/A","Large bulky",6.46,17.6,19.49,5.86,"N/A","N/A","11/30/2025",268,10,3,0.09
"https://amazon.com/dp/B0047O3PFC","https://m.media-amazon.com/images/I/9130vv9LDgL._SX450_.jpg","B0047O3PFC","CLC Work Gear 1134 Carpenter's Tool Backpack, 44 Pockets, Padded Back Support, Black","Custom Leathercraft","FBA","Tools & Home Improvement",32919,888357875539,00084298011344,8656111882718,"N/A","Tool Bags",99,95.99,-13,409,96,112,51464.61,7148.64,4678,4.5,"VeSuper","USA",15,4997,"N/A","Large Standard-Size",7.5,13.4,17.5,3.9,885.48,2442.71,"11/30/2025",185,9,3,0.09
"https://amazon.com/dp/B0FLDMDRTR","https://m.media-amazon.com/images/I/912gbRl+hBL._SX450_.jpg","B0FLDMDRTR","Tool Backpack Bag, Electrician Tool Bag 78-Pockets & Loops Tools Bag HVAC Tool Bags for Men, Heavy Duty Storage Construction tools Backpack (style1+2pcs)","LOKASS","FBA","Tools & Home Improvement",32950,"N/A","N/A","N/A","N/A","Tool Bags",108,109.99,-46,452,8,,42578.16,869.96,130,4.4,"AMZBAG","China",1,0,"N/A","Large Standard-Size",7.68,12.24,17.17,6.64,812.62,2241.72,"02/28/2026",8,9,11,3.48
"https://amazon.com/dp/B0F99MFMQS","https://m.media-amazon.com/images/I/91RIM8QOaXL._SX450_.jpg","B0F99MFMQS","Tool Backpack Bag, HVAC Heavy Duty Construction Tools Backpack for Men, 1680D Professional Level Durable Tool Organizer, with Molded Base & Combination Lock, for Electricians & Home Repair-Version 3.0","LOKASS","FBA","Tools & Home Improvement",34044,"N/A","N/A","N/A","N/A","Tool Bags",106,89.99,-50,452,328,,42578.16,30047.9,126,4.5,"AMZBAG","China",1,0,"N/A","Large Standard-Size",7.68,13.54,17.01,6.24,890.55,2456.7,"02/28/2026",21,8,11,3.59
"https://amazon.com/dp/B0DJCTVC9R","https://m.media-amazon.com/images/I/71Ss9s+yvyL._SX450_.jpg","B0DJCTVC9R","XINHESDEN Tool Bag Backpack, Heavy Duty Tool Backpack Bag with Waterproof Molded Base, Electrician Work Pack for Hand Tools, Multi Pockets Tool Storage Organizer for Contractor, Plumbers, HVAC Techs","XINHESDEN","FBA","Tools & Home Improvement",35235,"N/A","N/A","N/A","N/A","Tool Bags",111,35.99,-25,425,209,-4,15157.02,7374.8,122,4.6,"Stardust No.1","China",1,0,"N/A","Large Standard-Size",6.02,9.92,15.27,3.22,459.12,1266.53,"11/30/2025",18,8,2,3.49
"https://amazon.com/dp/B0FK5TBY5M","https://m.media-amazon.com/images/I/81oQm3RypKL._SX450_.jpg","B0FK5TBY5M","XINHESDEN Tool Bag Backpack, Heavy Duty Tool Backpack Bag with Waterproof Molded Base, Electrician Work Pack for Hand Tools, Multi Pockets Tool Storage Organizer for Contractor, HVAC Techs, Brown","XINHESDEN","FBA","Tools & Home Improvement",35235,"N/A","N/A","N/A","N/A","Tool Bags",111,35.99,-6,425,216,-4,15157.02,7781.9,122,4.6,"Stardust No.1","China",1,0,"N/A","Large Standard-Size",5.39,11.06,15.24,3.28,457.41,1261.82,"11/30/2025",18,8,2,3.49
"https://amazon.com/dp/B07Y3WQ5KQ","https://m.media-amazon.com/images/I/61Br2JrgtfL._SX450_.jpg","B07Y3WQ5KQ","Vertx Overflow Pouches, Mesh Zipper Pouch for Tactical Gear, Backpack Accessories, Storage of Cables, Tool Kits, EDC Survival Bug Out Gear, 2 Pack, Ash Grey, Small","Vertx","FBA","Tools & Home Improvement",38113,190449284908,00190449284908,0190449284908,"N/A","Tool Bags",122,25.99,9,276,128,-10,6176.04,3234.17,698,4.7,"Vertx Clothing and Gear","USA",1,2781,-12,"Large Standard-Size",2.91,10.91,11.54,0.33,184.46,508.85,"01/31/2025",78,5,4,0.4
"https://amazon.com/dp/B07Y3Y4YNY","https://m.media-amazon.com/images/I/510s2SZIW1L._SX450_.jpg","B07Y3Y4YNY","Vertx Overflow Pouches, Mesh Zipper Pouch for Tactical Gear, Backpack Accessories, Storage of Cables, Tool Kits, EDC Survival Bug Out Gear, 2 Pack, Ash Grey, Large","Vertx","FBA","Tools & Home Improvement",38113,190449284922,00190449284922,0190449284922,"N/A","Tool Bags",122,36.99,4,276,9,-10,6176.04,322.6,698,4.7,"Vertx Clothing and Gear","USA",2,2781,-12,"Large bulky",2.09,11.54,19.13,0.4,149.52,373.81,"01/31/2025",78,5,4,0.4
"https://amazon.com/dp/B07Y41V3BG","https://m.media-amazon.com/images/I/6150EPuvl+L._SX450_.jpg","B07Y41V3BG","Vertx Overflow Pouches, Mesh Zipper Pouch for Tactical Gear, Backpack Accessories, Storage of Cables, Tool Kits, EDC Survival Bug Out Gear, Ash Grey, Medium","Vertx","FBA","Tools & Home Improvement",38113,190449284915,00190449284915,0190449284915,"N/A","Tool Bags",122,17.99,-3,276,114,-10,6176.04,2002.56,698,4.7,"Vertx Clothing and Gear","USA",2,2781,-12,"Large Standard-Size",1.38,9.65,10.91,0.22,73.15,201.79,"01/31/2025",78,5,4,0.4
"https://amazon.com/dp/B0CVRXQLC3","https://m.media-amazon.com/images/I/81nGvL7ie-L._SX450_.jpg","B0CVRXQLC3","Vertx S.O.C.P. LT Overflow Mesh Zipper Pouch Organizer Insert for Backpack, Bag, Accessories and Tool Storage EDC Pouches, Ash Grey - Small","Vertx","FBA","Tools & Home Improvement",38141,769028948533,"N/A",0769028948533,"N/A","Tool Bags",122,24.99,-20,282,26,-14,6301.93,632.45,698,4.7,"Vertx Clothing and Gear","USA",2,2789,-11,"Large Standard-Size",1.22,7.6,10.04,0.13,46.87,129.29,"01/31/2025",25,6,4,0.4
"https://amazon.com/dp/B09RKK5XYF","https://m.media-amazon.com/images/I/91SgFPh3IJL._SX450_.jpg","B09RKK5XYF","Amazon Basics Tool Backpack with LED Light, 55 Pockets, Padded Shoulder Straps, Tool Storage Bag, Black","Amazon Basics","Amazon","Tools & Home Improvement",39609,840095884259,"N/A",0840095884259,"N/A","Tool Bags",126,49.33,-27,259,47,-38,10544.46,2294.97,433,4.6,"Amazon","N/A",1,3089,"N/A","Large bulky",6.85,15.67,18.94,3.7,"N/A","N/A","11/30/2025",36,7,4,0.6
"https://amazon.com/dp/B097CQ37SW","https://m.media-amazon.com/images/I/91zIAwWcVaS._SX450_.jpg","B097CQ37SW","AWP Extreme Tool Backpack, Rugged Polyester Jobsite Backpack with Waterproof Molded Base, Padded Shoulders and Waist Straps, 23 Tool Storage Pouch Pockets, 1L-22419-2","AWP","Amazon","Tools & Home Improvement",42675,731919003249,"N/A",0731919003249,"N/A","Tool Bags",143,47.99,-12,266,266,37,12782.43,12782.29,774,4.3,"Amazon","N/A",2,3555,-22,"Large bulky",7.6,15.55,17.8,5.42,"N/A","N/A","11/30/2024",57,7,0,0.35
"https://amazon.com/dp/B0C7HMWCW6","https://m.media-amazon.com/images/I/61VlhMDQGbL._SX450_.jpg","B0C7HMWCW6","Klein Tools 62805BPTECH 28-Pocket Laptop Backpack Tool Bag, Tradesman Pro Extra-Large Tech Tool Backpack with Molded Bottom, Charging Port","KLEIN TOOLS","Amazon","Tools & Home Improvement",43592,092644628054,"N/A",0092644628054,"N/A","Tool Bags",146,129.99,-16,410,410,22,53268.78,53268.67,207,4.6,"Amazon","N/A",5,3949,"N/A","Large bulky",11,15,21,9.5,"N/A","N/A","02/28/2026",33,10,1,1.98
"https://amazon.com/dp/B07BHF11GQ","https://m.media-amazon.com/images/I/61eLU0SbAPL._SX450_.jpg","B07BHF11GQ","Klein Tools 55485 Tool Bag Backpack, Durable Electrician Backpack with 48 Pockets for Hand Tools, Waterproof Bottom, Removable Carrier","KLEIN TOOLS","Amazon","Tools & Home Improvement",45033,092644554858,00092644554858,0092644554858,"N/A","Tool Bags",155,209.99,-11,169,169,-32,35219.07,35218.9,2241,4.7,"Amazon","N/A",12,3131,"N/A","Large bulky",11.69,15.91,22.68,15.79,"N/A","N/A","11/30/2024",96,14,0,0.08
"https://amazon.com/dp/B00JCCHVRC","https://m.media-amazon.com/images/I/71o2V4NeuTL._SX450_.jpg","B00JCCHVRC","CLC Custom Leathercraft L255 Tech Gear 53 Pocket Lighted Backpack, Black","Custom Leathercraft","Amazon","Tools & Home Improvement",45240,084298122552,00084298122552,0084298122552,"N/A","Tool Bags",157,119,-33,276,189,,28070.77,19340.96,1948,4.6,"Amazon","N/A",6,501,"N/A","Large bulky",9.1,15.3,17.92,5.95,"N/A","N/A","02/28/2026",144,6,2,0.14
"https://amazon.com/dp/B099J4QQQ8","https://m.media-amazon.com/images/I/81em+t5wPbS._SX450_.jpg","B099J4QQQ8","CLC Work Gear PB1133 38 Pocket Molded Base Tool Backpack, Black/Blue","Custom Leathercraft","Amazon","Tools & Home Improvement",45247,084298011337,"N/A",0084298011337,"N/A","Tool Bags",157,110.6,-28,276,87,,28070.77,8727.28,501,4.5,"Amazon","N/A",13,501,"N/A","Large bulky",12,15.8,19.5,8.2,"N/A","N/A","02/28/2026",56,10,2,0.55
"https://amazon.com/dp/B0F8ZG158Q","https://m.media-amazon.com/images/I/71fPiftOK-L._SX450_.jpg","B0F8ZG158Q","VEVOR Rolling Tool Backpack, 110 lbs Load Capacity, 45 Pockets Heavy Duty Roller Tool Bag on Wheels, Adjustable Telescoping Handle & Stable Base, Toolbag Organizers for Construction, Mechanic","VEVOR","Amazon","Tools & Home Improvement",46677,197988150657,"N/A",0197988150657,"N/A","Tool Bags",160,78.9,-23,190,103,6,14559.13,8045.51,91,4.6,"Amazon","N/A",3,0,"N/A","Large bulky",14.96,9.84,19.69,6.83,"N/A","N/A","11/30/2025",10,9,2,2.09
"https://amazon.com/dp/B0CGVB1NW1","https://m.media-amazon.com/images/I/81xbrNpylGL._SX450_.jpg","B0CGVB1NW1","MELOTOUGH Welding backpack for Tools and Helmet Extreme Gear Pack with Large Capacity Helmet Bag Holder Luggage Storage Bag (Blue)","MELOTOUGH","FBA","Tools & Home Improvement",47197,"N/A",10634359952986,"N/A","N/A","Tool Bags",252,77.98,-9,267,15,-55,20156.8,1162.9,376,4.8,"MeloTough","China",1,4097,"N/A","Large bulky",5,14.57,22.83,5.25,538.99,1347.47,"11/30/2025",47,7,6,0.71
"https://amazon.com/dp/B09Z2R3HDT","https://m.media-amazon.com/images/I/71VI4OB4PRL._SX450_.jpg","B09Z2R3HDT","MELOTOUGH Welding Tool backpack Extreme Gear Pack with Large Capacity Helmet Holder Luggage Storage Bag(Red","MELOTOUGH","FBA","Tools & Home Improvement",47199,"N/A",10634359953846,"N/A","N/A","Tool Bags",253,73.05,-17,267,21,-55,20156.8,1597.27,373,4.8,"MeloTough","China",1,4097,"N/A","Large bulky",5.3,14,20,5.65,480.93,1202.31,"11/30/2025",47,9,6,0.71
"https://amazon.com/dp/B0BCFHNRMB","https://m.media-amazon.com/images/I/41AnjKHo9uL._SX450_.jpg","B0BCFHNRMB","MELOTOUGH Welding Backpack for Tools and Helmet Extreme Gear Pack with Large Capacity Helmet Holder Luggage Storage Bag(Khaki","MELOTOUGH","FBA","Tools & Home Improvement",47199,"N/A",10634359953426,"N/A","N/A","Tool Bags",253,78.89,-9,267,11,-55,20156.8,831.51,373,4.8,"MeloTough","China",1,4097,"N/A","Large bulky",5.12,14.96,21.26,5.51,527.55,1318.88,"11/30/2025",43,9,6,0.71
"https://amazon.com/dp/B0BY4WWSWV","https://m.media-amazon.com/images/I/71Lqc6Ic9xL._SX450_.jpg","B0BY4WWSWV","MELOTOUGH Welding Tool backpack for Tools and Helmet Extreme Gear Pack with Large Capacity Helmet Holder Luggage Storage Bag (Black)","MELOTOUGH","FBA","Tools & Home Improvement",47199,"N/A",10634359953105,"N/A","N/A","Tool Bags",253,79.9,-26,267,108,-55,20156.8,8663.28,373,4.8,"MeloTough","China",1,4097,"N/A","Large bulky",4.33,13.78,21.1,5.8,408.1,1020.25,"11/30/2025",47,9,6,0.71
"https://amazon.com/dp/B0F388H6WX","https://m.media-amazon.com/images/I/81mmLSvY7cL._SX450_.jpg","B0F388H6WX","Tool Backpack, Heavy Duty Tool Bag with Padded Shoulder and Removable Tool Organizer, Water-Resistant Work Backpack, for Electrician, Plumber, HVAC, Cable Repairman, Black & Yellow","LASUK","FBA","Tools & Home Improvement",47748,"N/A","N/A","N/A","N/A","Tool Bags",172,36.99,-29,180,152,,6307.54,5275.61,16,4.3,"Lasuk","China",1,0,"N/A","Large Standard-Size",3.31,12.56,15.04,2.67,314.8,868.43,"02/28/2026",12,7,2,11.25
"https://amazon.com/dp/B0DX11F4HN","https://m.media-amazon.com/images/I/810rIrmZ5dL._SX450_.jpg","B0DX11F4HN","Tool Backpack for Men 18 Inch Heavy Duty Waterproof Multiple Pockets Tool Bag Organizer with Shoulder for Electrician Mechanics HVAC Engineer","weosz","FBA","Tools & Home Improvement",50173,"N/A","N/A","N/A","N/A","Tool Bags",184,39.99,-10,258,56,50,9620.73,2082.49,155,4.6,"Weosz","China",1,3204,"N/A","Large Standard-Size",4.49,9.33,15,3.86,316.37,872.74,"11/30/2025",13,7,6,1.67
"https://amazon.com/dp/B0DHC2Z29N","https://m.media-amazon.com/images/I/91jzWKAXiML._SX450_.jpg","B0DHC2Z29N","BLISSWILL Tool Bag Backpack for men,Heavy Duty Tool Backpack Bag with Waterproof Molded Base，62 Pockets/40 Loops Heavy Duty Tools Organizer Bags/Electrician/Industrial/Construction Work Backpack","BLISSWILL","FBA","Tools & Home Improvement",50296,"N/A","N/A","N/A","N/A","Tool Bags",190,59.99,-14,93,12,-65,5570.43,740.72,117,4.4,"blisswill","China",1,1852,"N/A","Large Standard-Size",7.95,10.55,16.54,7.39,698.44,1926.74,"11/30/2025",18,7,3,0.79
"https://amazon.com/dp/B0DFPGRPZH","https://m.media-amazon.com/images/I/81TN7xeh16L._SX450_.jpg","B0DFPGRPZH","Tool Backpack for Men 18 Inch Heavy Duty Waterproof Multiple Pockets Tool Bag Organizer with Shoulder for Electrician Mechanics HVAC Engineer","weosz","FBA","Tools & Home Improvement",55800,"N/A","N/A","N/A","N/A","Tool Bags",207,36.99,-23,252,187,39,9351.14,6922.68,155,4.6,"Weosz","China",1,3189,"N/A","Large Standard-Size",4.69,9.72,15.39,3.84,353.23,974.42,"11/30/2025",19,7,6,1.63
"https://amazon.com/dp/B0CWFQHT89","https://m.media-amazon.com/images/I/41Qnb2AT1KL._SX450_.jpg","B0CWFQHT89","BYOGI Fits Milwaukee 48-22-8201 Ultimate Jobsite Backpack, Red, Black","YUNSUN","FBM","Tools & Home Improvement",56080,747840711023,"N/A",0747840711023,"N/A","Tool Bags",204,128.99,"N/A",137,137,-45,18195.96,18195.7,139,4.8,"The TOOL GUY","USA",12,3478,70,"Large bulky",9.1,15.9,17.9,7.14,"N/A","N/A","11/30/2025",25,3,0,1.01
"https://amazon.com/dp/B0FN41HFNF","https://m.media-amazon.com/images/I/81Keq3xeD5L._SX450_.jpg","B0FN41HFNF","Tool Backpack, Heavy Duty Tool Bag with Padded Shoulder and Removable Tool Organizer, Water-Resistant Work Backpack, for Electrician, Plumber, HVAC, Cable Repairman, Black & Orange","LASUK","FBA","Tools & Home Improvement",57480,"N/A","N/A","N/A","N/A","Tool Bags",211,59.99,-39,180,28,,6307.54,1031.05,16,4.3,"Lasuk","China",1,0,"N/A","Large Standard-Size",3.15,12.25,15.09,3.48,293.16,808.73,"02/28/2026",7,7,2,11.25
"https://amazon.com/dp/B0G6CLVD9H","https://m.media-amazon.com/images/I/71OfyiIjf6L._SX450_.jpg","B0G6CLVD9H","TACTICAL_GEEK Crossbody Shoulder Bag, Multipurpose Daypack, Chest Backpack Casual Sling Bag for Men & Women (L3C-Orange)","TACTICAL_GEEK","FBA","Tools & Home Improvement",59894,"N/A","N/A","N/A","N/A","Tool Bags",210,53.99,19,216,23,118,13207.86,1219.7,192,4.5,"TACTICAL GEEK-US","China",1,1630,96,"Large Standard-Size",10,2.7,3,0.3,40.78,112.5,"02/28/2026",3,6,17,1.12
"https://amazon.com/dp/B0G6CYDT7X","https://m.media-amazon.com/images/I/71dFm5zj+3L._SX450_.jpg","B0G6CYDT7X","TACTICAL_GEEK Crossbody Shoulder Bag, Multipurpose Daypack, Chest Backpack Casual Sling Bag for Men & Women (L3C-Desert Tan)","TACTICAL_GEEK","FBA","Tools & Home Improvement",59895,"N/A","N/A","N/A","N/A","Tool Bags",210,53.99,55,216,22,118,13207.86,1186.03,192,4.5,"TACTICAL GEEK-US","China",1,1630,96,"Large Standard-Size",2.24,7.36,11.66,0.91,96.78,266.99,"02/28/2026",3,6,17,1.12
"https://amazon.com/dp/B0G6CTM6GT","https://m.media-amazon.com/images/I/71gK1dTOQRL._SX450_.jpg","B0G6CTM6GT","TACTICAL_GEEK Crossbody Shoulder Bag, Multipurpose Daypack, Chest Backpack Casual Sling Bag for Men & Women (L3C-Red)","TACTICAL_GEEK","FBA","Tools & Home Improvement",59901,"N/A","N/A","N/A","N/A","Tool Bags",210,51.99,94,216,29,118,13207.86,1483.88,192,4.5,"TACTICAL GEEK-US","China",1,1630,96,"Large Standard-Size",10,2.7,3,0.3,40.78,112.5,"02/28/2026",3,5,17,1.12
"https://amazon.com/dp/B0G6CTYLBV","https://m.media-amazon.com/images/I/71bKcfm7HnL._SX450_.jpg","B0G6CTYLBV","TACTICAL_GEEK Crossbody Shoulder Bag, Multipurpose Daypack, Chest Backpack Casual Sling Bag for Men & Women (L3C-Blue)","TACTICAL_GEEK","FBA","Tools & Home Improvement",60613,"N/A","N/A","N/A","N/A","Tool Bags",215,52.99,51,216,27,118,13207.86,1422.6,192,4.5,"TACTICAL GEEK-US","China",1,1630,96,"Large Standard-Size",2.72,8.15,11.22,0.88,125.23,345.45,"02/28/2026",3,7,17,1.12
"https://amazon.com/dp/B0F83XXC9N","https://m.media-amazon.com/images/I/81J26UE1HtL._SX450_.jpg","B0F83XXC9N","WELKINLAND 76Pockets Tool Backpack, Hard-Bottom Electrician Backpack, Large Heavy-Duty HVAC/Mechanic Backpacks, Waxed-Canvas Technician Backpacks With 16'' Laptop Compartment For Men","WELKINLAND","FBA","Tools & Home Improvement",61684,"N/A",06976400040271,"N/A","N/A","Tool Bags",232,136.78,-25,139,139,-58,19050.55,19049.02,41,4.6,"WKD Outdoor Gear NA","China",1,0,"N/A","Large bulky",11.3,14.5,19,7.15,1008.89,2522.23,"11/30/2025",10,9,0,3.4
"https://amazon.com/dp/B0FNR6QFLZ","https://m.media-amazon.com/images/I/811Qzm0JX+L._SX450_.jpg","B0FNR6QFLZ","Jjring Tool Bag Backpack For Men With 18 Tool Pockets, Heavy-Duty Tool Storage Organizer Bag With Padded Shoulder & Waist Support, Multi Pouch Pockets bag For Contractor, Plumbers, HVAC Techs(Black)","JJRING","FBA","Tools & Home Improvement",63134,"N/A","N/A","N/A","N/A","Tool Bags",240,39.99,23,98,65,73,3911.22,2589.01,21,4.3,"JJRING Store","China",1,0,"N/A","Large Standard-Size",5.04,10.31,15.47,3.3,404.93,1117.04,"10/31/2025",7,7,2,4.66
"https://amazon.com/dp/B0CBFN9W2C","https://m.media-amazon.com/images/I/71oTUlIK3gL._SX450_.jpg","B0CBFN9W2C","Tool Backpack Heavy Duty – LOKASS Tool Backpack with Molded Base, 1680D Tool Organizer with Laptop Compartment & Combination Lock, Water-Resistant Electrician & HVAC Tool Bag, Stands Upright","LOKASS","FBA","Tools & Home Improvement",63349,"N/A","N/A","N/A","N/A","Tool Bags",245,89.99,-32,224,161,169,19897.53,14378.31,289,4.4,"KAKA®","China",1,2921,"N/A","Large Standard-Size",7.87,12.68,16.38,5.71,822.97,2270.26,"10/31/2025",32,9,11,0.78
"https://amazon.com/dp/B0CT2QJ4CY","https://m.media-amazon.com/images/I/81O5b8HKQjL._SX450_.jpg","B0CT2QJ4CY","LOKASS Pink Tool Bag for Women, Wide-open Tool Backpack with Double-opening Metal Zipper, Waterproof Tool Storage Tote Bag for Female Workers-Large","LOKASS","FBA","Tools & Home Improvement",63352,"N/A","N/A","N/A","N/A","Tool Bags",246,79.99,-24,220,17,158,19464.22,1383.35,289,4.4,"KAKA®","China",1,2918,"N/A","Large bulky",8.15,11.81,16.26,4.28,507.19,1267.98,"10/31/2025",26,7,11,0.76
"https://amazon.com/dp/B0CLYCDFG8","https://m.media-amazon.com/images/I/91HdM50X8LL._SX450_.jpg","B0CLYCDFG8","Tool Backpack Heavy Duty – LOKASS Tool Backpack with Molded Base, 1680D Tool Organizer with Laptop Compartment & Combination Lock, Water-Resistant Electrician & HVAC Tool Bag, Stands Upright","LOKASS","FBA","Tools & Home Improvement",63371,"N/A","N/A","N/A","N/A","Tool Bags",246,109.99,-35,220,8,158,19464.22,765.84,289,4.4,"KAKA®","China",1,2918,"N/A","Large bulky",8.2,10,16.4,4.85,435.81,1089.54,"10/31/2025",32,9,11,0.76
"https://amazon.com/dp/B0D7NYZ2ZJ","https://m.media-amazon.com/images/I/81Z9GfIMfgL._SX450_.jpg","B0D7NYZ2ZJ","Golkcurx Tool Backpack, Heavy Duty Backpack Tool Bag, 1680D Tools Carrier for Electrician, Durable and Molded Base","Golkcurx","FBA","Tools & Home Improvement",63395,198715141221,"N/A",0198715141221,"N/A","Tool Bags",241,59.99,1,92,92,,5012.98,5012.77,155,4.4,"LLUS_MALL","China",1,0,"N/A","Large bulky",7.5,15,21,7.15,765.63,1914.06,"02/28/2026",21,7,0,0.59
"https://amazon.com/dp/B0DZX6C2GR","https://m.media-amazon.com/images/I/81nLY3p4L7L._SX450_.jpg","B0DZX6C2GR","73 Pockets Electrician Tool Backpack Heavy Duty for Men Women, Hvac Tool Backpack, Tool Bag Backpack with Laptop Compartment, Waterproof Molded Base, 1680D, Durable Multi-Use Pocket for Construction","AUROPEAK","FBA","Tools & Home Improvement",64579,"N/A","N/A","N/A","N/A","Tool Bags",242,51.29,-38,91,12,-31,7650.06,932.86,196,4.4,"Auropeak","China",1,0,"N/A","Large bulky",8.58,11.73,15.27,4.28,498.05,1245.11,"01/31/2026",11,7,3,0.46
"https://amazon.com/dp/B0F43X1XL2","https://m.media-amazon.com/images/I/91vnMQ76mPL._SX450_.jpg","B0F43X1XL2","Tool Bag Backpack, 75 Pockets & Loops Canvas Heavy Duty Tools Organizer Bags/HVAC Tool Carrier for Electrician/Construction Work with Molded Base and Combination Lock - Brown","LOKASS","FBA","Tools & Home Improvement",64865,"N/A","N/A","N/A","N/A","Tool Bags",244,119.99,-42,312,29,22,28990.62,2651.93,638,4.3,"KAKA®","China",1,4884,-58,"Large Standard-Size",7.56,13.07,16.18,6.11,804.92,2220.46,"04/30/2024",35,7,10,0.49
"https://amazon.com/dp/B0D8JG9YYY","https://m.media-amazon.com/images/I/91KyaoMueXL._SX450_.jpg","B0D8JG9YYY","LOKASS Tool Bag Backpack, Heavy Duty Tool Backpacks with Combination Lock, Waterproof Tool Bags for Tools Storage and Organization, Black/Orange","LOKASS","FBA","Tools & Home Improvement",65254,"N/A","N/A","N/A","N/A","Tool Bags",252,79.99,-21,220,19,158,19464.22,1542.23,289,4.4,"KAKA®","China",1,2918,"N/A","Large Standard-Size",7.8,11.81,16.18,3.9,750.41,2070.1,"10/31/2025",21,8,11,0.76
"https://amazon.com/dp/B0DBHYVHFL","https://m.media-amazon.com/images/I/91uOBA4Od9L._SX450_.jpg","B0DBHYVHFL","Tool Backpack Heavy Duty – LOKASS Tool Backpack with Molded Base, 1680D Tool Organizer with Laptop Compartment & Combination Lock, Water-Resistant Electrician & HVAC Tool Bag, Stands Upright","LOKASS","FBA","Tools & Home Improvement",65254,"N/A","N/A","N/A","N/A","Tool Bags",252,109.99,-6,220,9,158,19464.22,787.61,289,4.4,"KAKA®","China",1,2918,"N/A","Large bulky",8.4,10.15,14.4,4.7,397.88,994.7,"10/31/2025",20,9,11,0.76
"https://amazon.com/dp/B0F4WZT992","https://m.media-amazon.com/images/I/71CT7Fk+nZL._SX450_.jpg","B0F4WZT992","Tool Backpack with 2 Small Tool Bags – LOKASS Heavy Duty Backpack Tool Bag with Molded Base,1680D Tool Organizer with Laptop Compartment & Combination Lock, Water-Resistant Electrician & HVAC Tool Bag","LOKASS","FBA","Tools & Home Improvement",65254,"N/A","N/A","N/A","N/A","Tool Bags",252,109.99,-33,220,4,158,19464.22,429.81,289,4.4,"KAKA®","China",1,2918,"N/A","Large bulky",8.25,10,16,5.45,427.78,1069.44,"10/31/2025",11,9,11,0.76
"https://amazon.com/dp/B0DK6F9D6G","https://m.media-amazon.com/images/I/91IE3bhuXUL._SX450_.jpg","B0DK6F9D6G","Tool Backpack with 2 Small Tool Bags – LOKASS Heavy Duty Backpack Tool Bag with Molded Base,1680D Tool Organizer with Laptop Compartment & Combination Lock, Water-Resistant Electrician & HVAC Tool Bag","LOKASS","FBA","Tools & Home Improvement",65255,"N/A","N/A","N/A","N/A","Tool Bags",252,109.99,-42,220,4,158,19464.22,486.6,289,4.4,"KAKA®","China",1,2918,"N/A","Large bulky",9.65,10.75,17.44,5.58,586.31,1465.77,"10/31/2025",17,10,11,0.76
"https://amazon.com/dp/B0CKSSSWVF","https://m.media-amazon.com/images/I/41dc8wnpM6L._SX450_.jpg","B0CKSSSWVF","TACTICAL_GEEK Crossbody Shoulder Bag, Nylon Multipurpose Daypack, Chest Backpack Casual Shoulder for Daily Carry (Black-L3S-CR-Small)","TACTICAL_GEEK","FBA","Tools & Home Improvement",66315,"N/A","N/A","N/A","N/A","Tool Bags",246,66.99,-39,216,11,118,13207.86,671.61,192,4.5,"TACTICAL GEEK-US","China",1,1630,96,"Large Standard-Size",2.28,6.85,10.91,0.79,85.79,236.66,"02/28/2026",29,9,17,1.12
"https://amazon.com/dp/B0DS3XDXH6","https://m.media-amazon.com/images/I/71bX5yV6M3L._SX450_.jpg","B0DS3XDXH6","TACTICAL_GEEK L3C EDC Sling Bag, Crossbody Shoulder Bag, Multipurpose Daypack, Chest Backpack Casual Sling Bag for Men & Women (Coyote Tan)","TACTICAL_GEEK","FBA","Tools & Home Improvement",66318,"N/A","N/A","N/A","N/A","Tool Bags",246,55.99,4,216,16,118,13207.86,868.76,192,4.5,"TACTICAL GEEK-US","China",1,1630,96,"Large Standard-Size",2.56,9.33,11.93,0.84,143.46,395.76,"02/28/2026",15,7,17,1.12
"https://amazon.com/dp/B0G3NSH7X2","https://m.media-amazon.com/images/I/919RqByKcoL._SX450_.jpg","B0G3NSH7X2","Tool Backpack Bag With Wheel, Heavy Duty Rolling Tool Backpack Hvac On Wheel Tool Bag For Men, For Electrician Construction Work Jobsite, Large Tool Organizer Men With Molded Base & Combination Lock","Srotek","FBA","Tools & Home Improvement",68445,"N/A","N/A","N/A","N/A","Tool Bags",252,149.99,-100,4,19,,616.29,2911.84,3,4,"ER DONG LIN KE JI","China",1,0,"N/A","Large bulky",9.65,17.04,22.28,9.46,1187.29,2968.22,"02/28/2026",4,7,0,1.48
"https://amazon.com/dp/B0D34X2RSW","https://m.media-amazon.com/images/I/51rIGy6y0gL._SX450_.jpg","B0D34X2RSW","Backpack Tool Bag Heavy Duty, Electrician Tool Backpacks for Men HVAC Construction Work, 75 Pockets & Loops Tools Organizer with Portable Tool Carrier, Durable Molded Base & Combination Lock - Brown","RIFESI","FBA","Tools & Home Improvement",68878,"N/A","N/A","N/A","N/A","Tool Bags",266,109.99,-15,198,20,499,17175.25,1899.72,81,4.6,"NIU JIAN KE JI","China",2,0,"N/A","Large Standard-Size",7.48,12.71,15.75,6.11,753.88,2079.67,"02/28/2026",23,7,15,2.44
"https://amazon.com/dp/B0D2946MLM","https://m.media-amazon.com/images/I/91EjzVj1b7L._SX450_.jpg","B0D2946MLM","Backpack Tool Bag Heavy Duty, Electrician Tool Backpacks for Men HVAC Construction Work, 75 Pockets & Loops Tools Organizer with Portable Tool Carrier, Durable Molded Base & Combination Lock - Black","RIFESI","FBA","Tools & Home Improvement",68900,"N/A","N/A","N/A","N/A","Tool Bags",267,89.99,-26,198,21,499,17175.25,1886.96,81,4.6,"NIU JIAN KE JI","China",1,0,"N/A","Large Standard-Size",7.75,11.5,16,6.6,717.95,1980.56,"02/28/2026",23,9,15,2.44
"https://amazon.com/dp/B0FKBH3BTT","https://m.media-amazon.com/images/I/911nEeBDbiL._SX450_.jpg","B0FKBH3BTT","Tool Backpack Bag, Durable Electrician Backpack Tool Bag for HVAC with Waterproof Molded Base, Construction Work Heavy Duty Tools Organizer Bags with Combination Lock Large - Red","RIFESI","FBA","Tools & Home Improvement",68921,"N/A","N/A","N/A","N/A","Tool Bags",267,99.99,-31,198,11,499,17175.25,1062.96,81,4.6,"NIU JIAN KE JI","China",1,0,"N/A","Large Standard-Size",1,1,1,1,0.5,1.39,"02/28/2026",8,9,15,2.44
"https://amazon.com/dp/B0DHZWW3L8","https://m.media-amazon.com/images/I/91aQzw63pIL._SX450_.jpg","B0DHZWW3L8","RIFESI Tool Backpack Bag, Durable Electrician Backpack Tool Bag for HVAC with Waterproof Molded Base, Construction Work Heavy Duty Tools Organizer Bags with Combination Lock Large - Blue","RIFESI","FBA","Tools & Home Improvement",68924,"N/A","N/A","N/A","N/A","Tool Bags",267,109.99,-17,198,11,499,17175.25,1072.81,81,4.6,"ZHI MU MU","China",1,0,"N/A","Large Standard-Size",7.6,12.09,16.81,5.86,777.65,2145.24,"02/28/2026",18,8,15,2.44
"https://amazon.com/dp/B0FLJP35TW","https://m.media-amazon.com/images/I/91vBcpkmwTL._SX450_.jpg","B0FLJP35TW","Heavy Duty Tool Bag Backpack,Water Resistant,89 Pockets & Loops Canvas Tools Organizer Bags/HVAC Tool Carrier for Electrician/Construction Work with Molded Base and Combination Lock","RIFESI","FBA","Tools & Home Improvement",68924,"N/A","N/A","N/A","N/A","Tool Bags",267,74.99,-63,198,92,499,17175.25,6998.05,81,4.6,"NIU JIAN KE JI","China",1,0,"N/A","Large bulky",8.35,16.26,16.34,5.86,718.96,1797.39,"02/28/2026",8,8,15,2.44
"https://amazon.com/dp/B0DHC3WD2K","https://m.media-amazon.com/images/I/91SfwS5BakL._SX450_.jpg","B0DHC3WD2K","BLISSWILL Tool Bag Backpack for men,Heavy Duty Tool Backpack Bag with Waterproof Molded Base，62 Pockets/40 Loops Heavy Duty Tools Organizer Bags/Electrician/Industrial/Construction Work Backpack","BLISSWILL","FBA","Tools & Home Improvement",70033,"N/A","N/A","N/A","N/A","Tool Bags",272,59.99,-55,93,28,-65,5570.43,1675.48,117,4.4,"blisswill","China",1,1852,"N/A","Large Standard-Size",7.5,10.5,15.75,7.4,624.46,1722.66,"11/30/2025",18,7,3,0.79
"https://amazon.com/dp/B0DHC2B7V8","https://m.media-amazon.com/images/I/51G8X41rdnL._SX450_.jpg","B0DHC2B7V8","BLISSWILL Tool Bag Backpack for men,Heavy Duty Tool Backpack Bag with Waterproof Molded Base，62 Pockets/40 Loops Heavy Duty Tools Organizer Bags/Electrician/Industrial/Construction Work Backpack","BLISSWILL","FBA","Tools & Home Improvement",70033,"N/A","N/A","N/A","N/A","Tool Bags",272,59.99,-12,93,53,-65,5570.43,3153.91,117,4.4,"blisswill","China",1,1852,"N/A","Large bulky",8.35,10.94,16.14,7.5,477.81,1194.52,"11/30/2025",18,7,3,0.79
"https://amazon.com/dp/B0DSD8MLGH","https://m.media-amazon.com/images/I/819mNhKfSwL._SX450_.jpg","B0DSD8MLGH","Tool Backpack Heavy Duty for Men Women, 77 Pockets Water-resistant Hvac Tool Bag Backpack Organizer with Waterproof Molded Base, 1680D, Durable Multi-Use Pocket for Electrician Construction","AUROPEAK","FBA","Tools & Home Improvement",70798,"N/A","N/A","N/A","N/A","Tool Bags",274,69.99,-35,91,16,-31,7650.06,1080.05,196,4.4,"Auropeak","China",1,0,"N/A","Large bulky",9.06,10.35,16.54,3.95,502.63,1256.57,"01/31/2026",15,7,3,0.46
"https://amazon.com/dp/B0DB167SHP","https://m.media-amazon.com/images/I/9161ee2YtHL._SX450_.jpg","B0DB167SHP","96-Pocket Hvac Tool Backpack Heavy Duty, Electrician Tool Bag Backpack for Men Women, Hvac Tool Bag Organizer, Large Tool Backpack with Laptop Compartment & Molded Base for Construction","AUROPEAK","FBA","Tools & Home Improvement",70799,"N/A","N/A","N/A","N/A","Tool Bags",274,88.39,-28,91,64,-31,7650.06,5635.87,196,4.4,"Auropeak","China",1,0,"N/A","Large Standard-Size",7.83,12.01,16.14,5.62,764.16,2108.03,"01/31/2026",19,7,3,0.46
"https://amazon.com/dp/B0FNR8CRQY","https://m.media-amazon.com/images/I/81LGE1gmZ7L._SX450_.jpg","B0FNR8CRQY","Jjring Tool Bag Backpack For Men With 18 Tool Pockets, Heavy-Duty Tool Storage Organizer Bag With Padded Shoulder & Waist Support, Multi Pouch Pockets bag For Contractor, Plumbers, HVAC Techs(Orange)","JJRING","FBA","Tools & Home Improvement",71206,"N/A","N/A","N/A","N/A","Tool Bags",273,39.99,11,98,33,73,3911.22,1322,21,4.3,"JJRING Store","China",1,0,"N/A","Large Standard-Size",5.91,10.75,15.47,3.33,494.84,1365.07,"10/31/2025",7,7,2,4.66
"https://amazon.com/dp/B0BX2L2DL9","https://m.media-amazon.com/images/I/71krOLOD6LL._SX450_.jpg","B0BX2L2DL9","TACTICAL_GEEK Cache L3 EDC Sling Bag Chest, Lightweight Shoulder Daypack, 500D Nylon, Travel Hiking Concealed Carry,Crossbody Bag, Tactical Backpack, Hiking Ambidextrous Strap Green","TACTICAL_GEEK","FBA","Tools & Home Improvement",73493,"N/A","N/A","N/A","N/A","Tool Bags",287,70.99,-20,216,9,118,13207.86,593.43,192,4.5,"TACTICAL GEEK-US","China",1,1630,96,"Large Standard-Size",2.56,7.32,11.3,0.9,106.61,294.1,"02/28/2026",37,9,17,1.12
"https://amazon.com/dp/B0CKSFF99D","https://m.media-amazon.com/images/I/41zUs3VzuYL._SX450_.jpg","B0CKSFF99D","TACTICAL_GEEK Cache L3 Crossbody Shoulder Bag, Multipurpose Sling Bag, Chest Backpack Casual Shoulder for Daily Carry(White)","TACTICAL_GEEK","FBA","Tools & Home Improvement",73493,"N/A","N/A","N/A","N/A","Tool Bags",287,96.79,-21,216,6,118,13207.86,626.36,192,4.5,"TACTICAL GEEK-US","China",1,1630,96,"Large Standard-Size",2.87,9.41,12.17,0.9,165.48,456.49,"02/28/2026",29,9,17,1.12
"https://amazon.com/dp/B0BX2PBNSZ","https://m.media-amazon.com/images/I/71AtEvqpF9L._SX450_.jpg","B0BX2PBNSZ","TACTICAL_GEEK Cache L3 EDC Sling Bag Chest, Lightweight Shoulder Daypack, 500D Nylon, Travel Hiking Concealed Carry, Crossbody Bag, Tactical Backpack, Hiking Ambidextrous Strap Black","TACTICAL_GEEK","FBA","Tools & Home Improvement",73493,"N/A","N/A","N/A","N/A","Tool Bags",287,71.99,-3,216,9,118,13207.86,587.48,192,4.5,"TACTICAL GEEK-US","China",1,1630,96,"Large Standard-Size",2.13,7.52,11.18,0.86,90.16,248.72,"02/28/2026",37,8,17,1.12
"https://amazon.com/dp/B0CKSSLW2Z","https://m.media-amazon.com/images/I/71HsJpOXjxL._SX450_.jpg","B0CKSSLW2Z","TACTICAL_GEEK Crossbody Shoulder Bag, Nylon Multipurpose Daypack, Chest Backpack Casual Shoulder for Daily Carry (Black Green-L3S-CR-Small)","TACTICAL_GEEK","FBA","Tools & Home Improvement",73493,"N/A","N/A","N/A","N/A","Tool Bags",287,65.99,-23,216,13,118,13207.86,743.54,192,4.5,"TACTICAL GEEK-US","China",1,1630,96,"Large Standard-Size",2.2,6.89,11.5,0.79,87.76,242.11,"02/28/2026",29,9,17,1.12
"https://amazon.com/dp/B0CKSN8Y9B","https://m.media-amazon.com/images/I/71qMzNAl2SL._SX450_.jpg","B0CKSN8Y9B","TACTICAL_GEEK Cache L3C EDC Sling Bag Chest, Lightweight Shoulder Daypack, Travel Hiking Concealed Carry, Crossbody Bag, Tactical Backpack, Hiking Ambidextrous Strap (1000D-Black)","TACTICAL_GEEK","FBA","Tools & Home Improvement",73493,"N/A","N/A","N/A","N/A","Tool Bags",287,55.99,-11,216,20,118,13207.86,1045.62,192,4.5,"TACTICAL GEEK-US","China",1,1630,96,"Large Standard-Size",2.16,8.19,11.42,0.92,101.71,280.59,"02/28/2026",29,9,17,1.12
"https://amazon.com/dp/B0CKSFJVBQ","https://m.media-amazon.com/images/I/71nVM9+v8SL._SX450_.jpg","B0CKSFJVBQ","TACTICAL_GEEK Cache L3 Black Camo Crossbody Shoulder Bag, Men Multipurpose Sling Bag, Chest Backpack Casual Shoulder for Daily Carry","TACTICAL_GEEK","FBA","Tools & Home Improvement",73497,"N/A","N/A","N/A","N/A","Tool Bags",288,120.99,-26,216,5,118,13207.86,636.09,192,4.5,"TACTICAL GEEK-US","China",1,1630,96,"Large Standard-Size",2.99,7.8,12.28,0.88,144.19,397.77,"02/28/2026",29,9,17,1.12
"https://amazon.com/dp/B0CX8ZPRWX","https://m.media-amazon.com/images/I/817CNxTYqSL._SX450_.jpg","B0CX8ZPRWX","TACTICAL_GEEK Cache L3 Crossbody Shoulder Bag, Multipurpose Daypack, Chest Backpack Casual Sling Bag for Men & Women (Black Orange)","TACTICAL_GEEK","FBA","Tools & Home Improvement",73547,"N/A","N/A","N/A","N/A","Tool Bags",288,122.99,-11,216,4,118,13207.86,536.96,192,4.5,"TACTICAL GEEK-US","China",1,1630,96,"Large Standard-Size",9,1,11,0.84,49.84,137.5,"02/28/2026",25,9,17,1.12
"https://amazon.com/dp/B0G69WZJ4B","https://m.media-amazon.com/images/I/81eIGo6mNWL._SX450_.jpg","B0G69WZJ4B","Tool Backpack Bag, Durable Electrician Backpack Tool Bag for HVAC with Waterproof Molded Base, Construction Work Heavy Duty Tools Organizer Bags with Combination Lock Large - Gray","RIFESI","FBA","Tools & Home Improvement",73857,"N/A","N/A","N/A","N/A","Tool Bags",291,99.99,-24,192,10,558,16552,1038.14,81,4.6,"NIU JIAN KE JI","China",1,0,"N/A","Large Standard-Size",1,1,1,1,0.5,1.39,"02/28/2026",3,8,15,2.37
"https://amazon.com/dp/B0FP4KKWCQ","https://m.media-amazon.com/images/I/71S7r7fGUNL._SX450_.jpg","B0FP4KKWCQ","Tool Bag Backpack, HVAC Heavy Duty Construction Tools Backpack for Men with Molded Base & Combination Lock, Large Interior Durable Electricians Work Tool Backpack Organizer for Plumbers & Home Repair","RIFESI","FBA","Tools & Home Improvement",73859,"N/A","N/A","N/A","N/A","Tool Bags",291,89.99,-8,192,18,558,16552,1603.59,81,4.6,"NIU JIAN KE JI","China",1,0,"N/A","Large Standard-Size",1,1,1,1,0.5,1.39,"02/28/2026",7,7,15,2.37
"https://amazon.com/dp/B0GCMWK7K5","https://m.media-amazon.com/images/I/81hkqu73bBL._SX450_.jpg","B0GCMWK7K5","Tool Backpack for Men 18 Inch Heavy Duty Waterproof Multiple Pockets with 3 Tool Pouches Tool Bag Organizer with Shoulder for Electrician Mechanics HVAC Engineer (Red)","weosz","FBA","Tools & Home Improvement",74017,"N/A","N/A","N/A","N/A","Tool Bags",293,37.99,"N/A",252,4,39,9351.14,149.44,155,4.6,"Weosz","China",1,3189,"N/A","Large Standard-Size",9.5,3.9,14.5,3.5,270.48,746.15,"11/30/2025",3,6,6,1.63
"https://amazon.com/dp/B0GCM4W9FR","https://m.media-amazon.com/images/I/81djKBlPuEL._SX450_.jpg","B0GCM4W9FR","Tool Backpack for Men 18 Inch Heavy Duty Waterproof Multiple Pockets with 3 Tool Pouches Tool Bag Organizer with Shoulder for Electrician Mechanics HVAC Engineer (Yellow)","weosz","FBA","Tools & Home Improvement",74019,"N/A","N/A","N/A","N/A","Tool Bags",293,37.99,"N/A",252,7,39,9351.14,273.93,155,4.6,"Weosz","China",1,3189,"N/A","Large Standard-Size",9.5,3.9,14.5,3.5,270.48,746.15,"11/30/2025",3,6,6,1.63
"https://amazon.com/dp/B0GCNGKYDV","https://m.media-amazon.com/images/I/51moWXJ0BPL._SX450_.jpg","B0GCNGKYDV","Tool Backpack for Men 18 Inch Heavy Duty Waterproof Multiple Pockets with 3 Tool Pouches Tool Bag Organizer with Shoulder for Electrician Mechanics HVAC Engineer (Orange)","weosz","-","Tools & Home Improvement",74019,"N/A","N/A","N/A","N/A","Tool Bags",293,37.99,"N/A",252,0,39,9351.14,"-","N/A","N/A",,"N/A",1,3189,"N/A","Large Standard-Size",9.5,3.9,14.5,3.5,"N/A","N/A","11/30/2025",3,"N/A",6,"N/A"
"https://amazon.com/dp/B0DQD9VVNB","https://m.media-amazon.com/images/I/81EJ9IiIl6L._SX450_.jpg","B0DQD9VVNB","OUUTMEE Tool Backpack, Work Tool Bag with Multi-Use Pockets, Tools Backpack for Repairman, Electrician, Handyman, Tool Backpack for Men, Water-Resistant Backpack Tool Bag with Hard Bottomwith","OUUTMEE","FBA","Tools & Home Improvement",75294,"N/A","N/A","N/A","N/A","Tool Bags",301,35.99,-36,155,16,57,5276.77,570.81,101,4.6,"Ouutmee","China",1,1417,"N/A","Large Standard-Size",4.13,7.8,15.94,3.77,258.69,713.63,"07/31/2025",15,7,4,1.53
"https://amazon.com/dp/B0C5D6FK4Q","https://m.media-amazon.com/images/I/91hSohEV-RL._SX450_.jpg","B0C5D6FK4Q","Tool Bag Backpack with 2 Canvas Tool Pouch Tool Kit, 75 Pockets & Loops Heavy Duty Tools Organizer/HVAC Tool Carrier for Eelectrician/Construction Work with Molded Base and Combination Lock, Black","LOKASS","FBA","Tools & Home Improvement",75668,"N/A","N/A","N/A","N/A","Tool Bags",300,119.99,-23,312,11,22,28990.62,1311.17,638,4.3,"KAKA®","China",1,4884,-58,"Large Standard-Size",7.76,12.32,16.26,6.55,782.65,2159.04,"04/30/2024",34,9,10,0.49
"https://amazon.com/dp/B0CH4SJRZT","https://m.media-amazon.com/images/I/81hzZ082trL._SX450_.jpg","B0CH4SJRZT","Tool Bag Backpack, 75 Pockets & Loops Heavy Duty Tools Organizer Bags/HVAC Tool Carrier for Eelectrician/Construction Work with Molded Base and Combination Lock, Large, Grey","LOKASS","FBA","Tools & Home Improvement",75668,"N/A","N/A","N/A","N/A","Tool Bags",300,99.99,-12,312,21,22,28990.62,1993.98,638,4.3,"KAKA®","China",1,4884,-58,"Large Standard-Size",7.68,12.68,15.83,5.86,776.13,2141.06,"04/30/2024",31,9,10,0.49
"https://amazon.com/dp/B0CFPGZSQX","https://m.media-amazon.com/images/I/91qbdMPVj3L._SX450_.jpg","B0CFPGZSQX","Tool Bag Backpack with 2 Canvas Tool Pouch Tool Kit, 75 Pockets & Loops Heavy Duty Tools Organizer/HVAC Tool Carrier for Eelectrician/Construction Work with Molded Base and Combination Lock, Brown","LOKASS","FBA","Tools & Home Improvement",75671,"N/A","N/A","N/A","N/A","Tool Bags",301,119.99,-22,312,10,22,28990.62,1159.45,638,4.3,"KAKA®","China",1,4884,-58,"Large Standard-Size",7.5,12,15,6.3,679.69,1875,"04/30/2024",31,9,10,0.49
"https://amazon.com/dp/B0BRK22YJ6","https://m.media-amazon.com/images/I/91ASEm-UtOL._SX450_.jpg","B0BRK22YJ6","Tool Bag Backpack, 75 Pockets & Loops Heavy Duty Tools Organizer Bags/HVAC Tool Carrier for Eelectrician/Construction Work with Molded Base and Combination Lock, Large, Black and Orange","LOKASS","FBA","Tools & Home Improvement",75733,"N/A","N/A","N/A","N/A","Tool Bags",301,99.99,-35,312,240,22,28990.62,21870.87,638,4.3,"KAKA®","China",1,4884,-58,"Large Standard-Size",6,12,14.75,6.25,534.69,1475,"04/30/2024",40,8,10,0.49
"https://amazon.com/dp/B0G8HFTBMT","https://m.media-amazon.com/images/I/913xq3wMYsL._SX450_.jpg","B0G8HFTBMT","Tool Backpack, HVAC Tool Bag with Molded Base, Full Opening Electrician Tool Backpack for Men Heavy Duty, Tools Organizer Bags for Jobsite Work Handyman, Large Pockets & Combination Lock","Srotek","FBA","Tools & Home Improvement",76345,"N/A","N/A","N/A","N/A","Tool Bags",309,109.99,-95,4,7,,616.29,771.46,1,5,"ER DONG LIN KE JI","China",1,0,"N/A","Large Standard-Size",7.76,13.39,16.66,5.75,871.55,2404.28,"02/28/2026",21,7,4,4.43
"https://amazon.com/dp/B0FH25B97K","https://m.media-amazon.com/images/I/71Xgus-H5YL._SX450_.jpg","B0FH25B97K","TACTICAL_GEEK Crossbody Shoulder Bag, Multipurpose Daypack, Chest Backpack Casual Sling Bag for Men & Women (L3C-Grey)","TACTICAL_GEEK","FBA","Tools & Home Improvement",76352,"N/A","N/A","N/A","N/A","Tool Bags",306,54.99,-18,216,15,118,13207.86,820.08,192,4.5,"TACTICAL GEEK-US","China",1,1630,96,"Large Standard-Size",2.17,8.03,11.77,0.84,103.26,284.85,"02/28/2026",8,8,17,1.12
"https://amazon.com/dp/B0CQL4DXCL","https://m.media-amazon.com/images/I/81XE-doOszL._SX450_.jpg","B0CQL4DXCL","OUUTMEE Tool Backpack, 17''Work Tool Bag with Multi-Use Pockets, Tools Backpack for Repairman, Electrician, Handyman, Tool Backpack for Men, Water-Resistant Backpack Tool Bag with Hard Bottomwith","OUUTMEE","FBA","Tools & Home Improvement",76525,"N/A","N/A","N/A","N/A","Tool Bags",308,33.99,-16,155,88,57,5276.77,2915.07,101,4.6,"Ouutmee","China",1,1417,"N/A","Large Standard-Size",4.76,9.02,15.83,3.66,342.19,943.98,"07/31/2025",27,7,4,1.53
"https://amazon.com/dp/B07NDMH2Q2","https://m.media-amazon.com/images/I/91toHmYP6AL._SX450_.jpg","B07NDMH2Q2","Tech Pac MC Backpack Tool Bag","Veto","FBM","Tools & Home Improvement",77159,851578000455,"N/A",0851578000455,"N/A","Tool Bags",313,289.95,-21,136,109,36,41058.02,31685.3,403,4.7,"a1-Components","USA",6,1751,-9,"Large bulky",9.33,16.42,21.85,8.14,"N/A","N/A","11/30/2024",86,3,4,0.34
"https://amazon.com/dp/B0CQXC13FX","https://m.media-amazon.com/images/I/8159IWNGCCL._SX450_.jpg","B0CQXC13FX","HODRANT Cleaning Backpack with Bottom Plate & Waterproof Bottom, Large Supplies Bag with Multiple Pockets for Housekeeping Tools, Cleaning Products Caddy Organizer for Home & Car","HODRANT","FBA","Tools & Home Improvement",79862,"N/A","N/A","N/A","N/A","Tool Bags",325,43.99,-12,161,161,-2,7001.42,7001.27,174,4.8,"HODRANT DIRECT","Hong Kong",1,1662,24,"Large Standard-Size",4.96,10.04,13.3,2.36,333.46,919.89,"09/30/2025",27,7,0,0.92
"https://amazon.com/dp/B0FNBMZBG8","https://m.media-amazon.com/images/I/91yY1LEz0CL._SX450_.jpg","B0FNBMZBG8","Tool Backpack Bag, Durable Electrician Backpack Tool Bag for HVAC with Waterproof Molded Base, Construction Work Heavy Duty Tools Organizer Bags with Combination Lock Large - Pink","RIFESI","FBA","Tools & Home Improvement",81333,"N/A","N/A","N/A","N/A","Tool Bags",334,99.99,-29,198,12,499,17175.25,1169.23,81,4.6,"NIU JIAN KE JI","China",1,0,"N/A","Large Standard-Size",1,1,1,1,0.5,1.39,"02/28/2026",7,8,15,2.44
"https://amazon.com/dp/B082GM9RWZ","https://m.media-amazon.com/images/I/81U9SJe4K0L._SX450_.jpg","B082GM9RWZ","Justzon Backpack Tool Bag with Padded Back Support Heavy Duty Tool Kit Carrier Storage Bags for Electrician, Plumber, HVAC, Cable Repairman","Justzon","FBA","Tools & Home Improvement",82102,767087224285,"N/A",0767087224285,"N/A","Tool Bags",336,37.99,-4,87,13,35,3233.61,501.73,1215,4.5,"Justzon","China",1,1112,-45,"Large Standard-Size",3.78,13.99,17.87,3.33,475.78,1312.51,"11/30/2024",75,9,2,0.07
"https://amazon.com/dp/B08B56MDVX","https://m.media-amazon.com/images/I/81E+adTgD5L._SX450_.jpg","B08B56MDVX","Justzon Backpack Tool Bag with Padded Back Support Heavy Duty Tool Kit Carrier Storage Bags for Electrician, Plumber, HVAC, Cable Repairman","Justzon","FBA","Tools & Home Improvement",82102,757173843193,"N/A",0757173843193,"N/A","Tool Bags",336,36.99,-3,87,74,35,3233.61,2731.62,1215,4.5,"Justzon","China",1,1112,-45,"Large Standard-Size",2.05,13.62,16.89,3.57,237.43,654.98,"11/30/2024",69,9,2,0.07
"https://amazon.com/dp/B0C7XG7QG2","https://m.media-amazon.com/images/I/813b4-C+k1L._SX450_.jpg","B0C7XG7QG2","SwissGear Tool Bag Backpack, Fits Up to 15-Inch Laptop, Work Pack, Black/Brown Canvas","SwissGear","Amazon","Tools & Home Improvement",83201,721427040430,00721427040430,0721427040430,"N/A","Tool Bags",341,98.58,20,117,12,-67,17827.71,1139.24,1155,4.4,"Amazon","N/A",3,1817,-45,"Large bulky",4.7,15,18.3,3.45,"N/A","N/A","05/31/2024",1,7,5,0.1
"https://amazon.com/dp/B07QFXL16H","https://m.media-amazon.com/images/I/9188gezpPZL._SX450_.jpg","B07QFXL16H","SwissGear Tool Bag Backpack, Fits Up to 15-Inch Laptop, Work Pack, Black","SwissGear","Amazon","Tools & Home Improvement",83201,721427029619,"N/A",0721427029619,"N/A","Tool Bags",341,82.02,39,117,13,-67,17827.71,1184.06,1155,4.4,"Amazon","N/A",2,1817,-45,"Large bulky",4.5,15.5,19,3.65,"N/A","N/A","05/31/2024",1,8,5,0.1
"https://amazon.com/dp/B07N141974","https://m.media-amazon.com/images/I/91uuMGb8gFL._SX450_.jpg","B07N141974","SwissGear Tool Bag Backpack, Fits Up to 17-Inch Laptop, Work Pack PRO, Black","SwissGear","Amazon","Tools & Home Improvement",83213,721427030912,"N/A",0721427030912,"N/A","Tool Bags",341,163.22,37,117,57,-67,17827.71,9404.39,1155,4.4,"Amazon","N/A",1,1817,-45,"Large bulky",9.29,17.48,20.31,5.59,"N/A","N/A","05/31/2024",1,9,5,0.1
"https://amazon.com/dp/B0DSZ1T2X1","https://m.media-amazon.com/images/I/91yecI8ElpL._SX450_.jpg","B0DSZ1T2X1","Marscamd Tool Backpack with Hard Bottom and a Tool Pouch, Heavy Duty Tool Bag with Multiple Pockets and Laptop Sleeve, Black","Marscamd","FBA","Tools & Home Improvement",83245,"N/A","N/A","N/A","N/A","Tool Bags",343,69.99,-19,138,138,-6,9626.06,9624.57,89,4.6,"MARSCAMD US","Hong Kong",1,2174,"N/A","Large Standard-Size",7.99,10.71,15,5.97,646.25,1782.77,"11/30/2025",14,9,0,1.55
"https://amazon.com/dp/B0931VCBYM","https://m.media-amazon.com/images/I/51tvCptMaZL._SX450_.jpg","B0931VCBYM","VETO TECH PAC MC BLACKOUT BACKPACK TOOL BAG","Veto","FBM","Tools & Home Improvement",83285,851578001551,"N/A",0851578001551,"N/A","Tool Bags",342,329.95,5,136,14,36,41058.02,4655.93,402,4.7,"a1-Components","USA",3,1751,-9,"Large bulky",8.86,17.91,22.6,9.63,"N/A","N/A","11/30/2024",59,5,4,0.34
"https://amazon.com/dp/B0DQDDS1B1","https://m.media-amazon.com/images/I/81DJvXmR26L._SX450_.jpg","B0DQDDS1B1","OUUTMEE Tool Backpack, 17''Work Tool Bag with Multi-Use Pockets, Tools Backpack for Repairman, Electrician, Handyman, Tool Backpack for Men, Water-Resistant Backpack Tool Bag with Hard Bottomwith","OUUTMEE","FBA","Tools & Home Improvement",83322,"N/A","N/A","N/A","N/A","Tool Bags",343,33.99,-13,155,14,57,5276.77,483.62,101,4.6,"Ouutmee","China",1,1417,"N/A","Large Standard-Size",4.02,8.27,15.86,3.75,265.47,732.32,"07/31/2025",15,7,4,1.53
"https://amazon.com/dp/B0DQDCK9M4","https://m.media-amazon.com/images/I/81q4rG4PZzL._SX450_.jpg","B0DQDCK9M4","OUUTMEE Tool Backpack, 17''Work Tool Bag with Multi-Use Pockets, Tools Backpack for Repairman, Electrician, Handyman, Tool Backpack for Men, Water-Resistant Backpack Tool Bag with Hard Bottomwith","OUUTMEE","FBA","Tools & Home Improvement",83479,"N/A","N/A","N/A","N/A","Tool Bags",342,35.99,-14,155,36,57,5276.77,1306.76,101,4.6,"Ouutmee","China",1,1417,"N/A","Large Standard-Size",15,9,4,3.8,271.88,750,"07/31/2025",15,7,4,1.53
"https://amazon.com/dp/B0F2H7X4YJ","https://m.media-amazon.com/images/I/71ma-EaheWL._SX450_.jpg","B0F2H7X4YJ","Tool Bag Backpack, HVAC Heavy Duty Construction Tools Backpack for Men, Large Interior Durable Electricians Work Tool Back pack Organizer with Molded Base & Combination Lock for Plumbers & Home Repair","RIFESI","FBA","Tools & Home Improvement",83558,"N/A","N/A","N/A","N/A","Tool Bags",345,109.99,-11,198,5,499,17175.25,577.24,81,4.6,"NIU JIAN KE JI","China",1,0,"N/A","Large Standard-Size",7.8,12.76,17.91,5.49,897.46,2475.76,"02/28/2026",12,8,15,2.44
"https://amazon.com/dp/B0C7WZY91K","https://m.media-amazon.com/images/I/61SQ9cVhioL._SX450_.jpg","B0C7WZY91K","SwissGear Tool Bag Backpack, Fits Up to 17-Inch Laptop, Work Pack PRO, Brown Canvas","SwissGear","Amazon","Tools & Home Improvement",85379,721427040447,"N/A",0721427040447,"N/A","Tool Bags",348,155.44,15,117,6,-67,17827.71,1050.82,1155,4.4,"Amazon","N/A",1,1817,-45,"Large bulky",9.06,15.35,18.5,5.56,"N/A","N/A","05/31/2024",1,7,5,0.1
"https://amazon.com/dp/B0F2HLHJ1T","https://m.media-amazon.com/images/I/719ZzB6sk6L._SX450_.jpg","B0F2HLHJ1T","Tool Backpack,Heavy Duty Tool Bags for Men,Tool Storage Organizer Bag With 3 Tool Pouches for Electrician/Industrial/Construction/Tactical/Hvac Techs/Repairman Work","RUCYEN","FBA","Tools & Home Improvement",90335,"N/A","N/A","N/A","N/A","Tool Bags",379,36.99,-32,79,79,-46,2975.79,2975.68,31,4.3,"RUCYEN","China",1,0,"N/A","Large Standard-Size",5.91,9.45,13.5,2.76,379.6,1047.18,"11/30/2025",12,6,0,2.53
"https://amazon.com/dp/B081BRL966","https://m.media-amazon.com/images/I/61CvPq5n2XL._SX450_.jpg","B081BRL966","Klein Tools 55482 Tool Bag Backpack, Heavy Duty Tradesman Pro Tool Organizer with 21 Pockets and Large Interior, Water Resistant","KLEIN TOOLS","Amazon","Tools & Home Improvement",91245,092644554827,00092644554827,0092644554827,"N/A","Tool Bags",381,109.99,-27,52,75,,5696.03,8282.77,1582,4.8,"Amazon","N/A",6,0,"N/A","Large bulky",10,15,20,7.25,"N/A","N/A","02/28/2026",76,13,0,0.03
"https://amazon.com/dp/B07L39YCS5","https://m.media-amazon.com/images/I/81T2CCZjFNL._SX450_.jpg","B07L39YCS5","Milwaukee Backpack JOBSITE 48 Pckts 15IN 48-22-8301","Milwaukee","FBM","Tools & Home Improvement",95441,766210991858,00045242531684,0766210991858,"N/A","Tool Bags",394,133,-35,109,109,-79,14373.89,14373.75,929,4.7,"Globally Sourcing","USA",24,2336,-3,"Large bulky",9,15,18,6.75,"N/A","N/A","11/30/2024",88,1,0,0.12
"https://amazon.com/dp/B0CCNMWB7Q","https://m.media-amazon.com/images/I/51zyqq2SnwL._SX450_.jpg","B0CCNMWB7Q","AIRAJ PRO Tool Backpack,17""Heavy Duty Tool Backpack Bag with Waterproof Molded Base,Durable Multi-Use Pocket Electrician & Industrial & Construction Work Backpack,Black/Yellow","AIRAJ PRO","FBA","Tools & Home Improvement",101050,"N/A","N/A","N/A","N/A","Tool Bags",422,34.99,-9,110,110,47,3835.08,3834.92,327,4.6,"AIRAJ PRO TOOL","China",1,846,-85,"Large Standard-Size",5.2,9.6,15.8,3.75,397.11,1095.47,"02/28/2025",32,6,0,0.34
"https://amazon.com/dp/B07W7S6QYT","https://m.media-amazon.com/images/I/91NRpd8bZ9L._SX450_.jpg","B07W7S6QYT","Crescent Tool Bag Backpack | CTB1000","Crescent","FBA","Tools & Home Improvement",101228,037103379559,00037103329943,0037103379559,"N/A","Tool Bags",425,130.17,13,98,68,-55,11532.42,8963.48,1193,4.6,"Vera Tools","USA",3,3065,-15,"Large bulky",9,14.2,18.55,8.25,768.13,1920.34,"11/30/2024",80,10,7,0.08
"https://amazon.com/dp/B0B9FPGSBH","https://m.media-amazon.com/images/I/81lvYK2edlL._SX450_.jpg","B0B9FPGSBH","ARCCAPTAIN Welding Tools Backpack, Large Capacity Tactical Welding Helmet Tool Bag Hiking Laptop Outdoor Multipurpose Backpacks for Men women, Ultra Light and Black","ARCCAPTAIN","FBA","Tools & Home Improvement",103267,"N/A","N/A","N/A","N/A","Tool Bags",431,69.99,-29,74,74,18,5188.56,5187.7,107,4.6,"ARCCAPTAIN","China",1,953,"N/A","Large bulky",6,15.3,17.1,2.7,508.73,1271.81,"11/30/2025",43,7,0,0.69
"https://amazon.com/dp/B0DJLK99VJ","https://m.media-amazon.com/images/I/81WmYaQ-NbL._SX450_.jpg","B0DJLK99VJ","WELKINLAND 90-Pockets Electrician Backpack, Wax-Canvas Tool Backpacks Heavy Duty, Convenient Work Tool Back pack With Pockets","WELKINLAND","FBA","Tools & Home Improvement",103345,"N/A","N/A",6976400040141,"N/A","Tool Bags",430,95.98,-15,73,73,20,6777.25,6777.09,77,4.4,"WKD Outdoor Gear NA","China",1,923,"N/A","Large Standard-Size",5.91,13.82,17.48,5.69,718.81,1982.92,"04/30/2025",18,9,0,0.94
"https://amazon.com/dp/B0F8VFB17G","https://m.media-amazon.com/images/I/81Ec+SvYSOL._SX450_.jpg","B0F8VFB17G","BAGZY Tool Bag Backpack for Men Tool Backpack Heavy Duty with Laptop Compartment Waterproof Electrician Backpacks With USB Port for Repairman Industrial & Construction Work Storage Organization Black","BAGZY","FBA","Tools & Home Improvement",104247,"N/A","N/A","N/A","N/A","Tool Bags",438,59.99,"N/A",92,0,164,5366.28,"-",97,4.2,"BAGZY","China",0,1052,"N/A","Large Standard-Size",7.01,13.19,16.77,5.45,780.68,2153.59,"02/28/2025",10,6,7,1
"https://amazon.com/dp/B0DLKPXTN6","https://m.media-amazon.com/images/I/81vDMqCJ67L._SX450_.jpg","B0DLKPXTN6","Backpack Tool Bag with Wheel, Rolling Tool Backpack for Electrician Heavy Duty Roller Tool Bag on Wheel for Construction Work, 75 Pockets & Loops Tool Backpack with Molded Base and Lock - Brown","BUGARORE","FBA","Tools & Home Improvement",105970,"N/A","N/A","N/A","N/A","Tool Bags",445,149.99,-6,79,10,-37,11273.91,1436.52,139,4.5,"HE WEI MEI","China",1,1688,"N/A","Large bulky",7.25,14.67,19.1,5.24,658.33,1645.83,"12/31/2024",17,9,3,0.57
"https://amazon.com/dp/B0DLKP3BJ8","https://m.media-amazon.com/images/I/91kh2iF5OBL._SX450_.jpg","B0DLKP3BJ8","Backpack Tool Bag with Wheel, Rolling Tool Backpack for Electrician Heavy Duty Roller Tool Bag on Wheel for Construction Work, 75 Pockets & Loops Tool Backpack with Molded Base and Lock - Grey","BUGARORE","FBA","Tools & Home Improvement",105970,"N/A","N/A","N/A","N/A","Tool Bags",445,149.99,-14,79,10,-37,11273.91,1436.7,137,4.5,"HE WEI MEI","China",1,1688,"N/A","Large bulky",10.5,16,23,9.25,1252.22,3130.56,"12/31/2024",17,9,3,0.57
"https://amazon.com/dp/B0FMF4X8RV","https://m.media-amazon.com/images/I/912dtm5J11L._SX450_.jpg","B0FMF4X8RV","The Ryker Bag ProStand with 26-Pocket Foldable Standing Tool Organizer, Heavy-Duty Portable Tool Stand Gifts for Dad for Electricians, Technicians, HVAC Service Backpack, Handymen, Welders & DIYers","The Ryker Bag","FBA","Tools & Home Improvement",113234,850053595264,"N/A",0850053595264,"N/A","Tool Bags",475,9.79,-63,80,11,154,6614.09,107.77,42,4.9,"RYKER BAG LLC","USA",1,0,"N/A","Large Standard-Size",1.93,11.61,14.68,2.01,165.61,456.86,"11/30/2025",5,3,3,1.9
"https://amazon.com/dp/B0FMF8QW8M","https://m.media-amazon.com/images/I/91JcMMwW3HL._SX450_.jpg","B0FMF8QW8M","The Ryker Bag 48-Pocket Tool Backpack – Heavy-Duty, Water-Resistant Tool Organizer w/Padded Straps, Reinforced Base Bagpack Gifts for Him for Electricians, Contractors, Plumbers & Installers","The Ryker Bag","FBA","Tools & Home Improvement",113235,850053595240,"N/A",0850053595240,"N/A","Tool Bags",475,95.49,-20,80,42,154,6614.09,3859.63,42,4.9,"RYKER BAG LLC","USA",1,0,"N/A","Large bulky",9.76,15.87,20.04,6.34,1006.05,2515.11,"11/30/2025",5,4,3,1.9
"https://amazon.com/dp/B098MR874X","https://m.media-amazon.com/images/I/51yn63m8PxL._SX450_.jpg","B098MR874X","Klein Tools 80038 Backpack Tool Kit, Tradesman Pro Backpack, Zipper Tool Bags, and Magnetizer, 4-Piece","KLEIN TOOLS","Amazon","Tools & Home Improvement",118240,092644800382,00092644800382,0092644800382,"N/A","Tool Bags",501,109.99,-37,75,75,-31,8282.78,8281.91,767,4.7,"Amazon","N/A",2,1200,-17,"Large bulky",11.42,14.57,20.47,8.73,"N/A","N/A","11/30/2024",57,13,0,0.1
"https://amazon.com/dp/B0FM3QJVHG","https://m.media-amazon.com/images/I/81L4VPX8dUL._SX450_.jpg","B0FM3QJVHG","WELKINLAND 70Pockets HVAC Tool Backpack With Tool Roll, 4-Piece Electrical Backpack With Tools Roll Bags, Hard Bottom Electrician Back Pack, Tools Back Pack For Men Heavy Duty","WELKINLAND","FBA","Tools & Home Improvement",120744,"N/A",06976400040448,"N/A","N/A","Tool Bags",516,108.79,-14,161,161,-13,17481.99,17481.83,51,4.1,"WKD Outdoor Gear NA","China",1,0,"N/A","Large Standard-Size",7.83,13.27,17.2,6.7,900.41,2483.88,"10/31/2025",7,9,0,3.15
"https://amazon.com/dp/B09PZN8H1Z","https://m.media-amazon.com/images/I/41aRgZBmk9L._SX450_.jpg","B09PZN8H1Z","WELKINLAND 72Pockets Rolling Tool backpack, Large tool bag with wheels, Rolling Electrician bag with wheels for men","WELKINLAND","FBA","Tools & Home Improvement",122254,787823088582,"N/A",0787823088582,"N/A","Tool Bags",520,129.98,-20,71,71,29,9162.3,9161.47,496,4.2,"WKD Outdoor Gear NA","China",1,781,-47,"Large bulky",8.74,16.22,22.56,10.16,1036.27,2590.67,"07/31/2024",50,9,0,0.14
"https://amazon.com/dp/B0FF99S61N","https://m.media-amazon.com/images/I/71H8qX3UaeL._SX450_.jpg","B0FF99S61N","MELOTOUGH Small Tool Backpack for Men 30 Multi-Storage Pockets Heavy Duty Tool Bag Backpack with Dual-Form Shoulder Strap for Electrician, HVAC, Technician - Water Resistant (Yellow)","MELOTOUGH","FBA","Tools & Home Improvement",122896,"N/A","N/A","N/A","N/A","Tool Bags",521,47.99,-13,65,19,-44,3201.14,930.02,23,4,"MeloTough","China",1,0,"N/A","Large Standard-Size",4.33,12.64,15.04,2.91,414.44,1143.27,"01/31/2026",9,9,3,2.82
"https://amazon.com/dp/B07SZSDQYL","https://m.media-amazon.com/images/I/61VqpmHXLPL._SX450_.jpg","B07SZSDQYL","ROLLINGDOG Painter Backpack - Heavy Duty Multifunctional Tool Backpack Fits All the Painting and DIY Tool In,Easy to Carry Tool Organizers","ROLLINGDOG","FBA","Tools & Home Improvement",123012,"N/A","N/A","N/A","N/A","Tool Bags",523,73.99,-44,28,28,31,2058.37,2057.96,119,4.5,"ROLLINGDOG Tools","China",1,248,114,"Large bulky",7.5,15.8,19,4.45,729.65,1824.13,"10/31/2025",81,7,0,0.24
"https://amazon.com/dp/B0DJQZTM7T","https://m.media-amazon.com/images/I/81C2LntFaUL._SX450_.jpg","B0DJQZTM7T","Rexmica Tool Bag Backpack with 3 Tool Zipper Pouch, Tool Organizer Bag for Men with Padded Support, Tactical Tool Storage Work Bag for Repairman, Electrician, Handyman, Black (Patented Design)","Rexmica","FBA","Tools & Home Improvement",123090,"N/A","N/A","N/A","N/A","Tool Bags",523,54.99,-17,51,51,-12,2822.92,2822.81,91,4.3,"Lujin Direct","China",1,1234,"N/A","Large Standard-Size",5.24,10.16,14.37,2.67,385.17,1062.55,"11/30/2024",17,9,0,0.56
"https://amazon.com/dp/B0DLB7188Y","https://m.media-amazon.com/images/I/71Z7DBx+YtL._SX450_.jpg","B0DLB7188Y","Tool-Backpack with Pockets - Heavy-Duty Multi-use Tools Backpack Blue","DENTOYOU","FBA","Tools & Home Improvement",123154,"N/A","N/A","N/A","N/A","Tool Bags",522,21.98,-23,75,75,-23,1657.3,1656.4,45,4.2,"DENTOYOU","China",1,0,"N/A","Large bulky",3.74,14.13,16.85,2.56,288.57,721.44,"10/31/2025",17,6,2,1.68
"https://amazon.com/dp/B0FF8YFPWC","https://m.media-amazon.com/images/I/71uwOCQ4TUL._SX450_.jpg","B0FF8YFPWC","MELOTOUGH Small Tool Backpack for Men 30 Multi-Storage Pockets Heavy Duty Tool Bag Backpack with Dual-Form Shoulder Strap for Electrician, HVAC, Technician - Water Resistant (Grey)","MELOTOUGH","FBA","Tools & Home Improvement",123208,"N/A","N/A","N/A","N/A","Tool Bags",522,49.99,-29,65,36,-44,3201.14,1801.2,23,4,"MeloTough","China",1,0,"N/A","Large Standard-Size",5.2,12.17,14.41,2.84,458.66,1265.26,"01/31/2026",9,9,3,2.82
"https://amazon.com/dp/B0FD43ZYPR","https://m.media-amazon.com/images/I/61pOY-6ejxL._SX450_.jpg","B0FD43ZYPR","Bobcat 2-in-1 Rolling Tool Bag with Organizer & EVA Pocket - Premium Tools Backpack Heavy Duty with Wheels -Tool Bags Built for Durability, Smart Storage for Technician,Electrician,Construction","CJ TECH","FBA","Tools & Home Improvement",123723,810164711694,"N/A",0810164711694,"N/A","Tool Bags",526,98.99,-21,46,21,9,3152.27,1876.59,24,4.1,"Global Wholesale US","USA",1,0,"N/A","Large bulky",9,13,21,8,796.25,1990.63,"01/31/2026",9,7,2,1.93
"https://amazon.com/dp/B0FXLPYFWX","https://m.media-amazon.com/images/I/81mmLSvY7cL._SX450_.jpg","B0FXLPYFWX","Tool Backpack for Men, Heavy Duty Tool Bag with Removable Tool Organizer, Durable Water-Resistant Work Backpack, Upgrade(Black & Yellow)","LASUK","FBA","Tools & Home Improvement",124812,"N/A","N/A","N/A","N/A","Tool Bags",531,35.14,-25,50,27,,1859.95,969.49,9,4.3,"Lasuk","China",1,0,"N/A","Large Standard-Size",4.92,12.01,14.77,3.3,439.4,1212.15,"02/28/2026",5,8,3,5.54
"https://amazon.com/dp/B09MC8DFKT","https://m.media-amazon.com/images/I/811HAsMakGL._SX450_.jpg","B09MC8DFKT","Ergodyne Arsenal 5188 Work Gear Jobsite Backpack with Hard Hat Storage, Padded Shoulder Straps, 39L Capacity,Black, Large","Ergodyne","Amazon","Tools & Home Improvement",125300,720476131885,"N/A",0720476131885,"N/A","Tool Bags",531,77.99,-28,54,54,4,4182.88,4182.2,85,4.4,"Amazon","N/A",4,585,17,"Large bulky",2.68,15.27,21.06,2.25,"N/A","N/A","01/31/2026",52,7,0,0.63
"https://amazon.com/dp/B0FF9KQM38","https://m.media-amazon.com/images/I/41iFtjMdbJL._SX450_.jpg","B0FF9KQM38","MELOTOUGH Small Tool Backpack for Men 30 Multi-Storage Pockets Heavy Duty Tool Bag Backpack with Dual-Form Shoulder Strap for Electrician, HVAC, Technician - Water Resistant (Red)","MELOTOUGH","FBA","Tools & Home Improvement",127271,"N/A","N/A","N/A","N/A","Tool Bags",537,49.99,-25,65,9,-44,3201.14,469.58,25,4.1,"MeloTough","China",1,0,"N/A","Large Standard-Size",4.33,12.48,14.53,2.93,395.32,1090.52,"01/31/2026",9,9,3,2.59
"https://amazon.com/dp/B0B154RL29","https://m.media-amazon.com/images/I/81Vry0VZs3L._SX450_.jpg","B0B154RL29","YESWELDER Welding Backpack, Large Capacity Professional Welding Tool Bag with Helmetcatch, Multipurpose Heavy Duty Welder Bag for Travel Hiking and Outdoor Activities","YESWELDER","FBA","Tools & Home Improvement",129093,"N/A","N/A","N/A","N/A","Tool Bags",543,69.99,-19,104,104,-28,6305.23,6304.76,407,4.6,"YESWELDER","China",1,1643,-15,"Large bulky",8.31,13.5,17.56,5.35,638.42,1596.04,"10/31/2024",46,6,2,0.25
"https://amazon.com/dp/B0DN6SLXCS","https://m.media-amazon.com/images/I/81pbwLW+siL._SX450_.jpg","B0DN6SLXCS","BAGZY Tool Backpack Heavy Duty 52 Pockets Tool Bag Backpack for Men Waterproof Electrician Bags with Laptop Compartment for Storage Organization Repairman Industrial & Construction Work Red","BAGZY","FBA","Tools & Home Improvement",132232,"N/A","N/A","N/A","N/A","Tool Bags",563,59.99,-18,92,25,164,5366.28,1444.19,94,4.2,"BAGZY","China",1,1052,"N/A","Large Standard-Size",7.32,13.11,17.13,5.45,827.65,2283.17,"02/28/2025",16,6,7,0.97
"https://amazon.com/dp/B0FFMNC6C8","https://m.media-amazon.com/images/I/917TM+HcluL._SX450_.jpg","B0FFMNC6C8","WELKINLAND 36-Pockets Electrician Backpack, Hard-Based HVAC Backpacks, Waxed-Canvas Technician Backpack, Heavy-Duty Tool Backpacks For Men","WELKINLAND","FBA","Tools & Home Improvement",133561,"N/A",06976400040363,"N/A","N/A","Tool Bags",562,102.97,-2,80,80,-56,8263.09,8262.96,26,4.5,"WKD Outdoor Gear NA","China",1,0,"N/A","Large bulky",8.15,13.5,17.2,5.18,613.29,1533.22,"11/30/2025",9,9,0,3.09
"https://amazon.com/dp/B0DTBX295R","https://m.media-amazon.com/images/I/81SBjog5R-L._SX450_.jpg","B0DTBX295R","WILAXI PRO Tool Backpack Heavy Duty, Tool Bag Backpack for Men Waterproof Oxford Fabric with Plastic Base, 19IN Large Capacity with 44 Pockets, Padded Back & Straps for All Worksite Environments","WILAXI PRO","FBA","Tools & Home Improvement",134652,"N/A","N/A","N/A","N/A","Tool Bags",582,49.99,-19,41,41,,2044.58,2044.51,29,4.8,"vivish","China",1,492,"N/A","Large Standard-Size",7.2,9.69,15.71,4.52,551.83,1522.3,"01/31/2026",14,7,0,1.41
"https://amazon.com/dp/B0DBPTQNBR","https://m.media-amazon.com/images/I/91s5WKF+RJL._SX450_.jpg","B0DBPTQNBR","WELKINLAND 88-Pockets Waxed- Canvas HAVC Tool Backpack,Heavy-Duty electrician tools backpack,Open-Top technician tool bag backpackTool back pack for construction","WELKINLAND","FBA","Tools & Home Improvement",134924,"N/A","N/A","N/A","N/A","Tool Bags",574,86.88,-7,54,54,-26,4647.93,4647.29,89,4.3,"WKD Outdoor Gear NA","China",1,919,"N/A","Large Standard-Size",4.72,13.19,17.4,6.06,545.91,1505.96,"11/30/2024",20,9,0,0.6
"https://amazon.com/dp/B0D7GFXBYD","https://m.media-amazon.com/images/I/81Ec+SvYSOL._SX450_.jpg","B0D7GFXBYD","BAGZY Tool Backpack Heavy Duty 52 Pockets Tool Bag Backpack for Men Waterproof Electrician Bags with Laptop Compartment for Storage Organization Repairman Industrial & Construction Work, Black","BAGZY","FBA","Tools & Home Improvement",137472,"N/A","N/A","N/A","N/A","Tool Bags",594,59.99,-17,92,43,164,5366.28,2497.01,90,4.2,"BAGZY","China",1,1052,"N/A","Large Standard-Size",7.76,13.35,16.97,5.09,885.12,2441.7,"02/28/2025",21,6,7,1.02
"https://amazon.com/dp/B0DN6S4WW9","https://m.media-amazon.com/images/I/81DQoJSJsBL._SX450_.jpg","B0DN6S4WW9","BAGZY Tool Backpack Heavy Duty 52 Pockets Tool Bag Backpack for Men Waterproof Electrician Bags with Laptop Compartment for Storage Organization Repairman Industrial & Construction Work Blue","BAGZY","FBA","Tools & Home Improvement",137475,"N/A","N/A","N/A","N/A","Tool Bags",594,61.99,-22,92,24,164,5366.28,1424.72,95,4.3,"BAGZY","China",1,1052,"N/A","Large Standard-Size",7.2,13.19,16.61,5.62,794.19,2190.86,"02/28/2025",16,6,7,0.96
"https://amazon.com/dp/B0GKTVVF9J","https://m.media-amazon.com/images/I/81i2I6JBufL._SX450_.jpg","B0GKTVVF9J","Rolling Tool Bag,21"" Tool Bag with Wheels & 18"" Tool Backpack,Waterproof Portable Toolbag Organizer,Adjustable Telescoping Handle,USB Charging Port,55 Pockets,for Mechanics, Electricians, Plumbers","AIRAJ","FBM","Tools & Home Improvement",139466,"N/A","N/A","N/A","N/A","Tool Bags",592,129.99,-11,39,39,,5121.5,5121.38,4,5,"AIRAJ-US","China",1,0,"N/A","N/A","N/A","N/A","N/A","N/A","N/A","N/A","02/28/2026",2,6,0,13.14
"https://amazon.com/dp/B0DTBZMV89","https://m.media-amazon.com/images/I/81F88PRACgL._SX450_.jpg","B0DTBZMV89","WILAXI PRO Heavy Duty Tool Bag Backpack 1680D Waterproof Oxford Fabric with Non-Slip Silicone Base, Multi-Pocket Tool Storage Organizer for Comfortable All-Day Use in Various Worksite Environments","WILAXI PRO","FBA","Tools & Home Improvement",139500,"N/A","N/A","N/A","N/A","Tool Bags",598,36.99,-43,36,36,-4,1273.82,1273.7,26,4.8,"vivish","China",1,0,"N/A","Large Standard-Size",4.5,10,15,3.3,339.84,937.5,"11/30/2025",14,7,0,1.4
"https://amazon.com/dp/B0BH17XSRQ","https://m.media-amazon.com/images/I/61BFoW7PKML._SX450_.jpg","B0BH17XSRQ","Klein Tools 80115 Backpack Kit with Tradesman Pro 39-Pocket Backpack and Electricians Pocket Knife, 2-Piece","KLEIN TOOLS","Amazon","Tools & Home Improvement",141498,092644801150,"N/A",0092644801150,"N/A","Tool Bags",611,106.3,-14,24,24,-64,3044.16,3043.9,241,4.7,"Amazon","N/A",2,1601,-28,"Large bulky",10.75,14.5,20.25,8.4,"N/A","N/A","10/31/2024",42,16,1,0.1
"https://amazon.com/dp/B0D7Q5FV78","https://m.media-amazon.com/images/I/81KbdWU9vrL._SX450_.jpg","B0D7Q5FV78","Backpack Tool Bag with Wheel, Rolling Tool Backpack for Electrician Heavy Duty Roller Tool Bag on Wheel for Construction Work, 75 Pockets & Loops Tool Backpack with Molded Base and Combination Lock","BUGARORE","FBA","Tools & Home Improvement",142479,"N/A","N/A","N/A","N/A","Tool Bags",609,159.99,-19,79,62,-44,11329.46,8796.7,137,4.5,"HE WEI MEI","China",1,1677,"N/A","Large bulky",9,14.5,21,9.6,888.13,2220.31,"12/31/2024",21,9,3,0.57
"https://amazon.com/dp/B099X4GKQ7","https://m.media-amazon.com/images/I/81FJV5Q6o3L._SX450_.jpg","B099X4GKQ7","WELKINLAND 77-Pockets Electricians Tool Backpack, Tool Backpack For Men, HVAC Tools Bag Backpacks, Tools Backpacks For Construction","WELKINLAND","FBA","Tools & Home Improvement",142609,787823088346,"N/A",0787823088346,"N/A","Tool Bags",613,109.86,-11,66,66,-16,7221.67,7221.54,1051,4.3,"WKD Outdoor Gear NA","China",1,842,-44,"Large bulky",8,15,18.3,7.9,711.67,1779.17,"06/30/2024",56,9,0,0.06
"https://amazon.com/dp/B0FN7LCFKS","https://m.media-amazon.com/images/I/81vETXW5dVL._SX450_.jpg","B0FN7LCFKS","AIRAJ 21"" Rolling Tool Bag with Wheels & 18"" Tool Backpack Set | Adjustable Telescoping Handle | Waterproof Tool Bag | Tool Backpack Heavy Duty | 1680D Oxford Cloth | USB Charging Port | 55 Pockets","AIRAJ","FBM","Tools & Home Improvement",143014,"N/A","N/A","N/A","N/A","Tool Bags",613,129.99,45,91,91,,11885.42,11885.3,1021,4.6,"AIRAJ-US","China",1,0,"N/A","N/A","N/A","N/A","N/A","N/A","N/A","N/A","02/28/2026",7,8,4,0.09
"https://amazon.com/dp/B0DN5XFHNV","https://m.media-amazon.com/images/I/417esKfgGlL._SX450_.jpg","B0DN5XFHNV","FLEX STACK PACK Storage System 16-inch Jobsite Backpack - FS1204","FLEX","Amazon","Tools & Home Improvement",143100,195532301234,20195532301238,0195532301234,"N/A","Tool Bags",614,129,"N/A",39,39,,5067.87,5067.8,36,4.3,"Amazon","N/A",1,177,"N/A","Large bulky",14.65,17.6,21.5,7.08,"N/A","N/A","02/28/2025",27,7,0,1.09
"https://amazon.com/dp/B0FBV7FYGP","https://m.media-amazon.com/images/I/81mbTSN9E1L._SX450_.jpg","B0FBV7FYGP","WELKINLAND-70Pockets HVAC Backpack, Heavy-Duty Electrician Tool Backpack, Hard Bottom Tool Bag Backpacks For Men, Waterproof Tool Backpacks Man Construction","WELKINLAND","FBA","Tools & Home Improvement",143151,"N/A",06976400040325,"N/A","N/A","Tool Bags",616,98.88,-22,77,77,-18,7587.57,7586.67,48,4.5,"WKD Outdoor Gear NA","China",1,0,"N/A","Large Standard-Size",7.8,13.11,17.4,5.22,895.82,2471.24,"08/31/2025",10,9,0,1.6
"https://amazon.com/dp/B07Q47VX99","https://m.media-amazon.com/images/I/71hv5JcGreL._SX450_.jpg","B07Q47VX99","KANGLIFEN 15.7 inch ESD anti-static clear pvc backpack,cleanroom engineer tool bag computer bag engineer put computer tool working in semiconductor cleanroooms 0ne pieces","KANGLIFEN","FBA","Tools & Home Improvement",144983,738595509041,"N/A",0738595509041,"N/A","Tool Bags",628,33.25,-23,60,60,,1988.6,1988.51,37,4.6,"Qiao Lian Qiao Golabal PVC Shop","China",2,0,"N/A","Large Standard-Size",2.52,9.57,17.13,1.65,207.99,573.77,"02/28/2026",53,6,2,1.62
"https://amazon.com/dp/B0FS6RRP5V","https://m.media-amazon.com/images/I/91yzRriaHiL._SX450_.jpg","B0FS6RRP5V","VEAPILS Overflow Pouches, Mesh Zipper Pouch for Tactical Gear, Backpack Organizer Pouch Small EDC Tool Kits for Outdoor Travel, Tactical Bag Organizer Insert - Backpack Accessories (Small - 2 Pack)","VEAPILS","FBA","Tools & Home Improvement",147613,"N/A","N/A","N/A","N/A","Tool Bags",633,20.4,-30,32,17,-39,649.41,371.48,27,4.8,"Veapils","China",1,0,"N/A","Large Standard-Size",1.38,5.51,8.74,0.22,33.46,92.3,"12/31/2025",6,5,2,1.18
"https://amazon.com/dp/B0BL1QZ9ZC","https://m.media-amazon.com/images/I/71XOz6YokEL._SX450_.jpg","B0BL1QZ9ZC","Klein Tools 55604 Rolling Tool Backpack, Tool Bag with 28 Pockets, Heavy Duty Retractable Handle, Large Storage Interior, 3-Inch Wheels","KLEIN TOOLS","Amazon","Tools & Home Improvement",147872,092644556043,00092644556043,0092644556043,"N/A","Tool Bags",640,163.35,-48,87,87,54,11854.18,11854.06,176,3.9,"Amazon","N/A",8,947,22,"Large bulky",11,17,26,17.1,"N/A","N/A","03/31/2025",41,13,1,0.5
"https://amazon.com/dp/B00BC22EFY","https://m.media-amazon.com/images/I/41K6gMbgMbL._SX450_.jpg","B00BC22EFY","Klein Tools 5185ORA Tool Bag Backpack, Made in USA, Lineman Backpack, Adjustable Padded Shoulder Straps, Double-Stitched Bottom with Drain Holes, Orange","KLEIN TOOLS","Amazon","Tools & Home Improvement",148900,092644621376,00092644621376,0092644621376,"N/A","Tool Bags",643,158.14,-40,35,35,116,5502.94,5502.5,82,4.6,"Amazon","N/A",5,323,181,"Large bulky",8.25,20,24,5.6,"N/A","N/A","01/31/2026",158,8,0,0.42
"https://amazon.com/dp/B0FH1FLN5X","https://m.media-amazon.com/images/I/81KYhUZLwsL._SX450_.jpg","B0FH1FLN5X","KSIBNW Tool Backpack, 45-Pockets Heavy Duty for Men Organizer Bags with Laptop Compartment and Charging Port,Durable Tool Carrier for Eelectrician Construction Mechanic Work, Black and Red","KSIBNW","FBA","Tools & Home Improvement",149227,792825181117,"N/A",0792825181117,"N/A","Tool Bags",638,64.99,2,45,6,-37,2807.88,383.7,67,4.2,"KSIBNW-US","China",1,1145,"N/A","Large Standard-Size",7.13,13.27,16.82,5.55,801.24,2210.31,"01/31/2025",8,7,4,0.67
"https://amazon.com/dp/B0FFYG6KJ6","https://m.media-amazon.com/images/I/41MHzADCk4L._SX450_.jpg","B0FFYG6KJ6","VEVOR Tool Backpack, 45 Pockets, Heavy-duty Tools Storage Organizer Work Bags Backpack with Laptop Compartment & Reinforced Fabric Basee, Electrician Jobsite Backpack for Electrician, Repairman","VEVOR","Amazon","Tools & Home Improvement",152016,197988530695,"N/A",0197988530695,"N/A","Tool Bags",653,47.9,23,42,27,,2297.29,1281.08,68,4.8,"Amazon","N/A",3,0,"N/A","Large bulky",5.31,14.96,18.94,5.11,"N/A","N/A","02/28/2026",9,9,2,0.61
"https://amazon.com/dp/B0FHG91WGQ","https://m.media-amazon.com/images/I/71AqklScUSL._SX450_.jpg","B0FHG91WGQ","VEVOR Tool Backpack, 56 Pockets, Heavy-duty Tools Storage Organizer Work Bags Backpack with Laptop Compartment & Molded Base, Electrician Jobsite Backpack for Electrician, Repairman, and HVAC Techs","VEVOR","Amazon","Tools & Home Improvement",152017,197988530572,"N/A",0197988530572,"N/A","Tool Bags",653,69.9,"N/A",42,20,,2297.29,1326.72,68,4.8,"Amazon","N/A",3,0,"N/A","Large bulky",9.25,13.94,18.5,6.97,"N/A","N/A","02/28/2026",8,9,2,0.61
"https://amazon.com/dp/B0CH8BXM9D","https://m.media-amazon.com/images/I/81xHVct-yeL._SX450_.jpg","B0CH8BXM9D","MELOTOUGH Welding Tool Backpack Large Capacity Welding Bag for Tools and Helmet Extreme Gear Pack Multipurpose Welder Storage Backpack(Black)","MELOTOUGH","FBA","Tools & Home Improvement",153029,"N/A","N/A","N/A","N/A","Tool Bags",653,69.99,-20,53,14,-18,3597.98,959.64,48,4.6,"MeloTough","China",1,0,"N/A","Large bulky",6,15,18,5.4,525,1312.5,"07/31/2025",31,8,2,1.09
"https://amazon.com/dp/B0CH8BSDYX","https://m.media-amazon.com/images/I/816zi8y5AzL._SX450_.jpg","B0CH8BSDYX","MELOTOUGH Welding Backpack for Tools and Helmet Welder Backpack Large Capacity Extreme Gear Pack Heavy Duty Welder Storage Bag(Khaki)","MELOTOUGH","FBA","Tools & Home Improvement",153034,"N/A","N/A","N/A","N/A","Tool Bags",654,67.99,-17,53,39,-18,3597.98,2637.55,48,4.6,"MeloTough","China",1,0,"N/A","Large bulky",6.7,15.25,20,5.65,662.25,1655.61,"07/31/2025",31,8,2,1.09
"https://amazon.com/dp/B0F7WMGMSM","https://m.media-amazon.com/images/I/81FLmfAvnWL._SX450_.jpg","B0F7WMGMSM","POWSTR 18 in Heavy-duty Tool Backpack with USB Port,Waterproof Electrician Tool Bag Backpack with 23 Pockets and S-shaped Shoulder Straps Which are Ergonomic for Men, Electrician, Engineer, Technician","POWSTR","FBA","Tools & Home Improvement",155373,"N/A","N/A","N/A","N/A","Tool Bags",668,32.99,-10,59,59,69,1931.89,1931.78,29,4.2,"CHAODAN-US","China",1,0,"N/A","Large Standard-Size",5.51,8.31,16.34,3.81,376.69,1039.14,"11/30/2025",10,7,0,2.02
"https://amazon.com/dp/B0FS6PNJGB","https://m.media-amazon.com/images/I/71xjgRTtr6L._SX450_.jpg","B0FS6PNJGB","VEAPILS Overflow Pouches, Mesh Zipper Pouch for Tactical Gear, Backpack Organizer Pouch Small EDC Tool Kits for Outdoor Travel, Tactical Bag Organizer Insert - Backpack Accessories (Medium - 1 Pack)","VEAPILS","FBA","Tools & Home Improvement",157072,"N/A","N/A","N/A","N/A","Tool Bags",675,17.4,-33,31,14,-52,646.22,272.42,27,4.8,"Veapils","China",1,0,"N/A","Large Standard-Size",1.02,6.46,8.7,0.11,28.86,79.62,"12/31/2025",6,5,2,1.16
"https://amazon.com/dp/B0G3KVJFY2","https://m.media-amazon.com/images/I/81DiPKQHk9L._SX450_.jpg","B0G3KVJFY2","Tool Backpack, Heavy Duty Tool Bag with Removable Tool Organizer, Work Backpack Storage Bag with Padded Shoulder for Electrician, Repairman, Plumber, Hvac Techs","EcoVibe","FBA","Tools & Home Improvement",163108,"N/A","N/A","N/A","N/A","Tool Bags",708,37.99,"N/A",0,3,,"-",97.27,30,4.9,"EcoVibe-US","China",1,0,"N/A","Large Standard-Size",5.63,13.07,17.52,3.33,649.07,1790.55,"12/31/2025",2,7,0,0
"https://amazon.com/dp/B0CNZQT6H5","https://m.media-amazon.com/images/I/61v9VEQj73L._SX450_.jpg","B0CNZQT6H5","QIAOLIANQIAO 16.5 ”Anti-static clear pvc backpack,cleanroom engineer tool bag full cover pvc for put computer tool working in clean room, semiconductor industry","QIAOLIANQIAO","FBA","Tools & Home Improvement",163313,762715652508,"N/A",0762715652508,"N/A","Tool Bags",709,43,-8,31,4,8,1468.52,160.01,66,4.2,"Qiao Lian Qiao Golabal PVC Shop","China",2,470,-28,"Large Standard-Size",1.75,12.75,17.25,2.1,193.78,534.57,"07/31/2024",55,6,7,0.47
"https://amazon.com/dp/B0F622PR8G","https://m.media-amazon.com/images/I/81V6lcf3EOL._SX450_.jpg","B0F622PR8G","Tool Backpack, UUP Heavy Duty Tool Bag, Large Empty Toolbag Organizer with Waterproof Molded Hard Bottom, Utility Tool Laptop Storage Back Pack, HVAC Technician Electrician Construction Men Dad Gift","UUP","FBA","Tools & Home Improvement",165062,"N/A","N/A","N/A","N/A","Tool Bags",721,69.99,-19,59,59,-88,3915.23,3914.51,109,4.6,"JingBaKe","China",1,0,"N/A","Large bulky",8.5,15,18.7,5.8,772.67,1931.68,"11/30/2025",10,6,0,0.54
"https://amazon.com/dp/B075XGSW32","https://m.media-amazon.com/images/I/51SEbDz+ilL._SX450_.jpg","B075XGSW32","QIAOLIANQIAO ESD 15.7inch 40cm*35cm*15cm anti-static clear pvc backpack,cleanroom engineer tool bag full cover pvc for put computer tool working in clean room 1PCS","QIAOLIANQIAO","FBA","Tools & Home Improvement",165938,748966819303,"N/A",0748966819303,"N/A","Tool Bags",725,40,-19,31,7,8,1468.52,298.82,66,4.2,"Qiao Lian Qiao Golabal PVC Shop","China",2,470,-28,"Large bulky",2.95,11.42,18.22,2.51,198.92,497.3,"07/31/2024",102,7,7,0.47
"https://amazon.com/dp/B0BH17M39D","https://m.media-amazon.com/images/I/61IUb2L7dpL._SX450_.jpg","B0BH17M39D","Klein Tools 80113 Tradesmen Backpack Kit with 39-Pocket Tradesman Pro Tool Backpack and Non-Contact Voltage Tester Pen, 2-Piece","KLEIN TOOLS","Amazon","Tools & Home Improvement",169215,092644801136,"N/A",0092644801136,"N/A","Tool Bags",730,99.99,-34,32,32,120,3237.8,3237.36,91,4.5,"Amazon","N/A",1,291,-3,"Large bulky",7.87,14.96,19.88,8.69,"N/A","N/A","07/31/2025",42,17,0,0.36
"https://amazon.com/dp/B0BN4HCNLW","https://m.media-amazon.com/images/I/61Ukvh7F8ML._SX450_.jpg","B0BN4HCNLW","Klein Tools 55665 Ironworker and Welder Backpack, Fire Resistant Exterior, 27 Pockets, Hold Welding Helmet, Hard Hat, 36-Inch Connecting Bar","KLEIN TOOLS","Amazon","Tools & Home Improvement",170410,092644200007,00092644200007,0092644200007,"N/A","Tool Bags",734,209.99,-16,54,54,2,11312.99,11312.86,96,4.6,"Amazon","N/A",5,608,"N/A","Large bulky",10.79,16.54,24.49,14.99,"N/A","N/A","02/28/2025",40,15,0,0.56
"https://amazon.com/dp/B0FSC7GBPG","https://m.media-amazon.com/images/I/81kTZn5G+UL._SX450_.jpg","B0FSC7GBPG","WELKINLAND 60-Pocket Electrician Backpack & Tool Bag Set, Heavy-Duty HVAC Backpack, Waterproof Wax Canvas Tool Back pack, Full-Open Mechanic Tool Back pack, Technician Backpacks","WELKINLAND","FBA","Tools & Home Improvement",171359,"N/A","N/A",6976400040592,"N/A","Tool Bags",753,105.75,-7,53,53,-56,5603.85,5603.72,21,4.8,"WKD Outdoor Gear NA","China",1,0,"N/A","Large Standard-Size",6.26,13.35,17.24,6.79,725.38,2001.06,"12/31/2025",6,9,0,2.53
"https://amazon.com/dp/B0FCXV64H7","https://m.media-amazon.com/images/I/41eAibKr1kL._SX450_.jpg","B0FCXV64H7","2-In-1 Rolling Tool Backpack Heavy Duty, 47 Pockets Rolling Tool Bag with Wheels, Tool Bag Backpack with Retractable Handle, 1680D, Backpack for Tools HVAC Electrician Construction Worker Mechanic","AUROPEAK","FBA","Tools & Home Improvement",172225,"N/A","N/A","N/A","N/A","Tool Bags",742,95.99,-31,41,32,,5123.24,3810.09,22,4.8,"Auropeak","China",1,0,"N/A","Large bulky",9.06,14.76,21.57,6.97,934.55,2336.38,"02/28/2026",5,9,0,1.88
"https://amazon.com/dp/B0FY795QTY","https://m.media-amazon.com/images/I/81egKPKcXbL._SX450_.jpg","B0FY795QTY","Tool Backpack Heavy Duty, Tool Bag Backpack For Men, Large Empty Toolbag Organizer with Waterproof Molded Hard Bottom, Utility Tool Laptop Storage Back Pack, HVAC Technician Electrician Construction","XINHESDEN","FBA","Tools & Home Improvement",175733,"N/A","N/A","N/A","N/A","Tool Bags",756,59.99,-41,56,56,141,3288.61,3288.48,14,4.6,"Stardust No.1","China",1,0,"N/A","Large Standard-Size",7.25,12.5,15,4.75,684.41,1888.02,"01/31/2026",5,7,0,3.97
"https://amazon.com/dp/B0C3Q69BY5","https://m.media-amazon.com/images/I/61q+380DwkL._SX450_.jpg","B0C3Q69BY5","Klein Tools 62201MB MODbox Electrician's Tool Backpack, Customizable Mobile Workstation with 32 Pockets for Maximum Tool Storage","KLEIN TOOLS","FBM","Tools & Home Improvement",176579,092644620362,00092644620362,0092644620362,"N/A","Tool Bags",765,112.7,-22,26,26,-19,2730.13,2729.85,84,4.6,"Voomi Supply","USA",8,650,19,"Large bulky",9.87,14.75,21.25,9.1,"N/A","N/A","07/31/2025",35,13,0,0.3
"https://amazon.com/dp/B0FNX6NGN5","https://m.media-amazon.com/images/I/81z3ZE1JUCL._SX450_.jpg","B0FNX6NGN5","Bobcat Tool Backpack | Heavy Duty 1000D 72T Puncture Proof Work Tool Bag with 39 Pockets For Technician, HVAC Maintenance-Electrician Tool Bag with Smart Storage – Black/Red","CJ TECH","FBA","Tools & Home Improvement",177184,810164711687,"N/A",0810164711687,"N/A","Tool Bags",785,58.99,-22,46,25,9,3152.27,1275.24,31,4.4,"Global Wholesale US","USA",1,0,"N/A","Large bulky",5.63,15.12,18.15,4.1,500.7,1251.76,"01/31/2026",7,5,2,1.5
"https://amazon.com/dp/B09C2GCWKT","https://m.media-amazon.com/images/I/61v9VEQj73L._SX450_.jpg","B09C2GCWKT","15.7""Anti-static clear pvc backpack,cleanroom engineer tool bag full cover pvc for put computer tool working in clean room, semiconductor industry …","QIAOLIANQIAO","FBM","Tools & Home Improvement",180292,712215426147,"N/A",0712215426147,"N/A","Tool Bags",782,42,-32,31,6,8,1468.52,238.2,66,4.2,"Qiao Lian Qiao Golabal PVC Shop","China",1,470,-28,"Large Standard-Size",2.68,9.88,16.93,1.79,"N/A","N/A","07/31/2024",55,5,7,0.47
"https://amazon.com/dp/B0BY3XZMH1","https://m.media-amazon.com/images/I/811WsXdceRL._SX450_.jpg","B0BY3XZMH1","ESD 15.7inch 40cm*35cm*15cm anti-static clear pvc backpack,cleanroom engineer tool bag full cover pvc for put computer tool working in clean room 5PCS","QIAOLIANQIAO","FBA","Tools & Home Improvement",180308,762704359999,"N/A",0762704359999,"N/A","Tool Bags",782,170,-30,31,2,8,1468.52,304.89,66,4.2,"Qiao Lian Qiao Golabal PVC Shop","China",1,470,-28,"Large bulky",6,17,17,11.45,561.94,1404.86,"07/31/2024",50,7,7,0.47
"https://amazon.com/dp/B0B1HDZM4W","https://m.media-amazon.com/images/I/513Upv73aDL._SX450_.jpg","B0B1HDZM4W","QIAOLIANQIAO ESD 15.7inch 40cm*35cm*15cm anti-static clear backpack,cleanroom engineer tool bag full cover pvc for put computer tool working in clean room 1PCS …","QIAOLIANQIAO","FBM","Tools & Home Improvement",180339,771011000104,"N/A",0771011000104,"N/A","Tool Bags",783,45,-19,31,3,8,1468.52,138.2,66,4.2,"Qiao Lian Qiao Golabal PVC Shop","China",1,470,-28,"Large bulky",1.1,16.5,17.5,1.39,"N/A","N/A","07/31/2024",50,5,7,0.47
"https://amazon.com/dp/B0F3HRRGMV","https://m.media-amazon.com/images/I/91cNcVmrOJL._SX450_.jpg","B0F3HRRGMV","Marscamd Tool Backpack with a Tool Pouch, Heavy Duty Tool Bag with Multiple Pockets, Black","Marscamd","FBA","Tools & Home Improvement",180765,"N/A","N/A","N/A","N/A","Tool Bags",785,48.99,-39,97,97,39,4357.66,4357.54,58,4.2,"MARSCAMD US","Hong Kong",1,0,"N/A","Large Standard-Size",6.02,10.16,14.45,3.9,444.97,1227.51,"06/30/2025",12,9,0,1.67
"https://amazon.com/dp/B0FR1JS2KH","https://m.media-amazon.com/images/I/81s2ISlYs7L._SX450_.jpg","B0FR1JS2KH","Nixjoro Heavy Duty Tool Bag Backpack,Full-Open Water Resistant Tool Storage and Organization with USB Charging Port for Electricians, Mechanics,HVAC Engineers (Blue)","Nixjoro","FBA","Tools & Home Improvement",182301,"N/A","N/A","N/A","N/A","Tool Bags",788,62.99,"N/A",62,14,-66,3778.8,896.67,26,4.4,"Nixjoro","N/A",1,0,"N/A","Large Standard-Size",9,15,6,6.6,407.81,1125,"11/30/2025",6,7,4,2.39
"https://amazon.com/dp/B087811PWD","https://m.media-amazon.com/images/I/71T3lE+bggL._SX450_.jpg","B087811PWD","AUMTISC Tool Bag Backpack for Men, Heavy-Duty Tools Storage Organizer Work Bags Backpack for Construction Jobsite, Electrician, Industrial, Repairman, and HVAC Techs, Blue","AUMTISC","FBA","Tools & Home Improvement",182719,603149380783,"N/A",0603149380783,"N/A","Tool Bags",793,39.99,-5,49,15,-50,1979.68,605.12,1360,4.6,"AUMTISC","China",1,1794,-32,"Large Standard-Size",7.09,10.87,15.16,3.55,588.23,1622.72,"07/31/2024",71,7,8,0.04
"https://amazon.com/dp/B09WK1KCQJ","https://m.media-amazon.com/images/I/71I+TDzB7qL._SX450_.jpg","B09WK1KCQJ","AUMTISC Tool Bag Backpack for Men, Heavy-Duty Tools Storage Organizer Work Bags Backpack for Construction Jobsite, Electrician, Industrial, Repairman, and HVAC Techs, Orange","AUMTISC","FBA","Tools & Home Improvement",182720,"N/A","N/A","N/A","N/A","Tool Bags",793,39.99,3,49,15,-50,1979.68,591.78,1360,4.6,"AUMTISC","China",1,1794,-32,"Large Standard-Size",7.87,10.75,15.07,3.44,642.32,1771.92,"07/31/2024",48,6,8,0.04
"https://amazon.com/dp/B09NX5NZ5J","https://m.media-amazon.com/images/I/61Bx5Ditf4L._SX450_.jpg","B09NX5NZ5J","Klein Tools 80062 Backpack Tool Kit with Tradesman Pro 21-Pocket Backpack, Insulated Tumbler and Leather Key-Chain, 3-Piece","KLEIN TOOLS","Amazon","Tools & Home Improvement",183000,092644800627,"N/A",0092644800627,"N/A","Tool Bags",794,129.99,-28,19,14,-43,2804.59,1851.32,393,4.8,"Amazon","N/A",1,0,"N/A","Large bulky",10,15,20.5,11,"N/A","N/A","09/30/2025",51,12,2,0.05
"https://amazon.com/dp/B081BRFNSG","https://m.media-amazon.com/images/I/61CvPq5n2XL._SX450_.jpg","B081BRFNSG","Klein Tools 55655 Tool Bag Backpack, Tradesman Pro Tool Station with 21 Pockets and Large Interior, Includes Flashlight with Work Light","KLEIN TOOLS","FBM","Tools & Home Improvement",183006,092644620256,00092644620256,0092644620256,"N/A","Tool Bags",794,198.25,219,19,5,-43,2804.59,953.04,393,4.8,"Sally Grocers","USA",1,0,"N/A","Large bulky",11.02,15.35,20.87,11.11,"N/A","N/A","09/30/2025",76,11,2,0.05
"https://amazon.com/dp/B0FQPCHBS8","https://m.media-amazon.com/images/I/81tFJlKIdcL._SX450_.jpg","B0FQPCHBS8","Marscamd Rolling Tool Backpack with a Detachable Tool Insert, Heavy Duty Tool Bag with Wheels and Multiple Pockets, Black","Marscamd","FBA","Tools & Home Improvement",185539,"N/A","N/A","N/A","N/A","Tool Bags",807,88.99,-31,34,34,100,2962.14,2961.67,3,5,"MARSCAMD US","Hong Kong",1,0,"N/A","Large bulky",10.08,14.29,20.87,8.42,974.23,2435.56,"02/28/2026",6,7,0,11.19
"https://amazon.com/dp/B0FMF4WNQK","https://m.media-amazon.com/images/I/A13e1o+V8wL._SX450_.jpg","B0FMF4WNQK","The Ryker Bag Tool Backpack w/ProStand – 48-Pocket Heavy-Duty, Water-Resistant Tool Bag + 26-Pocket Foldable Stand Organizer for Electricians, Mechanics, Maintenance Workers, HVAC, Builders & DIYers","The Ryker Bag","FBA","Tools & Home Improvement",191295,850053595257,"N/A",0850053595257,"N/A","Tool Bags",821,97.49,"N/A",79,28,202,6588.42,2714.42,42,4.9,"RYKER BAG LLC","USA",1,0,"N/A","Large bulky",10.24,16.57,20.59,8.4,1132.2,2830.5,"11/30/2025",5,5,3,1.89
"https://amazon.com/dp/B00P2RJCRS","https://m.media-amazon.com/images/I/41hiQog4wkL._SX450_.jpg","B00P2RJCRS","Milwaukee 48-22-8200 1680 Denier 35 Pocket Jobsite Backpack w/ Laptop Sleeve and Molded Plastic Base","Milwaukee","FBM","Tools & Home Improvement",192349,797267507310,00045242333943,8944445143804,"N/A","Tool Bags",847,118,13,22,22,-36,2690.3,2690.01,1027,4.6,"Neandertool","USA",24,513,47,"Large bulky",9.61,17.17,22.16,6.48,"N/A","N/A","06/30/2025",137,1,0,0.02
"https://amazon.com/dp/B0FHDHMYSG","https://m.media-amazon.com/images/I/81vDkxF50+L._SX450_.jpg","B0FHDHMYSG","VEVOR Tool Backpack with Tools, 65 Pockets, Heavy-duty Tools Storage Organizer Bags with Laptop Compartment & Molded Base, Electrician Jobsite Backpack for Electrician, Repairman, and HVAC Techs","VEVOR","Amazon","Tools & Home Improvement",193060,197988527299,"N/A",0197988527299,"N/A","Tool Bags",852,90.9,-13,34,9,-13,2414.35,794.12,31,4.6,"Amazon","N/A",3,0,"N/A","Large bulky",7.87,15.75,20.47,13.36,"N/A","N/A","01/31/2026",8,9,2,1.1
"https://amazon.com/dp/B0F32LQFGB","https://m.media-amazon.com/images/I/81usQGLLlmL._SX450_.jpg","B0F32LQFGB","Trahzia Tool Backpack with Hard Bottom and 3 Pouches, Heavy Duty Tool Organizer Bag for Men Electrician, Construction, Black","Trahzia","FBA","Tools & Home Improvement",193783,"N/A","N/A","N/A","N/A","Tool Bags",842,49.98,-10,27,27,32,1533.09,1532.7,43,4.4,"Trahzia US","Hong Kong",1,0,"N/A","Large Standard-Size",6.81,11.18,16.22,5.29,621.75,1715.17,"05/31/2025",12,8,0,0.63
"https://amazon.com/dp/B0FFWND5Q9","https://m.media-amazon.com/images/I/81X9KEcOQQL._SX450_.jpg","B0FFWND5Q9","VEVOR Tool Backpack, 56 Pockets, Heavy-duty Tools Storage Organizer Bags with Molded Base, Electrician Jobsite Backpack for Construction Jobsite, Electrician, Industrial, Repairman, and HVAC Techs","VEVOR","Amazon","Tools & Home Improvement",193803,197988531425,"N/A",0197988531425,"N/A","Tool Bags",858,71.99,-39,19,7,,1433.39,619.78,16,4.4,"Amazon","N/A",2,0,"N/A","Large bulky",10.24,14.96,21.46,7.98,"N/A","N/A","02/28/2026",9,9,2,1.2
"https://amazon.com/dp/B0B23Z3NBG","https://m.media-amazon.com/images/I/81uER2JKubL._SX450_.jpg","B0B23Z3NBG","AIRAJ Tool Bag with Molded Hard Waterproof Bottom and Waist Support, Heavy Duty Tool Backpack for Electricians, Plumbers, Construction Workers","AIRAJ","FBA","Tools & Home Improvement",196404,"N/A","N/A","N/A","N/A","Tool Bags",853,34.99,-10,42,10,,1426.78,355.45,1044,4.6,"Fulin Storefront","China",1,0,"N/A","Large Standard-Size",5.8,7.8,15.5,3.15,353.04,973.92,"02/28/2026",46,6,4,0.04
"https://amazon.com/dp/B07WPTGW23","https://m.media-amazon.com/images/I/71cYTnVK+kL._SX450_.jpg","B07WPTGW23","AUMTISC Tool Bag Backpack for Men, Heavy-Duty Tools Storage Organizer Work Bags Backpack for Construction Jobsite, Electrician, Industrial, Repairman, and HVAC Techs, Yellow","AUMTISC","FBA","Tools & Home Improvement",197546,"N/A","N/A","N/A","N/A","Tool Bags",859,39.99,-14,52,16,-47,2087.08,651.79,1360,4.6,"AUMTISC","China",1,1815,-31,"Large Standard-Size",6.93,10.39,14.84,3.59,537.97,1484.06,"07/31/2024",79,7,8,0.04
"https://amazon.com/dp/B0FHJT2534","https://m.media-amazon.com/images/I/81A8vBBspEL._SX450_.jpg","B0FHJT2534","VEVOR Tool Backpack, 64 Pockets, Heavy-duty Tools Storage Organizer Work Bags Backpack with Laptop Compartment & Molded Base, Electrician Jobsite Backpack for Electrician, Repairman, and HVAC Techs","VEVOR","Amazon","Tools & Home Improvement",197742,197988528388,"N/A",0197988528388,"N/A","Tool Bags",862,64.9,-9,34,25,-13,2414.35,1619.91,31,4.6,"Amazon","N/A",3,0,"N/A","Large bulky",15.75,8.46,18.9,7.5,"N/A","N/A","01/31/2026",8,9,2,1.1
"https://amazon.com/dp/B0FFW9R4DR","https://m.media-amazon.com/images/I/817XLHxxg7L._SX450_.jpg","B0FFW9R4DR","VEVOR Tool Backpack, 65 Pockets, Heavy-duty Tools Storage Organizer Work Bags Backpack with Laptop Compartment & Molded Base, Electrician Jobsite Backpack for Electrician, Repairman, and HVAC Techs","VEVOR","Amazon","Tools & Home Improvement",200063,197988529477,"N/A",0197988529477,"N/A","Tool Bags",874,67.9,8,19,17,,1433.39,1091.28,44,4.5,"Amazon","N/A",3,0,"N/A","Large bulky",15.75,8.46,20.47,7.83,"N/A","N/A","02/28/2026",9,10,2,0.44
"https://amazon.com/dp/B01N1QRDJL","https://m.media-amazon.com/images/I/51ret4dHAkL._SX450_.jpg","B01N1QRDJL","FASITE Sling Bag Chest Backpack, Crossbody Shoulder Tool Pouch for Men Women, Black","FASITE","FBA","Tools & Home Improvement",201387,"N/A","N/A","N/A","N/A","Tool Bags",883,16.99,"N/A",28,28,,478.91,478.52,678,4.4,"FASITE","China",1,366,-50,"Large Standard-Size",2.72,7.68,9.49,0.44,99.81,275.34,"03/31/2024",111,6,2,0.04
"https://amazon.com/dp/B0FXLNXXTG","https://m.media-amazon.com/images/I/81Hdb0TIzlL._SX450_.jpg","B0FXLNXXTG","Tool Backpack for Men, Heavy Duty Tool Bag with Removable Tool Organizer, Durable Water-Resistant Work Backpack, Upgrade(Black & Blue)","LASUK","FBA","Tools & Home Improvement",204852,"N/A","N/A","N/A","N/A","Tool Bags",896,44.99,-39,50,7,,1859.95,307.24,9,4.3,"Lasuk","China",1,0,"N/A","Large Standard-Size",4.8,12.4,14.96,3.48,448.3,1236.69,"02/28/2026",5,8,3,5.54
"https://amazon.com/dp/B0FXLSXHNJ","https://m.media-amazon.com/images/I/81Keq3xeD5L._SX450_.jpg","B0FXLSXHNJ","Tool Backpack for Men, Heavy Duty Tool Bag with Removable Tool Organizer, Durable Water-Resistant Work Backpack, Upgrade(Black & Orange)","LASUK","FBA","Tools & Home Improvement",204852,"N/A","N/A","N/A","N/A","Tool Bags",896,44.99,-80,50,16,,1859.95,582.64,11,4.4,"Lasuk","China",1,0,"N/A","Large Standard-Size",4.21,12.56,16.45,3.48,437.94,1208.11,"02/28/2026",5,8,3,4.53
"https://amazon.com/dp/B0GQBQ4XX8","https://m.media-amazon.com/images/I/81Hdb0TIzlL._SX450_.jpg","B0GQBQ4XX8","Tool Backpack for Men, Heavy Duty Tool Bag with Removable Tool Organizer, Durable Water-Resistant Work Backpack","LASUK","FBA","Tools & Home Improvement",204905,"N/A","N/A","N/A","N/A","Tool Bags",896,44.99,"N/A",50,0,,1859.95,"-",13,4.5,"Lasuk","China",0,0,"N/A","N/A","N/A","N/A","N/A","N/A","N/A","N/A","02/28/2026",1,8,3,5.54
"https://amazon.com/dp/B0D78CYXZR","https://m.media-amazon.com/images/I/81RbCKWqODL._SX450_.jpg","B0D78CYXZR","KSIBNW Tool Backpack Heavy Duty for Men, 45-Pockets Organizer Bags with Laptop Compartment,Durable Tool Carrier with Charging Port for Eelectrician Construction Mechanic Work, Black and Orange","KSIBNW","FBA","Tools & Home Improvement",205668,767791461501,"N/A",0767791461501,"N/A","Tool Bags",889,62.99,20,45,20,-37,2807.88,1222.46,67,4.2,"KSIBNW-US","China",1,1145,"N/A","Large Standard-Size",7.56,13.23,16.81,5.49,846.5,2335.16,"01/31/2025",21,7,4,0.67
"https://amazon.com/dp/B0DP8KRYFW","https://m.media-amazon.com/images/I/81B8XpX88CL._SX450_.jpg","B0DP8KRYFW","KSIBNW Tool Backpack Heavy Duty for Men, 45-Pockets Organizer Bags with Laptop Compartment,Durable Tool Carrier with Charging Port for Eelectrician Construction Mechanic Work, Black and Blue","KSIBNW","FBA","Tools & Home Improvement",205669,767791461617,"N/A",0767791461617,"N/A","Tool Bags",889,62.99,-40,45,19,-37,2807.88,1201.3,67,4.2,"KSIBNW-US","China",1,1145,"N/A","Large Standard-Size",7.32,13.11,17.13,5.4,827.65,2283.17,"01/31/2025",16,6,4,0.67
"https://amazon.com/dp/B0F37J6YHX","https://m.media-amazon.com/images/I/71KTF8FhpoL._SX450_.jpg","B0F37J6YHX","AIRAJ Heavy Duty Tool Backpack,17 Inch Tool Bag Backpack with Waterproof Molded Hard Base,Durable Tool Bag with Reinforced Stitching,Waist-Support,Work backpack for Industrial,Electrician,Construction","AIRAJ","FBA","Tools & Home Improvement",209596,"N/A","N/A","N/A","N/A","Tool Bags",908,34.02,-30,42,32,,1426.78,1071.05,1043,4.6,"AIRAJ-US","China",1,0,"N/A","Large Standard-Size",5.2,8.46,16.14,3.73,357.48,986.15,"02/28/2026",12,6,4,0.04
"https://amazon.com/dp/B0F277CMBK","https://m.media-amazon.com/images/I/81SZMrBgHYL._SX450_.jpg","B0F277CMBK","PICKLECRZY Tool Backpack Heavy Duty With 3 Storage Pouches, Reflective Tactical Tool Organizer Bag with Padded Shoulder & Waist Support For HVAC Technician, Electrician, Handyman & Repairman - Black","PICKLECRZY","FBA","Tools & Home Improvement",214970,"N/A",00199284476059,"N/A","N/A","Tool Bags",939,55.99,6,3,3,-23,172.72,172.65,14,4.1,"GlobaZone","USA",1,0,"N/A","Large Standard-Size",5,12.5,17.5,2.68,550.67,1519.1,"11/30/2025",12,7,0,0.2
"https://amazon.com/dp/B0BFV5RRNG","https://m.media-amazon.com/images/I/41cCy+QWRCL._SX450_.jpg","B0BFV5RRNG","WELKINLAND Full-Open Tool backpack, Tool backpack for men,Tools backpacks for electricians,Tools Back Pack Bag","WELKINLAND","FBA","Tools & Home Improvement",216568,787823088698,"N/A",0787823088698,"N/A","Tool Bags",948,89.78,-26,33,33,-34,3000.77,3000.29,370,4.5,"WKD Outdoor Gear NA","China",1,713,-44,"Large Standard-Size",5.08,13.62,16.85,5.14,586.82,1618.82,"11/30/2024",42,9,0,0.09
"https://amazon.com/dp/B0FZF939RK","https://m.media-amazon.com/images/I/91GdYdowdXL._SX450_.jpg","B0FZF939RK","Carhartt Mens Station Tool Bag W/Adjustable Shoulder Straps, Durable, Water-Resistant Tool Organizer, Tool Backpack","Carhartt","Amazon","Tools & Home Improvement",217192,888999514711,"N/A",0888999514711,"N/A","Tool Bags",949,229.99,117,60,10,,12514.64,2371.63,2,5,"Amazon","N/A",3,0,"N/A","Large bulky",9.6,15,20,6.73,"N/A","N/A","02/28/2026",5,8,3,29.87
"https://amazon.com/dp/B09Z2MSPM5","https://m.media-amazon.com/images/I/81xbrNpylGL._SX450_.jpg","B09Z2MSPM5","MELOTOUGH Welding Backpack for Tools and Helmet Extreme Gear Pack with Large Capacity Helmet Holder Luggage Storage Bag（Blue）","MELOTOUGH","FBA","Tools & Home Improvement",219393,"N/A",10634359953839,"N/A","N/A","Tool Bags",1455,69.99,4,19,3,-50,1151.56,203.24,579,4.7,"MeloTough","China",1,354,"N/A","Large bulky",5,14,20.5,5.55,465.05,1162.62,"07/31/2024",47,9,3,0.03
"https://amazon.com/dp/B0FWK4B8KZ","https://m.media-amazon.com/images/I/81EIke3MDSL._SX450_.jpg","B0FWK4B8KZ","Synvicovan 17.7 Inch Tool Backpack-Transparent & Anti-static Cleanroom Engineer Tool Bag for Work and Travel","Synvicovan","FBA","Tools & Home Improvement",223771,"N/A","N/A","N/A","N/A","Tool Bags",970,49.99,-40,47,9,-26,1917.89,471.09,29,4.4,"WKwipes","China",2,0,"N/A","Large bulky",2.44,18.42,22.16,2.91,322.77,806.93,"01/31/2026",5,7,3,1.61
"https://amazon.com/dp/B0DTH7NL7L","https://m.media-amazon.com/images/I/71gRHvXjR+L._SX450_.jpg","B0DTH7NL7L","MELOTOUGH Welding Backpack Fire - Resistant Fabric 32.56L Large Capacity Welding Bag for Tools and Helmet Multipurpose Welder Backpack with Multiple Storage and Extra Stickers (Red)","MELOTOUGH","FBA","Tools & Home Improvement",229454,"N/A","N/A","N/A","N/A","Tool Bags",1002,79.99,-13,34,34,2,2681.44,2681,24,4.9,"MeloTough","China",1,0,"N/A","Large bulky",6,15.5,19.5,5.2,587.71,1469.27,"11/30/2025",14,8,0,1.4
"https://amazon.com/dp/B09G34LH6M","https://m.media-amazon.com/images/I/416nHDs0o8L._SX450_.jpg","B09G34LH6M","RYOBI RSSBP1 Backpack","RYOBI","FBA","Tools & Home Improvement",230834,"N/A",04892210199591,4892210199591,"N/A","Tool Bags",1007,77.94,-46,24,6,-65,1837.1,491.45,102,4.4,"Zbest Deals","USA",5,367,25,"Large bulky",8.74,17.87,22.99,4.56,1164.03,2910.08,"11/30/2025",53,7,4,0.23
"https://amazon.com/dp/B0CX44G9TD","https://m.media-amazon.com/images/I/81VyXodVRML._SX450_.jpg","B0CX44G9TD","Tom Dick and Harry Tools Tool Backpack Heavy Duty with Waterproof Base, Tool Bag Organizer for Men, Electrician Tool Bag, Construction & Fishing Tackle Bag, Water & Tear Resistant Tool Bags for Work","Tom Dick and Harry Tools","FBA","Tools & Home Improvement",232859,"N/A",00860010078334,"N/A","N/A","Tool Bags",1016,59.55,-28,38,38,70,2254.84,2254.73,120,4.2,"Tom Dick and Harry Tools","USA",1,599,"N/A","Large bulky",6.9,14.7,18.5,4.55,608.11,1520.28,"06/30/2024",25,6,0,0.32