month,market,asin,gauge_class,gauge_in_scope,gauge_rule_id,gauge_confidence,run_id
202609,CA,0856967114,excluded_non_gauge,False,XN-noscan,0.90,20261002T123837-dd683fd
202609,CA,1563921162,excluded_non_gauge,False,XN-noscan,0.90,20261002T123837-dd683fd
202609,CA,156392188X,excluded_non_gauge,False,XN-noscan,0.90,20261002T123837-dd683fd
202609,CA,1563922215,excluded_non_gauge,False,XN-noscan,0.90,20261002T123837-dd683fd
202609,CA,1563923025,excluded_non_gauge,False,XN-noscan,0.90,20261002T123837-dd683fd
202609,CA,1563923319,excluded_non_gauge,False,XN-noscan,0.90,20261002T123837-dd683fd
202609,CA,1563923521,excluded_non_gauge,False,XN-noscan,0.90,20261002T123837-dd683fd
202609,CA,1563924498,excluded_non_gauge,False,XN-noscan,0.90,20261002T123837-dd683fd
202609,CA,1563924536,excluded_non_gauge,False,XN-noscan,0.90,20261002T123837-dd683fd
202609,CA,1563924552,excluded_non_gauge,False,XN-noscan,0.90,20261002T123837-dd683fd
202609,CA,1563925400,excluded_non_gauge,False,XN-noscan,0.90,20261002T123837-dd683fd
202609,CA,1563926121,excluded_non_gauge,False,XN-noscan,0.90,20261002T123837-dd683fd
202609,CA,1563927403,excluded_non_gauge,False,XN-noscan,0.90,20261002T123837-dd683fd
202609,CA,1563928493,excluded_non_gauge,False,XN-noscan,0.90,20261002T123837-dd683fd
202609,CA,1563928566,excluded_non_gauge,False,XN-noscan,0.90,20261002T123837-dd683fd
202609,CA,1620920441,excluded_non_gauge,False,XN-noscan,0.90,20261002T123837-dd683fd
202609,CA,1620920492,excluded_non_gauge,False,XN-noscan,0.90,20261002T123837-dd683fd
202609,CA,1620920832,excluded_non_gauge,False,XN-noscan,0.90,20261002T123837-dd683fd
202609,CA,1620920840,excluded_non_gauge,False,XN-noscan,0.90,20261002T123837-dd683fd
202609,CA,162092370X,excluded_non_gauge,False,XN-noscan,0.90,20261002T123837-dd683fd
202609,CA,1850100500,excluded_non_gauge,False,XN-noscan,0.90,20261002T123837-dd683fd
202609,CA,B0002JMHWI,excluded_non_gauge,False,XN-noscan,0.90,20261002T123837-dd683fd
202609,CA,B0007N1L8A,excluded_non_gauge,False,XN-noscan,0.90,20261002T123837-dd683fd
202609,CA,B000CMJM1Y,excluded_non_gauge,False,XN-noscan,0.90,20261002T123837-dd683fd
202609,CA,B000EVU8C0,excluded_non_gauge,False,XN-scanner,0.90,20261002T123837-dd683fd
202609,CA,B000EVYH36,excluded_non_gauge,False,XN-cable,0.90,20261002T123837-dd683fd
202609,CA,B000EW0KHW,excluded_non_gauge,False,XN-scanner,0.90,20261002T123837-dd683fd
202609,CA,B000GTXPO8,excluded_non_gauge,False,XN-noscan,0.90,20261002T123837-dd683fd
202609,CA,B000GTZMUS,excluded_non_gauge,False,XN-noscan,0.90,20261002T123837-dd683fd
202609,CA,B000H01JQ2,excluded_non_gauge,False,XN-noscan,0.90,20261002T123837-dd683fd
202609,CA,B000UOHUF4,excluded_non_gauge,False,XN-noscan,0.90,20261002T123837-dd683fd
202609,CA,B0019VZ5HM,excluded_non_gauge,False,XN-noscan,0.90,20261002T123837-dd683fd
202609,CA,B001LHQBMC,excluded_non_gauge,False,XN-scanner,0.90,20261002T123837-dd683fd
202609,CA,B001P20QDS,tuner_with_gauge_display,True,TD-bullydog,0.90,20261002T123837-dd683fd
202609,CA,B001S7PGBW,excluded_non_gauge,False,XN-noscan,0.90,20261002T123837-dd683fd
202609,CA,B001S7PGJ4,excluded_non_gauge,False,XN-noscan,0.90,20261002T123837-dd683fd
202609,CA,B0021UP5KW,excluded_non_gauge,False,XN-memsaver,0.90,20261002T123837-dd683fd
202609,CA,B002BHX1X8,excluded_non_gauge,False,XN-memsaver,0.90,20261002T123837-dd683fd
202609,CA,B003N7ME7E,excluded_non_gauge,False,XN-noscan,0.90,20261002T123837-dd683fd
202609,CA,B003TSOQY6,excluded_non_gauge,False,XN-memsaver,0.90,20261002T123837-dd683fd
202609,CA,B004AESGBC,excluded_non_gauge,False,XN-noscan,0.90,20261002T123837-dd683fd
202609,CA,B004NL3L7G,gauge_accessory,True,AC-eas,0.90,20261002T123837-dd683fd
202609,CA,B0053NJY8S,excluded_non_gauge,False,XN-scanner,0.90,20261002T123837-dd683fd
202609,CA,B0053NRLHE,excluded_non_gauge,False,XN-scanner,0.90,20261002T123837-dd683fd
202609,CA,B0053NRSN6,excluded_non_gauge,False,XN-scanner,0.90,20261002T123837-dd683fd
202609,CA,B0053NS0CY,excluded_non_gauge,False,XN-scanner,0.90,20261002T123837-dd683fd
202609,CA,B0054FJEDK,excluded_non_gauge,False,XN-cable,0.90,20261002T123837-dd683fd
202609,CA,B00652G4TS,excluded_non_gauge,False,XN-scanner,0.90,20261002T123837-dd683fd
202609,CA,B007TMSN5G,excluded_non_gauge,False,XN-scanner,0.90,20261002T123837-dd683fd
202609,CA,B007XE8C74,excluded_non_gauge,False,XN-scanner,0.90,20261002T123837-dd683fd
202609,CA,B0081L839K,excluded_non_gauge,False,XN-noscan,0.90,20261002T123837-dd683fd
202609,CA,B008EPKWD8,excluded_non_gauge,False,XN-scanner,0.90,20261002T123837-dd683fd
202609,CA,B008PTN992,excluded_non_gauge,False,XN-scanner,0.90,20261002T123837-dd683fd
202609,CA,B008RHJTS2,excluded_non_gauge,False,XN-cluster,0.90,20261002T123837-dd683fd
202609,CA,B0091DJWV0,excluded_non_gauge,False,XN-scanner,0.90,20261002T123837-dd683fd
202609,CA,B00A6AS3XU,excluded_non_gauge,False,XN-breakout,0.90,20261002T123837-dd683fd
202609,CA,B00AJLY628,tuner_with_gauge_display,True,TD-bullydog,0.90,20261002T123837-dd683fd
202609,CA,B00BGH0EAC,excluded_non_gauge,False,XN-scanner,0.90,20261002T123837-dd683fd
202609,CA,B00BMX25WK,excluded_non_gauge,False,XN-noscan,0.90,20261002T123837-dd683fd
202609,CA,B00BR1R8N8,excluded_non_gauge,False,XN-noscan,0.90,20261002T123837-dd683fd
202609,CA,B00EN7JOQC,excluded_non_gauge,False,XN-scanner,0.90,20261002T123837-dd683fd
202609,CA,B00H9S71LW,excluded_non_gauge,False,XN-scanner,0.90,20261002T123837-dd683fd
202609,CA,B00IUIDFSS,excluded_non_gauge,False,XN-scanner,0.90,20261002T123837-dd683fd
202609,CA,B00K7YZUOA,excluded_non_gauge,False,XN-noscan,0.90,20261002T123837-dd683fd
202609,CA,B00L40R47W,excluded_non_gauge,False,XN-cable,0.90,20261002T123837-dd683fd
202609,CA,B00L40WZLC,excluded_non_gauge,False,XN-cable,0.90,20261002T123837-dd683fd
202609,CA,B00L41AKH2,excluded_non_gauge,False,XN-cable,0.90,20261002T123837-dd683fd
202609,CA,B00L4207IS,excluded_non_gauge,False,XN-cable,0.90,20261002T123837-dd683fd
202609,CA,B00MECEI14,excluded_non_gauge,False,XN-noscan,0.90,20261002T123837-dd683fd
202609,CA,B00NGFWVNA,excluded_non_gauge,False,XN-scanner,0.90,20261002T123837-dd683fd
202609,CA,B00NGVOJV6,excluded_non_gauge,False,XN-scanner,0.90,20261002T123837-dd683fd
202609,CA,B00P903ZXU,excluded_non_gauge,False,XN-cable,0.90,20261002T123837-dd683fd
202609,CA,B00Q7UZF7K,excluded_non_gauge,False,XN-scanner,0.90,20261002T123837-dd683fd
202609,CA,B00RFUY6XU,excluded_non_gauge,False,XN-scanner,0.90,20261002T123837-dd683fd
202609,CA,B00S8KJHBM,excluded_non_gauge,False,XN-scanner,0.90,20261002T123837-dd683fd
202609,CA,B00U11NQW2,excluded_non_gauge,False,XN-cable,0.90,20261002T123837-dd683fd
202609,CA,B00U5S2BJ0,excluded_non_gauge,False,XN-cable,0.90,20261002T123837-dd683fd
202609,CA,B00UC11M4A,excluded_non_gauge,False,XN-cable,0.90,20261002T123837-dd683fd
202609,CA,B00UEHHI3G,excluded_non_gauge,False,XN-scanner,0.90,20261002T123837-dd683fd
202609,CA,B00UJV3E12,excluded_non_gauge,False,XN-scanner,0.90,20261002T123837-dd683fd
202609,CA,B00VSYZ2NC,excluded_non_gauge,False,XN-scanner,0.90,20261002T123837-dd683fd
202609,CA,B00XM16K2Q,tuner_with_gauge_display,True,TD-edge,0.90,20261002T123837-dd683fd
202609,CA,B00XQ3I2AS,excluded_non_gauge,False,XN-scanner,0.90,20261002T123837-dd683fd
202609,CA,B00Z1PG9ZE,excluded_non_gauge,False,XN-noscan,0.90,20261002T123837-dd683fd
202609,CA,B010ODE238,excluded_non_gauge,False,XN-scanner,0.90,20261002T123837-dd683fd
202609,CA,B011DKBXBK,excluded_non_gauge,False,XN-scanner,0.90,20261002T123837-dd683fd
202609,CA,B011NSX27A,excluded_non_gauge,False,XN-scanner,0.90,20261002T123837-dd683fd
202609,CA,B012RSCUK0,excluded_non_gauge,False,XN-scanner,0.90,20261002T123837-dd683fd
202609,CA,B013JGEXLS,excluded_non_gauge,False,XN-scanner,0.90,20261002T123837-dd683fd
202609,CA,B013RIQMEO,excluded_non_gauge,False,XN-bulk,0.90,20261002T123837-dd683fd
202609,CA,B0141UPYDC,excluded_non_gauge,False,XN-cable,0.90,20261002T123837-dd683fd
202609,CA,B0155K5HMK,excluded_non_gauge,False,XN-noscan,0.90,20261002T123837-dd683fd
202609,CA,B015COS1EK,excluded_non_gauge,False,XN-scanner,0.90,20261002T123837-dd683fd
202609,CA,B015DN8OIS,excluded_non_gauge,False,XN-scanner,0.90,20261002T123837-dd683fd
202609,CA,B016TRRQHM,excluded_non_gauge,False,XN-noscan,0.90,20261002T123837-dd683fd
202609,CA,B017IG81SQ,excluded_non_gauge,False,XN-noscan,0.90,20261002T123837-dd683fd
202609,CA,B017JOPMWA,excluded_non_gauge,False,XN-cable,0.90,20261002T123837-dd683fd
202609,CA,B017JQSC9S,excluded_non_gauge,False,XN-cable,0.90,20261002T123837-dd683fd
202609,CA,B019QCG5RE,excluded_non_gauge,False,XN-scanner,0.90,20261002T123837-dd683fd
202609,CA,B01BI2PQNY,gauge_display,True,MAP,1.00,20261002T123837-dd683fd
202609,CA,B01BV29BDC,excluded_non_gauge,False,XN-scanner,0.90,20261002T123837-dd683fd
202609,CA,B01C60AKEM,excluded_non_gauge,False,XN-noscan,0.90,20261002T123837-dd683fd
202609,CA,B01CQNNBA4,excluded_non_gauge,False,XN-scanner,0.90,20261002T123837-dd683fd
202609,CA,B01DPHKGDU,excluded_non_gauge,False,XN-scanner,0.90,20261002T123837-dd683fd
202609,CA,B01DPHKJPU,excluded_non_gauge,False,XN-scanner,0.90,20261002T123837-dd683fd
202609,CA,B01DPHKQEO,excluded_non_gauge,False,XN-scanner,0.90,20261002T123837-dd683fd
202609,CA,B01DUB4GVO,excluded_non_gauge,False,XN-scanner,0.90,20261002T123837-dd683fd
202609,CA,B01EHL39ZU,excluded_non_gauge,False,XN-scanner,0.90,20261002T123837-dd683fd
202609,CA,B01EW83OCQ,excluded_non_gauge,False,XN-cable,0.90,20261002T123837-dd683fd
202609,CA,B01EWQANBI,excluded_non_gauge,False,XN-cable,0.90,20261002T123837-dd683fd
202609,CA,B01F0GVBWY,excluded_non_gauge,False,XN-noscan,0.90,20261002T123837-dd683fd
202609,CA,B01G5EA74I,excluded_non_gauge,False,XN-scanner,0.90,20261002T123837-dd683fd
202609,CA,B01GRN4BRQ,excluded_non_gauge,False,XN-scanner,0.90,20261002T123837-dd683fd
202609,CA,B01GXH21DM,excluded_non_gauge,False,XN-scanner,0.90,20261002T123837-dd683fd
202609,CA,B01HNO5PLY,excluded_non_gauge,False,XN-scanner,0.90,20261002T123837-dd683fd
202609,CA,B01IVFC0GW,excluded_non_gauge,False,XN-scanner,0.90,20261002T123837-dd683fd
202609,CA,B01IVH164C,excluded_non_gauge,False,XN-scanner,0.90,20261002T123837-dd683fd
202609,CA,B01J1GWZVK,excluded_non_gauge,False,XN-scanner,0.90,20261002T123837-dd683fd
202609,CA,B01L95PRQG,excluded_non_gauge,False,XN-scanner,0.90,20261002T123837-dd683fd
202609,CA,B01L962S0I,excluded_non_gauge,False,XN-cable,0.90,20261002T123837-dd683fd
202609,CA,B01LXK85P7,excluded_non_gauge,False,XN-cable,0.90,20261002T123837-dd683fd
202609,CA,B01LZ912XQ,excluded_non_gauge,False,XN-clusterrepl,0.90,20261002T123837-dd683fd
202609,CA,B01M0HON01,excluded_non_gauge,False,XN-cable,0.90,20261002T123837-dd683fd
202609,CA,B01M5G9KS0,excluded_non_gauge,False,XN-cable,0.90,20261002T123837-dd683fd
202609,CA,B01MCYKBZF,excluded_non_gauge,False,XN-cable,0.90,20261002T123837-dd683fd
202609,CA,B01MFCPIBJ,excluded_non_gauge,False,XN-cable,0.90,20261002T123837-dd683fd
202609,CA,B01MQXWXC2,excluded_non_gauge,False,XN-scanner,0.90,20261002T123837-dd683fd
202609,CA,B01MRIZJET,excluded_non_gauge,False,XN-scanner,0.90,20261002T123837-dd683fd
202609,CA,B01MXDLAGN,excluded_non_gauge,False,XN-scanner,0.90,20261002T123837-dd683fd
202609,CA,B01MZ3ZURG,gauge_display,True,MAP,1.00,20261002T123837-dd683fd
202609,CA,B01N07PIRO,excluded_non_gauge,False,XN-cable,0.90,20261002T123837-dd683fd
202609,CA,B01N18TOFB,excluded_non_gauge,False,XN-scanner,0.90,20261002T123837-dd683fd
202609,CA,B01N3V50Q6,excluded_non_gauge,False,XN-cable,0.90,20261002T123837-dd683fd
202609,CA,B01N543GPO,excluded_non_gauge,False,XN-noscan,0.90,20261002T123837-dd683fd
202609,CA,B01N6RKE29,excluded_non_gauge,False,XN-scanner,0.90,20261002T123837-dd683fd
202609,CA,B06VW6HM8C,excluded_non_gauge,False,XN-scanner,0.90,20261002T123837-dd683fd
202609,CA,B06XG9BKRG,excluded_non_gauge,False,XN-scanner,0.90,20261002T123837-dd683fd
202609,CA,B06XGB4873,excluded_non_gauge,False,XN-scanner,0.90,20261002T123837-dd683fd
202609,CA,B06XGB4QL7,excluded_non_gauge,False,XN-scanner,0.90,20261002T123837-dd683fd
202609,CA,B06XGBKG8X,excluded_non_gauge,False,XN-scanner,0.90,20261002T123837-dd683fd
202609,CA,B06XJ6GQZX,excluded_non_gauge,False,XN-noscan,0.90,20261002T123837-dd683fd
202609,CA,B06XJHMTCJ,excluded_non_gauge,False,XN-scanner,0.90,20261002T123837-dd683fd
202609,CA,B06XP5XKRS,excluded_non_gauge,False,XN-scanner,0.90,20261002T123837-dd683fd
202609,CA,B06XWVYJGV,tuner_with_gauge_display,True,TD-bullydog,0.90,20261002T123837-dd683fd
202609,CA,B06XXBG8ZG,excluded_non_gauge,False,XN-scanner,0.90,20261002T123837-dd683fd
202609,CA,B06XYP84KM,excluded_non_gauge,False,XN-noscan,0.90,20261002T123837-dd683fd
202609,CA,B06XYP9P91,excluded_non_gauge,False,XN-cable,0.90,20261002T123837-dd683fd
202609,CA,B06Y2WRTDS,excluded_non_gauge,False,XN-noscan,0.90,20261002T123837-dd683fd
202609,CA,B06Y58DLNB,excluded_non_gauge,False,XN-scanner,0.90,20261002T123837-dd683fd
202609,CA,B06Y5ZGN7L,excluded_non_gauge,False,XN-scanner,0.90,20261002T123837-dd683fd
202609,CA,B0711LGRGQ,excluded_non_gauge,False,XN-cable,0.90,20261002T123837-dd683fd
202609,CA,B071D57S5H,excluded_non_gauge,False,XN-scanner,0.90,20261002T123837-dd683fd
202609,CA,B071FSNL73,excluded_non_gauge,False,XN-scanner,0.90,20261002T123837-dd683fd
202609,CA,B071HP9JFJ,excluded_non_gauge,False,XN-cable,0.90,20261002T123837-dd683fd
202609,CA,B071P3THRR,excluded_non_gauge,False,XN-scanner,0.90,20261002T123837-dd683fd
202609,CA,B071VYLP32,excluded_non_gauge,False,XN-scanner,0.90,20261002T123837-dd683fd
202609,CA,B0725Q6X7B,excluded_non_gauge,False,XN-scanner,0.90,20261002T123837-dd683fd
202609,CA,B072LTNXBS,excluded_non_gauge,False,XN-scanner,0.90,20261002T123837-dd683fd
202609,CA,B072MG3NVJ,excluded_non_gauge,False,XN-case,0.90,20261002T123837-dd683fd
202609,CA,B072R3BJYH,excluded_non_gauge,False,XN-scanner,0.90,20261002T123837-dd683fd
202609,CA,B072XH9GLW,excluded_non_gauge,False,XN-scanner,0.90,20261002T123837-dd683fd
202609,CA,B0739WS69C,excluded_non_gauge,False,XN-scanner,0.90,20261002T123837-dd683fd
202609,CA,B073CQMF25,excluded_non_gauge,False,XN-scanner,0.90,20261002T123837-dd683fd
202609,CA,B073CS2RLP,excluded_non_gauge,False,XN-scanner,0.90,20261002T123837-dd683fd
202609,CA,B073FHBFHD,excluded_non_gauge,False,XN-cable,0.90,20261002T123837-dd683fd
202609,CA,B073GW5MTS,excluded_non_gauge,False,XN-scanner,0.90,20261002T123837-dd683fd
202609,CA,B073RF7Z47,excluded_non_gauge,False,XN-scanner,0.90,20261002T123837-dd683fd
202609,CA,B073XKQQQW,excluded_non_gauge,False,XN-scanner,0.90,20261002T123837-dd683fd
202609,CA,B0744B55QV,excluded_non_gauge,False,XN-scanner,0.90,20261002T123837-dd683fd
202609,CA,B0744JBC7W,excluded_non_gauge,False,XN-scanner,0.90,20261002T123837-dd683fd
202609,CA,B0744M6K8N,excluded_non_gauge,False,XN-cable,0.90,20261002T123837-dd683fd
202609,CA,B074XD3TRS,excluded_non_gauge,False,XN-scanner,0.90,20261002T123837-dd683fd
202609,CA,B0751G1W5C,excluded_non_gauge,False,XN-scanner,0.90,20261002T123837-dd683fd
202609,CA,B0755N61PW,excluded_non_gauge,False,XN-scanner,0.90,20261002T123837-dd683fd
202609,CA,B075K7MQFC,excluded_non_gauge,False,XN-cable,0.90,20261002T123837-dd683fd
202609,CA,B075K9KVRF,excluded_non_gauge,False,XN-scanner,0.90,20261002T123837-dd683fd
202609,CA,B075KFDDYR,excluded_non_gauge,False,XN-cable,0.90,20261002T123837-dd683fd
202609,CA,B075L94758,excluded_non_gauge,False,XN-cable,0.90,20261002T123837-dd683fd
202609,CA,B075TF7SPP,excluded_non_gauge,False,XN-cable,0.90,20261002T123837-dd683fd
202609,CA,B0767QS8W3,excluded_non_gauge,False,XN-noscan,0.90,20261002T123837-dd683fd
202609,CA,B0768N6VVF,excluded_non_gauge,False,XN-noscan,0.90,20261002T123837-dd683fd
202609,CA,B076CD78HT,excluded_non_gauge,False,XN-scanner,0.90,20261002T123837-dd683fd
202609,CA,B076XVQMVS,excluded_non_gauge,False,XN-scanner,0.90,20261002T123837-dd683fd
202609,CA,B077SB3YQH,excluded_non_gauge,False,XN-scanner,0.90,20261002T123837-dd683fd
202609,CA,B077SHQQ1D,excluded_non_gauge,False,XN-scanner,0.90,20261002T123837-dd683fd
202609,CA,B077TYVN8C,excluded_non_gauge,False,XN-noscan,0.90,20261002T123837-dd683fd
202609,CA,B0784PC19Q,ambiguous,False,AMB,0.00,20261002T123837-dd683fd
202609,CA,B0784SQPC7,excluded_non_gauge,False,XN-cable,0.90,20261002T123837-dd683fd
202609,CA,B0787ZC4Z1,excluded_non_gauge,False,XN-scanner,0.90,20261002T123837-dd683fd
202609,CA,B078BHTCK1,excluded_non_gauge,False,XN-noscan,0.90,20261002T123837-dd683fd
202609,CA,B078CY6H6B,excluded_non_gauge,False,XN-noscan,0.90,20261002T123837-dd683fd
202609,CA,B078KJSX1P,excluded_non_gauge,False,XN-key,0.90,20261002T123837-dd683fd
202609,CA,B078NP9MQP,excluded_non_gauge,False,XN-scanner,0.90,20261002T123837-dd683fd
202609,CA,B0791C1VVD,excluded_non_gauge,False,XN-scanner,0.90,20261002T123837-dd683fd
202609,CA,B0791CDHS1,excluded_non_gauge,False,XN-scanner,0.90,20261002T123837-dd683fd
202609,CA,B0791CF7T7,excluded_non_gauge,False,XN-scanner,0.90,20261002T123837-dd683fd
202609,CA,B0792N8JP7,excluded_non_gauge,False,XN-cable,0.90,20261002T123837-dd683fd
202609,CA,B07994V1G5,excluded_non_gauge,False,XN-scanner,0.90,20261002T123837-dd683fd
202609,CA,B0799CYBLL,excluded_non_gauge,False,XN-noscan,0.90,20261002T123837-dd683fd
202609,CA,B079GXRV1M,excluded_non_gauge,False,XN-scanner,0.90,20261002T123837-dd683fd
202609,CA,B079KC43WG,excluded_non_gauge,False,XN-noscan,0.90,20261002T123837-dd683fd
202609,CA,B079Y6FP5W,excluded_non_gauge,False,XN-scanner,0.90,20261002T123837-dd683fd
202609,CA,B079Y72LR4,excluded_non_gauge,False,XN-scanner,0.90,20261002T123837-dd683fd
202609,CA,B079Z1C1GN,excluded_non_gauge,False,XN-noscan,0.90,20261002T123837-dd683fd
202609,CA,B079Z9T8LZ,excluded_non_gauge,False,XN-scanner,0.90,20261002T123837-dd683fd
202609,CA,B07B49PHXD,excluded_non_gauge,False,XN-case,0.90,20261002T123837-dd683fd
202609,CA,B07B8C8J8N,excluded_non_gauge,False,XN-noscan,0.90,20261002T123837-dd683fd
202609,CA,B07B8FV26L,excluded_non_gauge,False,XN-scanner,0.90,20261002T123837-dd683fd
202609,CA,B07B8NP6DL,excluded_non_gauge,False,XN-scanner,0.90,20261002T123837-dd683fd
202609,CA,B07BF9NQPX,excluded_non_gauge,False,XN-case,0.90,20261002T123837-dd683fd
202609,CA,B07BKTFMD2,excluded_non_gauge,False,XN-case,0.90,20261002T123837-dd683fd
202609,CA,B07BNXNNMS,excluded_non_gauge,False,XN-case,0.90,20261002T123837-dd683fd
202609,CA,B07BQQFDKQ,excluded_non_gauge,False,XN-scanner,0.90,20261002T123837-dd683fd
202609,CA,B07BS7PDC2,excluded_non_gauge,False,XN-scanner,0.90,20261002T123837-dd683fd
202609,CA,B07BW7SSSC,excluded_non_gauge,False,XN-cable,0.90,20261002T123837-dd683fd
202609,CA,B07C472G5Z,excluded_non_gauge,False,XN-bulk,0.90,20261002T123837-dd683fd
202609,CA,B07C5V6H1X,excluded_non_gauge,False,XN-case,0.90,20261002T123837-dd683fd
202609,CA,B07CFVD2P3,excluded_non_gauge,False,XN-bulk,0.90,20261002T123837-dd683fd
202609,CA,B07CH4D68Q,excluded_non_gauge,False,XN-scanner,0.90,20261002T123837-dd683fd
202609,CA,B07CK1RMYN,excluded_non_gauge,False,XN-cable,0.90,20261002T123837-dd683fd
202609,CA,B07CKGPSS6,excluded_non_gauge,False,XN-noscan,0.90,20261002T123837-dd683fd
202609,CA,B07CP5ZJVQ,excluded_non_gauge,False,XN-scanner,0.90,20261002T123837-dd683fd
202609,CA,B07CSMJJK9,excluded_non_gauge,False,XN-srs,0.90,20261002T123837-dd683fd
202609,CA,B07CTYQPF6,excluded_non_gauge,False,XN-scanner,0.90,20261002T123837-dd683fd
202609,CA,B07CXCWX4J,excluded_non_gauge,False,XN-scanner,0.90,20261002T123837-dd683fd
202609,CA,B07CZRRRWV,excluded_non_gauge,False,XN-noscan,0.90,20261002T123837-dd683fd
202609,CA,B07CZZBY92,excluded_non_gauge,False,XN-bulk,0.90,20261002T123837-dd683fd
202609,CA,B07D1KH9SC,excluded_non_gauge,False,XN-scanner,0.90,20261002T123837-dd683fd
202609,CA,B07D2FRF7S,excluded_non_gauge,False,XN-scanner,0.90,20261002T123837-dd683fd
202609,CA,B07D8RHBNB,excluded_non_gauge,False,XN-noscan,0.90,20261002T123837-dd683fd
202609,CA,B07DFSQHBX,excluded_non_gauge,False,XN-scanner,0.90,20261002T123837-dd683fd
202609,CA,B07DFZXXZH,excluded_non_gauge,False,XN-cable,0.90,20261002T123837-dd683fd
202609,CA,B07DKCBGJZ,excluded_non_gauge,False,XN-noscan,0.90,20261002T123837-dd683fd
202609,CA,B07DKVCC91,excluded_non_gauge,False,XN-scanner,0.90,20261002T123837-dd683fd
202609,CA,B07DKYCF2F,excluded_non_gauge,False,XN-cable,0.90,20261002T123837-dd683fd
202609,CA,B07DVNRHP9,excluded_non_gauge,False,XN-scanner,0.90,20261002T123837-dd683fd
202609,CA,B07DZXXG72,excluded_non_gauge,False,XN-cable,0.90,20261002T123837-dd683fd
202609,CA,B07F16HC12,excluded_non_gauge,False,XN-cable,0.90,20261002T123837-dd683fd
202609,CA,B07F1887MB,excluded_non_gauge,False,XN-cable,0.90,20261002T123837-dd683fd
202609,CA,B07F2WF96Y,excluded_non_gauge,False,XN-scanner,0.90,20261002T123837-dd683fd
202609,CA,B07F31NFDB,excluded_non_gauge,False,XN-scanner,0.90,20261002T123837-dd683fd
202609,CA,B07F36NJ5K,excluded_non_gauge,False,XN-scanner,0.90,20261002T123837-dd683fd
202609,CA,B07F3918N7,excluded_non_gauge,False,XN-srs,0.90,20261002T123837-dd683fd
202609,CA,B07F9V5NR6,excluded_non_gauge,False,XN-cable,0.90,20261002T123837-dd683fd
202609,CA,B07F9XPZ6W,excluded_non_gauge,False,XN-noscan,0.90,20261002T123837-dd683fd
202609,CA,B07FFF4457,gauge_display,True,MAP,1.00,20261002T123837-dd683fd
202609,CA,B07FFT8SCC,excluded_non_gauge,False,XN-scanner,0.90,20261002T123837-dd683fd
202609,CA,B07FKPX3ZC,excluded_non_gauge,False,XN-scanner,0.90,20261002T123837-dd683fd
202609,CA,B07FM656YW,excluded_non_gauge,False,XN-noscan,0.90,20261002T123837-dd683fd
202609,CA,B07FMSKLJK,excluded_non_gauge,False,XN-cable,0.90,20261002T123837-dd683fd
202609,CA,B07G114YMD,excluded_non_gauge,False,XN-scanner,0.90,20261002T123837-dd683fd
202609,CA,B07G3V17VH,excluded_non_gauge,False,XN-scanner,0.90,20261002T123837-dd683fd
202609,CA,B07G8QYRSN,excluded_non_gauge,False,XN-scanner,0.90,20261002T123837-dd683fd
202609,CA,B07GBVVSP2,excluded_non_gauge,False,XN-cable,0.90,20261002T123837-dd683fd
202609,CA,B07GR15HCW,excluded_non_gauge,False,XN-memsaver,0.90,20261002T123837-dd683fd
202609,CA,B07GR5W9PV,excluded_non_gauge,False,XN-cable,0.90,20261002T123837-dd683fd
202609,CA,B07GRG44FP,excluded_non_gauge,False,XN-noscan,0.90,20261002T123837-dd683fd
202609,CA,B07GT1LX4K,excluded_non_gauge,False,XN-noscan,0.90,20261002T123837-dd683fd
202609,CA,B07GT2NPDN,excluded_non_gauge,False,XN-noscan,0.90,20261002T123837-dd683fd
202609,CA,B07GWR5DR2,excluded_non_gauge,False,XN-noscan,0.90,20261002T123837-dd683fd
202609,CA,B07GZBCH7K,excluded_non_gauge,False,XN-scanner,0.90,20261002T123837-dd683fd
202609,CA,B07H7FWP24,excluded_non_gauge,False,XN-scanner,0.90,20261002T123837-dd683fd
202609,CA,B07H7G2C34,excluded_non_gauge,False,XN-cable,0.90,20261002T123837-dd683fd
202609,CA,B07HGZZCLX,excluded_non_gauge,False,XN-scanner,0.90,20261002T123837-dd683fd
202609,CA,B07HQ8XKN9,excluded_non_gauge,False,XN-scanner,0.90,20261002T123837-dd683fd
202609,CA,B07HX5QHKV,excluded_non_gauge,False,XN-scanner,0.90,20261002T123837-dd683fd
202609,CA,B07JB7GMBB,excluded_non_gauge,False,XN-scanner,0.90,20261002T123837-dd683fd
202609,CA,B07JFRFJG6,excluded_non_gauge,False,XN-scanner,0.90,20261002T123837-dd683fd
202609,CA,B07JGCKP5F,excluded_non_gauge,False,XN-cable,0.90,20261002T123837-dd683fd
202609,CA,B07JMSJJ7R,excluded_non_gauge,False,XN-cable,0.90,20261002T123837-dd683fd
202609,CA,B07JQ8GNTR,excluded_non_gauge,False,XN-cable,0.90,20261002T123837-dd683fd
202609,CA,B07JWFJ6DH,excluded_non_gauge,False,XN-cable,0.90,20261002T123837-dd683fd
202609,CA,B07JYFD5TJ,excluded_non_gauge,False,XN-cable,0.90,20261002T123837-dd683fd
202609,CA,B07K7WGNP4,excluded_non_gauge,False,XN-case,0.90,20261002T123837-dd683fd
202609,CA,B07KCN69LJ,excluded_non_gauge,False,XN-memsaver,0.90,20261002T123837-dd683fd
202609,CA,B07KG1BB11,excluded_non_gauge,False,XN-case,0.90,20261002T123837-dd683fd
202609,CA,B07KGJBKXL,excluded_non_gauge,False,XN-noscan,0.90,20261002T123837-dd683fd
202609,CA,B07KGP7RKP,excluded_non_gauge,False,XN-cable,0.90,20261002T123837-dd683fd
202609,CA,B07KGV1W55,excluded_app_dongle,False,MAP,1.00,20261002T123837-dd683fd
202609,CA,B07KMGV44D,excluded_non_gauge,False,XN-scanner,0.90,20261002T123837-dd683fd
202609,CA,B07KPGZPLL,excluded_non_gauge,False,XN-scanner,0.90,20261002T123837-dd683fd
202609,CA,B07KR4GZXN,excluded_non_gauge,False,XN-scanner,0.90,20261002T123837-dd683fd
202609,CA,B07KYNMZQ7,excluded_non_gauge,False,XN-scanner,0.90,20261002T123837-dd683fd
202609,CA,B07L2XCXN7,excluded_non_gauge,False,XN-scanner,0.90,20261002T123837-dd683fd
202609,CA,B07L498NGZ,excluded_non_gauge,False,XN-noscan,0.90,20261002T123837-dd683fd
202609,CA,B07L6WWL62,excluded_non_gauge,False,XN-scanner,0.90,20261002T123837-dd683fd
202609,CA,B07L8W2856,excluded_non_gauge,False,XN-noscan,0.90,20261002T123837-dd683fd
202609,CA,B07LBLLQ5F,excluded_non_gauge,False,XN-scanner,0.90,20261002T123837-dd683fd
202609,CA,B07M66RH77,excluded_non_gauge,False,XN-scanner,0.90,20261002T123837-dd683fd
202609,CA,B07M6XNX6P,excluded_non_gauge,False,XN-cable,0.90,20261002T123837-dd683fd
202609,CA,B07M9YWJ65,excluded_non_gauge,False,XN-cable,0.90,20261002T123837-dd683fd
202609,CA,B07MF9T19Q,excluded_non_gauge,False,XN-cable,0.90,20261002T123837-dd683fd
202609,CA,B07MLVFNJQ,excluded_non_gauge,False,XN-breakout,0.90,20261002T123837-dd683fd
202609,CA,B07MP53PSV,excluded_non_gauge,False,XN-cable,0.90,20261002T123837-dd683fd
202609,CA,B07MQ8GHG3,excluded_non_gauge,False,XN-scanner,0.90,20261002T123837-dd683fd
202609,CA,B07MQSZMWC,excluded_non_gauge,False,XN-cable,0.90,20261002T123837-dd683fd
202609,CA,B07MSM8MKK,excluded_non_gauge,False,XN-cable,0.90,20261002T123837-dd683fd
202609,CA,B07MV26KVM,excluded_non_gauge,False,XN-scanner,0.90,20261002T123837-dd683fd
202609,CA,B07MX6VL3V,excluded_non_gauge,False,XN-cable,0.90,20261002T123837-dd683fd
202609,CA,B07MZ61DJH,excluded_non_gauge,False,XN-cable,0.90,20261002T123837-dd683fd
202609,CA,B07N3B1CJ5,excluded_non_gauge,False,XN-cable,0.90,20261002T123837-dd683fd
202609,CA,B07N66TTQG,excluded_non_gauge,False,XN-scanner,0.90,20261002T123837-dd683fd
202609,CA,B07N6H7VH9,excluded_non_gauge,False,XN-scanner,0.90,20261002T123837-dd683fd
202609,CA,B07NBYWXHL,excluded_non_gauge,False,XN-cable,0.90,20261002T123837-dd683fd
202609,CA,B07NDD26JH,excluded_non_gauge,False,XN-noscan,0.90,20261002T123837-dd683fd
202609,CA,B07PFHWHXD,excluded_non_gauge,False,XN-scanner,0.90,20261002T123837-dd683fd
202609,CA,B07PGDD6ZN,excluded_non_gauge,False,XN-scanner,0.90,20261002T123837-dd683fd
202609,CA,B07PGH6R7V,excluded_non_gauge,False,XN-noscan,0.90,20261002T123837-dd683fd
202609,CA,B07PK1HKRG,excluded_non_gauge,False,XN-cable,0.90,20261002T123837-dd683fd
202609,CA,B07PM6RG19,excluded_non_gauge,False,XN-cable,0.90,20261002T123837-dd683fd
202609,CA,B07PP1MKM6,excluded_non_gauge,False,XN-protector,0.90,20261002T123837-dd683fd
202609,CA,B07PQ878S5,excluded_non_gauge,False,XN-scanner,0.90,20261002T123837-dd683fd
202609,CA,B07PR3BNX3,excluded_non_gauge,False,XN-scanner,0.90,20261002T123837-dd683fd
202609,CA,B07PRX4HZ2,excluded_non_gauge,False,XN-scanner,0.90,20261002T123837-dd683fd
202609,CA,B07PXQVKBY,excluded_non_gauge,False,XN-scanner,0.90,20261002T123837-dd683fd
202609,CA,B07PYGGVKW,excluded_non_gauge,False,XN-cable,0.90,20261002T123837-dd683fd
202609,CA,B07Q2L41VJ,excluded_non_gauge,False,XN-case,0.90,20261002T123837-dd683fd
202609,CA,B07Q2LMS7J,excluded_non_gauge,False,XN-scanner,0.90,20261002T123837-dd683fd
202609,CA,B07Q4JJYPV,excluded_non_gauge,False,XN-srs,0.90,20261002T123837-dd683fd
202609,CA,B07Q5H7M5S,excluded_non_gauge,False,XN-scanner,0.90,20261002T123837-dd683fd
202609,CA,B07QG1NNS1,excluded_non_gauge,False,XN-power,0.90,20261002T123837-dd683fd
202609,CA,B07QG8KQ96,excluded_non_gauge,False,XN-scanner,0.90,20261002T123837-dd683fd
202609,CA,B07QLSH92P,excluded_non_gauge,False,XN-memsaver,0.90,20261002T123837-dd683fd
202609,CA,B07QNSP315,excluded_non_gauge,False,XN-cable,0.90,20261002T123837-dd683fd
202609,CA,B07QRVHS2Z,excluded_non_gauge,False,XN-noscan,0.90,20261002T123837-dd683fd
202609,CA,B07QRYR288,excluded_non_gauge,False,XN-scanner,0.90,20261002T123837-dd683fd
202609,CA,B07QSTC4HX,excluded_non_gauge,False,XN-noscan,0.90,20261002T123837-dd683fd
202609,CA,B07QTJCDVK,excluded_non_gauge,False,XN-scanner,0.90,20261002T123837-dd683fd
202609,CA,B07QVXGY16,excluded_non_gauge,False,XN-scanner,0.90,20261002T123837-dd683fd
202609,CA,B07QW18S12,excluded_non_gauge,False,XN-scanner,0.90,20261002T123837-dd683fd
202609,CA,B07QYWKVMF,excluded_non_gauge,False,XN-scanner,0.90,20261002T123837-dd683fd
202609,CA,B07QZBY49X,excluded_non_gauge,False,XN-scanner,0.90,20261002T123837-dd683fd
202609,CA,B07QZZKVYG,excluded_non_gauge,False,XN-scanner,0.90,20261002T123837-dd683fd
202609,CA,B07R6H1373,excluded_non_gauge,False,XN-noscan,0.90,20261002T123837-dd683fd
202609,CA,B07R7VL1C2,excluded_non_gauge,False,XN-cable,0.90,20261002T123837-dd683fd
202609,CA,B07RBL54LW,excluded_non_gauge,False,XN-cable,0.90,20261002T123837-dd683fd
202609,CA,B07RK6CR4B,excluded_non_gauge,False,XN-scanner,0.90,20261002T123837-dd683fd
202609,CA,B07RMXBTG8,excluded_non_gauge,False,XN-cable,0.90,20261002T123837-dd683fd
202609,CA,B07RZQRBC3,excluded_non_gauge,False,XN-trailer,0.90,20261002T123837-dd683fd
202609,CA,B07S85FNV4,excluded_non_gauge,False,XN-scanner,0.90,20261002T123837-dd683fd
202609,CA,B07S9CGVV6,excluded_non_gauge,False,XN-noscan,0.90,20261002T123837-dd683fd
202609,CA,B07SBG6V53,excluded_non_gauge,False,XN-noscan,0.90,20261002T123837-dd683fd
202609,CA,B07SPHXMKC,excluded_non_gauge,False,XN-noscan,0.90,20261002T123837-dd683fd
202609,CA,B07SPHXTHB,excluded_non_gauge,False,XN-noscan,0.90,20261002T123837-dd683fd
202609,CA,B07SX7QHS9,excluded_non_gauge,False,XN-scanner,0.90,20261002T123837-dd683fd
202609,CA,B07SZLZYWL,excluded_non_gauge,False,XN-scanner,0.90,20261002T123837-dd683fd
202609,CA,B07T1G5JB6,excluded_non_gauge,False,XN-cable,0.90,20261002T123837-dd683fd
202609,CA,B07T1WS6J8,excluded_non_gauge,False,XN-noscan,0.90,20261002T123837-dd683fd
202609,CA,B07T2GW9VV,excluded_non_gauge,False,XN-cable,0.90,20261002T123837-dd683fd
202609,CA,B07T9J34HT,excluded_non_gauge,False,XN-scanner,0.90,20261002T123837-dd683fd
202609,CA,B07TZRN9YM,excluded_non_gauge,False,XN-scanner,0.90,20261002T123837-dd683fd
202609,CA,B07V39YPF7,excluded_non_gauge,False,XN-noscan,0.90,20261002T123837-dd683fd
202609,CA,B07V3C47YD,excluded_non_gauge,False,XN-noscan,0.90,20261002T123837-dd683fd
202609,CA,B07V8KL9H9,excluded_non_gauge,False,XN-cable,0.90,20261002T123837-dd683fd
202609,CA,B07V8L3W1S,excluded_non_gauge,False,XN-noscan,0.90,20261002T123837-dd683fd
202609,CA,B07V9W69JB,excluded_non_gauge,False,XN-cable,0.90,20261002T123837-dd683fd
202609,CA,B07V9X4P5N,excluded_non_gauge,False,XN-cable,0.90,20261002T123837-dd683fd
202609,CA,B07VDKGK4T,excluded_non_gauge,False,XN-scanner,0.90,20261002T123837-dd683fd
202609,CA,B07VHNPDY2,excluded_non_gauge,False,XN-noscan,0.90,20261002T123837-dd683fd
202609,CA,B07VJJ58YH,excluded_non_gauge,False,XN-noscan,0.90,20261002T123837-dd683fd
202609,CA,B07VJM5MMY,excluded_non_gauge,False,XN-scanner,0.90,20261002T123837-dd683fd
202609,CA,B07VS478FJ,excluded_non_gauge,False,XN-noscan,0.90,20261002T123837-dd683fd
202609,CA,B07VZFHJ6H,excluded_non_gauge,False,XN-scanner,0.90,20261002T123837-dd683fd
202609,CA,B07W48NJSZ,excluded_non_gauge,False,XN-cable,0.90,20261002T123837-dd683fd
202609,CA,B07W4YF2H7,excluded_non_gauge,False,XN-noscan,0.90,20261002T123837-dd683fd
202609,CA,B07W6YYLY8,excluded_non_gauge,False,XN-scanner,0.90,20261002T123837-dd683fd
202609,CA,B07W7XVBS9,excluded_non_gauge,False,XN-memsaver,0.90,20261002T123837-dd683fd
202609,CA,B07W92XLR5,excluded_non_gauge,False,XN-noscan,0.90,20261002T123837-dd683fd
202609,CA,B07WCBL7WN,excluded_non_gauge,False,XN-noscan,0.90,20261002T123837-dd683fd
202609,CA,B07WD9B7GR,excluded_non_gauge,False,XN-scanner,0.90,20261002T123837-dd683fd
202609,CA,B07WGGK1CW,excluded_non_gauge,False,XN-scanner,0.90,20261002T123837-dd683fd
202609,CA,B07WNS5HR8,excluded_non_gauge,False,XN-noscan,0.90,20261002T123837-dd683fd
202609,CA,B07WR7P3FF,excluded_non_gauge,False,XN-scanner,0.90,20261002T123837-dd683fd
202609,CA,B07WRPNHNY,excluded_non_gauge,False,XN-scanner,0.90,20261002T123837-dd683fd
202609,CA,B07WZYXV1T,excluded_non_gauge,False,XN-cable,0.90,20261002T123837-dd683fd
202609,CA,B07X2W1WSY,excluded_non_gauge,False,XN-scanner,0.90,20261002T123837-dd683fd
202609,CA,B07X5KL4LT,excluded_non_gauge,False,XN-memsaver,0.90,20261002T123837-dd683fd
202609,CA,B07X5VQ5DC,excluded_non_gauge,False,XN-scanner,0.90,20261002T123837-dd683fd
202609,CA,B07X9JQSGZ,excluded_non_gauge,False,XN-scanner,0.90,20261002T123837-dd683fd
202609,CA,B07XK1P8ZT,excluded_non_gauge,False,XN-scanner,0.90,20261002T123837-dd683fd
202609,CA,B07XL3HK8W,excluded_non_gauge,False,XN-scanner,0.90,20261002T123837-dd683fd
202609,CA,B07XQB9M96,excluded_non_gauge,False,XN-scanner,0.90,20261002T123837-dd683fd
202609,CA,B07XQGZMV9,excluded_non_gauge,False,XN-scanner,0.90,20261002T123837-dd683fd
202609,CA,B07XQJCV4H,excluded_non_gauge,False,XN-scanner,0.90,20261002T123837-dd683fd
202609,CA,B07XQJG3N7,excluded_non_gauge,False,XN-scanner,0.90,20261002T123837-dd683fd
202609,CA,B07XQJG3NB,excluded_non_gauge,False,XN-scanner,0.90,20261002T123837-dd683fd
202609,CA,B07XQKD2DG,excluded_non_gauge,False,XN-scanner,0.90,20261002T123837-dd683fd
202609,CA,B07XQKDPJT,excluded_non_gauge,False,XN-scanner,0.90,20261002T123837-dd683fd
202609,CA,B07XQLXP66,excluded_non_gauge,False,XN-srs,0.90,20261002T123837-dd683fd
202609,CA,B07XQM5RD2,excluded_non_gauge,False,XN-scanner,0.90,20261002T123837-dd683fd
202609,CA,B07Y1VNQPG,excluded_non_gauge,False,XN-scanner,0.90,20261002T123837-dd683fd
202609,CA,B07Y542G2Q,excluded_non_gauge,False,XN-cable,0.90,20261002T123837-dd683fd
202609,CA,B07Y8HLS33,excluded_non_gauge,False,XN-scanner,0.90,20261002T123837-dd683fd
202609,CA,B07YB1NJN2,excluded_non_gauge,False,XN-scanner,0.90,20261002T123837-dd683fd
202609,CA,B07YB8TF9D,excluded_non_gauge,False,XN-cable,0.90,20261002T123837-dd683fd
202609,CA,B07YBKRKKC,excluded_non_gauge,False,MAP,1.00,20261002T123837-dd683fd
202609,CA,B07YD6ZXTZ,excluded_non_gauge,False,XN-scanner,0.90,20261002T123837-dd683fd
202609,CA,B07YDCRTSD,excluded_non_gauge,False,XN-scanner,0.90,20261002T123837-dd683fd
202609,CA,B07YDP2JTP,excluded_non_gauge,False,XN-scanner,0.90,20261002T123837-dd683fd
202609,CA,B07YJBZ638,excluded_non_gauge,False,XN-scanner,0.90,20261002T123837-dd683fd
202609,CA,B07Z3HB7DR,excluded_non_gauge,False,XN-scanner,0.90,20261002T123837-dd683fd
202609,CA,B07Z46L5FG,excluded_non_gauge,False,XN-scanner,0.90,20261002T123837-dd683fd
202609,CA,B07Z481NJM,excluded_non_gauge,False,XN-scanner,0.90,20261002T123837-dd683fd
202609,CA,B07Z48NKF1,excluded_non_gauge,False,XN-scanner,0.90,20261002T123837-dd683fd
202609,CA,B07Z5JS7B9,excluded_non_gauge,False,XN-scanner,0.90,20261002T123837-dd683fd
202609,CA,B07Z945XG4,excluded_non_gauge,False,XN-cable,0.90,20261002T123837-dd683fd
202609,CA,B07ZCC8QG9,excluded_non_gauge,False,XN-scanner,0.90,20261002T123837-dd683fd
202609,CA,B07ZD8T8K9,excluded_non_gauge,False,XN-scanner,0.90,20261002T123837-dd683fd
202609,CA,B07ZJ3V5J3,excluded_non_gauge,False,XN-scanner,0.90,20261002T123837-dd683fd
202609,CA,B07ZJ46YV3,excluded_non_gauge,False,XN-noscan,0.90,20261002T123837-dd683fd
202609,CA,B07ZKZ4KDL,excluded_non_gauge,False,XN-cable,0.90,20261002T123837-dd683fd
202609,CA,B07ZL746BR,excluded_non_gauge,False,XN-scanner,0.90,20261002T123837-dd683fd
202609,CA,B07ZL7CLYR,excluded_non_gauge,False,XN-scanner,0.90,20261002T123837-dd683fd
202609,CA,B07ZVCCZ1H,excluded_non_gauge,False,XN-cable,0.90,20261002T123837-dd683fd
202609,CA,B07ZVFHR7J,excluded_non_gauge,False,XN-cable,0.90,20261002T123837-dd683fd
202609,CA,B0817D2L9J,excluded_non_gauge,False,XN-noscan,0.90,20261002T123837-dd683fd
202609,CA,B081B3X6GN,excluded_non_gauge,False,XN-scanner,0.90,20261002T123837-dd683fd
202609,CA,B081B49B8M,excluded_non_gauge,False,XN-scanner,0.90,20261002T123837-dd683fd
202609,CA,B081N7G2BR,excluded_non_gauge,False,XN-noscan,0.90,20261002T123837-dd683fd
202609,CA,B081VQVD3F,excluded_non_gauge,False,XN-noscan,0.90,20261002T123837-dd683fd
202609,CA,B081ZBQDDY,excluded_non_gauge,False,XN-cable,0.90,20261002T123837-dd683fd
202609,CA,B0826N28PJ,excluded_non_gauge,False,XN-cable,0.90,20261002T123837-dd683fd
202609,CA,B0828YHWFG,excluded_non_gauge,False,XN-cable,0.90,20261002T123837-dd683fd
202609,CA,B08291F87X,excluded_non_gauge,False,XN-cable,0.90,20261002T123837-dd683fd
202609,CA,B082JR9QKK,excluded_non_gauge,False,XN-scanner,0.90,20261002T123837-dd683fd
202609,CA,B082MCG82X,excluded_non_gauge,False,XN-scanner,0.90,20261002T123837-dd683fd
202609,CA,B082MMNL78,excluded_non_gauge,False,XN-scanner,0.90,20261002T123837-dd683fd
202609,CA,B082PTBZ6K,excluded_non_gauge,False,XN-noscan,0.90,20261002T123837-dd683fd
202609,CA,B082X38C7G,excluded_non_gauge,False,XN-scanner,0.90,20261002T123837-dd683fd
202609,CA,B082XD79RG,excluded_non_gauge,False,XN-scanner,0.90,20261002T123837-dd683fd
202609,CA,B083DPHDL5,excluded_non_gauge,False,XN-cable,0.90,20261002T123837-dd683fd
202609,CA,B083FML519,excluded_non_gauge,False,XN-scanner,0.90,20261002T123837-dd683fd
202609,CA,B083JTPVWB,excluded_non_gauge,False,XN-scanner,0.90,20261002T123837-dd683fd
202609,CA,B083JTR84L,excluded_non_gauge,False,XN-scanner,0.90,20261002T123837-dd683fd
202609,CA,B083NPHZ3P,excluded_non_gauge,False,XN-noscan,0.90,20261002T123837-dd683fd
202609,CA,B083ZJPTR4,excluded_non_gauge,False,XN-noscan,0.90,20261002T123837-dd683fd
202609,CA,B08417F7JN,excluded_non_gauge,False,XN-scanner,0.90,20261002T123837-dd683fd
202609,CA,B084H75MZ3,excluded_non_gauge,False,XN-scanner,0.90,20261002T123837-dd683fd
202609,CA,B084SV4BNT,excluded_non_gauge,False,XN-scanner,0.90,20261002T123837-dd683fd
202609,CA,B084SVFWFM,excluded_non_gauge,False,XN-srs,0.90,20261002T123837-dd683fd
202609,CA,B084SVS383,excluded_non_gauge,False,XN-scanner,0.90,20261002T123837-dd683fd
202609,CA,B084SVSFZY,excluded_non_gauge,False,XN-noscan,0.90,20261002T123837-dd683fd
202609,CA,B084SW4K8J,excluded_non_gauge,False,XN-srs,0.90,20261002T123837-dd683fd
202609,CA,B084SWJL4J,excluded_non_gauge,False,XN-scanner,0.90,20261002T123837-dd683fd
202609,CA,B085351MLQ,excluded_non_gauge,False,XN-cable,0.90,20261002T123837-dd683fd
202609,CA,B0859H21JQ,excluded_non_gauge,False,XN-cable,0.90,20261002T123837-dd683fd
202609,CA,B085B14JFZ,excluded_non_gauge,False,MAP,1.00,20261002T123837-dd683fd
202609,CA,B085TG89H4,excluded_non_gauge,False,XN-srs,0.90,20261002T123837-dd683fd
202609,CA,B0865T8MRD,excluded_non_gauge,False,XN-noscan,0.90,20261002T123837-dd683fd
202609,CA,B08694LQR1,excluded_non_gauge,False,XN-scanner,0.90,20261002T123837-dd683fd
202609,CA,B086DRGM15,excluded_non_gauge,False,XN-scanner,0.90,20261002T123837-dd683fd
202609,CA,B086Q1CYK7,excluded_non_gauge,False,XN-cable,0.90,20261002T123837-dd683fd
202609,CA,B086SCZNYW,excluded_non_gauge,False,XN-scanner,0.90,20261002T123837-dd683fd
202609,CA,B08784HV7R,excluded_non_gauge,False,XN-cable,0.90,20261002T123837-dd683fd
202609,CA,B08786TN7Q,excluded_non_gauge,False,XN-cable,0.90,20261002T123837-dd683fd
202609,CA,B087CXYZ3Y,excluded_non_gauge,False,XN-cable,0.90,20261002T123837-dd683fd
202609,CA,B087D2LJ5M,excluded_non_gauge,False,XN-scanner,0.90,20261002T123837-dd683fd
202609,CA,B087JF1WZX,excluded_non_gauge,False,XN-cable,0.90,20261002T123837-dd683fd
202609,CA,B087P84G95,excluded_non_gauge,False,MAP,1.00,20261002T123837-dd683fd
202609,CA,B087PCCF93,excluded_non_gauge,False,XN-noscan,0.90,20261002T123837-dd683fd
202609,CA,B087WMGLF1,truck_gauge_monitor,True,MAP,1.00,20261002T123837-dd683fd
202609,CA,B088D2N4FV,excluded_non_gauge,False,XN-key,0.90,20261002T123837-dd683fd
202609,CA,B088LW211V,excluded_non_gauge,False,XN-scanner,0.90,20261002T123837-dd683fd
202609,CA,B088WS7J3N,excluded_non_gauge,False,XN-scanner,0.90,20261002T123837-dd683fd
202609,CA,B088YF1GGB,excluded_non_gauge,False,XN-cable,0.90,20261002T123837-dd683fd
202609,CA,B08925H3H1,excluded_non_gauge,False,XN-scanner,0.90,20261002T123837-dd683fd
202609,CA,B0893B863C,excluded_non_gauge,False,XN-cable,0.90,20261002T123837-dd683fd
202609,CA,B0893BJ3XN,excluded_non_gauge,False,XN-cable,0.90,20261002T123837-dd683fd
202609,CA,B0893CG3HF,excluded_non_gauge,False,XN-cable,0.90,20261002T123837-dd683fd
202609,CA,B08946R6MQ,excluded_non_gauge,False,XN-scanner,0.90,20261002T123837-dd683fd
202609,CA,B0895R2YMM,excluded_non_gauge,False,XN-noscan,0.90,20261002T123837-dd683fd
202609,CA,B0897PDPGH,excluded_non_gauge,False,MAP,1.00,20261002T123837-dd683fd
202609,CA,B089FBK9YT,excluded_non_gauge,False,XN-bulk,0.90,20261002T123837-dd683fd
202609,CA,B089GGR2GC,excluded_non_gauge,False,XN-scanner,0.90,20261002T123837-dd683fd
202609,CA,B089KD1L9Q,excluded_non_gauge,False,XN-scanner,0.90,20261002T123837-dd683fd
202609,CA,B089M629LG,excluded_non_gauge,False,XN-scanner,0.90,20261002T123837-dd683fd
202609,CA,B089VKS44X,gauge_display,True,GD-1,0.90,20261002T123837-dd683fd
202609,CA,B08B3SF98L,excluded_non_gauge,False,XN-cable,0.90,20261002T123837-dd683fd
202609,CA,B08B8KY6V6,excluded_non_gauge,False,XN-scanner,0.90,20261002T123837-dd683fd
202609,CA,B08BLKNGNG,excluded_non_gauge,False,XN-case,0.90,20261002T123837-dd683fd
202609,CA,B08BR4KY1G,excluded_non_gauge,False,XN-scanner,0.90,20261002T123837-dd683fd
202609,CA,B08BRF2SMM,excluded_non_gauge,False,XN-scanner,0.90,20261002T123837-dd683fd
202609,CA,B08BZG749D,excluded_non_gauge,False,XN-noscan,0.90,20261002T123837-dd683fd
202609,CA,B08CBV4S4W,excluded_non_gauge,False,XN-key,0.90,20261002T123837-dd683fd
202609,CA,B08CBW1343,excluded_non_gauge,False,XN-noscan,0.90,20261002T123837-dd683fd
202609,CA,B08CV22KTT,excluded_non_gauge,False,XN-scanner,0.90,20261002T123837-dd683fd
202609,CA,B08CWDH49C,excluded_non_gauge,False,XN-scanner,0.90,20261002T123837-dd683fd
202609,CA,B08D3X6QBZ,excluded_non_gauge,False,XN-scanner,0.90,20261002T123837-dd683fd
202609,CA,B08D6XH48B,excluded_non_gauge,False,XN-scanner,0.90,20261002T123837-dd683fd
202609,CA,B08D8QH4G3,excluded_non_gauge,False,XN-case,0.90,20261002T123837-dd683fd
202609,CA,B08DFYMTS6,excluded_non_gauge,False,XN-scanner,0.90,20261002T123837-dd683fd
202609,CA,B08DHZYDHS,excluded_non_gauge,False,XN-cable,0.90,20261002T123837-dd683fd
202609,CA,B08DXY5KVX,excluded_non_gauge,False,XN-noscan,0.90,20261002T123837-dd683fd
202609,CA,B08DY2G82C,excluded_non_gauge,False,XN-scanner,0.90,20261002T123837-dd683fd
202609,CA,B08F3LQ9KZ,excluded_non_gauge,False,XN-cable,0.90,20261002T123837-dd683fd
202609,CA,B08F4GGCD1,excluded_non_gauge,False,XN-scanner,0.90,20261002T123837-dd683fd
202609,CA,B08F5H63PR,excluded_non_gauge,False,XN-noscan,0.90,20261002T123837-dd683fd
202609,CA,B08F5J9DCN,excluded_non_gauge,False,MAP,1.00,20261002T123837-dd683fd
202609,CA,B08FBVP6LL,excluded_non_gauge,False,XN-bulk,0.90,20261002T123837-dd683fd
202609,CA,B08FCJYF32,excluded_non_gauge,False,XN-cable,0.90,20261002T123837-dd683fd
202609,CA,B08FHLY6VQ,excluded_non_gauge,False,XN-cable,0.90,20261002T123837-dd683fd
202609,CA,B08FSNVZVK,excluded_non_gauge,False,XN-scanner,0.90,20261002T123837-dd683fd
202609,CA,B08FSXYXLG,excluded_non_gauge,False,XN-scanner,0.90,20261002T123837-dd683fd
202609,CA,B08FTGBZ7Z,excluded_non_gauge,False,XN-cable,0.90,20261002T123837-dd683fd
202609,CA,B08FYCGY7V,excluded_non_gauge,False,MAP,1.00,20261002T123837-dd683fd
202609,CA,B08FZ46X2M,excluded_non_gauge,False,XN-scanner,0.90,20261002T123837-dd683fd
202609,CA,B08G12HG82,excluded_non_gauge,False,XN-cable,0.90,20261002T123837-dd683fd
202609,CA,B08G13QPXH,excluded_non_gauge,False,XN-cable,0.90,20261002T123837-dd683fd
202609,CA,B08GCBYCWP,excluded_non_gauge,False,XN-cable,0.90,20261002T123837-dd683fd
202609,CA,B08GDWF74C,excluded_non_gauge,False,XN-noscan,0.90,20261002T123837-dd683fd
202609,CA,B08GFPQFFZ,excluded_non_gauge,False,XN-noscan,0.90,20261002T123837-dd683fd
202609,CA,B08GKVSCWW,excluded_non_gauge,False,XN-scanner,0.90,20261002T123837-dd683fd
202609,CA,B08GLQVGRK,excluded_non_gauge,False,XN-scanner,0.90,20261002T123837-dd683fd
202609,CA,B08H8TKSW9,excluded_non_gauge,False,XN-noscan,0.90,20261002T123837-dd683fd
202609,CA,B08H8V4TZ1,excluded_non_gauge,False,XN-cable,0.90,20261002T123837-dd683fd
202609,CA,B08HGDW8W7,excluded_non_gauge,False,XN-scanner,0.90,20261002T123837-dd683fd
202609,CA,B08HV4JZBK,excluded_non_gauge,False,XN-cable,0.90,20261002T123837-dd683fd
202609,CA,B08JCP3VQQ,excluded_non_gauge,False,XN-scanner,0.90,20261002T123837-dd683fd
202609,CA,B08JGK8PPM,excluded_non_gauge,False,XN-scanner,0.90,20261002T123837-dd683fd
202609,CA,B08JQJH9FM,excluded_non_gauge,False,XN-noscan,0.90,20261002T123837-dd683fd
202609,CA,B08JVNX8GQ,excluded_non_gauge,False,XN-noscan,0.90,20261002T123837-dd683fd
202609,CA,B08KD1RLBQ,excluded_non_gauge,False,XN-cable,0.90,20261002T123837-dd683fd
202609,CA,B08KD7V5VZ,excluded_non_gauge,False,XN-cable,0.90,20261002T123837-dd683fd
202609,CA,B08KDK7R4L,excluded_non_gauge,False,XN-cable,0.90,20261002T123837-dd683fd
202609,CA,B08KTTCKJ8,excluded_non_gauge,False,MAP,1.00,20261002T123837-dd683fd
202609,CA,B08L4H9H4M,excluded_non_gauge,False,XN-breakout,0.90,20261002T123837-dd683fd
202609,CA,B08L6HHQ77,excluded_non_gauge,False,XN-scanner,0.90,20261002T123837-dd683fd
202609,CA,B08L7RRJ92,excluded_non_gauge,False,XN-scanner,0.90,20261002T123837-dd683fd
202609,CA,B08LDBSWWL,excluded_non_gauge,False,XN-scanner,0.90,20261002T123837-dd683fd
202609,CA,B08LDBYTFP,excluded_non_gauge,False,XN-scanner,0.90,20261002T123837-dd683fd
202609,CA,B08LV1NYK8,excluded_non_gauge,False,XN-noscan,0.90,20261002T123837-dd683fd
202609,CA,B08M64BKP6,excluded_non_gauge,False,XN-cable,0.90,20261002T123837-dd683fd
202609,CA,B08M9WV64P,excluded_non_gauge,False,XN-cluster,0.90,20261002T123837-dd683fd
202609,CA,B08ML7T7KZ,excluded_non_gauge,False,XN-scanner,0.90,20261002T123837-dd683fd
202609,CA,B08N67DC5D,excluded_non_gauge,False,XN-scanner,0.90,20261002T123837-dd683fd
202609,CA,B08N6RLC3R,excluded_non_gauge,False,XN-cable,0.90,20261002T123837-dd683fd
202609,CA,B08NFLL3NT,excluded_non_gauge,False,XN-scanner,0.90,20261002T123837-dd683fd
202609,CA,B08NK3DD76,excluded_non_gauge,False,XN-scanner,0.90,20261002T123837-dd683fd
202609,CA,B08NPTW8C4,excluded_non_gauge,False,XN-cable,0.90,20261002T123837-dd683fd
202609,CA,B08NWG8KXG,excluded_non_gauge,False,XN-cable,0.90,20261002T123837-dd683fd
202609,CA,B08NXX2MDY,excluded_non_gauge,False,XN-noscan,0.90,20261002T123837-dd683fd
202609,CA,B08P6HDWHS,excluded_non_gauge,False,XN-cluster,0.90,20261002T123837-dd683fd
202609,CA,B08PB6DHBS,excluded_non_gauge,False,XN-scanner,0.90,20261002T123837-dd683fd
202609,CA,B08PD7WNNF,excluded_non_gauge,False,XN-scanner,0.90,20261002T123837-dd683fd
202609,CA,B08PFJMTY3,excluded_non_gauge,False,XN-srs,0.90,20261002T123837-dd683fd
202609,CA,B08PFRSJB7,excluded_non_gauge,False,XN-scanner,0.90,20261002T123837-dd683fd
202609,CA,B08PKMFRX3,excluded_non_gauge,False,XN-breakout,0.90,20261002T123837-dd683fd
202609,CA,B08QGPX465,excluded_non_gauge,False,XN-noscan,0.90,20261002T123837-dd683fd
202609,CA,B08QHLC4GJ,excluded_non_gauge,False,XN-scanner,0.90,20261002T123837-dd683fd
202609,CA,B08QJQZ9HC,excluded_non_gauge,False,XN-noscan,0.90,20261002T123837-dd683fd
202609,CA,B08R3MHLG7,excluded_non_gauge,False,XN-scanner,0.90,20261002T123837-dd683fd
202609,CA,B08R9MG5JM,excluded_non_gauge,False,XN-scanner,0.90,20261002T123837-dd683fd
202609,CA,B08RHRRGK3,excluded_non_gauge,False,XN-cable,0.90,20261002T123837-dd683fd
202609,CA,B08S75C2FD,obd_hud,True,HO-1,0.90,20261002T123837-dd683fd
202609,CA,B08SBGVGKC,excluded_non_gauge,False,XN-scanner,0.90,20261002T123837-dd683fd
202609,CA,B08SQXZGWK,excluded_non_gauge,False,XN-noscan,0.90,20261002T123837-dd683fd
202609,CA,B08SVMQ8TL,excluded_non_gauge,False,XN-key,0.90,20261002T123837-dd683fd
202609,CA,B08T69LFMG,excluded_non_gauge,False,XN-cable,0.90,20261002T123837-dd683fd
202609,CA,B08T9SR9CF,excluded_non_gauge,False,XN-power,0.90,20261002T123837-dd683fd
202609,CA,B08TBRDH7W,excluded_non_gauge,False,XN-scanner,0.90,20261002T123837-dd683fd
202609,CA,B08TH32194,excluded_non_gauge,False,XN-scanner,0.90,20261002T123837-dd683fd
202609,CA,B08TWMTD35,excluded_non_gauge,False,XN-scanner,0.90,20261002T123837-dd683fd
202609,CA,B08TWMWZZR,excluded_non_gauge,False,XN-scanner,0.90,20261002T123837-dd683fd
202609,CA,B08V52GHM3,excluded_non_gauge,False,XN-key,0.90,20261002T123837-dd683fd
202609,CA,B08V59JNYP,excluded_non_gauge,False,XN-scanner,0.90,20261002T123837-dd683fd
202609,CA,B08V8L1VXB,excluded_non_gauge,False,XN-scanner,0.90,20261002T123837-dd683fd
202609,CA,B08VJKNKNF,excluded_non_gauge,False,XN-noscan,0.90,20261002T123837-dd683fd
202609,CA,B08W46D8HG,excluded_non_gauge,False,XN-protector,0.90,20261002T123837-dd683fd
202609,CA,B08XK3DJ42,excluded_non_gauge,False,XN-scanner,0.90,20261002T123837-dd683fd
202609,CA,B08XWFD3K8,excluded_non_gauge,False,XN-scanner,0.90,20261002T123837-dd683fd
202609,CA,B08Y4N33H7,excluded_non_gauge,False,XN-cable,0.90,20261002T123837-dd683fd
202609,CA,B08YJLFVW7,tuner_with_gauge_display,True,MAP,1.00,20261002T123837-dd683fd
202609,CA,B08YJQCTH2,tuner_with_gauge_display,True,TD-edge,0.90,20261002T123837-dd683fd
202609,CA,B08YNP8BRZ,excluded_non_gauge,False,XN-cable,0.90,20261002T123837-dd683fd
202609,CA,B08YRYP6P4,excluded_non_gauge,False,XN-noscan,0.90,20261002T123837-dd683fd
202609,CA,B08YWTJY4F,excluded_non_gauge,False,XN-scanner,0.90,20261002T123837-dd683fd
202609,CA,B08ZH9T8C7,excluded_non_gauge,False,XN-scanner,0.90,20261002T123837-dd683fd
202609,CA,B08ZHWHKPP,excluded_non_gauge,False,XN-scanner,0.90,20261002T123837-dd683fd
202609,CA,B08ZL4LRVK,excluded_non_gauge,False,XN-noscan,0.90,20261002T123837-dd683fd
202609,CA,B0912VKR3P,excluded_non_gauge,False,XN-breakout,0.90,20261002T123837-dd683fd
202609,CA,B09133ZB5X,excluded_non_gauge,False,XN-noscan,0.90,20261002T123837-dd683fd
202609,CA,B0914WNM4R,excluded_non_gauge,False,XN-noscan,0.90,20261002T123837-dd683fd
202609,CA,B09166FZJC,excluded_non_gauge,False,XN-scanner,0.90,20261002T123837-dd683fd
202609,CA,B0919L1NV9,excluded_non_gauge,False,XN-scanner,0.90,20261002T123837-dd683fd
202609,CA,B091BQNR3S,excluded_non_gauge,False,XN-scanner,0.90,20261002T123837-dd683fd
202609,CA,B091GN16HC,excluded_non_gauge,False,XN-scanner,0.90,20261002T123837-dd683fd
202609,CA,B091XZLY47,excluded_non_gauge,False,XN-scanner,0.90,20261002T123837-dd683fd
202609,CA,B091Y8JWWB,excluded_non_gauge,False,XN-cable,0.90,20261002T123837-dd683fd
202609,CA,B091Y8Q9WM,excluded_non_gauge,False,XN-cable,0.90,20261002T123837-dd683fd
202609,CA,B091Y8RS2R,excluded_non_gauge,False,XN-scanner,0.90,20261002T123837-dd683fd
202609,CA,B091Y9Y6PR,excluded_non_gauge,False,XN-cable,0.90,20261002T123837-dd683fd
202609,CA,B091YJ8M8H,excluded_non_gauge,False,XN-cable,0.90,20261002T123837-dd683fd
202609,CA,B091YLGJVW,excluded_non_gauge,False,XN-cable,0.90,20261002T123837-dd683fd
202609,CA,B0923QDXMG,excluded_non_gauge,False,XN-memsaver,0.90,20261002T123837-dd683fd
202609,CA,B092553F37,excluded_non_gauge,False,XN-scanner,0.90,20261002T123837-dd683fd
202609,CA,B093KK4KDP,excluded_non_gauge,False,XN-scanner,0.90,20261002T123837-dd683fd
202609,CA,B093X3S6QY,excluded_non_gauge,False,XN-noscan,0.90,20261002T123837-dd683fd
202609,CA,B0942HPCP4,excluded_non_gauge,False,XN-noscan,0.90,20261002T123837-dd683fd
202609,CA,B0946SXH46,excluded_non_gauge,False,XN-cable,0.90,20261002T123837-dd683fd
202609,CA,B094863K26,excluded_non_gauge,False,XN-noscan,0.90,20261002T123837-dd683fd
202609,CA,B094TTNPQJ,obd_gps_hud,True,MAP,1.00,20261002T123837-dd683fd
202609,CA,B094Z7PBLS,excluded_non_gauge,False,XN-noscan,0.90,20261002T123837-dd683fd
202609,CA,B0952P4MLP,excluded_non_gauge,False,XN-noscan,0.90,20261002T123837-dd683fd
202609,CA,B0957S3F3H,obd_gps_hud,True,MAP,1.00,20261002T123837-dd683fd
202609,CA,B095BKB4CB,excluded_non_gauge,False,XN-scanner,0.90,20261002T123837-dd683fd
202609,CA,B095HKWNPJ,obd_gps_hud,True,HG-1,0.90,20261002T123837-dd683fd
202609,CA,B095S14WD5,excluded_non_gauge,False,XN-scanner,0.90,20261002T123837-dd683fd
202609,CA,B096M6B2WJ,excluded_non_gauge,False,XN-breakout,0.90,20261002T123837-dd683fd
202609,CA,B09712X5CW,excluded_non_gauge,False,XN-scanner,0.90,20261002T123837-dd683fd
202609,CA,B0977HJB42,excluded_non_gauge,False,XN-scanner,0.90,20261002T123837-dd683fd
202609,CA,B0978PJFNS,excluded_non_gauge,False,XN-cable,0.90,20261002T123837-dd683fd
202609,CA,B097D8JHJG,excluded_non_gauge,False,XN-scanner,0.90,20261002T123837-dd683fd
202609,CA,B097NDDGYJ,excluded_non_gauge,False,XN-noscan,0.90,20261002T123837-dd683fd
202609,CA,B097NDT52H,excluded_non_gauge,False,XN-noscan,0.90,20261002T123837-dd683fd
202609,CA,B097NF3D6Q,excluded_non_gauge,False,XN-noscan,0.90,20261002T123837-dd683fd
202609,CA,B097NFJY7C,excluded_non_gauge,False,XN-noscan,0.90,20261002T123837-dd683fd
202609,CA,B097NFNZBG,excluded_non_gauge,False,XN-scanner,0.90,20261002T123837-dd683fd
202609,CA,B097NGHP7S,excluded_non_gauge,False,XN-scanner,0.90,20261002T123837-dd683fd
202609,CA,B097NH743T,excluded_non_gauge,False,XN-scanner,0.90,20261002T123837-dd683fd
202609,CA,B097NHQ7ZW,excluded_non_gauge,False,XN-scanner,0.90,20261002T123837-dd683fd
202609,CA,B097TG17T9,excluded_non_gauge,False,XN-scanner,0.90,20261002T123837-dd683fd
202609,CA,B098BK63PG,excluded_non_gauge,False,XN-scanner,0.90,20261002T123837-dd683fd
202609,CA,B098PYB8XG,excluded_non_gauge,False,XN-scanner,0.90,20261002T123837-dd683fd
202609,CA,B098XW1YBB,excluded_non_gauge,False,XN-scanner,0.90,20261002T123837-dd683fd
202609,CA,B0991RMRGK,excluded_non_gauge,False,XN-noscan,0.90,20261002T123837-dd683fd
202609,CA,B09B1VNZP7,excluded_non_gauge,False,XN-scanner,0.90,20261002T123837-dd683fd
202609,CA,B09B7G78B4,excluded_non_gauge,False,XN-scanner,0.90,20261002T123837-dd683fd
202609,CA,B09BJJ1RLC,excluded_non_gauge,False,XN-power,0.90,20261002T123837-dd683fd
202609,CA,B09BM9NTZ9,excluded_non_gauge,False,XN-case,0.90,20261002T123837-dd683fd
202609,CA,B09BPXMP57,excluded_non_gauge,False,XN-key,0.90,20261002T123837-dd683fd
202609,CA,B09CM3P2CK,excluded_non_gauge,False,XN-scanner,0.90,20261002T123837-dd683fd
202609,CA,B09CP4JVNX,excluded_non_gauge,False,XN-scanner,0.90,20261002T123837-dd683fd
202609,CA,B09CP98L8X,excluded_non_gauge,False,XN-scanner,0.90,20261002T123837-dd683fd
202609,CA,B09CTZM5Y6,excluded_non_gauge,False,XN-noscan,0.90,20261002T123837-dd683fd
202609,CA,B09D3HVDJX,excluded_non_gauge,False,XN-noscan,0.90,20261002T123837-dd683fd
202609,CA,B09D3LGLHQ,excluded_non_gauge,False,XN-cable,0.90,20261002T123837-dd683fd
202609,CA,B09D574Q3M,excluded_non_gauge,False,XN-scanner,0.90,20261002T123837-dd683fd
202609,CA,B09D7Q17YZ,excluded_non_gauge,False,XN-scanner,0.90,20261002T123837-dd683fd
202609,CA,B09DSWPPSR,excluded_non_gauge,False,XN-key,0.90,20261002T123837-dd683fd
202609,CA,B09DSZ2HMJ,excluded_non_gauge,False,XN-cable,0.90,20261002T123837-dd683fd
202609,CA,B09F2HJPBC,excluded_non_gauge,False,XN-scanner,0.90,20261002T123837-dd683fd
202609,CA,B09FGDJTR2,excluded_non_gauge,False,XN-noscan,0.90,20261002T123837-dd683fd
202609,CA,B09G9YL6SV,excluded_non_gauge,False,XN-scanner,0.90,20261002T123837-dd683fd
202609,CA,B09GBGNC87,excluded_non_gauge,False,XN-cable,0.90,20261002T123837-dd683fd
202609,CA,B09GV3MF4N,excluded_non_gauge,False,XN-scanner,0.90,20261002T123837-dd683fd
202609,CA,B09GX4PVQ1,excluded_non_gauge,False,XN-cable,0.90,20261002T123837-dd683fd
202609,CA,B09GYFFPK7,excluded_non_gauge,False,XN-scanner,0.90,20261002T123837-dd683fd
202609,CA,B09GZMM2GP,excluded_non_gauge,False,XN-scanner,0.90,20261002T123837-dd683fd
202609,CA,B09GZMSWYL,excluded_non_gauge,False,XN-scanner,0.90,20261002T123837-dd683fd
202609,CA,B09HV4RZ2V,excluded_non_gauge,False,XN-cable,0.90,20261002T123837-dd683fd
202609,CA,B09HVVFN9W,excluded_non_gauge,False,XN-scanner,0.90,20261002T123837-dd683fd
202609,CA,B09JG9L1QC,excluded_non_gauge,False,XN-scanner,0.90,20261002T123837-dd683fd
202609,CA,B09JSCN1LX,excluded_non_gauge,False,XN-cable,0.90,20261002T123837-dd683fd
202609,CA,B09K3B52Y5,excluded_non_gauge,False,XN-scanner,0.90,20261002T123837-dd683fd
202609,CA,B09KNDC9PP,excluded_non_gauge,False,XN-scanner,0.90,20261002T123837-dd683fd
202609,CA,B09KP2WPFH,excluded_non_gauge,False,XN-scanner,0.90,20261002T123837-dd683fd
202609,CA,B09KZTYD18,excluded_non_gauge,False,XN-scanner,0.90,20261002T123837-dd683fd
202609,CA,B09KZWP19M,excluded_non_gauge,False,XN-bulk,0.90,20261002T123837-dd683fd
202609,CA,B09KZZT818,excluded_non_gauge,False,XN-scanner,0.90,20261002T123837-dd683fd
202609,CA,B09L1514WP,excluded_non_gauge,False,XN-scanner,0.90,20261002T123837-dd683fd
202609,CA,B09L51SQ2J,excluded_non_gauge,False,XN-scanner,0.90,20261002T123837-dd683fd
202609,CA,B09LD27XKV,excluded_non_gauge,False,XN-scanner,0.90,20261002T123837-dd683fd
202609,CA,B09LFCRWXG,excluded_non_gauge,False,XN-memsaver,0.90,20261002T123837-dd683fd
202609,CA,B09LH3QFFQ,excluded_non_gauge,False,XN-scanner,0.90,20261002T123837-dd683fd
202609,CA,B09M45MLLZ,excluded_non_gauge,False,XN-cluster,0.90,20261002T123837-dd683fd
202609,CA,B09M8CPNBJ,excluded_non_gauge,False,XN-cable,0.90,20261002T123837-dd683fd
202609,CA,B09MJH93SR,excluded_non_gauge,False,XN-scanner,0.90,20261002T123837-dd683fd
202609,CA,B09MS9C6JF,excluded_non_gauge,False,XN-cluster,0.90,20261002T123837-dd683fd
202609,CA,B09MSBD34V,excluded_non_gauge,False,XN-scanner,0.90,20261002T123837-dd683fd
202609,CA,B09N9RMVFP,excluded_non_gauge,False,XN-noscan,0.90,20261002T123837-dd683fd
202609,CA,B09NBN9TL6,excluded_non_gauge,False,XN-scanner,0.90,20261002T123837-dd683fd
202609,CA,B09NBW6KCX,excluded_non_gauge,False,XN-scanner,0.90,20261002T123837-dd683fd
202609,CA,B09NBXCR24,excluded_non_gauge,False,XN-scanner,0.90,20261002T123837-dd683fd
202609,CA,B09NBXG91N,excluded_non_gauge,False,XN-noscan,0.90,20261002T123837-dd683fd
202609,CA,B09NDQ6RTF,excluded_non_gauge,False,XN-noscan,0.90,20261002T123837-dd683fd
202609,CA,B09NK3DLKL,excluded_non_gauge,False,XN-cable,0.90,20261002T123837-dd683fd
202609,CA,B09NL1D78Q,excluded_non_gauge,False,XN-scanner,0.90,20261002T123837-dd683fd
202609,CA,B09NNDZZ6T,excluded_non_gauge,False,XN-cable,0.90,20261002T123837-dd683fd
202609,CA,B09NW325DV,excluded_non_gauge,False,XN-scanner,0.90,20261002T123837-dd683fd
202609,CA,B09P9KG6GN,excluded_non_gauge,False,XN-scanner,0.90,20261002T123837-dd683fd
202609,CA,B09PHGZ9X6,excluded_non_gauge,False,XN-noscan,0.90,20261002T123837-dd683fd
202609,CA,B09PHLTG2X,excluded_non_gauge,False,XN-cable,0.90,20261002T123837-dd683fd
202609,CA,B09PKG2YTL,excluded_non_gauge,False,XN-scanner,0.90,20261002T123837-dd683fd
202609,CA,B09PYMMH86,excluded_non_gauge,False,XN-scanner,0.90,20261002T123837-dd683fd
202609,CA,B09PZTBMYH,excluded_non_gauge,False,XN-noscan,0.90,20261002T123837-dd683fd
202609,CA,B09Q5YGCNX,excluded_non_gauge,False,XN-cable,0.90,20261002T123837-dd683fd
202609,CA,B09QBTQFMD,excluded_non_gauge,False,XN-noscan,0.90,20261002T123837-dd683fd
202609,CA,B09QQJNLZT,excluded_non_gauge,False,XN-scanner,0.90,20261002T123837-dd683fd
202609,CA,B09QX69JQW,excluded_non_gauge,False,XN-scanner,0.90,20261002T123837-dd683fd
202609,CA,B09QX781WY,excluded_non_gauge,False,XN-scanner,0.90,20261002T123837-dd683fd
202609,CA,B09QX9TSQ2,excluded_non_gauge,False,XN-cable,0.90,20261002T123837-dd683fd
202609,CA,B09QXG3YV4,excluded_non_gauge,False,XN-cable,0.90,20261002T123837-dd683fd
202609,CA,B09R1GZGLR,excluded_non_gauge,False,XN-scanner,0.90,20261002T123837-dd683fd
202609,CA,B09R2BLGK8,excluded_non_gauge,False,XN-cable,0.90,20261002T123837-dd683fd
202609,CA,B09RH1X23F,excluded_non_gauge,False,XN-dashcam,0.90,20261002T123837-dd683fd
202609,CA,B09SNSJ2NB,excluded_non_gauge,False,XN-noscan,0.90,20261002T123837-dd683fd
202609,CA,B09SNVC9JR,excluded_non_gauge,False,XN-noscan,0.90,20261002T123837-dd683fd
202609,CA,B09SP5Z369,excluded_non_gauge,False,XN-noscan,0.90,20261002T123837-dd683fd
202609,CA,B09SP8F2X6,excluded_non_gauge,False,XN-noscan,0.90,20261002T123837-dd683fd
202609,CA,B09STQS4CD,excluded_non_gauge,False,XN-bulk,0.90,20261002T123837-dd683fd
202609,CA,B09T6SZ3ZJ,excluded_non_gauge,False,XN-power,0.90,20261002T123837-dd683fd
202609,CA,B09T8WNRLK,excluded_non_gauge,False,XN-cable,0.90,20261002T123837-dd683fd
202609,CA,B09T98XMLX,excluded_non_gauge,False,XN-cable,0.90,20261002T123837-dd683fd
202609,CA,B09TK8X25Y,excluded_non_gauge,False,XN-noscan,0.90,20261002T123837-dd683fd
202609,CA,B09TKKP22W,obd_gps_hud,True,HG-1,0.90,20261002T123837-dd683fd
202609,CA,B09TKZ5RF4,excluded_non_gauge,False,XN-cable,0.90,20261002T123837-dd683fd
202609,CA,B09TP8DLRN,obd_hud,True,HO-1,0.90,20261002T123837-dd683fd
202609,CA,B09VCKDX78,excluded_non_gauge,False,XN-scanner,0.90,20261002T123837-dd683fd
202609,CA,B09VSQ7MBX,excluded_non_gauge,False,XN-scanner,0.90,20261002T123837-dd683fd
202609,CA,B09VST3LLP,excluded_non_gauge,False,XN-scanner,0.90,20261002T123837-dd683fd
202609,CA,B09W9Q7G6D,excluded_non_gauge,False,XN-scanner,0.90,20261002T123837-dd683fd
202609,CA,B09WYGSC44,excluded_non_gauge,False,XN-cable,0.90,20261002T123837-dd683fd
202609,CA,B09WYZGLW3,excluded_non_gauge,False,MAP,1.00,20261002T123837-dd683fd
202609,CA,B09WZ8XF1L,gauge_accessory,True,AC-module,0.90,20261002T123837-dd683fd
202609,CA,B09X2YPQ6M,excluded_non_gauge,False,XN-scanner,0.90,20261002T123837-dd683fd
202609,CA,B09X9WC2CG,obd_gps_hud,True,HG-1,0.90,20261002T123837-dd683fd
202609,CA,B09XB6L26X,gauge_display,True,GD-1,0.90,20261002T123837-dd683fd
202609,CA,B09XDKBWBL,excluded_non_gauge,False,XN-noscan,0.90,20261002T123837-dd683fd
202609,CA,B09XTWXTB3,gauge_accessory,True,AC-shiftlight,0.90,20261002T123837-dd683fd
202609,CA,B09XXJMXWG,excluded_non_gauge,False,XN-cable,0.90,20261002T123837-dd683fd
202609,CA,B09Y1MSHV4,excluded_non_gauge,False,XN-scanner,0.90,20261002T123837-dd683fd
202609,CA,B09Y8WTFLQ,gauge_accessory,True,MAP,1.00,20261002T123837-dd683fd
202609,CA,B09YQ3GR65,excluded_non_gauge,False,XN-cable,0.90,20261002T123837-dd683fd
202609,CA,B09YQ6FJT4,excluded_non_gauge,False,XN-noscan,0.90,20261002T123837-dd683fd
202609,CA,B09YRDGY3Z,excluded_non_gauge,False,XN-scanner,0.90,20261002T123837-dd683fd
202609,CA,B09YXN4CQ2,excluded_non_gauge,False,XN-scanner,0.90,20261002T123837-dd683fd
202609,CA,B09Z1K9W8Z,excluded_non_gauge,False,XN-scanner,0.90,20261002T123837-dd683fd
202609,CA,B09Z1TT56X,excluded_non_gauge,False,XN-scanner,0.90,20261002T123837-dd683fd
202609,CA,B09Z24BVGP,excluded_non_gauge,False,XN-scanner,0.90,20261002T123837-dd683fd
202609,CA,B09ZDNM987,gauge_accessory,True,MAP,1.00,20261002T123837-dd683fd
202609,CA,B09ZPB3JV9,excluded_app_dongle,False,XD-family,0.90,20261002T123837-dd683fd
202609,CA,B09ZQT5YDK,excluded_non_gauge,False,XN-noscan,0.90,20261002T123837-dd683fd
202609,CA,B0B15KHTCC,excluded_non_gauge,False,XN-cable,0.90,20261002T123837-dd683fd
202609,CA,B0B1DLD8H7,excluded_non_gauge,False,XN-key,0.90,20261002T123837-dd683fd
202609,CA,B0B1LD8663,excluded_non_gauge,False,XN-scanner,0.90,20261002T123837-dd683fd
202609,CA,B0B1MB6YG8,excluded_non_gauge,False,XN-scanner,0.90,20261002T123837-dd683fd
202609,CA,B0B1MHSMBW,excluded_non_gauge,False,XN-scanner,0.90,20261002T123837-dd683fd
202609,CA,B0B1PPJK6Y,excluded_non_gauge,False,XN-cable,0.90,20261002T123837-dd683fd
202609,CA,B0B1WXW89B,excluded_non_gauge,False,XN-case,0.90,20261002T123837-dd683fd
202609,CA,B0B21F5MCT,excluded_non_gauge,False,XN-breakout,0.90,20261002T123837-dd683fd
202609,CA,B0B2LKYW3T,excluded_non_gauge,False,XN-cable,0.90,20261002T123837-dd683fd
202609,CA,B0B2MMYSK7,gauge_accessory,True,MAP,1.00,20261002T123837-dd683fd
202609,CA,B0B2NR31DQ,excluded_non_gauge,False,XN-scanner,0.90,20261002T123837-dd683fd
202609,CA,B0B2RW9DYD,excluded_non_gauge,False,XN-scanner,0.90,20261002T123837-dd683fd
202609,CA,B0B2WTB85F,excluded_non_gauge,False,XN-breakout,0.90,20261002T123837-dd683fd
202609,CA,B0B3891XCC,excluded_non_gauge,False,XN-cable,0.90,20261002T123837-dd683fd
202609,CA,B0B389QB8D,excluded_non_gauge,False,XN-cable,0.90,20261002T123837-dd683fd
202609,CA,B0B3GDTWYM,excluded_non_gauge,False,XN-power,0.90,20261002T123837-dd683fd
202609,CA,B0B3SCLM5B,excluded_non_gauge,False,XN-cable,0.90,20261002T123837-dd683fd
202609,CA,B0B3T6YLWV,excluded_non_gauge,False,XN-cable,0.90,20261002T123837-dd683fd
202609,CA,B0B3TRR26X,excluded_non_gauge,False,MAP,1.00,20261002T123837-dd683fd
202609,CA,B0B3YB4B5P,excluded_non_gauge,False,XN-scanner,0.90,20261002T123837-dd683fd
202609,CA,B0B43ZJ4VM,excluded_non_gauge,False,XN-scanner,0.90,20261002T123837-dd683fd
202609,CA,B0B452YDWT,excluded_non_gauge,False,XN-scanner,0.90,20261002T123837-dd683fd
202609,CA,B0B49QSD8J,excluded_non_gauge,False,XN-scanner,0.90,20261002T123837-dd683fd
202609,CA,B0B4GXM2HK,excluded_non_gauge,False,XN-noscan,0.90,20261002T123837-dd683fd
202609,CA,B0B4NCXB1R,excluded_non_gauge,False,XN-cable,0.90,20261002T123837-dd683fd
202609,CA,B0B4QY33K4,excluded_non_gauge,False,XN-scanner,0.90,20261002T123837-dd683fd
202609,CA,B0B53KN6FG,excluded_non_gauge,False,XN-noscan,0.90,20261002T123837-dd683fd
202609,CA,B0B56FP6NP,excluded_non_gauge,False,XN-noscan,0.90,20261002T123837-dd683fd
202609,CA,B0B5DS6T9B,excluded_non_gauge,False,XN-scanner,0.90,20261002T123837-dd683fd
202609,CA,B0B5DT9BLV,excluded_non_gauge,False,XN-scanner,0.90,20261002T123837-dd683fd
202609,CA,B0B63FNY6Q,excluded_non_gauge,False,XN-scanner,0.90,20261002T123837-dd683fd
202609,CA,B0B6MW5GVB,excluded_non_gauge,False,XN-scanner,0.90,20261002T123837-dd683fd
202609,CA,B0B79KD4QL,excluded_non_gauge,False,XN-noscan,0.90,20261002T123837-dd683fd
202609,CA,B0B7K3VFJ3,excluded_non_gauge,False,XN-scanner,0.90,20261002T123837-dd683fd
202609,CA,B0B7WY4CWQ,excluded_non_gauge,False,XN-scanner,0.90,20261002T123837-dd683fd
202609,CA,B0B82D66WY,excluded_non_gauge,False,XN-key,0.90,20261002T123837-dd683fd
202609,CA,B0B875K2TR,excluded_non_gauge,False,XN-scanner,0.90,20261002T123837-dd683fd
202609,CA,B0B8H2C4WH,excluded_non_gauge,False,XN-scanner,0.90,20261002T123837-dd683fd
202609,CA,B0B96LTZNG,excluded_non_gauge,False,XN-scanner,0.90,20261002T123837-dd683fd
202609,CA,B0B9B8ZGSG,excluded_non_gauge,False,XN-scanner,0.90,20261002T123837-dd683fd
202609,CA,B0B9FWP144,excluded_non_gauge,False,XN-noscan,0.90,20261002T123837-dd683fd
202609,CA,B0B9RZ3YYY,excluded_non_gauge,False,XN-scanner,0.90,20261002T123837-dd683fd
202609,CA,B0B9YLGV24,excluded_non_gauge,False,XN-cable,0.90,20261002T123837-dd683fd
202609,CA,B0BB5SDNZ2,excluded_non_gauge,False,XN-scanner,0.90,20261002T123837-dd683fd
202609,CA,B0BBFY2848,excluded_app_dongle,False,XD-dongle,0.90,20261002T123837-dd683fd
202609,CA,B0BBM99RRF,excluded_non_gauge,False,XN-scanner,0.90,20261002T123837-dd683fd
202609,CA,B0BBYX39TL,excluded_non_gauge,False,XN-cable,0.90,20261002T123837-dd683fd
202609,CA,B0BCW2ZJ17,excluded_non_gauge,False,XN-noscan,0.90,20261002T123837-dd683fd
202609,CA,B0BD87CGD5,excluded_non_gauge,False,XN-cable,0.90,20261002T123837-dd683fd
202609,CA,B0BD94N7TP,excluded_non_gauge,False,XN-cable,0.90,20261002T123837-dd683fd
202609,CA,B0BF61LCP5,excluded_non_gauge,False,XN-cable,0.90,20261002T123837-dd683fd
202609,CA,B0BFBQZZMC,gauge_display,True,MAP,1.00,20261002T123837-dd683fd
202609,CA,B0BFCRZHGD,excluded_non_gauge,False,XN-scanner,0.90,20261002T123837-dd683fd
202609,CA,B0BFDNC7YS,excluded_non_gauge,False,XN-scanner,0.90,20261002T123837-dd683fd
202609,CA,B0BFF5LG3Y,excluded_non_gauge,False,MAP,1.00,20261002T123837-dd683fd
202609,CA,B0BFKMSWVN,excluded_non_gauge,False,MAP,1.00,20261002T123837-dd683fd
202609,CA,B0BG2M47V2,excluded_non_gauge,False,XN-scanner,0.90,20261002T123837-dd683fd
202609,CA,B0BG3XLYSJ,excluded_non_gauge,False,XN-scanner,0.90,20261002T123837-dd683fd
202609,CA,B0BG8L4L5M,obd_gps_hud,True,HG-1,0.90,20261002T123837-dd683fd
202609,CA,B0BGFMGH7D,excluded_non_gauge,False,XN-power,0.90,20261002T123837-dd683fd
202609,CA,B0BGG67F8J,excluded_non_gauge,False,XN-noscan,0.90,20261002T123837-dd683fd
202609,CA,B0BGWXMMDJ,excluded_non_gauge,False,XN-noscan,0.90,20261002T123837-dd683fd
202609,CA,B0BGXJ5FKX,excluded_non_gauge,False,XN-scanner,0.90,20261002T123837-dd683fd
202609,CA,B0BHHMCZ2T,excluded_non_gauge,False,XN-noscan,0.90,20261002T123837-dd683fd
202609,CA,B0BHNRPZXR,excluded_non_gauge,False,XN-scanner,0.90,20261002T123837-dd683fd
202609,CA,B0BHNZY4QP,excluded_non_gauge,False,XN-scanner,0.90,20261002T123837-dd683fd
202609,CA,B0BHZL5CB6,excluded_non_gauge,False,XN-scanner,0.90,20261002T123837-dd683fd
202609,CA,B0BJDCMDKP,gauge_display,True,GD-1,0.90,20261002T123837-dd683fd
202609,CA,B0BJL7PNMC,excluded_non_gauge,False,XN-scanner,0.90,20261002T123837-dd683fd
202609,CA,B0BJQKK2TJ,excluded_non_gauge,False,XN-noscan,0.90,20261002T123837-dd683fd
202609,CA,B0BJQMTY48,excluded_non_gauge,False,XN-noscan,0.90,20261002T123837-dd683fd
202609,CA,B0BJVHWTXK,excluded_non_gauge,False,XN-cable,0.90,20261002T123837-dd683fd
202609,CA,B0BJVYSX4Z,excluded_non_gauge,False,XN-scanner,0.90,20261002T123837-dd683fd
202609,CA,B0BJW311DC,excluded_non_gauge,False,XN-scanner,0.90,20261002T123837-dd683fd
202609,CA,B0BK4GSDM8,excluded_non_gauge,False,XN-cable,0.90,20261002T123837-dd683fd
202609,CA,B0BK7FTYKR,excluded_non_gauge,False,XN-cable,0.90,20261002T123837-dd683fd
202609,CA,B0BKFN5HWZ,excluded_non_gauge,False,XN-scanner,0.90,20261002T123837-dd683fd
202609,CA,B0BKFPVTXT,excluded_non_gauge,False,XN-noscan,0.90,20261002T123837-dd683fd
202609,CA,B0BKFVNFC8,excluded_non_gauge,False,XN-scanner,0.90,20261002T123837-dd683fd
202609,CA,B0BL34YRYP,excluded_non_gauge,False,XN-scanner,0.90,20261002T123837-dd683fd
202609,CA,B0BL6VPVYL,excluded_non_gauge,False,XN-scanner,0.90,20261002T123837-dd683fd
202609,CA,B0BLFHVHZF,excluded_non_gauge,False,XN-scanner,0.90,20261002T123837-dd683fd
202609,CA,B0BLHM3MLR,excluded_non_gauge,False,XN-scanner,0.90,20261002T123837-dd683fd
202609,CA,B0BLHM6SFC,excluded_non_gauge,False,XN-scanner,0.90,20261002T123837-dd683fd
202609,CA,B0BLY5DR72,excluded_non_gauge,False,XN-cable,0.90,20261002T123837-dd683fd
202609,CA,B0BLYXVR4K,excluded_non_gauge,False,XN-scanner,0.90,20261002T123837-dd683fd
202609,CA,B0BM5KSXJG,excluded_non_gauge,False,XN-noscan,0.90,20261002T123837-dd683fd
202609,CA,B0BM5RNQHH,excluded_non_gauge,False,XN-scanner,0.90,20261002T123837-dd683fd
202609,CA,B0BMTRRN3N,excluded_non_gauge,False,XN-scanner,0.90,20261002T123837-dd683fd
202609,CA,B0BMTSSNXT,excluded_non_gauge,False,XN-scanner,0.90,20261002T123837-dd683fd
202609,CA,B0BMXNDRVJ,obd_hud,True,HO-1,0.90,20261002T123837-dd683fd
202609,CA,B0BMXSQ1V8,excluded_non_gauge,False,XN-cable,0.90,20261002T123837-dd683fd
202609,CA,B0BN598YN8,excluded_non_gauge,False,XN-cable,0.90,20261002T123837-dd683fd
202609,CA,B0BNCYB8ZC,excluded_non_gauge,False,XN-noscan,0.90,20261002T123837-dd683fd
202609,CA,B0BND3L36G,excluded_non_gauge,False,XN-power,0.90,20261002T123837-dd683fd
202609,CA,B0BNGNSCZY,excluded_non_gauge,False,XN-breakout,0.90,20261002T123837-dd683fd
202609,CA,B0BNT2KGQ6,excluded_non_gauge,False,XN-scanner,0.90,20261002T123837-dd683fd
202609,CA,B0BNTCS699,excluded_non_gauge,False,XN-cable,0.90,20261002T123837-dd683fd
202609,CA,B0BP16455W,excluded_non_gauge,False,XN-cable,0.90,20261002T123837-dd683fd
202609,CA,B0BPCGZZS3,excluded_non_gauge,False,XN-cluster,0.90,20261002T123837-dd683fd
202609,CA,B0BPMF5TNS,excluded_non_gauge,False,XN-scanner,0.90,20261002T123837-dd683fd
202609,CA,B0BPPF19SM,excluded_non_gauge,False,XN-scanner,0.90,20261002T123837-dd683fd
202609,CA,B0BPYTTTMQ,excluded_non_gauge,False,XN-scanner,0.90,20261002T123837-dd683fd
202609,CA,B0BPYVCL6T,excluded_non_gauge,False,XN-scanner,0.90,20261002T123837-dd683fd
202609,CA,B0BQ3G6W9B,excluded_non_gauge,False,XN-scanner,0.90,20261002T123837-dd683fd
202609,CA,B0BQMHV57J,excluded_non_gauge,False,XN-cable,0.90,20261002T123837-dd683fd
202609,CA,B0BR2S36TH,excluded_non_gauge,False,XN-cable,0.90,20261002T123837-dd683fd
202609,CA,B0BR3RNBVM,obd_hud,True,HO-1,0.90,20261002T123837-dd683fd
202609,CA,B0BR541VJQ,excluded_non_gauge,False,XN-noscan,0.90,20261002T123837-dd683fd
202609,CA,B0BR8DX5KM,excluded_non_gauge,False,XN-scanner,0.90,20261002T123837-dd683fd
202609,CA,B0BR9NDLFC,excluded_non_gauge,False,XN-breakout,0.90,20261002T123837-dd683fd
202609,CA,B0BRD2Z6WB,excluded_non_gauge,False,XN-breakout,0.90,20261002T123837-dd683fd
202609,CA,B0BRDJ2DFF,excluded_non_gauge,False,XN-cable,0.90,20261002T123837-dd683fd
202609,CA,B0BRGTWGPH,excluded_non_gauge,False,XN-scanner,0.90,20261002T123837-dd683fd
202609,CA,B0BRJ19L4B,excluded_non_gauge,False,XN-cable,0.90,20261002T123837-dd683fd
202609,CA,B0BRKJ38ZQ,excluded_non_gauge,False,XN-scanner,0.90,20261002T123837-dd683fd
202609,CA,B0BRMQ5BCD,excluded_non_gauge,False,XN-bulk,0.90,20261002T123837-dd683fd
202609,CA,B0BRV39RQS,excluded_non_gauge,False,XN-cable,0.90,20261002T123837-dd683fd
202609,CA,B0BRW5Z8FX,excluded_non_gauge,False,XN-cable,0.90,20261002T123837-dd683fd
202609,CA,B0BRXPZMGS,excluded_non_gauge,False,XN-noscan,0.90,20261002T123837-dd683fd
202609,CA,B0BRXSV64M,excluded_non_gauge,False,XN-bulk,0.90,20261002T123837-dd683fd
202609,CA,B0BRZ3LMLY,excluded_non_gauge,False,XN-noscan,0.90,20261002T123837-dd683fd
202609,CA,B0BS2LXT6X,excluded_non_gauge,False,XN-noscan,0.90,20261002T123837-dd683fd
202609,CA,B0BS9QK1TB,excluded_non_gauge,False,XN-bulk,0.90,20261002T123837-dd683fd
202609,CA,B0BSFTHFC1,excluded_non_gauge,False,XN-scanner,0.90,20261002T123837-dd683fd
202609,CA,B0BTD38F8B,excluded_non_gauge,False,XN-scanner,0.90,20261002T123837-dd683fd
202609,CA,B0BV1DC35F,excluded_non_gauge,False,XN-scanner,0.90,20261002T123837-dd683fd
202609,CA,B0BV2XB5KG,excluded_non_gauge,False,XN-scanner,0.90,20261002T123837-dd683fd
202609,CA,B0BVH84V49,excluded_non_gauge,False,XN-scanner,0.90,20261002T123837-dd683fd
202609,CA,B0BVPP19VB,excluded_non_gauge,False,XN-noscan,0.90,20261002T123837-dd683fd
202609,CA,B0BVRBZ1SR,excluded_non_gauge,False,XN-power,0.90,20261002T123837-dd683fd
202609,CA,B0BVRH9ZF7,excluded_non_gauge,False,XN-scanner,0.90,20261002T123837-dd683fd
202609,CA,B0BVRKYYVP,excluded_non_gauge,False,XN-cable,0.90,20261002T123837-dd683fd
202609,CA,B0BVY5KBGN,excluded_non_gauge,False,XN-scanner,0.90,20261002T123837-dd683fd
202609,CA,B0BW79DW7J,excluded_non_gauge,False,XN-scanner,0.90,20261002T123837-dd683fd
202609,CA,B0BW89GCZ9,excluded_non_gauge,False,XN-scanner,0.90,20261002T123837-dd683fd
202609,CA,B0BW8B4D9Y,excluded_non_gauge,False,XN-scanner,0.90,20261002T123837-dd683fd
202609,CA,B0BW8BHRRL,excluded_non_gauge,False,XN-noscan,0.90,20261002T123837-dd683fd
202609,CA,B0BWK96V8H,excluded_non_gauge,False,XN-noscan,0.90,20261002T123837-dd683fd
202609,CA,B0BWL9PP5L,excluded_non_gauge,False,XN-cable,0.90,20261002T123837-dd683fd
202609,CA,B0BWNN673P,excluded_non_gauge,False,XN-noscan,0.90,20261002T123837-dd683fd
202609,CA,B0BWNNVPH5,excluded_non_gauge,False,XN-cable,0.90,20261002T123837-dd683fd
202609,CA,B0BWYLSHTP,gauge_accessory,True,AC-cable,0.90,20261002T123837-dd683fd
202609,CA,B0BX216JJG,excluded_non_gauge,False,XN-scanner,0.90,20261002T123837-dd683fd
202609,CA,B0BX3XK3T4,excluded_non_gauge,False,XN-bulk,0.90,20261002T123837-dd683fd
202609,CA,B0BX9M2B38,excluded_non_gauge,False,XN-power,0.90,20261002T123837-dd683fd
202609,CA,B0BXCQZ49H,excluded_non_gauge,False,XN-cable,0.90,20261002T123837-dd683fd
202609,CA,B0BXGDHZGL,excluded_non_gauge,False,XN-scanner,0.90,20261002T123837-dd683fd
202609,CA,B0BXJL72BG,excluded_non_gauge,False,XN-scanner,0.90,20261002T123837-dd683fd
202609,CA,B0BXJN8ML6,excluded_non_gauge,False,XN-scanner,0.90,20261002T123837-dd683fd
202609,CA,B0BXKKZXMZ,excluded_non_gauge,False,XN-scanner,0.90,20261002T123837-dd683fd
202609,CA,B0BXL3VGKL,excluded_non_gauge,False,XN-scanner,0.90,20261002T123837-dd683fd
202609,CA,B0BXLG6M5C,excluded_non_gauge,False,XN-scanner,0.90,20261002T123837-dd683fd
202609,CA,B0BY1TS725,excluded_non_gauge,False,XN-scanner,0.90,20261002T123837-dd683fd
202609,CA,B0BY56FLC2,excluded_non_gauge,False,XN-scanner,0.90,20261002T123837-dd683fd
202609,CA,B0BY6J3B6R,excluded_non_gauge,False,XN-scanner,0.90,20261002T123837-dd683fd
202609,CA,B0BY7532RF,excluded_non_gauge,False,XN-cable,0.90,20261002T123837-dd683fd
202609,CA,B0BY8D723H,excluded_non_gauge,False,XN-scanner,0.90,20261002T123837-dd683fd
202609,CA,B0BY8Q8KWQ,excluded_non_gauge,False,XN-noscan,0.90,20261002T123837-dd683fd
202609,CA,B0BYCGDKMV,excluded_non_gauge,False,XN-scanner,0.90,20261002T123837-dd683fd
202609,CA,B0BYS1314P,excluded_non_gauge,False,XN-scanner,0.90,20261002T123837-dd683fd
202609,CA,B0BYVHK8JK,excluded_non_gauge,False,XN-cable,0.90,20261002T123837-dd683fd
202609,CA,B0BYVHPG78,excluded_non_gauge,False,XN-scanner,0.90,20261002T123837-dd683fd
202609,CA,B0BYZRXDLR,excluded_non_gauge,False,XN-noscan,0.90,20261002T123837-dd683fd
202609,CA,B0BZ2ZDWPB,excluded_non_gauge,False,XN-scanner,0.90,20261002T123837-dd683fd
202609,CA,B0BZ4FF45W,excluded_non_gauge,False,XN-noscan,0.90,20261002T123837-dd683fd
202609,CA,B0BZ82WQ4Q,excluded_non_gauge,False,XN-scanner,0.90,20261002T123837-dd683fd
202609,CA,B0BZ87T7L2,excluded_non_gauge,False,XN-scanner,0.90,20261002T123837-dd683fd
202609,CA,B0BZCC9FTL,excluded_non_gauge,False,XN-scanner,0.90,20261002T123837-dd683fd
202609,CA,B0BZD89TV5,excluded_non_gauge,False,XN-scanner,0.90,20261002T123837-dd683fd
202609,CA,B0BZDWC5J5,excluded_non_gauge,False,XN-srs,0.90,20261002T123837-dd683fd
202609,CA,B0BZJ55DXN,excluded_non_gauge,False,XN-cable,0.90,20261002T123837-dd683fd
202609,CA,B0BZN3J4Y1,excluded_non_gauge,False,XN-noscan,0.90,20261002T123837-dd683fd
202609,CA,B0BZPLS7YF,excluded_non_gauge,False,MAP,1.00,20261002T123837-dd683fd
202609,CA,B0BZS52VQD,excluded_non_gauge,False,XN-scanner,0.90,20261002T123837-dd683fd
202609,CA,B0BZTXV6MZ,excluded_non_gauge,False,XN-scanner,0.90,20261002T123837-dd683fd
202609,CA,B0BZYJWF8C,excluded_non_gauge,False,XN-cable,0.90,20261002T123837-dd683fd
202609,CA,B0C13GSCWW,excluded_non_gauge,False,XN-cable,0.90,20261002T123837-dd683fd
202609,CA,B0C13M3W78,excluded_non_gauge,False,XN-scanner,0.90,20261002T123837-dd683fd
202609,CA,B0C15C58X6,excluded_non_gauge,False,XN-power,0.90,20261002T123837-dd683fd
202609,CA,B0C17PQSSQ,excluded_non_gauge,False,XN-cable,0.90,20261002T123837-dd683fd
202609,CA,B0C1G6G2DK,excluded_non_gauge,False,XN-noscan,0.90,20261002T123837-dd683fd
202609,CA,B0C1G8GBS6,excluded_non_gauge,False,XN-noscan,0.90,20261002T123837-dd683fd
202609,CA,B0C1G8ZS9L,excluded_non_gauge,False,XN-cable,0.90,20261002T123837-dd683fd
202609,CA,B0C1GB94BV,excluded_non_gauge,False,XN-noscan,0.90,20261002T123837-dd683fd
202609,CA,B0C1GGCTQV,excluded_non_gauge,False,XN-noscan,0.90,20261002T123837-dd683fd
202609,CA,B0C1GM3YP4,excluded_non_gauge,False,XN-noscan,0.90,20261002T123837-dd683fd
202609,CA,B0C1RPXXQ8,excluded_non_gauge,False,XN-scanner,0.90,20261002T123837-dd683fd
202609,CA,B0C1TGTXK8,excluded_non_gauge,False,XN-scanner,0.90,20261002T123837-dd683fd
202609,CA,B0C1V9VV91,excluded_non_gauge,False,XN-key,0.90,20261002T123837-dd683fd
202609,CA,B0C1YGJ96S,excluded_non_gauge,False,XN-scanner,0.90,20261002T123837-dd683fd
202609,CA,B0C23MFSBR,excluded_non_gauge,False,XN-cable,0.90,20261002T123837-dd683fd
202609,CA,B0C244484X,excluded_non_gauge,False,XN-scanner,0.90,20261002T123837-dd683fd
202609,CA,B0C244W4H5,excluded_non_gauge,False,XN-scanner,0.90,20261002T123837-dd683fd
202609,CA,B0C24VP6VF,excluded_non_gauge,False,XN-scanner,0.90,20261002T123837-dd683fd
202609,CA,B0C27B1DDT,excluded_non_gauge,False,XN-power,0.90,20261002T123837-dd683fd
202609,CA,B0C2CKPKC5,excluded_non_gauge,False,XN-protector,0.90,20261002T123837-dd683fd
202609,CA,B0C2D7J4KX,excluded_non_gauge,False,XN-srs,0.90,20261002T123837-dd683fd
202609,CA,B0C2D7WYG9,excluded_non_gauge,False,XN-srs,0.90,20261002T123837-dd683fd
202609,CA,B0C2D7X37X,excluded_non_gauge,False,XN-srs,0.90,20261002T123837-dd683fd
202609,CA,B0C2D87BM8,excluded_non_gauge,False,XN-srs,0.90,20261002T123837-dd683fd
202609,CA,B0C2DBJYCD,excluded_non_gauge,False,XN-srs,0.90,20261002T123837-dd683fd
202609,CA,B0C2DC88QC,excluded_non_gauge,False,XN-srs,0.90,20261002T123837-dd683fd
202609,CA,B0C2DCY5PR,excluded_non_gauge,False,XN-srs,0.90,20261002T123837-dd683fd
202609,CA,B0C2DDGKYK,excluded_non_gauge,False,XN-srs,0.90,20261002T123837-dd683fd
202609,CA,B0C2GLCDQQ,excluded_non_gauge,False,XN-scanner,0.90,20261002T123837-dd683fd
202609,CA,B0C2PQ7CNY,excluded_non_gauge,False,MAP,1.00,20261002T123837-dd683fd
202609,CA,B0C2V3RYLY,excluded_non_gauge,False,XN-scanner,0.90,20261002T123837-dd683fd
202609,CA,B0C2W6G7RB,excluded_non_gauge,False,XN-cable,0.90,20261002T123837-dd683fd
202609,CA,B0C2ZX1GV2,excluded_non_gauge,False,XN-cable,0.90,20261002T123837-dd683fd
202609,CA,B0C33Y285Y,excluded_non_gauge,False,XN-scanner,0.90,20261002T123837-dd683fd
202609,CA,B0C378XXCX,excluded_non_gauge,False,XN-scanner,0.90,20261002T123837-dd683fd
202609,CA,B0C37B5KKC,excluded_non_gauge,False,XN-cable,0.90,20261002T123837-dd683fd
202609,CA,B0C37F6F9W,excluded_non_gauge,False,XN-noscan,0.90,20261002T123837-dd683fd
202609,CA,B0C39TL9R6,excluded_non_gauge,False,XN-scanner,0.90,20261002T123837-dd683fd
202609,CA,B0C39Y7CZM,excluded_non_gauge,False,XN-scanner,0.90,20261002T123837-dd683fd
202609,CA,B0C3B11S7F,excluded_non_gauge,False,XN-scanner,0.90,20261002T123837-dd683fd
202609,CA,B0C3B3DDY8,excluded_non_gauge,False,XN-cable,0.90,20261002T123837-dd683fd
202609,CA,B0C3BZSPT9,excluded_non_gauge,False,XN-scanner,0.90,20261002T123837-dd683fd
202609,CA,B0C3GVR1JG,excluded_non_gauge,False,XN-scanner,0.90,20261002T123837-dd683fd
202609,CA,B0C3HXTNLL,excluded_non_gauge,False,XN-srs,0.90,20261002T123837-dd683fd
202609,CA,B0C3J1QFX4,excluded_non_gauge,False,XN-srs,0.90,20261002T123837-dd683fd
202609,CA,B0C3J1V5N8,excluded_non_gauge,False,XN-srs,0.90,20261002T123837-dd683fd
202609,CA,B0C3QFHYKD,excluded_non_gauge,False,XN-cable,0.90,20261002T123837-dd683fd
202609,CA,B0C3QGSWHD,excluded_non_gauge,False,XN-cable,0.90,20261002T123837-dd683fd
202609,CA,B0C3QQYQ1B,excluded_non_gauge,False,XN-scanner,0.90,20261002T123837-dd683fd
202609,CA,B0C3RKN4QH,excluded_non_gauge,False,XN-memsaver,0.90,20261002T123837-dd683fd
202609,CA,B0C46TNYVM,excluded_non_gauge,False,XN-scanner,0.90,20261002T123837-dd683fd
202609,CA,B0C46TXHWG,excluded_non_gauge,False,XN-srs,0.90,20261002T123837-dd683fd
202609,CA,B0C4DN5ZGD,excluded_non_gauge,False,XN-cable,0.90,20261002T123837-dd683fd
202609,CA,B0C4FC2DDC,excluded_non_gauge,False,XN-case,0.90,20261002T123837-dd683fd
202609,CA,B0C4FGGVZ4,excluded_non_gauge,False,XN-cable,0.90,20261002T123837-dd683fd
202609,CA,B0C4LDXXTM,excluded_non_gauge,False,XN-scanner,0.90,20261002T123837-dd683fd
202609,CA,B0C4NZMRN1,excluded_non_gauge,False,XN-scanner,0.90,20261002T123837-dd683fd
202609,CA,B0C4SFSLW6,excluded_non_gauge,False,XN-cable,0.90,20261002T123837-dd683fd
202609,CA,B0C4TGQJK9,excluded_non_gauge,False,XN-scanner,0.90,20261002T123837-dd683fd
202609,CA,B0C53X63N7,excluded_non_gauge,False,XN-power,0.90,20261002T123837-dd683fd
202609,CA,B0C54R31N5,excluded_non_gauge,False,XN-dashcam,0.90,20261002T123837-dd683fd
202609,CA,B0C5BZVV91,excluded_non_gauge,False,XN-noscan,0.90,20261002T123837-dd683fd
202609,CA,B0C5CH13CD,excluded_non_gauge,False,XN-scanner,0.90,20261002T123837-dd683fd
202609,CA,B0C5NFKJL9,excluded_non_gauge,False,XN-cable,0.90,20261002T123837-dd683fd
202609,CA,B0C5QDBC7X,excluded_non_gauge,False,XN-cable,0.90,20261002T123837-dd683fd
202609,CA,B0C5QN2497,excluded_non_gauge,False,XN-case,0.90,20261002T123837-dd683fd
202609,CA,B0C5TQ852W,excluded_non_gauge,False,XN-scanner,0.90,20261002T123837-dd683fd
202609,CA,B0C5WWD2JC,excluded_non_gauge,False,XN-cable,0.90,20261002T123837-dd683fd
202609,CA,B0C6366YT5,excluded_non_gauge,False,XN-cable,0.90,20261002T123837-dd683fd
202609,CA,B0C637VXSB,excluded_non_gauge,False,XN-noscan,0.90,20261002T123837-dd683fd
202609,CA,B0C64TTJ66,excluded_non_gauge,False,XN-scanner,0.90,20261002T123837-dd683fd
202609,CA,B0C64YNHXD,excluded_non_gauge,False,XN-scanner,0.90,20261002T123837-dd683fd
202609,CA,B0C69D9JWX,excluded_non_gauge,False,XN-cable,0.90,20261002T123837-dd683fd
202609,CA,B0C6H7VT4V,excluded_non_gauge,False,XN-scanner,0.90,20261002T123837-dd683fd
202609,CA,B0C6LFN1PN,excluded_non_gauge,False,XN-scanner,0.90,20261002T123837-dd683fd
202609,CA,B0C6QRSXSD,excluded_non_gauge,False,XN-scanner,0.90,20261002T123837-dd683fd
202609,CA,B0C6TGKYLF,excluded_non_gauge,False,XN-scanner,0.90,20261002T123837-dd683fd
202609,CA,B0C6V5JX9M,excluded_non_gauge,False,XN-cable,0.90,20261002T123837-dd683fd
202609,CA,B0C71Q3VD9,excluded_non_gauge,False,XN-noscan,0.90,20261002T123837-dd683fd
202609,CA,B0C727CWKS,excluded_non_gauge,False,XN-cable,0.90,20261002T123837-dd683fd
202609,CA,B0C74BG4Z2,gauge_accessory,True,AC-shiftlight,0.90,20261002T123837-dd683fd
202609,CA,B0C7C8G8T7,excluded_non_gauge,False,MAP,1.00,20261002T123837-dd683fd
202609,CA,B0C7FP8RLY,excluded_non_gauge,False,XN-scanner,0.90,20261002T123837-dd683fd
202609,CA,B0C7HGRZVQ,excluded_non_gauge,False,XN-memsaver,0.90,20261002T123837-dd683fd
202609,CA,B0C7HJ7SW3,excluded_non_gauge,False,XN-cable,0.90,20261002T123837-dd683fd
202609,CA,B0C7KRS33D,excluded_non_gauge,False,XN-noscan,0.90,20261002T123837-dd683fd
202609,CA,B0C7L82JB9,excluded_non_gauge,False,XN-cable,0.90,20261002T123837-dd683fd
202609,CA,B0C7PFBR9J,excluded_non_gauge,False,XN-cable,0.90,20261002T123837-dd683fd
202609,CA,B0C7PGLV43,excluded_non_gauge,False,XN-cable,0.90,20261002T123837-dd683fd
202609,CA,B0C7PHQJX1,excluded_non_gauge,False,XN-memsaver,0.90,20261002T123837-dd683fd
202609,CA,B0C7QCXRCQ,excluded_non_gauge,False,XN-breakout,0.90,20261002T123837-dd683fd
202609,CA,B0C7WLTQ9M,excluded_non_gauge,False,XN-cable,0.90,20261002T123837-dd683fd
202609,CA,B0C7Z4BYZS,excluded_non_gauge,False,XN-noscan,0.90,20261002T123837-dd683fd
202609,CA,B0C84V61GP,excluded_non_gauge,False,MAP,1.00,20261002T123837-dd683fd
202609,CA,B0C85CQ4XL,excluded_non_gauge,False,XN-cable,0.90,20261002T123837-dd683fd
202609,CA,B0C86PNYPX,excluded_non_gauge,False,XN-cable,0.90,20261002T123837-dd683fd
202609,CA,B0C8NG4278,excluded_non_gauge,False,XN-cable,0.90,20261002T123837-dd683fd
202609,CA,B0C95TKBY6,excluded_non_gauge,False,XN-memsaver,0.90,20261002T123837-dd683fd
202609,CA,B0C95YKRB7,excluded_non_gauge,False,XN-cable,0.90,20261002T123837-dd683fd
202609,CA,B0C99T9F6S,excluded_non_gauge,False,XN-scanner,0.90,20261002T123837-dd683fd
202609,CA,B0C9HWBL9Q,excluded_non_gauge,False,XN-noscan,0.90,20261002T123837-dd683fd
202609,CA,B0C9R4D4WZ,excluded_non_gauge,False,XN-cable,0.90,20261002T123837-dd683fd
202609,CA,B0C9TWPBR2,excluded_non_gauge,False,XN-scanner,0.90,20261002T123837-dd683fd
202609,CA,B0C9WG9WPR,excluded_non_gauge,False,XN-case,0.90,20261002T123837-dd683fd
202609,CA,B0C9YN62MW,excluded_non_gauge,False,XN-cable,0.90,20261002T123837-dd683fd
202609,CA,B0CB62N92T,excluded_non_gauge,False,XN-scanner,0.90,20261002T123837-dd683fd
202609,CA,B0CB66D8JD,excluded_non_gauge,False,XN-scanner,0.90,20261002T123837-dd683fd
202609,CA,B0CB7Q2NG7,excluded_non_gauge,False,XN-cable,0.90,20261002T123837-dd683fd
202609,CA,B0CB7WZCZM,excluded_non_gauge,False,XN-cable,0.90,20261002T123837-dd683fd
202609,CA,B0CB86PNWZ,excluded_non_gauge,False,XN-scanner,0.90,20261002T123837-dd683fd
202609,CA,B0CBB189FF,excluded_non_gauge,False,XN-cable,0.90,20261002T123837-dd683fd
202609,CA,B0CBB36LCT,excluded_non_gauge,False,XN-cable,0.90,20261002T123837-dd683fd
202609,CA,B0CBB3FHP9,excluded_non_gauge,False,XN-cable,0.90,20261002T123837-dd683fd
202609,CA,B0CBBHWFGD,excluded_non_gauge,False,XN-bulk,0.90,20261002T123837-dd683fd
202609,CA,B0CBBJH55B,excluded_non_gauge,False,XN-cable,0.90,20261002T123837-dd683fd
202609,CA,B0CBBVLD1G,excluded_non_gauge,False,XN-cable,0.90,20261002T123837-dd683fd
202609,CA,B0CBCTKD6Z,excluded_non_gauge,False,XN-cable,0.90,20261002T123837-dd683fd
202609,CA,B0CBFGRB9N,excluded_non_gauge,False,XN-tracker,0.90,20261002T123837-dd683fd
202609,CA,B0CBJM59RW,excluded_non_gauge,False,XN-power,0.90,20261002T123837-dd683fd
202609,CA,B0CBMNY9M3,excluded_non_gauge,False,XN-scanner,0.90,20261002T123837-dd683fd
202609,CA,B0CBQ4S2FV,excluded_non_gauge,False,XN-scanner,0.90,20261002T123837-dd683fd
202609,CA,B0CBR7PRJ2,excluded_non_gauge,False,XN-cable,0.90,20261002T123837-dd683fd
202609,CA,B0CC1FZXQ4,excluded_non_gauge,False,XN-noscan,0.90,20261002T123837-dd683fd
202609,CA,B0CC4S7GHG,excluded_non_gauge,False,XN-cable,0.90,20261002T123837-dd683fd
202609,CA,B0CC4T7XL1,excluded_non_gauge,False,XN-cable,0.90,20261002T123837-dd683fd
202609,CA,B0CC4WXCPG,excluded_non_gauge,False,XN-noscan,0.90,20261002T123837-dd683fd
202609,CA,B0CC4Z438S,excluded_non_gauge,False,XN-cable,0.90,20261002T123837-dd683fd
202609,CA,B0CCP8BDF9,excluded_non_gauge,False,XN-scanner,0.90,20261002T123837-dd683fd
202609,CA,B0CD3TDM5Z,excluded_non_gauge,False,XN-bulk,0.90,20261002T123837-dd683fd
202609,CA,B0CDCGSLZW,excluded_non_gauge,False,XN-cable,0.90,20261002T123837-dd683fd
202609,CA,B0CDD8BDS6,excluded_non_gauge,False,XN-cable,0.90,20261002T123837-dd683fd
202609,CA,B0CDDB5CV5,excluded_non_gauge,False,XN-cable,0.90,20261002T123837-dd683fd
202609,CA,B0CDQ4DYB1,excluded_non_gauge,False,XN-cable,0.90,20261002T123837-dd683fd
202609,CA,B0CDRMHDJX,excluded_non_gauge,False,XN-scanner,0.90,20261002T123837-dd683fd
202609,CA,B0CF4HN35Q,excluded_non_gauge,False,XN-cable,0.90,20261002T123837-dd683fd
202609,CA,B0CF5MPDJS,excluded_non_gauge,False,XN-cable,0.90,20261002T123837-dd683fd
202609,CA,B0CFDGKB28,excluded_non_gauge,False,XN-scanner,0.90,20261002T123837-dd683fd
202609,CA,B0CFHBZZWK,excluded_non_gauge,False,XN-case,0.90,20261002T123837-dd683fd
202609,CA,B0CFKRL7CN,excluded_non_gauge,False,XN-scanner,0.90,20261002T123837-dd683fd
202609,CA,B0CFKSKYDT,obd_hud,True,HO-1,0.90,20261002T123837-dd683fd
202609,CA,B0CFLP7GV7,excluded_non_gauge,False,XN-scanner,0.90,20261002T123837-dd683fd
202609,CA,B0CFM917F1,excluded_non_gauge,False,XN-cable,0.90,20261002T123837-dd683fd
202609,CA,B0CFQK5Q6Z,excluded_non_gauge,False,XN-case,0.90,20261002T123837-dd683fd
202609,CA,B0CFX3VVG2,obd_gps_hud,True,HG-1,0.90,20261002T123837-dd683fd
202609,CA,B0CG9J5H6R,excluded_non_gauge,False,XN-scanner,0.90,20261002T123837-dd683fd
202609,CA,B0CG9K484D,excluded_non_gauge,False,XN-cable,0.90,20261002T123837-dd683fd
202609,CA,B0CGH9QNKD,excluded_non_gauge,False,MAP,1.00,20261002T123837-dd683fd
202609,CA,B0CGHBKWNG,excluded_non_gauge,False,MAP,1.00,20261002T123837-dd683fd
202609,CA,B0CGHDVNKV,excluded_non_gauge,False,XN-cable,0.90,20261002T123837-dd683fd
202609,CA,B0CGJ1VDZK,excluded_non_gauge,False,XN-cable,0.90,20261002T123837-dd683fd
202609,CA,B0CGJ21ZCK,excluded_non_gauge,False,XN-cable,0.90,20261002T123837-dd683fd
202609,CA,B0CGJ9T21B,excluded_non_gauge,False,XN-cable,0.90,20261002T123837-dd683fd
202609,CA,B0CGJ9Y3WH,excluded_non_gauge,False,XN-cable,0.90,20261002T123837-dd683fd
202609,CA,B0CGJCFWD4,excluded_non_gauge,False,XN-cable,0.90,20261002T123837-dd683fd
202609,CA,B0CGJCWZPX,excluded_non_gauge,False,XN-cable,0.90,20261002T123837-dd683fd
202609,CA,B0CGWW2L27,excluded_non_gauge,False,XN-cable,0.90,20261002T123837-dd683fd
202609,CA,B0CGZ7DPCC,excluded_non_gauge,False,XN-scanner,0.90,20261002T123837-dd683fd
202609,CA,B0CGZVNC7G,excluded_non_gauge,False,XN-tracker,0.90,20261002T123837-dd683fd
202609,CA,B0CH2B6Q9Z,excluded_non_gauge,False,XN-power,0.90,20261002T123837-dd683fd
202609,CA,B0CH7JNS9B,excluded_non_gauge,False,XN-cable,0.90,20261002T123837-dd683fd
202609,CA,B0CH9C6SNZ,excluded_non_gauge,False,XN-tracker,0.90,20261002T123837-dd683fd
202609,CA,B0CH9KB7FD,excluded_non_gauge,False,XN-cable,0.90,20261002T123837-dd683fd
202609,CA,B0CHFP62R8,excluded_non_gauge,False,XN-bulk,0.90,20261002T123837-dd683fd
202609,CA,B0CHJ4XR2X,excluded_non_gauge,False,XN-memsaver,0.90,20261002T123837-dd683fd
202609,CA,B0CHMKW2YX,excluded_non_gauge,False,XN-key,0.90,20261002T123837-dd683fd
202609,CA,B0CHNGYRP7,excluded_non_gauge,False,XN-noscan,0.90,20261002T123837-dd683fd
202609,CA,B0CHP8G8ZK,excluded_non_gauge,False,XN-srs,0.90,20261002T123837-dd683fd
202609,CA,B0CHRJ17BT,excluded_non_gauge,False,XN-cable,0.90,20261002T123837-dd683fd
202609,CA,B0CHVSP7QH,excluded_non_gauge,False,XN-cluster,0.90,20261002T123837-dd683fd
202609,CA,B0CHYGP6YB,excluded_non_gauge,False,XN-scanner,0.90,20261002T123837-dd683fd
202609,CA,B0CHYPV8WS,excluded_non_gauge,False,XN-scanner,0.90,20261002T123837-dd683fd
202609,CA,B0CHZ5XT6J,excluded_non_gauge,False,XN-scanner,0.90,20261002T123837-dd683fd
202609,CA,B0CJ2VXH36,excluded_non_gauge,False,XN-cable,0.90,20261002T123837-dd683fd
202609,CA,B0CJ56TM1Q,excluded_non_gauge,False,XN-cable,0.90,20261002T123837-dd683fd
202609,CA,B0CJ6D18H7,obd_gps_hud,True,HG-1,0.90,20261002T123837-dd683fd
202609,CA,B0CJ9GXKZF,excluded_non_gauge,False,XN-noscan,0.90,20261002T123837-dd683fd
202609,CA,B0CJ9Q3MV1,excluded_non_gauge,False,XN-scanner,0.90,20261002T123837-dd683fd
202609,CA,B0CJDWLC3B,obd_gps_hud,True,HG-1,0.90,20261002T123837-dd683fd
202609,CA,B0CJFX37QK,excluded_non_gauge,False,XN-scanner,0.90,20261002T123837-dd683fd
202609,CA,B0CJLRKVFL,excluded_non_gauge,False,XN-cable,0.90,20261002T123837-dd683fd
202609,CA,B0CJMM4RLM,obd_hud,True,HO-1,0.90,20261002T123837-dd683fd
202609,CA,B0CJMMB4MS,excluded_non_gauge,False,XN-noscan,0.90,20261002T123837-dd683fd
202609,CA,B0CJNKHKBB,excluded_non_gauge,False,XN-scanner,0.90,20261002T123837-dd683fd
202609,CA,B0CKTLJJS3,excluded_non_gauge,False,XN-dashcam,0.90,20261002T123837-dd683fd
202609,CA,B0CL2B9TQG,excluded_non_gauge,False,XN-scanner,0.90,20261002T123837-dd683fd
202609,CA,B0CL2BPJ47,excluded_non_gauge,False,XN-scanner,0.90,20261002T123837-dd683fd
202609,CA,B0CL4SRS2B,excluded_non_gauge,False,XN-scanner,0.90,20261002T123837-dd683fd
202609,CA,B0CL52LR7N,excluded_non_gauge,False,XN-cable,0.90,20261002T123837-dd683fd
202609,CA,B0CL67SFN7,excluded_non_gauge,False,XN-scanner,0.90,20261002T123837-dd683fd
202609,CA,B0CLCQL2J7,excluded_non_gauge,False,XN-key,0.90,20261002T123837-dd683fd
202609,CA,B0CLDK3M3B,excluded_non_gauge,False,XN-scanner,0.90,20261002T123837-dd683fd
202609,CA,B0CLMYLKLB,excluded_non_gauge,False,XN-noscan,0.90,20261002T123837-dd683fd
202609,CA,B0CLNH5YTS,excluded_non_gauge,False,XN-scanner,0.90,20261002T123837-dd683fd
202609,CA,B0CLRCBP8H,excluded_non_gauge,False,XN-power,0.90,20261002T123837-dd683fd
202609,CA,B0CM3DX7Z2,excluded_non_gauge,False,XN-scanner,0.90,20261002T123837-dd683fd
202609,CA,B0CM9W4MCW,excluded_non_gauge,False,XN-scanner,0.90,20261002T123837-dd683fd
202609,CA,B0CMLR2LYD,excluded_non_gauge,False,XN-noscan,0.90,20261002T123837-dd683fd
202609,CA,B0CMQYNKXH,excluded_non_gauge,False,XN-cable,0.90,20261002T123837-dd683fd
202609,CA,B0CMTLQVK8,excluded_non_gauge,False,XN-case,0.90,20261002T123837-dd683fd
202609,CA,B0CMTTGDQW,excluded_non_gauge,False,XN-scanner,0.90,20261002T123837-dd683fd
202609,CA,B0CMW72NND,excluded_non_gauge,False,XN-noscan,0.90,20261002T123837-dd683fd
202609,CA,B0CMZDX6PF,excluded_non_gauge,False,XN-scanner,0.90,20261002T123837-dd683fd
202609,CA,B0CN2PT4G5,excluded_non_gauge,False,XN-scanner,0.90,20261002T123837-dd683fd
202609,CA,B0CN3DDLBM,excluded_non_gauge,False,XN-scanner,0.90,20261002T123837-dd683fd
202609,CA,B0CN8Q1H4S,excluded_non_gauge,False,XN-scanner,0.90,20261002T123837-dd683fd
202609,CA,B0CNF8814S,excluded_non_gauge,False,XN-case,0.90,20261002T123837-dd683fd
202609,CA,B0CNFGH9KN,excluded_non_gauge,False,XN-case,0.90,20261002T123837-dd683fd
202609,CA,B0CNGHRSVJ,excluded_non_gauge,False,XN-scanner,0.90,20261002T123837-dd683fd
202609,CA,B0CNGHSKVC,excluded_non_gauge,False,XN-scanner,0.90,20261002T123837-dd683fd
202609,CA,B0CNJTVSVB,excluded_non_gauge,False,XN-cable,0.90,20261002T123837-dd683fd
202609,CA,B0CNLC34MN,excluded_non_gauge,False,XN-scanner,0.90,20261002T123837-dd683fd
202609,CA,B0CNLDMVMN,excluded_non_gauge,False,XN-scanner,0.90,20261002T123837-dd683fd
202609,CA,B0CNP4HK4N,excluded_non_gauge,False,XN-scanner,0.90,20261002T123837-dd683fd
202609,CA,B0CNPN935B,excluded_non_gauge,False,XN-cable,0.90,20261002T123837-dd683fd
202609,CA,B0CNPWG359,excluded_non_gauge,False,XN-cable,0.90,20261002T123837-dd683fd
202609,CA,B0CNPXHPPM,excluded_non_gauge,False,XN-cable,0.90,20261002T123837-dd683fd
202609,CA,B0CNPYMNFH,excluded_non_gauge,False,XN-scanner,0.90,20261002T123837-dd683fd
202609,CA,B0CNSLR1VL,excluded_non_gauge,False,XN-scanner,0.90,20261002T123837-dd683fd
202609,CA,B0CNWHCL1J,excluded_non_gauge,False,XN-scanner,0.90,20261002T123837-dd683fd
202609,CA,B0CNXBZ94D,excluded_non_gauge,False,XN-noscan,0.90,20261002T123837-dd683fd
202609,CA,B0CNXDGNYK,excluded_non_gauge,False,XN-noscan,0.90,20261002T123837-dd683fd
202609,CA,B0CNXDYRSJ,excluded_non_gauge,False,XN-noscan,0.90,20261002T123837-dd683fd
202609,CA,B0CP2PFJWS,excluded_non_gauge,False,XN-scanner,0.90,20261002T123837-dd683fd
202609,CA,B0CP392QFH,excluded_non_gauge,False,XN-cable,0.90,20261002T123837-dd683fd
202609,CA,B0CP3YLDLH,excluded_non_gauge,False,XN-scanner,0.90,20261002T123837-dd683fd
202609,CA,B0CP4NZCZM,excluded_non_gauge,False,XN-scanner,0.90,20261002T123837-dd683fd
202609,CA,B0CP5VVHST,excluded_non_gauge,False,XN-scanner,0.90,20261002T123837-dd683fd
202609,CA,B0CP7B45T6,excluded_non_gauge,False,XN-cable,0.90,20261002T123837-dd683fd
202609,CA,B0CPDDFK6Z,excluded_non_gauge,False,XN-memsaver,0.90,20261002T123837-dd683fd
202609,CA,B0CPF8M74M,excluded_non_gauge,False,XN-scanner,0.90,20261002T123837-dd683fd
202609,CA,B0CPHW9M28,excluded_non_gauge,False,XN-noscan,0.90,20261002T123837-dd683fd
202609,CA,B0CPJ2MVGP,excluded_non_gauge,False,XN-scanner,0.90,20261002T123837-dd683fd
202609,CA,B0CPLB7FHM,excluded_non_gauge,False,XN-cable,0.90,20261002T123837-dd683fd
202609,CA,B0CPPFH5MM,excluded_non_gauge,False,XN-cluster,0.90,20261002T123837-dd683fd
202609,CA,B0CPSPQK99,excluded_non_gauge,False,XN-memsaver,0.90,20261002T123837-dd683fd
202609,CA,B0CPXKPM1W,excluded_non_gauge,False,XN-scanner,0.90,20261002T123837-dd683fd
202609,CA,B0CPYBPK49,excluded_non_gauge,False,XN-memsaver,0.90,20261002T123837-dd683fd
202609,CA,B0CPYTM4H4,excluded_non_gauge,False,XN-noscan,0.90,20261002T123837-dd683fd
202609,CA,B0CQ1P5FQP,excluded_non_gauge,False,XN-noscan,0.90,20261002T123837-dd683fd
202609,CA,B0CQ1ZFRS7,excluded_non_gauge,False,XN-cable,0.90,20261002T123837-dd683fd
202609,CA,B0CQ24633G,excluded_non_gauge,False,XN-cable,0.90,20261002T123837-dd683fd
202609,CA,B0CQ26X8B7,excluded_non_gauge,False,XN-cable,0.90,20261002T123837-dd683fd
202609,CA,B0CQ27387X,excluded_non_gauge,False,XN-cable,0.90,20261002T123837-dd683fd
202609,CA,B0CQ28BFSK,excluded_non_gauge,False,XN-cable,0.90,20261002T123837-dd683fd
202609,CA,B0CQ28S8KR,excluded_non_gauge,False,XN-cable,0.90,20261002T123837-dd683fd
202609,CA,B0CQ3ZG17K,excluded_non_gauge,False,XN-cable,0.90,20261002T123837-dd683fd
202609,CA,B0CQ48P4QF,excluded_non_gauge,False,XN-cable,0.90,20261002T123837-dd683fd
202609,CA,B0CQ4KRQBH,excluded_non_gauge,False,XN-scanner,0.90,20261002T123837-dd683fd
202609,CA,B0CQ4V8X9L,excluded_non_gauge,False,XN-scanner,0.90,20261002T123837-dd683fd
202609,CA,B0CQ84BMG9,obd_gps_hud,True,HG-1,0.90,20261002T123837-dd683fd
202609,CA,B0CQ8JWN7W,excluded_non_gauge,False,XN-cable,0.90,20261002T123837-dd683fd
202609,CA,B0CQH13YFM,excluded_non_gauge,False,XN-noscan,0.90,20261002T123837-dd683fd
202609,CA,B0CQJFQGNT,excluded_non_gauge,False,XN-cable,0.90,20261002T123837-dd683fd
202609,CA,B0CQJZWFYN,excluded_non_gauge,False,XN-noscan,0.90,20261002T123837-dd683fd
202609,CA,B0CQP9S314,excluded_non_gauge,False,XN-scanner,0.90,20261002T123837-dd683fd
202609,CA,B0CQPWMXZH,excluded_non_gauge,False,XN-scanner,0.90,20261002T123837-dd683fd
202609,CA,B0CQV1JXF3,excluded_non_gauge,False,XN-cable,0.90,20261002T123837-dd683fd
202609,CA,B0CQV8RDFZ,excluded_non_gauge,False,XN-cable,0.90,20261002T123837-dd683fd
202609,CA,B0CQVN3Z8K,excluded_non_gauge,False,XN-cable,0.90,20261002T123837-dd683fd
202609,CA,B0CQVP2BCT,excluded_non_gauge,False,XN-cable,0.90,20261002T123837-dd683fd
202609,CA,B0CQVR4TPQ,excluded_non_gauge,False,XN-cable,0.90,20261002T123837-dd683fd
202609,CA,B0CQXBHMM2,excluded_non_gauge,False,XN-cable,0.90,20261002T123837-dd683fd
202609,CA,B0CQXC1VD9,excluded_non_gauge,False,XN-cable,0.90,20261002T123837-dd683fd
202609,CA,B0CQXGQNLM,excluded_non_gauge,False,XN-cable,0.90,20261002T123837-dd683fd
202609,CA,B0CQXH74GL,excluded_non_gauge,False,XN-cable,0.90,20261002T123837-dd683fd
202609,CA,B0CQXLGBJN,excluded_non_gauge,False,XN-cable,0.90,20261002T123837-dd683fd
202609,CA,B0CQYVX1MZ,excluded_non_gauge,False,XN-cable,0.90,20261002T123837-dd683fd
202609,CA,B0CQYXG29L,excluded_non_gauge,False,XN-cable,0.90,20261002T123837-dd683fd
202609,CA,B0CR6RL6Q2,excluded_non_gauge,False,XN-cable,0.90,20261002T123837-dd683fd
202609,CA,B0CR9N9ZR8,excluded_non_gauge,False,XN-breakout,0.90,20261002T123837-dd683fd
202609,CA,B0CRBM9LG2,excluded_non_gauge,False,XN-scanner,0.90,20261002T123837-dd683fd
202609,CA,B0CRCZCC65,excluded_non_gauge,False,XN-scanner,0.90,20261002T123837-dd683fd
202609,CA,B0CRD2G581,excluded_non_gauge,False,MAP,1.00,20261002T123837-dd683fd
202609,CA,B0CRDCGT8J,excluded_non_gauge,False,XN-tracker,0.90,20261002T123837-dd683fd
202609,CA,B0CRH8LFRY,excluded_non_gauge,False,XN-scanner,0.90,20261002T123837-dd683fd
202609,CA,B0CRHR2YNF,excluded_non_gauge,False,XN-noscan,0.90,20261002T123837-dd683fd
202609,CA,B0CRQVBT5H,excluded_non_gauge,False,XN-scanner,0.90,20261002T123837-dd683fd
202609,CA,B0CRQY8QBY,excluded_non_gauge,False,XN-scanner,0.90,20261002T123837-dd683fd
202609,CA,B0CRR47N8C,excluded_non_gauge,False,XN-cable,0.90,20261002T123837-dd683fd
202609,CA,B0CRT7QH1W,obd_hud,True,HO-1,0.90,20261002T123837-dd683fd
202609,CA,B0CRVX1JLN,excluded_non_gauge,False,XN-noscan,0.90,20261002T123837-dd683fd
202609,CA,B0CRZ39DCT,excluded_non_gauge,False,XN-scanner,0.90,20261002T123837-dd683fd
202609,CA,B0CS29WNK7,excluded_non_gauge,False,XN-scanner,0.90,20261002T123837-dd683fd
202609,CA,B0CS2ZJ2BX,excluded_non_gauge,False,XN-noscan,0.90,20261002T123837-dd683fd
202609,CA,B0CS34GBCJ,excluded_non_gauge,False,XN-cable,0.90,20261002T123837-dd683fd
202609,CA,B0CS5HCLF2,excluded_non_gauge,False,XN-scanner,0.90,20261002T123837-dd683fd
202609,CA,B0CS6PWPND,excluded_non_gauge,False,XN-scanner,0.90,20261002T123837-dd683fd
202609,CA,B0CS6Q394M,excluded_non_gauge,False,XN-scanner,0.90,20261002T123837-dd683fd
202609,CA,B0CS6R26TK,excluded_non_gauge,False,XN-scanner,0.90,20261002T123837-dd683fd
202609,CA,B0CS6RXD8Y,excluded_non_gauge,False,XN-scanner,0.90,20261002T123837-dd683fd
202609,CA,B0CSBRP2J6,excluded_non_gauge,False,XN-cable,0.90,20261002T123837-dd683fd
202609,CA,B0CSF83DFM,excluded_non_gauge,False,XN-bulk,0.90,20261002T123837-dd683fd
202609,CA,B0CSFK3G71,excluded_non_gauge,False,XN-cable,0.90,20261002T123837-dd683fd
202609,CA,B0CSFKBT2Y,excluded_non_gauge,False,XN-cable,0.90,20261002T123837-dd683fd
202609,CA,B0CSFNYXJJ,excluded_non_gauge,False,XN-scanner,0.90,20261002T123837-dd683fd
202609,CA,B0CSG1C4CK,excluded_non_gauge,False,XN-cable,0.90,20261002T123837-dd683fd
202609,CA,B0CSX3F5GR,excluded_non_gauge,False,XN-noscan,0.90,20261002T123837-dd683fd
202609,CA,B0CSX46829,excluded_non_gauge,False,XN-noscan,0.90,20261002T123837-dd683fd
202609,CA,B0CT5M6G4W,excluded_non_gauge,False,XN-cable,0.90,20261002T123837-dd683fd
202609,CA,B0CT5Y6CDG,excluded_non_gauge,False,XN-scanner,0.90,20261002T123837-dd683fd
202609,CA,B0CTCCYQY5,excluded_non_gauge,False,XN-cable,0.90,20261002T123837-dd683fd
202609,CA,B0CTCD26ZF,excluded_non_gauge,False,XN-cable,0.90,20261002T123837-dd683fd
202609,CA,B0CTCVJSQH,excluded_non_gauge,False,XN-noscan,0.90,20261002T123837-dd683fd
202609,CA,B0CTCVR93K,excluded_non_gauge,False,XN-noscan,0.90,20261002T123837-dd683fd
202609,CA,B0CTCXWZJT,excluded_non_gauge,False,XN-cable,0.90,20261002T123837-dd683fd
202609,CA,B0CTCYS6BX,excluded_non_gauge,False,XN-cable,0.90,20261002T123837-dd683fd
202609,CA,B0CTK9GF5Z,excluded_non_gauge,False,XN-scanner,0.90,20261002T123837-dd683fd
202609,CA,B0CTMSQV1F,excluded_non_gauge,False,XN-scanner,0.90,20261002T123837-dd683fd
202609,CA,B0CTQ71ZCL,excluded_non_gauge,False,XN-noscan,0.90,20261002T123837-dd683fd
202609,CA,B0CTQSKD13,gauge_accessory,True,AC-cable,0.90,20261002T123837-dd683fd
202609,CA,B0CTTMFPFZ,excluded_non_gauge,False,XN-cable,0.90,20261002T123837-dd683fd
202609,CA,B0CTTQ8VBT,excluded_non_gauge,False,XN-scanner,0.90,20261002T123837-dd683fd
202609,CA,B0CTZCPTDP,excluded_non_gauge,False,XN-scanner,0.90,20261002T123837-dd683fd
202609,CA,B0CW1HYTVQ,excluded_non_gauge,False,XN-noscan,0.90,20261002T123837-dd683fd
202609,CA,B0CW6JBMPZ,obd_gps_hud,True,HG-1,0.90,20261002T123837-dd683fd
202609,CA,B0CWP9NG8G,excluded_non_gauge,False,XN-cable,0.90,20261002T123837-dd683fd
202609,CA,B0CWTZ7K7Z,excluded_non_gauge,False,XN-scanner,0.90,20261002T123837-dd683fd
202609,CA,B0CX5353HK,excluded_non_gauge,False,XN-cable,0.90,20261002T123837-dd683fd
202609,CA,B0CX5KJ22T,excluded_non_gauge,False,XN-cable,0.90,20261002T123837-dd683fd
202609,CA,B0CX8181JG,excluded_non_gauge,False,XN-key,0.90,20261002T123837-dd683fd
202609,CA,B0CXDYSWDD,excluded_non_gauge,False,XN-scanner,0.90,20261002T123837-dd683fd
202609,CA,B0CXHLG31Q,excluded_non_gauge,False,XN-cable,0.90,20261002T123837-dd683fd
202609,CA,B0CXHVP8V7,excluded_non_gauge,False,XN-cable,0.90,20261002T123837-dd683fd
202609,CA,B0CXSVLL6M,excluded_non_gauge,False,XN-scanner,0.90,20261002T123837-dd683fd
202609,CA,B0CXT297ZP,excluded_non_gauge,False,XN-noscan,0.90,20261002T123837-dd683fd
202609,CA,B0CXTZJ7RW,excluded_non_gauge,False,XN-noscan,0.90,20261002T123837-dd683fd
202609,CA,B0CXXJJ1PF,excluded_non_gauge,False,XN-cable,0.90,20261002T123837-dd683fd
202609,CA,B0CXY4LDR1,excluded_non_gauge,False,XN-scanner,0.90,20261002T123837-dd683fd
202609,CA,B0CY22PD2H,excluded_non_gauge,False,XN-cable,0.90,20261002T123837-dd683fd
202609,CA,B0CY4H2RVP,excluded_non_gauge,False,XN-scanner,0.90,20261002T123837-dd683fd
202609,CA,B0CY542RHB,excluded_non_gauge,False,XN-scanner,0.90,20261002T123837-dd683fd
202609,CA,B0CY9QYNB6,excluded_non_gauge,False,XN-noscan,0.90,20261002T123837-dd683fd
202609,CA,B0CYCC79F2,excluded_non_gauge,False,XN-noscan,0.90,20261002T123837-dd683fd
202609,CA,B0CYCHXJJB,excluded_non_gauge,False,XN-cable,0.90,20261002T123837-dd683fd
202609,CA,B0CYG5NVN4,excluded_non_gauge,False,XN-noscan,0.90,20261002T123837-dd683fd
202609,CA,B0CYLR1968,excluded_non_gauge,False,XN-protector,0.90,20261002T123837-dd683fd
202609,CA,B0CYLWB9NC,excluded_non_gauge,False,XN-protector,0.90,20261002T123837-dd683fd
202609,CA,B0CYLYFJW9,excluded_non_gauge,False,XN-scanner,0.90,20261002T123837-dd683fd
202609,CA,B0CYM3GBF8,excluded_non_gauge,False,XN-scanner,0.90,20261002T123837-dd683fd
202609,CA,B0CYNYY7R7,excluded_non_gauge,False,XN-cable,0.90,20261002T123837-dd683fd
202609,CA,B0CYPZ8767,excluded_non_gauge,False,XN-cluster,0.90,20261002T123837-dd683fd
202609,CA,B0CYSTRF96,excluded_non_gauge,False,XN-noscan,0.90,20261002T123837-dd683fd
202609,CA,B0CYSX64KJ,excluded_non_gauge,False,XN-protector,0.90,20261002T123837-dd683fd
202609,CA,B0CYSXZ8NH,excluded_non_gauge,False,XN-protector,0.90,20261002T123837-dd683fd
202609,CA,B0CYZRMCK9,excluded_non_gauge,False,XN-scanner,0.90,20261002T123837-dd683fd
202609,CA,B0CZ7DVCN7,excluded_non_gauge,False,XN-srs,0.90,20261002T123837-dd683fd
202609,CA,B0CZ86Q5T2,excluded_non_gauge,False,XN-scanner,0.90,20261002T123837-dd683fd
202609,CA,B0CZ8TZCQS,excluded_non_gauge,False,XN-scanner,0.90,20261002T123837-dd683fd
202609,CA,B0CZ92SLDY,excluded_non_gauge,False,XN-scanner,0.90,20261002T123837-dd683fd
202609,CA,B0CZCGXZVR,excluded_non_gauge,False,XN-scanner,0.90,20261002T123837-dd683fd
202609,CA,B0CZCKGMXZ,excluded_non_gauge,False,XN-scanner,0.90,20261002T123837-dd683fd
202609,CA,B0CZDNJ1BJ,excluded_non_gauge,False,XN-scanner,0.90,20261002T123837-dd683fd
202609,CA,B0CZJHMBGJ,excluded_non_gauge,False,XN-noscan,0.90,20261002T123837-dd683fd
202609,CA,B0CZP5BCBD,excluded_non_gauge,False,XN-cable,0.90,20261002T123837-dd683fd
202609,CA,B0CZPZJTTZ,excluded_non_gauge,False,XN-power,0.90,20261002T123837-dd683fd
202609,CA,B0D17K9X2P,excluded_non_gauge,False,MAP,1.00,20261002T123837-dd683fd
202609,CA,B0D17L9Z2S,excluded_non_gauge,False,XN-scanner,0.90,20261002T123837-dd683fd
202609,CA,B0D17N2VB7,excluded_non_gauge,False,XN-cable,0.90,20261002T123837-dd683fd
202609,CA,B0D1GB9HF2,excluded_non_gauge,False,XN-cable,0.90,20261002T123837-dd683fd
202609,CA,B0D1GCWPNF,excluded_non_gauge,False,XN-cable,0.90,20261002T123837-dd683fd
202609,CA,B0D1GV6N8G,excluded_non_gauge,False,XN-scanner,0.90,20261002T123837-dd683fd
202609,CA,B0D1KFYY6N,excluded_non_gauge,False,XN-cable,0.90,20261002T123837-dd683fd
202609,CA,B0D1MHF19J,excluded_non_gauge,False,XN-scanner,0.90,20261002T123837-dd683fd
202609,CA,B0D1MRYSDF,excluded_non_gauge,False,XN-scanner,0.90,20261002T123837-dd683fd
202609,CA,B0D1N295GS,excluded_non_gauge,False,XN-noscan,0.90,20261002T123837-dd683fd
202609,CA,B0D1NFDJX9,excluded_non_gauge,False,XN-cable,0.90,20261002T123837-dd683fd
202609,CA,B0D1PBD3BG,excluded_non_gauge,False,XN-cable,0.90,20261002T123837-dd683fd
202609,CA,B0D1V2X5KG,excluded_non_gauge,False,XN-scanner,0.90,20261002T123837-dd683fd
202609,CA,B0D1VCFMD5,excluded_non_gauge,False,XN-cable,0.90,20261002T123837-dd683fd
202609,CA,B0D22DPYLN,excluded_non_gauge,False,XN-case,0.90,20261002T123837-dd683fd
202609,CA,B0D2CY68J1,excluded_non_gauge,False,XN-scanner,0.90,20261002T123837-dd683fd
202609,CA,B0D2D5XJ5Q,excluded_non_gauge,False,XN-scanner,0.90,20261002T123837-dd683fd
202609,CA,B0D2NBX473,excluded_non_gauge,False,XN-key,0.90,20261002T123837-dd683fd
202609,CA,B0D2Q1MDJ8,excluded_non_gauge,False,XN-scanner,0.90,20261002T123837-dd683fd
202609,CA,B0D2V1RVN4,excluded_non_gauge,False,XN-noscan,0.90,20261002T123837-dd683fd
202609,CA,B0D2W1SNJH,excluded_non_gauge,False,XN-scanner,0.90,20261002T123837-dd683fd
202609,CA,B0D2XC6VPT,excluded_non_gauge,False,XN-cable,0.90,20261002T123837-dd683fd
202609,CA,B0D2XRN1SB,excluded_non_gauge,False,XN-noscan,0.90,20261002T123837-dd683fd
202609,CA,B0D2ZM4HL3,excluded_non_gauge,False,XN-scanner,0.90,20261002T123837-dd683fd
202609,CA,B0D32BNNQ9,excluded_non_gauge,False,XN-scanner,0.90,20261002T123837-dd683fd
202609,CA,B0D3DPDV86,excluded_non_gauge,False,XN-scanner,0.90,20261002T123837-dd683fd
202609,CA,B0D3F2953F,excluded_non_gauge,False,XN-scanner,0.90,20261002T123837-dd683fd
202609,CA,B0D3GGYZ2G,excluded_non_gauge,False,XN-cable,0.90,20261002T123837-dd683fd
202609,CA,B0D3H41DJS,excluded_non_gauge,False,MAP,1.00,20261002T123837-dd683fd
202609,CA,B0D3H4JH11,excluded_non_gauge,False,MAP,1.00,20261002T123837-dd683fd
202609,CA,B0D3V6QNH8,excluded_non_gauge,False,XN-scanner,0.90,20261002T123837-dd683fd
202609,CA,B0D3V9DMLP,excluded_non_gauge,False,XN-cable,0.90,20261002T123837-dd683fd
202609,CA,B0D44C1F7Y,excluded_non_gauge,False,XN-scanner,0.90,20261002T123837-dd683fd
202609,CA,B0D45LQ8TF,excluded_non_gauge,False,XN-cable,0.90,20261002T123837-dd683fd
202609,CA,B0D474RC4W,excluded_non_gauge,False,XN-scanner,0.90,20261002T123837-dd683fd
202609,CA,B0D477PZNH,excluded_non_gauge,False,XN-scanner,0.90,20261002T123837-dd683fd
202609,CA,B0D49XW1Z7,excluded_non_gauge,False,XN-cable,0.90,20261002T123837-dd683fd
202609,CA,B0D4DNZZM6,excluded_non_gauge,False,XN-noscan,0.90,20261002T123837-dd683fd
202609,CA,B0D4H5429Q,excluded_non_gauge,False,XN-scanner,0.90,20261002T123837-dd683fd
202609,CA,B0D4HRJBTD,excluded_non_gauge,False,XN-cable,0.90,20261002T123837-dd683fd
202609,CA,B0D4HWV2FV,excluded_non_gauge,False,XN-scanner,0.90,20261002T123837-dd683fd
202609,CA,B0D4M5QHFJ,excluded_non_gauge,False,XN-case,0.90,20261002T123837-dd683fd
202609,CA,B0D4PS6K39,obd_gps_hud,True,MAP,1.00,20261002T123837-dd683fd
202609,CA,B0D4Q6PLH5,excluded_non_gauge,False,XN-scanner,0.90,20261002T123837-dd683fd
202609,CA,B0D4TWT9C9,excluded_non_gauge,False,XN-cluster,0.90,20261002T123837-dd683fd
202609,CA,B0D4Y4NZ2Y,excluded_non_gauge,False,XN-noscan,0.90,20261002T123837-dd683fd
202609,CA,B0D59DS51W,excluded_non_gauge,False,XN-scanner,0.90,20261002T123837-dd683fd
202609,CA,B0D5GNGT1D,excluded_non_gauge,False,XN-scanner,0.90,20261002T123837-dd683fd
202609,CA,B0D5M8WX1Z,excluded_non_gauge,False,XN-scanner,0.90,20261002T123837-dd683fd
202609,CA,B0D5MC58JP,excluded_non_gauge,False,XN-scanner,0.90,20261002T123837-dd683fd
202609,CA,B0D5R7YQGP,gauge_display,True,GD-1,0.90,20261002T123837-dd683fd
202609,CA,B0D5VQ9F3G,excluded_non_gauge,False,XN-cable,0.90,20261002T123837-dd683fd
202609,CA,B0D5VSB4GD,excluded_non_gauge,False,XN-cable,0.90,20261002T123837-dd683fd
202609,CA,B0D5XYZTHW,excluded_non_gauge,False,XN-scanner,0.90,20261002T123837-dd683fd
202609,CA,B0D62Z3ZGV,excluded_non_gauge,False,XN-cable,0.90,20261002T123837-dd683fd
202609,CA,B0D664GK25,excluded_non_gauge,False,XN-cable,0.90,20261002T123837-dd683fd
202609,CA,B0D66KPJHP,excluded_non_gauge,False,XN-portlock,0.90,20261002T123837-dd683fd
202609,CA,B0D69ZTN6B,excluded_non_gauge,False,XN-cable,0.90,20261002T123837-dd683fd
202609,CA,B0D6GVTD8S,excluded_non_gauge,False,XN-noscan,0.90,20261002T123837-dd683fd
202609,CA,B0D6JTL81Z,excluded_non_gauge,False,XN-cable,0.90,20261002T123837-dd683fd
202609,CA,B0D6R66XZ5,excluded_non_gauge,False,XN-scanner,0.90,20261002T123837-dd683fd
202609,CA,B0D6W7WQLS,excluded_non_gauge,False,XN-breakout,0.90,20261002T123837-dd683fd
202609,CA,B0D6WTT72J,excluded_non_gauge,False,XN-scanner,0.90,20261002T123837-dd683fd
202609,CA,B0D6Y884YC,excluded_non_gauge,False,XN-scanner,0.90,20261002T123837-dd683fd
202609,CA,B0D6YQX4R8,excluded_non_gauge,False,XN-scanner,0.90,20261002T123837-dd683fd
202609,CA,B0D78SD41T,excluded_non_gauge,False,XN-breakout,0.90,20261002T123837-dd683fd
202609,CA,B0D78TD9PT,excluded_non_gauge,False,XN-cable,0.90,20261002T123837-dd683fd
202609,CA,B0D78TYFB7,excluded_non_gauge,False,XN-breakout,0.90,20261002T123837-dd683fd
202609,CA,B0D7BXVFK4,excluded_non_gauge,False,XN-cable,0.90,20261002T123837-dd683fd
202609,CA,B0D7BXX733,excluded_non_gauge,False,XN-cable,0.90,20261002T123837-dd683fd
202609,CA,B0D7C1J1X3,excluded_non_gauge,False,XN-noscan,0.90,20261002T123837-dd683fd
202609,CA,B0D7M4Q46L,excluded_non_gauge,False,XN-scanner,0.90,20261002T123837-dd683fd
202609,CA,B0D7QBQ44R,obd_gps_hud,True,HG-1,0.90,20261002T123837-dd683fd
202609,CA,B0D7TT4VNX,excluded_non_gauge,False,XN-scanner,0.90,20261002T123837-dd683fd
202609,CA,B0D7VS8SHS,excluded_non_gauge,False,XN-scanner,0.90,20261002T123837-dd683fd
202609,CA,B0D81QLQ92,excluded_non_gauge,False,XN-scanner,0.90,20261002T123837-dd683fd
202609,CA,B0D8HQG673,excluded_non_gauge,False,XN-scanner,0.90,20261002T123837-dd683fd
202609,CA,B0D8HYW5GG,excluded_non_gauge,False,XN-scanner,0.90,20261002T123837-dd683fd
202609,CA,B0D8KB4SK3,excluded_non_gauge,False,XN-scanner,0.90,20261002T123837-dd683fd
202609,CA,B0D8PGZHF8,excluded_non_gauge,False,XN-scanner,0.90,20261002T123837-dd683fd
202609,CA,B0D8VWT838,excluded_non_gauge,False,MAP,1.00,20261002T123837-dd683fd
202609,CA,B0D8W1TP1F,excluded_non_gauge,False,XN-scanner,0.90,20261002T123837-dd683fd
202609,CA,B0D8ZMQDY3,excluded_non_gauge,False,XN-cable,0.90,20261002T123837-dd683fd
202609,CA,B0D8ZWZ4V1,excluded_non_gauge,False,XN-scanner,0.90,20261002T123837-dd683fd
202609,CA,B0D8ZZVFPX,excluded_non_gauge,False,XN-noscan,0.90,20261002T123837-dd683fd
202609,CA,B0D93BTQMG,excluded_non_gauge,False,XN-scanner,0.90,20261002T123837-dd683fd
202609,CA,B0D93GFSK1,excluded_non_gauge,False,XN-scanner,0.90,20261002T123837-dd683fd
202609,CA,B0D95VF7W7,excluded_non_gauge,False,XN-bulk,0.90,20261002T123837-dd683fd
202609,CA,B0D97BL8PJ,excluded_non_gauge,False,XN-scanner,0.90,20261002T123837-dd683fd
202609,CA,B0D9BCSL2W,excluded_non_gauge,False,XN-cable,0.90,20261002T123837-dd683fd
202609,CA,B0D9GL67MH,excluded_non_gauge,False,XN-scanner,0.90,20261002T123837-dd683fd
202609,CA,B0D9GXGW8Q,excluded_non_gauge,False,XN-scanner,0.90,20261002T123837-dd683fd
202609,CA,B0D9JTXZPD,excluded_non_gauge,False,XN-cable,0.90,20261002T123837-dd683fd
202609,CA,B0D9L8LRFV,excluded_non_gauge,False,XN-portlock,0.90,20261002T123837-dd683fd
202609,CA,B0D9LZN7RK,excluded_non_gauge,False,XN-cable,0.90,20261002T123837-dd683fd
202609,CA,B0D9M2V9TC,excluded_non_gauge,False,XN-cable,0.90,20261002T123837-dd683fd
202609,CA,B0D9NX6SYS,excluded_non_gauge,False,XN-scanner,0.90,20261002T123837-dd683fd
202609,CA,B0D9VTQWST,excluded_non_gauge,False,XN-scanner,0.90,20261002T123837-dd683fd
202609,CA,B0D9XTH162,excluded_non_gauge,False,XN-bulk,0.90,20261002T123837-dd683fd
202609,CA,B0D9YWM6PY,excluded_non_gauge,False,XN-scanner,0.90,20261002T123837-dd683fd
202609,CA,B0DB86T5F5,excluded_non_gauge,False,XN-scanner,0.90,20261002T123837-dd683fd
202609,CA,B0DB89CSF5,excluded_non_gauge,False,XN-scanner,0.90,20261002T123837-dd683fd
202609,CA,B0DB8G6B1Z,excluded_non_gauge,False,XN-memsaver,0.90,20261002T123837-dd683fd
202609,CA,B0DBH27CQS,excluded_non_gauge,False,XN-scanner,0.90,20261002T123837-dd683fd
202609,CA,B0DBHVKGK8,excluded_non_gauge,False,XN-scanner,0.90,20261002T123837-dd683fd
202609,CA,B0DBHVW99Z,excluded_non_gauge,False,XN-scanner,0.90,20261002T123837-dd683fd
202609,CA,B0DBJGKGB7,excluded_non_gauge,False,XN-scanner,0.90,20261002T123837-dd683fd
202609,CA,B0DBLCM29P,excluded_non_gauge,False,XN-scanner,0.90,20261002T123837-dd683fd
202609,CA,B0DBLQXQ6W,excluded_non_gauge,False,XN-scanner,0.90,20261002T123837-dd683fd
202609,CA,B0DBNV8K16,excluded_non_gauge,False,XN-noscan,0.90,20261002T123837-dd683fd
202609,CA,B0DCB917LV,excluded_non_gauge,False,XN-scanner,0.90,20261002T123837-dd683fd
202609,CA,B0DCDV7RRQ,excluded_non_gauge,False,XN-case,0.90,20261002T123837-dd683fd
202609,CA,B0DCFF7VGF,excluded_non_gauge,False,XN-scanner,0.90,20261002T123837-dd683fd
202609,CA,B0DCJYYK13,excluded_non_gauge,False,XN-scanner,0.90,20261002T123837-dd683fd
202609,CA,B0DCQSKMPS,excluded_non_gauge,False,MAP,1.00,20261002T123837-dd683fd
202609,CA,B0DCZCNGFM,excluded_non_gauge,False,XN-scanner,0.90,20261002T123837-dd683fd
202609,CA,B0DCZT5RZC,excluded_non_gauge,False,XN-portlock,0.90,20261002T123837-dd683fd
202609,CA,B0DD3XJBYQ,excluded_non_gauge,False,XN-scanner,0.90,20261002T123837-dd683fd
202609,CA,B0DD3Z311Z,excluded_non_gauge,False,XN-scanner,0.90,20261002T123837-dd683fd
202609,CA,B0DDB8D3D3,excluded_non_gauge,False,XN-scanner,0.90,20261002T123837-dd683fd
202609,CA,B0DDC844V7,excluded_non_gauge,False,XN-scanner,0.90,20261002T123837-dd683fd
202609,CA,B0DDKL93SN,excluded_non_gauge,False,XN-scanner,0.90,20261002T123837-dd683fd
202609,CA,B0DDPMMSHL,excluded_non_gauge,False,XN-scanner,0.90,20261002T123837-dd683fd
202609,CA,B0DDSPNRTK,excluded_non_gauge,False,XN-cable,0.90,20261002T123837-dd683fd
202609,CA,B0DDT7J8VH,excluded_non_gauge,False,XN-cable,0.90,20261002T123837-dd683fd
202609,CA,B0DF2M277F,excluded_non_gauge,False,XN-cable,0.90,20261002T123837-dd683fd
202609,CA,B0DF2TDJZP,excluded_non_gauge,False,XN-noscan,0.90,20261002T123837-dd683fd
202609,CA,B0DF2WK54W,excluded_non_gauge,False,XN-cable,0.90,20261002T123837-dd683fd
202609,CA,B0DF31J5ZN,excluded_non_gauge,False,XN-cable,0.90,20261002T123837-dd683fd
202609,CA,B0DF79ZYYW,excluded_non_gauge,False,XN-noscan,0.90,20261002T123837-dd683fd
202609,CA,B0DF7MRVFG,excluded_non_gauge,False,XN-noscan,0.90,20261002T123837-dd683fd
202609,CA,B0DFBWR67M,excluded_non_gauge,False,XN-scanner,0.90,20261002T123837-dd683fd
202609,CA,B0DFCH7MCL,excluded_non_gauge,False,XN-scanner,0.90,20261002T123837-dd683fd
202609,CA,B0DFCJHPR5,excluded_non_gauge,False,XN-scanner,0.90,20261002T123837-dd683fd
202609,CA,B0DFD2HYWJ,excluded_non_gauge,False,XN-scanner,0.90,20261002T123837-dd683fd
202609,CA,B0DFHRKB2L,excluded_non_gauge,False,XN-scanner,0.90,20261002T123837-dd683fd
202609,CA,B0DFM25BZB,excluded_non_gauge,False,XN-noscan,0.90,20261002T123837-dd683fd
202609,CA,B0DFMC4CQX,excluded_non_gauge,False,XN-scanner,0.90,20261002T123837-dd683fd
202609,CA,B0DFMFNSWW,excluded_non_gauge,False,XN-scanner,0.90,20261002T123837-dd683fd
202609,CA,B0DFMG7QK2,excluded_non_gauge,False,XN-scanner,0.90,20261002T123837-dd683fd
202609,CA,B0DFPK5PQ8,excluded_non_gauge,False,XN-scanner,0.90,20261002T123837-dd683fd
202609,CA,B0DFY6CCSV,excluded_non_gauge,False,XN-power,0.90,20261002T123837-dd683fd
202609,CA,B0DG21S5TM,excluded_non_gauge,False,XN-key,0.90,20261002T123837-dd683fd
202609,CA,B0DG2DL5MC,excluded_non_gauge,False,XN-portlock,0.90,20261002T123837-dd683fd
202609,CA,B0DG2FKQ5W,excluded_non_gauge,False,XN-scanner,0.90,20261002T123837-dd683fd
202609,CA,B0DG2GTGD5,excluded_non_gauge,False,XN-scanner,0.90,20261002T123837-dd683fd
202609,CA,B0DG2H3XP4,excluded_non_gauge,False,XN-scanner,0.90,20261002T123837-dd683fd
202609,CA,B0DG2NCJ4Z,excluded_non_gauge,False,XN-noscan,0.90,20261002T123837-dd683fd
202609,CA,B0DG2SR93N,excluded_non_gauge,False,XN-scanner,0.90,20261002T123837-dd683fd
202609,CA,B0DG2VZP6P,excluded_non_gauge,False,XN-scanner,0.90,20261002T123837-dd683fd
202609,CA,B0DG52MC34,excluded_non_gauge,False,XN-noscan,0.90,20261002T123837-dd683fd
202609,CA,B0DG5LFYY8,excluded_non_gauge,False,XN-scanner,0.90,20261002T123837-dd683fd
202609,CA,B0DG61QK25,excluded_non_gauge,False,XN-noscan,0.90,20261002T123837-dd683fd
202609,CA,B0DGCGXZBJ,excluded_non_gauge,False,XN-scanner,0.90,20261002T123837-dd683fd
202609,CA,B0DGCMVZNZ,excluded_non_gauge,False,XN-noscan,0.90,20261002T123837-dd683fd
202609,CA,B0DGPWDKKD,excluded_non_gauge,False,XN-scanner,0.90,20261002T123837-dd683fd
202609,CA,B0DGPZ7372,excluded_non_gauge,False,XN-scanner,0.90,20261002T123837-dd683fd
202609,CA,B0DGVBNRH5,excluded_non_gauge,False,XN-case,0.90,20261002T123837-dd683fd
202609,CA,B0DGWXM96M,excluded_non_gauge,False,XN-scanner,0.90,20261002T123837-dd683fd
202609,CA,B0DGXHW9TZ,excluded_non_gauge,False,XN-scanner,0.90,20261002T123837-dd683fd
202609,CA,B0DH4D1TYB,excluded_non_gauge,False,XN-noscan,0.90,20261002T123837-dd683fd
202609,CA,B0DHCJ56GQ,excluded_non_gauge,False,XN-noscan,0.90,20261002T123837-dd683fd
202609,CA,B0DHGVLKFZ,excluded_non_gauge,False,XN-protector,0.90,20261002T123837-dd683fd
202609,CA,B0DHGX3R88,excluded_non_gauge,False,XN-protector,0.90,20261002T123837-dd683fd
202609,CA,B0DHKXBV2G,excluded_non_gauge,False,XN-cable,0.90,20261002T123837-dd683fd
202609,CA,B0DHN3V1T3,excluded_non_gauge,False,XN-dashcam,0.90,20261002T123837-dd683fd
202609,CA,B0DHP65X26,excluded_non_gauge,False,XN-cable,0.90,20261002T123837-dd683fd
202609,CA,B0DHQSQYTR,excluded_non_gauge,False,XN-scanner,0.90,20261002T123837-dd683fd
202609,CA,B0DHX29NMC,excluded_non_gauge,False,XN-scanner,0.90,20261002T123837-dd683fd
202609,CA,B0DHX6P3CR,excluded_non_gauge,False,XN-portlock,0.90,20261002T123837-dd683fd
202609,CA,B0DHX8FFVR,excluded_non_gauge,False,XN-scanner,0.90,20261002T123837-dd683fd
202609,CA,B0DHZJDFPN,excluded_non_gauge,False,XN-scanner,0.90,20261002T123837-dd683fd
202609,CA,B0DHZZPGJM,excluded_non_gauge,False,XN-scanner,0.90,20261002T123837-dd683fd
202609,CA,B0DJ1DKRZQ,excluded_non_gauge,False,XN-scanner,0.90,20261002T123837-dd683fd
202609,CA,B0DJ26N75T,excluded_non_gauge,False,MAP,1.00,20261002T123837-dd683fd
202609,CA,B0DJ2M8BH7,excluded_non_gauge,False,XN-scanner,0.90,20261002T123837-dd683fd
202609,CA,B0DJ73V15W,excluded_non_gauge,False,XN-scanner,0.90,20261002T123837-dd683fd
202609,CA,B0DJKPZ881,excluded_non_gauge,False,XN-scanner,0.90,20261002T123837-dd683fd
202609,CA,B0DJRBLN3Y,excluded_non_gauge,False,XN-scanner,0.90,20261002T123837-dd683fd
202609,CA,B0DJV8ZKJH,excluded_non_gauge,False,XN-case,0.90,20261002T123837-dd683fd
202609,CA,B0DJVGWMLR,excluded_non_gauge,False,XN-noscan,0.90,20261002T123837-dd683fd
202609,CA,B0DJVM1QRV,excluded_non_gauge,False,XN-cable,0.90,20261002T123837-dd683fd
202609,CA,B0DJVVJ5KT,excluded_non_gauge,False,XN-scanner,0.90,20261002T123837-dd683fd
202609,CA,B0DK4RLZW9,excluded_non_gauge,False,XN-scanner,0.90,20261002T123837-dd683fd
202609,CA,B0DK72RG18,excluded_non_gauge,False,XN-key,0.90,20261002T123837-dd683fd
202609,CA,B0DK7K7QFG,excluded_non_gauge,False,XN-scanner,0.90,20261002T123837-dd683fd
202609,CA,B0DK98KF37,excluded_non_gauge,False,XN-scanner,0.90,20261002T123837-dd683fd
202609,CA,B0DKH5871C,excluded_non_gauge,False,XN-scanner,0.90,20261002T123837-dd683fd
202609,CA,B0DKH9HZNY,excluded_non_gauge,False,XN-scanner,0.90,20261002T123837-dd683fd
202609,CA,B0DKHBS9Z1,excluded_non_gauge,False,XN-scanner,0.90,20261002T123837-dd683fd
202609,CA,B0DKHBSHZB,excluded_non_gauge,False,XN-scanner,0.90,20261002T123837-dd683fd
202609,CA,B0DKHL1H22,excluded_non_gauge,False,XN-scanner,0.90,20261002T123837-dd683fd
202609,CA,B0DKHL6YHJ,excluded_non_gauge,False,XN-scanner,0.90,20261002T123837-dd683fd
202609,CA,B0DKHMPYVP,excluded_non_gauge,False,XN-scanner,0.90,20261002T123837-dd683fd
202609,CA,B0DKJHML88,excluded_non_gauge,False,XN-cable,0.90,20261002T123837-dd683fd
202609,CA,B0DKNQQHMW,excluded_non_gauge,False,XN-scanner,0.90,20261002T123837-dd683fd
202609,CA,B0DKP276HJ,excluded_non_gauge,False,XN-cable,0.90,20261002T123837-dd683fd
202609,CA,B0DKTH45K2,excluded_non_gauge,False,XN-scanner,0.90,20261002T123837-dd683fd
202609,CA,B0DKZ77M4N,obd_hud,True,HO-kw206,0.90,20261002T123837-dd683fd
202609,CA,B0DKZ9ZH38,excluded_non_gauge,False,XN-srs,0.90,20261002T123837-dd683fd
202609,CA,B0DL7189LL,excluded_non_gauge,False,XN-cable,0.90,20261002T123837-dd683fd
202609,CA,B0DL76N588,excluded_non_gauge,False,XN-scanner,0.90,20261002T123837-dd683fd
202609,CA,B0DL8LJTV9,excluded_non_gauge,False,XN-cable,0.90,20261002T123837-dd683fd
202609,CA,B0DL8S8FX9,excluded_non_gauge,False,XN-scanner,0.90,20261002T123837-dd683fd
202609,CA,B0DL8XWVK6,excluded_non_gauge,False,XN-cable,0.90,20261002T123837-dd683fd
202609,CA,B0DL95WLLW,excluded_non_gauge,False,XN-scanner,0.90,20261002T123837-dd683fd
202609,CA,B0DL9QQW5S,excluded_non_gauge,False,XN-cable,0.90,20261002T123837-dd683fd
202609,CA,B0DLB7X61L,excluded_non_gauge,False,XN-scanner,0.90,20261002T123837-dd683fd
202609,CA,B0DLMZ4QXW,excluded_non_gauge,False,XN-bulk,0.90,20261002T123837-dd683fd
202609,CA,B0DLNC4YCF,excluded_non_gauge,False,XN-cable,0.90,20261002T123837-dd683fd
202609,CA,B0DM4JHCG3,excluded_non_gauge,False,XN-cable,0.90,20261002T123837-dd683fd
202609,CA,B0DM4QTBQK,excluded_non_gauge,False,XN-scanner,0.90,20261002T123837-dd683fd
202609,CA,B0DM82QXFY,excluded_non_gauge,False,XN-noscan,0.90,20261002T123837-dd683fd
202609,CA,B0DM93H4KZ,excluded_non_gauge,False,XN-scanner,0.90,20261002T123837-dd683fd
202609,CA,B0DM9QYPYY,excluded_non_gauge,False,XN-cable,0.90,20261002T123837-dd683fd
202609,CA,B0DMD2XQL2,excluded_non_gauge,False,XN-scanner,0.90,20261002T123837-dd683fd
202609,CA,B0DMPBG847,excluded_non_gauge,False,XN-cable,0.90,20261002T123837-dd683fd
202609,CA,B0DMTJ9TGZ,excluded_non_gauge,False,XN-scanner,0.90,20261002T123837-dd683fd
202609,CA,B0DMW4QY3T,excluded_non_gauge,False,XN-scanner,0.90,20261002T123837-dd683fd
202609,CA,B0DMWDZJH2,excluded_non_gauge,False,XN-key,0.90,20261002T123837-dd683fd
202609,CA,B0DMZT9QMQ,excluded_non_gauge,False,XN-noscan,0.90,20261002T123837-dd683fd
202609,CA,B0DNYK5ZZ2,excluded_non_gauge,False,XN-noscan,0.90,20261002T123837-dd683fd
202609,CA,B0DP42HRGM,excluded_non_gauge,False,XN-scanner,0.90,20261002T123837-dd683fd
202609,CA,B0DP4H774P,excluded_non_gauge,False,XN-scanner,0.90,20261002T123837-dd683fd
202609,CA,B0DP4LVWWX,excluded_non_gauge,False,XN-scanner,0.90,20261002T123837-dd683fd
202609,CA,B0DP7GL762,excluded_non_gauge,False,XN-cluster,0.90,20261002T123837-dd683fd
202609,CA,B0DPFBMSGK,excluded_non_gauge,False,XN-scanner,0.90,20261002T123837-dd683fd
202609,CA,B0DPFD4JV1,excluded_non_gauge,False,XN-scanner,0.90,20261002T123837-dd683fd
202609,CA,B0DPHSKKPG,excluded_non_gauge,False,XN-scanner,0.90,20261002T123837-dd683fd
202609,CA,B0DPHVVJ7M,excluded_non_gauge,False,XN-scanner,0.90,20261002T123837-dd683fd
202609,CA,B0DPM16FN1,excluded_non_gauge,False,MAP,1.00,20261002T123837-dd683fd
202609,CA,B0DPWKKS85,excluded_non_gauge,False,XN-scanner,0.90,20261002T123837-dd683fd
202609,CA,B0DPZVGXS3,excluded_non_gauge,False,XN-scanner,0.90,20261002T123837-dd683fd
202609,CA,B0DQ4M68QW,excluded_non_gauge,False,XN-cluster,0.90,20261002T123837-dd683fd
202609,CA,B0DQ5TW6M2,excluded_non_gauge,False,XN-noscan,0.90,20261002T123837-dd683fd
202609,CA,B0DR7KMTPC,excluded_non_gauge,False,XN-tracker,0.90,20261002T123837-dd683fd
202609,CA,B0DR7M7Q8V,excluded_non_gauge,False,XN-scanner,0.90,20261002T123837-dd683fd
202609,CA,B0DR8M9994,excluded_non_gauge,False,XN-cable,0.90,20261002T123837-dd683fd
202609,CA,B0DR8MHLNP,excluded_non_gauge,False,XN-scanner,0.90,20261002T123837-dd683fd
202609,CA,B0DRCYGZC2,excluded_non_gauge,False,XN-scanner,0.90,20261002T123837-dd683fd
202609,CA,B0DRD1MMVJ,excluded_non_gauge,False,XN-scanner,0.90,20261002T123837-dd683fd
202609,CA,B0DRD33SRR,excluded_non_gauge,False,XN-scanner,0.90,20261002T123837-dd683fd
202609,CA,B0DRFLSN4S,excluded_non_gauge,False,XN-portlock,0.90,20261002T123837-dd683fd
202609,CA,B0DRNMNLQJ,excluded_non_gauge,False,XN-dashcam,0.90,20261002T123837-dd683fd
202609,CA,B0DRPCV6YR,excluded_non_gauge,False,XN-noscan,0.90,20261002T123837-dd683fd
202609,CA,B0DRTVQ8YW,excluded_non_gauge,False,XN-scanner,0.90,20261002T123837-dd683fd
202609,CA,B0DRY9QJXP,excluded_non_gauge,False,XN-scanner,0.90,20261002T123837-dd683fd
202609,CA,B0DRYBPS97,excluded_non_gauge,False,XN-scanner,0.90,20261002T123837-dd683fd
202609,CA,B0DRYN4T8G,excluded_non_gauge,False,XN-key,0.90,20261002T123837-dd683fd
202609,CA,B0DS8L7DX5,excluded_non_gauge,False,XN-scanner,0.90,20261002T123837-dd683fd
202609,CA,B0DSDNR3QP,excluded_non_gauge,False,XN-scanner,0.90,20261002T123837-dd683fd
202609,CA,B0DSL7ZF96,excluded_non_gauge,False,XN-scanner,0.90,20261002T123837-dd683fd
202609,CA,B0DSP7RTBB,excluded_non_gauge,False,XN-scanner,0.90,20261002T123837-dd683fd
202609,CA,B0DSPDG2YK,excluded_non_gauge,False,XN-scanner,0.90,20261002T123837-dd683fd
202609,CA,B0DSPSQNRF,excluded_non_gauge,False,XN-cable,0.90,20261002T123837-dd683fd
202609,CA,B0DSPWRWXC,excluded_non_gauge,False,XN-noscan,0.90,20261002T123837-dd683fd
202609,CA,B0DT1D2YTQ,excluded_non_gauge,False,XN-scanner,0.90,20261002T123837-dd683fd
202609,CA,B0DT1GHNSG,excluded_non_gauge,False,XN-scanner,0.90,20261002T123837-dd683fd
202609,CA,B0DT1HLPGJ,excluded_non_gauge,False,XN-scanner,0.90,20261002T123837-dd683fd
202609,CA,B0DT3LQZ6C,excluded_non_gauge,False,XN-scanner,0.90,20261002T123837-dd683fd
202609,CA,B0DT6CDWKK,excluded_non_gauge,False,XN-scanner,0.90,20261002T123837-dd683fd
202609,CA,B0DT957S6T,excluded_non_gauge,False,XN-cable,0.90,20261002T123837-dd683fd
202609,CA,B0DT9671P5,excluded_non_gauge,False,XN-scanner,0.90,20261002T123837-dd683fd
202609,CA,B0DT9B4RX9,excluded_non_gauge,False,XN-scanner,0.90,20261002T123837-dd683fd
202609,CA,B0DT9N32K9,excluded_non_gauge,False,XN-scanner,0.90,20261002T123837-dd683fd
202609,CA,B0DTDXZSHM,excluded_non_gauge,False,XN-scanner,0.90,20261002T123837-dd683fd
202609,CA,B0DTHRXDSN,excluded_non_gauge,False,XN-scanner,0.90,20261002T123837-dd683fd
202609,CA,B0DTK24XKB,excluded_non_gauge,False,XN-scanner,0.90,20261002T123837-dd683fd
202609,CA,B0DTPTB8MS,excluded_non_gauge,False,XN-scanner,0.90,20261002T123837-dd683fd
202609,CA,B0DTTTJWYH,excluded_non_gauge,False,XN-scanner,0.90,20261002T123837-dd683fd
202609,CA,B0DVPNSGK1,excluded_non_gauge,False,XN-scanner,0.90,20261002T123837-dd683fd
202609,CA,B0DW8VZ5PW,excluded_non_gauge,False,XN-scanner,0.90,20261002T123837-dd683fd
202609,CA,B0DWFQ69VV,excluded_non_gauge,False,XN-scanner,0.90,20261002T123837-dd683fd
202609,CA,B0DWWXGG2S,excluded_non_gauge,False,XN-noscan,0.90,20261002T123837-dd683fd
202609,CA,B0DWX3JSXN,excluded_non_gauge,False,XN-noscan,0.90,20261002T123837-dd683fd
202609,CA,B0DX13C2N7,excluded_non_gauge,False,XN-cable,0.90,20261002T123837-dd683fd
202609,CA,B0DX183RXT,excluded_non_gauge,False,XN-cable,0.90,20261002T123837-dd683fd
202609,CA,B0DX1DF59D,excluded_non_gauge,False,XN-cable,0.90,20261002T123837-dd683fd
202609,CA,B0DX1KQVQB,excluded_non_gauge,False,XN-cable,0.90,20261002T123837-dd683fd
202609,CA,B0DX7MTSZP,excluded_non_gauge,False,XN-scanner,0.90,20261002T123837-dd683fd
202609,CA,B0DX8HFKR7,excluded_non_gauge,False,XN-scanner,0.90,20261002T123837-dd683fd
202609,CA,B0DXBWLGZF,excluded_non_gauge,False,XN-noscan,0.90,20261002T123837-dd683fd
202609,CA,B0DXBXK95J,excluded_non_gauge,False,XN-scanner,0.90,20261002T123837-dd683fd
202609,CA,B0DXKMN2J4,excluded_non_gauge,False,XN-cable,0.90,20261002T123837-dd683fd
202609,CA,B0DXQ5SJGL,excluded_non_gauge,False,XN-cable,0.90,20261002T123837-dd683fd
202609,CA,B0DXVLF1WX,excluded_non_gauge,False,XN-scanner,0.90,20261002T123837-dd683fd
202609,CA,B0DXVX8WTV,excluded_non_gauge,False,XN-scanner,0.90,20261002T123837-dd683fd
202609,CA,B0DXVXVCHJ,excluded_non_gauge,False,XN-scanner,0.90,20261002T123837-dd683fd
202609,CA,B0DY1HS6MT,excluded_non_gauge,False,XN-noscan,0.90,20261002T123837-dd683fd
202609,CA,B0DY3WC7NR,excluded_non_gauge,False,XN-memsaver,0.90,20261002T123837-dd683fd
202609,CA,B0DY7FTT1Y,excluded_non_gauge,False,XN-scanner,0.90,20261002T123837-dd683fd
202609,CA,B0DY7QKBK7,excluded_non_gauge,False,XN-scanner,0.90,20261002T123837-dd683fd
202609,CA,B0DY7RJ1YP,excluded_non_gauge,False,XN-scanner,0.90,20261002T123837-dd683fd
202609,CA,B0DYD1VGPZ,excluded_non_gauge,False,XN-scanner,0.90,20261002T123837-dd683fd
202609,CA,B0DYG1MXF2,obd_hud,True,HO-1,0.90,20261002T123837-dd683fd
202609,CA,B0DYH9MG6M,excluded_non_gauge,False,XN-scanner,0.90,20261002T123837-dd683fd
202609,CA,B0DYV1BY9V,excluded_non_gauge,False,XN-breakout,0.90,20261002T123837-dd683fd
202609,CA,B0DZ2NZD22,excluded_non_gauge,False,XN-scanner,0.90,20261002T123837-dd683fd
202609,CA,B0DZ2PB4F6,excluded_non_gauge,False,XN-scanner,0.90,20261002T123837-dd683fd
202609,CA,B0DZ2R41NW,excluded_non_gauge,False,XN-scanner,0.90,20261002T123837-dd683fd
202609,CA,B0DZ65TH1G,excluded_non_gauge,False,XN-scanner,0.90,20261002T123837-dd683fd
202609,CA,B0DZ66GL4M,excluded_non_gauge,False,XN-bulk,0.90,20261002T123837-dd683fd
202609,CA,B0DZ6BHWVV,excluded_non_gauge,False,XN-scanner,0.90,20261002T123837-dd683fd
202609,CA,B0DZ78J8BY,excluded_non_gauge,False,XN-breakout,0.90,20261002T123837-dd683fd
202609,CA,B0DZH6D7F9,excluded_non_gauge,False,XN-scanner,0.90,20261002T123837-dd683fd
202609,CA,B0DZMMVZ1B,excluded_non_gauge,False,XN-scanner,0.90,20261002T123837-dd683fd
202609,CA,B0DZP1XWLD,excluded_non_gauge,False,XN-scanner,0.90,20261002T123837-dd683fd
202609,CA,B0F13CDD4G,excluded_non_gauge,False,XN-scanner,0.90,20261002T123837-dd683fd
202609,CA,B0F14R132S,excluded_non_gauge,False,XN-tracker,0.90,20261002T123837-dd683fd
202609,CA,B0F1F6VNZH,excluded_non_gauge,False,XN-scanner,0.90,20261002T123837-dd683fd
202609,CA,B0F1LKW42G,excluded_non_gauge,False,XN-portlock,0.90,20261002T123837-dd683fd
202609,CA,B0F1LLVNMW,excluded_non_gauge,False,XN-portlock,0.90,20261002T123837-dd683fd
202609,CA,B0F1LMH6TS,excluded_non_gauge,False,XN-portlock,0.90,20261002T123837-dd683fd
202609,CA,B0F1N61KT3,excluded_non_gauge,False,XN-protector,0.90,20261002T123837-dd683fd
202609,CA,B0F1QHGYXM,excluded_non_gauge,False,XN-portlock,0.90,20261002T123837-dd683fd
202609,CA,B0F1SJ938Y,excluded_non_gauge,False,XN-scanner,0.90,20261002T123837-dd683fd
202609,CA,B0F1Y3P1MF,excluded_non_gauge,False,XN-portlock,0.90,20261002T123837-dd683fd
202609,CA,B0F23LBRW6,excluded_non_gauge,False,XN-scanner,0.90,20261002T123837-dd683fd
202609,CA,B0F254MVB5,excluded_non_gauge,False,XN-scanner,0.90,20261002T123837-dd683fd
202609,CA,B0F26CZRFF,excluded_non_gauge,False,XN-scanner,0.90,20261002T123837-dd683fd
202609,CA,B0F28XCZ6Y,excluded_non_gauge,False,XN-noscan,0.90,20261002T123837-dd683fd
202609,CA,B0F2H6WZZX,obd_gps_hud,True,HG-1,0.90,20261002T123837-dd683fd
202609,CA,B0F2H8CKQM,excluded_non_gauge,False,XN-cable,0.90,20261002T123837-dd683fd
202609,CA,B0F2MRGFD3,excluded_non_gauge,False,XN-cable,0.90,20261002T123837-dd683fd
202609,CA,B0F2PFHNWT,excluded_non_gauge,False,XN-cable,0.90,20261002T123837-dd683fd
202609,CA,B0F32FL5X4,excluded_non_gauge,False,XN-cable,0.90,20261002T123837-dd683fd
202609,CA,B0F32M6Q21,excluded_non_gauge,False,XN-noscan,0.90,20261002T123837-dd683fd
202609,CA,B0F38JZ2PR,excluded_non_gauge,False,XN-scanner,0.90,20261002T123837-dd683fd
202609,CA,B0F38MDM2H,excluded_non_gauge,False,XN-scanner,0.90,20261002T123837-dd683fd
202609,CA,B0F3J8LQ98,excluded_non_gauge,False,XN-scanner,0.90,20261002T123837-dd683fd
202609,CA,B0F3WWWZMX,excluded_non_gauge,False,XN-scanner,0.90,20261002T123837-dd683fd
202609,CA,B0F3XRK4P9,excluded_non_gauge,False,XN-scanner,0.90,20261002T123837-dd683fd
202609,CA,B0F4J7M35D,excluded_non_gauge,False,XN-scanner,0.90,20261002T123837-dd683fd
202609,CA,B0F4M2MZYN,excluded_non_gauge,False,XN-scanner,0.90,20261002T123837-dd683fd
202609,CA,B0F4MC1PKY,excluded_non_gauge,False,XN-noscan,0.90,20261002T123837-dd683fd
202609,CA,B0F4MGQXNT,excluded_non_gauge,False,XN-cable,0.90,20261002T123837-dd683fd
202609,CA,B0F4MJYXCX,excluded_non_gauge,False,XN-cable,0.90,20261002T123837-dd683fd
202609,CA,B0F4QHR93X,excluded_non_gauge,False,XN-scanner,0.90,20261002T123837-dd683fd
202609,CA,B0F4XRV4D5,excluded_non_gauge,False,XN-scanner,0.90,20261002T123837-dd683fd
202609,CA,B0F5M91Q84,excluded_non_gauge,False,XN-noscan,0.90,20261002T123837-dd683fd
202609,CA,B0F5WP1XJQ,excluded_non_gauge,False,XN-scanner,0.90,20261002T123837-dd683fd
202609,CA,B0F672VMJK,excluded_non_gauge,False,XN-scanner,0.90,20261002T123837-dd683fd
202609,CA,B0F6BFVRBQ,excluded_non_gauge,False,XN-scanner,0.90,20261002T123837-dd683fd
202609,CA,B0F6CJSGMY,excluded_non_gauge,False,XN-scanner,0.90,20261002T123837-dd683fd
202609,CA,B0F6VHLQ3Y,excluded_non_gauge,False,XN-scanner,0.90,20261002T123837-dd683fd
202609,CA,B0F6XZFHG7,excluded_non_gauge,False,XN-cable,0.90,20261002T123837-dd683fd
202609,CA,B0F741JCWN,excluded_non_gauge,False,XN-cable,0.90,20261002T123837-dd683fd
202609,CA,B0F7R3JGYM,excluded_non_gauge,False,XN-scanner,0.90,20261002T123837-dd683fd
202609,CA,B0F7X8JKLP,excluded_non_gauge,False,XN-portlock,0.90,20261002T123837-dd683fd
202609,CA,B0F87J6VT5,excluded_non_gauge,False,XN-scanner,0.90,20261002T123837-dd683fd
202609,CA,B0F8DHH73X,gauge_display,True,GD-1,0.90,20261002T123837-dd683fd
202609,CA,B0F8MY1FJQ,excluded_non_gauge,False,XN-scanner,0.90,20261002T123837-dd683fd
202609,CA,B0F8NG2VT7,excluded_non_gauge,False,XN-scanner,0.90,20261002T123837-dd683fd
202609,CA,B0F9FDXS8R,excluded_non_gauge,False,XN-scanner,0.90,20261002T123837-dd683fd
202609,CA,B0F9PD5JLN,excluded_non_gauge,False,XN-scanner,0.90,20261002T123837-dd683fd
202609,CA,B0F9PJ2HV7,excluded_non_gauge,False,XN-scanner,0.90,20261002T123837-dd683fd
202609,CA,B0F9XVNDJH,excluded_non_gauge,False,XN-scanner,0.90,20261002T123837-dd683fd
202609,CA,B0F9XZN9BV,excluded_non_gauge,False,XN-cable,0.90,20261002T123837-dd683fd
202609,CA,B0F9Y2W4ZW,excluded_non_gauge,False,XN-cable,0.90,20261002T123837-dd683fd
202609,CA,B0F9Y7PPWR,excluded_non_gauge,False,XN-power,0.90,20261002T123837-dd683fd
202609,CA,B0FB2L8TTH,excluded_non_gauge,False,XN-cable,0.90,20261002T123837-dd683fd
202609,CA,B0FB8CHTSX,excluded_non_gauge,False,XN-scanner,0.90,20261002T123837-dd683fd
202609,CA,B0FB8PBKH1,excluded_non_gauge,False,XN-scanner,0.90,20261002T123837-dd683fd
202609,CA,B0FB8QLB1C,excluded_non_gauge,False,XN-portlock,0.90,20261002T123837-dd683fd
202609,CA,B0FB8SWDT7,excluded_non_gauge,False,XN-case,0.90,20261002T123837-dd683fd
202609,CA,B0FB8TZV1N,excluded_non_gauge,False,XN-case,0.90,20261002T123837-dd683fd
202609,CA,B0FB982P4P,excluded_non_gauge,False,XN-scanner,0.90,20261002T123837-dd683fd
202609,CA,B0FBM5ZYJG,excluded_non_gauge,False,XN-scanner,0.90,20261002T123837-dd683fd
202609,CA,B0FBQZZZSD,excluded_non_gauge,False,XN-scanner,0.90,20261002T123837-dd683fd
202609,CA,B0FBR3ZY8T,excluded_non_gauge,False,XN-scanner,0.90,20261002T123837-dd683fd
202609,CA,B0FBRY9VHN,excluded_non_gauge,False,XN-scanner,0.90,20261002T123837-dd683fd
202609,CA,B0FBWJBQX5,excluded_non_gauge,False,XN-scanner,0.90,20261002T123837-dd683fd
202609,CA,B0FBWPXCJ4,excluded_non_gauge,False,XN-cable,0.90,20261002T123837-dd683fd
202609,CA,B0FBWQXPHL,excluded_non_gauge,False,XN-scanner,0.90,20261002T123837-dd683fd
202609,CA,B0FBWTJ9S4,excluded_non_gauge,False,XN-scanner,0.90,20261002T123837-dd683fd
202609,CA,B0FCGSYT28,excluded_non_gauge,False,XN-portlock,0.90,20261002T123837-dd683fd
202609,CA,B0FCMJPFF4,excluded_non_gauge,False,XN-scanner,0.90,20261002T123837-dd683fd
202609,CA,B0FCXMGGPN,excluded_non_gauge,False,XN-scanner,0.90,20261002T123837-dd683fd
202609,CA,B0FCXQ14KT,excluded_non_gauge,False,XN-scanner,0.90,20261002T123837-dd683fd
202609,CA,B0FD36H36L,excluded_non_gauge,False,XN-key,0.90,20261002T123837-dd683fd
202609,CA,B0FDB5LHJN,excluded_non_gauge,False,XN-scanner,0.90,20261002T123837-dd683fd
202609,CA,B0FF8SS2C5,excluded_non_gauge,False,XN-scanner,0.90,20261002T123837-dd683fd
202609,CA,B0FF9BG4B3,excluded_non_gauge,False,XN-cable,0.90,20261002T123837-dd683fd
202609,CA,B0FFB2VX7B,obd_gps_hud,True,HG-1,0.90,20261002T123837-dd683fd
202609,CA,B0FFBRFY29,excluded_non_gauge,False,XN-portlock,0.90,20261002T123837-dd683fd
202609,CA,B0FFGXHRYQ,excluded_non_gauge,False,XN-scanner,0.90,20261002T123837-dd683fd
202609,CA,B0FFGXJXKY,excluded_non_gauge,False,XN-noscan,0.90,20261002T123837-dd683fd
202609,CA,B0FFMTRHS4,excluded_non_gauge,False,XN-cable,0.90,20261002T123837-dd683fd
202609,CA,B0FFN3M844,excluded_non_gauge,False,XN-scanner,0.90,20261002T123837-dd683fd
202609,CA,B0FG33ZZ4S,excluded_non_gauge,False,XN-scanner,0.90,20261002T123837-dd683fd
202609,CA,B0FG7MM3FV,excluded_non_gauge,False,XN-bulk,0.90,20261002T123837-dd683fd
202609,CA,B0FGC4D4X2,excluded_non_gauge,False,XN-scanner,0.90,20261002T123837-dd683fd
202609,CA,B0FGC4QVK3,excluded_non_gauge,False,XN-scanner,0.90,20261002T123837-dd683fd
202609,CA,B0FGC7K873,excluded_non_gauge,False,XN-scanner,0.90,20261002T123837-dd683fd
202609,CA,B0FGCWSZ8T,excluded_non_gauge,False,XN-noscan,0.90,20261002T123837-dd683fd
202609,CA,B0FGXQXYXX,excluded_non_gauge,False,XN-cable,0.90,20261002T123837-dd683fd
202609,CA,B0FGXR4G6T,excluded_non_gauge,False,XN-cable,0.90,20261002T123837-dd683fd
202609,CA,B0FGZSW23R,excluded_non_gauge,False,XN-cable,0.90,20261002T123837-dd683fd
202609,CA,B0FGZXP5BZ,excluded_non_gauge,False,XN-cable,0.90,20261002T123837-dd683fd
202609,CA,B0FH1NPSHQ,excluded_non_gauge,False,XN-scanner,0.90,20261002T123837-dd683fd
202609,CA,B0FH4FPPLL,excluded_non_gauge,False,XN-scanner,0.90,20261002T123837-dd683fd
202609,CA,B0FH574J2P,excluded_non_gauge,False,XN-scanner,0.90,20261002T123837-dd683fd
202609,CA,B0FH794MQC,excluded_non_gauge,False,XN-scanner,0.90,20261002T123837-dd683fd
202609,CA,B0FHGHJ2XL,excluded_non_gauge,False,XN-scanner,0.90,20261002T123837-dd683fd
202609,CA,B0FHM95B29,excluded_non_gauge,False,XN-scanner,0.90,20261002T123837-dd683fd
202609,CA,B0FHP6T6WR,excluded_non_gauge,False,XN-cable,0.90,20261002T123837-dd683fd
202609,CA,B0FHPP6K5D,excluded_non_gauge,False,XN-cable,0.90,20261002T123837-dd683fd
202609,CA,B0FHZVPKQ7,excluded_non_gauge,False,XN-cable,0.90,20261002T123837-dd683fd
202609,CA,B0FJFHBWSF,excluded_non_gauge,False,XN-scanner,0.90,20261002T123837-dd683fd
202609,CA,B0FJM2KK8X,excluded_non_gauge,False,XN-scanner,0.90,20261002T123837-dd683fd
202609,CA,B0FJR9684S,excluded_non_gauge,False,XN-scanner,0.90,20261002T123837-dd683fd
202609,CA,B0FKB531HX,excluded_non_gauge,False,XN-noscan,0.90,20261002T123837-dd683fd
202609,CA,B0FKLZGQBZ,excluded_non_gauge,False,XN-scanner,0.90,20261002T123837-dd683fd
202609,CA,B0FKN6LJRN,excluded_non_gauge,False,XN-scanner,0.90,20261002T123837-dd683fd
202609,CA,B0FL2FZV7C,excluded_non_gauge,False,XN-scanner,0.90,20261002T123837-dd683fd
202609,CA,B0FL7HQTPP,excluded_non_gauge,False,XN-scanner,0.90,20261002T123837-dd683fd
202609,CA,B0FLJ61B41,excluded_non_gauge,False,XN-cable,0.90,20261002T123837-dd683fd
202609,CA,B0FLJD29B3,excluded_non_gauge,False,XN-scanner,0.90,20261002T123837-dd683fd
202609,CA,B0FLJSZQHN,excluded_non_gauge,False,XN-case,0.90,20261002T123837-dd683fd
202609,CA,B0FLQDNLCJ,excluded_non_gauge,False,XN-cable,0.90,20261002T123837-dd683fd
202609,CA,B0FLXKKLMR,excluded_non_gauge,False,XN-scanner,0.90,20261002T123837-dd683fd
202609,CA,B0FLY4Y64K,excluded_non_gauge,False,XN-bulk,0.90,20261002T123837-dd683fd
202609,CA,B0FLY5WRK8,excluded_non_gauge,False,XN-bulk,0.90,20261002T123837-dd683fd
202609,CA,B0FLY5X81S,excluded_non_gauge,False,XN-bulk,0.90,20261002T123837-dd683fd
202609,CA,B0FN35ZTJ6,excluded_non_gauge,False,XN-scanner,0.90,20261002T123837-dd683fd
202609,CA,B0FN3K5NNM,excluded_non_gauge,False,XN-cable,0.90,20261002T123837-dd683fd
202609,CA,B0FN3LP37S,excluded_non_gauge,False,XN-scanner,0.90,20261002T123837-dd683fd
202609,CA,B0FN4JHLY7,excluded_non_gauge,False,XN-scanner,0.90,20261002T123837-dd683fd
202609,CA,B0FN7S7DCY,excluded_non_gauge,False,XN-scanner,0.90,20261002T123837-dd683fd
202609,CA,B0FNLWG8RP,excluded_non_gauge,False,XN-cable,0.90,20261002T123837-dd683fd
202609,CA,B0FNRL2842,excluded_non_gauge,False,XN-cable,0.90,20261002T123837-dd683fd
202609,CA,B0FP99262F,excluded_non_gauge,False,XN-scanner,0.90,20261002T123837-dd683fd
202609,CA,B0FP9BMYKG,excluded_non_gauge,False,XN-scanner,0.90,20261002T123837-dd683fd
202609,CA,B0FQMSB4XM,excluded_non_gauge,False,XN-noscan,0.90,20261002T123837-dd683fd
202609,CA,B0FQNN896R,excluded_non_gauge,False,XN-scanner,0.90,20261002T123837-dd683fd
202609,CA,B0FQP1Y5Q3,excluded_non_gauge,False,XN-scanner,0.90,20261002T123837-dd683fd
202609,CA,B0FR8K9F4P,excluded_non_gauge,False,XN-scanner,0.90,20261002T123837-dd683fd
202609,CA,B0FR9BG4KH,excluded_non_gauge,False,XN-cable,0.90,20261002T123837-dd683fd
202609,CA,B0FRFM34S9,excluded_non_gauge,False,XN-cable,0.90,20261002T123837-dd683fd
202609,CA,B0FRMTSRJX,excluded_non_gauge,False,XN-case,0.90,20261002T123837-dd683fd
202609,CA,B0FRRYY8TC,excluded_non_gauge,False,XN-noscan,0.90,20261002T123837-dd683fd
202609,CA,B0FRXG88D3,excluded_non_gauge,False,XN-scanner,0.90,20261002T123837-dd683fd
202609,CA,B0FRXTSD7F,excluded_non_gauge,False,XN-scanner,0.90,20261002T123837-dd683fd
202609,CA,B0FRXZTCCG,excluded_non_gauge,False,XN-scanner,0.90,20261002T123837-dd683fd
202609,CA,B0FRY9299Y,excluded_non_gauge,False,XN-scanner,0.90,20261002T123837-dd683fd
202609,CA,B0FS11XMH1,excluded_non_gauge,False,XN-scanner,0.90,20261002T123837-dd683fd
202609,CA,B0FS1GF9QR,excluded_non_gauge,False,XN-scanner,0.90,20261002T123837-dd683fd
202609,CA,B0FS1HRKM2,excluded_non_gauge,False,XN-cable,0.90,20261002T123837-dd683fd
202609,CA,B0FS6XSNP6,excluded_non_gauge,False,XN-scanner,0.90,20261002T123837-dd683fd
202609,CA,B0FSZDZ264,excluded_non_gauge,False,XN-key,0.90,20261002T123837-dd683fd
202609,CA,B0FSZPGN9X,excluded_non_gauge,False,XN-scanner,0.90,20261002T123837-dd683fd
202609,CA,B0FTNLTRWS,excluded_non_gauge,False,XN-scanner,0.90,20261002T123837-dd683fd
202609,CA,B0FV336Y5J,excluded_non_gauge,False,XN-cable,0.90,20261002T123837-dd683fd
202609,CA,B0FV8LT3V8,excluded_non_gauge,False,XN-bulk,0.90,20261002T123837-dd683fd
202609,CA,B0FV8MQJYT,excluded_non_gauge,False,XN-bulk,0.90,20261002T123837-dd683fd
202609,CA,B0FVFQCJ41,excluded_non_gauge,False,XN-scanner,0.90,20261002T123837-dd683fd
202609,CA,B0FVWSB3R9,excluded_non_gauge,False,XN-cable,0.90,20261002T123837-dd683fd
202609,CA,B0FW4LZSP2,excluded_non_gauge,False,XN-power,0.90,20261002T123837-dd683fd
202609,CA,B0FW4RNHYD,excluded_non_gauge,False,XN-power,0.90,20261002T123837-dd683fd
202609,CA,B0FWJP7HBQ,excluded_non_gauge,False,XN-power,0.90,20261002T123837-dd683fd
202609,CA,B0FX3VZXTK,excluded_non_gauge,False,XN-scanner,0.90,20261002T123837-dd683fd
202609,CA,B0FXR44R95,excluded_non_gauge,False,XN-power,0.90,20261002T123837-dd683fd
202609,CA,B0FY2XXLK8,excluded_non_gauge,False,XN-scanner,0.90,20261002T123837-dd683fd
202609,CA,B0FY4PY9D9,excluded_non_gauge,False,XN-scanner,0.90,20261002T123837-dd683fd
202609,CA,B0FY6P98BZ,obd_gps_hud,True,HG-1,0.90,20261002T123837-dd683fd
202609,CA,B0FYFWCPXM,excluded_non_gauge,False,XN-breakout,0.90,20261002T123837-dd683fd
202609,CA,B0FYLQDFR1,excluded_non_gauge,False,XN-noscan,0.90,20261002T123837-dd683fd
202609,CA,B0FZ9FKQH4,excluded_non_gauge,False,XN-case,0.90,20261002T123837-dd683fd
202609,CA,B0FZKRHR51,excluded_non_gauge,False,XN-noscan,0.90,20261002T123837-dd683fd
202609,CA,B0FZQTRQ4J,excluded_non_gauge,False,XN-key,0.90,20261002T123837-dd683fd
202609,CA,B0FZVT63QC,excluded_non_gauge,False,XN-power,0.90,20261002T123837-dd683fd
202609,CA,B0G1LXYLLK,excluded_non_gauge,False,XN-scanner,0.90,20261002T123837-dd683fd
202609,CA,B0G1M3C1LJ,excluded_non_gauge,False,XN-portlock,0.90,20261002T123837-dd683fd
202609,CA,B0G1MP7R15,excluded_non_gauge,False,XN-portlock,0.90,20261002T123837-dd683fd
202609,CA,B0G1T4F8Y2,excluded_non_gauge,False,XN-scanner,0.90,20261002T123837-dd683fd
202609,CA,B0G1T9YH4K,excluded_non_gauge,False,XN-scanner,0.90,20261002T123837-dd683fd
202609,CA,B0G1V86YKL,excluded_non_gauge,False,XN-key,0.90,20261002T123837-dd683fd
202609,CA,B0G1VCJ18F,excluded_app_dongle,False,XD-dongle,0.90,20261002T123837-dd683fd
202609,CA,B0G1XL91GF,excluded_non_gauge,False,XN-cable,0.90,20261002T123837-dd683fd
202609,CA,B0G1YKFH9Y,excluded_non_gauge,False,XN-cable,0.90,20261002T123837-dd683fd
202609,CA,B0G1ZDN55M,excluded_non_gauge,False,XN-case,0.90,20261002T123837-dd683fd
202609,CA,B0G1ZR2KHK,excluded_non_gauge,False,XN-case,0.90,20261002T123837-dd683fd
202609,CA,B0G2Y6Y36Q,excluded_non_gauge,False,XN-scanner,0.90,20261002T123837-dd683fd
202609,CA,B0G4RDFFCB,excluded_non_gauge,False,XN-scanner,0.90,20261002T123837-dd683fd
202609,CA,B0G4W81P13,excluded_non_gauge,False,XN-cable,0.90,20261002T123837-dd683fd
202609,CA,B0G5XW6Z9V,excluded_non_gauge,False,XN-scanner,0.90,20261002T123837-dd683fd
202609,CA,B0G5YSFRSK,excluded_non_gauge,False,XN-cable,0.90,20261002T123837-dd683fd
202609,CA,B0G657488Q,excluded_non_gauge,False,XN-key,0.90,20261002T123837-dd683fd
202609,CA,B0G6D242N3,excluded_app_dongle,False,XD-family,0.90,20261002T123837-dd683fd
202609,CA,B0G6D482MK,excluded_non_gauge,False,XN-scanner,0.90,20261002T123837-dd683fd
202609,CA,B0G6KKV8N1,excluded_non_gauge,False,XN-protector,0.90,20261002T123837-dd683fd
202609,CA,B0G7BRYLFC,excluded_non_gauge,False,XN-scanner,0.90,20261002T123837-dd683fd
202609,CA,B0G7F969NK,excluded_non_gauge,False,XN-scanner,0.90,20261002T123837-dd683fd
202609,CA,B0G7P96Y1B,excluded_non_gauge,False,XN-scanner,0.90,20261002T123837-dd683fd
202609,CA,B0G7P9D7J7,excluded_non_gauge,False,XN-scanner,0.90,20261002T123837-dd683fd
202609,CA,B0G87BHQHL,excluded_non_gauge,False,XN-cable,0.90,20261002T123837-dd683fd
202609,CA,B0GCMVDT8X,excluded_non_gauge,False,XN-noscan,0.90,20261002T123837-dd683fd
202609,CA,B0GD7R5KFP,excluded_non_gauge,False,XN-case,0.90,20261002T123837-dd683fd
202609,CA,B0GDDWBY77,excluded_non_gauge,False,XN-scanner,0.90,20261002T123837-dd683fd
202609,CA,B0GDWTWMG1,excluded_non_gauge,False,XN-key,0.90,20261002T123837-dd683fd
202609,CA,B0GFL383FZ,excluded_non_gauge,False,XN-noscan,0.90,20261002T123837-dd683fd
202609,CA,B0GFN39XPY,excluded_non_gauge,False,XN-scanner,0.90,20261002T123837-dd683fd
202609,CA,B0GFT1ZBJP,excluded_non_gauge,False,XN-scanner,0.90,20261002T123837-dd683fd
202609,CA,B0GGPBVP63,excluded_non_gauge,False,XN-scanner,0.90,20261002T123837-dd683fd
202609,CA,B0GGZM3HFW,excluded_non_gauge,False,XN-scanner,0.90,20261002T123837-dd683fd
202609,CA,B0GGZNFY1C,excluded_non_gauge,False,XN-scanner,0.90,20261002T123837-dd683fd
202609,CA,B0GH7NKB3F,excluded_non_gauge,False,XN-noscan,0.90,20261002T123837-dd683fd
202609,CA,B0GHQKGQYF,gauge_display,True,GD-1,0.90,20261002T123837-dd683fd
202609,CA,B0GHXP8GHB,excluded_non_gauge,False,XN-scanner,0.90,20261002T123837-dd683fd
202609,CA,B0GHXVYG2J,excluded_non_gauge,False,XN-scanner,0.90,20261002T123837-dd683fd
202609,CA,B0GHYFW53B,excluded_non_gauge,False,XN-scanner,0.90,20261002T123837-dd683fd
202609,CA,B0GJ3DRNMX,excluded_non_gauge,False,XN-scanner,0.90,20261002T123837-dd683fd
202609,CA,B0GJSNRB2T,excluded_non_gauge,False,XN-bulk,0.90,20261002T123837-dd683fd
202609,CA,B0GK7L1FXL,excluded_non_gauge,False,XN-scanner,0.90,20261002T123837-dd683fd
202609,CA,B0GK8C7GM6,excluded_non_gauge,False,XN-scanner,0.90,20261002T123837-dd683fd
202609,CA,B0GKFJQ79Q,excluded_non_gauge,False,XN-cable,0.90,20261002T123837-dd683fd
202609,CA,B0GKG67CYL,excluded_non_gauge,False,XN-noscan,0.90,20261002T123837-dd683fd
202609,CA,B0GKGGJH6X,excluded_non_gauge,False,XN-portlock,0.90,20261002T123837-dd683fd
202609,CA,B0GL2FW97F,excluded_non_gauge,False,XN-scanner,0.90,20261002T123837-dd683fd
202609,CA,B0GL6G61LW,excluded_non_gauge,False,XN-scanner,0.90,20261002T123837-dd683fd
202609,CA,B0GL9RL3XS,excluded_non_gauge,False,XN-scanner,0.90,20261002T123837-dd683fd
202609,CA,B0GLFSPMZ4,excluded_non_gauge,False,XN-scanner,0.90,20261002T123837-dd683fd
202609,CA,B0GMFC443Q,excluded_non_gauge,False,XN-scanner,0.90,20261002T123837-dd683fd
202609,CA,B0GMGV5LB7,excluded_non_gauge,False,XN-scanner,0.90,20261002T123837-dd683fd
202609,CA,B0GMJSKDS3,excluded_non_gauge,False,XN-cable,0.90,20261002T123837-dd683fd
202609,CA,B0GMJWZVVK,excluded_non_gauge,False,XN-scanner,0.90,20261002T123837-dd683fd
202609,CA,B0GMK8L3SB,excluded_non_gauge,False,XN-portlock,0.90,20261002T123837-dd683fd
202609,CA,B0GMQV5D68,excluded_non_gauge,False,XN-key,0.90,20261002T123837-dd683fd
202609,CA,B0GP239V5V,excluded_non_gauge,False,XN-scanner,0.90,20261002T123837-dd683fd
202609,CA,B0GP7ZH226,excluded_non_gauge,False,XN-cable,0.90,20261002T123837-dd683fd
202609,CA,B0GPW1LX6C,excluded_non_gauge,False,XN-scanner,0.90,20261002T123837-dd683fd
202609,CA,B0GQ4LPBYX,excluded_non_gauge,False,XN-scanner,0.90,20261002T123837-dd683fd
202609,CA,B0GQT874RP,excluded_non_gauge,False,XN-scanner,0.90,20261002T123837-dd683fd
202609,CA,B0GR52T5X5,excluded_non_gauge,False,XN-noscan,0.90,20261002T123837-dd683fd
202609,CA,B0GRLPZNFN,gauge_display,True,GD-1,0.90,20261002T123837-dd683fd
202609,CA,B0GS24V36J,excluded_non_gauge,False,XN-scanner,0.90,20261002T123837-dd683fd
202609,CA,B0GS5TPTST,excluded_non_gauge,False,XN-scanner,0.90,20261002T123837-dd683fd
202609,CA,B0GSD9QQH9,excluded_non_gauge,False,XN-scanner,0.90,20261002T123837-dd683fd
202609,CA,B0GT5144VL,excluded_non_gauge,False,XN-scanner,0.90,20261002T123837-dd683fd
202609,CA,B0GTDK9RJP,excluded_non_gauge,False,XN-scanner,0.90,20261002T123837-dd683fd
202609,CA,B0GTMNMV4D,excluded_non_gauge,False,XN-scanner,0.90,20261002T123837-dd683fd
202609,CA,B0GTQ3G7VW,excluded_non_gauge,False,XN-scanner,0.90,20261002T123837-dd683fd
202609,CA,B0GTVJ9BGF,excluded_non_gauge,False,XN-scanner,0.90,20261002T123837-dd683fd
202609,CA,B0GV5GB9TK,excluded_non_gauge,False,XN-cable,0.90,20261002T123837-dd683fd
202609,CA,B0GVD5S28N,excluded_non_gauge,False,XN-scanner,0.90,20261002T123837-dd683fd
202609,CA,B0GVYYCV11,excluded_non_gauge,False,XN-scanner,0.90,20261002T123837-dd683fd
202609,CA,B0GWNLYPD3,excluded_non_gauge,False,XN-cable,0.90,20261002T123837-dd683fd
202609,CA,B0GWV5L6NQ,excluded_non_gauge,False,XN-noscan,0.90,20261002T123837-dd683fd
202609,CA,B0GX1HJCC8,excluded_non_gauge,False,XN-breakout,0.90,20261002T123837-dd683fd
202609,CA,B0GX1QFBTB,excluded_non_gauge,False,XN-scanner,0.90,20261002T123837-dd683fd
202609,CA,B0GX1WPD31,excluded_non_gauge,False,XN-scanner,0.90,20261002T123837-dd683fd
202609,CA,B0GX25NJLW,excluded_non_gauge,False,XN-noscan,0.90,20261002T123837-dd683fd
202609,CA,B0GX8YR4DC,excluded_non_gauge,False,XN-scanner,0.90,20261002T123837-dd683fd
202609,CA,B0GXJ4SS3D,excluded_non_gauge,False,XN-noscan,0.90,20261002T123837-dd683fd
202609,CA,B0GXK1KF62,excluded_non_gauge,False,XN-scanner,0.90,20261002T123837-dd683fd
202609,CA,B0GXK4XVT9,excluded_non_gauge,False,XN-scanner,0.90,20261002T123837-dd683fd
202609,CA,B0GXKD6XCG,excluded_non_gauge,False,XN-scanner,0.90,20261002T123837-dd683fd
202609,CA,B0GXNC9BR3,excluded_non_gauge,False,XN-scanner,0.90,20261002T123837-dd683fd
202609,CA,B0GXVK74S5,excluded_non_gauge,False,XN-scanner,0.90,20261002T123837-dd683fd
202609,CA,B0GXZZQN3P,excluded_non_gauge,False,XN-scanner,0.90,20261002T123837-dd683fd
202609,CA,B0GYF5QM8W,excluded_non_gauge,False,XN-scanner,0.90,20261002T123837-dd683fd
202609,CA,B0GYJZF7P6,excluded_non_gauge,False,XN-scanner,0.90,20261002T123837-dd683fd
202609,CA,B0GYP7K1J9,excluded_non_gauge,False,XN-scanner,0.90,20261002T123837-dd683fd
202609,CA,B0GYQ2G9NK,excluded_non_gauge,False,XN-noscan,0.90,20261002T123837-dd683fd
202609,CA,B0GZC9VPRS,obd_gps_hud,True,HG-1,0.90,20261002T123837-dd683fd
202609,CA,B0H11L43VG,excluded_non_gauge,False,XN-scanner,0.90,20261002T123837-dd683fd
202609,CA,B0H1QBLV5P,excluded_non_gauge,False,XN-protector,0.90,20261002T123837-dd683fd
202609,CA,B0H1QDFQNS,excluded_non_gauge,False,XN-protector,0.90,20261002T123837-dd683fd
202609,CA,B0H1R7BFG6,excluded_non_gauge,False,XN-noscan,0.90,20261002T123837-dd683fd
202609,CA,B0H29RPCHQ,excluded_non_gauge,False,XN-noscan,0.90,20261002T123837-dd683fd
202609,CA,B0H2HWMLD2,excluded_non_gauge,False,XN-bulk,0.90,20261002T123837-dd683fd
202609,CA,B0H2JDHB49,excluded_non_gauge,False,XN-power,0.90,20261002T123837-dd683fd
202609,CA,B0H3DP84T1,excluded_non_gauge,False,XN-scanner,0.90,20261002T123837-dd683fd
202609,CA,B0H3N7BZ27,excluded_non_gauge,False,XN-scanner,0.90,20261002T123837-dd683fd
202609,CA,B0H4LWKRVQ,excluded_non_gauge,False,XN-scanner,0.90,20261002T123837-dd683fd
202609,CA,B0H4M36FTT,excluded_non_gauge,False,XN-scanner,0.90,20261002T123837-dd683fd
202609,CA,B0H4PS7TWB,excluded_non_gauge,False,XN-scanner,0.90,20261002T123837-dd683fd
202609,CA,B0H4R131VY,excluded_non_gauge,False,XN-scanner,0.90,20261002T123837-dd683fd
202609,CA,B0H55PX1MS,excluded_non_gauge,False,XN-power,0.90,20261002T123837-dd683fd
202609,CA,B0H5W6P2Y8,excluded_non_gauge,False,XN-scanner,0.90,20261002T123837-dd683fd
202609,CA,B0H6DMM79P,excluded_app_dongle,False,XD-dongle,0.90,20261002T123837-dd683fd
202609,CA,B0H6FFY9GS,excluded_non_gauge,False,XN-scanner,0.90,20261002T123837-dd683fd
202609,CA,B0H6M9TRKQ,excluded_non_gauge,False,XN-scanner,0.90,20261002T123837-dd683fd
202609,CA,B0H715WB5W,obd_hud,True,HO-1,0.90,20261002T123837-dd683fd
202609,CA,B0H79BHFSC,excluded_non_gauge,False,XN-scanner,0.90,20261002T123837-dd683fd
202609,CA,B0H93SFQZN,excluded_non_gauge,False,XN-scanner,0.90,20261002T123837-dd683fd
202609,CA,B0H98SBY7D,excluded_non_gauge,False,XN-scanner,0.90,20261002T123837-dd683fd
202609,CA,B0H9RG4C9M,excluded_non_gauge,False,XN-scanner,0.90,20261002T123837-dd683fd
202609,CA,B0HBVX4CWT,excluded_non_gauge,False,XN-scanner,0.90,20261002T123837-dd683fd
202609,CA,B0HBXLQS9B,excluded_non_gauge,False,XN-scanner,0.90,20261002T123837-dd683fd
202609,CA,B0HD73991F,excluded_non_gauge,False,XN-noscan,0.90,20261002T123837-dd683fd
202609,CA,B0HDGHF4VM,excluded_non_gauge,False,XN-scanner,0.90,20261002T123837-dd683fd
202609,CA,B0HDS819XP,excluded_non_gauge,False,XN-scanner,0.90,20261002T123837-dd683fd
202609,CA,B0HDZ45KPM,excluded_non_gauge,False,XN-scanner,0.90,20261002T123837-dd683fd
202609,CA,B0HDZJRM6M,excluded_non_gauge,False,XN-scanner,0.90,20261002T123837-dd683fd
202609,CA,B0HDZK9KGT,excluded_non_gauge,False,XN-scanner,0.90,20261002T123837-dd683fd
202609,CA,B0HFQX62VP,excluded_non_gauge,False,XN-scanner,0.90,20261002T123837-dd683fd
202609,CA,B0HJFZH2HM,excluded_non_gauge,False,XN-scanner,0.90,20261002T123837-dd683fd
202609,CA,B0HJH3P1MY,excluded_non_gauge,False,XN-scanner,0.90,20261002T123837-dd683fd
202609,CA,B0HKN42HZS,excluded_non_gauge,False,XN-scanner,0.90,20261002T123837-dd683fd
