month,market,asin,type,type_source,type_rule_id,type_confidence,type_conflict,run_id
202609,CA,B0G4RDFFCB,Tablet,us_map,,1.0,N,20261002-123830-dd683fd
202609,CA,B0CZCKGMXZ,Dongle,us_map,,1.0,N,20261002-123830-dd683fd
202609,CA,B0CC4T7XL1,Cable/Adapter,us_map,,1.0,N,20261002-123830-dd683fd
202609,CA,B0CC4Z438S,Cable/Adapter,keyword,cable_adapter,0.9,N,20261002-123830-dd683fd
202609,CA,B09NBXG91N,Cable/Adapter,us_map,,1.0,N,20261002-123830-dd683fd
202609,CA,B0CGHDVNKV,Handheld,us_map,,1.0,N,20261002-123830-dd683fd
202609,CA,B0GSD9QQH9,Dongle,us_map,,1.0,N,20261002-123830-dd683fd
202609,CA,B0CGJ9Y3WH,Handheld,us_map,,1.0,N,20261002-123830-dd683fd
202609,CA,B0DKTH45K2,Tablet,us_map,,1.0,N,20261002-123830-dd683fd
202609,CA,B0DG2FKQ5W,Tablet,us_map,,1.0,N,20261002-123830-dd683fd
202609,CA,B0054FJEDK,Cable/Adapter,us_map,,1.0,N,20261002-123830-dd683fd
202609,CA,B0DMZT9QMQ,Cable/Adapter,us_map,,1.0,N,20261002-123830-dd683fd
202609,CA,B0GYF5QM8W,Dongle,keyword,dongle,0.9,N,20261002-123830-dd683fd
202609,CA,B0FBR3ZY8T,Handheld,us_map,,1.0,N,20261002-123830-dd683fd
202609,CA,B09YRDGY3Z,Handheld,us_map,,1.0,N,20261002-123830-dd683fd
202609,CA,B09QQJNLZT,Handheld,us_map,,1.0,N,20261002-123830-dd683fd
202609,CA,B0GK7L1FXL,Tablet,keyword,price_tablet_hint,0.9,N,20261002-123830-dd683fd
202609,CA,B0C33Y285Y,Tablet,us_map,,1.0,N,20261002-123830-dd683fd
202609,CA,B0CMW72NND,Dongle,us_map,,1.0,N,20261002-123830-dd683fd
202609,CA,B0CGJCWZPX,Handheld,us_map,,1.0,N,20261002-123830-dd683fd
202609,CA,B0GX8YR4DC,Cable/Adapter,keyword,cable_adapter,0.9,N,20261002-123830-dd683fd
202609,CA,B09KZTYD18,Tablet,us_map,,1.0,N,20261002-123830-dd683fd
202609,CA,B0DCFF7VGF,Tablet,us_map,,1.0,N,20261002-123830-dd683fd
202609,CA,B0CTQ71ZCL,Cable/Adapter,us_map,,1.0,N,20261002-123830-dd683fd
202609,CA,B0F23LBRW6,Handheld,us_map,,1.0,N,20261002-123830-dd683fd
202609,CA,B0HD73991F,Tablet,token_profile,profile:launch,0.5,N,20261002-123830-dd683fd
202609,CA,B08ML7T7KZ,Tablet,us_map,,1.0,N,20261002-123830-dd683fd
202609,CA,B0B2WTB85F,Handheld,us_map,,1.0,N,20261002-123830-dd683fd
202609,CA,B07X9JQSGZ,Tablet,us_map,,1.0,N,20261002-123830-dd683fd
202609,CA,B0DJVVJ5KT,Dongle,keyword,dongle,0.9,N,20261002-123830-dd683fd
202609,CA,B0C3B11S7F,Cable/Adapter,us_map,,1.0,N,20261002-123830-dd683fd
202609,CA,B0BMTRRN3N,Dongle,keyword,dongle,0.9,N,20261002-123830-dd683fd
202609,CA,B0CGJ9T21B,Cable/Adapter,us_map,,1.0,N,20261002-123830-dd683fd
202609,CA,B0CGJ1VDZK,Handheld,us_map,,1.0,N,20261002-123830-dd683fd
202609,CA,B0B452YDWT,Handheld,us_map,,1.0,N,20261002-123830-dd683fd
202609,CA,B076CD78HT,Dongle,keyword,dongle,0.9,N,20261002-123830-dd683fd
202609,CA,B0D6YQX4R8,Dongle,us_map,,1.0,N,20261002-123830-dd683fd
202609,CA,B0DFMFNSWW,Dongle,keyword,dongle,0.9,N,20261002-123830-dd683fd
202609,CA,B0C9R4D4WZ,Handheld,us_map,,1.0,N,20261002-123830-dd683fd
202609,CA,B09M8CPNBJ,Cable/Adapter,us_map,,1.0,N,20261002-123830-dd683fd
202609,CA,B0D1V2X5KG,Tablet,us_map,,1.0,N,20261002-123830-dd683fd
202609,CA,B08TBRDH7W,Tablet,us_map,,1.0,N,20261002-123830-dd683fd
202609,CA,B0B7K3VFJ3,Cable/Adapter,us_map,,1.0,N,20261002-123830-dd683fd
202609,CA,B0H4LWKRVQ,Dongle,us_map,,1.0,N,20261002-123830-dd683fd
202609,CA,B0GXNC9BR3,Handheld,keyword,scanner_lt380,0.8,N,20261002-123830-dd683fd
202609,CA,B07QRYR288,Tablet,us_map,,1.0,N,20261002-123830-dd683fd
202609,CA,B097NH743T,Cable/Adapter,us_map,,1.0,N,20261002-123830-dd683fd
202609,CA,B097NGHP7S,Cable/Adapter,us_map,,1.0,N,20261002-123830-dd683fd
202609,CA,B0FQP1Y5Q3,Handheld,us_map,,1.0,N,20261002-123830-dd683fd
202609,CA,B07XQB9M96,Handheld,keyword,handheld,0.9,N,20261002-123830-dd683fd
202609,CA,B0GKFJQ79Q,Cable/Adapter,keyword,cable_adapter,0.9,N,20261002-123830-dd683fd
202609,CA,B07M6XNX6P,Cable/Adapter,keyword,cable_adapter,0.9,N,20261002-123830-dd683fd
202609,CA,B07PRX4HZ2,Handheld,keyword,handheld,0.9,N,20261002-123830-dd683fd
202609,CA,B0CQH13YFM,Cable/Adapter,us_map,,1.0,N,20261002-123830-dd683fd
202609,CA,B0DM93H4KZ,Handheld,keyword,handheld,0.9,N,20261002-123830-dd683fd
202609,CA,B097NHQ7ZW,Cable/Adapter,us_map,,1.0,N,20261002-123830-dd683fd
202609,CA,B09D574Q3M,Cable/Adapter,us_map,,1.0,N,20261002-123830-dd683fd
202609,CA,B0BJW311DC,Cable/Adapter,us_map,,1.0,N,20261002-123830-dd683fd
202609,CA,B097NFNZBG,Cable/Adapter,us_map,,1.0,N,20261002-123830-dd683fd
202609,CA,B0BJVYSX4Z,Dongle,us_map,,1.0,N,20261002-123830-dd683fd
202609,CA,B0H6DMM79P,Dongle,us_map,,1.0,N,20261002-123830-dd683fd
202609,CA,B0G6D242N3,Dongle,keyword,dongle,0.9,N,20261002-123830-dd683fd
202609,CA,B0DHZZPGJM,Cable/Adapter,keyword,cable_adapter,0.9,N,20261002-123830-dd683fd
202609,CA,B08LDBYTFP,Dongle,us_map,,1.0,N,20261002-123830-dd683fd
202609,CA,B013JGEXLS,Other,us_map,,1.0,N,20261002-123830-dd683fd
202609,CA,B07B8FV26L,Handheld,us_map,,1.0,N,20261002-123830-dd683fd
202609,CA,B0GXKD6XCG,Handheld,keyword,scanner_lt380,0.8,N,20261002-123830-dd683fd
202609,CA,B073CQMF25,Tablet,us_map,,1.0,N,20261002-123830-dd683fd
202609,CA,B0D1GB9HF2,Cable/Adapter,us_map,,1.0,N,20261002-123830-dd683fd
202609,CA,B0952P4MLP,Cable/Adapter,us_map,,1.0,N,20261002-123830-dd683fd
202609,CA,B0D1GCWPNF,Cable/Adapter,us_map,,1.0,N,20261002-123830-dd683fd
202609,CA,B0FY2XXLK8,Handheld,keyword,handheld,0.9,N,20261002-123830-dd683fd
202609,CA,B08LV1NYK8,Dongle,keyword,dongle,0.9,N,20261002-123830-dd683fd
202609,CA,B0BY1TS725,Handheld,us_map,,1.0,N,20261002-123830-dd683fd
202609,CA,B0DRD1MMVJ,Handheld,us_map,,1.0,N,20261002-123830-dd683fd
202609,CA,B0744JBC7W,Tablet,us_map,,1.0,N,20261002-123830-dd683fd
202609,CA,B08GFPQFFZ,Other,us_map,,1.0,N,20261002-123830-dd683fd
202609,CA,B0FGC4D4X2,Tablet,us_map,,1.0,N,20261002-123830-dd683fd
202609,CA,B0F38JZ2PR,Tablet,us_map,,1.0,N,20261002-123830-dd683fd
202609,CA,B0C1GB94BV,Cable/Adapter,us_map,,1.0,N,20261002-123830-dd683fd
202609,CA,B07GBVVSP2,Cable/Adapter,keyword,cable_adapter,0.9,N,20261002-123830-dd683fd
202609,CA,B0DG2GTGD5,Tablet,us_map,,1.0,N,20261002-123830-dd683fd
202609,CA,B0DG2H3XP4,Tablet,us_map,,1.0,N,20261002-123830-dd683fd
202609,CA,B0C39Y7CZM,Dongle,us_map,,1.0,N,20261002-123830-dd683fd
202609,CA,B072R3BJYH,Handheld,keyword,scanner_lt380,0.8,N,20261002-123830-dd683fd
202609,CA,B09Z1TT56X,Handheld,keyword,handheld,0.9,N,20261002-123830-dd683fd
202609,CA,B0GHXP8GHB,Handheld,keyword,scanner_lt380,0.8,N,20261002-123830-dd683fd
202609,CA,B07MP53PSV,Cable/Adapter,keyword,cable_adapter,0.9,N,20261002-123830-dd683fd
202609,CA,B07ZJ46YV3,Handheld,keyword,scanner_lt380,0.8,N,20261002-123830-dd683fd
202609,CA,B0D81QLQ92,Dongle,us_map,,1.0,N,20261002-123830-dd683fd
202609,CA,B0791CDHS1,Handheld,keyword,handheld,0.9,N,20261002-123830-dd683fd
202609,CA,B0BHNZY4QP,Cable/Adapter,keyword,cable_adapter,0.9,N,20261002-123830-dd683fd
202609,CA,B084SVS383,Handheld,us_map,,1.0,N,20261002-123830-dd683fd
202609,CA,B0GK8C7GM6,Tablet,us_map,,1.0,N,20261002-123830-dd683fd
202609,CA,B0BLFHVHZF,Other,us_map,,1.0,N,20261002-123830-dd683fd
202609,CA,B096M6B2WJ,Other,us_map,,1.0,N,20261002-123830-dd683fd
202609,CA,B0FYFWCPXM,Handheld,us_map,,1.0,N,20261002-123830-dd683fd
202609,CA,B0HDS819XP,Handheld,keyword,handheld,0.9,N,20261002-123830-dd683fd
202609,CA,B0HKN42HZS,Handheld,keyword,scanner_lt380,0.8,N,20261002-123830-dd683fd
202609,CA,B08L4H9H4M,Other,us_map,,1.0,N,20261002-123830-dd683fd
202609,CA,B0GX1HJCC8,Other,us_map,,1.0,N,20261002-123830-dd683fd
202609,CA,B0CMQYNKXH,Handheld,us_map,,1.0,N,20261002-123830-dd683fd
202609,CA,B0CPPFH5MM,VCI,us_map,,1.0,N,20261002-123830-dd683fd
202609,CA,B0GMQV5D68,Key,keyword,key,0.9,N,20261002-123830-dd683fd
202609,CA,B0CLMYLKLB,Dongle,keyword,dongle,0.9,N,20261002-123830-dd683fd
202609,CA,B0C9TWPBR2,Handheld,us_map,,1.0,N,20261002-123830-dd683fd
202609,CA,B0DZ78J8BY,Other,us_map,,1.0,N,20261002-123830-dd683fd
202609,CA,B0DRD33SRR,Cable/Adapter,us_map,,1.0,N,20261002-123830-dd683fd
202609,CA,B0DR7M7Q8V,Cable/Adapter,us_map,,1.0,N,20261002-123830-dd683fd
202609,CA,B0DR7KMTPC,Cable/Adapter,us_map,,1.0,N,20261002-123830-dd683fd
202609,CA,B09NDQ6RTF,Cable/Adapter,us_map,,1.0,N,20261002-123830-dd683fd
202609,CA,B09QX781WY,Tablet,us_map,,1.0,N,20261002-123830-dd683fd
202609,CA,B08LDBSWWL,Dongle,us_map,,1.0,N,20261002-123830-dd683fd
202609,CA,B0C54R31N5,Cable/Adapter,keyword,cable_adapter,0.9,N,20261002-123830-dd683fd
202609,CA,B0C2GLCDQQ,Dongle,us_map,,1.0,N,20261002-123830-dd683fd
202609,CA,B06Y58DLNB,Handheld,keyword,handheld,0.9,N,20261002-123830-dd683fd
202609,CA,B0CGH9QNKD,Cable/Adapter,us_map,,1.0,N,20261002-123830-dd683fd
202609,CA,B0BLYXVR4K,Handheld,us_map,,1.0,N,20261002-123830-dd683fd
202609,CA,B0CXHVP8V7,Cable/Adapter,us_map,,1.0,N,20261002-123830-dd683fd
202609,CA,B0DKHL6YHJ,Tablet,us_map,,1.0,N,20261002-123830-dd683fd
202609,CA,B0DDSPNRTK,Cable/Adapter,keyword,cable_adapter,0.9,N,20261002-123830-dd683fd
202609,CA,B09YXN4CQ2,Tablet,us_map,,1.0,N,20261002-123830-dd683fd
202609,CA,B09JG9L1QC,Tablet,us_map,,1.0,N,20261002-123830-dd683fd
202609,CA,B07WCBL7WN,Dongle,keyword,dongle,0.9,N,20261002-123830-dd683fd
202609,CA,B0FKLZGQBZ,Handheld,keyword,handheld,0.9,N,20261002-123830-dd683fd
202609,CA,B0GGPBVP63,Tablet,us_map,,1.0,N,20261002-123830-dd683fd
202609,CA,B0CJ56TM1Q,Cable/Adapter,us_map,,1.0,N,20261002-123830-dd683fd
202609,CA,B09WYZGLW3,Handheld,us_map,,1.0,N,20261002-123830-dd683fd
202609,CA,B0DRCYGZC2,Handheld,us_map,,1.0,N,20261002-123830-dd683fd
202609,CA,B0DF2TDJZP,Cable/Adapter,keyword,cable_adapter,0.9,N,20261002-123830-dd683fd
202609,CA,B008EPKWD8,Handheld,us_map,,1.0,N,20261002-123830-dd683fd
202609,CA,B0B63FNY6Q,Dongle,keyword,dongle,0.9,N,20261002-123830-dd683fd
202609,CA,B0CSFK3G71,Cable/Adapter,us_map,,1.0,N,20261002-123830-dd683fd
202609,CA,B0CGWW2L27,Cable/Adapter,us_map,,1.0,N,20261002-123830-dd683fd
202609,CA,B0CXY4LDR1,Cable/Adapter,keyword,cable_adapter,0.9,N,20261002-123830-dd683fd
202609,CA,B087WMGLF1,Other,us_map,,1.0,N,20261002-123830-dd683fd
202609,CA,B08ZL4LRVK,Cable/Adapter,us_map,,1.0,N,20261002-123830-dd683fd
202609,CA,B09G9YL6SV,Handheld,keyword,handheld,0.9,N,20261002-123830-dd683fd
202609,CA,B08QHLC4GJ,Handheld,keyword,scanner_lt380,0.8,N,20261002-123830-dd683fd
202609,CA,B0DBNV8K16,Cable/Adapter,keyword,cable_adapter,0.9,N,20261002-123830-dd683fd
202609,CA,B0CQ4V8X9L,Dongle,us_map,,1.0,N,20261002-123830-dd683fd
202609,CA,B08V59JNYP,Tablet,us_map,,1.0,N,20261002-123830-dd683fd
202609,CA,B0FDB5LHJN,Tablet,us_map,,1.0,N,20261002-123830-dd683fd
202609,CA,B0CGZVNC7G,Dongle,keyword,dongle,0.9,N,20261002-123830-dd683fd
202609,CA,B0DR8MHLNP,Cable/Adapter,us_map,,1.0,N,20261002-123830-dd683fd
202609,CA,B0946SXH46,Cable/Adapter,us_map,,1.0,N,20261002-123830-dd683fd
202609,CA,B0CJMMB4MS,Cable/Adapter,keyword,cable_adapter,0.9,N,20261002-123830-dd683fd
202609,CA,B0CF5MPDJS,Handheld,us_map,,1.0,N,20261002-123830-dd683fd
202609,CA,B08NK3DD76,Tablet,us_map,,1.0,N,20261002-123830-dd683fd
202609,CA,B08R3MHLG7,Tablet,us_map,,1.0,N,20261002-123830-dd683fd
202609,CA,B07T1G5JB6,Cable/Adapter,us_map,,1.0,N,20261002-123830-dd683fd
202609,CA,B09NBW6KCX,Cable/Adapter,keyword,cable_adapter,0.9,N,20261002-123830-dd683fd
202609,CA,B0CZCGXZVR,Dongle,us_map,,1.0,N,20261002-123830-dd683fd
202609,CA,B07HX5QHKV,VCI,us_map,,1.0,N,20261002-123830-dd683fd
202609,CA,B0FBWQXPHL,Handheld,us_map,,1.0,N,20261002-123830-dd683fd
202609,CA,B0DG2VZP6P,Handheld,us_map,,1.0,N,20261002-123830-dd683fd
202609,CA,B00L4207IS,Handheld,us_map,,1.0,N,20261002-123830-dd683fd
202609,CA,B0F4MGQXNT,Cable/Adapter,keyword,cable_adapter,0.9,N,20261002-123830-dd683fd
202609,CA,B0FGC4QVK3,Handheld,keyword,handheld,0.9,N,20261002-123830-dd683fd
202609,CA,B0D2D5XJ5Q,Dongle,us_map,,1.0,N,20261002-123830-dd683fd
202609,CA,B00U5S2BJ0,Handheld,us_map,,1.0,N,20261002-123830-dd683fd
202609,CA,B09PHLTG2X,OBD1,keyword,obd1,0.9,N,20261002-123830-dd683fd
202609,CA,B0GFL383FZ,Cable/Adapter,us_map,,1.0,N,20261002-123830-dd683fd
202609,CA,B0B1MB6YG8,Tablet,us_map,,1.0,N,20261002-123830-dd683fd
202609,CA,B0C5WWD2JC,Cable/Adapter,us_map,,1.0,N,20261002-123830-dd683fd
202609,CA,B07F2WF96Y,Tablet,us_map,,1.0,N,20261002-123830-dd683fd
202609,CA,B0D3DPDV86,Tablet,us_map,,1.0,N,20261002-123830-dd683fd
202609,CA,B07QG8KQ96,Handheld,keyword,handheld,0.9,N,20261002-123830-dd683fd
202609,CA,B0CN8Q1H4S,Tablet,us_map,,1.0,N,20261002-123830-dd683fd
202609,CA,B0BFBQZZMC,Tablet,us_map,,1.0,N,20261002-123830-dd683fd
202609,CA,B0FD36H36L,Key,us_map,,1.0,N,20261002-123830-dd683fd
202609,CA,B09HVVFN9W,Other,us_map,,1.0,N,20261002-123830-dd683fd
202609,CA,B0GPW1LX6C,Handheld,keyword,handheld,0.9,N,20261002-123830-dd683fd
202609,CA,B0CSFKBT2Y,Cable/Adapter,keyword,cable_adapter,0.9,N,20261002-123830-dd683fd
202609,CA,B0BL6VPVYL,Dongle,us_map,,1.0,N,20261002-123830-dd683fd
202609,CA,B08R9MG5JM,Tablet,us_map,,1.0,N,20261002-123830-dd683fd
202609,CA,B0C3J1QFX4,Handheld,us_map,,1.0,N,20261002-123830-dd683fd
202609,CA,B09DSZ2HMJ,Cable/Adapter,keyword,cable_adapter,0.9,N,20261002-123830-dd683fd
202609,CA,B07YJBZ638,Handheld,us_map,,1.0,N,20261002-123830-dd683fd
202609,CA,B08CBV4S4W,Key,keyword,key,0.9,N,20261002-123830-dd683fd
202609,CA,B0FQNN896R,Handheld,us_map,,1.0,N,20261002-123830-dd683fd
202609,CA,B0BTD38F8B,Dongle,us_map,,1.0,N,20261002-123830-dd683fd
202609,CA,B0CB86PNWZ,Handheld,us_map,,1.0,N,20261002-123830-dd683fd
202609,CA,B07M66RH77,Handheld,us_map,,1.0,N,20261002-123830-dd683fd
202609,CA,B002BHX1X8,Other,us_map,,1.0,N,20261002-123830-dd683fd
202609,CA,B0FB8PBKH1,Dongle,keyword,dongle,0.9,N,20261002-123830-dd683fd
202609,CA,B0BYCGDKMV,Handheld,us_map,,1.0,N,20261002-123830-dd683fd
202609,CA,B0B82D66WY,Key,us_map,,1.0,N,20261002-123830-dd683fd
202609,CA,B0BKFN5HWZ,Dongle,us_map,,1.0,N,20261002-123830-dd683fd
202609,CA,B008RHJTS2,Handheld,us_map,,1.0,N,20261002-123830-dd683fd
202609,CA,B09JSCN1LX,Cable/Adapter,us_map,,1.0,N,20261002-123830-dd683fd
202609,CA,B0D1GV6N8G,Other,default_other,,0.0,N,20261002-123830-dd683fd
202609,CA,B08RHRRGK3,Handheld,us_map,,1.0,N,20261002-123830-dd683fd
202609,CA,B0C37F6F9W,Handheld,us_map,,1.0,N,20261002-123830-dd683fd
202609,CA,B094863K26,Handheld,us_map,,1.0,N,20261002-123830-dd683fd
202609,CA,B0D1NFDJX9,Cable/Adapter,us_map,,1.0,N,20261002-123830-dd683fd
202609,CA,B0BW89GCZ9,Tablet,us_map,,1.0,N,20261002-123830-dd683fd
202609,CA,B0D93BTQMG,Handheld,us_map,,1.0,N,20261002-123830-dd683fd
202609,CA,B0DFD2HYWJ,Dongle,us_map,,1.0,N,20261002-123830-dd683fd
202609,CA,B0BR9NDLFC,Handheld,us_map,,1.0,N,20261002-123830-dd683fd
202609,CA,B0DB8G6B1Z,Other,us_map,,1.0,N,20261002-123830-dd683fd
202609,CA,B09Y8WTFLQ,Cable/Adapter,us_map,,1.0,N,20261002-123830-dd683fd
202609,CA,B0DRTVQ8YW,Cable/Adapter,keyword,cable_adapter,0.9,N,20261002-123830-dd683fd
202609,CA,B0DHGVLKFZ,Other,default_other,,0.0,N,20261002-123830-dd683fd
202609,CA,B0F32M6Q21,Cable/Adapter,us_map,,1.0,N,20261002-123830-dd683fd
202609,CA,B01DPHKJPU,Handheld,us_map,,1.0,N,20261002-123830-dd683fd
202609,CA,B0FJM2KK8X,Handheld,keyword,handheld,0.9,N,20261002-123830-dd683fd
202609,CA,0856967114,Other,default_other,,0.0,N,20261002-123830-dd683fd
202609,CA,B0G6KKV8N1,Tablet,keyword,tablet,0.9,N,20261002-123830-dd683fd
202609,CA,B003TSOQY6,Handheld,us_map,,1.0,N,20261002-123830-dd683fd
202609,CA,B07FFT8SCC,Tablet,us_map,,1.0,N,20261002-123830-dd683fd
202609,CA,B0DSP7RTBB,Handheld,us_map,,1.0,N,20261002-123830-dd683fd
202609,CA,B0DSPDG2YK,Handheld,us_map,,1.0,N,20261002-123830-dd683fd
202609,CA,B0CRZ39DCT,Cable/Adapter,keyword,cable_adapter,0.9,N,20261002-123830-dd683fd
202609,CA,B01DUB4GVO,Other,default_other,,0.0,N,20261002-123830-dd683fd
202609,CA,B07QLSH92P,Handheld,us_map,,1.0,N,20261002-123830-dd683fd
202609,CA,B08ZHWHKPP,Tablet,us_map,,1.0,N,20261002-123830-dd683fd
202609,CA,B0D664GK25,Cable/Adapter,keyword,cable_adapter,0.9,N,20261002-123830-dd683fd
202609,CA,B0D7TT4VNX,VCI,keyword,vci,0.9,N,20261002-123830-dd683fd
202609,CA,B0GS24V36J,Cable/Adapter,keyword,cable_adapter,0.9,N,20261002-123830-dd683fd
202609,CA,B0D95VF7W7,Cable/Adapter,us_map,,1.0,N,20261002-123830-dd683fd
202609,CA,B0CT5M6G4W,Cable/Adapter,us_map,,1.0,N,20261002-123830-dd683fd
202609,CA,B0DTPTB8MS,Tablet,us_map,,1.0,N,20261002-123830-dd683fd
202609,CA,B0GGZM3HFW,Handheld,keyword,handheld,0.9,N,20261002-123830-dd683fd
202609,CA,B08QGPX465,Tablet,token_profile,profile:launch,0.5555555555555556,N,20261002-123830-dd683fd
202609,CA,B0FQMSB4XM,Cable/Adapter,us_map,,1.0,N,20261002-123830-dd683fd
202609,CA,1620920492,Other,default_other,,0.0,N,20261002-123830-dd683fd
202609,CA,B0DCZCNGFM,Cable/Adapter,us_map,,1.0,N,20261002-123830-dd683fd
202609,CA,B08TWMTD35,Tablet,us_map,,1.0,N,20261002-123830-dd683fd
202609,CA,B0F8MY1FJQ,Tablet,us_map,,1.0,N,20261002-123830-dd683fd
202609,CA,B01M0HON01,Handheld,us_map,,1.0,N,20261002-123830-dd683fd
202609,CA,B09ZPB3JV9,Dongle,us_map,,1.0,N,20261002-123830-dd683fd
202609,CA,B0DLB7X61L,Handheld,keyword,handheld,0.9,N,20261002-123830-dd683fd
202609,CA,B0FZKRHR51,Dongle,us_map,,1.0,N,20261002-123830-dd683fd
202609,CA,B09N9RMVFP,Dongle,us_map,,1.0,N,20261002-123830-dd683fd
202609,CA,B0FHGHJ2XL,Handheld,us_map,,1.0,N,20261002-123830-dd683fd
202609,CA,B07Z945XG4,Handheld,us_map,,1.0,N,20261002-123830-dd683fd
202609,CA,B09712X5CW,Tablet,us_map,,1.0,N,20261002-123830-dd683fd
202609,CA,B0C2DDGKYK,Handheld,us_map,,1.0,N,20261002-123830-dd683fd
202609,CA,B0CZDNJ1BJ,Dongle,us_map,,1.0,N,20261002-123830-dd683fd
202609,CA,B0CPF8M74M,Dongle,us_map,,1.0,N,20261002-123830-dd683fd
202609,CA,B0DYD1VGPZ,Cable/Adapter,us_map,,1.0,N,20261002-123830-dd683fd
202609,CA,B0CYLYFJW9,Tablet,us_map,,1.0,N,20261002-123830-dd683fd
202609,CA,B0D1MRYSDF,Tablet,us_map,,1.0,N,20261002-123830-dd683fd
202609,CA,B0CZ86Q5T2,Dongle,us_map,,1.0,N,20261002-123830-dd683fd
202609,CA,B0DT6CDWKK,Tablet,us_map,,1.0,N,20261002-123830-dd683fd
202609,CA,B09F2HJPBC,Tablet,keyword,price_tablet_hint,0.9,N,20261002-123830-dd683fd
202609,CA,B0H29RPCHQ,Cable/Adapter,us_map,,1.0,N,20261002-123830-dd683fd
202609,CA,B097NFJY7C,Other,us_map,,1.0,N,20261002-123830-dd683fd
202609,CA,B0BV1DC35F,Cable/Adapter,us_map,,1.0,N,20261002-123830-dd683fd
202609,CA,B0CJ9GXKZF,Handheld,us_map,,1.0,N,20261002-123830-dd683fd
202609,CA,B00RFUY6XU,Tablet,us_map,,1.0,N,20261002-123830-dd683fd
202609,CA,B0H93SFQZN,Handheld,keyword,handheld,0.9,N,20261002-123830-dd683fd
202609,CA,B0DWX3JSXN,Cable/Adapter,us_map,,1.0,N,20261002-123830-dd683fd
202609,CA,B07CKGPSS6,Cable/Adapter,us_map,,1.0,N,20261002-123830-dd683fd
202609,CA,B0CZ8TZCQS,Handheld,us_map,,1.0,N,20261002-123830-dd683fd
202609,CA,B0CMTTGDQW,Cable/Adapter,keyword,cable_adapter,0.9,N,20261002-123830-dd683fd
202609,CA,B0BQMHV57J,Handheld,us_map,,1.0,N,20261002-123830-dd683fd
202609,CA,B0BHNRPZXR,Handheld,us_map,,1.0,N,20261002-123830-dd683fd
202609,CA,B0DH4D1TYB,Cable/Adapter,us_map,,1.0,N,20261002-123830-dd683fd
202609,CA,B0CDRMHDJX,Tablet,us_map,,1.0,N,20261002-123830-dd683fd
202609,CA,B0B1LD8663,Tablet,us_map,,1.0,N,20261002-123830-dd683fd
202609,CA,B0D5VSB4GD,Cable/Adapter,us_map,,1.0,N,20261002-123830-dd683fd
202609,CA,B0F2PFHNWT,Cable/Adapter,us_map,,1.0,N,20261002-123830-dd683fd
202609,CA,B0DJ2M8BH7,Key,us_map,,1.0,N,20261002-123830-dd683fd
202609,CA,B0F9PJ2HV7,Dongle,keyword,dongle,0.9,N,20261002-123830-dd683fd
202609,CA,B08H8TKSW9,Other,default_other,,0.0,N,20261002-123830-dd683fd
202609,CA,B0GMJSKDS3,Cable/Adapter,keyword,cable_adapter,0.9,N,20261002-123830-dd683fd
202609,CA,B083DPHDL5,Cable/Adapter,keyword,cable_adapter,0.9,N,20261002-123830-dd683fd
202609,CA,B0DG21S5TM,Key,us_map,,1.0,N,20261002-123830-dd683fd
202609,CA,B0FLJSZQHN,Tablet,us_map,,1.0,N,20261002-123830-dd683fd
202609,CA,B09GX4PVQ1,Handheld,us_map,,1.0,N,20261002-123830-dd683fd
202609,CA,B0FS1GF9QR,Handheld,us_map,,1.0,N,20261002-123830-dd683fd
202609,CA,B0DG2NCJ4Z,Cable/Adapter,us_map,,1.0,N,20261002-123830-dd683fd
202609,CA,B07WZYXV1T,Cable/Adapter,keyword,cable_adapter,0.9,N,20261002-123830-dd683fd
202609,CA,B0BRKJ38ZQ,Dongle,us_map,,1.0,N,20261002-123830-dd683fd
202609,CA,B0FLQDNLCJ,Cable/Adapter,us_map,,1.0,N,20261002-123830-dd683fd
202609,CA,B0FB8SWDT7,Other,us_map,,1.0,N,20261002-123830-dd683fd
202609,CA,B0FB8TZV1N,Other,us_map,,1.0,N,20261002-123830-dd683fd
202609,CA,B089M629LG,Handheld,us_map,,1.0,N,20261002-123830-dd683fd
202609,CA,B07HGZZCLX,Tablet,us_map,,1.0,N,20261002-123830-dd683fd
202609,CA,B0BR2S36TH,Cable/Adapter,keyword,cable_adapter,0.9,N,20261002-123830-dd683fd
202609,CA,B0BLY5DR72,Handheld,us_map,,1.0,N,20261002-123830-dd683fd
202609,CA,B0DWWXGG2S,Key,us_map,,1.0,N,20261002-123830-dd683fd
202609,CA,B0CN3DDLBM,Tablet,us_map,,1.0,N,20261002-123830-dd683fd
202609,CA,B0CHJ4XR2X,Other,us_map,,1.0,N,20261002-123830-dd683fd
202609,CA,B0F741JCWN,Cable/Adapter,us_map,,1.0,N,20261002-123830-dd683fd
202609,CA,B0D9M2V9TC,Cable/Adapter,us_map,,1.0,N,20261002-123830-dd683fd
202609,CA,B0D9LZN7RK,Cable/Adapter,us_map,,1.0,N,20261002-123830-dd683fd
202609,CA,B0D17L9Z2S,Cable/Adapter,us_map,,1.0,N,20261002-123830-dd683fd
202609,CA,B0GQT874RP,Other,default_other,,0.0,N,20261002-123830-dd683fd
202609,CA,B0CNJTVSVB,Handheld,us_map,,1.0,N,20261002-123830-dd683fd
202609,CA,B0DJ26N75T,Other,us_map,,1.0,N,20261002-123830-dd683fd
202609,CA,B07MSM8MKK,Handheld,us_map,,1.0,N,20261002-123830-dd683fd
202609,CA,B0053NRLHE,Cable/Adapter,us_map,,1.0,N,20261002-123830-dd683fd
202609,CA,B0D3V9DMLP,Cable/Adapter,us_map,,1.0,N,20261002-123830-dd683fd
202609,CA,B0DFMG7QK2,Handheld,keyword,handheld,0.9,N,20261002-123830-dd683fd
202609,CA,B0H2HWMLD2,Other,default_other,,0.0,N,20261002-123830-dd683fd
202609,CA,B0CTTMFPFZ,Cable/Adapter,keyword,cable_adapter,0.9,N,20261002-123830-dd683fd
202609,CA,B0D4M5QHFJ,Other,us_map,,1.0,N,20261002-123830-dd683fd
202609,CA,B0G5XW6Z9V,Tablet,keyword,price_tablet_hint,0.9,N,20261002-123830-dd683fd
202609,CA,B0BFDNC7YS,Dongle,keyword,dongle,0.9,N,20261002-123830-dd683fd
202609,CA,B0DKH9HZNY,Tablet,us_map,,1.0,N,20261002-123830-dd683fd
202609,CA,B0G657488Q,Key,keyword,key,0.9,N,20261002-123830-dd683fd
202609,CA,B0791C1VVD,Tablet,us_map,,1.0,N,20261002-123830-dd683fd
202609,CA,B07ZL746BR,Handheld,us_map,,1.0,N,20261002-123830-dd683fd
202609,CA,B0BVPP19VB,Other,default_other,,0.0,N,20261002-123830-dd683fd
202609,CA,B0DRY9QJXP,Handheld,keyword,handheld,0.9,N,20261002-123830-dd683fd
202609,CA,B07GR5W9PV,Handheld,us_map,,1.0,N,20261002-123830-dd683fd
202609,CA,B08JGK8PPM,Handheld,us_map,,1.0,N,20261002-123830-dd683fd
202609,CA,B0053NS0CY,Cable/Adapter,us_map,,1.0,N,20261002-123830-dd683fd
202609,CA,B0HDZ45KPM,Handheld,keyword,handheld,0.9,N,20261002-123830-dd683fd
202609,CA,B0G6D482MK,Tablet,us_map,,1.0,N,20261002-123830-dd683fd
202609,CA,B00UEHHI3G,Tablet,us_map,,1.0,N,20261002-123830-dd683fd
202609,CA,B07G114YMD,Dongle,keyword,dongle,0.9,N,20261002-123830-dd683fd
202609,CA,B0CLNH5YTS,Dongle,keyword,dongle,0.9,N,20261002-123830-dd683fd
202609,CA,B0CR9N9ZR8,Other,us_map,,1.0,N,20261002-123830-dd683fd
202609,CA,B07VDKGK4T,Handheld,us_map,,1.0,N,20261002-123830-dd683fd
202609,CA,B0GKG67CYL,Cable/Adapter,keyword,cable_adapter,0.9,N,20261002-123830-dd683fd
202609,CA,B06XXBG8ZG,Handheld,keyword,handheld,0.9,N,20261002-123830-dd683fd
202609,CA,B084SW4K8J,Handheld,us_map,,1.0,N,20261002-123830-dd683fd
202609,CA,B07WR7P3FF,Tablet,us_map,,1.0,N,20261002-123830-dd683fd
202609,CA,B07VZFHJ6H,Handheld,us_map,,1.0,N,20261002-123830-dd683fd
202609,CA,B07YDCRTSD,Dongle,us_map,,1.0,N,20261002-123830-dd683fd
202609,CA,B07DFZXXZH,Handheld,us_map,,1.0,N,20261002-123830-dd683fd
202609,CA,B01CQNNBA4,Tablet,us_map,,1.0,N,20261002-123830-dd683fd
202609,CA,B0GLFSPMZ4,Tablet,us_map,,1.0,N,20261002-123830-dd683fd
202609,CA,B07PYGGVKW,Handheld,us_map,,1.0,N,20261002-123830-dd683fd
202609,CA,B08V8L1VXB,Tablet,us_map,,1.0,N,20261002-123830-dd683fd
202609,CA,B0HDZJRM6M,Handheld,keyword,handheld,0.9,N,20261002-123830-dd683fd
202609,CA,B01IVFC0GW,Tablet,us_map,,1.0,N,20261002-123830-dd683fd
202609,CA,B07F9V5NR6,Cable/Adapter,keyword,cable_adapter,0.9,N,20261002-123830-dd683fd
202609,CA,B0FGXQXYXX,Cable/Adapter,us_map,,1.0,N,20261002-123830-dd683fd
202609,CA,B0DJVM1QRV,Cable/Adapter,keyword,cable_adapter,0.9,N,20261002-123830-dd683fd
202609,CA,B0DWFQ69VV,Handheld,us_map,,1.0,N,20261002-123830-dd683fd
202609,CA,B0FHM95B29,Handheld,keyword,handheld,0.9,N,20261002-123830-dd683fd
202609,CA,B09NL1D78Q,Handheld,keyword,handheld,0.9,N,20261002-123830-dd683fd
202609,CA,B0C7C8G8T7,Other,us_map,,1.0,N,20261002-123830-dd683fd
202609,CA,B0DB89CSF5,Dongle,us_map,,1.0,N,20261002-123830-dd683fd
202609,CA,B0D8ZZVFPX,Cable/Adapter,us_map,,1.0,N,20261002-123830-dd683fd
202609,CA,B0C15C58X6,Other,default_other,,0.0,N,20261002-123830-dd683fd
202609,CA,B091Y8RS2R,Cable/Adapter,us_map,,1.0,N,20261002-123830-dd683fd
202609,CA,B0CPYBPK49,Handheld,us_map,,1.0,N,20261002-123830-dd683fd
202609,CA,B0CXT297ZP,Cable/Adapter,keyword,cable_adapter,0.9,N,20261002-123830-dd683fd
202609,CA,B0D6R66XZ5,Handheld,us_map,,1.0,N,20261002-123830-dd683fd
202609,CA,B0CKTLJJS3,Cable/Adapter,keyword,cable_adapter,0.9,N,20261002-123830-dd683fd
202609,CA,B0CY4H2RVP,Cable/Adapter,us_map,,1.0,N,20261002-123830-dd683fd
202609,CA,B0F9PD5JLN,Handheld,keyword,handheld,0.9,N,20261002-123830-dd683fd
202609,CA,B0DHGX3R88,Tablet,keyword,tablet,0.9,N,20261002-123830-dd683fd
202609,CA,B0F1N61KT3,Other,default_other,,0.0,N,20261002-123830-dd683fd
202609,CA,B0CYLWB9NC,Other,default_other,,0.0,N,20261002-123830-dd683fd
202609,CA,B07PP1MKM6,Tablet,keyword,tablet,0.9,N,20261002-123830-dd683fd
202609,CA,B0CYSXZ8NH,Other,default_other,,0.0,N,20261002-123830-dd683fd
202609,CA,B0CBR7PRJ2,Handheld,us_map,,1.0,N,20261002-123830-dd683fd
202609,CA,B0BXGDHZGL,Handheld,us_map,,1.0,N,20261002-123830-dd683fd
202609,CA,B0FLJ61B41,Cable/Adapter,keyword,cable_adapter,0.9,N,20261002-123830-dd683fd
202609,CA,B0DS8L7DX5,VCI,keyword,vci,0.9,N,20261002-123830-dd683fd
202609,CA,B09SP8F2X6,Other,us_map,,1.0,N,20261002-123830-dd683fd
202609,CA,B08KD1RLBQ,Handheld,us_map,,1.0,N,20261002-123830-dd683fd
202609,CA,B0F7X8JKLP,Other,us_map,,1.0,N,20261002-123830-dd683fd
202609,CA,B09L1514WP,Tablet,us_map,,1.0,N,20261002-123830-dd683fd
202609,CA,B0F4QHR93X,Tablet,us_map,,1.0,N,20261002-123830-dd683fd
202609,CA,B008PTN992,Handheld,us_map,,1.0,N,20261002-123830-dd683fd
202609,CA,B07DKCBGJZ,Cable/Adapter,us_map,,1.0,N,20261002-123830-dd683fd
202609,CA,B0BPYTTTMQ,Handheld,us_map,,1.0,N,20261002-123830-dd683fd
202609,CA,B0DJVGWMLR,Cable/Adapter,keyword,cable_adapter,0.9,N,20261002-123830-dd683fd
202609,CA,B0FS6XSNP6,Tablet,us_map,,1.0,N,20261002-123830-dd683fd
202609,CA,B0CL2B9TQG,Tablet,us_map,,1.0,N,20261002-123830-dd683fd
202609,CA,B0GTQ3G7VW,OBD1,us_map,,1.0,N,20261002-123830-dd683fd
202609,CA,B07L498NGZ,Cable/Adapter,us_map,,1.0,N,20261002-123830-dd683fd
202609,CA,B0DPZVGXS3,Tablet,us_map,,1.0,N,20261002-123830-dd683fd
202609,CA,B0CSF83DFM,Cable/Adapter,keyword,cable_adapter,0.9,N,20261002-123830-dd683fd
202609,CA,B0GYQ2G9NK,Cable/Adapter,us_map,,1.0,N,20261002-123830-dd683fd
202609,CA,B0DFMC4CQX,Tablet,us_map,,1.0,N,20261002-123830-dd683fd
202609,CA,B01MXDLAGN,Dongle,us_map,,1.0,N,20261002-123830-dd683fd
202609,CA,B0D5XYZTHW,Cable/Adapter,us_map,,1.0,N,20261002-123830-dd683fd
202609,CA,B07Q4JJYPV,Handheld,us_map,,1.0,N,20261002-123830-dd683fd
202609,CA,B07PGH6R7V,OBD1,keyword,obd1,0.9,N,20261002-123830-dd683fd
202609,CA,B07MF9T19Q,Handheld,us_map,,1.0,N,20261002-123830-dd683fd
202609,CA,B0HFQX62VP,Handheld,keyword,handheld,0.9,N,20261002-123830-dd683fd
202609,CA,B0CL52LR7N,Cable/Adapter,us_map,,1.0,N,20261002-123830-dd683fd
202609,CA,B0C53X63N7,Other,default_other,,0.0,N,20261002-123830-dd683fd
202609,CA,B0FSZDZ264,Tablet,us_map,,1.0,N,20261002-123830-dd683fd
202609,CA,B0FBM5ZYJG,Cable/Adapter,us_map,,1.0,N,20261002-123830-dd683fd
202609,CA,B0B8H2C4WH,Tablet,us_map,,1.0,N,20261002-123830-dd683fd
202609,CA,B07YB8TF9D,OBD1,keyword,obd1,0.9,N,20261002-123830-dd683fd
202609,CA,B0C39TL9R6,Dongle,us_map,,1.0,N,20261002-123830-dd683fd
202609,CA,B0CY542RHB,Tablet,us_map,,1.0,N,20261002-123830-dd683fd
202609,CA,B0CNGHRSVJ,Cable/Adapter,keyword,cable_adapter,0.9,N,20261002-123830-dd683fd
202609,CA,B0751G1W5C,Tablet,us_map,,1.0,N,20261002-123830-dd683fd
202609,CA,B0H9RG4C9M,Handheld,us_map,,1.0,N,20261002-123830-dd683fd
202609,CA,B0H6FFY9GS,Handheld,keyword,scanner_lt380,0.8,N,20261002-123830-dd683fd
202609,CA,B07TZRN9YM,Other,us_map,,1.0,N,20261002-123830-dd683fd
202609,CA,B0CQV1JXF3,Cable/Adapter,us_map,,1.0,N,20261002-123830-dd683fd
202609,CA,B0BNT2KGQ6,Handheld,us_map,,1.0,N,20261002-123830-dd683fd
202609,CA,B0DXVXVCHJ,Tablet,us_map,,1.0,N,20261002-123830-dd683fd
202609,CA,B0053NJY8S,Cable/Adapter,us_map,,1.0,N,20261002-123830-dd683fd
202609,CA,B0D4TWT9C9,Other,us_map,,1.0,N,20261002-123830-dd683fd
202609,CA,B0DLMZ4QXW,Handheld,keyword,handheld,0.9,N,20261002-123830-dd683fd
202609,CA,B00MECEI14,Cable/Adapter,keyword,cable_adapter,0.9,N,20261002-123830-dd683fd
202609,CA,B0CFQK5Q6Z,Cable/Adapter,us_map,,1.0,N,20261002-123830-dd683fd
202609,CA,B0D7VS8SHS,Tablet,us_map,,1.0,N,20261002-123830-dd683fd
202609,CA,B0F8NG2VT7,Dongle,keyword,dongle,0.9,N,20261002-123830-dd683fd
202609,CA,B0D9XTH162,Other,us_map,,1.0,N,20261002-123830-dd683fd
202609,CA,B0DK72RG18,Handheld,keyword,handheld,0.9,N,20261002-123830-dd683fd
202609,CA,B0FGC7K873,Tablet,us_map,,1.0,N,20261002-123830-dd683fd
202609,CA,B0D4Y4NZ2Y,Cable/Adapter,keyword,cable_adapter,0.9,N,20261002-123830-dd683fd
202609,CA,B0BZCC9FTL,Cable/Adapter,us_map,,1.0,N,20261002-123830-dd683fd
202609,CA,B0CRQVBT5H,Handheld,us_map,,1.0,N,20261002-123830-dd683fd
202609,CA,B07X5VQ5DC,Handheld,us_map,,1.0,N,20261002-123830-dd683fd
202609,CA,B0FLJD29B3,Handheld,us_map,,1.0,N,20261002-123830-dd683fd
202609,CA,B07Q2LMS7J,Tablet,us_map,,1.0,N,20261002-123830-dd683fd
202609,CA,B0CYSX64KJ,Other,default_other,,0.0,N,20261002-123830-dd683fd
202609,CA,B0CYLR1968,Tablet,keyword,tablet,0.9,N,20261002-123830-dd683fd
202609,CA,B0CZP5BCBD,Cable/Adapter,us_map,,1.0,N,20261002-123830-dd683fd
202609,CA,B0B2LKYW3T,Cable/Adapter,us_map,,1.0,N,20261002-123830-dd683fd
202609,CA,B071VYLP32,Handheld,us_map,,1.0,N,20261002-123830-dd683fd
202609,CA,B0DW8VZ5PW,Dongle,us_map,,1.0,N,20261002-123830-dd683fd
202609,CA,B09B7G78B4,Handheld,keyword,scanner_lt380,0.8,N,20261002-123830-dd683fd
202609,CA,B0D8HYW5GG,Dongle,us_map,,1.0,N,20261002-123830-dd683fd
202609,CA,B0C7PGLV43,Cable/Adapter,keyword,cable_adapter,0.9,N,20261002-123830-dd683fd
202609,CA,B0D8W1TP1F,Handheld,us_map,,1.0,N,20261002-123830-dd683fd
202609,CA,B07ZVCCZ1H,Handheld,us_map,,1.0,N,20261002-123830-dd683fd
202609,CA,B08H8V4TZ1,Cable/Adapter,keyword,cable_adapter,0.9,N,20261002-123830-dd683fd
202609,CA,B0F254MVB5,Tablet,us_map,,1.0,N,20261002-123830-dd683fd
202609,CA,B00K7YZUOA,Cable/Adapter,us_map,,1.0,N,20261002-123830-dd683fd
202609,CA,B0DT3LQZ6C,Handheld,keyword,handheld,0.9,N,20261002-123830-dd683fd
202609,CA,B07CSMJJK9,Handheld,us_map,,1.0,N,20261002-123830-dd683fd
202609,CA,B0CJFX37QK,Cable/Adapter,keyword,cable_adapter,0.9,N,20261002-123830-dd683fd
202609,CA,B0DJ73V15W,Other,default_other,,0.0,N,20261002-123830-dd683fd
202609,CA,B0FFBRFY29,Other,us_map,,1.0,N,20261002-123830-dd683fd
202609,CA,B07D1KH9SC,Handheld,us_map,,1.0,N,20261002-123830-dd683fd
202609,CA,B0FFGXHRYQ,Tablet,us_map,,1.0,N,20261002-123830-dd683fd
202609,CA,B0CH2B6Q9Z,Other,default_other,,0.0,N,20261002-123830-dd683fd
202609,CA,B08DFYMTS6,Dongle,us_map,,1.0,N,20261002-123830-dd683fd
202609,CA,162092370X,Other,default_other,,0.0,N,20261002-123830-dd683fd
202609,CA,B0G7BRYLFC,Tablet,us_map,,1.0,N,20261002-123830-dd683fd
202609,CA,B0FWJP7HBQ,Handheld,keyword,handheld,0.9,N,20261002-123830-dd683fd
202609,CA,B0GV5GB9TK,Cable/Adapter,us_map,,1.0,N,20261002-123830-dd683fd
202609,CA,B0DVPNSGK1,Cable/Adapter,us_map,,1.0,N,20261002-123830-dd683fd
202609,CA,B0DPHSKKPG,Handheld,us_map,,1.0,N,20261002-123830-dd683fd
202609,CA,B01GRN4BRQ,Tablet,us_map,,1.0,N,20261002-123830-dd683fd
202609,CA,B0BHZL5CB6,Tablet,us_map,,1.0,N,20261002-123830-dd683fd
202609,CA,1563923025,Other,default_other,,0.0,N,20261002-123830-dd683fd
202609,CA,B0CLDK3M3B,Handheld,us_map,,1.0,N,20261002-123830-dd683fd
202609,CA,B081B49B8M,Other,us_map,,1.0,N,20261002-123830-dd683fd
202609,CA,B0C13M3W78,Handheld,us_map,,1.0,N,20261002-123830-dd683fd
202609,CA,B081N7G2BR,Cable/Adapter,us_map,,1.0,N,20261002-123830-dd683fd
202609,CA,B0DPM16FN1,Cable/Adapter,us_map,,1.0,N,20261002-123830-dd683fd
202609,CA,B0BZS52VQD,Tablet,us_map,,1.0,N,20261002-123830-dd683fd
202609,CA,B0D2Q1MDJ8,Tablet,us_map,,1.0,N,20261002-123830-dd683fd
202609,CA,B0GCMVDT8X,Cable/Adapter,us_map,,1.0,N,20261002-123830-dd683fd
202609,CA,B09TK8X25Y,Other,default_other,,0.0,N,20261002-123830-dd683fd
202609,CA,B0CH9C6SNZ,Cable/Adapter,us_map,,1.0,N,20261002-123830-dd683fd
202609,CA,B09PKG2YTL,Handheld,us_map,,1.0,N,20261002-123830-dd683fd
202609,CA,1620920441,Other,default_other,,0.0,N,20261002-123830-dd683fd
202609,CA,1563925400,Other,default_other,,0.0,N,20261002-123830-dd683fd
202609,CA,B097NDDGYJ,Other,default_other,,0.0,N,20261002-123830-dd683fd
202609,CA,B0BB5SDNZ2,Cable/Adapter,us_map,,1.0,N,20261002-123830-dd683fd
202609,CA,B0CNGHSKVC,Cable/Adapter,keyword,cable_adapter,0.9,N,20261002-123830-dd683fd
202609,CA,B00EN7JOQC,Tablet,us_map,,1.0,N,20261002-123830-dd683fd
202609,CA,B0D59DS51W,Handheld,us_map,,1.0,N,20261002-123830-dd683fd
202609,CA,B0BY8D723H,Handheld,us_map,,1.0,N,20261002-123830-dd683fd
202609,CA,B086DRGM15,Tablet,us_map,,1.0,N,20261002-123830-dd683fd
202609,CA,B0C95TKBY6,Handheld,us_map,,1.0,N,20261002-123830-dd683fd
202609,CA,B0CTZCPTDP,Cable/Adapter,keyword,cable_adapter,0.9,N,20261002-123830-dd683fd
202609,CA,B07R6H1373,OBD1,keyword,obd1,0.9,N,20261002-123830-dd683fd
202609,CA,B081B3X6GN,Other,us_map,,1.0,N,20261002-123830-dd683fd
202609,CA,B07ZL7CLYR,Handheld,us_map,,1.0,N,20261002-123830-dd683fd
202609,CA,B07H7FWP24,Cable/Adapter,us_map,,1.0,N,20261002-123830-dd683fd
202609,CA,B0GMJWZVVK,Handheld,us_map,,1.0,N,20261002-123830-dd683fd
202609,CA,B0CFKRL7CN,Tablet,us_map,,1.0,N,20261002-123830-dd683fd
202609,CA,B0DT9B4RX9,Tablet,us_map,,1.0,N,20261002-123830-dd683fd
202609,CA,B0FP9BMYKG,Tablet,us_map,,1.0,N,20261002-123830-dd683fd
202609,CA,B0C99T9F6S,Cable/Adapter,keyword,cable_adapter,0.9,N,20261002-123830-dd683fd
202609,CA,B0D5M8WX1Z,Tablet,us_map,,1.0,N,20261002-123830-dd683fd
202609,CA,B0FR9BG4KH,Cable/Adapter,us_map,,1.0,N,20261002-123830-dd683fd
202609,CA,B0DT1HLPGJ,Handheld,keyword,handheld,0.9,N,20261002-123830-dd683fd
202609,CA,B08D8QH4G3,Handheld,us_map,,1.0,N,20261002-123830-dd683fd
202609,CA,B07JWFJ6DH,Other,default_other,,0.0,N,20261002-123830-dd683fd
202609,CA,B01HNO5PLY,Tablet,us_map,,1.0,N,20261002-123830-dd683fd
202609,CA,B0CYCHXJJB,Cable/Adapter,us_map,,1.0,N,20261002-123830-dd683fd
202609,CA,B0DBH27CQS,Tablet,us_map,,1.0,N,20261002-123830-dd683fd
202609,CA,B084H75MZ3,Handheld,us_map,,1.0,N,20261002-123830-dd683fd
202609,CA,B0D78TD9PT,Cable/Adapter,keyword,cable_adapter,0.9,N,20261002-123830-dd683fd
202609,CA,B09HV4RZ2V,Cable/Adapter,keyword,cable_adapter,0.9,N,20261002-123830-dd683fd
202609,CA,B0F4MJYXCX,Cable/Adapter,keyword,cable_adapter,0.9,N,20261002-123830-dd683fd
202609,CA,B0GX1WPD31,Tablet,us_map,,1.0,N,20261002-123830-dd683fd
202609,CA,B0CNPN935B,Handheld,us_map,,1.0,N,20261002-123830-dd683fd
202609,CA,B0DG2SR93N,Handheld,us_map,,1.0,N,20261002-123830-dd683fd
202609,CA,B07CH4D68Q,Handheld,us_map,,1.0,N,20261002-123830-dd683fd
202609,CA,B09NW325DV,Handheld,us_map,,1.0,N,20261002-123830-dd683fd
202609,CA,B073RF7Z47,Handheld,us_map,,1.0,N,20261002-123830-dd683fd
202609,CA,B0FRXTSD7F,Handheld,keyword,scanner_lt380,0.8,N,20261002-123830-dd683fd
202609,CA,B017JQSC9S,Cable/Adapter,keyword,cable_adapter,0.9,N,20261002-123830-dd683fd
202609,CA,B0BJQMTY48,Other,us_map,,1.0,N,20261002-123830-dd683fd
202609,CA,B09SNVC9JR,Other,us_map,,1.0,N,20261002-123830-dd683fd
202609,CA,B01J1GWZVK,Tablet,us_map,,1.0,N,20261002-123830-dd683fd
202609,CA,B07GZBCH7K,Tablet,us_map,,1.0,N,20261002-123830-dd683fd
202609,CA,B0FG33ZZ4S,Cable/Adapter,us_map,,1.0,N,20261002-123830-dd683fd
202609,CA,B0C7HJ7SW3,Cable/Adapter,keyword,cable_adapter,0.9,N,20261002-123830-dd683fd
202609,CA,B0CNXBZ94D,Cable/Adapter,us_map,,1.0,N,20261002-123830-dd683fd
202609,CA,B0G1XL91GF,Cable/Adapter,keyword,cable_adapter,0.9,N,20261002-123830-dd683fd
202609,CA,B0GWV5L6NQ,Other,default_other,,0.0,N,20261002-123830-dd683fd
202609,CA,B0D17K9X2P,Cable/Adapter,us_map,,1.0,N,20261002-123830-dd683fd
202609,CA,B0CM3DX7Z2,Cable/Adapter,keyword,cable_adapter,0.9,N,20261002-123830-dd683fd
202609,CA,B0CX8181JG,Key,us_map,,1.0,N,20261002-123830-dd683fd
202609,CA,B0GMFC443Q,Dongle,us_map,,1.0,N,20261002-123830-dd683fd
202609,CA,B0D5GNGT1D,Tablet,us_map,,1.0,N,20261002-123830-dd683fd
202609,CA,B00BR1R8N8,Other,default_other,,0.0,N,20261002-123830-dd683fd
202609,CA,B0C2D7WYG9,Handheld,us_map,,1.0,N,20261002-123830-dd683fd
202609,CA,B0CS34GBCJ,Cable/Adapter,us_map,,1.0,N,20261002-123830-dd683fd
202609,CA,B000EVYH36,Cable/Adapter,us_map,,1.0,N,20261002-123830-dd683fd
202609,CA,B0DK7K7QFG,Tablet,us_map,,1.0,N,20261002-123830-dd683fd
202609,CA,B0D477PZNH,Dongle,us_map,,1.0,N,20261002-123830-dd683fd
202609,CA,B0CNXDGNYK,Cable/Adapter,us_map,,1.0,N,20261002-123830-dd683fd
202609,CA,B0CYSTRF96,Cable/Adapter,us_map,,1.0,N,20261002-123830-dd683fd
202609,CA,B078BHTCK1,Cable/Adapter,us_map,,1.0,N,20261002-123830-dd683fd
202609,CA,B0G1LXYLLK,Cable/Adapter,us_map,,1.0,N,20261002-123830-dd683fd
202609,CA,B0D7BXVFK4,Cable/Adapter,us_map,,1.0,N,20261002-123830-dd683fd
202609,CA,B0BWL9PP5L,Cable/Adapter,us_map,,1.0,N,20261002-123830-dd683fd
202609,CA,B0DBLCM29P,Tablet,us_map,,1.0,N,20261002-123830-dd683fd
202609,CA,B0D474RC4W,Dongle,us_map,,1.0,N,20261002-123830-dd683fd
202609,CA,B0DF7MRVFG,Handheld,us_map,,1.0,N,20261002-123830-dd683fd
202609,CA,B07F36NJ5K,Tablet,us_map,,1.0,N,20261002-123830-dd683fd
202609,CA,B0BZDWC5J5,Handheld,us_map,,1.0,N,20261002-123830-dd683fd
202609,CA,B0CX5KJ22T,Cable/Adapter,keyword,cable_adapter,0.9,N,20261002-123830-dd683fd
202609,CA,B0BY56FLC2,Other,default_other,,0.0,N,20261002-123830-dd683fd
202609,CA,B0DR8M9994,Cable/Adapter,us_map,,1.0,N,20261002-123830-dd683fd
202609,CA,B0DPFD4JV1,Tablet,us_map,,1.0,N,20261002-123830-dd683fd
202609,CA,B0D8ZWZ4V1,Cable/Adapter,us_map,,1.0,N,20261002-123830-dd683fd
202609,CA,B0BX3XK3T4,Handheld,us_map,,1.0,N,20261002-123830-dd683fd
202609,CA,B0FGZXP5BZ,Cable/Adapter,keyword,cable_adapter,0.9,N,20261002-123830-dd683fd
202609,CA,B0C2D87BM8,Handheld,us_map,,1.0,N,20261002-123830-dd683fd
202609,CA,1563928566,Other,default_other,,0.0,N,20261002-123830-dd683fd
202609,CA,B0CSX46829,Cable/Adapter,us_map,,1.0,N,20261002-123830-dd683fd
202609,CA,B0H6M9TRKQ,Handheld,us_map,,1.0,N,20261002-123830-dd683fd
202609,CA,B016TRRQHM,Cable/Adapter,us_map,,1.0,N,20261002-123830-dd683fd
202609,CA,B0DMWDZJH2,Key,keyword,key,0.9,N,20261002-123830-dd683fd
202609,CA,B0C2DBJYCD,Handheld,us_map,,1.0,N,20261002-123830-dd683fd
202609,CA,B07F16HC12,Handheld,us_map,,1.0,N,20261002-123830-dd683fd
202609,CA,B0B6MW5GVB,Cable/Adapter,us_map,,1.0,N,20261002-123830-dd683fd
202609,CA,B0CHFP62R8,Cable/Adapter,us_map,,1.0,N,20261002-123830-dd683fd
202609,CA,B0C6TGKYLF,Tablet,us_map,,1.0,N,20261002-123830-dd683fd
202609,CA,B0FKB531HX,Dongle,us_map,,1.0,N,20261002-123830-dd683fd
202609,CA,B087P84G95,Handheld,us_map,,1.0,N,20261002-123830-dd683fd
202609,CA,B07F1887MB,Handheld,us_map,,1.0,N,20261002-123830-dd683fd
202609,CA,B07DZXXG72,Handheld,us_map,,1.0,N,20261002-123830-dd683fd
202609,CA,B0FHP6T6WR,OBD1,us_map,,1.0,N,20261002-123830-dd683fd
202609,CA,B0C3J1V5N8,Handheld,us_map,,1.0,N,20261002-123830-dd683fd
202609,CA,B0744M6K8N,Cable/Adapter,keyword,cable_adapter,0.9,N,20261002-123830-dd683fd
202609,CA,B0C27B1DDT,Other,default_other,,0.0,N,20261002-123830-dd683fd
202609,CA,B0DMTJ9TGZ,Cable/Adapter,us_map,,1.0,N,20261002-123830-dd683fd
202609,CA,B01IVH164C,Handheld,keyword,handheld,0.9,N,20261002-123830-dd683fd
202609,CA,B07Q5H7M5S,Handheld,us_map,,1.0,N,20261002-123830-dd683fd
202609,CA,B0BBFY2848,Dongle,us_map,,1.0,N,20261002-123830-dd683fd
202609,CA,B0FLXKKLMR,Handheld,keyword,handheld,0.9,N,20261002-123830-dd683fd
202609,CA,B0DF79ZYYW,Cable/Adapter,us_map,,1.0,N,20261002-123830-dd683fd
202609,CA,B0G87BHQHL,Handheld,us_map,,1.0,N,20261002-123830-dd683fd
202609,CA,B0CY22PD2H,Cable/Adapter,keyword,cable_adapter,0.9,N,20261002-123830-dd683fd
202609,CA,B0C84V61GP,Handheld,us_map,,1.0,N,20261002-123830-dd683fd
202609,CA,B0DFHRKB2L,Other,default_other,,0.0,N,20261002-123830-dd683fd
202609,CA,B09QX69JQW,Tablet,us_map,,1.0,N,20261002-123830-dd683fd
202609,CA,B0DTTTJWYH,Tablet,us_map,,1.0,N,20261002-123830-dd683fd
202609,CA,B0D8VWT838,Other,us_map,,1.0,N,20261002-123830-dd683fd
202609,CA,B0DY7QKBK7,Tablet,us_map,,1.0,N,20261002-123830-dd683fd
202609,CA,B0C46TXHWG,Handheld,us_map,,1.0,N,20261002-123830-dd683fd
202609,CA,B0FRFM34S9,Handheld,us_map,,1.0,N,20261002-123830-dd683fd
202609,CA,B0CLRCBP8H,Cable/Adapter,keyword,cable_adapter,0.9,N,20261002-123830-dd683fd
202609,CA,B07YD6ZXTZ,Dongle,us_map,,1.0,N,20261002-123830-dd683fd
202609,CA,B01EHL39ZU,Tablet,us_map,,1.0,N,20261002-123830-dd683fd
202609,CA,B0GT5144VL,Handheld,keyword,handheld,0.9,N,20261002-123830-dd683fd
202609,CA,B0G1ZR2KHK,Other,default_other,,0.0,N,20261002-123830-dd683fd
202609,CA,B0G1VCJ18F,Dongle,keyword,dongle,0.9,N,20261002-123830-dd683fd
202609,CA,B0CDDB5CV5,Cable/Adapter,keyword,cable_adapter,0.9,N,20261002-123830-dd683fd
202609,CA,B09TKZ5RF4,Cable/Adapter,us_map,,1.0,N,20261002-123830-dd683fd
202609,CA,B07DVNRHP9,Handheld,us_map,,1.0,N,20261002-123830-dd683fd
202609,CA,B0CQV8RDFZ,Cable/Adapter,us_map,,1.0,N,20261002-123830-dd683fd
202609,CA,B0DF31J5ZN,Cable/Adapter,us_map,,1.0,N,20261002-123830-dd683fd
202609,CA,B0DGCMVZNZ,Other,default_other,,0.0,N,20261002-123830-dd683fd
202609,CA,B0F6XZFHG7,Cable/Adapter,us_map,,1.0,N,20261002-123830-dd683fd
202609,CA,B0D9NX6SYS,Handheld,us_map,,1.0,N,20261002-123830-dd683fd
202609,CA,B07DFSQHBX,Handheld,us_map,,1.0,N,20261002-123830-dd683fd
202609,CA,B0CRHR2YNF,Cable/Adapter,us_map,,1.0,N,20261002-123830-dd683fd
202609,CA,B0G1ZDN55M,Other,default_other,,0.0,N,20261002-123830-dd683fd
202609,CA,B0D66KPJHP,Other,default_other,,0.0,N,20261002-123830-dd683fd
202609,CA,B07SX7QHS9,Cable/Adapter,us_map,,1.0,N,20261002-123830-dd683fd
202609,CA,B0G4W81P13,Cable/Adapter,us_map,,1.0,N,20261002-123830-dd683fd
202609,CA,B0DZH6D7F9,Handheld,us_map,,1.0,N,20261002-123830-dd683fd
202609,CA,B0CL2BPJ47,Tablet,us_map,,1.0,N,20261002-123830-dd683fd
202609,CA,B0C5TQ852W,Cable/Adapter,keyword,cable_adapter,0.9,N,20261002-123830-dd683fd
202609,CA,B08NXX2MDY,Other,default_other,,0.0,N,20261002-123830-dd683fd
202609,CA,B00P903ZXU,Cable/Adapter,us_map,,1.0,N,20261002-123830-dd683fd
202609,CA,B0DFBWR67M,Handheld,us_map,,1.0,N,20261002-123830-dd683fd
202609,CA,B07L6WWL62,Tablet,us_map,,1.0,N,20261002-123830-dd683fd
202609,CA,B087CXYZ3Y,Cable/Adapter,keyword,cable_adapter,0.9,N,20261002-123830-dd683fd
202609,CA,B0FLY4Y64K,Cable/Adapter,keyword,cable_adapter,0.9,N,20261002-123830-dd683fd
202609,CA,B0FLY5X81S,Cable/Adapter,keyword,cable_adapter,0.9,N,20261002-123830-dd683fd
202609,CA,B0C9HWBL9Q,Handheld,us_map,,1.0,N,20261002-123830-dd683fd
202609,CA,B0FLY5WRK8,Cable/Adapter,keyword,cable_adapter,0.9,N,20261002-123830-dd683fd
202609,CA,B0BG2M47V2,Handheld,us_map,,1.0,N,20261002-123830-dd683fd
202609,CA,B086SCZNYW,Cable/Adapter,us_map,,1.0,N,20261002-123830-dd683fd
202609,CA,B0BY8Q8KWQ,Handheld,us_map,,1.0,N,20261002-123830-dd683fd
202609,CA,B0D8HQG673,Dongle,us_map,,1.0,N,20261002-123830-dd683fd
202609,CA,B0D4HWV2FV,Dongle,us_map,,1.0,N,20261002-123830-dd683fd
202609,CA,B089KD1L9Q,Handheld,us_map,,1.0,N,20261002-123830-dd683fd
202609,CA,B0D32BNNQ9,Dongle,us_map,,1.0,N,20261002-123830-dd683fd
202609,CA,B0D4Q6PLH5,Dongle,us_map,,1.0,N,20261002-123830-dd683fd
202609,CA,B0BZ4FF45W,Cable/Adapter,us_map,,1.0,N,20261002-123830-dd683fd
202609,CA,B081ZBQDDY,Cable/Adapter,keyword,cable_adapter,0.9,N,20261002-123830-dd683fd
202609,CA,B0DL8LJTV9,Cable/Adapter,us_map,,1.0,N,20261002-123830-dd683fd
202609,CA,B0B1MHSMBW,Dongle,us_map,,1.0,N,20261002-123830-dd683fd
202609,CA,B07PFHWHXD,Handheld,us_map,,1.0,N,20261002-123830-dd683fd
202609,CA,B09GV3MF4N,Other,us_map,,1.0,N,20261002-123830-dd683fd
202609,CA,B07PXQVKBY,Handheld,us_map,,1.0,N,20261002-123830-dd683fd
202609,CA,B00NGVOJV6,Cable/Adapter,keyword,cable_adapter,0.9,N,20261002-123830-dd683fd
202609,CA,B0DCJYYK13,Dongle,us_map,,1.0,N,20261002-123830-dd683fd
202609,CA,B0FGXR4G6T,Cable/Adapter,us_map,,1.0,N,20261002-123830-dd683fd
202609,CA,B07GRG44FP,Handheld,us_map,,1.0,N,20261002-123830-dd683fd
202609,CA,B0GL2FW97F,Handheld,us_map,,1.0,N,20261002-123830-dd683fd
202609,CA,B0CC4WXCPG,Cable/Adapter,us_map,,1.0,N,20261002-123830-dd683fd
202609,CA,B0GS5TPTST,Tablet,us_map,,1.0,N,20261002-123830-dd683fd
202609,CA,B0C95YKRB7,Cable/Adapter,us_map,,1.0,N,20261002-123830-dd683fd
202609,CA,B0C85CQ4XL,Handheld,us_map,,1.0,N,20261002-123830-dd683fd
202609,CA,B0CTCD26ZF,Cable/Adapter,keyword,cable_adapter,0.9,N,20261002-123830-dd683fd
202609,CA,B0GMK8L3SB,Other,default_other,,0.0,N,20261002-123830-dd683fd
202609,CA,B0CNPXHPPM,Cable/Adapter,us_map,,1.0,N,20261002-123830-dd683fd
202609,CA,B0GTMNMV4D,Cable/Adapter,keyword,cable_adapter,0.9,N,20261002-123830-dd683fd
202609,CA,B0C17PQSSQ,Cable/Adapter,keyword,cable_adapter,0.9,N,20261002-123830-dd683fd
202609,CA,B0C8NG4278,Other,default_other,,0.0,N,20261002-123830-dd683fd
202609,CA,B07WGGK1CW,Handheld,keyword,handheld,0.9,N,20261002-123830-dd683fd
202609,CA,B0DTDXZSHM,Tablet,us_map,,1.0,N,20261002-123830-dd683fd
202609,CA,B0CZJHMBGJ,Cable/Adapter,us_map,,1.0,N,20261002-123830-dd683fd
202609,CA,B0CTK9GF5Z,Handheld,us_map,,1.0,N,20261002-123830-dd683fd
202609,CA,B07GT2NPDN,Cable/Adapter,us_map,,1.0,N,20261002-123830-dd683fd
202609,CA,B0CG9J5H6R,Handheld,us_map,,1.0,N,20261002-123830-dd683fd
202609,CA,B0F26CZRFF,Tablet,us_map,,1.0,N,20261002-123830-dd683fd
202609,CA,B0DKHMPYVP,Tablet,us_map,,1.0,N,20261002-123830-dd683fd
202609,CA,B07BNXNNMS,Handheld,us_map,,1.0,N,20261002-123830-dd683fd
202609,CA,B0DZ6BHWVV,Cable/Adapter,keyword,cable_adapter,0.9,N,20261002-123830-dd683fd
202609,CA,B0F9Y2W4ZW,Cable/Adapter,us_map,,1.0,N,20261002-123830-dd683fd
202609,CA,B01N6RKE29,Handheld,us_map,,1.0,N,20261002-123830-dd683fd
202609,CA,B07W6YYLY8,Tablet,us_map,,1.0,N,20261002-123830-dd683fd
202609,CA,B0DCB917LV,Other,us_map,,1.0,N,20261002-123830-dd683fd
202609,CA,B0CGJ21ZCK,Handheld,us_map,,1.0,N,20261002-123830-dd683fd
202609,CA,B01C60AKEM,Handheld,us_map,,1.0,N,20261002-123830-dd683fd
202609,CA,B0BLHM6SFC,Cable/Adapter,keyword,cable_adapter,0.9,N,20261002-123830-dd683fd
202609,CA,B0BZ2ZDWPB,Cable/Adapter,us_map,,1.0,N,20261002-123830-dd683fd
202609,CA,B0D2W1SNJH,Dongle,us_map,,1.0,N,20261002-123830-dd683fd
202609,CA,B0DHZJDFPN,Cable/Adapter,us_map,,1.0,N,20261002-123830-dd683fd
202609,CA,B0FN35ZTJ6,Handheld,us_map,,1.0,N,20261002-123830-dd683fd
202609,CA,B0D1PBD3BG,Cable/Adapter,us_map,,1.0,N,20261002-123830-dd683fd
202609,CA,B0DRFLSN4S,Other,default_other,,0.0,N,20261002-123830-dd683fd
202609,CA,B08PD7WNNF,Tablet,us_map,,1.0,N,20261002-123830-dd683fd
202609,CA,B0DM82QXFY,Cable/Adapter,us_map,,1.0,N,20261002-123830-dd683fd
202609,CA,B085351MLQ,Cable/Adapter,keyword,cable_adapter,0.9,N,20261002-123830-dd683fd
202609,CA,B0C2ZX1GV2,OBD1,keyword,obd1,0.9,N,20261002-123830-dd683fd
202609,CA,B07F9XPZ6W,Cable/Adapter,us_map,,1.0,N,20261002-123830-dd683fd
202609,CA,B07KR4GZXN,Tablet,us_map,,1.0,N,20261002-123830-dd683fd
202609,CA,B0CGJCFWD4,Handheld,us_map,,1.0,N,20261002-123830-dd683fd
202609,CA,B0FS1HRKM2,Cable/Adapter,us_map,,1.0,N,20261002-123830-dd683fd
202609,CA,B089VKS44X,Other,keyword,gauge_hud,0.9,N,20261002-123830-dd683fd
202609,CA,B0FJFHBWSF,Dongle,us_map,,1.0,N,20261002-123830-dd683fd
202609,CA,B0BRXPZMGS,Handheld,us_map,,1.0,N,20261002-123830-dd683fd
202609,CA,B0BPPF19SM,Tablet,keyword,price_tablet_hint,0.9,N,20261002-123830-dd683fd
202609,CA,B0DKH5871C,Tablet,us_map,,1.0,N,20261002-123830-dd683fd
202609,CA,B0CHP8G8ZK,Other,default_other,,0.0,N,20261002-123830-dd683fd
202609,CA,B0F38MDM2H,Tablet,us_map,,1.0,N,20261002-123830-dd683fd
202609,CA,B0CRD2G581,Cable/Adapter,us_map,,1.0,N,20261002-123830-dd683fd
202609,CA,B0DD3Z311Z,Cable/Adapter,us_map,,1.0,N,20261002-123830-dd683fd
202609,CA,B0DP4LVWWX,Cable/Adapter,us_map,,1.0,N,20261002-123830-dd683fd
202609,CA,B0CSG1C4CK,Cable/Adapter,keyword,cable_adapter,0.9,N,20261002-123830-dd683fd
202609,CA,B0FR8K9F4P,Tablet,us_map,,1.0,N,20261002-123830-dd683fd
202609,CA,B0BL34YRYP,Handheld,us_map,,1.0,N,20261002-123830-dd683fd
202609,CA,B07RMXBTG8,Cable/Adapter,us_map,,1.0,N,20261002-123830-dd683fd
202609,CA,B0B3891XCC,Cable/Adapter,keyword,cable_adapter,0.9,N,20261002-123830-dd683fd
202609,CA,B0BXKKZXMZ,Handheld,us_map,,1.0,N,20261002-123830-dd683fd
202609,CA,B0755N61PW,Handheld,us_map,,1.0,N,20261002-123830-dd683fd
202609,CA,B098XW1YBB,Handheld,us_map,,1.0,N,20261002-123830-dd683fd
202609,CA,B08784HV7R,Cable/Adapter,us_map,,1.0,N,20261002-123830-dd683fd
202609,CA,B01GXH21DM,Dongle,keyword,dongle,0.9,N,20261002-123830-dd683fd
202609,CA,B0D2V1RVN4,Handheld,us_map,,1.0,N,20261002-123830-dd683fd
202609,CA,B08HV4JZBK,Cable/Adapter,keyword,cable_adapter,0.9,N,20261002-123830-dd683fd
202609,CA,B0DT957S6T,Cable/Adapter,keyword,cable_adapter,0.9,N,20261002-123830-dd683fd
202609,CA,B0CWTZ7K7Z,Cable/Adapter,keyword,cable_adapter,0.9,N,20261002-123830-dd683fd
202609,CA,B0C5QDBC7X,Handheld,us_map,,1.0,N,20261002-123830-dd683fd
202609,CA,B0FRXZTCCG,Cable/Adapter,keyword,cable_adapter,0.9,N,20261002-123830-dd683fd
202609,CA,B09LD27XKV,Tablet,us_map,,1.0,N,20261002-123830-dd683fd
202609,CA,B0D2NBX473,Cable/Adapter,us_map,,1.0,N,20261002-123830-dd683fd
202609,CA,B0CSX3F5GR,Cable/Adapter,us_map,,1.0,N,20261002-123830-dd683fd
202609,CA,B0DFY6CCSV,Other,us_map,,1.0,N,20261002-123830-dd683fd
202609,CA,1563926121,Other,default_other,,0.0,N,20261002-123830-dd683fd
202609,CA,B087JF1WZX,Handheld,us_map,,1.0,N,20261002-123830-dd683fd
202609,CA,B07Y1VNQPG,Tablet,us_map,,1.0,N,20261002-123830-dd683fd
202609,CA,B0GP239V5V,Handheld,keyword,handheld,0.9,N,20261002-123830-dd683fd
202609,CA,B0021UP5KW,Other,us_map,,1.0,N,20261002-123830-dd683fd
202609,CA,B09GYFFPK7,Tablet,keyword,price_tablet_hint,0.9,N,20261002-123830-dd683fd
202609,CA,B0FS11XMH1,VCI,us_map,,1.0,N,20261002-123830-dd683fd
202609,CA,B0GX25NJLW,Other,default_other,,0.0,N,20261002-123830-dd683fd
202609,CA,B01LZ912XQ,Handheld,us_map,,1.0,N,20261002-123830-dd683fd
202609,CA,B07XK1P8ZT,Handheld,us_map,,1.0,N,20261002-123830-dd683fd
202609,CA,B073CS2RLP,Tablet,us_map,,1.0,N,20261002-123830-dd683fd
202609,CA,B0791CF7T7,Tablet,us_map,,1.0,N,20261002-123830-dd683fd
202609,CA,B0CBMNY9M3,VCI,keyword,vci,0.9,N,20261002-123830-dd683fd
202609,CA,B0D78TYFB7,Other,token_profile,profile:godiag,0.7692307692307693,N,20261002-123830-dd683fd
202609,CA,B0BQ3G6W9B,Tablet,us_map,,1.0,N,20261002-123830-dd683fd
202609,CA,B0B79KD4QL,Handheld,us_map,,1.0,N,20261002-123830-dd683fd
202609,CA,B0D9YWM6PY,Handheld,us_map,,1.0,N,20261002-123830-dd683fd
202609,CA,B0FGZSW23R,Cable/Adapter,keyword,cable_adapter,0.9,N,20261002-123830-dd683fd
202609,CA,B0D78SD41T,Other,token_profile,profile:godiag,0.7692307692307693,N,20261002-123830-dd683fd
202609,CA,B0BPCGZZS3,Handheld,keyword,handheld,0.9,N,20261002-123830-dd683fd
202609,CA,B0C3QFHYKD,Handheld,us_map,,1.0,N,20261002-123830-dd683fd
202609,CA,B0CWP9NG8G,Cable/Adapter,us_map,,1.0,N,20261002-123830-dd683fd
202609,CA,B09T98XMLX,Cable/Adapter,us_map,,1.0,N,20261002-123830-dd683fd
202609,CA,B097NDT52H,Dongle,us_map,,1.0,N,20261002-123830-dd683fd
202609,CA,B09KNDC9PP,Tablet,us_map,,1.0,N,20261002-123830-dd683fd
202609,CA,B079Y72LR4,Handheld,us_map,,1.0,N,20261002-123830-dd683fd
202609,CA,B0DG52MC34,Cable/Adapter,us_map,,1.0,N,20261002-123830-dd683fd
202609,CA,B0DKHBSHZB,Tablet,us_map,,1.0,N,20261002-123830-dd683fd
202609,CA,B09BJJ1RLC,Handheld,us_map,,1.0,N,20261002-123830-dd683fd
202609,CA,B0BBM99RRF,Handheld,us_map,,1.0,N,20261002-123830-dd683fd
202609,CA,B0D9GL67MH,Tablet,us_map,,1.0,N,20261002-123830-dd683fd
202609,CA,B0GL6G61LW,Tablet,us_map,,1.0,N,20261002-123830-dd683fd
202609,CA,B07W92XLR5,Cable/Adapter,keyword,cable_adapter,0.9,N,20261002-123830-dd683fd
202609,CA,B00VSYZ2NC,Handheld,us_map,,1.0,N,20261002-123830-dd683fd
202609,CA,B0CQ26X8B7,Handheld,us_map,,1.0,N,20261002-123830-dd683fd
202609,CA,B09PZTBMYH,Handheld,us_map,,1.0,N,20261002-123830-dd683fd
202609,CA,B0DL95WLLW,Cable/Adapter,keyword,cable_adapter,0.9,N,20261002-123830-dd683fd
202609,CA,B06VW6HM8C,Tablet,us_map,,1.0,N,20261002-123830-dd683fd
202609,CA,B07LBLLQ5F,Handheld,us_map,,1.0,N,20261002-123830-dd683fd
202609,CA,B09KZZT818,Tablet,us_map,,1.0,N,20261002-123830-dd683fd
202609,CA,B0BXL3VGKL,Cable/Adapter,us_map,,1.0,N,20261002-123830-dd683fd
202609,CA,B0DHP65X26,Cable/Adapter,keyword,cable_adapter,0.9,N,20261002-123830-dd683fd
202609,CA,B0019VZ5HM,Handheld,us_map,,1.0,N,20261002-123830-dd683fd
202609,CA,B08FTGBZ7Z,Cable/Adapter,keyword,cable_adapter,0.9,N,20261002-123830-dd683fd
202609,CA,B0D2ZM4HL3,Tablet,us_map,,1.0,N,20261002-123830-dd683fd
202609,CA,B0DT9N32K9,Dongle,us_map,,1.0,N,20261002-123830-dd683fd
202609,CA,B0C2DCY5PR,Handheld,us_map,,1.0,N,20261002-123830-dd683fd
202609,CA,1620920832,Other,default_other,,0.0,N,20261002-123830-dd683fd
202609,CA,B0BXCQZ49H,Handheld,us_map,,1.0,N,20261002-123830-dd683fd
202609,CA,B0B3GDTWYM,Other,default_other,,0.0,N,20261002-123830-dd683fd
202609,CA,B091GN16HC,Handheld,us_map,,1.0,N,20261002-123830-dd683fd
202609,CA,B0DL8S8FX9,Cable/Adapter,us_map,,1.0,N,20261002-123830-dd683fd
202609,CA,B0C4NZMRN1,Handheld,us_map,,1.0,N,20261002-123830-dd683fd
202609,CA,B0BXJL72BG,Cable/Adapter,us_map,,1.0,N,20261002-123830-dd683fd
202609,CA,B0BM5RNQHH,VCI,us_map,,1.0,N,20261002-123830-dd683fd
202609,CA,B0FB8CHTSX,Handheld,us_map,,1.0,N,20261002-123830-dd683fd
202609,CA,B01LXK85P7,Handheld,us_map,,1.0,N,20261002-123830-dd683fd
202609,CA,B07JQ8GNTR,Handheld,us_map,,1.0,N,20261002-123830-dd683fd
202609,CA,B093X3S6QY,Cable/Adapter,us_map,,1.0,N,20261002-123830-dd683fd
202609,CA,B0C2DC88QC,Handheld,us_map,,1.0,N,20261002-123830-dd683fd
202609,CA,B09T6SZ3ZJ,Other,default_other,,0.0,N,20261002-123830-dd683fd
202609,CA,B0GP7ZH226,Cable/Adapter,keyword,cable_adapter,0.9,N,20261002-123830-dd683fd
202609,CA,B0C1GGCTQV,Cable/Adapter,us_map,,1.0,N,20261002-123830-dd683fd
202609,CA,B0C4LDXXTM,Handheld,keyword,handheld,0.9,N,20261002-123830-dd683fd
202609,CA,B0DFPK5PQ8,Cable/Adapter,us_map,,1.0,N,20261002-123830-dd683fd
202609,CA,B0FF8SS2C5,Other,us_map,,1.0,N,20261002-123830-dd683fd
202609,CA,B0DZP1XWLD,Other,us_map,,1.0,N,20261002-123830-dd683fd
202609,CA,B0BRDJ2DFF,Handheld,us_map,,1.0,N,20261002-123830-dd683fd
202609,CA,B07DKVCC91,Handheld,us_map,,1.0,N,20261002-123830-dd683fd
202609,CA,B01EW83OCQ,Handheld,us_map,,1.0,N,20261002-123830-dd683fd
202609,CA,B0C2D7J4KX,Handheld,us_map,,1.0,N,20261002-123830-dd683fd
202609,CA,B0CXDYSWDD,Tablet,us_map,,1.0,N,20261002-123830-dd683fd
202609,CA,B0CNSLR1VL,Tablet,us_map,,1.0,N,20261002-123830-dd683fd
202609,CA,B08V52GHM3,Key,keyword,key,0.9,N,20261002-123830-dd683fd
202609,CA,B0GH7NKB3F,Other,default_other,,0.0,N,20261002-123830-dd683fd
202609,CA,B09VCKDX78,Cable/Adapter,keyword,cable_adapter,0.9,N,20261002-123830-dd683fd
202609,CA,B0DY7RJ1YP,Handheld,us_map,,1.0,N,20261002-123830-dd683fd
202609,CA,B0FG7MM3FV,Other,default_other,,0.0,N,20261002-123830-dd683fd
202609,CA,1563922215,Other,default_other,,0.0,N,20261002-123830-dd683fd
202609,CA,B0D93GFSK1,Handheld,us_map,,1.0,N,20261002-123830-dd683fd
202609,CA,B09SNSJ2NB,Cable/Adapter,keyword,cable_adapter,0.9,N,20261002-123830-dd683fd
202609,CA,B0DLNC4YCF,Cable/Adapter,us_map,,1.0,N,20261002-123830-dd683fd
202609,CA,B08PKMFRX3,Handheld,us_map,,1.0,N,20261002-123830-dd683fd
202609,CA,B0CQ27387X,Handheld,us_map,,1.0,N,20261002-123830-dd683fd
202609,CA,B0FXR44R95,Other,us_map,,1.0,N,20261002-123830-dd683fd
202609,CA,B01N3V50Q6,Handheld,us_map,,1.0,N,20261002-123830-dd683fd
202609,CA,B0BLHM3MLR,Cable/Adapter,keyword,cable_adapter,0.9,N,20261002-123830-dd683fd
202609,CA,B08JVNX8GQ,Other,default_other,,0.0,N,20261002-123830-dd683fd
202609,CA,B08DHZYDHS,Handheld,us_map,,1.0,N,20261002-123830-dd683fd
202609,CA,B0C71Q3VD9,Cable/Adapter,keyword,cable_adapter,0.9,N,20261002-123830-dd683fd
202609,CA,B097NF3D6Q,Cable/Adapter,us_map,,1.0,N,20261002-123830-dd683fd
202609,CA,B0DRNMNLQJ,Cable/Adapter,keyword,cable_adapter,0.9,N,20261002-123830-dd683fd
202609,CA,B07SBG6V53,Cable/Adapter,keyword,cable_adapter,0.9,N,20261002-123830-dd683fd
202609,CA,B09QBTQFMD,Handheld,us_map,,1.0,N,20261002-123830-dd683fd
202609,CA,B0CHMKW2YX,Key,keyword,key,0.9,N,20261002-123830-dd683fd
202609,CA,B08F5J9DCN,Handheld,us_map,,1.0,N,20261002-123830-dd683fd
202609,CA,B0B15KHTCC,Cable/Adapter,keyword,cable_adapter,0.9,N,20261002-123830-dd683fd
202609,CA,B0CQ28BFSK,Handheld,us_map,,1.0,N,20261002-123830-dd683fd
202609,CA,B0CYPZ8767,VCI,us_map,,1.0,N,20261002-123830-dd683fd
202609,CA,B0DGPZ7372,Tablet,us_map,,1.0,N,20261002-123830-dd683fd
202609,CA,B08T69LFMG,Cable/Adapter,keyword,cable_adapter,0.9,N,20261002-123830-dd683fd
202609,CA,B07NBYWXHL,OBD1,keyword,obd1,0.9,N,20261002-123830-dd683fd
202609,CA,B0B1WXW89B,Other,default_other,,0.0,N,20261002-123830-dd683fd
202609,CA,B0BGXJ5FKX,Handheld,us_map,,1.0,N,20261002-123830-dd683fd
202609,CA,B000CMJM1Y,Other,default_other,,0.0,N,20261002-123830-dd683fd
202609,CA,B0F6CJSGMY,Tablet,us_map,,1.0,N,20261002-123830-dd683fd
202609,CA,B0CQXLGBJN,Cable/Adapter,keyword,cable_adapter,0.9,N,20261002-123830-dd683fd
202609,CA,B083FML519,Cable/Adapter,us_map,,1.0,N,20261002-123830-dd683fd
202609,CA,B0FSZPGN9X,Tablet,us_map,,1.0,N,20261002-123830-dd683fd
202609,CA,B0DT1GHNSG,Handheld,keyword,handheld,0.9,N,20261002-123830-dd683fd
202609,CA,B011DKBXBK,Tablet,us_map,,1.0,N,20261002-123830-dd683fd
202609,CA,B07YDP2JTP,Tablet,us_map,,1.0,N,20261002-123830-dd683fd
202609,CA,B0C1GM3YP4,Cable/Adapter,us_map,,1.0,N,20261002-123830-dd683fd
202609,CA,1563921162,Other,default_other,,0.0,N,20261002-123830-dd683fd
202609,CA,B0C1G6G2DK,Cable/Adapter,us_map,,1.0,N,20261002-123830-dd683fd
202609,CA,B0H4M36FTT,Tablet,us_map,,1.0,N,20261002-123830-dd683fd
202609,CA,B0CQ24633G,Handheld,us_map,,1.0,N,20261002-123830-dd683fd
202609,CA,B0CQ28S8KR,Handheld,us_map,,1.0,N,20261002-123830-dd683fd
202609,CA,B0CBFGRB9N,Handheld,us_map,,1.0,N,20261002-123830-dd683fd
202609,CA,B077SB3YQH,Handheld,keyword,handheld,0.9,N,20261002-123830-dd683fd
202609,CA,B0DPFBMSGK,Handheld,us_map,,1.0,N,20261002-123830-dd683fd
202609,CA,B087D2LJ5M,Cable/Adapter,us_map,,1.0,N,20261002-123830-dd683fd
202609,CA,B0CW1HYTVQ,Cable/Adapter,us_map,,1.0,N,20261002-123830-dd683fd
202609,CA,B07FMSKLJK,Cable/Adapter,us_map,,1.0,N,20261002-123830-dd683fd
202609,CA,1563927403,Other,default_other,,0.0,N,20261002-123830-dd683fd
202609,CA,B08GKVSCWW,Other,us_map,,1.0,N,20261002-123830-dd683fd
202609,CA,B0826N28PJ,Cable/Adapter,us_map,,1.0,N,20261002-123830-dd683fd
202609,CA,B0D9BCSL2W,Cable/Adapter,us_map,,1.0,N,20261002-123830-dd683fd
202609,CA,B0D69ZTN6B,Cable/Adapter,us_map,,1.0,N,20261002-123830-dd683fd
202609,CA,B08CWDH49C,Handheld,us_map,,1.0,N,20261002-123830-dd683fd
202609,CA,B07G3V17VH,Other,us_map,,1.0,N,20261002-123830-dd683fd
202609,CA,B0CP4NZCZM,Dongle,us_map,,1.0,N,20261002-123830-dd683fd
202609,CA,B0CPHW9M28,Cable/Adapter,keyword,cable_adapter,0.9,N,20261002-123830-dd683fd
202609,CA,B0B1PPJK6Y,Handheld,us_map,,1.0,N,20261002-123830-dd683fd
202609,CA,B0G1YKFH9Y,Cable/Adapter,us_map,,1.0,N,20261002-123830-dd683fd
202609,CA,B08FCJYF32,Handheld,us_map,,1.0,N,20261002-123830-dd683fd
202609,CA,B0FHZVPKQ7,Cable/Adapter,keyword,cable_adapter,0.9,N,20261002-123830-dd683fd
202609,CA,B0CF4HN35Q,Cable/Adapter,keyword,cable_adapter,0.9,N,20261002-123830-dd683fd
202609,CA,B0FKN6LJRN,Tablet,us_map,,1.0,N,20261002-123830-dd683fd
202609,CA,B0BW8B4D9Y,Tablet,us_map,,1.0,N,20261002-123830-dd683fd
202609,CA,B0CTCVJSQH,Dongle,us_map,,1.0,N,20261002-123830-dd683fd
202609,CA,B0BZ82WQ4Q,Tablet,us_map,,1.0,N,20261002-123830-dd683fd
202609,CA,B0BW8BHRRL,Handheld,us_map,,1.0,N,20261002-123830-dd683fd
202609,CA,B06XP5XKRS,Other,us_map,,1.0,N,20261002-123830-dd683fd
202609,CA,B00XQ3I2AS,Handheld,us_map,,1.0,N,20261002-123830-dd683fd
202609,CA,B0C3HXTNLL,Handheld,us_map,,1.0,N,20261002-123830-dd683fd
202609,CA,B0CY9QYNB6,Cable/Adapter,keyword,cable_adapter,0.9,N,20261002-123830-dd683fd
202609,CA,B06XYP84KM,Handheld,us_map,,1.0,N,20261002-123830-dd683fd
202609,CA,B0FH4FPPLL,Tablet,us_map,,1.0,N,20261002-123830-dd683fd
202609,CA,B0BFCRZHGD,Cable/Adapter,keyword,cable_adapter,0.9,N,20261002-123830-dd683fd
202609,CA,B0CJNKHKBB,Cable/Adapter,us_map,,1.0,N,20261002-123830-dd683fd
202609,CA,B0DZMMVZ1B,Other,us_map,,1.0,N,20261002-123830-dd683fd
202609,CA,B0CR6RL6Q2,Cable/Adapter,us_map,,1.0,N,20261002-123830-dd683fd
202609,CA,B0CS6RXD8Y,Handheld,us_map,,1.0,N,20261002-123830-dd683fd
202609,CA,B08JCP3VQQ,Tablet,us_map,,1.0,N,20261002-123830-dd683fd
202609,CA,B0BP16455W,Handheld,us_map,,1.0,N,20261002-123830-dd683fd
202609,CA,B0FNLWG8RP,Cable/Adapter,keyword,cable_adapter,0.9,N,20261002-123830-dd683fd
202609,CA,B0CPXKPM1W,Cable/Adapter,us_map,,1.0,N,20261002-123830-dd683fd
202609,CA,B0CPLB7FHM,Cable/Adapter,keyword,cable_adapter,0.9,N,20261002-123830-dd683fd
202609,CA,B07JYFD5TJ,Cable/Adapter,keyword,cable_adapter,0.9,N,20261002-123830-dd683fd
202609,CA,B098BK63PG,Cable/Adapter,keyword,cable_adapter,0.9,N,20261002-123830-dd683fd
202609,CA,B0CTCXWZJT,Cable/Adapter,us_map,,1.0,N,20261002-123830-dd683fd
202609,CA,B0DCQSKMPS,Cable/Adapter,us_map,,1.0,N,20261002-123830-dd683fd
202609,CA,B0DJKPZ881,Cable/Adapter,us_map,,1.0,N,20261002-123830-dd683fd
202609,CA,B0BX216JJG,Cable/Adapter,us_map,,1.0,N,20261002-123830-dd683fd
202609,CA,B08ZH9T8C7,Tablet,us_map,,1.0,N,20261002-123830-dd683fd
202609,CA,B0FVFQCJ41,Tablet,us_map,,1.0,N,20261002-123830-dd683fd
202609,CA,B0BGG67F8J,Handheld,us_map,,1.0,N,20261002-123830-dd683fd
202609,CA,B0BY7532RF,Cable/Adapter,keyword,cable_adapter,0.9,N,20261002-123830-dd683fd
202609,CA,1563924552,Other,default_other,,0.0,N,20261002-123830-dd683fd
202609,CA,B0F2MRGFD3,OBD1,us_map,,1.0,N,20261002-123830-dd683fd
202609,CA,B07WNS5HR8,Probe,us_map,,1.0,N,20261002-123830-dd683fd
202609,CA,B0B2RW9DYD,Cable/Adapter,keyword,cable_adapter,0.9,N,20261002-123830-dd683fd
202609,CA,B0GFT1ZBJP,Handheld,keyword,handheld,0.9,N,20261002-123830-dd683fd
202609,CA,B0BVH84V49,Handheld,us_map,,1.0,N,20261002-123830-dd683fd
202609,CA,B0D8PGZHF8,Cable/Adapter,us_map,,1.0,N,20261002-123830-dd683fd
202609,CA,B0BD94N7TP,Cable/Adapter,keyword,cable_adapter,0.9,N,20261002-123830-dd683fd
202609,CA,B0CTCYS6BX,Cable/Adapter,us_map,,1.0,N,20261002-123830-dd683fd
202609,CA,B0BRZ3LMLY,Cable/Adapter,us_map,,1.0,N,20261002-123830-dd683fd
202609,CA,B08P6HDWHS,Handheld,keyword,handheld,0.9,N,20261002-123830-dd683fd
202609,CA,B08FHLY6VQ,OBD1,keyword,obd1,0.9,N,20261002-123830-dd683fd
202609,CA,B097TG17T9,Cable/Adapter,keyword,cable_adapter,0.9,N,20261002-123830-dd683fd
202609,CA,B07V9X4P5N,Handheld,us_map,,1.0,N,20261002-123830-dd683fd
202609,CA,B0BZJ55DXN,Handheld,us_map,,1.0,N,20261002-123830-dd683fd
202609,CA,B0C1YGJ96S,Handheld,us_map,,1.0,N,20261002-123830-dd683fd
202609,CA,B0CYNYY7R7,Cable/Adapter,us_map,,1.0,N,20261002-123830-dd683fd
202609,CA,B0BXJN8ML6,Handheld,us_map,,1.0,N,20261002-123830-dd683fd
202609,CA,B0FN3K5NNM,Handheld,us_map,,1.0,N,20261002-123830-dd683fd
202609,CA,B0FRMTSRJX,Other,default_other,,0.0,N,20261002-123830-dd683fd
202609,CA,B0D5MC58JP,Tablet,us_map,,1.0,N,20261002-123830-dd683fd
202609,CA,B0F9XZN9BV,Cable/Adapter,us_map,,1.0,N,20261002-123830-dd683fd
202609,CA,B0FFGXJXKY,Handheld,us_map,,1.0,N,20261002-123830-dd683fd
202609,CA,B0859H21JQ,Handheld,us_map,,1.0,N,20261002-123830-dd683fd
202609,CA,B0D62Z3ZGV,Cable/Adapter,us_map,,1.0,N,20261002-123830-dd683fd
202609,CA,B0F6VHLQ3Y,Tablet,us_map,,1.0,N,20261002-123830-dd683fd
202609,CA,B08VJKNKNF,OBD1,keyword,obd1,0.9,N,20261002-123830-dd683fd
202609,CA,B0DSL7ZF96,Handheld,us_map,,1.0,N,20261002-123830-dd683fd
202609,CA,B07WRPNHNY,Handheld,us_map,,1.0,N,20261002-123830-dd683fd
202609,CA,B09SP5Z369,Cable/Adapter,us_map,,1.0,N,20261002-123830-dd683fd
202609,CA,B0DKZ9ZH38,Handheld,us_map,,1.0,N,20261002-123830-dd683fd
202609,CA,B0D4DNZZM6,Cable/Adapter,us_map,,1.0,N,20261002-123830-dd683fd
202609,CA,B0FP99262F,Tablet,keyword,price_tablet_hint,0.9,N,20261002-123830-dd683fd
202609,CA,B07BF9NQPX,Other,us_map,,1.0,N,20261002-123830-dd683fd
202609,CA,B09PHGZ9X6,OBD1,keyword,obd1,0.9,N,20261002-123830-dd683fd
202609,CA,B0923QDXMG,Cable/Adapter,keyword,cable_adapter,0.9,N,20261002-123830-dd683fd
202609,CA,B00Q7UZF7K,Handheld,us_map,,1.0,N,20261002-123830-dd683fd
202609,CA,B007TMSN5G,Handheld,us_map,,1.0,N,20261002-123830-dd683fd
202609,CA,B0CTCCYQY5,Cable/Adapter,us_map,,1.0,N,20261002-123830-dd683fd
202609,CA,B08YNP8BRZ,Handheld,us_map,,1.0,N,20261002-123830-dd683fd
202609,CA,B09PYMMH86,Tablet,us_map,,1.0,N,20261002-123830-dd683fd
202609,CA,B08F3LQ9KZ,Cable/Adapter,keyword,cable_adapter,0.9,N,20261002-123830-dd683fd
202609,CA,B0DSDNR3QP,Cable/Adapter,us_map,,1.0,N,20261002-123830-dd683fd
202609,CA,B0D6JTL81Z,Cable/Adapter,keyword,cable_adapter,0.9,N,20261002-123830-dd683fd
202609,CA,B0F4MC1PKY,Cable/Adapter,us_map,,1.0,N,20261002-123830-dd683fd
202609,CA,B00L41AKH2,Cable/Adapter,us_map,,1.0,N,20261002-123830-dd683fd
202609,CA,B0CNPYMNFH,Handheld,us_map,,1.0,N,20261002-123830-dd683fd
202609,CA,B0DDT7J8VH,Cable/Adapter,us_map,,1.0,N,20261002-123830-dd683fd
202609,CA,B06XJ6GQZX,Other,default_other,,0.0,N,20261002-123830-dd683fd
202609,CA,B07GT1LX4K,Handheld,us_map,,1.0,N,20261002-123830-dd683fd
202609,CA,B075TF7SPP,Cable/Adapter,keyword,cable_adapter,0.9,N,20261002-123830-dd683fd
202609,CA,B075K7MQFC,Cable/Adapter,keyword,cable_adapter,0.9,N,20261002-123830-dd683fd
202609,CA,B0F5WP1XJQ,Tablet,keyword,price_tablet_hint,0.9,N,20261002-123830-dd683fd
202609,CA,B07VJJ58YH,Other,default_other,,0.0,N,20261002-123830-dd683fd
202609,CA,B0BRV39RQS,Cable/Adapter,keyword,cable_adapter,0.9,N,20261002-123830-dd683fd
202609,CA,B0DL8XWVK6,Cable/Adapter,us_map,,1.0,N,20261002-123830-dd683fd
202609,CA,B088D2N4FV,Key,keyword,key,0.9,N,20261002-123830-dd683fd
202609,CA,B0BND3L36G,Other,default_other,,0.0,N,20261002-123830-dd683fd
202609,CA,B0D7C1J1X3,Cable/Adapter,us_map,,1.0,N,20261002-123830-dd683fd
202609,CA,B0FN7S7DCY,Cable/Adapter,us_map,,1.0,N,20261002-123830-dd683fd
202609,CA,B08SQXZGWK,Handheld,us_map,,1.0,N,20261002-123830-dd683fd
202609,CA,B0DF2WK54W,Cable/Adapter,us_map,,1.0,N,20261002-123830-dd683fd
202609,CA,B0HJH3P1MY,Handheld,keyword,handheld,0.9,N,20261002-123830-dd683fd
202609,CA,B0FNRL2842,OBD1,keyword,obd1,0.9,N,20261002-123830-dd683fd
202609,CA,B0CPJ2MVGP,Cable/Adapter,keyword,cable_adapter,0.9,N,20261002-123830-dd683fd
202609,CA,B0DG2DL5MC,Other,us_map,,1.0,N,20261002-123830-dd683fd
202609,CA,B00U11NQW2,Handheld,us_map,,1.0,N,20261002-123830-dd683fd
202609,CA,B0CQ8JWN7W,Handheld,us_map,,1.0,N,20261002-123830-dd683fd
202609,CA,B08N67DC5D,Handheld,keyword,handheld,0.9,N,20261002-123830-dd683fd
202609,CA,B07PK1HKRG,Cable/Adapter,keyword,cable_adapter,0.9,N,20261002-123830-dd683fd
202609,CA,B0FBWJBQX5,Tablet,us_map,,1.0,N,20261002-123830-dd683fd
202609,CA,B0BJL7PNMC,Handheld,us_map,,1.0,N,20261002-123830-dd683fd
202609,CA,B0CP3YLDLH,Handheld,us_map,,1.0,N,20261002-123830-dd683fd
202609,CA,B0CB62N92T,Handheld,us_map,,1.0,N,20261002-123830-dd683fd
202609,CA,B06XYP9P91,Handheld,us_map,,1.0,N,20261002-123830-dd683fd
202609,CA,B0C3GVR1JG,Handheld,us_map,,1.0,N,20261002-123830-dd683fd
202609,CA,B0C4SFSLW6,Cable/Adapter,us_map,,1.0,N,20261002-123830-dd683fd
202609,CA,B0CCP8BDF9,Dongle,us_map,,1.0,N,20261002-123830-dd683fd
202609,CA,B0C7KRS33D,Other,default_other,,0.0,N,20261002-123830-dd683fd
202609,CA,B0F5M91Q84,Other,us_map,,1.0,N,20261002-123830-dd683fd
202609,CA,B0CTCVR93K,Other,default_other,,0.0,N,20261002-123830-dd683fd
202609,CA,B09BPXMP57,Key,keyword,key,0.9,N,20261002-123830-dd683fd
202609,CA,B0942HPCP4,Cable/Adapter,keyword,cable_adapter,0.9,N,20261002-123830-dd683fd
202609,CA,B0DYV1BY9V,Other,us_map,,1.0,N,20261002-123830-dd683fd
202609,CA,B0C6V5JX9M,Handheld,us_map,,1.0,N,20261002-123830-dd683fd
202609,CA,B0GYP7K1J9,Tablet,us_map,,1.0,N,20261002-123830-dd683fd
202609,CA,B0CB7Q2NG7,Handheld,us_map,,1.0,N,20261002-123830-dd683fd
202609,CA,B0DTK24XKB,Tablet,us_map,,1.0,N,20261002-123830-dd683fd
202609,CA,B0FCXQ14KT,Handheld,us_map,,1.0,N,20261002-123830-dd683fd
202609,CA,B0C86PNYPX,Cable/Adapter,keyword,cable_adapter,0.9,N,20261002-123830-dd683fd
202609,CA,B0C5BZVV91,OBD1,keyword,obd1,0.9,N,20261002-123830-dd683fd
202609,CA,B09MS9C6JF,Handheld,keyword,handheld,0.9,N,20261002-123830-dd683fd
202609,CA,B0BYS1314P,Cable/Adapter,us_map,,1.0,N,20261002-123830-dd683fd
202609,CA,1563928493,Other,default_other,,0.0,N,20261002-123830-dd683fd
202609,CA,B0865T8MRD,Other,us_map,,1.0,N,20261002-123830-dd683fd
202609,CA,B078CY6H6B,Handheld,us_map,,1.0,N,20261002-123830-dd683fd
202609,CA,B08946R6MQ,Handheld,us_map,,1.0,N,20261002-123830-dd683fd
202609,CA,B09RH1X23F,Cable/Adapter,keyword,cable_adapter,0.9,N,20261002-123830-dd683fd
202609,CA,B07XQKD2DG,Handheld,us_map,,1.0,N,20261002-123830-dd683fd
202609,CA,B09M45MLLZ,Handheld,us_map,,1.0,N,20261002-123830-dd683fd
202609,CA,B0C2W6G7RB,Cable/Adapter,keyword,cable_adapter,0.9,N,20261002-123830-dd683fd
202609,CA,B0CQ1P5FQP,Handheld,us_map,,1.0,N,20261002-123830-dd683fd
202609,CA,B07VHNPDY2,OBD1,keyword,obd1,0.9,N,20261002-123830-dd683fd
202609,CA,B00IUIDFSS,Handheld,us_map,,1.0,N,20261002-123830-dd683fd
202609,CA,B0DJ1DKRZQ,Tablet,us_map,,1.0,N,20261002-123830-dd683fd
202609,CA,B0C1G8ZS9L,Cable/Adapter,us_map,,1.0,N,20261002-123830-dd683fd
202609,CA,B092553F37,Handheld,us_map,,1.0,N,20261002-123830-dd683fd
202609,CA,B0C64YNHXD,Handheld,keyword,scanner_lt380,0.8,N,20261002-123830-dd683fd
202609,CA,B0B4QY33K4,Handheld,us_map,,1.0,N,20261002-123830-dd683fd
202609,CA,B09NK3DLKL,Cable/Adapter,keyword,cable_adapter,0.9,N,20261002-123830-dd683fd
202609,CA,B0FW4LZSP2,Other,us_map,,1.0,N,20261002-123830-dd683fd
202609,CA,B0D6GVTD8S,Cable/Adapter,us_map,,1.0,N,20261002-123830-dd683fd
202609,CA,B0D3H41DJS,Other,us_map,,1.0,N,20261002-123830-dd683fd
202609,CA,B0D3H4JH11,Other,us_map,,1.0,N,20261002-123830-dd683fd
202609,CA,B0C7HGRZVQ,Cable/Adapter,keyword,cable_adapter,0.9,N,20261002-123830-dd683fd
202609,CA,B0C4DN5ZGD,Cable/Adapter,keyword,cable_adapter,0.9,N,20261002-123830-dd683fd
202609,CA,B0CRVX1JLN,Cable/Adapter,us_map,,1.0,N,20261002-123830-dd683fd
202609,CA,B0FW4RNHYD,Other,us_map,,1.0,N,20261002-123830-dd683fd
202609,CA,B0CTQSKD13,Other,keyword,gauge_hud,0.9,N,20261002-123830-dd683fd
202609,CA,B072LTNXBS,Handheld,us_map,,1.0,N,20261002-123830-dd683fd
202609,CA,B0BM5KSXJG,Handheld,us_map,,1.0,N,20261002-123830-dd683fd
202609,CA,B0C1RPXXQ8,Tablet,us_map,,1.0,N,20261002-123830-dd683fd
202609,CA,B0DXKMN2J4,Cable/Adapter,us_map,,1.0,N,20261002-123830-dd683fd
202609,CA,B0DKJHML88,Cable/Adapter,us_map,,1.0,N,20261002-123830-dd683fd
202609,CA,B079Y6FP5W,Handheld,us_map,,1.0,N,20261002-123830-dd683fd
202609,CA,B06Y2WRTDS,Handheld,us_map,,1.0,N,20261002-123830-dd683fd
202609,CA,B0DPHVVJ7M,Dongle,keyword,dongle,0.9,N,20261002-123830-dd683fd
202609,CA,B0D3GGYZ2G,Cable/Adapter,us_map,,1.0,N,20261002-123830-dd683fd
202609,CA,B083JTR84L,Handheld,us_map,,1.0,N,20261002-123830-dd683fd
202609,CA,B07KGP7RKP,Handheld,us_map,,1.0,N,20261002-123830-dd683fd
202609,CA,B0C23MFSBR,Handheld,us_map,,1.0,N,20261002-123830-dd683fd
202609,CA,B0BJDCMDKP,Other,keyword,gauge_hud,0.9,N,20261002-123830-dd683fd
202609,CA,B0HBXLQS9B,Dongle,keyword,dongle,0.9,N,20261002-123830-dd683fd
202609,CA,B07MLVFNJQ,Handheld,us_map,,1.0,N,20261002-123830-dd683fd
202609,CA,B0GWNLYPD3,Cable/Adapter,us_map,,1.0,N,20261002-123830-dd683fd
202609,CA,B07KPGZPLL,Handheld,us_map,,1.0,N,20261002-123830-dd683fd
202609,CA,B0DDC844V7,Cable/Adapter,us_map,,1.0,N,20261002-123830-dd683fd
202609,CA,B0CS29WNK7,Cable/Adapter,keyword,cable_adapter,0.9,N,20261002-123830-dd683fd
202609,CA,B07JGCKP5F,Cable/Adapter,us_map,,1.0,N,20261002-123830-dd683fd
202609,CA,B0BRMQ5BCD,Handheld,us_map,,1.0,N,20261002-123830-dd683fd
202609,CA,B08PFRSJB7,Cable/Adapter,keyword,cable_adapter,0.9,N,20261002-123830-dd683fd
202609,CA,B0G5YSFRSK,Cable/Adapter,keyword,cable_adapter,0.9,N,20261002-123830-dd683fd
202609,CA,B0007N1L8A,Other,default_other,,0.0,N,20261002-123830-dd683fd
202609,CA,B0C378XXCX,Dongle,us_map,,1.0,N,20261002-123830-dd683fd
202609,CA,B0FZVT63QC,Handheld,keyword,scanner_lt380,0.8,N,20261002-123830-dd683fd
202609,CA,B0DXVLF1WX,Tablet,us_map,,1.0,N,20261002-123830-dd683fd
202609,CA,B0CS6R26TK,Tablet,us_map,,1.0,N,20261002-123830-dd683fd
202609,CA,B01L962S0I,Handheld,us_map,,1.0,N,20261002-123830-dd683fd
202609,CA,B0DBLQXQ6W,Tablet,us_map,,1.0,N,20261002-123830-dd683fd
202609,CA,156392188X,Other,default_other,,0.0,N,20261002-123830-dd683fd
202609,CA,B07M9YWJ65,Handheld,us_map,,1.0,N,20261002-123830-dd683fd
202609,CA,B0BNTCS699,Cable/Adapter,keyword,cable_adapter,0.9,N,20261002-123830-dd683fd
202609,CA,B0C7WLTQ9M,Handheld,us_map,,1.0,N,20261002-123830-dd683fd
202609,CA,B0BKFVNFC8,Other,us_map,,1.0,N,20261002-123830-dd683fd
202609,CA,B0B21F5MCT,Handheld,us_map,,1.0,N,20261002-123830-dd683fd
202609,CA,B0DKP276HJ,Cable/Adapter,us_map,,1.0,N,20261002-123830-dd683fd
202609,CA,B074XD3TRS,Handheld,us_map,,1.0,N,20261002-123830-dd683fd
202609,CA,B0DJRBLN3Y,Tablet,us_map,,1.0,N,20261002-123830-dd683fd
202609,CA,B08G12HG82,Handheld,us_map,,1.0,N,20261002-123830-dd683fd
202609,CA,B08D6XH48B,Handheld,us_map,,1.0,N,20261002-123830-dd683fd
202609,CA,B0CBCTKD6Z,Handheld,us_map,,1.0,N,20261002-123830-dd683fd
202609,CA,B08YRYP6P4,Other,default_other,,0.0,N,20261002-123830-dd683fd
202609,CA,B0F9FDXS8R,Cable/Adapter,us_map,,1.0,N,20261002-123830-dd683fd
202609,CA,B0CYM3GBF8,Handheld,us_map,,1.0,N,20261002-123830-dd683fd
202609,CA,B0CBQ4S2FV,Handheld,keyword,handheld,0.9,N,20261002-123830-dd683fd
202609,CA,B087PCCF93,OBD1,keyword,obd1,0.9,N,20261002-123830-dd683fd
202609,CA,B07S85FNV4,Handheld,us_map,,1.0,N,20261002-123830-dd683fd
202609,CA,B0C7PHQJX1,Cable/Adapter,keyword,cable_adapter,0.9,N,20261002-123830-dd683fd
202609,CA,B08M64BKP6,Handheld,us_map,,1.0,N,20261002-123830-dd683fd
202609,CA,B08CBW1343,Other,default_other,,0.0,N,20261002-123830-dd683fd
202609,CA,B0FCXMGGPN,Handheld,us_map,,1.0,N,20261002-123830-dd683fd
202609,CA,B07KG1BB11,Other,default_other,,0.0,N,20261002-123830-dd683fd
202609,CA,B0BN598YN8,Handheld,us_map,,1.0,N,20261002-123830-dd683fd
202609,CA,B08NWG8KXG,Cable/Adapter,us_map,,1.0,N,20261002-123830-dd683fd
202609,CA,B07ZVFHR7J,Handheld,us_map,,1.0,N,20261002-123830-dd683fd
202609,CA,B08M9WV64P,Probe,keyword,probe,0.9,N,20261002-123830-dd683fd
202609,CA,B0DXBWLGZF,Dongle,keyword,dongle,0.9,N,20261002-123830-dd683fd
202609,CA,B0893BJ3XN,Handheld,us_map,,1.0,N,20261002-123830-dd683fd
202609,CA,B088YF1GGB,Cable/Adapter,keyword,cable_adapter,0.9,N,20261002-123830-dd683fd
202609,CA,B0893CG3HF,Handheld,us_map,,1.0,N,20261002-123830-dd683fd
202609,CA,B00S8KJHBM,Handheld,us_map,,1.0,N,20261002-123830-dd683fd
202609,CA,B0C9WG9WPR,Dongle,keyword,dongle,0.9,N,20261002-123830-dd683fd
202609,CA,B0CNFGH9KN,Handheld,us_map,,1.0,N,20261002-123830-dd683fd
202609,CA,B0H4PS7TWB,Dongle,keyword,dongle,0.9,N,20261002-123830-dd683fd
202609,CA,B09D3LGLHQ,Cable/Adapter,us_map,,1.0,N,20261002-123830-dd683fd
202609,CA,B0CNF8814S,Handheld,us_map,,1.0,N,20261002-123830-dd683fd
202609,CA,B0GDWTWMG1,Key,keyword,key,0.9,N,20261002-123830-dd683fd
202609,CA,B0C37B5KKC,Handheld,us_map,,1.0,N,20261002-123830-dd683fd
202609,CA,B0F1SJ938Y,Tablet,us_map,,1.0,N,20261002-123830-dd683fd
202609,CA,B0893B863C,Handheld,us_map,,1.0,N,20261002-123830-dd683fd
202609,CA,B089FBK9YT,Handheld,us_map,,1.0,N,20261002-123830-dd683fd
202609,CA,B0DZ2PB4F6,Dongle,keyword,dongle,0.9,N,20261002-123830-dd683fd
202609,CA,B0C7Z4BYZS,Cable/Adapter,keyword,cable_adapter,0.9,N,20261002-123830-dd683fd
202609,CA,B0B56FP6NP,Handheld,us_map,,1.0,N,20261002-123830-dd683fd
202609,CA,B0CDD8BDS6,Cable/Adapter,keyword,cable_adapter,0.9,N,20261002-123830-dd683fd
202609,CA,B09NBN9TL6,Handheld,us_map,,1.0,N,20261002-123830-dd683fd
202609,CA,B0C4FC2DDC,Handheld,us_map,,1.0,N,20261002-123830-dd683fd
202609,CA,B0C1G8GBS6,Cable/Adapter,us_map,,1.0,N,20261002-123830-dd683fd
202609,CA,B09D7Q17YZ,Other,us_map,,1.0,N,20261002-123830-dd683fd
202609,CA,B09CM3P2CK,Cable/Adapter,us_map,,1.0,N,20261002-123830-dd683fd
202609,CA,B078NP9MQP,Other,default_other,,0.0,N,20261002-123830-dd683fd
202609,CA,B01L95PRQG,Handheld,us_map,,1.0,N,20261002-123830-dd683fd
202609,CA,B07L8W2856,Other,default_other,,0.0,N,20261002-123830-dd683fd
202609,CA,B0DJV8ZKJH,Other,us_map,,1.0,N,20261002-123830-dd683fd
202609,CA,B0CPYTM4H4,OBD1,keyword,obd1,0.9,N,20261002-123830-dd683fd
202609,CA,B07QYWKVMF,Other,us_map,,1.0,N,20261002-123830-dd683fd
202609,CA,B09166FZJC,Handheld,keyword,handheld,0.9,N,20261002-123830-dd683fd
202609,CA,B07S9CGVV6,Other,default_other,,0.0,N,20261002-123830-dd683fd
202609,CA,B0BNGNSCZY,Other,default_other,,0.0,N,20261002-123830-dd683fd
202609,CA,B075L94758,Cable/Adapter,keyword,cable_adapter,0.9,N,20261002-123830-dd683fd
202609,CA,B0DL7189LL,Cable/Adapter,us_map,,1.0,N,20261002-123830-dd683fd
202609,CA,B0155K5HMK,Handheld,us_map,,1.0,N,20261002-123830-dd683fd
202609,CA,B08SBGVGKC,Handheld,us_map,,1.0,N,20261002-123830-dd683fd
202609,CA,B07FFF4457,Other,us_map,,1.0,N,20261002-123830-dd683fd
202609,CA,B0CBBJH55B,Cable/Adapter,us_map,,1.0,N,20261002-123830-dd683fd
202609,CA,B09YQ6FJT4,Handheld,us_map,,1.0,N,20261002-123830-dd683fd
202609,CA,B0BYVHPG78,Handheld,us_map,,1.0,N,20261002-123830-dd683fd
202609,CA,B0BF61LCP5,Cable/Adapter,keyword,cable_adapter,0.9,N,20261002-123830-dd683fd
202609,CA,B08B3SF98L,Cable/Adapter,us_map,,1.0,N,20261002-123830-dd683fd
202609,CA,B0CQ3ZG17K,Cable/Adapter,us_map,,1.0,N,20261002-123830-dd683fd
202609,CA,B0D5VQ9F3G,Cable/Adapter,us_map,,1.0,N,20261002-123830-dd683fd
202609,CA,B072XH9GLW,Handheld,us_map,,1.0,N,20261002-123830-dd683fd
202609,CA,B0DT9671P5,VCI,us_map,,1.0,N,20261002-123830-dd683fd
202609,CA,B0FL2FZV7C,Cable/Adapter,us_map,,1.0,N,20261002-123830-dd683fd
202609,CA,B0DY1HS6MT,Cable/Adapter,us_map,,1.0,N,20261002-123830-dd683fd
202609,CA,B08786TN7Q,Handheld,us_map,,1.0,N,20261002-123830-dd683fd
202609,CA,B08TWMWZZR,Cable/Adapter,us_map,,1.0,N,20261002-123830-dd683fd
202609,CA,B0CRR47N8C,Cable/Adapter,us_map,,1.0,N,20261002-123830-dd683fd
202609,CA,1850100500,Other,default_other,,0.0,N,20261002-123830-dd683fd
202609,CA,B07SPHXMKC,Cable/Adapter,us_map,,1.0,N,20261002-123830-dd683fd
202609,CA,B0CRBM9LG2,Handheld,keyword,handheld,0.9,N,20261002-123830-dd683fd
202609,CA,B0GXZZQN3P,Handheld,keyword,handheld,0.9,N,20261002-123830-dd683fd
202609,CA,B0CXTZJ7RW,Cable/Adapter,keyword,cable_adapter,0.9,N,20261002-123830-dd683fd
202609,CA,B08GCBYCWP,Handheld,us_map,,1.0,N,20261002-123830-dd683fd
202609,CA,B0C5NFKJL9,Cable/Adapter,keyword,cable_adapter,0.9,N,20261002-123830-dd683fd
202609,CA,B07KCN69LJ,Handheld,us_map,,1.0,N,20261002-123830-dd683fd
202609,CA,B07W7XVBS9,Cable/Adapter,keyword,cable_adapter,0.9,N,20261002-123830-dd683fd
202609,CA,B0FYLQDFR1,Other,us_map,,1.0,N,20261002-123830-dd683fd
202609,CA,B08KDK7R4L,Handheld,us_map,,1.0,N,20261002-123830-dd683fd
202609,CA,B00UC11M4A,Cable/Adapter,us_map,,1.0,N,20261002-123830-dd683fd
202609,CA,B07VJM5MMY,Tablet,us_map,,1.0,N,20261002-123830-dd683fd
202609,CA,B079KC43WG,Cable/Adapter,us_map,,1.0,N,20261002-123830-dd683fd
202609,CA,B07PM6RG19,Handheld,us_map,,1.0,N,20261002-123830-dd683fd
202609,CA,B0FH1NPSHQ,Dongle,keyword,dongle,0.9,N,20261002-123830-dd683fd
202609,CA,B0C6QRSXSD,Handheld,keyword,handheld,0.9,N,20261002-123830-dd683fd
202609,CA,B0FN4JHLY7,Tablet,us_map,,1.0,N,20261002-123830-dd683fd
202609,CA,B08291F87X,Handheld,us_map,,1.0,N,20261002-123830-dd683fd
202609,CA,B0828YHWFG,Handheld,us_map,,1.0,N,20261002-123830-dd683fd
202609,CA,B0BCW2ZJ17,Handheld,us_map,,1.0,N,20261002-123830-dd683fd
202609,CA,B0D3V6QNH8,Cable/Adapter,us_map,,1.0,N,20261002-123830-dd683fd
202609,CA,B0BK7FTYKR,Cable/Adapter,keyword,cable_adapter,0.9,N,20261002-123830-dd683fd
202609,CA,B0CRDCGT8J,Cable/Adapter,us_map,,1.0,N,20261002-123830-dd683fd
202609,CA,B07V9W69JB,Cable/Adapter,keyword,cable_adapter,0.9,N,20261002-123830-dd683fd
202609,CA,B0DRYN4T8G,Key,keyword,key,0.9,N,20261002-123830-dd683fd
202609,CA,B0DM4JHCG3,Cable/Adapter,us_map,,1.0,N,20261002-123830-dd683fd
202609,CA,B0HDGHF4VM,Dongle,keyword,dongle,0.9,N,20261002-123830-dd683fd
202609,CA,B0D1KFYY6N,Cable/Adapter,us_map,,1.0,N,20261002-123830-dd683fd
202609,CA,B0DDB8D3D3,Cable/Adapter,us_map,,1.0,N,20261002-123830-dd683fd
202609,CA,B07V39YPF7,Handheld,us_map,,1.0,N,20261002-123830-dd683fd
202609,CA,B0D17N2VB7,Cable/Adapter,us_map,,1.0,N,20261002-123830-dd683fd
202609,CA,B0DBHVKGK8,Cable/Adapter,us_map,,1.0,N,20261002-123830-dd683fd
202609,CA,B09GZMM2GP,Dongle,keyword,dongle,0.9,N,20261002-123830-dd683fd
202609,CA,B01BI2PQNY,Handheld,us_map,,1.0,N,20261002-123830-dd683fd
202609,CA,B0C2D7X37X,Handheld,us_map,,1.0,N,20261002-123830-dd683fd
202609,CA,B07QSTC4HX,Handheld,us_map,,1.0,N,20261002-123830-dd683fd
202609,CA,B07CZZBY92,OBD1,keyword,obd1,0.9,N,20261002-123830-dd683fd
202609,CA,B07994V1G5,Dongle,us_map,,1.0,N,20261002-123830-dd683fd
202609,CA,B09BM9NTZ9,Handheld,us_map,,1.0,N,20261002-123830-dd683fd
202609,CA,B0C1V9VV91,Handheld,us_map,,1.0,N,20261002-123830-dd683fd
202609,CA,B0DGCGXZBJ,Tablet,us_map,,1.0,N,20261002-123830-dd683fd
202609,CA,B0FL7HQTPP,Handheld,us_map,,1.0,N,20261002-123830-dd683fd
202609,CA,B0G1T9YH4K,Handheld,us_map,,1.0,N,20261002-123830-dd683fd
202609,CA,B0H79BHFSC,Handheld,keyword,handheld,0.9,N,20261002-123830-dd683fd
202609,CA,B0HBVX4CWT,Handheld,keyword,handheld,0.9,N,20261002-123830-dd683fd
202609,CA,B0CQVN3Z8K,Cable/Adapter,us_map,,1.0,N,20261002-123830-dd683fd
202609,CA,1563923521,Other,default_other,,0.0,N,20261002-123830-dd683fd
202609,CA,B0D7BXX733,OBD1,us_map,,1.0,N,20261002-123830-dd683fd
202609,CA,B0C3RKN4QH,Cable/Adapter,keyword,cable_adapter,0.9,N,20261002-123830-dd683fd
202609,CA,B0CNP4HK4N,Handheld,us_map,,1.0,N,20261002-123830-dd683fd
202609,CA,B0CQVR4TPQ,Cable/Adapter,us_map,,1.0,N,20261002-123830-dd683fd
202609,CA,B0CQVP2BCT,Cable/Adapter,us_map,,1.0,N,20261002-123830-dd683fd
202609,CA,B0BS9QK1TB,Dongle,keyword,dongle,0.9,N,20261002-123830-dd683fd
202609,CA,B07H7G2C34,Handheld,us_map,,1.0,N,20261002-123830-dd683fd
202609,CA,B0CMTLQVK8,Handheld,us_map,,1.0,N,20261002-123830-dd683fd
202609,CA,B0CQJZWFYN,Handheld,us_map,,1.0,N,20261002-123830-dd683fd
202609,CA,B0CZ7DVCN7,Handheld,us_map,,1.0,N,20261002-123830-dd683fd
202609,CA,B0CT5Y6CDG,Cable/Adapter,keyword,cable_adapter,0.9,N,20261002-123830-dd683fd
202609,CA,B0BJVHWTXK,Handheld,us_map,,1.0,N,20261002-123830-dd683fd
202609,CA,B0C5QN2497,Handheld,us_map,,1.0,N,20261002-123830-dd683fd
202609,CA,B08YJQCTH2,Other,keyword,gauge_hud,0.9,N,20261002-123830-dd683fd
202609,CA,B0BVY5KBGN,Handheld,us_map,,1.0,N,20261002-123830-dd683fd
202609,CA,B09R1GZGLR,Handheld,keyword,handheld,0.9,N,20261002-123830-dd683fd
202609,CA,B0F32FL5X4,OBD1,keyword,obd1,0.9,N,20261002-123830-dd683fd
202609,CA,B08NPTW8C4,Cable/Adapter,keyword,cable_adapter,0.9,N,20261002-123830-dd683fd
202609,CA,B0B3SCLM5B,Handheld,us_map,,1.0,N,20261002-123830-dd683fd
202609,CA,B09CP4JVNX,Handheld,us_map,,1.0,N,20261002-123830-dd683fd
202609,CA,B075K9KVRF,Handheld,keyword,scanner_lt380,0.8,N,20261002-123830-dd683fd
202609,CA,B07ZKZ4KDL,Cable/Adapter,keyword,cable_adapter,0.9,N,20261002-123830-dd683fd
202609,CA,B07BW7SSSC,Handheld,us_map,,1.0,N,20261002-123830-dd683fd
202609,CA,B0F28XCZ6Y,Cable/Adapter,us_map,,1.0,N,20261002-123830-dd683fd
202609,CA,B07N3B1CJ5,Cable/Adapter,keyword,cable_adapter,0.9,N,20261002-123830-dd683fd
202609,CA,B07X2W1WSY,Handheld,us_map,,1.0,N,20261002-123830-dd683fd
202609,CA,B0CB7WZCZM,Handheld,us_map,,1.0,N,20261002-123830-dd683fd
202609,CA,B08BZG749D,Handheld,us_map,,1.0,N,20261002-123830-dd683fd
202609,CA,B08FZ46X2M,Handheld,us_map,,1.0,N,20261002-123830-dd683fd
202609,CA,B07KGV1W55,Dongle,keyword,dongle,0.9,N,20261002-123830-dd683fd
202609,CA,B0B9YLGV24,Handheld,us_map,,1.0,N,20261002-123830-dd683fd
202609,CA,B0DGWXM96M,Tablet,keyword,price_tablet_hint,0.9,N,20261002-123830-dd683fd
202609,CA,B0DKHBS9Z1,Tablet,us_map,,1.0,N,20261002-123830-dd683fd
202609,CA,B0CQYVX1MZ,Cable/Adapter,us_map,,1.0,N,20261002-123830-dd683fd
202609,CA,B0CQYXG29L,Cable/Adapter,us_map,,1.0,N,20261002-123830-dd683fd
202609,CA,B07V8KL9H9,Cable/Adapter,keyword,cable_adapter,0.9,N,20261002-123830-dd683fd
202609,CA,B0BXLG6M5C,Handheld,keyword,handheld,0.9,N,20261002-123830-dd683fd
202609,CA,B0F672VMJK,Tablet,us_map,,1.0,N,20261002-123830-dd683fd
202609,CA,B0CHRJ17BT,Cable/Adapter,us_map,,1.0,N,20261002-123830-dd683fd
202609,CA,B0DQ4M68QW,Cable/Adapter,us_map,,1.0,N,20261002-123830-dd683fd
202609,CA,B0BR541VJQ,OBD1,keyword,obd1,0.9,N,20261002-123830-dd683fd
202609,CA,B0H1QDFQNS,Other,default_other,,0.0,N,20261002-123830-dd683fd
202609,CA,B0CJ9Q3MV1,Cable/Adapter,us_map,,1.0,N,20261002-123830-dd683fd
202609,CA,B0DBHVW99Z,Cable/Adapter,us_map,,1.0,N,20261002-123830-dd683fd
202609,CA,B0B875K2TR,Handheld,us_map,,1.0,N,20261002-123830-dd683fd
202609,CA,B0DZ65TH1G,Tablet,us_map,,1.0,N,20261002-123830-dd683fd
202609,CA,B0CQXGQNLM,Cable/Adapter,us_map,,1.0,N,20261002-123830-dd683fd
202609,CA,B09YQ3GR65,Cable/Adapter,us_map,,1.0,N,20261002-123830-dd683fd
202609,CA,B09K3B52Y5,Handheld,us_map,,1.0,N,20261002-123830-dd683fd
202609,CA,B0914WNM4R,Cable/Adapter,us_map,,1.0,N,20261002-123830-dd683fd
202609,CA,B0B9FWP144,OBD1,keyword,obd1,0.9,N,20261002-123830-dd683fd
202609,CA,B08L6HHQ77,Handheld,keyword,handheld,0.9,N,20261002-123830-dd683fd
202609,CA,B0HJFZH2HM,Handheld,keyword,handheld,0.9,N,20261002-123830-dd683fd
202609,CA,B0BMTSSNXT,Handheld,us_map,,1.0,N,20261002-123830-dd683fd
202609,CA,B07CXCWX4J,Handheld,us_map,,1.0,N,20261002-123830-dd683fd
202609,CA,B0GKGGJH6X,Other,default_other,,0.0,N,20261002-123830-dd683fd
202609,CA,B08417F7JN,Cable/Adapter,us_map,,1.0,N,20261002-123830-dd683fd
202609,CA,B0FV8LT3V8,Cable/Adapter,keyword,cable_adapter,0.9,N,20261002-123830-dd683fd
202609,CA,B0H3DP84T1,Handheld,keyword,handheld,0.9,N,20261002-123830-dd683fd
202609,CA,B0H4R131VY,Handheld,keyword,handheld,0.9,N,20261002-123830-dd683fd
202609,CA,B0F2H8CKQM,Cable/Adapter,us_map,,1.0,N,20261002-123830-dd683fd
202609,CA,B0C727CWKS,Handheld,us_map,,1.0,N,20261002-123830-dd683fd
202609,CA,B08N6RLC3R,Cable/Adapter,keyword,cable_adapter,0.9,N,20261002-123830-dd683fd
202609,CA,B0G7P96Y1B,Tablet,us_map,,1.0,N,20261002-123830-dd683fd
202609,CA,B0CPSPQK99,Handheld,us_map,,1.0,N,20261002-123830-dd683fd
202609,CA,B09FGDJTR2,Dongle,us_map,,1.0,N,20261002-123830-dd683fd
202609,CA,B0D8ZMQDY3,Cable/Adapter,us_map,,1.0,N,20261002-123830-dd683fd
202609,CA,B0BRJ19L4B,Cable/Adapter,keyword,cable_adapter,0.9,N,20261002-123830-dd683fd
202609,CA,B0DHX6P3CR,Cable/Adapter,keyword,cable_adapter,0.9,N,20261002-123830-dd683fd
202609,CA,B0F4J7M35D,Tablet,us_map,,1.0,N,20261002-123830-dd683fd
202609,CA,B07MZ61DJH,Handheld,us_map,,1.0,N,20261002-123830-dd683fd
202609,CA,B08GDWF74C,Handheld,us_map,,1.0,N,20261002-123830-dd683fd
202609,CA,B0FRXG88D3,Cable/Adapter,keyword,cable_adapter,0.9,N,20261002-123830-dd683fd
202609,CA,B0CH9KB7FD,Handheld,us_map,,1.0,N,20261002-123830-dd683fd
202609,CA,B0C64TTJ66,Handheld,us_map,,1.0,N,20261002-123830-dd683fd
202609,CA,B0H5W6P2Y8,Handheld,keyword,handheld,0.9,N,20261002-123830-dd683fd
202609,CA,B07F3918N7,Handheld,us_map,,1.0,N,20261002-123830-dd683fd
202609,CA,B0CQXH74GL,Cable/Adapter,us_map,,1.0,N,20261002-123830-dd683fd
202609,CA,B07BKTFMD2,Handheld,us_map,,1.0,N,20261002-123830-dd683fd
202609,CA,B0CZPZJTTZ,Other,default_other,,0.0,N,20261002-123830-dd683fd
202609,CA,B09ZDNM987,Handheld,us_map,,1.0,N,20261002-123830-dd683fd
202609,CA,B0DD3XJBYQ,Cable/Adapter,us_map,,1.0,N,20261002-123830-dd683fd
202609,CA,B01DPHKQEO,Other,us_map,,1.0,N,20261002-123830-dd683fd
202609,CA,B0B53KN6FG,Handheld,us_map,,1.0,N,20261002-123830-dd683fd
202609,CA,B0C46TNYVM,Handheld,us_map,,1.0,N,20261002-123830-dd683fd
202609,CA,B075KFDDYR,Cable/Adapter,keyword,cable_adapter,0.9,N,20261002-123830-dd683fd
202609,CA,B07RBL54LW,Handheld,us_map,,1.0,N,20261002-123830-dd683fd
202609,CA,B0BVRH9ZF7,Cable/Adapter,us_map,,1.0,N,20261002-123830-dd683fd
202609,CA,B0DDKL93SN,Cable/Adapter,us_map,,1.0,N,20261002-123830-dd683fd
202609,CA,B07MV26KVM,Tablet,us_map,,1.0,N,20261002-123830-dd683fd
202609,CA,B0CFHBZZWK,Handheld,us_map,,1.0,N,20261002-123830-dd683fd
202609,CA,B0CGZ7DPCC,Handheld,us_map,,1.0,N,20261002-123830-dd683fd
202609,CA,B0FV8MQJYT,Cable/Adapter,keyword,cable_adapter,0.9,N,20261002-123830-dd683fd
202609,CA,B00BMX25WK,Other,default_other,,0.0,N,20261002-123830-dd683fd
202609,CA,B0CP5VVHST,Handheld,us_map,,1.0,N,20261002-123830-dd683fd
202609,CA,B0C7PFBR9J,Handheld,us_map,,1.0,N,20261002-123830-dd683fd
202609,CA,B082MMNL78,Handheld,us_map,,1.0,N,20261002-123830-dd683fd
202609,CA,B0DGVBNRH5,Dongle,keyword,dongle,0.9,N,20261002-123830-dd683fd
202609,CA,B0739WS69C,Handheld,us_map,,1.0,N,20261002-123830-dd683fd
202609,CA,B07JB7GMBB,Handheld,us_map,,1.0,N,20261002-123830-dd683fd
202609,CA,B07Z48NKF1,Handheld,us_map,,1.0,N,20261002-123830-dd683fd
202609,CA,B0002JMHWI,Other,default_other,,0.0,N,20261002-123830-dd683fd
202609,CA,B09GZMSWYL,Tablet,us_map,,1.0,N,20261002-123830-dd683fd
202609,CA,B09W9Q7G6D,Tablet,us_map,,1.0,N,20261002-123830-dd683fd
202609,CA,B07D2FRF7S,Handheld,us_map,,1.0,N,20261002-123830-dd683fd
202609,CA,B0BWK96V8H,Cable/Adapter,us_map,,1.0,N,20261002-123830-dd683fd
202609,CA,B01MRIZJET,Handheld,us_map,,1.0,N,20261002-123830-dd683fd
202609,CA,B08T9SR9CF,Probe,keyword,probe,0.9,N,20261002-123830-dd683fd
202609,CA,B07Q2L41VJ,Handheld,us_map,,1.0,N,20261002-123830-dd683fd
202609,CA,B0CN2PT4G5,Handheld,keyword,handheld,0.9,N,20261002-123830-dd683fd
202609,CA,B0D9L8LRFV,Other,us_map,,1.0,N,20261002-123830-dd683fd
202609,CA,B0CX5353HK,Cable/Adapter,us_map,,1.0,N,20261002-123830-dd683fd
202609,CA,B084SV4BNT,Handheld,us_map,,1.0,N,20261002-123830-dd683fd
202609,CA,B083NPHZ3P,Handheld,us_map,,1.0,N,20261002-123830-dd683fd
202609,CA,B00L40WZLC,Cable/Adapter,us_map,,1.0,N,20261002-123830-dd683fd
202609,CA,B08F4GGCD1,Handheld,keyword,handheld,0.9,N,20261002-123830-dd683fd
202609,CA,B0BZN3J4Y1,Dongle,keyword,dongle,0.9,N,20261002-123830-dd683fd
202609,CA,B07FKPX3ZC,VCI,keyword,vci,0.9,N,20261002-123830-dd683fd
202609,CA,B0BD87CGD5,Handheld,us_map,,1.0,N,20261002-123830-dd683fd
202609,CA,B0C6366YT5,Cable/Adapter,keyword,cable_adapter,0.9,N,20261002-123830-dd683fd
202609,CA,B09R2BLGK8,Cable/Adapter,keyword,cable_adapter,0.9,N,20261002-123830-dd683fd
202609,CA,B09KZWP19M,Cable/Adapter,us_map,,1.0,N,20261002-123830-dd683fd
202609,CA,B0D9GXGW8Q,Cable/Adapter,us_map,,1.0,N,20261002-123830-dd683fd
202609,CA,B0FTNLTRWS,Dongle,us_map,,1.0,N,20261002-123830-dd683fd
202609,CA,B07QNSP315,Handheld,us_map,,1.0,N,20261002-123830-dd683fd
202609,CA,B07X5KL4LT,Handheld,us_map,,1.0,N,20261002-123830-dd683fd
202609,CA,B0BGWXMMDJ,Handheld,us_map,,1.0,N,20261002-123830-dd683fd
202609,CA,B07QG1NNS1,Other,default_other,,0.0,N,20261002-123830-dd683fd
202609,CA,B084SVSFZY,Handheld,us_map,,1.0,N,20261002-123830-dd683fd
202609,CA,B0BG3XLYSJ,Handheld,us_map,,1.0,N,20261002-123830-dd683fd
202609,CA,B0B9RZ3YYY,Cable/Adapter,keyword,cable_adapter,0.9,N,20261002-123830-dd683fd
202609,CA,B01MZ3ZURG,Handheld,us_map,,1.0,N,20261002-123830-dd683fd
202609,CA,B0CJ2VXH36,Cable/Adapter,keyword,cable_adapter,0.9,N,20261002-123830-dd683fd
202609,CA,B0FB2L8TTH,OBD1,us_map,,1.0,N,20261002-123830-dd683fd
202609,CA,B0CQJFQGNT,Handheld,us_map,,1.0,N,20261002-123830-dd683fd
202609,CA,B073FHBFHD,Cable/Adapter,keyword,cable_adapter,0.9,N,20261002-123830-dd683fd
202609,CA,B0DP42HRGM,Cable/Adapter,us_map,,1.0,N,20261002-123830-dd683fd
202609,CA,B08B8KY6V6,Handheld,keyword,handheld,0.9,N,20261002-123830-dd683fd
202609,CA,B0CS5HCLF2,Handheld,us_map,,1.0,N,20261002-123830-dd683fd
202609,CA,B0D2XC6VPT,Cable/Adapter,us_map,,1.0,N,20261002-123830-dd683fd
202609,CA,B0F87J6VT5,Handheld,us_map,,1.0,N,20261002-123830-dd683fd
202609,CA,B086Q1CYK7,Handheld,us_map,,1.0,N,20261002-123830-dd683fd
202609,CA,B084SVFWFM,Tablet,keyword,price_tablet_hint,0.9,N,20261002-123830-dd683fd
202609,CA,B0DX183RXT,Cable/Adapter,us_map,,1.0,N,20261002-123830-dd683fd
202609,CA,B0DX1KQVQB,Cable/Adapter,us_map,,1.0,N,20261002-123830-dd683fd
202609,CA,B0DX1DF59D,Cable/Adapter,us_map,,1.0,N,20261002-123830-dd683fd
202609,CA,B083ZJPTR4,Other,default_other,,0.0,N,20261002-123830-dd683fd
202609,CA,B0D4H5429Q,Tablet,us_map,,1.0,N,20261002-123830-dd683fd
202609,CA,B082JR9QKK,Handheld,us_map,,1.0,N,20261002-123830-dd683fd
202609,CA,B09MSBD34V,Handheld,keyword,handheld,0.9,N,20261002-123830-dd683fd
202609,CA,B0BRW5Z8FX,Handheld,us_map,,1.0,N,20261002-123830-dd683fd
202609,CA,B0BGFMGH7D,Other,default_other,,0.0,N,20261002-123830-dd683fd
202609,CA,B0977HJB42,Handheld,us_map,,1.0,N,20261002-123830-dd683fd
202609,CA,B0C7FP8RLY,Handheld,us_map,,1.0,N,20261002-123830-dd683fd
202609,CA,B0FVWSB3R9,Cable/Adapter,us_map,,1.0,N,20261002-123830-dd683fd
202609,CA,B0C637VXSB,Other,default_other,,0.0,N,20261002-123830-dd683fd
202609,CA,B0799CYBLL,Dongle,us_map,,1.0,N,20261002-123830-dd683fd
202609,CA,B0CQPWMXZH,Handheld,us_map,,1.0,N,20261002-123830-dd683fd
202609,CA,B0CFM917F1,Handheld,us_map,,1.0,N,20261002-123830-dd683fd
202609,CA,B0BWNNVPH5,Cable/Adapter,us_map,,1.0,N,20261002-123830-dd683fd
202609,CA,B06XG9BKRG,Cable/Adapter,keyword,cable_adapter,0.9,N,20261002-123830-dd683fd
202609,CA,B0DL9QQW5S,Cable/Adapter,keyword,cable_adapter,0.9,N,20261002-123830-dd683fd
202609,CA,B001LHQBMC,Handheld,us_map,,1.0,N,20261002-123830-dd683fd
202609,CA,B0F13CDD4G,Cable/Adapter,us_map,,1.0,N,20261002-123830-dd683fd
202609,CA,B0991RMRGK,Cable/Adapter,us_map,,1.0,N,20261002-123830-dd683fd
202609,CA,B07V8L3W1S,Cable/Adapter,us_map,,1.0,N,20261002-123830-dd683fd
202609,CA,B07B8NP6DL,Handheld,us_map,,1.0,N,20261002-123830-dd683fd
202609,CA,B07NDD26JH,Handheld,us_map,,1.0,N,20261002-123830-dd683fd
202609,CA,B0DX8HFKR7,Cable/Adapter,keyword,cable_adapter,0.9,N,20261002-123830-dd683fd
202609,CA,B0F4M2MZYN,Tablet,us_map,,1.0,N,20261002-123830-dd683fd
202609,CA,B0DG5LFYY8,VCI,us_map,,1.0,N,20261002-123830-dd683fd
202609,CA,B08YJLFVW7,Other,us_map,,1.0,N,20261002-123830-dd683fd
202609,CA,B082XD79RG,Cable/Adapter,us_map,,1.0,N,20261002-123830-dd683fd
202609,CA,B0B3T6YLWV,Cable/Adapter,keyword,cable_adapter,0.9,N,20261002-123830-dd683fd
202609,CA,B07YB1NJN2,Handheld,us_map,,1.0,N,20261002-123830-dd683fd
202609,CA,B07GR15HCW,Handheld,us_map,,1.0,N,20261002-123830-dd683fd
202609,CA,B0B5DS6T9B,Other,us_map,,1.0,N,20261002-123830-dd683fd
202609,CA,B09CP98L8X,Cable/Adapter,keyword,cable_adapter,0.9,N,20261002-123830-dd683fd
202609,CA,B0DSPSQNRF,Cable/Adapter,us_map,,1.0,N,20261002-123830-dd683fd
202609,CA,B0B5DT9BLV,Other,us_map,,1.0,N,20261002-123830-dd683fd
202609,CA,B0BWNN673P,Cable/Adapter,us_map,,1.0,N,20261002-123830-dd683fd
202609,CA,B003N7ME7E,Cable/Adapter,keyword,cable_adapter,0.9,N,20261002-123830-dd683fd
202609,CA,B0BYZRXDLR,Dongle,us_map,,1.0,N,20261002-123830-dd683fd
202609,CA,B0DCDV7RRQ,Other,us_map,,1.0,N,20261002-123830-dd683fd
202609,CA,B09VSQ7MBX,Handheld,us_map,,1.0,N,20261002-123830-dd683fd
202609,CA,B09XDKBWBL,Cable/Adapter,us_map,,1.0,N,20261002-123830-dd683fd
202609,CA,B08XWFD3K8,Other,us_map,,1.0,N,20261002-123830-dd683fd
202609,CA,B071D57S5H,Handheld,us_map,,1.0,N,20261002-123830-dd683fd
202609,CA,B07SZLZYWL,Handheld,us_map,,1.0,N,20261002-123830-dd683fd
202609,CA,B0CQ48P4QF,Cable/Adapter,us_map,,1.0,N,20261002-123830-dd683fd
202609,CA,B0CBBVLD1G,Handheld,us_map,,1.0,N,20261002-123830-dd683fd
202609,CA,B07K7WGNP4,Handheld,us_map,,1.0,N,20261002-123830-dd683fd
202609,CA,B0C13GSCWW,Handheld,us_map,,1.0,N,20261002-123830-dd683fd
202609,CA,B0D6W7WQLS,Other,us_map,,1.0,N,20261002-123830-dd683fd
202609,CA,B01N543GPO,Other,default_other,,0.0,N,20261002-123830-dd683fd
202609,CA,B0DP4H774P,Other,us_map,,1.0,N,20261002-123830-dd683fd
202609,CA,B07W4YF2H7,Cable/Adapter,keyword,cable_adapter,0.9,N,20261002-123830-dd683fd
202609,CA,B0G1MP7R15,Other,us_map,,1.0,N,20261002-123830-dd683fd
202609,CA,B0DNYK5ZZ2,Dongle,us_map,,1.0,N,20261002-123830-dd683fd
202609,CA,B0D6WTT72J,Handheld,keyword,handheld,0.9,N,20261002-123830-dd683fd
202609,CA,B0BV2XB5KG,Handheld,us_map,,1.0,N,20261002-123830-dd683fd
202609,CA,B010ODE238,Tablet,us_map,,1.0,N,20261002-123830-dd683fd
202609,CA,B0DHN3V1T3,Other,us_map,,1.0,N,20261002-123830-dd683fd
202609,CA,B0BVRBZ1SR,Other,default_other,,0.0,N,20261002-123830-dd683fd
202609,CA,1563924536,Other,default_other,,0.0,N,20261002-123830-dd683fd
202609,CA,B0CHYPV8WS,Cable/Adapter,us_map,,1.0,N,20261002-123830-dd683fd
202609,CA,B07Y542G2Q,Cable/Adapter,us_map,,1.0,N,20261002-123830-dd683fd
202609,CA,B0DM9QYPYY,Cable/Adapter,keyword,cable_adapter,0.9,N,20261002-123830-dd683fd
202609,CA,B0978PJFNS,Cable/Adapter,keyword,cable_adapter,0.9,N,20261002-123830-dd683fd
202609,CA,B0CTMSQV1F,Tablet,us_map,,1.0,N,20261002-123830-dd683fd
202609,CA,B0CL4SRS2B,Handheld,us_map,,1.0,N,20261002-123830-dd683fd
202609,CA,B0G1V86YKL,Key,keyword,key,0.9,N,20261002-123830-dd683fd
202609,CA,B08BLKNGNG,Handheld,us_map,,1.0,N,20261002-123830-dd683fd
202609,CA,B0B1DLD8H7,Handheld,us_map,,1.0,N,20261002-123830-dd683fd
202609,CA,B07XQLXP66,Handheld,us_map,,1.0,N,20261002-123830-dd683fd
202609,CA,B0DKZ77M4N,Other,us_map,,1.0,N,20261002-123830-dd683fd
202609,CA,B0DDPMMSHL,VCI,us_map,,1.0,N,20261002-123830-dd683fd
202609,CA,B0CD3TDM5Z,Handheld,us_map,,1.0,N,20261002-123830-dd683fd
202609,CA,B01M5G9KS0,Handheld,us_map,,1.0,N,20261002-123830-dd683fd
202609,CA,B01MCYKBZF,Handheld,us_map,,1.0,N,20261002-123830-dd683fd
202609,CA,B01MFCPIBJ,Handheld,us_map,,1.0,N,20261002-123830-dd683fd
202609,CA,B09NNDZZ6T,Cable/Adapter,keyword,cable_adapter,0.9,N,20261002-123830-dd683fd
202609,CA,B0F14R132S,Dongle,us_map,,1.0,N,20261002-123830-dd683fd
202609,CA,B0CRH8LFRY,Tablet,us_map,,1.0,N,20261002-123830-dd683fd
202609,CA,B0D97BL8PJ,Handheld,us_map,,1.0,N,20261002-123830-dd683fd
202609,CA,B0725Q6X7B,Handheld,us_map,,1.0,N,20261002-123830-dd683fd
202609,CA,B08DXY5KVX,Cable/Adapter,us_map,,1.0,N,20261002-123830-dd683fd
202609,CA,B0DG61QK25,Other,us_map,,1.0,N,20261002-123830-dd683fd
202609,CA,B0D2CY68J1,Handheld,us_map,,1.0,N,20261002-123830-dd683fd
202609,CA,B08HGDW8W7,Handheld,us_map,,1.0,N,20261002-123830-dd683fd
202609,CA,B0CRQY8QBY,Tablet,us_map,,1.0,N,20261002-123830-dd683fd
202609,CA,B0DPWKKS85,Cable/Adapter,us_map,,1.0,N,20261002-123830-dd683fd
202609,CA,B06XJHMTCJ,Handheld,us_map,,1.0,N,20261002-123830-dd683fd
202609,CA,B0CNXDYRSJ,Cable/Adapter,us_map,,1.0,N,20261002-123830-dd683fd
202609,CA,B095S14WD5,Cable/Adapter,keyword,cable_adapter,0.9,N,20261002-123830-dd683fd
202609,CA,B0141UPYDC,Cable/Adapter,keyword,cable_adapter,0.9,N,20261002-123830-dd683fd
202609,CA,B0BY6J3B6R,Handheld,us_map,,1.0,N,20261002-123830-dd683fd
202609,CA,B0CG9K484D,Handheld,us_map,,1.0,N,20261002-123830-dd683fd
202609,CA,B07C5V6H1X,Handheld,us_map,,1.0,N,20261002-123830-dd683fd
202609,CA,B08CV22KTT,Cable/Adapter,keyword,cable_adapter,0.9,N,20261002-123830-dd683fd
202609,CA,B0D1N295GS,Cable/Adapter,us_map,,1.0,N,20261002-123830-dd683fd
202609,CA,B0CH7JNS9B,Cable/Adapter,keyword,cable_adapter,0.9,N,20261002-123830-dd683fd
202609,CA,B072MG3NVJ,Handheld,us_map,,1.0,N,20261002-123830-dd683fd
202609,CA,B0BRXSV64M,Probe,keyword,probe,0.9,N,20261002-123830-dd683fd
202609,CA,B07QRVHS2Z,Handheld,us_map,,1.0,N,20261002-123830-dd683fd
202609,CA,B08W46D8HG,Other,default_other,,0.0,N,20261002-123830-dd683fd
202609,CA,B0784PC19Q,Cable/Adapter,us_map,,1.0,N,20261002-123830-dd683fd
202609,CA,B0DF2M277F,Cable/Adapter,us_map,,1.0,N,20261002-123830-dd683fd
202609,CA,B0F3WWWZMX,Cable/Adapter,keyword,cable_adapter,0.9,N,20261002-123830-dd683fd
202609,CA,B0C2PQ7CNY,Handheld,us_map,,1.0,N,20261002-123830-dd683fd
202609,CA,B08TH32194,Handheld,us_map,,1.0,N,20261002-123830-dd683fd
202609,CA,B0B43ZJ4VM,Cable/Adapter,us_map,,1.0,N,20261002-123830-dd683fd
202609,CA,B0F8DHH73X,Other,default_other,,0.0,N,20261002-123830-dd683fd
202609,CA,B0FFN3M844,Handheld,keyword,handheld,0.9,N,20261002-123830-dd683fd
202609,CA,B00BGH0EAC,Tablet,us_map,,1.0,N,20261002-123830-dd683fd
202609,CA,B0B4NCXB1R,Handheld,us_map,,1.0,N,20261002-123830-dd683fd
202609,CA,B09D3HVDJX,Handheld,us_map,,1.0,N,20261002-123830-dd683fd
202609,CA,B07B8C8J8N,Tablet,us_map,,1.0,N,20261002-123830-dd683fd
202609,CA,B07KMGV44D,Handheld,keyword,handheld,0.9,N,20261002-123830-dd683fd
202609,CA,B00Z1PG9ZE,Cable/Adapter,us_map,,1.0,N,20261002-123830-dd683fd
202609,CA,B0FFMTRHS4,OBD1,us_map,,1.0,N,20261002-123830-dd683fd
202609,CA,B07R7VL1C2,Handheld,us_map,,1.0,N,20261002-123830-dd683fd
202609,CA,B0CMZDX6PF,Cable/Adapter,keyword,cable_adapter,0.9,N,20261002-123830-dd683fd
202609,CA,B0912VKR3P,Handheld,us_map,,1.0,N,20261002-123830-dd683fd
202609,CA,B09STQS4CD,Handheld,us_map,,1.0,N,20261002-123830-dd683fd
202609,CA,B0DZ2NZD22,Dongle,keyword,dongle,0.9,N,20261002-123830-dd683fd
202609,CA,B0CQXBHMM2,Cable/Adapter,us_map,,1.0,N,20261002-123830-dd683fd
202609,CA,B0BS2LXT6X,VCI,us_map,,1.0,N,20261002-123830-dd683fd
202609,CA,B0C24VP6VF,Handheld,us_map,,1.0,N,20261002-123830-dd683fd
202609,CA,B0CQXC1VD9,Cable/Adapter,us_map,,1.0,N,20261002-123830-dd683fd
202609,CA,B0B9B8ZGSG,Cable/Adapter,keyword,cable_adapter,0.9,N,20261002-123830-dd683fd
202609,CA,B07HQ8XKN9,Handheld,keyword,handheld,0.9,N,20261002-123830-dd683fd
202609,CA,B0FCMJPFF4,VCI,us_map,,1.0,N,20261002-123830-dd683fd
202609,CA,B0DMD2XQL2,VCI,us_map,,1.0,N,20261002-123830-dd683fd
202609,CA,B08KD7V5VZ,Handheld,us_map,,1.0,N,20261002-123830-dd683fd
202609,CA,B07MX6VL3V,Cable/Adapter,keyword,cable_adapter,0.9,N,20261002-123830-dd683fd
202609,CA,B0BZPLS7YF,Handheld,us_map,,1.0,N,20261002-123830-dd683fd
202609,CA,B0DZ2R41NW,Dongle,keyword,dongle,0.9,N,20261002-123830-dd683fd
202609,CA,B0C6H7VT4V,Handheld,keyword,scanner_lt380,0.8,N,20261002-123830-dd683fd
202609,CA,B07RZQRBC3,Cable/Adapter,keyword,cable_adapter,0.9,N,20261002-123830-dd683fd
202609,CA,B0CBBHWFGD,Handheld,us_map,,1.0,N,20261002-123830-dd683fd
202609,CA,B0F4XRV4D5,Tablet,us_map,,1.0,N,20261002-123830-dd683fd
202609,CA,B0GVYYCV11,Handheld,keyword,handheld,0.9,N,20261002-123830-dd683fd
202609,CA,B0DL76N588,Cable/Adapter,us_map,,1.0,N,20261002-123830-dd683fd
202609,CA,B0DXBXK95J,Dongle,keyword,dongle,0.9,N,20261002-123830-dd683fd
202609,CA,B0C3BZSPT9,Handheld,us_map,,1.0,N,20261002-123830-dd683fd
202609,CA,B015DN8OIS,Tablet,us_map,,1.0,N,20261002-123830-dd683fd
202609,CA,B0BW79DW7J,Handheld,us_map,,1.0,N,20261002-123830-dd683fd
202609,CA,B09B1VNZP7,Handheld,us_map,,1.0,N,20261002-123830-dd683fd
202609,CA,B09QX9TSQ2,Handheld,us_map,,1.0,N,20261002-123830-dd683fd
202609,CA,B0CB66D8JD,Handheld,us_map,,1.0,N,20261002-123830-dd683fd
202609,CA,B08SVMQ8TL,Handheld,us_map,,1.0,N,20261002-123830-dd683fd
202609,CA,B0CJLRKVFL,Handheld,us_map,,1.0,N,20261002-123830-dd683fd
202609,CA,B0CNLC34MN,Cable/Adapter,keyword,cable_adapter,0.9,N,20261002-123830-dd683fd
202609,CA,B0CNLDMVMN,Cable/Adapter,keyword,cable_adapter,0.9,N,20261002-123830-dd683fd
202609,CA,B0CRCZCC65,Tablet,us_map,,1.0,N,20261002-123830-dd683fd
202609,CA,B0B3TRR26X,Cable/Adapter,us_map,,1.0,N,20261002-123830-dd683fd
202609,CA,B07YBKRKKC,Handheld,us_map,,1.0,N,20261002-123830-dd683fd
202609,CA,B0CYG5NVN4,OBD1,keyword,obd1,0.9,N,20261002-123830-dd683fd
202609,CA,B0CBJM59RW,Other,default_other,,0.0,N,20261002-123830-dd683fd
202609,CA,B07KYNMZQ7,Handheld,us_map,,1.0,N,20261002-123830-dd683fd
202609,CA,1620920840,Other,default_other,,0.0,N,20261002-123830-dd683fd
202609,CA,B07PQ878S5,Tablet,us_map,,1.0,N,20261002-123830-dd683fd
202609,CA,B001S7PGJ4,Cable/Adapter,keyword,cable_adapter,0.9,N,20261002-123830-dd683fd
202609,CA,B0C3QGSWHD,Handheld,us_map,,1.0,N,20261002-123830-dd683fd
202609,CA,B077SHQQ1D,Handheld,us_map,,1.0,N,20261002-123830-dd683fd
202609,CA,B0784SQPC7,Handheld,us_map,,1.0,N,20261002-123830-dd683fd
202609,CA,B00L40R47W,Handheld,us_map,,1.0,N,20261002-123830-dd683fd
202609,CA,B0C1TGTXK8,Cable/Adapter,keyword,cable_adapter,0.9,N,20261002-123830-dd683fd
202609,CA,B0C4TGQJK9,Handheld,us_map,,1.0,N,20261002-123830-dd683fd
202609,CA,B0CQ1ZFRS7,Cable/Adapter,us_map,,1.0,N,20261002-123830-dd683fd
202609,CA,B0CP392QFH,Handheld,us_map,,1.0,N,20261002-123830-dd683fd
202609,CA,B0F1F6VNZH,Dongle,keyword,dongle,0.9,N,20261002-123830-dd683fd
202609,CA,B0DYH9MG6M,Other,us_map,,1.0,N,20261002-123830-dd683fd
202609,CA,B001S7PGBW,Cable/Adapter,us_map,,1.0,N,20261002-123830-dd683fd
202609,CA,B0BYVHK8JK,Cable/Adapter,keyword,cable_adapter,0.9,N,20261002-123830-dd683fd
202609,CA,B00NGFWVNA,Dongle,keyword,dongle,0.9,N,20261002-123830-dd683fd
202609,CA,B0G1T4F8Y2,Tablet,us_map,,1.0,N,20261002-123830-dd683fd
202609,CA,B08G13QPXH,Cable/Adapter,us_map,,1.0,N,20261002-123830-dd683fd
202609,CA,B08QJQZ9HC,Cable/Adapter,keyword,cable_adapter,0.9,N,20261002-123830-dd683fd
202609,CA,B07W48NJSZ,Handheld,us_map,,1.0,N,20261002-123830-dd683fd
202609,CA,B0DKNQQHMW,Cable/Adapter,keyword,cable_adapter,0.9,N,20261002-123830-dd683fd
202609,CA,B00A6AS3XU,Other,us_map,,1.0,N,20261002-123830-dd683fd
202609,CA,B079Z9T8LZ,Handheld,us_map,,1.0,N,20261002-123830-dd683fd
202609,CA,B0DMW4QY3T,Tablet,us_map,,1.0,N,20261002-123830-dd683fd
202609,CA,B0GTDK9RJP,Handheld,keyword,handheld,0.9,N,20261002-123830-dd683fd
202609,CA,B0D9JTXZPD,Cable/Adapter,us_map,,1.0,N,20261002-123830-dd683fd
202609,CA,B0BK4GSDM8,Handheld,us_map,,1.0,N,20261002-123830-dd683fd
202609,CA,B0C7QCXRCQ,Handheld,keyword,scanner_lt380,0.8,N,20261002-123830-dd683fd
202609,CA,B07QZZKVYG,Handheld,us_map,,1.0,N,20261002-123830-dd683fd
202609,CA,B0C5CH13CD,Handheld,us_map,,1.0,N,20261002-123830-dd683fd
202609,CA,B0FCGSYT28,Other,default_other,,0.0,N,20261002-123830-dd683fd
202609,CA,B0B2MMYSK7,Handheld,us_map,,1.0,N,20261002-123830-dd683fd
202609,CA,B0C9YN62MW,Cable/Adapter,keyword,cable_adapter,0.9,N,20261002-123830-dd683fd
202609,CA,B0CHNGYRP7,Other,default_other,,0.0,N,20261002-123830-dd683fd
202609,CA,B0D1VCFMD5,Cable/Adapter,us_map,,1.0,N,20261002-123830-dd683fd
202609,CA,B07CK1RMYN,Handheld,us_map,,1.0,N,20261002-123830-dd683fd
202609,CA,B000H01JQ2,Other,default_other,,0.0,N,20261002-123830-dd683fd
202609,CA,B000UOHUF4,Other,default_other,,0.0,N,20261002-123830-dd683fd
202609,CA,B0D45LQ8TF,Cable/Adapter,us_map,,1.0,N,20261002-123830-dd683fd
202609,CA,B0DXVX8WTV,Tablet,us_map,,1.0,N,20261002-123830-dd683fd
202609,CA,B07CTYQPF6,Handheld,us_map,,1.0,N,20261002-123830-dd683fd
202609,CA,B082X38C7G,Tablet,us_map,,1.0,N,20261002-123830-dd683fd
202609,CA,B0CQP9S314,Tablet,us_map,,1.0,N,20261002-123830-dd683fd
202609,CA,B07KGJBKXL,Cable/Adapter,us_map,,1.0,N,20261002-123830-dd683fd
202609,CA,B01BV29BDC,Other,us_map,,1.0,N,20261002-123830-dd683fd
202609,CA,B004AESGBC,Other,default_other,,0.0,N,20261002-123830-dd683fd
202609,CA,B09133ZB5X,Handheld,us_map,,1.0,N,20261002-123830-dd683fd
202609,CA,B0CXXJJ1PF,Cable/Adapter,us_map,,1.0,N,20261002-123830-dd683fd
202609,CA,B09WZ8XF1L,Other,default_other,,0.0,N,20261002-123830-dd683fd
202609,CA,B0C69D9JWX,Handheld,us_map,,1.0,N,20261002-123830-dd683fd
202609,CA,B0FN3LP37S,Handheld,us_map,,1.0,N,20261002-123830-dd683fd
202609,CA,B0F3J8LQ98,Cable/Adapter,us_map,,1.0,N,20261002-123830-dd683fd
202609,CA,B0CNPWG359,Handheld,us_map,,1.0,N,20261002-123830-dd683fd
202609,CA,B09T8WNRLK,Cable/Adapter,keyword,cable_adapter,0.9,N,20261002-123830-dd683fd
202609,CA,B0H1QBLV5P,Other,default_other,,0.0,N,20261002-123830-dd683fd
202609,CA,B09VST3LLP,Cable/Adapter,keyword,cable_adapter,0.9,N,20261002-123830-dd683fd
202609,CA,B08Y4N33H7,Handheld,us_map,,1.0,N,20261002-123830-dd683fd
202609,CA,B0BNCYB8ZC,Other,us_map,,1.0,N,20261002-123830-dd683fd
202609,CA,B0CLCQL2J7,Key,keyword,key,0.9,N,20261002-123830-dd683fd
202609,CA,B07ZD8T8K9,Tablet,us_map,,1.0,N,20261002-123830-dd683fd
202609,CA,B0DFCJHPR5,Tablet,us_map,,1.0,N,20261002-123830-dd683fd
202609,CA,B0CC1FZXQ4,Cable/Adapter,keyword,cable_adapter,0.9,N,20261002-123830-dd683fd
202609,CA,B09DSWPPSR,Handheld,keyword,handheld,0.9,N,20261002-123830-dd683fd
202609,CA,B0767QS8W3,Other,default_other,,0.0,N,20261002-123830-dd683fd
202609,CA,B07XQKDPJT,Handheld,us_map,,1.0,N,20261002-123830-dd683fd
202609,CA,B09XXJMXWG,Handheld,us_map,,1.0,N,20261002-123830-dd683fd
202609,CA,B0D4HRJBTD,Cable/Adapter,us_map,,1.0,N,20261002-123830-dd683fd
202609,CA,B0C6LFN1PN,VCI,us_map,,1.0,N,20261002-123830-dd683fd
202609,CA,B085TG89H4,Tablet,us_map,,1.0,N,20261002-123830-dd683fd
202609,CA,B0D8KB4SK3,Handheld,us_map,,1.0,N,20261002-123830-dd683fd
202609,CA,B079GXRV1M,Handheld,us_map,,1.0,N,20261002-123830-dd683fd
202609,CA,B0CTTQ8VBT,Cable/Adapter,keyword,cable_adapter,0.9,N,20261002-123830-dd683fd
202609,CA,B0CFLP7GV7,Handheld,keyword,handheld,0.9,N,20261002-123830-dd683fd
202609,CA,B0FF9BG4B3,OBD1,us_map,,1.0,N,20261002-123830-dd683fd
202609,CA,B0C2CKPKC5,Handheld,keyword,handheld,0.9,N,20261002-123830-dd683fd
202609,CA,B0DRPCV6YR,Cable/Adapter,keyword,cable_adapter,0.9,N,20261002-123830-dd683fd
202609,CA,B0CDQ4DYB1,Cable/Adapter,keyword,cable_adapter,0.9,N,20261002-123830-dd683fd
202609,CA,B0BR8DX5KM,Handheld,keyword,handheld,0.9,N,20261002-123830-dd683fd
202609,CA,B07XQM5RD2,Handheld,us_map,,1.0,N,20261002-123830-dd683fd
202609,CA,B083JTPVWB,Handheld,us_map,,1.0,N,20261002-123830-dd683fd
202609,CA,B0CPDDFK6Z,Handheld,us_map,,1.0,N,20261002-123830-dd683fd
202609,CA,B0BPMF5TNS,VCI,us_map,,1.0,N,20261002-123830-dd683fd
202609,CA,B0GTVJ9BGF,Handheld,keyword,handheld,0.9,N,20261002-123830-dd683fd
202609,CA,B0F1LLVNMW,Other,default_other,,0.0,N,20261002-123830-dd683fd
202609,CA,B0F1LMH6TS,Other,default_other,,0.0,N,20261002-123830-dd683fd
202609,CA,B0F1LKW42G,Other,default_other,,0.0,N,20261002-123830-dd683fd
202609,CA,B0FB8QLB1C,Other,us_map,,1.0,N,20261002-123830-dd683fd
202609,CA,B07GWR5DR2,Handheld,us_map,,1.0,N,20261002-123830-dd683fd
202609,CA,B0BHHMCZ2T,Cable/Adapter,us_map,,1.0,N,20261002-123830-dd683fd
202609,CA,B09ZQT5YDK,Other,default_other,,0.0,N,20261002-123830-dd683fd
202609,CA,B0D22DPYLN,Cable/Adapter,us_map,,1.0,N,20261002-123830-dd683fd
202609,CA,B01DPHKGDU,Other,default_other,,0.0,N,20261002-123830-dd683fd
202609,CA,B07XQGZMV9,Handheld,us_map,,1.0,N,20261002-123830-dd683fd
202609,CA,B0BMXSQ1V8,Cable/Adapter,us_map,,1.0,N,20261002-123830-dd683fd
202609,CA,B09LFCRWXG,Handheld,us_map,,1.0,N,20261002-123830-dd683fd
202609,CA,B077TYVN8C,Other,us_map,,1.0,N,20261002-123830-dd683fd
202609,CA,B0D2XRN1SB,Other,us_map,,1.0,N,20261002-123830-dd683fd
202609,CA,B0CL67SFN7,Handheld,keyword,handheld,0.9,N,20261002-123830-dd683fd
202609,CA,B08F5H63PR,Handheld,us_map,,1.0,N,20261002-123830-dd683fd
202609,CA,B0GXJ4SS3D,Other,us_map,,1.0,N,20261002-123830-dd683fd
202609,CA,B0BZYJWF8C,Cable/Adapter,us_map,,1.0,N,20261002-123830-dd683fd
202609,CA,B097D8JHJG,Other,us_map,,1.0,N,20261002-123830-dd683fd
202609,CA,B0B389QB8D,Cable/Adapter,keyword,cable_adapter,0.9,N,20261002-123830-dd683fd
202609,CA,B00XM16K2Q,Other,keyword,gauge_hud,0.9,N,20261002-123830-dd683fd
202609,CA,1563924498,Other,default_other,,0.0,N,20261002-123830-dd683fd
202609,CA,B0081L839K,Other,us_map,,1.0,N,20261002-123830-dd683fd
202609,CA,B000GTZMUS,Other,default_other,,0.0,N,20261002-123830-dd683fd
202609,CA,B07ZCC8QG9,Handheld,us_map,,1.0,N,20261002-123830-dd683fd
202609,CA,B0768N6VVF,Handheld,us_map,,1.0,N,20261002-123830-dd683fd
202609,CA,B07PR3BNX3,Handheld,us_map,,1.0,N,20261002-123830-dd683fd
202609,CA,B0DX7MTSZP,Handheld,keyword,handheld,0.9,N,20261002-123830-dd683fd
202609,CA,B09KP2WPFH,Handheld,us_map,,1.0,N,20261002-123830-dd683fd
202609,CA,B09QXG3YV4,Handheld,us_map,,1.0,N,20261002-123830-dd683fd
202609,CA,B0F9Y7PPWR,Cable/Adapter,keyword,cable_adapter,0.9,N,20261002-123830-dd683fd
202609,CA,B095BKB4CB,Tablet,us_map,,1.0,N,20261002-123830-dd683fd
202609,CA,B08D3X6QBZ,Tablet,us_map,,1.0,N,20261002-123830-dd683fd
202609,CA,B08DY2G82C,Handheld,keyword,handheld,0.9,N,20261002-123830-dd683fd
202609,CA,B0DSPWRWXC,Cable/Adapter,us_map,,1.0,N,20261002-123830-dd683fd
202609,CA,B0BZD89TV5,Cable/Adapter,us_map,,1.0,N,20261002-123830-dd683fd
202609,CA,B0GJSNRB2T,Other,default_other,,0.0,N,20261002-123830-dd683fd
202609,CA,B079Z1C1GN,Handheld,us_map,,1.0,N,20261002-123830-dd683fd
202609,CA,B01EWQANBI,Handheld,us_map,,1.0,N,20261002-123830-dd683fd
202609,CA,B0DHKXBV2G,Cable/Adapter,us_map,,1.0,N,20261002-123830-dd683fd
202609,CA,B09MJH93SR,Dongle,keyword,dongle,0.9,N,20261002-123830-dd683fd
202609,CA,B0B4GXM2HK,Handheld,us_map,,1.0,N,20261002-123830-dd683fd
202609,CA,B0BZ87T7L2,VCI,us_map,,1.0,N,20261002-123830-dd683fd
202609,CA,B004NL3L7G,Other,default_other,,0.0,N,20261002-123830-dd683fd
202609,CA,B0BPYVCL6T,VCI,us_map,,1.0,N,20261002-123830-dd683fd
202609,CA,B078KJSX1P,Handheld,us_map,,1.0,N,20261002-123830-dd683fd
202609,CA,B0FGCWSZ8T,Cable/Adapter,keyword,cable_adapter,0.9,N,20261002-123830-dd683fd
202609,CA,B0BKFPVTXT,Other,default_other,,0.0,N,20261002-123830-dd683fd
202609,CA,B0DHCJ56GQ,Cable/Adapter,us_map,,1.0,N,20261002-123830-dd683fd
202609,CA,B07XQJG3NB,Handheld,us_map,,1.0,N,20261002-123830-dd683fd
202609,CA,B07F31NFDB,Tablet,us_map,,1.0,N,20261002-123830-dd683fd
202609,CA,B093KK4KDP,Handheld,us_map,,1.0,N,20261002-123830-dd683fd
202609,CA,B01N07PIRO,Handheld,us_map,,1.0,N,20261002-123830-dd683fd
202609,CA,B07L2XCXN7,Handheld,us_map,,1.0,N,20261002-123830-dd683fd
202609,CA,B09X2YPQ6M,Handheld,us_map,,1.0,N,20261002-123830-dd683fd
202609,CA,B0DX13C2N7,Cable/Adapter,us_map,,1.0,N,20261002-123830-dd683fd
202609,CA,B0FY4PY9D9,Cable/Adapter,keyword,cable_adapter,0.9,N,20261002-123830-dd683fd
202609,CA,B0DZ66GL4M,VCI,us_map,,1.0,N,20261002-123830-dd683fd
202609,CA,B0792N8JP7,Handheld,us_map,,1.0,N,20261002-123830-dd683fd
202609,CA,B0G1M3C1LJ,Other,default_other,,0.0,N,20261002-123830-dd683fd
202609,CA,B088WS7J3N,Cable/Adapter,keyword,cable_adapter,0.9,N,20261002-123830-dd683fd
202609,CA,B08JQJH9FM,Cable/Adapter,keyword,cable_adapter,0.9,N,20261002-123830-dd683fd
202609,CA,B071P3THRR,Cable/Adapter,keyword,cable_adapter,0.9,N,20261002-123830-dd683fd
202609,CA,1563923319,Other,default_other,,0.0,N,20261002-123830-dd683fd
202609,CA,B07XQJG3N7,Handheld,us_map,,1.0,N,20261002-123830-dd683fd
202609,CA,B08L7RRJ92,Handheld,keyword,handheld,0.9,N,20261002-123830-dd683fd
202609,CA,B0C7L82JB9,Cable/Adapter,keyword,cable_adapter,0.9,N,20261002-123830-dd683fd
202609,CA,B08GLQVGRK,Handheld,us_map,,1.0,N,20261002-123830-dd683fd
202609,CA,B0CMLR2LYD,Cable/Adapter,us_map,,1.0,N,20261002-123830-dd683fd
202609,CA,B000GTXPO8,Other,default_other,,0.0,N,20261002-123830-dd683fd
202609,CA,B07XQJCV4H,Handheld,us_map,,1.0,N,20261002-123830-dd683fd
202609,CA,B0FHPP6K5D,Cable/Adapter,us_map,,1.0,N,20261002-123830-dd683fd
202609,CA,B0BFKMSWVN,Cable/Adapter,us_map,,1.0,N,20261002-123830-dd683fd
202609,CA,B0FV336Y5J,Cable/Adapter,keyword,cable_adapter,0.9,N,20261002-123830-dd683fd
202609,CA,B0D49XW1Z7,Cable/Adapter,keyword,cable_adapter,0.9,N,20261002-123830-dd683fd
202609,CA,B0CHZ5XT6J,Handheld,us_map,,1.0,N,20261002-123830-dd683fd
202609,CA,B07SPHXTHB,Other,us_map,,1.0,N,20261002-123830-dd683fd
202609,CA,B0897PDPGH,Handheld,us_map,,1.0,N,20261002-123830-dd683fd
202609,CA,B0DMPBG847,Cable/Adapter,us_map,,1.0,N,20261002-123830-dd683fd
202609,CA,B0CS2ZJ2BX,Cable/Adapter,keyword,cable_adapter,0.9,N,20261002-123830-dd683fd
202609,CA,B0DXQ5SJGL,OBD1,keyword,obd1,0.9,N,20261002-123830-dd683fd
202609,CA,B08FYCGY7V,Handheld,us_map,,1.0,N,20261002-123830-dd683fd
202609,CA,B0CP7B45T6,Handheld,us_map,,1.0,N,20261002-123830-dd683fd
202609,CA,B0787ZC4Z1,Handheld,us_map,,1.0,N,20261002-123830-dd683fd
202609,CA,B07JMSJJ7R,Cable/Adapter,keyword,cable_adapter,0.9,N,20261002-123830-dd683fd
202609,CA,B0CFDGKB28,Handheld,us_map,,1.0,N,20261002-123830-dd683fd
202609,CA,B012RSCUK0,Other,default_other,,0.0,N,20261002-123830-dd683fd
202609,CA,B07VS478FJ,Other,default_other,,0.0,N,20261002-123830-dd683fd
202609,CA,B09Q5YGCNX,Handheld,us_map,,1.0,N,20261002-123830-dd683fd
202609,CA,B0CFX3VVG2,Other,keyword,gauge_hud,0.9,N,20261002-123830-dd683fd
202609,CA,B0CSBRP2J6,Cable/Adapter,us_map,,1.0,N,20261002-123830-dd683fd
202609,CA,B07PGDD6ZN,Handheld,us_map,,1.0,N,20261002-123830-dd683fd
202609,CA,B0CDCGSLZW,Dongle,keyword,dongle,0.9,N,20261002-123830-dd683fd
202609,CA,B0DY3WC7NR,Cable/Adapter,keyword,cable_adapter,0.9,N,20261002-123830-dd683fd
202609,CA,B0F1QHGYXM,Other,default_other,,0.0,N,20261002-123830-dd683fd
202609,CA,B0F1Y3P1MF,Other,default_other,,0.0,N,20261002-123830-dd683fd
202609,CA,B0CYCC79F2,VCI,us_map,,1.0,N,20261002-123830-dd683fd
202609,CA,B0D6Y884YC,Dongle,us_map,,1.0,N,20261002-123830-dd683fd
202609,CA,B07DKYCF2F,Cable/Adapter,us_map,,1.0,N,20261002-123830-dd683fd
202609,CA,B0CP2PFJWS,Tablet,us_map,,1.0,N,20261002-123830-dd683fd
202609,CA,B07CZRRRWV,Other,us_map,,1.0,N,20261002-123830-dd683fd
202609,CA,B0DP7GL762,Other,default_other,,0.0,N,20261002-123830-dd683fd
202609,CA,B0CHVSP7QH,Handheld,us_map,,1.0,N,20261002-123830-dd683fd
202609,CA,B09Y1MSHV4,Handheld,us_map,,1.0,N,20261002-123830-dd683fd
202609,CA,B0B3YB4B5P,Handheld,keyword,handheld,0.9,N,20261002-123830-dd683fd
202609,CA,B07FM656YW,Cable/Adapter,keyword,cable_adapter,0.9,N,20261002-123830-dd683fd
202609,CA,B09Z24BVGP,Dongle,us_map,,1.0,N,20261002-123830-dd683fd
202609,CA,B0BRGTWGPH,VCI,us_map,,1.0,N,20261002-123830-dd683fd
202609,CA,B0DFCH7MCL,Cable/Adapter,us_map,,1.0,N,20261002-123830-dd683fd
202609,CA,B01G5EA74I,Handheld,us_map,,1.0,N,20261002-123830-dd683fd
202609,CA,B07Z3HB7DR,Handheld,us_map,,1.0,N,20261002-123830-dd683fd
202609,CA,B073XKQQQW,Dongle,us_map,,1.0,N,20261002-123830-dd683fd
202609,CA,B0GL9RL3XS,Dongle,us_map,,1.0,N,20261002-123830-dd683fd
202609,CA,B00652G4TS,Dongle,us_map,,1.0,N,20261002-123830-dd683fd
202609,CA,B07BS7PDC2,Handheld,us_map,,1.0,N,20261002-123830-dd683fd
202609,CA,B07WD9B7GR,Handheld,us_map,,1.0,N,20261002-123830-dd683fd
202609,CA,B07JFRFJG6,Dongle,us_map,,1.0,N,20261002-123830-dd683fd
202609,CA,B081VQVD3F,Cable/Adapter,us_map,,1.0,N,20261002-123830-dd683fd
202609,CA,B0CQ4KRQBH,Handheld,token_profile,profile:ancel,0.5714285714285714,N,20261002-123830-dd683fd
202609,CA,B076XVQMVS,Dongle,us_map,,1.0,N,20261002-123830-dd683fd
202609,CA,B0D44C1F7Y,Dongle,us_map,,1.0,N,20261002-123830-dd683fd
202609,CA,B0C3QQYQ1B,Dongle,us_map,,1.0,N,20261002-123830-dd683fd
202609,CA,B094Z7PBLS,Cable/Adapter,us_map,,1.0,N,20261002-123830-dd683fd
202609,CA,B0BZTXV6MZ,Dongle,us_map,,1.0,N,20261002-123830-dd683fd
202609,CA,B0B7WY4CWQ,Handheld,keyword,handheld,0.9,N,20261002-123830-dd683fd
202609,CA,B08NFLL3NT,Dongle,us_map,,1.0,N,20261002-123830-dd683fd
202609,CA,B0GX1QFBTB,Handheld,us_map,,1.0,N,20261002-123830-dd683fd
202609,CA,B08XK3DJ42,Tablet,us_map,,1.0,N,20261002-123830-dd683fd
202609,CA,B0FJR9684S,Handheld,us_map,,1.0,N,20261002-123830-dd683fd
202609,CA,B011NSX27A,Dongle,us_map,,1.0,N,20261002-123830-dd683fd
202609,CA,B0GXK1KF62,Handheld,keyword,handheld,0.9,N,20261002-123830-dd683fd
202609,CA,B0GXK4XVT9,Handheld,keyword,handheld,0.9,N,20261002-123830-dd683fd
202609,CA,B0919L1NV9,Handheld,us_map,,1.0,N,20261002-123830-dd683fd
202609,CA,B07MQ8GHG3,Cable/Adapter,us_map,,1.0,N,20261002-123830-dd683fd
202609,CA,B0FH794MQC,Dongle,us_map,,1.0,N,20261002-123830-dd683fd
202609,CA,B0FH574J2P,Dongle,us_map,,1.0,N,20261002-123830-dd683fd
202609,CA,B07CP5ZJVQ,Dongle,us_map,,1.0,N,20261002-123830-dd683fd
202609,CA,B07CFVD2P3,Dongle,us_map,,1.0,N,20261002-123830-dd683fd
202609,CA,B013RIQMEO,Dongle,us_map,,1.0,N,20261002-123830-dd683fd
202609,CA,B071FSNL73,Handheld,us_map,,1.0,N,20261002-123830-dd683fd
202609,CA,B0CNWHCL1J,Handheld,us_map,,1.0,N,20261002-123830-dd683fd
202609,CA,B06XGBKG8X,Dongle,us_map,,1.0,N,20261002-123830-dd683fd
202609,CA,B06XGB4QL7,Dongle,us_map,,1.0,N,20261002-123830-dd683fd
202609,CA,B06XGB4873,Dongle,us_map,,1.0,N,20261002-123830-dd683fd
202609,CA,B07C472G5Z,Dongle,us_map,,1.0,N,20261002-123830-dd683fd
202609,CA,B0CM9W4MCW,Dongle,us_map,,1.0,N,20261002-123830-dd683fd
202609,CA,B08694LQR1,Dongle,us_map,,1.0,N,20261002-123830-dd683fd
202609,CA,B0BJQKK2TJ,Cable/Adapter,us_map,,1.0,N,20261002-123830-dd683fd
202609,CA,B01N18TOFB,Handheld,us_map,,1.0,N,20261002-123830-dd683fd
202609,CA,B07D8RHBNB,Cable/Adapter,us_map,,1.0,N,20261002-123830-dd683fd
202609,CA,B07N6H7VH9,Handheld,keyword,handheld,0.9,N,20261002-123830-dd683fd
202609,CA,B0744B55QV,Tablet,us_map,,1.0,N,20261002-123830-dd683fd
202609,CA,B088LW211V,Dongle,us_map,,1.0,N,20261002-123830-dd683fd
202609,CA,B07QZBY49X,Tablet,us_map,,1.0,N,20261002-123830-dd683fd
202609,CA,B0CZ92SLDY,Cable/Adapter,us_map,,1.0,N,20261002-123830-dd683fd
202609,CA,B0091DJWV0,Handheld,keyword,handheld,0.9,N,20261002-123830-dd683fd
202609,CA,B0DHQSQYTR,Handheld,us_map,,1.0,N,20261002-123830-dd683fd
202609,CA,B0DFM25BZB,VCI,us_map,,1.0,N,20261002-123830-dd683fd
202609,CA,B07QVXGY16,Handheld,keyword,handheld,0.9,N,20261002-123830-dd683fd
202609,CA,B07QTJCDVK,Handheld,keyword,handheld,0.9,N,20261002-123830-dd683fd
202609,CA,B0G7F969NK,Dongle,keyword,dongle,0.9,N,20261002-123830-dd683fd
202609,CA,B0GJ3DRNMX,Handheld,keyword,handheld,0.9,N,20261002-123830-dd683fd
202609,CA,B0GR52T5X5,Dongle,us_map,,1.0,N,20261002-123830-dd683fd
202609,CA,B0C2V3RYLY,Handheld,us_map,,1.0,N,20261002-123830-dd683fd
202609,CA,B07XL3HK8W,Handheld,us_map,,1.0,N,20261002-123830-dd683fd
202609,CA,B07Z5JS7B9,Handheld,us_map,,1.0,N,20261002-123830-dd683fd
202609,CA,B017IG81SQ,Cable/Adapter,us_map,,1.0,N,20261002-123830-dd683fd
202609,CA,B07T1WS6J8,Handheld,us_map,,1.0,N,20261002-123830-dd683fd
202609,CA,B09LH3QFFQ,Tablet,us_map,,1.0,N,20261002-123830-dd683fd
202609,CA,B0G7P9D7J7,Dongle,us_map,,1.0,N,20261002-123830-dd683fd
202609,CA,B0DBJGKGB7,Dongle,us_map,,1.0,N,20261002-123830-dd683fd
202609,CA,B09L51SQ2J,Handheld,us_map,,1.0,N,20261002-123830-dd683fd
202609,CA,B0817D2L9J,Cable/Adapter,us_map,,1.0,N,20261002-123830-dd683fd
202609,CA,B0CYZRMCK9,Dongle,us_map,,1.0,N,20261002-123830-dd683fd
202609,CA,B09P9KG6GN,Tablet,us_map,,1.0,N,20261002-123830-dd683fd
202609,CA,B019QCG5RE,Handheld,us_map,,1.0,N,20261002-123830-dd683fd
202609,CA,B07N66TTQG,Handheld,us_map,,1.0,N,20261002-123830-dd683fd
202609,CA,B000EW0KHW,Handheld,us_map,,1.0,N,20261002-123830-dd683fd
202609,CA,B000EVU8C0,OBD1,us_map,,1.0,N,20261002-123830-dd683fd
202609,CA,B07ZJ3V5J3,Handheld,keyword,handheld,0.9,N,20261002-123830-dd683fd
202609,CA,B0GHYFW53B,Handheld,keyword,handheld,0.9,N,20261002-123830-dd683fd
202609,CA,B08FSXYXLG,Dongle,us_map,,1.0,N,20261002-123830-dd683fd
202609,CA,B0GFN39XPY,Tablet,us_map,,1.0,N,20261002-123830-dd683fd
202609,CA,B0DM4QTBQK,Handheld,keyword,handheld,0.9,N,20261002-123830-dd683fd
202609,CA,B0GVD5S28N,Dongle,keyword,dongle,0.9,N,20261002-123830-dd683fd
202609,CA,B07V3C47YD,Cable/Adapter,us_map,,1.0,N,20261002-123830-dd683fd
202609,CA,B0H98SBY7D,Dongle,keyword,dongle,0.9,N,20261002-123830-dd683fd
202609,CA,B084SWJL4J,Handheld,us_map,,1.0,N,20261002-123830-dd683fd
202609,CA,B0B96LTZNG,Handheld,us_map,,1.0,N,20261002-123830-dd683fd
202609,CA,B0FB982P4P,Handheld,keyword,handheld,0.9,N,20261002-123830-dd683fd
202609,CA,B0DCZT5RZC,Other,us_map,,1.0,N,20261002-123830-dd683fd
202609,CA,B0C3B3DDY8,Cable/Adapter,us_map,,1.0,N,20261002-123830-dd683fd
202609,CA,B0CBB3FHP9,Cable/Adapter,us_map,,1.0,N,20261002-123830-dd683fd
202609,CA,B071HP9JFJ,Cable/Adapter,us_map,,1.0,N,20261002-123830-dd683fd
202609,CA,B0711LGRGQ,Cable/Adapter,us_map,,1.0,N,20261002-123830-dd683fd
202609,CA,B08FSNVZVK,Dongle,us_map,,1.0,N,20261002-123830-dd683fd
202609,CA,B091YJ8M8H,Cable/Adapter,us_map,,1.0,N,20261002-123830-dd683fd
202609,CA,B091XZLY47,Cable/Adapter,us_map,,1.0,N,20261002-123830-dd683fd
202609,CA,B00H9S71LW,Dongle,us_map,,1.0,N,20261002-123830-dd683fd
202609,CA,B09NBXCR24,Cable/Adapter,us_map,,1.0,N,20261002-123830-dd683fd
202609,CA,B091Y9Y6PR,Cable/Adapter,us_map,,1.0,N,20261002-123830-dd683fd
202609,CA,B091Y8JWWB,Cable/Adapter,us_map,,1.0,N,20261002-123830-dd683fd
202609,CA,B08PB6DHBS,Tablet,us_map,,1.0,N,20261002-123830-dd683fd
202609,CA,B098PYB8XG,Tablet,us_map,,1.0,N,20261002-123830-dd683fd
202609,CA,B08PFJMTY3,Tablet,us_map,,1.0,N,20261002-123830-dd683fd
202609,CA,B0H11L43VG,Handheld,keyword,handheld,0.9,N,20261002-123830-dd683fd
202609,CA,B0B2NR31DQ,Handheld,us_map,,1.0,N,20261002-123830-dd683fd
202609,CA,B09Z1K9W8Z,Tablet,keyword,price_tablet_hint,0.9,N,20261002-123830-dd683fd
202609,CA,B0FRRYY8TC,Cable/Adapter,us_map,,1.0,N,20261002-123830-dd683fd
202609,CA,B0GMGV5LB7,Tablet,us_map,,1.0,N,20261002-123830-dd683fd
202609,CA,B07B49PHXD,Other,us_map,,1.0,N,20261002-123830-dd683fd
202609,CA,B0F3XRK4P9,Tablet,us_map,,1.0,N,20261002-123830-dd683fd
202609,CA,B0H3N7BZ27,Tablet,us_map,,1.0,N,20261002-123830-dd683fd
202609,CA,B073GW5MTS,Tablet,us_map,,1.0,N,20261002-123830-dd683fd
202609,CA,B007XE8C74,Handheld,us_map,,1.0,N,20261002-123830-dd683fd
202609,CA,B0GHXVYG2J,Handheld,keyword,handheld,0.9,N,20261002-123830-dd683fd
202609,CA,B00UJV3E12,Handheld,us_map,,1.0,N,20261002-123830-dd683fd
202609,CA,B0C4FGGVZ4,Cable/Adapter,us_map,,1.0,N,20261002-123830-dd683fd
202609,CA,B0D3F2953F,Cable/Adapter,us_map,,1.0,N,20261002-123830-dd683fd
202609,CA,B0CXHLG31Q,Cable/Adapter,us_map,,1.0,N,20261002-123830-dd683fd
202609,CA,B015COS1EK,Tablet,us_map,,1.0,N,20261002-123830-dd683fd
202609,CA,B0F6BFVRBQ,Handheld,keyword,scanner_lt380,0.8,N,20261002-123830-dd683fd
202609,CA,B0F9XVNDJH,Tablet,keyword,price_tablet_hint,0.9,N,20261002-123830-dd683fd
202609,CA,B0DT1D2YTQ,Dongle,keyword,dongle,0.9,N,20261002-123830-dd683fd
202609,CA,B0GXVK74S5,Tablet,us_map,,1.0,N,20261002-123830-dd683fd
202609,CA,B0CBB36LCT,Cable/Adapter,us_map,,1.0,N,20261002-123830-dd683fd
202609,CA,B0CBB189FF,Cable/Adapter,us_map,,1.0,N,20261002-123830-dd683fd
202609,CA,B09GBGNC87,Cable/Adapter,us_map,,1.0,N,20261002-123830-dd683fd
202609,CA,B091Y8Q9WM,Cable/Adapter,us_map,,1.0,N,20261002-123830-dd683fd
202609,CA,B082PTBZ6K,Cable/Adapter,us_map,,1.0,N,20261002-123830-dd683fd
202609,CA,B0B49QSD8J,Cable/Adapter,us_map,,1.0,N,20261002-123830-dd683fd
202609,CA,B091YLGJVW,Cable/Adapter,us_map,,1.0,N,20261002-123830-dd683fd
202609,CA,B0H55PX1MS,Other,default_other,,0.0,N,20261002-123830-dd683fd
202609,CA,B07Z481NJM,Handheld,us_map,,1.0,N,20261002-123830-dd683fd
202609,CA,B082MCG82X,Handheld,us_map,,1.0,N,20261002-123830-dd683fd
202609,CA,B091BQNR3S,Tablet,us_map,,1.0,N,20261002-123830-dd683fd
202609,CA,B0CS6PWPND,Handheld,us_map,,1.0,N,20261002-123830-dd683fd
202609,CA,B0CS6Q394M,Handheld,us_map,,1.0,N,20261002-123830-dd683fd
202609,CA,B01F0GVBWY,Cable/Adapter,us_map,,1.0,N,20261002-123830-dd683fd
202609,CA,B08YWTJY4F,Dongle,us_map,,1.0,N,20261002-123830-dd683fd
202609,CA,B0G2Y6Y36Q,Dongle,us_map,,1.0,N,20261002-123830-dd683fd
202609,CA,B07RK6CR4B,Handheld,keyword,handheld,0.9,N,20261002-123830-dd683fd
202609,CA,B06Y5ZGN7L,Dongle,us_map,,1.0,N,20261002-123830-dd683fd
202609,CA,B0FZQTRQ4J,Key,keyword,key,0.9,N,20261002-123830-dd683fd
202609,CA,B0BX9M2B38,Other,default_other,,0.0,N,20261002-123830-dd683fd
202609,CA,B089GGR2GC,Handheld,keyword,handheld,0.9,N,20261002-123830-dd683fd
202609,CA,B0FZ9FKQH4,Other,us_map,,1.0,N,20261002-123830-dd683fd
202609,CA,B0GDDWBY77,Tablet,us_map,,1.0,N,20261002-123830-dd683fd
202609,CA,B0BRD2Z6WB,Handheld,us_map,,1.0,N,20261002-123830-dd683fd
202609,CA,B0GD7R5KFP,Tablet,us_map,,1.0,N,20261002-123830-dd683fd
202609,CA,B0GGZNFY1C,Cable/Adapter,us_map,,1.0,N,20261002-123830-dd683fd
202609,CA,B0D7M4Q46L,Tablet,us_map,,1.0,N,20261002-123830-dd683fd
202609,CA,B0C244484X,Dongle,us_map,,1.0,N,20261002-123830-dd683fd
202609,CA,B0C244W4H5,Dongle,us_map,,1.0,N,20261002-123830-dd683fd
202609,CA,B0BVRKYYVP,Cable/Adapter,keyword,cable_adapter,0.9,N,20261002-123830-dd683fd
202609,CA,B0DY7FTT1Y,Dongle,keyword,dongle,0.9,N,20261002-123830-dd683fd
202609,CA,B0DB86T5F5,Tablet,us_map,,1.0,N,20261002-123830-dd683fd
202609,CA,B08925H3H1,Handheld,us_map,,1.0,N,20261002-123830-dd683fd
202609,CA,B0DHX29NMC,Tablet,us_map,,1.0,N,20261002-123830-dd683fd
202609,CA,B0H1R7BFG6,Other,default_other,,0.0,N,20261002-123830-dd683fd
202609,CA,B0CXSVLL6M,Tablet,us_map,,1.0,N,20261002-123830-dd683fd
202609,CA,B0DHX8FFVR,Tablet,us_map,,1.0,N,20261002-123830-dd683fd
202609,CA,B0D1MHF19J,Cable/Adapter,us_map,,1.0,N,20261002-123830-dd683fd
202609,CA,B09CTZM5Y6,Other,default_other,,0.0,N,20261002-123830-dd683fd
202609,CA,B0F7R3JGYM,Handheld,us_map,,1.0,N,20261002-123830-dd683fd
202609,CA,B08BRF2SMM,Dongle,us_map,,1.0,N,20261002-123830-dd683fd
202609,CA,B0BBYX39TL,Handheld,us_map,,1.0,N,20261002-123830-dd683fd
202609,CA,B01MQXWXC2,Handheld,keyword,handheld,0.9,N,20261002-123830-dd683fd
202609,CA,B0GQ4LPBYX,Dongle,keyword,dongle,0.9,N,20261002-123830-dd683fd
202609,CA,B07Y8HLS33,Dongle,us_map,,1.0,N,20261002-123830-dd683fd
202609,CA,B07BQQFDKQ,Tablet,us_map,,1.0,N,20261002-123830-dd683fd
202609,CA,B0FRY9299Y,Cable/Adapter,us_map,,1.0,N,20261002-123830-dd683fd
202609,CA,B08BR4KY1G,Dongle,us_map,,1.0,N,20261002-123830-dd683fd
202609,CA,B0DTHRXDSN,Handheld,keyword,handheld,0.9,N,20261002-123830-dd683fd
202609,CA,B0DGPWDKKD,Dongle,keyword,dongle,0.9,N,20261002-123830-dd683fd
202609,CA,B07G8QYRSN,Tablet,keyword,price_tablet_hint,0.9,N,20261002-123830-dd683fd
202609,CA,B0GYJZF7P6,Tablet,us_map,,1.0,N,20261002-123830-dd683fd
202609,CA,B07MQSZMWC,Cable/Adapter,keyword,cable_adapter,0.9,N,20261002-123830-dd683fd
202609,CA,B0895R2YMM,Handheld,token_profile,profile:autel,0.5714285714285714,N,20261002-123830-dd683fd
202609,CA,B0DQ5TW6M2,Cable/Adapter,us_map,,1.0,N,20261002-123830-dd683fd
202609,CA,B0FBWTJ9S4,Tablet,us_map,,1.0,N,20261002-123830-dd683fd
202609,CA,B0D9VTQWST,Tablet,us_map,,1.0,N,20261002-123830-dd683fd
202609,CA,B08KTTCKJ8,Handheld,us_map,,1.0,N,20261002-123830-dd683fd
202609,CA,B0CGHBKWNG,Cable/Adapter,us_map,,1.0,N,20261002-123830-dd683fd
202609,CA,B07Z46L5FG,Handheld,us_map,,1.0,N,20261002-123830-dd683fd
202609,CA,B07QW18S12,Tablet,us_map,,1.0,N,20261002-123830-dd683fd
202609,CA,B0DGXHW9TZ,Handheld,keyword,handheld,0.9,N,20261002-123830-dd683fd
202609,CA,B0H2JDHB49,Other,default_other,,0.0,N,20261002-123830-dd683fd
202609,CA,B0BSFTHFC1,Dongle,us_map,,1.0,N,20261002-123830-dd683fd
202609,CA,B085B14JFZ,Handheld,us_map,,1.0,N,20261002-123830-dd683fd
202609,CA,B0BFF5LG3Y,Handheld,us_map,,1.0,N,20261002-123830-dd683fd
202609,CA,B0DK4RLZW9,Tablet,us_map,,1.0,N,20261002-123830-dd683fd
202609,CA,B0HDZK9KGT,Handheld,keyword,scanner_lt380,0.8,N,20261002-123830-dd683fd
202609,CA,B09WYGSC44,Handheld,us_map,,1.0,N,20261002-123830-dd683fd
202609,CA,B07T9J34HT,Tablet,us_map,,1.0,N,20261002-123830-dd683fd
202609,CA,B0FBRY9VHN,Handheld,us_map,,1.0,N,20261002-123830-dd683fd
202609,CA,B0FBQZZZSD,Handheld,us_map,,1.0,N,20261002-123830-dd683fd
202609,CA,B0CHYGP6YB,Tablet,us_map,,1.0,N,20261002-123830-dd683fd
202609,CA,B017JOPMWA,Cable/Adapter,keyword,cable_adapter,0.9,N,20261002-123830-dd683fd
202609,CA,B0CSFNYXJJ,Cable/Adapter,us_map,,1.0,N,20261002-123830-dd683fd
202609,CA,B0CC4S7GHG,Cable/Adapter,keyword,cable_adapter,0.9,N,20261002-123830-dd683fd
202609,CA,B0053NRSN6,Cable/Adapter,us_map,,1.0,N,20261002-123830-dd683fd
202609,CA,B07T2GW9VV,Cable/Adapter,us_map,,1.0,N,20261002-123830-dd683fd
202609,CA,B0DKHL1H22,Handheld,us_map,,1.0,N,20261002-123830-dd683fd
202609,CA,B0DK98KF37,Dongle,us_map,,1.0,N,20261002-123830-dd683fd
202609,CA,B0FX3VZXTK,Tablet,us_map,,1.0,N,20261002-123830-dd683fd
202609,CA,B0DRYBPS97,Cable/Adapter,keyword,cable_adapter,0.9,N,20261002-123830-dd683fd
202609,CA,B0FBWPXCJ4,Cable/Adapter,keyword,cable_adapter,0.9,N,20261002-123830-dd683fd
