"URL","Image URL","ASIN","Title","Brand","Fulfillment","Category","BSR","UPC","GTIN","EAN","ISBN","Subcategory","Subcategory BSR","Price","Price Trend (90 days) (%)","Parent Level Sales","ASIN Sales","Sales Trend (90 days) (%)","Parent Level Revenue","ASIN Revenue","Review Count","Reviews Rating","Seller","Seller Country/Region","Number of Active Sellers","Last Year Sales","Sales Year Over Year (%)","Shipping Details","Length","Width","Height","Weight","Storage Fee (Jan - Sep)","Storage Fee (Oct - Dec)","Best Sales Period","Listing Age (Months)","Number of Images","Variation Count","Sales to Reviews"
"https://amazon.com/dp/B0DWFHLQ4H","https://m.media-amazon.com/images/I/61d9aAi-YyL._SX450_.jpg","B0DWFHLQ4H","M-AUTO Foldable Z Creeper 2-in-1 Rolling Folding Car Creeper & Seat, 36"" Adjustable Roller Garage Chair Lay Down or Sit, 330LBS Capacity Under Car Roller Creeper with 6 Swivel Casters, Green","M-AUTO","Amazon","Automotive",843,840256409024,"N/A",0840256409024,"N/A","Creepers",1,52.99,-15,3853,120,8,210883.26,6275.8,1689,4.4,"Amazon","N/A",1,41009,187,"Large bulky",4,17.3,22.5,13.1,"N/A","N/A","11/30/2025",15,9,9,2.3
"https://amazon.com/dp/B0BPSPKNMX","https://m.media-amazon.com/images/I/61SVBeOsr6L._SX450_.jpg","B0BPSPKNMX","M-AUTO Foldable Z Creeper 2-in-1 Rolling Folding Car Creeper & Seat, 36"" Adjustable Roller Garage Chair Lay Down or Sit, 330LBS Capacity Under Car Roller Creeper with 6 Swivel Casters, Black","M-AUTO","Amazon","Automotive",901,840256408782,"N/A",0840256408782,"N/A","Creepers",1,48.99,-17,3947,523,8,215962.93,25751.12,1688,4.4,"Amazon","N/A",1,41149,188,"Large bulky",4.25,17.5,22.25,12.8,"N/A","N/A","11/30/2025",40,9,9,2.37
"https://amazon.com/dp/B0DWFL8WPJ","https://m.media-amazon.com/images/I/61km4wEgoDL._SX450_.jpg","B0DWFL8WPJ","M-AUTO Heavy-Duty Convertible Mechanic Creeper, 48"" Padded Adjustable Headrest Roller Garage Chair with 7 Swivel Casters for Washing, Detailing, Maintenance, Green","M-AUTO","Amazon","Automotive",904,840256449457,"N/A",0840256449457,"N/A","Creepers",1,109.99,-6,3853,88,8,210883.26,9629.82,1689,4.4,"Amazon","N/A",1,41009,187,"Large bulky",4.5,18.25,48.25,28.1,"N/A","N/A","11/30/2025",16,9,9,2.3
"https://amazon.com/dp/B0BPSQWZSZ","https://m.media-amazon.com/images/I/71d6Aukw4ZL._SX450_.jpg","B0BPSQWZSZ","M-AUTO 40-Inch Folding Creeper Rolling Seat, All-in-One Adjustable Roller Garage Chair, Lay Down or Sit, 330LBS Capacity Under Car Roller Creeper with 6 Swivel Casters, Red","M-AUTO","Amazon","Automotive",950,840256408799,"N/A",0840256408799,"N/A","Creepers",1,49.99,3,3853,787,8,210883.26,39361,1688,4.4,"Amazon","N/A",1,41009,187,"Large bulky",4.17,17.72,24.17,14.45,"N/A","N/A","11/30/2025",41,9,9,2.31
"https://amazon.com/dp/B0BPSQMJ9V","https://m.media-amazon.com/images/I/71d6Aukw4ZL._SX450_.jpg","B0BPSQMJ9V","M-AUTO Foldable Z Creeper 2-in-1 Rolling Folding Car Creeper & Seat, 36"" Adjustable Roller Garage Chair Lay Down or Sit, 330LBS Capacity Under Car Roller Creeper with 6 Swivel Casters, Red","M-AUTO","Amazon","Automotive",952,840256408775,"N/A",0840256408775,"N/A","Creepers",1,45.99,14,3828,1035,8,208048.23,47604.64,1688,4.4,"Amazon","N/A",1,41009,187,"Large bulky",4.41,16.81,22.36,13.23,"N/A","N/A","11/30/2025",41,9,9,2.27
"https://amazon.com/dp/B0BTD971KF","https://m.media-amazon.com/images/I/61XZJiO6UZL._SX450_.jpg","B0BTD971KF","M-AUTO Heavy-Duty Convertible Mechanic Creeper, Z-Creeper 2-in-1 Creeper and Seat 48"" Padded Adjustable Headrest Roller Garage Chair with 7 Swivel Casters for Washing, Detailing, Maintenance, Black","M-AUTO","Amazon","Automotive",953,840256408829,"N/A",0840256408829,"N/A","Creepers",1,87.09,38,3853,101,8,210883.26,8817.13,1688,4.4,"Amazon","N/A",1,41009,187,"Large bulky",4,19,48,27.5,"N/A","N/A","11/30/2025",40,9,9,2.31
"https://amazon.com/dp/B0BPSMX6MS","https://m.media-amazon.com/images/I/61SVBeOsr6L._SX450_.jpg","B0BPSMX6MS","M-AUTO 40-Inch Folding Creeper Rolling Seat, All-in-One Adjustable Roller Garage Chair, Lay Down or Sit, 330LBS Capacity Under Car Roller Creeper with 6 Swivel Casters, Black","M-AUTO","Amazon","Automotive",953,840256408805,"N/A",0840256408805,"N/A","Creepers",1,49.99,-34,3853,624,8,210883.26,31175.01,1688,4.4,"Amazon","N/A",1,41009,187,"Large bulky",4.2,17.8,24,14.7,"N/A","N/A","11/30/2025",41,9,9,2.31
"https://amazon.com/dp/B0BTD8K75K","https://m.media-amazon.com/images/I/61glVpPSqdL._SX450_.jpg","B0BTD8K75K","M-AUTO Heavy-Duty Convertible Mechanic Creeper, Z-Creeper 2-in-1 Creeper and Seat 48"" Padded Adjustable Headrest Roller Garage Chair with 7 Swivel Casters for Washing, Detailing, Maintenance, Red","M-AUTO","Amazon","Automotive",953,840256408812,"N/A",0840256408812,"N/A","Creepers",1,87.39,-28,3853,375,8,210883.26,32864.55,1683,4.4,"Amazon","N/A",1,41009,187,"Large bulky",3.5,19,48,28,"N/A","N/A","11/30/2025",40,9,9,2.31
"https://amazon.com/dp/B0BZTW3XZK","https://m.media-amazon.com/images/I/61QhZRJRrdL._SX450_.jpg","B0BZTW3XZK","VEVOR Mechanic Creeper, Garage Gift, 36"" Z Creeper Seat, 2 in 1 Mechanic Gifts, 300 lbs Capacity, Low Profile Creeper with 6 pcs Wheels in Garage/Shop for Fathers Day Tool Gift","VEVOR","Amazon","Automotive",2486,840281566624,"N/A",0840281566624,"N/A","Creepers",2,37.9,-29,1140,722,29,46541.98,27345.25,1634,4.2,"Amazon","N/A",3,14815,"N/A","Large bulky",4.2,18.6,21.7,14.6,"N/A","N/A","10/31/2025",38,9,3,0.7
"https://amazon.com/dp/B0DGTHGFKS","https://m.media-amazon.com/images/I/419tYm8vW6L._SX450_.jpg","B0DGTHGFKS","VEVOR Foldable Z Garage Creeper, 36 in, 300 lbs Load Capacity Rolling Folding Mechanic Creeper Stool, with 6 Wheels Tool Tray Padded Seat Steel Frame, Lay Down or Sit Chair for Garage Shop or Home","VEVOR","Amazon","Automotive",2487,197988584605,"N/A",0197988584605,"N/A","Creepers",2,40.9,-1,1080,83,29,44216.49,3671.91,1639,4.2,"Amazon","N/A",3,14815,"N/A","Large bulky",21.65,4.53,17.32,13.89,"N/A","N/A","10/31/2025",20,12,3,0.67
"https://amazon.com/dp/B0DGTBTX4P","https://m.media-amazon.com/images/I/413R49FSfXL._SX450_.jpg","B0DGTBTX4P","VEVOR Foldable Z Garage Creeper, 40 in, 450 lbs Load Capacity Rolling Folding Mechanic Creeper Stool, with 6 Universal Wheels Padded Seat Steel Frame, Lay Down or Sit Chair for Garage Shop or Home","VEVOR","Amazon","Automotive",2487,197988583516,"N/A",0197988583516,"N/A","Creepers",2,46.72,-18,1080,316,29,44216.49,14699.56,1639,4.2,"Amazon","N/A",4,14815,"N/A","Large bulky",4.8,16.2,34.3,19.15,"N/A","N/A","10/31/2025",20,9,3,0.67
"https://amazon.com/dp/B0856T9M1M","https://m.media-amazon.com/images/I/61Vz8wKUeFL._SX450_.jpg","B0856T9M1M","DNA MOTORING 40 Inch Mechanic Creeper, Blow Molded Low Profile Rolling Garage Creeper, w/Padded Headrest, Dual Tool Trays, 350lbs Capacity, Red, TOOLS-00005","DNA MOTORING","Amazon","Automotive",2918,194286026233,"N/A",0194286026233,"N/A","Creepers",3,40.84,-11,1009,669,-34,47141.73,27974.54,1351,4.3,"Amazon","N/A",1,0,"N/A","Large bulky",3.94,18.9,40.75,13.01,"N/A","N/A","02/28/2026",75,7,8,0.75
"https://amazon.com/dp/B0DHVHBMMK","https://m.media-amazon.com/images/I/61qbve7ejAL._SX450_.jpg","B0DHVHBMMK","DNA Motoring 40 Inch Low Profile Plastic Rolling Garage Shop Floor Creeper with LED Light, Padded Headrest, Dual Tool Trays, Casters, Blue, TOOLS-00389-BL","DNA MOTORING","Amazon","Automotive",2918,194286287191,"N/A",0194286287191,"N/A","Creepers",3,54.99,-61,1026,98,-34,48369.75,5947.39,29,4.8,"Amazon","N/A",1,0,"N/A","Large bulky",3.9,19.9,41,13.8,"N/A","N/A","02/28/2026",20,7,8,36.63
"https://amazon.com/dp/B0CTJP6QCS","https://m.media-amazon.com/images/I/61HfJL-Jc7L._SX450_.jpg","B0CTJP6QCS","DNA Motoring 40 Inch Low Profile Plastic Rolling Garage Shop Floor Creeper with LED Light, Padded Headrest, Dual Tool Trays, Casters, Red, TOOLS-00389","DNA MOTORING","Amazon","Automotive",2919,194286204235,"N/A",0194286204235,"N/A","Creepers",3,54.99,-23,1026,152,-34,48369.75,8337.09,89,4.2,"Amazon","N/A",1,0,"N/A","Large bulky",3.8,19.8,40.51,14.25,"N/A","N/A","02/28/2026",27,7,8,11.79
"https://amazon.com/dp/B0DHVJB6BQ","https://m.media-amazon.com/images/I/61JDpreDI-L._SX450_.jpg","B0DHVJB6BQ","DNA Motoring 40 Inch Low Profile Plastic Rolling Garage Shop Floor Creeper with LED Light, Padded Headrest, Dual Tool Trays, Casters, Black, TOOLS-00389-BK","DNA MOTORING","Amazon","Automotive",3144,194286287184,"N/A",0194286287184,"N/A","Creepers",3,55.75,-2,1084,75,-34,51104.84,4554.96,21,4.2,"Amazon","N/A",1,0,"N/A","Large bulky",3.75,19.75,40.5,14.1,"N/A","N/A","02/28/2026",20,7,8,54.19
"https://amazon.com/dp/B0DWFGLDRM","https://m.media-amazon.com/images/I/61uuXEE0TsL._SX450_.jpg","B0DWFGLDRM","VICTORY DRIVE Upgraded Rolling Creeper Mat for Mechanics, 60 x 28 in Padded Automotive Work Mat for Cars, SUVs & Pickup Trucks, Black","VICTORY DRIVE","FBA","Automotive",3176,"N/A","N/A","N/A","N/A","Roller Seats & Creepers",4,36.88,11,976,912,56,35991.23,33617.66,175,4.4,"VictoryDrive","China",1,0,"N/A","Large Standard-Size",3.98,12.28,14.68,2.69,361.23,996.49,"12/31/2025",15,7,2,5.67
"https://amazon.com/dp/B0FXB1G9ZX","https://m.media-amazon.com/images/I/81FJqVIdGtL._SX450_.jpg","B0FXB1G9ZX","VICTORY DRIVE Upgraded Rolling Creeper Mat for Mechanics, 60 x 28 in Padded Automotive Work Mat for Cars, SUVs & Pickup Trucks, Red","VICTORY DRIVE","FBA","Automotive",3176,"N/A","N/A","N/A","N/A","Creepers",15,36.88,"N/A",925,56,40,34120.52,2068.59,175,4.4,"VictoryDrive","China",1,0,"N/A","Large Standard-Size",3.39,11.02,13.94,2.62,261.9,722.48,"12/31/2025",4,7,2,5.38
"https://amazon.com/dp/B0FGXQ5PN5","https://m.media-amazon.com/images/I/61zHgvfllwL._SX450_.jpg","B0FGXQ5PN5","Rolling Shop Stool with Wheels, Garage Mechanic Stool Chair with Backrest, Height Adjustable Heavy Duty Swivel Task Chair, Adjustable Footrest with Storage Tray for Garage Kitchen Salon Tattoo (Black)","FREEKYROCK","FBA","Automotive",3584,"N/A","N/A","N/A","N/A","Roller Seats",1,139.99,-23,1460,663,17,187535.46,84612.64,321,4.5,"FK Factory Directly","China",1,0,"N/A","Large bulky",11,17,17,21.8,1030.23,2575.58,"11/30/2025",11,9,3,4.62
"https://amazon.com/dp/B0FGXQDTB1","https://m.media-amazon.com/images/I/61k7sCVw0RL._SX450_.jpg","B0FGXQDTB1","Rolling Shop Stool with Wheels, Garage Mechanic Stool Chair with Backrest, Height Adjustable Heavy Duty Swivel Task Chair, Adjustable Footrest with Storage Tray for Garage Kitchen Salon Tattoo (Red)","FREEKYROCK","FBA","Automotive",3584,"N/A","N/A","N/A","N/A","Roller Seats",1,139.99,-21,1473,542,17,189364.71,70059.11,321,4.5,"FK Factory Directly","China",1,0,"N/A","Large bulky",10.84,16.9,17.06,22.28,1012.84,2532.09,"11/30/2025",11,9,3,4.59
"https://amazon.com/dp/B0G8JGHQK2","https://m.media-amazon.com/images/I/61YmjWO6f+L._SX450_.jpg","B0G8JGHQK2","Rolling Shop Stool with Wheels, Garage Mechanic Stool Chair with Backrest, Height Adjustable Heavy Duty Swivel Task Chair, Adjustable Footrest with Storage Tray for Garage Kitchen Salon Tattoo (Blue)","FREEKYROCK","FBA","Automotive",3587,"N/A","N/A","N/A","N/A","Roller Seats",1,139.99,-17,1571,260,17,203072.49,33556,321,4.5,"FK Factory Directly","China",1,0,"N/A","Large bulky",10.5,17,17,21.6,983.4,2458.51,"11/30/2025",4,9,3,4.97
"https://amazon.com/dp/B0D1B1CJYW","https://m.media-amazon.com/images/I/51KOPXf6wZL._SX450_.jpg","B0D1B1CJYW","FreekyFit Shop Stool with Backrest, Mechanic Garage Stool for Workshop, Adjustable Shop Stools Chair, Padded Workbench Stools for Men Women, 300 LBS Capacity, 360° Swivel PVC Seat, Heavy Duty, Red","FreekyFit","FBA","Automotive",3606,"N/A","N/A","N/A","N/A","Roller Seats",1,88.99,22,1467,235,-2,124335.81,20176.29,539,4.6,"FreekyFit","China",1,12546,"N/A","Large bulky",8.8,15.9,16,18.5,725.51,1813.78,"04/30/2026",24,9,7,2.77
"https://amazon.com/dp/B0D1BHQD2T","https://m.media-amazon.com/images/I/51k4d7pcw5L._SX450_.jpg","B0D1BHQD2T","FreekyFit Shop Stool with Backrest, Mechanic Garage Stool for Workshop, Adjustable Shop Stools Chair, Padded Workbench Stools for Men Women, 300 LBS Capacity, 360° Swivel PVC Seat, Heavy Duty, Black","FreekyFit","FBA","Automotive",3607,"N/A","N/A","N/A","N/A","Roller Seats",1,85.99,2,1570,767,-2,133332.43,63804.98,539,4.6,"FreekyFit","China",1,12546,"N/A","Large bulky",9.5,15.95,16.5,18.75,810.24,2025.59,"04/30/2026",24,9,7,2.91
"https://amazon.com/dp/B07YBS1GJ9","https://m.media-amazon.com/images/I/71-kjpVHxuL._SX450_.jpg","B07YBS1GJ9","Pro-LifT C-2036DG Black/Green 300 Lbs Mechanic Creeper","Pro-LifT","Amazon","Automotive",3721,652597469564,00652597469564,0652597469564,"N/A","Creepers",4,59.99,16,1002,693,11,60055.82,41580.01,28323,4.5,"Amazon","N/A",4,38221,-62,"Large bulky",4.7,17.4,22.1,15.45,"N/A","N/A","11/30/2024",80,5,2,0.04
"https://amazon.com/dp/B0D1BBF3C5","https://m.media-amazon.com/images/I/51k4d7pcw5L._SX450_.jpg","B0D1BBF3C5","FreekyFit Shop Stool with Backrest, Mechanic Garage Stool for Workshop, Adjustable Bar Stool Chair, Padded Workbench Stool for Men Women, 300 LBS Capacity, 360° Swivel PVC Seat, Heavy Duty","FreekyFit","FBA","Automotive",3849,"N/A","N/A","N/A","N/A","Roller Seats",2,85.99,"N/A",1606,0,18,136476.46,"-",539,4.6,"FreekyFit","China",0,12786,"N/A","N/A","N/A","N/A","N/A","N/A","N/A","N/A","04/30/2026",28,9,7,3.03
"https://amazon.com/dp/B00826OVWW","https://m.media-amazon.com/images/I/41S28OehbxL._SX450_.jpg","B00826OVWW","Pro-Lift C-2036D Grey 36"" Z-Creeper Seat , Black","Pro-LifT","FBM","Automotive",3927,652597529466,00652597529466,0652597529466,"N/A","Creepers",4,59.99,-15,936,296,14,56007.21,17632.02,28333,4.5,"MVP Superstore","USA",7,38103,-62,"Large bulky",5,18,22,14.4,"N/A","N/A","11/30/2024",168,2,2,0.03
"https://amazon.com/dp/B097DGQTLP","https://m.media-amazon.com/images/I/71IbIlOBFKL._SX450_.jpg","B097DGQTLP","VEVOR Mechanic Stool 300 LBS Capacity Garage Stool Gift for Men, Heavy Duty Rolling Mechanics Seat, with Three Slide Out Tool Trays and Drawer, Tools for Automotive Auto Repair","VEVOR","Amazon","Automotive",4229,614198608919,"N/A",0614198608919,"N/A","Roller Seats",3,55.9,-24,1235,1235,16,69061.95,69061.82,1330,4.4,"Amazon","N/A",2,15183,"N/A","Large bulky",10.7,12,22.7,14.05,"N/A","N/A","11/30/2025",59,12,0,0.93
"https://amazon.com/dp/B0DS5PN7NC","https://m.media-amazon.com/images/I/51S7SzsfhnL._SX450_.jpg","B0DS5PN7NC","FreekyFit Shop Stool with Backrest, Mechanic Garage Stool for Workshop, Adjustable Shop Stools Chair, Padded Workbench Stools for Men Women, 300 LBS Capacity, 360° Swivel PVC Seat, Heavy Duty, Yellow","FreekyFit","FBA","Automotive",4403,"N/A","N/A","N/A","N/A","Roller Seats",2,88.99,8,1467,100,-2,124335.81,8682.89,539,4.6,"FreekyFit","China",1,12546,"N/A","Large bulky",8.3,15.6,16.2,18.4,679.77,1699.43,"04/30/2026",15,9,7,2.77
"https://amazon.com/dp/B0GQXJ5LNK","https://m.media-amazon.com/images/I/51NrTN8VASL._SX450_.jpg","B0GQXJ5LNK","FreekyFit Shop Stool with Backrest, Mechanic Garage Stool for Workshop, Adjustable Shop Stools Chair, Padded Workbench Stools for Men Women, 300 LBS Capacity, 360° Swivel PVC Seat, Heavy Duty, Brown","FreekyFit","FBA","Automotive",4403,"N/A","N/A","N/A","N/A","Roller Seats",2,88.99,"N/A",1467,108,-2,124335.81,9398.55,532,4.6,"FreekyFit","China",1,12546,"N/A","Large bulky",8.25,16,16,18.5,684.44,1711.11,"04/30/2026",1,9,7,2.76
"https://amazon.com/dp/B0FFRZMRZV","https://m.media-amazon.com/images/I/515vLLFCI0L._SX450_.jpg","B0FFRZMRZV","FreekyFit Shop Stool with Backrest, Mechanic Garage Stool for Workshop, Adjustable Shop Stools Chair, Padded Workbench Stools for Men Women, 300 LBS Capacity, 360° Swivel PVC Seat, Heavy Duty, Blue","FreekyFit","FBA","Automotive",4404,"N/A","N/A","N/A","N/A","Roller Seats",2,88.99,-27,1606,169,-2,136476.46,14629.15,539,4.6,"FreekyFit","China",1,12546,"N/A","Large bulky",8.5,15.5,16.5,18.3,704.5,1761.24,"04/30/2026",9,9,7,3.03
"https://amazon.com/dp/B0DS5PR2QQ","https://m.media-amazon.com/images/I/510ZyyvrVzL._SX450_.jpg","B0DS5PR2QQ","FreekyFit Shop Stool with Backrest, Mechanic Garage Stool for Workshop, Adjustable Shop Stools Chair, Padded Workbench Stools for Men Women, 300 LBS Capacity, 360° Swivel PVC Seat, Heavy Duty, Pink","FreekyFit","FBA","Automotive",4404,"N/A","N/A","N/A","N/A","Roller Seats",2,88.99,-4,1467,107,-2,124335.81,9138.3,539,4.6,"FreekyFit","China",1,12546,"N/A","Large bulky",8.3,15.5,16.2,18.85,675.41,1688.53,"04/30/2026",17,9,7,2.77
"https://amazon.com/dp/B0GVYDQXP2","https://m.media-amazon.com/images/I/81LkA5UlmOL._SX450_.jpg","B0GVYDQXP2","YQCQWL Magic Rolling Creeper Mat - Portable Mechanics Mat for Low Clearance, Slide Under Car Easily, Foldable Garage Padded Mat for Car Repair with Storage Bag, Popular Men's Gift for Father","YQCQWL","FBA","Automotive",4492,"N/A","N/A","N/A","N/A","Creepers",5,39.99,952,505,35,,13267.69,1225.42,60,4.4,"YQCQWL","China",1,0,"N/A","Large Standard-Size",4.76,12.87,15.12,2.27,466.35,1286.49,"04/30/2026",0,7,2,9.02
"https://amazon.com/dp/B0FXLFM1YS","https://m.media-amazon.com/images/I/71x+BjQF1aL._SX450_.jpg","B0FXLFM1YS","Rolling Creeper Mat, 145×67cm Portable Under Car Repair Pad with Storage Bag, Mechanics Mat for Low Clearance, Auto Repairing Tool for Working On The Ground, Gifts for Him Men Dad Husband Fathers 2026","YQCQWL","FBA","Automotive",4505,"N/A","N/A","N/A","N/A","Creepers",5,29.99,-29,626,593,,17000.44,15647.75,60,4.4,"YQCQWL","China",1,0,"N/A","Large Standard-Size",3.31,10.08,13.94,2.4,234.17,645.98,"04/30/2026",5,8,2,10.44
"https://amazon.com/dp/B0FXKM871K","https://m.media-amazon.com/images/I/71bd5pC04qL._SX450_.jpg","B0FXKM871K","Big RED Rolling Mechanic Stool with Tool Tray, Pneumatic Garage Seat, Adjustable Height Form 17""-22"",Storage Workshop Chair for Auto Repair","BIG RED","Amazon","Automotive",4581,810151423456,"N/A",0810151423456,"N/A","Roller Seats",3,55.99,14,1020,83,-25,27111.77,4544.47,7005,4.6,"Amazon","N/A",1,0,"N/A","Large bulky",6.3,15.75,15.75,14.4,"N/A","N/A","11/30/2025",7,6,2,0.15
"https://amazon.com/dp/B077VW227N","https://m.media-amazon.com/images/I/71pJjKbLKTL._SX450_.jpg","B077VW227N","MaxWorks 80771 Pneumatic Roller Seat/Creeper with Adjustable Height - 300 lb Capacity","MaxWorks","Amazon","Automotive",4668,817399017713,00817399017713,0817399017713,"N/A","Creepers",5,35.99,-42,1278,1156,-82,48319.17,41596.24,1033,4.7,"Amazon","N/A",1,22972,"N/A","Large bulky",5.43,16.46,16.77,12.48,"N/A","N/A","11/30/2025",102,9,2,1.24
"https://amazon.com/dp/B0D12JNRNZ","https://m.media-amazon.com/images/I/71o--YzBEDL._SX450_.jpg","B0D12JNRNZ","MaxWorks 50957 Ergonomic Seat Mechanic Stool Chair 22.9"" L x 13.9"" W x 17"" H, with 4pcs 2.5"" Swivel Casters, with Tool Tray for Workshop, Garage, Auto Repair - 300 Lbs Capacity","MaxWorks","Amazon","Automotive",4673,812351039574,"N/A",0812351039574,"N/A","Roller Seats",86,54.99,-16,1193,108,-75,44983.66,5944.2,20,4.3,"Amazon","N/A",1,23038,"N/A","Large bulky",6.6,14,24.2,9.9,"N/A","N/A","11/30/2025",21,7,2,59.64
"https://amazon.com/dp/B000COC67E","https://m.media-amazon.com/images/I/41w5yshlpZL._SX450_.jpg","B000COC67E","Torin TR6300 Red Rolling Creeper Garage/Shop Seat: Padded Mechanic Stool with Tool Tray Large","BIG RED","Amazon","Automotive",4721,810151421988,00810151421988,8017337110182,"N/A","Roller Seats",4,24.07,-27,1172,1068,-25,31451.63,25683.99,7002,4.6,"Amazon","N/A",1,0,"N/A","Large bulky",4.7,14.8,15.5,9.8,"N/A","N/A","11/30/2025",246,7,2,0.17
"https://amazon.com/dp/B0FD3VMZZ4","https://m.media-amazon.com/images/I/710Mhmd2-DL._SX450_.jpg","B0FD3VMZZ4","FREEKYROCK Rolling Stool with Wheels, Adjustable Height Pneumatic Garage Work Mechanic Stool Seat with Backrest, 400 LBS Capacity 360° Swivel Mechanic Crepper Chair with Tool Tray Storage, Black","FREEKYROCK","FBA","Automotive",5299,"N/A","N/A","N/A","N/A","Roller Seats",6,157.99,-23,869,124,-9,132159.38,18991.22,308,4.4,"FK Factory Directly","China",1,8128,"N/A","Large bulky",11.5,17.8,22.8,25.9,1512.51,3781.26,"11/30/2025",11,9,6,2.86
"https://amazon.com/dp/B092531J7H","https://m.media-amazon.com/images/I/812qrAopZUL._SX450_.jpg","B092531J7H","WEN 73011T 250 lb. Capacity Rolling Mechanic Seat with Onboard Storage","WEN","Amazon","Automotive",5333,044459731115,00044459731115,0044459731115,"N/A","Roller Seats",6,24.98,-37,686,686,69,17135.54,17128.6,621,4.6,"Amazon","N/A",2,7054,22,"Large bulky",3.25,15,15.5,10,"N/A","N/A","09/30/2025",61,4,2,1.1
"https://amazon.com/dp/B09T6CJ619","https://m.media-amazon.com/images/I/61Tt0rieqTL._SX450_.jpg","B09T6CJ619","DNA Motoring TOOLS-00192 48"" 2 IN 1 Folding Rolling Garage Shop Creeper Roller Seat, 7 Pcs 2"" Casters, 350 Lbs Weight Capacity, Red","DNA MOTORING","Amazon","Automotive",5462,194286110192,"N/A",0194286110192,"N/A","Creepers",5,86.39,-37,1367,69,-33,66031.29,6609.49,1396,4.3,"Amazon","N/A",1,0,"N/A","Large bulky",4.5,18.5,48,29.55,"N/A","N/A","02/28/2026",51,7,20,0.98
"https://amazon.com/dp/B09YCNHKNS","https://m.media-amazon.com/images/I/61kdm6K9PHL._SX450_.jpg","B09YCNHKNS","‎DNA MOTORING TOOLS-00187 40 Inches 2 IN 1 Rolling Folding Car Creeper/Seat, 6 Pcs 2"" Casters, 150kg Weight Capacity, Gray","DNA MOTORING","Amazon","Automotive",5462,194286110147,"N/A",0194286110147,"N/A","Creepers",5,56.99,"N/A",1370,54,-33,65822.15,3605.43,1396,4.3,"Amazon","N/A",1,0,"N/A","Large bulky",3.75,17.25,24,13.95,"N/A","N/A","02/28/2026",49,7,20,0.99
"https://amazon.com/dp/B0DRYFQ974","https://m.media-amazon.com/images/I/718CJ9dywKL._SX450_.jpg","B0DRYFQ974","FREEKYROCK Rolling Stool with Wheels, Adjustable Height Pneumatic Garage Work Mechanic Stool Seat with Backrest, 400 LBS Capacity 360° Swivel Mechanic Crepper Chair with Tool Tray Storage, Yellow","FREEKYROCK","FBA","Automotive",5521,"N/A","N/A","N/A","N/A","Roller Seats",6,157.99,-32,839,118,-9,126558.86,17492.09,308,4.4,"FK Factory Directly","China",1,8128,"N/A","Large bulky",12.5,18,22.75,24.95,1658.85,4147.14,"11/30/2025",13,9,6,2.76
"https://amazon.com/dp/B0DRYFNXHH","https://m.media-amazon.com/images/I/71OL3KnRfHL._SX450_.jpg","B0DRYFNXHH","FREEKYROCK Rolling Stool with Wheels, Adjustable Height Pneumatic Garage Work Mechanic Stool Seat with Backrest, 400 LBS Capacity 360° Swivel Mechanic Crepper Chair with Tool Tray Storage, Pink","FREEKYROCK","FBA","Automotive",5521,"N/A","N/A","N/A","N/A","Roller Seats",6,157.99,-10,839,85,-9,126558.86,12659.65,308,4.4,"FK Factory Directly","China",1,8128,"N/A","Large bulky",12.1,17.7,22.9,25.15,1589.42,3973.55,"11/30/2025",13,9,6,2.76
"https://amazon.com/dp/B0FD359J1W","https://m.media-amazon.com/images/I/51aYEWZVVQL._SX450_.jpg","B0FD359J1W","FREEKYROCK Rolling Stool with Wheels, Adjustable Height Pneumatic Garage Work Mechanic Stool Seat with Backrest, 400 LBS Capacity 360° Swivel Mechanic Crepper Chair with Tool Tray Storage, Blue","FREEKYROCK","FBA","Automotive",5523,"N/A","N/A","N/A","N/A","Roller Seats",6,157.99,-32,839,118,-9,126558.86,18083.17,308,4.4,"FK Factory Directly","China",1,8128,"N/A","Large bulky",12.2,17.7,22.9,25.5,1602.55,4006.39,"11/30/2025",11,9,6,2.76
"https://amazon.com/dp/B09YC1F8FM","https://m.media-amazon.com/images/I/41U2fL2AINL._SX450_.jpg","B09YC1F8FM","‎DNA MOTORING TOOLS-00186 40 Inches 2 IN 1 Rolling Folding Car Creeper/Seat, 6 Pcs 2"" Casters, 150kg Weight Capacity, Red","DNA MOTORING","Amazon","Automotive",5592,194286110130,"N/A",0194286110130,"N/A","Creepers",6,56.99,-38,1150,512,-33,57004.66,22609.76,1396,4.3,"Amazon","N/A",1,0,"N/A","Large bulky",4,17.5,23.6,14.3,"N/A","N/A","02/28/2026",49,7,20,0.82
"https://amazon.com/dp/B09VSF4P2F","https://m.media-amazon.com/images/I/619KwXec4hL._SX450_.jpg","B09VSF4P2F","‎DNA MOTORING TOOLS-00184 36 Inches 2 IN 1 Rolling Folding Car Creeper/Seat, 6 Pcs 2"" Casters, 150kg Weight Capacity, Red","DNA MOTORING","Amazon","Automotive",5592,194286110116,"N/A",0194286110116,"N/A","Creepers",6,44.81,"N/A",1370,123,-33,65822.15,5996.96,1396,4.3,"Amazon","N/A",1,0,"N/A","Large bulky",4.72,18.9,23.23,13.23,"N/A","N/A","02/28/2026",50,7,20,0.99
"https://amazon.com/dp/B0D62XBWFG","https://m.media-amazon.com/images/I/61cDVScwdTL._SX450_.jpg","B0D62XBWFG","DNA Motoring 36 Inches Folding 2 in 1 Rolling Z Creeper, Adjustable Roller Garage Chair Lay Down or Sit, 6 Pcs Casters, 330 LBS / 150kg Weight Capacity, Black, TOOLS-00493","DNA MOTORING","Amazon","Automotive",5593,194286171247,"N/A",0194286171247,"N/A","Creepers",6,40.59,-18,1370,170,-33,65822.15,8143.69,1399,4.3,"Amazon","N/A",1,0,"N/A","Large bulky",5,17,22.5,13,"N/A","N/A","02/28/2026",24,7,20,0.98
"https://amazon.com/dp/B0DRYG8GKK","https://m.media-amazon.com/images/I/71ZeCLRarUL._SX450_.jpg","B0DRYG8GKK","FREEKYROCK Rolling Stool with Wheels, Adjustable Height Pneumatic Garage Work Mechanic Stool Seat with Backrest, 400 LBS Capacity 360° Swivel Mechanic Crepper Chair with Tool Tray Storage, Red","FREEKYROCK","FBA","Automotive",5754,"N/A","N/A","N/A","N/A","Roller Seats",6,155.99,-8,869,333,-9,132159.38,50737.04,308,4.4,"FK Factory Directly","China",1,8128,"N/A","Large bulky",12.25,18,22.75,25.35,1625.68,4064.19,"11/30/2025",13,9,6,2.86
"https://amazon.com/dp/B0FD3TPT51","https://m.media-amazon.com/images/I/71ExZrHRVHL._SX450_.jpg","B0FD3TPT51","FREEKYROCK Rolling Stool with Wheels, Adjustable Height Pneumatic Garage Work Mechanic Stool Seat with Backrest, 400 LBS Capacity 360° Swivel Mechanic Crepper Chair with Tool Tray Storage, Gray","FREEKYROCK","FBA","Automotive",5755,"N/A","N/A","N/A","N/A","Roller Seats",6,157.99,-29,839,78,-9,126558.86,11703.79,308,4.4,"FK Factory Directly","China",1,8128,"N/A","Large bulky",12.28,18.54,23.31,25.46,1719.87,4299.67,"11/30/2025",11,9,6,2.76
"https://amazon.com/dp/B0D78HBBZS","https://m.media-amazon.com/images/I/61KisUyjDNL._SX450_.jpg","B0D78HBBZS","DNA Motoring 40 Inches Folding 2 in 1 Rolling Z Creeper, Adjustable Roller Garage Chair Lay Down or Sit, 6 Pcs 2"" Casters, 150kg Weight Capacity, Black, TOOLS-00494","DNA MOTORING","Amazon","Automotive",6632,194286171230,"N/A",0194286171230,"N/A","Creepers",6,56.99,-37,1370,338,-33,65822.15,15198.33,1399,4.3,"Amazon","N/A",1,0,"N/A","Large bulky",3.55,17.5,24,14.05,"N/A","N/A","02/28/2026",23,7,20,0.98
"https://amazon.com/dp/B0BM4C2L13","https://m.media-amazon.com/images/I/71szBhRsATL._SX450_.jpg","B0BM4C2L13","DNA Motoring TOOLS-00253 Adjustable Height Pneumatic Garage Seat Rolling Mechanic Stool with Tool Tray Storage,300lbs Max Weight Capacity","DNA MOTORING","Amazon","Automotive",6918,194286149055,"N/A",0194286149055,"N/A","Roller Seats",7,45.89,-26,583,504,37,29647.3,23239.05,337,4.3,"Amazon","N/A",1,0,"N/A","Large bulky",5,17.4,18.8,12.65,"N/A","N/A","11/30/2025",42,7,5,1.73
"https://amazon.com/dp/B0CXJ2VRPH","https://m.media-amazon.com/images/I/71v4FTcXhFL._SX450_.jpg","B0CXJ2VRPH","DNA Motoring Adjustable Height Pneumatic Garage Seat Rolling Mechanic Stool with Tool Tray Storage,300lbs Max Weight Capacity, Blue,TOOLS-00480","DNA MOTORING","Amazon","Automotive",6919,194286212384,"N/A",0194286212384,"N/A","Roller Seats",7,81.99,-39,479,69,-3,24420.41,5478.3,340,4.3,"Amazon","N/A",1,0,"N/A","Large bulky",5,17,19,12.15,"N/A","N/A","11/30/2025",27,7,5,1.42
"https://amazon.com/dp/B0DHHW9PNG","https://m.media-amazon.com/images/I/71pJjKbLKTL._SX450_.jpg","B0DHHW9PNG","MaxWorks 80771 Pneumatic Roller","MaxWorks","Amazon","Automotive",7519,"N/A","N/A","N/A","N/A","Creepers",8,35.99,"N/A",1193,0,-82,44983.66,"-",1033,4.7,"Amazon","N/A",0,22945,"N/A","N/A","N/A","N/A","N/A","N/A","N/A","N/A","11/30/2025",20,9,2,1.16
"https://amazon.com/dp/B0CH858XL3","https://m.media-amazon.com/images/I/61yL-HIFHXL._SX450_.jpg","B0CH858XL3","VEVOR Top Automotive Creeper, Engine Creeper 42.5""-64.8"", 400 LBS Capacity High Top Creeper, 4 Swivel Caster Wheels, Padded Deck, Creeper for Home Garage, Workshop Repair Maintenance","VEVOR","Amazon","Automotive",7917,840349963907,"N/A",0840349963907,"N/A","Creepers",7,137.9,-1,827,343,3,127043.83,48040.74,631,4.3,"Amazon","N/A",1,10638,"N/A","Extra-large 50+ to 70 lb",8.66,22.44,42.52,68.34,"N/A","N/A","11/30/2025",32,9,4,1.31
"https://amazon.com/dp/B0CLP1B9QJ","https://m.media-amazon.com/images/I/61Yn6rpP6VL._SX450_.jpg","B0CLP1B9QJ","VEVOR Top Automotive Creeper, with Adjustable Height 45.7"" to 66.3"", 400 LBS Capacity High Creeper, 4 Swivel Caster Wheels, Heavy Duty Foldable Creeper for Auto Repair and Maintenance","VEVOR","Amazon","Automotive",7917,840349963914,00840349963914,0840349963914,"N/A","Creepers",7,139.09,-26,839,76,3,130100.31,10523.24,631,4.3,"Amazon","N/A",3,10638,"N/A","Extra-large 50+ to 70 lb",9.06,20,46.67,62.48,"N/A","N/A","11/30/2025",30,9,4,1.34
"https://amazon.com/dp/B0CJ31H59J","https://m.media-amazon.com/images/I/31c9-ayxP9L._SX450_.jpg","B0CJ31H59J","VEVOR Top Automotive Creeper, with Adjustable Height 49.6"" to 75.6"", 400 LBS Capacity High Creeper, 4 Swivel Caster Wheels, Heavy Duty Creeper for Auto Repair and Maintenance","VEVOR","Amazon","Automotive",7920,840349963921,"N/A",0840349963921,"N/A","Creepers",7,166.9,35,839,74,3,130100.31,12335.35,631,4.3,"Amazon","N/A",3,10638,"N/A","Extra-large 50+ to 70 lb",53.35,19.88,9.06,66.18,"N/A","N/A","11/30/2025",32,9,4,1.34
"https://amazon.com/dp/B0DXPCD6PL","https://m.media-amazon.com/images/I/717tRL4ZxLL._SX450_.jpg","B0DXPCD6PL","VEVOR Automotive Topside Creeper, 400 LBS Capacity High Creeper with 48"" to 76"" Adjustable Height, 4 Swivel Caster Wheels, Heavy Duty Automotive Engine Creeper, Ideal for Auto Repair and Maintenance","VEVOR","Amazon","Automotive",8363,197988343097,"N/A",0197988343097,"N/A","Creepers",8,169.9,-1,839,391,3,130100.31,64854.38,635,4.3,"Amazon","N/A",2,10638,"N/A","Extra-large 70+ to 150 lb",8.5,22,46,77,"N/A","N/A","11/30/2025",15,9,4,1.34
"https://amazon.com/dp/B08KTRJQZF","https://m.media-amazon.com/images/I/61KI2Ur6AaL._SX450_.jpg","B08KTRJQZF","Big RED ATRHL6201R Torin Heavy Duty Rolling Pneumatic Creeper Garage/Shop Seat: Padded Adjustable Mechanic Stool with Tool Tray Storage, Red Large,15.36"" D x 15.36"" W x 4.73"" H","BIG RED","Amazon","Automotive",8692,810151423449,00810151423449,0810151423449,"N/A","Roller Seats",13,46.05,-5,563,50,31,23972.87,2314.72,2915,4.5,"Amazon","N/A",1,8226,"N/A","Large bulky",5.12,15.75,16.14,12.35,"N/A","N/A","12/31/2025",68,8,4,0.19
"https://amazon.com/dp/B0FLCR3GDS","https://m.media-amazon.com/images/I/71FmAlSM3AL._SX450_.jpg","B0FLCR3GDS","Big RED 250lb Red Rolling Automotive Creeper Garage/Shop Seat: Padded Mechanic Stool with Tool Large Tray Suitable for garages, Repair Shops","BIG RED","Amazon","Automotive",8692,810151427959,"N/A",0810151427959,"N/A","Creepers",27,30.73,3,542,193,31,23124.03,5007.24,2915,4.5,"Amazon","N/A",1,8226,"N/A","Large bulky",15,15.5,5.7,11,"N/A","N/A","12/31/2025",10,7,4,0.19
"https://amazon.com/dp/B000COC67O","https://m.media-amazon.com/images/I/61hrulNuSbL._SX450_.jpg","B000COC67O","BIG RED TR6350 Torin Rolling Pneumatic Creeper Garage/Shop Seat: Padded Adjustable Mechanic Stool with Tool Tray Storage, Red Large","BIG RED","Amazon","Automotive",8925,615268363509,00615268363509,0615268363509,"N/A","Roller Seats",13,55.99,10,563,153,31,23972.87,8562.27,2914,4.5,"Amazon","N/A",1,8226,"N/A","Large bulky",6.45,15.45,16,13.98,"N/A","N/A","12/31/2025",237,7,4,0.19
"https://amazon.com/dp/B0BG1S54HL","https://m.media-amazon.com/images/I/619LSD1RKQL._SX450_.jpg","B0BG1S54HL","Big RED ATRXF8308R Torin Heavy Duty Pneumatic Garage Rolling Stool/Creeper Seat with Removable Plastic Tray, 300 lb Capacity, Black/Red","BIG RED","Amazon","Automotive",9177,810104642361,"N/A",0810104642361,"N/A","Roller Seats",15,49.99,-1,537,154,31,22983.89,7714.28,2915,4.5,"Amazon","N/A",1,8226,"N/A","Large bulky",5.3,17.6,18.7,12.15,"N/A","N/A","12/31/2025",44,5,4,0.18
"https://amazon.com/dp/B0F1FJSH5T","https://m.media-amazon.com/images/I/61zU1DDnoCL._SX450_.jpg","B0F1FJSH5T","Auto Dynasty 40 Inches Mechanic Creeper, Automotive Garage Repair Low Profile Under Car Rolling Creeper with LED Light and Padded Headrest, Plastic, Yellow","Auto Dynasty","FBM","Automotive",10182,"N/A","N/A","N/A","N/A","Creepers",9,54.88,"N/A",576,6,72,26413.71,313.11,153,4.5,"Auto Dynasty","USA",1,6833,"N/A","N/A","N/A","N/A","N/A","N/A","N/A","N/A","11/30/2025",14,7,20,3.82
"https://amazon.com/dp/B0DB148H16","https://m.media-amazon.com/images/I/51pm6a0hIqL._SX450_.jpg","B0DB148H16","Auto Dynasty 36 Inches Mechanic Creeper, Automotive Garage Repair Low Profile Under Car Rolling Creeper with Padded Headrest, Plastic, Red","Auto Dynasty","FBM","Automotive",10504,"N/A","N/A","N/A","N/A","Creepers",9,39.99,-2,576,64,72,26413.71,2435.61,37,4.4,"Auto Dynasty","USA",1,6833,"N/A","Large bulky",3.8,17,37.2,10.4,"N/A","N/A","11/30/2025",22,7,20,15.58
"https://amazon.com/dp/B0D872YS7W","https://m.media-amazon.com/images/I/61AO3AGfjKL._SX450_.jpg","B0D872YS7W","Auto Dynasty 40 Inches Mechanic Creeper, Automotive Garage Repair Low Profile Under Car Rolling Creeper with LED Light and Padded Headrest, Plastic, Red","Auto Dynasty","FBM","Automotive",10504,"N/A","N/A","N/A","N/A","Creepers",9,49.4,-13,576,102,72,26413.71,5024.93,153,4.5,"Auto Dynasty","USA",1,6833,"N/A","Large bulky",4,20,40.8,14.1,"N/A","N/A","11/30/2025",23,7,20,3.82
"https://amazon.com/dp/B0DJ6KL499","https://m.media-amazon.com/images/I/61Y9MwDJpZL._SX450_.jpg","B0DJ6KL499","Auto Dynasty 40 Inches Mechanic Creeper, Automotive Garage Repair Low Profile Under Car Rolling Creeper with LED Light and Padded Headrest, Plastic, Blue","Auto Dynasty","FBM","Automotive",10504,"N/A","N/A","N/A","N/A","Creepers",9,65.88,-89,576,2,72,26413.71,106.74,153,4.5,"Auto Dynasty","USA",1,6833,"N/A","Large bulky",3.7,20.2,41,13.85,"N/A","N/A","11/30/2025",19,7,20,15.58
"https://amazon.com/dp/B0GVYKKT9D","https://m.media-amazon.com/images/I/81ulMl2sPvL._SX450_.jpg","B0GVYKKT9D","YQCQWL Magic Rolling Creeper Mat – Portable Low Clearance Mechanics Mat, Foldable Garage Padded Mat for Under Car Repair w/Storage Bag, for Men Dad Father","YQCQWL","FBA","Automotive",10583,"N/A","N/A","N/A","N/A","Creepers",9,29.99,-87,57,57,,1875.16,1874.72,6,5,"YQCQWL","China",1,0,"N/A","Large Standard-Size",12,10,3,2.2,181.25,500,"04/30/2026",1,7,0,"N/A"
"https://amazon.com/dp/B0G4M5N5C3","https://m.media-amazon.com/images/I/61OkDKKywkL._SX450_.jpg","B0G4M5N5C3","WheelX Mechanic Creeper 36 inches 3-in-1 Mode Z Seat 340lbs Capacity, Foldable Garage Adjustable Rolling Folding with 6pcs Wheels Roller, Lay Down Sit Lean Back, Under Car Auto Repair, Grey, Man Gift","WheelX","FBA","Automotive",11169,"N/A","N/A","N/A","N/A","Creepers",10,48.66,"N/A",539,20,,25638.15,1003.64,356,4.1,"WheelX Shop","China",1,0,"N/A","Large bulky",5,17,22,13.5,606.02,1515.05,"04/30/2026",6,7,6,1.53
"https://amazon.com/dp/B0GRTL5YXX","https://m.media-amazon.com/images/I/61kUfj-BBJL._SX450_.jpg","B0GRTL5YXX","WheelX Mechanic Creeper 36-inch 3-in-1 Mode Z Seat 340lbs Capacity, Foldable Garage Adjustable Rolling Folding with 6pcs Wheels Roller, Lay Down Sit Lean Back, Under Car Auto Repair (Red Frame)","WheelX","FBA","Automotive",11172,"N/A","N/A","N/A","N/A","Creepers",10,48.66,-20,539,226,,25638.15,10932.39,356,4.1,"WheelX Shop","China",1,0,"N/A","Large bulky",3.75,17,22.8,12,471.04,1177.6,"04/30/2026",3,9,6,1.54
"https://amazon.com/dp/B0F93V5TXP","https://m.media-amazon.com/images/I/41LnLfFOJvL._SX450_.jpg","B0F93V5TXP","WheelX Mechanic Creeper 36 inches 3-in-1 Mode Z Seat 340lbs Capacity, Foldable Garage Adjustable Rolling Folding with 6pcs Wheels Roller, Lay Down Sit Lean Back, Under Car Auto Repair, Black, Man Gift","WheelX","FBA","Automotive",11172,"N/A","N/A","N/A","N/A","Creepers",10,48.66,-10,539,181,,25638.15,8839.45,356,4.1,"WheelX Shop","China",1,0,"N/A","Large bulky",4.5,17,22.5,13.5,557.81,1394.53,"04/30/2026",12,8,6,1.54
"https://amazon.com/dp/B0CD4GXFYT","https://m.media-amazon.com/images/I/71E6qwyM8TL._SX450_.jpg","B0CD4GXFYT","FreekyFit Rolling Shop Stool for Garage with Casters, DO02-Adjustable Height 360° Swivel Shop Seat with Tool Tray Storage, 330 LBS Capacity Padded Mechanic Stool, Magnetic Tool Hold, Heavy Duty,Yellow","FreekyFit","FBA","Automotive",11219,197644844760,"N/A",0197644844760,"N/A","Roller Seats",9,149.99,-42,486,79,-4,69796.63,11415.71,626,4.5,"FreekyFit","China",1,6584,7,"Large bulky",14.9,17.9,18.2,30.05,1573.1,3932.74,"11/30/2025",34,9,4,0.78
"https://amazon.com/dp/B0DXZHCK2T","https://m.media-amazon.com/images/I/71ifQUEpr1L._SX450_.jpg","B0DXZHCK2T","FreekyFit Rolling Shop Stool for Garage with Casters, DO02-Adjustable Height 360° Swivel Shop Seat with Tool Tray Storage, 330 LBS Capacity Padded Mechanic Stool, Magnetic Tool Hold, Heavy Duty, Blue","FreekyFit","FBA","Automotive",11223,"N/A","N/A","N/A","N/A","Roller Seats",9,149.99,22,486,102,-4,70169.22,14727.04,627,4.5,"FreekyFit","China",1,6584,7,"Large bulky",15,18,18,30.15,1575,3937.5,"11/30/2025",13,9,4,0.78
"https://amazon.com/dp/B0CD4HTF76","https://m.media-amazon.com/images/I/71-7b-YAuTL._SX450_.jpg","B0CD4HTF76","FreekyFit Rolling Shop Stool for Garage with Casters, DO02-Adjustable Height 360° Swivel Shop Seat with Tool Tray Storage, 330 LBS Capacity Padded Mechanic Stool, Magnetic Tool Hold, Heavy Duty, Red","FreekyFit","FBA","Automotive",11224,197644847914,"N/A",0197644847914,"N/A","Roller Seats",9,149.99,-5,513,173,-4,73837.49,24621.77,626,4.5,"FreekyFit","China",1,6584,7,"Large bulky",15.5,18,18.5,26.2,1672.71,4181.77,"11/30/2025",34,9,4,0.82
"https://amazon.com/dp/B0CD4GFZ3Z","https://m.media-amazon.com/images/I/71wTYazWF8L._SX450_.jpg","B0CD4GFZ3Z","FreekyFit Rolling Shop Stool for Garage with Casters, DO02-Adjustable Height 360° Swivel Shop Seat with Tool Tray Storage, 330 LBS Capacity Padded Mechanic Stool, Magnetic Tool Hold, Heavy Duty, Black","FreekyFit","FBA","Automotive",11224,197644299386,"N/A",0197644299386,"N/A","Roller Seats",9,149.99,28,486,141,-4,70169.22,20434.93,626,4.5,"FreekyFit","China",1,6584,7,"Large bulky",15.5,18.25,18.25,26.85,1673.02,4182.56,"11/30/2025",34,9,4,0.78
"https://amazon.com/dp/B0D5Q2TH36","https://m.media-amazon.com/images/I/41dZekpMNlL._SX450_.jpg","B0D5Q2TH36","WheelX Mechanic Creeper 36 Inches 2 Modes Z Seat 340 lbs Capacity, Foldable Garage Chair Adjustable Rolling Folding with 6 pcs Wheels Roller, Lay Down or Sit, Under Car, Auto Repair Red Black Man Gift","WheelX","FBM","Automotive",11657,"N/A","N/A","N/A","N/A","Creepers",10,43,-23,539,72,,25638.15,3074.15,358,4.1,"WheelX Shop","China",1,0,"N/A","Large bulky",4,17,22,14,"N/A","N/A","04/30/2026",24,8,6,1.53
"https://amazon.com/dp/B0FTZY993T","https://m.media-amazon.com/images/I/61NpObS6KKL._SX450_.jpg","B0FTZY993T","YELLOW JACKET Mechanic Rolling Stool 250 Lbs Capacity, Garage Stool on Wheels with Tool Tray Storage, Work Stools with Wheels for Garage, Shop, Mechanic Chair with Wheels, Auto Repair","YELLOW JACKET","FBA","Automotive",11948,"N/A","N/A","N/A","N/A","Roller Seats",10,29.99,28,440,328,,13754.97,9843.58,117,4.5,"YELLOW JACKET","China",1,0,"N/A","Large Standard-Size",5.04,13.82,15.24,8.82,534.44,1474.32,"04/30/2026",8,7,2,3.86
"https://amazon.com/dp/B0FSK7DFB1","https://m.media-amazon.com/images/I/71BVEj2hasL._SX450_.jpg","B0FSK7DFB1","Shop Stool with Wheels for Garage, Mechanics Rolling Chair with Backrest, Adjustable Height Heavy Duty Garage Stool with Footrest and Storage Tray, Swivel Task Chair for Workshop Kitchen Salon","BestGlory","FBA","Automotive",12018,"N/A","N/A","N/A","N/A","Roller Seats",11,109.99,54,1047,597,444,115911.36,64292.3,72,4.6,"LULULALA Store","USA",1,0,"N/A","Large bulky",8.5,18.12,18.12,28,904.44,2261.1,"04/30/2026",8,9,5,14.54
"https://amazon.com/dp/B0FSKFDQMY","https://m.media-amazon.com/images/I/71UGIkqIjmL._SX450_.jpg","B0FSKFDQMY","Shop Stool with Wheels for Garage, Mechanics Rolling Chair with Backrest, Adjustable Height Heavy Duty Garage Stool with Footrest and Storage Tray, Swivel Task Chair for Workshop Kitchen Salon","BestGlory","FBA","Automotive",12057,"N/A","N/A","N/A","N/A","Roller Seats",11,109.99,15,992,144,444,110056.58,15297.55,72,4.6,"LULULALA Store","USA",1,0,"N/A","Large bulky",17,16,8.5,25,749.26,1873.15,"04/30/2026",8,9,5,15.02
"https://amazon.com/dp/B0GRGLSRL5","https://m.media-amazon.com/images/I/71O1xPHCMkL._SX450_.jpg","B0GRGLSRL5","Shop Stool with Wheels for Garage, Mechanics Rolling Chair with Backrest, Adjustable Height Heavy Duty Garage Stool with Footrest and Storage Tray, Swivel Task Chair for Workshop Kitchen Salon (Red)","BestGlory","FBA","Automotive",12057,"N/A","N/A","N/A","N/A","Roller Seats",11,109.99,"N/A",992,61,444,110056.58,7148.3,70,4.7,"LULULALA Store","USA",1,0,"N/A","Large bulky",9.29,18,18.03,28.45,977.08,2442.69,"04/30/2026",3,9,5,15.02
"https://amazon.com/dp/B0DQPSG234","https://m.media-amazon.com/images/I/51XBEc8rNOL._SX450_.jpg","B0DQPSG234","Auto Dynasty 36 Inches Mechanic Creeper, Automotive Garage Repair Low Profile Under Car Rolling Creeper with Padded Headrest, Plastic, Blue","Auto Dynasty","FBM","Automotive",12096,"N/A","N/A","N/A","N/A","Creepers",11,39.49,-9,576,22,72,26413.71,824.35,37,4.4,"Auto Dynasty","USA",1,6833,"N/A","Large bulky",3.8,17.4,37.1,9.7,"N/A","N/A","11/30/2025",16,7,20,15.58
"https://amazon.com/dp/B0F1F3PVG9","https://m.media-amazon.com/images/I/519sr4wLvVL._SX450_.jpg","B0F1F3PVG9","Auto Dynasty 36 Inches Mechanic Creeper, Automotive Garage Repair Low Profile Under Car Rolling Creeper with Padded Headrest, Plastic, Sky Blue","Auto Dynasty","FBM","Automotive",12096,"N/A","N/A","N/A","N/A","Creepers",11,34.22,-39,576,24,72,26413.71,860.19,37,4.4,"Auto Dynasty","USA",1,6833,"N/A","Large bulky",37,18,4,10.01,"N/A","N/A","11/30/2025",14,7,20,15.58
"https://amazon.com/dp/B0D9R9Q84D","https://m.media-amazon.com/images/I/51ZwEkEFngL._SX450_.jpg","B0D9R9Q84D","Auto Dynasty 40 Inches Mechanic Creeper, Automotive Garage Repair Low Profile Under Car Rolling Creeper with Padded Headrest, Plastic, Green","Auto Dynasty","FBM","Automotive",12097,"N/A","N/A","N/A","N/A","Creepers",11,45.88,-58,576,13,72,26413.71,560.7,248,4.6,"Auto Dynasty","USA",1,6833,"N/A","Large bulky",3.8,18.8,41.3,12.4,"N/A","N/A","11/30/2025",22,7,20,2.34
"https://amazon.com/dp/B0DQPVGPDC","https://m.media-amazon.com/images/I/51bcZYd0LaL._SX450_.jpg","B0DQPVGPDC","Auto Dynasty 36 Inches Mechanic Creeper, Automotive Garage Repair Low Profile Under Car Rolling Creeper with Padded Headrest, Plastic, Yellow","Auto Dynasty","FBM","Automotive",12098,"N/A","N/A","N/A","N/A","Creepers",11,48.88,-12,576,10,72,26413.71,492.16,37,4.4,"Auto Dynasty","USA",1,6833,"N/A","N/A","N/A","N/A","N/A","N/A","N/A","N/A","11/30/2025",17,7,20,15.58
"https://amazon.com/dp/B0DQPW2XGL","https://m.media-amazon.com/images/I/51a0nOB+KKL._SX450_.jpg","B0DQPW2XGL","Auto Dynasty 36 Inches Mechanic Creeper, Automotive Garage Repair Low Profile Under Car Rolling Creeper with Padded Headrest, Plastic, Orange","Auto Dynasty","FBM","Automotive",12137,"N/A","N/A","N/A","N/A","Creepers",11,48.88,4,576,10,72,26413.71,471.56,37,4.4,"Auto Dynasty","USA",1,6833,"N/A","Large bulky",37,18,4,10.01,"N/A","N/A","11/30/2025",16,7,20,15.58
"https://amazon.com/dp/B0DR2578XK","https://m.media-amazon.com/images/I/51nhL3IowmL._SX450_.jpg","B0DR2578XK","Auto Dynasty 40 Inches Mechanic Creeper, Automotive Garage Repair Low Profile Under Car Rolling Creeper with Padded Headrest, Plastic, Orange","Auto Dynasty","FBM","Automotive",12138,"N/A","N/A","N/A","N/A","Creepers",11,45.5,-7,576,11,72,26413.71,525.11,249,4.5,"Auto Dynasty","USA",1,6833,"N/A","Large bulky",40.5,18.25,4,12.72,"N/A","N/A","11/30/2025",17,7,20,2.33
"https://amazon.com/dp/B0F1F2YSK7","https://m.media-amazon.com/images/I/318Vzhgz23L._SX450_.jpg","B0F1F2YSK7","Auto Dynasty 40 Inches Mechanic Creeper, Automotive Garage Repair Low Profile Under Car Rolling Creeper with Padded Headrest, Plastic, Purple","Auto Dynasty","FBM","Automotive",12138,"N/A","N/A","N/A","N/A","Creepers",11,48.48,-10,576,6,72,26413.71,317.93,249,4.5,"Auto Dynasty","USA",1,6833,"N/A","N/A","N/A","N/A","N/A","N/A","N/A","N/A","11/30/2025",14,7,20,2.33
"https://amazon.com/dp/B0F1FJFYSQ","https://m.media-amazon.com/images/I/61n5gqC0rUL._SX450_.jpg","B0F1FJFYSQ","Auto Dynasty 40 Inches Mechanic Creeper, Automotive Garage Repair Low Profile Under Car Rolling Creeper with LED Light and Padded Headrest, Plastic, Orange","Auto Dynasty","FBM","Automotive",12138,"N/A","N/A","N/A","N/A","Creepers",11,46.88,"N/A",576,13,72,26413.71,588.25,153,4.5,"Auto Dynasty","USA",1,6833,"N/A","Large bulky",40.55,19.69,3.94,14.99,"N/A","N/A","11/30/2025",14,7,20,3.82
"https://amazon.com/dp/B0F1F6K8PV","https://m.media-amazon.com/images/I/61BPYzHPDrL._SX450_.jpg","B0F1F6K8PV","Auto Dynasty 40 Inches Mechanic Creeper, Automotive Garage Repair Low Profile Under Car Rolling Creeper with LED Light and Padded Headrest, Plastic, Sky Blue","Auto Dynasty","FBM","Automotive",12141,"N/A","N/A","N/A","N/A","Creepers",11,57.88,"N/A",576,1,72,26413.71,61.92,153,4.5,"Auto Dynasty","USA",1,6833,"N/A","N/A","N/A","N/A","N/A","N/A","N/A","N/A","11/30/2025",14,7,20,15.58
"https://amazon.com/dp/B0F1F54BS3","https://m.media-amazon.com/images/I/61W4plvcR4L._SX450_.jpg","B0F1F54BS3","Auto Dynasty 40 Inches Mechanic Creeper, Automotive Garage Repair Low Profile Under Car Rolling Creeper with LED Light and Padded Headrest, Plastic, Purple","Auto Dynasty","FBM","Automotive",12141,"N/A","N/A","N/A","N/A","Creepers",11,53.88,"N/A",576,1,72,26413.71,80.06,153,4.5,"Auto Dynasty","USA",1,6833,"N/A","N/A","N/A","N/A","N/A","N/A","N/A","N/A","11/30/2025",14,7,20,3.82
"https://amazon.com/dp/B0DJ6K6FGG","https://m.media-amazon.com/images/I/61+kyswTAIL._SX450_.jpg","B0DJ6K6FGG","Auto Dynasty 40 Inches Mechanic Creeper, Automotive Garage Repair Low Profile Under Car Rolling Creeper with LED Light and Padded Headrest, Plastic, Black","Auto Dynasty","FBM","Automotive",12141,"N/A","N/A","N/A","N/A","Creepers",11,59.29,5,576,85,72,26413.71,5059.46,153,4.5,"Auto Dynasty","USA",1,6833,"N/A","Large bulky",3.75,19.5,40.8,14.55,"N/A","N/A","11/30/2025",18,7,20,3.82
"https://amazon.com/dp/B0D886C5LJ","https://m.media-amazon.com/images/I/71Xc27m4IwL._SX450_.jpg","B0D886C5LJ","Auto Dynasty 40 Inches Mechanic Creeper, Automotive Garage Repair Low Profile Under Car Rolling Creeper with Padded Headrest, Plastic, Red","Auto Dynasty","FBM","Automotive",12141,"N/A","N/A","N/A","N/A","Creepers",11,42.88,-14,713,222,72,32918.86,9110.55,249,4.5,"Auto Dynasty","USA",1,6833,"N/A","Large bulky",4,18.25,40.5,12.75,"N/A","N/A","11/30/2025",75,7,20,2.86
"https://amazon.com/dp/B0F1F4V8D3","https://m.media-amazon.com/images/I/51hLVP0gkuL._SX450_.jpg","B0F1F4V8D3","Auto Dynasty 40 Inches Mechanic Creeper, Automotive Garage Repair Low Profile Under Car Rolling Creeper with Padded Headrest, Plastic, Sky Blue","Auto Dynasty","FBM","Automotive",12141,"N/A","N/A","N/A","N/A","Creepers",11,45.5,3,576,6,72,26413.71,294.01,249,4.5,"Auto Dynasty","USA",1,6833,"N/A","N/A","N/A","N/A","N/A","N/A","N/A","N/A","11/30/2025",14,7,20,2.33
"https://amazon.com/dp/B0D9R9P2X5","https://m.media-amazon.com/images/I/51fl-4hRCQL._SX450_.jpg","B0D9R9P2X5","Auto Dynasty 40 Inches Mechanic Creeper, Automotive Garage Repair Low Profile Under Car Rolling Creeper with Padded Headrest, Plastic, Blue","Auto Dynasty","FBM","Automotive",12142,"N/A","N/A","N/A","N/A","Creepers",11,41.48,-13,576,16,72,26413.71,658.37,248,4.6,"Auto Dynasty","USA",1,6833,"N/A","Large bulky",3.6,19,40.8,13.2,"N/A","N/A","11/30/2025",22,7,20,2.34
"https://amazon.com/dp/B0DRYCRBPD","https://m.media-amazon.com/images/I/41a58wT55lL._SX450_.jpg","B0DRYCRBPD","FREEKYROCK Rolling Shop Stool with Wheels, Garage Mechanic Shop Chair with Handle Backrest, Adjustable Height Work Stool, Roller Seat with Tool Tray Storage, Heavy Duty, 330 LBS Capacity, Red","FREEKYROCK","FBA","Automotive",12958,774882316923,"N/A",0774882316923,"N/A","Roller Seats",12,119.69,-23,511,111,30,57718.14,13542.54,305,4.5,"FK Factory Directly","China",1,0,"N/A","Large bulky",16,17.5,18,20.8,1633.33,4083.33,"11/30/2025",13,9,8,1.72
"https://amazon.com/dp/B0DRYBKYFT","https://m.media-amazon.com/images/I/71YJAc2CiOL._SX450_.jpg","B0DRYBKYFT","FREEKYROCK Rolling Shop Stool with Wheels, Garage Mechanic Shop Chair with Handle Backrest, Adjustable Height Work Stool, Roller Seat with Tool Tray Storage, Heavy Duty, 330 LBS Capacity, Yellow","FREEKYROCK","FBA","Automotive",12958,774882316947,"N/A",0774882316947,"N/A","Roller Seats",12,99.99,-31,534,40,30,60118.25,4131.66,305,4.5,"FK Factory Directly","China",1,0,"N/A","Large bulky",16.1,17.2,17.6,21.5,1579.47,3948.67,"11/30/2025",13,9,8,1.8
"https://amazon.com/dp/B0FP8X462R","https://m.media-amazon.com/images/I/41Qmkqwjr-L._SX450_.jpg","B0FP8X462R","FREEKYROCK Rolling Shop Stool with Wheels, Heavy Duty Garage Work Mechanic Stool, Adjustable Height 22.44""-28.94"", 360°Swivel Rolling Chair with Tool Tray Storage, 330 LBS Capacity, Red","FREEKYROCK","FBA","Automotive",12958,"N/A","N/A","N/A","N/A","Roller Seats",12,94.99,-9,534,42,30,60118.25,4096.91,305,4.5,"FK Factory Directly","China",1,0,"N/A","Large bulky",15.3,18.1,18.3,25,1642.35,4105.87,"11/30/2025",7,9,8,1.82
"https://amazon.com/dp/B0DRYFFNGL","https://m.media-amazon.com/images/I/617UTbsRm6L._SX450_.jpg","B0DRYFFNGL","FREEKYROCK Rolling Shop Stool with Wheels, Heavy Duty Garage Work Mechanic Stool with Backrest, Adjustable Height 360°Swivel Rolling Chair with Tool Tray Storage, 330 LBS Capacity, Black","FREEKYROCK","FBA","Automotive",12961,774882316978,"N/A",0774882316978,"N/A","Roller Seats",12,125.99,28,534,86,30,60118.25,10777.22,305,4.5,"FK Factory Directly","China",1,0,"N/A","Large bulky",15.4,18,18.1,29.45,1625.98,4064.96,"11/30/2025",13,9,8,1.8
"https://amazon.com/dp/B0FP8ZQWB4","https://m.media-amazon.com/images/I/61dxOqlgRqL._SX450_.jpg","B0FP8ZQWB4","FREEKYROCK Rolling Shop Stool with Wheels, Heavy Duty Garage Work Mechanic Stool, Adjustable Height 22.44""-28.94"", 360°Swivel Rolling Chair with Tool Tray Storage, 330 LBS Capacity, Black","FREEKYROCK","FBA","Automotive",12961,"N/A","N/A","N/A","N/A","Roller Seats",12,94.99,-24,534,146,30,60118.25,14249.98,305,4.5,"FK Factory Directly","China",1,0,"N/A","Large bulky",15.4,17.9,18.2,24.85,1625.88,4064.71,"11/30/2025",7,9,8,1.8
"https://amazon.com/dp/B0DR2QQRHC","https://m.media-amazon.com/images/I/512IvwwEHHL._SX450_.jpg","B0DR2QQRHC","Auto Dynasty 40 Inches Mechanic Creeper, Automotive Garage Repair Low Profile Under Car Rolling Creeper with Padded Headrest, Plastic, Yellow","Auto Dynasty","FBM","Automotive",12974,"N/A","N/A","N/A","N/A","Creepers",12,56.88,-18,576,5,72,26413.71,277.88,249,4.5,"Auto Dynasty","USA",1,6833,"N/A","Large bulky",40.5,18.25,4,12.72,"N/A","N/A","11/30/2025",17,7,20,2.33
"https://amazon.com/dp/B0F1F6CP7C","https://m.media-amazon.com/images/I/51oqjNwPx8L._SX450_.jpg","B0F1F6CP7C","Auto Dynasty 36 Inches Mechanic Creeper, Automotive Garage Repair Low Profile Under Car Rolling Creeper with Padded Headrest, Plastic, Purple","Auto Dynasty","FBM","Automotive",12974,"N/A","N/A","N/A","N/A","Creepers",12,48.88,1,576,10,72,26413.71,479.38,37,4.4,"Auto Dynasty","USA",1,6833,"N/A","N/A","N/A","N/A","N/A","N/A","N/A","N/A","11/30/2025",14,7,20,15.58
"https://amazon.com/dp/B0CC48D6SY","https://m.media-amazon.com/images/I/41fjszZWOJL._SX450_.jpg","B0CC48D6SY","YELLOW JACKET Creeper Garage/Shop Seat, 250 LBS Capacity Rolling Padded Mechanics Stool Removal Seat with Tool Tray","YELLOW JACKET","FBA","Automotive",13427,"N/A","N/A","N/A","N/A","Roller Seats",11,34.99,3,419,107,,13114.39,3741.22,117,4.5,"YELLOW JACKET","China",1,0,"N/A","Large bulky",5,14.9,15.8,9.8,381.47,953.67,"04/30/2026",34,6,2,3.68
"https://amazon.com/dp/B0BZTT3M68","https://m.media-amazon.com/images/I/41RX+BLz5dL._SX450_.jpg","B0BZTT3M68","VEVOR Rolling Creeper Garage/Shop Seat, 250 LBS Capacity Padded Rolling Workshop Stool with Tool Tray Storage, Mechanic Stool for Garage, Shop, Auto Repair, Black","VEVOR","Amazon","Automotive",13522,840281566419,"N/A",0840281566419,"N/A","Roller Seats",12,31.9,2,651,651,-1,17229.58,17228.02,1417,4.6,"Amazon","N/A",3,14339,"N/A","Large bulky",3.82,14.65,17.17,8.51,"N/A","N/A","11/30/2025",38,9,0,0.46
"https://amazon.com/dp/B0GR9Y5945","https://m.media-amazon.com/images/I/61xYPHNHTxL._SX450_.jpg","B0GR9Y5945","JOSTZHXIN Garage Mechanic Stool Chair Rolling Shop Chair, Height Adjustable Garage Shop Seat, Low Stools with Storage Tray, Rolling Stool for Salon SPA Tattoo (Style 4)","JOSTZHXIN","FBA","Automotive",13642,"N/A","N/A","N/A","N/A","Roller Seats",14,51.99,"N/A",440,77,122,24820.75,3988.34,61,4.3,"YISTAR-Direct","China",1,0,"N/A","Large Standard-Size",13.78,13.78,7.48,10,715.11,1972.73,"04/30/2026",3,9,4,8.79
"https://amazon.com/dp/B0FZR489YD","https://m.media-amazon.com/images/I/617nDeRfI3L._SX450_.jpg","B0FZR489YD","JOSTZHXIN Garage Mechanic Stool Chair Rolling Shop Chair, Height Adjustable Garage Shop Seat, Low Stools with Storage Tray, Rolling Stool for Salon SPA Tattoo (Style 3)","JOSTZHXIN","FBA","Automotive",13643,"N/A","N/A","N/A","N/A","Roller Seats",14,43.99,-39,440,86,122,24820.75,3907.42,61,4.3,"YISTAR-Direct","China",1,0,"N/A","Large Standard-Size",7.8,13.66,13.78,10.23,739.21,2039.21,"04/30/2026",7,8,4,8.79
"https://amazon.com/dp/B0FXFFLCHG","https://m.media-amazon.com/images/I/616Ht3hM-FL._SX450_.jpg","B0FXFFLCHG","JOSTZHXIN Garage Mechanic Stool Chair Rolling Shop Chair, Height Adjustable Garage Shop Seat, Low Stools with Storage Tray, Rolling Stool for Salon SPA Tattoo (Style 2)","JOSTZHXIN","FBA","Automotive",13686,"N/A","N/A","N/A","N/A","Roller Seats",14,63.99,-26,440,144,122,24820.75,9199.13,61,4.3,"YISTAR-Direct","China",1,0,"N/A","Large bulky",7.8,14.8,14.8,11.85,553.68,1384.21,"04/30/2026",7,9,4,8.79
"https://amazon.com/dp/B0FXFBZZST","https://m.media-amazon.com/images/I/61Tlr-xf5RL._SX450_.jpg","B0FXFBZZST","JOSTZHXIN Garage Mechanic Stool Chair Rolling Shop Chair, Height Adjustable Garage Shop Seat, Low Stools with Storage Tray, Rolling Stool for Salon SPA Tattoo (Style 1)","JOSTZHXIN","FBA","Automotive",13686,"N/A","N/A","N/A","N/A","Roller Seats",14,57.99,-10,457,134,122,25763.8,7778.37,61,4.3,"YISTAR-Direct","China",1,0,"N/A","Large Standard-Size",7.91,13.66,13.66,10.45,743.11,2049.96,"04/30/2026",7,9,4,9.15
"https://amazon.com/dp/B07349PF36","https://m.media-amazon.com/images/I/415dOyc4P9L._SX450_.jpg","B07349PF36","Pro Lift Mechanic Plastic Creeper 40 Inch - Blow Molded Ergonomic HDPE Body with Padded Headrest & Dual Tool Trays - 350 Lbs Capacity Red","Pro-LifT","Amazon","Automotive",13727,652597475466,00652597475466,0652597475466,"N/A","Creepers",12,57.16,-31,535,370,217,35381.41,21119.99,3449,4.7,"Amazon","N/A",3,4631,-41,"Large bulky",3.94,19.76,41.1,12.88,"N/A","N/A","09/30/2024",107,3,2,0.16
"https://amazon.com/dp/B0G7B6M843","https://m.media-amazon.com/images/I/61YbjWj5rNL._SX450_.jpg","B0G7B6M843","FLOLXNB Rolling Stool Low Roller Seat PU Leather, Rolling Chair Height Adjustable, Garage Stool with Wheels for Manicure Mechanic Home Office Garage Shop (Style 1)","FLOLXNB","FBA","Automotive",13860,"N/A","N/A","N/A","N/A","Roller Seats",14,45.99,-15,479,94,77,19574.17,4343.64,48,4.2,"XINLONG-Direct","China",1,0,"N/A","Large bulky",8,15,15.25,11.2,593.06,1482.64,"04/30/2026",5,9,3,10.88
"https://amazon.com/dp/B0G7C4PKSL","https://m.media-amazon.com/images/I/619atIGXMJL._SX450_.jpg","B0G7C4PKSL","FLOLXNB Rolling Stool Low Roller Seat PU Leather, Rolling Chair Height Adjustable, Garage Stool with Wheels for Manicure Mechanic Home Office Garage Shop (Style 3)","FLOLXNB","FBA","Automotive",13970,"N/A","N/A","N/A","N/A","Roller Seats",15,38.99,-9,479,173,77,19574.17,6764.48,48,4.2,"XINLONG-Direct","China",1,0,"N/A","Large Standard-Size",13.7,13.4,7,6.4,646.99,1784.81,"04/30/2026",5,9,3,10.88
"https://amazon.com/dp/B0G7BZ7L5T","https://m.media-amazon.com/images/I/61jBks9byyL._SX450_.jpg","B0G7BZ7L5T","FLOLXNB Rolling Stool Low Roller Seat PU Leather, Rolling Chair Height Adjustable, Garage Stool with Wheels for Manicure Mechanic Home Office Garage Shop (Style 2)","FLOLXNB","FBA","Automotive",13973,"N/A","N/A","N/A","N/A","Roller Seats",15,39.99,-27,466,203,77,19017.49,8112.55,48,4.2,"XINLONG-Direct","China",1,0,"N/A","Large Standard-Size",7.91,13.54,13.78,9.94,743.53,2051.11,"04/30/2026",5,9,3,10.58
"https://amazon.com/dp/B0FL7N9PFL","https://m.media-amazon.com/images/I/61QPLMEya-L._SX450_.jpg","B0FL7N9PFL","JOSTZHXIN Low Height Rolling Stool Height Adjustable Low Roller Seat, Swivel Small Chair Mechanic Stool, Short Stools for Home Office Garage Shop (Style 1)","JOSTZHXIN","FBA","Automotive",14261,"N/A","N/A","N/A","N/A","Roller Seats",16,38.99,-22,598,79,59,25421.28,3092.97,130,4.3,"YISTAR-Direct","China",1,0,"N/A","Large Standard-Size",7.76,13.62,13.66,9.68,726.88,2005.2,"04/30/2026",10,8,4,4.75
"https://amazon.com/dp/B0FL7PNQX3","https://m.media-amazon.com/images/I/61MaaZ95-zL._SX450_.jpg","B0FL7PNQX3","JOSTZHXIN Low Height Rolling Stool Height Adjustable Low Roller Seat, Swivel Small Chair Mechanic Stool, Short Stools for Home Office Garage Shop (Style 2)","JOSTZHXIN","FBA","Automotive",14264,"N/A","N/A","N/A","N/A","Roller Seats",16,38.99,-14,579,75,46,24638.57,2939.85,130,4.3,"YISTAR-Direct","China",1,0,"N/A","Large bulky",8.15,13.86,13.98,9.88,511.55,1278.86,"04/30/2026",10,8,4,4.59
"https://amazon.com/dp/B0FL7RBDNG","https://m.media-amazon.com/images/I/61-9CgOE7DL._SX450_.jpg","B0FL7RBDNG","JOSTZHXIN Low Height Roller Stool Height Adjustable, Mechanic Stool Low Rolling Chair, Footstool Modern Roller Seat for Salon SPA Home Office Garage Shop (Style 3)","JOSTZHXIN","FBA","Automotive",14268,"N/A","N/A","N/A","N/A","Roller Seats",16,39.99,-19,592,234,59,25130.42,9344.31,130,4.3,"YISTAR-Direct","China",1,0,"N/A","Large Standard-Size",7.91,13.7,13.89,9.7,757.84,2090.58,"04/30/2026",10,8,4,4.7
"https://amazon.com/dp/B0FL7P43TG","https://m.media-amazon.com/images/I/610hxG3vLOL._SX450_.jpg","B0FL7P43TG","Rolling Stool Low Height Roller Stool Height Adjustable, Shop Stools Low Rolling Chair with Back, Garage Seat Stools Short Work Chair (Style 4)","JOSTZHXIN","FBA","Automotive",14268,"N/A","N/A","N/A","N/A","Roller Seats",16,47.99,-5,598,204,59,25421.28,9788.18,130,4.3,"YISTAR-Direct","China",1,0,"N/A","Large bulky",7.87,14.68,14.8,11.49,554.12,1385.31,"04/30/2026",10,8,4,4.75
"https://amazon.com/dp/B09SRJPWT1","https://m.media-amazon.com/images/I/51IYfa-QoIL._SX450_.jpg","B09SRJPWT1","Pro Lift Mechanic Plastic Creeper 40 Inch - Blow Molded Ergonomic HDPE Body with Padded Headrest & Dual Tool Trays - 350 Lbs Capacity Orange","Pro-LifT","Amazon","Automotive",14409,652597476821,"N/A",0652597476821,"N/A","Creepers",13,81.44,-32,514,142,217,33572.17,12308.66,3449,4.7,"Amazon","N/A",2,4631,-41,"Large bulky",3.9,19.8,40.7,14,"N/A","N/A","09/30/2024",51,4,2,0.15
"https://amazon.com/dp/B07JMKH69X","https://m.media-amazon.com/images/I/41Qru5biZQL._SX450_.jpg","B07JMKH69X","DEWALT Heavy Duty Adjustable Rolling Shop Stool, 360-degree Swivel Industrial Garage Stool with Padded Seat, Storage Shelf, Removable Wheels","DEWALT","FBM","Automotive",14425,099198415628,"N/A",0099198415628,"N/A","Creepers",14,125.23,-6,273,273,1326,34257.61,34257.48,3131,4.7,"RAK Distribution","USA",21,0,"N/A","Large bulky",14.96,16.64,16.84,24.65,"N/A","N/A","11/30/2025",91,7,1,0.09
"https://amazon.com/dp/B0F38CSY5L","https://m.media-amazon.com/images/I/716-pFlhzSL._SX450_.jpg","B0F38CSY5L","FreekyFit Rolling Stool with Blue Wheels,Heavy Duty Garage Work Mechanic Rolling Shop Stool with Backrest, Adjustable Height 360°Swivel Roller Mechanic Chair with 2 Tool Trays, 330 LBS Capacity","FreekyFit","FBA","Automotive",14541,"N/A","N/A","N/A","N/A","Chairs & Sofas",468,128.99,-38,556,69,-14,63177.76,8337.82,520,4.4,"FreekyFit","China",1,7147,13,"Large bulky",15.5,17.5,17.5,19.8,1538.34,3845.85,"11/30/2025",12,9,6,1.08
"https://amazon.com/dp/B0DXZGPC8L","https://m.media-amazon.com/images/I/71nGCF6xPjL._SX450_.jpg","B0DXZGPC8L","FreekyFit Rolling Shop Stool with Wheels, Garage Work Mechanic Stool with Backrest, Roller Mechanic Chair, Adjustable Height, 360° Swivel, Tool Tray Storage, 330 LBS Capacity, Heavy Duty, Blue","FreekyFit","FBA","Automotive",14541,"N/A","N/A","N/A","N/A","Roller Seats",17,119.99,30,556,71,-14,63177.76,7960.42,520,4.4,"FreekyFit","China",1,7147,13,"Large bulky",15.6,17.1,17.5,20.25,1512.88,3782.19,"11/30/2025",13,9,6,1.08
"https://amazon.com/dp/B0F38FMVFZ","https://m.media-amazon.com/images/I/71W54SR6WpL._SX450_.jpg","B0F38FMVFZ","FreekyFit Rolling Stool with Red Wheels, Heavy Duty Garage Work Mechanic Rolling Shop Stool with Backrest, Adjustable Height 360°Swivel Roller Mechanic Chair with 2 Tool Trays, 330 LBS Capacity","FreekyFit","FBA","Automotive",14581,"N/A","N/A","N/A","N/A","Chairs & Sofas",468,128.99,-27,556,66,-14,63177.76,8017.34,520,4.4,"FreekyFit","China",1,7147,13,"Large bulky",15.59,17.5,17.5,19.6,1547.27,3868.18,"11/30/2025",12,9,6,1.08
"https://amazon.com/dp/B0CSCLMBZQ","https://m.media-amazon.com/images/I/81q5C9aGNJL._SX450_.jpg","B0CSCLMBZQ","MaxWorks Mechanics Roller Seat - Heavy Duty 250 lb Capacity Rolling Creeper Stool with Padded Seat & 3-Section Tool Tray for Garage & Auto Repair (50875)","MaxWorks","Amazon","Automotive",14800,812351038751,"N/A",0812351038751,"N/A","Roller Seats",42,28.81,-16,748,197,-8,27505.57,4931.06,169,4.6,"Amazon","N/A",1,0,"N/A","Large bulky",4.12,15.14,18.22,10.2,"N/A","N/A","11/30/2025",24,7,2,4.43
"https://amazon.com/dp/B08KTS3S5Y","https://m.media-amazon.com/images/I/411rbmVhmiL._SX450_.jpg","B08KTS3S5Y","Torin ATRHL6201B Heavy Duty Rolling Pneumatic Creeper Garage/Shop Seat: Padded Adjustable Mechanic Stool with Tool Tray Storage, Red 250 LBS","Torin","Amazon","Automotive",15206,615268262017,"N/A",0615268262017,"N/A","Creepers",14,35.99,-27,362,362,231,12082.99,12082.84,1309,4.4,"Amazon","N/A",1,3477,-44,"Large bulky",5.5,15.8,15.8,14.3,"N/A","N/A","11/30/2024",68,7,1,0.28
"https://amazon.com/dp/B0CZ71K5LH","https://m.media-amazon.com/images/I/71FcqeZMa9L._SX450_.jpg","B0CZ71K5LH","FreekyFit Rolling Shop Stool with Wheels, Garage Work Mechanic Stool with Backrest, Roller Mechanic Chair, Adjustable Height, 360° Swivel, Tool Tray Storage, 330 LBS Capacity, Heavy Duty, Red","FreekyFit","FBA","Automotive",15517,"N/A","N/A","N/A","N/A","Roller Seats",17,119.99,-32,556,72,-14,63177.76,8121.35,520,4.4,"FreekyFit","China",1,7147,13,"Large bulky",16,17,17,19.75,1498.52,3746.3,"11/30/2025",26,9,6,1.08
"https://amazon.com/dp/B0CZ74NQS5","https://m.media-amazon.com/images/I/71AGS6qZS7L._SX450_.jpg","B0CZ74NQS5","FreekyFit Rolling Shop Stool with Wheels, Garage Work Mechanic Stool with Backrest, Roller Mechanic Chair, Adjustable Height, 360° Swivel, Tool Tray Storage, 330 LBS Capacity, Heavy Duty, Yellow","FreekyFit","FBA","Automotive",15519,"N/A","N/A","N/A","N/A","Roller Seats",17,119.99,5,533,137,-14,61316.03,15536.94,520,4.4,"FreekyFit","China",1,7147,13,"Large bulky",15.4,17.1,17.9,19.95,1527.62,3819.04,"11/30/2025",26,9,6,1.03
"https://amazon.com/dp/B0CZ73SSLG","https://m.media-amazon.com/images/I/71y0O98-i5L._SX450_.jpg","B0CZ73SSLG","FreekyFit Rolling Shop Stool with Wheels, Garage Work Mechanic Stool with Backrest, Roller Mechanic Chair, Adjustable Height, 360° Swivel, Tool Tray Storage, 330 LBS Capacity, Heavy Duty, Black","FreekyFit","FBA","Automotive",15519,"N/A","N/A","N/A","N/A","Roller Seats",17,119.99,-33,556,140,-14,63177.76,15397.7,520,4.4,"FreekyFit","China",1,7147,13,"Large bulky",15.5,17,17.5,19.75,1494.39,3735.97,"11/30/2025",26,9,6,1.08
"https://amazon.com/dp/B0CNY5D9KJ","https://m.media-amazon.com/images/I/61DJTAiA2LL._SX450_.jpg","B0CNY5D9KJ","MAXWORKS 50874 40 Inch Plastic Rolling Garage Creeper with Padded Headrest and Dual Tool Trays, 300 Lbs","MaxWorks","Amazon","Automotive",16084,812351038744,"N/A",0812351038744,"N/A","Creepers",18,40.99,28,738,513,-8,26734.29,21028.54,232,4.5,"Amazon","N/A",1,0,"N/A","Large bulky",4,20,41,12.6,"N/A","N/A","11/30/2025",30,8,2,3.18
"https://amazon.com/dp/B0DRYD7WFY","https://m.media-amazon.com/images/I/61BNBWgi5hL._SX450_.jpg","B0DRYD7WFY","FREEKYROCK Rolling Shop Stool with Wheels, Heavy Duty Garage Work Mechanic Stool with Backrest, Adjustable Height 360°Swivel Rolling Chair with Tool Tray Storage, 330 LBS Capacity, Yellow","FREEKYROCK","FBA","Automotive",16222,774882316985,"N/A",0774882316985,"N/A","Roller Seats",19,125.99,-26,534,14,30,60118.25,1790.15,305,4.5,"FK Factory Directly","China",1,0,"N/A","Large bulky",15.5,18.25,18.25,28.2,1673.02,4182.56,"11/30/2025",13,9,8,1.8
"https://amazon.com/dp/B0DRYD1CMT","https://m.media-amazon.com/images/I/61L9qK5z2ML._SX450_.jpg","B0DRYD1CMT","FREEKYROCK Rolling Shop Stool with Wheels, Garage Mechanic Shop Chair with Handle Backrest, Adjustable Height Work Stool, Roller Seat with Tool Tray Storage, Heavy Duty, 330 LBS Capacity, Black","FREEKYROCK","FBA","Automotive",16293,774882316954,"N/A",0774882316954,"N/A","Roller Seats",19,119.69,19,534,69,30,60118.25,8328.19,305,4.5,"FK Factory Directly","China",1,0,"N/A","Large bulky",15.47,17.44,18.15,21.01,1586.93,3967.32,"11/30/2025",13,9,8,1.8
"https://amazon.com/dp/B0DRYGJVVZ","https://m.media-amazon.com/images/I/61L4Wnsi1gL._SX450_.jpg","B0DRYGJVVZ","FREEKYROCK Rolling Shop Stool with Wheels, Heavy Duty Garage Work Mechanic Stool with Backrest, Adjustable Height 360°Swivel Rolling Chair with Tool Tray Storage, 330 LBS Capacity, Red","FREEKYROCK","FBA","Automotive",16293,774882317005,"N/A",0774882317005,"N/A","Roller Seats",19,125.99,-46,534,36,30,60118.25,4537.85,305,4.5,"FK Factory Directly","China",1,0,"N/A","Large bulky",15.25,18,18,28.8,1601.25,4003.13,"11/30/2025",13,9,8,1.8
"https://amazon.com/dp/B01GFZPNC8","https://m.media-amazon.com/images/I/61snJk9p31L._SX450_.jpg","B01GFZPNC8","Pro-LifT C-9100 Black 40"" Foldable Z Creeper (450 pounds)","Pro-LifT","Amazon","Automotive",18728,786362008303,00652597530677,0786362008303,"N/A","Creepers",17,99.99,-28,374,310,20,40276.33,31031.92,4801,4.7,"Amazon","N/A",4,5190,-61,"Large bulky",7,19,27.5,25.1,"N/A","N/A","11/30/2024",120,5,2,0.08
"https://amazon.com/dp/B0BZTSSJMH","https://m.media-amazon.com/images/I/611UprDJTDL._SX450_.jpg","B0BZTSSJMH","VEVOR Mechanic Stool, 250 LBS Rolling Pneumatic Creeper Garage/Shop Seat, Adjustable Height 16-22 inch in Padded Rolling Workshop Stool with Tool Tray, for Garage, Shop, Auto Repair, Black+Orange","VEVOR","Amazon","Automotive",18886,840281566426,"N/A",0840281566426,"N/A","Roller Seats",19,37.9,-19,568,568,533,17922.56,17917.07,740,4.4,"Amazon","N/A",3,5830,"N/A","Large bulky",6.06,16.54,16.73,10.71,"N/A","N/A","11/30/2025",38,9,0,0.77
"https://amazon.com/dp/B07T3H83JG","https://m.media-amazon.com/images/I/51OHFvzXOqL._SX450_.jpg","B07T3H83JG","Chemical Guys Creeper Rolling Bucket Dolly - Heavy Duty Mobile Dolly Cart for Car Wash, Detailing, and Garage Use, 5 Caster Wheels with 360° Rotation, Fits Standard 3.5 to 7.5 Gallon Buckets","Chemical Guys","Amazon","Automotive",19673,842850102370,00842850102370,0842850102370,"N/A","Creepers",16,54.99,-27,344,344,7,18890.48,18890.37,1533,4.7,"Amazon","N/A",3,1741,-65,"Large Standard-Size",4.65,13.89,14.08,4.87,"N/A","N/A","06/30/2024",83,10,2,0.22
"https://amazon.com/dp/B0G3PTPB22","https://m.media-amazon.com/images/I/61mnLe6LlgL._SX450_.jpg","B0G3PTPB22","LWADALN Garage Mechanic Stool with Backrest, Height Adjustable Heavy Duty Swivel Task Chair, Rolling Workshop Stool with Tool Tray Storage, Mechanic Chair for Garage, Shop, Auto Repair (Black)","LWADALN","FBA","Automotive",19824,"N/A","N/A","N/A","N/A","Roller Seats",20,112.99,-1,120,120,,14288.24,14286.98,13,4.8,"WANLONGDA-Direct","China",1,0,"N/A","Large bulky",10.2,14.41,17.48,19.07,832.63,2081.56,"04/30/2026",6,9,2,9.24
"https://amazon.com/dp/B0CY2WVSQ6","https://m.media-amazon.com/images/I/71C-WZIKQLL._SX450_.jpg","B0CY2WVSQ6","Traxion 400lb Capacity 2-701 Blue Progear Mobile Rolling Gear Seat with Black Carbon Fiber","Traxion","FBM","Automotive",20091,850022803178,00850022803178,0850022803178,"N/A","Roller Seats",21,170,-30,489,29,67,82633.43,4844.66,3134,4.6,"Traxion Shop","USA",21,5139,"N/A","Large bulky",10.8,22,23,22.65,"N/A","N/A","11/30/2025",25,1,8,0.16
"https://amazon.com/dp/B0CY2Z33S4","https://m.media-amazon.com/images/I/416sRXwpIcL._SX450_.jpg","B0CY2Z33S4","Traxion 400lb Capacity 2-703 Orange Progear Mobile Rolling Gear Seat with Black Carbon Fiber","Traxion","Amazon","Automotive",20091,850022803192,00850022803192,0850022803192,"N/A","Roller Seats",21,169,-19,489,84,67,82633.43,14112.8,3134,4.6,"Amazon","N/A",12,5139,"N/A","Large bulky",11,22,23,23,"N/A","N/A","11/30/2025",26,1,8,0.16
"https://amazon.com/dp/B0GXYBC589","https://m.media-amazon.com/images/I/61TpGlm9gLL._SX450_.jpg","B0GXYBC589","LWADALN Garage Mechanic Stool with Backrest, Height Adjustable Heavy Duty Swivel Task Chair, Rolling Workshop Stool with Tool Tray Storage, Mechanic Chair for Garage, Shop, Auto Repair (Grey)","LWADALN","FBA","Automotive",21881,"N/A","N/A","N/A","N/A","Roller Seats",20,110.99,"N/A",88,0,,10449.98,"-",13,4.8,"WANLONGDA-Direct","China",1,0,"N/A","Large bulky",17.3,14.1,9.8,19,774.7,1936.76,"04/30/2026",1,9,2,"N/A"
"https://amazon.com/dp/B0FZTC32TS","https://m.media-amazon.com/images/I/71e2PDP0phL._SX450_.jpg","B0FZTC32TS","YELLOW JACKET Pneumatic Rolling Mechanic Stool with Wheels 250lb Capacity Adjustable Height Garage Shop Seat with Tool Tray for Auto Repair Workshop","YELLOW JACKET","FBA","Automotive",22313,"N/A","N/A","N/A","N/A","Roller Seats",21,41.99,16,293,48,30,11825.64,2009.22,105,4.5,"YELLOW JACKET","China",1,0,"N/A","Large bulky",5.5,15.9,16,12.3,453.44,1133.61,"03/31/2026",7,6,3,2.8
"https://amazon.com/dp/B0G7G1YFPR","https://m.media-amazon.com/images/I/711-wmQaRWL._SX450_.jpg","B0G7G1YFPR","YELLOW JACKET Rolling Mechanic Stool with Wheels, Adjustable Height Pneumatic Garage Work Seat, Heavy Duty Steel Frame Mechanics Creeper Chair with Tool Tray for Auto Repair Workshop, Red","YELLOW JACKET","FBM","Automotive",22371,"N/A","N/A","N/A","N/A","Roller Seats",21,37.89,"N/A",293,69,30,11825.64,2733.98,105,4.5,"YELLOW JACKET","China",1,0,"N/A","N/A","N/A","N/A","N/A","N/A","N/A","N/A","03/31/2026",5,6,3,2.8
"https://amazon.com/dp/B0G7BLT1BK","https://m.media-amazon.com/images/I/61KM2eArJNL._SX450_.jpg","B0G7BLT1BK","FLOLXNB Garage Mechanic Stool with Storage Tray,Low Height Rolling Shop Stools, Rolling Mechanics Seat Chair Height Adjustable, Rolling Shop Chair, Work Stool Creeper Seat (Style 2)","FLOLXNB","FBA","Automotive",24157,"N/A","N/A","N/A","N/A","Roller Seats",22,47.99,-23,297,80,30,15366.98,3876.2,19,4.2,"XINLONG-Direct","China",1,0,"N/A","Large bulky",8.1,13.6,13.75,10,490.88,1227.19,"03/31/2026",5,8,3,15.63
"https://amazon.com/dp/B0FD6BGRK1","https://m.media-amazon.com/images/I/61SuIfFA7EL._SX450_.jpg","B0FD6BGRK1","DNA MOTORING 48 Inches Heavy-Duty Low-Profile Roller Automotive Creeper with Padded Headrest, Tiffany Blue, TOOLS-00239-TB","DNA MOTORING","Amazon","Automotive",24690,194286367008,"N/A",0194286367008,"N/A","Creepers",17,71.99,-24,398,4,286,18054.48,315.34,348,4.3,"Amazon","N/A",1,0,"N/A","Large bulky",4,24,47.75,16.95,"N/A","N/A","04/30/2026",11,6,18,1.14
"https://amazon.com/dp/B0CY2WGZJZ","https://m.media-amazon.com/images/I/71CtNCeG67L._SX450_.jpg","B0CY2WGZJZ","Traxion 400lb Capacity 2-705 Green Progear Mobile Rolling Gear Seat","Traxion","FBM","Automotive",25366,850022803215,00850022803215,0850022803215,"N/A","Roller Seats",22,169,-26,489,119,67,82633.43,20168.72,3134,4.6,"Traxion Shop","USA",9,5139,"N/A","Large bulky",10.5,22,23,22.56,"N/A","N/A","11/30/2025",26,2,8,0.16
"https://amazon.com/dp/B0DRYLYK9J","https://m.media-amazon.com/images/I/61KuRpwYM2L._SX450_.jpg","B0DRYLYK9J","FreekyFit Rolling Shop Stool with Wheels, Mechanic Garage Short Stool Chair with Adjustable Height 15.55""-18.3"", Heavy Duty Swivel Roller Seat for Garage, Salon and Tattoo Beauty, Red","FreekyFit","FBA","Automotive",25381,"N/A","N/A","N/A","N/A","Roller Seats",25,92.99,-16,434,20,29,34876.02,1798.8,305,4.3,"FreekyFit","China",1,4001,"N/A","Large bulky",7.5,18.5,20.5,17,921.79,2304.47,"11/30/2025",46,10,8,1.43
"https://amazon.com/dp/B0D3VNLWHK","https://m.media-amazon.com/images/I/71t229QXNYL._SX450_.jpg","B0D3VNLWHK","Traxion 400lb Capacity 2-706 Pink Progear Mobile Rolling Gear Seat with Black Carbon Fiber","Traxion","Amazon","Automotive",25385,850022803291,00850022803291,0850022803291,"N/A","Roller Seats",22,169,-10,489,22,67,82633.43,3677.95,3134,4.6,"Amazon","N/A",11,5139,"N/A","Large bulky",10.75,21.75,23,23.8,"N/A","N/A","11/30/2025",23,1,8,0.16
"https://amazon.com/dp/B0CY2VV658","https://m.media-amazon.com/images/I/71ozxLt71ZL._SX450_.jpg","B0CY2VV658","Traxion 400lb Capacity 2-702 Carbon Fiber Simulated Progear Mobile Rolling Gear Seat","Traxion","Amazon","Automotive",25390,850022803185,00850022803185,0850022803185,"N/A","Roller Seats",22,170,-3,489,5,67,82633.43,796.78,3134,4.6,"Amazon","N/A",18,5139,"N/A","Large bulky",11.1,22,23,23.25,"N/A","N/A","11/30/2025",26,1,8,0.16
"https://amazon.com/dp/B0DY13DDPB","https://m.media-amazon.com/images/I/616uqzxnPSL._SX450_.jpg","B0DY13DDPB","FreekyFit Rolling Stool with Wheels, Adjustable Shop Stool Mechanic Chair Seat Garage Shop Roller Work Chair Mobile Rolling Seat with Tool Tray, 2 Cup Holders, 4"" Casters, 350 LBS, Heavy-Duty, Blue","FreekyFit","FBA","Automotive",26285,"N/A","N/A","N/A","N/A","Roller Seats",22,129.99,-4,322,58,7,41842.65,7585.43,290,4.4,"FreekyFit","China",1,3444,"N/A","Large bulky",12.7,18.3,22.1,25.55,1664.53,4161.32,"11/30/2025",15,9,4,1.13
"https://amazon.com/dp/B0DFH2RVVW","https://m.media-amazon.com/images/I/71ia3sKu8DL._SX450_.jpg","B0DFH2RVVW","YELLOW JACKET Rolling Mechanic Stool with Wheels Pneumatic Garage Shop Seat Adjustable Height Roller Mechanics Creeper Chair with Tool Tray for Auto Repair","YELLOW JACKET","FBA","Automotive",26571,"N/A","N/A","N/A","N/A","Roller Seats",24,39.99,-26,293,177,30,11825.64,7081.37,106,4.5,"YELLOW JACKET","China",1,0,"N/A","Large bulky",6.1,16.22,16.89,12.32,541.57,1353.93,"03/31/2026",21,6,3,2.88
"https://amazon.com/dp/B00M2QMHK6","https://m.media-amazon.com/images/I/41G+u2htvXL._SX450_.jpg","B00M2QMHK6","Traxion 2-700 ProGear Mobile Rolling Gear Seat W/Equipment Tray and Five All-Terrain 5"" Casters","Traxion","FBM","Automotive",26741,856213002634,00856213002634,0856213002634,"N/A","Roller Seats",23,169,-6,501,193,67,84636.67,32539.59,3134,4.6,"Traxion Shop","USA",8,5139,"N/A","Large bulky",10.88,22.24,23.12,24.65,"N/A","N/A","11/30/2025",170,7,8,0.16
"https://amazon.com/dp/B0CY2WB7LY","https://m.media-amazon.com/images/I/41gglH8-cGL._SX450_.jpg","B0CY2WB7LY","Traxion 400lb Capacity 2-704 Yellow Progear Mobile Rolling Gear Seat","Traxion","Amazon","Automotive",26832,850022803208,00850022803208,0850022803208,"N/A","Roller Seats",23,169,-19,489,25,67,82633.43,4193.46,3134,4.6,"Amazon","N/A",3,5139,"N/A","Large bulky",10.75,22,23,22.6,"N/A","N/A","11/30/2025",25,3,8,0.16
"https://amazon.com/dp/B0F5CQMCM2","https://m.media-amazon.com/images/I/71x6zXQWpHL._SX450_.jpg","B0F5CQMCM2","Traxion 2-707 Progear Mobile Rolling Gear Seat – Aqua Edition with Adjustable Height, Equipment Tray, and Five 5"" All-Terrain Casters for Mechanics and Workshop Use","Traxion","FBM","Automotive",26840,850022803345,00850022803345,0850022803345,"N/A","Roller Seats",23,169,-14,489,25,67,82633.43,4153.9,3134,4.6,"Traxion Shop","USA",4,5139,"N/A","Large bulky",10.9,22.5,23.2,22.6,"N/A","N/A","11/30/2025",12,1,8,0.16
"https://amazon.com/dp/B0GJNRFRG6","https://m.media-amazon.com/images/I/71d+DGiu6VL._SX450_.jpg","B0GJNRFRG6","VkkArter Rolling Creeper Mat, 60""x28"" Zero Ground Clearance Mechanic Mat for Working Under Car, Under Car Roller for All Vehicles & Terrains, 3-Layer Design with Storage Bag","VkkArter","FBA","Automotive",27145,742004212958,"N/A",0742004212958,"N/A","Creepers",19,25.99,4,143,143,,3704.75,3703.23,20,4.7,"VkkArterDirect","China",1,0,"N/A","Large Standard-Size",3.86,13.11,15.91,2.41,405.07,1117.42,"03/31/2026",2,7,0,7.13
"https://amazon.com/dp/B0FSZML79R","https://m.media-amazon.com/images/I/41fGOCmCI8L._SX450_.jpg","B0FSZML79R","Zinboval Magic Creeper Rolling Mat 58''x28'' Portable Under Car Repair Mat Folding Repairing Mechanic Pad Automotive Garage Creeper Mats For Working On The Ground For Self-Driving Tour Long-Haul Truck","Zinboval","FBA","Automotive",27232,"N/A","N/A","N/A","N/A","Creepers",20,29.99,-57,281,281,,10153.73,10152.3,19,4.4,"Zinboval","Hong Kong",1,0,"N/A","Large Standard-Size",3.8,11,12.6,2.25,265.17,731.5,"03/31/2026",7,7,2,14.81
"https://amazon.com/dp/B0DB57WZ9G","https://m.media-amazon.com/images/I/61+RTnYSE7L._SX450_.jpg","B0DB57WZ9G","FreekyFit Rolling Shop Stool with Wheels, Adjustable Garage Mechanic Stool Seat Shop Roller Work Chair Mobile Rolling Seat with Tool Tray, 2 Cup Holders, 4"" Casters, 350 LBS, Heavy-Duty, Red","FreekyFit","FBA","Automotive",27353,"N/A","N/A","N/A","N/A","Roller Seats",25,129.99,-10,322,125,7,41842.65,16181.5,290,4.4,"FreekyFit","China",1,3444,"N/A","Large bulky",13,18,22.7,23.7,1721.42,4303.54,"11/30/2025",20,9,4,1.13
"https://amazon.com/dp/B0DB56ZNH6","https://m.media-amazon.com/images/I/61aTFM+t0TL._SX450_.jpg","B0DB56ZNH6","FreekyFit Rolling Stool with Wheels, Adjustable Shop Stool Mechanic Seat, Garage Shop Roller Work Chair, Mobile Rolling Seat with Tool Tray, 2 Cup Holders, 4"" Casters, 350 LBS, Heavy-Duty, Black","FreekyFit","FBA","Automotive",27369,"N/A","N/A","N/A","N/A","Roller Seats",25,129.99,7,322,139,7,41842.65,18075.4,290,4.4,"FreekyFit","China",1,3444,"N/A","Large bulky",12.8,18.3,22.6,25.84,1715.59,4288.98,"11/30/2025",20,9,4,1.13
"https://amazon.com/dp/B07Z6F3YNY","https://m.media-amazon.com/images/I/61Of2p-0W9L._SX450_.jpg","B07Z6F3YNY","Traxion 3-102 Topside Creeper Tool Tray","Traxion","Amazon","Automotive",27374,856213002306,00856213002306,0856213002306,"N/A","Creepers",20,41.45,67,260,119,-55,50080.45,5666.55,585,4.4,"Amazon","N/A",1,5846,46,"Large Standard-Size",2.52,10.24,10.67,3.26,"N/A","N/A","11/30/2025",79,5,2,0.45
"https://amazon.com/dp/B0G7BKDCNW","https://m.media-amazon.com/images/I/61Xsjzuk-tL._SX450_.jpg","B0G7BKDCNW","FLOLXNB Garage Mechanic Stool with Storage Tray,Low Height Rolling Shop Stools, Rolling Mechanics Seat Chair Height Adjustable, Rolling Shop Chair, Work Stool Creeper Seat (Style 3)","FLOLXNB","FBA","Automotive",27875,"N/A","N/A","N/A","N/A","Roller Seats",24,43.99,-36,271,123,49,14026.74,5632.41,18,4.1,"XINLONG-Direct","China",1,0,"N/A","Large Standard-Size",7.95,13.51,13.71,9.18,741.37,2045.16,"03/31/2026",5,8,3,15.95
"https://amazon.com/dp/B0G79ZS23X","https://m.media-amazon.com/images/I/61ByE+JvW4L._SX450_.jpg","B0G79ZS23X","FLOLXNB Garage Mechanic Stool with Storage Tray,Low Height Rolling Shop Stools, Rolling Mechanics Seat Chair Height Adjustable, Rolling Shop Chair, Work Stool Creeper Seat (Style 1)","FLOLXNB","FBA","Automotive",27894,"N/A","N/A","N/A","N/A","Roller Seats",24,62.99,-24,271,79,49,14026.74,5006.52,19,4.2,"XINLONG-Direct","China",1,0,"N/A","Large bulky",7.7,14.7,14.8,11.8,542.89,1357.23,"03/31/2026",5,8,3,15.95
"https://amazon.com/dp/B0F3X2MDMZ","https://m.media-amazon.com/images/I/61VoMsZLOQL._SX450_.jpg","B0F3X2MDMZ","WheelX Mechanic Creeper 40inches 3-in-1 Z Seat 480lbs Capacity, Foldable Garage Chair Adjustable Rolling Black with 6pcs Wheels Roller, Lay Down Sit Lean Back, Under Car Shop Auto Repair, Man Gift","WheelX","FBA","Automotive",28335,"N/A","N/A","N/A","N/A","Creepers",21,69.88,9,345,172,25,24120.16,12034.52,107,4.2,"WheelX Shop","China",1,0,"N/A","Large bulky",7,19,25,19.65,1077.55,2693.87,"11/30/2025",14,7,2,3.32
"https://amazon.com/dp/B0F3X2C13Z","https://m.media-amazon.com/images/I/71gTqZtKYWL._SX450_.jpg","B0F3X2C13Z","WheelX Mechanic Creeper 40inches 3-in-1 Z Seat 480lbs Capacity, Foldable Garage Chair Adjustable Rolling Folding with 6pcs Wheels Roller, Lay Down Sit Lean Back, Under Car Shop Auto Repair Man Gift","WheelX","FBA","Automotive",28411,"N/A","N/A","N/A","N/A","Creepers",21,69.88,-33,345,173,25,24120.16,12081.97,107,4.2,"WheelX Shop","China",1,0,"N/A","Large bulky",6.8,19.5,24,19.7,1031.33,2578.33,"11/30/2025",14,7,2,3.32
"https://amazon.com/dp/B00HX3VMEU","https://m.media-amazon.com/images/I/61NCBUjLrQL._SX450_.jpg","B00HX3VMEU","Performance Tool W85020 Tractor Creeper Rolling Work Seat with Storage Tray for Mechanic Garages and Workshops, Black, 24-inch Height","Performance Tool","FBM","Automotive",29106,039564101953,00039564101953,0039564101953,"N/A","Roller Seats",25,116,-2,259,6,161,20249.11,652.96,22,3.8,"Ron's Home and Hardware","USA",9,2698,-29,"Large bulky",9.29,17.91,18.22,16.62,"N/A","N/A","11/30/2024",221,10,9,11.78
"https://amazon.com/dp/B0FGYDXKGQ","https://m.media-amazon.com/images/I/71IVI6OxTTL._SX450_.jpg","B0FGYDXKGQ","Rolling Shop Stool Chair with Wheels, Mechanic Garage Stool on Wheels, Auto Car Detailing Stools Seat with Tool Tray Storage for Garage Work, Workshop, Home, Garden, DIY, 300 LBS Capacity,Red","FreekyFit","FBA","Automotive",29391,"N/A","N/A","N/A","N/A","Roller Seats",25,47.49,-14,187,153,-60,9906.54,8087.4,111,4.2,"FreekyFit","China",1,0,"N/A","Large bulky",5,15.5,16,14.35,401.85,1004.63,"11/30/2025",8,9,2,1.69
"https://amazon.com/dp/B0D1BKGG2G","https://m.media-amazon.com/images/I/71kW7izsfAL._SX450_.jpg","B0D1BKGG2G","FreekyFit Rolling Creeper Garage Shop Seat for Men, Padded Mechanics Stool with Tool Tray Storage for Garage, Rolling Workshop Stool with Wheels, Auto Creeper Seat, 330 LBS Capacity, Heavy Duty, Red","FreekyFit","FBA","Automotive",29548,"N/A","N/A","N/A","N/A","Roller Seats",27,89.99,-19,255,28,101,22364.35,2537.16,209,4.3,"FreekyFit","China",1,2066,"N/A","Large bulky",8.6,15.8,15.8,20,695.76,1739.39,"11/30/2024",24,9,4,1.22
"https://amazon.com/dp/B0D1BB3SR8","https://m.media-amazon.com/images/I/71DHJRq5WjL._SX450_.jpg","B0D1BB3SR8","FreekyFit Rolling Creeper Garage Shop Seat for Men, Padded Mechanics Stool with Tool Tray Storage for Garage, Rolling Workshop Stool with Wheels, Auto Creeper Seat, 330 LBS Capacity, Heavy Duty, Blue","FreekyFit","FBA","Automotive",29552,"N/A","N/A","N/A","N/A","Roller Seats",27,89.99,8,255,143,101,22364.35,12844.18,209,4.3,"FreekyFit","China",1,2066,"N/A","Large bulky",9.1,15.6,15.7,20.65,722.29,1805.72,"11/30/2024",24,9,4,1.22
"https://amazon.com/dp/B0DFH3GSWY","https://m.media-amazon.com/images/I/61TIFJAuM7L._SX450_.jpg","B0DFH3GSWY","YELLOW JACKET Rolling Garage Seat with Wheels Adjustable Height Pneumatic Mechanic Stool 300Lbs Heavy Duty Shop Creeper Seat with 4 Removable Storage Tool Tray Workshop Chair for Auto Repair","YELLOW JACKET","FBA","Automotive",30202,"N/A","N/A","N/A","N/A","Roller Seats",26,49.99,-30,191,125,22,9741.97,6258.22,121,4.3,"YELLOW JACKET","China",1,3395,"N/A","Large bulky",4,17,18,13,396.67,991.67,"11/30/2025",21,7,2,1.59
"https://amazon.com/dp/B0DLB1CBFF","https://m.media-amazon.com/images/I/613a4k6fwoL._SX450_.jpg","B0DLB1CBFF","D SOLUTIONS Foldable Rolling 2-in-1 Z Creeper & Seat, 36"" Low-Profile Roller Mechanics Under Car Chair, 330 LBS Weight Capacity with 6 Swivel Casters","D SOLUTIONS","FBM","Automotive",30250,"N/A","N/A","N/A","N/A","Creepers",23,40.98,-4,436,127,11350,14834.66,4665.41,79,4.4,"DRAGON-SOLUTIONS","USA",1,1469,"N/A","Large bulky",4.02,17.01,19.29,12.43,"N/A","N/A","04/30/2026",18,6,8,5.74
"https://amazon.com/dp/B0DMZXQ3C6","https://m.media-amazon.com/images/I/612ETb8mLmL._SX450_.jpg","B0DMZXQ3C6","D SOLUTIONS Foldable Creeper, 2-in-1 Rolling Garage Z Creeper Car & Seat, 40"" Roller Mechanics Under Car Chair, 330 LBS Weight Capacity Heavy Duty, Black","D SOLUTIONS","FBM","Automotive",30268,"N/A","N/A","N/A","N/A","Creepers",23,59.99,-33,436,11,11350,14834.66,546.54,79,4.4,"DRAGON-SOLUTIONS","USA",1,1469,"N/A","Large bulky",23.8,27.5,4,14.11,"N/A","N/A","04/30/2026",18,6,8,5.74
"https://amazon.com/dp/B0DL9ZGQJC","https://m.media-amazon.com/images/I/61Nx8xWDquL._SX450_.jpg","B0DL9ZGQJC","D SOLUTIONS Foldable Rolling 2-in-1 Z Creeper & Seat, 36"" Low-Profile Roller Mechanics Under Car Chair 330 LBS Weight Capacity Garage Roller Creeper with 6 Swivel Casters","D SOLUTIONS","FBM","Automotive",30268,"N/A","N/A","N/A","N/A","Creepers",23,34.99,-20,436,30,11350,14834.66,945.84,79,4.4,"DRAGON-SOLUTIONS","USA",1,1469,"N/A","Large bulky",22,17,3.8,13.4,"N/A","N/A","04/30/2026",19,6,8,5.74
"https://amazon.com/dp/B0DMZV6251","https://m.media-amazon.com/images/I/41o5iDz6ieL._SX450_.jpg","B0DMZV6251","D SOLUTIONS Foldable Creeper, 2-in-1 Rolling Garage Z Creeper Car & Seat, 36"" Roller Mechanics Under Car Chair, 330 LBS Weight Capacity Heavy Duty, Black","D SOLUTIONS","FBM","Automotive",30275,"N/A","N/A","N/A","N/A","Creepers",23,38.88,-51,478,159,11350,17615.27,5112.74,79,4.4,"DRAGON-SOLUTIONS","USA",1,1469,"N/A","Large bulky",22,17,3.8,13.4,"N/A","N/A","04/30/2026",18,6,8,6.05
"https://amazon.com/dp/B0DLB2FS8C","https://m.media-amazon.com/images/I/61-l2k2PPcL._SX450_.jpg","B0DLB2FS8C","D SOLUTIONS Foldable Creeper, 2-in-1 Rolling Garage Z Creeper Car & Seat, 40"" Roller Mechanics Under Car Chair, 330 LBS Weight Capacity Heavy Duty, Silver/Black","D SOLUTIONS","FBM","Automotive",30275,"N/A","N/A","N/A","N/A","Creepers",23,49.99,44,436,8,11350,14834.66,416.25,76,4.4,"DRAGON-SOLUTIONS","USA",1,1469,"N/A","N/A","N/A","N/A","N/A","N/A","N/A","N/A","04/30/2026",18,6,8,5.74
"https://amazon.com/dp/B0FC2DZYB7","https://m.media-amazon.com/images/I/61m7h8vzWtL._SX450_.jpg","B0FC2DZYB7","FreekyFit Rolling Shop Stool with Wheels,Mechanic Garage Short Stool Chair with Adjustable Height 15.55""-18.3"",Heavy Duty Swivel Roller Seat for Garage,Salon and Tattoo Beauty, Blue","FreekyFit","FBA","Automotive",30422,"N/A","N/A","N/A","N/A","Roller Seats",27,92.99,-8,434,285,29,34876.02,26267.3,305,4.3,"FreekyFit","China",1,4001,"N/A","Large bulky",7,19,21,16.3,905.14,2262.85,"11/30/2025",13,10,8,1.43
"https://amazon.com/dp/B0FC2H8WYB","https://m.media-amazon.com/images/I/61Zq9-l9fqL._SX450_.jpg","B0FC2H8WYB","FreekyFit Rolling Shop Stool with Wheels,Mechanic Garage Short Stool Chair with Adjustable Height 15.55""-18.3"",Heavy Duty Swivel Roller Seat for Garage,Salon and Tattoo Beauty, Yellow","FreekyFit","FBA","Automotive",30456,"N/A","N/A","N/A","N/A","Roller Seats",27,75.99,-50,434,21,29,34876.02,1605.78,305,4.3,"FreekyFit","China",1,4001,"N/A","Large bulky",7,18.5,20,15.8,839.35,2098.38,"11/30/2025",10,10,8,1.43
"https://amazon.com/dp/B0DPZYV6FZ","https://m.media-amazon.com/images/I/61tTPwnMvIL._SX450_.jpg","B0DPZYV6FZ","FreekyFit Mechanic Rolling Stool with Wheels, Car Creeper Seat with Large Tool Tray Storage for Auto Repair Shops, Garage Shop Stool on Wheels for Men, Padded Mechanic Chair, 250 LBS Capacity, Black","FreekyFit","FBA","Automotive",30456,"N/A","N/A","N/A","N/A","Roller Seats",27,35.99,30,434,45,29,34876.02,1611.41,305,4.3,"FreekyFit","China",1,4001,"N/A","Large bulky",3.3,15,15.3,8.45,245.44,613.59,"11/30/2025",16,9,8,1.43
"https://amazon.com/dp/B0BFDH4T4Y","https://m.media-amazon.com/images/I/51QE2Cs4IcL._SX450_.jpg","B0BFDH4T4Y","Big RED 40"" Padded Rolling Garage/Shop Creepe with Adjustable Headrest and 6 Casters，Steel Mechanic Cart, Black,ATR6452BR,Torin","BIG RED","Amazon","Automotive",30609,810104642729,00810104642729,0810104642729,"N/A","Creepers",24,72.19,29,178,33,-50,11808.87,2228.87,1634,4.6,"Amazon","N/A",1,3854,"N/A","Large bulky",4.8,18.4,41.4,18,"N/A","N/A","11/30/2025",44,6,3,0.11
"https://amazon.com/dp/B0BFDTQSTY","https://m.media-amazon.com/images/I/51OI+4HHWDL._SX450_.jpg","B0BFDTQSTY","Big RED 40"" Padded Rolling Garage/Shop Creeper with Adjustable Headrest and 6 Casters,Mechanic Cart, Blue TR6452 Torin","BIG RED","Amazon","Automotive",30609,810104642736,"N/A",0810104642736,"N/A","Creepers",24,64.4,-28,178,40,-50,11808.87,2633.06,1632,4.5,"Amazon","N/A",1,3854,"N/A","Large bulky",5,17.5,41,18.85,"N/A","N/A","11/30/2025",44,5,3,0.11
"https://amazon.com/dp/B0028JQZ5U","https://m.media-amazon.com/images/I/41zEXjwU4YL._SX450_.jpg","B0028JQZ5U","BIG RED TR6452 Torin Rolling Garage/Shop Creeper: 40"" Padded Mechanic Cart with Adjustable Headrest and 6 Casters, Red","BIG RED","Amazon","Automotive",30681,615268364520,00615268364520,0615268364520,"N/A","Creepers",22,67.06,-15,178,104,-50,11808.87,6944.92,1634,4.6,"Amazon","N/A",5,3854,"N/A","Large bulky",5.1,17.6,40.9,17.95,"N/A","N/A","11/30/2025",205,7,3,0.11
"https://amazon.com/dp/B0FJQS47CW","https://m.media-amazon.com/images/I/61TBeF8g0nL._SX450_.jpg","B0FJQS47CW","Big RED Creeper Garage/Shop Seat: Heavy Duty Rolling Pneumatic Padded Adjustable Mechanic Stool with Tool Tray Storage, Red Large","BIG RED","Amazon","Automotive",31503,810151427898,"N/A",0810151427898,"N/A","Roller Seats",28,35.99,-15,86,86,74,3301.54,3301.39,32,4.5,"Amazon","N/A",1,0,"N/A","Large bulky",18,18,18,13,"N/A","N/A","10/31/2025",10,7,0,2.69
"https://amazon.com/dp/B0BX6MT9CG","https://m.media-amazon.com/images/I/61isBBmokML._SX450_.jpg","B0BX6MT9CG","FLOLXNB Low Rolling Stool, Low Stool with Wheels, PU Leather Low Roller Seat Chair, Rolling Seat Stool for Home Office Garage Shop (Style 2)","FLOLXNB","FBA","Automotive",32293,"N/A","N/A","N/A","N/A","Roller Seats",29,38.19,-38,165,61,-6,6421.64,2377.03,141,4.6,"XINLONG-Direct","China",1,1479,10,"Large Standard-Size",7.32,13.58,13.94,6.97,697.67,1924.6,"02/28/2026",39,9,2,1.17
"https://amazon.com/dp/B0FGYD4SLT","https://m.media-amazon.com/images/I/71HBYFO3uWL._SX450_.jpg","B0FGYD4SLT","Rolling Shop Stool Chair with Wheels, Mechanic Garage Stool on Wheels, Auto Car Detailing Stools Seat with Tool Tray Storage for Garage Work, Workshop, Home, Garden, DIY, 300 LBS Capacity, Yellow","FreekyFit","FBA","Automotive",32298,"N/A","N/A","N/A","N/A","Roller Seats",29,47.49,-37,187,34,-60,9906.54,1818.92,111,4.2,"FreekyFit","China",1,0,"N/A","Large bulky",5.6,15.1,15.6,14.3,427.5,1068.74,"11/30/2025",11,9,2,1.69
"https://amazon.com/dp/B07RBV372K","https://m.media-amazon.com/images/I/710NNRF+ZYL._SX450_.jpg","B07RBV372K","RACATAC Kneeling Sitting Creeper with Chest Support, 2 Inch Casters, Rolling Knee Pads with Seat, Adjustable Seat, Knee Pads with Wheels, Made in USA, Floor Creeper, 01RACCS","Racatac","FBA","Automotive",32299,"N/A","N/A","N/A","N/A","Creepers",23,295,-40,376,101,32,106685.4,29665.53,937,4.5,"MARSHALLTOWN","USA",3,0,"N/A","Large bulky",10,19.5,20,13.6,1263.89,3159.72,"04/30/2026",67,5,4,0.4
"https://amazon.com/dp/B0BYMJSR8D","https://m.media-amazon.com/images/I/71Xqpvg1uAL._SX450_.jpg","B0BYMJSR8D","FLOLXNB Low Rolling Stool, Low Stool with Wheels, PU Leather Low Roller Seat Chair, Rolling Seat Stool for Home Office Garage Shop (Style 1)","FLOLXNB","FBA","Automotive",32318,"N/A","N/A","N/A","N/A","Roller Seats",29,38.99,-18,165,104,-6,6421.64,4044.39,141,4.6,"XINLONG-Direct","China",1,1479,10,"Large Standard-Size",8,13.5,13.6,6.85,739.5,2040,"02/28/2026",38,8,2,1.17
"https://amazon.com/dp/B09B2RD8C8","https://m.media-amazon.com/images/I/71ljT6IL8sL._SX450_.jpg","B09B2RD8C8","Traxion 3-200 NXT Foldable Topside Automotive Engine Creeper, Black","Traxion","FBM","Automotive",32629,850022803017,00850022803017,0850022803017,"N/A","Creepers",24,310,-28,307,128,-55,48233.32,39938.56,585,4.4,"Traxion Shop","USA",20,5846,46,"Extra-large 70+ to 150 lb",7,25.5,50,77,"N/A","N/A","11/30/2025",58,10,2,0.52
"https://amazon.com/dp/B0DL9ZLNJ6","https://m.media-amazon.com/images/I/61M2-qQ8QJL._SX450_.jpg","B0DL9ZLNJ6","D SOLUTIONS 2-in-1 Foldable Rolling Z Creeper & Seat, 40"" Low-Profile Roller Mechanics Under Car Chair 330 LBS Weight Capacity Garage Roller Creeper with 6 Swivel Casters","D SOLUTIONS","FBM","Automotive",32955,"N/A","N/A","N/A","N/A","Creepers",26,49.99,-7,436,7,11350,14834.66,332,79,4.4,"DRAGON-SOLUTIONS","USA",1,1469,"N/A","Large bulky",24,18,4,13.5,"N/A","N/A","04/30/2026",15,6,8,5.74
"https://amazon.com/dp/B0G76BWKY5","https://m.media-amazon.com/images/I/71JTP-pG-lL._SX450_.jpg","B0G76BWKY5","superokay 2-in-1 Folding Creeper Seat, 40-Inch Professional Mechanic Cart with 6 Casters, 330 lbs Capacity Rolling Creeper for Garage & Shop, Foldable Z Creeper Seat with Tool Tray","superokay","FBA","Automotive",33001,739630378851,"N/A",0739630378851,"N/A","Creepers",25,59.99,-12,110,29,,5202.83,1730.77,25,3.4,"SUPEROKAY","N/A",1,0,"N/A","Large bulky",4.6,17.5,26.4,16.7,688.72,1721.81,"03/31/2026",2,8,2,4.57
"https://amazon.com/dp/B0DQP59PVC","https://m.media-amazon.com/images/I/61HZDy7Ah2L._SX450_.jpg","B0DQP59PVC","D SOLUTIONS Foldable Creeper, 2-in-1 Rolling Garage Z Creeper Car & Seat, 36"" Roller Mechanics Under Car Chair, 330 LBS Weight Capacity Heavy Duty, Ocean Blue","D SOLUTIONS","FBM","Automotive",33085,"N/A","N/A","N/A","N/A","Creepers",26,45.63,40,436,31,11350,14834.66,1060.51,79,4.4,"DRAGON-SOLUTIONS","USA",1,1469,"N/A","Large bulky",24,18,4,11.99,"N/A","N/A","04/30/2026",17,6,8,5.74
"https://amazon.com/dp/B0DQP6GQ3X","https://m.media-amazon.com/images/I/61ZZJHxbKgL._SX450_.jpg","B0DQP6GQ3X","D SOLUTIONS Foldable Creeper, 2-in-1 Rolling Garage Z Creeper Car & Seat, 36"" Roller Mechanics Under Car Chair, 330 LBS Weight Capacity Heavy Duty, Rose Pink","D SOLUTIONS","FBM","Automotive",33097,"N/A","N/A","N/A","N/A","Creepers",26,32.89,-22,436,23,11350,14834.66,751.26,76,4.4,"DRAGON-SOLUTIONS","USA",1,1469,"N/A","Large bulky",24,18,4,11.99,"N/A","N/A","04/30/2026",17,6,8,5.74
"https://amazon.com/dp/B0D41J3J77","https://m.media-amazon.com/images/I/61jJwdxcItL._SX450_.jpg","B0D41J3J77","YELLOW JACKET Pneumatic Shop Creeper Seat Adjustable Mechanic Stool with Wheels 300Lbs and Removable Tool Tray Storage Workshop Chair for Auto Repair","YELLOW JACKET","FBA","Automotive",33388,"N/A","N/A","N/A","N/A","Roller Seats",31,52.99,-15,191,66,22,9741.97,3483.52,121,4.3,"YELLOW JACKET","China",1,3395,"N/A","Large bulky",5.35,17.48,19.37,12.37,587.04,1467.6,"11/30/2025",23,7,2,1.59
"https://amazon.com/dp/B075NLZ8XC","https://m.media-amazon.com/images/I/710cnp1BbuL._SX450_.jpg","B075NLZ8XC","RACATAC Kneeling Sitting Creeper, 2 Inch Casters, Knee Pads, Adjustable Seat, Made in the USA, 01RAC","Racatac","FBA","Automotive",33775,893933000007,"N/A",0893933000007,"N/A","Creepers",26,229.98,-32,376,61,32,106685.4,13638.67,937,4.5,"MARSHALLTOWN","USA",5,0,"N/A","Large bulky",7.5,19.5,20.2,9.75,957.4,2393.49,"04/30/2026",104,7,4,0.4
"https://amazon.com/dp/B000TROIGQ","https://m.media-amazon.com/images/I/710cnp1BbuL._SX450_.jpg","B000TROIGQ","Racatac Kneeling Sitting Creeper with 3 Inch Casters, Rolling Knee Pads with Seat, Adjustable Seat, Knee Pads with Wheels, Made in USA, Floor Creeper, 01RAC3","Racatac","FBA","Automotive",33778,893933000014,00893933000014,0893933000014,"N/A","Creepers",26,239.99,-7,376,35,32,106685.4,8281.01,937,4.5,"MARSHALLTOWN","USA",2,0,"N/A","Large bulky",7.5,19.5,20.5,10.65,971.61,2429.04,"04/30/2026",261,7,4,0.4
"https://amazon.com/dp/B075NLRJDC","https://m.media-amazon.com/images/I/710NNRF+ZYL._SX450_.jpg","B075NLRJDC","Racatac Kneeling Sitting Creeper with Chest Support and 3 Inch Casters, Rolling Knee Pads with Seat, Creeper for Flooring Installation, Made in USA, 01RAC3CS","Racatac","FBA","Automotive",33778,893933000021,"N/A",0893933000021,"N/A","Creepers",26,309.99,"N/A",376,180,32,106685.4,55096.84,938,4.5,"MARSHALLTOWN","USA",3,0,"N/A","Large bulky",9.75,19.75,20.5,14.45,1279.29,3198.23,"04/30/2026",146,7,4,0.4
"https://amazon.com/dp/B0DRYLVN4D","https://m.media-amazon.com/images/I/61rx-UH+t9L._SX450_.jpg","B0DRYLVN4D","FreekyFit Rolling Shop Stool with Wheels,Mechanic Garage Short Stool Chair with Adjustable Height 15.55""-18.3"",Heavy Duty Swivel Roller Seat for Garage,Salon and Tattoo Beauty, Black","FreekyFit","FBA","Automotive",33842,"N/A","N/A","N/A","N/A","Roller Seats",30,92.99,-33,434,24,29,34876.02,2167.59,305,4.3,"FreekyFit","China",1,4001,"N/A","Large bulky",7.5,18.5,20.5,16,921.79,2304.47,"11/30/2025",46,10,8,1.43
"https://amazon.com/dp/B0GYC4YZHL","https://m.media-amazon.com/images/I/612SUu93OdL._SX450_.jpg","B0GYC4YZHL","Pownym Rolling Knee Creeper with 5 Swivel Castors and Tool Tray Rolling Knee Pads for Home Workshop, Auto Shop, Garden, Flooring, Black","Pownym","-","Automotive",34151,"N/A","N/A","N/A","N/A","Creepers",28,33.99,"N/A",0,0,,"-","-","N/A","N/A",,"N/A",1,0,"N/A","Large bulky",19.69,9.84,3.94,3.97,"N/A","N/A","-",0,"N/A",0,"N/A"
"https://amazon.com/dp/B002Y090BY","https://m.media-amazon.com/images/I/71tXH6SjK3L._SX450_.jpg","B002Y090BY","Traxion 3-100 Foldable Topside Automotive Engine Creeper, Red & Black","Traxion","Amazon","Automotive",34387,856213002085,00856213002085,0856213002085,"N/A","Creepers",28,289,-16,359,359,,103713.63,103712.12,1491,4.6,"Amazon","N/A",19,0,"N/A","Extra-large 70+ to 150 lb",7,23.5,49,71,"N/A","N/A","03/31/2026",181,7,0,0.24
"https://amazon.com/dp/B0G52B8PK3","https://m.media-amazon.com/images/I/71JTP-pG-lL._SX450_.jpg","B0G52B8PK3","superokay 2-in-1 Folding Creeper Seat, 36-Inch Professional Mechanic Cart with 6 Casters, 300 lbs Capacity Rolling Creeper for Garage & Shop, Foldable Z Creeper Seat with Tool Tray","superokay","FBA","Automotive",34436,739630378790,"N/A",0739630378790,"N/A","Creepers",28,42.99,-10,110,81,,5202.83,3471.83,25,3.4,"SUPEROKAY","N/A",1,0,"N/A","Large bulky",4,17.5,22,13.45,499.07,1247.69,"03/31/2026",5,9,2,5.22
"https://amazon.com/dp/B0FD38R5W4","https://m.media-amazon.com/images/I/51nr6+rctWL._SX450_.jpg","B0FD38R5W4","DNA MOTORING 36"" L X 17"" W x 4.25"" H Vehicle Repair Low Profile Automotive Creeper w/Padded Headrest, Blue, TOOLS-00201-BL","DNA MOTORING","Amazon","Automotive",35005,194286366896,"N/A",0194286366896,"N/A","Creepers",28,52.06,8,398,18,286,18054.48,882.35,348,4.3,"Amazon","N/A",1,0,"N/A","Large bulky",4,17,37,10.45,"N/A","N/A","04/30/2026",11,7,18,1.14
"https://amazon.com/dp/B0BP6QFQH7","https://m.media-amazon.com/images/I/51LNX-G+mKL._SX450_.jpg","B0BP6QFQH7","DNA MOTORING 40Inch Low Profile Plastic Rolling Garage Shop Creeper with Padded Headrest,Tool Trays & 6pcs Casters,Green, TOOLS-00218","DNA MOTORING","Amazon","Automotive",35009,194286127794,"N/A",0194286127794,"N/A","Creepers",28,42.27,7,398,91,286,18054.48,4816.32,349,4.3,"Amazon","N/A",1,0,"N/A","Large bulky",3.9,18.9,40.9,12.31,"N/A","N/A","04/30/2026",42,7,18,1.16
"https://amazon.com/dp/B0FD6D3HPK","https://m.media-amazon.com/images/I/51HyKJSQyaL._SX450_.jpg","B0FD6D3HPK","DNA MOTORING 40"" L X 19"" W Vehicle Repair Low Profile Plastic Rolling Garage Shop Creeper with Padded Headrest,Tool Trays & 6pcs Casters, Purple, TOOLS-00217-PR","DNA MOTORING","Amazon","Automotive",35019,194286366964,"N/A",0194286366964,"N/A","Creepers",28,52.99,"N/A",398,13,286,18054.48,688.72,344,4.3,"Amazon","N/A",1,0,"N/A","Large bulky",3.75,18.75,40.75,13.25,"N/A","N/A","04/30/2026",11,6,18,1.16
"https://amazon.com/dp/B0BJK1K6B9","https://m.media-amazon.com/images/I/71Fe8Z7s3ML._SX450_.jpg","B0BJK1K6B9","DNA MOTORING TOOLS-00241 48 Inches Heavy-Duty Low-Profile Roller Automotive Creeper with Padded Headrest, Orange","DNA MOTORING","Amazon","Automotive",35019,194286148386,"N/A",0194286148386,"N/A","Creepers",28,71.98,-1,398,5,286,18054.48,377.82,349,4.3,"Amazon","N/A",1,0,"N/A","Large bulky",4,23.5,47.4,15.7,"N/A","N/A","04/30/2026",43,7,18,1.16
"https://amazon.com/dp/B0FC2GB7LS","https://m.media-amazon.com/images/I/61vSn-yTTUL._SX450_.jpg","B0FC2GB7LS","FreekyFit Rolling Shop Stool with Wheels, Rolling Short Stool with Back Support, 360° Swivel Garage Chair, Height Adjustable Chair 330lb Heavy Duty for Spa Salon Massage Home Office Tattoo (Pink)","FreekyFit","FBA","Automotive",36064,"N/A","N/A","N/A","N/A","Roller Seats",30,89.27,-4,269,47,-22,25258.05,4455.65,168,4.2,"FreekyFit","China",1,3267,"N/A","Large bulky",8.88,17.5,21.25,17.05,1070.17,2675.43,"11/30/2025",10,9,4,1.6
"https://amazon.com/dp/B0DRVJLMK4","https://m.media-amazon.com/images/I/61knHRgvc5L._SX450_.jpg","B0DRVJLMK4","FreekyFit Rolling Shop Stool with Wheels, Rolling Short Stool with Back Support, 360° Swivel Garage Chair, Height Adjustable Chair 330lb Heavy Duty for Spa Salon Massage Home Office Tattoo (Red)","FreekyFit","FBA","Automotive",36068,"N/A","N/A","N/A","N/A","Roller Seats",30,94.99,-14,269,94,-22,25258.05,8797.79,168,4.2,"FreekyFit","China",1,3267,"N/A","Large bulky",10,19.8,20.3,17,1302.58,3256.46,"11/30/2025",13,9,4,1.6
"https://amazon.com/dp/B0DRVL4KRC","https://m.media-amazon.com/images/I/61TDyvS70eL._SX450_.jpg","B0DRVL4KRC","FreekyFit Rolling Shop Stool with Wheels, Rolling Short Stool with Back Support, 360° Swivel Garage Chair, Height Adjustable Chair 330lb Heavy Duty for Spa Salon Massage Home Office Tattoo (Black)","FreekyFit","FBA","Automotive",36068,"N/A","N/A","N/A","N/A","Roller Seats",30,89.27,27,269,41,-22,25258.05,3854.93,169,4.3,"FreekyFit","China",1,3267,"N/A","Large bulky",9,17.5,21,17.6,1071.88,2679.69,"11/30/2025",13,9,4,1.63
"https://amazon.com/dp/B0FC2G51T5","https://m.media-amazon.com/images/I/61Gjno+feYL._SX450_.jpg","B0FC2G51T5","FreekyFit Rolling Shop Stool with Wheels, Rolling Short Stool with Back Support, 360° Swivel Garage Chair, Height Adjustable Chair 330lb Heavy Duty for Spa Salon Massage Home Office Tattoo(Blue)","FreekyFit","FBA","Automotive",36068,"N/A","N/A","N/A","N/A","Roller Seats",30,94.99,-25,269,87,-22,25258.05,8149.04,169,4.3,"FreekyFit","China",1,3267,"N/A","Large bulky",9,17.56,21,17.3,1075.55,2688.88,"11/30/2025",10,9,4,1.63
"https://amazon.com/dp/B0BKRWF1LG","https://m.media-amazon.com/images/I/41QLcFQDHHL._SX450_.jpg","B0BKRWF1LG","FLOLXNB Low Height Rolling Stool with 360°Swivel Caster, Low Roller Seat Chair, PU Leather Rolling Stool Heavy-Duty and Sturdy, Movable Mini Stools for Home Office Garage Shop Fitness Sport","FLOLXNB","FBA","Automotive",36096,"N/A","N/A","N/A","N/A","Roller Seats",32,25.99,-3,321,200,101,8441.6,5205.97,176,4.4,"XINLONG-Direct","China",1,2429,87,"Large Standard-Size",5.94,13.3,13.78,3.86,548.1,1512.01,"04/30/2026",43,9,2,1.83
"https://amazon.com/dp/B0BKRX9JHZ","https://m.media-amazon.com/images/I/715nndI08wL._SX450_.jpg","B0BKRX9JHZ","FLOLXNB Low Roller Seat Chair, Rolling Stool with 360°Swivel Caster, PU Leather Rolling Chair Seats on Wheels, Movable Mini Stool for Home Office Garage Shop Fitness Sport","FLOLXNB","FBA","Automotive",36134,"N/A","N/A","N/A","N/A","Roller Seats",32,25.99,"N/A",321,121,101,8441.6,3232.15,176,4.4,"XINLONG-Direct","China",1,2429,87,"Large Standard-Size",3.23,13.23,13.39,3.51,288.08,794.71,"04/30/2026",43,8,2,1.83
"https://amazon.com/dp/B0D5B6S4G9","https://m.media-amazon.com/images/I/61HjOC7RMgL._SX450_.jpg","B0D5B6S4G9","LWADALN Rolling Stool with Backrest Low Height Rolling Stool with PU Leather, Roller Stool Chair, Roller Seats for Home, Office, Garage, Shop, Library (3.2"" h Casters)","LWADALN","FBA","Automotive",36190,"N/A","N/A","N/A","N/A","Roller Seats",33,48.99,4,235,178,26,11256.78,8758.82,151,4.1,"WANLONGDA-Direct","China",1,1874,16,"Large bulky",7.64,14.72,14.8,8.95,539.4,1348.49,"04/30/2026",24,9,2,1.56