"URL","Image URL","ASIN","Title","Brand","Fulfillment","Category","BSR","UPC","GTIN","EAN","ISBN","Subcategory","Subcategory BSR","Price","Price Trend (90 days) (%)","Parent Level Sales","ASIN Sales","Sales Trend (90 days) (%)","Parent Level Revenue","ASIN Revenue","Review Count","Reviews Rating","Seller","Seller Country/Region","Number of Active Sellers","Last Year Sales","Sales Year Over Year (%)","Shipping Details","Length","Width","Height","Weight","Storage Fee (Jan - Sep)","Storage Fee (Oct - Dec)","Best Sales Period","Listing Age (Months)","Number of Images","Variation Count","Sales to Reviews"
"https://amazon.com/dp/B0D5B6S4G9","https://m.media-amazon.com/images/I/61HjOC7RMgL._SX450_.jpg","B0D5B6S4G9","LWADALN Rolling Stool with Backrest Low Height Rolling Stool with PU Leather, Roller Stool Chair, Roller Seats for Home, Office, Garage, Shop, Library (3.2"" h Casters)","LWADALN","FBA","Automotive",36190,"N/A","N/A","N/A","N/A","Roller Seats",33,48.99,4,235,178,26,11256.78,8758.82,151,4.1,"WANLONGDA-Direct","China",1,1874,16,"Large bulky",7.64,14.72,14.8,8.95,539.4,1348.49,"04/30/2026",24,9,2,1.56
"https://amazon.com/dp/B0CSNHRX9V","https://m.media-amazon.com/images/I/61JwrcLpQVL._SX450_.jpg","B0CSNHRX9V","LWADALN Rolling Stool with Backrest Low Height Rolling Stool with PU Leather, Roller Stool Chair, Roller Seats for Home, Office, Garage, Shop, Library","LWADALN","FBA","Automotive",36191,"N/A","N/A","N/A","N/A","Roller Seats",33,43.99,-5,235,57,26,11256.78,2497.67,151,4.1,"WANLONGDA-Direct","China",1,1874,16,"Large bulky",7.5,14.5,14.75,8.35,519.84,1299.59,"04/30/2026",28,9,2,1.56
"https://amazon.com/dp/B0GQXKJYZK","https://m.media-amazon.com/images/I/515PnXAWC5L._SX450_.jpg","B0GQXKJYZK","FreekyFit Garage Stool, Adjustable Height Swivel Work Mechanic Shop Stool with Backrest, Pneumatic Shop Chair for Home, Workshop, 300 LBS Capacity, 360° Rotation, Heavy Duty, Green","FreekyFit","FBA","Automotive",36612,"N/A","N/A","N/A","N/A","Roller Seats",31,72.99,"N/A",342,20,100,23586.96,1479.02,302,4.3,"FreekyFit","China",1,2976,"N/A","Large bulky",7.5,16,16,16,622.22,1555.56,"12/31/2024",1,9,5,1.15
"https://amazon.com/dp/B0GQXVJ6FJ","https://m.media-amazon.com/images/I/51xtb77j2rL._SX450_.jpg","B0GQXVJ6FJ","FreekyFit Garage Stool, Adjustable Height Swivel Work Mechanic Shop Stool with Backrest, Pneumatic Shop Chair for Home, Workshop, 300 LBS Capacity, 360° Rotation, Heavy Duty, Blue","FreekyFit","FBA","Automotive",36754,"N/A","N/A","N/A","N/A","Roller Seats",31,72.99,"N/A",342,25,100,23586.96,1849.95,302,4.3,"FreekyFit","China",1,2976,"N/A","Large bulky",8,16,16,16.65,663.7,1659.26,"12/31/2024",1,9,5,1.15
"https://amazon.com/dp/B0GJCTGPHC","https://m.media-amazon.com/images/I/71Zf7glU0XL._SX450_.jpg","B0GJCTGPHC","Rolling Shop Stool with Wheels, Garage Mechanic Stool with Backrest, Metal Heavy Duty Roller Mechanic Chair with Tool Tray, 5-Wheel Anti-tip Design,22""-26"" Adjustable Height, 330 LBS Capacity (Yellow)","ACCUCRAFT","FBA","Automotive",38157,798623972100,"N/A",0798623972100,"N/A","Roller Seats",32,149.97,-17,237,237,,35569.17,35569.04,38,4.3,"ACCUCRAFT","China",1,0,"N/A","Large bulky",11.5,19.8,19.9,31.4,1468.45,3671.14,"04/30/2026",4,7,2,6.24
"https://amazon.com/dp/B0DXZNZL9W","https://m.media-amazon.com/images/I/61geJb+F5wL._SX450_.jpg","B0DXZNZL9W","FreekyFit Rolling Creeper Garage Shop Seat for Men, Padded Mechanics Stool with Tool Tray Storage for Garage, Rolling Workshop Stool with Wheels, Auto Creeper Seat, 330 LBS Capacity, Heavy Duty,Yellow","FreekyFit","FBA","Automotive",39211,"N/A","N/A","N/A","N/A","Roller Seats",35,69.99,-43,255,43,101,22364.35,3305.54,209,4.3,"FreekyFit","China",1,2066,"N/A","Large bulky",8.8,15.6,15.8,19.9,702.92,1757.31,"11/30/2024",13,9,4,1.22
"https://amazon.com/dp/B0D1BLYYKQ","https://m.media-amazon.com/images/I/61sih-KuksL._SX450_.jpg","B0D1BLYYKQ","FreekyFit Rolling Creeper Garage Shop Seat for Men, Padded Mechanics Stool with Tool Tray Storage for Garage, Rolling Workshop Stool with Wheels, Auto Creeper Seat, 330 LBS Capacity, Heavy Duty, Black","FreekyFit","FBA","Automotive",39211,"N/A","N/A","N/A","N/A","Roller Seats",35,89.99,8,255,43,101,22256.75,3835.62,209,4.3,"FreekyFit","China",1,2066,"N/A","Large bulky",8.9,15.75,16,19.6,726.83,1817.08,"11/30/2024",24,9,4,1.22
"https://amazon.com/dp/B017TIVB94","https://m.media-amazon.com/images/I/31lcz7qS+iL._SX450_.jpg","B017TIVB94","Performance Tool W85027 Adjustable (19 - 24 Inch) Pneumatic Rolling Bar Stool, 250 Lbs Capacity","Performance Tool","FBM","Automotive",39265,039564113550,00039564113550,0039564113550,"N/A","Roller Seats",35,63.98,4,259,28,161,20249.11,1324.91,408,3.9,"PartsHawk","USA",15,2698,-29,"Extra-large 50+ to 70 lb",9.5,25,33,10.55,"N/A","N/A","11/30/2024",126,10,9,0.64
"https://amazon.com/dp/B000UOEO3A","https://m.media-amazon.com/images/I/61Ctf73OoyL._SX450_.jpg","B000UOEO3A","Performance Tool W85008 Professional Hydraulic Shop Seat, Built in Tool Tray and 300 lbs Capacity","Performance Tool","FBA","Automotive",39265,787721749035,00039564850080,0787721749035,"N/A","Roller Seats",35,62.99,-9,259,18,161,20249.11,1148.22,94,4.3,"OxBow","USA",17,2698,-29,"Large bulky",5,15.75,16,11.1,408.33,1020.83,"11/30/2024",260,10,9,2.76
"https://amazon.com/dp/B0731XS2XW","https://m.media-amazon.com/images/I/61J7eenOvpL._SX450_.jpg","B0731XS2XW","Performance Tool W85011 Pneumatic Swivel Bar Stool with Back Support, 360-Degree Swivel, Heavy Duty Steel Frame, Black","Performance Tool","FBM","Automotive",39388,039564126680,00039564126680,0039564126680,"N/A","Roller Seats",35,80.88,-6,259,81,161,20249.11,6638.38,1640,4.3,"Autoplicity ✅","USA",46,2698,-29,"Large bulky",13.45,17,17,15.6,"N/A","N/A","11/30/2024",107,9,9,0.16
"https://amazon.com/dp/B0DCV2ZPMS","https://m.media-amazon.com/images/I/71CZueDDbQL._SX450_.jpg","B0DCV2ZPMS","Vyper Robust Steel Sport Shop Chair for Mechanics, Automotive, DIY - 300 lb Capacity Garage Stool with Backrest & Large Wheels (Black Seat, Black Frame)","Vyper Industrial","FBA","Automotive",40609,"N/A",00850066491195,"N/A","N/A","Roller Seats",35,475,-20,265,34,-8,125931,16324.9,179,4.5,"Vyper Industrial","USA",1,3646,"N/A","Large bulky",7.7,24.3,24.4,34.85,1479.56,3698.89,"11/30/2025",21,8,3,1.5
"https://amazon.com/dp/B0DCV19NC8","https://m.media-amazon.com/images/I/71egV+lBgjL._SX450_.jpg","B0DCV19NC8","Vyper Robust Steel Sport Shop Chair for Mechanics, Automotive, DIY - 300 lb Capacity Garage Stool with Backrest & Large Wheels (Black Seat, Blue Frame)","Vyper Industrial","FBA","Automotive",40609,"N/A",00850066491218,"N/A","N/A","Roller Seats",35,475,3,264,105,-9,125550.72,49941.31,179,4.5,"Vyper Industrial","USA",1,3649,"N/A","Large bulky",7.7,24.2,24.6,34.55,1485.54,3713.86,"11/30/2025",21,8,3,1.55
"https://amazon.com/dp/B0FKB8KGX1","https://m.media-amazon.com/images/I/61unoXT2EIL._SX450_.jpg","B0FKB8KGX1","HYDRAULIC PRO Adjustable Height Rolling Mechanic Stool, 300 LBS Garage Chair on Wheels, Rolling Workshop Stool with Cushioned Seat and Tool Trays, Ideal for Garage, Workshop, and Auto Repair","HYDRAULIC PRO","FBA","Automotive",40747,"N/A","N/A","N/A","N/A","Roller Seats",37,64.59,26,174,174,-3,10879.17,10878.1,36,4.4,"Hydraulic Pro US","China",1,0,"N/A","Large bulky",8.2,18.1,18.5,14.6,889.83,2224.58,"03/31/2026",10,7,0,4.85
"https://amazon.com/dp/B002E1AYTU","https://m.media-amazon.com/images/I/71eJYUH+O0L._SX450_.jpg","B002E1AYTU","BIG RED TRP6240 Torin Blow Molded Plastic Rolling Garage/Shop Creeper: 40"" Mechanic Cart with Padded Headrest, Dual Tool Trays and 6 Casters, Red","BIG RED","Amazon","Automotive",40953,615268362403,00615268362403,7258007095656,"N/A","Creepers",31,49.99,-18,404,96,65,18060.85,4787.63,1659,4.5,"Amazon","N/A",1,4966,"N/A","Large bulky",4,20,41,12.7,"N/A","N/A","11/30/2024",203,6,6,0.24
"https://amazon.com/dp/B0DYWLDMV4","https://m.media-amazon.com/images/I/61Jo6nNJOTL._SX450_.jpg","B0DYWLDMV4","Big RED ATR6036ZER 36"" Foldable Z-Creeper Seat: 2-in-1 Garage Shop Creeper for Auto Repair with 6 Wheels, 300 Lbs. Capacity - Red","BIG RED","Amazon","Automotive",40954,810151425092,"N/A",0810151425092,"N/A","Creepers",31,45.99,-39,404,92,65,18060.85,3795.28,5,4.3,"Amazon","N/A",1,4966,"N/A","Large bulky",4,16.25,21.5,12.3,"N/A","N/A","11/30/2024",15,7,6,80.7
"https://amazon.com/dp/B0DGTDJBCR","https://m.media-amazon.com/images/I/31jYQW9c-IL._SX450_.jpg","B0DGTDJBCR","VEVOR Under Dash Creeper, 40 in, 330 lbs Load Capacity Rolling Mechanic Garage Creeper, 20.3-27.4 in Height Adjustable, Laying Down or Upright Inside of Car or Truck, Easy Fold Support for Garage Shop","VEVOR","Amazon","Automotive",41102,197988583998,"N/A",0197988583998,"N/A","Creepers",30,56.98,-18,121,121,-90,6950.94,6949.77,118,4.5,"Amazon","N/A",3,2718,"N/A","Large bulky",4.33,11.1,40.94,16.89,"N/A","N/A","11/30/2025",20,9,0,1.03
"https://amazon.com/dp/B07FYDFHNW","https://m.media-amazon.com/images/I/51mzRqhOoqL._SX450_.jpg","B07FYDFHNW","Omega 91900 Plastic Creeper, 1 Pack","Omega Lift Equipment","Amazon","Automotive",41558,047077996874,00047077996874,0047077996874,"N/A","Creepers",32,33.14,-53,138,138,,4572.4,4570.89,644,4.6,"Amazon","N/A",2,1564,-40,"Large bulky",4.24,16.12,37,10.65,"N/A","N/A","12/31/2024",94,3,0,0.21
"https://amazon.com/dp/B09F5WW9MD","https://m.media-amazon.com/images/I/61bBkcLH73L._SX450_.jpg","B09F5WW9MD","DNA MOTORING 36"" L X 17"" W x 4.25"" H Vehicle Repair Low Profile Automotive Creeper w/Padded Headrest, Red, TOOLS-00201","DNA MOTORING","Amazon","Automotive",41669,194286113322,"N/A",0194286113322,"N/A","Creepers",32,43.99,-31,398,195,286,18054.48,7000.19,348,4.3,"Amazon","N/A",1,0,"N/A","Large bulky",3.5,17.5,37.25,9.8,"N/A","N/A","04/30/2026",57,7,18,1.17
"https://amazon.com/dp/B0BJJXC6W5","https://m.media-amazon.com/images/I/71M9iTskBvL._SX450_.jpg","B0BJJXC6W5","DNA MOTORING TOOLS-00240 48 Inches Heavy-Duty Low-Profile Roller Automotive Creeper with Padded Headrest, Green","DNA MOTORING","Amazon","Automotive",41673,194286148379,"N/A",0194286148379,"N/A","Creepers",32,79.99,-24,398,5,286,18054.48,334.65,348,4.3,"Amazon","N/A",1,0,"N/A","Large bulky",3.5,24,47,15.55,"N/A","N/A","04/30/2026",43,7,18,1.17
"https://amazon.com/dp/B0BJJCX9SB","https://m.media-amazon.com/images/I/71gO-QJSmVL._SX450_.jpg","B0BJJCX9SB","DNA MOTORING TOOLS-00239 48 Inches Heavy-Duty Low-Profile Roller Automotive Creeper with Padded Headrest, Blue","DNA MOTORING","Amazon","Automotive",41723,194286148362,"N/A",0194286148362,"N/A","Creepers",32,79.99,10,398,6,286,18054.48,423.97,348,4.3,"Amazon","N/A",1,0,"N/A","Large bulky",3.75,24.25,47,16,"N/A","N/A","04/30/2026",43,7,18,1.17
"https://amazon.com/dp/B0BP65XW6S","https://m.media-amazon.com/images/I/61Ykd+oftbL._SX450_.jpg","B0BP65XW6S","DNA MOTORING 40Inch Low Profile Plastic Rolling Garage Shop Creeper with Padded Headrest,Tool Trays & 6pcs Casters,Blue, TOOLS-00217","DNA MOTORING","Amazon","Automotive",41723,194286127787,"N/A",0194286127787,"N/A","Creepers",32,48.59,17,398,9,286,18054.48,477.73,349,4.3,"Amazon","N/A",1,0,"N/A","Large bulky",3.8,18.5,41.1,12.4,"N/A","N/A","04/30/2026",42,7,18,1.16
"https://amazon.com/dp/B0BJJ77ZSM","https://m.media-amazon.com/images/I/71bgdypxCHL._SX450_.jpg","B0BJJ77ZSM","DNA MOTORING TOOLS-00238 48 Inches Heavy-Duty Low-Profile Roller Automotive Creeper with Padded Headrest, Red","DNA MOTORING","Amazon","Automotive",41727,194286148355,"N/A",0194286148355,"N/A","Creepers",32,49.99,-12,414,22,286,18709.41,1372.9,349,4.3,"Amazon","N/A",1,0,"N/A","Large bulky",4.5,24.5,48,15.8,"N/A","N/A","04/30/2026",43,7,18,1.21
"https://amazon.com/dp/B0FRZW9NCB","https://m.media-amazon.com/images/I/61DQ+VG3QRL._SX450_.jpg","B0FRZW9NCB","NKJNKFS Mechanic Magical Rolling Creeper Mat 58""x27"", Durable Oil & Water Resistant Garage Floor Mat, Foldable Car Repair Pad with Storage Bag, for Auto Repair, Trucks & Self-Driving Tours","NKJNKFS","FBA","Automotive",42359,"N/A","N/A",8794552590318,"N/A","Creepers",33,19.99,6,103,103,,2052.56,2051.38,28,4.7,"SGFSPD","China",1,0,"N/A","Large Standard-Size",3.78,10.63,14.96,1.87,302.64,834.88,"11/30/2025",8,7,0,3.67
"https://amazon.com/dp/B0CYL9DY86","https://m.media-amazon.com/images/I/61BrHHnNEGL._SX450_.jpg","B0CYL9DY86","Olympia Tools Adjustable Hydraulic Rolling Mechanics Stool with with Removable Tool Tray, 300lbs Max Weight Capacity, 419-110-1002","Olympia Tools","Amazon","Automotive",42868,843774191105,"N/A",0843774191105,"N/A","Roller Seats",36,59.99,-33,145,26,-11,12356.17,1563.21,782,4.2,"Amazon","N/A",2,0,"N/A","Large bulky",5.28,17.24,18.78,12.83,"N/A","N/A","11/30/2025",23,9,2,0.18
"https://amazon.com/dp/B07FMQL93S","https://m.media-amazon.com/images/I/31tXMWYhYSL._SX450_.jpg","B07FMQL93S","Olympia Tools 82-738 Adjustable Hydraulic Work Stool, Black","Olympia Tools","Amazon","Automotive",42871,883652827382,00883652827382,0883652827382,"N/A","Roller Seats",36,98.23,-15,145,118,-11,12356.17,10792.38,782,4.2,"Amazon","N/A",1,0,"N/A","Large bulky",6.36,19,26.25,21.62,"N/A","N/A","11/30/2025",93,7,2,0.19
"https://amazon.com/dp/B0F31CBG3L","https://m.media-amazon.com/images/I/51c7Xh3gj+L._SX450_.jpg","B0F31CBG3L","QVFHL Rolling Creeper Mat Car Repair 58""X28"", Foldable Car Repair Pad with Storage Bag for Low Clearance, Special Roads, Long-Distance Trucks, Mechanics Pad","QVFHL","FBA","Automotive",42908,"N/A","N/A","N/A","N/A","Creepers",35,19.99,-25,291,291,-10,6205.76,6203.25,62,4.4,"QVFHL","China",1,3706,"N/A","Large Standard-Size",4.61,13.19,16.77,2.4,513.4,1416.27,"11/30/2025",12,8,0,4.7
"https://amazon.com/dp/B0GSW652Q2","https://m.media-amazon.com/images/I/61-j52QQmlL._SX450_.jpg","B0GSW652Q2","Rolling Creeper Mat, Magical Creeper Rolling Mat, 60''x28'' Portable Mechanic Creeper Automotive Repair Mat - Perfect for Working On The Ground, Special Roads, Self Driving, Long-Distance Trucks","bovivanen","FBA","Automotive",43531,739719715973,"N/A",0739719715973,"N/A","Creepers",36,28.99,"N/A",0,0,,"-","-",3,5,"bovivanen","China",1,0,"N/A","Large Standard-Size",14,12,3,2,253.75,700,"-",0,7,2,0
"https://amazon.com/dp/B0GT225BBJ","https://m.media-amazon.com/images/I/71+nErmse9L._SX450_.jpg","B0GT225BBJ","Rolling Creeper Mat, Magical Creeper Rolling Mat, 60''x28'' Portable Mechanic Creeper Automotive Repair Mat - Perfect for Working On The Ground, Special Roads, Self Driving, Long-Distance Trucks(Blue)","bovivanen","FBA","Automotive",43695,739719715980,"N/A",0739719715980,"N/A","Creepers",36,29.98,"N/A",0,0,,"-","-",3,5,"bovivanen","China",1,0,"N/A","Large Standard-Size",4.76,13.39,15.59,2.23,500.28,1380.07,"-",0,8,2,"N/A"
"https://amazon.com/dp/B09VFJSC86","https://m.media-amazon.com/images/I/61qQ6GofgvL._SX450_.jpg","B09VFJSC86","Btibpse Roller Seat 360 Degree Rotating Low Stool with Wheel Chair PU Leather Universal Swivel Wheels Stool for Home Office Fitness and Garage (Rectangle Blue)","Btibpse","FBA","Automotive",44483,"N/A","N/A","N/A","N/A","Roller Seats",37,28.99,-21,366,19,286,10167.84,538,207,4.4,"Jerry's E Store","China",1,2193,5,"Large Standard-Size",4.8,10.39,16.85,4.61,423.09,1167.14,"04/30/2026",50,6,5,1.78
"https://amazon.com/dp/B0BX5H1XFR","https://m.media-amazon.com/images/I/719W5nhUKtL._SX450_.jpg","B0BX5H1XFR","Btibpse Roller Seat 360 Degree Rotating Low Stool with Wheel Chair PU Leather Universal Swivel Wheels Stool for Home Office Fitness and Garage (Square Blue)","Btibpse","FBA","Automotive",44519,"N/A","N/A","N/A","N/A","Roller Seats",37,26.99,-8,366,203,286,10167.84,5464.4,207,4.4,"Jerry's E Store","China",1,2193,5,"Large Standard-Size",4.53,10.43,16.1,4.41,382.99,1056.52,"04/30/2026",50,5,5,1.78
"https://amazon.com/dp/B0BX5H8TVM","https://m.media-amazon.com/images/I/61s+r+AxOVL._SX450_.jpg","B0BX5H8TVM","Btibpse Roller Seat 360 Degree Rotating Low Stool with Wheel Chair PU Leather Universal Swivel Wheels Stool for Home Office Fitness and Garage (Square Black)","Btibpse","FBA","Automotive",44527,"N/A","N/A","N/A","N/A","Roller Seats",37,28.99,-8,366,16,286,10167.84,453.87,205,4.4,"Jerry's E Store","China",1,2193,5,"Large Standard-Size",4.41,12.4,12.48,4.23,343.6,947.86,"04/30/2026",50,6,5,1.79
"https://amazon.com/dp/B09VFJ36B9","https://m.media-amazon.com/images/I/61qMXFzjjvL._SX450_.jpg","B09VFJ36B9","Btibpse Roller Seat 360 Degree Rotating Low Stool with Wheel Chair PU Leather Universal Swivel Wheels Stool for Home Office Fitness and Garage (Rectangle Black)","Btibpse","FBA","Automotive",44531,"N/A","N/A","N/A","N/A","Roller Seats",37,28.99,-25,366,100,286,10167.84,2906.43,207,4.4,"Jerry's E Store","China",1,2193,5,"Large Standard-Size",4.76,10.51,16.22,4.41,408.54,1127.01,"04/30/2026",50,6,5,1.78
"https://amazon.com/dp/B00TL7K8J6","https://m.media-amazon.com/images/I/61XhtLJec0L._SX450_.jpg","B00TL7K8J6","Performance Tool W85023 28-1/2-Inch Checkerboard 360 Degree Swivel Stool, Heavy Duty Steel Frame Is Perfect for Home, Bar and Shop","Performance Tool","FBA","Automotive",44942,647367414189,"N/A",0647367414189,"N/A","Roller Seats",38,77.17,11,259,60,161,20249.11,4660.36,98,4.5,"OxBow","USA",27,2698,-29,"Large bulky",8.6,24,33.2,16.3,2220.71,5551.78,"11/30/2024",168,10,9,2.64
"https://amazon.com/dp/B001EKDWYG","https://m.media-amazon.com/images/I/61Vxim5XQ-L._SX450_.jpg","B001EKDWYG","Performance Tool W85010 Swivel Seat Bar Stool for Mechanic Garages and Workshops, Black, 0.6x9.8x5.8-Inches","Performance Tool","FBA","Automotive",44944,039564850103,00039564850103,0039564850103,"N/A","Roller Seats",38,59.99,-4,259,22,161,20249.11,1346.51,90,4.1,"OxBow","USA",54,2698,-29,"Large bulky",4.5,21.5,27.4,14.15,859.1,2147.76,"11/30/2024",200,8,9,2.88
"https://amazon.com/dp/B08NTVLFMJ","https://m.media-amazon.com/images/I/61cubuk9VUL._SX450_.jpg","B08NTVLFMJ","Performance Tool W85033 Extra-Thick Big Top Pneumatic Rolling Shop Stool for Mechanic Garages and Workshops, Black, 19x19x18.5-Inches","Performance Tool","FBM","Automotive",44978,039564013782,00039564013782,0039564013782,"N/A","Roller Seats",38,81.55,-9,259,11,161,20249.11,914.63,20,3.2,"Autoplicity ✅","USA",28,2698,-29,"Large bulky",7.8,18.8,19.1,12.2,"N/A","N/A","11/30/2024",66,9,9,12.96
"https://amazon.com/dp/B0CDXXQYKW","https://m.media-amazon.com/images/I/51XTPr+EsDL._SX450_.jpg","B0CDXXQYKW","Performance Tool W85016 Pneumatic Stool w/Removable Backrest","Performance Tool","FBA","Automotive",44980,039564147661,00039564147661,0039564147661,"N/A","Roller Seats",38,82.1,-2,259,9,161,20249.11,711.74,17,3.4,"OxBow","USA",20,2698,-29,"Large bulky",7.36,16.77,16.81,17.92,672.39,1680.98,"11/30/2024",34,9,9,15.24
"https://amazon.com/dp/B07K4WHXY8","https://m.media-amazon.com/images/I/61wfsIhsH1L._SX450_.jpg","B07K4WHXY8","Performance Tool W85031 Pneumatic High Back Adjustable Swivel Bar Stool with Back Support for Home, Bar, and Shop, Black, 26-32-Inches High","Performance Tool","FBA","Automotive",44990,039564133664,00039564133664,0039564133664,"N/A","Roller Seats",38,117.99,-39,259,24,161,20249.11,2848.61,145,4,"OxBow","USA",55,2698,-29,"Large bulky",18,18.5,20.5,19.2,2212.29,5530.73,"11/30/2024",91,9,9,1.8
"https://amazon.com/dp/B0BPSPV1KK","https://m.media-amazon.com/images/I/51AhMmEb5SL._SX450_.jpg","B0BPSPV1KK","M-AUTO Rolling Knee Creeper Durable Knee Pads with Full 360 Degree Turn Casters and Tool Tray, Garage Kneeling Pads on Swivel Castors for Home Workshop Auto Repairing Maintaining, Black","M-AUTO","Amazon","Automotive",45461,840256408973,"N/A",0840256408973,"N/A","Creepers",33,66.73,106,233,108,-53,9945.14,5565.43,275,4.1,"Amazon","N/A",1,5019,72,"Large bulky",3.94,10.63,21.42,4.01,"N/A","N/A","11/30/2025",41,9,2,0.85
"https://amazon.com/dp/B0BPSPFWRZ","https://m.media-amazon.com/images/I/6190hk08xqL._SX450_.jpg","B0BPSPFWRZ","M-AUTO Rolling Knee Creeper Durable Knee Pads with Full 360 Degree Turn Casters and Tool Tray, Garage Kneeling Pads on Swivel Castors for Home Workshop Auto Repairing Maintaining, Red","M-AUTO","Amazon","Automotive",47253,840256408966,"N/A",0840256408966,"N/A","Creepers",38,34.99,-22,233,125,-53,9945.14,4379.48,275,4.1,"Amazon","N/A",1,5019,72,"Large bulky",4,10.7,21.4,4.05,"N/A","N/A","11/30/2025",41,9,2,0.85
"https://amazon.com/dp/B0D994FFXP","https://m.media-amazon.com/images/I/51yMvrhuUdL._SX450_.jpg","B0D994FFXP","Big RED Torin 36"" Rolling Garage Creeper, Shop Creeper Blow Molded Plastic Mechanic Cart with Padded Headrest with 4 Casters, 250 LBS, Black","BIG RED","Amazon","Automotive",48410,810151422831,"N/A",0810151422831,"N/A","Creepers",36,35.99,-36,404,85,65,18060.85,3048.37,11,3.9,"Amazon","N/A",1,4966,"N/A","Large bulky",37,17.5,4.3,13.23,"N/A","N/A","11/30/2024",22,7,6,36.68
"https://amazon.com/dp/B0DG3PJJMT","https://m.media-amazon.com/images/I/510IR-vgUzL._SX450_.jpg","B0DG3PJJMT","Big RED ATRP6240BR-1 Blow Molded Plastic Rolling Garage/Shop Creeper: 40"" Mechanic Cart with Padded Headrest and 6 Casters, 250 LBS, Black","BIG RED","Amazon","Automotive",48451,810151423746,"N/A",0810151423746,"N/A","Creepers",36,55.99,8,404,12,65,18060.85,646.4,5,3.6,"Amazon","N/A",1,4966,"N/A","Large bulky",3.9,19.3,41.5,12.75,"N/A","N/A","11/30/2024",44,7,6,80.7
"https://amazon.com/dp/B0D1B59FHX","https://m.media-amazon.com/images/I/61pKnxIEcRL._SX450_.jpg","B0D1B59FHX","FreekyFit Garage Stool, Adjustable Height Swivel Work Mechanic Shop Stool with Backrest, Pneumatic Shop Chair for Home, Workshop, 300 LBS Capacity, 360° Rotation, Heavy Duty, Red","FreekyFit","FBA","Automotive",49797,"N/A","N/A","N/A","N/A","Roller Seats",40,72.99,-18,342,102,100,23586.96,7407.53,302,4.3,"FreekyFit","China",1,2976,"N/A","Large bulky",7.5,15.5,15.75,17.25,593.36,1483.4,"12/31/2024",24,9,5,1.15
"https://amazon.com/dp/B0D1BSBDCJ","https://m.media-amazon.com/images/I/61oPLTNbyNL._SX450_.jpg","B0D1BSBDCJ","FreekyFit Garage Stool, Adjustable Height Swivel Work Mechanic Shop Stool with Backrest, Pneumatic Shop Chair for Home, Workshop, 300 LBS Capacity, 360° Rotation, Heavy Duty, Black","FreekyFit","FBA","Automotive",49797,"N/A","N/A","N/A","N/A","Roller Seats",40,65.99,-15,342,183,100,23586.96,12080.98,302,4.3,"FreekyFit","China",1,2976,"N/A","Large bulky",7.72,16.89,16.93,16.95,715.4,1788.5,"12/31/2024",24,9,5,1.15
"https://amazon.com/dp/B00AUIAWU0","https://m.media-amazon.com/images/I/414wnZbgvQL._SX450_.jpg","B00AUIAWU0","Lisle 97102 Black Low Profile Plastic Creeper","Lisle","Amazon","Automotive",50566,083045971023,00083045971023,0083045971023,"N/A","Creepers",38,93.99,-25,144,144,-2,13363.16,13361.7,714,4.8,"Amazon","N/A",26,1697,43,"Large bulky",5,18.06,38.81,12.9,"N/A","N/A","03/31/2026",162,3,0,0.2
"https://amazon.com/dp/B0BX4VSVD8","https://m.media-amazon.com/images/I/41QdgWgKxYL._SX450_.jpg","B0BX4VSVD8","Pro-Lift PL9300H Pneumatic Chair with 300 lbs Capacity – Black/Orange","Pro-LifT","Amazon","Automotive",50857,652597470881,"N/A",0652597470881,"N/A","Roller Seats",41,37.1,-23,493,448,134,19076.44,16624.83,7422,4.6,"Amazon","N/A",3,4293,52,"Large bulky",5,16,16,12.45,"N/A","N/A","06/30/2025",39,4,2,0.07
"https://amazon.com/dp/B09XTCSN73","https://m.media-amazon.com/images/I/51PXuNoUcyL._SX450_.jpg","B09XTCSN73","Btibpse Roller Seat 360 Degree Rotating Low Stool with Wheel Chair PU Leather Universal Swivel Wheels Stool for Home Office Fitness and Garage (Rectangle Red)","Btibpse","FBA","Automotive",51916,"N/A","N/A","N/A","N/A","Roller Seats",41,27.99,-12,366,29,286,10167.84,800.86,206,4.4,"Jerry's E Store","China",1,2193,5,"Large Standard-Size",4.84,10.51,16.22,5.16,415.41,1145.95,"04/30/2026",50,8,5,1.78
"https://amazon.com/dp/B0BQ2SF13W","https://m.media-amazon.com/images/I/617RaOeU9IL._SX450_.jpg","B0BQ2SF13W","Big RED 36"" 2-Piece Padded Rolling Garage/Shop Creeper, Mechanic Cart with Headrest and 6 Casters, Red TR7565R Torin","BIG RED","Amazon","Automotive",52226,810104648141,00810104648141,0810104648141,"N/A","Creepers",39,57.56,4,404,80,65,18060.85,4298.07,33,4.1,"Amazon","N/A",1,4966,"N/A","Large bulky",6.25,15.5,19.75,13.6,"N/A","N/A","11/30/2024",41,6,6,12.61
"https://amazon.com/dp/B083F56B4C","https://m.media-amazon.com/images/I/518UANf1uML._SX450_.jpg","B083F56B4C","MAYAKOBA Dayton Rolling Bathroom Seat (Cappuccino) Pneumatic, Short Stool with Adjustable Height 13""-15"", Perfect for Bathroom Tub Height, Paded Shower Bench with Back-Support","MAYAKOBA","FBM","Automotive",56111,"N/A","N/A",9612197417373,"N/A","Roller Seats",41,89.99,1,81,10,-4,7334.25,932.29,731,4.5,"Madison & Park","USA",2,1095,-19,"Large bulky",22,21,11,15,"N/A","N/A","05/31/2024",123,8,8,0.11
"https://amazon.com/dp/B0G6KX948Z","https://m.media-amazon.com/images/I/619cAWVErDL._SX450_.jpg","B0G6KX948Z","Topside Automotive Creeper,Engine Topside Creeper with Adjustable Height 48""-66"", 400 Lbs Heavy-Duty Foldable Garage Creepers, 6 Swivel Casters, Padded Deck, Tool Pouch, for Truck/SUV Garage Mainten","EliteEdge","Amazon","Automotive",56594,800072701061,"N/A",0800072701061,"N/A","Creepers",39,183.84,"N/A",106,13,78,16813.21,2293.64,8,4.7,"Amazon","N/A",1,0,"N/A","Extra-large 70+ to 150 lb",51.18,24.02,7.48,78.26,"N/A","N/A","03/31/2026",5,8,4,13.26
"https://amazon.com/dp/B0G6KYHWGB","https://m.media-amazon.com/images/I/41KvKy7VucL._SX450_.jpg","B0G6KYHWGB","Topside Automotive Creeper,Engine Topside Creeper with Adjustable Height 48""-66"", 400 Lbs Heavy-Duty Foldable Garage Creepers, 6 Swivel Casters, Padded Deck, Tool Pouch, for Truck/SUV Garage Mainten","EliteEdge","Amazon","Automotive",56807,800072701092,"N/A",0800072701092,"N/A","Creepers",40,141.18,27,105,51,78,16467.93,7683.05,10,4.7,"Amazon","N/A",1,0,"N/A","Extra-large 70+ to 150 lb",51.18,24.02,7.48,78.26,"N/A","N/A","03/31/2026",5,8,4,13.08
"https://amazon.com/dp/B0G6L5PMNH","https://m.media-amazon.com/images/I/61YWkhahtYL._SX450_.jpg","B0G6L5PMNH","Topside Automotive Creeper,Engine Topside Creeper with Adjustable Height 48""-66"", 400 Lbs Heavy-Duty Foldable Garage Creepers, 6 Swivel Casters, Padded Deck, Tool Pouch, for Truck/SUV Garage Mainten","EliteEdge","Amazon","Automotive",56807,800072701085,"N/A",0800072701085,"N/A","Creepers",40,143.99,-22,106,33,78,16813.21,5080.93,8,4.7,"Amazon","N/A",1,0,"N/A","Extra-large 70+ to 150 lb",51.18,24.02,7.48,78.26,"N/A","N/A","03/31/2026",5,8,4,13.26
"https://amazon.com/dp/B0F28XPP8H","https://m.media-amazon.com/images/I/61SSz4eEwvL._SX450_.jpg","B0F28XPP8H","FreekyFit Adjustable Shop Stool,Garage Mechanic Stool Chair,Work Seat for Workshop, Adjustable Height, 360° Swivel Padded Square Seat,Tool Storage, 350 LBS Capacity, Heavy Duty, Red","FreekyFit","FBA","Automotive",56892,"N/A","N/A","N/A","N/A","Roller Seats",42,119.99,-11,245,11,149,29366.78,1384.91,159,4.4,"FreekyFit","China",1,2120,"N/A","Large bulky",7.6,15.67,23.27,23.17,898.1,2245.24,"11/30/2025",14,9,7,1.55
"https://amazon.com/dp/B0DX6FR157","https://m.media-amazon.com/images/I/61e+mE0hfFL._SX450_.jpg","B0DX6FR157","FreekyFit Adjustable Tall Shop Stool, Mechanics Garage Stool Chair, Work Metal Chair for Workshop, Adjustable Height, 360° Swivel Padded Seat, Tool Tray Storage, 350 LBS Capacity, Heavy Duty, Blue","FreekyFit","FBA","Automotive",57698,"N/A","N/A","N/A","N/A","Roller Seats",42,119.99,"N/A",245,10,149,29366.78,1163.79,158,4.4,"FreekyFit","China",1,2120,"N/A","Large bulky",6.5,15,30.5,22.3,963.72,2409.29,"11/30/2025",21,8,7,1.55
"https://amazon.com/dp/B0DHP9WNMX","https://m.media-amazon.com/images/I/710GuRPyQmL._SX450_.jpg","B0DHP9WNMX","YELLOW JACKET Garage Mechanics Seat with Two Tool Tray and A Drawer, Mechanic Stool with Wheels 300 lbs Capacity, Workshop Creeper Seat for Auto Repair Work","YELLOW JACKET","FBA","Automotive",57768,"N/A","N/A","N/A","N/A","Chairs & Sofas",262,56.99,-36,199,199,81,11368.42,11368.33,112,4.3,"YELLOW JACKET","China",1,1673,"N/A","Large bulky",10.4,12.6,22.9,14.55,972.49,2431.22,"11/30/2025",20,7,0,1.78
"https://amazon.com/dp/B07WCB2BJG","https://m.media-amazon.com/images/I/714w2rZpKjL._SX450_.jpg","B07WCB2BJG","MAYAKOBA Dayton Garage Rolling Seat (Black) Pneumatic, Short Stool with Adjustable Height 13""-15"", Perfect for Garage Task, Home Cleaning, Bathroom Short Seat, Technician Task","MAYAKOBA","FBM","Automotive",58175,"N/A","N/A",9612197413603,"N/A","Roller Seats",43,99.99,-24,81,19,-4,7334.25,1903.22,731,4.5,"Madison & Park","USA",1,1095,-19,"Large bulky",18,19,9,18,"N/A","N/A","05/31/2024",82,7,8,0.11
"https://amazon.com/dp/B0002SR0V2","https://m.media-amazon.com/images/I/612eD64vh2L._SX450_.jpg","B0002SR0V2","Lisle 92102 Red Low Profile Plastic Creeper","Lisle","Amazon","Automotive",58302,083045921028,00083045921028,0083045921028,"N/A","Creepers",41,93.99,-20,174,74,23,14389.72,6898.9,566,4.8,"Amazon","N/A",36,1851,115,"Large bulky",5,18,39,12.2,"N/A","N/A","04/30/2026",182,3,2,0.31
"https://amazon.com/dp/B0BJ2HM7P3","https://m.media-amazon.com/images/I/71SBcpc0QkL._SX450_.jpg","B0BJ2HM7P3","Goplus Rolling Garage Stool, 16”-22” Adjustable Mechanic Stool with Universal Wheels, Removable Magnetic Tool Tray, 2” Thick Padded Cushion, 330LBS Capacity, Roller Creeper Seat, Shop Chair","Goplus","FBM","Automotive",58612,798470730090,"N/A",0798470730090,"N/A","Roller Seats",45,42.99,-15,117,29,-52,5235.02,1268.84,306,4.4,"GoplusUS","USA",2,3667,"N/A","Large bulky",5.4,17.4,17.8,13.55,"N/A","N/A","11/30/2025",43,9,3,0.39
"https://amazon.com/dp/B0DCV2QFW8","https://m.media-amazon.com/images/I/718BH0fY2yL._SX450_.jpg","B0DCV2QFW8","Vyper Robust Steel Sport Shop Chair for Mechanics, Automotive, DIY - Made in USA - 300 lb Capacity Garage Stool with Backrest & Large Wheels (Black Seat, Red Frame)","Vyper Industrial","FBA","Automotive",58630,"N/A",00850066491201,"N/A","N/A","Roller Seats",44,475,-7,265,128,-8,125931,60857.42,179,4.5,"Vyper Industrial","USA",1,3646,"N/A","Large bulky",7.5,24.5,24.5,34.25,1458.94,3647.35,"11/30/2025",21,8,3,1.55
"https://amazon.com/dp/B0DMSSCQ6N","https://m.media-amazon.com/images/I/61nSCBl4uGL._SX450_.jpg","B0DMSSCQ6N","Goplus Mechanic Stool, Rolling Garage Chair with 16”-22” Adjustable Height, Removable Magnetic Tool Tray, 2” Thick Padded Cushion, Universal Wheels, 330LBS, Roller Creeper Seat (Black)","Goplus","Amazon","Automotive",58644,798470379763,"N/A",0798470379763,"N/A","Roller Seats",45,42.99,-28,117,27,-52,5235.02,1220.03,306,4.4,"Amazon","N/A",2,3667,"N/A","Large bulky",5,19,19,14.65,"N/A","N/A","11/30/2025",18,9,3,0.38
"https://amazon.com/dp/B091G4WTQN","https://m.media-amazon.com/images/I/31FRWzsF6NL._SX450_.jpg","B091G4WTQN","AFF Viking Mechanic's Creeper - Low Profile Ergonomic Design with Padded Headrest - Heavy Duty","AFF","Amazon","Automotive",61163,874015007077,"N/A",0874015007077,"N/A","Creepers",44,109.99,9,145,111,93,15330.38,12222.14,154,4.3,"Amazon","N/A",11,1259,76,"Large bulky",4.1,21.9,42.8,14.6,"N/A","N/A","04/30/2026",62,6,2,0.95
"https://amazon.com/dp/B09XWX91PZ","https://m.media-amazon.com/images/I/41bgVbQeoEL._SX450_.jpg","B09XWX91PZ","AFF Viking Mechanic's Creeper - Low Profile Fully Padded Design with Adjustable Head - Heavy Duty","AFF","Amazon","Automotive",61182,874015007442,00874015007442,0874015007442,"N/A","Creepers",44,87.56,-28,154,38,93,16264.28,3409.47,154,4.3,"Amazon","N/A",12,1259,76,"Large bulky",4.5,17.25,41,17.3,"N/A","N/A","04/30/2026",49,6,2,1.01
"https://amazon.com/dp/B0DMSV1CF2","https://m.media-amazon.com/images/I/41bad5dv5TL._SX450_.jpg","B0DMSV1CF2","Goplus Mechanic Stool, Rolling Garage Chair with 16”-22” Adjustable Height, Removable Magnetic Tool Tray, 2” Thick Padded Cushion, Universal Wheels, 330LBS, Roller Creeper Seat (Yellow & Black)","Goplus","Amazon","Automotive",61358,798470379428,"N/A",0798470379428,"N/A","Roller Seats",44,42.99,-40,117,66,-52,5235.02,2990.01,306,4.4,"Amazon","N/A",2,3667,"N/A","Large bulky",5.5,19,19.8,14.45,"N/A","N/A","11/30/2025",18,9,3,0.38
"https://amazon.com/dp/B0BDSK2HFL","https://m.media-amazon.com/images/I/71ZiFq-wrVL._SX450_.jpg","B0BDSK2HFL","Lisle 92062 Red Plastic Creeper","Lisle","FBM","Automotive",62648,083045920625,00083045920625,0083045920625,"N/A","Creepers",45,74.95,-16,174,100,23,14389.72,7488.87,566,4.8,"Radiator Genie","USA",1,1851,115,"Large bulky",5,18.2,39.2,11.55,"N/A","N/A","04/30/2026",44,3,2,0.31
"https://amazon.com/dp/B0BG2LX6P6","https://m.media-amazon.com/images/I/51rjm+stdvL._SX450_.jpg","B0BG2LX6P6","WKWKER Modern Roller Seat PU Leather Low Round Rolling Stool 360° Swivel Small Low Seat with Universal Caster Wheels Foot Stool for Home Office Garage Shop Fitness Sport H：12.4"" （Black）","WKWKER","FBA","Automotive",62830,810084101780,00810084101780,0810084101780,"N/A","Roller Seats",46,33.99,-14,131,37,21,4460.8,1238.19,381,4.5,"COFSH","China",1,1565,-20,"Large Standard-Size",7.72,13.3,13.89,5.95,718.08,1980.9,"12/31/2024",44,7,3,0.34
"https://amazon.com/dp/B0GXCP126Z","https://m.media-amazon.com/images/I/61osUf8GgML._SX450_.jpg","B0GXCP126Z","Garvee Top Side Creeper, 48 in-68 in Adjustable Height, 400 LBS Capacity, High Top Automotive Creeper with 6 Swivel Caster Wheels, Heavy Duty Foldable Creeper for Garage Shop, Black","Garvee","Amazon","Automotive",68784,824126672718,"N/A",0824126672718,"N/A","Creepers",44,143.99,"N/A",308,265,304,45407.68,38298.67,25,4.3,"Amazon","N/A",1,0,"N/A","Extra-large 70+ to 150 lb",51.18,24.02,7.48,78.26,"N/A","N/A","11/30/2025",1,6,9,7.9
"https://amazon.com/dp/B0DJQSXLR5","https://m.media-amazon.com/images/I/61PDKVALnTL._SX450_.jpg","B0DJQSXLR5","LWADALN Low Height Rolling Stool Modern Roller Seat Short Stool with Universal Caster, Round Roller Chair,Low Chair for Home Office Garage Shop (Model 1)","LWADALN","FBA","Automotive",70258,"N/A","N/A","N/A","N/A","Roller Seats",48,37.99,-26,55,55,-56,2152.44,2152.34,78,4.3,"WANLONGDA-Direct","China",1,1216,"N/A","Large bulky",8.27,13.94,14.02,6.02,523.79,1309.49,"10/31/2025",20,9,2,0.71
"https://amazon.com/dp/B0GL3KLQJV","https://m.media-amazon.com/images/I/71SAvmaZ-XL._SX450_.jpg","B0GL3KLQJV","Vyper Elevated Steel Max EZ-Lift Shop Chair with Backrest, Rolling Stool for Workbench Height, 400 lb Capacity, Industrial Casters, Adjustable Ergonomic Mechanic Seat - 24"" - 29.5"", Red Legs","Vyper Industrial","FBA","Automotive",72460,850066491577,"N/A",0850066491577,"N/A","Roller Seats",49,650,"N/A",67,29,,43356.6,18976.7,6,4.8,"Vyper Industrial","USA",1,0,"N/A","Large bulky",24,24,9,41,1680,4200,"03/31/2026",2,7,3,22.23
"https://amazon.com/dp/B0GL3FMWTB","https://m.media-amazon.com/images/I/715aSmSm1+L._SX450_.jpg","B0GL3FMWTB","Vyper Elevated Steel Max EZ-Lift Shop Chair with Backrest, Rolling Stool for Workbench Height, 400 lb Capacity, Industrial Casters, Adjustable Ergonomic Mechanic Seat - 24"" - 29.5"", Black Legs","Vyper Industrial","FBA","Automotive",72470,850066491560,"N/A",0850066491560,"N/A","Roller Seats",49,650,10,67,9,,43356.6,6009.51,2,5,"Vyper Industrial","USA",1,0,"N/A","Large bulky",24,24,9,41,1680,4200,"03/31/2026",2,7,3,33.35
"https://amazon.com/dp/B0GL36F1HF","https://m.media-amazon.com/images/I/41P7xzhrFtL._SX450_.jpg","B0GL36F1HF","Vyper Elevated Steel Max EZ-Lift Shop Chair with Backrest, Rolling Stool for Workbench Height, 400 lb Capacity, Industrial Casters, Adjustable Ergonomic Mechanic Seat - 24"" - 29.5"", Blue Legs","Vyper Industrial","FBA","Automotive",72484,850066491584,"N/A",0850066491584,"N/A","Roller Seats",49,650,256,67,28,,43356.6,18370.09,6,4.8,"Vyper Industrial","USA",1,0,"N/A","Large bulky",10,24.5,24.75,44.35,1965.1,4912.76,"03/31/2026",2,7,3,33.35
"https://amazon.com/dp/B0FQ4XLS9C","https://m.media-amazon.com/images/I/81EmBMNwSWL._SX450_.jpg","B0FQ4XLS9C","Cprnru 60''x28'' Rolling Creeper Mat with Storage Bag, Foldable Two-Layer Automotive Mechanic Repair Mat, Mechanic Creeper for Low Clearance, Special Roads, Long-Distance Trucks, Mechanics Pad, Black","Cprnru","FBA","Automotive",73039,"N/A","N/A","N/A","N/A","Creepers",46,23.99,-32,136,136,-26,3228.5,3227.04,23,4.3,"Suger-US","China",1,0,"N/A","Large Standard-Size",1.73,12.05,14.68,1.74,154.08,425.04,"11/30/2025",6,8,0,5.92
"https://amazon.com/dp/B0CT8VC887","https://m.media-amazon.com/images/I/61WVoHg6RCL._SX450_.jpg","B0CT8VC887","KROAK Creeper, 36 Inches 2 in 1 Z Creeper Seat 330 lbs Capacity Garage Chair Adjustable Rolling Folding Car Creeper with 6 pcs Wheels,Lay Down or Sit for Garage, Shop, Auto Repair Black","KROAK","FBM","Automotive",73041,659675162898,"N/A",0659675162898,"N/A","Creepers",51,49.99,168,93,47,61,5016.84,2375.67,320,4.3,"Hongnacom","China",1,4010,-38,"Large bulky",4.49,17.68,22.52,14.79,"N/A","N/A","11/30/2024",26,6,5,0.29
"https://amazon.com/dp/B0FXKRXMF1","https://m.media-amazon.com/images/I/71WZjR2A1iL._SX450_.jpg","B0FXKRXMF1","Torin 250lb Rolling Automotive Creeper Garage/Shop Seat: Padded Mechanic Stool with Tool Large Tray Suitable for garages, Repair Shops,Black","Torin","Amazon","Automotive",73918,810151428857,"N/A",0810151428857,"N/A","Creepers",47,31.04,-37,189,175,91,5489.82,4571.76,36,4.7,"Amazon","N/A",1,0,"N/A","Large bulky",15,15.5,5.7,11,"N/A","N/A","11/30/2025",7,6,2,5.24
"https://amazon.com/dp/B007QV0RMM","https://m.media-amazon.com/images/I/61EZHBoT44L._SX450_.jpg","B007QV0RMM","SUNEX TOOLS 8516 Hydraulic Shop Stool, High-Polished Chrome Finish, Hydraulic Seat Adjustment, Vinyl Padded Adjustable Seat and Backrest, Slip Resistant Feet, 250-Pound Capacity, Silver","Sunex Tools","Amazon","Automotive",74463,613364099353,00613364099353,0613364099353,"N/A","Roller Seats",46,68.22,-45,15,15,20,1091.11,1090.96,1656,4.3,"Amazon","N/A",6,534,-68,"Large bulky",6.3,18.7,24.8,20.85,"N/A","N/A","11/30/2024",169,7,1,0.01
"https://amazon.com/dp/B0BQJ58BMM","https://m.media-amazon.com/images/I/71Dyf6zAeKL._SX450_.jpg","B0BQJ58BMM","Durable Mechanic Stool Chair with Wheels, Heavy Duty Garage Shop Stool On Wheels, Rolling Stool Car Detailing Creeper Seat with Tool Tray for Workshop, Auto Repair Shop and Home","ROBLOCK","FBA","Automotive",74780,"N/A","N/A","N/A","N/A","Creepers",46,59.99,-29,70,70,115,4076.42,4076.31,168,4.5,"ROBLOCK","China",1,1236,-8,"Large bulky",7,14,23.5,9.85,746.34,1865.86,"11/30/2024",41,7,0,0.42
"https://amazon.com/dp/B0DT5QWHSC","https://m.media-amazon.com/images/I/61yGysDz-kL._SX450_.jpg","B0DT5QWHSC","DNA Motoring Rolling Shop Stool, Adjustable Height Padded Rolling Seat, Pneumatic Roller Mechanic Stool for Garages, w/Tool Storage Tray, 300lbs Capacity, TOOLS-00636-BK-BL","DNA MOTORING","Amazon","Automotive",75340,194286324247,"N/A",0194286324247,"N/A","Roller Seats",53,143.99,13,133,23,226,13015.7,2716.9,5,4,"Amazon","N/A",1,901,"N/A","Large bulky",9.5,22.4,23.1,21.15,"N/A","N/A","11/30/2025",16,7,9,26.66
"https://amazon.com/dp/B0C9P9HZZT","https://m.media-amazon.com/images/I/613UAGJnEyL._SX450_.jpg","B0C9P9HZZT","VIVOHOME Topside Automotive Engine Creeper, 400LBS Capacity Foldable Creeper with Adjustable Height from 46.1"" to 70.9"", Leather Cushion, and 4 Swivel Casters for Auto Maintenance","VIVOHOME","FBM","Automotive",76895,"N/A","N/A","N/A","N/A","Creepers",47,199.49,-4,78,78,-10,16281,16280.9,61,4.6,"VIVOHOME","USA",1,657,13,"Extra-large 50+ to 70 lb",6.5,24.6,50.8,67,"N/A","N/A","11/30/2024",31,7,0,1.28
"https://amazon.com/dp/B09SV1MCQL","https://m.media-amazon.com/images/I/61kGHr-DiOL._SX450_.jpg","B09SV1MCQL","WORKPRO 40-Inch Foldable Automotive Creeper, Heavy Duty Rolling Garage Mechanic Creeper, Padded Headrest, 4 Swivel Wheels, 350 lbs Capacity Car Creeper for Repair & Maintenance","WORKPRO","Amazon","Automotive",77010,820909775737,00820909775737,0820909775737,"N/A","Creepers",48,66.93,-2,40,40,-36,2176.39,2176.11,157,4.4,"Amazon","N/A",1,629,-44,"Large bulky",6.5,19,21,4.7,"N/A","N/A","11/30/2024",51,9,0,0.26
"https://amazon.com/dp/B0CYLPFZ7P","https://m.media-amazon.com/images/I/619p28yRaVL._SX450_.jpg","B0CYLPFZ7P","FLOLXNB Low Height Rolling Stool,Low Stool Chair with Back,Low Roller Seat Stool Chair,Rolling Stool for Home Office Garage Shop,M","FLOLXNB","FBA","Automotive",78000,"N/A","N/A","N/A","N/A","Roller Seats",50,43.99,6,71,56,-30,3190.2,2459.25,97,4.2,"XINLONG-Direct","China",1,1156,41,"Large bulky",7.83,14.57,15.12,8.6,559.01,1397.52,"03/31/2026",26,8,2,0.76
"https://amazon.com/dp/B007TMZD8Q","https://m.media-amazon.com/images/I/41AQTMPq57L._SX450_.jpg","B007TMZD8Q","Traxion 1-200 King Crawler Rolling Automotive Mechanic Creeper W/All-Terrain 5"" Casters,Black","Traxion","FBM","Automotive",78061,856213002009,00856213002009,0856213002009,"N/A","Creepers",49,115,-5,95,93,30,11054.98,10821.46,377,4.3,"Traxion Shop","USA",10,1326,-6,"Large bulky",5.5,16,38.5,19.1,"N/A","N/A","11/30/2024",199,2,2,0.25
"https://amazon.com/dp/B0D9QGQGVS","https://m.media-amazon.com/images/I/61skBOSuU8L._SX450_.jpg","B0D9QGQGVS","FreekyFit Adjustable Shop Stool,Garage Mechanic Stool Chair,Work Seat for Workshop, Adjustable Height, 360° Swivel Padded Square Seat,Tool Storage, 350 LBS Capacity, Heavy Duty, Black","FreekyFit","FBA","Automotive",78260,"N/A","N/A","N/A","N/A","Roller Seats",47,119.99,-15,245,99,149,29366.78,11922.05,158,4.4,"FreekyFit","China",1,2120,"N/A","Large bulky",7.75,14.85,23,22.85,857.83,2144.57,"11/30/2025",21,9,7,1.55
"https://amazon.com/dp/B0D9QF5LRB","https://m.media-amazon.com/images/I/61D5VR5P1ML._SX450_.jpg","B0D9QF5LRB","FreekyFit Adjustable Tall Shop Stool, Mechanic Garage Bar Stool Chair, Work Metal Chair for Workshop,360° Swivel Padded Seat, Tool Tray Storage, 350 LBS Capacity, Heavy Duty, Red","FreekyFit","FBA","Automotive",78327,"N/A","N/A","N/A","N/A","Roller Seats",47,119.99,-9,245,30,149,29366.78,3592.85,159,4.4,"FreekyFit","China",1,2120,"N/A","Large bulky",6.7,14.8,29.7,21.9,954.42,2386.04,"11/30/2025",21,8,7,1.56
"https://amazon.com/dp/B0D9QFDDCJ","https://m.media-amazon.com/images/I/61f3Knj88lL._SX450_.jpg","B0D9QFDDCJ","FreekyFit Adjustable Shop Stool,Garage Mechanic Stool Chair,Work Seat for Workshop, Adjustable Height, 360° Swivel Padded Square Seat,Tool Storage, 350 LBS Capacity, Heavy Duty, Blue","FreekyFit","FBA","Automotive",78327,"N/A","N/A","N/A","N/A","Roller Seats",47,119.99,-27,245,32,149,29366.78,3865.78,159,4.4,"FreekyFit","China",1,2120,"N/A","Large bulky",7.6,15,22.4,22.8,827.56,2068.89,"11/30/2025",21,9,7,1.56
"https://amazon.com/dp/B0DK34F2RH","https://m.media-amazon.com/images/I/61v5mxHSExL._SX450_.jpg","B0DK34F2RH","FreekyFit Adjustable Tall Shop Stool, Mechanic Garage Bar Stool Chair, Work Metal Chair for Workshop,360° Swivel Padded Seat, Tool Tray Storage, 350 LBS Capacity, Heavy Duty, Black","FreekyFit","FBA","Automotive",78339,"N/A","N/A","N/A","N/A","Roller Seats",47,119.99,-38,245,62,149,29366.78,7434.34,158,4.4,"FreekyFit","China",1,2120,"N/A","Large bulky",6.5,15,30.25,22.8,955.82,2389.54,"11/30/2025",21,8,7,1.55
"https://amazon.com/dp/B0D17TYDJC","https://m.media-amazon.com/images/I/61aROiyJCdL._SX450_.jpg","B0D17TYDJC","LWADALN Low Height Rolling Stool Roller Stool PU Leather Comfortable Seat 360°Swivel Rotating, Modern Rolling Chair for Home Office Garage Shop","LWADALN","FBA","Automotive",79529,"N/A","N/A","N/A","N/A","Roller Seats",49,39.99,-26,133,18,-36,5780.08,725.08,140,4.4,"WANLONGDA-Direct","China",1,1593,2,"Large bulky",8.9,13.6,13.6,6.8,533.47,1333.68,"04/30/2025",26,8,4,0.95
"https://amazon.com/dp/B0DG5WSKV8","https://m.media-amazon.com/images/I/61GK6bz+hxL._SX450_.jpg","B0DG5WSKV8","PowerSmart 360° Rolling Mechanic Stool with Tool Tray, Adjustable 18-23 Inches, 330 lbs Capacity, Comfortable & Durable for Garage/Shop Use","PowerSmart","Amazon","Automotive",80612,840432706787,"N/A",0840432706787,"N/A","Roller Seats",50,46,"N/A",10,10,,419.91,419.81,23,4.3,"Amazon","N/A",1,405,"N/A","Large bulky",6.5,14.8,15,12.7,"N/A","N/A","10/31/2025",38,7,0,0.43
"https://amazon.com/dp/B0BM8P783F","https://m.media-amazon.com/images/I/71SzwBjrlkL._SX450_.jpg","B0BM8P783F","DNA Motoring TOOLS-00252 Removable Rolling Garage Stool with Seat Cushion & Tool Tray Plate,300lbs Max Weight Capacity","DNA MOTORING","Amazon","Automotive",80680,194286149048,"N/A",0194286149048,"N/A","Roller Seats",52,52.99,4,59,31,-29,3225.38,1703.93,137,4.5,"Amazon","N/A",1,0,"N/A","Large Standard-Size",5.12,11.65,17.64,14.36,"N/A","N/A","03/31/2026",42,7,5,0.43
"https://amazon.com/dp/B0GC4VXGMV","https://m.media-amazon.com/images/I/41x+m2NE3FL._SX450_.jpg","B0GC4VXGMV","superokay Low Profile Mechanic Creeper, 40-Inch Rolling Car Creeper with Padded Headrest, 350 lbs Capacity Shop Creeper, 6 Swivel Casters & Dual Tool Trays, Heavy Duty Garage Creeper for Auto Repair","superokay","FBA","Automotive",80969,739630383626,"N/A",0739630383626,"N/A","Creepers",48,46.99,-36,21,21,,1008.59,1008.49,1,4,"SUPEROKAY","N/A",1,0,"N/A","Large bulky",3.2,19.75,40.75,11.6,834.62,2086.55,"03/31/2026",2,8,0,21.47
"https://amazon.com/dp/B0GDDH7S55","https://m.media-amazon.com/images/I/51RxB5zwmhL._SX450_.jpg","B0GDDH7S55","HYDRAULIC PRO 42"" Mechanic Creeper with 6 Swivel Casters, Ergonomic Car Creeper with 2 Soft Pads, 350LBS Capacity Low-Profile Design & 2 Tool Trays for Automotive and Garage Repair","HYDRAULIC PRO","FBA","Automotive",81034,"N/A","N/A","N/A","N/A","Creepers",49,129.97,-40,84,52,,10654.42,6685.38,6,4.5,"Hydraulic Pro US","China",1,0,"N/A","Large bulky",4.17,21.89,42.36,15.04,1254.11,3135.28,"04/30/2026",2,7,2,14.05
"https://amazon.com/dp/B0DP4DY5N2","https://m.media-amazon.com/images/I/61DKFtbiHOL._SX450_.jpg","B0DP4DY5N2","HYDRAULIC PRO 41"" Foldable Mechanic Creeper with 6 Swivel Wheels, Low Profile Design with Padded Headrest & Tool Trays, 330 lbs Capacity, Creepers Automotive for Garage Repair","HYDRAULIC PRO","FBA","Automotive",81056,"N/A","N/A","N/A","N/A","Creepers",49,125.99,-40,58,25,,7243.05,3112.3,14,5,"Hydraulic Pro US","China",1,0,"N/A","Large bulky",7,24.25,25,22.95,1375.29,3438.22,"04/30/2026",18,8,2,4.82
"https://amazon.com/dp/B0CYGGTWNN","https://m.media-amazon.com/images/I/61QRXT8ncHL._SX450_.jpg","B0CYGGTWNN","Northern Tool Heavy Duty Shop Stool with Backrest - 300-Lb. Capacity Swivel Garage and Workshop Stool, Durable Steel Frame","Northern Tool & Equipment","FBM","Automotive",81380,840321704474,"N/A",0840321704474,"N/A","Roller Seats",51,89.99,-14,8,87,,744.38,7839.02,30,4.5,"Northern Tool + Equipment","N/A",1,8,-97,"Large bulky",29,21,5,19.2,"N/A","N/A","11/30/2024",20,5,0,0.28
"https://amazon.com/dp/B0D2CS9N9G","https://m.media-amazon.com/images/I/71nYqRCykdL._SX450_.jpg","B0D2CS9N9G","LWADALN Low Height Rolling Stool Low Roller Stool PU Leather Comfortable Chair, Modern Low Rolling Stool for Home Office Garage Shop","LWADALN","FBA","Automotive",83644,"N/A","N/A","N/A","N/A","Roller Seats",53,38.99,-22,133,40,-36,5780.08,1527.55,140,4.4,"WANLONGDA-Direct","China",1,1593,2,"Large bulky",8.31,13.5,14.06,6.31,511.17,1277.92,"04/30/2025",25,8,4,0.95
"https://amazon.com/dp/B0H14NSN1R","https://m.media-amazon.com/images/I/61EDA0tnm-L._SX450_.jpg","B0H14NSN1R","KROAK Creeper, 40 Inches 4 in 1 Z Creeper Seat 2025 Upgraded 450 lbs Capacity Garage Chair Adjustable Rolling Folding Car Creeper with 6 pcs 3"" Wheels,Lay Down or Sit for Garage, Auto, Shop Repair","KROAK","-","Automotive",84750,"N/A","N/A","N/A","N/A","Creepers",53,69.99,"N/A",93,10,61,5016.84,678.19,"N/A","N/A",,"N/A",1,4010,-38,"N/A","N/A","N/A","N/A","N/A","N/A","N/A","11/30/2024",0,"N/A",5,"N/A"
"https://amazon.com/dp/B0G6SNHWM9","https://m.media-amazon.com/images/I/61nA5xH-EpL._SX450_.jpg","B0G6SNHWM9","KROAK Creeper, 40 Inches 2 in 1 Z Creeper Seat 330 lbs Capacity Garage Chair Adjustable Rolling Folding Car Creeper with 6 pcs Wheels,Lay Down or Sit for Garage, Shop, Auto Repair Black","KROAK","FBM","Automotive",84792,"N/A","N/A","N/A","N/A","Creepers",53,54.99,"N/A",93,29,61,5016.84,1524.2,321,4.3,"Hongnacom","China",2,4010,-38,"N/A","N/A","N/A","N/A","N/A","N/A","N/A","11/30/2024",5,6,5,0.28
"https://amazon.com/dp/B0D83VFR1G","https://m.media-amazon.com/images/I/61F8wobuDLL._SX450_.jpg","B0D83VFR1G","DNA Motoring Rolling Padded Seat Adjustable Height Seat 330lbs Capacity Rolling Mechanic Creeper Stool, W/Tool Storage Drawer & Tray, Black, TOOLS-00600","DNA MOTORING","Amazon","Automotive",85023,194286219932,00194286219932,0194286219932,"N/A","Roller Seats",55,93.79,-33,133,29,226,13015.7,2671.04,8,3,"Amazon","N/A",1,901,"N/A","Large bulky",10.4,16.5,17,17.8,"N/A","N/A","11/30/2025",23,7,9,16.66
"https://amazon.com/dp/B0D83R18P6","https://m.media-amazon.com/images/I/61IdeG59iHL._SX450_.jpg","B0D83R18P6","DNA Motoring Rolling Padded Seat Adjustable Height Seat 330lbs Capacity Rolling Mechanic Creeper Stool, W/Tool Storage Drawer & Tray, Black/Yellow,TOOLS-00599","DNA MOTORING","Amazon","Automotive",85032,194286219949,"N/A",0194286219949,"N/A","Creepers",195,101.71,-29,133,23,226,13015.7,2354.5,47,4.3,"Amazon","N/A",1,901,"N/A","Large bulky",15.5,16.5,16.5,22,"N/A","N/A","11/30/2025",23,6,9,2.84
"https://amazon.com/dp/B0CP4JXBHQ","https://m.media-amazon.com/images/I/71jz0Ebp8nL._SX450_.jpg","B0CP4JXBHQ","Powerbuilt Big Wheel Creeper, Overlanding, Off Road Wheels, Adjustable Head Rest - 642955ECE","Powerbuilt","Amazon","Automotive",85452,028907604381,"N/A",0028907604381,"N/A","Creepers",53,279.97,-10,76,47,-21,17160.29,13098.23,6,5,"Amazon","N/A",3,0,"N/A","Extra-large 70+ to 150 lb",9,29.5,41.5,51,"N/A","N/A","11/30/2025",29,9,2,12.64
"https://amazon.com/dp/B0BHMHT2V9","https://m.media-amazon.com/images/I/71VP-xxFzrL._SX450_.jpg","B0BHMHT2V9","Powerbuilt 3-in-1 Under Dash Creeper, Knee Pad, Roll Laying Down or Upright Inside of Car or Truck, Padding, Easy Fold Garage Storage - 941893ECE","Powerbuilt","Amazon","Automotive",85532,028907596136,"N/A",0028907596136,"N/A","Creepers",53,139.92,-22,76,29,-21,17160.29,4061.52,91,4.4,"Amazon","N/A",4,0,"N/A","Large bulky",4.25,16.5,44.5,27.25,"N/A","N/A","11/30/2025",44,9,2,0.83
"https://amazon.com/dp/B0DLVSMWYD","https://m.media-amazon.com/images/I/61xssgPMtIL._SX450_.jpg","B0DLVSMWYD","J-Rod Innovations 40"" Mechanics Creeper Z fold with Side Tool Tray, 3 in 1 Low Profile,7pc-2.5"" (360°) Swivel castors, Heavy Duty 450lb Laying Capacity 300lbs Seated, Home and Garage,","J-Rod Innovations","FBA","Automotive",86509,"N/A",00860013041106,"N/A","N/A","Creepers",54,65.99,12,49,49,-47,3263.88,3263.23,67,3.8,"JaRod","Canada",1,1103,"N/A","Large bulky",4.92,16.93,26.57,18.74,717.51,1793.76,"12/31/2025",19,9,0,0.76
"https://amazon.com/dp/B00863OHZW","https://m.media-amazon.com/images/I/71SzfKb1+DL._SX450_.jpg","B00863OHZW","Traxion 2-230 Monster Rolling Padded Mechanic Stool Seat Garage Shop Roller Work Chair with Wheels and Tool Tray, Heavy-Duty 400-lb Capacity, All-Terrain 5"" Casters, Black Red","Traxion","Amazon","Automotive",86621,856213002597,00856213002597,5694411174310,"N/A","Roller Seats",52,132.07,-34,111,111,206,15437.24,15437.01,967,4.4,"Amazon","N/A",27,1000,"N/A","Large bulky",10.24,22.05,22.44,21.78,"N/A","N/A","09/30/2024",168,8,0,0.11
"https://amazon.com/dp/B0BG2NTD3J","https://m.media-amazon.com/images/I/51Re82e2RiL._SX450_.jpg","B0BG2NTD3J","WKWKER Modern Roller Seat PU Leather Low Round Rolling Stool 360° Swivel Small Low Seat with Universal Caster Wheels Foot Stool for Home Office Garage Shop Fitness Sport H：12.4"" （White）","WKWKER","FBA","Automotive",87455,810084101797,00810084101797,0810084101797,"N/A","Roller Seats",53,33.99,-19,131,44,21,4460.8,1516.99,381,4.5,"COFSH","China",1,1565,-20,"Large Standard-Size",7.72,13.15,13.86,5.73,707.98,1953.04,"12/31/2024",44,7,3,0.34
"https://amazon.com/dp/B0BG2NN3NS","https://m.media-amazon.com/images/I/51I2Vre9X8L._SX450_.jpg","B0BG2NN3NS","WKWKER Modern Roller Seat PU Leather Low Round Rolling Stool 360° Swivel Small Office Ottoman with Universal Wheels Foot Stool for Home Office Garage Shop Fitness Sport H：12.4"" （Pink）","WKWKER","FBA","Automotive",87468,"N/A",00810084101803,"N/A","N/A","Roller Seats",53,33.99,-22,131,50,21,4460.8,1705.27,383,4.5,"COFSH","China",1,1565,-20,"Large Standard-Size",7.68,13.23,14.17,5.82,724.69,1999.14,"12/31/2024",44,7,3,0.34
"https://amazon.com/dp/B08WR3MRXW","https://m.media-amazon.com/images/I/61nwZKk7K-L._SX450_.jpg","B08WR3MRXW","JEGS 81153 Under Dash Creeper Length: 40 in. Capacity: 300 lb. Height Adjustable","JEGS","FBM","Automotive",88138,889944137115,"N/A",0889944137115,"N/A","Creepers",58,51.99,"N/A",39,39,194,2133.98,2133.86,87,4.5,"JEGS","USA",1,495,9,"Large bulky",41,16,5,15,"N/A","N/A","07/31/2024",63,6,0,0.45
"https://amazon.com/dp/B0CGLCM17N","https://m.media-amazon.com/images/I/61R7SvrKe4L._SX450_.jpg","B0CGLCM17N","Torin 36"" Rolling Foldable Car Creeper Automotive Creeper, 2-in-1 Garage Shop Creeper for Auto Repair, 300 Lbs Capacity, Red,TAM6505RB","Torin","Amazon","Automotive",88570,810104646321,"N/A",0810104646321,"N/A","Creepers",55,50.99,37,162,97,-107,9924.49,4922.79,20,3.9,"Amazon","N/A",1,15946,26,"Large bulky",4,17.6,37.1,19.85,"N/A","N/A","11/30/2024",32,7,4,8.11
"https://amazon.com/dp/B0DZXGRKRH","https://m.media-amazon.com/images/I/71teJXGr+xL._SX450_.jpg","B0DZXGRKRH","Big RED Torin 260lbs Red Rolling Automotive Creeper Garage/Shop Seat: Padded Mechanic Stool with Tool Large Tray for garages, Repair Shops","BIG RED","Amazon","Automotive",89570,810151426877,"N/A",0810151426877,"N/A","Creepers",56,39.99,-30,96,19,-17,4546.41,747.32,2,5,"Amazon","N/A",1,1653,-93,"Large Standard-Size",12,12,6,10.37,"N/A","N/A","11/30/2024",14,1,6,48.25
"https://amazon.com/dp/B0CJCKT5F1","https://m.media-amazon.com/images/I/71qQOKKszzL._SX450_.jpg","B0CJCKT5F1","FLOLXNB Low Stool with Back, Low Height Rolling Chair, Low Stool with Wheels for Garage Shop Home Office,L","FLOLXNB","FBA","Automotive",91218,"N/A","N/A","N/A","N/A","Roller Seats",54,47.99,-27,71,15,-30,3190.2,730.69,97,4.2,"XINLONG-Direct","China",1,1156,41,"Large bulky",11,15,16,8.83,855.56,2138.89,"03/31/2026",32,8,2,0.74
"https://amazon.com/dp/B000N32048","https://m.media-amazon.com/images/I/61JKeXd-pSL._SX450_.jpg","B000N32048","Performance Tool W85005 40-Inch 6-Caster Rolling Shop Creeper with Adjustable Cushioned Headrest","Performance Tool","Amazon","Automotive",91925,039564850059,00039564850059,0039564850059,"N/A","Creepers",56,56.95,-20,67,67,-79,3774.85,3774.62,1190,4.5,"Amazon","N/A",64,1829,"N/A","Large bulky",3.2,17.4,41.4,16.65,"N/A","N/A","11/30/2024",260,9,0,0.06
"https://amazon.com/dp/B0D3D7593F","https://m.media-amazon.com/images/I/61jVh4N2DaL._SX450_.jpg","B0D3D7593F","Big RED ATW4015ZR Torin ，40"" Foldable Z-Creeper Seat，2-in-1 Garage/Shop Creeper，330 lbs Capacity，Low Profile Creeper with 6 pcs Wheels for Auto Repair，Garage and Shop，Lay Down or Sit，Red","BIG RED","Amazon","Automotive",92537,810151425689,00810151425689,0810151425689,"N/A","Creepers",57,51.85,-14,96,36,-17,4546.41,1884.29,102,3.9,"Amazon","N/A",1,1653,-93,"Large bulky",5,17,26.5,17.6,"N/A","N/A","11/30/2024",25,7,6,0.98
"https://amazon.com/dp/B0DLCKDQS7","https://m.media-amazon.com/images/I/51B3dDO521L._SX450_.jpg","B0DLCKDQS7","Big RED Torin Blow Molded Plastic Rolling Garage/Shop Creeper: 40"" Mechanic Cart with Padded Headrest, Dual Tool Trays and 6 Casters, Red","BIG RED","Amazon","Automotive",92537,810151423753,"N/A",0810151423753,"N/A","Creepers",57,55.99,-3,96,4,-17,4546.41,240.77,4,4.4,"Amazon","N/A",1,1653,-93,"Large bulky",3.4,19.4,41.4,12.85,"N/A","N/A","11/30/2024",203,6,6,24.12
"https://amazon.com/dp/B0875WZT9R","https://m.media-amazon.com/images/I/41ZEEmpUjjL._SX450_.jpg","B0875WZT9R","BIG RED 2-Piece Rolling Garage/Shop Creeper: 36"" Padded Mechanic Cart with Headrest and 6 Casters, Red","BIG RED","Amazon","Automotive",92540,810151423722,00810151423722,0810151423722,"N/A","Creepers",57,38.72,-20,96,20,-17,4546.41,792.56,351,4.4,"Amazon","N/A",1,1653,-93,"Large bulky",6.5,16.14,23.23,13.18,"N/A","N/A","11/30/2024",73,8,6,0.28
"https://amazon.com/dp/B0CGL8MZKR","https://m.media-amazon.com/images/I/61+uwfjuEsL._SX450_.jpg","B0CGL8MZKR","Big RED 36"" Rolling Foldable Automotive Creeper, Car Creeper, 2-in-1 Garage Shop Creeper for Auto Repair, 300 Lbs Capacity, Black, TAM6505BR Torin","BIG RED","Amazon","Automotive",92552,810104646345,"N/A",0810104646345,"N/A","Creepers",57,55.86,"N/A",96,6,-17,4546.41,338.92,38,4.3,"Amazon","N/A",1,1653,-93,"Large bulky",4.5,18.11,37.48,19.49,"N/A","N/A","11/30/2024",32,6,6,2.54
"https://amazon.com/dp/B0GJS4QLXJ","https://m.media-amazon.com/images/I/71PSpybwK7L._SX450_.jpg","B0GJS4QLXJ","VANCUS Mechanic Stool with Wheels, Rolling Pneumatic Creeper Garage Shop Seat, Adjustable Height Roller Mechanics Chair with Tool Tray for Workshop Auto Repair, Red","VANCUS","FBA","Automotive",93611,756709173476,"N/A",0756709173476,"N/A","Roller Seats",56,32.99,-49,116,43,,3813.71,1421.48,12,4.1,"VANCUS-US","China",1,0,"N/A","Large bulky",3.8,15.2,15.3,9.45,286.39,715.98,"04/30/2026",0,9,2,12.88
"https://amazon.com/dp/B0CNY4N17F","https://m.media-amazon.com/images/I/61WcNvgUguL._SX450_.jpg","B0CNY4N17F","MAXWORKS 50873 2 in 1 Mechanic Creeper 36 inch Z-Creeper Seat 300 lbs Capacity Low Profile Creeper with 6 pcs Casters for Garage Shop Auto Repair","MaxWorks","Amazon","Automotive",95734,812351038737,"N/A",0812351038737,"N/A","Creepers",56,42.99,-15,49,49,-94,2117.11,2117,60,4.2,"Amazon","N/A",1,2205,"N/A","Large bulky",3.5,17.75,22.75,13.27,"N/A","N/A","06/30/2025",30,8,1,0.82
"https://amazon.com/dp/B07G54R2H1","https://m.media-amazon.com/images/I/61bRL1X8kPL._SX450_.jpg","B07G54R2H1","WINTOOLS Low Profile Red 40 Inch Creeper Garage Plastic Rolling Car Repair Mechanic Cart","WINTOOLS","FBA","Automotive",96827,"N/A","N/A",7752987730274,"N/A","Creepers",60,39.79,-9,84,84,55,3355.85,3355.73,139,4.6,"Tools-Supply","China",2,1114,87,"Large bulky",4,19.8,40.9,12.9,1049.77,2624.42,"05/31/2024",94,6,0,0.62
"https://amazon.com/dp/B0F2H56W27","https://m.media-amazon.com/images/I/31ojWPracEL._SX450_.jpg","B0F2H56W27","VEVOR Shop Stool with Backrest, Pneumatic Garage Seat/Work Stool with 300 lbs Capacity, Adjustable Height Roller Creeper Seat, 360° Swivel Padded, for Garage, Shop & Auto Repair, Black","VEVOR","Amazon","Automotive",98884,197988506249,"N/A",0197988506249,"N/A","Body Repair Tools",1283,77.9,-23,82,44,,5714.81,3449.7,11,4.5,"Amazon","N/A",3,0,"N/A","Extra-large 70+ to 150 lb",18.9,18.9,40.55,14.99,"N/A","N/A","04/30/2026",14,12,2,7.46
"https://amazon.com/dp/B0F52YHWP7","https://m.media-amazon.com/images/I/61CIz3iPZ5L._SX450_.jpg","B0F52YHWP7","VEVOR Shop Stool with Backrest, Pneumatic Height Adjustable Garage Seat, 300 lbs Load, Roller Creeper Seat, 360 Swivel Padded Workshop Stool, Black","VEVOR","Amazon","Automotive",99282,197988509998,"N/A",0197988509998,"N/A","Roller Seats",58,59.9,-30,82,38,,5714.81,2264.89,26,4,"Amazon","N/A",3,0,"N/A","Large bulky",18.11,7.68,17.52,12.35,"N/A","N/A","04/30/2026",13,12,2,3.16
"https://amazon.com/dp/B007JYYPO2","https://m.media-amazon.com/images/I/31PeaBn8d1S._SX450_.jpg","B007JYYPO2","Traxion 1-100 ProGear Wide Body Low Profile Automotive Creeper W/All-Terrain 5"" Casters , Black","Traxion","Amazon","Automotive",99295,856213002443,00856213002443,0856213002443,"N/A","Creepers",61,125,-24,53,53,36,6578.02,6577.94,716,4.4,"Amazon","N/A",14,1063,-3,"Large bulky",4.6,18,38.3,21.3,"N/A","N/A","10/31/2025",136,7,0,0.07
"https://amazon.com/dp/B0GJRLTZ8Z","https://m.media-amazon.com/images/I/61nAWR8yomL._SX450_.jpg","B0GJRLTZ8Z","Auto Dynasty Rolling Mechanic Stool, 250 LBS Capacity Rolling Creeper Garage/Shop Seat, Padded Shop Stool with Tool Tray Storage for Garage, Workshop, Auto Repair (Black)","Auto Dynasty","FBA","Automotive",99515,"N/A","N/A","N/A","N/A","Roller Seats",59,36.45,-35,58,58,135,1629.48,1629.35,20,4.6,"Auto Dynasty","USA",1,0,"N/A","Large bulky",14.8,15.43,4.65,9.04,344.13,860.33,"04/30/2026",4,8,0,2.89
"https://amazon.com/dp/B0F9WTXG1N","https://m.media-amazon.com/images/I/71ZZSjcqzsL._SX450_.jpg","B0F9WTXG1N","Nilight 36"" Z Creeper - 2-in-1 Rolling Folding Car Seat, 36 inches Adjustable Roller Garage Chair Lay Down or Sit, 330LBS Capacity, Green Black","Nilight","Amazon","Automotive",99647,840323928908,"N/A",0840323928908,"N/A","Creepers",68,55.99,1,68,28,54,3972.18,1544.64,108,3.9,"Amazon","N/A",1,0,"N/A","Large bulky",5,18.9,22.4,12.5,"N/A","N/A","11/30/2025",12,8,3,0.68
"https://amazon.com/dp/B0F9WSQFQD","https://m.media-amazon.com/images/I/71IpnhrmpDL._SX450_.jpg","B0F9WSQFQD","Nilight 40"" Z Creeper - 2-in-1 Folding Rolling Mechanic Seat, 40 inches Adjustable Lay-Down or Sit Garage Chair, 330 lbs Capacity, Red Black","Nilight","Amazon","Automotive",99650,840323928922,"N/A",0840323928922,"N/A","Creepers",68,62.98,-28,68,13,54,3972.18,890.01,108,3.9,"Amazon","N/A",1,0,"N/A","Large bulky",4.7,17,26.3,18.05,"N/A","N/A","11/30/2025",12,8,3,0.67
"https://amazon.com/dp/B08NWJ4D57","https://m.media-amazon.com/images/I/71OTUB8-vfL._SX450_.jpg","B08NWJ4D57","OEMTOOLS 24986 Heavy-Duty Rolling Workbench and Creeper Seat, Mechanics Stool with Wheels, Creepers, Shop Stools with Wheels, Automotive, Green and Black 300 LB Capacity","OEMTOOLS","FBA","Automotive",99854,076812249869,"N/A",0076812249869,"N/A","Creepers",62,59.99,-15,49,49,-53,2913.65,2913.55,446,4.6,"Mobile Distributor Supply","USA",1,639,27,"Large bulky",10.75,10.85,23.25,13.8,878.83,2197.08,"10/31/2025",66,9,0,0.11
"https://amazon.com/dp/B0GJRM9D74","https://m.media-amazon.com/images/I/71C3FckWTTL._SX450_.jpg","B0GJRM9D74","VANCUS Mechanic Stool with Wheels, Rolling Pneumatic Creeper Garage Shop Seat, Adjustable Height Roller Mechanics Chair with Tool Tray for Workshop Auto Repair, Black","VANCUS","FBA","Automotive",100548,756709173452,"N/A",0756709173452,"N/A","Roller Seats",57,32.99,115,116,73,,3813.71,2391.96,9,4.1,"VANCUS-US","China",1,0,"N/A","Large bulky",4.21,15.47,16.73,9.92,353.11,882.78,"04/30/2026",0,9,2,12.88
"https://amazon.com/dp/B0G3PPZFM6","https://m.media-amazon.com/images/I/61Biav64cGL._SX450_.jpg","B0G3PPZFM6","LWADALN Garage Mechanic Stool Chair, Rolling Workshop Stool with Tool Tray Storage, Height Adjustable Heavy Duty Swivel Task Chair, Mechanic Chair for Garage, Shop, Auto Repair (Style 2)","LWADALN","FBA","Automotive",101182,"N/A","N/A","N/A","N/A","Roller Seats",60,69.99,-34,64,64,,4582.3,4581.57,19,4.2,"WANLONGDA-Direct","China",1,0,"N/A","Large bulky",10.59,14.8,15.04,16.27,763.92,1909.81,"04/30/2026",6,9,0,6.41
"https://amazon.com/dp/B09SR82NLT","https://m.media-amazon.com/images/I/51JTM0SQ3bL._SX450_.jpg","B09SR82NLT","Pro-Lift Mechanic Plastic Creeper 36 Inch - Blow Molded Ergonomic HDPE Body with Padded Headrest - 300 Lbs Capacity Orange","Pro-LifT","Amazon","Automotive",102695,652597476869,"N/A",0652597476869,"N/A","Creepers",69,54.99,-47,62,12,-48,2757.12,682.51,1888,4.6,"Amazon","N/A",2,2857,-13,"Large bulky",2.6,17.2,39.6,9.75,"N/A","N/A","10/31/2024",51,4,2,0.03
"https://amazon.com/dp/B07344KYKM","https://m.media-amazon.com/images/I/71pzSokJqdL._SX450_.jpg","B07344KYKM","Pro Lift Mechanic Plastic Creeper 36 Inch - Blow Molded Ergonomic HDPE Body with Padded Headrest - 300 Lbs Capacity Red","Pro-LifT","Amazon","Automotive",102698,652597531919,00652597531919,0652597531919,"N/A","Creepers",69,37.84,9,62,50,-48,2757.12,2074.3,1889,4.6,"Amazon","N/A",3,2857,-13,"Large bulky",4,17,40,9.55,"N/A","N/A","10/31/2024",107,6,2,0.03
"https://amazon.com/dp/B08W8H3PRK","https://m.media-amazon.com/images/I/91EKI7Wse9L._SX450_.jpg","B08W8H3PRK","Dayton Home Office/Garden Rolling Seat (Cashmere) Pneumatic, Short Stool with Adjustable Height 13""-15"", Perfect for Home Office, Gardening, Garage Mechanic, School and Lab","MAYAKOBA","FBM","Automotive",103123,"N/A","N/A",9612197419698,"N/A","Roller Seats",62,99.99,-28,76,5,88,7261.93,542.93,601,4.4,"Madison & Park","USA",1,1098,-38,"Large bulky",18,19,9,18,"N/A","N/A","12/31/2024",63,5,8,0.13
"https://amazon.com/dp/B08W9LLLVC","https://m.media-amazon.com/images/I/510PYxkWULL._SX450_.jpg","B08W9LLLVC","Dayton Home Office/Garden Rolling Seat (Burgundy) Pneumatic, Short Stool with Adjustable Height 13""-15"", Perfect for Home Office, Gardening, Garage Mechanic, School and Lab","MAYAKOBA","FBM","Automotive",103123,"N/A","N/A",9612197419681,"N/A","Roller Seats",62,87.99,-24,76,8,88,7261.93,672.76,599,4.4,"Madison & Park","USA",1,1098,-38,"Large bulky",18,19,9,18,"N/A","N/A","12/31/2024",63,9,8,0.13
"https://amazon.com/dp/B08W9XHQPX","https://m.media-amazon.com/images/I/51sFXNhm96L._SX450_.jpg","B08W9XHQPX","MAYAKOBA Dayton Rolling Stool with Backrest – Red Pneumatic Seat, Adjustable Height 13""-15"", Ergonomic Design for Home Office, Garage, Gardening, Lab, School, Mechanic Tasks","MAYAKOBA","FBM","Automotive",103215,"N/A","N/A",9612197419636,"N/A","Roller Seats",62,82.99,12,76,10,88,7261.93,835.46,599,4.4,"Madison & Park","USA",1,1098,-38,"Large bulky",18,19,9,18,"N/A","N/A","12/31/2024",64,8,8,0.13
"https://amazon.com/dp/B08W9WG8Z3","https://m.media-amazon.com/images/I/51w7qPRXUaL._SX450_.jpg","B08W9WG8Z3","MAYAKOBA Dayton Rolling Stool with Backrest – Storm Gray Pneumatic Seat, Adjustable Height 13""-15"", Ergonomic Design for Home Office, Garage, Gardening, Lab, School, Mechanic Tasks","MAYAKOBA","FBM","Automotive",103230,"N/A","N/A",9612197419643,"N/A","Roller Seats",62,99.99,-1,76,33,88,7261.93,3290.7,599,4.4,"Madison & Park","USA",1,1098,-38,"Large bulky",18,19,9,18,"N/A","N/A","12/31/2024",64,8,8,0.13
"https://amazon.com/dp/B0B7KLF3S2","https://m.media-amazon.com/images/I/51XT3xyA9NL._SX450_.jpg","B0B7KLF3S2","MAYAKOBA Dayton Garage Rolling Seat (Black Upgrade Casters) Pneumatic, Short Stool with Adjustable Height 13""-15"", Perfect for Garage Task, Home Cleaning, Bathroom Short Seat, Technician Task","MAYAKOBA","FBM","Automotive",103247,"N/A","N/A",9612197423718,"N/A","Roller Seats",62,107.99,314,76,3,88,7261.93,276.4,601,4.4,"Madison & Park","USA",2,1098,-38,"Large bulky",19,9,18,18,"N/A","N/A","12/31/2024",46,5,8,0.13
"https://amazon.com/dp/B09J89Y9F4","https://m.media-amazon.com/images/I/61UASP1FR-L._SX450_.jpg","B09J89Y9F4","BESTOOL 40 Inches Mechanic's Creeper, Heavy-Duty Garage Creeper with HQ&Durable Casters, 350LBS Capacity Low-Profile Design, LED Working Lights,Red","BESTOOL PROFESSIONAL GARAGE TOOLS & EQUIPMENT","FBA","Automotive",103662,771077026155,"N/A",0771077026155,"N/A","Creepers",66,79.97,-29,199,69,,20273.41,5507.01,88,4.3,"BESTOOL GARAGE EQUIPMENT","China",1,0,"N/A","Large bulky",3.5,19.5,45.15,15.85,998.63,2496.58,"04/30/2026",54,9,4,2.26
"https://amazon.com/dp/B09J82B9YN","https://m.media-amazon.com/images/I/61yaD0YKuCL._SX450_.jpg","B09J82B9YN","Mechanic's Creeper, 40"" Heavy-Duty Creepers with Magnetic Tray, High Quality&Durable Casters, Garage Repair 350LBS Capacity, Low Profile Design, Red","BESTOOL PROFESSIONAL GARAGE TOOLS & EQUIPMENT","FBA","Automotive",103666,771077026162,"N/A",0771077026162,"N/A","Creepers",66,79.97,-18,199,22,,20273.41,1796.52,55,4.2,"BESTOOL GARAGE EQUIPMENT","China",1,0,"N/A","Large bulky",4,19.6,45.4,16.9,1153.5,2883.74,"04/30/2026",54,9,4,3.61
"https://amazon.com/dp/B0BHNGY84M","https://m.media-amazon.com/images/I/51P6n-duhdL._SX450_.jpg","B0BHNGY84M","BESTOOL Mechanic's Creeper, 44inch Garage Creeper, 6 Sturdy Casters, Metal Frame Floor Creeper, 450LBS Capacity, Low Profile Design, Headrest,Red","BESTOOL PROFESSIONAL GARAGE TOOLS & EQUIPMENT","FBM","Automotive",103761,768481981323,"N/A",0768481981323,"N/A","Creepers",66,125.97,-27,205,110,,20940.26,13364.49,59,4.3,"BESTOOL GARAGE EQUIPMENT","China",1,0,"N/A","Large bulky",4.2,21.5,45.1,27.85,"N/A","N/A","04/30/2026",41,9,4,3.48
"https://amazon.com/dp/B0FKMXJJHM","https://m.media-amazon.com/images/I/515qRMZZcVL._SX450_.jpg","B0FKMXJJHM","FLOLXNB Low Height Rolling Stool Low Roller Seat PU Leather Square Roller Seat Stool Low Rolling Chair for Home Office Fitness Garage (Black)","FLOLXNB","FBA","Automotive",104207,"N/A","N/A","N/A","N/A","Roller Seats",61,24.99,-57,28,10,-60,714.91,249.83,26,3.6,"XINLONG-Direct","China",1,0,"N/A","Large Standard-Size",6.26,13.23,13.35,5.25,556.66,1535.62,"12/31/2025",10,8,3,1.07
"https://amazon.com/dp/B0FKMQ18D5","https://m.media-amazon.com/images/I/51gzSUOTxbL._SX450_.jpg","B0FKMQ18D5","FLOLXNB Low Height Rolling Stool Low Roller Seat PU Leather Square Roller Seat Stool Low Rolling Chair for Home Office Fitness Garage (Pink)","FLOLXNB","FBA","Automotive",104210,"N/A","N/A","N/A","N/A","Roller Seats",61,25.99,-30,28,5,-60,714.91,118.89,26,3.6,"XINLONG-Direct","China",1,0,"N/A","Large Standard-Size",5.51,13.23,13.86,4.85,508.69,1403.27,"12/31/2025",10,8,3,1.07
"https://amazon.com/dp/B0FKMXKCZC","https://m.media-amazon.com/images/I/319sVlvwRGL._SX450_.jpg","B0FKMXKCZC","FLOLXNB Low Height Rolling Stool Low Roller Seat PU Leather Square Roller Seat Stool Low Rolling Chair for Home Office Fitness Garage (Blue)","FLOLXNB","FBA","Automotive",104214,"N/A","N/A","N/A","N/A","Roller Seats",61,25.99,-19,28,13,-60,714.91,345.65,27,3.4,"XINLONG-Direct","China",1,0,"N/A","Large Standard-Size",6.42,9.13,13.15,5.11,388.06,1070.5,"12/31/2025",10,8,3,1.03
"https://amazon.com/dp/B0CCDS5NYQ","https://m.media-amazon.com/images/I/81AsFcaB-dL._SX450_.jpg","B0CCDS5NYQ","YITAHOME Mechanic Stool 330 LBS with Wheels, Heavy Duty Rolling Mechanics Seat, Rolling Tool Seat for Automotive Auto Repair, w/Fabric-Covered Sponge, Black Red","YITAHOME","Amazon","Automotive",104448,840332337081,"N/A",0840332337081,"N/A","Roller Seats",63,59.98,-3,62,62,1,3439.07,3438.34,193,4.4,"Amazon","N/A",1,1855,"N/A","Large bulky",10.52,12.25,23,13.15,"N/A","N/A","11/30/2025",31,7,2,0.32
"https://amazon.com/dp/B0FND69PVR","https://m.media-amazon.com/images/I/61-Yk7+wpXL._SX450_.jpg","B0FND69PVR","QVFHL Creeper Rolling Mat All-Season Soft, Foldable Car Creeper Mat Year-Round Flexible, Upgraded Durable Material","QVFHL","FBA","Automotive",105222,"N/A","N/A","N/A","N/A","Creepers",70,17.99,-31,61,61,14,1233.66,1233.11,18,4.1,"QVFHL","China",1,0,"N/A","Large Standard-Size",3.15,12.52,14.72,2.29,292.28,806.29,"11/30/2025",7,6,0,3.79
"https://amazon.com/dp/B000BHKVII","https://m.media-amazon.com/images/I/71kZNC3OGwL._SX450_.jpg","B000BHKVII","Lisle 96412 Headrest for Plastic Creeper","Lisle","Amazon","Automotive",109296,083045964124,00083045964124,0083045964124,"N/A","Creepers",69,11.03,-10,73,73,-26,812.48,811.66,281,4.7,"Amazon","N/A",19,938,4,"Large Standard-Size",2.52,5.63,12.83,0.35,"N/A","N/A","05/31/2025",182,1,0,0.26
"https://amazon.com/dp/B0DDMNWYMX","https://m.media-amazon.com/images/I/61cFO-TP5eL._SX450_.jpg","B0DDMNWYMX","Torin Big RED TR6300-3 250lbs Red Rolling Automotive Creeper Garage/Shop Seat: Padded Mechanic Stool with Tool Large Tray Suitable for garages, Repair Shops","Torin","Amazon","Automotive",110109,810151423470,"N/A",0810151423470,"N/A","Creepers",70,37.77,-43,83,83,-29,2389.15,2388.25,48,4.6,"Amazon","N/A",1,0,"N/A","Large bulky",4.5,15,15.25,9.75,"N/A","N/A","11/30/2025",21,7,2,1.72
"https://amazon.com/dp/B0CTJPZZNB","https://m.media-amazon.com/images/I/71Z536jkVnL._SX450_.jpg","B0CTJPZZNB","DNA Motoring Removable Rolling Garage Stool with Seat Cushion & Tool Tray Plate, 300lbs Max Weight Capacity, Blue, TOOLS-00479","DNA MOTORING","Amazon","Automotive",110637,194286212377,"N/A",0194286212377,"N/A","Roller Seats",65,46.99,8,62,30,-29,3471.23,1639.58,134,4.5,"Amazon","N/A",1,0,"N/A","Large Standard-Size",4.96,11.54,17.91,14.44,"N/A","N/A","03/31/2026",28,7,5,0.47
"https://amazon.com/dp/B00QGXSODA","https://m.media-amazon.com/images/I/71tXH6SjK3L._SX450_.jpg","B00QGXSODA","Traxion 3-100 Foldable Topside Automotive Engine Creeper","Traxion","FBM","Automotive",111044,856213002931,00856213002931,7039746462530,"N/A","Creepers",71,279,-22,64,64,,18165.98,18165.8,1290,4.7,"Traxion Shop","USA",4,0,"N/A","Extra-large 50+ to 70 lb",6.5,23,48.5,70,"N/A","N/A","04/30/2026",137,11,0,0.05
"https://amazon.com/dp/B0BQDP9FDN","https://m.media-amazon.com/images/I/91aRZCjFp2L._SX450_.jpg","B0BQDP9FDN","Caster Wheels for Mechanic Creepers Wheels Replacements, Quality Replacement Parts Fit for 36'' - 40'' Plastic Creeper, 3'' in Diam., Pack of 6","Kilixin","FBA","Automotive",111453,"N/A","N/A","N/A","N/A","Creepers",72,22.99,"N/A",66,66,66,1528.6,1527.88,59,4.1,"YC2022","China",1,473,355,"Large Standard-Size",4.02,4.76,7.09,2.62,68.31,188.43,"11/30/2025",41,5,0,1.17
"https://amazon.com/dp/B0B58CMPJW","https://m.media-amazon.com/images/I/6165Vw6FNQL._SX450_.jpg","B0B58CMPJW","SGCB Automotive Mobile Rolling Mechanics Stool - Heavy Duty Roller Creeper Seat Soft Rubber Cushion Brake Wheels Storage Drawers Tray Roller Seat for Home DIY Garage Car Detail, 330lb Load Bear","SGCB","FBA","Automotive",113315,742686863622,"N/A",0742686863622,"N/A","Creepers",73,101.99,-63,7,7,-87,754.55,754.37,88,4.6,"SGCB AUTOCARE","USA",1,581,-20,"Large bulky",10.5,15.25,21.15,16.15,1097.52,2743.81,"03/31/2025",68,8,0,0.08
"https://amazon.com/dp/B0G28WM3DF","https://m.media-amazon.com/images/I/71UFdXXAblL._SX450_.jpg","B0G28WM3DF","YELLOW JACKET Garage Creeper Seat, 2-in-1 Mechanic Creeper, 36 Inches Foldable Z Garage Seat with 6 PCS Wheels, 330 LBS Capacity Rolling Automotive Creeper Lay Down or Sit for Shop, Auto Repair","YELLOW JACKET","FBA","Automotive",114556,"N/A","N/A","N/A","N/A","Creepers",73,49.99,20,0,43,-132,"-",2170.29,21,4.1,"YELLOW JACKET","China",1,0,"N/A","Large bulky",4.3,16.8,19.2,12.45,449.49,1123.73,"01/31/2026",4,8,0,0
"https://amazon.com/dp/B0F5T8SQWL","https://m.media-amazon.com/images/I/71+CWQvM7RL._SX450_.jpg","B0F5T8SQWL","MAYAKOBA Dayton Garage Rolling Seat (White) Pneumatic, Short Stool with Adjustable Height 13""-15"", Perfect for Garage Task, Home Cleaning, Bathroom Short Seat, Technician Task","MAYAKOBA","FBM","Automotive",114605,"N/A","N/A",9612197430327,"N/A","Roller Seats",64,99.99,-20,81,6,-4,7334.25,640.01,731,4.5,"Madison & Park","USA",1,1095,-19,"Large bulky",18,19,9,18,"N/A","N/A","05/31/2024",13,7,8,0.11
"https://amazon.com/dp/B0F5RR6KRP","https://m.media-amazon.com/images/I/510PYxkWULL._SX450_.jpg","B0F5RR6KRP","MAYAKOBA Dayton Garage Rolling Seat (Burgundy) Pneumatic, Short Stool with Adjustable Height 13""-15"", Perfect for Garage Task, Home Cleaning, Bathroom Short Seat, Technician Task","MAYAKOBA","FBM","Automotive",114637,"N/A","N/A",9612197430174,"N/A","Roller Seats",64,99.99,-9,81,7,-4,7334.25,686.11,731,4.5,"Madison & Park","USA",1,1095,-19,"Large bulky",18,19,9,18,"N/A","N/A","05/31/2024",13,7,8,0.11
"https://amazon.com/dp/B0F5RZFSDC","https://m.media-amazon.com/images/I/91EKI7Wse9L._SX450_.jpg","B0F5RZFSDC","MAYAKOBA Dayton Garage Rolling Seat (Cashmere) Pneumatic, Short Stool with Adjustable Height 13""-15"", Perfect for Garage Task, Home Cleaning, Bathroom Short Seat, Technician Task","MAYAKOBA","FBM","Automotive",114657,"N/A","N/A",9612197430167,"N/A","Roller Seats",64,99.99,-29,81,6,-4,7334.25,565.62,731,4.5,"Madison & Park","USA",1,1095,-19,"Large bulky",18,19,9,18,"N/A","N/A","05/31/2024",13,5,8,0.11
"https://amazon.com/dp/B08TG8XFWT","https://m.media-amazon.com/images/I/51YRbp2sx0L._SX450_.jpg","B08TG8XFWT","JEGS Adjustable Hydraulic Stool with Backrest [300 lb. Capacity]","JEGS","FBM","Automotive",116020,889944147046,"N/A",0889944147046,"N/A","Roller Seats",65,76.99,"N/A",44,44,-2,3810.93,3810.4,188,4.2,"JEGS","USA",1,1146,-32,"N/A",25.5,18.5,6,"N/A","N/A","N/A","11/30/2024",64,6,0,"N/A"
"https://amazon.com/dp/B0CC5LXDFS","https://m.media-amazon.com/images/I/71hYG+h2EjL._SX450_.jpg","B0CC5LXDFS","ELAFROS Tool Creeper Rolling Tool Tray With 4 Swivel Casters Caddy Tray For Automotive, Mechanics, DIY enthusiasts, and garages,55 lbs Capacity","ELAFROS","FBA","Automotive",118258,"N/A","N/A","N/A","N/A","Creepers",75,29.99,-74,20,20,-102,588.51,588.27,82,4.8,"Elafros","China",1,913,36,"Large Standard-Size",2.36,13.58,17.95,3.77,289.64,798.99,"11/30/2025",34,6,0,0.24
"https://amazon.com/dp/B0DR8LY2K5","https://m.media-amazon.com/images/I/61Yi+jykYYL._SX450_.jpg","B0DR8LY2K5","SPTA Automotive Mobile Rolling Mechanics Stool - Heavy Duty Roller Creeper Seat Soft Rubber Cushion Brake Wheels Storage Drawers Tray Roller Seat for Home DIY Garage Car Detail, 330lb Load Bear -PT161","SPTA","Amazon","Automotive",119250,"N/A",06975172296855,"N/A","N/A","Creepers",75,71.99,38,51,51,-88,4156.67,4156.15,54,4,"Amazon","N/A",1,0,"N/A","Large bulky",10.34,11.34,24.58,17.7,"N/A","N/A","02/28/2026",17,9,0,0.95
"https://amazon.com/dp/B0F1N5W7J1","https://m.media-amazon.com/images/I/61c2N8Olu-L._SX450_.jpg","B0F1N5W7J1","THDUGG Large Topside Creeper 48""-64"" Height Range, 400 LBS Capacity Automotive Creeper Top Side Creeper Foldable Car Creeper with 4 Caster Wheels and Padded Deck for Auto Repair Maintenance","THDUGG","FBA","Automotive",119632,"N/A","N/A","N/A","N/A","Creepers",76,169.99,-2,17,12,-85,3107.86,1992.21,29,4.1,"THDUGG","China",1,553,"N/A","Extra-large 50+ to 70 lb",7.9,22.5,42.5,67,2448.18,6120.44,"11/30/2025",13,8,2,0.6
"https://amazon.com/dp/B0DGTGMXP3","https://m.media-amazon.com/images/I/61D+IISjHaL._SX450_.jpg","B0DGTGMXP3","VEVOR Mechanic Garage Creeper, 44-Inch, 300 lbs Capacity Automotive Rolling Creeper with 6 Casters Adjustable Cushioned Headrest Tool Tray, Heavy Duty Steel Frame for Garages, Repair Shops, and DIY","VEVOR","Amazon","Automotive",120315,197988580249,"N/A",0197988580249,"N/A","Creepers",77,85.9,-26,56,14,-9,3152.62,1210.93,129,4.5,"Amazon","N/A",3,1321,"N/A","Large bulky",5.63,18.7,43.9,20.06,"N/A","N/A","11/30/2025",20,9,2,0.44
"https://amazon.com/dp/B0DGTG69T3","https://m.media-amazon.com/images/I/61s805HIe3L._SX450_.jpg","B0DGTG69T3","VEVOR Mechanic Garage Creeper, 40-Inch, 300 lbs Capacity Automotive Rolling Creeper with 6 Casters Adjustable Cushioned Headrest, Heavy Duty Steel Frame Low Profile for Garages, Repair Shops, and DIY","VEVOR","Amazon","Automotive",120460,197988580003,"N/A",0197988580003,"N/A","Creepers",77,45.9,57,56,42,-9,3152.62,1941.48,129,4.5,"Amazon","N/A",3,1321,"N/A","Large bulky",3.62,17.17,41.34,14.73,"N/A","N/A","11/30/2025",20,9,2,0.44
"https://amazon.com/dp/B0FWKFMMLP","https://m.media-amazon.com/images/I/7122KJXo7WL._SX450_.jpg","B0FWKFMMLP","Rolling Creeper Mat, 145×67cm Portable Under Car Repair Pad with Storage Bag, Mechanics Mat for Low Clearance, Auto Repairing Tool for Working On The Ground, Gift for Men Dad Husband Fathers 2026","PQPQP","FBA","Automotive",121016,"N/A","N/A","N/A","N/A","Creepers",77,18.99,"N/A",31,31,,616.78,616.35,10,3.8,"YIQILAI","China",1,0,"N/A","Large Standard-Size",3.46,10.43,14.06,2.54,255.46,704.71,"04/30/2026",5,7,0,3.14
"https://amazon.com/dp/B01HZ6BRF8","https://m.media-amazon.com/images/I/31B+8A0SxOL._SX450_.jpg","B01HZ6BRF8","Lisle 99102 Green Neon Low Profile Plastic Creeper","Lisle","Amazon","Automotive",121589,083045991021,00083045991021,0083045991021,"N/A","Creepers",78,103.77,-27,57,57,3,5961.3,5960.66,250,4.8,"Amazon","N/A",29,546,-15,"Large bulky",5,18.11,39,11.7,"N/A","N/A","02/28/2025",119,6,0,0.23
"https://amazon.com/dp/B0B831SMJ3","https://m.media-amazon.com/images/I/81OT232qWpL._SX450_.jpg","B0B831SMJ3","Powerbuilt Rolling Work Seat Brake Stool with 4-inch Rubber Lockable Wheels, Big Seating Platform, Tool Trays and Drawer 330 lb. Capacity, Mechanics, Gardening, Garage - 941881ECE, Grey","Powerbuilt","Amazon","Automotive",122001,028907589787,"N/A",0028907589787,"N/A","Roller Seats",67,122.98,-15,40,11,-51,3719.43,1293.17,103,4.4,"Amazon","N/A",3,0,"N/A","Large bulky",12.5,13.25,19.25,16.7,"N/A","N/A","11/30/2025",46,8,3,0.39
"https://amazon.com/dp/B0812C3JGC","https://m.media-amazon.com/images/I/51j8K2fsBvL._SX450_.jpg","B0812C3JGC","Powerbuilt Rolling Garage Seat with Tool Trays, Smooth Ball Wheel Bearing Casters 300 Pound Capacity Stool, Detailing, Motorcycle, Gardening - 240283","Powerbuilt","Amazon","Automotive",122019,028907555058,00028907555058,0028907555058,"N/A","Roller Seats",67,51.35,-1,40,11,-51,3686.88,618.17,228,4.5,"Amazon","N/A",3,0,"N/A","Large bulky",10.7,11.1,15.6,10.8,"N/A","N/A","11/30/2025",86,6,3,0.17
"https://amazon.com/dp/B0B9XMC9C9","https://m.media-amazon.com/images/I/31VsqXPvQPL._SX450_.jpg","B0B9XMC9C9","CoVibrant Heavy Duty Shop Stool with Ergonomic Backrest - Lockable Rubber Wheels & High Footrest, 360° Swivel, Adjustable Height for Garage Workshop Workbench, 350lbs Capacity (Black, 24""-27"")","CoVibrant","FBA","Automotive",122760,"N/A","N/A","N/A","N/A","Roller Seats",68,90.99,-19,112,66,146,10550.14,5971.21,337,4.1,"CoVibrant","China",1,0,"N/A","Large bulky",11.7,17.5,19.3,19.5,1280.64,3201.59,"04/30/2026",45,8,7,0.33
"https://amazon.com/dp/B0DT5VQGCY","https://m.media-amazon.com/images/I/61Gfvq3ocuL._SX450_.jpg","B0DT5VQGCY","DNA Motoring Rolling Shop Stool, Adjustable Height Padded Rolling Seat, Pneumatic Roller Mechanic Stool for Garages, w/Tool Storage Tray, 300lbs Capacity, TOOLS-00636-BK-RD","DNA MOTORING","Amazon","Automotive",122792,194286324230,"N/A",0194286324230,"N/A","Roller Seats",73,143.99,15,133,9,226,13015.7,1050.55,3,4.6,"Amazon","N/A",1,901,"N/A","Large bulky",9.5,23,23,20.9,"N/A","N/A","11/30/2025",16,7,9,44.43
"https://amazon.com/dp/B0D83T5RK8","https://m.media-amazon.com/images/I/61r4stjOQEL._SX450_.jpg","B0D83T5RK8","DNA Motoring Rolling Padded Seat Adjustable Height Seat 330lbs Capacity Rolling Mechanic Creeper Stool, W/Tool Storage Drawer & Tray, Black, TOOLS-00601","DNA MOTORING","Amazon","Automotive",122792,194286219925,"N/A",0194286219925,"N/A","Roller Seats",73,81.18,-47,133,38,226,13015.7,2989.22,9,3.7,"Amazon","N/A",1,901,"N/A","Large bulky",9.8,17,17,16.6,"N/A","N/A","11/30/2025",23,7,9,14.81
"https://amazon.com/dp/B08D118MFG","https://m.media-amazon.com/images/I/71dOymQ7w5L._SX450_.jpg","B08D118MFG","Torin ATR7211 Blackjack Rolling Creeper Garage/Shop Seat: Padded Mechanic Stool with Tool Tray Storage, Black, Large","Torin","Amazon","Automotive",123460,615268861005,"N/A",0615268861005,"N/A","Creepers",76,24.03,-29,25,25,,590.48,590.36,107,4.6,"Amazon","N/A",1,0,"N/A","Large bulky",5.3,14.7,15.2,10.3,"N/A","N/A","04/30/2026",70,7,1,0.23
"https://amazon.com/dp/B07343Z19F","https://m.media-amazon.com/images/I/71kv9VVQ15L._SX450_.jpg","B07343Z19F","Pro-LifT C-6048 Mechanic Plastic Creeper 48 Inch - Blow Molded Ergonomic HDPE Body with Padded Headrest & Dual Tool Trays - 440 Lbs Capacity Red","Pro-LifT","Amazon","Automotive",123988,652597475473,00652597475473,0652597475473,"N/A","Creepers",79,101.95,-39,79,59,205,8450.63,6016.23,293,4.4,"Amazon","N/A",3,1007,"N/A","Large bulky",4.15,25,47.75,16.75,"N/A","N/A","02/28/2025",107,1,2,0.27
"https://amazon.com/dp/B0DZ2KWYR1","https://m.media-amazon.com/images/I/61B7hvJMkqL._SX450_.jpg","B0DZ2KWYR1","Nilight 36"" Z Creeper - 2-in-1 Folding Rolling Mechanic Seat, 36 inches Adjustable Lay-Down or Sit Garage Chair, 300 lbs Capacity, Grey Black","Nilight","Amazon","Automotive",124053,840323928915,00840323928915,0840323928915,"N/A","Creepers",80,55.99,-31,68,27,54,3972.18,1537.13,101,4.1,"Amazon","N/A",1,0,"N/A","Large bulky",4,17,22,12.5,"N/A","N/A","11/30/2025",15,8,3,0.67
"https://amazon.com/dp/B07HFV76HS","https://m.media-amazon.com/images/I/619x17qo0cL._SX450_.jpg","B07HFV76HS","GEARWRENCH Adjustable Height Swivel Mechanics Seat, 18"" To 22"" - 86994","GEARWRENCH","Amazon","Automotive",124237,099575869945,00099575869945,0099575869945,"N/A","Roller Seats",69,128.06,-10,6,6,-101,824.39,824.18,207,4.6,"Amazon","N/A",11,516,-58,"Large bulky",8.88,17.75,17.88,25.2,"N/A","N/A","11/30/2024",92,10,0,0.03
"https://amazon.com/dp/B0DT5RH9HT","https://m.media-amazon.com/images/I/61QWf3ZGzQL._SX450_.jpg","B0DT5RH9HT","DNA Motoring Rolling Shop Stool, Adjustable Height Padded Rolling Seat, Pneumatic Roller Mechanic Stool for Garages, 300lbs Capacity, TOOLS-00635-BK-BL","DNA MOTORING","Amazon","Automotive",125965,194286324223,"N/A",0194286324223,"N/A","Roller Seats",74,132.99,"N/A",133,11,226,13015.7,1232.31,7,4.1,"Amazon","N/A",1,901,"N/A","Large bulky",7.5,22.5,23,19.1,"N/A","N/A","11/30/2025",16,7,9,19.04
"https://amazon.com/dp/B083F57JV7","https://m.media-amazon.com/images/I/51sFXNhm96L._SX450_.jpg","B083F57JV7","MAYAKOBA Dayton Garage Rolling Seat (Red) Pneumatic, Short Stool with Adjustable Height 13""-15"", Perfect for Garage Task, Home Cleaning, Bathroom Short Seat, Technician Task","MAYAKOBA","FBM","Automotive",127638,"N/A","N/A",9612197417366,"N/A","Roller Seats",70,82.99,-22,81,9,-4,7334.25,786.54,731,4.5,"Madison & Park","USA",1,1095,-19,"Large bulky",18,19,9,18,"N/A","N/A","05/31/2024",77,8,8,0.11
"https://amazon.com/dp/B0DQ8GYWY3","https://m.media-amazon.com/images/I/71IqQlFrpaL._SX450_.jpg","B0DQ8GYWY3","Auto Dynasty 3-Drawer Mechanic Rolling Seat, 350 LBS Capacity Roller Garage Shop Seat with Storage Tool Tray for Workshop, Repair Shop, Warehouse, Green","Auto Dynasty","FBM","Automotive",128177,"N/A","N/A","N/A","N/A","Roller Seats",68,84.05,11,23,3,3,1927.92,263.56,33,4,"Auto Dynasty","USA",1,543,"N/A","Large bulky",18.5,14.57,12.2,25.99,"N/A","N/A","11/30/2025",17,6,7,0.72
"https://amazon.com/dp/B0DCND6JT7","https://m.media-amazon.com/images/I/71qQKQbZD2L._SX450_.jpg","B0DCND6JT7","Auto Dynasty 3-Drawer Mechanic Rolling Seat, 350 LBS Capacity Roller Garage Shop Seat with Storage Tool Tray for Workshop, Repair Shop, Warehouse, Red","Auto Dynasty","FBM","Automotive",128180,"N/A","N/A","N/A","N/A","Roller Seats",68,77.48,-6,23,7,3,1927.92,511.7,32,3.9,"Auto Dynasty","USA",1,543,"N/A","Large bulky",21,17,15,26.5,"N/A","N/A","11/30/2025",15,6,7,0.72
"https://amazon.com/dp/B0F1FGPBDX","https://m.media-amazon.com/images/I/71rHzlOPt3L._SX450_.jpg","B0F1FGPBDX","Auto Dynasty 3-Drawer Mechanic Rolling Seat, 350 LBS Capacity Roller Garage Shop Seat with Storage Tool Tray for Workshop, Repair Shop, Warehouse, Purple","Auto Dynasty","FBM","Automotive",128180,"N/A","N/A","N/A","N/A","Roller Seats",68,98.88,-39,23,2,3,1927.92,172.96,33,4,"Auto Dynasty","USA",1,543,"N/A","N/A","N/A","N/A","N/A","N/A","N/A","N/A","11/30/2025",14,6,7,0.72
"https://amazon.com/dp/B0F1FDJ63C","https://m.media-amazon.com/images/I/71NoOr45hEL._SX450_.jpg","B0F1FDJ63C","Auto Dynasty 3-Drawer Mechanic Rolling Seat, 350 LBS Capacity Roller Garage Shop Seat with Storage Tool Tray for Workshop, Repair Shop, Warehouse, Sky Blue","Auto Dynasty","FBM","Automotive",128653,"N/A","N/A","N/A","N/A","Roller Seats",68,98.88,-19,23,2,3,1927.92,182.12,33,4,"Auto Dynasty","USA",1,543,"N/A","N/A","N/A","N/A","N/A","N/A","N/A","N/A","11/30/2025",14,6,7,0.72
"https://amazon.com/dp/B0D86KD7JJ","https://m.media-amazon.com/images/I/716SJD8MTPL._SX450_.jpg","B0D86KD7JJ","Auto Dynasty 3-Drawer Mechanic Rolling Seat, 350 LBS Capacity Roller Garage Shop Seat with Storage Tool Tray for Workshop, Repair Shop, Warehouse, Black","Auto Dynasty","FBM","Automotive",128658,"N/A","N/A","N/A","N/A","Roller Seats",68,92.88,-7,23,3,3,1927.92,246.46,33,4,"Auto Dynasty","USA",1,543,"N/A","N/A","N/A","N/A","N/A","N/A","N/A","N/A","11/30/2025",15,6,7,0.72
"https://amazon.com/dp/B0DQ8G1HPH","https://m.media-amazon.com/images/I/71tnPDDy2IL._SX450_.jpg","B0DQ8G1HPH","Auto Dynasty 3-Drawer Mechanic Rolling Seat, 350 LBS Capacity Roller Garage Shop Seat with Storage Tool Tray for Workshop, Repair Shop, Warehouse, Yellow","Auto Dynasty","FBM","Automotive",128658,"N/A","N/A","N/A","N/A","Roller Seats",68,98.88,-12,23,2,3,1927.92,180.21,33,4,"Auto Dynasty","USA",1,543,"N/A","N/A","N/A","N/A","N/A","N/A","N/A","N/A","11/30/2025",15,6,7,0.72
"https://amazon.com/dp/B07BB3N8RL","https://m.media-amazon.com/images/I/81r+xBa1tTL._SX450_.jpg","B07BB3N8RL","Powerbuilt Heavy Duty Roller Mechanics Seat and Brake Stool with 4-in. Rubber Swivel Casters Roll Over Anything, Big Seating Platform, Slide Out Tool Trays and Drawer 300 lb. Capacity – 240036","Powerbuilt","FBM","Automotive",131327,746264334870,00028907515526,0746264334870,"N/A","Roller Seats",69,99.95,-16,40,18,-51,3686.88,1768.34,1648,4.7,"Toolsmithdirect","USA",4,0,"N/A","Large bulky",11,11,23.25,14.65,"N/A","N/A","11/30/2025",99,7,3,0.02
"https://amazon.com/dp/B07JZ726DC","https://m.media-amazon.com/images/I/71oezfYt4oL._SX450_.jpg","B07JZ726DC","WINTOOLS 41"" Foldable Heavy Duty Z Creeper Seat Rolling Chair Mechanics Garage 2 in 1 Work Bench","WINTOOLS","FBA","Automotive",132116,"N/A","N/A",7752987730915,"N/A","Creepers",81,39.99,-10,29,29,5,1163.14,1163.01,185,4.2,"Tools-Supply","China",2,997,14,"Large bulky",5,17,24.75,17.95,681.77,1704.43,"11/30/2025",91,5,0,0.16
"https://amazon.com/dp/B0G48QLZ13","https://m.media-amazon.com/images/I/61IhQRzxqaL._SX450_.jpg","B0G48QLZ13","DEXSO Topside Automotive Engine Creeper - 400LBS Capacity, Adjustable Height 48""-66"", Foldable Design with 6 Swivel Casters, Thickened Cushion & Tool Pouch (Black)","DEXSO","FBM","Automotive",136345,199914328024,"N/A",0199914328024,"N/A","Creepers",84,155.99,199,17,7,-111,2747.68,1066.01,11,4.8,"DEXSO US","China",1,0,"N/A","Extra-large 70+ to 150 lb",51.18,24.02,7.48,78.26,"N/A","N/A","11/30/2025",5,5,3,1.57
"https://amazon.com/dp/B0F7RK7WNN","https://m.media-amazon.com/images/I/51AI347Ps-L._SX450_.jpg","B0F7RK7WNN","CoVibrant Heavy Duty Garage Stool with Ergonomic Backrest - Lockable Rubber Wheels & High Footrest, 360° Swivel, Adjustable Height for Work Shop Workbench, 350lbs Capacity (Red, 24""-27"")","CoVibrant","FBA","Automotive",136617,"N/A","N/A","N/A","N/A","Roller Seats",70,99,-13,112,11,146,10550.14,1118.11,337,4.1,"CoVibrant","China",1,0,"N/A","Large bulky",17,17,10,19,936.57,2341.44,"04/30/2026",13,8,7,0.33
"https://amazon.com/dp/B091B6NCMH","https://m.media-amazon.com/images/I/51f2kvtZwaL._SX450_.jpg","B091B6NCMH","CoVibrant Heavy Duty Shop Stool with Ergonomic Backrest - Lockable Rubber Wheels & Adjustable Height, 360° Swivel, High Footrest for Garage Workshop Workbench, 350lbs Capacity (Black, 26""-31""')","CoVibrant","FBA","Automotive",136676,"N/A","N/A","N/A","N/A","Roller Seats",70,96.99,13,112,18,146,10550.14,1734.63,337,4.1,"CoVibrant","China",1,0,"N/A","Large bulky",10.7,17.4,17.9,19.02,1080.02,2700.04,"04/30/2026",62,8,7,0.33
"https://amazon.com/dp/B0GFD368JH","https://m.media-amazon.com/images/I/413JAb46AaL._SX450_.jpg","B0GFD368JH","QCUNMAG Mechanic Stool, 300 LBS Rolling Pneumatic Creeper Garage/Shop Seat, Adjustable Height Padded Rolling Workshop Stool with Tool Tray, for Garage, Shop, Auto Repair (Black)","QCUNMAG","FBA","Automotive",141555,"N/A","N/A","N/A","N/A","Roller Seats",71,34.99,"N/A",53,21,428,1835.13,728.17,13,3.8,"QCUNMAG-US","China",2,0,"N/A","Large bulky",4,15,15.5,10,301.39,753.47,"04/30/2026",3,9,2,"N/A"
"https://amazon.com/dp/B0GFDD8QZT","https://m.media-amazon.com/images/I/61pWEQ02oAL._SX450_.jpg","B0GFDD8QZT","QCUNMAG Mechanic Stool, 300 LBS Rolling Pneumatic Creeper Garage/Shop Seat, Adjustable Height Padded Rolling Workshop Stool with Tool Tray, for Garage, Shop, Auto Repair (Red)","QCUNMAG","FBA","Automotive",141582,"N/A","N/A","N/A","N/A","Roller Seats",71,34.99,46,53,32,428,1835.13,1106.75,13,3.8,"QCUNMAG-US","China",2,0,"N/A","Large bulky",3.5,15,15.1,9.4,256.91,642.27,"04/30/2026",3,9,2,4.8
"https://amazon.com/dp/B0F7RLJ4HK","https://m.media-amazon.com/images/I/51AI347Ps-L._SX450_.jpg","B0F7RLJ4HK","CoVibrant Heavy Duty Garage Stool with Ergonomic Backrest - Lockable Rubber Wheels & High Footrest, 360° Swivel, Adjustable Height for Work Shop Workbench, 350lbs Capacity (Red, 26""-31"")","CoVibrant","FBM","Automotive",141933,"N/A","N/A","N/A","N/A","Roller Seats",72,99,43,112,12,146,10550.14,1166.61,333,4.1,"CoVibrant","China",1,0,"N/A","Large bulky",17,17,10,19,"N/A","N/A","04/30/2026",13,8,7,0.34
"https://amazon.com/dp/B0CTWTJR3B","https://m.media-amazon.com/images/I/41woGR7EhwL._SX450_.jpg","B0CTWTJR3B","DEWALT Heavy-Duty Metal Stool for Garage and Shop, 360 Swivel Seat, Storage Tray, Padded Rip-Resistant Seat, Steel Frame, Industrial Powder Coating","DEWALT","FBA","Automotive",142083,099198416083,"N/A",0099198416083,"N/A","Roller Seats",72,139.98,-35,26,26,-27,3658.66,3658.33,26,4.8,"RAK Distribution","USA",3,398,-13,"Large bulky",7.3,20.7,26.3,20.95,1287.93,3219.83,"11/30/2024",28,8,1,1.01
"https://amazon.com/dp/B0D7MG3JMS","https://m.media-amazon.com/images/I/61EAQayL5SL._SX450_.jpg","B0D7MG3JMS","CNQLIS Low Rolling Stool with 360°Swivel Wheels, Pu Leather Low Roller Seat Chair, Movable Mini Stool for Home Office Garage Shop Fitness Sport","CNQLIS","FBA","Automotive",144147,"N/A","N/A","N/A","N/A","Roller Seats",72,24.99,-30,30,30,-63,754.95,754.57,21,4.4,"TaiYuanShiXiaoDianQuLiDuBinGuan","China",1,270,"N/A","Large Standard-Size",3.2,13.8,13.85,3.95,307.93,849.47,"01/31/2026",23,6,0,1.44
"https://amazon.com/dp/B000JFHMZW","https://m.media-amazon.com/images/I/71G45KTvKsL._SX450_.jpg","B000JFHMZW","Lisle 95002 Fold-Up Creeper","Lisle","Amazon","Automotive",144757,083045950028,00083045950028,0083045950028,"N/A","Creepers",85,36.99,103,36,36,-73,1630.35,1630.1,604,4.8,"Amazon","N/A",26,1334,-15,"Large bulky",2,18,23,2.3,"N/A","N/A","02/28/2025",182,1,0,0.06
"https://amazon.com/dp/B002Z36VJO","https://m.media-amazon.com/images/I/51gu1mg9dCL._SX450_.jpg","B002Z36VJO","K Tool International 74961 Creeper Seat, Adjustable Headrest with Fully Padded Support, Oil Resistant Rubber Casters, Epoxy Coated Steel Frame for Shop Mobility","K Tool International","Amazon","Automotive",146355,769622749611,00769622749611,0769622749611,"N/A","Creepers",87,46.93,-1,53,53,144,2503.15,2502.71,329,4.5,"Amazon","N/A",12,0,"N/A","Large bulky",4.2,17.7,41.8,17.8,"N/A","N/A","04/30/2026",126,8,0,0.16
"https://amazon.com/dp/B0FH4NCZG6","https://m.media-amazon.com/images/I/61hp4l0bJDL._SX450_.jpg","B0FH4NCZG6","PM PERFORMOTOR","PM PERFORMOTOR","Amazon","Automotive",148183,"N/A","N/A","N/A","N/A","Roller Seats",74,89.99,"N/A",56,0,5,4810.67,"-",169,4.1,"Amazon","N/A",0,0,"N/A","N/A","N/A","N/A","N/A","N/A","N/A","N/A","03/31/2026",11,8,7,0.33
"https://amazon.com/dp/B0G48PB1HY","https://m.media-amazon.com/images/I/61cminTOObL._SX450_.jpg","B0G48PB1HY","DEXSO Topside Automotive Engine Creeper - 400LBS Capacity, Adjustable Height 48""-66"", Foldable Design with 6 Swivel Casters, Thickened Cushion & Tool Pouch (Red)","DEXSO","FBM","Automotive",149136,199914328031,"N/A",0199914328031,"N/A","Creepers",89,159.99,"N/A",17,5,-111,2747.68,746.2,12,4.8,"DEXSO US","China",1,0,"N/A","Extra-large 70+ to 150 lb",51.18,24.02,7.48,78.26,"N/A","N/A","11/30/2025",5,6,3,1.44
"https://amazon.com/dp/B0DS9MMDSK","https://m.media-amazon.com/images/I/518j0IP5TCL._SX450_.jpg","B0DS9MMDSK","AutGuangel 60''x28'' Portable Rolling Creeper Mat, All Terrain Zero Ground Clearance Under Car Repair Mat for Working on Uneven Surfaces (1)","AutGuangel","FBA","Automotive",149913,"N/A","N/A","N/A","N/A","Creepers",86,35.99,-12,75,75,-2,2546.62,2546.12,65,4.4,"AutoGuangel","China",1,0,"N/A","Large Standard-Size",3.58,11.81,16.45,2.09,350.17,965.98,"10/31/2025",15,7,4,1.23
"https://amazon.com/dp/B0GX57FRQ4","https://m.media-amazon.com/images/I/71f-ToIruJL._SX450_.jpg","B0GX57FRQ4","Rolling Creeper Garage/Shop Seat,250 LBS Capacity Heavy Duty Rolling Mechanic Stool with Wheels,Automotive Padded Creeper Seat with Tool Tray Storage for Garage, Shop, Auto Repair","Garvee","-","Automotive",150375,824126288292,"N/A",0824126288292,"N/A","Roller Seats",74,23.39,"N/A",39,39,,979.37,978.93,"N/A","N/A",,"N/A",1,0,"N/A","Large bulky",16.14,14.25,3.94,7.05,"N/A","N/A","04/30/2026",1,"N/A",0,"N/A"
"https://amazon.com/dp/B08B3YYBW6","https://m.media-amazon.com/images/I/61FqFPxGc4L._SX450_.jpg","B08B3YYBW6","AR7451B Torin Heavy Duty Rolling Creeper Garage/Shop Seat: Padded Mechanic Stool with Tool Tray Storage and Cup Holder, Black","Torin","Amazon","Automotive",150736,810104648592,00810104648592,0810104648592,"N/A","Creepers",87,87.39,22,95,32,42,4846.81,3062.5,97,4.7,"Amazon","N/A",1,1184,12,"Large bulky",10,11,18,22.1,"N/A","N/A","11/30/2024",71,9,5,0.98
"https://amazon.com/dp/B0G4R5BFNB","https://m.media-amazon.com/images/I/61NQJITBaKL._SX450_.jpg","B0G4R5BFNB","SUNROAD Mechanic Stool,Rolling Garage Seat Adjustable Pneumatic Shop Creeper Seat 300Lbs Mechanic Stool with Wheels and Removable Tool Tray Storage Workshop Chair for Auto Repair","SUNROAD","FBM","Automotive",151394,"N/A","N/A","N/A","N/A","Creepers",92,31.99,-32,10,10,-77,318.01,317.79,5,2.6,"Qp-SUNROAD","China",1,0,"N/A","N/A","N/A","N/A","N/A","N/A","N/A","N/A","12/31/2025",6,9,0,2.06
"https://amazon.com/dp/B0GL7VRDXM","https://m.media-amazon.com/images/I/51c-lF239RL._SX450_.jpg","B0GL7VRDXM","Goplus 40 Inch Rolling Creeper, Padded Mechanic Cart with Adjustable Backrest & Headrest, Heavy-Duty Automotive Rolling Creeper with 6 Swivel Casters for Garage, Repair Shop, DIY","Goplus","FBM","Automotive",154448,798470084353,"N/A",0798470084353,"N/A","Creepers",89,39.99,-35,14,3,-61,608.24,129.01,3,5,"GoplusUS","USA",2,0,"N/A","Large bulky",43,20,5,16,"N/A","N/A","02/28/2026",3,8,4,4.77
"https://amazon.com/dp/B0FH9L7W2R","https://m.media-amazon.com/images/I/619cAWVErDL._SX450_.jpg","B0FH9L7W2R","Top Automotive Creeper,Engine Topside Creeper with Adjustable Height 49.21 in to 68.89 in, 400 LBS Capacity High Topside Creeper,6 Swivel Caster Wheels, Heavy Duty Foldable Garage Creepers for Auto","GarveeTech","Amazon","Automotive",154462,199108677327,"N/A",0199108677327,"N/A","Creepers",88,143.99,-37,32,16,76,4708.19,2345.93,23,3.9,"Amazon","N/A",1,0,"N/A","Extra-large 70+ to 150 lb",51.18,24.02,7.48,76.94,"N/A","N/A","08/31/2025",10,9,4,1.52
"https://amazon.com/dp/B0FH9PHRXB","https://m.media-amazon.com/images/I/61YWkhahtYL._SX450_.jpg","B0FH9PHRXB","Top Automotive Creeper,Engine Topside Creeper with Adjustable Height 49.21 in to 68.89 in, 400 LBS Capacity High Topside Creeper,6 Swivel Caster Wheels, Heavy Duty Foldable Garage Creepers for Auto","GarveeTech","Amazon","Automotive",154464,199108677303,"N/A",0199108677303,"N/A","Creepers",88,143.99,-11,32,6,76,4708.19,947.26,23,3.9,"Amazon","N/A",1,0,"N/A","Extra-large 70+ to 150 lb",51.18,24.02,7.48,76.94,"N/A","N/A","08/31/2025",10,8,4,1.59
"https://amazon.com/dp/B0FH9LQ3S3","https://m.media-amazon.com/images/I/61A2VICc5JL._SX450_.jpg","B0FH9LQ3S3","Top Automotive Creeper,Engine Topside Creeper with Adjustable Height 49.21 in to 68.89 in, 400 LBS Capacity High Topside Creeper,6 Swivel Caster Wheels, Heavy Duty Foldable Garage Creepers for Auto","GarveeTech","Amazon","Automotive",154496,199108677297,"N/A",0199108677297,"N/A","Creepers",88,143.99,-3,32,7,76,4708.19,1100.99,23,3.9,"Amazon","N/A",1,0,"N/A","Extra-large 70+ to 150 lb",51.18,24.02,7.48,76.94,"N/A","N/A","08/31/2025",10,8,4,1.59
"https://amazon.com/dp/B0GL84NX2L","https://m.media-amazon.com/images/I/51hleDQh9sL._SX450_.jpg","B0GL84NX2L","Goplus 40 Inch Rolling Creeper, Padded Mechanic Cart with Adjustable Backrest & Headrest, Heavy-Duty Automotive Rolling Creeper with 6 Swivel Casters for Garage, Repair Shop, DIY","Goplus","FBM","Automotive",154503,798470084360,"N/A",0798470084360,"N/A","Creepers",89,39.99,-47,14,4,-61,608.24,155.51,3,5,"GoplusUS","USA",2,0,"N/A","Large bulky",43,20,5,16,"N/A","N/A","02/28/2026",3,8,4,4.77
"https://amazon.com/dp/B0G5XQ2NZG","https://m.media-amazon.com/images/I/61jCHoLP-1L._SX450_.jpg","B0G5XQ2NZG","Goplus 2-in-1 Z Creeper, 40 Inch 350LBS Foldable Mechanic Creeper with 6 Swivel Wheels, Padded Headrest and Seat, Lay Down or Sit, Rolling Automotive Under Car Creepers for Garage, Shop, Auto Repair","Goplus","FBM","Automotive",154509,798470738591,"N/A",0798470738591,"N/A","Creepers",89,42.99,6,14,1,-61,608.24,66.09,6,4.4,"GoplusUS","USA",2,0,"N/A","Large bulky",25.98,18.11,6.3,28.66,"N/A","N/A","02/28/2026",6,9,4,2.38
"https://amazon.com/dp/B0GL7WKJ3K","https://m.media-amazon.com/images/I/61poTtIOJKL._SX450_.jpg","B0GL7WKJ3K","Goplus 2-in-1 Z-Shaped Rolling Garage Stool, 36"" Folding Flat Automotive Creeper with Padded Seat & 6 Swivel Casters, Convertible Mechanic Stool for Auto Workshop & Repair","Goplus","FBM","Automotive",154520,798470086340,"N/A",0798470086340,"N/A","Creepers",89,39.99,-23,14,6,-61,608.24,257.12,6,4.4,"GoplusUS","USA",2,0,"N/A","Large bulky",23,19,5,16,"N/A","N/A","02/28/2026",4,9,4,2.38
"https://amazon.com/dp/B0CPT9XFVG","https://m.media-amazon.com/images/I/61zsVzMbLwL._SX450_.jpg","B0CPT9XFVG","MaxWorks 50880 Garage Creeper Seat and Stool Combo, Workshop Seat with 300 Lbs Capacity, Mechanics Stool with Wheels","MaxWorks","Amazon","Automotive",154532,812351038805,"N/A",0812351038805,"N/A","Creepers",92,54.99,-17,63,63,-34,3459.94,3459.84,51,4.4,"Amazon","N/A",1,846,98,"Large bulky",6.4,15.6,17.9,18.2,"N/A","N/A","11/30/2024",24,9,0,1.23
"https://amazon.com/dp/B0GKTK3C38","https://m.media-amazon.com/images/I/71CswUk0y2L._SX450_.jpg","B0GKTK3C38","QCUNMAG Rolling Creeper Garage/Shop Seat, Padded Rolling Workshop Stool with Tool Tray Storage, Mechanic Stool for Garage & Auto Repair, 250 LBS Capacity, Black","QCUNMAG","FBA","Automotive",157595,"N/A","N/A","N/A","N/A","Roller Seats",77,25.99,-73,97,76,,2449.8,1889.6,10,3.9,"QCUNMAG-US","China",1,0,"N/A","Large Standard-Size",13.78,3.35,14.76,5.5,343.05,946.34,"04/30/2026",0,9,2,10.76
"https://amazon.com/dp/B0DRXGB218","https://m.media-amazon.com/images/I/316Sy75b02L._SX450_.jpg","B0DRXGB218","Wrist-B Low Rolling Stool with Back Support Roller Seats, Roller Chair PU Leather Low Stool with Wheels Foot Step Chair for Home,Shop,Office,Garage,Mechanic,Auto Repair,Library,Manicure","Wrist-B","FBA","Automotive",157645,"N/A","N/A","N/A","N/A","Roller Seats",79,58.99,"N/A",14,4,-32,821.72,220.32,28,3.6,"XiaoYingL","China",1,583,"N/A","Large bulky",8.35,13.66,13.98,7.8,516.76,1291.9,"08/31/2025",17,6,13,0.5