"URL","Image URL","ASIN","Title","Brand","Fulfillment","Category","BSR","UPC","GTIN","EAN","ISBN","Subcategory","Subcategory BSR","Price","Price Trend (90 days) (%)","Parent Level Sales","ASIN Sales","Sales Trend (90 days) (%)","Parent Level Revenue","ASIN Revenue","Review Count","Reviews Rating","Seller","Seller Country/Region","Number of Active Sellers","Last Year Sales","Sales Year Over Year (%)","Shipping Details","Length","Width","Height","Weight","Storage Fee (Jan - Sep)","Storage Fee (Oct - Dec)","Best Sales Period","Listing Age (Months)","Number of Images","Variation Count","Sales to Reviews"
"https://amazon.com/dp/B0F5WMLZM5","https://m.media-amazon.com/images/I/81M8Ljx+UUL._SX450_.jpg","B0F5WMLZM5","BSIDE Thermal Imaging Camera Multimeter 320×320 Resolution with 20000 Words Tester 3.98'' TFT Touchscreen 25Hz Infrared Thermal Camera (-20-550℃) 15 Thermal Palettes True RMS Auto-Ranging Multimeter","MAXRIENY","FBA","Industrial & Scientific",231074,"N/A","N/A",6933540318011,"N/A","Thermal Imagers",147,179.99,-43,5,5,-97,881.16,881.09,17,4,"MAXRIENY","China",1,0,"N/A","Large Standard-Size",1.89,5.12,8.74,1.08,42.56,117.41,"08/31/2025",12,9,0,0.29
"https://amazon.com/dp/B0FK4Z32Q8","https://m.media-amazon.com/images/I/416FvIDXp1L._SX450_.jpg","B0FK4Z32Q8","HT-04D Thermal Imaging Camera, 160 x 120 IR Resolution/19200 Pixels, 25Hz Refresh Rate, Portable Handheld Infrared Thermal Imager with Laser Pointer, -4°F~1022°F Temperature Range 2.8in Screen","Hti-Xintai","FBA","Industrial & Scientific",231960,"N/A","N/A","N/A","N/A","Thermal Imagers",145,139.29,3,1,1,,238.4,238.33,2,5,"XT Instrument","China",1,0,"N/A","Large Standard-Size",4.29,6.97,10.24,1.29,154.16,425.26,"04/30/2026",62,6,0,0.74
"https://amazon.com/dp/B071DW6W7H","https://m.media-amazon.com/images/I/319sHgQhBEL._SX450_.jpg","B071DW6W7H","FLIR E70354 M232 Pan Tilt Thermal Camera 9hz","FLIR","FBA","Industrial & Scientific",232495,723193814123,"N/A",0723193814123,"N/A","Thermal Imagers",146,2390.43,-40,7,7,-9,19254.28,19254.2,16,5,"OpulentWorld","USA",38,91,-35,"Large bulky",12,12,13,15.6,606.67,1516.67,"12/31/2024",108,1,0,0.42
"https://amazon.com/dp/B0FB87X68V","https://m.media-amazon.com/images/I/8119eiVDygL._SX450_.jpg","B0FB87X68V","Mastfuyi Thermal Imager Multimeter 2 in 1,320×320 IR Resolution with 20000 Words Multimeter, 25Hz Infrared Thermal Camera 15 Thermal Palettes TRMS Auto-Ranging Tester","Mastfuyi","FBA","Industrial & Scientific",235336,"N/A","N/A","N/A","N/A","Thermal Imagers",147,101.19,-53,1,1,-74,130.96,130.94,32,4.1,"Mastfuyi","China",1,0,"N/A","Large Standard-Size",5.9,2.9,0.9,0.49,7.75,21.39,"02/28/2026",11,8,2,0.04
"https://amazon.com/dp/B0DRNLL1XJ","https://m.media-amazon.com/images/I/613mZv7fMGL._SX450_.jpg","B0DRNLL1XJ","Thermal Camera for Android, X2 Thermal Night Vision Monocular, See 950 Yards, 50Hz, 15× Digital Zoom","Thermal Master","FBA","Industrial & Scientific",235493,"N/A","N/A","N/A","N/A","Thermal Imagers",147,399,10,3,3,,1361.25,1361.21,20,3.9,"Thermal Master Official","China",1,12,"N/A","Large Standard-Size",3.58,8.39,9.92,2.25,150.01,413.83,"04/30/2026",16,6,0,0.17
"https://amazon.com/dp/B09CL3L5VG","https://m.media-amazon.com/images/I/61K3Hw80olL._SX450_.jpg","B09CL3L5VG","Waveshare MLX90641 IR Array Thermal Imaging Camera with 16×12 Pixels 55° Field of View I2C Interface Supports Raspberry Pi","waveshare","FBM","Industrial & Scientific",241026,755291678185,00755291678185,0755291678185,"N/A","Thermal Imagers",149,57.99,-12,2,2,-84,112.65,112.59,1,5,"waveshare","Hong Kong",1,64,23,"Large Standard-Size",0.94,2.01,2.72,0.04,"N/A","N/A","06/30/2025",56,5,0,1.97
"https://amazon.com/dp/B0CGLPXQY4","https://m.media-amazon.com/images/I/61MfxnFxbwL._SX450_.jpg","B0CGLPXQY4","Waveshare Long-Wave IR Thermal Imaging Camera Module, 80×62 Pixels, 45°FOV, Available with Type-C Port","waveshare","FBA","Industrial & Scientific",242803,"N/A","N/A","N/A","N/A","Thermal Imagers",150,97.99,-32,1,1,-107,106.65,106.61,"N/A","N/A","waveshare","Hong Kong",2,37,"N/A","Large Standard-Size",3.12,2.73,1.17,0.09,5.02,13.84,"12/31/2025",32,8,0,"N/A"
"https://amazon.com/dp/B0BGJM1BQD","https://m.media-amazon.com/images/I/41kN6chlo1L._SX450_.jpg","B0BGJM1BQD","Upgraded MLX90640 Infrared Thermal Imager Portable Infrared Thermal Sensor High Accuracy Camera Temperature Tester Detection Non-Contact Measurement Buillt in Battery.","Tuidudi","FBA","Industrial & Scientific",244681,"N/A","N/A","N/A","N/A","Thermal Imagers",147,66,-12,19,19,-25,1272.23,1272.08,180,3.8,"RockCow","China",1,342,-59,"Large Standard-Size",2.13,4.09,5.94,0.37,26.05,71.87,"12/31/2024",43,7,0,0.1
"https://amazon.com/dp/B0DYQNMNVG","https://m.media-amazon.com/images/I/81O9hag6qhL._SX450_.jpg","B0DYQNMNVG","CaseSack Case for VEVOR HT-W01 Thermal Imaging Camera","CaseSack","FBA","Industrial & Scientific",246916,"N/A","N/A","N/A","N/A","Thermal Imagers",151,17.99,5,0,0,,"-","-","N/A","N/A","Casesack","Hong Kong",2,23,"N/A","Large Standard-Size",2.05,3.35,6.97,0.2,24.04,66.31,"01/31/2026",12,5,0,"N/A"
"https://amazon.com/dp/B01M174C84","https://m.media-amazon.com/images/I/81jat4fkYxL._SX450_.jpg","B01M174C84","USA Gear Thermal Camera Case - Hard Exterior Thermal Imaging Camera Fits FLIR C5, C3-X, FLIR One Pro, Seek Reveal, Seek XR, and more Infrared Cameras - Wrist Strap, Interior Elastic Strap (Black)","USA Gear","FBA","Industrial & Scientific",247345,637836590025,"N/A",0637836590025,"N/A","Thermal Imagers",149,14.99,-8,12,3,-81,175.27,38.51,349,4.7,"Dharma Electronics","USA",1,413,-14,"Large Standard-Size",2.05,4.57,6.73,0.22,31.74,87.57,"06/30/2024",117,9,6,0.03
"https://amazon.com/dp/B0793BXVLN","https://m.media-amazon.com/images/I/81beTePgicL._SX450_.jpg","B0793BXVLN","USA Gear Thermal Camera Case - Hard Exterior Thermal Imaging Camera Fits FLIR C5, C3-X, FLIR One Pro, Seek Reveal, Seek XR, and more Infrared Cameras - Wrist Strap, Interior Elastic Strap (Geometric)","USA Gear","FBM","Industrial & Scientific",247384,637836598205,"N/A",0637836598205,"N/A","Thermal Imagers",149,14.99,9,12,4,-81,175.27,52.57,349,4.7,"Dharma Electronics","USA",1,413,-14,"Large Standard-Size",1.4,5,6.5,0.15,"N/A","N/A","06/30/2024",99,9,6,0.03
"https://amazon.com/dp/B07DM8DG1B","https://m.media-amazon.com/images/I/6176vtuY8pL._SX450_.jpg","B07DM8DG1B","FLIR ONE Pro LT - High resolution Thermal Imaging Camera for iOS Smartphones (iPhone w/Lightning Port Only)","FLIR","Amazon","Industrial & Scientific",247843,845188017699,07332558015711,7332558015711,"N/A","Thermal Imagers",152,324.14,"N/A",0,0,-115,"-","-",1136,4.4,"Amazon","N/A",1,422,"N/A","Large Standard-Size",2.72,4.13,5.79,0.73,"N/A","N/A","06/30/2024",93,4,2,0
"https://amazon.com/dp/B01I0KUAAQ","https://m.media-amazon.com/images/I/91cuKeEF-qL._SX450_.jpg","B01I0KUAAQ","CASEMATIX Thermal Camera Case Compatible with FLIR One Pro and Gen 3 Thermal Imager Topdon Tc002C Fluke TC01B TC01A Thermal Imaging Cameras for IOS and Android, Waterproof Case Also Fits Cables","CASEMATIX","FBA","Industrial & Scientific",253691,"N/A","N/A","N/A","N/A","Thermal Imagers",153,24.99,-40,11,11,-84,286.18,285.95,571,4.6,"Casematix","USA",2,231,-18,"Large Standard-Size",2.76,7.6,9.09,0.62,96,264.82,"11/30/2024",118,7,0,0.02
"https://amazon.com/dp/B0CKS7TB9C","https://m.media-amazon.com/images/I/51xzwMz0BGL._SX450_.jpg","B0CKS7TB9C","Alltravel Thermal Imager Organizing Silicone Bumper for FLIR ONE EDGE PRO Wireless 160 × 120 IR camera (Black bumper)","Alltravel","FBA","Industrial & Scientific",255492,"N/A","N/A","N/A","N/A","Thermal Imagers",155,16.88,18,9,4,-42,171,80.72,12,4.5,"alltravel","USA",2,194,-38,"Large Standard-Size",1.34,1.69,6.1,0.11,6.95,19.19,"01/31/2025",31,5,2,0.75
"https://amazon.com/dp/B0C6FVBW5S","https://m.media-amazon.com/images/I/51XmX4dxiQL._SX450_.jpg","B0C6FVBW5S","Alltravel Thermal Imager Organizing Case compatible with FLIR ONE EDGE PRO Wireless 160 × 120 IR camera (Black)","Alltravel","FBA","Industrial & Scientific",255752,"N/A","N/A","N/A","N/A","Thermal Imagers",155,16.99,-34,9,5,-42,171,89.95,12,4.5,"alltravel","USA",1,194,-38,"Large Standard-Size",2.01,2.64,6.85,0.18,18.3,50.48,"01/31/2025",35,6,2,0.75
"https://amazon.com/dp/B0BBVN1T29","https://m.media-amazon.com/images/I/71REOr3JdhL._SX450_.jpg","B0BBVN1T29","UNI-T UTi260B Thermal Camera with Macro Lens, Infrared Cameras Thermal Imaging Camera 256x192 IR Resolution Thermal Imager 49152Pixels 7 Palettes 25 Hz Refresh Rate, IP65 2-Meter Drop, 2.8"" LCD","UNI-T","FBA","Industrial & Scientific",256204,"N/A","N/A","N/A","N/A","Thermal Imagers",156,514.99,-26,7,1,32,1814.65,612.79,13,3.8,"UNI-T Direct","China",1,127,-40,"Large Standard-Size",3.82,5.87,10.71,1.96,120.91,333.55,"11/30/2024",44,9,5,0.51
"https://amazon.com/dp/B0DBJHC5FZ","https://m.media-amazon.com/images/I/51uffyXlpRL._SX450_.jpg","B0DBJHC5FZ","AGM Global Vision Rattler-C V2 19-256 Thermal Imaging Clip-On 20mK, 12 Micron Thermal Detector, 256x192 (50 Hz) Resolution, 19mm Lens. Thermal Clip-On System Quick Day Optic Conversion","AGM Global Vision","FBM","Industrial & Scientific",256252,810027771841,"N/A",0810027771841,"N/A","Thermal Imagers",157,895,-10,26,12,-30,43997.35,10754.64,17,3.9,"EuroOptic (✅ Authorized Dealer ✅ Fastest Shipping)","USA",9,384,"N/A","Large Standard-Size",5.31,11.42,14.8,5.71,"N/A","N/A","10/31/2025",54,5,3,1.52
"https://amazon.com/dp/B0DBJT2XN9","https://m.media-amazon.com/images/I/61PCCPtMrOL._SX450_.jpg","B0DBJT2XN9","AGM Global Vision Rattler-C V2 35-384 Thermal Imaging Clip-On 20mK, 12 Micron Thermal Detector, 384x288 (50 Hz) Resolution, 35mm Lens Thermal Clip-On System Quick Day Optic Conversion","AGM Global Vision","FBM","Industrial & Scientific",256360,810164390158,"N/A",0810164390158,"N/A","Thermal Imagers",157,1995,-14,26,10,-30,43997.35,19711.55,17,3.9,"Focus Camera LLC","USA",6,384,"N/A","Large Standard-Size",5.5,11.25,15,2.9,"N/A","N/A","10/31/2025",54,5,3,1.52
"https://amazon.com/dp/B0CY2JX8Y2","https://m.media-amazon.com/images/I/612wyJyg0+L._SX450_.jpg","B0CY2JX8Y2","UNI-T UTi712S Infrared Thermal Camera 120x90 IR Resolution Thermal Imager 10800 Pixels,Handheld Thermal Imaging Camera, Supports 5 Languages IP54 Rechargeable 32GB MicroSD","UNI-T","FBA","Industrial & Scientific",256473,"N/A","N/A","N/A","N/A","Thermal Imagers",156,219.99,-14,7,2,32,1814.65,360.44,128,4.2,"UNI-T Direct","China",2,127,-40,"Large Standard-Size",9.65,5.8,3.54,1.21,99.75,275.19,"11/30/2024",26,7,5,0.05
"https://amazon.com/dp/B09P8BL7CW","https://m.media-amazon.com/images/I/61YWLMxHQFL._SX450_.jpg","B09P8BL7CW","UNI-T UTi120S Infrared Thermal Camera 120x90 IR Resolution Handheld Thermal Imaging Camera 10800 Pixels,Thermal Imager,2 Meter Drop Durability IP54 Rechargeable 16GB MicroSD","UNI-T","FBA","Industrial & Scientific",256473,"N/A","N/A","N/A","N/A","Thermal Imagers",156,219.99,-16,7,4,32,1814.65,841.12,56,4.2,"UNI-T Direct","China",2,127,-40,"Large Standard-Size",3.7,5.82,9.92,1.17,107.55,296.69,"11/30/2024",52,9,5,0.12
"https://amazon.com/dp/B0F99PGLKX","https://m.media-amazon.com/images/I/81FQnOA3OUL._SX450_.jpg","B0F99PGLKX","Teslong Thermal Camera with Visual Camera TTM260, Super Resolution 512 x 384, 25 HZ Infrared Imager, -4°F~1022°F Range Thermal Imager, 256 x 192 IR Resolution Thermal Camera, 3.2"" LCD Screen","Teslong","FBA","Industrial & Scientific",257322,"N/A","N/A","N/A","N/A","Thermal Imagers",157,299.99,-10,10,10,-77,2545.16,2545.06,16,3.8,"Teslong","China",1,0,"N/A","Large Standard-Size",3.9,5.98,10.91,1.7,128.1,353.39,"08/31/2025",9,7,0,0.64
"https://amazon.com/dp/B0CZ6MR1HG","https://m.media-amazon.com/images/I/51cz-KR88SL._SX450_.jpg","B0CZ6MR1HG","HT-A10 Thermal Imaging Camera - Precision Vision with 256x192 IR Resolution, Enhanced 3.5"" Color LCD Screen, WiFi Wireless Connectivity, Versatile 5 Color Palettes, Sleek Handheld Design","Hti-Xintai","FBA","Industrial & Scientific",257844,767461171129,"N/A",0767461171129,"N/A","Thermal Imagers",158,257.99,-36,4,4,-44,925.34,925.19,6,3.5,"XT Instrument","China",1,36,"N/A","Large Standard-Size",5,6.57,12.83,3.37,212.2,585.37,"07/31/2024",25,7,0,0.6
"https://amazon.com/dp/B0D4VZ4FST","https://m.media-amazon.com/images/I/21E2vyv3WdL._SX450_.jpg","B0D4VZ4FST","Pulsar Axion XQ30 Pro Thermal Monocular, 384x288 17 µm Sensor, 2-8x Magnification, Long Range Monocular for Hunting","Pulsar","FBA","Industrial & Scientific",259072,840284901514,00840284901514,0840284901514,"N/A","Thermal Imagers",159,1490.74,-1,10,3,,14725.3,4449.69,13,5,"Sukopiuz LLC.","USA",11,0,"N/A","Large Standard-Size",4.37,4.65,11.22,1.68,114.69,316.39,"04/30/2026",23,7,4,0.78
"https://amazon.com/dp/B0BG74V93J","https://m.media-amazon.com/images/I/418EgiTJ1wL._SX450_.jpg","B0BG74V93J","Seek Thermal InspectionCAM – High-Resolution Thermal Camera | 320 x 240 Resolution | -40°C to 330°C Temp Range | Precise Diagnosis & Analysis for Electronic Components with Adjustable Lens","Seek Thermal","FBM","Industrial & Scientific",261180,"N/A",00859356006286,"N/A","N/A","Thermal Imagers",159,599,-9,3,3,,1805.18,1805.15,"N/A","N/A","Seek Thermal","USA",1,15,88,"Large Standard-Size",5.63,3.94,2.09,0.46,"N/A","N/A","09/30/2025",43,5,0,"N/A"
"https://amazon.com/dp/B0FP1FQMYM","https://m.media-amazon.com/images/I/4104QUYnHXL._SX450_.jpg","B0FP1FQMYM","TESMEN TKA-6000 Thermal Camera, Handheld Thermal Imaging Camera, 240 x 240 TISR Resolution, Range -4°F~1022°F, 25 Hz Infrared Camera, Ultra-Sensitive 40mK, Live Tracking for HVAC & Home Inspection","TESMEN","-","Industrial & Scientific",262218,"N/A","N/A","N/A","N/A","Thermal Imagers",164,149.99,"N/A",0,0,,"-","-","N/A","N/A",,"N/A",1,0,"N/A","Large Standard-Size",4.09,6.34,10.67,1.74,"N/A","N/A","-",0,"N/A",0,"N/A"
"https://amazon.com/dp/B0GF84TNTZ","https://m.media-amazon.com/images/I/41PHAvUFa1L._SX450_.jpg","B0GF84TNTZ","TRYSEEKON TIOP01-HK – Thermal Camera for Android (Type-C), 32×32 IR, -4°F to 1832°F, 10g Ultra Light – Plug & Play for Home & DIY","TRYSEEKON","FBA","Industrial & Scientific",265138,"N/A","N/A","N/A","N/A","Thermal Imagers",167,59.99,"N/A",6,6,,355.72,355.65,"N/A","N/A","ZCHK","N/A",1,0,"N/A","Large Standard-Size",4.02,4.02,1.3,0.13,10.55,29.1,"03/31/2026",4,9,0,"N/A"
"https://amazon.com/dp/B0BHNYZ4QP","https://m.media-amazon.com/images/I/51jfhgoEw0L._SX450_.jpg","B0BHNYZ4QP","Macro Lens for UNI-T UTi260b Thermal Imaging Camera, UNI-T Thermal Camera Macro Lens UT-Z002 for UTi260B / UTi260A / UTi120B / UTi165B","UNI-T","FBA","Industrial & Scientific",265303,"N/A","N/A","N/A","N/A","Thermal Imagers",166,49.99,-29,7,7,36,340.26,340.19,6,5,"UNI-T Direct","China",2,61,-26,"Large Standard-Size",1.3,4.49,6.57,0.09,19.3,53.25,"09/30/2024",43,6,0,1.13
"https://amazon.com/dp/B0FMDJVN2G","https://m.media-amazon.com/images/I/71+h6C6hMML._SX450_.jpg","B0FMDJVN2G","BSIDE Thermal Camera Multimeter Date Recorder with Macro Lens, 320x320 IR Resolution with 15 Thermal Palettes, 20000 Counts with 3.98"" Touch LCD, Measures Cap Amp Temp Diode for PCB Circuit Break DIY","BSIDE","FBA","Industrial & Scientific",266093,"N/A","N/A",6933540318240,"N/A","Thermal Imagers",162,199.99,-64,8,12,,1332.16,2016.04,1,5,"Measuring Instruments","China",1,0,"N/A","Large Standard-Size",8.58,4.88,1.89,1.06,39.87,109.97,"03/31/2026",9,9,0,8.22
"https://amazon.com/dp/B0FSZJ3947","https://m.media-amazon.com/images/I/71zqO0DjOFL._SX450_.jpg","B0FSZJ3947","Thermal Camera Water/Air Leak Detector Imager, AIOMEST Infrared Imaging Gun w/ 512x384 TISR Resolution, PC 2D/3D Analysis, 2MP Camera, Temperature Heat -4°F to 1022°F for Wall Moisture HVAC Inspection","AIOMEST","FBA","Industrial & Scientific",269569,"N/A","N/A","N/A","N/A","Thermal Imagers",171,399.99,-41,1,1,-122,457.19,457.17,"N/A","N/A","AIOMEST-US","China",1,0,"N/A","Large Standard-Size",7.09,3.54,1.97,0.66,24.89,68.65,"01/31/2026",7,7,0,"N/A"
"https://amazon.com/dp/B0GWQB3M3Q","https://m.media-amazon.com/images/I/81E0yIjxA3L._SX450_.jpg","B0GWQB3M3Q","Wudingyun Thermal Imager Night Vision Scope, Built-in 256 * 192 Resolution Infrared Scope with Crosshair for Hunting, 1.6'' 360 * 320 TISR Touch Screen for Handguns","Wudingyun","-","Industrial & Scientific",271862,760784867205,"N/A",0760784867205,"N/A","Thermal Imagers",169,999,-100,2,2,,1998,1997.99,"N/A","N/A",,"N/A",1,0,"N/A","N/A",7.5,3.9,3,"N/A","N/A","N/A","04/30/2026",1,"N/A",0,"N/A"
"https://amazon.com/dp/B0CQ88RWGN","https://m.media-amazon.com/images/I/518NuaNNFkL._SX450_.jpg","B0CQ88RWGN","ShortCam Thermal Imaging Analyzer,PCB Infrared Camera,PCB Circuit Board Fault Diagnostic Temperature Desktop Thermal Camera","LAUREII","FBA","Industrial & Scientific",272611,"N/A","N/A","N/A","N/A","Thermal Imagers",165,499,12,4,1,257,1805.02,708.26,2,5,"Laureii Direct","China",1,54,"N/A","Large Standard-Size",2.99,8.9,8.94,3.59,119.78,330.42,"11/30/2024",27,7,2,2.09
"https://amazon.com/dp/B0DP9M74FN","https://m.media-amazon.com/images/I/6143T7ZbstL._SX450_.jpg","B0DP9M74FN","ShortCam III Thermal Imaging Camera Solution,PCB Thermal Imaging Analyzer,256 * 192 IR Resolution 4K HDMI Display,Targeted for PCB Circuit Board Fault Diagnostic and Electronic Devices Inspection","LAUREII","FBA","Industrial & Scientific",272631,"N/A","N/A","N/A","N/A","Thermal Imagers",165,399,-42,4,3,257,1805.02,1096.64,3,3.1,"Laureii Direct","China",1,54,"N/A","Large Standard-Size",9.1,9.1,3.15,3.5,131.33,362.29,"11/30/2024",17,9,2,1.39
"https://amazon.com/dp/B0DZ1RF28R","https://m.media-amazon.com/images/I/718NZvSL5eL._SX450_.jpg","B0DZ1RF28R","BSIDE Thermal Imaging Camera 240×240 Resolution 15 Color Palettes Infrared Thermal Camera -4°F to 1022°F 25Hz Rechargeable Handheld Thermal Imager with Laser Pointer 50°FOV for Home Inspection HVAC","MAXRIENY","FBA","Industrial & Scientific",273086,"N/A","N/A",6933540317861,"N/A","Thermal Imagers",170,99.99,-2,9,9,-78,874.54,874.38,48,4.1,"MAXRIENY","China",1,291,"N/A","Large Standard-Size",2.64,4.8,8.54,0.93,54.5,150.34,"09/30/2025",14,9,0,0.18
"https://amazon.com/dp/B0GXZ5QZBT","https://m.media-amazon.com/images/I/51UFZbpbYpL._SX450_.jpg","B0GXZ5QZBT","Equine Thermal Imaging Camera – Detect Inflammation & Hidden Heat Issues in Horses, Handheld Infrared Camera for Horse Health, 240×240 Enhanced Resolution, Thermal Camera for Home Inspection","Amouu","-","Industrial & Scientific",273665,"N/A","N/A","N/A","N/A","Thermal Imagers",171,266,"N/A",5,5,,1330,1329.97,"N/A","N/A",,"N/A",1,0,"N/A","N/A","N/A","N/A","N/A","N/A","N/A","N/A","-",0,"N/A",0,"N/A"
"https://amazon.com/dp/B0BC125VTQ","https://m.media-amazon.com/images/I/613fG0HcLML._SX450_.jpg","B0BC125VTQ","UNI-T Thermal Camera Android USB-C 256x192 IR High Resolution Infrared Cameras Thermal Imaging Camera for Smartphones, Thermal Imager 7 Palettes 25Hz Refresh Rate 49152 Pixels, Video Record, UTi260M","UNI-T","FBA","Industrial & Scientific",275442,"N/A","N/A","N/A","N/A","Thermal Imagers",174,299.99,-39,1,0,-96,438.52,"-",3,3.2,"UNI-T Direct","China",1,82,24,"Large Standard-Size",2.01,3.98,4.8,0.35,19.33,53.33,"10/31/2024",44,7,4,0.47
"https://amazon.com/dp/B0CP2F47JW","https://m.media-amazon.com/images/I/61DxFUaTsvL._SX450_.jpg","B0CP2F47JW","Thermal Imaging Camera 256x192 IR Resolution Handheld Infrared WiFi Thermal Camera 3.5"" Screen with Analysis Software, Thermal Camera Home Inspection,Thermal viewer,Thermal Vision","YWYLL","FBM","Industrial & Scientific",277542,"N/A","N/A","N/A","N/A","Thermal Imagers",167,329,-22,3,3,-107,806.39,806.33,13,4.8,"shenzhenshijinmanxiukejiyouxiangongsi","China",1,70,-28,"Large Standard-Size",4.57,6.61,12.52,2.43,"N/A","N/A","03/31/2025",29,6,0,0.24
"https://amazon.com/dp/B0DT759N6K","https://m.media-amazon.com/images/I/51AzLjqsaVL._SX450_.jpg","B0DT759N6K","Finder S2 Thermal Camera Andriod,512x384 Super Resolution,256x192 IR Resolution Thermal Imaging Camera,Thermal Imager for Andriod Phones and Tablets,Carrying Case,USB-C(not for iPhone15/16)","HSFTOOLS","FBA","Industrial & Scientific",279207,"N/A","N/A","N/A","N/A","Thermal Imagers",169,199,-29,8,8,-42,1610.7,1610.59,52,3.9,"HSFTOOLS Direct","Vietnam",1,351,"N/A","Large Standard-Size",2.72,4.84,6.89,0.79,45.67,125.98,"04/30/2025",15,9,0,0.16
"https://amazon.com/dp/B0B5X99YQP","https://m.media-amazon.com/images/I/71M6ade-IHL._SX450_.jpg","B0B5X99YQP","SupplySource Power Charger Adapter Replacement for EXTECH FLIR i3 i5 i7 Thermal Imaging Camera","SupplySource","FBM","Industrial & Scientific",280622,"N/A","N/A","N/A","N/A","Thermal Imagers",170,9.99,-48,5,5,,45.87,45.76,1,5,"Power Supply Source","China",1,24,"N/A","N/A","N/A","N/A","N/A","N/A","N/A","N/A","03/31/2026",46,4,0,4.6
"https://amazon.com/dp/B0F7XY45S2","https://m.media-amazon.com/images/I/71CkQPsMF1L._SX450_.jpg","B0F7XY45S2","BSIDE Thermal Imaging Camera Multimeter with Macro Lens, 320x320 IR Resolution with 15 Thermal Palettes, 20000 Counts with 3.98"" Touch LCD, Measures Cap, AC Clamp, Temp Diode for Electrical Electronic","BSIDE","FBA","Industrial & Scientific",280662,"N/A","N/A",6933540318042,"N/A","Thermal Imagers",171,199.99,18,8,12,,1332.16,2445.45,6,4.8,"Measuring Instruments","China",1,0,"N/A","Large Standard-Size",2.87,6.65,11.38,1.17,109.35,301.66,"03/31/2026",12,9,0,1.37
"https://amazon.com/dp/B0G7FR32PY","https://m.media-amazon.com/images/I/61bh-wTdhZL._SX450_.jpg","B0G7FR32PY","Thermal Master T2 Max - Birdwatching Thermal Camera for Android, 512x384 Super Resolution Thermal Monocular with 50Hz, 15mm Manual Lens, 15x Digital Zoom, 25mK NETD, Wildlife Observation, Black","Thermal Master","FBA","Industrial & Scientific",280891,"N/A","N/A","N/A","N/A","Thermal Imagers",169,399,-35,2,2,-29,982.95,982.91,2,4.5,"Thermal Master Official","China",1,0,"N/A","Large Standard-Size",9.7,8.2,3.6,2,144.17,397.7,"01/31/2026",4,7,0,1.23
"https://amazon.com/dp/B0DWZY118Y","https://m.media-amazon.com/images/I/91NZN3VNoFL._SX450_.jpg","B0DWZY118Y","CaseSack thermal imager case for HSFTOOLS HF96, HF96V Thermal Camera","CaseSack","FBA","Industrial & Scientific",282164,"N/A","N/A","N/A","N/A","Thermal Imagers",172,18.99,72,4,4,280,69.91,69.8,1,4,"Casesack","Hong Kong",1,32,"N/A","Large Standard-Size",7.5,3.5,2.5,0.18,33.04,91.15,"08/31/2025",15,5,0,3.68
"https://amazon.com/dp/B0G7Z3X5M4","https://m.media-amazon.com/images/I/71PVG7GGbML._SX450_.jpg","B0G7Z3X5M4","USB-C Thermal Imaging Camera for Android, Plug-and-Play Infrared Imager, TISR 240×240 & 25Hz Smooth Scan, -4°F to 1022°F, Pocket-Sized Tool for Water Leak Detection, HVAC, Electrical & DIY Inspection","ANXTECH","FBA","Industrial & Scientific",283510,773542075255,"N/A",0773542075255,"N/A","Thermal Imagers",174,139.99,43,5,5,,697.24,705.79,3,5,"ANXTECH","China",1,0,"N/A","Large Standard-Size",1.85,3.62,3.7,0.26,12.48,34.42,"04/30/2026",4,9,2,1.62
"https://amazon.com/dp/B0DLG3N8RW","https://m.media-amazon.com/images/I/51KVtBXEStL._SX450_.jpg","B0DLG3N8RW","ANCEL IR101 Thermal Camera Extension Convert Cable – Light*ning to Type-C Port Adapter Compatible with iPhone iOS Devices(for iPhone 15 16 and Obove)","ANCEL","FBA","Industrial & Scientific",285117,"N/A","N/A","N/A","N/A","Thermal Imagers",175,19.99,"N/A",13,13,-58,266.25,266,5,5,"Toptool US","China",1,210,"N/A","Large Standard-Size",1.9,1.1,0.8,0.02,0.84,2.32,"06/30/2025",18,1,0,2.67
"https://amazon.com/dp/B0FJBPK3Q7","https://m.media-amazon.com/images/I/71-cphq6yqL._SX450_.jpg","B0FJBPK3Q7","Thermal Master Thermal Camera for Android, X2 Thermal Night Vision Monocular for Phone, 950-Yard Detection Range, 512×384 X³ IR Resolution, 50Hz, Thermal Scope for Wilderness Rescue","Thermal Master","FBA","Industrial & Scientific",287377,"N/A","N/A","N/A","N/A","Thermal Imagers",178,399,-36,0,0,-115,"-","-",1,5,"Thermal Master Official","China",1,0,"N/A","Large Standard-Size",9.5,8,3.5,2.25,133.92,369.44,"10/31/2025",9,5,3,0.49
"https://amazon.com/dp/B0DB86L949","https://m.media-amazon.com/images/I/81G0QtKOfsL._SX450_.jpg","B0DB86L949","BSIDE Thermal Imaging Camera 240 x 240 Resolution Handheld Infrared Camera, 15 Thermal Palettes with 320 x 240 Full-Viewing TFT LCD for Home Inspection HVAC Electrical, 25Hz Refresh Rate, -4℉~1022℉","BSIDE","FBA","Industrial & Scientific",289799,"N/A","N/A",6933540317007,"N/A","Thermal Imagers",181,119.99,14,4,4,-123,450.15,449.99,41,4.3,"Measuring Instruments","China",1,0,"N/A","Large Standard-Size",2.95,3.98,9.09,1.06,53.73,148.23,"11/30/2025",21,9,0,0.03
"https://amazon.com/dp/B099KBHMZF","https://m.media-amazon.com/images/I/517FyHSQP7S._SX450_.jpg","B099KBHMZF","UNI-T Thermal Camera, Android USB-C MicroUSB, Infrared Camera Thermal Imager for Smartphones - UTi120Mobile, 120x90 IR Resolution All-Purpose Pro-Grade with App Extension Cord, 2Meter Drop Durability","UNI-T","FBA","Industrial & Scientific",305735,"N/A","N/A",6935750512616,"N/A","Thermal Imagers",183,195.99,19,1,1,-96,438.52,128.45,37,4.4,"UNI-T Direct","China",2,82,24,"Large Standard-Size",2.01,3.98,4.69,0.43,18.83,51.95,"10/31/2024",58,8,4,0.04
"https://amazon.com/dp/B0CRYXD7Z2","https://m.media-amazon.com/images/I/41N8zhwxUKL._SX450_.jpg","B0CRYXD7Z2","HT-203U Thermal Camera for USB-C Android, 512x384 Super Resolution with 256x192 IR Sensor, -4°F~1022°F, 50Hz Real-Time Temperature Alarm, Fully Adjustable Focus","Hti-Xintai","FBA","Industrial & Scientific",308731,767461171327,"N/A",0767461171327,"N/A","Thermal Imagers",186,175.99,-6,8,8,11,1490.33,1490.27,93,4.3,"XT Instrument","China",1,299,10,"Large Standard-Size",2.44,4.13,6.97,0.42,35.4,97.66,"11/30/2025",28,9,0,0.09
"https://amazon.com/dp/B0F312VWW3","https://m.media-amazon.com/images/I/51mKJBY1ubL._SX450_.jpg","B0F312VWW3","MLX90640 Thermal Imaging Camera, 32x24 IR Sensor Array for Raspberry Pi, HVAC, Fire Detection – Low Power, High Accuracy, I2C Interface","LLidgermal","FBA","Industrial & Scientific",313881,"N/A","N/A","N/A","N/A","Thermal Imagers",194,66.3,-28,17,17,13,1092.82,1092.7,1,4,"thinlight","China",2,0,"N/A","Large Standard-Size",4.72,2.76,1.18,0.18,7.74,21.35,"02/28/2026",13,9,0,16.51
"https://amazon.com/dp/B0C8T3NGQ2","https://m.media-amazon.com/images/I/61Sk+9YtDLL._SX450_.jpg","B0C8T3NGQ2","CUSBON TI1 Thermal Imaging Camera Android, 120 x 90 IR Resolution Thermal Imager with 0.1°C Temp Resolution, -20°C~400°C Temp Range< 60mk Heat Sensitivity, Video Recording (Android USB-C)","CUSBON","FBA","Industrial & Scientific",315096,"N/A","N/A","N/A","N/A","Thermal Imagers",189,79.99,"N/A",6,6,-59,601.34,601.21,6,3.5,"TMNK-EU","China",1,0,"N/A","Large Standard-Size",1.93,3.94,4.76,0.42,18.22,50.27,"06/30/2025",14,7,2,1.04
"https://amazon.com/dp/B09BKZGHW9","https://m.media-amazon.com/images/I/61yI6-H7eOL._SX450_.jpg","B09BKZGHW9","UNI-T Rechargeable Thermal Imager 10800 Pixels 120x90 IR Resolution Infrared Camera Thermal Imaging 3 Color Palettes -4~752℉/-20~400℃ CE 1 Meter Drop Durability 2.4” Screen 16GB MicroSD UTi120P","UNI-T","FBM","Industrial & Scientific",316689,"N/A","N/A","N/A","N/A","Thermal Imagers",191,584.5,61,1,0,-96,438.52,"-",83,4.2,"UNI-T Direct","China",1,82,24,"Large bulky",12.2,10.2,9.17,1.23,"N/A","N/A","10/31/2024",57,7,4,0.02
"https://amazon.com/dp/B08PNT3PXK","https://m.media-amazon.com/images/I/61Mx21bda2S._SX450_.jpg","B08PNT3PXK","UNI-T UTi260B Thermal Camera Imager 49152Pixels 256x192 IR Resolution Handheld Infrared Camera Thermal Imaging IP65 2 Meter Drop Rechargeable","UNI-T","FBA","Industrial & Scientific",316689,"N/A","N/A","N/A","N/A","Thermal Imagers",191,483.99,-22,1,0,-96,438.52,"-",43,4.3,"UNI-T Direct","China",3,82,24,"Large Standard-Size",3.78,5.83,10.67,1.92,118.39,326.58,"10/31/2024",65,9,4,0.03
"https://amazon.com/dp/B08TCHSL3K","https://m.media-amazon.com/images/I/41Ck5GR0XXL._SX450_.jpg","B08TCHSL3K","AGM Global Vision Taipan TM19-384 Thermal Monocular for Hunting 384x288 (50 Hz) Thermal Imaging, Heat Vision, Infrared, IR for Night Hunting and Wildlife Observation","AGM Global Vision","Amazon","Industrial & Scientific",317292,810027778079,"N/A",0810027778079,"N/A","Thermal Imagers",192,1607.18,"N/A",7,0,-92,10919.56,"-",877,4.3,"Amazon","N/A",1,3071,"N/A","Large Standard-Size",3.5,5.67,8.62,1.85,"N/A","N/A","07/31/2025",63,4,5,0.01
"https://amazon.com/dp/B0FQJDLBFC","https://m.media-amazon.com/images/I/61HzwyK17EL._SX450_.jpg","B0FQJDLBFC","WatangTech Thermal Imaging Camera MLX90640-D110, 32x24 IR Array, I2C Interface, for Raspberry Pi/Arduino/STM32, -40°C to 300°C Range, 110° FOV,Suitable for Industrial, Home, Scientific Research, etc.","WatangTech","FBA","Industrial & Scientific",317809,"N/A","N/A","N/A","N/A","Thermal Imagers",193,66.3,8,6,6,-35,431,430.93,"N/A","N/A","WatangTech","China",2,0,"N/A","Large Standard-Size",3.15,2.76,1.18,0.08,5.17,14.25,"02/28/2026",8,9,0,"N/A"
"https://amazon.com/dp/B0FX972F3W","https://m.media-amazon.com/images/I/71VpvgqAu+L._SX450_.jpg","B0FX972F3W","REVASRI Thermal Camera for iOS and Android, 512×384 Super IR Resolution Thermal Imaging Camera, -4℉ to 842℉ Temp Range, Compatible with USB-C iOS & Android Device","REVASRI","FBA","Industrial & Scientific",318799,"N/A","N/A","N/A","N/A","Thermal Imagers",191,207.99,-37,9,9,-121,1813.89,1813.76,72,4.2,"EASY RANGE","China",1,0,"N/A","Large Standard-Size",2.09,4.02,4.02,0.31,17,46.91,"01/31/2026",6,8,0,0.13
"https://amazon.com/dp/B0DPL2FCX6","https://m.media-amazon.com/images/I/61KDBhIM5SL._SX450_.jpg","B0DPL2FCX6","FOXWELL USB-C Male to USB-C Female Extender Adapter for Android Phones with Thick Cases, Compatible with The Android Version of Foxwell RT100 Thermal Imaging Camera for Flexible Inspection","FOXWELL","FBA","Industrial & Scientific",319453,"N/A","N/A","N/A","N/A","Thermal Imagers",195,13.49,-3,1,1,-25,16.62,16.58,3,3.5,"Foxwell US","China",1,40,"N/A","Small Standard-Size",0.43,4.02,5.71,0.04,4.97,13.71,"01/31/2025",17,4,0,0.41
"https://amazon.com/dp/B0DKDSKNDL","https://m.media-amazon.com/images/I/71pPV6msSsL._SX450_.jpg","B0DKDSKNDL","AMPBANK H128 Handheld Thermal Camera, 240 x 240 TISR Resolution, 24h Battery Life Thermal Imaging Camera, 25 Hz Infrared Camera with Temperature Alarm, -4℉~ 842℉ Temp Range, IP65 Protection Level","AMPBANK","FBM","Industrial & Scientific",319800,"N/A","N/A","N/A","N/A","Thermal Imagers",194,294.99,65,7,7,,1829.79,1829.68,45,4.3,"Selvanelle USA","N/A",3,37,"N/A","Large Standard-Size",3.07,8.07,10.51,1.1,"N/A","N/A","02/28/2025",17,7,0,0.14
"https://amazon.com/dp/B0BVTFFJW4","https://m.media-amazon.com/images/I/61+uXtOr+2L._SX450_.jpg","B0BVTFFJW4","256X192 Higher IR Resolution HT-18+ Handheld Thermal Camera from HTI -18 Newest Update, IR Resolution Improved to 256x192 with 25 HZ, 300,000 Pixels, Easy to Read 3.2"" Color Display, Includes Battery","Hti-Xintai","FBA","Industrial & Scientific",324727,767461171198,"N/A",0767461171198,"N/A","Thermal Imagers",195,243.99,"N/A",1,1,-109,340.7,340.66,248,4.4,"XT Instrument","China",1,190,-79,"Large Standard-Size",4.49,7.36,10.79,2.43,179.52,495.24,"04/30/2024",39,9,0,0.01
"https://amazon.com/dp/B0DX49SG1F","https://m.media-amazon.com/images/I/814izxBvGFL._SX450_.jpg","B0DX49SG1F","CaseSack Thermal Imager case for THIKMICRO B01, B10, B20 Thermal Camera 320 x 240 Super IR","CaseSack","FBM","Industrial & Scientific",327676,"N/A","N/A","N/A","N/A","Thermal Imagers",197,20.99,-11,1,1,-100,17.35,17.32,1,5,"Casesack","Hong Kong",1,40,"N/A","Large Standard-Size",9.5,4.5,3.5,0.24,"N/A","N/A","11/30/2025",15,6,0,0.83
"https://amazon.com/dp/B0G3PG37QJ","https://m.media-amazon.com/images/I/31Zu02E1DyL._SX450_.jpg","B0G3PG37QJ","TOPDON Lightning Adapter for iPhone 14 and Older, USB-C to USB-C Adapter for iPhone 15 and Newer, Specially Designed for TC002C and TC002C Duo Thermal Imaging Camera","TOPDON","FBA","Industrial & Scientific",329058,"N/A","N/A","N/A","N/A","Thermal Imagers",202,20.99,11,7,7,,136.66,136.52,"N/A","N/A","TOPDON Authorized","China",1,0,"N/A","Small Standard-Size",0.47,5.55,5.55,0.02,7.29,20.11,"02/28/2026",5,3,0,"N/A"
"https://amazon.com/dp/B0BZR5KNT8","https://m.media-amazon.com/images/I/71ksNSTFGoL._SX450_.jpg","B0BZR5KNT8","TOPDON TC002 Thermal Imaging Camera for iOS, 512 x 384 Super Resolution, 256x192 IR High Resolution, Thermal Imager with Secondary Analysis, Infrared Test Report, Temp Alarm, -4°F~1022°F TEM Range","TOPDON","FBA","Industrial & Scientific",330407,850050886778,"N/A",0850050886778,"N/A","Thermal Imagers",200,319,-16,5,5,122,1092.5,1092.46,62,4.6,"Topdononline","China",1,0,"N/A","Large Standard-Size",1.89,4.21,7.4,0.49,29.64,81.78,"11/30/2025",37,9,0,0.08
"https://amazon.com/dp/B0FB74Z45F","https://m.media-amazon.com/images/I/811wUrAcwSL._SX450_.jpg","B0FB74Z45F","Triplett IRTC500 Compact Thermal Imaging Camera with 2.8"" Color Display","Triplett","FBM","Industrial & Scientific",331837,614395005757,"N/A",0614395005757,"N/A","Thermal Imagers",202,488.96,-33,2,1,40,1129.19,255.1,2,5,"Test Equipment Depot","USA",4,0,"N/A","Large Standard-Size",14,7,12,0.7,"N/A","N/A","05/31/2025",11,5,5,1.19
"https://amazon.com/dp/B0FS43Y4YP","https://m.media-amazon.com/images/I/31SvfoGs3jL._SX450_.jpg","B0FS43Y4YP","Thermal Camera Fpv 256/384/640 9MM Thermal Imaging Camera For FPV Drones With CVBS Interface Micro Imager Module(256X192 9mm CVBS)","YZQMGCXG","FBM","Industrial & Scientific",337281,"N/A","N/A",3056632086346,"N/A","Thermal Imagers",200,221.77,-32,4,4,,896.19,896.11,2,5,"yupengshangdian","N/A",3,0,"N/A","N/A","N/A","N/A","N/A","N/A","N/A","N/A","03/31/2026",6,6,0,2.03
"https://amazon.com/dp/B0FBQR18F8","https://m.media-amazon.com/images/I/31rW6cdF3oL._SX450_.jpg","B0FBQR18F8","Aicevoos R20 Handheld Thermal Camera, Super Resolution 240 x 240, Thermal Imaging Camera with Laser Pointer, 96 x 96 IR Resolution, 25 HZ Infrared Camera, -4°F to 1022°F, 50° FOV, Thermal Imager","Aicevoos","FBA","Industrial & Scientific",342898,"N/A","N/A","N/A","N/A","Thermal Imagers",204,99.99,-37,7,7,-13,709.08,708.9,67,3.9,"Aicevoos","China",1,0,"N/A","Large Standard-Size",3.62,5.2,10.24,1.5,97.05,267.72,"10/31/2025",11,7,0,0.11
"https://amazon.com/dp/B0FJ7ZQNHQ","https://m.media-amazon.com/images/I/61Od9bx7hLL._SX450_.jpg","B0FJ7ZQNHQ","BTMETER Thermal Camera - Infrared Temperature Imager 200,000 Pixels with 256 x 192 IR Resolution 25Hz, 8G Image Storage Measure Temp -4°F~1022°F, 56° FOV Thermal Imaging Camera Gun for HVAC","BTMETER","FBA","Industrial & Scientific",343173,"N/A","N/A","N/A","N/A","Thermal Imagers",205,359.99,-6,3,1,-18,1012.41,395.03,1,5,"bestmeter","China",1,0,"N/A","Large Standard-Size",3.62,5.91,11.06,1.28,119.13,328.64,"08/31/2025",9,8,3,2.73
"https://amazon.com/dp/B0DZD2QFQ1","https://m.media-amazon.com/images/I/71IP-J3N+KL._SX450_.jpg","B0DZD2QFQ1","MLX90641 IR Array Thermal Imaging Camera, 55° Field of View, 16x12 Pixels, I2C Interface, Compatible with Raspberry Pi 5/ 4B/3B+/3B/2B/A+/Zero W/WH/Zero 2 W/Pico 2W/Ar-duino/STM32,etc.","UeeKKoo","FBM","Industrial & Scientific",344688,"N/A","N/A","N/A","N/A","Thermal Imagers",206,53.75,40,1,1,,53.75,53.71,"N/A","N/A","UeeKKoo","China",1,11,"N/A","Small Standard-Size",0.2,0.5,0.2,0.02,"N/A","N/A","09/30/2025",14,7,0,"N/A"
"https://amazon.com/dp/B0DT9P8LRC","https://m.media-amazon.com/images/I/612ISRM-HXL._SX450_.jpg","B0DT9P8LRC","ANCEL IR101 Thermal Imaging Camera, 512x384 IR Resolution Thermal Camera for iPhone iPad (iOS), 25Hz Refresh Rate Thermal Imager with Lightning Port for Home/Pets/HVAC/Engine/Industrial Inspection","ANCEL","FBA","Industrial & Scientific",346884,"N/A","N/A","N/A","N/A","Thermal Imagers",207,319.99,"N/A",5,1,-76,1089.21,301.42,135,4.4,"Toptool US","China",1,150,"N/A","Large Standard-Size",2.09,3.74,5,0.04,19.68,54.28,"06/30/2025",15,9,4,0.04
"https://amazon.com/dp/B0D97BH5SN","https://m.media-amazon.com/images/I/61GujcEdzIL._SX450_.jpg","B0D97BH5SN","ANCEL IR101 Thermal Imaging Camera for Android (USB-C) - 512x384 Super Resolution, 256x192 IR Resolution Thermal Imager, 25Hz Frame Rate, 0.24W Low-Power, -4°F~1022°F Temp Range, Silver","ANCEL","FBA","Industrial & Scientific",346898,"N/A","N/A","N/A","N/A","Thermal Imagers",207,299.99,-2,5,0,-76,1089.21,"-",62,4.1,"Toptool US","China",1,150,"N/A","Large Standard-Size",2.13,3.78,5,0.46,20.23,55.8,"06/30/2025",16,9,4,0.08
"https://amazon.com/dp/B0FG2LDYN6","https://m.media-amazon.com/images/I/61Emum3LvvL._SX450_.jpg","B0FG2LDYN6","BATTIZ Ti SBP3 Battery Replacement for Fluke Ti32, Ti29, Ti27, TiR32 & TiR29 Thermal Imagers - Compatible with P/N 3440365, FLK-TI-SBP3 (3200mAh, 7.2V, 23.04Wh，Li-ion) Thermal Cameras","BATTIZ","FBA","Industrial & Scientific",355819,717206350487,"N/A",0717206350487,"N/A","Thermal Imagers",212,159,-13,6,6,-38,962.77,962.67,9,4.9,"Tiz Electric","China",1,0,"N/A","Large Standard-Size",1.93,2.72,5.51,0.42,14.56,40.17,"02/28/2026",10,7,0,0.67
"https://amazon.com/dp/B08P4D86D7","https://m.media-amazon.com/images/I/31ReduF5jvL._SX450_.jpg","B08P4D86D7","FLIR E54 Advanced Thermal Imaging Camera with 24° Lens, 320x240, -20°C to +650°C","FLIR","FBA","Industrial & Scientific",358102,845188022730,"N/A",0845188022730,"N/A","Thermal Imagers",214,6748.5,-6,9,9,3000,62732.39,62732.32,9,4,"Northwest Selling Solutions","USA",1,69,-24,"Large bulky",7.4,14.4,19.5,12.65,673.4,1683.5,"10/31/2024",65,7,1,1.03
"https://amazon.com/dp/B0BZYNTYQR","https://m.media-amazon.com/images/I/61POnOf488L._SX450_.jpg","B0BZYNTYQR","UNI-T Thermal Imager UTi720A 256x192 Pixels Thermographic Camera Infrared Thermal Camera for Repairs Floor Heating Pipe Testing","UNI-T","FBM","Industrial & Scientific",359294,"N/A","N/A",6935750572054,"N/A","Thermal Imagers",216,319,-36,1,1,33,274.74,274.73,4,3.7,"Test Equipment Depot","USA",3,11,"N/A","Large Standard-Size",3.75,6,10.5,4.41,"N/A","N/A","04/30/2025",37,9,0,0.22
"https://amazon.com/dp/B0DT9NRV38","https://m.media-amazon.com/images/I/61q066xxH0L._SX450_.jpg","B0DT9NRV38","ANCEL IR101 Thermal Camera, 512x384 IR Resolution Thermal Imaging Camera for iPhone iPad (iOS) with Lightning Port, 25Hz Frame Rate Infrared Camera for Home/Pets/Electrical/Industrial/PCB Inspection","ANCEL","FBA","Industrial & Scientific",359439,"N/A","N/A","N/A","N/A","Thermal Imagers",215,199.99,-27,5,2,-76,1089.21,338.41,29,4.5,"Toptool US","China",1,150,"N/A","Large Standard-Size",2.13,3.74,5,0.42,20.05,55.32,"06/30/2025",15,9,4,0.18
"https://amazon.com/dp/B0FMM9H4FH","https://m.media-amazon.com/images/I/5118QWVXWWL._SX450_.jpg","B0FMM9H4FH","FLIR T301002ACC Battery Compatible with iXX, Exx Series Platforms","FLIR","FBA","Industrial & Scientific",361313,845188033484,"N/A",0845188033484,"N/A","Thermal Imagers",216,164,297,7,7,,1136.48,1136.35,1,5,"Northwest Selling Solutions","USA",1,0,"N/A","Large Standard-Size",2.87,5.24,6.34,0.49,48.03,132.49,"03/31/2026",8,3,0,6.99
"https://amazon.com/dp/B0DMSDCKM7","https://m.media-amazon.com/images/I/51-eLCjg4uL._SX450_.jpg","B0DMSDCKM7","ACEGMET TR120E Thermal Imaging Camera, 120 x 90 IR Resolution Handheld Thermal Camera 10800 Pixels, 25 Hz Refresh Rate Thermal Imager with Laser Pointer, 2.4"" LCD Screen, IP54, -4°F~752°F Range","ACEGMET","FBA","Industrial & Scientific",364063,"N/A","N/A","N/A","N/A","Thermal Imagers",217,99.99,"N/A",0,0,-145,"-","-",14,4.1,"ACEGMET","China",1,47,"N/A","Large Standard-Size",3.78,4.25,9.76,1.06,78.94,217.77,"12/31/2024",18,7,0,0
"https://amazon.com/dp/B0FW429PXQ","https://m.media-amazon.com/images/I/71MveQ7197L._SX450_.jpg","B0FW429PXQ","Waveshare Long-Wave IR Thermal Imaging Camera Module, 80 × 62 Pixels IR Array, Motion Detection, SPI and I2C Interfaces Communication, Suitable for Raspberry Pi and Other Development Boards, 44° FOV","waveshare","FBA","Industrial & Scientific",364269,"N/A","N/A","N/A","N/A","Thermal Imagers",218,93.99,-35,6,6,400,528.35,528.17,"N/A","N/A","waveshare","Hong Kong",2,0,"N/A","Small Standard-Size",2.7,1.9,0.6,0.04,1.55,4.28,"03/31/2026",7,6,0,"N/A"
"https://amazon.com/dp/B0DZCJMBCR","https://m.media-amazon.com/images/I/7198WS-n8uL._SX450_.jpg","B0DZCJMBCR","Teslong Thermal Imaging Camera, Super Resolution 240 x 180, 3.2"" LCD Screen Handheld 25 HZ Refresh Rate Infrared Imager, 120 x 90 IR Resolution, Portable Carrying Case ﻿","Teslong","FBA","Industrial & Scientific",364484,"N/A","N/A","N/A","N/A","Thermal Imagers",214,185.99,17,5,5,-110,838.43,838.35,11,4.8,"Teslong","China",1,0,"N/A","Large Standard-Size",3.9,6.06,10.94,1.68,130.18,359.11,"12/31/2025",14,8,0,0.41
"https://amazon.com/dp/B07PBWWF8V","https://m.media-amazon.com/images/I/61+YL+H5iAL._SX450_.jpg","B07PBWWF8V","FLIR E8-XT - Commercial Thermal Imaging Camera with Wifi. High Resolution Infrared Camera with FLIR Ignite Cloud","FLIR","FBA","Industrial & Scientific",364946,845188018801,00845188018801,0845188018801,"N/A","Thermal Imagers",234,3498,"N/A",7,2,,19878.94,5948.63,229,4.7,"Independent Brands","USA",1,0,"N/A","Large Standard-Size",6.3,12.17,14.92,6.33,575.69,1588.12,"03/31/2026",85,2,3,0.03
"https://amazon.com/dp/B0DT9R58K2","https://m.media-amazon.com/images/I/61U4tDWxraL._SX450_.jpg","B0DT9R58K2","Thermal Camera, Native 256x192 IR Resolution, 25Hz Frame Rate, Upgraded Temperature Accuracy, Works for Android (Not for iOS)","SPARKFLY","FBA","Industrial & Scientific",365384,"N/A","N/A","N/A","N/A","Thermal Imagers",217,109.99,-54,4,4,-25,412.75,412.64,8,3.9,"SPARKFLY Gear","China",1,0,"N/A","Large Standard-Size",2.32,3.74,4.76,0.42,20.79,57.36,"07/31/2025",15,7,0,0.47
"https://amazon.com/dp/B0DVBX7XSZ","https://m.media-amazon.com/images/I/81XXYXW8NlL._SX450_.jpg","B0DVBX7XSZ","CASEMATIX Hard Case Compatible with Klein Tools TI290 Rechargeable Pro Thermal Imaging Camera and Klein Tools TI250 Rechargeable Thermal Imager - Includes Waterproof Carry Case Only","CASEMATIX","FBA","Industrial & Scientific",368882,810000063208,"N/A",0810000063208,"N/A","Thermal Imagers",219,16.99,34,0,0,-140,"-","-",2,5,"Casematix","USA",2,12,"N/A","Large Standard-Size",6,4.5,2,1,27.19,75,"01/31/2025",15,7,0,0
"https://amazon.com/dp/B0F2N25DRF","https://m.media-amazon.com/images/I/71u487iuRXL._SX450_.jpg","B0F2N25DRF","Thermal Imaging Camera for Android Smartphones, 160 x 120 IR High Resolution, Portable Thermal Imager with Type-C Port, Infrared Test Report, -4°F~1022°F Temperature Range","MOESAPU","FBA","Industrial & Scientific",370422,768924604390,"N/A",0768924604390,"N/A","Thermal Imagers",221,89.99,-27,1,1,,89.99,89.95,1,1,"BAOSHIAN Electronic","China",2,0,"N/A","Large Standard-Size",1.93,3.58,3.74,0.28,13.01,35.89,"12/31/2025",6,7,1,1
"https://amazon.com/dp/B0D9K7K3X8","https://m.media-amazon.com/images/I/61BvaVJhE8L._SX450_.jpg","B0D9K7K3X8","ANCEL IR101 Thermal Camera, 512x384 IR Resolution Thermal Imaging Camera for Android (USB-C), 25Hz Real-Time Diagnostic Infrared Camera, 0.24W Thermal Imager for Home/PCB Inspection/Automotive Repair","ANCEL","FBA","Industrial & Scientific",372586,"N/A","N/A","N/A","N/A","Thermal Imagers",221,199.99,-34,5,2,-76,1089.21,339.95,49,4.4,"Toptool US","China",1,150,"N/A","Large Standard-Size",2.05,3.78,5,0.49,19.51,53.81,"06/30/2025",21,9,4,0.11
"https://amazon.com/dp/B0FS1V3TL5","https://m.media-amazon.com/images/I/718hp4Z+3lL._SX450_.jpg","B0FS1V3TL5","ZOYI R02 2-in-1 Thermal Imaging Camera with Multimeter, 96X96 IR Resolution, VOx Sensor,50m Long Range, -4°F to 1022°F, 25000 Counts Digital Multimeter for Electrical, HVAC & Industrial Diagnostics","ZOYI","FBA","Industrial & Scientific",376616,"N/A","N/A",9331855677439,"N/A","Thermal Imagers",224,145.99,-35,9,9,-4,1255.38,1255.27,3,5,"ZOYI ZOTEK TOOLS","China",1,0,"N/A","Large Standard-Size",2.64,5.79,8.7,0.82,66.95,184.7,"11/30/2025",7,18,0,4.3
"https://amazon.com/dp/B0CBRBHKYP","https://m.media-amazon.com/images/I/51qsmvuAi5L._SX450_.jpg","B0CBRBHKYP","EmpireTech IPC-TPC124X-AI Thermal 4MP Mini Turret Smart AI IP Camera,Visible and Thermal Channels Dual Image Fusion,IPC-TPC124X-AI","EmpireTech","FBA","Industrial & Scientific",377455,"N/A","N/A","N/A","N/A","Dome Cameras",1998,499.99,"N/A",9,0,-93,4779.53,"-",5,3.8,"EmpireTech-Andy","China",0,91,-71,"Large Standard-Size",6.1,5.31,6.1,2.2,99.48,274.42,"08/31/2024",34,4,4,1.88
"https://amazon.com/dp/B0FB6VS8S4","https://m.media-amazon.com/images/I/71OTvn0hReL._SX450_.jpg","B0FB6VS8S4","Triplett IRTC550 Pocket Thermal Imaging Camera with 3.5"" Color Touchscreen Display","Triplett","Amazon","Industrial & Scientific",382122,614395005726,"N/A",0614395005726,"N/A","Thermal Imagers",229,479.12,16,2,1,40,1129.19,259.64,2,5,"Amazon","N/A",4,0,"N/A","Large Standard-Size",5,5,8,1.45,"N/A","N/A","05/31/2025",11,5,5,1.19
"https://amazon.com/dp/B0BQX31HSY","https://m.media-amazon.com/images/I/71Rtfe6r3VL._SX450_.jpg","B0BQX31HSY","Triplett IRTC600 Thermal Imaging Camera (220 x 160) with 3.2"" Color TFT Display","Triplett","Amazon","Industrial & Scientific",382122,614395004705,"N/A",0614395004705,"N/A","Thermal Imagers",229,878.99,-30,2,0,40,1129.19,"-",2,5,"Amazon","N/A",4,0,"N/A","Large Standard-Size",4.84,6.69,12.8,3.4,"N/A","N/A","05/31/2025",40,8,5,1.19
"https://amazon.com/dp/B0B786RDML","https://m.media-amazon.com/images/I/61vFw7W1bpL._SX450_.jpg","B0B786RDML","Triplett IRTC400 Thermal Imaging Camera with 2.4"" Color TFT Display","Triplett","Amazon","Industrial & Scientific",382150,614395004545,"N/A",0614395004545,"N/A","Thermal Imagers",229,277.8,-28,2,1,40,1129.19,257.49,2,5,"Amazon","N/A",1,0,"N/A","Large Standard-Size",3.78,5.91,9.92,1.18,"N/A","N/A","05/31/2025",45,9,5,1.19
"https://amazon.com/dp/B0D9WV4VVB","https://m.media-amazon.com/images/I/71eMnQRcHML._SX450_.jpg","B0D9WV4VVB","Triplett IRTC800 Thermal Imager Camera with 3.5"" Touchscreen, 320 x 240 IR Resolution","Triplett","Amazon","Industrial & Scientific",382171,614395005368,"N/A",0614395005368,"N/A","Thermal Imagers",228,1199,-40,2,0,40,1129.19,"-",2,5,"Amazon","N/A",2,0,"N/A","Large Standard-Size",6.86,13.44,15.44,7.14,"N/A","N/A","05/31/2025",21,6,5,1.19
"https://amazon.com/dp/B0DDKSDSJ3","https://m.media-amazon.com/images/I/61H4XwyQ4kL._SX450_.jpg","B0DDKSDSJ3","EmpireTech Thermal 4MP Mini Turret Smart AI IP Camera Temperature Measurement,Visible and Thermal Channels Dual Image,TPC124X-AI-T-S2 (2mm-Temperature Measurement (Thermal and Visible 2mm))","EmpireTech","FBA","Industrial & Scientific",387547,"N/A","N/A","N/A","N/A","Thermal Imagers",235,549.99,"N/A",9,0,-93,4779.53,"-",5,3.8,"EmpireTech-Andy","China",1,91,-71,"Large Standard-Size",5.25,6.1,6.25,2,100.77,277.99,"08/31/2024",20,4,4,1.88
"https://amazon.com/dp/B0F8Q1QKRN","https://m.media-amazon.com/images/I/71SqvVTyevL._SX450_.jpg","B0F8Q1QKRN","worfty Case for HP96 Thermal Imaging Camera Super Resolution 240 x 240 Thermal Camera with Visual Camera, Carrying Case Compatible with HSFTOOLS HP96 Thermal Camera (Case Only) (Black)","worfty","FBA","Industrial & Scientific",388082,"N/A","N/A","N/A","N/A","Thermal Imagers",237,9.99,-24,3,3,86,30.42,30.33,3,4.4,"Worfty","China",1,0,"N/A","Large Standard-Size",4.33,3.34,7.08,0.44,51.55,142.21,"12/31/2025",12,8,1,1.05
"https://amazon.com/dp/B011EOR2IS","https://m.media-amazon.com/images/I/61z1tHaVhDL._SX450_.jpg","B011EOR2IS","PerfectPrime IR0002, Infrared (IR) Thermal Imager & Visible Light Camera with IR Resolution 3600 Pixels & Temperature Range from -4 ~ 572°F, 6 Hz Refresh Rate","PerfectPrime","FBA","Industrial & Scientific",389146,638414476083,00638414476083,0638414476083,"N/A","Thermal Imagers",237,349.99,-3,3,3,,717.21,717.12,176,4,"Perfect Prime","Hong Kong",1,38,-55,"Large Standard-Size",3.8,6.3,10.1,0.85,121.74,335.82,"07/31/2024",125,9,2,0.02
"https://amazon.com/dp/B0161KS6GM","https://m.media-amazon.com/images/I/51dvKbNcdzL._SX450_.jpg","B0161KS6GM","FLIR AX8 Thermal Imaging Camera for Continuous Condition and Safety Monitoring","FLIR","FBA","Industrial & Scientific",393479,845188009373,00845188009373,0845188009373,"N/A","Thermal Imagers",228,1250,-18,6,2,-23,4725.03,2121.19,4,3.9,"Northwest Selling Solutions","USA",1,75,"N/A","Large Standard-Size",2.4,5,7.28,2.49,44.03,121.47,"04/30/2025",132,3,2,1.57
"https://amazon.com/dp/B0CBR9K4ZB","https://m.media-amazon.com/images/I/51LhT3k8ooL._SX450_.jpg","B0CBR9K4ZB","EmpireTech IPC-TPC124X-AI Thermal Camera 4MP 1/2.7'' CMOS Mini Turret Smart AI IP Camera,Visible and Thermal Channels Dual Image Fusion,IPC-TPC124X-AI S2 (3.5mm (Thermal 3.5mm, Visible 4mm))","EmpireTech","FBA","Industrial & Scientific",394901,"N/A","N/A","N/A","N/A","Thermal Imagers",233,499.99,-30,9,4,-93,4779.53,1900.41,5,3.8,"EmpireTech-Andy","China",1,91,-71,"Large Standard-Size",5.47,6.18,10.08,2.01,171.56,473.26,"08/31/2024",34,4,4,1.88
"https://amazon.com/dp/B0F6D16PTW","https://m.media-amazon.com/images/I/41YKGuHOiRL._SX450_.jpg","B0F6D16PTW","TIOP02 Portable Infrared Thermal Imaging Camera IR Imager USB Type-C for Android Phone,-20℃-1000℃,32 X 32 Resolution","Generic","FBA","Industrial & Scientific",395525,702408627680,"N/A",0702408627680,"N/A","Thermal Imagers",234,59.99,-13,10,10,-56,573.52,573.45,11,2.6,"智成科技","China",1,107,"N/A","Large Standard-Size",3.94,1.18,3.94,0.11,9.22,25.44,"01/31/2026",12,7,0,0.87
"https://amazon.com/dp/B0C7KL7J3C","https://m.media-amazon.com/images/I/51-+HGOa-CL._SX450_.jpg","B0C7KL7J3C","Thermal Imaging Camera, Pocket-Sized Infrared Camera with Real-Time Thermal Image, Temperature Measurement Range -4°F to 572°F, Mini IR Thermal Imager, Hti-Xintai (HT-03)","Hti-Xintai","FBA","Industrial & Scientific",399238,753318940154,"N/A",0753318940154,"N/A","Thermal Imagers",242,139.99,-32,4,4,-12,656.95,656.91,22,4.4,"XT Instrument","China",1,236,354,"Large Standard-Size",4.29,5.47,10.35,1.26,122.28,337.33,"05/31/2025",89,8,2,0.18
"https://amazon.com/dp/B0B6THY75F","https://m.media-amazon.com/images/I/61Zv0+nJhRL._SX450_.jpg","B0B6THY75F","BTMETER Thermal Imaging Camera Gun, Infrared Temperature Imager 300,000 Pixels with 220 x 160 IR Resolution 6G Image Storage Measure Temp -4°F~626°F","BTMETER","FBA","Industrial & Scientific",401334,755361321669,"N/A",0755361321669,"N/A","Thermal Imagers",237,379.99,-41,3,2,-18,1012.41,617.29,1,5,"bestmeter","China",1,0,"N/A","Large Standard-Size",3.54,3.94,9.84,0.88,69.13,190.7,"08/31/2025",44,7,3,2.73
"https://amazon.com/dp/B0DBH3C1MH","https://m.media-amazon.com/images/I/71F6bTWl8wL._SX450_.jpg","B0DBH3C1MH","Teslong 160x120 Thermal Camera for Android - Thermal Imaging Camera,50mK Heat Sensitivity, 5℉ to 1112℉ Testing Range, 6 Color Palettes, Works for Smartphones and Tablets & PC(Not for iOS)","Teslong","FBA","Industrial & Scientific",402101,"N/A","N/A","N/A","N/A","Thermal Imagers",240,109.99,"N/A",0,0,-133,"-","-",33,4.3,"Teslong","China",1,91,"N/A","Large Standard-Size",2.24,2.83,4.09,0.33,13.05,36.01,"12/31/2024",20,9,2,0
"https://amazon.com/dp/B0CW1LLHKZ","https://m.media-amazon.com/images/I/61RWfYWTj7L._SX450_.jpg","B0CW1LLHKZ","VEVOR Thermal Imaging Camera, 256 x 192 IR Resolution Pocket Infrared Thermal Imager with WiFi, 25Hz Refresh Rate Thermal Camera Pocket with 3.2"" Touch Screen, 0.3MP Visual Camera, -4℉-1022℉, IP54","VEVOR","FBM","Industrial & Scientific",405374,197988267935,"N/A",0197988267935,"N/A","Thermal Imagers",238,289.99,-28,3,3,,828.81,828.73,17,3.6,"Suplander","China",2,0,"N/A","Small Standard-Size",7.09,4.33,0.26,0.99,"N/A","N/A","03/31/2026",26,9,0,0.18
"https://amazon.com/dp/B0D8T59JMZ","https://m.media-amazon.com/images/I/514HS75NpAL._SX450_.jpg","B0D8T59JMZ","LAUREII ShortCam Lite Infrared Camera Thermal Imaging Analyzer Detachable Infrared Lens Allowing for Various Innovative DIY,Desktop Thermal Imaging Camera (ShortCam Lite)","LAUREII","FBA","Industrial & Scientific",414997,"N/A","N/A","N/A","N/A","Thermal Imagers",243,149,-15,3,2,133,429.75,293.76,1,4,"Laureii Direct","China",1,42,"N/A","Large Standard-Size",7.95,4.8,3.54,1.02,68.01,187.62,"05/31/2025",22,9,2,2.79
"https://amazon.com/dp/B0CRKPYV1M","https://m.media-amazon.com/images/I/51ulbJQutmL._SX450_.jpg","B0CRKPYV1M","LAUREII IIT ShortCam AS Series Infrared Camera Thermal Imaging Analyzer Detachable Infrared Lens Allowing for Various Innovative DIY,Desktop Thermal Imaging Camera (AS21)","LAUREII","FBA","Industrial & Scientific",415010,"N/A","N/A","N/A","N/A","Thermal Imagers",244,150,-21,3,1,133,429.75,135.83,5,3.4,"Laureii Direct","China",1,42,"N/A","Large Standard-Size",3.94,1.97,1.97,0.77,7.68,21.19,"05/31/2025",27,8,2,0.56
"https://amazon.com/dp/B0BJTTG7DD","https://m.media-amazon.com/images/I/61rSn4NP0IL._SX450_.jpg","B0BJTTG7DD","Thermal Imaging Camera, MILESEEY Handheld 256*192 IR Resolution Thermal Imager, 3.5 Inch LCD Display IP65 Waterproof Rechargeable 6 Palettes Thermal Camera with Auto Track Cold and Hot Spots Function","MiLESEEY","FBA","Industrial & Scientific",416396,"N/A","N/A","N/A","N/A","Thermal Imagers",242,399.99,269,5,5,,1969.23,1969.11,31,3.8,"MILESEEY Outdoor","China",1,0,"N/A","Large Standard-Size",4.49,5,10.67,2.07,120.6,332.7,"09/30/2025",42,9,0,0.15
"https://amazon.com/dp/B07ZMP7N2P","https://m.media-amazon.com/images/I/51RYSlkvlrL._SX450_.jpg","B07ZMP7N2P","MLX90640 IR Array Thermal Imaging Camera 32×24 Pixels 110° Field of View I2C Interface 3.3V/5V Compatible with Raspberry Pi (ESP32) STM32 @XYGStudy (MLX90640-D110 Thermal Camera)","Raspberry Pi","FBA","Industrial & Scientific",420084,719209007719,"N/A",0719209007719,"N/A","Thermal Imagers",245,64.39,-21,6,6,213,381.29,381.11,9,3.8,"XYGStudy","China",2,54,32,"Small Standard-Size",0.75,2.01,5.2,0.03,3.93,10.84,"10/31/2025",155,9,0,0.66
"https://amazon.com/dp/B0FR928FBP","https://m.media-amazon.com/images/I/61orF282K7L._SX450_.jpg","B0FR928FBP","POROMETISTO Ti01 Thermal Camera,240x240 IR Resolution Thermal Imaging Camera,-4°F-1022°F,15 Available Colors Thermal Imager,Display Resolution 320x240 Infrared Camera,Infrared Camera,25Hz,IP54","POROMETISTO","FBA","Industrial & Scientific",422191,"N/A","N/A","N/A","N/A","Thermal Imagers",248,159.99,-6,1,1,-75,96.4,96.38,14,3.9,"POROMETISTO","China",1,0,"N/A","Large Standard-Size",3.03,4.33,9.41,1.17,62.16,171.47,"12/31/2025",7,9,0,0.04
"https://amazon.com/dp/B0GK8ZHWHR","https://m.media-amazon.com/images/I/71ikFlvykTL._SX450_.jpg","B0GK8ZHWHR","Holdwell S Thermal Imaging Camera 320x240 TISR Super Resolution, 256x192 IR Resolution with 2MP Visible Camera, -4°F to 1022°F, IP54, 4 Image Modes & 6 Color Palettes","Holdwell S","FBA","Industrial & Scientific",424736,"N/A","N/A","N/A","N/A","Thermal Imagers",247,229.99,"N/A",9,0,,1750.04,"-","N/A","N/A","Holdwell S","N/A",1,0,"N/A","Large Standard-Size",6.93,8.58,12.09,1.94,361.89,998.33,"03/31/2026",3,9,4,"N/A"
"https://amazon.com/dp/B07FF91VK4","https://m.media-amazon.com/images/I/81TILc2zBqL._SX450_.jpg","B07FF91VK4","PerfectPrime IR0005 Infrared (IR) Thermal Imager & Visible Light Camera with IR Resolution 49,152 Pixels, JPG/Video MP4","PerfectPrime","FBA","Industrial & Scientific",426148,"N/A",05060529682298,5060529682298,"N/A","Thermal Imagers",247,299.99,-32,4,4,,1260.2,1260.05,137,4.3,"Perfect Prime","Hong Kong",2,37,"N/A","Large Standard-Size",1.9,5.2,7.2,0.9,35.82,98.8,"09/30/2025",94,7,0,0.03
"https://amazon.com/dp/B0FKT2SS6P","https://m.media-amazon.com/images/I/71V4OgGFEaL._SX450_.jpg","B0FKT2SS6P","Thermal Master T2 Pro Android Thermal Monocular, 1579 Yards Night Infrared Camera with 13mm Lens, Tactical Handle, Scope Mount, Work for Outdoor Wildlife Observation, Light Black","Thermal Master","FBA","Industrial & Scientific",430227,"N/A","N/A","N/A","N/A","Thermal Imagers",252,399,-28,6,6,-67,2508.58,2508.47,21,3.8,"Thermal Master Official","China",1,0,"N/A","Large Standard-Size",11.4,7.4,3.3,2.1,140.16,386.65,"10/31/2025",8,9,3,0.3
"https://amazon.com/dp/B0897XMDHH","https://m.media-amazon.com/images/I/31MPYl4XnNL._SX450_.jpg","B0897XMDHH","SILENT KNIGHT IDP-Heat-IV ADDRESSABLE Thermal Detector","SILENT KNIGHT","FBM","Industrial & Scientific",436591,767571884421,"N/A",0767571884421,"N/A","Thermal Imagers",253,125,-14,0,0,-121,"-","-",2,4.5,"1stfa_supplier","USA",2,10,-57,"N/A","N/A","N/A","N/A","N/A","N/A","N/A","12/31/2024",39,1,0,0.08
"https://amazon.com/dp/B0D961JM3J","https://m.media-amazon.com/images/I/316eVxx2WkL._SX450_.jpg","B0D961JM3J","HSFTOOLS Finder S2 Android Thermal Imager,512x384 Super Resolution,256x192 IR Resolution,Thermal Camera for Andriod Phones and Tablets,Carrying Case,USB-C(Not Compatible with iPhone 15/16)","HSFTOOLS","FBA","Industrial & Scientific",440401,860010995365,"N/A",0860010995365,"N/A","Thermal Imagers",254,199,5,2,2,300,446.44,446.37,20,4.2,"HSFTOOLS Direct","Vietnam",1,15,"N/A","Large Standard-Size",2.72,4.88,6.89,0.82,46.05,127.02,"11/30/2025",22,10,0,0.11
"https://amazon.com/dp/B0F21K2G2Q","https://m.media-amazon.com/images/I/61IK67-MiKL._SX450_.jpg","B0F21K2G2Q","Thermal Camera, Handheld Thermal Imaging Camera,Thermal Imaging with 32 x 32 IR High Resolution, 2.4-inch LCD Screen, -104℉~572℉ Temperature","INFURIDER","FBA","Industrial & Scientific",442354,"N/A","N/A","N/A","N/A","Thermal Imagers",255,99.99,-40,7,7,,748.28,748.11,2,2.9,"INFRARED","China",1,0,"N/A","Large Standard-Size",8.35,3.74,2.44,0.57,38.36,105.83,"11/30/2025",13,7,0,3.74
"https://amazon.com/dp/B0FDWPFLSH","https://m.media-amazon.com/images/I/51oragf3jML._SX450_.jpg","B0FDWPFLSH","Waveshare Smartphone Infrared Thermal Imaging Camera, Type-C Port, Plug-and-Play, 160×120 Pixels, 45° Field of View, with Aluminum Alloy Case","waveshare","FBA","Industrial & Scientific",448313,"N/A","N/A","N/A","N/A","Thermal Imagers",257,139.99,-33,1,1,100,170.98,170.93,2,5,"waveshare","Hong Kong",2,0,"N/A","Large Standard-Size",2.7,1.9,0.9,0.04,2.32,6.41,"02/28/2026",10,6,0,0.62
"https://amazon.com/dp/B0CWTSY7L2","https://m.media-amazon.com/images/I/71giU9Uba9L._SX450_.jpg","B0CWTSY7L2","VEVOR Thermal Imaging Camera for Android & iOS, 256 x 192 IR Resolution Wireless Infrared Thermal Imager with WiFi & Visual Camera, 25Hz Refresh Rate Thermal Camera for Smartphone, -4°F-1022°F, IP54","VEVOR","FBM","Industrial & Scientific",450683,197988385394,"N/A",0197988385394,"N/A","Thermal Imagers",258,319.9,3,3,3,,791.67,791.53,13,3.2,"Suplander","China",2,0,"N/A","Large Standard-Size",7.28,4.33,2.76,0.99,"N/A","N/A","02/28/2026",26,9,0,0.19
"https://amazon.com/dp/B0DK3D9TFL","https://m.media-amazon.com/images/I/51FwcwQFMpL._SX450_.jpg","B0DK3D9TFL","HSFTOOLS Finder S1 Thermal Camera for Android,192x192 Super IR Resolution Thermal Imaging Camera,96x96 IR Resolution, Thermal Imager for Android Phones and Tablets,Carrying Case,USB-C(not for iPhone)","HSFTOOLS","FBA","Industrial & Scientific",452078,860010995372,"N/A",0860010995372,"N/A","Thermal Imagers",259,119,-7,2,2,,214.13,218.46,9,3.6,"HSFTOOLS Direct","Vietnam",1,19,"N/A","Large Standard-Size",2.83,4.8,6.81,0.79,46.57,128.48,"03/31/2025",19,9,0,0.2
"https://amazon.com/dp/B0FW3XZY7N","https://m.media-amazon.com/images/I/71XKYR+zcQL._SX450_.jpg","B0FW3XZY7N","Waveshare Long-Wave IR Thermal Imaging Camera Module, 80 × 62 Pixels IR Array, Motion Detection, SPI and I2C Interfaces Communication, Suitable for Raspberry Pi and Other Development Boards, 90° FOV","waveshare","FBM","Industrial & Scientific",457862,"N/A","N/A","N/A","N/A","Thermal Imagers",262,93.99,"N/A",0,0,,"-","-","N/A","N/A","waveshare","Hong Kong",1,0,"N/A","N/A","N/A","N/A","N/A","N/A","N/A","N/A","-",7,6,0,"N/A"
"https://amazon.com/dp/B0C62LMFK5","https://m.media-amazon.com/images/I/71kyh+Mau7L._SX450_.jpg","B0C62LMFK5","FLIR DM286 Industrial Grade Thermal Imager and Multi-Meter for Electrical Inspection and Diagnostics","FLIR","FBA","Industrial & Scientific",460051,793950382868,"N/A",0793950382868,"N/A","Thermal Imagers",263,1148.5,-2,7,3,200,5143.2,2987.19,14,4.3,"Northwest Selling Solutions","USA",3,102,"N/A","Large Standard-Size",4.33,8.35,12.99,2.78,236.46,652.31,"06/30/2025",35,7,2,0.52
"https://amazon.com/dp/B0CW1LRNXD","https://m.media-amazon.com/images/I/7157Ze8tpgL._SX450_.jpg","B0CW1LRNXD","VEVOR Thermal Imaging Camera for Android, 256 x 192 IR Resolution Infrared Thermal Imager with Visual Camera, 25Hz Refresh Rate Thermal Camera for Smartphone/Tablet, -4-1022°F Temperature Range, IP54","VEVOR","FBM","Industrial & Scientific",462039,197988266969,"N/A",0197988266969,"N/A","Thermal Imagers",259,178.99,5,4,4,,765.65,765.58,11,3.2,"Supdear","China",2,0,"N/A","Large Standard-Size",7.09,4.33,2.56,0.55,"N/A","N/A","03/31/2026",26,9,0,0.39
"https://amazon.com/dp/B0GK9D7S4F","https://m.media-amazon.com/images/I/71ikFlvykTL._SX450_.jpg","B0GK9D7S4F","Holdwell S Thermal Imaging Camera 320x240 TISR Super Resolution, 160x120 IR Resolution, -4°F to 1022°F, IP54,6 Color Palettes for HVAC Electrical Automotive Inspection","Holdwell S","FBA","Industrial & Scientific",466515,"N/A","N/A","N/A","N/A","Thermal Imagers",264,169.99,"N/A",9,6,,1750.04,975.45,"N/A","N/A","Holdwell S","N/A",1,0,"N/A","Large Standard-Size",7.09,12.05,12.32,1.94,529.68,1461.18,"03/31/2026",3,9,4,"N/A"
"https://amazon.com/dp/B0GK911K9T","https://m.media-amazon.com/images/I/71ikFlvykTL._SX450_.jpg","B0GK911K9T","Holdwell S Thermal Imaging Camera 320x240 TISR Super Resolution, 256x192 IR Resolution, -4°F to 1022°F, IP54, 6 Color Palettes for HVAC Electrical Automotive Inspection","Holdwell S","-","Industrial & Scientific",466539,"N/A","N/A","N/A","N/A","Thermal Imagers",266,199.99,"N/A",9,2,,1750.04,436.18,"N/A","N/A",,"N/A",1,0,"N/A","Large Standard-Size",7,5,12,2.93,"N/A","N/A","03/31/2026",3,"N/A",4,"N/A"
"https://amazon.com/dp/B0DX4DF1ZV","https://m.media-amazon.com/images/I/81wgQLwluUL._SX450_.jpg","B0DX4DF1ZV","CaseSack Thermal Imager case for AMPBANK H128 Handheld Thermal Camera","CaseSack","FBA","Industrial & Scientific",467020,"N/A","N/A","N/A","N/A","Thermal Imagers",264,25.99,-6,2,2,-44,60.41,60.32,3,3.6,"Casesack","Hong Kong",2,86,"N/A","Large Standard-Size",9.5,4.5,3.5,0.24,75.33,207.81,"02/28/2026",15,6,0,0.78
"https://amazon.com/dp/B0748H7SL1","https://m.media-amazon.com/images/I/51WDqTpOlgL._SX450_.jpg","B0748H7SL1","FLIR T199347ACC Hard Transport Case for Use with FLIR T5xx Series Thermal Imaging Cameras; Rugged, Watertight Plastic Shipping Case; Holds All Items Neatly and Securely","FLIR","Amazon","Industrial & Scientific",472000,845188014810,"N/A",0845188014810,"N/A","Thermal Imagers",267,327.99,"N/A",0,0,,"-","-","N/A","N/A","Amazon","N/A",1,0,"N/A","Large Standard-Size",1,1,1,1,"N/A","N/A","-",104,1,0,"N/A"
"https://amazon.com/dp/B0F7QRZH5V","https://m.media-amazon.com/images/I/71F9ZBqH8KL._SX450_.jpg","B0F7QRZH5V","Handheld Thermal Imaging Camera, 160×120 Infrared Resolution, -4°F to 1022°F, 25Hz Infrared Camera, PC Analysis, 50° FOV, Image Fusion, for Construction/Thermal Mercury/Circuit Breakers (ZC-H160)","ZHOUCE","FBA","Industrial & Scientific",472805,"N/A","N/A","N/A","N/A","Thermal Imagers",270,192.82,"N/A",2,0,-95,605.47,"-",2,5,"FAN YUE KEJI","China",1,0,"N/A","Large Standard-Size",4.92,6.06,10.59,1.54,158.97,438.53,"12/31/2025",12,9,2,1.14
"https://amazon.com/dp/B07CZ2FBGR","https://m.media-amazon.com/images/I/71EzHwqm+9L._SX450_.jpg","B07CZ2FBGR","FLIR K45 High Performance Thermal Imaging Camera, 4-Inch Screen, 3 Button Device, 280x180 Pixel","FLIR","Amazon","Industrial & Scientific",473817,845188010898,"N/A",0845188010898,"N/A","Thermal Imagers",271,4949,18,3,0,,12670.21,"-",1,5,"Amazon","N/A",1,15,-29,"Large bulky",7.9,14.5,19.2,11.64,"N/A","N/A","03/31/2026",119,7,5,3.29
"https://amazon.com/dp/B0F7Q92QJ5","https://m.media-amazon.com/images/I/819V2Jmu8QL._SX450_.jpg","B0F7Q92QJ5","Thermal lmaging Camera High-Resolution 256 x192 Infrared Camera with -4°F to 1022°F Wide Temp Range 25Hz Refresh Rate&PC Analysis, Video Recording,for HVAC, Electrical, Home Inspection(ZHOUCE ZC-H256)","ZHOUCE","FBA","Industrial & Scientific",474022,"N/A","N/A","N/A","N/A","Thermal Imagers",267,299.99,-29,2,2,-95,605.47,511.59,2,5,"FAN YUE KEJI","China",1,0,"N/A","Large Standard-Size",17,8,5,0.7,342.36,944.44,"12/31/2025",12,9,2,1.14
"https://amazon.com/dp/B0GK95RH17","https://m.media-amazon.com/images/I/71ikFlvykTL._SX450_.jpg","B0GK95RH17","Holdwell S Thermal Imaging Camera 320x240 TISR Super Resolution, 160x120 IR Resolution with 2MP Visible Camera, -4°F to 1022°F, IP54, 4 Image Modes & 6 Color Palettes","Holdwell S","-","Industrial & Scientific",479973,"N/A","N/A","N/A","N/A","Thermal Imagers",270,169.99,"N/A",9,2,,1750.04,263.13,"N/A","N/A",,"N/A",1,0,"N/A","Large Standard-Size",7,5,12,1.94,"N/A","N/A","03/31/2026",3,"N/A",4,"N/A"
"https://amazon.com/dp/B0F6BXZGJT","https://m.media-amazon.com/images/I/71xTh-Sc2tL._SX450_.jpg","B0F6BXZGJT","BSIDE Thermal Imaging Camera Multimeter, 320x320 IR Resolution with 15 Thermal Palettes, 20000 Counts with 3.98"" Touch LCD, Measures Cap, AC Clamp, Temp Diode for Electrical Home Inspection Electronic","BSIDE","FBA","Industrial & Scientific",480151,"N/A","N/A",6933540317809,"N/A","Thermal Imagers",271,199.99,-19,1,1,,226.13,226.06,6,3.2,"Measuring Instruments","China",1,36,"N/A","Large Standard-Size",1.73,4.96,8.7,1.06,37.64,103.84,"07/31/2025",12,9,0,0.21
"https://amazon.com/dp/B0DQR9N7LW","https://m.media-amazon.com/images/I/71vghSl1fyL._SX450_.jpg","B0DQR9N7LW","Ferret Thermal Wireless Imaging Camera. 640x480 TISR Resolution (160x120 Native IR). WiFi Hotspot, Rechargeable. Visible, Thermal & Everything in Between. Attach to Rod for Extended Reach. Free App","Ferret Tools","FBA","Industrial & Scientific",481009,794712530374,"N/A",0794712530374,"N/A","Thermal Imagers",272,849,1,4,4,-83,3165.65,3165.54,2,5,"Ferret Tools","New Zealand",1,0,"N/A","Large Standard-Size",8.27,5.51,5.12,0.12,117.43,323.93,"01/31/2026",16,9,0,1.87
"https://amazon.com/dp/B0GJSGHC6T","https://m.media-amazon.com/images/I/51bP1EMGmbL._SX450_.jpg","B0GJSGHC6T","WatangTech Wide-Angle Thermal Imaging Camera MLX90642 D110, 110° FOV, for Raspberry Pi & Arduino, Fire Detection & Smart Home Security Monitor","WatangTech","-","Industrial & Scientific",483158,"N/A","N/A","N/A","N/A","Thermal Imagers",273,67.9,"N/A",2,2,,135.8,135.79,"N/A","N/A",,"N/A",1,0,"N/A","Large Standard-Size",3.15,2.76,1.14,0.04,"N/A","N/A","03/31/2026",3,"N/A",0,"N/A"
"https://amazon.com/dp/B0DDGRZYQF","https://m.media-amazon.com/images/I/61qwtu1BeXL._SX450_.jpg","B0DDGRZYQF","Infrared Thermal Imager Analyzer 256x192 25Hz Thermal Imaging Camera for Electronical Repair PCBA Motherboard Inspection and Short Circuit Inspections, Current Leakage.","Skmiiloy","FBM","Industrial & Scientific",484879,"N/A","N/A","N/A","N/A","Thermal Imagers",274,276.97,"N/A",2,0,150,447.75,"-",1,5,"Mindley-Tech","China",1,0,"N/A","N/A","N/A","N/A","N/A","N/A","N/A","N/A","07/31/2025",21,8,2,1.7
"https://amazon.com/dp/B0C3YX8CYK","https://m.media-amazon.com/images/I/51NDPh4ALQL._SX450_.jpg","B0C3YX8CYK","J-ZMQER AC Charger Adapter Compatible with EXTECH FLIR i3 i5 i7 Thermal Imaging Infrared Camera Power","J-ZMQER","FBM","Industrial & Scientific",487084,"N/A","N/A","N/A","N/A","Thermal Imagers",274,12.99,19,0,0,,"-","-","N/A","N/A","J-ZMQER","China",1,0,"N/A","N/A","N/A","N/A","N/A","N/A","N/A","N/A","11/30/2025",36,5,0,"N/A"
"https://amazon.com/dp/B0DJQLWT1M","https://m.media-amazon.com/images/I/514rFksDcCL._SX450_.jpg","B0DJQLWT1M","Thermal Imaging Camera 320 x 240 Super Resolution, 25Hz Refresh Rate, Handheld Infrared Thermal Imager 160 x 120 IR Resolution, 19200 Pixels, IP54, -4°F~1022°F Temperature Range","Rocky Mars","FBA","Industrial & Scientific",487236,"N/A","N/A","N/A","N/A","Thermal Imagers",276,156.99,-13,1,0,200,177.98,"-",1,5,"Rocky Mars","USA",1,0,"N/A","Large Standard-Size",10.43,6.89,3.54,1.66,128.23,353.75,"09/30/2025",18,8,2,1.24
"https://amazon.com/dp/B0D4YXPCTT","https://m.media-amazon.com/images/I/51jSLhIsNmL._SX450_.jpg","B0D4YXPCTT","Rocky Mars Thermal Imaging Camera, 120 x 90 IR Resolution 25Hz Refresh Rate, Handheld Infrared Thermal Imager 10800 Pixels, IP54, -4°F~752°F Temperature Range","Rocky Mars","FBA","Industrial & Scientific",487284,"N/A","N/A","N/A","N/A","Thermal Imagers",276,139.99,-14,1,1,200,177.98,125.65,7,3.7,"Rocky Mars","USA",1,0,"N/A","Large Standard-Size",3.62,5.91,9.76,1.22,105.15,290.07,"09/30/2025",23,8,2,0.18
"https://amazon.com/dp/B0FRF3T671","https://m.media-amazon.com/images/I/31+T4+X1TYL._SX450_.jpg","B0FRF3T671","YuqiaoTime YXI256 Thermal Imaging Camera 256X192 Pixels Thermal Imager YXI256 + PCB Circuit Floor Heating Tube Testing (YXI256+ Micro Len)","YuqiaoTime","-","Industrial & Scientific",490992,"N/A","N/A","N/A","N/A","Thermal Imagers",277,362.72,"N/A",0,0,,"-","-","N/A","N/A",,"N/A",1,0,"N/A","N/A","N/A","N/A","N/A","N/A","N/A","N/A","-",7,"N/A",2,"N/A"
"https://amazon.com/dp/B0DD6X4XRH","https://m.media-amazon.com/images/I/411iBxl9RpL._SX450_.jpg","B0DD6X4XRH","GODIAG Handheld Thermal Imaging Camera - 320x240 TISR & 256x192 IR Resolution, with PC Analysis, Video Recording, 12h Battery Life Thermal Imager with 32GB SD Card","GODIAG","FBA","Industrial & Scientific",494968,889327077908,"N/A",0889327077908,"N/A","Thermal Imagers",276,219,-46,1,1,-50,255.21,255.15,16,4.7,"GODIAG Direct","China",1,65,"N/A","Large Standard-Size",4.76,6.42,10.91,2.2,167.86,463.06,"12/31/2024",12,8,0,0.07
"https://amazon.com/dp/B087WVLWHZ","https://m.media-amazon.com/images/I/31Sze+X+eyL._SX450_.jpg","B087WVLWHZ","PerfectPrime IR0280H Thermal Camera for Instant Elevated Temperature Detection with Audio Alarm and Photo/Video Capture, +/- 0.3 °C Accuracy","PerfectPrime","FBA","Industrial & Scientific",496592,"N/A","N/A",5060529682991,"N/A","Thermal Imagers",278,179.99,-23,3,2,-36,645.04,406.13,65,4.1,"Perfect Prime","Hong Kong",2,55,-48,"Large Standard-Size",2.76,8.23,11.14,0.77,127.4,351.45,"04/30/2025",72,7,2,0.05
"https://amazon.com/dp/B091N9N4HW","https://m.media-amazon.com/images/I/71jJHdooA2S._SX450_.jpg","B091N9N4HW","PerfectPrime IR281 / IR0281, Infrared (IR) Thermal Imager & Visible Light Camera/Video Record 32,136 Pixels & Temperature Range from -40 to 626°F","PerfectPrime","FBA","Industrial & Scientific",496622,"N/A","N/A",5060529683196,"N/A","Thermal Imagers",278,299.99,-29,3,1,-36,645.04,238.74,15,3.9,"Perfect Prime","Hong Kong",2,55,-48,"Large Standard-Size",3.15,7.8,11.06,0.79,136.82,377.42,"04/30/2025",61,8,2,0.21
"https://amazon.com/dp/B0DYNXR6SL","https://m.media-amazon.com/images/I/71+IJ9bP7NL._SX450_.jpg","B0DYNXR6SL","Prikpont Thermal Camera for Cars - 1000ft Night Vision Thermal Imaging Security System with AI Alerts, Blind Spot Detection & 64GB Storage | People/Vehicle/Animal Detection Camera","Prikpont","FBM","Industrial & Scientific",497263,717325292583,"N/A",0717325292583,"N/A","Thermal Imagers",280,499.99,33,2,2,250,785.7,785.65,12,3.5,"knightams","China",1,70,"N/A","Large Standard-Size",13.78,5.51,4.09,3,"N/A","N/A","08/31/2025",19,9,0,0.13
"https://amazon.com/dp/B0FDGMQLN1","https://m.media-amazon.com/images/I/81O-j71mXwL._SX450_.jpg","B0FDGMQLN1","BSIDE Thermal Imaging Camera multimeter 428×320 Resolution with 20000 Words Multimeter 3.98'' Touchscreen 25Hz Infrared Thermal Camera Dual-Light Fusion 15 Thermal Palettes TRMS Multimeter for PCB","MAXRIENY","FBA","Industrial & Scientific",501960,"N/A","N/A",6933540318158,"N/A","Thermal Imagers",284,369.99,-6,2,2,,730.04,729.98,"N/A","N/A","MAXRIENY","China",1,0,"N/A","Large Standard-Size",4.88,1.89,8.58,1.06,39.87,109.97,"10/31/2025",10,9,0,"N/A"
"https://amazon.com/dp/B0DPR9W5SX","https://m.media-amazon.com/images/I/61qAiI58eiS._SX450_.jpg","B0DPR9W5SX","FLIR Scion Docking Station, and Rechargable Battery Accessories","FLIR","Amazon","Industrial & Scientific",505376,"N/A","N/A","N/A","N/A","Thermal Imagers",281,193.47,"N/A",0,0,-118,"-","-",17,3.6,"Amazon","N/A",0,46,"N/A","N/A","N/A","N/A","N/A","N/A","N/A","N/A","04/30/2025",17,1,1,0.01
"https://amazon.com/dp/B0DX499QK5","https://m.media-amazon.com/images/I/81mvgnLAjuL._SX450_.jpg","B0DX499QK5","CaseSack Thermal Imager case for Klein Tools TI250 Rechargeable Thermal Imaging Camera","CaseSack","FBA","Industrial & Scientific",513862,"N/A","N/A","N/A","N/A","Thermal Imagers",288,16.99,28,2,2,-120,28.87,28.81,1,5,"Casesack","Hong Kong",2,36,"N/A","Large Standard-Size",2.2,3.9,5.12,0.18,22.14,61.08,"01/31/2026",15,5,0,1.71
"https://amazon.com/dp/B08W1MP8QX","https://m.media-amazon.com/images/I/61qAiI58eiS._SX450_.jpg","B08W1MP8QX","FLIR GPX310 Scion Rechargeable Battery Kit, Operate FLIR Scion Thermal Imaging Monoculars For Up To 10 Hours","FLIR","Amazon","Industrial & Scientific",515814,849815010398,00849815010206,0849815010398,"N/A","Thermal Imagers",286,193.47,-25,0,0,-118,"-","-",17,3.6,"Amazon","N/A",20,46,"N/A","Large Standard-Size",2.72,4.17,8.23,0.88,"N/A","N/A","04/30/2025",63,1,1,0.01
"https://amazon.com/dp/B0GCHT62LR","https://m.media-amazon.com/images/I/61gua+hNM5L._SX450_.jpg","B0GCHT62LR","Handheld Thermal Camera,320 x 240 TISR Resolution,120 x 90 IR High Resolution,Mini Thermal Imager with -4°F~1022°F,25 Hz,Handheld Infrared Camera with PC Analysis for Home Inspection HVAC Maintenance","KeFvoer","FBA","Industrial & Scientific",515823,"N/A","N/A","N/A","N/A","Thermal Imagers",289,129.99,"N/A",7,7,,629.93,629.82,2,4,"KeFvoer","China",1,0,"N/A","Large Standard-Size",10.16,5.71,3.07,1.06,89.65,247.31,"03/31/2026",4,7,0,3.5
"https://amazon.com/dp/B0FYDVLXG9","https://m.media-amazon.com/images/I/51CKS+pwQcL._SX450_.jpg","B0FYDVLXG9","Thermal Camera 120x90 IR Resolution, 240x240 Super Resolution Thermal Imaging Camera, Dual-Camera Thermal Imaging Camera with Visual Light Camera,25Hz, -4°F to 1022°F, App Image Transfer & PC Analysis","Aicevoos","FBA","Industrial & Scientific",516392,"N/A","N/A","N/A","N/A","Thermal Imagers",289,119.99,-46,5,5,900,657.06,656.9,23,4.7,"Aicevoos","China",1,0,"N/A","Large Standard-Size",4.33,6.02,10.59,1.12,138.98,383.4,"03/31/2026",6,7,0,0.24
"https://amazon.com/dp/B07WCCNPWJ","https://m.media-amazon.com/images/I/81RhVzJzHSL._SX450_.jpg","B07WCCNPWJ","OEMTOOLS 24552 Thermal Camera | Infrared Digital Imaging Thermometer Locates Heat Loss, Coolant Leaks, & Temperature Shifts | -4 Degrees F to 1202 Degrees F | Accuracy +/- 2 percent | Save to MicroSD","OEMTOOLS","Amazon","Industrial & Scientific",517062,076812245526,00076812245526,0076812245526,"N/A","Thermal Imagers",290,199.99,-45,0,0,,"-","-",7,4.1,"Amazon","N/A",2,8,60,"Large Standard-Size",3.23,6.5,10.04,0.88,"N/A","N/A","05/31/2025",81,7,0,0
"https://amazon.com/dp/B08S2Z2CHL","https://m.media-amazon.com/images/I/61BYwWiFb+L._SX450_.jpg","B08S2Z2CHL","Fluke TiS75+ 27HZ, Thermal Imager","Fluke","FBM","Industrial & Scientific",525891,095969946308,"N/A",0095969946308,"N/A","Thermal Imagers",291,6520.77,-24,3,3,-10,20242.35,20242.25,2,4.4,"Test Equipment Depot","USA",3,39,-9,"Large bulky",8.7,11.5,15.6,7.55,"N/A","N/A","03/31/2025",64,6,0,1.56
"https://amazon.com/dp/B0G48WZHGC","https://m.media-amazon.com/images/I/41LxPdhnzDL._SX450_.jpg","B0G48WZHGC","HCMSTAR Thermal Imaging Camera, 320 x 240 TISR Resolution, 256 x 192 IR High Resolution, -4℉~ 1022℉ Temp Range, 25 HZ Handheld Thermal Camera,300,000 Pixels, Easy to Read 3.2"" Color Display","HCMSTAR","FBM","Industrial & Scientific",529547,766695644683,"N/A",0766695644683,"N/A","Thermal Imagers",297,139.99,-59,5,5,850,742.32,742.2,1,4,"HCMSTAR","N/A",2,0,"N/A","Large Standard-Size",6.3,4.7,5.5,1.8,"N/A","N/A","03/31/2026",5,8,0,5.29
"https://amazon.com/dp/B0FBV94R39","https://m.media-amazon.com/images/I/61wzNONWhNL._SX450_.jpg","B0FBV94R39","Thermal Imaging Camera Android, 256 * 192 IR & 640 * 480 Visible Dual Camera, 5°F~1112°F Wide Range, High/Low Temp Alarm, Waterproof, with Fusion Mode & APP Thermal Camera for Android(not for iOS)","GOLDCHAMP","FBA","Industrial & Scientific",533781,"N/A","N/A","N/A","N/A","Thermal Imagers",295,199.99,"N/A",1,1,,221.36,221.33,"N/A","N/A","GOLDCHAMP","China",1,0,"N/A","Large Standard-Size",2,2,2.7,0.3,5.44,15,"04/30/2026",8,7,0,"N/A"
"https://amazon.com/dp/B0DTGQ7FPZ","https://m.media-amazon.com/images/I/61M8GAYv3CL._SX450_.jpg","B0DTGQ7FPZ","JituHunt Wireless Thermal Imaging Camera for Android/iOS(iPhone), 256x192, Magnetic Attachment, 24/7 Monitoring, 4°F~1022°F Range, 64GB Storage","VOGAKO","FBA","Industrial & Scientific",534709,758918515863,"N/A",0758918515863,"N/A","Thermal Imagers",295,399,-1,3,3,,1200.79,1200.74,7,5,"Vogako","China",1,36,"N/A","Large Standard-Size",2.52,3.86,6.5,0.97,31.83,87.81,"06/30/2025",14,5,0,0.43
"https://amazon.com/dp/B0G5PHFX94","https://m.media-amazon.com/images/I/515tU5Pl7-L._SX450_.jpg","B0G5PHFX94","Thermal Imaging Camera, 32 x 32 cm, Thermal Imaging Camera with 2.4 Inch Screen, -40℃ to 300℃, Handheld Infrared Camera for Circuit Board, Radiator Temperature Detection, Blue ABS Tool, Compatible","FABULETTA","-","Industrial & Scientific",536875,"N/A","N/A","N/A","N/A","Thermal Imagers",297,63.59,"N/A",0,0,,"-","-","N/A","N/A",,"N/A",1,0,"N/A","N/A","N/A","N/A","N/A","N/A","N/A","N/A","-",1,"N/A",0,"N/A"
"https://amazon.com/dp/B0CM9V7D17","https://m.media-amazon.com/images/I/51QtFluvLaL._SX450_.jpg","B0CM9V7D17","Jantoy USB Power Charger Cable Cord Compatible with FLIR i3 i5 i7 Thermal Imaging Infrared Camera","Jantoy","FBM","Industrial & Scientific",541435,"N/A","N/A","N/A","N/A","Thermal Imagers",300,8.98,-24,3,3,57,27.39,27.32,"N/A","N/A","XKKOVF","China",1,21,"N/A","N/A","N/A","N/A","N/A","N/A","N/A","N/A","07/31/2025",30,5,0,"N/A"
"https://amazon.com/dp/B0G7XCKFXP","https://m.media-amazon.com/images/I/51pCpGrIxgL._SX450_.jpg","B0G7XCKFXP","Thermal Master Titan Screen for T2 Max Thermal Camera, 5 inch FHD 1920x1080, 2m Drop-Proof, IP65, Support Gloves & Wet Hands Operation","Thermal Master","FBM","Industrial & Scientific",543646,"N/A","N/A","N/A","N/A","Thermal Imagers",301,149,-16,2,2,-54,327.52,327.48,"N/A","N/A","Thermal Master Official","China",1,0,"N/A","N/A","N/A","N/A","N/A","N/A","N/A","N/A","01/31/2026",5,6,0,"N/A"
"https://amazon.com/dp/B0CK173MJF","https://m.media-amazon.com/images/I/71LOUjqW0YL._SX450_.jpg","B0CK173MJF","TOPDON TC IT","TOPDON","Amazon","Industrial & Scientific",546396,"N/A","N/A","N/A","N/A","Consoles & Organizers",29187,407.95,"N/A",5,0,,1851.39,"-",14,4.2,"Amazon","N/A",0,0,"N/A","N/A","N/A","N/A","N/A","N/A","N/A","N/A","10/31/2025",31,7,1,0.37
"https://amazon.com/dp/B0GD7882BW","https://m.media-amazon.com/images/I/41y2R9cr2fL._SX450_.jpg","B0GD7882BW","TRYSEEKON TIOP02-HK Thermal Camera for Android, Type-C Infrared Imager 32x32 Resolution, -4°F to 1832°F Temp Range, Ultra Portable IR Camera for Home Energy Loss, DIY Repairs & AC/Fridge Check","TRYSEEKON","FBA","Industrial & Scientific",558915,"N/A","N/A","N/A","N/A","Thermal Imagers",307,59.99,"N/A",3,3,,162.34,162.24,"N/A","N/A","ZCHK","N/A",1,0,"N/A","Large Standard-Size",4.06,4.06,1.26,0.12,10.43,28.77,"03/31/2026",4,9,0,"N/A"
"https://amazon.com/dp/B0DX447NJ7","https://m.media-amazon.com/images/I/817ZG7ijLOL._SX450_.jpg","B0DX447NJ7","CaseSack Thermal Imager case for Innova 3360 Thermal Camera - Infrared Camera","CaseSack","FBA","Industrial & Scientific",560847,"N/A","N/A","N/A","N/A","Thermal Imagers",308,26.99,"N/A",0,0,,"-","-","N/A","N/A","Casesack","Hong Kong",1,4,"N/A","Large Standard-Size",9.5,4.5,3.5,0.24,75.33,207.81,"02/28/2025",15,6,0,"N/A"
"https://amazon.com/dp/B0F2675P9W","https://m.media-amazon.com/images/I/51pYJYelE0L._SX450_.jpg","B0F2675P9W","Thermal Camera 256x192 IR Imager for Android Type-C (-15°C~550°C) - 3 Languages, Adjustable Emissivity, 28g Portable for PCB/Electrical Repair","GOYOJO","FBM","Industrial & Scientific",578649,"N/A","N/A","N/A","N/A","Thermal Imagers",319,218.8,"N/A",1,1,,193.78,193.74,"N/A","N/A","Elite Meter","China",2,0,"N/A","N/A","N/A","N/A","N/A","N/A","N/A","N/A","03/31/2026",13,1,0,"N/A"
"https://amazon.com/dp/B0CWRBF45B","https://m.media-amazon.com/images/I/61LYPQvaD-L._SX450_.jpg","B0CWRBF45B","TOPDON TC004 Lite (Blue) Handheld Thermal Imaging Camera 160x120 Resolution","TOPDON","FBM","Industrial & Scientific",578777,810139300441,00810139300441,0810139300441,"N/A","Thermal Imagers",320,195.02,"N/A",1,1,,199,198.98,51,4.4,"KART IT","USA",1,0,"N/A","Large Standard-Size",4.8,6.38,11.18,2.07,"N/A","N/A","-",20,8,0,0.02
"https://amazon.com/dp/B0FRS2Z3ZC","https://m.media-amazon.com/images/I/61iJjen6uoL._SX450_.jpg","B0FRS2Z3ZC","HANMATEK Thermal Imager, 96×96 IR Sensor with TISR 240×240 Super Resolution, -4°F to 1022°F, 25Hz Infrared Camera, Type-C Rechargeable, IP54 for Electrical, HVAC & Building Inspection Ti240","HANMATEK","FBA","Industrial & Scientific",581859,"N/A","N/A","N/A","N/A","Thermal Imagers",320,118.99,10,7,7,,799.94,799.76,15,4.7,"Keytape Direct-AU","China",1,0,"N/A","Large Standard-Size",4.69,5.79,10.51,1.26,143.69,396.39,"02/28/2026",6,9,0,0.68
"https://amazon.com/dp/B08JGN21BK","https://m.media-amazon.com/images/I/51Yw+gCaoLL._SX450_.jpg","B08JGN21BK","RubyLux NIR-A Near Infrared Bulb - Grade B 120V for US & Canada (1 Pack)","RubyLux","FBM","Industrial & Scientific",583093,"N/A","N/A","N/A","N/A","Light Therapy",3506,32.99,"N/A",0,0,,"-","-",3,4.4,"bambles1234","USA",1,2,"N/A","N/A","N/A","N/A","N/A","N/A","N/A","N/A","02/28/2025",79,1,0,0
"https://amazon.com/dp/B0DX41JVR7","https://m.media-amazon.com/images/I/81ggj0Wi8YL._SX450_.jpg","B0DX41JVR7","CaseSack Thermal Imager case for TOPDON TC004, TC005 Mini Handheld Thermal Imaging Camera","CaseSack","FBA","Industrial & Scientific",583314,"N/A","N/A","N/A","N/A","Thermal Imagers",320,25.99,-29,3,3,-87,79.1,79.01,3,4.7,"Casesack","Hong Kong",2,42,"N/A","Large Standard-Size",3.98,4.57,9.96,0.47,91.07,251.23,"05/31/2025",15,6,0,0.98
"https://amazon.com/dp/B0DPW8NBSL","https://m.media-amazon.com/images/I/61p8SoPNvoL._SX450_.jpg","B0DPW8NBSL","MLX90640 Handheld Infrared Thermal Imager Portable Non-Contact Temperature Measurement Camera 3.2-inch LCD Display Rechargeable Battery Picture Storage Home Ghost Hunting Use","yyiikee","FBA","Industrial & Scientific",585206,"N/A","N/A","N/A","N/A","Thermal Imagers",321,83,6,0,0,-133,"-","-",1,1,"iwofii","China",1,30,"N/A","Large Standard-Size",5.91,3.54,1.57,0.35,16.59,45.77,"02/28/2025",17,5,0,0
"https://amazon.com/dp/B0F4JG6RMS","https://m.media-amazon.com/images/I/71bzvOX0DGL._SX450_.jpg","B0F4JG6RMS","Maoershan Portable Protection Hard Travel Case for Klein Tools TI250 Rechargeable Thermal Imaging Camera (Only Case)","Maoershan","FBA","Industrial & Scientific",588601,"N/A","N/A","N/A","N/A","Thermal Imagers",325,10.99,-52,0,0,-106,"-","-",1,5,"Maoershan","China",1,0,"N/A","Large Standard-Size",4,4,1.8,0.24,14.5,40,"01/31/2026",13,4,0,0.06
"https://amazon.com/dp/B0G2L4G4GM","https://m.media-amazon.com/images/I/71T9yLpLzJL._SX450_.jpg","B0G2L4G4GM","BSIDE Thermal Camera, 240x240 Resolution with 15 Thermal Palettes, Handheld Infrared Imaging IR Camera with Full-Viewing Color LCD, for Home Inspection Car HVAC DIY Heat Pump Circuit Break, -4℉~1022℉","BSIDE","FBA","Industrial & Scientific",591925,"N/A","N/A",6933540318448,"N/A","Thermal Imagers",326,119.99,-20,1,1,-136,123.94,123.87,1,2,"Measuring Instruments","China",1,0,"N/A","Large Standard-Size",2.64,4.8,8.78,3.99,56,154.49,"12/31/2025",5,9,0,1.05
"https://amazon.com/dp/B0GK9HYZL6","https://m.media-amazon.com/images/I/61ZC4daEqHL._SX450_.jpg","B0GK9HYZL6","Holdwell S Thermal Imaging Camera 240x240 TISR Super Resolution, 96x96 IR Thermal Imager with 25Hz Refresh Rate, -4°F~1022°F, IP54, 6 Color Palettes, 2000mAh Battery","Holdwell S","-","Industrial & Scientific",592778,"N/A","N/A","N/A","N/A","Thermal Imagers",323,129.99,"N/A",1,1,,129.99,129.95,"N/A","N/A",,"N/A",1,0,"N/A","Large Standard-Size",5.71,7.09,12.01,1.7,"N/A","N/A","-",3,"N/A",0,"N/A"
"https://amazon.com/dp/B09M96DW5J","https://m.media-amazon.com/images/I/41lhXSLk81L._SX450_.jpg","B09M96DW5J","PerfectPrime IR501, (IR) Infrared Thermal Imager Camera 32,136 Pixels, -40~626°F, Android Type C Mobile Phone","PerfectPrime","FBA","Industrial & Scientific",603734,"N/A","N/A",5060529683431,"N/A","Hidden Cameras",2675,99.99,-19,0,0,-95,"-","-",5,2.7,"Perfect Prime","Hong Kong",2,32,-54,"Large Standard-Size",1.54,5.16,6.34,0.22,25.37,69.97,"12/31/2024",53,6,3,0.03
"https://amazon.com/dp/B094S3N7GF","https://m.media-amazon.com/images/I/41lhXSLk81L._SX450_.jpg","B094S3N7GF","PerfectPrime IR203, (IR) Infrared Thermal Imager Camera 4800 Pixels, -40~752°F, 15Hz for iOS Mobile Phone","PerfectPrime","FBA","Industrial & Scientific",608678,"N/A",05060529683226,5060529683349,"N/A","Thermal Imagers",328,99.99,"N/A",0,0,-95,"-","-",5,2.7,"Perfect Prime","Hong Kong",0,32,-54,"Large Standard-Size",1.5,4.88,6.65,0.09,24.51,67.61,"12/31/2024",60,6,3,0.03
"https://amazon.com/dp/B094SBBQ35","https://m.media-amazon.com/images/I/41lhXSLk81L._SX450_.jpg","B094SBBQ35","PerfectPrime (IR) Infrared Thermal Imager Camera 4800 Pixels, -40~1832°F, 15Hz for mobile phone","PerfectPrime","FBA","Industrial & Scientific",608681,"N/A","N/A","N/A","N/A","Hidden Cameras",2664,99.99,"N/A",0,0,-95,"-","-",5,2.7,"Perfect Prime","Hong Kong",0,32,-54,"Large Standard-Size",3,3,3,1,13.59,37.5,"12/31/2024",60,6,3,0.03
"https://amazon.com/dp/B0GHRLXRZ4","https://m.media-amazon.com/images/I/71gwETPm9lL._SX450_.jpg","B0GHRLXRZ4","Hcalory 2-in-1 Thermal Imaging Camera with 60,000-Count High-Precision Multimeter, 240x240 TISR, 3.2"" LCD Broad -68°F to 1022°F Temperature Range with Macro Lens for HVAC & Industrial Diagnostics","HCALORY","FBA","Industrial & Scientific",616411,"N/A","N/A","N/A","N/A","Thermal Imagers",332,209.99,-3,1,1,,129.7,129.69,7,4.6,"LuneGus","China",1,0,"N/A","Large Standard-Size",4,2,7,0.5,28.19,77.78,"03/31/2026",3,8,0,0.09
"https://amazon.com/dp/B0C8G7G4R3","https://m.media-amazon.com/images/I/41ewJgKOR1L._SX450_.jpg","B0C8G7G4R3","Sabuly 3.7V High-Performance Replacement Battery for Reed R2050 Thermal Imaging Camera R2050 with /2200mAh","Sabuly","FBM","Industrial & Scientific",617079,"N/A","N/A","N/A","N/A","Thermal Imagers",333,19.57,16,2,2,,45.41,45.31,"N/A","N/A","Sabuly","China",1,0,"N/A","Small Standard-Size",2.7,0.73,0.65,0.21,"N/A","N/A","03/31/2026",34,6,0,"N/A"
"https://amazon.com/dp/B0FCBX5MKB","https://m.media-amazon.com/images/I/51qq1bZGP1L._SX450_.jpg","B0FCBX5MKB","UNI-T Thermal Camera Macro Lens UT-Z003 High Precision Thermal Imager Lens PCB Mobile Phone Repair for UTi260E UTI320E UTI720E UTI730E(UT-Z003)","UNI-T","FBM","Industrial & Scientific",621449,"N/A","N/A","N/A","N/A","Thermal Imagers",335,56,"N/A",3,1,,176.6,45.57,"N/A","N/A","Yuqiao--Store","Hong Kong",1,0,"N/A","Large Standard-Size",7.87,4.72,5.12,2.2,"N/A","N/A","03/31/2026",11,7,2,"N/A"
"https://amazon.com/dp/B07DYDP6JT","https://m.media-amazon.com/images/I/71cjhGPsNJL._SX450_.jpg","B07DYDP6JT","Fluke Ti480 PRO 60HZ Thermal Imager","Fluke","Amazon","Industrial & Scientific",623324,095969862691,00095969862691,0095969862691,"N/A","Thermal Imagers",337,13548.59,-8,3,2,267,30232.66,23798.03,"N/A","N/A","Amazon","N/A",7,24,118,"Large bulky",8.11,19.06,23.23,12.39,"N/A","N/A","08/31/2025",94,7,2,"N/A"
"https://amazon.com/dp/B07KRW4PJ3","https://m.media-amazon.com/images/I/811Fz8uO8+L._SX450_.jpg","B07KRW4PJ3","PerfectPrime IR0019, Infrared (IR) Thermal Imager & Visible Light Camera with IR Resolution 76,800 Pixels & Temperature Range from -4~572°F, 9 Hz Refresh Rate","PerfectPrime","FBM","Industrial & Scientific",628612,"N/A","N/A",5060529682427,"N/A","Thermal Imagers",341,499.99,20,1,1,-100,543.06,543.01,40,3.9,"Perfect Prime","Hong Kong",2,19,"N/A","Large Standard-Size",4.72,6.69,11.42,1.41,"N/A","N/A","06/30/2025",89,9,0,0.03
"https://amazon.com/dp/B00AQKHNXQ","https://m.media-amazon.com/images/I/91xtD1xfRUL._SX450_.jpg","B00AQKHNXQ","Fluke BOOK-ITP Introduction to Thermography Principles Book","Fluke","FBM","Industrial & Scientific",630443,095969681896,"N/A",0095969681896,"N/A","Thermal Imagers",340,41.87,-38,3,3,,143.13,143.05,1,1,"Test Equipment Depot","USA",1,2,"N/A","Small Standard-Size",8.9,5.9,0.6,0.3,"N/A","N/A","01/31/2025",166,1,0,3.42
"https://amazon.com/dp/B07QSCBVKK","https://m.media-amazon.com/images/I/61b2LhDQCfL._SX450_.jpg","B07QSCBVKK","Fluke Ti401 Pro Thermal Imager","Fluke","FBM","Industrial & Scientific",633657,095969909440,00095969909440,0095969909440,"N/A","Thermal Imagers",338,11409.99,-12,3,1,267,30232.66,6434.56,0,"N/A","Empire Rigging & Supply","USA",2,24,118,"Large bulky",8.5,11,15.5,8.45,"N/A","N/A","08/31/2025",84,4,2,"N/A"
"https://amazon.com/dp/B0FCBX64Q9","https://m.media-amazon.com/images/I/51ijPUToz4L._SX450_.jpg","B0FCBX64Q9","UNI-T Thermal Camera Macro Lens UT-Z002 High Precision Thermal Imager Lens PCB Mobile Phone Repair for UTi260B UTI260A(UT-Z002)","UNI-T","FBM","Industrial & Scientific",636749,"N/A","N/A","N/A","N/A","Thermal Imagers",343,55,"N/A",3,2,,176.6,130.84,"N/A","N/A","Yuqiao--Store","Hong Kong",1,0,"N/A","Large Standard-Size",7.87,4.72,5.12,2.2,"N/A","N/A","03/31/2026",11,7,2,"N/A"
"https://amazon.com/dp/B0D3LHZ7JY","https://m.media-amazon.com/images/I/41l+hSEX5oL._SX450_.jpg","B0D3LHZ7JY","TOPDON USA - TS001 - Thermal Imaging Camera for Android Devices","TOPDON","FBM","Industrial & Scientific",638087,810139300632,00810139300632,0810139300632,"N/A","Thermal Imagers",345,312.77,"N/A",0,0,100,"-","-",72,4,"UnbeatableSale, Inc","USA",1,0,"N/A","Large Standard-Size",2.64,5.04,6.14,0.93,"N/A","N/A","11/30/2025",9,8,0,0
"https://amazon.com/dp/B0DPMQZLQ1","https://m.media-amazon.com/images/I/61bQE1zKozL._SX450_.jpg","B0DPMQZLQ1","LAUREII ShortCam HD 256x192 Infrared Thermal Imaging Camera for Home & Automotive Inspection","LAUREII","FBA","Industrial & Scientific",641975,"N/A","N/A","N/A","N/A","Thermal Imagers",347,128,-33,1,1,-86,133.53,133.5,5,3.2,"Laureii Direct","China",1,28,"N/A","Large Standard-Size",9.1,3.5,3.5,0.65,56.12,154.83,"02/28/2025",17,9,0,0.21
"https://amazon.com/dp/B08R93WZ6H","https://m.media-amazon.com/images/I/71HIS5z82DL._SX450_.jpg","B08R93WZ6H","PerfectPrime IR202, (IR) Infrared Thermal Imager Camera 4800 Pixels, -40~752°F, 15Hz for Android Type C Mobile Phone","PerfectPrime","FBM","Industrial & Scientific",648809,"N/A","N/A",5060529683189,"N/A","Thermal Imagers",351,139.99,-1,0,0,-95,"-","-",156,3.2,"Perfect Prime","Hong Kong",1,32,-54,"Large Standard-Size",1.34,5.2,6.69,0.09,"N/A","N/A","12/31/2024",64,4,3,0
"https://amazon.com/dp/B00F2TA9XW","https://m.media-amazon.com/images/I/51Wk0GToZkL._SX450_.jpg","B00F2TA9XW","Fluke Lens/TELE2 Infrared Telephoto Lens for Industrial Thermal Imager","Fluke","Amazon","Industrial & Scientific",649270,785577364389,00095969668637,0785577364389,"N/A","Thermal Imagers",352,1825.94,-24,3,3,,4967.76,4967.69,1,5,"Amazon","N/A",2,5,400,"Large Standard-Size",5.59,6.3,6.97,0.93,"N/A","N/A","03/31/2026",152,1,0,2.72
"https://amazon.com/dp/B0C6FNY46G","https://m.media-amazon.com/images/I/71xZ-aVewDL._SX450_.jpg","B0C6FNY46G","ZEISS DTI 6/20 Thermal Imaging Camera","ZEISS","FBM","Industrial & Scientific",650333,740035016842,"N/A",0740035016842,"N/A","Thermal Imagers",353,2389.98,-6,0,0,-133,"-","-",2,4.1,"EuroOptic (✅ Authorized Dealer ✅ Fastest Shipping)","USA",2,17,"N/A","Large Standard-Size",4.7,11.5,12.2,4.45,"N/A","N/A","10/31/2024",35,6,2,0
"https://amazon.com/dp/B07PJTQ149","https://m.media-amazon.com/images/I/41jlYDYZK5L._SX450_.jpg","B07PJTQ149","FLIR Scion OTM 9Hz Thermal Imaging Monocular","FLIR","Amazon","Industrial & Scientific",665377,849815010114,"N/A",0849815010114,"N/A","Thermal Imagers",357,3149,25,0,0,-120,"-","-",3,3.6,"Amazon","N/A",1,15,"N/A","Large Standard-Size",3.54,6.26,10.08,2.68,"N/A","N/A","06/30/2024",83,8,3,0
"https://amazon.com/dp/B010T5EALU","https://m.media-amazon.com/images/I/61IDSvoRP2L._SX450_.jpg","B010T5EALU","NEW FIREYE UV1A3 ULTRA-VIOLET FLAME SCANNER W/ 3FT FLEX CABLE SENSOR D502346","fireye","FBM","Industrial & Scientific",668100,"N/A","N/A","N/A","N/A","Thermal Imagers",360,219.38,-5,2,2,600,547.58,547.51,1,5,"Homestead Supply & More ✅","USA",9,7,-63,"Large Standard-Size",11.25,8.25,4.25,0.5,"N/A","N/A","05/31/2024",130,7,0,2.37
"https://amazon.com/dp/B0CFLWQJMN","https://m.media-amazon.com/images/I/51Usf7fjh4L._SX450_.jpg","B0CFLWQJMN","Topdon TD52120003 Tc002 - Thermal Imaging Camera For Ios Devices 256x192 Resolution","TOPDON","FBM","Industrial & Scientific",672059,850028162903,00850028162903,0850028162903,"N/A","Thermal Imagers",361,233.99,-8,0,0,,"-","-",2,5,"CBM Tools","USA",6,11,-21,"Large Standard-Size",1.93,4.09,5.39,0.4,"N/A","N/A","03/31/2025",38,3,0,0.04
"https://amazon.com/dp/B0F1D9GGT3","https://m.media-amazon.com/images/I/61CnXivUxdL._SX450_.jpg","B0F1D9GGT3","XEAST Handheld Thermal Imaging Camera, 320 x 240 LCD Screen Infrared Camera 256 x 192 IR Resolution Thermal Imaging Gun, 25Hz Refresh Rate, -4°F to 1022°F with PC Analysis and Video Recording","XEAST","FBA","Industrial & Scientific",674253,"N/A","N/A","N/A","N/A","Thermal Imagers",363,189.99,"N/A",0,0,-75,"-","-",1,5,"MAOTAI INSTRUMETNS","China",1,0,"N/A","Large Standard-Size",10.6,6.3,5.1,1.89,171.47,473.03,"02/28/2026",14,9,0,0
"https://amazon.com/dp/B0DZCVCFZW","https://m.media-amazon.com/images/I/7186HIf8VrL._SX450_.jpg","B0DZCVCFZW","MLX90640 IR Array Thermal Imaging Camera, 55° FOV (Field of View), 32x24 IR Array, I2C Interface, Compatible with Raspberry Pi 5/ 4B/3B+/3B/2B/A+/Zero W/WH/Zero 2 W/Pico 2W/Ar-duino/STM32,etc.","UeeKKoo","FBM","Industrial & Scientific",684805,"N/A","N/A","N/A","N/A","Thermal Imagers",365,69.99,36,1,1,25,82.45,82.41,"N/A","N/A","UeeKKoo","China",1,9,"N/A","Small Standard-Size",0.2,0.5,0.2,0.02,"N/A","N/A","04/30/2025",14,8,0,"N/A"
"https://amazon.com/dp/B0FK2CMMYL","https://m.media-amazon.com/images/I/41qNwZoBNoL._SX450_.jpg","B0FK2CMMYL","FAINAT Pro Mini Handheld Thermal Camera with LED Light, 240x240 TISR Resolution Infrared Camera, -4°F to 1022°F & 50° Wide View Thermal Gun, 25Hz Lightweight Thermal Imager for Electricians/HVAC/Auto","FAINAT","FBA","Industrial & Scientific",685861,"N/A","N/A","N/A","N/A","Thermal Imagers",366,99.99,"N/A",1,1,,140.86,140.8,"N/A","N/A","FAINAT","China",1,0,"N/A","Large Standard-Size",2.8,6.02,9.29,0.75,78.84,217.49,"02/28/2026",9,7,0,"N/A"
"https://amazon.com/dp/B07Z7J6LXD","https://m.media-amazon.com/images/I/61SRxGTJQyL._SX450_.jpg","B07Z7J6LXD","384 x 288 IR Resolution Infrared Thermal Imaging Camera for Android Smartphones, USB or Type-C with 25 HZ, Hti-Xintai Thermal Imaging Camera","Hti-Xintai","FBA","Industrial & Scientific",686040,"N/A","N/A",6404600942458,"N/A","Thermal Imagers",367,461.29,-4,0,0,,"-","-",166,4.1,"XT Instrument","China",1,24,-35,"Large Standard-Size",2.44,5.83,6.93,0.51,49.63,136.92,"06/30/2025",78,9,0,0
"https://amazon.com/dp/B0FNBDLX55","https://m.media-amazon.com/images/I/61W5ylJ3UFL._SX450_.jpg","B0FNBDLX55","Handheld Infrared Thermal Imaging Camera 320x240 Resolution Thermal Imager with 2.8” LCD Display -30°C to 200°C Temperature Range Compact for Home, Automotive Industrial Use Ghost Hunting Equipment","yyiikee","FBA","Industrial & Scientific",690227,"N/A","N/A","N/A","N/A","Thermal Imagers",370,79,"N/A",0,0,,"-","-","N/A","N/A","iwofii","China",1,0,"N/A","Large Standard-Size",5.91,3.54,1.57,0.35,16.59,45.77,"03/31/2026",8,7,0,"N/A"
"https://amazon.com/dp/B0GTP1FZF5","https://m.media-amazon.com/images/I/61DbsKaLx5L._SX450_.jpg","B0GTP1FZF5","Dpofirs Thermal Camera HAT for 5 4B 3B Pico, 80x62 Pixels, 45° FOV, 40-Pin GPIO, Shutterless Thermal Imaging Module","Dpofirs","-","Industrial & Scientific",694181,"N/A","N/A","N/A","N/A","Thermal Imagers",371,130.14,"N/A",0,0,,"-","-","N/A","N/A",,"N/A",1,0,"N/A","Large Standard-Size",4.72,2.76,1.57,0.1,"N/A","N/A","-",1,"N/A",0,"N/A"
"https://amazon.com/dp/B076DR453Y","https://m.media-amazon.com/images/I/41J3z+Y7XmL._SX450_.jpg","B076DR453Y","PK Power USB Data/Charging Cable Charger Power Cord Lead for FLIR TG165 Imaging IR Thermometer Thermal Infrared Thermo Meter Camera","PKPOWER","FBM","Industrial & Scientific",697971,716833312790,"N/A",0716833312790,"N/A","Thermal Imagers",372,10.89,-18,1,1,300,13.22,13.14,1,5,"PK-Power","China",1,8,"N/A","N/A","N/A","N/A","N/A","N/A","N/A","N/A","11/30/2025",103,3,0,1.23
"https://amazon.com/dp/B0CQY3988S","https://m.media-amazon.com/images/I/51NDPh4ALQL._SX450_.jpg","B0CQY3988S","J-ZMQER AC Adapter Charger Compatible with Fluke Ti105 Ti110 Ti125 Thermal Imagers Camera IR Imager","J-ZMQER","FBM","Industrial & Scientific",700116,"N/A","N/A","N/A","N/A","Thermal Imagers",373,22.99,16,5,5,,115.25,115.12,"N/A","N/A","J-ZMQER","China",1,5,"N/A","N/A","N/A","N/A","N/A","N/A","N/A","N/A","04/30/2026",28,5,0,"N/A"
"https://amazon.com/dp/B0CMQVBWNL","https://m.media-amazon.com/images/I/71C4cpd+j5L._SX450_.jpg","B0CMQVBWNL","Sunydog AMG8833 IR 8 * 8 Infrared Thermal Imager Array Temperature Sensor 7M Farthest Detection Distance with Housing","Sunydog","FBM","Industrial & Scientific",700420,"N/A","N/A","N/A","N/A","Thermal Imagers",374,57.59,22,2,2,,139.14,139.03,4,2.7,"KIMYILAND","China",1,4,"N/A","Large Standard-Size",1.89,5.24,6.26,0.07,"N/A","N/A","10/31/2024",30,9,0,0.58
"https://amazon.com/dp/B0GR4MFDP4","https://m.media-amazon.com/images/I/41ZgsUCVJEL._SX450_.jpg","B0GR4MFDP4","NF-521S IR Thermal Camera Imager 120 * 90 Resolution Without delay Automatic Tracking 8GB Thermographic Camera","Generic","FBM","Industrial & Scientific",703824,"N/A","N/A","N/A","N/A","Thermal Imagers",375,252,"N/A",0,0,,"-","-","N/A","N/A","Instrument sink","China",1,0,"N/A","Large Standard-Size",3.94,3.94,9.84,1.1,"N/A","N/A","-",38,7,0,"N/A"
"https://amazon.com/dp/B0G6YM25LB","https://m.media-amazon.com/images/I/51amwDz2wuL._SX450_.jpg","B0G6YM25LB","Minhe 2.4 Inch LCD Handheld Thermal Imager, Infrared Temperature Detector Camera with USB Interface for Heat Detection of PCB, Automotive, and Electrical Components (-40°C to +300°C)","Minhe","FBM","Industrial & Scientific",703995,"N/A","N/A","N/A","N/A","Thermal Imagers",376,63.22,"N/A",0,0,,"-","-","N/A","N/A","Minhemall","N/A",1,0,"N/A","N/A","N/A","N/A","N/A","N/A","N/A","N/A","-",5,9,0,"N/A"
"https://amazon.com/dp/B0DZ6LJBG6","https://m.media-amazon.com/images/I/71bW9lAM+1L._SX450_.jpg","B0DZ6LJBG6","Portable Infrared Thermal Imaging Camera with 2.8"" LCD Display, 320x240 Resolution, -40°C to 300°C Range, USB-C Rechargeable, Built-in Storage for Home & Industrial Use","yyiikee","FBA","Industrial & Scientific",705557,"N/A","N/A","N/A","N/A","Thermal Imagers",377,89,-33,0,0,-71,"-","-",1,3,"iwofii","China",1,21,"N/A","Large Standard-Size",7.87,5.51,1.57,0.62,34.41,94.93,"10/31/2025",14,6,0,0.02
"https://amazon.com/dp/B0FNC9K1JQ","https://m.media-amazon.com/images/I/61QvKWfagUL._SX450_.jpg","B0FNC9K1JQ","Thermal Master T2 Max Thermal Vision for Android, 512x384 Super Resolution Thermal Monocular with 50Hz, Hotspot Tracker, 15mm Manual Lens, 15x Digital Zoom, Grey","Thermal Master","FBA","Industrial & Scientific",710623,"N/A","N/A","N/A","N/A","Thermal Imagers",376,399,-14,1,1,300,255.4,255.39,8,4.7,"Thermal Master Official","China",1,0,"N/A","Large Standard-Size",9,8,3,2.2,108.75,300,"11/30/2025",8,8,0,0.08
"https://amazon.com/dp/B0FF51JC4H","https://m.media-amazon.com/images/I/61R9kii0XFL._SX450_.jpg","B0FF51JC4H","JTLB Infrared Thermal Imager 180x240-20℃ to 550℃ Double Mode 8GB Thermal Imaging Camera for Electricity Machinery Construction","JTLB","-","Industrial & Scientific",711102,"N/A","N/A","N/A","N/A","Thermal Imagers",380,172.89,"N/A",0,0,,"-","-","N/A","N/A",,"N/A",1,0,"N/A","Large Standard-Size",3.7,5.79,11.02,1.21,"N/A","N/A","-",8,"N/A",0,"N/A"
"https://amazon.com/dp/B0DHLXNJJT","https://m.media-amazon.com/images/I/51PLMOTCnRL._SX450_.jpg","B0DHLXNJJT","WindSeeker - Highly Visible, Precise Wind, Thermal, and Air Current Detector, Rechargeable, Refillable, Powerbank","WindSeeker","FBA","Industrial & Scientific",713435,197644017546,"N/A",0197644017546,"N/A","Thermal Imagers",382,74.99,63,0,0,-122,"-","-",2,5,"Rackulator","USA",2,24,"N/A","Large Standard-Size",1.61,5.12,5.75,0.75,23.86,65.83,"11/30/2025",19,9,0,0.04
"https://amazon.com/dp/B0BFZLJPB5","https://m.media-amazon.com/images/I/51QcZihlcWL._SX450_.jpg","B0BFZLJPB5","XICOOLEE Thermal Camera MLX90640-D110 IR Array Thermal Imaging Camera,I2C Interface 32 * 24 Pixel Infrared Array,110 Degree Field of View","xicoolee","FBA","Industrial & Scientific",719109,761228497293,"N/A",0761228497293,"N/A","Thermal Imagers",382,66.5,13,0,0,-133,"-","-","N/A","N/A","Xicoolee","China",2,19,"N/A","Large Standard-Size",4.52,2.57,1.57,0.13,9.18,25.33,"05/31/2025",43,7,0,"N/A"
"https://amazon.com/dp/B0DYJJ2S35","https://m.media-amazon.com/images/I/71f-JKZatkL._SX450_.jpg","B0DYJJ2S35","Zopsc Thermal Imaging Sensor Module, 80x62 Pixels 45° FOV 25FPS 40PIN GPIO Thermal Imaging Camera Module for RasPi 5 4B 3B for Zero W 2W for Pico W WH","Zopsc","FBM","Industrial & Scientific",720799,"N/A","N/A","N/A","N/A","Thermal Imagers",387,129.65,"N/A",0,0,,"-","-","N/A","N/A","Zopsc","China",1,0,"N/A","Large Standard-Size",4.72,2.76,1.57,0.1,"N/A","N/A","-",14,9,0,"N/A"
"https://amazon.com/dp/B0D2XPMNMN","https://m.media-amazon.com/images/I/41-pkS5Kf7L._SX450_.jpg","B0D2XPMNMN","Long-Wave IR Thermal Imaging Camera Module, Type-C Port, RPi IR Camera, 80×62 Pixels, Wide Angle Version (90° FOV) (Thermal-90 USB Camera)","TUOPUONE","FBM","Industrial & Scientific",721240,"N/A","N/A","N/A","N/A","Thermal Imagers",388,143.99,"N/A",0,0,,"-","-","N/A","N/A","TUOPUONE US","China",1,0,"N/A","N/A","N/A","N/A","N/A","N/A","N/A","N/A","-",24,9,0,"N/A"
"https://amazon.com/dp/B0DK5L8Z8F","https://m.media-amazon.com/images/I/61s8biY0s+L._SX450_.jpg","B0DK5L8Z8F","Startbuymore Multi Function Thermal Imager, Handheld Digital Infrared Thermal Imaging Camera, Infrared Thermal Imager Sensor with LCD Display for Home and Industrial Use","Startbuymore","FBM","Industrial & Scientific",721816,"N/A","N/A","N/A","N/A","Thermal Imagers",389,71.69,-41,0,0,,"-","-",3,3,"UsSHOP","China",1,0,"N/A","N/A","N/A","N/A","N/A","N/A","N/A","N/A","11/30/2024",18,9,0,0
"https://amazon.com/dp/B0G2XZGJFP","https://m.media-amazon.com/images/I/319M6BTTiYL._SX450_.jpg","B0G2XZGJFP","MSDDEC TIOP03 MLX90640 Thermal Imager 32x24 Resolution Compatible for Android Devices Using Type-C Connector for Routine Detection","MSDDEC","FBA","Industrial & Scientific",726708,"N/A","N/A","N/A","N/A","Thermal Imagers",392,56.99,"N/A",1,1,,56.99,56.96,"N/A","N/A","智成科技","China",1,0,"N/A","Large Standard-Size",3.94,3.94,1.18,0.12,9.22,25.43,"03/31/2026",5,8,0,"N/A"
"https://amazon.com/dp/B09G6J5GV6","https://m.media-amazon.com/images/I/31UE8SX03rS._SX450_.jpg","B09G6J5GV6","BestCH AC/DC Adapter For Fluke Ti10 Ti25 IR Fusion Technology Thermal Imager Camera Imaging System Ti-Series Power Supply Cord Cable Battery Charger Input: 100-240 VAC Worldwide Use Mains PSU","BestCH","FBM","Industrial & Scientific",727161,"N/A","N/A",5747432089269,"N/A","Thermal Imagers",392,16.46,-31,3,3,,45.46,45.39,"N/A","N/A","Best Charger","China",1,3,"N/A","N/A","N/A","N/A","N/A","N/A","N/A","N/A","01/31/2025",56,7,0,"N/A"
"https://amazon.com/dp/B0F5WTBCNP","https://m.media-amazon.com/images/I/71ZGIer0deL._SX450_.jpg","B0F5WTBCNP","BSIDE Thermal Imaging Camera Multimeter 320×320 Resolution with 20000 Words Multimeter Function 3.98'' Touchscreen 25Hz Infrared Thermal Camera (-20-550℃) 15 Thermal Palettes TRMS Auto-Ranging Tester","MAXRIENY","FBA","Industrial & Scientific",727488,"N/A","N/A",6933540318028,"N/A","Thermal Imagers",393,249.99,-1,0,0,,"-","-",6,3.3,"MAXRIENY","China",1,0,"N/A","Large Standard-Size",2.05,6.3,11.42,1.15,74.26,204.85,"09/30/2025",12,9,0,0.01