"URL","Image URL","ASIN","Title","Brand","Fulfillment","Category","BSR","UPC","GTIN","EAN","ISBN","Subcategory","Subcategory BSR","Price","Price Trend (90 days) (%)","Parent Level Sales","ASIN Sales","Sales Trend (90 days) (%)","Parent Level Revenue","ASIN Revenue","Review Count","Reviews Rating","Seller","Seller Country/Region","Number of Active Sellers","Last Year Sales","Sales Year Over Year (%)","Shipping Details","Length","Width","Height","Weight","Storage Fee (Jan - Sep)","Storage Fee (Oct - Dec)","Best Sales Period","Listing Age (Months)","Number of Images","Variation Count","Sales to Reviews"
"https://amazon.com/dp/B0F29969G1","https://m.media-amazon.com/images/I/71vCWHq8vZL._SX450_.jpg","B0F29969G1","TOPDON TC004 Mini Thermal Imaging Camera, 240 x 240 TISR Resolution, 15-Hour Battery Life, 128 x 128 IR Resolution, 25Hz Handheld Infrared Camera with High/Low Temp Alerts, Auto Shutdown- Blue","TOPDON","FBA","Industrial & Scientific",1539,810139302261,"N/A",0810139302261,"N/A","Thermal Imagers",1,199,-6,2751,2751,,433204.94,433203.97,769,4.5,"Topdononline","China",4,0,"N/A","Large Standard-Size",3.66,3.9,9.33,1.04,67.05,184.97,"03/31/2026",13,9,5,3.58
"https://amazon.com/dp/B0G18XF8FC","https://m.media-amazon.com/images/I/51+XsGbo1BL._SX450_.jpg","B0G18XF8FC","AccuMEMS GT14S Thermal Imaging Camera with Thermometer Mode, Ultra-Light 240g, -4°F~1022°F Range, 14H Runtime, Live Tracking with Edge-Enhanced Display, Infrared Camera for HVAC/Electrical Inspection","AccuMEMS","FBA","Industrial & Scientific",4131,"N/A","N/A","N/A","N/A","Thermal Imagers",3,128.5,-49,609,609,252,82693.41,82691.32,44,4.6,"AccuMEMS Direct","N/A",1,0,"N/A","Large Standard-Size",4.02,4.57,9.49,0.97,87.78,242.15,"03/31/2026",3,9,0,15.22
"https://amazon.com/dp/B0F8VQ7R3R","https://m.media-amazon.com/images/I/41ZZicV47lL._SX450_.jpg","B0F8VQ7R3R","Flagfront Thermal Camera, 240 x 240 TISR Resolution, -4°F to 1022°F Temp Range, 25Hz Infrared Camera with Temperature Alarm, 50°FOV Handheld Thermal Imaging Camera","Flagfront","FBA","Industrial & Scientific",4279,"N/A","N/A","N/A","N/A","Thermal Imagers",3,99.99,-39,1216,1216,-15,119915.51,119903.44,176,4.3,"Top-LaserRanging","China",2,0,"N/A","Large Standard-Size",4.21,5.04,10.83,1.01,115.7,319.16,"01/31/2026",9,7,0,7.03
"https://amazon.com/dp/B0CWS4BVCX","https://m.media-amazon.com/images/I/61HsuWBo+6L._SX450_.jpg","B0CWS4BVCX","HF96 Thermal Camera with AI Scene Detection, Laser Pointer, 240x240 Super Resolution, -4°F~1022°F, Thermal Imaging Camera for HVAC Electrical Building Inspection,25Hz Infrared Camera,11h Runtime","HSFTOOLS","FBA","Industrial & Scientific",5050,"N/A","N/A","N/A","N/A","Thermal Imagers",4,199.99,-44,1650,1650,,323603.44,323603.34,840,4.5,"HSFTOOLS Direct","Vietnam",2,7962,-60,"Large Standard-Size",3.9,5.87,9.84,1.43,113.42,312.87,"02/28/2025",24,9,0,1.96
"https://amazon.com/dp/B072J49BX7","https://m.media-amazon.com/images/I/81hvNC3zzWL._SX450_.jpg","B072J49BX7","Flir One Pro - Thermal Imaging Camera for iOS Smartphones (iPhone 14 and Older w/Lightning Port), 480x360 Super Resolution (160x120 Native IR)","FLIR","Amazon","Industrial & Scientific",5109,812462024100,00812462024094,0812462024094,"N/A","Thermal Imagers",5,359,-18,1124,51,-53,295042.43,18525.98,2332,4.4,"Amazon","N/A",3,10386,"N/A","Large Standard-Size",2.72,4.13,6.1,0.73,"N/A","N/A","02/28/2026",107,10,6,0.48
"https://amazon.com/dp/B0728C7KNC","https://m.media-amazon.com/images/I/71V99LLD9KL._SX450_.jpg","B0728C7KNC","Flir One - Thermal Imaging Camera for Android Smartphones (USB-C), 240x180 Super Resolution (80x60 Native IR)","FLIR","FBA","Industrial & Scientific",5110,812462024032,00812462024032,0812462024032,"N/A","Thermal Imagers",5,199,-22,1124,183,-53,295042.43,36286.13,3706,4.1,"Northwest Selling Solutions","USA",3,10386,"N/A","Large Standard-Size",2.72,4.06,5.75,0.73,31.97,88.19,"02/28/2026",105,11,6,0.3
"https://amazon.com/dp/B0716ZGL7C","https://m.media-amazon.com/images/I/81zzhdCCpKL._SX450_.jpg","B0716ZGL7C","Flir One Pro - Thermal Imaging Camera for Android Smartphones (USB-C), 480x360 Super Resolution (160x120 Native IR)","FLIR","FBA","Industrial & Scientific",5121,812462024155,00812462024155,8124620241550,"N/A","Thermal Imagers",5,393.4,-22,1124,74,-53,295042.43,28533.04,1338,4.1,"Northwest Selling Solutions","USA",4,10386,"N/A","Large Standard-Size",2.91,7.13,11.26,0.79,117.69,324.67,"02/28/2026",107,11,6,0.84
"https://amazon.com/dp/B0DPXWFD12","https://m.media-amazon.com/images/I/81-UnueRXPL._SX450_.jpg","B0DPXWFD12","Flir One Pro - Thermal Imaging Camera for iOS Smartphones (iPhone 15 and Newer w/USB-C), 480x360 Super Resolution (160x120 Native IR)","FLIR","FBA","Industrial & Scientific",5121,845188032616,04743254007390,4743254007390,"N/A","Thermal Imagers",5,393.4,-29,1114,225,-57,292973.71,90101.57,45,4.1,"Northwest Selling Solutions","USA",3,10385,"N/A","Large Standard-Size",2.72,4.13,5.91,0.68,33.43,92.21,"02/28/2026",14,9,6,24.75
"https://amazon.com/dp/B0728C7KND","https://m.media-amazon.com/images/I/71HKRvZvI+L._SX450_.jpg","B0728C7KND","Flir One - Thermal Imaging Camera for iOS Smartphones (iPhone 14 and Older w/Lightning Port), 240x180 Super Resolution (80x60 Native IR)","FLIR","Amazon","Industrial & Scientific",5122,812462023974,00812462023974,0812462023974,"N/A","Thermal Imagers",5,214,6,1124,115,-53,295042.43,23973.77,3014,4.3,"Amazon","N/A",3,10386,"N/A","Large Standard-Size",2.72,4.13,5.75,0.73,"N/A","N/A","02/28/2026",104,10,6,0.37
"https://amazon.com/dp/B0DPXX7P5M","https://m.media-amazon.com/images/I/71e1ff4IeIL._SX450_.jpg","B0DPXX7P5M","Flir One - Thermal Imaging Camera for iOS Smartphones (iPhone 15 and Newer w/USB-C), 240x180 Super Resolution (80x60 Native IR)","FLIR","FBA","Industrial & Scientific",5646,845188032623,"N/A",0845188032623,"N/A","Thermal Imagers",4,213.5,-21,1124,472,-53,295042.43,95752.73,176,4.1,"Northwest Selling Solutions","USA",2,10386,"N/A","Large Standard-Size",2.72,4.13,5.75,0.73,32.5,89.65,"02/28/2026",14,9,6,6.38
"https://amazon.com/dp/B08D3YC5CW","https://m.media-amazon.com/images/I/61TTozR3jYL._SX450_.jpg","B08D3YC5CW","FLIR TG165-X Thermal Imaging Camera with Bullseye Laser: Commercial Grade Infrared Camera for Building Inspection, HVAC and Electrical","FLIR","Amazon","Industrial & Scientific",7310,845188019570,07332558023822,7332558023822,"N/A","Thermal Imagers",7,378.5,-5,885,477,-4,464957.11,180836.83,824,4.4,"Amazon","N/A",3,11544,"N/A","Large Standard-Size",4.09,5.98,11.34,1.72,"N/A","N/A","11/30/2024",69,6,6,1.07
"https://amazon.com/dp/B0F2N9K5VC","https://m.media-amazon.com/images/I/61BmgWoQvsL._SX450_.jpg","B0F2N9K5VC","FLIR TG298 Thermal Imaging Camera with High Temperature Spot IR Super Resolution 320x240 (160x120 Native IR) and Bullseye Laser: Industrial Infrared Spot Camera for High-Temp Applications","FLIR","FBA","Industrial & Scientific",7350,845188030568,"N/A",0845188030568,"N/A","Thermal Imagers",7,899,-15,885,121,-4,464957.11,108781.53,6,3.5,"Northwest Selling Solutions","USA",3,11544,"N/A","Large Standard-Size",4.29,8.74,12.6,1.87,237.86,656.16,"11/30/2024",13,7,6,147.56
"https://amazon.com/dp/B07XH96SK4","https://m.media-amazon.com/images/I/61XzvcblFsL._SX450_.jpg","B07XH96SK4","FLIR TG267 Thermal Imaging Camera with Bullseye Laser: Commercial Grade Infrared Camera for Building Inspection, HVAC and Electrical","FLIR","FBA","Industrial & Scientific",7352,845188019587,00845188019587,7332558023839,"N/A","Thermal Imagers",7,429,-32,885,99,-4,464957.11,44094.09,544,4.2,"Northwest Selling Solutions","USA",1,11544,"N/A","Large Standard-Size",4.45,9.45,12.28,1.9,260,717.23,"11/30/2024",80,7,6,1.63
"https://amazon.com/dp/B0G41CN7FD","https://m.media-amazon.com/images/I/71yGhF7avQL._SX450_.jpg","B0G41CN7FD","FOXWELL RT280 PRO Thermal Camera 640x480 Imaging Resolution, Dual-Camera Thermal Imaging Camera with 2MP Visual Camera, 512x384 TISR Resolution, Infrared Cameras with Laser, PC Analysis","FOXWELL","FBA","Industrial & Scientific",7745,"N/A","N/A","N/A","N/A","Thermal Imagers",6,349,-35,583,166,,129122.12,57365.87,235,4.5,"Foxwell US","China",1,0,"N/A","Large Standard-Size",3.7,5.75,10.91,1.34,116.86,322.38,"04/30/2026",5,9,3,2.48
"https://amazon.com/dp/B0FN7JCVT3","https://m.media-amazon.com/images/I/71BhSsYvjxL._SX450_.jpg","B0FN7JCVT3","FOXWELL RT280 Thermal Imaging Camera, 320 X 240 2.8"" LCD Screen Thermal Camera, TISR Resolution 240 x 180, 25Hz Handheld Infrared Cameras with Laser, PC Analysis, Photo & Video Recording, 8GB","FOXWELL","FBA","Industrial & Scientific",7838,"N/A","N/A","N/A","N/A","Thermal Imagers",6,159.99,34,583,776,,129122.12,131012.5,235,4.5,"Foxwell US","China",1,0,"N/A","Large Standard-Size",3.7,5.71,10.98,1.37,116.79,322.19,"04/30/2026",8,9,3,2.48
"https://amazon.com/dp/B0G6DHNZJG","https://m.media-amazon.com/images/I/61UhzeF28eL._SX450_.jpg","B0G6DHNZJG","F2W Thermal Camera 640x480 Super Resolution, Thermal Imaging Camera 256x192 IR Resolution, IntellFault Intelligent Scene,3.2"" Screen,25Hz,-4°F to 1022°F,App Image Transfer & PC Analysis,Case","HSFTOOLS","FBA","Industrial & Scientific",9803,"N/A","N/A","N/A","N/A","Thermal Imagers",8,289,-5,836,587,,274861.95,193478.65,216,4.6,"HSFTOOLS Direct","Vietnam",1,0,"N/A","Large Standard-Size",4.61,8.03,12.24,2.05,228.13,629.31,"03/31/2026",5,9,2,3.87
"https://amazon.com/dp/B0892MZZT1","https://m.media-amazon.com/images/I/41nVj00W+JL._SX450_.jpg","B0892MZZT1","FLIR C5 Compact Thermal Imaging Camera with Wifi: High Resolution Infrared Imager for Inspection, Electrical/Mechanical, Building, and HVAC Applications","FLIR","FBA","Industrial & Scientific",10123,845188021832,04743254004467,4743254004467,"N/A","Thermal Imagers",9,610.06,-19,701,268,11,462307.75,164480.8,1025,4.3,"Northwest Selling Solutions","USA",8,0,"N/A","Large Standard-Size",3.78,4.65,6.22,1.1,55.04,151.85,"10/31/2025",71,7,4,0.68
"https://amazon.com/dp/B0FMH37XL7","https://m.media-amazon.com/images/I/71Rk2HIHPZL._SX450_.jpg","B0FMH37XL7","FLIR C8 Compact Thermal Imaging Camera: High Resolution Infrared Imager (320x240) for Inspection, Electrical/Mechanical, Building, and HVAC Applications","FLIR","FBA","Industrial & Scientific",10647,845188033576,"N/A",0845188033576,"N/A","Thermal Imagers",8,899,93,679,156,11,451956.23,140090.74,10,4.3,"Northwest Selling Solutions","USA",1,0,"N/A","Large Standard-Size",3.7,4.76,6.26,1.21,55.51,153.13,"10/31/2025",8,8,4,67.87
"https://amazon.com/dp/B0F8MZVFBJ","https://m.media-amazon.com/images/I/41OGwHmLzoL._SX450_.jpg","B0F8MZVFBJ","TOPDON TC002C Duo Thermal Camera, Compatible with Any USB-C iPhone, iPad & Android Device, 512 x 384 Super Resolution, 256 x 192 IR Resolution Thermal Imager, -4°F~1022°F Temp Range -Grey","TOPDON","FBA","Industrial & Scientific",10774,810139302353,"N/A",0810139302353,"N/A","Thermal Imagers",7,319,12,847,847,,203665.33,203662.63,242,4.6,"TOPDON Authorized","China",3,0,"N/A","Large Standard-Size",1.89,4.69,7.01,0.49,31.28,86.3,"03/31/2026",12,7,4,3.5
"https://amazon.com/dp/B08N6YHQWX","https://m.media-amazon.com/images/I/61q+YJLBThL._SX450_.jpg","B08N6YHQWX","FLIR C3-X Compact Thermal Imaging Camera with Wifi: High Resolution Infrared Imager for Inspection, Electrical/Mechanical, Building, and HVAC Applications","FLIR","FBA","Industrial & Scientific",10777,"N/A","N/A","N/A","N/A","Thermal Imagers",9,419,-49,679,239,11,451956.23,100839.77,287,4.5,"Northwest Selling Solutions","USA",5,0,"N/A","Large Standard-Size",3.62,4.61,6.14,1.19,51.59,142.32,"10/31/2025",66,7,4,2.36
"https://amazon.com/dp/B0BV8WBB39","https://m.media-amazon.com/images/I/81giiY0KVqL._SX450_.jpg","B0BV8WBB39","FLIR Cx5 Hazardous Location Rated Thermal Imaging Camera with WiFi: High Resolution Infrared Imager","FLIR","FBA","Industrial & Scientific",10821,845188026998,"N/A",0845188026998,"N/A","Thermal Imagers",9,2148.5,-36,679,25,11,451956.23,51547.31,2,4.5,"Northwest Selling Solutions","USA",3,0,"N/A","Large Standard-Size",2.68,5.98,8.35,2.34,67.37,185.86,"10/31/2025",65,8,4,339.34
"https://amazon.com/dp/B0F5461RX3","https://m.media-amazon.com/images/I/612ETNA2ruL._SX450_.jpg","B0F5461RX3","Thermal Master Handheld Thermal Camera, 512×384 X³IR Resolution, Thermal Imaging Camera with 2MP Visual Camera, 640×480 3.5"" IPS Screen Thermal Imager with Laser, -4℉to 1022℉, 40mK(Thor 002)","Thermal Master","FBA","Industrial & Scientific",10873,"N/A","N/A","N/A","N/A","Thermal Imagers",12,359.1,-26,553,492,-71,224326.71,187677.27,200,4.4,"Thermal Master Official","China",1,0,"N/A","Large Standard-Size",6.65,10.63,12.01,4.52,427.44,1179.14,"01/31/2026",12,7,3,2.76
"https://amazon.com/dp/B0FLK4V7Z6","https://m.media-amazon.com/images/I/61PqqgL+MnL._SX450_.jpg","B0FLK4V7Z6","Thermal Master Thermal Camera for USB-C iPhone and Android, P1 Thermal Imaging Camera with 320×240 X³ IR Resolution, -4℉ to 1112℉, 160×120 Infrared Camera (iOS and Android P1 Grey)","Thermal Master","FBA","Industrial & Scientific",11355,"N/A","N/A","N/A","N/A","Thermal Imagers",11,129,-5,737,737,-63,95068.61,95068.48,167,4.2,"Thermal Master Official","China",1,0,"N/A","Large Standard-Size",1.93,4.09,5.04,0.22,20.03,55.26,"02/28/2026",9,8,2,4.41
"https://amazon.com/dp/B0F544MKM1","https://m.media-amazon.com/images/I/61Gh8j9APnL._SX450_.jpg","B0F544MKM1","Thermal Master Handheld Thermal Camera, 512×384 X³IR Resolution, Thermal Imaging Camera with 2MP Visual Camera, 640×480 3.5"" IPS Screen Thermal Imager with Laser, -4℉to 1022℉, 60Hz, 35mK(Thor 001)","Thermal Master","FBA","Industrial & Scientific",11543,"N/A","N/A","N/A","N/A","Thermal Imagers",11,599,-5,553,61,-71,224326.71,36649.03,36,4.4,"Thermal Master Official","China",1,0,"N/A","Large Standard-Size",6.42,10.43,12.05,4.54,406.24,1120.66,"01/31/2026",12,7,3,15.35
"https://amazon.com/dp/B0D8WC31Y9","https://m.media-amazon.com/images/I/61c-AabqAvL._SX450_.jpg","B0D8WC31Y9","F2W Thermal Camera 256x192 IR Resolution,640x480 Super Resolution Thermal Imaging Camera, IntellFault Intelligent Scene,3.2"" Screen,25Hz,-4°F to 1022°F,App Image Transfer & PC Analysis,Case","HSFTOOLS","FBA","Industrial & Scientific",11563,860010995341,"N/A",0860010995341,"N/A","Thermal Imagers",12,289,428,836,249,,274861.95,81383.05,216,4.6,"HSFTOOLS Direct","Vietnam",1,0,"N/A","Large Standard-Size",4.57,8.11,12.17,2.05,227.09,626.46,"03/31/2026",22,10,2,3.87
"https://amazon.com/dp/B0GFLX7NRX","https://m.media-amazon.com/images/I/517O-FnJFOL._SX450_.jpg","B0GFLX7NRX","Thermal Master P1 - Thermal Camera for USB-C iPhone & Android, 320x240 Super Resolution Infrared Imager w/3.6℉ Accuracy, -4℉-1112℉ High Temp, Spot Tracker, 15x Zoom, 160x120 Ir Resolution, Grey","Thermal Master","FBA","Industrial & Scientific",13084,"N/A","N/A","N/A","N/A","Thermal Imagers",15,129,111,714,696,-19,92269.09,89836.9,54,4,"Thermal Master Authorized","China",1,0,"N/A","Large Standard-Size",2.2,4.02,4.92,0.2,21.91,60.43,"01/31/2026",2,9,3,13.22
"https://amazon.com/dp/B0CXNYMG1M","https://m.media-amazon.com/images/I/41Txp0VvDGL._SX450_.jpg","B0CXNYMG1M","HP96 Thermal Imaging Camera,3.5"" Touch Screen Thermal Camera with Visual Camera, Intelligent Scene Detection, 240 x 240 Super Resolution, 96 x 96 IR Resolution, 25 Hz Video Recording, -4°F to 662°F","HSFTOOLS","FBA","Industrial & Scientific",13671,"N/A","N/A","N/A","N/A","Thermal Imagers",13,239.99,-12,528,528,-44,125160.92,125160.68,530,4.4,"HSFTOOLS Direct","Vietnam",1,10116,"N/A","Large Standard-Size",2.8,4.88,7.48,1.32,51.46,141.95,"09/30/2024",26,9,0,1
"https://amazon.com/dp/B0BRK4SGD2","https://m.media-amazon.com/images/I/71M5FCZepDL._SX450_.jpg","B0BRK4SGD2","TOPDON TC004 3.5"" Thermal Imaging Camera, 512 x 384 TISR IR Resolution 8-Hour Battery Life Handheld Infrared Camera with PC Analysis and Video Recording Supported, 64GB Storage","TOPDON","FBA","Industrial & Scientific",15137,850050886860,"N/A",0850050886860,"N/A","Thermal Imagers",15,299,-58,0,62,,"-",18484.83,826,4.6,"TOPDON Authorized","China",1,0,"N/A","Large Standard-Size",4.84,8.58,12.6,2.2,263.62,727.24,"-",40,9,2,0
"https://amazon.com/dp/B0BRK5DLR3","https://m.media-amazon.com/images/I/71WsuPtevGL._SX450_.jpg","B0BRK5DLR3","TOPDON TC005 3.5"" Dual-Lens Thermal Imaging Camera, 512 x 384 TISR Resolution, with 2MP Visual Light Camera, 8-Hour Battery Life Handheld Infrared Imager, -4°F~1022°F","TOPDON","FBA","Industrial & Scientific",15138,"N/A","N/A","N/A","N/A","Thermal Imagers",15,399.99,-10,271,186,-13,94751.21,73489.17,254,4.4,"TOPDON Authorized","China",1,3411,"N/A","Large Standard-Size",5.79,13.78,15.39,4.98,618.22,1705.43,"11/30/2025",40,9,2,1.07
"https://amazon.com/dp/B0FVSJKP83","https://m.media-amazon.com/images/I/71q9r-B7sRL._SX450_.jpg","B0FVSJKP83","GH192 Thermal Imaging Camera 240X240 Super IR Resolution with 2MP Visual Camera and Fusion Imaging, 25Hz Handheld Thermal Imager with Alarm for Mechanical Maintenance Home HVAC Electrical Inspection","GOYOJO","FBA","Industrial & Scientific",16121,"N/A","N/A","N/A","N/A","Thermal Imagers",15,119,-17,735,660,90,91621.72,72827,60,4.7,"JT MALL","Hong Kong",1,0,"N/A","Large Standard-Size",3.11,4.13,9.92,1.15,64.15,176.97,"03/31/2026",7,9,2,12.26
"https://amazon.com/dp/B0GBWRD2JT","https://m.media-amazon.com/images/I/71CuMeOghWL._SX450_.jpg","B0GBWRD2JT","TOPDON TC001 Max Dual-Lens Thermal Camera, Compatible with Any USB-C iPhone, iPad & Android Device, 512 x 384 Super Resolution, 256 x 192 IR Resolution Thermal Imager, -4°F~1022°F Temp Range- Blue","TOPDON","FBA","Industrial & Scientific",16938,"N/A","N/A","N/A","N/A","Thermal Imagers",18,265,-31,137,236,,37185.14,63986.06,28,4.4,"TOPDON Authorized","China",1,0,"N/A","Large Standard-Size",1.93,4.61,7.36,0.51,32.97,90.95,"04/30/2026",4,9,3,4.89
"https://amazon.com/dp/B0DX1PQCZR","https://m.media-amazon.com/images/I/711FRX7QsAL._SX450_.jpg","B0DX1PQCZR","GOYOJO Thermal Imaging Camera for Android/iphone 15/16/17 iOS Series 192x192 IR Resolution– Water Leak Detection HVAC Electrical Plumbing, Automotive Repair, Home Inspection, DIY-USB-C Infrared Imager","GOYOJO","FBA","Industrial & Scientific",17064,"N/A","N/A","N/A","N/A","Thermal Imagers",18,109,-23,585,482,,69190.36,50379.37,768,4.3,"JT MALL","Hong Kong",1,0,"N/A","Small Standard-Size",0.75,3.35,5.12,0.2,6.48,17.87,"03/31/2026",15,9,5,0.76
"https://amazon.com/dp/B0DTJW83YG","https://m.media-amazon.com/images/I/71pPV6msSsL._SX450_.jpg","B0DTJW83YG","H128 Handheld Thermal Camera, 240 x 240 TISR Resolution, 24h Battery Life Thermal Imaging Camera, 25 Hz Infrared Camera with Temperature Alarm, -4℉~ 842℉ Temp Range, IP65 Protection Level","AMPBANK","FBA","Industrial & Scientific",18697,"N/A","N/A","N/A","N/A","Thermal Imagers",19,139.99,-13,964,964,-73,135574.16,135573.77,432,4.5,"AMPBANK Tech","China",2,0,"N/A","Large Standard-Size",3.7,4.49,9.37,1.06,78.37,216.2,"01/31/2026",15,7,3,2.23
"https://amazon.com/dp/B0DP42DGX1","https://m.media-amazon.com/images/I/61uXvfjjKDL._SX450_.jpg","B0DP42DGX1","MiLESEEY TR20 Thermal Imaging Camera, 320 x 240 Resolution, 50Hz Refresh Rate, NETD ≤40mk, Portable Handheld Infrared Thermal Imaging Camera with Auto Hot/Cold Spot Tracking","MiLESEEY","FBA","Industrial & Scientific",18899,"N/A","N/A","N/A","N/A","Thermal Imagers",19,259.99,-41,392,137,-72,71387.01,36927.86,459,4.4,"MILESEEY Outdoor","China",1,0,"N/A","Large Standard-Size",4.41,5.47,10.98,2.73,133.35,367.87,"11/30/2025",10,8,2,0.85
"https://amazon.com/dp/B0BLJ3XJ3Z","https://m.media-amazon.com/images/I/61jL6G+xAXL._SX450_.jpg","B0BLJ3XJ3Z","Flir Edge - Wireless Bluetooth Thermal Imaging Camera for Smartphones, Compatible with All iOS and Android Devices, 240x180 Super Resolution (80x60 Native IR)","FLIR","FBA","Industrial & Scientific",19134,845188026837,"N/A",0845188026837,"N/A","Thermal Imagers",21,313.38,-1,331,118,-48,139257.84,36037.54,112,3.8,"Northwest Selling Solutions","USA",4,5910,"N/A","Large Standard-Size",2.05,3.86,6.42,0.79,25.58,70.56,"11/30/2025",31,9,2,2.98
"https://amazon.com/dp/B0FX46JB43","https://m.media-amazon.com/images/I/71Zu-nZ0vnL._SX450_.jpg","B0FX46JB43","GW340 Thermal Camera for iPhone/Android/Tablet, 512x384 Super IR Resolution, Thermal Imager iOS 17/16/15 Series & iPads USB-C Port, 256x192 IR Resolution Home Inspection, HVAC, Automotive -4°F~752°F","GOYOJO","FBA","Industrial & Scientific",19473,"N/A","N/A","N/A","N/A","Thermal Imagers",18,199,-19,602,103,,70871.4,18809.89,768,4.3,"JT MALL","Hong Kong",1,0,"N/A","Small Standard-Size",0.67,3.35,5.12,0.22,5.79,15.96,"03/31/2026",6,9,5,0.78
"https://amazon.com/dp/B0FY6368MY","https://m.media-amazon.com/images/I/61VesS2MEvL._SX450_.jpg","B0FY6368MY","GH340 Thermal Imaging Camera 640x480 Super Resolution, Dual-Camera with 2MP Visual Camera, 256x192 IR Resolution Handheld Thermal Camera for Home Inspection, HVAC Electrical Water Leak Break Detection","GOYOJO","FBA","Industrial & Scientific",19574,"N/A","N/A","N/A","N/A","Thermal Imagers",19,249,-20,735,75,90,91621.72,18794.36,60,4.7,"JT MALL","Hong Kong",1,0,"N/A","Large Standard-Size",3.11,4.13,10.08,1.17,65.18,179.82,"03/31/2026",6,9,2,12.26
"https://amazon.com/dp/B0BLJD6Q5G","https://m.media-amazon.com/images/I/613pXIC8KGL._SX450_.jpg","B0BLJD6Q5G","Flir Edge Pro - Wireless Bluetooth Thermal Imaging Camera for Smartphones, Compatible with All iOS and Android Devices, 480x360 Super Resolution (160x120 Native IR)","FLIR","FBA","Industrial & Scientific",20347,845188026844,00845188026844,0845188026844,"N/A","Thermal Imagers",21,479,-12,331,213,-48,139257.84,103218.98,322,4.1,"Northwest Selling Solutions","USA",3,5910,"N/A","Large Standard-Size",2.05,3.74,7.72,0.79,29.8,82.21,"11/30/2025",42,10,2,1.03
"https://amazon.com/dp/B0D8QC83BV","https://m.media-amazon.com/images/I/71wMtPtkLBL._SX450_.jpg","B0D8QC83BV","MILESEEY TR10 Thermal Imaging Camera,Super Resolution 192 x 192 Thermal Camera,25 Hz Refresh Rate, -4°F to 1022°F Handheld Infrared Imager,8-Hour Battery Life Infrared Camera","MiLESEEY","FBA","Industrial & Scientific",21728,"N/A","N/A","N/A","N/A","Thermal Imagers",22,135.29,-18,392,255,-72,71387.01,34455,457,4.4,"MILESEEY Outdoor","China",1,0,"N/A","Large Standard-Size",4.41,5.08,10.59,1.32,119.45,329.51,"11/30/2025",22,8,2,0.86
"https://amazon.com/dp/B0CYCKHTVW","https://m.media-amazon.com/images/I/61X1oagxHIL._SX450_.jpg","B0CYCKHTVW","HF96V Thermal Camera with Visual Camera & Laser Pointer, Intelligent Scene Detection, 240 * 240 Super Resolution Thermal Imaging Camera,25 Hz, 50° FOV, -4°F to 1022°F, IP54 Infrared Camera","HSFTOOLS","FBA","Industrial & Scientific",21876,"N/A","N/A","N/A","N/A","Thermal Imagers",23,219.99,-17,464,464,,101930.1,101929.94,357,4.5,"HSFTOOLS Direct","Vietnam",1,3674,"N/A","Large Standard-Size",3.9,5.99,10.6,1.42,124.67,343.93,"12/31/2024",25,10,0,1.3
"https://amazon.com/dp/B0FNCDQWJR","https://m.media-amazon.com/images/I/61E2NjMKlgL._SX450_.jpg","B0FNCDQWJR","Thermal Master P3 - Thermal Camera for iOS & Android, 8mm Macro Vision Infrared Imager with 35mk NETD, 512x384 Super Resolution, 3.6℉ Accuracy, Manual Lens, Work for Home PCB Inspection, Black","Thermal Master","FBA","Industrial & Scientific",24130,"N/A","N/A","N/A","N/A","Thermal Imagers",23,314,-44,382,382,-36,115083.29,115081.07,93,4.4,"Thermal Master Authorized","China",1,0,"N/A","Large Standard-Size",2.04,4.33,5.98,0.7,26.59,73.36,"01/31/2026",6,9,3,4.11
"https://amazon.com/dp/B0FQJW7GM7","https://m.media-amazon.com/images/I/71tuOdjM-XL._SX450_.jpg","B0FQJW7GM7","Small Thermal Imaging Camera for Home Inspection – 128×96 IR Resolution Thermal Camera for Wall Leak & Insulation Detection, Mini Thermal Imager for Beginner","ANXTECH","FBA","Industrial & Scientific",26535,774501947453,"N/A",0774501947453,"N/A","Thermal Imagers",25,149.99,-48,429,154,642,52205.65,17948.16,59,4.4,"ANXTECH","China",1,0,"N/A","Large Standard-Size",1.65,3.15,4.17,0.04,10.91,30.1,"04/30/2026",8,9,4,7.27
"https://amazon.com/dp/B0GKP5R5PY","https://m.media-amazon.com/images/I/71UO8yg-TFL._SX450_.jpg","B0GKP5R5PY","Mini Thermal Camera for Hidden Camera Detection & HVAC, Pink Beginner-Friendly Thermal Camera, Portable Infrared Imager for Water Leak Home Inspection","ANXTECH","FBA","Industrial & Scientific",26572,773542022457,"N/A",0773542022457,"N/A","Thermal Imagers",25,129.99,104,429,18,642,52205.65,2377.23,59,4.4,"ANXTECH","China",1,0,"N/A","Large Standard-Size",3,1.2,4.3,0.26,7.79,21.5,"04/30/2026",3,9,4,7.27
"https://amazon.com/dp/B0B7LMB22Q","https://m.media-amazon.com/images/I/81nfZzI4c0L._SX450_.jpg","B0B7LMB22Q","TOPDON TC001 Thermal Camera for Android, Super IR 512x384 High Resolution, Thermal Imaging Camera, Thermal Imager - Optimized Temperature Accuracy, Works for Smartphones and Tablets & PC(not for iOS)","TOPDON","FBA","Industrial & Scientific",29152,"N/A","N/A","N/A","N/A","Thermal Imagers",24,209.99,-18,101,148,,21340.53,32305.14,1454,4.5,"TOPDON Authorized","China",3,0,"N/A","Large Standard-Size",2.05,5.24,7.4,0.49,39.95,110.2,"04/30/2026",45,8,2,0.07
"https://amazon.com/dp/B0D8W7MQGR","https://m.media-amazon.com/images/I/41SKkNRbaRL._SX450_.jpg","B0D8W7MQGR","F2VW Thermal Camera 256x192 IR Resolution with 2MP Visual Camera, 640x480 3.2"" Screen Thermal Imaging Camera,Super Resolution Image,Dual-Camera Thermal Imager,16 GB Storage,Carrying Case","HSFTOOLS","FBA","Industrial & Scientific",29867,860010995358,"N/A",0860010995358,"N/A","Thermal Imagers",25,439,-28,21,60,,9098.89,25688.44,70,4.5,"HSFTOOLS Direct","Vietnam",1,0,"N/A","Large Standard-Size",4.65,7.36,12.13,2.05,209.01,576.58,"04/30/2026",22,10,0,0.3
"https://amazon.com/dp/B0FVDS8JX5","https://m.media-amazon.com/images/I/71dwsSjSR-L._SX450_.jpg","B0FVDS8JX5","Fluke TC01C 25Hz - iSee Mobile Thermal Camera for iOS Smartphones Type C, Temperature Range up to 1022°F","Fluke","Amazon","Industrial & Scientific",29955,195112138335,"N/A",0195112138335,"N/A","Thermal Imagers",26,519.99,24,180,72,-51,79355.2,37252.82,7,4,"Amazon","N/A",3,2236,"N/A","Large Standard-Size",1.26,3.74,3.86,0.22,"N/A","N/A","10/31/2025",6,9,3,25.74
"https://amazon.com/dp/B0CYT1553Q","https://m.media-amazon.com/images/I/3158GBi+PIL._SX450_.jpg","B0CYT1553Q","Fluke TC01B 25Hz - iSee Mobile Thermal Camera for iOS Smartphones, Temperature Range up to 1022°F","Fluke","Amazon","Industrial & Scientific",30043,195112121580,"N/A",0195112121580,"N/A","Thermal Imagers",25,459.28,-18,180,18,-51,79355.2,7999.15,29,4.3,"Amazon","N/A",8,2236,"N/A","Large Standard-Size",1.26,3.62,3.66,0.22,"N/A","N/A","10/31/2025",20,6,3,6.21
"https://amazon.com/dp/B0C9H54GLX","https://m.media-amazon.com/images/I/61DMR+DpxZL._SX450_.jpg","B0C9H54GLX","Fluke TC01A 25Hz - iSee Mobile Thermal Camera for Android Smartphones, Temperature Range up to 1022°F","Fluke","FBA","Industrial & Scientific",30064,195112110324,"N/A",0195112110324,"N/A","Thermal Imagers",24,390.53,-30,180,90,-51,79355.2,34101.55,44,4.4,"PLANTECH","Korea, Republic of",10,2236,"N/A","Large Standard-Size",1.14,3.62,3.66,0.22,7.6,20.98,"10/31/2025",20,6,3,4.1
"https://amazon.com/dp/B0GHN9JWJF","https://m.media-amazon.com/images/I/71mnMICPBrL._SX450_.jpg","B0GHN9JWJF","Thermal Master Handheld Thermal Camera, 512×384 X³ IR Resolution, 5-Vision, -4℉ to 1022℉, 3.5"" IPS Hard Screen, Thermal Imager with Macro Lens (Thor001)","Thermal Master","FBA","Industrial & Scientific",32957,"N/A","N/A","N/A","N/A","Thermal Imagers",28,599,-29,496,116,,209180.73,69718.14,4,3.8,"Thermal Master Authorized","China",1,0,"N/A","Large Standard-Size",6.73,10.55,12.01,4.65,429.32,1184.34,"03/31/2026",3,9,2,124.01
"https://amazon.com/dp/B0CHTRRC58","https://m.media-amazon.com/images/I/61zqCXTJIgL._SX450_.jpg","B0CHTRRC58","FLIR E5 Pro - Commercial Thermal Imaging Camera with Wifi. High Resolution Infrared Camera with FLIR Ignite Cloud","FLIR","FBM","Industrial & Scientific",36524,845188029142,"N/A",0845188029142,"N/A","Thermal Imagers",27,1398.5,-5,109,61,-15,206883.42,83927.42,20,4.1,"Quick Direct","USA",2,0,"N/A","Large Standard-Size",6.34,12.56,14.96,6,"N/A","N/A","03/31/2026",31,7,3,5.45
"https://amazon.com/dp/B0CHTNT9NV","https://m.media-amazon.com/images/I/31WuTZvTgkL._SX450_.jpg","B0CHTNT9NV","FLIR E6 Pro - Commercial Thermal Imaging Camera with Wifi. High Resolution Infrared Camera with FLIR Ignite Cloud","FLIR","FBA","Industrial & Scientific",36524,845188029159,"N/A",0845188029159,"N/A","Thermal Imagers",27,2198.5,-14,109,31,-15,206883.42,69078.06,9,4.3,"Northwest Selling Solutions","USA",2,0,"N/A","Large Standard-Size",6.34,12.17,14.92,5.91,579.59,1598.88,"03/31/2026",31,7,3,12.12
"https://amazon.com/dp/B0C6YH1TS2","https://m.media-amazon.com/images/I/41B4kvEzovL._SX450_.jpg","B0C6YH1TS2","FLIR E8 Pro - Commercial Thermal Imaging Camera with Wifi, High Resolution Infrared Camera with FLIR Ignite Cloud","FLIR","FBA","Industrial & Scientific",36524,845188029166,"N/A",0845188029166,"N/A","Thermal Imagers",27,3298.5,-6,109,16,-15,206883.42,53877.29,15,4.3,"Northwest Selling Solutions","USA",2,0,"N/A","Large Standard-Size",6.1,11.5,14.57,5.93,514.59,1419.56,"03/31/2026",31,7,3,7.79
"https://amazon.com/dp/B0FJ2BXRJ1","https://m.media-amazon.com/images/I/7194e8PIT8L._SX450_.jpg","B0FJ2BXRJ1","Thermal Master Handheld Thermal Imager, 5-Vision, 512×384 X³ IR Resolution, -4℉ to 1022℉, 3.5'' IPS Hard Screen, Thermal Imaging Camera with 2MP Visual Camera(Thor 002)","Thermal Master","FBA","Industrial & Scientific",37438,"N/A","N/A","N/A","N/A","Thermal Imagers",30,399,-17,514,404,,215143.57,149201.97,68,4.6,"Thermal Master Authorized","China",1,0,"N/A","Large Standard-Size",6.65,10.55,12.01,4.54,424.22,1170.27,"03/31/2026",3,9,2,7.56
"https://amazon.com/dp/B0BYHP8KM9","https://m.media-amazon.com/images/I/71-iscJ2-DL._SX450_.jpg","B0BYHP8KM9","TOPDON TC002 Thermal Camera for iOS (iPhone & iPad), 512 x 384 Super Resolution, 256 x 192 IR High Resolution, Thermal Imager, Thermal Imaging Camera, -4°F~1022°F Temp Range, Support Video Recording","TOPDON","FBA","Industrial & Scientific",40604,850050886761,"N/A",0850050886761,"N/A","Thermal Imagers",31,149,-40,166,129,-80,31058.79,20739.51,790,4.6,"TOPDON Authorized","China",2,0,"N/A","Large Standard-Size",2.13,4.41,7.4,0.53,35,96.54,"11/30/2025",38,9,2,0.21
"https://amazon.com/dp/B0G8DYDH9R","https://m.media-amazon.com/images/I/41EEX331T0L._SX450_.jpg","B0G8DYDH9R","REVASRI Thermal Camera for Type-C iPhone & Android Device, 320x240 Super Resolution, 15x Digital Zoom, 25Hz Thermal Imaging Camera for Water Leak Detection,HVAC Electrical Plumbing, Home Inspection","REVASRI","FBA","Industrial & Scientific",42110,"N/A","N/A","N/A","N/A","Thermal Imagers",29,159.99,-60,48,48,,6326.35,6326.22,10,5,"Woot","USA",2,0,"N/A","Large Standard-Size",1.85,3.98,4.02,0.31,14.9,41.11,"04/30/2026",3,9,0,4.81
"https://amazon.com/dp/B08X6KHMRS","https://m.media-amazon.com/images/I/61aPGF5Z5SL._SX450_.jpg","B08X6KHMRS","HIKMICRO E1L Thermal Imaging Camera with Laser Pointer, 320×240 Output, -4°F to 1022°F, 25Hz, <40mK, 350g Lightweight Handheld Thermal Imager with Professional PC Analysis","HIKMICRO","FBA","Industrial & Scientific",43494,"N/A","N/A",6974004640132,"N/A","Temperature Sensors",41,299,10,106,106,911,30906.84,30906.72,367,4.5,"HIKMICRO Direct","China",1,550,-41,"Large Standard-Size",3.82,6.26,10.43,1.98,125.57,346.41,"06/30/2024",62,8,0,0.29
"https://amazon.com/dp/B0FH4VML7D","https://m.media-amazon.com/images/I/71tw9V+ty0L._SX450_.jpg","B0FH4VML7D","Mini Thermal Camera with Touchscreen, No App Required Small Infrared Imager for Home Inspection, 80×60 IR Resolution Infrared Camera for Detect Hidden Camera, Water Leak Detection","ANXTECH","FBA","Industrial & Scientific",44101,774501947361,"N/A",0774501947361,"N/A","Thermal Imagers",31,127.99,-12,449,247,642,55006.49,30672.39,59,4.4,"ANXTECH","China",2,0,"N/A","Large Standard-Size",1.81,3.23,4.13,0.33,12.16,33.54,"04/30/2026",10,9,4,7.61
"https://amazon.com/dp/B0FJF8TV87","https://m.media-amazon.com/images/I/61al3AH3hrL._SX450_.jpg","B0FJF8TV87","REVASRI Thermal Camera for iPhone and Android, 320×240 Super IR Resolution Thermal Imaging Camera, -4℉ to 842℉ Temp Range, Compatible with USB-C iOS & Android Device","REVASRI","FBA","Industrial & Scientific",46012,"N/A","N/A","N/A","N/A","Thermal Imagers",33,99.99,21,148,148,,14819.09,14817.48,82,4.1,"EASY RANGE","China",1,0,"N/A","Large Standard-Size",1.93,3.98,4.02,0.31,15.55,42.89,"03/31/2026",6,8,0,1.86
"https://amazon.com/dp/B089QW8R9S","https://m.media-amazon.com/images/I/61Kqb2yAFxL._SX450_.jpg","B089QW8R9S","Klein Tools TI250 Rechargeable Thermal Imaging Camera, Camera Displays Over 19,200 Pixels with 3 Color Palettes, High / Low Temperature Points","KLEIN TOOLS","Amazon","Industrial & Scientific",46789,092644692932,00092644692932,0092644692932,"N/A","Thermal Imagers",33,314.38,-12,108,108,-51,33626.3,33626.16,937,4.4,"Amazon","N/A",5,1752,"N/A","Large Standard-Size",2.68,5.24,6.46,0.64,"N/A","N/A","11/30/2024",71,7,0,0.12
"https://amazon.com/dp/B0DLW8B2YY","https://m.media-amazon.com/images/I/61EP77tbpDL._SX450_.jpg","B0DLW8B2YY","InfiRay Lightning to USB C Adapter for iPhone 15/15Pro/15 Pro Max/Plus, Specially Designed for iOS Version of InfiRay P2 Pro XH09 and T2 Pro Thermal Imaging Camera","InfiRay","FBA","Industrial & Scientific",46886,"N/A","N/A","N/A","N/A","Thermal Imagers",34,21.99,-26,69,69,-66,1521.05,1520.24,60,4.3,"PerDream Authorized Store","China",1,1245,"N/A","Large Standard-Size",0.91,3.23,3.31,0.02,4.9,13.51,"12/31/2025",18,3,0,1.28
"https://amazon.com/dp/B0GDWBFLM4","https://m.media-amazon.com/images/I/61c6wlR62sL._SX450_.jpg","B0GDWBFLM4","Thermal Camera, 240 x 240 TSIR Imaging Resolution, -4°F to 1022°F, 18-Hour Battery Life, 25Hz Mini Handheld Infrared Camera, 2.8"" Screen, LED Lamp, 16 GB, Temp Alerts, Auto Shutdown, IP54 VectorPoint","VectorPoint","FBA","Industrial & Scientific",47740,"N/A",00199874168753,"N/A","N/A","Thermal Imagers",33,93.99,-25,162,162,,14993.69,14991.93,5,5,"VectorPoint","N/A",1,0,"N/A","Large Standard-Size",4.29,5.63,10.16,1.21,123.55,340.82,"03/31/2026",4,9,0,32.39
"https://amazon.com/dp/B0GKP3L44K","https://m.media-amazon.com/images/I/719j8ocD9BL._SX450_.jpg","B0GKP3L44K","Thermal Camera for Finding Heat Leaks & Drafts – Portable Infrared Imager for Home Inspection, Entry-Level Thermal Imager for Hidden Camera Detection & Water Leak Detection","ANXTECH","FBA","Industrial & Scientific",48610,773542022426,"N/A",0773542022426,"N/A","Thermal Imagers",35,129.99,"N/A",429,24,642,52205.65,3167.09,59,4.4,"ANXTECH","China",1,0,"N/A","Large Standard-Size",1.85,3.15,4.17,0.35,12.23,33.75,"04/30/2026",3,9,4,7.27
"https://amazon.com/dp/B0FMDY9FJG","https://m.media-amazon.com/images/I/71xW+vGhjiL._SX450_.jpg","B0FMDY9FJG","Thermal Master P3, Thermal Camera for iOS & Android, Manual Focus Infrared Camera, 512×384 X³ IR Resolution, -4℉ to 1112℉ Temp Range Thermal Imager, PCB Inspection","Thermal Master","FBA","Industrial & Scientific",52126,"N/A","N/A","N/A","N/A","Thermal Imagers",38,314,-2,417,417,-18,121510.8,121507.58,65,4.4,"Thermal Master Official","China",1,0,"N/A","Large Standard-Size",2.05,4.33,5.91,0.66,26.36,72.72,"02/28/2026",6,9,0,6.42
"https://amazon.com/dp/B0G6ZBQWH1","https://m.media-amazon.com/images/I/51pYtgq+boL._SX450_.jpg","B0G6ZBQWH1","AccuMEMS GT16D Dual-Spectrum Thermal Imaging Camera, AI UIRA-Scene Detection with Thermometer-Mode Precision Detection, UIRA-IR 240×240 Resolution, -4°F~1202°F, < 50 mK, 11h Runtime, 25Hz","AccuMEMS","-","Industrial & Scientific",52616,"N/A","N/A","N/A","N/A","Thermal Imagers",39,219.99,289,56,56,,12292.73,12292.69,"N/A","N/A",,"N/A",2,0,"N/A","Large Standard-Size",4.02,4.69,9.49,0.96,"N/A","N/A","03/31/2026",5,"N/A",0,"N/A"
"https://amazon.com/dp/B0DY7NV8SP","https://m.media-amazon.com/images/I/81jHU39y3jL._SX450_.jpg","B0DY7NV8SP","BSIDE Thermal Imaging Camera 240 x 240 Resolution Handheld Infrared IR Camera, 15 Thermal Palettes with 320 x 240 Full-Viewing TFT Display for Home Inspection HVAC Heat Pump Circuit Break, -4℉~1022℉","BSIDE","FBA","Industrial & Scientific",53992,"N/A","N/A",6933540317731,"N/A","Thermal Imagers",41,99.99,-3,76,76,-123,8352.58,8351.69,72,4.4,"Measuring Instruments","China",1,0,"N/A","Large Standard-Size",2.64,4.88,8.62,0.93,55.91,154.24,"11/30/2025",14,9,0,0.7
"https://amazon.com/dp/B0DM8M7NHW","https://m.media-amazon.com/images/I/71i5LasfnHL._SX450_.jpg","B0DM8M7NHW","AMPBANK M256 Thermal Camera, 256x192 IR High Resolution Thermal Imaging Camera with 3D Analysis, 25Hz Refresh Rate, -4°F~842°F Temp Range, Works for Android Smartphones and Tablets & PC (Red)","AMPBANK","FBA","Industrial & Scientific",55518,"N/A","N/A","N/A","N/A","Thermal Imagers",39,159.99,"N/A",48,0,-65,9031.95,"-",81,4.6,"AMPBANK Tech","China",0,0,"N/A","Large Standard-Size",3.54,4.33,1.97,0.44,15.21,41.95,"12/31/2025",18,7,2,0.64
"https://amazon.com/dp/B0FND8PR1K","https://m.media-amazon.com/images/I/71JdK0c3qEL._SX450_.jpg","B0FND8PR1K","VANTRUE POWER TS1 Thermal Camera for Android, Thermal Camera 512x384 Super Resolution, Infrared Thermal Imaging Camera, 25Hz Refresh Rate, -4°F to 1022°F Temp, Compatible with Android & Tablets","VANTRUE POWER","FBA","Industrial & Scientific",63368,"N/A","N/A","N/A","N/A","Thermal Imagers",44,209.99,-13,46,46,,11628.43,11627.95,39,4.9,"Comfyer Direct","China",1,0,"N/A","Large Standard-Size",2.05,4.33,5.24,0.71,23.42,64.6,"03/31/2026",7,9,2,1.19
"https://amazon.com/dp/B0BG72B2RJ","https://m.media-amazon.com/images/I/719RcS3ZoEL._SX450_.jpg","B0BG72B2RJ","Thermal Imaging Camera – Android Type-C, InfiRay P2 Pro with Magnetic Macro Lens, 9g All-Metal Housing, 25Hz, Professional Grade Infrared Thermal Camera for Industrial, Home, PCB Detection","InfiRay","FBA","Industrial & Scientific",65293,664918864040,"N/A",6955228873773,"N/A","Thermal Imagers",44,249,-20,53,36,-35,13068.66,8638.32,335,4,"PerDream Authorized Store","China",1,841,"N/A","Large Standard-Size",2.2,4.25,4.33,0.35,20.38,56.23,"10/31/2024",43,7,2,0.16
"https://amazon.com/dp/B0FZTJC3BZ","https://m.media-amazon.com/images/I/71Jn1CMcxbL._SX450_.jpg","B0FZTJC3BZ","Tadeto Infrared Thermal Camera, Thermal Imaging Camera with Laser Pointer, 256*192 TISR Resolution IR Camera with 320*240 LCD Screen and 9 Thermal Palettes for Electrical/AC/HVAC/Pet/Home Inspection","Tadeto","FBA","Industrial & Scientific",69249,"N/A","N/A","N/A","N/A","Thermal Imagers",43,114.99,-38,59,59,14,7174.62,7174.07,50,4.6,"Ckxlers","China",1,0,"N/A","Large Standard-Size",3.39,5.12,10.16,1.48,88.78,244.92,"03/31/2026",6,7,0,1.18
"https://amazon.com/dp/B0FRFM3T8D","https://m.media-amazon.com/images/I/71i5LasfnHL._SX450_.jpg","B0FRFM3T8D","M256 Thermal Camera, 512x384 TISR Resolution Thermal Imager, 256x192 IR Resolution, -4°F~842°F Temp Range, Thermal Imaging Camera for Android Smartphones and PC(Green)","AMPBANK","FBA","Industrial & Scientific",69790,"N/A","N/A","N/A","N/A","Thermal Imagers",46,159.99,-13,48,48,-65,9031.95,9031.54,81,4.6,"AMPBANK Tech","China",1,0,"N/A","Large Standard-Size",1.93,4.61,7.44,0.51,33.33,91.94,"12/31/2025",7,7,2,0.6
"https://amazon.com/dp/B0DYDZXCMC","https://m.media-amazon.com/images/I/41LWwPV9zjL._SX450_.jpg","B0DYDZXCMC","Thermal Camera for iPhone, P2 Pro Thermal Imager with Macro Lens, 512×384 IR Resolution Infrared Camera, 15X Zoom, -4℉ to 1112℉ Temp Range Thermal Imaging Camera for iOS Lightning","Thermal Master","FBA","Industrial & Scientific",71848,"N/A","N/A","N/A","N/A","Thermal Imagers",46,269,-27,38,20,-64,10097.76,5292.24,33,3.7,"Thermal Master Official","China",1,0,"N/A","Large Standard-Size",1.38,4.17,6.42,0.51,18.6,51.31,"06/30/2025",14,8,2,1.14
"https://amazon.com/dp/B0FNCSGWKP","https://m.media-amazon.com/images/I/71suRI+4XDL._SX450_.jpg","B0FNCSGWKP","Thermal Camera for Android USB-C, 512x384 Super Resolution with Macro Lens, NeoTamarix 256x192 IR Resolution Thermal Imager, 5°F to 1022°F, Work for Home Industrial PCB Inspection(NOT for iOS)","NeoTamarix","FBA","Industrial & Scientific",72470,"N/A","N/A","N/A","N/A","Thermal Imagers",49,129.99,-32,12,9,-33,1805.04,1212.3,8,4,"Huanglvlan Store","China",1,0,"N/A","Large Standard-Size",2.24,3.43,4.61,0.44,17.83,49.19,"02/28/2026",5,8,2,1.5
"https://amazon.com/dp/B0FZKDKW87","https://m.media-amazon.com/images/I/71h2cgot3uL._SX450_.jpg","B0FZKDKW87","TNV30i Thermal Monocular for USB-C iPhone, iPad & Android, Night Vision Thermal Imaging Camera, 512×384 Super-Resolution 50Hz 20mK 1600-Yard Thermal Infrared Camera for Hunting, Building Detection","MiLESEEY","FBA","Industrial & Scientific",73122,"N/A","N/A","N/A","N/A","Thermal Imagers",46,229.99,18,72,20,,10893.6,4422.79,28,4,"MILESEEY Outdoor","China",1,0,"N/A","Large Standard-Size",2.44,7.01,9.37,1.39,80.69,222.59,"03/31/2026",2,9,2,2.56
"https://amazon.com/dp/B0DP8GS9HH","https://m.media-amazon.com/images/I/61mtqes4XzL._SX450_.jpg","B0DP8GS9HH","Thermal Monocular for Android, MILESEEY TNV30i Night Vision Thermal Scope, 512×384 Super Resolution 50Hz Thermal Imaging Camera, 1600-Yard Thermal Goggles for Hunting, Building Detection, 10-15mm Lens","MiLESEEY","FBA","Industrial & Scientific",75895,"N/A","N/A","N/A","N/A","Thermal Imagers",47,119.99,-61,72,50,,10999.88,6263.48,27,4,"MILESEEY Outdoor","China",1,0,"N/A","Large Standard-Size",2.48,7.01,9.33,1.5,81.66,225.28,"03/31/2026",17,8,2,2.65
"https://amazon.com/dp/B0FNCB2RZT","https://m.media-amazon.com/images/I/71bFlTpctdL._SX450_.jpg","B0FNCB2RZT","Handheld Thermal Imaging Camera with 2MP Visual Camera, 512x384 Super Resolution, NeoTamarix Thermal Camera 256x192 IR Resolution with 32GB SD Card, Video Recording & PC 2D/3D Analysis Supported","NeoTamarix","FBA","Industrial & Scientific",77133,"N/A","N/A","N/A","N/A","Thermal Imagers",49,99.99,-50,12,3,-33,1805.04,592.47,11,3.9,"Huanglvlan Store","China",1,0,"N/A","Large Standard-Size",5.08,6.54,10.87,1.7,181.82,501.58,"02/28/2026",6,8,2,1.09
"https://amazon.com/dp/B0GCZSKRG4","https://m.media-amazon.com/images/I/61lcP0DjvsL._SX450_.jpg","B0GCZSKRG4","Dual Light Thermal Camera, 240×240 TISR Infrared Thermal Imaging Camera with Smart Modes, 25Hz IR Camera, -4°F to 1022°F Handheld Thermal Imager for Home Inspection Water Leaks, HVAC","Yukicam","FBA","Industrial & Scientific",84095,"N/A","N/A","N/A","N/A","Thermal Imagers",53,132.99,-61,224,224,,26270.53,26268.6,14,4.5,"ITIPLINK","China",1,0,"N/A","Large Standard-Size",4.41,6.02,10.67,1.74,142.62,393.43,"03/31/2026",2,9,0,15.97
"https://amazon.com/dp/B0D2LT7459","https://m.media-amazon.com/images/I/51VeLh+kVaL._SX450_.jpg","B0D2LT7459","Seek Thermal - Nano 300 Thermal Camera for Apple iOS with USB-C Connector, iPhone Thermal Camera, High Resolution 320 X 240 Thermal Imager, 25hz Imaging Frame Rate, -4°F~626°F, iPhone 15 & 16","Seek Thermal","Amazon","Industrial & Scientific",84627,859356006675,00859356006675,0859356006675,"N/A","Thermal Imagers",51,549.99,-19,30,8,-70,9660.94,4246.45,255,4.2,"Amazon","N/A",1,1104,"N/A","Large Standard-Size",2.24,2.52,5.04,0.11,"N/A","N/A","11/30/2024",21,7,6,0.12
"https://amazon.com/dp/B0D2JKRTH3","https://m.media-amazon.com/images/I/61UqsYBOj0L._SX450_.jpg","B0D2JKRTH3","Seek Thermal - Nano 200 Thermal Camera for Apple iOS with Lightning Connector, iPhone Thermal Camera, High Resolution 200 X 150 Thermal Imager, 25hz Imaging Frame Rate, -4°F~626°F, iPhone 14 & Earlier","Seek Thermal","Amazon","Industrial & Scientific",84873,859356006736,00859356006736,0859356006736,"N/A","Thermal Imagers",51,249.99,-20,30,13,-70,9660.94,2994.03,255,4.2,"Amazon","N/A",1,1104,"N/A","Large Standard-Size",2.25,2.3,5,0.15,"N/A","N/A","11/30/2024",21,6,6,0.12
"https://amazon.com/dp/B0D2LPJWK6","https://m.media-amazon.com/images/I/51iEE2VWo8L._SX450_.jpg","B0D2LPJWK6","Seek Thermal - Nano 200 Thermal Camera for Apple iOS with USB-C Connector, iPhone Thermal Camera, High Resolution 200 X 150 Thermal Imager, 25hz Imaging Frame Rate, -4°F~626°F, iPhone 15 & 16","Seek Thermal","Amazon","Industrial & Scientific",84887,859356006712,00859356006712,0859356006712,"N/A","Thermal Imagers",51,249.99,-17,30,10,-70,9660.94,2420.06,255,4.2,"Amazon","N/A",1,1104,"N/A","Large Standard-Size",2.24,2.48,5.08,0.13,"N/A","N/A","11/30/2024",21,7,6,0.12
"https://amazon.com/dp/B0DNSS376Y","https://m.media-amazon.com/images/I/71bWWx5bI7L._SX450_.jpg","B0DNSS376Y","Teslong TTM120S Thermal Imaging Camera, Super Resolution 240 x 180, 3.2"" LCD Screen Handheld 25 HZ Refresh Rate Infrared Imager, 120 x 90 IR Resolution","Teslong","FBA","Industrial & Scientific",86505,"N/A","N/A","N/A","N/A","Thermal Imagers",52,121.93,-20,57,57,-50,8787.52,8787.42,161,4.3,"Teslong","China",1,2134,"N/A","Large Standard-Size",3.82,6.02,11.02,1.28,127.59,351.97,"11/30/2025",16,8,0,0.36
"https://amazon.com/dp/B0G6ZJ2Q6B","https://m.media-amazon.com/images/I/71KzsXzz47L._SX450_.jpg","B0G6ZJ2Q6B","MILESEEY TR256i Thermal Imaging Camera for iOS (iPhone 17/16/15 and iPad w/USB-C), 512×384 Super Resolution Infrared Camera, iPad Thermal Imager, 5°F-1112°F for Electrical, Building, HVAC Detection","MiLESEEY","FBA","Industrial & Scientific",88445,"N/A","N/A","N/A","N/A","Thermal Imagers",52,179.99,-27,82,8,-13,11179.78,1456.36,2,5,"MILESEEY Outdoor","China",1,0,"N/A","Large Standard-Size",2.13,3.15,4.33,0.31,14.63,40.35,"02/28/2026",4,8,3,40.94
"https://amazon.com/dp/B0FQJPS9V8","https://m.media-amazon.com/images/I/61TeEuyJucL._SX450_.jpg","B0FQJPS9V8","MILESEEY TR256i Thermal Imaging Camera for iOS (iPhone 14 and Earlier w/Lightning), 512×384 Super Resolution Infrared Camera, iPad Thermal Imager, 5°F-1112°F for Electrical, Building, HVAC Detection","MiLESEEY","FBA","Industrial & Scientific",88449,"N/A","N/A","N/A","N/A","Thermal Imagers",52,159.99,-44,82,19,-13,11179.78,3095.79,2,3,"MILESEEY Outdoor","China",1,0,"N/A","Large Standard-Size",2.8,3.94,5.71,0.31,31.72,87.49,"02/28/2026",8,8,3,40.94
"https://amazon.com/dp/B0FRG3V1VX","https://m.media-amazon.com/images/I/51zbYhYFc1L._SX450_.jpg","B0FRG3V1VX","Goldeep 2 in 1 Thermal Imaging Camera, 240 x 240 TISR Resolution, 96x96 IR Resolution with 25000 Counts Multimeter, Professional Digital Multimeter with IR Camera, -4℉-1022℉ Temperature Range (Black)","Goldeep","FBA","Industrial & Scientific",89267,"N/A","N/A","N/A","N/A","Thermal Imagers",55,119.99,"N/A",60,48,,8002.42,6322.2,11,4.8,"Goldeep Tools","N/A",1,0,"N/A","Large Standard-Size",2.13,5.12,7.24,0.86,39.75,109.66,"03/31/2026",7,9,2,5.46
"https://amazon.com/dp/B0GLH67X7Y","https://m.media-amazon.com/images/I/41ZgfAEKwrL._SX450_.jpg","B0GLH67X7Y","HABOTEST HT821A Thermal Imager, 240x240 Infrared Resolution, Handheld Thermal Camera, -4℉ to 1022℉ Temp Range, with Temperature Alarm, Ideal for HVAC/Electrical Troubleshooting & Home Inspection","HABOTEST","FBA","Industrial & Scientific",90397,"N/A","N/A","N/A","N/A","Thermal Imagers",53,96.99,43,25,25,,2453.26,2452.88,6,5,"Tester and Meter","China",1,0,"N/A","Large Standard-Size",3.9,5.87,10.63,1.23,122.52,337.99,"03/31/2026",3,9,0,4.16
"https://amazon.com/dp/B09BNZTLQ7","https://m.media-amazon.com/images/I/513NqsXQ7EL._SX450_.jpg","B09BNZTLQ7","Fluke PTi120 Pocket Thermal Imager","Fluke","FBA","Industrial & Scientific",90516,195112031414,"N/A",0195112031414,"N/A","Thermal Imagers",57,966.03,4,19,19,-8,18914.44,18914.3,30,4.4,"PLANTECH","Korea, Republic of",9,292,23,"Large Standard-Size",5.6,10.25,11.55,0.8,333.79,920.79,"11/30/2025",57,8,0,0.64
"https://amazon.com/dp/B0CMC1SPF1","https://m.media-amazon.com/images/I/51p7XtBBkZL._SX450_.jpg","B0CMC1SPF1","Fluke Thermal Camera for Android smart Phones (USB-C) Professional Grade Plug&Play","Fluke","FBA","Industrial & Scientific",91443,095969021586,"N/A",0095969021586,"N/A","Thermal Imagers",56,398.11,-11,19,19,1800,7833.6,7833.29,6,4.4,"PLANTECH","Korea, Republic of",1,97,-13,"Large Standard-Size",1.18,3.74,6.26,0.26,13.91,38.37,"03/31/2025",30,6,0,3.2
"https://amazon.com/dp/B0DDK5VZ1F","https://m.media-amazon.com/images/I/61pmQp-MNEL._SX450_.jpg","B0DDK5VZ1F","HGD-02 [New Generation] Ghost Hunting Equipment, Briidea Paranormal Equipment with Ghost Image Displays, Adjustable Sensitivity, and Temperature Detection for Professional Investigators","briidea","FBA","Industrial & Scientific",94576,"N/A","N/A","N/A","N/A","Thermal Imagers",205,59.99,-40,37,9,77,2369.09,536.61,79,4,"MBK Directly","China",1,631,"N/A","Large Standard-Size",3.74,4.57,4.61,0.68,39.61,109.28,"11/30/2024",20,8,6,0.47
"https://amazon.com/dp/B0GGL2K5P5","https://m.media-amazon.com/images/I/71elg0SACcL._SX450_.jpg","B0GGL2K5P5","Klein Tools TI223 Mobile Thermal Imaging Camera, Thermal Imager for iOS and Android, 19,200 Pixels, Wide Temperature Range of -4 to 752-Degree Fahrenheit, Professional Infrared Camera","KLEIN TOOLS","Amazon","Industrial & Scientific",94842,092644694813,"N/A",0092644694813,"N/A","Thermal Imagers",58,299.99,-28,76,76,-3,22726.23,22725.36,5,5,"Amazon","N/A",1,0,"N/A","Large Standard-Size",1.89,4.53,6.97,0.19,"N/A","N/A","02/28/2026",4,5,0,15.15
"https://amazon.com/dp/B0F8RRG5TX","https://m.media-amazon.com/images/I/81trPGnzoHL._SX450_.jpg","B0F8RRG5TX","CaseSack Case compatible with Fluke TC01A 25Hz - iSee Mobile Thermal Camera, Also compatible with FLIR ONE Pro LT, Gen 3, Pro and all generations (Tweed Gray)","CaseSack","FBA","Industrial & Scientific",97265,"N/A","N/A","N/A","N/A","Thermal Imagers",64,16.99,8,19,19,-6,317.35,317.03,6,4.5,"Casesack","Hong Kong",2,0,"N/A","Large Standard-Size",3.5,2.68,1.1,0.1,5.19,14.33,"03/31/2026",3,5,0,3.12
"https://amazon.com/dp/B0G352LMW2","https://m.media-amazon.com/images/I/61vDSx6C1RL._SX450_.jpg","B0G352LMW2","SUNANT Infrared Thermal Imaging Camera, 240x240 TISR Resolution, 25Hz Refresh Rate, -4°F to 1022°F, Adjustable Emissivity, Hot/Cold Spot Detection, LED Light for HVAC, Electrical & Home Inspection","SUNANT","FBA","Industrial & Scientific",97584,"N/A","N/A","N/A","N/A","Thermal Imagers",56,149.99,-54,18,18,,2708.62,2708.53,24,4.5,"Mooye US","China",1,0,"N/A","Large Standard-Size",3.62,5.24,10.24,1.48,97.79,269.78,"03/31/2026",1,8,0,0.75
"https://amazon.com/dp/B0G7J4D9M9","https://m.media-amazon.com/images/I/41cFIo4pILL._SX450_.jpg","B0G7J4D9M9","ANXTECH Handheld Dual Lens Thermal Imaging Camera with 2MP Visual Camera, 512×384 Super Resolution, -4°F~1022°F, PC 2D/3D Image Analysis for Hidden Water Leak Detection & Moisture Inspection","ANXTECH","FBA","Industrial & Scientific",97859,773542075286,"N/A",0773542075286,"N/A","Thermal Imagers",59,299.99,18,18,6,,3723.66,1728.75,2,4.5,"ANXTECH","China",1,0,"N/A","Large Standard-Size",3.62,5.98,11.1,1.21,120.98,333.73,"04/30/2026",4,9,2,9.17
"https://amazon.com/dp/B0CXNVV89D","https://m.media-amazon.com/images/I/51u35uUXbFL._SX450_.jpg","B0CXNVV89D","HF256 Thermal Imaging Camera, 256 x 192 IR Resolution, Super Resolution 320 x 240 Therma Camera, 3.2"" LCD Screen, 25 Hz Frame Rate, High/Low-Temperature Alarm, 16 GB Storage Infrared Camera","HSFTOOLS","FBA","Industrial & Scientific",97866,"N/A","N/A","N/A","N/A","Thermal Imagers",57,299.99,-21,17,17,-39,5104.83,5104.54,99,4.4,"HSFTOOLS Direct","Vietnam",2,416,"N/A","Large Standard-Size",4.61,7.8,12.05,2.12,218.15,601.8,"12/31/2024",26,9,0,0.17
"https://amazon.com/dp/B07ZKJPZ7Z","https://m.media-amazon.com/images/I/61C0vuarLCL._SX450_.jpg","B07ZKJPZ7Z","Waveshare MLX90640 IR Array Thermal Imaging Camera with 32×24 Pixels 110° Field of View Communicating via I2C Interface Supports Raspberry Pi/rduino(ESP32)/STM32, etc.","waveshare","FBA","Industrial & Scientific",98049,614961955622,"N/A",0614961955622,"N/A","Thermal Imagers",58,68.99,-44,52,52,282,3563.59,3562.99,15,3.9,"waveshare","Hong Kong",2,358,4,"Large Standard-Size",0.94,2.05,4.45,0.02,4.32,11.91,"03/31/2026",78,6,0,3.69
"https://amazon.com/dp/B0FQMF5VG3","https://m.media-amazon.com/images/I/71hBReBEDkL._SX450_.jpg","B0FQMF5VG3","2025 Advanced Thermal Camera with AI chip, 384 x 288 IR Resolution,5MP Visual,43.7° x 31.9° FOV Camera, Voice Annotation Infrared Imager with 3.5-Inch Touch Screen, -20°C to +550°C, WiFi","VEVOR","FBM","Industrial & Scientific",99817,197988700777,"N/A",0197988700777,"N/A","Thermal Imagers",60,1299.9,-13,18,2,,7376.91,2047.81,142,4.5,"Suplander","China",1,0,"N/A","Large Standard-Size",16.73,13.19,7.48,8.77,"N/A","N/A","03/31/2026",8,9,4,0.12
"https://amazon.com/dp/B0FQN5FRNN","https://m.media-amazon.com/images/I/71E7+UL6gEL._SX450_.jpg","B0FQN5FRNN","2025 AI-Powered Thermal Imager Pro,Thermal Imaging Camera with 256x192 IR Resolution & 2MP Visual Camera, 25Hz, 3.5"" Touch Screen, -4°F to 1022°F, WiFi","VEVOR","Amazon","Industrial & Scientific",101155,197988702832,"N/A",0197988702832,"N/A","Thermal Imagers",60,539.9,-1,18,3,,7376.91,1411.61,141,4.5,"Amazon","N/A",2,0,"N/A","Large Standard-Size",16.73,9.06,7.28,4.25,"N/A","N/A","03/31/2026",8,9,4,0.13
"https://amazon.com/dp/B0GNCV3ZNQ","https://m.media-amazon.com/images/I/71S44Em6-vL._SX450_.jpg","B0GNCV3ZNQ","SKYRC Mini HeatVision iTV500 Pocket Thermal Imager - 32x24 FIR, 1.83"" Touchscreen, Adjustable Emissivity, USB-C Rechargeable, -20°C to 300°C, ±2°C Accuracy, 8 FPS, 55x35° FOV (SK-500047)","SKYRC","FBM","Industrial & Scientific",101726,"N/A","N/A",6930460009173,"N/A","Thermal Imagers",62,79,"N/A",2,2,,204.49,204.41,"N/A","N/A","RCJuice","USA",1,0,"N/A","Large Standard-Size",4,2,1,0.13,"N/A","N/A","03/31/2026",3,2,0,"N/A"
"https://amazon.com/dp/B0FFT5VKP1","https://m.media-amazon.com/images/I/71K+6ptY0dL._SX450_.jpg","B0FFT5VKP1","Firecore Thermal Camera FI160S, 320 x 240 Super Resolution, Thermal Imaging Cameras with Laser Pointer, PC Analysis, 160 x 120 IR Resolution Infrared Camera, -4°F to 1022°F, Temp Alert, 32GB Storage","Firecore","FBA","Industrial & Scientific",103137,"N/A","N/A","N/A","N/A","Thermal Imagers",61,169.99,-17,25,25,-57,4307.59,4307.47,42,4.7,"Firecore-Tools","China",1,0,"N/A","Large Standard-Size",3.7,5.87,9.92,1.17,108.47,299.24,"12/31/2025",9,7,0,0.6
"https://amazon.com/dp/B0GTQF5121","https://m.media-amazon.com/images/I/71lzhQ82TfL._SX450_.jpg","B0GTQF5121","HONORLING Thermal Camera, Thermal Imaging Camera for Android, 128x96 Ture IR Resolution Infrared Camera, 14℉ to 842℉（-10℃ to 450℃), 10 Color Palettes","Honorling","-","Industrial & Scientific",103514,773542023140,"N/A",0773542023140,"N/A","Thermal Imagers",64,103.99,"N/A",4,4,,519.96,519.94,"N/A","N/A",,"N/A",1,0,"N/A","Large Standard-Size",4.1,3.3,1.8,0.27,"N/A","N/A","-",1,"N/A",0,"N/A"
"https://amazon.com/dp/B0FDW9W4MN","https://m.media-amazon.com/images/I/71UENyy4AAL._SX450_.jpg","B0FDW9W4MN","ANXTECH Handheld Thermal Imaging Camera 320×240 Super Resolution, 25HZ Refresh Rate, High/Low Temp Alarm, 8H Battery Life for Water Leak Detection, Hidden Moisture and Home Inspection","ANXTECH","FBA","Industrial & Scientific",103586,774501947323,"N/A",0774501947323,"N/A","Thermal Imagers",69,139.99,-31,25,18,,4898.93,2689.81,15,4.2,"ANXTECH","China",2,0,"N/A","Large Standard-Size",3.62,4.96,10.04,0.93,90.76,250.38,"04/30/2026",8,9,2,1.66
"https://amazon.com/dp/B0CWN47K4V","https://m.media-amazon.com/images/I/717rsiC4hbL._SX450_.jpg","B0CWN47K4V","TOPDON TS001 256x192 IR Resolution Thermal Camera for Android, Thermal Night Vision Monocular Thermal Imager with 9mm Adjustable Focus Lens, Infrared Test Report, -4°F~1022°F TEM Range","TOPDON","FBA","Industrial & Scientific",106897,850050886280,"N/A",0850050886280,"N/A","Thermal Imagers",63,279.99,-17,10,10,-78,2893.54,2893.34,60,4.4,"TOPDON Authorized","China",1,302,-54,"Large Standard-Size",2.72,5.98,7.56,0.99,61.91,170.79,"06/30/2024",26,8,0,0.16
"https://amazon.com/dp/B00SSZ5KPY","https://m.media-amazon.com/images/I/71VReiPDQwL._SX450_.jpg","B00SSZ5KPY","Seek Thermal CompactXR – Outdoor Thermal Imaging Camera for iOS, Black (LT-AAA)","Seek Thermal","Amazon","Industrial & Scientific",107443,855753005068,00855753005068,0855753005068,"N/A","Thermal Imagers",64,299,-11,16,3,-37,5054.45,938.86,1845,4,"Amazon","N/A",1,483,-51,"Large Standard-Size",1.89,3.78,7.13,0.55,"N/A","N/A","06/30/2024",135,6,10,0.01
"https://amazon.com/dp/B0FV7NKPSM","https://m.media-amazon.com/images/I/61PZKFgU8kL._SX450_.jpg","B0FV7NKPSM","VEVOR Thermal Camera, TISR Super Resolution 240x180, Thermal Imaging Camera with 2MP Visual Camera, 96x96 IR Resolution, 25HZ Refresh Rate, -4°F to 1022°F, 4 Image Modes & 6 Color Palettes","VEVOR","Amazon","Industrial & Scientific",109191,197988700654,"N/A",0197988700654,"N/A","Thermal Imagers",69,121.49,-11,17,8,,2935.4,1123.06,18,4.5,"Amazon","N/A",2,0,"N/A","Large Standard-Size",11.14,5.91,4.33,1.21,"N/A","N/A","03/31/2026",7,9,3,0.94
"https://amazon.com/dp/B08871FGPK","https://m.media-amazon.com/images/I/71Y56fTbtaL._SX450_.jpg","B08871FGPK","BOSCH GTC400C 12V Max Connected Thermal Camera, Includes 2 Ah 12V Max Lithium-Ion Battery & Charger, USB Cable, & Soft Pouch","Bosch","Amazon","Industrial & Scientific",109257,000346817836,"N/A",0000346817836,"N/A","Thermal Imagers",67,1196.15,-51,11,8,23,13463.88,9423.55,21,3.9,"Amazon","N/A",1,166,"N/A","Large Standard-Size",4.88,10.98,13.54,4.19,"N/A","N/A","02/28/2025",68,15,2,0.5
"https://amazon.com/dp/B0CTP616WR","https://m.media-amazon.com/images/I/41j2AgCcH8L._SX450_.jpg","B0CTP616WR","Bosch GTC600C 12V Max Connected Thermal Camera","Bosch","Amazon","Industrial & Scientific",109257,000346812886,"N/A",0000346812886,"N/A","Thermal Imagers",67,1547.14,-36,11,3,23,13463.88,4040.14,14,4.5,"Amazon","N/A",1,166,"N/A","Large Standard-Size",4.84,11.22,13.46,4.56,"N/A","N/A","02/28/2025",25,14,2,0.75
"https://amazon.com/dp/B0FV814H85","https://m.media-amazon.com/images/I/61xyE2x76jL._SX450_.jpg","B0FV814H85","VEVOR Thermal Camera, 320 x 240 TISR Super Resolution, Thermal Imaging Camera with 2MP Visual Camera, 256 x 192 IR Resolution, 25 HZ Refresh Rate, -4°F to 1022°F, 4 Image Modes & 6 Color Palettes","VEVOR","Amazon","Industrial & Scientific",110692,197988701743,"N/A",0197988701743,"N/A","Thermal Imagers",69,224.99,"N/A",17,3,,2935.4,753.19,18,4.5,"Amazon","N/A",3,0,"N/A","Large Standard-Size",11.14,5.91,4.33,1.41,"N/A","N/A","03/31/2026",7,9,3,0.94
"https://amazon.com/dp/B0FV77VZP9","https://m.media-amazon.com/images/I/61xyE2x76jL._SX450_.jpg","B0FV77VZP9","VEVOR Thermal Camera, 320 x 240 TISR Super Resolution, Thermal Imaging Camera with 2MP Visual Camera, 160 x 120 IR Resolution, 25 HZ Refresh Rate, -4°F to 1022°F, 4 Image Modes & 6 Color Palettes","VEVOR","Amazon","Industrial & Scientific",110929,197988701507,"N/A",0197988701507,"N/A","Thermal Imagers",69,161.99,-4,17,6,,2891.54,1026.98,18,4.5,"Amazon","N/A",3,0,"N/A","Large Standard-Size",11.14,5.91,4.33,1.41,"N/A","N/A","03/31/2026",7,9,3,0.92
"https://amazon.com/dp/B0FNC6XG6X","https://m.media-amazon.com/images/I/41d2GsI2KNL._SX450_.jpg","B0FNC6XG6X","Thermal Master P2 - Thermal Camera for Android, 512×384 Super Resolution Infrared Imager with 1.5℃ PCB Accuracy, Hotspot Tracking, -4℉ to 1112℉ High Temp, Plug & Play, Grey","Thermal Master","FBA","Industrial & Scientific",111373,"N/A","N/A","N/A","N/A","Thermal Imagers",70,199,"N/A",24,24,,4702.34,4702.24,30,4.5,"Thermal Master Authorized","China",1,0,"N/A","Large Standard-Size",1.46,4.21,6.38,0.57,19.74,54.47,"12/31/2025",0,9,2,0.79
"https://amazon.com/dp/B073JLG1VR","https://m.media-amazon.com/images/I/91VVWxPghxL._SX450_.jpg","B073JLG1VR","CaseSack Case compatible with WALABOT DIY 2 - Advanced Stud Finder and Wall Scanner, Walabot PRO -Programmable 3D Imaging Sensor, DIY Plus X, Walabot DIY -In-Wall Imager","CaseSack","FBA","Industrial & Scientific",113199,729680113533,"N/A",0729680113533,"N/A","Thermal Imagers",71,15.99,-31,59,59,-53,936.7,936,926,4.6,"Casesack","Hong Kong",2,1517,-35,"Large Standard-Size",2.2,4.37,7.13,0.24,34.51,95.21,"12/31/2024",103,7,0,0.06
"https://amazon.com/dp/B0F37N7K4H","https://m.media-amazon.com/images/I/71k1vh4kxqL._SX450_.jpg","B0F37N7K4H","2 in 1 Thermal Imaging with 20000 Counts Multimeter Function Infrared Camera Pixels ISR256x192 Image Resolution 427x320 3.5 inch LCD -20℃ to 550℃ Temperature Range 15 Color Modes","FIXCHIGO","FBA","Industrial & Scientific",115062,"N/A","N/A","N/A","N/A","Thermal Imagers",70,229.99,-33,28,3,-32,3498.14,639.72,13,4.4,"FIXCHIGO STORE","China",1,0,"N/A","Large Standard-Size",2.4,4.61,6.93,0.99,38.6,106.49,"11/30/2025",13,9,3,2.18
"https://amazon.com/dp/B0GC5HJFCY","https://m.media-amazon.com/images/I/71GYroRwtLL._SX450_.jpg","B0GC5HJFCY","Thermal Camera for Home Inspection, 240×240 TISR Infrared Camera with 14-Hour Battery Life, 25Hz Handheld Thermal Imager with 50°FOV for Water Leak Detection, HVAC, Electrical Inspection","ANXTECH","FBA","Industrial & Scientific",115760,773542075316,"N/A",0773542075316,"N/A","Thermal Imagers",66,109.99,-34,25,25,,3136.19,3136.02,5,4.6,"ANXTECH","China",1,0,"N/A","Large Standard-Size",4.41,5.98,10.71,1.59,142.2,392.28,"03/31/2026",3,9,1,4.94
"https://amazon.com/dp/B0GQFBCC71","https://m.media-amazon.com/images/I/61F29IQ8gvL._SX450_.jpg","B0GQFBCC71","Thermal Imaging Camera for USB-C iPhone/Android/Tablet/pad, Thermal Camera 192x192 Super X³IR Resolution for Waterleak HVAC Electrical Automotive Home Insulation Inspections -4°F~752°F","GOYOJO","FBA","Industrial & Scientific",115770,"N/A","N/A","N/A","N/A","Thermal Imagers",71,118,71,10,10,,1165.34,1165.21,2,5,"JSGO -Tools","N/A",1,0,"N/A","Small Standard-Size",0.75,3.31,5.12,0.2,6.4,17.65,"03/31/2026",2,8,0,4.92
"https://amazon.com/dp/B0DJP7ZQKV","https://m.media-amazon.com/images/I/71N69rdKAJL._SX450_.jpg","B0DJP7ZQKV","Kalliber Thermal Imaging Camera - 320 x 240 Screen Resolution, Inbuilt Storage 5000+ Images, 15 Hour Battery Handheld - 25Hz Infrared Camera, High/Low Temp Alarm, HVAC, Inspection & Electrical Faults","Kalliber","FBA","Industrial & Scientific",118812,"N/A","N/A",5065006983615,"N/A","Thermal Imagers",72,99.99,-49,29,29,-63,3132.59,3132.19,36,4.3,"Kalliber LTD","United Kingdom of Great Britain and Northern Ireland",1,408,"N/A","Large Standard-Size",4.8,6.38,10.75,1.92,165.75,457.23,"12/31/2024",19,7,0,0.8
"https://amazon.com/dp/B0GHK84Z97","https://m.media-amazon.com/images/I/61pYleZtXeL._SX450_.jpg","B0GHK84Z97","Multifunctional Thermal Imaging Camera Video Digital Day Night Use Gear Camping Essential Gift Day and Night Use Thermal Camera","Generic","FBM","Industrial & Scientific",121135,"N/A","N/A","N/A","N/A","Thermal Imagers",73,43.99,144,3,3,,121.44,121.34,2,4.5,"LJYNMA","China",1,0,"N/A","N/A","N/A","N/A","N/A","N/A","N/A","N/A","02/28/2026",3,9,0,1.39
"https://amazon.com/dp/B0G3HFXLNZ","https://m.media-amazon.com/images/I/71XlHZSQlRL._SX450_.jpg","B0G3HFXLNZ","VANTRUE POWER Thermal Camera for iPhone & Android, Thermal Imaging Camera 512x384 Super Resolution, Infrared Camera 8mm Macro Manual Focus, -4°F~1022°F Temp Range, Perfect for Home HVAC Inspection","VANTRUE POWER","FBA","Industrial & Scientific",121747,"N/A","N/A","N/A","N/A","Thermal Imagers",74,264.59,-22,32,11,,8234.58,3098.58,23,4.6,"Comfyer Direct","China",1,0,"N/A","Large Standard-Size",2.13,4.37,5.24,0.77,24.56,67.74,"03/31/2026",5,9,3,1.4
"https://amazon.com/dp/B0G3LJTR9X","https://m.media-amazon.com/images/I/71xCpEmT7lL._SX450_.jpg","B0G3LJTR9X","VANTRUE POWER TS1 Thermal Camera for iPhone, Thermal Imaging Camera 512x384 Super Resolution, Infrared Thermal Camera, 25Hz Refresh Rate, -4°F to 1022°F Temp, Compatible with iPhone & iPad","VANTRUE POWER","FBA","Industrial & Scientific",121762,"N/A","N/A","N/A","N/A","Thermal Imagers",74,259.99,-9,32,22,,8234.58,5135.43,23,4.6,"Comfyer Direct","China",1,0,"N/A","Large Standard-Size",2.13,4.37,5.24,0.71,24.56,67.74,"03/31/2026",5,7,3,1.4
"https://amazon.com/dp/B0F2J1XY4J","https://m.media-amazon.com/images/I/71nB3bk5PoL._SX450_.jpg","B0F2J1XY4J","testo 860i Wireless Thermal Imaging Camera for iPhone & Android - Thermal Imager with USB-C Cable - Handheld Infrared Camera 256 x 192 Resolution & -4 to +662 °F Measurement Range","Testo","Amazon","Industrial & Scientific",123142,"N/A","N/A",4029547028540,"N/A","Thermal Imagers",74,380,-12,28,10,-27,11461.6,4232.72,19,4.3,"Amazon","N/A",2,377,"N/A","Large Standard-Size",10.4,5.2,1.4,1.2,"N/A","N/A","12/31/2025",12,10,3,1.49
"https://amazon.com/dp/B0GFSNJ7MZ","https://m.media-amazon.com/images/I/31RdyQynbNL._SX450_.jpg","B0GFSNJ7MZ","Handheld Thermal Imaging Camera, 25Hz Fast Refresh, TISR 240×240 Enhanced Display, -4°F to 1022°F, Temp Alarm, IP54 for Home & Industrial Use","AccuYard","FBA","Industrial & Scientific",125089,"N/A","N/A","N/A","N/A","Thermal Imagers",75,109.99,-46,32,32,,3651.04,3650.67,12,4.7,"AccuYard","USA",1,0,"N/A","Large Standard-Size",4.09,5,10.55,1.19,108.62,299.65,"02/28/2026",3,7,0,2.64
"https://amazon.com/dp/B0DCZ8CRCS","https://m.media-amazon.com/images/I/61sW0e8yt-L._SX450_.jpg","B0DCZ8CRCS","HSFTOOLS P2W Wi-Fi Thermal Camera with 8MP Visual Camera, 3.5"" Touch Screen, 640x480 Super Resolution Thermal Imaging Camera, Intelligent Scene Detection, 256x192 IR Resolution, Video Recording","HSFTOOLS","FBA","Industrial & Scientific",125430,860010995389,00860010995389,0860010995389,"N/A","Thermal Imagers",76,479,-17,30,30,-94,13937.15,13937.01,51,4.6,"HSFTOOLS Direct","Vietnam",1,950,"N/A","Large Standard-Size",2.72,4.84,6.85,1.37,45.4,125.25,"01/31/2025",21,9,0,0.58
"https://amazon.com/dp/B0BGRSF97F","https://m.media-amazon.com/images/I/41tihZCCEdL._SX450_.jpg","B0BGRSF97F","VEVOR Thermal Imaging Camera, 240x180 IR Resolution (43200 Pixels), 20Hz Refresh Rate Infrared Camera with -4℉~662℉ Temperature Range, 16G Built-in SD Card, and Rechargeable Li-ion Battery","VEVOR","FBM","Industrial & Scientific",126269,840281543489,"N/A",0840281543489,"N/A","Thermal Imagers",75,237.99,14,18,8,,7376.91,1800.17,142,4.5,"Suplander","China",1,0,"N/A","Large Standard-Size",6.02,7.13,11.65,2.45,"N/A","N/A","03/31/2026",43,9,4,0.12
"https://amazon.com/dp/B0BYKBBRGX","https://m.media-amazon.com/images/I/51YapHvfCsL._SX450_.jpg","B0BYKBBRGX","UNI-T Macro Lens UT-Z003 for UNI-T Thermal Imaging UTi260V/UTi260E/UTi320E/UTi320v+/UTi720E/UTi730E/UTi720V/UTi730VThermal Imaging Camera","UNI-T","FBA","Industrial & Scientific",126564,"N/A",06935750500361,6935750500361,"N/A","Thermal Imagers",77,55.99,204,0,0,400,"-","-",1,5,"J&Y Instrumentation Tools Store","China",2,0,"N/A","Large Standard-Size",1.97,1.57,1.57,0.44,2.46,6.78,"09/30/2025",33,9,0,0.26
"https://amazon.com/dp/B074TVN21G","https://m.media-amazon.com/images/I/71PWQz64zzL._SX450_.jpg","B074TVN21G","CASEMATIX Waterproof Thermal Camera Case Compatible with FLIR C8, C5, C3 & C2 – Rugged Hard Shell Travel Storage with Custom Foam Fits Flir infrared Cameras","CASEMATIX","FBA","Industrial & Scientific",127951,606034869608,"N/A",0606034869608,"N/A","Thermal Imagers",79,22.99,-38,11,11,-48,250.26,250.07,235,4.6,"Casematix","USA",2,359,79,"Large Standard-Size",2.44,7.28,9.25,0.71,82.73,228.21,"04/30/2025",105,8,0,0.05
"https://amazon.com/dp/B0CC5J19VW","https://m.media-amazon.com/images/I/61MfcLmN9xL._SX450_.jpg","B0CC5J19VW","MiLESEEY Thermal Imaging Monocular T-Recon Scout 256x192 (25 Hz) TNV256i Thermal Monocular for Hunting Thermal Binocular Long Focus Thermal Imager(Android Type-C Version)","MiLESEEY","FBA","Industrial & Scientific",130222,"N/A","N/A","N/A","N/A","Thermal Imagers",80,69.99,-74,7,7,,558.69,558.51,15,3.4,"ACPOTEL-direct","Hong Kong",1,13,-82,"Large Standard-Size",2.44,6.97,9.37,1.32,80.23,221.32,"05/31/2024",33,9,0,0.49
"https://amazon.com/dp/B0F5GHSBWQ","https://m.media-amazon.com/images/I/61pntZ3fbML._SX450_.jpg","B0F5GHSBWQ","Thermal Imaging Night Vision Scope for Hunting – 320×240 Resolution Infrared Thermal Scope with Crosshair & Red Laser Aiming, Waterproof, 3X Zoom, Long Battery Life, Fits 21mm Rail","Husk Masida","FBA","Industrial & Scientific",130231,797409208198,"N/A",0797409208198,"N/A","Thermal Imagers",79,439,-4,22,17,-38,14175.58,7337.16,29,3.7,"Shenzhen Linghui Technology  Co.,Ltd","China",1,0,"N/A","Large Standard-Size",3.11,4.29,5.79,0.99,38.89,107.29,"09/30/2025",12,7,2,0.75
"https://amazon.com/dp/B0GPWLNMRD","https://m.media-amazon.com/images/I/71ydswjMEzL._SX450_.jpg","B0GPWLNMRD","VEVOR 2025 Upgraded Thermal Imaging Camera for Android, 512 x 384 TISR Super Resolution, 25HZ Refresh Rate Infrared Thermal Imager for Smartphone Tablet, 256 x 192 IR Resolution,15 Color Palettes","VEVOR","Amazon","Industrial & Scientific",131645,197988184805,"N/A",0197988184805,"N/A","Thermal Imagers",82,190.9,"N/A",8,2,,1643.45,483.83,96,4.4,"Amazon","N/A",2,0,"N/A","Large Standard-Size",7.09,7.09,2.36,0.33,"N/A","N/A","03/31/2026",2,9,5,0.08
"https://amazon.com/dp/B0D8KTKBXT","https://m.media-amazon.com/images/I/71DMVS9p7fL._SX450_.jpg","B0D8KTKBXT","RT100 Thermal Camera for iPhone Series & iPads, 512 x 384 Super Resolution, 256 x 192 IR Resolution Infrared Camera, 25Hz Thermal Imaging Camera with -4°F~1022°F Temp Range, Temperature Alarm","FOXWELL","FBA","Industrial & Scientific",134795,"N/A","N/A","N/A","N/A","Thermal Imagers",81,239.99,-22,11,3,-103,2647.52,751.76,62,3.9,"Foxwell US","China",1,463,"N/A","Large Standard-Size",2.13,3.74,5,0.42,20.05,55.32,"11/30/2025",22,9,4,0.18
"https://amazon.com/dp/B0D92BVGRY","https://m.media-amazon.com/images/I/71K8RFJWsOL._SX450_.jpg","B0D92BVGRY","RT100 Thermal Camera for iPhone Series & iPads, 512 x 384 Super Resolution, 256 x 192 IR Resolution Infrared Camera, 25Hz Thermal Imaging Camera with -4°F~1022°F Temp Range, Temperature Alarm","FOXWELL","FBA","Industrial & Scientific",134795,"N/A","N/A","N/A","N/A","Thermal Imagers",81,249.99,-11,11,2,-103,2647.52,437.38,1,5,"Foxwell US","China",1,463,"N/A","Large Standard-Size",2.24,3.74,5,0.42,21.09,58.18,"11/30/2025",17,9,4,11.25
"https://amazon.com/dp/B0FPQPXZPM","https://m.media-amazon.com/images/I/51TpFG8Nm6L._SX450_.jpg","B0FPQPXZPM","FOTRIC TK6 Thermal Imaging Camera, 384 x 288 IR Resolution , 25° *19° FOV, Manual Focus Thermal Imager with 5MP Visual Camera for Building, Electrical Inspections, -4°F to 1022°F, 3.5"" Touch Screen","FOTRIC","FBA","Industrial & Scientific",135214,730425882218,"N/A",0730425882218,"N/A","Thermal Imagers",82,699,-29,20,20,-25,13693.71,13693.6,10,3.8,"FOTRIC Official","China",1,0,"N/A","Large Standard-Size",5.43,7.87,12.83,3.22,276.44,762.59,"03/31/2026",8,8,0,1.96
"https://amazon.com/dp/B0DHGSH174","https://m.media-amazon.com/images/I/71FUp8Q17UL._SX450_.jpg","B0DHGSH174","Thermal Camera for Android Phone, P2 Pro Thermal Imager with Macro Lens, Infrared Camera with 512 × 384 IR Resolution, 15× Zoom, -4℉ to 1112℉ Temp Range Thermal Imaging Camera for Phone (Android)","Thermal Master","FBA","Industrial & Scientific",135823,"N/A","N/A",6977658980029,"N/A","Thermal Imagers",83,269,-9,38,18,-64,10097.76,4805.29,100,4.3,"Thermal Master Official","China",1,0,"N/A","Large Standard-Size",1.46,4.17,6.46,0.57,19.76,54.52,"06/30/2025",17,7,2,0.38
"https://amazon.com/dp/B0GTY1P6BT","https://m.media-amazon.com/images/I/71Ls3PiWPTL._SX450_.jpg","B0GTY1P6BT","DV2 Thermal Camera for Birdwatching, Night Vision Infrared Camera 5'' Rotatable HD Screen, Work for Outdoor Wildlife Observation","Thermal Master","-","Industrial & Scientific",136123,"N/A","N/A",6977658980517,"N/A","Thermal Imagers",83,499,"N/A",1,1,,499,498.98,"N/A","N/A",,"N/A",1,0,"N/A","Large Standard-Size",9.84,9.45,4.72,2.65,"N/A","N/A","-",1,"N/A",0,"N/A"
"https://amazon.com/dp/B0D8JHXDG8","https://m.media-amazon.com/images/I/71KknmLy0IL._SX450_.jpg","B0D8JHXDG8","FOXWELL RT100 Thermal Camera for Android Smartphones & PC, 512x384 TISR Resolution Thermal Imaging Camera for Home Automotive Industrial Leak Heat Loss Inpsection, 25Hz Refresh Rate Thermal Imager","FOXWELL","FBA","Industrial & Scientific",137872,"N/A","N/A","N/A","N/A","Thermal Imagers",85,199.99,"N/A",11,5,-103,2647.52,1112.98,67,4.5,"Foxwell US","China",1,463,"N/A","Large Standard-Size",2.13,3.46,5,0.46,18.55,51.18,"11/30/2025",22,9,4,0.17
"https://amazon.com/dp/B0GTVG8JXT","https://m.media-amazon.com/images/I/41hmeq8UfVL._SX450_.jpg","B0GTVG8JXT","Thermal Camera 240×180 Resolution, 25Hz Infrared Camera with Laser Pointer, 320 X 240 LCD Screen Handheld Thermal Imaging Camera with -4℉~ 1022℉ Temp Range for Home HVAC Electrical Inspection, 8GB","CIGXAVO","-","Industrial & Scientific",138568,"N/A","N/A","N/A","N/A","Thermal Imagers",84,149.99,"N/A",5,5,,799.95,799.93,"N/A","N/A",,"N/A",2,0,"N/A","Large Standard-Size",3.7,5.87,11.1,1.28,"N/A","N/A","-",1,"N/A",0,"N/A"
"https://amazon.com/dp/B0F1XQWJ3B","https://m.media-amazon.com/images/I/61lnVEstMVL._SX450_.jpg","B0F1XQWJ3B","ZOYI Thermal Imaging Camera 2 in 1 True RMS Multimeter 32×32Resolution -4°F to 1022°F Type-C Charging for Electrical Industrial Inspections 25000count Digital multimeter","ZOYI","FBA","Industrial & Scientific",140721,"N/A","N/A","N/A","N/A","Thermal Imagers",87,90.89,-11,14,14,32,1238.83,1238.6,22,4.3,"ZOYI OFFICIAL STORE","China",1,259,"N/A","Large Standard-Size",2.32,4.92,7.01,0.79,40.29,111.13,"11/30/2025",13,9,0,0.62
"https://amazon.com/dp/B08S2WTQRH","https://m.media-amazon.com/images/I/51JVwgqVBKL._SX450_.jpg","B08S2WTQRH","Fluke TiS55+ 27HZ, Thermal Imager","Fluke","FBM","Industrial & Scientific",142418,095969946261,"N/A",0095969946261,"N/A","Thermal Imagers",89,3791.75,11,4,4,-46,16302.85,16302.74,1,5,"Empire Rigging & Supply","USA",3,76,58,"Large bulky",8.5,11,15.4,7,"N/A","N/A","03/31/2025",64,6,0,4.35
"https://amazon.com/dp/B00NYWABAA","https://m.media-amazon.com/images/I/41MNl8mQtRL._SX450_.jpg","B00NYWABAA","Seek Thermal Compact - All-Purpose Thermal Imaging Camera for iOS , Black - LW-AAA","Seek Thermal","Amazon","Industrial & Scientific",145011,855753005143,00855753005143,5915903757928,"N/A","Thermal Imagers",88,344.6,-10,16,1,-37,5054.45,505.54,1845,4,"Amazon","N/A",1,483,-51,"Large Standard-Size",1.93,3.7,7.17,0.51,"N/A","N/A","06/30/2024",139,12,10,0.01
"https://amazon.com/dp/B0FKS88LJ3","https://m.media-amazon.com/images/I/71bGbsXYRyL._SX450_.jpg","B0FKS88LJ3","Thermal Master T2 Pro Thermal Monocular for iPhone, 1500 Yards Night Vision Camera with 13mm Lens, Tactical Handle, Infrared Imager for Outdoor Detecting Deer, Black","Thermal Master","FBA","Industrial & Scientific",146361,"N/A","N/A","N/A","N/A","Thermal Imagers",93,399,17,23,23,-30,9141.73,9141.6,24,4.4,"Thermal Master Official","China",1,0,"N/A","Large Standard-Size",3.39,7.44,11.5,1.83,146.03,402.84,"12/31/2025",8,9,2,0.95
"https://amazon.com/dp/B0FR97YXCP","https://m.media-amazon.com/images/I/71poAj7sheL._SX450_.jpg","B0FR97YXCP","MiLESEEY TP2 Wireless Thermal Imaging Camera for All iPhone, iPad & Android Devices, 512×384 Super Resolution Infrared Camera, 25Hz Detachable Thermal Imager for Electrical, Building, HVAC Detection","MiLESEEY","FBA","Industrial & Scientific",146567,"N/A","N/A","N/A","N/A","Thermal Imagers",94,159.99,-48,1,1,-104,179,178.95,2,3.5,"MILESEEY Outdoor","China",1,0,"N/A","Large Standard-Size",7,3,2,0.7,21.15,58.33,"11/30/2025",6,7,0,0.5
"https://amazon.com/dp/B0FHGR7W6K","https://m.media-amazon.com/images/I/61pntZ3fbML._SX450_.jpg","B0FHGR7W6K","Thermal Imaging Night Vision Scope for Hunting – 640 * 512 Resolution Infrared Thermal Scope with Crosshair & Red Laser Aiming, Waterproof, 3X Zoom, Long Battery Life, Fits 21mm Rail (640 * 512)","Husk Masida","-","Industrial & Scientific",147229,765360616994,"N/A",0765360616994,"N/A","Thermal Imagers",87,1399,"N/A",22,5,-38,14175.58,6838.2,"N/A","N/A",,"N/A",1,0,"N/A","Large Standard-Size",10.94,7.6,4.21,1.65,"N/A","N/A","09/30/2025",12,"N/A",2,"N/A"
"https://amazon.com/dp/B0BWC6NNWF","https://m.media-amazon.com/images/I/71ibfkhhy9L._SX450_.jpg","B0BWC6NNWF","Klein Tools TI290 Rechargeable PRO Thermal Imaging Camera, Over 76,800 Pixels, Wi-Fi Data Transfer, 3 Palettes, High/Low Temperature Points","KLEIN TOOLS","Amazon","Industrial & Scientific",147677,092644693625,00092644693625,0092644693625,"N/A","Thermal Imagers",96,646.24,-25,57,57,-28,37076.3,37075.63,61,4.4,"Amazon","N/A",4,194,"N/A","Large Standard-Size",3.11,6.85,7.6,0.84,"N/A","N/A","03/31/2026",38,14,0,0.94
"https://amazon.com/dp/B0CBL4BGK8","https://m.media-amazon.com/images/I/71Pg9tEqtKL._SX450_.jpg","B0CBL4BGK8","FLIR TG54-2 Infrared Spot Thermometer with Digital Readout: for Non-Contact Temperature Measurements up to 1,562 Degrees F","FLIR","Amazon","Industrial & Scientific",150648,793950402542,"N/A",0793950402542,"N/A","Thermal Imagers",98,224,-9,21,17,89,4943,3693.34,95,4.4,"Amazon","N/A",3,238,-2,"Large Standard-Size",3.98,9.45,12.28,1.54,"N/A","N/A","04/30/2025",34,6,4,0.22
"https://amazon.com/dp/B0CBL4BBP2","https://m.media-amazon.com/images/I/71X95a6X21L._SX450_.jpg","B0CBL4BBP2","FLIR TG56-2 Infrared Spot Thermometer with Digital Readout: for Non-Contact Temperature Measurements up to 2,372 Degrees F","FLIR","Amazon","Industrial & Scientific",150657,793950402566,"N/A",0793950402566,"N/A","Thermal Imagers",98,264.19,18,21,5,89,4943,1249.38,95,4.4,"Amazon","N/A",3,238,-2,"Large Standard-Size",3.23,8.78,12.32,1.65,"N/A","N/A","04/30/2025",34,6,4,0.22
"https://amazon.com/dp/B0CCYDT1NR","https://m.media-amazon.com/images/I/81KfR-TYATL._SX450_.jpg","B0CCYDT1NR","Mini Handheld Thermal Camera, Portable Infrared Thermal Imaging Camera, Paranormal Equipment Thermal Imager, Non-Contact Heat Detector with Type-C Interface PC Link Data Storage","Mefape","FBA","Industrial & Scientific",152226,"N/A","N/A","N/A","N/A","Thermal Imagers",88,65.16,-20,21,21,-61,1376.72,1376.6,24,3.7,"JTH-Trading","China",1,349,193,"Large Standard-Size",1.65,4.06,4.37,0.35,14.74,40.66,"07/31/2025",33,7,0,0.86
"https://amazon.com/dp/B0F1MG3TBT","https://m.media-amazon.com/images/I/712t0DujD0L._SX450_.jpg","B0F1MG3TBT","Mastfuyi TR10 Thermal Imager,Super Resolution 240×240 Thermal Camera,25Hz Infrared Camera with Temperature Alarm,-4°F to 1022°F Handheld Infrared Imager,8-Hour Battery Life Infrared Camera,Green","Mastfuyi","FBA","Industrial & Scientific",153084,"N/A","N/A","N/A","N/A","Thermal Imagers",99,109.99,-35,14,4,41,1483.83,471.82,59,4.5,"Mastfuyi","China",1,0,"N/A","Large Standard-Size",2.99,3.98,8.86,1.06,53.08,146.44,"01/31/2026",13,8,3,0.23
"https://amazon.com/dp/B0D2JLJ73N","https://m.media-amazon.com/images/I/41bojQ7j-YL._SX450_.jpg","B0D2JLJ73N","Seek Thermal - FirePRO 200 Thermal Camera, Handheld High Resolution 200x150 Thermal Camera & LED Flashlight, 25Hz Temperature Imaging, Thermal Imager for Firefighters & Emergency Responders","Seek Thermal","FBM","Industrial & Scientific",153355,859356006637,00859356006637,0859356006637,"N/A","Thermal Imagers",100,699,-10,21,21,-2,14579.7,14579.57,5,5,"The Fire Store","USA",2,138,2,"Large Standard-Size",7.4,4.7,3.7,1.7,"N/A","N/A","09/30/2024",24,6,0,4.18
"https://amazon.com/dp/B0GL7G2JPL","https://m.media-amazon.com/images/I/61c69n5MzNL._SX450_.jpg","B0GL7G2JPL","Thermal Master P4 Dual-Lens Thermal Camera for Android, Thermal Imaging Camera with IR Eraser, 512×384 X³ IR Resolution, 15× Digital Zoom, -4℉~1112℉, 0.035℃ Sensitivity (Android)","Thermal Master","-","Industrial & Scientific",154894,"N/A","N/A","N/A","N/A","Thermal Imagers",89,399,384,45,45,,17826.96,17826.8,"N/A","N/A",,"N/A",1,0,"N/A","Large Standard-Size",2.13,4.33,5.28,0.64,"N/A","N/A","03/31/2026",3,"N/A",3,"N/A"
"https://amazon.com/dp/B0FHH4ZRP7","https://m.media-amazon.com/images/I/61JDhHbiiwL._SX450_.jpg","B0FHH4ZRP7","Thermal Master P2 Thermal Camera for Android, Thermal Imager with 512 × 384 Super IR Resolution, 1.5℃ PCB Accuracy, -4℉ to 1112℉ Thermal Imaging Camera (P2 Android)","Thermal Master","FBA","Industrial & Scientific",155046,"N/A","N/A","N/A","N/A","Thermal Imagers",95,199,"N/A",24,24,232,4776.72,4776.58,40,4.2,"Thermal Master Official","China",1,0,"N/A","Large Standard-Size",1.46,4.17,6.65,0.53,20.38,56.23,"10/31/2025",10,8,2,0.6
"https://amazon.com/dp/B0977Q3K8V","https://m.media-amazon.com/images/I/31uCcILbsvL._SX450_.jpg","B0977Q3K8V","FLIR MR265 Moisture Meter and Thermal Imager with MSX","FLIR","FBA","Industrial & Scientific",159227,793950322659,"N/A",0793950322659,"N/A","Thermal Imagers",101,1299,78,87,22,17,97816.76,29014.73,16,3.8,"Northwest Selling Solutions","USA",1,1260,"N/A","Large Standard-Size",4.25,7.99,12.83,2.18,219.35,605.1,"06/30/2025",58,8,4,5.44
"https://amazon.com/dp/B0F2YYKP58","https://m.media-amazon.com/images/I/31Dp5hZxUsL._SX450_.jpg","B0F2YYKP58","MLX90640 Thermal Imaging Camera Module – 110° Wide Angle, 32x24 IR Sensor Array for Raspberry Pi, HVAC, Fire Detection","LLidgermal","FBA","Industrial & Scientific",161458,"N/A","N/A","N/A","N/A","Thermal Imagers",102,66.3,7,14,14,-72,903.52,903.39,1,5,"thinlight","China",2,93,"N/A","Large Standard-Size",4.72,2.76,1.18,0.18,7.74,21.35,"01/31/2026",13,9,0,13.62
"https://amazon.com/dp/B08KWQRPPY","https://m.media-amazon.com/images/I/41iipgSMZSL._SX450_.jpg","B08KWQRPPY","Fluke TIS20+ MAX 9HZ, Thermal Imager","Fluke","Amazon","Industrial & Scientific",161668,095969979436,"N/A",0095969979436,"N/A","Thermal Imagers",96,2178.37,-10,4,4,-103,8998.9,8998.82,2,5,"Amazon","N/A",3,124,-11,"Large Standard-Size",7.95,8.27,12.64,4.29,"N/A","N/A","11/30/2024",67,2,0,2.13
"https://amazon.com/dp/B0FF1NPKYW","https://m.media-amazon.com/images/I/71WFJNoF90L._SX450_.jpg","B0FF1NPKYW","MiLESEEY TR20 Pro Thermal Imaging Camera, Handheld Infrared Imager with 320 x 240 Resolution, 50Hz Refresh Rate, Dual-Camera Handheld Infrared Thermal Imaging Camera Supporting PC Software Analysis","MiLESEEY","FBA","Industrial & Scientific",164009,"N/A","N/A","N/A","N/A","Thermal Imagers",104,349.99,-5,54,54,18,15514,15513.31,18,4.4,"MILESEEY Outdoor","China",1,0,"N/A","Large Standard-Size",4.49,5.67,15.16,2.78,194.18,535.67,"11/30/2025",10,8,0,3.6
"https://amazon.com/dp/B0G4TM11L6","https://m.media-amazon.com/images/I/61BACFZWMRL._SX450_.jpg","B0G4TM11L6","VEVOR Pro Thermal Imaging Camera, Upgraded 512 x 384 TISR Super Resolution, 3.45"" LCD Infrared Thermal Imager with 2MP Visual Camera, 25HZ Refresh Rate, -4°F - 1022°F, 4 Image Modes & 7 Color Palettes","VEVOR","Amazon","Industrial & Scientific",164580,197988706908,"N/A",0197988706908,"N/A","Thermal Imagers",99,369.9,-4,18,6,,7376.91,2116.72,142,4.5,"Amazon","N/A",2,0,"N/A","Large Standard-Size",11.42,7.09,5.91,2.47,"N/A","N/A","03/31/2026",5,9,4,0.12
"https://amazon.com/dp/B0G6Z8479Y","https://m.media-amazon.com/images/I/51Tv+96fYJL._SX450_.jpg","B0G6Z8479Y","AccuMEMS GT16S Thermal Imaging Camera with AI Scene Detection, Precision Thermometer Mode, 240×240 UIRA-IR Resolution, -4°F~1202°F, 25Hz,11H Battery,<50mK NETD Infrared Camera for HVAC Home Inspection","AccuMEMS","FBA","Industrial & Scientific",165540,"N/A","N/A","N/A","N/A","Thermal Imagers",100,199.99,"N/A",21,21,,5039.79,5039.79,1,1,"AccuMEMS Direct","N/A",2,0,"N/A","Large Standard-Size",4.06,4.53,9.41,0.97,87.13,240.37,"-",5,8,0,21
"https://amazon.com/dp/B0C1RD1Q15","https://m.media-amazon.com/images/I/71yjnvIZEIL._SX450_.jpg","B0C1RD1Q15","TOPDON TC003 256X192 IR Resolution 5"" Touch Screen Thermal Imaging Camera with Secondary Analysis, Dual-Light Thermal Imager with Bluetooth and 2 MP Visual Camera, -4°F~1022°F","TOPDON","FBA","Industrial & Scientific",168555,850028162897,00850028162897,0850028162897,"N/A","Thermal Imagers",108,399.99,-18,24,24,110,9785.16,9784.82,154,4.2,"TOPDON-DIAG","China",3,327,"N/A","Large Standard-Size",3.46,6.38,8.82,2.27,98.03,270.42,"04/30/2025",37,9,2,0.16
"https://amazon.com/dp/B0GFD69JCB","https://m.media-amazon.com/images/I/71mQb+EkLLL._SX450_.jpg","B0GFD69JCB","PHOEBUS LINK RCX100 Thermal Imaging Camera for Home Inspection, HVAC & Electrical Troubleshooting, 320x240 Enhanced Resolution, 25Hz Infrared Camera, 2.8"" Bright Screen, Temp Alerts, Rechargeable","PHOEBUS LINK","FBA","Industrial & Scientific",170099,"N/A","N/A","N/A","N/A","Thermal Imagers",103,198,-29,20,22,,4367.7,4886.11,11,5,"Phoebus Link","China",2,0,"N/A","Large Standard-Size",4.84,6.3,10.83,1.48,166.26,458.65,"04/30/2026",3,9,3,1.82
"https://amazon.com/dp/B0828N5YSX","https://m.media-amazon.com/images/I/71Nz4k7zgKL._SX450_.jpg","B0828N5YSX","Fluke FLK-TIS60+ 30HZ, Thermal Imager; GT1; 30 HZ","Fluke","FBA","Industrial & Scientific",171220,095969920834,00095969920834,0095969920834,"N/A","Thermal Imagers",109,4074.12,1,8,8,100,28820.37,28820.17,2,5,"NO TIME TO DEAL","USA",3,58,-19,"Large bulky",8.58,11,15.5,7.4,474.08,1185.21,"07/31/2025",77,4,0,3.9
"https://amazon.com/dp/B0FPQ81J9H","https://m.media-amazon.com/images/I/71b9WzsT-fL._SX450_.jpg","B0FPQ81J9H","Thermal Camera for Android, Thermal Imager for Smartphone, 512x384 Super IR Resolution, 256x192 IR Resolution, Infrared Camera for Home Inspection, HVAC, Automotive","ANXTECH","FBA","Industrial & Scientific",171424,774501946968,"N/A",0774501946968,"N/A","Thermal Imagers",110,139.99,-27,6,3,,827.76,409.69,9,3.6,"ANXTECH","China",2,0,"N/A","Large Standard-Size",2.05,3.07,4.29,0.35,13.59,37.5,"04/30/2026",8,9,2,0.64
"https://amazon.com/dp/B07ZKK8QWY","https://m.media-amazon.com/images/I/61MnS8yrhOL._SX450_.jpg","B07ZKK8QWY","Waveshare MLX90640 IR Array Thermal Imaging Camera with 32×24 Pixels 55° Field of View Communicating via I2C Interface Supports Raspberry Pi/rduino(ESP32)/STM32, etc.","waveshare","FBA","Industrial & Scientific",172901,"N/A","N/A","N/A","N/A","Thermal Imagers",111,68.99,-25,17,17,44,1176.03,1175.74,8,4.1,"waveshare","Hong Kong",2,100,15,"Large Standard-Size",0.87,2.2,3.03,0.02,2.91,8.04,"01/31/2025",72,6,0,2.13
"https://amazon.com/dp/B0F6CZM1CJ","https://m.media-amazon.com/images/I/61e8kX87veL._SX450_.jpg","B0F6CZM1CJ","TIOP01 Portable Infrared Thermal Imaging Camera IR Imager USB Type-C for Android Phone,-20℃-1000℃,32 X 32 Resolution","Generic","FBA","Industrial & Scientific",175361,702408627673,"N/A",0702408627673,"N/A","Thermal Imagers",113,59.99,-45,10,10,50,612.7,612.63,6,2.5,"智成科技","China",1,0,"N/A","Large Standard-Size",3.94,1.18,3.94,0.11,9.22,25.44,"09/30/2025",12,5,0,1.7
"https://amazon.com/dp/B0FQHVSX91","https://m.media-amazon.com/images/I/61w08gEmM6L._SX450_.jpg","B0FQHVSX91","MLX90640-D55 Thermal Imaging Camera, 32x24 IR Array, I2C Interface, for Raspberry Pi, Compatible with Arduino and STM32,for Firefighting, Security Monitoring, Electrical Maintenance, HVAC, etc.","WatangTech","FBA","Industrial & Scientific",176285,"N/A","N/A","N/A","N/A","Thermal Imagers",114,66.3,-15,8,8,21,534.94,534.87,"N/A","N/A","WatangTech","China",2,0,"N/A","Large Standard-Size",3.15,2.76,1.18,0.08,5.17,14.25,"03/31/2026",8,9,0,"N/A"
"https://amazon.com/dp/B0GV3L14TZ","https://m.media-amazon.com/images/I/51pGJbySXUL._SX450_.jpg","B0GV3L14TZ","oneleaf.ai Mars Mini 640x512 (60Hz) Micro Thermal Imaging Scope with 25mm Lens","oneleaf.ai","-","Industrial & Scientific",180579,"N/A","N/A","N/A","N/A","Thermal Imagers",111,2099,"N/A",0,0,,"-","-","N/A","N/A",,"N/A",1,0,"N/A","Large Standard-Size",3.86,5.04,8.11,2.34,"N/A","N/A","-",1,"N/A",0,"N/A"
"https://amazon.com/dp/B01BVTGTQM","https://m.media-amazon.com/images/I/61iy-WjSN5L._SX450_.jpg","B01BVTGTQM","FLIR K65 320 x 240 Hermal Camera Kit, NFPA","FLIR","FBM","Industrial & Scientific",186870,845188010881,"N/A",0845188010881,"N/A","Thermal Imagers",116,4595,-67,3,1,,12670.21,2363.1,1,5,"ShahCo store","USA",2,15,-29,"Large bulky",7.5,14.6,18.9,11.45,"N/A","N/A","03/31/2026",117,1,5,3.29
"https://amazon.com/dp/B01JB7Y4PE","https://m.media-amazon.com/images/I/618j5gL-BRL._SX450_.jpg","B01JB7Y4PE","FLIR K53 320 x 240 Thermal Camera Kit","FLIR","FBM","Industrial & Scientific",187136,845188012472,"N/A",0845188012472,"N/A","Thermal Imagers",116,4570.48,-56,3,1,,12670.21,4192.99,1,5,"Quick Direct","USA",2,15,-29,"Large bulky",19.7,7.5,14.6,12.6,"N/A","N/A","03/31/2026",117,1,5,3.29
"https://amazon.com/dp/B01JB150HG","https://m.media-amazon.com/images/I/41L9ae003lL._SX450_.jpg","B01JB150HG","FLIR K33 240 x 180 Thermal Camera Kit","FLIR","FBM","Industrial & Scientific",187150,845188012465,00845188012465,0845188012465,"N/A","Thermal Imagers",116,3149,-8,3,2,,12670.21,4616.32,1,5,"Quick Direct","USA",1,15,-29,"Large bulky",7.25,14.5,19.65,11.6,"N/A","N/A","03/31/2026",117,1,5,3.29
"https://amazon.com/dp/B0BGRS6JN4","https://m.media-amazon.com/images/I/71JTdZXug-L._SX450_.jpg","B0BGRS6JN4","VEVOR Thermal Imaging Camera, 240x180 IR Resolution with 2MP Visual Camera, 20Hz Refresh Rate Infrared Camera with -4℉~1022℉ Temperature Range, 64G Built-in SD Card and Rechargeable Li-ion Battery","VEVOR","FBM","Industrial & Scientific",192034,840281543472,"N/A",0840281543472,"N/A","Thermal Imagers",115,292.9,-19,8,0,,1643.45,"-",96,4.4,"Suplander","China",1,0,"N/A","Large Standard-Size",7.4,7.99,12.01,3.4,"N/A","N/A","03/31/2026",43,9,5,0.08
"https://amazon.com/dp/B0G3432XBP","https://m.media-amazon.com/images/I/51kzw87cvxL._SX450_.jpg","B0G3432XBP","AccuMEMS GT24S Thermal Camera with Thermometer Mode, 320×240 UIRA-IR Enhanced Resolution, 256×192 Native IR, Home Inspection Thermal Imaging Camera, -4°F~1202°F, NETD < 40 mK, 10h Battery Life, 25Hz","AccuMEMS","-","Industrial & Scientific",195107,"N/A","N/A","N/A","N/A","Thermal Imagers",116,249,"N/A",0,0,,"-","-","N/A","N/A",,"N/A",1,0,"N/A","Large Standard-Size",4.09,4.57,9.33,0.95,"N/A","N/A","-",5,"N/A",0,"N/A"
"https://amazon.com/dp/B0CS9P2NDK","https://m.media-amazon.com/images/I/512QuSRx7+L._SX450_.jpg","B0CS9P2NDK","ALOEU Macro-Lens for Camera PCB Repair Motherboard Infrared Focusing Amplification Thermal Imaging Macro-Lens, 500307001","ALOEU","FBM","Industrial & Scientific",196902,"N/A","N/A",4713168772028,"N/A","Thermal Imagers",117,23.4,-25,0,0,70,"-","-",1,5,"Putuosi","China",1,108,"N/A","Large Standard-Size",1.97,1.97,0.79,0.03,"N/A","N/A","03/31/2026",28,8,0,0
"https://amazon.com/dp/B0GGRLXVMD","https://m.media-amazon.com/images/I/71Dp9hNiRPL._SX450_.jpg","B0GGRLXVMD","Whoasyst Multifunctional Thermal Imaging Camera Video Digital Day Night Use Gear Camping Essential Gift Portable Outdoor Surveillances Camera","Whoasyst","FBM","Industrial & Scientific",197034,"N/A","N/A",7775160303645,"N/A","Thermal Imagers",119,37.19,-22,0,0,-120,"-","-","N/A","N/A","MfufuLLLL","China",1,0,"N/A","N/A","N/A","N/A","N/A","N/A","N/A","N/A","01/31/2026",4,9,0,"N/A"
"https://amazon.com/dp/B0DBJVNHQS","https://m.media-amazon.com/images/I/616FI5c19cL._SX450_.jpg","B0DBJVNHQS","AGM Global Vision Rattler-C V2 50-640 Thermal Imaging Clip-On 20mK, 12 Micron Thermal Detector, 640x512 (50 Hz) Resolution, 50mm Lens Thermal Clip-On System Quick Day Optic Conversion","AGM Global Vision","FBM","Industrial & Scientific",197064,810164390028,"N/A",0810164390028,"N/A","Thermal Imagers",119,3495,-25,26,4,-30,43997.35,13530.81,17,3.9,"EuroOptic (✅ Authorized Dealer ✅ Fastest Shipping)","USA",7,384,"N/A","Large Standard-Size",5.28,12.6,14.72,5.97,"N/A","N/A","10/31/2025",54,5,3,1.52
"https://amazon.com/dp/B07RQ3J27Y","https://m.media-amazon.com/images/I/71NC0C51nUL._SX450_.jpg","B07RQ3J27Y","Seek Thermal Compact-All-Purpose Thermal Imaging Camera for Android USB-C","Seek Thermal","Amazon","Industrial & Scientific",200877,859356006323,00859356006323,0859356006323,"N/A","Thermal Imagers",123,232.74,-9,16,5,-37,5054.45,1103.73,759,3.8,"Amazon","N/A",2,483,-51,"Large Standard-Size",2.01,3.78,7.24,0.53,"N/A","N/A","06/30/2024",83,6,10,0.02
"https://amazon.com/dp/B0793DG1M2","https://m.media-amazon.com/images/I/91TQwjIU6IL._SX450_.jpg","B0793DG1M2","USA Gear Thermal Camera Case - Hard Exterior Thermal Imaging Camera Fits FLIR C5, C3-X, FLIR One Pro, Seek Reveal, Seek XR, and more Infrared Cameras - Wrist Strap, Interior Elastic Strap (Galaxy)","USA Gear","FBM","Industrial & Scientific",202064,637836598199,"N/A",0637836598199,"N/A","Thermal Imagers",124,14.99,-7,12,3,-81,175.27,48.25,349,4.7,"Dharma Electronics","USA",1,413,-14,"Large Standard-Size",1.5,4.3,7,0.2,"N/A","N/A","06/30/2024",99,9,6,0.03
"https://amazon.com/dp/B0FJ2QRQ26","https://m.media-amazon.com/images/I/71vdYpJSXWL._SX450_.jpg","B0FJ2QRQ26","Thermal Imaging Camera Super Resolution 240 x 240, 15-Hour Battery Life, 128 x 128 IR Resolution, 25Hz Infrared Camera, High/Low Temp Alerts, Auto Shutdown, -4°F to 1022°F, Thermal App Image Transfer","MR Bryant XU super","FBA","Industrial & Scientific",202362,"N/A",00850073857397,"N/A","N/A","Thermal Imagers",120,99.95,-33,45,45,41,4748.73,4748.21,19,4.2,"Nobel house for quality life","China",1,0,"N/A","Large Standard-Size",2.76,6.02,9.41,0.77,78.72,217.15,"09/30/2025",9,9,0,2.39
"https://amazon.com/dp/B0756VVSBC","https://m.media-amazon.com/images/I/81XC6v0wO2L._SX450_.jpg","B0756VVSBC","USA Gear Thermal Camera Case - Hard Exterior Thermal Imaging Camera Fits FLIR C5, C3-X, FLIR One Pro, Seek Reveal, Seek XR, and more Infrared Cameras - Wrist Strap, Interior Elastic Strap (Floral)","USA Gear","FBM","Industrial & Scientific",203275,637836596102,"N/A",0637836596102,"N/A","Thermal Imagers",121,14.99,-28,12,2,-81,175.27,35.39,349,4.7,"Dharma Electronics","USA",1,413,-14,"Large Standard-Size",1.3,4.5,6.2,0.15,"N/A","N/A","06/30/2024",104,9,6,0.03
"https://amazon.com/dp/B0F2J23Z1F","https://m.media-amazon.com/images/I/91mbT8D6dsL._SX450_.jpg","B0F2J23Z1F","testo 860i Wireless Thermal Imaging Camera Set for iPhone & Android - Thermal Imager with Carrying Pouch & USB-C Cable - Handheld Infrared Camera 256 x 192 Resolution & -4 to +662 °F Measurement Range","Testo","Amazon","Industrial & Scientific",203414,"N/A","N/A",4029547028557,"N/A","Thermal Imagers",126,389.29,-50,28,18,-27,11461.6,7228.47,11,4.3,"Amazon","N/A",1,377,"N/A","Large Standard-Size",3.5,5.24,9.88,1.59,"N/A","N/A","12/31/2025",12,10,3,2.57
"https://amazon.com/dp/B08Z7HSBZ6","https://m.media-amazon.com/images/I/51Ycr71yowL._SX450_.jpg","B08Z7HSBZ6","HIKMICRO B1L 160 x 120 IR Resolution Thermal Imaging Camera with WiFi, 25Hz Refresh Rate, 3.2"" LCD Screen, Handheld 19200 Pixels Thermal Imager with High Temperature Alarm","HIKMICRO","FBA","Industrial & Scientific",204806,850029170020,"N/A",0850029170020,"N/A","Thermal Imagers",122,299,-28,10,10,-55,2942.74,2942.63,238,4.3,"HIKMICRO Direct","China",1,187,11,"Large Standard-Size",4.53,7.28,12.09,2.05,200.74,553.76,"06/30/2024",61,9,0,0.04
"https://amazon.com/dp/B0B356X9ZD","https://m.media-amazon.com/images/I/51IAPHHepeL._SX450_.jpg","B0B356X9ZD","Klein Tools TI220 Thermal Imager for Android Devices, Thermal Imaging Camera, 10,800 Pixels, Three Color Palettes, High/Low Temperatures","KLEIN TOOLS","FBM","Industrial & Scientific",209923,092644693489,00092644693489,0092644693489,"N/A","Thermal Imagers",128,253.12,-37,10,8,-35,2534.82,2131.33,109,4.2,"Voomi Supply","USA",2,409,-73,"Large Standard-Size",1.69,4.45,6.81,0.2,"N/A","N/A","12/31/2024",47,11,2,0.09
"https://amazon.com/dp/B0G25VYZKJ","https://m.media-amazon.com/images/I/71k1vh4kxqL._SX450_.jpg","B0G25VYZKJ","2 in 1 Thermal Imaging with 20000 Counts Multimeter Function Infrared Camera Pixels ISR256x192 Image Resolution 427x320 3.5 inch LCD -20℃ to 550℃ Temperature Range 15 Color Modes","FIXCHIGO","FBA","Industrial & Scientific",209994,"N/A","N/A","N/A","N/A","Thermal Imagers",128,199.99,"N/A",28,0,-32,3498.14,"-",9,4.7,"FIXCHIGO STORE","China",0,0,"N/A","N/A","N/A","N/A","N/A","N/A","N/A","N/A","11/30/2025",6,8,3,3.15
"https://amazon.com/dp/B0BFZVNH6H","https://m.media-amazon.com/images/I/51PGHOr89aL._SX450_.jpg","B0BFZVNH6H","XICOOLEE Thermal Camera MLX90640-D55 IR Array Thermal Imaging Camera,I2C Interface 32 * 24 Pixel Infrared Array,55 Degree Field of View","xicoolee","FBA","Industrial & Scientific",210353,761228497309,"N/A",0761228497309,"N/A","Thermal Imagers",127,66.5,12,2,2,-89,147.75,147.72,1,5,"Xicoolee","China",2,30,-38,"Large Standard-Size",4.52,2.75,1.57,0.13,9.83,27.1,"02/28/2025",43,7,0,2.24
"https://amazon.com/dp/B07MGZP12J","https://m.media-amazon.com/images/I/719-tTUtcDL._SX450_.jpg","B07MGZP12J","Hti-Xintai Higher Resolution 320 x 240 IR Infrared Thermal Imaging Camera. Model HTI-19 with Improved 300,000 Pixels, Sharp 3.2in Color Display Screen, Battery Included. Lightweight Comfortable Grip.","Hti-Xintai","FBA","Industrial & Scientific",213645,"N/A","N/A",6404600942168,"N/A","Thermal Imagers",128,387.99,-21,10,10,-62,3932.8,3932.59,548,4.2,"XT Instrument","China",1,296,"N/A","Large Standard-Size",4.45,7.4,10.71,2.4,177.56,489.83,"10/31/2024",88,12,0,0.02
"https://amazon.com/dp/B0DBCXRBXL","https://m.media-amazon.com/images/I/61TMac+p1BL._SX450_.jpg","B0DBCXRBXL","BSIDE Thermal Imaging Camera 240×240 Resolution 15 Color Palettes Infrared Thermal Imager -4°F to 1022°F 25Hz Rechargeable Handheld Thermal Camera with Laser Pointer 50°FOV","MAXRIENY","FBA","Industrial & Scientific",213721,"N/A","N/A",6933540317526,"N/A","Thermal Imagers",129,119.99,-46,5,5,-121,556.09,556,47,4.5,"MAXRIENY","China",1,333,"N/A","Large Standard-Size",2.91,4.02,8.98,1.1,52.89,145.9,"02/28/2025",21,9,0,0.1
"https://amazon.com/dp/B0F37KZ86F","https://m.media-amazon.com/images/I/71k1vh4kxqL._SX450_.jpg","B0F37KZ86F","2 in 1 Thermal Imaging with 20000 Counts Multimeter Function Infrared Camera Pixels ISR256x192 Image Resolution 427x320 3.5 inch LCD -20℃ to 550℃ Temperature Range 15 Color Modes","FIXCHIGO","FBA","Industrial & Scientific",214730,"N/A","N/A","N/A","N/A","Thermal Imagers",133,199.99,-37,28,5,-32,3498.14,982.93,9,4.7,"FIXCHIGO STORE","China",1,0,"N/A","Small Standard-Size",0.39,0.39,0.39,0.22,0.03,0.08,"11/30/2025",13,8,3,3.15
"https://amazon.com/dp/B0FT3RK5HL","https://m.media-amazon.com/images/I/61ztuYKJqWL._SX450_.jpg","B0FT3RK5HL","Hcalory T2-G 3.5"" Thermal Camera 512*384 TISR Resolution Handheld Thermal Imager 6-Hour Battery Life with Video Recording and Wireless Connection Supported -4°F~1022°F Infrared Imager with PC Software","HCALORY","FBA","Industrial & Scientific",215285,"N/A","N/A","N/A","N/A","Thermal Imagers",130,219.99,-26,18,18,-8,4060.47,4060.34,14,4.6,"LuneGus","China",1,0,"N/A","Large Standard-Size",3.7,5.79,11.02,1.28,118.86,327.89,"03/31/2026",7,9,0,1.31
"https://amazon.com/dp/B0F3B2ZZS8","https://m.media-amazon.com/images/I/41l4LETf1UL._SX450_.jpg","B0F3B2ZZS8","NAVAC NMT1200 Thermal Imaging Camera - Ultra IR Technology & Thermal Detector - Reduced Noise - Accurate Imaging - 25Hz Refresh - Up to 8-Hour Battery Life -Multiple Color Presets for HVAC Technicians","NAVAC","FBA","Industrial & Scientific",215960,811245034497,"N/A",0811245034497,"N/A","Thermal Imagers",137,447,-29,3,3,-21,1358.72,1358.64,2,5,"NAVIRA.","USA",4,49,"N/A","Large Standard-Size",10.5,6.31,3.81,3,127.09,350.6,"11/30/2025",13,7,0,1.52
"https://amazon.com/dp/B0CBBYPFGT","https://m.media-amazon.com/images/I/81i+IZPwG-L._SX450_.jpg","B0CBBYPFGT","Kanayu 1 Pack Infrared Thermal Imager with 4 Ghost Hunting Cat Ball Portable Equipment Thermal Camera LED Motion Light up Cat Ball Activated Interactive Cat Toy Balls for Ghost Hunting","Kanayu","FBA","Industrial & Scientific",216166,"N/A","N/A","N/A","N/A","Thermal Imagers",131,76.99,-38,6,6,-76,475.19,475.04,58,3.8,"Waeeshy","China",1,313,-45,"Large Standard-Size",1.65,6.02,8.66,0.62,43.31,119.47,"11/30/2024",34,6,0,0.11
"https://amazon.com/dp/B0DG2Y8P5M","https://m.media-amazon.com/images/I/61nEObXdMnL._SX450_.jpg","B0DG2Y8P5M","LAUREII P3 Plus Thermal Imaging Camera 160x120 IR Resolution,High-Precision Temperature Measurement, Metal Body, 3.5 Screen, 50° FOV, Pocket Thermal Camera","LAUREII","FBA","Industrial & Scientific",216561,"N/A","N/A","N/A","N/A","Thermal Imagers",138,132,-47,14,14,1600,1965.39,1965.28,13,4,"Laureii Direct","China",1,116,"N/A","Large Standard-Size",2.83,4.33,6.1,0.86,37.63,103.82,"11/30/2024",20,9,0,1.07
"https://amazon.com/dp/B07GX8XTG5","https://m.media-amazon.com/images/I/61Y+5IDjSbL._SX450_.jpg","B07GX8XTG5","Seek Thermal CompactPRO – High Resolution Thermal Imaging Camera for iOS","Seek Thermal","FBA","Industrial & Scientific",216887,855753005600,00855753005624,0855753005600,"N/A","Thermal Imagers",138,412.47,-6,16,4,-37,5054.45,1805.9,1845,4,"ValueValet","Canada",1,483,-51,"Large Standard-Size",1.89,3.78,7.24,0.55,26.05,71.86,"06/30/2024",116,2,10,0.01
"https://amazon.com/dp/B0FH4KR3XQ","https://m.media-amazon.com/images/I/7183lbQPcxL._SX450_.jpg","B0FH4KR3XQ","Wireless Thermal Imaging Camera, 512×384 Super Resolution, Thermal Imager for Android & iOS Smartphones, 256x192 IR Resolution, Infrared Camera Gadget for Home Inspection, HVAC, Cooking","ANXTECH","FBA","Industrial & Scientific",217188,774501947354,"N/A",0774501947354,"N/A","Thermal Imagers",132,159.99,-43,8,8,-87,2010.59,2010.47,12,3.5,"ANXTECH","China",2,0,"N/A","Large Standard-Size",2.83,3.31,7.24,0.9,34.15,94.19,"11/30/2025",10,9,0,0.69
"https://amazon.com/dp/B0F9NQ39TK","https://m.media-amazon.com/images/I/71mcD-CBjrL._SX450_.jpg","B0F9NQ39TK","Mastfuyi TR10 Thermal Imager, Super Resolution 240×240 Thermal Camera, 25Hz Infrared Camera with Temperature Alarm, -4°F to 1022°F Handheld Infrared Imager, 8-Hour Battery Life Infrared Camera","Mastfuyi","FBA","Industrial & Scientific",217199,"N/A","N/A","N/A","N/A","Thermal Imagers",134,107.1,-39,14,9,41,1483.83,1011.67,59,4.5,"Mastfuyi","China",1,0,"N/A","Large Standard-Size",2.68,4.57,8.58,0.93,52.91,145.95,"01/31/2026",11,10,3,0.23
"https://amazon.com/dp/B003FRMA58","https://m.media-amazon.com/images/I/71wXsOfPWXL._SX450_.jpg","B003FRMA58","FLIR C5 Pocket Thermal Camera with Wi-Fi","Heddon","Amazon","Industrial & Scientific",218270,025436001490,00025436001490,0025436001490,"N/A","Thermal Imagers",136,8.84,-61,35,10,151,319.97,65.7,227,4.4,"Amazon","N/A",1,603,-24,"Small Standard-Size",0.75,1.81,7.44,0.03,"N/A","N/A","05/31/2024",188,3,8,0.15
"https://amazon.com/dp/B0D8Q9YG9F","https://m.media-amazon.com/images/I/61makL8W0DL._SX450_.jpg","B0D8Q9YG9F","MILESEEY TR256E Thermal Imaging Camera,Super Resolution 256 x 192 Thermal Camera,50 Hz Refresh Rate, -4°F to 662°F Handheld Infrared Imager,12-Hour Battery Life Infrared Camera","MiLESEEY","FBA","Industrial & Scientific",219650,"N/A","N/A","N/A","N/A","Thermal Imagers",135,299.99,-46,12,12,105,2446.73,2446.64,108,4.1,"MILESEEY Outdoor","China",1,0,"N/A","Large Standard-Size",4.49,5.04,10.67,1.68,121.5,335.16,"03/31/2026",22,6,2,0.11
"https://amazon.com/dp/B0GVFCRXZJ","https://m.media-amazon.com/images/I/71hNJK2LdlL._SX450_.jpg","B0GVFCRXZJ","FNIRSI TDM-120 Thermal Imaging Camera, 120x90 IR Resolution, 2.8"" Touchscreen Infrared Camera, -4°F to 752°F Temp Range, 25Hz Refresh Rate Handheld Thermal Imager for HVAC, Building & PCB Inspection","FNIRSI","-","Industrial & Scientific",220715,"N/A","N/A","N/A","N/A","Thermal Imagers",136,170.99,"N/A",0,0,,"-","-","N/A","N/A",,"N/A",1,0,"N/A","Large Standard-Size",7.13,5.59,2.01,0.72,"N/A","N/A","-",1,"N/A",0,"N/A"
"https://amazon.com/dp/B0GRGGM8DR","https://m.media-amazon.com/images/I/71zY6yNk22L._SX450_.jpg","B0GRGGM8DR","2025 Upgraded Thermal Imaging Camera for Android & iOS, 512 x 384 Super Resolution with Macro Lens, 25HZ, Professional Grade Infrared Thermal Camera for Industrial, Home, PCB Detection","VEVOR","Amazon","Industrial & Scientific",221889,197988182627,"N/A",0197988182627,"N/A","Thermal Imagers",137,239.9,"N/A",8,1,,1643.45,173.8,96,4.4,"Amazon","N/A",2,0,"N/A","Large Standard-Size",7.09,7.09,2.36,0.37,"N/A","N/A","03/31/2026",2,9,5,0.08
"https://amazon.com/dp/B0GRG7H48P","https://m.media-amazon.com/images/I/71weiziCVML._SX450_.jpg","B0GRG7H48P","VEVOR 2025 Upgraded Thermal Camera for Android,Pro Thermal Imaging Camera with Macro Lens, Infrared Camera with 320 x 240 TISR Super Resolution, 15X Zoom, Thermal Imager for Phone (P2 Pro Android)","VEVOR","Amazon","Industrial & Scientific",221889,197988186090,"N/A",0197988186090,"N/A","Thermal Imagers",137,161.01,"N/A",8,3,,1643.45,568.43,96,4.4,"Amazon","N/A",2,0,"N/A","Large Standard-Size",7.09,7.09,2.36,0.33,"N/A","N/A","03/31/2026",2,9,5,0.08
"https://amazon.com/dp/B0GPW394HS","https://m.media-amazon.com/images/I/418n3KPoPvL._SX450_.jpg","B0GPW394HS","VEVOR Thermal Imaging Camera for Android & iOS, 512 x 384 Super Resolution, 25HZ Refresh Rate Infrared Thermal Imager for Smartphones Tablets, 256 x 192 IR Resolution, -4°F-1022°F & 6 Color Palettes","VEVOR","Amazon","Industrial & Scientific",222071,197988182504,"N/A",0197988182504,"N/A","Thermal Imagers",137,199.9,"N/A",8,1,,1643.45,276.29,96,4.4,"Amazon","N/A",2,0,"N/A","Large Standard-Size",7.09,7.09,2.36,0.37,"N/A","N/A","03/31/2026",2,9,5,0.08
"https://amazon.com/dp/B0FXKJ2Y76","https://m.media-amazon.com/images/I/71u487iuRXL._SX450_.jpg","B0FXKJ2Y76","Thermal Imaging Camera for Android Smartphones, 160 x 120 IR High Resolution, Portable Thermal Imager with Type-C Port, Infrared Test Report, -4°F~1022°F Temperature Range","MOESAPU","FBA","Industrial & Scientific",222842,"N/A","N/A","N/A","N/A","Thermal Imagers",138,89.99,"N/A",1,0,,89.99,"-",1,1,"BAOSHIAN Electronic","China",0,0,"N/A","N/A","N/A","N/A","N/A","N/A","N/A","N/A","12/31/2025",6,7,1,1
"https://amazon.com/dp/B0F93YKVKP","https://m.media-amazon.com/images/I/61lL9fvs+0L._SX450_.jpg","B0F93YKVKP","Elitech Thermal Imaging Camera 256 x 192 IR Resolution, Handheld Infrared Imager for Home Inspection & HVAC, Real-Time Video Recording, <40mK Sensitivity, 25Hz Thermal Leak Detector (-4°F to 752°F)","Elitech","FBA","Industrial & Scientific",225115,"N/A","N/A","N/A","N/A","Thermal Imagers",140,239.99,-13,9,9,-74,2130.12,2130,6,4.9,"Elitech Technology Inc.","USA",1,0,"N/A","Large Standard-Size",4.8,6.22,10.91,1.79,164,452.4,"12/31/2025",11,9,0,1.48
"https://amazon.com/dp/B0DT6H42MY","https://m.media-amazon.com/images/I/51FwcwQFMpL._SX450_.jpg","B0DT6H42MY","Finder S1 Thermal Camera for Android, 192x192 Super Resolution Thermal Imaging Camera,Thermal Imager for Android Phones and Tablets, 96x96 IR Resolution, Carrying Case,USB-C(not for iPhone)","HSFTOOLS","FBA","Industrial & Scientific",225355,860013113742,"N/A",0860013113742,"N/A","Thermal Imagers",144,119.99,-41,11,11,-121,1232.6,1232.38,100,4.2,"HSFTOOLS Direct","Vietnam",1,807,"N/A","Large Standard-Size",2.8,4.8,6.89,0.82,46.62,128.61,"11/30/2025",15,9,0,0.11
"https://amazon.com/dp/B0FM2GCHVD","https://m.media-amazon.com/images/I/71mnMICPBrL._SX450_.jpg","B0FM2GCHVD","Thermal Master Handheld Thermal Imager, 512×384 X³ IR Resolution, 640×480 3.5"" IPS Screen, -4℉ to 1022℉, Infrared Imager with Fusion Imaging, Thermal Imaging Camera with Laser (Thor 001)","Thermal Master","FBA","Industrial & Scientific",227935,"N/A","N/A","N/A","N/A","Thermal Imagers",142,699,"N/A",1,1,,699,698.97,6,3.6,"Thermal Master Authorized","China",1,0,"N/A","Large Standard-Size",6.54,10.55,11.89,4.28,412.79,1138.72,"12/31/2025",8,9,0,0.17
"https://amazon.com/dp/B0FDLVW4G8","https://m.media-amazon.com/images/I/61O9SONApoL._SX450_.jpg","B0FDLVW4G8","Innova 3360 Thermal Camera - Infrared Camera with Heat Vision - Identify Hot/Cold Spots -4° ~ 1112°F - Easy to Use Thermal Imager","Innova","FBA","Industrial & Scientific",228999,042173333608,"N/A",0042173333608,"N/A","Thermal Imagers",142,119.99,-22,8,8,-18,988.83,988.65,41,4.2,"DereksAuto","USA",1,0,"N/A","Large Standard-Size",2.68,5.79,8.66,0.93,67.66,186.64,"07/31/2025",10,8,0,0.2
"https://amazon.com/dp/B0B4PXYRS1","https://m.media-amazon.com/images/I/41HltBLJwML._SX450_.jpg","B0B4PXYRS1","Klein Tools TI222 Thermal Imager for IPhone and all iOS Devices, Thermal Imaging Camera, 10,800 Pixels, Three Color Palettes, High/Low Temperatures","KLEIN TOOLS","FBM","Industrial & Scientific",229225,092644693618,00092644693618,0092644693618,"N/A","Thermal Imagers",146,263.93,-38,10,2,-35,2534.82,403.25,130,4.2,"LNA Enterprises","USA",1,409,-73,"Large Standard-Size",1.65,4.49,6.73,0.2,"N/A","N/A","12/31/2024",46,11,2,0.08
"https://amazon.com/dp/B0DJ6RSRQ6","https://m.media-amazon.com/images/I/61mtqes4XzL._SX450_.jpg","B0DJ6RSRQ6","Thermal Monocular for Android, MILESEEY TNV30i Night Vision Thermal Scope, 512×384 Super Resolution 50Hz Thermal Imaging Camera, 1600-Yard Range Thermal Goggles, Building Detection, 10-15mm Lens","MiLESEEY","FBA","Industrial & Scientific",230095,"N/A","N/A","N/A","N/A","Thermal Imagers",143,159.99,-30,3,3,,576.95,576.9,20,3.3,"MILESEEY Outdoor","China",1,48,"N/A","Large Standard-Size",2.4,6.97,9.37,1.5,78.91,217.7,"11/30/2024",19,8,0,0.17
"https://amazon.com/dp/B0F5WMLZM5","https://m.media-amazon.com/images/I/81M8Ljx+UUL._SX450_.jpg","B0F5WMLZM5","BSIDE Thermal Imaging Camera Multimeter 320×320 Resolution with 20000 Words Tester 3.98'' TFT Touchscreen 25Hz Infrared Thermal Camera (-20-550℃) 15 Thermal Palettes True RMS Auto-Ranging Multimeter","MAXRIENY","FBA","Industrial & Scientific",231074,"N/A","N/A",6933540318011,"N/A","Thermal Imagers",147,179.99,-43,5,5,-97,881.16,881.09,17,4,"MAXRIENY","China",1,0,"N/A","Large Standard-Size",1.89,5.12,8.74,1.08,42.56,117.41,"08/31/2025",12,9,0,0.29